ID,filename,session,trial,visStimLeft,visStimRight,correctKey,leftCorrect,rightCorrect,secondStim,mod2Type,mod2Stim,frequency,rewardAccurate,stimPairLeft,stimPairRight,pCorrectLeft,pCorrectRight,key,reactionTime,choiceLeft,choiceRight,choiceAccurate,reward,chosenPair,otherPair,triplet,surprise,0A belief,1A belief,2A belief,3A belief,0B belief,1B belief,2B belief,3B belief,0C belief,1C belief,2C belief,3C belief,0D belief,1D belief,2D belief,3D belief,beliefPairNorm,beliefOtherPairNorm,beliefPair,beliefOtherPair,lik,corrLik,rewardPE,update2,rewardPEOP,update2OP,fit_percModel,fit_respModel,fit_startBelief,fit_alpha1,fit_alpha2,fit_nonDecisionTime,fit_weight,fit_startingBoundary,fit_startingPoint,fit_NLL
CBC_1016,CBC_1016_MSI_TV_v3_Vset2_Tset3_2023-06-25_14h56.17.212.csv,1,1,0,1,z,0,1,1,tac,B,63,1,0B,1B,0,1,z,2.33870570000363,0,1,1,1,1B,0B,B01,2.77258872223978,0.5,0.5,0.5,0.5,0.5,0.5,0.5,0.5,0.5,0.5,0.5,0.5,0.5,0.5,0.5,0.5,0.5,0.5,0.5,0.5,0.174155723745006,0.499661826046823,0.5,0.02765923606598,0.5,-0.0111567527792425,CBCbothPairsRW,CBCdriftDiffusionLR,0.5,0.05531847213196,0.022313505558485,1.00350406309672,3.28667764875051,2.43182915188029,0.5,72.5441925889912
CBC_1016,CBC_1016_MSI_TV_v3_Vset2_Tset3_2023-06-25_14h56.17.212.csv,1,2,0,1,b,1,0,2,tac,A,63,1,0A,1A,1,0,b,2.20432540000184,1,0,1,1,0A,1A,A01,2.83321334405622,0.5,0.5,0.5,0.5,0.488843247220758,0.52765923606598,0.5,0.5,0.5,0.5,0.5,0.5,0.5,0.5,0.5,0.5,0.5,0.5,0.5,0.5,0.19508308091355,0.500626031317379,0.5,0.02765923606598,0.5,-0.0111567527792425,CBCbothPairsRW,CBCdriftDiffusionLR,0.5,0.05531847213196,0.022313505558485,1.00350406309672,3.28667764875051,2.43182915188029,0.5,72.5441925889912
CBC_1016,CBC_1016_MSI_TV_v3_Vset2_Tset3_2023-06-25_14h56.17.212.csv,1,3,2,3,z,0,1,0,tac,D,63,1,2D,3D,0,1,z,1.62433350000356,0,1,1,1,3D,2D,D23,2.89037175789616,0.52765923606598,0.488843247220758,0.5,0.5,0.488843247220758,0.52765923606598,0.5,0.5,0.5,0.5,0.5,0.5,0.5,0.5,0.5,0.5,0.5,0.5,0.5,0.5,0.301706300582247,0.500507790162479,0.5,0.02765923606598,0.5,-0.0111567527792425,CBCbothPairsRW,CBCdriftDiffusionLR,0.5,0.05531847213196,0.022313505558485,1.00350406309672,3.28667764875051,2.43182915188029,0.5,72.5441925889912
CBC_1016,CBC_1016_MSI_TV_v3_Vset2_Tset3_2023-06-25_14h56.17.212.csv,1,4,2,1,z,0,1,1,tac,B,9,1,2B,1B,0,1,z,2.25795560000188,0,1,1,1,1B,2B,B21,2.94443897916644,0.52765923606598,0.488843247220758,0.5,0.5,0.488843247220758,0.52765923606598,0.5,0.5,0.5,0.5,0.5,0.5,0.5,0.5,0.488843247220758,0.52765923606598,0.51345739672027,0.48654260327973,0.52765923606598,0.5,0.20679705674593,0.554316825101733,0.47234076393402,0.0261291693864728,0.5,-0.0111567527792425,CBCbothPairsRW,CBCdriftDiffusionLR,0.5,0.05531847213196,0.022313505558485,1.00350406309672,3.28667764875051,2.43182915188029,0.5,72.5441925889912
CBC_1016,CBC_1016_MSI_TV_v3_Vset2_Tset3_2023-06-25_14h56.17.212.csv,1,5,0,2,b,1,0,2,tac,A,27,1,0A,2A,1,0,b,1.72340210000402,1,0,1,1,0A,2A,A02,2.99573227355399,0.52765923606598,0.488843247220758,0.5,0.5,0.488843247220758,0.553788405452453,0.488843247220758,0.5,0.5,0.5,0.5,0.5,0.5,0.5,0.488843247220758,0.52765923606598,0.51345739672027,0.48654260327973,0.52765923606598,0.5,0.3158010960083,0.55396230412742,0.47234076393402,0.0261291693864728,0.5,-0.0111567527792425,CBCbothPairsRW,CBCdriftDiffusionLR,0.5,0.05531847213196,0.022313505558485,1.00350406309672,3.28667764875051,2.43182915188029,0.5,72.5441925889912
CBC_1016,CBC_1016_MSI_TV_v3_Vset2_Tset3_2023-06-25_14h56.17.212.csv,1,6,2,3,b,1,0,3,tac,C,63,1,2C,3C,1,0,z,2.63511769999968,0,1,0,0,3C,2C,C23,3.04452243772342,0.553788405452453,0.488843247220758,0.488843247220758,0.5,0.488843247220758,0.553788405452453,0.488843247220758,0.5,0.5,0.5,0.5,0.5,0.5,0.5,0.488843247220758,0.52765923606598,0.5,0.5,0.5,0.5,0.136259828279267,0.500466247883476,-0.5,-0.02765923606598,-0.5,0.0111567527792425,CBCbothPairsRW,CBCdriftDiffusionLR,0.5,0.05531847213196,0.022313505558485,1.00350406309672,3.28667764875051,2.43182915188029,0.5,72.5441925889912
CBC_1016,CBC_1016_MSI_TV_v3_Vset2_Tset3_2023-06-25_14h56.17.212.csv,1,7,1,3,z,0,1,0,tac,D,27,1,1D,3D,0,1,z,2.30741640000269,0,1,1,1,3D,1D,D13,3.09104245335832,0.553788405452453,0.488843247220758,0.488843247220758,0.5,0.488843247220758,0.553788405452453,0.488843247220758,0.5,0.5,0.5,0.511156752779242,0.47234076393402,0.5,0.5,0.488843247220758,0.52765923606598,0.51345739672027,0.48654260327973,0.52765923606598,0.5,0.1976047690461,0.552029207131118,0.47234076393402,0.0261291693864728,0.5,-0.0111567527792425,CBCbothPairsRW,CBCdriftDiffusionLR,0.5,0.05531847213196,0.022313505558485,1.00350406309672,3.28667764875051,2.43182915188029,0.5,72.5441925889912
CBC_1016,CBC_1016_MSI_TV_v3_Vset2_Tset3_2023-06-25_14h56.17.212.csv,1,8,1,0,z,0,1,2,tac,A,63,1,1A,0A,0,1,b,2.29211830000349,1,0,0,0,1A,0A,A10,3.13549421592915,0.553788405452453,0.488843247220758,0.488843247220758,0.5,0.488843247220758,0.553788405452453,0.488843247220758,0.5,0.5,0.5,0.511156752779242,0.47234076393402,0.5,0.488843247220758,0.488843247220758,0.553788405452453,0.468855176195168,0.531144823804832,0.488843247220758,0.553788405452453,0.137505355067688,0.378137797904854,-0.488843247220758,-0.0270420615482783,-0.446211594547547,0.00995654489519715,CBCbothPairsRW,CBCdriftDiffusionLR,0.5,0.05531847213196,0.022313505558485,1.00350406309672,3.28667764875051,2.43182915188029,0.5,72.5441925889912
CBC_1016,CBC_1016_MSI_TV_v3_Vset2_Tset3_2023-06-25_14h56.17.212.csv,1,9,2,0,b,1,0,3,tac,C,27,1,2C,0C,1,0,b,2.61927950000245,1,0,1,1,2C,0C,C20,3.17805383034795,0.56374495034765,0.461801185672479,0.488843247220758,0.5,0.488843247220758,0.553788405452453,0.488843247220758,0.5,0.5,0.5,0.511156752779242,0.47234076393402,0.5,0.488843247220758,0.488843247220758,0.553788405452453,0.505516826520012,0.494483173479988,0.511156752779242,0.5,0.144159084089171,0.522580545599076,0.488843247220758,0.0270420615482783,0.5,-0.0111567527792425,CBCbothPairsRW,CBCdriftDiffusionLR,0.5,0.05531847213196,0.022313505558485,1.00350406309672,3.28667764875051,2.43182915188029,0.5,72.5441925889912
CBC_1016,CBC_1016_MSI_TV_v3_Vset2_Tset3_2023-06-25_14h56.17.212.csv,1,10,2,3,z,0,1,0,tac,D,63,1,2D,3D,0,1,z,2.3202005000021,0,1,1,1,3D,2D,D23,2.52572864430826,0.56374495034765,0.461801185672479,0.488843247220758,0.5,0.488843247220758,0.553788405452453,0.488843247220758,0.5,0.488843247220758,0.5,0.538198814327521,0.47234076393402,0.5,0.488843247220758,0.488843247220758,0.553788405452453,0.531144823804832,0.468855176195168,0.553788405452453,0.488843247220758,0.22095412454597,0.622320919888909,0.446211594547547,0.0246837436579359,0.488843247220758,-0.0109078065140882,CBCbothPairsRW,CBCdriftDiffusionLR,0.5,0.05531847213196,0.022313505558485,1.00350406309672,3.28667764875051,2.43182915188029,0.5,72.5441925889912
CBC_1016,CBC_1016_MSI_TV_v3_Vset2_Tset3_2023-06-25_14h56.17.212.csv,1,11,1,0,b,1,0,1,tac,B,63,1,1B,0B,1,0,z,2.50163420000172,0,1,0,0,0B,1B,B10,3.25809653802148,0.56374495034765,0.461801185672479,0.488843247220758,0.5,0.488843247220758,0.553788405452453,0.488843247220758,0.5,0.488843247220758,0.5,0.538198814327521,0.47234076393402,0.5,0.488843247220758,0.477935440706669,0.578472149110389,0.468855176195168,0.531144823804832,0.488843247220758,0.553788405452453,0.115221519360588,0.378887607480146,-0.488843247220758,-0.0270420615482783,-0.446211594547547,0.00995654489519715,CBCbothPairsRW,CBCdriftDiffusionLR,0.5,0.05531847213196,0.022313505558485,1.00350406309672,3.28667764875051,2.43182915188029,0.5,72.5441925889912
CBC_1016,CBC_1016_MSI_TV_v3_Vset2_Tset3_2023-06-25_14h56.17.212.csv,1,12,0,1,b,1,0,2,tac,A,63,1,0A,1A,1,0,z,2.69494510000368,0,1,0,0,1A,0A,A01,2.60268968544438,0.56374495034765,0.461801185672479,0.488843247220758,0.5,0.461801185672479,0.56374495034765,0.488843247220758,0.5,0.488843247220758,0.5,0.538198814327521,0.47234076393402,0.5,0.488843247220758,0.477935440706669,0.578472149110389,0.450297816405029,0.549702183594971,0.461801185672479,0.56374495034765,0.0797545430322447,0.312014467969656,-0.461801185672479,-0.0255461360201291,-0.43625504965235,0.00973437947533486,CBCbothPairsRW,CBCdriftDiffusionLR,0.5,0.05531847213196,0.022313505558485,1.00350406309672,3.28667764875051,2.43182915188029,0.5,72.5441925889912
CBC_1016,CBC_1016_MSI_TV_v3_Vset2_Tset3_2023-06-25_14h56.17.212.csv,1,13,2,3,z,0,1,0,tac,D,63,1,2D,3D,0,1,b,2.34718440000142,1,0,0,0,2D,3D,D23,2.23359222150709,0.573479329822985,0.43625504965235,0.488843247220758,0.5,0.461801185672479,0.56374495034765,0.488843247220758,0.5,0.488843247220758,0.5,0.538198814327521,0.47234076393402,0.5,0.488843247220758,0.477935440706669,0.578472149110389,0.452415758191812,0.547584241808188,0.477935440706669,0.578472149110389,0.110541158209783,0.317818860033564,-0.477935440706669,-0.0264386583576079,-0.421527850889611,0.00940576404388157,CBCbothPairsRW,CBCdriftDiffusionLR,0.5,0.05531847213196,0.022313505558485,1.00350406309672,3.28667764875051,2.43182915188029,0.5,72.5441925889912
CBC_1016,CBC_1016_MSI_TV_v3_Vset2_Tset3_2023-06-25_14h56.17.212.csv,1,14,2,0,b,1,0,3,tac,C,27,1,2C,0C,1,0,b,2.93021090000548,1,0,1,1,2C,0C,C20,2.67414864942653,0.573479329822985,0.43625504965235,0.488843247220758,0.5,0.461801185672479,0.56374495034765,0.488843247220758,0.5,0.488843247220758,0.5,0.538198814327521,0.47234076393402,0.5,0.488843247220758,0.451496782349061,0.58787791315427,0.524028016453561,0.475971983546439,0.538198814327521,0.488843247220758,0.125717804879669,0.593953408243778,0.461801185672479,0.0255461360201291,0.488843247220758,-0.0109078065140882,CBCbothPairsRW,CBCdriftDiffusionLR,0.5,0.05531847213196,0.022313505558485,1.00350406309672,3.28667764875051,2.43182915188029,0.5,72.5441925889912
CBC_1016,CBC_1016_MSI_TV_v3_Vset2_Tset3_2023-06-25_14h56.17.212.csv,1,15,0,1,b,1,0,2,tac,A,63,1,0A,1A,1,0,z,2.24476640000285,0,1,0,0,1A,0A,A01,2.30258509299405,0.573479329822985,0.43625504965235,0.488843247220758,0.5,0.461801185672479,0.56374495034765,0.488843247220758,0.5,0.477935440706669,0.5,0.56374495034765,0.47234076393402,0.5,0.488843247220758,0.451496782349061,0.58787791315427,0.43204931764236,0.56795068235764,0.43625504965235,0.573479329822985,0.0965919121711837,0.252011212127974,-0.43625504965235,-0.0241329628066203,-0.426520670177015,0.00951717134480357,CBCbothPairsRW,CBCdriftDiffusionLR,0.5,0.05531847213196,0.022313505558485,1.00350406309672,3.28667764875051,2.43182915188029,0.5,72.5441925889912
CBC_1016,CBC_1016_MSI_TV_v3_Vset2_Tset3_2023-06-25_14h56.17.212.csv,1,16,1,3,b,1,0,1,tac,B,27,1,1B,3B,1,0,z,2.67382310000175,0,1,0,0,3B,1B,B13,3.43398720448515,0.582996501167788,0.41212208684573,0.488843247220758,0.5,0.461801185672479,0.56374495034765,0.488843247220758,0.5,0.477935440706669,0.5,0.56374495034765,0.47234076393402,0.5,0.488843247220758,0.451496782349061,0.58787791315427,0.470037483925627,0.529962516074373,0.5,0.56374495034765,0.100433157774217,0.382506248437364,-0.5,-0.02765923606598,-0.43625504965235,0.00973437947533486,CBCbothPairsRW,CBCdriftDiffusionLR,0.5,0.05531847213196,0.022313505558485,1.00350406309672,3.28667764875051,2.43182915188029,0.5,72.5441925889912
CBC_1016,CBC_1016_MSI_TV_v3_Vset2_Tset3_2023-06-25_14h56.17.212.csv,1,17,3,2,z,0,1,3,tac,C,63,1,3C,2C,0,1,z,1.78840320000381,0,1,1,1,2C,3C,C32,3.46573590279973,0.582996501167788,0.41212208684573,0.488843247220758,0.5,0.461801185672479,0.573479329822985,0.488843247220758,0.47234076393402,0.477935440706669,0.5,0.56374495034765,0.47234076393402,0.5,0.488843247220758,0.451496782349061,0.58787791315427,0.544110340077897,0.455889659922103,0.56374495034765,0.47234076393402,0.373416702608394,0.668738367517128,0.43625504965235,0.0241329628066203,0.47234076393402,-0.0105395782615408,CBCbothPairsRW,CBCdriftDiffusionLR,0.5,0.05531847213196,0.022313505558485,1.00350406309672,3.28667764875051,2.43182915188029,0.5,72.5441925889912
CBC_1016,CBC_1016_MSI_TV_v3_Vset2_Tset3_2023-06-25_14h56.17.212.csv,1,18,2,3,z,0,1,0,tac,D,63,0,2D,3D,1,0,z,2.29047910000372,0,1,1,0,3D,2D,D23,2.11021320034659,0.582996501167788,0.41212208684573,0.488843247220758,0.5,0.461801185672479,0.573479329822985,0.488843247220758,0.47234076393402,0.477935440706669,0.5,0.58787791315427,0.461801185672479,0.5,0.488843247220758,0.451496782349061,0.58787791315427,0.56560729802026,0.43439270197974,0.58787791315427,0.451496782349061,0.271886205844537,0.740514732900443,-0.58787791315427,-0.0325205079558193,-0.548503217650939,0.0122390295959011,CBCbothPairsRW,CBCdriftDiffusionLR,0.5,0.05531847213196,0.022313505558485,1.00350406309672,3.28667764875051,2.43182915188029,0.5,72.5441925889912
CBC_1016,CBC_1016_MSI_TV_v3_Vset2_Tset3_2023-06-25_14h56.17.212.csv,1,19,1,0,b,1,0,1,tac,B,63,1,1B,0B,1,0,b,3.27940730000046,1,0,1,1,1B,0B,B10,2.83321334405622,0.582996501167788,0.41212208684573,0.488843247220758,0.5,0.461801185672479,0.573479329822985,0.488843247220758,0.47234076393402,0.477935440706669,0.5,0.58787791315427,0.461801185672479,0.5,0.488843247220758,0.463735811944962,0.555357405198451,0.553936175982728,0.446063824017272,0.573479329822985,0.461801185672479,0.106117528916379,0.703664466161502,0.426520670177015,0.0235944718068921,0.461801185672479,-0.0103044033234178,CBCbothPairsRW,CBCdriftDiffusionLR,0.5,0.05531847213196,0.022313505558485,1.00350406309672,3.28667764875051,2.43182915188029,0.5,72.5441925889912
CBC_1016,CBC_1016_MSI_TV_v3_Vset2_Tset3_2023-06-25_14h56.17.212.csv,1,20,2,0,z,0,1,2,tac,A,27,1,2A,0A,0,1,z,2.73082460000296,0,1,1,1,0A,2A,A20,3.55534806148941,0.582996501167788,0.41212208684573,0.488843247220758,0.5,0.451496782349061,0.597073801629877,0.488843247220758,0.47234076393402,0.477935440706669,0.5,0.58787791315427,0.461801185672479,0.5,0.488843247220758,0.463735811944962,0.555357405198451,0.543921329699046,0.456078670300954,0.582996501167788,0.488843247220758,0.166013187993535,0.668062500983068,0.417003498832212,0.0230679964290795,0.488843247220758,-0.0109078065140882,CBCbothPairsRW,CBCdriftDiffusionLR,0.5,0.05531847213196,0.022313505558485,1.00350406309672,3.28667764875051,2.43182915188029,0.5,72.5441925889912
CBC_1016,CBC_1016_MSI_TV_v3_Vset2_Tset3_2023-06-25_14h56.17.212.csv,1,21,0,3,z,0,1,0,tac,D,9,1,0D,3D,0,1,z,3.18649170000208,0,1,1,1,3D,0D,D03,3.58351893845611,0.606064497596868,0.41212208684573,0.477935440706669,0.5,0.451496782349061,0.597073801629877,0.488843247220758,0.47234076393402,0.477935440706669,0.5,0.58787791315427,0.461801185672479,0.5,0.488843247220758,0.463735811944962,0.555357405198451,0.526226852119373,0.473773147880626,0.555357405198451,0.5,0.102633322490665,0.603574791363656,0.444642594801549,0.0245969489892118,0.5,-0.0111567527792425,CBCbothPairsRW,CBCdriftDiffusionLR,0.5,0.05531847213196,0.022313505558485,1.00350406309672,3.28667764875051,2.43182915188029,0.5,72.5441925889912
CBC_1016,CBC_1016_MSI_TV_v3_Vset2_Tset3_2023-06-25_14h56.17.212.csv,1,22,2,3,b,1,0,3,tac,C,63,1,2C,3C,1,0,b,1.36447970000518,1,0,1,1,2C,3C,C23,2.91777073208428,0.606064497596868,0.41212208684573,0.477935440706669,0.5,0.451496782349061,0.597073801629877,0.488843247220758,0.47234076393402,0.477935440706669,0.5,0.58787791315427,0.461801185672479,0.488843247220758,0.488843247220758,0.463735811944962,0.579954354187663,0.560054890881751,0.439945109118249,0.58787791315427,0.461801185672479,0.453950093491067,0.723681536267316,0.41212208684573,0.0227979641761407,0.461801185672479,-0.0103044033234178,CBCbothPairsRW,CBCdriftDiffusionLR,0.5,0.05531847213196,0.022313505558485,1.00350406309672,3.28667764875051,2.43182915188029,0.5,72.5441925889912
CBC_1016,CBC_1016_MSI_TV_v3_Vset2_Tset3_2023-06-25_14h56.17.212.csv,1,23,3,1,z,0,1,1,tac,B,27,1,3B,1B,0,1,z,2.98785760000101,0,1,1,1,1B,3B,B31,3.63758615972639,0.606064497596868,0.41212208684573,0.477935440706669,0.5,0.451496782349061,0.597073801629877,0.488843247220758,0.47234076393402,0.477935440706669,0.5,0.610675877330411,0.451496782349061,0.488843247220758,0.488843247220758,0.463735811944962,0.579954354187663,0.558318374235947,0.441681625764053,0.597073801629877,0.47234076393402,0.139726036846004,0.717567001366242,0.402926198370123,0.0222892616757742,0.47234076393402,-0.0105395782615408,CBCbothPairsRW,CBCdriftDiffusionLR,0.5,0.05531847213196,0.022313505558485,1.00350406309672,3.28667764875051,2.43182915188029,0.5,72.5441925889912
CBC_1016,CBC_1016_MSI_TV_v3_Vset2_Tset3_2023-06-25_14h56.17.212.csv,1,24,3,2,z,0,1,3,tac,C,63,1,3C,2C,0,1,z,1.84730630000558,0,1,1,1,2C,3C,C32,2.9704144655697,0.606064497596868,0.41212208684573,0.477935440706669,0.5,0.451496782349061,0.619363063305651,0.488843247220758,0.461801185672479,0.477935440706669,0.5,0.610675877330411,0.451496782349061,0.488843247220758,0.488843247220758,0.463735811944962,0.579954354187663,0.574930894488182,0.425069105511818,0.610675877330411,0.451496782349061,0.427044529057424,0.768162785352744,0.389324122669589,0.0215368156301974,0.451496782349061,-0.0100744759625839,CBCbothPairsRW,CBCdriftDiffusionLR,0.5,0.05531847213196,0.022313505558485,1.00350406309672,3.28667764875051,2.43182915188029,0.5,72.5441925889912
CBC_1016,CBC_1016_MSI_TV_v3_Vset2_Tset3_2023-06-25_14h56.17.212.csv,1,25,2,3,z,0,1,0,tac,D,63,1,2D,3D,0,1,z,2.09773660000428,0,1,1,1,3D,2D,D23,2.07944154167984,0.606064497596868,0.41212208684573,0.477935440706669,0.5,0.451496782349061,0.619363063305651,0.488843247220758,0.461801185672479,0.477935440706669,0.5,0.632212692960608,0.441422306386478,0.488843247220758,0.488843247220758,0.463735811944962,0.579954354187663,0.555676744887492,0.444323255112508,0.579954354187663,0.463735811944962,0.308240539242001,0.708319467434441,0.420045645812337,0.0232362833520209,0.463735811944962,-0.0103475716175025,CBCbothPairsRW,CBCdriftDiffusionLR,0.5,0.05531847213196,0.022313505558485,1.00350406309672,3.28667764875051,2.43182915188029,0.5,72.5441925889912
CBC_1016,CBC_1016_MSI_TV_v3_Vset2_Tset3_2023-06-25_14h56.17.212.csv,1,26,1,0,b,1,0,1,tac,B,63,1,1B,0B,1,0,b,2.75469850000081,1,0,1,1,1B,0B,B10,2.6149597780362,0.606064497596868,0.41212208684573,0.477935440706669,0.5,0.451496782349061,0.619363063305651,0.488843247220758,0.461801185672479,0.477935440706669,0.5,0.632212692960608,0.441422306386478,0.488843247220758,0.488843247220758,0.45338824032746,0.603190637539684,0.578379202300726,0.421620797699274,0.619363063305651,0.451496782349061,0.182735943836515,0.77798062398728,0.380636936694349,0.0210562537749209,0.451496782349061,-0.0100744759625839,CBCbothPairsRW,CBCdriftDiffusionLR,0.5,0.05531847213196,0.022313505558485,1.00350406309672,3.28667764875051,2.43182915188029,0.5,72.5441925889912
CBC_1016,CBC_1016_MSI_TV_v3_Vset2_Tset3_2023-06-25_14h56.17.212.csv,1,27,0,3,b,1,0,2,tac,A,9,1,0A,3A,1,0,b,3.30740410000362,1,0,1,1,0A,3A,A03,3.73766961828337,0.606064497596868,0.41212208684573,0.477935440706669,0.5,0.441422306386478,0.640419317080572,0.488843247220758,0.461801185672479,0.477935440706669,0.5,0.632212692960608,0.441422306386478,0.488843247220758,0.488843247220758,0.45338824032746,0.603190637539684,0.547946795972257,0.452053204027743,0.606064497596868,0.5,0.101659804118402,0.682905971402311,0.393935502403132,0.0217919101114773,0.5,-0.0111567527792425,CBCbothPairsRW,CBCdriftDiffusionLR,0.5,0.05531847213196,0.022313505558485,1.00350406309672,3.28667764875051,2.43182915188029,0.5,72.5441925889912
CBC_1016,CBC_1016_MSI_TV_v3_Vset2_Tset3_2023-06-25_14h56.17.212.csv,1,28,2,3,z,0,1,0,tac,D,63,1,2D,3D,0,1,z,1.82640270000411,0,1,1,1,3D,2D,D23,1.96944064646551,0.627856407708345,0.41212208684573,0.477935440706669,0.488843247220758,0.441422306386478,0.640419317080572,0.488843247220758,0.461801185672479,0.477935440706669,0.5,0.632212692960608,0.441422306386478,0.488843247220758,0.488843247220758,0.45338824032746,0.603190637539684,0.570890304713748,0.429109695286252,0.603190637539684,0.45338824032746,0.425815065342948,0.756774531346786,0.396809362460316,0.0219508876589618,0.45338824032746,-0.0101166810206985,CBCbothPairsRW,CBCdriftDiffusionLR,0.5,0.05531847213196,0.022313505558485,1.00350406309672,3.28667764875051,2.43182915188029,0.5,72.5441925889912
CBC_1016,CBC_1016_MSI_TV_v3_Vset2_Tset3_2023-06-25_14h56.17.212.csv,1,29,2,0,b,1,0,3,tac,C,27,1,2C,0C,1,0,b,2.00218970000424,1,0,1,1,2C,0C,C20,2.68557734525015,0.627856407708345,0.41212208684573,0.477935440706669,0.488843247220758,0.441422306386478,0.640419317080572,0.488843247220758,0.461801185672479,0.477935440706669,0.5,0.632212692960608,0.441422306386478,0.488843247220758,0.488843247220758,0.443271559306761,0.625141525198646,0.569484984739963,0.430515015260037,0.632212692960608,0.477935440706669,0.361368859375432,0.752678050269957,0.367787307039392,0.0203454318949472,0.477935440706669,-0.0106644151128052,CBCbothPairsRW,CBCdriftDiffusionLR,0.5,0.05531847213196,0.022313505558485,1.00350406309672,3.28667764875051,2.43182915188029,0.5,72.5441925889912
CBC_1016,CBC_1016_MSI_TV_v3_Vset2_Tset3_2023-06-25_14h56.17.212.csv,1,30,1,0,z,0,1,2,tac,A,63,1,1A,0A,0,1,b,1.58426370000234,1,0,0,0,1A,0A,A10,3.11351530921037,0.627856407708345,0.41212208684573,0.477935440706669,0.488843247220758,0.441422306386478,0.640419317080572,0.488843247220758,0.461801185672479,0.467271025593864,0.5,0.652558124855555,0.441422306386478,0.488843247220758,0.488843247220758,0.443271559306761,0.625141525198646,0.396279431741943,0.603720568258057,0.41212208684573,0.627856407708345,0.11691028764556,0.159811135012361,-0.41212208684573,-0.0227979641761407,-0.372143592291655,0.00830382811515441,CBCbothPairsRW,CBCdriftDiffusionLR,0.5,0.05531847213196,0.022313505558485,1.00350406309672,3.28667764875051,2.43182915188029,0.5,72.5441925889912
CBC_1016,CBC_1016_MSI_TV_v3_Vset2_Tset3_2023-06-25_14h56.17.212.csv,1,31,1,0,b,1,0,1,tac,B,63,1,1B,0B,1,0,b,1.89512440000544,1,0,1,1,1B,0B,B10,2.4423470353692,0.6361602358235,0.389324122669589,0.477935440706669,0.488843247220758,0.441422306386478,0.640419317080572,0.488843247220758,0.461801185672479,0.467271025593864,0.5,0.652558124855555,0.441422306386478,0.488843247220758,0.488843247220758,0.443271559306761,0.625141525198646,0.591971415398289,0.408028584601711,0.640419317080572,0.441422306386478,0.443485966956687,0.812629787631598,0.359580682919428,0.0198914539872695,0.441422306386478,-0.00984967908719393,CBCbothPairsRW,CBCdriftDiffusionLR,0.5,0.05531847213196,0.022313505558485,1.00350406309672,3.28667764875051,2.43182915188029,0.5,72.5441925889912
CBC_1016,CBC_1016_MSI_TV_v3_Vset2_Tset3_2023-06-25_14h56.17.212.csv,1,32,3,1,b,1,0,0,tac,D,27,1,3D,1D,1,0,b,1.84570010000243,1,0,1,1,3D,1D,D31,3.85014760171006,0.6361602358235,0.389324122669589,0.477935440706669,0.488843247220758,0.431572627299284,0.660310771067842,0.488843247220758,0.461801185672479,0.467271025593864,0.5,0.652558124855555,0.441422306386478,0.488843247220758,0.488843247220758,0.443271559306761,0.625141525198646,0.561176005881063,0.438823994118937,0.625141525198646,0.488843247220758,0.396470550035066,0.726819290849523,0.374858474801354,0.0207365980917277,0.488843247220758,-0.0109078065140882,CBCbothPairsRW,CBCdriftDiffusionLR,0.5,0.05531847213196,0.022313505558485,1.00350406309672,3.28667764875051,2.43182915188029,0.5,72.5441925889912
CBC_1016,CBC_1016_MSI_TV_v3_Vset2_Tset3_2023-06-25_14h56.17.212.csv,1,33,3,2,z,0,1,3,tac,C,63,1,3C,2C,0,1,z,2.17410230000314,0,1,1,1,2C,3C,C32,2.77258872223978,0.6361602358235,0.389324122669589,0.477935440706669,0.488843247220758,0.431572627299284,0.660310771067842,0.488843247220758,0.461801185672479,0.467271025593864,0.5,0.652558124855555,0.441422306386478,0.488843247220758,0.477935440706669,0.443271559306761,0.645878123290373,0.596498900912409,0.403501099087591,0.652558124855555,0.441422306386478,0.3416026217312,0.824357661592302,0.347441875144445,0.0192199536876539,0.441422306386478,-0.00984967908719393,CBCbothPairsRW,CBCdriftDiffusionLR,0.5,0.05531847213196,0.022313505558485,1.00350406309672,3.28667764875051,2.43182915188029,0.5,72.5441925889912
CBC_1016,CBC_1016_MSI_TV_v3_Vset2_Tset3_2023-06-25_14h56.17.212.csv,1,34,1,0,b,1,0,1,tac,B,63,1,1B,0B,1,0,b,2.39900370000032,1,0,1,1,1B,0B,B10,2.28238238567653,0.6361602358235,0.389324122669589,0.477935440706669,0.488843247220758,0.431572627299284,0.660310771067842,0.488843247220758,0.461801185672479,0.467271025593864,0.5,0.671778078543209,0.431572627299284,0.488843247220758,0.477935440706669,0.443271559306761,0.645878123290373,0.604744766753771,0.395255233246229,0.660310771067842,0.431572627299284,0.275061633893111,0.842340128922709,0.339689228932158,0.0187910891442106,0.431572627299284,-0.00962989821813254,CBCbothPairsRW,CBCdriftDiffusionLR,0.5,0.05531847213196,0.022313505558485,1.00350406309672,3.28667764875051,2.43182915188029,0.5,72.5441925889912
CBC_1016,CBC_1016_MSI_TV_v3_Vset2_Tset3_2023-06-25_14h56.17.212.csv,1,35,0,1,b,1,0,2,tac,A,63,1,0A,1A,1,0,b,2.73963930000173,1,0,1,1,0A,1A,A01,2.52572864430826,0.6361602358235,0.389324122669589,0.477935440706669,0.488843247220758,0.421942729081151,0.679101860212052,0.488843247220758,0.461801185672479,0.467271025593864,0.5,0.671778078543209,0.431572627299284,0.488843247220758,0.477935440706669,0.443271559306761,0.645878123290373,0.620350988832549,0.379649011167451,0.6361602358235,0.389324122669589,0.18963326509331,0.872543406464332,0.3638397641765,0.0201270598550966,0.389324122669589,-0.00868718597524017,CBCbothPairsRW,CBCdriftDiffusionLR,0.5,0.05531847213196,0.022313505558485,1.00350406309672,3.28667764875051,2.43182915188029,0.5,72.5441925889912
CBC_1016,CBC_1016_MSI_TV_v3_Vset2_Tset3_2023-06-25_14h56.17.212.csv,1,36,1,2,z,0,1,3,tac,C,9,1,1C,2C,0,1,z,1.11612090000563,0,1,1,1,2C,1C,C12,3.93182563272433,0.656287295678596,0.380636936694349,0.477935440706669,0.488843247220758,0.421942729081151,0.679101860212052,0.488843247220758,0.461801185672479,0.467271025593864,0.5,0.671778078543209,0.431572627299284,0.488843247220758,0.477935440706669,0.443271559306761,0.645878123290373,0.573298042389037,0.426701957610963,0.671778078543209,0.5,0.0321125141355269,0.763668507165327,0.328221921456791,0.0181567352152058,0.5,-0.0111567527792425,CBCbothPairsRW,CBCdriftDiffusionLR,0.5,0.05531847213196,0.022313505558485,1.00350406309672,3.28667764875051,2.43182915188029,0.5,72.5441925889912
CBC_1016,CBC_1016_MSI_TV_v3_Vset2_Tset3_2023-06-25_14h56.17.212.csv,1,37,1,0,z,0,1,2,tac,A,63,1,1A,0A,0,1,b,2.28124340000431,1,0,0,0,1A,0A,A10,2.85263142991332,0.656287295678596,0.380636936694349,0.477935440706669,0.488843247220758,0.421942729081151,0.679101860212052,0.488843247220758,0.461801185672479,0.467271025593864,0.488843247220758,0.689934813758415,0.431572627299284,0.488843247220758,0.477935440706669,0.443271559306761,0.645878123290373,0.367082690143408,0.632917309856592,0.380636936694349,0.656287295678596,0.0387125283275204,0.106502071734083,-0.380636936694349,-0.021056253774921,-0.343712704321404,0.00766943533839755,CBCbothPairsRW,CBCdriftDiffusionLR,0.5,0.05531847213196,0.022313505558485,1.00350406309672,3.28667764875051,2.43182915188029,0.5,72.5441925889912
CBC_1016,CBC_1016_MSI_TV_v3_Vset2_Tset3_2023-06-25_14h56.17.212.csv,1,38,3,1,b,1,0,0,tac,D,27,1,3D,1D,1,0,b,2.22674390000248,1,0,1,1,3D,1D,D31,3.27714473299218,0.663956731016994,0.359580682919428,0.477935440706669,0.488843247220758,0.421942729081151,0.679101860212052,0.488843247220758,0.461801185672479,0.467271025593864,0.488843247220758,0.689934813758415,0.431572627299284,0.488843247220758,0.477935440706669,0.443271559306761,0.645878123290373,0.574719992694512,0.425280007305488,0.645878123290373,0.477935440706669,0.299887153309079,0.767628282674205,0.354121876709627,0.0195894811680788,0.477935440706669,-0.0106644151128052,CBCbothPairsRW,CBCdriftDiffusionLR,0.5,0.05531847213196,0.022313505558485,1.00350406309672,3.28667764875051,2.43182915188029,0.5,72.5441925889912
CBC_1016,CBC_1016_MSI_TV_v3_Vset2_Tset3_2023-06-25_14h56.17.212.csv,1,39,0,1,z,0,1,1,tac,B,63,1,0B,1B,0,1,b,2.59629680000216,1,0,0,0,0B,1B,B01,3.29583686600433,0.663956731016994,0.359580682919428,0.477935440706669,0.488843247220758,0.421942729081151,0.679101860212052,0.488843247220758,0.461801185672479,0.467271025593864,0.488843247220758,0.689934813758415,0.431572627299284,0.488843247220758,0.467271025593864,0.443271559306761,0.665467604458452,0.383220382883867,0.616779617116133,0.421942729081151,0.679101860212052,0.0345350783830539,0.133759283223893,-0.421942729081151,-0.0233412270999588,-0.320898139787948,0.00716036242586587,CBCbothPairsRW,CBCdriftDiffusionLR,0.5,0.05531847213196,0.022313505558485,1.00350406309672,3.28667764875051,2.43182915188029,0.5,72.5441925889912
CBC_1016,CBC_1016_MSI_TV_v3_Vset2_Tset3_2023-06-25_14h56.17.212.csv,1,40,2,3,b,1,0,3,tac,C,63,0,2C,3C,0,1,b,2.04378850000285,1,0,1,0,2C,3C,C23,2.90872089656436,0.663956731016994,0.359580682919428,0.477935440706669,0.488843247220758,0.398601501981192,0.686262222637918,0.488843247220758,0.461801185672479,0.467271025593864,0.488843247220758,0.689934813758415,0.431572627299284,0.488843247220758,0.467271025593864,0.443271559306761,0.665467604458452,0.615185230610449,0.384814769389551,0.689934813758415,0.431572627299284,0.414325443555399,0.863082232239704,-0.689934813758415,-0.0381661397677639,-0.568427372700716,0.0126836073403525,CBCbothPairsRW,CBCdriftDiffusionLR,0.5,0.05531847213196,0.022313505558485,1.00350406309672,3.28667764875051,2.43182915188029,0.5,72.5441925889912
CBC_1016,CBC_1016_MSI_TV_v3_Vset2_Tset3_2023-06-25_14h56.17.212.csv,1,41,2,0,z,0,1,2,tac,A,27,1,2A,0A,0,1,z,2.26194130000295,0,1,1,1,0A,2A,A20,3.3322045101752,0.663956731016994,0.359580682919428,0.477935440706669,0.488843247220758,0.398601501981192,0.686262222637918,0.488843247220758,0.461801185672479,0.467271025593864,0.488843247220758,0.651768673990651,0.444256234639636,0.488843247220758,0.467271025593864,0.443271559306761,0.665467604458452,0.581453089405775,0.418546910594225,0.663956731016994,0.477935440706669,0.297213676518002,0.785723644765563,0.336043268983006,0.0185894002103691,0.477935440706669,-0.0106644151128052,CBCbothPairsRW,CBCdriftDiffusionLR,0.5,0.05531847213196,0.022313505558485,1.00350406309672,3.28667764875051,2.43182915188029,0.5,72.5441925889912
CBC_1016,CBC_1016_MSI_TV_v3_Vset2_Tset3_2023-06-25_14h56.17.212.csv,1,42,3,2,b,1,0,0,tac,D,63,1,3D,2D,1,0,b,1.96135020000293,1,0,1,1,3D,2D,D32,4.04305126783455,0.682546131227363,0.359580682919428,0.467271025593864,0.488843247220758,0.398601501981192,0.686262222637918,0.488843247220758,0.461801185672479,0.467271025593864,0.488843247220758,0.651768673990651,0.444256234639636,0.488843247220758,0.467271025593864,0.443271559306761,0.665467604458452,0.600202127070684,0.399797872929317,0.665467604458452,0.443271559306761,0.43071707885208,0.833109232664099,0.334532395541548,0.0185058210000029,0.443271559306762,-0.00989094240250973,CBCbothPairsRW,CBCdriftDiffusionLR,0.5,0.05531847213196,0.022313505558485,1.00350406309672,3.28667764875051,2.43182915188029,0.5,72.5441925889912
CBC_1016,CBC_1016_MSI_TV_v3_Vset2_Tset3_2023-06-25_14h56.17.212.csv,1,43,3,1,z,0,1,1,tac,B,27,1,3B,1B,0,1,z,1.85684090000359,0,1,1,1,1B,3B,B31,3.36729582998647,0.682546131227363,0.359580682919428,0.467271025593864,0.488843247220758,0.398601501981192,0.686262222637918,0.488843247220758,0.461801185672479,0.467271025593864,0.488843247220758,0.651768673990651,0.444256234639636,0.488843247220758,0.467271025593864,0.433380616904252,0.683973425458455,0.597756376233512,0.402243623766488,0.686262222637918,0.461801185672479,0.472144620414252,0.826281591376194,0.313737777362082,0.0173554944937474,0.461801185672479,-0.0103044033234178,CBCbothPairsRW,CBCdriftDiffusionLR,0.5,0.05531847213196,0.022313505558485,1.00350406309672,3.28667764875051,2.43182915188029,0.5,72.5441925889912
CBC_1016,CBC_1016_MSI_TV_v3_Vset2_Tset3_2023-06-25_14h56.17.212.csv,1,44,2,3,b,1,0,3,tac,C,63,1,2C,3C,1,0,b,1.44463670000187,1,0,1,1,2C,3C,C23,2.69124308278583,0.682546131227363,0.359580682919428,0.467271025593864,0.488843247220758,0.398601501981192,0.703617717131665,0.488843247220758,0.451496782349061,0.467271025593864,0.488843247220758,0.651768673990651,0.444256234639636,0.488843247220758,0.467271025593864,0.433380616904252,0.683973425458455,0.594665932186863,0.405334067813137,0.651768673990651,0.444256234639636,0.606157083368645,0.819442730186416,0.348231326009349,0.0192636249033236,0.444256234639636,-0.00991291396102313,CBCbothPairsRW,CBCdriftDiffusionLR,0.5,0.05531847213196,0.022313505558485,1.00350406309672,3.28667764875051,2.43182915188029,0.5,72.5441925889912
CBC_1016,CBC_1016_MSI_AV_v3_Vset4_Aset1_2023-06-25_15h20.06.953.csv,3,1,0,1,z,0,1,1,aud,B,63,1,0B,1B,0,1,z,2.35650669999814,0,1,1,1,1B,0B,B01,2.77258872223978,0.5,0.5,0.5,0.5,0.5,0.5,0.5,0.5,0.5,0.5,0.5,0.5,0.5,0.5,0.5,0.5,0.5,0.5,0.5,0.5,0.133525738723605,0.50009344997541,0.5,0.0937255385952542,0.5,-0.012600193165105,CBCbothPairsRW,CBCdriftDiffusionLR,0.5,0.187451077190508,0.0252003863302099,0.682506416452257,3.80156175311773,2.48491681524145,0.5,53.840918451738
CBC_1016,CBC_1016_MSI_AV_v3_Vset4_Aset1_2023-06-25_15h20.06.953.csv,3,2,0,1,b,1,0,2,aud,A,63,1,0A,1A,1,0,b,2.2296920000008,1,0,1,1,0A,1A,A01,2.83321334405622,0.5,0.5,0.5,0.5,0.487399806834895,0.593725538595254,0.5,0.5,0.5,0.5,0.5,0.5,0.5,0.5,0.5,0.5,0.5,0.5,0.5,0.5,0.147834288280517,0.500360527773503,0.5,0.0937255385952542,0.5,-0.012600193165105,CBCbothPairsRW,CBCdriftDiffusionLR,0.5,0.187451077190508,0.0252003863302099,0.682506416452257,3.80156175311773,2.48491681524145,0.5,53.840918451738
CBC_1016,CBC_1016_MSI_AV_v3_Vset4_Aset1_2023-06-25_15h20.06.953.csv,3,3,2,3,z,0,1,0,aud,D,63,1,2D,3D,0,1,z,1.77956080000149,0,1,1,1,3D,2D,D23,2.89037175789616,0.593725538595254,0.487399806834895,0.5,0.5,0.487399806834895,0.593725538595254,0.5,0.5,0.5,0.5,0.5,0.5,0.5,0.5,0.5,0.5,0.5,0.5,0.5,0.5,0.210988968658654,0.499623697604177,0.5,0.0937255385952542,0.5,-0.012600193165105,CBCbothPairsRW,CBCdriftDiffusionLR,0.5,0.187451077190508,0.0252003863302099,0.682506416452257,3.80156175311773,2.48491681524145,0.5,53.840918451738
CBC_1016,CBC_1016_MSI_AV_v3_Vset4_Aset1_2023-06-25_15h20.06.953.csv,3,4,2,1,z,0,1,1,aud,B,9,1,2B,1B,0,1,z,1.22099159999925,0,1,1,1,1B,2B,B21,2.94443897916644,0.593725538595254,0.487399806834895,0.5,0.5,0.487399806834895,0.593725538595254,0.5,0.5,0.5,0.5,0.5,0.5,0.5,0.5,0.487399806834895,0.593725538595254,0.542846918759725,0.457153081240275,0.593725538595254,0.5,0.435064351522933,0.691169777777375,0.406274461404746,0.0761565854253132,0.5,-0.012600193165105,CBCbothPairsRW,CBCdriftDiffusionLR,0.5,0.187451077190508,0.0252003863302099,0.682506416452257,3.80156175311773,2.48491681524145,0.5,53.840918451738
CBC_1016,CBC_1016_MSI_AV_v3_Vset4_Aset1_2023-06-25_15h20.06.953.csv,3,5,0,2,b,1,0,2,aud,A,27,1,0A,2A,1,0,b,2.2657913999974,1,0,1,1,0A,2A,A02,2.99573227355399,0.593725538595254,0.487399806834895,0.5,0.5,0.487399806834895,0.669882124020567,0.487399806834895,0.5,0.5,0.5,0.5,0.5,0.5,0.5,0.487399806834895,0.593725538595254,0.542846918759725,0.457153081240275,0.593725538595254,0.5,0.197847299393348,0.692152121154681,0.406274461404746,0.0761565854253132,0.5,-0.012600193165105,CBCbothPairsRW,CBCdriftDiffusionLR,0.5,0.187451077190508,0.0252003863302099,0.682506416452257,3.80156175311773,2.48491681524145,0.5,53.840918451738
CBC_1016,CBC_1016_MSI_AV_v3_Vset4_Aset1_2023-06-25_15h20.06.953.csv,3,6,2,3,b,1,0,3,aud,C,63,1,2C,3C,1,0,b,2.15061939999941,1,0,1,1,2C,3C,C23,3.04452243772342,0.669882124020567,0.487399806834895,0.487399806834895,0.5,0.487399806834895,0.669882124020567,0.487399806834895,0.5,0.5,0.5,0.5,0.5,0.5,0.5,0.487399806834895,0.593725538595254,0.5,0.5,0.5,0.5,0.157366801335186,0.50005731576276,0.5,0.0937255385952542,0.5,-0.012600193165105,CBCbothPairsRW,CBCdriftDiffusionLR,0.5,0.187451077190508,0.0252003863302099,0.682506416452257,3.80156175311773,2.48491681524145,0.5,53.840918451738
CBC_1016,CBC_1016_MSI_AV_v3_Vset4_Aset1_2023-06-25_15h20.06.953.csv,3,7,1,3,z,0,1,0,aud,D,27,1,1D,3D,0,1,z,1.35020900000018,0,1,1,1,3D,1D,D13,3.09104245335832,0.669882124020567,0.487399806834895,0.487399806834895,0.5,0.487399806834895,0.669882124020567,0.487399806834895,0.5,0.5,0.5,0.593725538595254,0.487399806834895,0.5,0.5,0.487399806834895,0.593725538595254,0.542846918759725,0.457153081240275,0.593725538595254,0.5,0.414182194370728,0.692766413479774,0.406274461404746,0.0761565854253132,0.5,-0.012600193165105,CBCbothPairsRW,CBCdriftDiffusionLR,0.5,0.187451077190508,0.0252003863302099,0.682506416452257,3.80156175311773,2.48491681524145,0.5,53.840918451738
CBC_1016,CBC_1016_MSI_AV_v3_Vset4_Aset1_2023-06-25_15h20.06.953.csv,3,8,1,0,z,0,1,2,aud,A,63,1,1A,0A,0,1,z,1.78558730000077,0,1,1,1,0A,1A,A10,3.13549421592915,0.669882124020567,0.487399806834895,0.487399806834895,0.5,0.487399806834895,0.669882124020567,0.487399806834895,0.5,0.5,0.5,0.593725538595254,0.487399806834895,0.5,0.487399806834895,0.487399806834895,0.669882124020567,0.578840908304332,0.421159091695668,0.669882124020567,0.487399806834895,0.363149366156818,0.816252369933467,0.330117875979433,0.0618809514521873,0.487399806834895,-0.0122826634295091,CBCbothPairsRW,CBCdriftDiffusionLR,0.5,0.187451077190508,0.0252003863302099,0.682506416452257,3.80156175311773,2.48491681524145,0.5,53.840918451738
CBC_1016,CBC_1016_MSI_AV_v3_Vset4_Aset1_2023-06-25_15h20.06.953.csv,3,9,2,0,b,1,0,3,aud,C,27,1,2C,0C,1,0,b,2.73195439999836,1,0,1,1,2C,0C,C20,3.17805383034795,0.731763075472755,0.475117143405386,0.487399806834895,0.5,0.487399806834895,0.669882124020567,0.487399806834895,0.5,0.5,0.5,0.593725538595254,0.487399806834895,0.5,0.487399806834895,0.487399806834895,0.669882124020567,0.542846918759725,0.457153081240275,0.593725538595254,0.5,0.133023994428165,0.692380129582581,0.406274461404746,0.0761565854253132,0.5,-0.012600193165105,CBCbothPairsRW,CBCdriftDiffusionLR,0.5,0.187451077190508,0.0252003863302099,0.682506416452257,3.80156175311773,2.48491681524145,0.5,53.840918451738
CBC_1016,CBC_1016_MSI_AV_v3_Vset4_Aset1_2023-06-25_15h20.06.953.csv,3,10,2,3,z,0,1,0,aud,D,63,1,2D,3D,0,1,z,2.32604640000136,0,1,1,1,3D,2D,D23,2.52572864430826,0.731763075472755,0.475117143405386,0.487399806834895,0.5,0.487399806834895,0.669882124020567,0.487399806834895,0.5,0.487399806834895,0.5,0.669882124020567,0.487399806834895,0.5,0.487399806834895,0.487399806834895,0.669882124020567,0.578840908304332,0.421159091695668,0.669882124020567,0.487399806834895,0.214442269717454,0.816172133524601,0.330117875979433,0.0618809514521873,0.487399806834895,-0.0122826634295091,CBCbothPairsRW,CBCdriftDiffusionLR,0.5,0.187451077190508,0.0252003863302099,0.682506416452257,3.80156175311773,2.48491681524145,0.5,53.840918451738
CBC_1016,CBC_1016_MSI_AV_v3_Vset4_Aset1_2023-06-25_15h20.06.953.csv,3,11,1,0,b,1,0,1,aud,B,63,1,1B,0B,1,0,b,1.06003950000013,1,0,1,1,1B,0B,B10,3.25809653802148,0.731763075472755,0.475117143405386,0.487399806834895,0.5,0.487399806834895,0.669882124020567,0.487399806834895,0.5,0.487399806834895,0.5,0.669882124020567,0.487399806834895,0.5,0.487399806834895,0.475117143405386,0.731763075472755,0.578840908304332,0.421159091695668,0.669882124020567,0.487399806834895,0.543940752716194,0.81575361470727,0.330117875979433,0.0618809514521873,0.487399806834895,-0.0122826634295091,CBCbothPairsRW,CBCdriftDiffusionLR,0.5,0.187451077190508,0.0252003863302099,0.682506416452257,3.80156175311773,2.48491681524145,0.5,53.840918451738
CBC_1016,CBC_1016_MSI_AV_v3_Vset4_Aset1_2023-06-25_15h20.06.953.csv,3,12,0,1,b,1,0,2,aud,A,63,1,0A,1A,1,0,b,1.37840510000024,1,0,1,1,0A,1A,A01,2.60268968544438,0.731763075472755,0.475117143405386,0.487399806834895,0.5,0.475117143405386,0.731763075472755,0.487399806834895,0.5,0.487399806834895,0.5,0.669882124020567,0.487399806834895,0.5,0.487399806834895,0.475117143405386,0.731763075472755,0.606326182189785,0.393673817810215,0.731763075472755,0.475117143405386,0.612530712006733,0.88187584019423,0.268236924527245,0.0502813004449012,0.475117143405386,-0.0119731355659215,CBCbothPairsRW,CBCdriftDiffusionLR,0.5,0.187451077190508,0.0252003863302099,0.682506416452257,3.80156175311773,2.48491681524145,0.5,53.840918451738
CBC_1016,CBC_1016_MSI_AV_v3_Vset4_Aset1_2023-06-25_15h20.06.953.csv,3,13,2,3,z,0,1,0,aud,D,63,1,2D,3D,0,1,z,2.28112479999982,0,1,1,1,3D,2D,D23,2.23359222150709,0.782044375917656,0.463144007839464,0.487399806834895,0.5,0.475117143405386,0.731763075472755,0.487399806834895,0.5,0.487399806834895,0.5,0.669882124020567,0.487399806834895,0.5,0.487399806834895,0.475117143405386,0.731763075472755,0.606326182189785,0.393673817810215,0.731763075472755,0.475117143405386,0.229606284532875,0.881665713084246,0.268236924527245,0.0502813004449012,0.475117143405386,-0.0119731355659215,CBCbothPairsRW,CBCdriftDiffusionLR,0.5,0.187451077190508,0.0252003863302099,0.682506416452257,3.80156175311773,2.48491681524145,0.5,53.840918451738
CBC_1016,CBC_1016_MSI_AV_v3_Vset4_Aset1_2023-06-25_15h20.06.953.csv,3,14,2,0,b,1,0,3,aud,C,27,1,2C,0C,1,0,z,2.73422829999981,0,1,0,0,0C,2C,C20,2.67414864942653,0.782044375917656,0.463144007839464,0.487399806834895,0.5,0.475117143405386,0.731763075472755,0.487399806834895,0.5,0.487399806834895,0.5,0.669882124020567,0.487399806834895,0.5,0.487399806834895,0.463144007839464,0.782044375917656,0.421159091695668,0.578840908304332,0.487399806834895,0.669882124020567,0.0323679597430767,0.183726998093526,-0.487399806834895,-0.0913636188136468,-0.330117875979433,0.00831909800919003,CBCbothPairsRW,CBCdriftDiffusionLR,0.5,0.187451077190508,0.0252003863302099,0.682506416452257,3.80156175311773,2.48491681524145,0.5,53.840918451738
CBC_1016,CBC_1016_MSI_AV_v3_Vset4_Aset1_2023-06-25_15h20.06.953.csv,3,15,0,1,b,1,0,2,aud,A,63,1,0A,1A,1,0,b,2.288641799998,1,0,1,1,0A,1A,A01,2.30258509299405,0.782044375917656,0.463144007839464,0.487399806834895,0.5,0.475117143405386,0.731763075472755,0.487399806834895,0.5,0.396036188021248,0.5,0.678201222029758,0.487399806834895,0.5,0.487399806834895,0.463144007839464,0.782044375917656,0.628053060981813,0.371946939018187,0.782044375917656,0.463144007839464,0.220738417246834,0.918149225959719,0.217955624082344,0.0408560165139649,0.463144007839464,-0.0116714079240763,CBCbothPairsRW,CBCdriftDiffusionLR,0.5,0.187451077190508,0.0252003863302099,0.682506416452257,3.80156175311773,2.48491681524145,0.5,53.840918451738
CBC_1016,CBC_1016_MSI_AV_v3_Vset4_Aset1_2023-06-25_15h20.06.953.csv,3,16,1,3,b,1,0,1,aud,B,27,1,1B,3B,1,0,b,1.2178795999971,1,0,1,1,1B,3B,B13,3.43398720448515,0.822900392431621,0.451472599915388,0.487399806834895,0.5,0.475117143405386,0.731763075472755,0.487399806834895,0.5,0.396036188021248,0.5,0.678201222029758,0.487399806834895,0.5,0.487399806834895,0.463144007839464,0.782044375917656,0.594077781712933,0.405922218287067,0.731763075472755,0.5,0.634995431421523,0.855558740149822,0.268236924527245,0.0502813004449012,0.5,-0.012600193165105,CBCbothPairsRW,CBCdriftDiffusionLR,0.5,0.187451077190508,0.0252003863302099,0.682506416452257,3.80156175311773,2.48491681524145,0.5,53.840918451738
CBC_1016,CBC_1016_MSI_AV_v3_Vset4_Aset1_2023-06-25_15h20.06.953.csv,3,17,3,2,z,0,1,3,aud,C,63,1,3C,2C,0,1,b,2.64043820000006,1,0,0,0,3C,2C,C32,3.46573590279973,0.822900392431621,0.451472599915388,0.487399806834895,0.5,0.475117143405386,0.782044375917656,0.487399806834895,0.487399806834895,0.396036188021248,0.5,0.678201222029758,0.487399806834895,0.5,0.487399806834895,0.463144007839464,0.782044375917656,0.418153205741114,0.581846794258886,0.487399806834895,0.678201222029758,0.0335913421570347,0.175511415626292,-0.487399806834895,-0.0913636188136468,-0.321798777970242,0.00810945352543956,CBCbothPairsRW,CBCdriftDiffusionLR,0.5,0.187451077190508,0.0252003863302099,0.682506416452257,3.80156175311773,2.48491681524145,0.5,53.840918451738
CBC_1016,CBC_1016_MSI_AV_v3_Vset4_Aset1_2023-06-25_15h20.06.953.csv,3,18,2,3,z,0,1,0,aud,D,63,0,2D,3D,1,0,z,1.43723390000014,0,1,1,0,3D,2D,D23,2.11021320034659,0.822900392431621,0.451472599915388,0.487399806834895,0.5,0.475117143405386,0.782044375917656,0.487399806834895,0.487399806834895,0.396036188021248,0.5,0.686310675555197,0.396036188021248,0.5,0.487399806834895,0.463144007839464,0.782044375917656,0.628053060981813,0.371946939018187,0.782044375917656,0.463144007839464,0.636846345203307,0.918323217698843,-0.782044375917656,-0.146595060676543,-0.536855992160536,0.0135289784061337,CBCbothPairsRW,CBCdriftDiffusionLR,0.5,0.187451077190508,0.0252003863302099,0.682506416452257,3.80156175311773,2.48491681524145,0.5,53.840918451738
CBC_1016,CBC_1016_MSI_AV_v3_Vset4_Aset1_2023-06-25_15h20.06.953.csv,3,19,1,0,b,1,0,1,aud,B,63,1,1B,0B,1,0,b,1.20338799999809,1,0,1,1,1B,0B,B10,2.83321334405622,0.822900392431621,0.451472599915388,0.487399806834895,0.5,0.475117143405386,0.782044375917656,0.487399806834895,0.487399806834895,0.396036188021248,0.5,0.686310675555197,0.396036188021248,0.5,0.487399806834895,0.476672986245598,0.635449315241112,0.622071518971383,0.377928481028617,0.782044375917656,0.475117143405386,0.757789764149589,0.90917678220234,0.217955624082344,0.0408560165139649,0.475117143405386,-0.0119731355659215,CBCbothPairsRW,CBCdriftDiffusionLR,0.5,0.187451077190508,0.0252003863302099,0.682506416452257,3.80156175311773,2.48491681524145,0.5,53.840918451738
CBC_1016,CBC_1016_MSI_AV_v3_Vset4_Aset1_2023-06-25_15h20.06.953.csv,3,20,2,0,z,0,1,2,aud,A,27,1,2A,0A,0,1,z,2.16489969999748,0,1,1,1,0A,2A,A20,3.55534806148941,0.822900392431621,0.451472599915388,0.487399806834895,0.5,0.463144007839464,0.822900392431621,0.487399806834895,0.487399806834895,0.396036188021248,0.5,0.686310675555197,0.396036188021248,0.5,0.487399806834895,0.476672986245598,0.635449315241112,0.628024320603986,0.371975679396014,0.822900392431621,0.487399806834895,0.258309023589462,0.918285564073626,0.177099607568379,0.033197512208709,0.487399806834895,-0.0122826634295091,CBCbothPairsRW,CBCdriftDiffusionLR,0.5,0.187451077190508,0.0252003863302099,0.682506416452257,3.80156175311773,2.48491681524145,0.5,53.840918451738
CBC_1016,CBC_1016_MSI_AV_v3_Vset4_Aset1_2023-06-25_15h20.06.953.csv,3,21,0,3,z,0,1,0,aud,D,9,1,0D,3D,0,1,z,2.61754909999945,0,1,1,1,3D,0D,D03,3.58351893845611,0.85609790464033,0.451472599915388,0.475117143405386,0.5,0.463144007839464,0.822900392431621,0.487399806834895,0.487399806834895,0.396036188021248,0.5,0.686310675555197,0.396036188021248,0.5,0.487399806834895,0.476672986245598,0.635449315241112,0.559645689782441,0.440354310217559,0.635449315241112,0.5,0.156046055172746,0.755441163796058,0.364550684758888,0.0683354185485909,0.5,-0.012600193165105,CBCbothPairsRW,CBCdriftDiffusionLR,0.5,0.187451077190508,0.0252003863302099,0.682506416452257,3.80156175311773,2.48491681524145,0.5,53.840918451738
CBC_1016,CBC_1016_MSI_AV_v3_Vset4_Aset1_2023-06-25_15h20.06.953.csv,3,22,2,3,b,1,0,3,aud,C,63,1,2C,3C,1,0,b,2.17692729999908,1,0,1,1,2C,3C,C23,2.91777073208428,0.85609790464033,0.451472599915388,0.475117143405386,0.5,0.463144007839464,0.822900392431621,0.487399806834895,0.487399806834895,0.396036188021248,0.5,0.686310675555197,0.396036188021248,0.487399806834895,0.487399806834895,0.476672986245598,0.703784733789703,0.634094945577235,0.365905054422765,0.686310675555197,0.396036188021248,0.251489669145467,0.92652521934415,0.313689324444803,0.0588014017703412,0.396036188021248,-0.00998026493887912,CBCbothPairsRW,CBCdriftDiffusionLR,0.5,0.187451077190508,0.0252003863302099,0.682506416452257,3.80156175311773,2.48491681524145,0.5,53.840918451738
CBC_1016,CBC_1016_MSI_AV_v3_Vset4_Aset1_2023-06-25_15h20.06.953.csv,3,23,3,1,z,0,1,1,aud,B,27,1,3B,1B,0,1,z,0.92448080000031,0,1,1,1,1B,3B,B31,3.63758615972639,0.85609790464033,0.451472599915388,0.475117143405386,0.5,0.463144007839464,0.822900392431621,0.487399806834895,0.487399806834895,0.396036188021248,0.5,0.745112077325538,0.386055923082369,0.487399806834895,0.487399806834895,0.476672986245598,0.703784733789703,0.628024320603986,0.371975679396014,0.822900392431621,0.487399806834895,0.512534033102179,0.91827087391076,0.177099607568379,0.033197512208709,0.487399806834895,-0.0122826634295091,CBCbothPairsRW,CBCdriftDiffusionLR,0.5,0.187451077190508,0.0252003863302099,0.682506416452257,3.80156175311773,2.48491681524145,0.5,53.840918451738
CBC_1016,CBC_1016_MSI_AV_v3_Vset4_Aset1_2023-06-25_15h20.06.953.csv,3,24,3,2,z,0,1,3,aud,C,63,1,3C,2C,0,1,b,2.52253890000065,1,0,0,0,3C,2C,C32,2.9704144655697,0.85609790464033,0.451472599915388,0.475117143405386,0.5,0.463144007839464,0.85609790464033,0.487399806834895,0.475117143405386,0.396036188021248,0.5,0.745112077325538,0.386055923082369,0.487399806834895,0.487399806834895,0.476672986245598,0.703784733789703,0.341289643044318,0.658710356955682,0.386055923082369,0.745112077325538,0.0068367762407548,0.0474845799612121,-0.386055923082369,-0.0723665986375661,-0.254887922674462,0.00642327412230111,CBCbothPairsRW,CBCdriftDiffusionLR,0.5,0.187451077190508,0.0252003863302099,0.682506416452257,3.80156175311773,2.48491681524145,0.5,53.840918451738
CBC_1016,CBC_1016_MSI_AV_v3_Vset4_Aset1_2023-06-25_15h20.06.953.csv,3,25,2,3,z,0,1,0,aud,D,63,1,2D,3D,0,1,z,2.13106340000013,0,1,1,1,3D,2D,D23,2.07944154167984,0.85609790464033,0.451472599915388,0.475117143405386,0.5,0.463144007839464,0.85609790464033,0.487399806834895,0.475117143405386,0.396036188021248,0.5,0.751535351447839,0.313689324444803,0.487399806834895,0.487399806834895,0.476672986245598,0.703784733789703,0.596196476879034,0.403803523120966,0.703784733789703,0.476672986245598,0.269181437461734,0.860329591741521,0.296215266210297,0.0555258707313933,0.476672986245598,-0.0120123434065639,CBCbothPairsRW,CBCdriftDiffusionLR,0.5,0.187451077190508,0.0252003863302099,0.682506416452257,3.80156175311773,2.48491681524145,0.5,53.840918451738
CBC_1016,CBC_1016_MSI_AV_v3_Vset4_Aset1_2023-06-25_15h20.06.953.csv,3,26,1,0,b,1,0,1,aud,B,63,1,1B,0B,1,0,b,2.50460949999979,1,0,1,1,1B,0B,B10,2.6149597780362,0.85609790464033,0.451472599915388,0.475117143405386,0.5,0.463144007839464,0.85609790464033,0.487399806834895,0.475117143405386,0.396036188021248,0.5,0.751535351447839,0.313689324444803,0.487399806834895,0.487399806834895,0.464660642839034,0.759310604521097,0.648931705809068,0.351068294190932,0.85609790464033,0.463144007839464,0.150563788168099,0.943438272754809,0.14390209535967,0.0269746027851414,0.463144007839464,-0.0116714079240763,CBCbothPairsRW,CBCdriftDiffusionLR,0.5,0.187451077190508,0.0252003863302099,0.682506416452257,3.80156175311773,2.48491681524145,0.5,53.840918451738
CBC_1016,CBC_1016_MSI_AV_v3_Vset4_Aset1_2023-06-25_15h20.06.953.csv,3,27,0,3,b,1,0,2,aud,A,9,1,0A,3A,1,0,b,1.38089369999943,1,0,1,1,0A,3A,A03,3.73766961828337,0.85609790464033,0.451472599915388,0.475117143405386,0.5,0.451472599915388,0.883072507425471,0.487399806834895,0.475117143405386,0.396036188021248,0.5,0.751535351447839,0.313689324444803,0.487399806834895,0.487399806834895,0.464660642839034,0.759310604521097,0.631295057466657,0.368704942533343,0.85609790464033,0.5,0.685818995449996,0.922620887723941,0.14390209535967,0.0269746027851414,0.5,-0.012600193165105,CBCbothPairsRW,CBCdriftDiffusionLR,0.5,0.187451077190508,0.0252003863302099,0.682506416452257,3.80156175311773,2.48491681524145,0.5,53.840918451738
CBC_1016,CBC_1016_MSI_AV_v3_Vset4_Aset1_2023-06-25_15h20.06.953.csv,3,28,2,3,z,0,1,0,aud,D,63,1,2D,3D,0,1,b,1.89886770000157,1,0,0,0,2D,3D,D23,1.96944064646551,0.883072507425471,0.451472599915388,0.475117143405386,0.487399806834895,0.451472599915388,0.883072507425471,0.487399806834895,0.475117143405386,0.396036188021248,0.5,0.751535351447839,0.313689324444803,0.487399806834895,0.487399806834895,0.464660642839034,0.759310604521097,0.3796336260686,0.6203663739314,0.464660642839034,0.759310604521097,0.0369209524837801,0.0929826473350093,-0.464660642839034,-0.087101138028211,-0.240689395478903,0.00606546575165305,CBCbothPairsRW,CBCdriftDiffusionLR,0.5,0.187451077190508,0.0252003863302099,0.682506416452257,3.80156175311773,2.48491681524145,0.5,53.840918451738
CBC_1016,CBC_1016_MSI_AV_v3_Vset4_Aset1_2023-06-25_15h20.06.953.csv,3,29,2,0,b,1,0,3,aud,C,27,1,2C,0C,1,0,b,1.7141632999992,1,0,1,1,2C,0C,C20,2.68557734525015,0.883072507425471,0.451472599915388,0.475117143405386,0.487399806834895,0.451472599915388,0.883072507425471,0.487399806834895,0.475117143405386,0.396036188021248,0.5,0.751535351447839,0.313689324444803,0.487399806834895,0.487399806834895,0.377559504810823,0.76537607027275,0.654891939717788,0.345108060282212,0.751535351447839,0.396036188021248,0.469277362048662,0.949032776998955,0.248464648552161,0.0465749660148636,0.396036188021248,-0.00998026493887912,CBCbothPairsRW,CBCdriftDiffusionLR,0.5,0.187451077190508,0.0252003863302099,0.682506416452257,3.80156175311773,2.48491681524145,0.5,53.840918451738
CBC_1016,CBC_1016_MSI_AV_v3_Vset4_Aset1_2023-06-25_15h20.06.953.csv,3,30,1,0,z,0,1,2,aud,A,63,1,1A,0A,0,1,z,1.6246080000019,0,1,1,1,0A,1A,A10,3.11351530921037,0.883072507425471,0.451472599915388,0.475117143405386,0.487399806834895,0.451472599915388,0.883072507425471,0.487399806834895,0.475117143405386,0.386055923082369,0.5,0.798110317462703,0.313689324444803,0.487399806834895,0.487399806834895,0.377559504810823,0.76537607027275,0.661703004692762,0.338296995307238,0.883072507425471,0.451472599915388,0.537714502184792,0.954999816092394,0.116927492574529,0.0219181844362806,0.451472599915388,-0.0113772839353721,CBCbothPairsRW,CBCdriftDiffusionLR,0.5,0.187451077190508,0.0252003863302099,0.682506416452257,3.80156175311773,2.48491681524145,0.5,53.840918451738
CBC_1016,CBC_1016_MSI_AV_v3_Vset4_Aset1_2023-06-25_15h20.06.953.csv,3,31,1,0,b,1,0,1,aud,B,63,1,1B,0B,1,0,b,1.02075359999799,1,0,1,1,1B,0B,B10,2.4423470353692,0.904990691861752,0.440095315980016,0.475117143405386,0.487399806834895,0.451472599915388,0.883072507425471,0.487399806834895,0.475117143405386,0.386055923082369,0.5,0.798110317462703,0.313689324444803,0.487399806834895,0.487399806834895,0.377559504810823,0.76537607027275,0.661703004692762,0.338296995307238,0.883072507425471,0.451472599915388,0.91790938228197,0.955031814627219,0.116927492574529,0.0219181844362806,0.451472599915388,-0.0113772839353721,CBCbothPairsRW,CBCdriftDiffusionLR,0.5,0.187451077190508,0.0252003863302099,0.682506416452257,3.80156175311773,2.48491681524145,0.5,53.840918451738
CBC_1016,CBC_1016_MSI_AV_v3_Vset4_Aset1_2023-06-25_15h20.06.953.csv,3,32,3,1,b,1,0,0,aud,D,27,1,3D,1D,1,0,b,1.69743889999882,1,0,1,1,3D,1D,D31,3.85014760171006,0.904990691861752,0.440095315980016,0.475117143405386,0.487399806834895,0.440095315980016,0.904990691861752,0.487399806834895,0.475117143405386,0.386055923082369,0.5,0.798110317462703,0.313689324444803,0.487399806834895,0.487399806834895,0.377559504810823,0.76537607027275,0.610944131555133,0.389055868444867,0.76537607027275,0.487399806834895,0.447712225609757,0.891066100288013,0.23462392972725,0.0439805083620432,0.487399806834895,-0.0122826634295091,CBCbothPairsRW,CBCdriftDiffusionLR,0.5,0.187451077190508,0.0252003863302099,0.682506416452257,3.80156175311773,2.48491681524145,0.5,53.840918451738
CBC_1016,CBC_1016_MSI_AV_v3_Vset4_Aset1_2023-06-25_15h20.06.953.csv,3,33,3,2,z,0,1,3,aud,C,63,1,3C,2C,0,1,z,1.67789210000046,0,1,1,1,2C,3C,C32,2.77258872223978,0.904990691861752,0.440095315980016,0.475117143405386,0.487399806834895,0.440095315980016,0.904990691861752,0.487399806834895,0.475117143405386,0.386055923082369,0.5,0.798110317462703,0.313689324444803,0.487399806834895,0.475117143405386,0.377559504810823,0.809356578634793,0.71785444731156,0.28214555268844,0.798110317462703,0.313689324444803,0.456291196388937,0.984020392589213,0.201889682537297,0.0378444384652661,0.313689324444803,-0.0079050921636716,CBCbothPairsRW,CBCdriftDiffusionLR,0.5,0.187451077190508,0.0252003863302099,0.682506416452257,3.80156175311773,2.48491681524145,0.5,53.840918451738
CBC_1016,CBC_1016_MSI_AV_v3_Vset4_Aset1_2023-06-25_15h20.06.953.csv,3,34,1,0,b,1,0,1,aud,B,63,1,1B,0B,1,0,b,1.47573620000185,1,0,1,1,1B,0B,B10,2.28238238567653,0.904990691861752,0.440095315980016,0.475117143405386,0.487399806834895,0.440095315980016,0.904990691861752,0.487399806834895,0.475117143405386,0.386055923082369,0.5,0.835954755927969,0.305784232281131,0.487399806834895,0.475117143405386,0.377559504810823,0.809356578634793,0.672812509078016,0.327187490921984,0.904990691861752,0.440095315980016,0.683017396703959,0.963060939951123,0.0950093081382481,0.0178095971536395,0.440095315980016,-0.0110905719848122,CBCbothPairsRW,CBCdriftDiffusionLR,0.5,0.187451077190508,0.0252003863302099,0.682506416452257,3.80156175311773,2.48491681524145,0.5,53.840918451738
CBC_1016,CBC_1016_MSI_AV_v3_Vset4_Aset1_2023-06-25_15h20.06.953.csv,3,35,0,1,b,1,0,2,aud,A,63,1,0A,1A,1,0,b,1.51679510000031,1,0,1,1,0A,1A,A01,2.52572864430826,0.904990691861752,0.440095315980016,0.475117143405386,0.487399806834895,0.429004743995204,0.922800289015391,0.487399806834895,0.475117143405386,0.386055923082369,0.5,0.835954755927969,0.305784232281131,0.487399806834895,0.475117143405386,0.377559504810823,0.809356578634793,0.672812509078016,0.327187490921984,0.904990691861752,0.440095315980016,0.641040161535369,0.963252920061009,0.0950093081382481,0.0178095971536395,0.440095315980016,-0.0110905719848122,CBCbothPairsRW,CBCdriftDiffusionLR,0.5,0.187451077190508,0.0252003863302099,0.682506416452257,3.80156175311773,2.48491681524145,0.5,53.840918451738
CBC_1016,CBC_1016_MSI_AV_v3_Vset4_Aset1_2023-06-25_15h20.06.953.csv,3,36,1,2,z,0,1,3,aud,C,9,1,1C,2C,0,1,z,1.2162533999981,0,1,1,1,2C,1C,C12,3.93182563272433,0.922800289015391,0.429004743995204,0.475117143405386,0.487399806834895,0.429004743995204,0.922800289015391,0.487399806834895,0.475117143405386,0.386055923082369,0.5,0.835954755927969,0.305784232281131,0.487399806834895,0.475117143405386,0.377559504810823,0.809356578634793,0.625735828416813,0.374264171583187,0.835954755927969,0.5,0.769851417023519,0.915152529109916,0.164045244072031,0.0307504577092821,0.5,-0.012600193165105,CBCbothPairsRW,CBCdriftDiffusionLR,0.5,0.187451077190508,0.0252003863302099,0.682506416452257,3.80156175311773,2.48491681524145,0.5,53.840918451738
CBC_1016,CBC_1016_MSI_AV_v3_Vset4_Aset1_2023-06-25_15h20.06.953.csv,3,37,1,0,z,0,1,2,aud,A,63,1,1A,0A,0,1,z,1.7287404000017,0,1,1,1,0A,1A,A10,2.85263142991332,0.922800289015391,0.429004743995204,0.475117143405386,0.487399806834895,0.429004743995204,0.922800289015391,0.487399806834895,0.475117143405386,0.386055923082369,0.487399806834895,0.866705213637251,0.305784232281131,0.487399806834895,0.475117143405386,0.377559504810823,0.809356578634793,0.682643033929404,0.317356966070596,0.922800289015391,0.429004743995204,0.449727993390691,0.969279283013492,0.0771997109846086,0.0144711689828608,0.429004743995204,-0.0108110852861719,CBCbothPairsRW,CBCdriftDiffusionLR,0.5,0.187451077190508,0.0252003863302099,0.682506416452257,3.80156175311773,2.48491681524145,0.5,53.840918451738
CBC_1016,CBC_1016_MSI_AV_v3_Vset4_Aset1_2023-06-25_15h20.06.953.csv,3,38,3,1,b,1,0,0,aud,D,27,1,3D,1D,1,0,b,1.07411019999927,1,0,1,1,3D,1D,D31,3.27714473299218,0.937271457998252,0.418193658709032,0.475117143405386,0.487399806834895,0.429004743995204,0.922800289015391,0.487399806834895,0.475117143405386,0.386055923082369,0.487399806834895,0.866705213637251,0.305784232281131,0.487399806834895,0.475117143405386,0.377559504810823,0.809356578634793,0.630107541125295,0.369892458874705,0.809356578634793,0.475117143405386,0.796320202354198,0.921443836301442,0.190643421365207,0.035736314694192,0.475117143405386,-0.0119731355659215,CBCbothPairsRW,CBCdriftDiffusionLR,0.5,0.187451077190508,0.0252003863302099,0.682506416452257,3.80156175311773,2.48491681524145,0.5,53.840918451738
CBC_1016,CBC_1016_MSI_AV_v3_Vset4_Aset1_2023-06-25_15h20.06.953.csv,3,39,0,1,z,0,1,1,aud,B,63,1,0B,1B,0,1,z,0.830896499999653,0,1,1,1,1B,0B,B01,3.29583686600433,0.937271457998252,0.418193658709032,0.475117143405386,0.487399806834895,0.429004743995204,0.922800289015391,0.487399806834895,0.475117143405386,0.386055923082369,0.487399806834895,0.866705213637251,0.305784232281131,0.487399806834895,0.463144007839464,0.377559504810823,0.845092893328985,0.682643033929404,0.317356966070596,0.922800289015391,0.429004743995204,0.232222509992251,0.969191187087542,0.0771997109846086,0.0144711689828608,0.429004743995204,-0.0108110852861719,CBCbothPairsRW,CBCdriftDiffusionLR,0.5,0.187451077190508,0.0252003863302099,0.682506416452257,3.80156175311773,2.48491681524145,0.5,53.840918451738
CBC_1016,CBC_1016_MSI_AV_v3_Vset4_Aset1_2023-06-25_15h20.06.953.csv,3,40,2,3,b,1,0,3,aud,C,63,0,2C,3C,0,1,b,1.30928169999606,1,0,1,0,2C,3C,C23,2.90872089656436,0.937271457998252,0.418193658709032,0.475117143405386,0.487399806834895,0.418193658709032,0.937271457998252,0.487399806834895,0.475117143405386,0.386055923082369,0.487399806834895,0.866705213637251,0.305784232281131,0.487399806834895,0.463144007839464,0.377559504810823,0.845092893328985,0.739200865862278,0.260799134137722,0.866705213637251,0.305784232281131,0.990312069150916,0.989196919541362,-0.866705213637251,-0.162464825902932,-0.694215767718869,0.0174945055430388,CBCbothPairsRW,CBCdriftDiffusionLR,0.5,0.187451077190508,0.0252003863302099,0.682506416452257,3.80156175311773,2.48491681524145,0.5,53.840918451738
CBC_1016,CBC_1016_MSI_AV_v3_Vset4_Aset1_2023-06-25_15h20.06.953.csv,3,41,2,0,z,0,1,2,aud,A,27,1,2A,0A,0,1,z,1.64133349999975,0,1,1,1,0A,2A,A20,3.3322045101752,0.937271457998252,0.418193658709032,0.475117143405386,0.487399806834895,0.418193658709032,0.937271457998252,0.487399806834895,0.475117143405386,0.386055923082369,0.487399806834895,0.704240387734319,0.32327873782417,0.487399806834895,0.463144007839464,0.377559504810823,0.845092893328985,0.66360735074383,0.33639264925617,0.937271457998252,0.475117143405386,0.524716855591044,0.956469879335113,0.0627285420017478,0.0117585327688177,0.475117143405386,-0.0119731355659215,CBCbothPairsRW,CBCdriftDiffusionLR,0.5,0.187451077190508,0.0252003863302099,0.682506416452257,3.80156175311773,2.48491681524145,0.5,53.840918451738
CBC_1016,CBC_1016_MSI_AV_v3_Vset4_Aset1_2023-06-25_15h20.06.953.csv,3,42,3,2,b,1,0,0,aud,D,63,1,3D,2D,1,0,b,1.56244069999957,1,0,1,1,3D,2D,D32,4.04305126783455,0.94902999076707,0.418193658709032,0.463144007839464,0.487399806834895,0.418193658709032,0.937271457998252,0.487399806834895,0.475117143405386,0.386055923082369,0.487399806834895,0.704240387734319,0.32327873782417,0.487399806834895,0.463144007839464,0.377559504810823,0.845092893328985,0.691196365062337,0.308803634937663,0.845092893328985,0.377559504810823,0.598411129469208,0.973780413142038,0.154907106671015,0.0290375040099468,0.377559504810823,-0.0095146453838755,CBCbothPairsRW,CBCdriftDiffusionLR,0.5,0.187451077190508,0.0252003863302099,0.682506416452257,3.80156175311773,2.48491681524145,0.5,53.840918451738
CBC_1016,CBC_1016_MSI_AV_v3_Vset4_Aset1_2023-06-25_15h20.06.953.csv,3,43,3,1,z,0,1,1,aud,B,27,1,3B,1B,0,1,z,0.919422999999369,0,1,1,1,1B,3B,B31,3.36729582998647,0.94902999076707,0.418193658709032,0.463144007839464,0.487399806834895,0.418193658709032,0.937271457998252,0.487399806834895,0.475117143405386,0.386055923082369,0.487399806834895,0.704240387734319,0.32327873782417,0.487399806834895,0.463144007839464,0.368044859426948,0.874130397338932,0.66360735074383,0.33639264925617,0.937271457998252,0.475117143405386,0.645455718531821,0.956484125708688,0.0627285420017478,0.0117585327688177,0.475117143405386,-0.0119731355659215,CBCbothPairsRW,CBCdriftDiffusionLR,0.5,0.187451077190508,0.0252003863302099,0.682506416452257,3.80156175311773,2.48491681524145,0.5,53.840918451738
CBC_1016,CBC_1016_MSI_AV_v3_Vset4_Aset1_2023-06-25_15h20.06.953.csv,3,44,2,3,b,1,0,3,aud,C,63,1,2C,3C,1,0,b,1.94168569999965,1,0,1,1,2C,3C,C23,2.69124308278583,0.94902999076707,0.418193658709032,0.463144007839464,0.487399806834895,0.418193658709032,0.94902999076707,0.487399806834895,0.463144007839464,0.386055923082369,0.487399806834895,0.704240387734319,0.32327873782417,0.487399806834895,0.463144007839464,0.368044859426948,0.874130397338932,0.68537934741754,0.31462065258246,0.704240387734319,0.32327873782417,0.306171902308986,0.97089493980777,0.295759612265681,0.055440457908649,0.32327873782417,-0.00814674908551174,CBCbothPairsRW,CBCdriftDiffusionLR,0.5,0.187451077190508,0.0252003863302099,0.682506416452257,3.80156175311773,2.48491681524145,0.5,53.840918451738
CBC_1016,CBC_1016_MSI_TV_v3_Vset3_Tset2_2023-06-25_16h33.10.466.csv,4,1,1,3,b,1,0,1,tac,B,27,1,1B,3B,1,0,z,1.32172530000025,0,1,0,0,3B,1B,B13,2.77258872223978,0.5,0.5,0.5,0.5,0.5,0.5,0.5,0.5,0.5,0.5,0.5,0.5,0.5,0.5,0.5,0.5,0.5,0.5,0.5,0.5,0.330001773779664,0.49980654018846,-0.5,-0.197702952834432,-0.5,0.490042559480835,CBCbothPairsRW,CBCdriftDiffusionLR,0.5,0.395405905668864,0.98008511896167,0.889083127390855,0.421499406949675,2.36257518687249,0.5,74.6649243967722
CBC_1016,CBC_1016_MSI_TV_v3_Vset3_Tset2_2023-06-25_16h33.10.466.csv,4,2,3,2,z,0,1,3,tac,C,63,1,3C,2C,0,1,z,1.68228909999743,0,1,1,1,2C,3C,C32,2.83321334405622,0.5,0.5,0.5,0.5,0.5,0.990042559480835,0.5,0.302297047165568,0.5,0.5,0.5,0.5,0.5,0.5,0.5,0.5,0.5,0.5,0.5,0.5,0.275791775897545,0.499488219389392,0.5,0.197702952834432,0.5,-0.490042559480835,CBCbothPairsRW,CBCdriftDiffusionLR,0.5,0.395405905668864,0.98008511896167,0.889083127390855,0.421499406949675,2.36257518687249,0.5,74.6649243967722
CBC_1016,CBC_1016_MSI_TV_v3_Vset3_Tset2_2023-06-25_16h33.10.466.csv,4,3,3,2,b,1,0,0,tac,D,63,1,3D,2D,1,0,b,1.0271576999985,1,0,1,1,3D,2D,D32,2.89037175789616,0.5,0.5,0.5,0.5,0.5,0.990042559480835,0.5,0.302297047165568,0.5,0.5,0.697702952834432,0.00995744051916481,0.5,0.5,0.5,0.5,0.5,0.5,0.5,0.5,0.0585137263334469,0.498555358324664,0.5,0.197702952834432,0.5,-0.490042559480835,CBCbothPairsRW,CBCdriftDiffusionLR,0.5,0.395405905668864,0.98008511896167,0.889083127390855,0.421499406949675,2.36257518687249,0.5,74.6649243967722
CBC_1016,CBC_1016_MSI_TV_v3_Vset3_Tset2_2023-06-25_16h33.10.466.csv,4,4,0,1,z,0,1,1,tac,B,63,1,0B,1B,0,1,z,2.25734360000206,0,1,1,1,1B,0B,B01,2.94443897916644,0.5,0.5,0.5,0.5,0.5,0.990042559480835,0.5,0.302297047165568,0.5,0.5,0.697702952834432,0.00995744051916481,0.5,0.5,0.00995744051916481,0.697702952834432,0.664439114964467,0.335560885035533,0.990042559480835,0.5,0.195420495636311,0.581979603062382,0.00995744051916481,0.0039372307866242,0.5,-0.490042559480835,CBCbothPairsRW,CBCdriftDiffusionLR,0.5,0.395405905668864,0.98008511896167,0.889083127390855,0.421499406949675,2.36257518687249,0.5,74.6649243967722
CBC_1016,CBC_1016_MSI_TV_v3_Vset3_Tset2_2023-06-25_16h33.10.466.csv,4,5,0,3,b,1,0,2,tac,A,9,1,0A,3A,1,0,z,2.43346450000172,0,1,0,0,3A,0A,A03,2.99573227355399,0.5,0.5,0.5,0.5,0.00995744051916481,0.993979790267459,0.5,0.302297047165568,0.5,0.5,0.697702952834432,0.00995744051916481,0.5,0.5,0.00995744051916481,0.697702952834432,0.5,0.5,0.5,0.5,0.143574959148269,0.499654642794816,-0.5,-0.197702952834432,-0.5,0.490042559480835,CBCbothPairsRW,CBCdriftDiffusionLR,0.5,0.395405905668864,0.98008511896167,0.889083127390855,0.421499406949675,2.36257518687249,0.5,74.6649243967722
CBC_1016,CBC_1016_MSI_TV_v3_Vset3_Tset2_2023-06-25_16h33.10.466.csv,4,6,3,2,b,1,0,0,tac,D,63,1,3D,2D,1,0,b,1.60803919999671,1,0,1,1,3D,2D,D32,2.35137525716348,0.990042559480835,0.5,0.5,0.302297047165568,0.00995744051916481,0.993979790267459,0.5,0.302297047165568,0.5,0.5,0.697702952834432,0.00995744051916481,0.5,0.5,0.00995744051916481,0.697702952834432,0.985929069066623,0.0140709309333769,0.697702952834432,0.00995744051916481,0.446999557069458,0.724873815758657,0.302297047165568,0.119530037715525,0.00995744051916481,-0.0097591392757794,CBCbothPairsRW,CBCdriftDiffusionLR,0.5,0.395405905668864,0.98008511896167,0.889083127390855,0.421499406949675,2.36257518687249,0.5,74.6649243967722
CBC_1016,CBC_1016_MSI_TV_v3_Vset3_Tset2_2023-06-25_16h33.10.466.csv,4,7,0,2,z,0,1,3,tac,C,27,1,0C,2C,0,1,z,1.9523208999999,0,1,1,1,2C,0C,C02,3.09104245335832,0.990042559480835,0.5,0.5,0.302297047165568,0.00995744051916481,0.993979790267459,0.5,0.302297047165568,0.5,0.5,0.697702952834432,0.00995744051916481,0.5,0.5,0.00019830124338541,0.817232990549957,0.582534217840307,0.417465782159693,0.697702952834432,0.5,0.237769090376001,0.541178977342226,0.302297047165568,0.119530037715525,0.5,-0.490042559480835,CBCbothPairsRW,CBCdriftDiffusionLR,0.5,0.395405905668864,0.98008511896167,0.889083127390855,0.421499406949675,2.36257518687249,0.5,74.6649243967722
CBC_1016,CBC_1016_MSI_TV_v3_Vset3_Tset2_2023-06-25_16h33.10.466.csv,4,8,0,1,b,1,0,2,tac,A,63,1,0A,1A,1,0,b,2.15419789999942,1,0,1,1,0A,1A,A01,3.13549421592915,0.990042559480835,0.5,0.5,0.302297047165568,0.00995744051916481,0.993979790267459,0.5,0.302297047165568,0.00995744051916481,0.5,0.817232990549957,0.00995744051916481,0.5,0.5,0.00019830124338541,0.817232990549957,0.664439114964467,0.335560885035533,0.990042559480835,0.5,0.213879597427346,0.580984021802709,0.00995744051916481,0.0039372307866242,0.5,-0.490042559480835,CBCbothPairsRW,CBCdriftDiffusionLR,0.5,0.395405905668864,0.98008511896167,0.889083127390855,0.421499406949675,2.36257518687249,0.5,74.6649243967722
CBC_1016,CBC_1016_MSI_TV_v3_Vset3_Tset2_2023-06-25_16h33.10.466.csv,4,9,1,0,b,1,0,1,tac,B,63,1,1B,0B,1,0,b,3.35097250000035,1,0,1,1,1B,0B,B10,3.17805383034795,0.993979790267459,0.00995744051916481,0.5,0.302297047165568,0.00995744051916481,0.993979790267459,0.5,0.302297047165568,0.00995744051916481,0.5,0.817232990549957,0.00995744051916481,0.5,0.5,0.00019830124338541,0.817232990549957,0.990081610469449,0.00991838953055139,0.993979790267459,0.00995744051916481,0.0842828244940459,0.725776521017481,0.00602020973254058,0.00238042648161172,0.00995744051916481,-0.0097591392757794,CBCbothPairsRW,CBCdriftDiffusionLR,0.5,0.395405905668864,0.98008511896167,0.889083127390855,0.421499406949675,2.36257518687249,0.5,74.6649243967722
CBC_1016,CBC_1016_MSI_TV_v3_Vset3_Tset2_2023-06-25_16h33.10.466.csv,4,10,1,3,z,0,1,0,tac,D,27,1,1D,3D,0,1,b,3.19569880000199,1,0,0,0,1D,3D,D13,3.2188758248682,0.993979790267459,0.00995744051916481,0.5,0.302297047165568,0.00019830124338541,0.996360216749071,0.5,0.302297047165568,0.00995744051916481,0.5,0.817232990549957,0.00995744051916481,0.5,0.5,0.00019830124338541,0.817232990549957,0.379583569184101,0.620416430815899,0.5,0.817232990549957,0.0642300968002708,0.440557082388224,-0.5,-0.197702952834432,-0.182767009450043,0.179127226199114,CBCbothPairsRW,CBCdriftDiffusionLR,0.5,0.395405905668864,0.98008511896167,0.889083127390855,0.421499406949675,2.36257518687249,0.5,74.6649243967722
CBC_1016,CBC_1016_MSI_TV_v3_Vset3_Tset2_2023-06-25_16h33.10.466.csv,4,11,3,2,z,0,1,3,tac,C,63,1,3C,2C,0,1,z,2.15608829999837,0,1,1,1,2C,3C,C32,2.56494935746154,0.993979790267459,0.00995744051916481,0.5,0.302297047165568,0.00019830124338541,0.996360216749071,0.5,0.302297047165568,0.00995744051916481,0.5,0.817232990549957,0.00995744051916481,0.5,0.302297047165568,0.00019830124338541,0.996360216749071,0.987962335944463,0.0120376640555369,0.817232990549957,0.00995744051916481,0.26826411908482,0.726057347847498,0.182767009450043,0.0722671548979842,0.00995744051916481,-0.0097591392757794,CBCbothPairsRW,CBCdriftDiffusionLR,0.5,0.395405905668864,0.98008511896167,0.889083127390855,0.421499406949675,2.36257518687249,0.5,74.6649243967722
CBC_1016,CBC_1016_MSI_TV_v3_Vset3_Tset2_2023-06-25_16h33.10.466.csv,4,12,1,0,b,1,0,1,tac,B,63,1,1B,0B,1,0,z,2.39956979999988,0,1,0,0,0B,1B,B10,2.60268968544438,0.993979790267459,0.00995744051916481,0.5,0.302297047165568,0.00019830124338541,0.996360216749071,0.5,0.302297047165568,0.00995744051916481,0.5,0.889500145447941,0.00019830124338541,0.5,0.302297047165568,0.00019830124338541,0.996360216749071,0.000198986050297261,0.999801013949703,0.00019830124338541,0.996360216749071,0.0784952844405628,0.269156961672196,-0.00019830124338541,-7.840948273607e-05,-0.00363978325092884,0.00356729740048129,CBCbothPairsRW,CBCdriftDiffusionLR,0.5,0.395405905668864,0.98008511896167,0.889083127390855,0.421499406949675,2.36257518687249,0.5,74.6649243967722
CBC_1016,CBC_1016_MSI_TV_v3_Vset3_Tset2_2023-06-25_16h33.10.466.csv,4,13,0,1,b,1,0,2,tac,A,63,1,0A,1A,1,0,z,2.81628660000206,0,1,0,0,1A,0A,A01,2.63905732961526,0.993979790267459,0.00995744051916481,0.5,0.302297047165568,0.00011989176064934,0.999927514149552,0.5,0.302297047165568,0.00995744051916481,0.5,0.889500145447941,0.00019830124338541,0.5,0.302297047165568,0.00019830124338541,0.996360216749071,0.00991838953055139,0.990081610469449,0.00995744051916481,0.993979790267459,0.0532994417873975,0.273502167597411,-0.00995744051916481,-0.0039372307866242,-0.00602020973254058,0.00590031797189124,CBCbothPairsRW,CBCdriftDiffusionLR,0.5,0.395405905668864,0.98008511896167,0.889083127390855,0.421499406949675,2.36257518687249,0.5,74.6649243967722
CBC_1016,CBC_1016_MSI_TV_v3_Vset3_Tset2_2023-06-25_16h33.10.466.csv,4,14,1,2,z,0,1,3,tac,C,9,1,1C,2C,0,1,z,2.08858600000167,0,1,1,1,2C,1C,C12,3.36729582998647,0.999880108239351,0.0060202097325406,0.5,0.302297047165568,0.00011989176064934,0.999927514149552,0.5,0.302297047165568,0.00995744051916481,0.5,0.889500145447941,0.00019830124338541,0.5,0.302297047165568,0.00019830124338541,0.996360216749071,0.640158368001601,0.359841631998399,0.889500145447941,0.5,0.222144118724593,0.569470139666655,0.110499854552059,0.0436922950654347,0.5,-0.490042559480835,CBCbothPairsRW,CBCdriftDiffusionLR,0.5,0.395405905668864,0.98008511896167,0.889083127390855,0.421499406949675,2.36257518687249,0.5,74.6649243967722
CBC_1016,CBC_1016_MSI_TV_v3_Vset3_Tset2_2023-06-25_16h33.10.466.csv,4,15,1,0,z,0,1,2,tac,A,63,1,1A,0A,0,1,z,2.8656482999977,0,1,1,1,0A,1A,A10,3.40119738166216,0.999880108239351,0.0060202097325406,0.5,0.302297047165568,0.00011989176064934,0.999927514149552,0.5,0.302297047165568,0.00995744051916481,0.00995744051916481,0.933192440513376,0.00019830124338541,0.5,0.302297047165568,0.00019830124338541,0.996360216749071,0.99401510306242,0.00598489693757988,0.999880108239351,0.0060202097325406,0.135011115929238,0.726969140306571,0.000119891760649304,4.74059102017729e-05,0.00602020973254058,-0.00590031797189124,CBCbothPairsRW,CBCdriftDiffusionLR,0.5,0.395405905668864,0.98008511896167,0.889083127390855,0.421499406949675,2.36257518687249,0.5,74.6649243967722
CBC_1016,CBC_1016_MSI_TV_v3_Vset3_Tset2_2023-06-25_16h33.10.466.csv,4,16,3,1,b,1,0,0,tac,D,27,1,3D,1D,1,0,b,2.35269060000064,1,0,1,1,3D,1D,D31,3.43398720448515,0.999927514149552,0.000119891760649362,0.5,0.302297047165568,0.00011989176064934,0.999927514149552,0.5,0.302297047165568,0.00995744051916481,0.00995744051916481,0.933192440513376,0.00019830124338541,0.5,0.302297047165568,0.00019830124338541,0.996360216749071,0.767223380975569,0.232776619024431,0.996360216749071,0.302297047165568,0.194134334395785,0.630427104307705,0.00363978325092884,0.00143919179277188,0.302297047165568,-0.296276837433027,CBCbothPairsRW,CBCdriftDiffusionLR,0.5,0.395405905668864,0.98008511896167,0.889083127390855,0.421499406949675,2.36257518687249,0.5,74.6649243967722
CBC_1016,CBC_1016_MSI_TV_v3_Vset3_Tset2_2023-06-25_16h33.10.466.csv,4,17,0,1,z,0,1,1,tac,B,63,1,0B,1B,0,1,b,2.40854229999968,1,0,0,0,0B,1B,B01,2.77258872223978,0.999927514149552,0.000119891760649362,0.5,0.302297047165568,0.00011989176064934,0.999927514149552,0.5,0.302297047165568,0.00995744051916481,0.00995744051916481,0.933192440513376,0.00019830124338541,0.5,0.00602020973254058,0.00019830124338541,0.997799408541843,0.000119886077340724,0.999880113922659,0.00011989176064934,0.999927514149552,0.0781743634553406,0.270340622068208,-0.00011989176064934,-4.74059102017871e-05,-7.24858504475012e-05,7.10423033588771e-05,CBCbothPairsRW,CBCdriftDiffusionLR,0.5,0.395405905668864,0.98008511896167,0.889083127390855,0.421499406949675,2.36257518687249,0.5,74.6649243967722
CBC_1016,CBC_1016_MSI_TV_v3_Vset3_Tset2_2023-06-25_16h33.10.466.csv,4,18,2,3,b,1,0,3,tac,C,63,0,2C,3C,0,1,b,2.31660499999998,1,0,1,0,2C,3C,C23,3.49650756146648,0.999927514149552,0.000119891760649362,0.5,0.302297047165568,7.24858504475533e-05,0.999998556452911,0.5,0.302297047165568,0.00995744051916481,0.00995744051916481,0.933192440513376,0.00019830124338541,0.5,0.00602020973254058,0.00019830124338541,0.997799408541843,0.999787547449836,0.000212452550163699,0.933192440513376,0.00019830124338541,0.230932611717721,0.730420254823285,-0.933192440513376,-0.368989802104529,-0.999801698756615,0.979890766863957,CBCbothPairsRW,CBCdriftDiffusionLR,0.5,0.395405905668864,0.98008511896167,0.889083127390855,0.421499406949675,2.36257518687249,0.5,74.6649243967722
CBC_1016,CBC_1016_MSI_TV_v3_Vset3_Tset2_2023-06-25_16h33.10.466.csv,4,19,2,0,z,0,1,2,tac,A,27,1,2A,0A,0,1,b,2.61403890000292,1,0,0,0,2A,0A,A20,3.52636052461616,0.999927514149552,0.000119891760649362,0.5,0.302297047165568,7.24858504475533e-05,0.999998556452911,0.5,0.302297047165568,0.00995744051916481,0.00995744051916481,0.564202638408847,0.980089068107342,0.5,0.00602020973254058,0.00019830124338541,0.997799408541843,0.333349442078537,0.666650557921463,0.5,0.999927514149552,0.102100761194826,0.418177811346112,-0.5,-0.197702952834432,-7.24858504475012e-05,7.10423033588771e-05,CBCbothPairsRW,CBCdriftDiffusionLR,0.5,0.395405905668864,0.98008511896167,0.889083127390855,0.421499406949675,2.36257518687249,0.5,74.6649243967722
CBC_1016,CBC_1016_MSI_TV_v3_Vset3_Tset2_2023-06-25_16h33.10.466.csv,4,20,3,2,b,1,0,0,tac,D,63,1,3D,2D,1,0,b,2.836809299999,1,0,1,1,3D,2D,D32,2.4567357728213,0.999998556452911,0.000119891760649362,0.302297047165568,0.302297047165568,7.24858504475533e-05,0.999998556452911,0.5,0.302297047165568,0.00995744051916481,0.00995744051916481,0.564202638408847,0.980089068107342,0.5,0.00602020973254058,0.00019830124338541,0.997799408541843,0.999801300903358,0.000198699096642301,0.997799408541843,0.00019830124338541,0.139203252719233,0.730284314793382,0.00220059145815699,0.000870126858519729,0.000198301243385379,-0.000194352097713607,CBCbothPairsRW,CBCdriftDiffusionLR,0.5,0.395405905668864,0.98008511896167,0.889083127390855,0.421499406949675,2.36257518687249,0.5,74.6649243967722
CBC_1016,CBC_1016_MSI_TV_v3_Vset3_Tset2_2023-06-25_16h33.10.466.csv,4,21,3,1,z,0,1,1,tac,B,27,1,3B,1B,0,1,z,3.499053800002,0,1,1,1,1B,3B,B31,3.58351893845611,0.999998556452911,0.000119891760649362,0.302297047165568,0.302297047165568,7.24858504475533e-05,0.999998556452911,0.5,0.302297047165568,0.00995744051916481,0.00995744051916481,0.564202638408847,0.980089068107342,0.5,0.00602020973254058,3.94914567180391e-06,0.998669535400363,0.767873709835445,0.232126290164555,0.999998556452911,0.302297047165568,0.068437399833058,0.630477211001004,1.44354708864203e-06,5.70787043960153e-07,0.302297047165568,-0.296276837433027,CBCbothPairsRW,CBCdriftDiffusionLR,0.5,0.395405905668864,0.98008511896167,0.889083127390855,0.421499406949675,2.36257518687249,0.5,74.6649243967722
CBC_1016,CBC_1016_MSI_TV_v3_Vset3_Tset2_2023-06-25_16h33.10.466.csv,4,22,3,2,z,0,1,3,tac,C,63,1,3C,2C,0,1,z,2.34522360000119,0,1,1,1,2C,3C,C32,2.51230562397611,0.999998556452911,0.000119891760649362,0.302297047165568,0.302297047165568,7.24858504475533e-05,0.999999127239955,0.5,0.00602020973254058,0.00995744051916481,0.00995744051916481,0.564202638408847,0.980089068107342,0.5,0.00602020973254058,3.94914567180391e-06,0.998669535400363,0.365347191873255,0.634652808126745,0.564202638408847,0.980089068107342,0.134500273070264,0.433148393586083,0.435797361591153,0.172316850448051,0.980089068107342,-0.960570710909017,CBCbothPairsRW,CBCdriftDiffusionLR,0.5,0.395405905668864,0.98008511896167,0.889083127390855,0.421499406949675,2.36257518687249,0.5,74.6649243967722
CBC_1016,CBC_1016_MSI_TV_v3_Vset3_Tset2_2023-06-25_16h33.10.466.csv,4,23,0,1,b,1,0,2,tac,A,63,1,0A,1A,1,0,z,3.02400179999677,0,1,0,0,1A,0A,A01,2.53897387105828,0.999998556452911,0.000119891760649362,0.302297047165568,0.302297047165568,7.24858504475533e-05,0.999999127239955,0.5,0.00602020973254058,0.00995744051916481,0.00995744051916481,0.736519488856898,0.0195183571983251,0.5,0.00602020973254058,3.94914567180391e-06,0.998669535400363,0.000119877561366372,0.999880122438634,0.000119891760649362,0.999998556452911,0.0429591635907782,0.270277686087176,-0.000119891760649362,-4.74059102017955e-05,-1.44354708864203e-06,1.41479902009849e-06,CBCbothPairsRW,CBCdriftDiffusionLR,0.5,0.395405905668864,0.98008511896167,0.889083127390855,0.421499406949675,2.36257518687249,0.5,74.6649243967722
CBC_1016,CBC_1016_MSI_TV_v3_Vset3_Tset2_2023-06-25_16h33.10.466.csv,4,24,2,1,z,0,1,1,tac,B,9,1,2B,1B,0,1,z,1.60966340000232,0,1,1,1,1B,2B,B21,3.66356164612965,0.999999971251931,7.24858504475661e-05,0.302297047165568,0.302297047165568,7.24858504475533e-05,0.999999127239955,0.5,0.00602020973254058,0.00995744051916481,0.00995744051916481,0.736519488856898,0.0195183571983251,0.5,0.00602020973254058,3.94914567180391e-06,0.998669535400363,0.666666472719877,0.333333527280123,0.999999127239955,0.5,0.342693002909206,0.582540563303965,8.72760044678955e-07,3.4509447589788e-07,0.5,-0.490042559480835,CBCbothPairsRW,CBCdriftDiffusionLR,0.5,0.395405905668864,0.98008511896167,0.889083127390855,0.421499406949675,2.36257518687249,0.5,74.6649243967722
CBC_1016,CBC_1016_MSI_TV_v3_Vset3_Tset2_2023-06-25_16h33.10.466.csv,4,25,2,3,b,1,0,3,tac,C,63,1,2C,3C,1,0,b,2.18306149999989,1,0,1,1,2C,3C,C23,2.99573227355399,0.999999971251931,7.24858504475661e-05,0.302297047165568,0.302297047165568,7.24858504475533e-05,0.999999472334431,0.00995744051916481,0.00602020973254058,0.00995744051916481,0.00995744051916481,0.736519488856898,0.0195183571983251,0.5,0.00602020973254058,3.94914567180391e-06,0.998669535400363,0.974183359602742,0.0258166403972578,0.736519488856898,0.0195183571983251,0.25913926355422,0.719902809736637,0.263480511143102,0.104181750134633,0.0195183571983251,-0.0191296514366568,CBCbothPairsRW,CBCdriftDiffusionLR,0.5,0.395405905668864,0.98008511896167,0.889083127390855,0.421499406949675,2.36257518687249,0.5,74.6649243967722
CBC_1016,CBC_1016_MSI_TV_v3_Vset3_Tset2_2023-06-25_16h33.10.466.csv,4,26,2,3,z,0,1,0,tac,D,63,1,2D,3D,0,1,z,1.63630530000228,0,1,1,1,3D,2D,D23,3.71357206670431,0.999999971251931,7.24858504475661e-05,0.302297047165568,0.302297047165568,7.24858504475533e-05,0.999999472334431,0.00995744051916481,0.00602020973254058,0.00995744051916481,0.00995744051916481,0.840701238991531,0.00038870576166827,0.5,0.00602020973254058,3.94914567180391e-06,0.998669535400363,0.999996045608767,3.95439123288536e-06,0.998669535400363,3.94914567180391e-06,0.441051004204691,0.730546834165741,0.00133046459963726,0.000526073559979933,3.94914567181104e-06,-3.87049890555389e-06,CBCbothPairsRW,CBCdriftDiffusionLR,0.5,0.395405905668864,0.98008511896167,0.889083127390855,0.421499406949675,2.36257518687249,0.5,74.6649243967722
CBC_1016,CBC_1016_MSI_TV_v3_Vset3_Tset2_2023-06-25_16h33.10.466.csv,4,27,0,1,z,0,1,1,tac,B,63,1,0B,1B,0,1,z,2.62918889999855,0,1,1,1,1B,0B,B01,2.63905732961526,0.999999971251931,7.24858504475661e-05,0.302297047165568,0.302297047165568,7.24858504475533e-05,0.999999472334431,0.00995744051916481,0.00602020973254058,0.00995744051916481,0.00995744051916481,0.840701238991531,0.00038870576166827,0.5,0.00602020973254058,7.86467662500221e-08,0.999195608960343,0.999927519365127,7.2480634872629e-05,0.999999472334431,7.24858504475533e-05,0.17033231810075,0.730095901202048,5.27665568794689e-07,2.0864208211954e-07,7.24858504475012e-05,-7.10423033588771e-05,CBCbothPairsRW,CBCdriftDiffusionLR,0.5,0.395405905668864,0.98008511896167,0.889083127390855,0.421499406949675,2.36257518687249,0.5,74.6649243967722
CBC_1016,CBC_1016_MSI_TV_v3_Vset3_Tset2_2023-06-25_16h33.10.466.csv,4,28,0,2,b,1,0,2,tac,A,27,1,0A,2A,1,0,b,1.24445460000061,1,0,1,1,0A,2A,A02,3.76120011569356,0.999999971251931,7.24858504475661e-05,0.302297047165568,0.302297047165568,1.44354708867623e-06,0.999999680976513,0.00995744051916481,0.00602020973254058,0.00995744051916481,0.00995744051916481,0.840701238991531,0.00038870576166827,0.5,0.00602020973254058,7.86467662500221e-08,0.999195608960343,0.767873962014512,0.232126037985488,0.999999971251931,0.302297047165568,0.404174911366102,0.630401033831113,2.87480685923214e-08,1.13671560979775e-08,0.302297047165568,-0.296276837433027,CBCbothPairsRW,CBCdriftDiffusionLR,0.5,0.395405905668864,0.98008511896167,0.889083127390855,0.421499406949675,2.36257518687249,0.5,74.6649243967722
CBC_1016,CBC_1016_MSI_TV_v3_Vset3_Tset2_2023-06-25_16h33.10.466.csv,4,29,1,3,z,0,1,0,tac,D,27,1,1D,3D,0,1,z,2.33787569999913,0,1,1,1,3D,1D,D13,3.09104245335832,0.999999982619088,7.24858504475661e-05,0.00602020973254058,0.302297047165568,1.44354708867623e-06,0.999999680976513,0.00995744051916481,0.00602020973254058,0.00995744051916481,0.00995744051916481,0.840701238991531,0.00038870576166827,0.5,0.00602020973254058,7.86467662500221e-08,0.999195608960343,0.994011027661335,0.00598897233866541,0.999195608960343,0.00602020973254058,0.225689720145776,0.728561908554006,0.000804391039657348,0.000318060967547633,0.00602020973254058,-0.00590031797189124,CBCbothPairsRW,CBCdriftDiffusionLR,0.5,0.395405905668864,0.98008511896167,0.889083127390855,0.421499406949675,2.36257518687249,0.5,74.6649243967722
CBC_1016,CBC_1016_MSI_TV_v3_Vset3_Tset2_2023-06-25_16h33.10.466.csv,4,30,1,0,z,0,1,2,tac,A,63,1,1A,0A,0,1,b,2.28259059999982,1,0,0,0,1A,0A,A10,3.11351530921037,0.999999982619088,7.24858504475661e-05,0.00602020973254058,0.302297047165568,1.44354708867623e-06,0.999999680976513,0.00995744051916481,0.00602020973254058,0.00995744051916481,0.00995744051916481,0.840701238991531,0.00038870576166827,0.5,0.00011989176064934,7.86467662500221e-08,0.99951366992789,7.24805978895661e-05,0.999927519402111,7.24858504475661e-05,0.999999982619088,0.0884057377938414,0.270502106236999,-7.24858504475661e-05,-2.86613333443977e-05,-1.73809124870417e-08,1.70347736825246e-08,CBCbothPairsRW,CBCdriftDiffusionLR,0.5,0.395405905668864,0.98008511896167,0.889083127390855,0.421499406949675,2.36257518687249,0.5,74.6649243967722
CBC_1016,CBC_1016_MSI_TV_v3_Vset3_Tset2_2023-06-25_16h33.10.466.csv,4,31,2,0,b,1,0,3,tac,C,27,1,2C,0C,1,0,b,2.21153259999846,1,0,1,1,2C,0C,C20,3.8286413964891,0.999999999653861,4.38245171031684e-05,0.00602020973254058,0.302297047165568,1.44354708867623e-06,0.999999680976513,0.00995744051916481,0.00602020973254058,0.00995744051916481,0.00995744051916481,0.840701238991531,0.00038870576166827,0.5,0.00011989176064934,7.86467662500221e-08,0.99951366992789,0.988294434937298,0.0117055650627022,0.840701238991531,0.00995744051916481,0.253885327570916,0.724966297515877,0.159298761008469,0.0629876708684814,0.00995744051916481,-0.0097591392757794,CBCbothPairsRW,CBCdriftDiffusionLR,0.5,0.395405905668864,0.98008511896167,0.889083127390855,0.421499406949675,2.36257518687249,0.5,74.6649243967722
CBC_1016,CBC_1016_MSI_TV_v3_Vset3_Tset2_2023-06-25_16h33.10.466.csv,4,32,2,3,z,0,1,0,tac,D,63,1,2D,3D,0,1,z,1.8286528000026,0,1,1,1,3D,2D,D23,3.15700042115011,0.999999999653861,4.38245171031684e-05,0.00602020973254058,0.302297047165568,1.44354708867623e-06,0.999999680976513,0.00995744051916481,0.00602020973254058,0.00019830124338541,0.00995744051916481,0.903688909860013,0.00038870576166827,0.5,0.00011989176064934,7.86467662500221e-08,0.99951366992789,0.999999921314973,7.86850269565329e-08,0.99951366992789,7.86467662500221e-08,0.369572368547067,0.729935888890189,0.000486330072109742,0.000192297782616556,7.86467662106105e-08,-7.70805252174769e-08,CBCbothPairsRW,CBCdriftDiffusionLR,0.5,0.395405905668864,0.98008511896167,0.889083127390855,0.421499406949675,2.36257518687249,0.5,74.6649243967722
CBC_1016,CBC_1016_MSI_TV_v3_Vset3_Tset2_2023-06-25_16h33.10.466.csv,4,33,1,0,b,1,0,1,tac,B,63,1,1B,0B,1,0,b,1.65191690000211,1,0,1,1,1B,0B,B10,2.77258872223978,0.999999999653861,4.38245171031684e-05,0.00602020973254058,0.302297047165568,1.44354708867623e-06,0.999999680976513,0.00995744051916481,0.00602020973254058,0.00019830124338541,0.00995744051916481,0.903688909860013,0.00038870576166827,0.5,0.00011989176064934,1.56624103254522e-09,0.999705967710507,0.999998556454535,1.44354546537529e-06,0.999999680976513,1.44354708867623e-06,0.434673621112851,0.730014150045724,3.19023486627934e-07,1.26143770659757e-07,1.44354708864203e-06,-1.41479902009849e-06,CBCbothPairsRW,CBCdriftDiffusionLR,0.5,0.395405905668864,0.98008511896167,0.889083127390855,0.421499406949675,2.36257518687249,0.5,74.6649243967722
CBC_1016,CBC_1016_MSI_TV_v3_Vset3_Tset2_2023-06-25_16h33.10.466.csv,4,34,0,1,b,1,0,2,tac,A,63,1,0A,1A,1,0,z,2.36914069999693,0,1,0,0,1A,0A,A01,2.50552593699074,0.999999999653861,4.38245171031684e-05,0.00602020973254058,0.302297047165568,2.87480685777397e-08,0.999999807120284,0.00995744051916481,0.00602020973254058,0.00019830124338541,0.00995744051916481,0.903688909860013,0.00038870576166827,0.5,0.00011989176064934,1.56624103254522e-09,0.999705967710507,4.38225966142023e-05,0.999956177403386,4.38245171031684e-05,0.999999999653861,0.0811918263292743,0.270231929455031,-4.38245171031684e-05,-1.73284728756789e-05,-3.46138784301786e-10,3.39245471589664e-10,CBCbothPairsRW,CBCdriftDiffusionLR,0.5,0.395405905668864,0.98008511896167,0.889083127390855,0.421499406949675,2.36257518687249,0.5,74.6649243967722
CBC_1016,CBC_1016_MSI_TV_v3_Vset3_Tset2_2023-06-25_16h33.10.466.csv,4,35,2,3,z,0,1,0,tac,D,63,0,2D,3D,1,0,z,1.42363309999928,0,1,1,0,3D,2D,D23,2.81341071676004,0.999999999993107,2.64960442274895e-05,0.00602020973254058,0.302297047165568,2.87480685777397e-08,0.999999807120284,0.00995744051916481,0.00602020973254058,0.00019830124338541,0.00995744051916481,0.903688909860013,0.00038870576166827,0.5,0.00011989176064934,1.56624103254522e-09,0.999705967710507,0.999999998433298,1.56670169097654e-09,0.999705967710507,1.56624103254522e-09,0.512857668743506,0.730231579923791,-0.999705967710507,-0.395289643565141,-0.999999998433759,0.980085117426621,CBCbothPairsRW,CBCdriftDiffusionLR,0.5,0.395405905668864,0.98008511896167,0.889083127390855,0.421499406949675,2.36257518687249,0.5,74.6649243967722
CBC_1016,CBC_1016_MSI_TV_v3_Vset3_Tset2_2023-06-25_16h33.10.466.csv,4,36,2,0,b,1,0,3,tac,C,27,1,2C,0C,1,0,b,1.93160920000082,1,0,1,1,2C,0C,C20,3.23867845216438,0.999999999993107,2.64960442274895e-05,0.00602020973254058,0.302297047165568,2.87480685777397e-08,0.999999807120284,0.00995744051916481,0.00602020973254058,0.00019830124338541,0.00995744051916481,0.903688909860013,0.00038870576166827,0.5,0.00011989176064934,0.980085118992862,0.604416324145366,0.999780612845331,0.00021938715466871,0.903688909860013,0.00019830124338541,0.335119567013713,0.730098070579078,0.0963110901399871,0.0380819738227572,0.000198301243385379,-0.000194352097713607,CBCbothPairsRW,CBCdriftDiffusionLR,0.5,0.395405905668864,0.98008511896167,0.889083127390855,0.421499406949675,2.36257518687249,0.5,74.6649243967722
CBC_1016,CBC_1016_MSI_TV_v3_Vset3_Tset2_2023-06-25_16h33.10.466.csv,4,37,0,1,b,1,0,2,tac,A,63,1,0A,1A,1,0,z,2.68393419999848,0,1,0,0,1A,0A,A01,2.34180580614733,0.999999999993107,2.64960442274895e-05,0.00602020973254058,0.302297047165568,2.87480685777397e-08,0.999999807120284,0.00995744051916481,0.00602020973254058,3.94914567180391e-06,0.00995744051916481,0.94177088368277,0.00038870576166827,0.5,0.00011989176064934,0.980085118992862,0.604416324145366,2.64953422059132e-05,0.999973504657794,2.64960442274895e-05,0.999999999993107,0.0597620374046351,0.270139781964241,-2.64960442274895e-05,-1.04766923644128e-05,-6.89326373759513e-12,6.7559852102951e-12,CBCbothPairsRW,CBCdriftDiffusionLR,0.5,0.395405905668864,0.98008511896167,0.889083127390855,0.421499406949675,2.36257518687249,0.5,74.6649243967722
CBC_1016,CBC_1016_MSI_TV_v3_Vset3_Tset2_2023-06-25_16h33.10.466.csv,4,38,1,3,b,1,0,1,tac,B,27,1,1B,3B,1,0,b,1.91728119999971,1,0,1,1,1B,3B,B13,3.27714473299218,0.999999999999863,1.60193518630767e-05,0.00602020973254058,0.302297047165568,2.87480685777397e-08,0.999999807120284,0.00995744051916481,0.00602020973254058,3.94914567180391e-06,0.00995744051916481,0.94177088368277,0.00038870576166827,0.5,0.00011989176064934,0.980085118992862,0.604416324145366,0.99401581516104,0.00598418483895963,0.999999807120284,0.00602020973254058,0.338717658609942,0.728196695181479,1.92879715976702e-07,7.62657787809209e-08,0.00602020973254058,-0.00590031797189124,CBCbothPairsRW,CBCdriftDiffusionLR,0.5,0.395405905668864,0.98008511896167,0.889083127390855,0.421499406949675,2.36257518687249,0.5,74.6649243967722
CBC_1016,CBC_1016_MSI_TV_v3_Vset3_Tset2_2023-06-25_16h33.10.466.csv,4,39,3,2,z,0,1,3,tac,C,63,1,3C,2C,0,1,z,2.34554909999861,0,1,1,1,2C,3C,C32,2.60268968544438,0.999999999999863,1.60193518630767e-05,0.00602020973254058,0.302297047165568,2.87480685777397e-08,0.999999883386063,0.00995744051916481,0.00011989176064934,3.94914567180391e-06,0.00995744051916481,0.94177088368277,0.00038870576166827,0.5,0.00011989176064934,0.980085118992862,0.604416324145366,0.999587431082777,0.000412568917222906,0.94177088368277,0.00038870576166827,0.224358198507282,0.729813726575282,0.0582291163172299,0.0230241364737119,0.000388705761668273,-0.000380964732665736,CBCbothPairsRW,CBCdriftDiffusionLR,0.5,0.395405905668864,0.98008511896167,0.889083127390855,0.421499406949675,2.36257518687249,0.5,74.6649243967722
CBC_1016,CBC_1016_MSI_TV_v3_Vset3_Tset2_2023-06-25_16h33.10.466.csv,4,40,3,2,b,1,0,0,tac,D,63,1,3D,2D,1,0,b,1.18311269999685,1,0,1,1,3D,2D,D32,2.62103882411258,0.999999999999863,1.60193518630767e-05,0.00602020973254058,0.302297047165568,2.87480685777397e-08,0.999999883386063,0.00995744051916481,0.00011989176064934,3.94914567180391e-06,0.00995744051916481,0.964795020156482,7.74102900253347e-06,0.5,0.00011989176064934,0.980085118992862,0.604416324145366,0.381455205839556,0.618544794160444,0.604416324145366,0.980085118992862,0.244442415609045,0.441210638186111,0.395583675854634,0.15641612161912,0.980085118992862,-0.960566840440682,CBCbothPairsRW,CBCdriftDiffusionLR,0.5,0.395405905668864,0.98008511896167,0.889083127390855,0.421499406949675,2.36257518687249,0.5,74.6649243967722
CBC_1016,CBC_1016_MSI_TV_v3_Vset3_Tset2_2023-06-25_16h33.10.466.csv,4,41,0,1,z,0,1,1,tac,B,63,1,0B,1B,0,1,b,1.73471960000097,1,0,0,0,0B,1B,B01,2.63905732961526,0.999999999999863,1.60193518630767e-05,0.00602020973254058,0.302297047165568,2.87480685777397e-08,0.999999883386063,0.00995744051916481,0.00011989176064934,3.94914567180391e-06,0.00995744051916481,0.964795020156482,7.74102900253347e-06,0.5,0.00011989176064934,0.0195182785521799,0.760832445764486,2.87480711037139e-08,0.999999971251929,2.87480685777397e-08,0.999999883386063,0.148926686485784,0.269380371370867,-2.87480685777397e-08,-1.13671560922118e-08,-1.16613937173327e-07,1.14291584487109e-07,CBCbothPairsRW,CBCdriftDiffusionLR,0.5,0.395405905668864,0.98008511896167,0.889083127390855,0.421499406949675,2.36257518687249,0.5,74.6649243967722
CBC_1016,CBC_1016_MSI_TV_v3_Vset3_Tset2_2023-06-25_16h33.10.466.csv,4,42,2,0,z,0,1,2,tac,A,27,1,2A,0A,0,1,z,1.67711549999876,0,1,1,1,0A,2A,A20,3.3499040872746,0.999999999999863,1.60193518630767e-05,0.00602020973254058,0.302297047165568,1.73809124855279e-08,0.999999997677647,0.00995744051916481,0.00011989176064934,3.94914567180391e-06,0.00995744051916481,0.964795020156482,7.74102900253347e-06,0.5,0.00011989176064934,0.0195182785521799,0.760832445764486,0.99401581630836,0.00598418369163968,0.999999999999863,0.00602020973254058,0.423795002263136,0.728322916721848,1.37223565843669e-13,5.42590083315271e-14,0.00602020973254058,-0.00590031797189124,CBCbothPairsRW,CBCdriftDiffusionLR,0.5,0.395405905668864,0.98008511896167,0.889083127390855,0.421499406949675,2.36257518687249,0.5,74.6649243967722
CBC_1016,CBC_1016_MSI_TV_v3_Vset3_Tset2_2023-06-25_16h33.10.466.csv,4,43,3,0,b,1,0,0,tac,D,9,1,3D,0D,1,0,b,1.41049550000025,1,0,1,1,3D,0D,D30,4.06044301054642,0.999999999999917,1.60193518630767e-05,0.00011989176064934,0.302297047165568,1.73809124855279e-08,0.999999997677647,0.00995744051916481,0.00011989176064934,3.94914567180391e-06,0.00995744051916481,0.964795020156482,7.74102900253347e-06,0.5,0.00011989176064934,0.0195182785521799,0.760832445764486,0.603436601207678,0.396563398792322,0.760832445764486,0.5,0.363433897840373,0.551596005940595,0.239167554235514,0.0945682633891007,0.5,-0.490042559480835,CBCbothPairsRW,CBCdriftDiffusionLR,0.5,0.395405905668864,0.98008511896167,0.889083127390855,0.421499406949675,2.36257518687249,0.5,74.6649243967722
CBC_1016,CBC_1016_MSI_TV_v3_Vset3_Tset2_2023-06-25_16h33.10.466.csv,4,44,3,2,z,0,1,3,tac,C,63,1,3C,2C,0,1,z,1.77765849999923,0,1,1,1,2C,3C,C32,2.46809953147162,0.999999999999917,1.60193518630767e-05,0.00011989176064934,0.302297047165568,1.73809124855279e-08,0.999999997677647,0.00995744051916481,0.00011989176064934,3.94914567180391e-06,0.00995744051916481,0.964795020156482,7.74102900253347e-06,0.00995744051916481,0.00011989176064934,0.0195182785521799,0.855400709153586,0.999991976568358,8.02343164215431e-06,0.964795020156482,7.74102900253347e-06,0.387693146421014,0.729918416818033,0.035204979843518,0.0139202569390803,7.74102900258367e-06,-7.58686733088295e-06,CBCbothPairsRW,CBCdriftDiffusionLR,0.5,0.395405905668864,0.98008511896167,0.889083127390855,0.421499406949675,2.36257518687249,0.5,74.6649243967722
CBC_1016,CBC_1016_MSI_AV_v3_Vset6_Aset3_2023-06-25_16h41.28.303.csv,5,1,1,0,b,1,0,1,aud,B,63,1,1B,0B,1,0,z,1.80745469999965,0,1,0,0,0B,1B,B10,2.77258872223978,0.5,0.5,0.5,0.5,0.5,0.5,0.5,0.5,0.5,0.5,0.5,0.5,0.5,0.5,0.5,0.5,0.5,0.5,0.5,0.5,0.22199910354393,0.499465271776949,-0.5,-0.21263363448813,-0.5,0.499643254796024,CBCbothPairsRW,CBCdriftDiffusionLR,0.5,0.42526726897626,0.999286509592047,0.821414847469383,1.05625610890098,2.63163467040625,0.5,57.9673915468125
CBC_1016,CBC_1016_MSI_AV_v3_Vset6_Aset3_2023-06-25_16h41.28.303.csv,5,2,0,1,b,1,0,2,aud,A,63,1,0A,1A,1,0,b,2.09121689999665,1,0,1,1,0A,1A,A01,2.83321334405622,0.5,0.5,0.5,0.5,0.28736636551187,0.999643254796024,0.5,0.5,0.5,0.5,0.5,0.5,0.5,0.5,0.5,0.5,0.5,0.5,0.5,0.5,0.183141058333783,0.499971835742863,0.5,0.21263363448813,0.5,-0.499643254796024,CBCbothPairsRW,CBCdriftDiffusionLR,0.5,0.42526726897626,0.999286509592047,0.821414847469383,1.05625610890098,2.63163467040625,0.5,57.9673915468125
CBC_1016,CBC_1016_MSI_AV_v3_Vset6_Aset3_2023-06-25_16h41.28.303.csv,5,3,1,2,z,0,1,3,aud,C,9,1,1C,2C,0,1,z,2.30214630000046,0,1,1,1,2C,1C,C12,2.89037175789616,0.71263363448813,0.000356745203976272,0.5,0.5,0.28736636551187,0.999643254796024,0.5,0.5,0.5,0.5,0.5,0.5,0.5,0.5,0.5,0.5,0.5,0.5,0.5,0.5,0.157894436752227,0.500201403585888,0.5,0.21263363448813,0.5,-0.499643254796024,CBCbothPairsRW,CBCdriftDiffusionLR,0.5,0.42526726897626,0.999286509592047,0.821414847469383,1.05625610890098,2.63163467040625,0.5,57.9673915468125
CBC_1016,CBC_1016_MSI_AV_v3_Vset6_Aset3_2023-06-25_16h41.28.303.csv,5,4,1,0,z,0,1,2,aud,A,63,1,1A,0A,0,1,z,1.76446689999648,0,1,1,1,0A,1A,A10,2.94443897916644,0.71263363448813,0.000356745203976272,0.5,0.5,0.28736636551187,0.999643254796024,0.5,0.5,0.5,0.000356745203976272,0.71263363448813,0.5,0.5,0.5,0.5,0.5,0.999499649344315,0.000500350655685322,0.71263363448813,0.000356745203976272,0.541668288821222,0.941370744944362,0.28736636551187,0.122207509456867,0.000356745203976327,-0.000356490669695207,CBCbothPairsRW,CBCdriftDiffusionLR,0.5,0.42526726897626,0.999286509592047,0.821414847469383,1.05625610890098,2.63163467040625,0.5,57.9673915468125
CBC_1016,CBC_1016_MSI_AV_v3_Vset6_Aset3_2023-06-25_16h41.28.303.csv,5,5,3,1,b,1,0,0,aud,D,27,1,3D,1D,1,0,b,2.41601329999685,1,0,1,1,3D,1D,D31,2.99573227355399,0.834841143944997,2.5453428106469e-07,0.5,0.5,0.28736636551187,0.999643254796024,0.5,0.5,0.5,0.000356745203976272,0.71263363448813,0.5,0.5,0.5,0.5,0.5,0.5,0.5,0.5,0.5,0.14516675011453,0.498594964734191,0.5,0.21263363448813,0.5,-0.499643254796024,CBCbothPairsRW,CBCdriftDiffusionLR,0.5,0.42526726897626,0.999286509592047,0.821414847469383,1.05625610890098,2.63163467040625,0.5,57.9673915468125
CBC_1016,CBC_1016_MSI_AV_v3_Vset6_Aset3_2023-06-25_16h41.28.303.csv,5,6,0,1,z,0,1,1,aud,B,63,1,0B,1B,0,1,z,2.24398319999818,0,1,1,1,1B,0B,B01,3.04452243772342,0.834841143944997,2.5453428106469e-07,0.5,0.5,0.28736636551187,0.999643254796024,0.5,0.5,0.5,0.000356745203976272,0.71263363448813,0.5,0.5,0.000356745203976272,0.5,0.71263363448813,0.776717779745016,0.223282220254984,0.999643254796024,0.28736636551187,0.278306466418831,0.823136203294312,0.000356745203976327,0.000151712058615392,0.28736636551187,-0.287161332366509,CBCbothPairsRW,CBCdriftDiffusionLR,0.5,0.42526726897626,0.999286509592047,0.821414847469383,1.05625610890098,2.63163467040625,0.5,57.9673915468125
CBC_1016,CBC_1016_MSI_AV_v3_Vset6_Aset3_2023-06-25_16h41.28.303.csv,5,7,2,3,b,1,0,3,aud,C,63,1,2C,3C,1,0,z,1.47251479999977,0,1,0,0,3C,2C,C23,3.09104245335832,0.834841143944997,2.5453428106469e-07,0.5,0.5,0.000205033145360967,0.999794966854639,0.5,0.5,0.5,0.000356745203976272,0.71263363448813,0.5,0.5,0.000356745203976272,0.5,0.71263363448813,0.412325689952561,0.587674310047439,0.5,0.71263363448813,0.204928998589138,0.380621525000985,-0.5,-0.21263363448813,-0.28736636551187,0.287161332366509,CBCbothPairsRW,CBCdriftDiffusionLR,0.5,0.42526726897626,0.999286509592047,0.821414847469383,1.05625610890098,2.63163467040625,0.5,57.9673915468125
CBC_1016,CBC_1016_MSI_AV_v3_Vset6_Aset3_2023-06-25_16h41.28.303.csv,5,8,2,0,z,0,1,2,aud,A,27,1,2A,0A,0,1,z,1.8742465999967,0,1,1,1,0A,2A,A20,3.13549421592915,0.834841143944997,2.5453428106469e-07,0.5,0.5,0.000205033145360967,0.999794966854639,0.5,0.5,0.5,0.000356745203976272,0.999794966854639,0.28736636551187,0.5,0.000356745203976272,0.5,0.71263363448813,0.625423592711341,0.374576407288659,0.834841143944997,0.5,0.290508884183843,0.667769610410693,0.165158856055003,0.0702366556617545,0.5,-0.499643254796024,CBCbothPairsRW,CBCdriftDiffusionLR,0.5,0.42526726897626,0.999286509592047,0.821414847469383,1.05625610890098,2.63163467040625,0.5,57.9673915468125
CBC_1016,CBC_1016_MSI_AV_v3_Vset6_Aset3_2023-06-25_16h41.28.303.csv,5,9,3,2,b,1,0,0,aud,D,63,1,3D,2D,1,0,b,1.6578929999996,1,0,1,1,3D,2D,D32,3.17805383034795,0.905077799606751,2.5453428106469e-07,0.000356745203976272,0.5,0.000205033145360967,0.999794966854639,0.5,0.5,0.5,0.000356745203976272,0.999794966854639,0.28736636551187,0.5,0.000356745203976272,0.5,0.71263363448813,0.587674310047439,0.412325689952561,0.71263363448813,0.5,0.306616550599477,0.619931026056263,0.28736636551187,0.122207509456867,0.5,-0.499643254796024,CBCbothPairsRW,CBCdriftDiffusionLR,0.5,0.42526726897626,0.999286509592047,0.821414847469383,1.05625610890098,2.63163467040625,0.5,57.9673915468125
CBC_1016,CBC_1016_MSI_AV_v3_Vset6_Aset3_2023-06-25_16h41.28.303.csv,5,10,3,1,z,0,1,1,aud,B,27,1,3B,1B,0,1,z,1.79971759999898,0,1,1,1,1B,3B,B31,3.2188758248682,0.905077799606751,2.5453428106469e-07,0.000356745203976272,0.5,0.000205033145360967,0.999794966854639,0.5,0.5,0.5,0.000356745203976272,0.999794966854639,0.28736636551187,0.5,0.000356745203976272,0.000356745203976272,0.834841143944997,0.666621097516685,0.333378902483315,0.999794966854639,0.5,0.334194510518084,0.716552747599889,0.000205033145360911,8.71938857772472e-05,0.5,-0.499643254796024,CBCbothPairsRW,CBCdriftDiffusionLR,0.5,0.42526726897626,0.999286509592047,0.821414847469383,1.05625610890098,2.63163467040625,0.5,57.9673915468125
CBC_1016,CBC_1016_MSI_AV_v3_Vset6_Aset3_2023-06-25_16h41.28.303.csv,5,11,3,2,z,0,1,3,aud,C,63,1,3C,2C,0,1,z,1.90388789999997,0,1,1,1,2C,3C,C32,3.25809653802148,0.905077799606751,2.5453428106469e-07,0.000356745203976272,0.5,0.000205033145360967,0.999882160740416,0.5,0.000356745203976272,0.5,0.000356745203976272,0.999794966854639,0.28736636551187,0.5,0.000356745203976272,0.000356745203976272,0.834841143944997,0.776744097040631,0.223255902959369,0.999794966854639,0.28736636551187,0.374455196641589,0.824110829092935,0.000205033145360911,8.71938857772472e-05,0.28736636551187,-0.287161332366509,CBCbothPairsRW,CBCdriftDiffusionLR,0.5,0.42526726897626,0.999286509592047,0.821414847469383,1.05625610890098,2.63163467040625,0.5,57.9673915468125
CBC_1016,CBC_1016_MSI_AV_v3_Vset6_Aset3_2023-06-25_16h41.28.303.csv,5,12,1,3,b,1,0,1,aud,B,27,1,1B,3B,1,0,b,1.44830409999486,1,0,1,1,1B,3B,B13,3.29583686600433,0.905077799606751,2.5453428106469e-07,0.000356745203976272,0.5,0.000205033145360967,0.999882160740416,0.5,0.000356745203976272,0.5,0.000356745203976272,0.999882160740416,0.000205033145360967,0.5,0.000356745203976272,0.000356745203976272,0.834841143944997,0.999643340004217,0.000356659995783152,0.999882160740416,0.000356745203976272,0.751504798092623,0.941381922525887,0.000117839259583641,5.01131801013195e-05,0.000356745203976327,-0.000356490669695207,CBCbothPairsRW,CBCdriftDiffusionLR,0.5,0.42526726897626,0.999286509592047,0.821414847469383,1.05625610890098,2.63163467040625,0.5,57.9673915468125
CBC_1016,CBC_1016_MSI_AV_v3_Vset6_Aset3_2023-06-25_16h41.28.303.csv,5,13,3,2,z,0,1,3,aud,C,63,1,3C,2C,0,1,z,1.81380869999703,0,1,1,1,2C,3C,C32,2.63905732961526,0.905077799606751,2.5453428106469e-07,0.000356745203976272,0.5,0.000205033145360967,0.999932273920518,0.5,2.5453428106469e-07,0.5,0.000356745203976272,0.999882160740416,0.000205033145360967,0.5,0.000356745203976272,0.000356745203976272,0.834841143944997,0.999794984730717,0.000205015269282994,0.999882160740416,0.000205033145360967,0.510724731431516,0.941557014851538,0.000117839259583641,5.01131801013195e-05,0.000205033145360911,-0.000204886856178384,CBCbothPairsRW,CBCdriftDiffusionLR,0.5,0.42526726897626,0.999286509592047,0.821414847469383,1.05625610890098,2.63163467040625,0.5,57.9673915468125
CBC_1016,CBC_1016_MSI_AV_v3_Vset6_Aset3_2023-06-25_16h41.28.303.csv,5,14,3,2,b,1,0,0,aud,D,63,1,3D,2D,1,0,b,1.81109479999941,1,0,1,1,3D,2D,D32,2.67414864942653,0.905077799606751,2.5453428106469e-07,0.000356745203976272,0.5,0.000205033145360967,0.999932273920518,0.5,2.5453428106469e-07,0.5,0.000356745203976272,0.999932273920518,1.4628918258285e-07,0.5,0.000356745203976272,0.000356745203976272,0.834841143944997,0.999572861463599,0.00042713853640097,0.834841143944997,0.000356745203976272,0.51215525245663,0.941297517302243,0.165158856055003,0.0702366556617545,0.000356745203976327,-0.000356490669695207,CBCbothPairsRW,CBCdriftDiffusionLR,0.5,0.42526726897626,0.999286509592047,0.821414847469383,1.05625610890098,2.63163467040625,0.5,57.9673915468125
CBC_1016,CBC_1016_MSI_AV_v3_Vset6_Aset3_2023-06-25_16h41.28.303.csv,5,15,0,3,b,1,0,2,aud,A,9,1,0A,3A,1,0,b,2.62561959999948,1,0,1,1,0A,3A,A03,3.40119738166216,0.905077799606751,2.5453428106469e-07,0.000356745203976272,0.5,0.000205033145360967,0.999932273920518,0.5,2.5453428106469e-07,0.5,0.000356745203976272,0.999932273920518,1.4628918258285e-07,0.5,0.000356745203976272,2.5453428106469e-07,0.905077799606751,0.644147818619055,0.355852181380944,0.905077799606751,0.5,0.172192690698126,0.69026992492096,0.0949222003932487,0.0403673049264542,0.5,-0.499643254796024,CBCbothPairsRW,CBCdriftDiffusionLR,0.5,0.42526726897626,0.999286509592047,0.821414847469383,1.05625610890098,2.63163467040625,0.5,57.9673915468125
CBC_1016,CBC_1016_MSI_AV_v3_Vset6_Aset3_2023-06-25_16h41.28.303.csv,5,16,0,1,z,0,1,1,aud,B,63,0,0B,1B,1,0,z,2.08172769999874,0,1,1,0,1B,0B,B01,2.7408400239252,0.945445104533205,2.5453428106469e-07,0.000356745203976272,0.000356745203976272,0.000205033145360967,0.999932273920518,0.5,2.5453428106469e-07,0.5,0.000356745203976272,0.999932273920518,1.4628918258285e-07,0.5,0.000356745203976272,2.5453428106469e-07,0.905077799606751,0.999794995003274,0.000205004996726376,0.999932273920518,0.000205033145360967,0.366415217383982,0.941329845762787,-0.999932273920518,-0.4252384672914,-0.999794966854639,0.999081622735869,CBCbothPairsRW,CBCdriftDiffusionLR,0.5,0.42526726897626,0.999286509592047,0.821414847469383,1.05625610890098,2.63163467040625,0.5,57.9673915468125
CBC_1016,CBC_1016_MSI_AV_v3_Vset6_Aset3_2023-06-25_16h41.28.303.csv,5,17,2,3,z,0,1,0,aud,D,63,1,2D,3D,0,1,z,2.65692349999881,0,1,1,1,3D,2D,D23,3.46573590279973,0.945445104533205,2.5453428106469e-07,0.000356745203976272,0.000356745203976272,0.99928665588123,0.574693806629117,0.5,2.5453428106469e-07,0.5,0.000356745203976272,0.999932273920518,1.4628918258285e-07,0.5,0.000356745203976272,2.5453428106469e-07,0.905077799606751,0.999999718770906,2.81229093888766e-07,0.905077799606751,2.5453428106469e-07,0.176942024884738,0.941425312350247,0.0949222003932487,0.0403673049264542,2.54534281096674e-07,-2.54352673328617e-07,CBCbothPairsRW,CBCdriftDiffusionLR,0.5,0.42526726897626,0.999286509592047,0.821414847469383,1.05625610890098,2.63163467040625,0.5,57.9673915468125
CBC_1016,CBC_1016_MSI_AV_v3_Vset6_Aset3_2023-06-25_16h41.28.303.csv,5,18,0,2,z,0,1,3,aud,C,27,1,0C,2C,0,1,z,2.42801319999853,0,1,1,1,2C,0C,C02,3.49650756146648,0.945445104533205,2.5453428106469e-07,0.000356745203976272,0.000356745203976272,0.99928665588123,0.574693806629117,0.5,2.5453428106469e-07,0.5,0.000356745203976272,0.999932273920518,1.4628918258285e-07,0.5,0.000356745203976272,1.81607736073588e-10,0.945445104533205,0.666651615747222,0.333348384252778,0.999932273920518,0.5,0.207629609102303,0.716296633100512,6.77260794823553e-05,2.88016848599304e-05,0.5,-0.499643254796024,CBCbothPairsRW,CBCdriftDiffusionLR,0.5,0.42526726897626,0.999286509592047,0.821414847469383,1.05625610890098,2.63163467040625,0.5,57.9673915468125
CBC_1016,CBC_1016_MSI_AV_v3_Vset6_Aset3_2023-06-25_16h41.28.303.csv,5,19,0,1,b,1,0,2,aud,A,63,1,0A,1A,1,0,b,2.50095179999698,1,0,1,1,0A,1A,A01,2.83321334405622,0.945445104533205,2.5453428106469e-07,0.000356745203976272,0.000356745203976272,0.99928665588123,0.574693806629117,0.5,2.5453428106469e-07,0.000356745203976272,0.000356745203976272,0.999961075605378,1.4628918258285e-07,0.5,0.000356745203976272,1.81607736073588e-10,0.945445104533205,0.999999730778433,2.69221566982721e-07,0.945445104533205,2.5453428106469e-07,0.215532448662287,0.941606249593285,0.0545548954667946,0.0232004114044491,2.54534281096674e-07,-2.54352673328617e-07,CBCbothPairsRW,CBCdriftDiffusionLR,0.5,0.42526726897626,0.999286509592047,0.821414847469383,1.05625610890098,2.63163467040625,0.5,57.9673915468125
CBC_1016,CBC_1016_MSI_AV_v3_Vset6_Aset3_2023-06-25_16h41.28.303.csv,5,20,1,0,b,1,0,1,aud,B,63,1,1B,0B,1,0,b,1.6871914000003,1,0,1,1,1B,0B,B10,2.86220088092947,0.968645515937654,1.81607736073588e-10,0.000356745203976272,0.000356745203976272,0.99928665588123,0.574693806629117,0.5,2.5453428106469e-07,0.000356745203976272,0.000356745203976272,0.999961075605378,1.4628918258285e-07,0.5,0.000356745203976272,1.81607736073588e-10,0.945445104533205,0.36512130888368,0.63487869111632,0.574693806629117,0.99928665588123,0.158977342925995,0.3209531279553,0.425306193370883,0.180868803333524,0.99928665588123,-0.998573674437464,CBCbothPairsRW,CBCdriftDiffusionLR,0.5,0.42526726897626,0.999286509592047,0.821414847469383,1.05625610890098,2.63163467040625,0.5,57.9673915468125
CBC_1016,CBC_1016_MSI_AV_v3_Vset6_Aset3_2023-06-25_16h41.28.303.csv,5,21,1,3,z,0,1,0,aud,D,27,1,1D,3D,0,1,z,2.26932929999748,0,1,1,1,3D,1D,D13,3.58351893845611,0.968645515937654,1.81607736073588e-10,0.000356745203976272,0.000356745203976272,0.000712981443766192,0.755562609962642,0.5,2.5453428106469e-07,0.000356745203976272,0.000356745203976272,0.999961075605378,1.4628918258285e-07,0.5,0.000356745203976272,1.81607736073588e-10,0.945445104533205,0.999622811898628,0.000377188101371766,0.945445104533205,0.000356745203976272,0.289225852504302,0.941366143247597,0.0545548954667946,0.0232004114044491,0.000356745203976327,-0.000356490669695207,CBCbothPairsRW,CBCdriftDiffusionLR,0.5,0.42526726897626,0.999286509592047,0.821414847469383,1.05625610890098,2.63163467040625,0.5,57.9673915468125
CBC_1016,CBC_1016_MSI_AV_v3_Vset6_Aset3_2023-06-25_16h41.28.303.csv,5,22,3,2,z,0,1,3,aud,C,63,1,3C,2C,0,1,z,2.02719559999605,0,1,1,1,2C,3C,C32,2.51230562397611,0.968645515937654,1.81607736073588e-10,0.000356745203976272,0.000356745203976272,0.000712981443766192,0.755562609962642,0.5,2.5453428106469e-07,0.000356745203976272,0.000356745203976272,0.999961075605378,1.4628918258285e-07,0.5,2.5453428106469e-07,1.81607736073588e-10,0.968645515937654,0.999999853705144,1.46294855620186e-07,0.999961075605378,1.4628918258285e-07,0.392364923498065,0.941578908481274,3.89243946223861e-05,1.65532709976163e-05,1.46289182545445e-07,-1.46184806616911e-07,CBCbothPairsRW,CBCdriftDiffusionLR,0.5,0.42526726897626,0.999286509592047,0.821414847469383,1.05625610890098,2.63163467040625,0.5,57.9673915468125
CBC_1016,CBC_1016_MSI_AV_v3_Vset6_Aset3_2023-06-25_16h41.28.303.csv,5,23,0,1,b,1,0,2,aud,A,63,1,0A,1A,1,0,z,2.40883469999972,0,1,0,0,1A,0A,A01,2.53897387105828,0.968645515937654,1.81607736073588e-10,0.000356745203976272,0.000356745203976272,0.000712981443766192,0.755562609962642,0.5,2.5453428106469e-07,0.000356745203976272,0.000356745203976272,0.999977628876375,1.0437596593837e-10,0.5,2.5453428106469e-07,1.81607736073588e-10,0.968645515937654,1.87486271346378e-10,0.999999999812514,1.81607736073588e-10,0.968645515937654,0.0149988468295319,0.0583132419151898,-1.81607736073588e-10,-7.72318259449763e-11,-0.0313544840623455,0.0313321129387207,CBCbothPairsRW,CBCdriftDiffusionLR,0.5,0.42526726897626,0.999286509592047,0.821414847469383,1.05625610890098,2.63163467040625,0.5,57.9673915468125
CBC_1016,CBC_1016_MSI_AV_v3_Vset6_Aset3_2023-06-25_16h41.28.303.csv,5,24,2,3,z,0,1,0,aud,D,63,1,2D,3D,0,1,b,1.62222049999764,1,0,0,0,2D,3D,D23,2.9704144655697,0.999977628876375,1.04375910128612e-10,0.000356745203976272,0.000356745203976272,0.000712981443766192,0.755562609962642,0.5,2.5453428106469e-07,0.000356745203976272,0.000356745203976272,0.999977628876375,1.0437596593837e-10,0.5,2.5453428106469e-07,1.81607736073588e-10,0.968645515937654,1.87486271346378e-10,0.999999999812514,1.81607736073588e-10,0.968645515937654,0.0394169620634006,0.0581531466580356,-1.81607736073588e-10,-7.72318259449763e-11,-0.0313544840623455,0.0313321129387207,CBCbothPairsRW,CBCdriftDiffusionLR,0.5,0.42526726897626,0.999286509592047,0.821414847469383,1.05625610890098,2.63163467040625,0.5,57.9673915468125
CBC_1016,CBC_1016_MSI_AV_v3_Vset6_Aset3_2023-06-25_16h41.28.303.csv,5,25,2,0,b,1,0,3,aud,C,27,1,2C,0C,1,0,b,2.32586329999685,1,0,1,1,2C,0C,C20,3.68887945411394,0.999977628876375,1.04375910128612e-10,0.000356745203976272,0.000356745203976272,0.000712981443766192,0.755562609962642,0.5,2.5453428106469e-07,0.000356745203976272,0.000356745203976272,0.999977628876375,1.0437596593837e-10,0.5,2.5453428106469e-07,1.04375910128612e-10,0.999977628876375,0.9996433740425,0.000356625957499704,0.999977628876375,0.000356745203976272,0.269238988511695,0.941412305363719,2.23711236247981e-05,9.51370664784818e-06,0.000356745203976327,-0.000356490669695207,CBCbothPairsRW,CBCdriftDiffusionLR,0.5,0.42526726897626,0.999286509592047,0.821414847469383,1.05625610890098,2.63163467040625,0.5,57.9673915468125
CBC_1016,CBC_1016_MSI_AV_v3_Vset6_Aset3_2023-06-25_16h41.28.303.csv,5,26,0,1,b,1,0,2,aud,A,63,1,0A,1A,1,0,b,1.62972849999642,1,0,1,1,0A,1A,A01,2.32727770558442,0.999977628876375,1.04375910128612e-10,0.000356745203976272,0.000356745203976272,0.000712981443766192,0.755562609962642,0.5,2.5453428106469e-07,2.5453428106469e-07,0.000356745203976272,0.999987142583023,1.0437596593837e-10,0.5,2.5453428106469e-07,1.04375910128612e-10,0.999977628876375,0.999999999895622,1.04378245176344e-10,0.999977628876375,1.04375910128612e-10,0.633127575512808,0.941821006311166,2.23711236247981e-05,9.51370664784818e-06,1.04375952325597e-10,-1.04301481084792e-10,CBCbothPairsRW,CBCdriftDiffusionLR,0.5,0.42526726897626,0.999286509592047,0.821414847469383,1.05625610890098,2.63163467040625,0.5,57.9673915468125
CBC_1016,CBC_1016_MSI_AV_v3_Vset6_Aset3_2023-06-25_16h41.28.303.csv,5,27,1,3,b,1,0,1,aud,B,27,1,1B,3B,1,0,b,1.62118609999743,1,0,1,1,1B,3B,B13,3.04452243772342,0.999987142583023,7.44290438200452e-14,0.000356745203976272,0.000356745203976272,0.000712981443766192,0.755562609962642,0.5,2.5453428106469e-07,2.5453428106469e-07,0.000356745203976272,0.999987142583023,1.0437596593837e-10,0.5,2.5453428106469e-07,1.04375910128612e-10,0.999977628876375,0.999999663119651,3.36880348446145e-07,0.755562609962642,2.5453428106469e-07,0.6383967102791,0.941501323525939,0.244437390037358,0.103951221296872,2.54534281096674e-07,-2.54352673328617e-07,CBCbothPairsRW,CBCdriftDiffusionLR,0.5,0.42526726897626,0.999286509592047,0.821414847469383,1.05625610890098,2.63163467040625,0.5,57.9673915468125
CBC_1016,CBC_1016_MSI_AV_v3_Vset6_Aset3_2023-06-25_16h41.28.303.csv,5,28,3,2,z,0,1,3,aud,C,63,1,3C,2C,0,1,z,0.966322799999034,0,1,1,1,2C,3C,C32,2.37490575457367,0.999987142583023,7.44290438200452e-14,0.000356745203976272,0.000356745203976272,0.000712981443766192,0.859513831259514,0.5,1.81607736073588e-10,2.5453428106469e-07,0.000356745203976272,0.999987142583023,1.0437596593837e-10,0.5,2.5453428106469e-07,1.04375910128612e-10,0.999977628876375,0.999999999895623,1.04377307950046e-10,0.999987142583023,1.0437596593837e-10,0.0894792673652031,0.941355127352099,1.28574169769857e-05,5.46783860389172e-06,1.04375952325597e-10,-1.04301481084792e-10,CBCbothPairsRW,CBCdriftDiffusionLR,0.5,0.42526726897626,0.999286509592047,0.821414847469383,1.05625610890098,2.63163467040625,0.5,57.9673915468125
CBC_1016,CBC_1016_MSI_AV_v3_Vset6_Aset3_2023-06-25_16h41.28.303.csv,5,29,3,2,b,1,0,0,aud,D,63,1,3D,2D,1,0,b,1.26502369999798,1,0,1,1,3D,2D,D32,2.68557734525015,0.999987142583023,7.44290438200452e-14,0.000356745203976272,0.000356745203976272,0.000712981443766192,0.859513831259514,0.5,1.81607736073588e-10,2.5453428106469e-07,0.000356745203976272,0.999992610421627,7.44848535775968e-14,0.5,2.5453428106469e-07,1.04375910128612e-10,0.999977628876375,0.999999999895622,1.04378245176344e-10,0.999977628876375,1.04375910128612e-10,0.790192602717401,0.94137492941502,2.23711236247981e-05,9.51370664784818e-06,1.04375952325597e-10,-1.04301481084792e-10,CBCbothPairsRW,CBCdriftDiffusionLR,0.5,0.42526726897626,0.999286509592047,0.821414847469383,1.05625610890098,2.63163467040625,0.5,57.9673915468125
CBC_1016,CBC_1016_MSI_AV_v3_Vset6_Aset3_2023-06-25_16h41.28.303.csv,5,30,0,1,z,0,1,1,aud,B,63,1,0B,1B,0,1,z,2.32323679999899,0,1,1,1,1B,0B,B01,2.70805020110221,0.999987142583023,7.44290438200452e-14,0.000356745203976272,0.000356745203976272,0.000712981443766192,0.859513831259514,0.5,1.81607736073588e-10,2.5453428106469e-07,0.000356745203976272,0.999992610421627,7.44848535775968e-14,0.5,2.5453428106469e-07,7.44290438200452e-14,0.999987142583023,0.99917117040153,0.000828829598470237,0.859513831259514,0.000712981443766192,0.270090164020181,0.941503175440266,0.140486168740486,0.0597441693092045,0.000712981443766192,-0.000712472738345017,CBCbothPairsRW,CBCdriftDiffusionLR,0.5,0.42526726897626,0.999286509592047,0.821414847469383,1.05625610890098,2.63163467040625,0.5,57.9673915468125
CBC_1016,CBC_1016_MSI_AV_v3_Vset6_Aset3_2023-06-25_16h41.28.303.csv,5,31,2,0,z,0,1,2,aud,A,27,1,2A,0A,0,1,z,2.11342019999574,0,1,1,1,0A,2A,A20,3.13549421592915,0.999987142583023,7.44290438200452e-14,0.000356745203976272,0.000356745203976272,5.08705421175333e-07,0.919258000568719,0.5,1.81607736073588e-10,2.5453428106469e-07,0.000356745203976272,0.999992610421627,7.44848535775968e-14,0.5,2.5453428106469e-07,7.44290438200452e-14,0.999987142583023,0.999643377434169,0.000356622565831314,0.999987142583023,0.000356745203976272,0.352091067522964,0.941473980348655,1.28574169769857e-05,5.46783860389172e-06,0.000356745203976327,-0.000356490669695207,CBCbothPairsRW,CBCdriftDiffusionLR,0.5,0.42526726897626,0.999286509592047,0.821414847469383,1.05625610890098,2.63163467040625,0.5,57.9673915468125
CBC_1016,CBC_1016_MSI_AV_v3_Vset6_Aset3_2023-06-25_16h41.28.303.csv,5,32,3,0,b,1,0,0,aud,D,9,1,3D,0D,1,0,b,2.3324885999973,1,0,1,1,3D,0D,D30,3.85014760171006,0.999992610421627,7.44290438200452e-14,2.5453428106469e-07,0.000356745203976272,5.08705421175333e-07,0.919258000568719,0.5,1.81607736073588e-10,2.5453428106469e-07,0.000356745203976272,0.999992610421627,7.44848535775968e-14,0.5,2.5453428106469e-07,7.44290438200452e-14,0.999987142583023,0.666663809438403,0.333336190561597,0.999987142583023,0.5,0.223699320566005,0.71683815988519,1.28574169769857e-05,5.46783860389172e-06,0.5,-0.499643254796024,CBCbothPairsRW,CBCdriftDiffusionLR,0.5,0.42526726897626,0.999286509592047,0.821414847469383,1.05625610890098,2.63163467040625,0.5,57.9673915468125
CBC_1016,CBC_1016_MSI_AV_v3_Vset6_Aset3_2023-06-25_16h41.28.303.csv,5,33,3,2,z,0,1,3,aud,C,63,1,3C,2C,0,1,z,1.26453409999522,0,1,1,1,2C,3C,C32,2.26176309847379,0.999992610421627,7.44290438200452e-14,2.5453428106469e-07,0.000356745203976272,5.08705421175333e-07,0.919258000568719,0.5,1.81607736073588e-10,2.5453428106469e-07,0.000356745203976272,0.999992610421627,7.44848535775968e-14,0.000356745203976272,2.5453428106469e-07,7.44290438200452e-14,0.999992610421627,0.999999999999926,7.44854039933217e-14,0.999992610421627,7.44848535775968e-14,0.791636856327018,0.941725688407909,7.38957837309595e-06,3.14254581361255e-06,7.4495964952348e-14,-7.44428127959233e-14,CBCbothPairsRW,CBCdriftDiffusionLR,0.5,0.42526726897626,0.999286509592047,0.821414847469383,1.05625610890098,2.63163467040625,0.5,57.9673915468125
CBC_1016,CBC_1016_MSI_AV_v3_Vset6_Aset3_2023-06-25_16h41.28.303.csv,5,34,0,1,z,0,1,1,aud,B,63,1,0B,1B,0,1,z,1.09215079999922,0,1,1,1,1B,0B,B01,2.50552593699074,0.999992610421627,7.44290438200452e-14,2.5453428106469e-07,0.000356745203976272,5.08705421175333e-07,0.919258000568719,0.5,1.81607736073588e-10,2.5453428106469e-07,0.000356745203976272,0.99999575296744,4.20407816734777e-17,0.000356745203976272,2.5453428106469e-07,7.44290438200452e-14,0.999992610421627,0.999999446613313,5.53386687251897e-07,0.919258000568719,5.08705421175333e-07,0.525715728812208,0.941608692708679,0.0807419994312815,0.0343369295898238,5.08705421120581e-07,-5.08342464682138e-07,CBCbothPairsRW,CBCdriftDiffusionLR,0.5,0.42526726897626,0.999286509592047,0.821414847469383,1.05625610890098,2.63163467040625,0.5,57.9673915468125
CBC_1016,CBC_1016_MSI_AV_v3_Vset6_Aset3_2023-06-25_16h41.28.303.csv,5,35,0,1,b,1,0,2,aud,A,63,0,0A,1A,0,1,b,2.27288259999841,1,0,1,0,0A,1A,A01,2.30258509299405,0.999992610421627,7.44290438200452e-14,2.5453428106469e-07,0.000356745203976272,3.62956493195218e-10,0.953594930158542,0.5,1.81607736073588e-10,2.5453428106469e-07,0.000356745203976272,0.99999575296744,4.20407816734777e-17,0.000356745203976272,2.5453428106469e-07,7.44290438200452e-14,0.999992610421627,0.999999999999926,7.44295938233565e-14,0.999992610421627,7.44290438200452e-14,0.287840645973185,0.941572394081357,-0.999992610421627,-0.425264126430446,-0.999999999999926,0.999286509591973,CBCbothPairsRW,CBCdriftDiffusionLR,0.5,0.42526726897626,0.999286509592047,0.821414847469383,1.05625610890098,2.63163467040625,0.5,57.9673915468125
CBC_1016,CBC_1016_MSI_AV_v3_Vset6_Aset3_2023-06-25_16h41.28.303.csv,5,36,2,3,z,0,1,0,aud,D,63,1,2D,3D,0,1,z,2.35554629999751,0,1,1,1,3D,2D,D23,2.83321334405622,0.57472848399118,0.999286509592047,2.5453428106469e-07,0.000356745203976272,3.62956493195218e-10,0.953594930158542,0.5,1.81607736073588e-10,2.5453428106469e-07,0.000356745203976272,0.99999575296744,4.20407816734777e-17,0.000356745203976272,2.5453428106469e-07,7.44290438200452e-14,0.999992610421627,0.999999999999926,7.44295938233565e-14,0.999992610421627,7.44290438200452e-14,0.259225701801349,0.941561658174813,7.38957837309595e-06,3.14254581361255e-06,7.43849426498855e-14,-7.43318697068087e-14,CBCbothPairsRW,CBCdriftDiffusionLR,0.5,0.42526726897626,0.999286509592047,0.821414847469383,1.05625610890098,2.63163467040625,0.5,57.9673915468125
CBC_1016,CBC_1016_MSI_AV_v3_Vset6_Aset3_2023-06-25_16h41.28.303.csv,5,37,1,2,b,1,0,1,aud,B,9,1,1B,2B,1,0,b,1.19316669999534,1,0,1,1,1B,2B,B12,3.95124371858143,0.57472848399118,0.999286509592047,2.5453428106469e-07,0.000356745203976272,3.62956493195218e-10,0.953594930158542,0.5,1.81607736073588e-10,2.5453428106469e-07,0.000356745203976272,0.99999575296744,4.20407816734777e-17,0.000356745203976272,2.5453428106469e-07,9.71741132364628e-17,0.99999575296744,0.656025217461741,0.343974782538259,0.953594930158542,0.5,0.340830627478239,0.703736590049907,0.0464050698414576,0.0197345573181293,0.5,-0.499643254796024,CBCbothPairsRW,CBCdriftDiffusionLR,0.5,0.42526726897626,0.999286509592047,0.821414847469383,1.05625610890098,2.63163467040625,0.5,57.9673915468125
CBC_1016,CBC_1016_MSI_AV_v3_Vset6_Aset3_2023-06-25_16h41.28.303.csv,5,38,2,0,z,0,1,2,aud,A,27,1,2A,0A,0,1,z,1.90357709999807,0,1,1,1,0A,2A,A20,2.87167962488401,0.57472848399118,0.999286509592047,2.5453428106469e-07,0.000356745203976272,3.62956493195218e-10,0.973329487476672,0.000356745203976272,1.81607736073588e-10,2.5453428106469e-07,0.000356745203976272,0.99999575296744,4.20407816734777e-17,0.000356745203976272,2.5453428106469e-07,9.71741132364628e-17,0.99999575296744,0.999999557122754,4.42877246260088e-07,0.57472848399118,2.5453428106469e-07,0.457631361674489,0.941586503853283,0.42527151600882,0.180854056186465,2.54534281096674e-07,-2.54352673328617e-07,CBCbothPairsRW,CBCdriftDiffusionLR,0.5,0.42526726897626,0.999286509592047,0.821414847469383,1.05625610890098,2.63163467040625,0.5,57.9673915468125
CBC_1016,CBC_1016_MSI_AV_v3_Vset6_Aset3_2023-06-25_16h41.28.303.csv,5,39,2,3,b,1,0,3,aud,C,63,1,2C,3C,1,0,b,2.44964350000009,1,0,1,1,2C,3C,C23,3.29583686600433,0.755582540177645,0.999286509592047,1.81607736073588e-10,0.000356745203976272,3.62956493195218e-10,0.973329487476672,0.000356745203976272,1.81607736073588e-10,2.5453428106469e-07,0.000356745203976272,0.99999575296744,4.20407816734777e-17,0.000356745203976272,2.5453428106469e-07,9.71741132364628e-17,0.99999575296744,1,4.20409602228046e-17,0.99999575296744,4.20407816734777e-17,0.230089253039737,0.941523613412859,4.24703255952341e-06,1.80612393784178e-06,0,-0,CBCbothPairsRW,CBCdriftDiffusionLR,0.5,0.42526726897626,0.999286509592047,0.821414847469383,1.05625610890098,2.63163467040625,0.5,57.9673915468125
CBC_1016,CBC_1016_MSI_AV_v3_Vset6_Aset3_2023-06-25_16h41.28.303.csv,5,40,1,3,z,0,1,0,aud,D,27,1,1D,3D,0,1,z,2.53475189999517,0,1,1,1,3D,1D,D13,3.31418600467253,0.755582540177645,0.999286509592047,1.81607736073588e-10,0.000356745203976272,3.62956493195218e-10,0.973329487476672,0.000356745203976272,1.81607736073588e-10,2.5453428106469e-07,0.000356745203976272,0.999997559091378,4.20407816734777e-17,0.000356745203976272,2.5453428106469e-07,9.71741132364628e-17,0.99999575296744,0.999999745464703,2.54535297296427e-07,0.99999575296744,2.5453428106469e-07,0.206539607167284,0.941520317737818,4.24703255952341e-06,1.80612393784178e-06,2.54534281096674e-07,-2.54352673328617e-07,CBCbothPairsRW,CBCdriftDiffusionLR,0.5,0.42526726897626,0.999286509592047,0.821414847469383,1.05625610890098,2.63163467040625,0.5,57.9673915468125
CBC_1016,CBC_1016_MSI_AV_v3_Vset6_Aset3_2023-06-25_16h41.28.303.csv,5,41,0,1,b,1,0,2,aud,A,63,1,0A,1A,1,0,z,2.95999049999591,0,1,0,0,1A,0A,A01,2.23359222150709,0.755582540177645,0.999286509592047,1.81607736073588e-10,0.000356745203976272,3.62956493195218e-10,0.973329487476672,0.000356745203976272,1.81607736073588e-10,2.5453428106469e-07,0.000356745203976272,0.999997559091378,4.20407816734777e-17,0.000356745203976272,1.81607736073588e-10,9.71741132364628e-17,0.999997559091378,0.569436511358607,0.430563488641393,0.999286509592047,0.755582540177645,0.11711490952372,0.595163914097402,-0.999286509592047,-0.424963844859029,-0.244417459822355,0.244243070309236,CBCbothPairsRW,CBCdriftDiffusionLR,0.5,0.42526726897626,0.999286509592047,0.821414847469383,1.05625610890098,2.63163467040625,0.5,57.9673915468125
CBC_1016,CBC_1016_MSI_AV_v3_Vset6_Aset3_2023-06-25_16h41.28.303.csv,5,42,0,2,z,0,1,3,aud,C,27,1,0C,2C,0,1,z,1.57874679999804,0,1,1,1,2C,0C,C02,3.3499040872746,0.999825610486881,0.574322664733018,1.81607736073588e-10,0.000356745203976272,3.62956493195218e-10,0.973329487476672,0.000356745203976272,1.81607736073588e-10,2.5453428106469e-07,0.000356745203976272,0.999997559091378,4.20407816734777e-17,0.000356745203976272,1.81607736073588e-10,9.71741132364628e-17,0.999997559091378,0.999999745465162,2.54534837573128e-07,0.999997559091378,2.5453428106469e-07,0.66837387887053,0.941755037146775,2.44090862167035e-06,1.03803854335836e-06,2.54534281096674e-07,-2.54352673328617e-07,CBCbothPairsRW,CBCdriftDiffusionLR,0.5,0.42526726897626,0.999286509592047,0.821414847469383,1.05625610890098,2.63163467040625,0.5,57.9673915468125
CBC_1016,CBC_1016_MSI_AV_v3_Vset6_Aset3_2023-06-25_16h41.28.303.csv,5,43,3,2,b,1,0,0,aud,D,63,1,3D,2D,1,0,b,1.66788369999631,1,0,1,1,3D,2D,D32,2.67414864942653,0.999825610486881,0.574322664733018,1.81607736073588e-10,0.000356745203976272,3.62956493195218e-10,0.973329487476672,0.000356745203976272,1.81607736073588e-10,1.81607736073588e-10,0.000356745203976272,0.999998597129922,4.20407816734777e-17,0.000356745203976272,1.81607736073588e-10,9.71741132364628e-17,0.999997559091378,1,9.71743504301726e-17,0.999997559091378,9.71741132364628e-17,0.605805560400949,0.941278870825555,2.44090862167035e-06,1.03803854335836e-06,1.11022302462516e-16,-1.1094308911464e-16,CBCbothPairsRW,CBCdriftDiffusionLR,0.5,0.42526726897626,0.999286509592047,0.821414847469383,1.05625610890098,2.63163467040625,0.5,57.9673915468125
CBC_1016,CBC_1016_MSI_AV_v3_Vset6_Aset3_2023-06-25_16h41.28.303.csv,5,44,1,0,b,1,0,1,aud,B,63,1,1B,0B,1,0,b,3.03867339999852,1,0,1,1,1B,0B,B10,2.97892515523761,0.999825610486881,0.574322664733018,1.81607736073588e-10,0.000356745203976272,3.62956493195218e-10,0.973329487476672,0.000356745203976272,1.81607736073588e-10,1.81607736073588e-10,0.000356745203976272,0.999998597129922,4.20407816734777e-17,0.000356745203976272,1.81607736073588e-10,-1.3768975878177e-17,0.999998597129922,0.999999999627098,3.7290197998709e-10,0.973329487476672,3.62956493195218e-10,0.108834356494804,0.941636446436299,0.0266705125233283,0.011342096022993,3.62956442678808e-10,-3.62697476738452e-10,CBCbothPairsRW,CBCdriftDiffusionLR,0.5,0.42526726897626,0.999286509592047,0.821414847469383,1.05625610890098,2.63163467040625,0.5,57.9673915468125
