ID,filename,session,trial,visStimLeft,visStimRight,correctKey,leftCorrect,rightCorrect,secondStim,mod2Type,mod2Stim,frequency,rewardAccurate,stimPairLeft,stimPairRight,pCorrectLeft,pCorrectRight,key,reactionTime,choiceLeft,choiceRight,choiceAccurate,reward,chosenPair,otherPair,triplet,surprise,0A belief,1A belief,2A belief,3A belief,0B belief,1B belief,2B belief,3B belief,0C belief,1C belief,2C belief,3C belief,0D belief,1D belief,2D belief,3D belief,beliefPairNorm,beliefOtherPairNorm,beliefPair,beliefOtherPair,lik,corrLik,rewardPE,update2,rewardPEOP,update2OP,fit_percModel,fit_respModel,fit_startBelief,fit_alpha1,fit_alpha12,fit_alpha2,fit_alpha22,fit_nonDecisionTime,fit_weight,fit_startingBoundary,fit_startingPoint,fit_NLL
CBC_1016,CBC_1016_MSI_TV_v3_Vset2_Tset3_2023-06-25_14h56.17.212.csv,1,1,0,1,z,0,1,1,tac,B,63,1,0B,1B,0,1,z,2.33870570000363,0,1,1,1,1B,0B,B01,2.77258872223978,0.5,0.5,0.5,0.5,0.5,0.5,0.5,0.5,0.5,0.5,0.5,0.5,0.5,0.5,0.5,0.5,0.5,0.5,0.5,0.5,0.17184369114314,0.500183024395107,0.5,0.492385220901877,0.5,-0.0554777997576144,CBCbothPairsAsymRW,CBCdriftDiffusionLR,0.5,0.984770441803753,0.00647243939187714,0.110955599515229,0.0259384158430164,0.978872837895646,1.2700210678493,2.51084689029507,0.5,71.4013515521963
CBC_1016,CBC_1016_MSI_TV_v3_Vset2_Tset3_2023-06-25_14h56.17.212.csv,1,2,0,1,b,1,0,2,tac,A,63,1,0A,1A,1,0,b,2.20432540000184,1,0,1,1,0A,1A,A01,2.83321334405622,0.5,0.5,0.5,0.5,0.444522200242386,0.992385220901877,0.5,0.5,0.5,0.5,0.5,0.5,0.5,0.5,0.5,0.5,0.5,0.5,0.5,0.5,0.190505076096196,0.49953316023911,0.5,0.492385220901877,0.5,-0.0554777997576144,CBCbothPairsAsymRW,CBCdriftDiffusionLR,0.5,0.984770441803753,0.00647243939187714,0.110955599515229,0.0259384158430164,0.978872837895646,1.2700210678493,2.51084689029507,0.5,71.4013515521963
CBC_1016,CBC_1016_MSI_TV_v3_Vset2_Tset3_2023-06-25_14h56.17.212.csv,1,3,2,3,z,0,1,0,tac,D,63,1,2D,3D,0,1,z,1.62433350000356,0,1,1,1,3D,2D,D23,2.89037175789616,0.992385220901877,0.444522200242386,0.5,0.5,0.444522200242386,0.992385220901877,0.5,0.5,0.5,0.5,0.5,0.5,0.5,0.5,0.5,0.5,0.5,0.5,0.5,0.5,0.284832261640266,0.49999893465695,0.5,0.492385220901877,0.5,-0.0554777997576144,CBCbothPairsAsymRW,CBCdriftDiffusionLR,0.5,0.984770441803753,0.00647243939187714,0.110955599515229,0.0259384158430164,0.978872837895646,1.2700210678493,2.51084689029507,0.5,71.4013515521963
CBC_1016,CBC_1016_MSI_TV_v3_Vset2_Tset3_2023-06-25_14h56.17.212.csv,1,4,2,1,z,0,1,1,tac,B,9,1,2B,1B,0,1,z,2.25795560000188,0,1,1,1,1B,2B,B21,2.94443897916644,0.992385220901877,0.444522200242386,0.5,0.5,0.444522200242386,0.992385220901877,0.5,0.5,0.5,0.5,0.5,0.5,0.5,0.5,0.444522200242386,0.992385220901877,0.664965859352426,0.335034140647574,0.992385220901877,0.5,0.276346942245351,0.740419063676868,0.00761477909812336,0.00749880937669693,0.5,-0.0554777997576144,CBCbothPairsAsymRW,CBCdriftDiffusionLR,0.5,0.984770441803753,0.00647243939187714,0.110955599515229,0.0259384158430164,0.978872837895646,1.2700210678493,2.51084689029507,0.5,71.4013515521963
CBC_1016,CBC_1016_MSI_TV_v3_Vset2_Tset3_2023-06-25_14h56.17.212.csv,1,5,0,2,b,1,0,2,tac,A,27,1,0A,2A,1,0,b,1.72340210000402,1,0,1,1,0A,2A,A02,2.99573227355399,0.992385220901877,0.444522200242386,0.5,0.5,0.444522200242386,0.999884030278574,0.444522200242386,0.5,0.5,0.5,0.5,0.5,0.5,0.5,0.444522200242386,0.992385220901877,0.664965859352426,0.335034140647574,0.992385220901877,0.5,0.428224651154488,0.740791060990706,0.00761477909812336,0.00749880937669693,0.5,-0.0554777997576144,CBCbothPairsAsymRW,CBCdriftDiffusionLR,0.5,0.984770441803753,0.00647243939187714,0.110955599515229,0.0259384158430164,0.978872837895646,1.2700210678493,2.51084689029507,0.5,71.4013515521963
CBC_1016,CBC_1016_MSI_TV_v3_Vset2_Tset3_2023-06-25_14h56.17.212.csv,1,6,2,3,b,1,0,3,tac,C,63,1,2C,3C,1,0,z,2.63511769999968,0,1,0,0,3C,2C,C23,3.04452243772342,0.999884030278574,0.444522200242386,0.444522200242386,0.5,0.444522200242386,0.999884030278574,0.444522200242386,0.5,0.5,0.5,0.5,0.5,0.5,0.5,0.444522200242386,0.992385220901877,0.5,0.5,0.5,0.5,0.136182067700703,0.499643089419462,-0.5,-0.00323621969593857,-0.5,0.0129692079215082,CBCbothPairsAsymRW,CBCdriftDiffusionLR,0.5,0.984770441803753,0.00647243939187714,0.110955599515229,0.0259384158430164,0.978872837895646,1.2700210678493,2.51084689029507,0.5,71.4013515521963
CBC_1016,CBC_1016_MSI_TV_v3_Vset2_Tset3_2023-06-25_14h56.17.212.csv,1,7,1,3,z,0,1,0,tac,D,27,1,1D,3D,0,1,z,2.30741640000269,0,1,1,1,3D,1D,D13,3.09104245335832,0.999884030278574,0.444522200242386,0.444522200242386,0.5,0.444522200242386,0.999884030278574,0.444522200242386,0.5,0.5,0.5,0.512969207921508,0.496763780304061,0.5,0.5,0.444522200242386,0.992385220901877,0.664965859352426,0.335034140647574,0.992385220901877,0.5,0.265230151986671,0.741591149053275,0.00761477909812336,0.00749880937669693,0.5,-0.0554777997576144,CBCbothPairsAsymRW,CBCdriftDiffusionLR,0.5,0.984770441803753,0.00647243939187714,0.110955599515229,0.0259384158430164,0.978872837895646,1.2700210678493,2.51084689029507,0.5,71.4013515521963
CBC_1016,CBC_1016_MSI_TV_v3_Vset2_Tset3_2023-06-25_14h56.17.212.csv,1,8,1,0,z,0,1,2,tac,A,63,1,1A,0A,0,1,b,2.29211830000349,1,0,0,0,1A,0A,A10,3.13549421592915,0.999884030278574,0.444522200242386,0.444522200242386,0.5,0.444522200242386,0.999884030278574,0.444522200242386,0.5,0.5,0.5,0.512969207921508,0.496763780304061,0.5,0.444522200242386,0.444522200242386,0.999884030278574,0.30775428051294,0.69224571948706,0.444522200242386,0.999884030278574,0.0826666903521176,0.22732058486981,-0.444522200242386,-0.00287714299941271,-0.000115969721426468,3.00807085955848e-06,CBCbothPairsAsymRW,CBCdriftDiffusionLR,0.5,0.984770441803753,0.00647243939187714,0.110955599515229,0.0259384158430164,0.978872837895646,1.2700210678493,2.51084689029507,0.5,71.4013515521963
CBC_1016,CBC_1016_MSI_TV_v3_Vset2_Tset3_2023-06-25_14h56.17.212.csv,1,9,2,0,b,1,0,3,tac,C,27,1,2C,0C,1,0,b,2.61927950000245,1,0,1,1,2C,0C,C20,3.17805383034795,0.999887038349433,0.441645057242973,0.444522200242386,0.5,0.444522200242386,0.999884030278574,0.444522200242386,0.5,0.5,0.5,0.512969207921508,0.496763780304061,0.5,0.444522200242386,0.444522200242386,0.999884030278574,0.506401580531811,0.493598419468189,0.512969207921508,0.5,0.141105906386474,0.511340030843589,0.487030792078492,0.479613528287168,0.5,-0.0554777997576144,CBCbothPairsAsymRW,CBCdriftDiffusionLR,0.5,0.984770441803753,0.00647243939187714,0.110955599515229,0.0259384158430164,0.978872837895646,1.2700210678493,2.51084689029507,0.5,71.4013515521963
CBC_1016,CBC_1016_MSI_TV_v3_Vset2_Tset3_2023-06-25_14h56.17.212.csv,1,10,2,3,z,0,1,0,tac,D,63,1,2D,3D,0,1,z,2.3202005000021,0,1,1,1,3D,2D,D23,2.52572864430826,0.999887038349433,0.441645057242973,0.444522200242386,0.5,0.444522200242386,0.999884030278574,0.444522200242386,0.5,0.444522200242386,0.5,0.992582736208677,0.496763780304061,0.5,0.444522200242386,0.444522200242386,0.999884030278574,0.69224571948706,0.30775428051294,0.999884030278574,0.444522200242386,0.274534843297464,0.774106253827946,0.000115969721426468,0.000114203553805001,0.444522200242386,-0.0493222272257225,CBCbothPairsAsymRW,CBCdriftDiffusionLR,0.5,0.984770441803753,0.00647243939187714,0.110955599515229,0.0259384158430164,0.978872837895646,1.2700210678493,2.51084689029507,0.5,71.4013515521963
CBC_1016,CBC_1016_MSI_TV_v3_Vset2_Tset3_2023-06-25_14h56.17.212.csv,1,11,1,0,b,1,0,1,tac,B,63,1,1B,0B,1,0,z,2.50163420000172,0,1,0,0,0B,1B,B10,3.25809653802148,0.999887038349433,0.441645057242973,0.444522200242386,0.5,0.444522200242386,0.999884030278574,0.444522200242386,0.5,0.444522200242386,0.5,0.992582736208677,0.496763780304061,0.5,0.444522200242386,0.395199973016663,0.999998233832379,0.30775428051294,0.69224571948706,0.444522200242386,0.999884030278574,0.0681978049196369,0.226413549421983,-0.444522200242386,-0.00287714299941271,-0.000115969721426468,3.00807085955848e-06,CBCbothPairsAsymRW,CBCdriftDiffusionLR,0.5,0.984770441803753,0.00647243939187714,0.110955599515229,0.0259384158430164,0.978872837895646,1.2700210678493,2.51084689029507,0.5,71.4013515521963
CBC_1016,CBC_1016_MSI_TV_v3_Vset2_Tset3_2023-06-25_14h56.17.212.csv,1,12,0,1,b,1,0,2,tac,A,63,1,0A,1A,1,0,z,2.69494510000368,0,1,0,0,1A,0A,A01,2.60268968544438,0.999887038349433,0.441645057242973,0.444522200242386,0.5,0.441645057242973,0.999887038349433,0.444522200242386,0.5,0.444522200242386,0.5,0.992582736208677,0.496763780304061,0.5,0.444522200242386,0.395199973016663,0.999998233832379,0.306371990324278,0.693628009675722,0.441645057242973,0.999887038349433,0.0570131502591144,0.22540413880089,-0.441645057242973,-0.00285852086572725,-0.000112961650566956,2.93004626671922e-06,CBCbothPairsAsymRW,CBCdriftDiffusionLR,0.5,0.984770441803753,0.00647243939187714,0.110955599515229,0.0259384158430164,0.978872837895646,1.2700210678493,2.51084689029507,0.5,71.4013515521963
CBC_1016,CBC_1016_MSI_TV_v3_Vset2_Tset3_2023-06-25_14h56.17.212.csv,1,13,2,3,z,0,1,0,tac,D,63,1,2D,3D,0,1,b,2.34718440000142,1,0,0,0,2D,3D,D23,2.23359222150709,0.9998899683957,0.438786536377246,0.444522200242386,0.5,0.441645057242973,0.999887038349433,0.444522200242386,0.5,0.444522200242386,0.5,0.992582736208677,0.496763780304061,0.5,0.444522200242386,0.395199973016663,0.999998233832379,0.283257225444114,0.716742774555886,0.395199973016663,0.999998233832379,0.0694479615706689,0.200533909535683,-0.395199973016663,-0.00255790787302183,-1.7661676214864e-06,4.58115902145855e-08,CBCbothPairsAsymRW,CBCdriftDiffusionLR,0.5,0.984770441803753,0.00647243939187714,0.110955599515229,0.0259384158430164,0.978872837895646,1.2700210678493,2.51084689029507,0.5,71.4013515521963
CBC_1016,CBC_1016_MSI_TV_v3_Vset2_Tset3_2023-06-25_14h56.17.212.csv,1,14,2,0,b,1,0,3,tac,C,27,1,2C,0C,1,0,b,2.93021090000548,1,0,1,1,2C,0C,C20,2.67414864942653,0.9998899683957,0.438786536377246,0.444522200242386,0.5,0.441645057242973,0.999887038349433,0.444522200242386,0.5,0.444522200242386,0.5,0.992582736208677,0.496763780304061,0.5,0.444522200242386,0.392642065143641,0.999998279643969,0.690682156210433,0.309317843789567,0.992582736208677,0.444522200242386,0.15801630565163,0.770986340766917,0.00741726379132346,0.00730430214075658,0.444522200242386,-0.0493222272257225,CBCbothPairsAsymRW,CBCdriftDiffusionLR,0.5,0.984770441803753,0.00647243939187714,0.110955599515229,0.0259384158430164,0.978872837895646,1.2700210678493,2.51084689029507,0.5,71.4013515521963
CBC_1016,CBC_1016_MSI_TV_v3_Vset2_Tset3_2023-06-25_14h56.17.212.csv,1,15,0,1,b,1,0,2,tac,A,63,1,0A,1A,1,0,z,2.24476640000285,0,1,0,0,1A,0A,A01,2.30258509299405,0.9998899683957,0.438786536377246,0.444522200242386,0.5,0.441645057242973,0.999887038349433,0.444522200242386,0.5,0.395199973016663,0.5,0.999887038349433,0.496763780304061,0.5,0.444522200242386,0.392642065143641,0.999998279643969,0.304993189866888,0.695006810133112,0.438786536377246,0.9998899683957,0.084857231648896,0.223525359741615,-0.438786536377246,-0.00284001926267342,-0.000110031604300231,2.85404550821363e-06,CBCbothPairsAsymRW,CBCdriftDiffusionLR,0.5,0.984770441803753,0.00647243939187714,0.110955599515229,0.0259384158430164,0.978872837895646,1.2700210678493,2.51084689029507,0.5,71.4013515521963
CBC_1016,CBC_1016_MSI_TV_v3_Vset2_Tset3_2023-06-25_14h56.17.212.csv,1,16,1,3,b,1,0,1,tac,B,27,1,1B,3B,1,0,z,2.67382310000175,0,1,0,0,3B,1B,B13,3.43398720448515,0.999892822441208,0.435946517114572,0.444522200242386,0.5,0.441645057242973,0.999887038349433,0.444522200242386,0.5,0.395199973016663,0.5,0.999887038349433,0.496763780304061,0.5,0.444522200242386,0.392642065143641,0.999998279643969,0.33335843781291,0.666641562187089,0.5,0.999887038349433,0.0666635225366839,0.25640322058742,-0.5,-0.00323621969593857,-0.000112961650566956,2.93004626671922e-06,CBCbothPairsAsymRW,CBCdriftDiffusionLR,0.5,0.984770441803753,0.00647243939187714,0.110955599515229,0.0259384158430164,0.978872837895646,1.2700210678493,2.51084689029507,0.5,71.4013515521963
CBC_1016,CBC_1016_MSI_TV_v3_Vset2_Tset3_2023-06-25_14h56.17.212.csv,1,17,3,2,z,0,1,3,tac,C,63,1,3C,2C,0,1,z,1.78840320000381,0,1,1,1,2C,3C,C32,3.46573590279973,0.999892822441208,0.435946517114572,0.444522200242386,0.5,0.441645057242973,0.9998899683957,0.444522200242386,0.496763780304061,0.395199973016663,0.5,0.999887038349433,0.496763780304061,0.5,0.444522200242386,0.392642065143641,0.999998279643969,0.668083046417608,0.331916953582392,0.999887038349433,0.496763780304061,0.411724841282276,0.744767276755834,0.000112961650566845,0.000111241294535593,0.496763780304061,-0.0551187230610886,CBCbothPairsAsymRW,CBCdriftDiffusionLR,0.5,0.984770441803753,0.00647243939187714,0.110955599515229,0.0259384158430164,0.978872837895646,1.2700210678493,2.51084689029507,0.5,71.4013515521963
CBC_1016,CBC_1016_MSI_TV_v3_Vset2_Tset3_2023-06-25_14h56.17.212.csv,1,18,2,3,z,0,1,0,tac,D,63,0,2D,3D,1,0,z,2.29047910000372,0,1,1,0,3D,2D,D23,2.11021320034659,0.999892822441208,0.435946517114572,0.444522200242386,0.5,0.441645057242973,0.9998899683957,0.444522200242386,0.496763780304061,0.395199973016663,0.5,0.999998279643969,0.441645057242973,0.5,0.444522200242386,0.392642065143641,0.999998279643969,0.718059248668742,0.281940751331258,0.999998279643969,0.392642065143641,0.292213497107624,0.800374259638211,-0.999998279643969,-0.00647242825697699,-0.607357934856359,0.0157539026798599,CBCbothPairsAsymRW,CBCdriftDiffusionLR,0.5,0.984770441803753,0.00647243939187714,0.110955599515229,0.0259384158430164,0.978872837895646,1.2700210678493,2.51084689029507,0.5,71.4013515521963
CBC_1016,CBC_1016_MSI_TV_v3_Vset2_Tset3_2023-06-25_14h56.17.212.csv,1,19,1,0,b,1,0,1,tac,B,63,1,1B,0B,1,0,b,3.27940730000046,1,0,1,1,1B,0B,B10,2.83321334405622,0.999892822441208,0.435946517114572,0.444522200242386,0.5,0.441645057242973,0.9998899683957,0.444522200242386,0.496763780304061,0.395199973016663,0.5,0.999998279643969,0.441645057242973,0.5,0.444522200242386,0.408395967823501,0.993525851386992,0.693628632403641,0.306371367596359,0.9998899683957,0.441645057242973,0.115531326553531,0.774181307051376,0.000110031604300231,0.000108355871579115,0.441645057242973,-0.0490029920993316,CBCbothPairsAsymRW,CBCdriftDiffusionLR,0.5,0.984770441803753,0.00647243939187714,0.110955599515229,0.0259384158430164,0.978872837895646,1.2700210678493,2.51084689029507,0.5,71.4013515521963
CBC_1016,CBC_1016_MSI_TV_v3_Vset2_Tset3_2023-06-25_14h56.17.212.csv,1,20,2,0,z,0,1,2,tac,A,27,1,2A,0A,0,1,z,2.73082460000296,0,1,1,1,0A,2A,A20,3.55534806148941,0.999892822441208,0.435946517114572,0.444522200242386,0.5,0.392642065143641,0.999998324267279,0.444522200242386,0.496763780304061,0.395199973016663,0.5,0.999998279643969,0.441645057242973,0.5,0.444522200242386,0.408395967823501,0.993525851386992,0.692247592789153,0.307752407210847,0.999892822441208,0.444522200242386,0.189465046444171,0.773360325947916,0.000107177558791971,0.000105545291923017,0.444522200242386,-0.0493222272257225,CBCbothPairsAsymRW,CBCdriftDiffusionLR,0.5,0.984770441803753,0.00647243939187714,0.110955599515229,0.0259384158430164,0.978872837895646,1.2700210678493,2.51084689029507,0.5,71.4013515521963
CBC_1016,CBC_1016_MSI_TV_v3_Vset2_Tset3_2023-06-25_14h56.17.212.csv,1,21,0,3,z,0,1,0,tac,D,9,1,0D,3D,0,1,z,3.18649170000208,0,1,1,1,3D,0D,D03,3.58351893845611,0.999998367733131,0.435946517114572,0.395199973016663,0.5,0.392642065143641,0.999998324267279,0.444522200242386,0.496763780304061,0.395199973016663,0.5,0.999998279643969,0.441645057242973,0.5,0.444522200242386,0.408395967823501,0.993525851386992,0.665221730487179,0.334778269512821,0.993525851386992,0.5,0.123389680374836,0.741032405962337,0.00647414861300832,0.00637555018993536,0.5,-0.0554777997576144,CBCbothPairsAsymRW,CBCdriftDiffusionLR,0.5,0.984770441803753,0.00647243939187714,0.110955599515229,0.0259384158430164,0.978872837895646,1.2700210678493,2.51084689029507,0.5,71.4013515521963
CBC_1016,CBC_1016_MSI_TV_v3_Vset2_Tset3_2023-06-25_14h56.17.212.csv,1,22,2,3,b,1,0,3,tac,C,63,1,2C,3C,1,0,b,1.36447970000518,1,0,1,1,2C,3C,C23,2.91777073208428,0.999998367733131,0.435946517114572,0.395199973016663,0.5,0.392642065143641,0.999998324267279,0.444522200242386,0.496763780304061,0.395199973016663,0.5,0.999998279643969,0.441645057242973,0.444522200242386,0.444522200242386,0.408395967823501,0.999901401576927,0.693651650208676,0.306348349791324,0.999998279643969,0.441645057242973,0.480247703251385,0.775267306335957,1.72035603129839e-06,1.69415576900146e-06,0.441645057242973,-0.0490029920993316,CBCbothPairsAsymRW,CBCdriftDiffusionLR,0.5,0.984770441803753,0.00647243939187714,0.110955599515229,0.0259384158430164,0.978872837895646,1.2700210678493,2.51084689029507,0.5,71.4013515521963
CBC_1016,CBC_1016_MSI_TV_v3_Vset2_Tset3_2023-06-25_14h56.17.212.csv,1,23,3,1,z,0,1,1,tac,B,27,1,3B,1B,0,1,z,2.98785760000101,0,1,1,1,1B,3B,B31,3.63758615972639,0.999998367733131,0.435946517114572,0.395199973016663,0.5,0.392642065143641,0.999998324267279,0.444522200242386,0.496763780304061,0.395199973016663,0.5,0.999999973799738,0.392642065143641,0.444522200242386,0.444522200242386,0.408395967823501,0.999901401576927,0.668107724810196,0.331892275189804,0.999998324267279,0.496763780304061,0.147077192178261,0.744237218195799,1.6757327211403e-06,1.65021205214234e-06,0.496763780304061,-0.0551187230610886,CBCbothPairsAsymRW,CBCdriftDiffusionLR,0.5,0.984770441803753,0.00647243939187714,0.110955599515229,0.0259384158430164,0.978872837895646,1.2700210678493,2.51084689029507,0.5,71.4013515521963
CBC_1016,CBC_1016_MSI_TV_v3_Vset2_Tset3_2023-06-25_14h56.17.212.csv,1,24,3,2,z,0,1,3,tac,C,63,1,3C,2C,0,1,z,1.84730630000558,0,1,1,1,2C,3C,C32,2.9704144655697,0.999998367733131,0.435946517114572,0.395199973016663,0.5,0.392642065143641,0.999999974479331,0.444522200242386,0.441645057242973,0.395199973016663,0.5,0.999999973799738,0.392642065143641,0.444522200242386,0.444522200242386,0.408395967823501,0.999901401576927,0.718059591651028,0.281940408348972,0.999999973799738,0.392642065143641,0.437215075135479,0.800674113276141,2.62002622930524e-08,2.58012438737034e-08,0.392642065143641,-0.0435658357329103,CBCbothPairsAsymRW,CBCdriftDiffusionLR,0.5,0.984770441803753,0.00647243939187714,0.110955599515229,0.0259384158430164,0.978872837895646,1.2700210678493,2.51084689029507,0.5,71.4013515521963
CBC_1016,CBC_1016_MSI_TV_v3_Vset2_Tset3_2023-06-25_14h56.17.212.csv,1,25,2,3,z,0,1,0,tac,D,63,1,2D,3D,0,1,z,2.09773660000428,0,1,1,1,3D,2D,D23,2.07944154167984,0.999998367733131,0.435946517114572,0.395199973016663,0.5,0.392642065143641,0.999999974479331,0.444522200242386,0.441645057242973,0.395199973016663,0.5,0.999999999600982,0.349076229410731,0.444522200242386,0.444522200242386,0.408395967823501,0.999901401576927,0.710007291998726,0.289992708001274,0.999901401576927,0.408395967823501,0.344537597266973,0.791750034409108,9.85984230729153e-05,9.70968126506682e-05,0.408395967823501,-0.0453138194494587,CBCbothPairsAsymRW,CBCdriftDiffusionLR,0.5,0.984770441803753,0.00647243939187714,0.110955599515229,0.0259384158430164,0.978872837895646,1.2700210678493,2.51084689029507,0.5,71.4013515521963
CBC_1016,CBC_1016_MSI_TV_v3_Vset2_Tset3_2023-06-25_14h56.17.212.csv,1,26,1,0,b,1,0,1,tac,B,63,1,1B,0B,1,0,b,2.75469850000081,1,0,1,1,1B,0B,B10,2.6149597780362,0.999998367733131,0.435946517114572,0.395199973016663,0.5,0.392642065143641,0.999999974479331,0.444522200242386,0.441645057242973,0.395199973016663,0.5,0.999999999600982,0.349076229410731,0.444522200242386,0.444522200242386,0.363082148374042,0.999998498389578,0.718059591788612,0.281940408211388,0.999999974479331,0.392642065143641,0.189475277076251,0.800923838015182,2.55206690225052e-08,2.51320005084198e-08,0.392642065143641,-0.0435658357329103,CBCbothPairsAsymRW,CBCdriftDiffusionLR,0.5,0.984770441803753,0.00647243939187714,0.110955599515229,0.0259384158430164,0.978872837895646,1.2700210678493,2.51084689029507,0.5,71.4013515521963
CBC_1016,CBC_1016_MSI_TV_v3_Vset2_Tset3_2023-06-25_14h56.17.212.csv,1,27,0,3,b,1,0,2,tac,A,9,1,0A,3A,1,0,b,3.30740410000362,1,0,1,1,0A,3A,A03,3.73766961828337,0.999998367733131,0.435946517114572,0.395199973016663,0.5,0.349076229410731,0.999999999611331,0.444522200242386,0.441645057242973,0.395199973016663,0.5,0.999999999600982,0.349076229410731,0.444522200242386,0.444522200242386,0.363082148374042,0.999998498389578,0.666666303940301,0.333333696059699,0.999998367733131,0.5,0.111215977199304,0.743429121000377,1.63226686900053e-06,1.60740816572728e-06,0.5,-0.0554777997576144,CBCbothPairsAsymRW,CBCdriftDiffusionLR,0.5,0.984770441803753,0.00647243939187714,0.110955599515229,0.0259384158430164,0.978872837895646,1.2700210678493,2.51084689029507,0.5,71.4013515521963
CBC_1016,CBC_1016_MSI_TV_v3_Vset2_Tset3_2023-06-25_14h56.17.212.csv,1,28,2,3,z,0,1,0,tac,D,63,1,2D,3D,0,1,z,1.82640270000411,0,1,1,1,3D,2D,D23,1.96944064646551,0.999999975141297,0.435946517114572,0.395199973016663,0.444522200242386,0.349076229410731,0.999999999611331,0.444522200242386,0.441645057242973,0.395199973016663,0.5,0.999999999600982,0.349076229410731,0.444522200242386,0.444522200242386,0.363082148374042,0.999998498389578,0.733631205727913,0.266368794272087,0.999998498389578,0.363082148374042,0.458992920855207,0.81628377518118,1.50161042222763e-06,1.47874155891422e-06,0.363082148374043,-0.0402859974461192,CBCbothPairsAsymRW,CBCdriftDiffusionLR,0.5,0.984770441803753,0.00647243939187714,0.110955599515229,0.0259384158430164,0.978872837895646,1.2700210678493,2.51084689029507,0.5,71.4013515521963
CBC_1016,CBC_1016_MSI_TV_v3_Vset2_Tset3_2023-06-25_14h56.17.212.csv,1,29,2,0,b,1,0,3,tac,C,27,1,2C,0C,1,0,b,2.00218970000424,1,0,1,1,2C,0C,C20,2.68557734525015,0.999999975141297,0.435946517114572,0.395199973016663,0.444522200242386,0.349076229410731,0.999999999611331,0.444522200242386,0.441645057242973,0.395199973016663,0.5,0.999999999600982,0.349076229410731,0.444522200242386,0.444522200242386,0.322796150927923,0.999999977131137,0.716743133046944,0.283256866953056,0.999999999600982,0.395199973016663,0.380163989417725,0.798925499747307,3.99018373897775e-10,3.92941500351127e-10,0.395199973016663,-0.0438496499344661,CBCbothPairsAsymRW,CBCdriftDiffusionLR,0.5,0.984770441803753,0.00647243939187714,0.110955599515229,0.0259384158430164,0.978872837895646,1.2700210678493,2.51084689029507,0.5,71.4013515521963
CBC_1016,CBC_1016_MSI_TV_v3_Vset2_Tset3_2023-06-25_14h56.17.212.csv,1,30,1,0,z,0,1,2,tac,A,63,1,1A,0A,0,1,b,1.58426370000234,1,0,0,0,1A,0A,A10,3.11351530921037,0.999999975141297,0.435946517114572,0.395199973016663,0.444522200242386,0.349076229410731,0.999999999611331,0.444522200242386,0.441645057242973,0.351350323082197,0.5,0.999999999993923,0.349076229410731,0.444522200242386,0.444522200242386,0.322796150927923,0.999999977131137,0.303595238029866,0.696404761970134,0.435946517114572,0.999999975141297,0.143705299745181,0.222833112234606,-0.435946517114572,-0.002821637410124,-2.48587033180314e-08,6.4479538398127e-10,CBCbothPairsAsymRW,CBCdriftDiffusionLR,0.5,0.984770441803753,0.00647243939187714,0.110955599515229,0.0259384158430164,0.978872837895646,1.2700210678493,2.51084689029507,0.5,71.4013515521963
CBC_1016,CBC_1016_MSI_TV_v3_Vset2_Tset3_2023-06-25_14h56.17.212.csv,1,31,1,0,b,1,0,1,tac,B,63,1,1B,0B,1,0,b,1.89512440000544,1,0,1,1,1B,0B,B10,2.4423470353692,0.999999975786092,0.433124879704448,0.395199973016663,0.444522200242386,0.349076229410731,0.999999999611331,0.444522200242386,0.441645057242973,0.351350323082197,0.5,0.999999999993923,0.349076229410731,0.444522200242386,0.444522200242386,0.322796150927923,0.999999977131137,0.741247957749745,0.258752042250255,0.999999999611331,0.349076229410731,0.437606463181847,0.823114616545316,3.88668541795312e-10,3.8274929161899e-10,0.349076229410731,-0.0387319623107832,CBCbothPairsAsymRW,CBCdriftDiffusionLR,0.5,0.984770441803753,0.00647243939187714,0.110955599515229,0.0259384158430164,0.978872837895646,1.2700210678493,2.51084689029507,0.5,71.4013515521963
CBC_1016,CBC_1016_MSI_TV_v3_Vset2_Tset3_2023-06-25_14h56.17.212.csv,1,32,3,1,b,1,0,0,tac,D,27,1,3D,1D,1,0,b,1.84570010000243,1,0,1,1,3D,1D,D31,3.85014760171006,0.999999975786092,0.433124879704448,0.395199973016663,0.444522200242386,0.310344267099948,0.999999999994081,0.444522200242386,0.441645057242973,0.351350323082197,0.5,0.999999999993923,0.349076229410731,0.444522200242386,0.444522200242386,0.322796150927923,0.999999977131137,0.692270421870137,0.307729578129863,0.999999977131137,0.444522200242386,0.41514638575208,0.772852898582099,2.28688633585605e-08,2.25205806731593e-08,0.444522200242386,-0.0493222272257225,CBCbothPairsAsymRW,CBCdriftDiffusionLR,0.5,0.984770441803753,0.00647243939187714,0.110955599515229,0.0259384158430164,0.978872837895646,1.2700210678493,2.51084689029507,0.5,71.4013515521963
CBC_1016,CBC_1016_MSI_TV_v3_Vset2_Tset3_2023-06-25_14h56.17.212.csv,1,33,3,2,z,0,1,3,tac,C,63,1,3C,2C,0,1,z,2.17410230000314,0,1,1,1,2C,3C,C32,2.77258872223978,0.999999975786092,0.433124879704448,0.395199973016663,0.444522200242386,0.310344267099948,0.999999999994081,0.444522200242386,0.441645057242973,0.351350323082197,0.5,0.999999999993923,0.349076229410731,0.444522200242386,0.395199973016663,0.322796150927923,0.999999999651717,0.741247957823126,0.258752042176874,0.999999999993923,0.349076229410731,0.336693663895226,0.823470036686599,6.07691674758826e-12,5.98436799032712e-12,0.349076229410731,-0.0387319623107832,CBCbothPairsAsymRW,CBCdriftDiffusionLR,0.5,0.984770441803753,0.00647243939187714,0.110955599515229,0.0259384158430164,0.978872837895646,1.2700210678493,2.51084689029507,0.5,71.4013515521963
CBC_1016,CBC_1016_MSI_TV_v3_Vset2_Tset3_2023-06-25_14h56.17.212.csv,1,34,1,0,b,1,0,1,tac,B,63,1,1B,0B,1,0,b,2.39900370000032,1,0,1,1,1B,0B,B10,2.28238238567653,0.999999975786092,0.433124879704448,0.395199973016663,0.444522200242386,0.310344267099948,0.999999999994081,0.444522200242386,0.441645057242973,0.351350323082197,0.5,0.999999999999907,0.310344267099948,0.444522200242386,0.395199973016663,0.322796150927923,0.999999999651717,0.763158221168699,0.236841778831302,0.999999999994081,0.310344267099948,0.276122038509438,0.842386277362908,5.91926507809148e-12,5.82911728610568e-12,0.310344267099948,-0.034434434212189,CBCbothPairsAsymRW,CBCdriftDiffusionLR,0.5,0.984770441803753,0.00647243939187714,0.110955599515229,0.0259384158430164,0.978872837895646,1.2700210678493,2.51084689029507,0.5,71.4013515521963
CBC_1016,CBC_1016_MSI_TV_v3_Vset2_Tset3_2023-06-25_14h56.17.212.csv,1,35,0,1,b,1,0,2,tac,A,63,1,0A,1A,1,0,b,2.73963930000173,1,0,1,1,0A,1A,A01,2.52572864430826,0.999999975786092,0.433124879704448,0.395199973016663,0.444522200242386,0.275909832887759,0.99999999999991,0.444522200242386,0.441645057242973,0.351350323082197,0.5,0.999999999999907,0.310344267099948,0.444522200242386,0.395199973016663,0.322796150927923,0.999999999651717,0.697775892976055,0.302224107023945,0.999999975786092,0.433124879704448,0.188935060968332,0.779224224978656,2.42139078787673e-08,2.38451407595691e-08,0.433124879704448,-0.0480576306925684,CBCbothPairsAsymRW,CBCdriftDiffusionLR,0.5,0.984770441803753,0.00647243939187714,0.110955599515229,0.0259384158430164,0.978872837895646,1.2700210678493,2.51084689029507,0.5,71.4013515521963
CBC_1016,CBC_1016_MSI_TV_v3_Vset2_Tset3_2023-06-25_14h56.17.212.csv,1,36,1,2,z,0,1,3,tac,C,9,1,1C,2C,0,1,z,1.11612090000563,0,1,1,1,2C,1C,C12,3.93182563272433,0.999999999631233,0.38506724901188,0.395199973016663,0.444522200242386,0.275909832887759,0.99999999999991,0.444522200242386,0.441645057242973,0.351350323082197,0.5,0.999999999999907,0.310344267099948,0.444522200242386,0.395199973016663,0.322796150927923,0.999999999651717,0.666666666666646,0.333333333333354,0.999999999999907,0.5,0.0531968954512548,0.743788119845791,9.25926002537381e-14,9.11824558596319e-14,0.5,-0.0554777997576144,CBCbothPairsAsymRW,CBCdriftDiffusionLR,0.5,0.984770441803753,0.00647243939187714,0.110955599515229,0.0259384158430164,0.978872837895646,1.2700210678493,2.51084689029507,0.5,71.4013515521963
CBC_1016,CBC_1016_MSI_TV_v3_Vset2_Tset3_2023-06-25_14h56.17.212.csv,1,37,1,0,z,0,1,2,tac,A,63,1,1A,0A,0,1,b,2.28124340000431,1,0,0,0,1A,0A,A10,2.85263142991332,0.999999999631233,0.38506724901188,0.395199973016663,0.444522200242386,0.275909832887759,0.99999999999991,0.444522200242386,0.441645057242973,0.351350323082197,0.444522200242386,0.999999999999999,0.310344267099948,0.444522200242386,0.395199973016663,0.322796150927923,0.999999999651717,0.27801339565939,0.72198660434061,0.38506724901188,0.999999999631233,0.071965506389707,0.195359612558421,-0.38506724901188,-0.00249232443102625,-3.68767127945091e-10,9.56523511387459e-12,CBCbothPairsAsymRW,CBCdriftDiffusionLR,0.5,0.984770441803753,0.00647243939187714,0.110955599515229,0.0259384158430164,0.978872837895646,1.2700210678493,2.51084689029507,0.5,71.4013515521963
CBC_1016,CBC_1016_MSI_TV_v3_Vset2_Tset3_2023-06-25_14h56.17.212.csv,1,38,3,1,b,1,0,0,tac,D,27,1,3D,1D,1,0,b,2.22674390000248,1,0,1,1,3D,1D,D31,3.27714473299218,0.999999999640798,0.382574924580854,0.395199973016663,0.444522200242386,0.275909832887759,0.99999999999991,0.444522200242386,0.441645057242973,0.351350323082197,0.444522200242386,0.999999999999999,0.310344267099948,0.444522200242386,0.395199973016663,0.322796150927923,0.999999999651717,0.716743133057245,0.283256866942755,0.999999999651717,0.395199973016663,0.309572135678311,0.799288665632938,3.4828273598464e-10,3.42978543788214e-10,0.395199973016663,-0.0438496499344661,CBCbothPairsAsymRW,CBCdriftDiffusionLR,0.5,0.984770441803753,0.00647243939187714,0.110955599515229,0.0259384158430164,0.978872837895646,1.2700210678493,2.51084689029507,0.5,71.4013515521963
CBC_1016,CBC_1016_MSI_TV_v3_Vset2_Tset3_2023-06-25_14h56.17.212.csv,1,39,0,1,z,0,1,1,tac,B,63,1,0B,1B,0,1,b,2.59629680000216,1,0,0,0,0B,1B,B01,3.29583686600433,0.999999999640798,0.382574924580854,0.395199973016663,0.444522200242386,0.275909832887759,0.99999999999991,0.444522200242386,0.441645057242973,0.351350323082197,0.444522200242386,0.999999999999999,0.310344267099948,0.444522200242386,0.351350323082197,0.322796150927923,0.999999999994696,0.216245557308163,0.783754442691837,0.275909832887759,0.99999999999991,0.0373270040983507,0.140625760916006,-0.275909832887759,-0.00178580967098897,-9.01501095995627e-14,2.33835103108696e-15,CBCbothPairsAsymRW,CBCdriftDiffusionLR,0.5,0.984770441803753,0.00647243939187714,0.110955599515229,0.0259384158430164,0.978872837895646,1.2700210678493,2.51084689029507,0.5,71.4013515521963
CBC_1016,CBC_1016_MSI_TV_v3_Vset2_Tset3_2023-06-25_14h56.17.212.csv,1,40,2,3,b,1,0,3,tac,C,63,0,2C,3C,0,1,b,2.04378850000285,1,0,1,0,2C,3C,C23,2.90872089656436,0.999999999640798,0.382574924580854,0.395199973016663,0.444522200242386,0.27412402321677,0.999999999999912,0.444522200242386,0.441645057242973,0.351350323082197,0.444522200242386,0.999999999999999,0.310344267099948,0.444522200242386,0.351350323082197,0.322796150927923,0.999999999994696,0.763158221169768,0.236841778830232,0.999999999999999,0.310344267099948,0.393532695223795,0.842713526172792,-0.999999999999999,-0.00647243939187713,-0.689655732900052,0.0178885771884818,CBCbothPairsAsymRW,CBCdriftDiffusionLR,0.5,0.984770441803753,0.00647243939187714,0.110955599515229,0.0259384158430164,0.978872837895646,1.2700210678493,2.51084689029507,0.5,71.4013515521963
CBC_1016,CBC_1016_MSI_TV_v3_Vset2_Tset3_2023-06-25_14h56.17.212.csv,1,41,2,0,z,0,1,2,tac,A,27,1,2A,0A,0,1,z,2.26194130000295,0,1,1,1,0A,2A,A20,3.3322045101752,0.999999999640798,0.382574924580854,0.395199973016663,0.444522200242386,0.27412402321677,0.999999999999912,0.444522200242386,0.441645057242973,0.351350323082197,0.444522200242386,0.993527560608121,0.32823284428843,0.444522200242386,0.351350323082197,0.322796150927923,0.999999999994696,0.716743133055028,0.283256866944972,0.999999999640798,0.395199973016663,0.299600919342225,0.799216687203059,3.59201890454131e-10,3.53731404359258e-10,0.395199973016663,-0.0438496499344661,CBCbothPairsAsymRW,CBCdriftDiffusionLR,0.5,0.984770441803753,0.00647243939187714,0.110955599515229,0.0259384158430164,0.978872837895646,1.2700210678493,2.51084689029507,0.5,71.4013515521963
CBC_1016,CBC_1016_MSI_TV_v3_Vset2_Tset3_2023-06-25_14h56.17.212.csv,1,42,3,2,b,1,0,0,tac,D,63,1,3D,2D,1,0,b,1.96135020000293,1,0,1,1,3D,2D,D32,4.04305126783455,0.999999999994529,0.382574924580854,0.351350323082197,0.444522200242386,0.27412402321677,0.999999999999912,0.444522200242386,0.441645057242973,0.351350323082197,0.444522200242386,0.993527560608121,0.32823284428843,0.444522200242386,0.351350323082197,0.322796150927923,0.999999999994696,0.755974379950546,0.244025620049454,0.999999999994696,0.322796150927923,0.422211899438959,0.837138788837841,5.30420152244915e-12,5.22342087667839e-12,0.322796150927923,-0.035816040447416,CBCbothPairsAsymRW,CBCdriftDiffusionLR,0.5,0.984770441803753,0.00647243939187714,0.110955599515229,0.0259384158430164,0.978872837895646,1.2700210678493,2.51084689029507,0.5,71.4013515521963
CBC_1016,CBC_1016_MSI_TV_v3_Vset2_Tset3_2023-06-25_14h56.17.212.csv,1,43,3,1,z,0,1,1,tac,B,27,1,3B,1B,0,1,z,1.85684090000359,0,1,1,1,1B,3B,B31,3.36729582998647,0.999999999994529,0.382574924580854,0.351350323082197,0.444522200242386,0.27412402321677,0.999999999999912,0.444522200242386,0.441645057242973,0.351350323082197,0.444522200242386,0.993527560608121,0.32823284428843,0.444522200242386,0.351350323082197,0.286980110480507,0.999999999999919,0.693652015782852,0.306347984217148,0.999999999999912,0.441645057242973,0.412724409282287,0.774607576299912,8.78186412478499e-14,8.64812021402504e-14,0.441645057242973,-0.0490029920993316,CBCbothPairsAsymRW,CBCdriftDiffusionLR,0.5,0.984770441803753,0.00647243939187714,0.110955599515229,0.0259384158430164,0.978872837895646,1.2700210678493,2.51084689029507,0.5,71.4013515521963
CBC_1016,CBC_1016_MSI_TV_v3_Vset2_Tset3_2023-06-25_14h56.17.212.csv,1,44,2,3,b,1,0,3,tac,C,63,1,2C,3C,1,0,b,1.44463670000187,1,0,1,1,2C,3C,C23,2.69124308278583,0.999999999994529,0.382574924580854,0.351350323082197,0.444522200242386,0.27412402321677,0.999999999999999,0.444522200242386,0.392642065143641,0.351350323082197,0.444522200242386,0.993527560608121,0.32823284428843,0.444522200242386,0.351350323082197,0.286980110480507,0.999999999999919,0.751669937249997,0.248330062750003,0.993527560608121,0.32823284428843,0.589222923290277,0.83308142707312,0.00647243939187858,0.00637386699948829,0.32823284428843,-0.0364192720186115,CBCbothPairsAsymRW,CBCdriftDiffusionLR,0.5,0.984770441803753,0.00647243939187714,0.110955599515229,0.0259384158430164,0.978872837895646,1.2700210678493,2.51084689029507,0.5,71.4013515521963
CBC_1016,CBC_1016_MSI_AV_v3_Vset4_Aset1_2023-06-25_15h20.06.953.csv,3,1,0,1,z,0,1,1,aud,B,63,1,0B,1B,0,1,z,2.35650669999814,0,1,1,1,1B,0B,B01,2.77258872223978,0.5,0.5,0.5,0.5,0.5,0.5,0.5,0.5,0.5,0.5,0.5,0.5,0.5,0.5,0.5,0.5,0.5,0.5,0.5,0.5,0.135109393684908,0.5008031749718,0.5,0.159314881404777,0.5,-0.0166894994011208,CBCbothPairsAsymRW,CBCdriftDiffusionLR,0.5,0.318629762809553,0.00853479855452033,0.0333789988022416,0.215761217636765,0.65541418232117,3.42765625136966,2.62860259419722,0.5,53.3582779517539
CBC_1016,CBC_1016_MSI_AV_v3_Vset4_Aset1_2023-06-25_15h20.06.953.csv,3,2,0,1,b,1,0,2,aud,A,63,1,0A,1A,1,0,b,2.2296920000008,1,0,1,1,0A,1A,A01,2.83321334405622,0.5,0.5,0.5,0.5,0.483310500598879,0.659314881404776,0.5,0.5,0.5,0.5,0.5,0.5,0.5,0.5,0.5,0.5,0.5,0.5,0.5,0.5,0.147188201142935,0.498428843685652,0.5,0.159314881404777,0.5,-0.0166894994011208,CBCbothPairsAsymRW,CBCdriftDiffusionLR,0.5,0.318629762809553,0.00853479855452033,0.0333789988022416,0.215761217636765,0.65541418232117,3.42765625136966,2.62860259419722,0.5,53.3582779517539
CBC_1016,CBC_1016_MSI_AV_v3_Vset4_Aset1_2023-06-25_15h20.06.953.csv,3,3,2,3,z,0,1,0,aud,D,63,1,2D,3D,0,1,z,1.77956080000149,0,1,1,1,3D,2D,D23,2.89037175789616,0.659314881404776,0.483310500598879,0.5,0.5,0.483310500598879,0.659314881404776,0.5,0.5,0.5,0.5,0.5,0.5,0.5,0.5,0.5,0.5,0.5,0.5,0.5,0.5,0.202268319110815,0.498882753402901,0.5,0.159314881404777,0.5,-0.0166894994011208,CBCbothPairsAsymRW,CBCdriftDiffusionLR,0.5,0.318629762809553,0.00853479855452033,0.0333789988022416,0.215761217636765,0.65541418232117,3.42765625136966,2.62860259419722,0.5,53.3582779517539
CBC_1016,CBC_1016_MSI_AV_v3_Vset4_Aset1_2023-06-25_15h20.06.953.csv,3,4,2,1,z,0,1,1,aud,B,9,1,2B,1B,0,1,z,1.22099159999925,0,1,1,1,1B,2B,B21,2.94443897916644,0.659314881404776,0.483310500598879,0.5,0.5,0.483310500598879,0.659314881404776,0.5,0.5,0.5,0.5,0.5,0.5,0.5,0.5,0.483310500598879,0.659314881404776,0.568710789432691,0.431289210567309,0.659314881404776,0.5,0.466974398755039,0.775273932214913,0.340685118595224,0.108552418530741,0.5,-0.0166894994011208,CBCbothPairsAsymRW,CBCdriftDiffusionLR,0.5,0.318629762809553,0.00853479855452033,0.0333789988022416,0.215761217636765,0.65541418232117,3.42765625136966,2.62860259419722,0.5,53.3582779517539
CBC_1016,CBC_1016_MSI_AV_v3_Vset4_Aset1_2023-06-25_15h20.06.953.csv,3,5,0,2,b,1,0,2,aud,A,27,1,0A,2A,1,0,b,2.2657913999974,1,0,1,1,0A,2A,A02,2.99573227355399,0.659314881404776,0.483310500598879,0.5,0.5,0.483310500598879,0.767867299935517,0.483310500598879,0.5,0.5,0.5,0.5,0.5,0.5,0.5,0.483310500598879,0.659314881404776,0.568710789432691,0.431289210567309,0.659314881404776,0.5,0.22373274261987,0.775965877733914,0.340685118595224,0.108552418530741,0.5,-0.0166894994011208,CBCbothPairsAsymRW,CBCdriftDiffusionLR,0.5,0.318629762809553,0.00853479855452033,0.0333789988022416,0.215761217636765,0.65541418232117,3.42765625136966,2.62860259419722,0.5,53.3582779517539
CBC_1016,CBC_1016_MSI_AV_v3_Vset4_Aset1_2023-06-25_15h20.06.953.csv,3,6,2,3,b,1,0,3,aud,C,63,1,2C,3C,1,0,b,2.15061939999941,1,0,1,1,2C,3C,C23,3.04452243772342,0.767867299935517,0.483310500598879,0.483310500598879,0.5,0.483310500598879,0.767867299935517,0.483310500598879,0.5,0.5,0.5,0.5,0.5,0.5,0.5,0.483310500598879,0.659314881404776,0.5,0.5,0.5,0.5,0.156377048545725,0.50057538309207,0.5,0.159314881404777,0.5,-0.0166894994011208,CBCbothPairsAsymRW,CBCdriftDiffusionLR,0.5,0.318629762809553,0.00853479855452033,0.0333789988022416,0.215761217636765,0.65541418232117,3.42765625136966,2.62860259419722,0.5,53.3582779517539
CBC_1016,CBC_1016_MSI_AV_v3_Vset4_Aset1_2023-06-25_15h20.06.953.csv,3,7,1,3,z,0,1,0,aud,D,27,1,1D,3D,0,1,z,1.35020900000018,0,1,1,1,3D,1D,D13,3.09104245335832,0.767867299935517,0.483310500598879,0.483310500598879,0.5,0.483310500598879,0.767867299935517,0.483310500598879,0.5,0.5,0.5,0.659314881404776,0.483310500598879,0.5,0.5,0.483310500598879,0.659314881404776,0.568710789432691,0.431289210567309,0.659314881404776,0.5,0.448945972856303,0.775153812975129,0.340685118595224,0.108552418530741,0.5,-0.0166894994011208,CBCbothPairsAsymRW,CBCdriftDiffusionLR,0.5,0.318629762809553,0.00853479855452033,0.0333789988022416,0.215761217636765,0.65541418232117,3.42765625136966,2.62860259419722,0.5,53.3582779517539
CBC_1016,CBC_1016_MSI_AV_v3_Vset4_Aset1_2023-06-25_15h20.06.953.csv,3,8,1,0,z,0,1,2,aud,A,63,1,1A,0A,0,1,z,1.78558730000077,0,1,1,1,0A,1A,A10,3.13549421592915,0.767867299935517,0.483310500598879,0.483310500598879,0.5,0.483310500598879,0.767867299935517,0.483310500598879,0.5,0.5,0.5,0.659314881404776,0.483310500598879,0.5,0.483310500598879,0.483310500598879,0.767867299935517,0.613715572325172,0.386284427674828,0.767867299935517,0.483310500598879,0.398874157028017,0.885731616736782,0.232132700064483,0.0739643871618873,0.483310500598879,-0.0161324206206008,CBCbothPairsAsymRW,CBCdriftDiffusionLR,0.5,0.318629762809553,0.00853479855452033,0.0333789988022416,0.215761217636765,0.65541418232117,3.42765625136966,2.62860259419722,0.5,53.3582779517539
CBC_1016,CBC_1016_MSI_AV_v3_Vset4_Aset1_2023-06-25_15h20.06.953.csv,3,9,2,0,b,1,0,3,aud,C,27,1,2C,0C,1,0,b,2.73195439999836,1,0,1,1,2C,0C,C20,3.17805383034795,0.841831687097404,0.467178079978278,0.483310500598879,0.5,0.483310500598879,0.767867299935517,0.483310500598879,0.5,0.5,0.5,0.659314881404776,0.483310500598879,0.5,0.483310500598879,0.483310500598879,0.767867299935517,0.568710789432691,0.431289210567309,0.659314881404776,0.5,0.152092805721068,0.774268139449927,0.340685118595224,0.108552418530741,0.5,-0.0166894994011208,CBCbothPairsAsymRW,CBCdriftDiffusionLR,0.5,0.318629762809553,0.00853479855452033,0.0333789988022416,0.215761217636765,0.65541418232117,3.42765625136966,2.62860259419722,0.5,53.3582779517539
CBC_1016,CBC_1016_MSI_AV_v3_Vset4_Aset1_2023-06-25_15h20.06.953.csv,3,10,2,3,z,0,1,0,aud,D,63,1,2D,3D,0,1,z,2.32604640000136,0,1,1,1,3D,2D,D23,2.52572864430826,0.841831687097404,0.467178079978278,0.483310500598879,0.5,0.483310500598879,0.767867299935517,0.483310500598879,0.5,0.483310500598879,0.5,0.767867299935517,0.483310500598879,0.5,0.483310500598879,0.483310500598879,0.767867299935517,0.613715572325172,0.386284427674828,0.767867299935517,0.483310500598879,0.231164213124201,0.885545011457212,0.232132700064483,0.0739643871618873,0.483310500598879,-0.0161324206206008,CBCbothPairsAsymRW,CBCdriftDiffusionLR,0.5,0.318629762809553,0.00853479855452033,0.0333789988022416,0.215761217636765,0.65541418232117,3.42765625136966,2.62860259419722,0.5,53.3582779517539
CBC_1016,CBC_1016_MSI_AV_v3_Vset4_Aset1_2023-06-25_15h20.06.953.csv,3,11,1,0,b,1,0,1,aud,B,63,1,1B,0B,1,0,b,1.06003950000013,1,0,1,1,1B,0B,B10,3.25809653802148,0.841831687097404,0.467178079978278,0.483310500598879,0.5,0.483310500598879,0.767867299935517,0.483310500598879,0.5,0.483310500598879,0.5,0.767867299935517,0.483310500598879,0.5,0.483310500598879,0.467178079978278,0.841831687097404,0.613715572325172,0.386284427674828,0.767867299935517,0.483310500598879,0.593387305435555,0.885717961211984,0.232132700064483,0.0739643871618873,0.483310500598879,-0.0161324206206008,CBCbothPairsAsymRW,CBCdriftDiffusionLR,0.5,0.318629762809553,0.00853479855452033,0.0333789988022416,0.215761217636765,0.65541418232117,3.42765625136966,2.62860259419722,0.5,53.3582779517539
CBC_1016,CBC_1016_MSI_AV_v3_Vset4_Aset1_2023-06-25_15h20.06.953.csv,3,12,0,1,b,1,0,2,aud,A,63,1,0A,1A,1,0,b,1.37840510000024,1,0,1,1,0A,1A,A01,2.60268968544438,0.841831687097404,0.467178079978278,0.483310500598879,0.5,0.467178079978278,0.841831687097404,0.483310500598879,0.5,0.483310500598879,0.5,0.767867299935517,0.483310500598879,0.5,0.483310500598879,0.467178079978278,0.841831687097404,0.643105734022176,0.356894265977824,0.841831687097404,0.467178079978278,0.662484199038119,0.929680625607208,0.158168312902596,0.0503971320241412,0.467178079978278,-0.0155939365720285,CBCbothPairsAsymRW,CBCdriftDiffusionLR,0.5,0.318629762809553,0.00853479855452033,0.0333789988022416,0.215761217636765,0.65541418232117,3.42765625136966,2.62860259419722,0.5,53.3582779517539
CBC_1016,CBC_1016_MSI_AV_v3_Vset4_Aset1_2023-06-25_15h20.06.953.csv,3,13,2,3,z,0,1,0,aud,D,63,1,2D,3D,0,1,z,2.28112479999982,0,1,1,1,3D,2D,D23,2.23359222150709,0.892228819121546,0.45158414340625,0.483310500598879,0.5,0.467178079978278,0.841831687097404,0.483310500598879,0.5,0.483310500598879,0.5,0.767867299935517,0.483310500598879,0.5,0.483310500598879,0.467178079978278,0.841831687097404,0.643105734022176,0.356894265977824,0.841831687097404,0.467178079978278,0.236381095137777,0.929379614133517,0.158168312902596,0.0503971320241412,0.467178079978278,-0.0155939365720285,CBCbothPairsAsymRW,CBCdriftDiffusionLR,0.5,0.318629762809553,0.00853479855452033,0.0333789988022416,0.215761217636765,0.65541418232117,3.42765625136966,2.62860259419722,0.5,53.3582779517539
CBC_1016,CBC_1016_MSI_AV_v3_Vset4_Aset1_2023-06-25_15h20.06.953.csv,3,14,2,0,b,1,0,3,aud,C,27,1,2C,0C,1,0,z,2.73422829999981,0,1,0,0,0C,2C,C20,2.67414864942653,0.892228819121546,0.45158414340625,0.483310500598879,0.5,0.467178079978278,0.841831687097404,0.483310500598879,0.5,0.483310500598879,0.5,0.767867299935517,0.483310500598879,0.5,0.483310500598879,0.45158414340625,0.892228819121546,0.386284427674828,0.613715572325172,0.483310500598879,0.767867299935517,0.0197860442640108,0.114714268296153,-0.483310500598879,-0.00412495776189581,-0.232132700064483,0.0500852340192229,CBCbothPairsAsymRW,CBCdriftDiffusionLR,0.5,0.318629762809553,0.00853479855452033,0.0333789988022416,0.215761217636765,0.65541418232117,3.42765625136966,2.62860259419722,0.5,53.3582779517539
CBC_1016,CBC_1016_MSI_AV_v3_Vset4_Aset1_2023-06-25_15h20.06.953.csv,3,15,0,1,b,1,0,2,aud,A,63,1,0A,1A,1,0,b,2.288641799998,1,0,1,1,0A,1A,A01,2.30258509299405,0.892228819121546,0.45158414340625,0.483310500598879,0.5,0.467178079978278,0.841831687097404,0.483310500598879,0.5,0.479185542836983,0.5,0.81795253395474,0.483310500598879,0.5,0.483310500598879,0.45158414340625,0.892228819121546,0.663953127407856,0.336046872592144,0.892228819121546,0.45158414340625,0.220862817233058,0.950692007400987,0.107771180878454,0.0343391058010074,0.45158414340625,-0.0150734265818685,CBCbothPairsAsymRW,CBCdriftDiffusionLR,0.5,0.318629762809553,0.00853479855452033,0.0333789988022416,0.215761217636765,0.65541418232117,3.42765625136966,2.62860259419722,0.5,53.3582779517539
CBC_1016,CBC_1016_MSI_AV_v3_Vset4_Aset1_2023-06-25_15h20.06.953.csv,3,16,1,3,b,1,0,1,aud,B,27,1,1B,3B,1,0,b,1.2178795999971,1,0,1,1,1B,3B,B13,3.43398720448515,0.926567924922553,0.436510716824381,0.483310500598879,0.5,0.467178079978278,0.841831687097404,0.483310500598879,0.5,0.479185542836983,0.5,0.81795253395474,0.483310500598879,0.5,0.483310500598879,0.45158414340625,0.892228819121546,0.627375024149579,0.372624975850421,0.841831687097404,0.5,0.679780671277957,0.908183708631152,0.158168312902596,0.0503971320241412,0.5,-0.0166894994011208,CBCbothPairsAsymRW,CBCdriftDiffusionLR,0.5,0.318629762809553,0.00853479855452033,0.0333789988022416,0.215761217636765,0.65541418232117,3.42765625136966,2.62860259419722,0.5,53.3582779517539
CBC_1016,CBC_1016_MSI_AV_v3_Vset4_Aset1_2023-06-25_15h20.06.953.csv,3,17,3,2,z,0,1,3,aud,C,63,1,3C,2C,0,1,b,2.64043820000006,1,0,0,0,3C,2C,C32,3.46573590279973,0.926567924922553,0.436510716824381,0.483310500598879,0.5,0.467178079978278,0.892228819121546,0.483310500598879,0.483310500598879,0.479185542836983,0.5,0.81795253395474,0.483310500598879,0.5,0.483310500598879,0.45158414340625,0.892228819121546,0.371416452911592,0.628583547088408,0.483310500598879,0.81795253395474,0.0159677030887902,0.089611075817108,-0.483310500598879,-0.00412495776189581,-0.18204746604526,0.039278782941613,CBCbothPairsAsymRW,CBCdriftDiffusionLR,0.5,0.318629762809553,0.00853479855452033,0.0333789988022416,0.215761217636765,0.65541418232117,3.42765625136966,2.62860259419722,0.5,53.3582779517539
CBC_1016,CBC_1016_MSI_AV_v3_Vset4_Aset1_2023-06-25_15h20.06.953.csv,3,18,2,3,z,0,1,0,aud,D,63,0,2D,3D,1,0,z,1.43723390000014,0,1,1,0,3D,2D,D23,2.11021320034659,0.926567924922553,0.436510716824381,0.483310500598879,0.5,0.467178079978278,0.892228819121546,0.483310500598879,0.483310500598879,0.479185542836983,0.5,0.857231316896353,0.479185542836983,0.5,0.483310500598879,0.45158414340625,0.892228819121546,0.663953127407856,0.336046872592144,0.892228819121546,0.45158414340625,0.671728534907011,0.950559109349643,-0.892228819121546,-0.00761499323573995,-0.54841585659375,0.118326872989977,CBCbothPairsAsymRW,CBCdriftDiffusionLR,0.5,0.318629762809553,0.00853479855452033,0.0333789988022416,0.215761217636765,0.65541418232117,3.42765625136966,2.62860259419722,0.5,53.3582779517539
CBC_1016,CBC_1016_MSI_AV_v3_Vset4_Aset1_2023-06-25_15h20.06.953.csv,3,19,1,0,b,1,0,1,aud,B,63,1,1B,0B,1,0,b,1.20338799999809,1,0,1,1,1B,0B,B10,2.83321334405622,0.926567924922553,0.436510716824381,0.483310500598879,0.5,0.467178079978278,0.892228819121546,0.483310500598879,0.483310500598879,0.479185542836983,0.5,0.857231316896353,0.479185542836983,0.5,0.483310500598879,0.569911016396227,0.884613825885806,0.65633683315302,0.34366316684698,0.892228819121546,0.467178079978278,0.798350242418332,0.943678331057157,0.107771180878454,0.0343391058010074,0.467178079978278,-0.0155939365720285,CBCbothPairsAsymRW,CBCdriftDiffusionLR,0.5,0.318629762809553,0.00853479855452033,0.0333789988022416,0.215761217636765,0.65541418232117,3.42765625136966,2.62860259419722,0.5,53.3582779517539
CBC_1016,CBC_1016_MSI_AV_v3_Vset4_Aset1_2023-06-25_15h20.06.953.csv,3,20,2,0,z,0,1,2,aud,A,27,1,2A,0A,0,1,z,2.16489969999748,0,1,1,1,0A,2A,A20,3.55534806148941,0.926567924922553,0.436510716824381,0.483310500598879,0.5,0.45158414340625,0.926567924922553,0.483310500598879,0.483310500598879,0.479185542836983,0.5,0.857231316896353,0.479185542836983,0.5,0.483310500598879,0.569911016396227,0.884613825885806,0.657197037808327,0.342802962191673,0.926567924922553,0.483310500598879,0.265214821210882,0.944540758854324,0.0734320750774471,0.0233976446645403,0.483310500598879,-0.0161324206206008,CBCbothPairsAsymRW,CBCdriftDiffusionLR,0.5,0.318629762809553,0.00853479855452033,0.0333789988022416,0.215761217636765,0.65541418232117,3.42765625136966,2.62860259419722,0.5,53.3582779517539
CBC_1016,CBC_1016_MSI_AV_v3_Vset4_Aset1_2023-06-25_15h20.06.953.csv,3,21,0,3,z,0,1,0,aud,D,9,1,0D,3D,0,1,z,2.61754909999945,0,1,1,1,3D,0D,D03,3.58351893845611,0.949965569587093,0.436510716824381,0.467178079978278,0.5,0.45158414340625,0.926567924922553,0.483310500598879,0.483310500598879,0.479185542836983,0.5,0.857231316896353,0.479185542836983,0.5,0.483310500598879,0.569911016396227,0.884613825885806,0.638888482367908,0.361111517632092,0.884613825885806,0.5,0.160833673957763,0.924272648233458,0.115386174114194,0.0367654692895076,0.5,-0.0166894994011208,CBCbothPairsAsymRW,CBCdriftDiffusionLR,0.5,0.318629762809553,0.00853479855452033,0.0333789988022416,0.215761217636765,0.65541418232117,3.42765625136966,2.62860259419722,0.5,53.3582779517539
CBC_1016,CBC_1016_MSI_AV_v3_Vset4_Aset1_2023-06-25_15h20.06.953.csv,3,22,2,3,b,1,0,3,aud,C,63,1,2C,3C,1,0,b,2.17692729999908,1,0,1,1,2C,3C,C23,2.91777073208428,0.949965569587093,0.436510716824381,0.467178079978278,0.5,0.45158414340625,0.926567924922553,0.483310500598879,0.483310500598879,0.479185542836983,0.5,0.857231316896353,0.479185542836983,0.483310500598879,0.483310500598879,0.569911016396227,0.921379295175313,0.641440064642257,0.358559935357743,0.857231316896353,0.479185542836983,0.268166899693598,0.927423798764631,0.142768683103647,0.0454903516339474,0.479185542836983,-0.0159947336604072,CBCbothPairsAsymRW,CBCdriftDiffusionLR,0.5,0.318629762809553,0.00853479855452033,0.0333789988022416,0.215761217636765,0.65541418232117,3.42765625136966,2.62860259419722,0.5,53.3582779517539
CBC_1016,CBC_1016_MSI_AV_v3_Vset4_Aset1_2023-06-25_15h20.06.953.csv,3,23,3,1,z,0,1,1,aud,B,27,1,3B,1B,0,1,z,0.92448080000031,0,1,1,1,1B,3B,B31,3.63758615972639,0.949965569587093,0.436510716824381,0.467178079978278,0.5,0.45158414340625,0.926567924922553,0.483310500598879,0.483310500598879,0.479185542836983,0.5,0.9027216685303,0.463190809176576,0.483310500598879,0.483310500598879,0.569911016396227,0.921379295175313,0.657197037808327,0.342802962191673,0.926567924922553,0.483310500598879,0.534606821303375,0.944426183633815,0.0734320750774471,0.0233976446645403,0.483310500598879,-0.0161324206206008,CBCbothPairsAsymRW,CBCdriftDiffusionLR,0.5,0.318629762809553,0.00853479855452033,0.0333789988022416,0.215761217636765,0.65541418232117,3.42765625136966,2.62860259419722,0.5,53.3582779517539
CBC_1016,CBC_1016_MSI_AV_v3_Vset4_Aset1_2023-06-25_15h20.06.953.csv,3,24,3,2,z,0,1,3,aud,C,63,1,3C,2C,0,1,b,2.52253890000065,1,0,0,0,3C,2C,C32,2.9704144655697,0.949965569587093,0.436510716824381,0.467178079978278,0.5,0.45158414340625,0.949965569587093,0.483310500598879,0.467178079978278,0.479185542836983,0.5,0.9027216685303,0.463190809176576,0.483310500598879,0.483310500598879,0.569911016396227,0.921379295175313,0.339107239106704,0.660892760893296,0.463190809176576,0.9027216685303,0.00901338847556155,0.0521147547897236,-0.463190809176576,-0.00395324024862734,-0.0972783314696999,0.0209888912475753,CBCbothPairsAsymRW,CBCdriftDiffusionLR,0.5,0.318629762809553,0.00853479855452033,0.0333789988022416,0.215761217636765,0.65541418232117,3.42765625136966,2.62860259419722,0.5,53.3582779517539
CBC_1016,CBC_1016_MSI_AV_v3_Vset4_Aset1_2023-06-25_15h20.06.953.csv,3,25,2,3,z,0,1,0,aud,D,63,1,2D,3D,0,1,z,2.13106340000013,0,1,1,1,3D,2D,D23,2.07944154167984,0.949965569587093,0.436510716824381,0.467178079978278,0.5,0.45158414340625,0.949965569587093,0.483310500598879,0.467178079978278,0.479185542836983,0.5,0.923710559777875,0.459237568927949,0.483310500598879,0.483310500598879,0.569911016396227,0.921379295175313,0.617840327953551,0.382159672046449,0.921379295175313,0.569911016396227,0.282969481493628,0.89333979322416,0.078620704824687,0.0250508965302099,0.569911016396227,-0.019023059133674,CBCbothPairsAsymRW,CBCdriftDiffusionLR,0.5,0.318629762809553,0.00853479855452033,0.0333789988022416,0.215761217636765,0.65541418232117,3.42765625136966,2.62860259419722,0.5,53.3582779517539
CBC_1016,CBC_1016_MSI_AV_v3_Vset4_Aset1_2023-06-25_15h20.06.953.csv,3,26,1,0,b,1,0,1,aud,B,63,1,1B,0B,1,0,b,2.50460949999979,1,0,1,1,1B,0B,B10,2.6149597780362,0.949965569587093,0.436510716824381,0.467178079978278,0.5,0.45158414340625,0.949965569587093,0.483310500598879,0.467178079978278,0.479185542836983,0.5,0.923710559777875,0.459237568927949,0.483310500598879,0.483310500598879,0.550887957262553,0.946430191705523,0.677796556754462,0.322203443245537,0.949965569587093,0.45158414340625,0.15237647790124,0.961064708928306,0.0500344304129068,0.0159424586947756,0.45158414340625,-0.0150734265818685,CBCbothPairsAsymRW,CBCdriftDiffusionLR,0.5,0.318629762809553,0.00853479855452033,0.0333789988022416,0.215761217636765,0.65541418232117,3.42765625136966,2.62860259419722,0.5,53.3582779517539
CBC_1016,CBC_1016_MSI_AV_v3_Vset4_Aset1_2023-06-25_15h20.06.953.csv,3,27,0,3,b,1,0,2,aud,A,9,1,0A,3A,1,0,b,1.38089369999943,1,0,1,1,0A,3A,A03,3.73766961828337,0.949965569587093,0.436510716824381,0.467178079978278,0.5,0.436510716824381,0.965908028281869,0.483310500598879,0.467178079978278,0.479185542836983,0.5,0.923710559777875,0.459237568927949,0.483310500598879,0.483310500598879,0.550887957262553,0.946430191705523,0.655164225628899,0.344835774371101,0.949965569587093,0.5,0.692819654175831,0.942566838706207,0.0500344304129068,0.0159424586947756,0.5,-0.0166894994011208,CBCbothPairsAsymRW,CBCdriftDiffusionLR,0.5,0.318629762809553,0.00853479855452033,0.0333789988022416,0.215761217636765,0.65541418232117,3.42765625136966,2.62860259419722,0.5,53.3582779517539
CBC_1016,CBC_1016_MSI_AV_v3_Vset4_Aset1_2023-06-25_15h20.06.953.csv,3,28,2,3,z,0,1,0,aud,D,63,1,2D,3D,0,1,b,1.89886770000157,1,0,0,0,2D,3D,D23,1.96944064646551,0.965908028281869,0.436510716824381,0.467178079978278,0.483310500598879,0.436510716824381,0.965908028281869,0.483310500598879,0.467178079978278,0.479185542836983,0.5,0.923710559777875,0.459237568927949,0.483310500598879,0.483310500598879,0.550887957262553,0.946430191705523,0.367916436224469,0.632083563775531,0.550887957262553,0.946430191705523,0.0341287628606032,0.0847764718981849,-0.550887957262553,-0.00470171774134709,-0.0535698082944771,0.0115582870661845,CBCbothPairsAsymRW,CBCdriftDiffusionLR,0.5,0.318629762809553,0.00853479855452033,0.0333789988022416,0.215761217636765,0.65541418232117,3.42765625136966,2.62860259419722,0.5,53.3582779517539
CBC_1016,CBC_1016_MSI_AV_v3_Vset4_Aset1_2023-06-25_15h20.06.953.csv,3,29,2,0,b,1,0,3,aud,C,27,1,2C,0C,1,0,b,1.7141632999992,1,0,1,1,2C,0C,C20,2.68557734525015,0.965908028281869,0.436510716824381,0.467178079978278,0.483310500598879,0.436510716824381,0.965908028281869,0.483310500598879,0.467178079978278,0.479185542836983,0.5,0.923710559777875,0.459237568927949,0.483310500598879,0.483310500598879,0.546186239521206,0.957988478771707,0.658431196762305,0.341568803237695,0.923710559777875,0.479185542836983,0.473024999549517,0.945428984421336,0.0762894402221246,0.0243080862428491,0.479185542836983,-0.0159947336604072,CBCbothPairsAsymRW,CBCdriftDiffusionLR,0.5,0.318629762809553,0.00853479855452033,0.0333789988022416,0.215761217636765,0.65541418232117,3.42765625136966,2.62860259419722,0.5,53.3582779517539
CBC_1016,CBC_1016_MSI_AV_v3_Vset4_Aset1_2023-06-25_15h20.06.953.csv,3,30,1,0,z,0,1,2,aud,A,63,1,1A,0A,0,1,z,1.6246080000019,0,1,1,1,0A,1A,A10,3.11351530921037,0.965908028281869,0.436510716824381,0.467178079978278,0.483310500598879,0.436510716824381,0.965908028281869,0.483310500598879,0.467178079978278,0.463190809176576,0.5,0.948018646020724,0.459237568927949,0.483310500598879,0.483310500598879,0.546186239521206,0.957988478771707,0.688744379417639,0.311255620582361,0.965908028281869,0.436510716824381,0.547177491013085,0.96773464693976,0.0340919717181312,0.0108627168622581,0.436510716824381,-0.0145702906940466,CBCbothPairsAsymRW,CBCdriftDiffusionLR,0.5,0.318629762809553,0.00853479855452033,0.0333789988022416,0.215761217636765,0.65541418232117,3.42765625136966,2.62860259419722,0.5,53.3582779517539
CBC_1016,CBC_1016_MSI_AV_v3_Vset4_Aset1_2023-06-25_15h20.06.953.csv,3,31,1,0,b,1,0,1,aud,B,63,1,1B,0B,1,0,b,1.02075359999799,1,0,1,1,1B,0B,B10,2.4423470353692,0.976770745144127,0.421940426130335,0.467178079978278,0.483310500598879,0.436510716824381,0.965908028281869,0.483310500598879,0.467178079978278,0.463190809176576,0.5,0.948018646020724,0.459237568927949,0.483310500598879,0.483310500598879,0.546186239521206,0.957988478771707,0.688744379417639,0.311255620582361,0.965908028281869,0.436510716824381,0.900553533436917,0.967723690004761,0.0340919717181312,0.0108627168622581,0.436510716824381,-0.0145702906940466,CBCbothPairsAsymRW,CBCdriftDiffusionLR,0.5,0.318629762809553,0.00853479855452033,0.0333789988022416,0.215761217636765,0.65541418232117,3.42765625136966,2.62860259419722,0.5,53.3582779517539
CBC_1016,CBC_1016_MSI_AV_v3_Vset4_Aset1_2023-06-25_15h20.06.953.csv,3,32,3,1,b,1,0,0,aud,D,27,1,3D,1D,1,0,b,1.69743889999882,1,0,1,1,3D,1D,D31,3.85014760171006,0.976770745144127,0.421940426130335,0.467178079978278,0.483310500598879,0.421940426130335,0.976770745144127,0.483310500598879,0.467178079978278,0.463190809176576,0.5,0.948018646020724,0.459237568927949,0.483310500598879,0.483310500598879,0.546186239521206,0.957988478771707,0.664670198538585,0.335329801461415,0.957988478771707,0.483310500598879,0.486386186194048,0.950839961747139,0.0420115212282927,0.0133861210442394,0.483310500598879,-0.0161324206206008,CBCbothPairsAsymRW,CBCdriftDiffusionLR,0.5,0.318629762809553,0.00853479855452033,0.0333789988022416,0.215761217636765,0.65541418232117,3.42765625136966,2.62860259419722,0.5,53.3582779517539
CBC_1016,CBC_1016_MSI_AV_v3_Vset4_Aset1_2023-06-25_15h20.06.953.csv,3,33,3,2,z,0,1,3,aud,C,63,1,3C,2C,0,1,z,1.67789210000046,0,1,1,1,2C,3C,C32,2.77258872223978,0.976770745144127,0.421940426130335,0.467178079978278,0.483310500598879,0.421940426130335,0.976770745144127,0.483310500598879,0.467178079978278,0.463190809176576,0.5,0.948018646020724,0.459237568927949,0.483310500598879,0.467178079978278,0.546186239521206,0.971374599815947,0.673664565095064,0.326335434904936,0.948018646020724,0.459237568927949,0.503115886597136,0.958239502290014,0.0519813539792755,0.016562806488936,0.459237568927949,-0.0153288902631903,CBCbothPairsAsymRW,CBCdriftDiffusionLR,0.5,0.318629762809553,0.00853479855452033,0.0333789988022416,0.215761217636765,0.65541418232117,3.42765625136966,2.62860259419722,0.5,53.3582779517539
CBC_1016,CBC_1016_MSI_AV_v3_Vset4_Aset1_2023-06-25_15h20.06.953.csv,3,34,1,0,b,1,0,1,aud,B,63,1,1B,0B,1,0,b,1.47573620000185,1,0,1,1,1B,0B,B10,2.28238238567653,0.976770745144127,0.421940426130335,0.467178079978278,0.483310500598879,0.421940426130335,0.976770745144127,0.483310500598879,0.467178079978278,0.463190809176576,0.5,0.96458145250966,0.443908678664759,0.483310500598879,0.467178079978278,0.546186239521206,0.971374599815947,0.698336272136959,0.301663727863041,0.976770745144127,0.421940426130335,0.688352255678407,0.972677623110388,0.023229254855873,0.00740153196496948,0.421940426130335,-0.0140839489784218,CBCbothPairsAsymRW,CBCdriftDiffusionLR,0.5,0.318629762809553,0.00853479855452033,0.0333789988022416,0.215761217636765,0.65541418232117,3.42765625136966,2.62860259419722,0.5,53.3582779517539
CBC_1016,CBC_1016_MSI_AV_v3_Vset4_Aset1_2023-06-25_15h20.06.953.csv,3,35,0,1,b,1,0,2,aud,A,63,1,0A,1A,1,0,b,1.51679510000031,1,0,1,1,0A,1A,A01,2.52572864430826,0.976770745144127,0.421940426130335,0.467178079978278,0.483310500598879,0.407856477151913,0.984172277109096,0.483310500598879,0.467178079978278,0.463190809176576,0.5,0.96458145250966,0.443908678664759,0.483310500598879,0.467178079978278,0.546186239521206,0.971374599815947,0.698336272136959,0.301663727863041,0.976770745144127,0.421940426130335,0.64743119008178,0.972691272001533,0.023229254855873,0.00740153196496948,0.421940426130335,-0.0140839489784218,CBCbothPairsAsymRW,CBCdriftDiffusionLR,0.5,0.318629762809553,0.00853479855452033,0.0333789988022416,0.215761217636765,0.65541418232117,3.42765625136966,2.62860259419722,0.5,53.3582779517539
CBC_1016,CBC_1016_MSI_AV_v3_Vset4_Aset1_2023-06-25_15h20.06.953.csv,3,36,1,2,z,0,1,3,aud,C,9,1,1C,2C,0,1,z,1.2162533999981,0,1,1,1,2C,1C,C12,3.93182563272433,0.984172277109096,0.407856477151913,0.467178079978278,0.483310500598879,0.407856477151913,0.984172277109096,0.483310500598879,0.467178079978278,0.463190809176576,0.5,0.96458145250966,0.443908678664759,0.483310500598879,0.467178079978278,0.546186239521206,0.971374599815947,0.658605535975336,0.341394464024664,0.96458145250966,0.5,0.801234106596882,0.94555159602683,0.0354185474903396,0.0112854033859058,0.5,-0.0166894994011208,CBCbothPairsAsymRW,CBCdriftDiffusionLR,0.5,0.318629762809553,0.00853479855452033,0.0333789988022416,0.215761217636765,0.65541418232117,3.42765625136966,2.62860259419722,0.5,53.3582779517539
CBC_1016,CBC_1016_MSI_AV_v3_Vset4_Aset1_2023-06-25_15h20.06.953.csv,3,37,1,0,z,0,1,2,aud,A,63,1,1A,0A,0,1,z,1.7287404000017,0,1,1,1,0A,1A,A10,2.85263142991332,0.984172277109096,0.407856477151913,0.467178079978278,0.483310500598879,0.407856477151913,0.984172277109096,0.483310500598879,0.467178079978278,0.463190809176576,0.483310500598879,0.975866855895566,0.443908678664759,0.483310500598879,0.467178079978278,0.546186239521206,0.971374599815947,0.707005709541946,0.292994290458054,0.984172277109096,0.407856477151913,0.45970867988488,0.976647335087735,0.0158277228909035,0.00504318359054392,0.407856477151913,-0.0136138408623402,CBCbothPairsAsymRW,CBCdriftDiffusionLR,0.5,0.318629762809553,0.00853479855452033,0.0333789988022416,0.215761217636765,0.65541418232117,3.42765625136966,2.62860259419722,0.5,53.3582779517539
CBC_1016,CBC_1016_MSI_AV_v3_Vset4_Aset1_2023-06-25_15h20.06.953.csv,3,38,3,1,b,1,0,0,aud,D,27,1,3D,1D,1,0,b,1.07411019999927,1,0,1,1,3D,1D,D31,3.27714473299218,0.98921546069964,0.394242636289573,0.467178079978278,0.483310500598879,0.407856477151913,0.984172277109096,0.483310500598879,0.467178079978278,0.463190809176576,0.483310500598879,0.975866855895566,0.443908678664759,0.483310500598879,0.467178079978278,0.546186239521206,0.971374599815947,0.675244371276619,0.324755628723381,0.971374599815947,0.467178079978278,0.881850782428449,0.959218852949263,0.0286254001840532,0.00912090447097342,0.467178079978278,-0.0155939365720285,CBCbothPairsAsymRW,CBCdriftDiffusionLR,0.5,0.318629762809553,0.00853479855452033,0.0333789988022416,0.215761217636765,0.65541418232117,3.42765625136966,2.62860259419722,0.5,53.3582779517539
CBC_1016,CBC_1016_MSI_AV_v3_Vset4_Aset1_2023-06-25_15h20.06.953.csv,3,39,0,1,z,0,1,1,aud,B,63,1,0B,1B,0,1,z,0.830896499999653,0,1,1,1,1B,0B,B01,3.29583686600433,0.98921546069964,0.394242636289573,0.467178079978278,0.483310500598879,0.407856477151913,0.984172277109096,0.483310500598879,0.467178079978278,0.463190809176576,0.483310500598879,0.975866855895566,0.443908678664759,0.483310500598879,0.45158414340625,0.546186239521206,0.98049550428692,0.707005709541946,0.292994290458054,0.984172277109096,0.407856477151913,0.281581836678209,0.976652647326543,0.0158277228909035,0.00504318359054392,0.407856477151913,-0.0136138408623402,CBCbothPairsAsymRW,CBCdriftDiffusionLR,0.5,0.318629762809553,0.00853479855452033,0.0333789988022416,0.215761217636765,0.65541418232117,3.42765625136966,2.62860259419722,0.5,53.3582779517539
CBC_1016,CBC_1016_MSI_AV_v3_Vset4_Aset1_2023-06-25_15h20.06.953.csv,3,40,2,3,b,1,0,3,aud,C,63,0,2C,3C,0,1,b,1.30928169999606,1,0,1,0,2C,3C,C23,2.90872089656436,0.98921546069964,0.394242636289573,0.467178079978278,0.483310500598879,0.394242636289573,0.98921546069964,0.483310500598879,0.467178079978278,0.463190809176576,0.483310500598879,0.975866855895566,0.443908678664759,0.483310500598879,0.45158414340625,0.546186239521206,0.98049550428692,0.68733883078058,0.31266116921942,0.975866855895566,0.443908678664759,0.835256241454839,0.96705201227616,-0.975866855895566,-0.00832882703110178,-0.556091321335241,0.119982940608529,CBCbothPairsAsymRW,CBCdriftDiffusionLR,0.5,0.318629762809553,0.00853479855452033,0.0333789988022416,0.215761217636765,0.65541418232117,3.42765625136966,2.62860259419722,0.5,53.3582779517539
CBC_1016,CBC_1016_MSI_AV_v3_Vset4_Aset1_2023-06-25_15h20.06.953.csv,3,41,2,0,z,0,1,2,aud,A,27,1,2A,0A,0,1,z,1.64133349999975,0,1,1,1,0A,2A,A20,3.3322045101752,0.98921546069964,0.394242636289573,0.467178079978278,0.483310500598879,0.394242636289573,0.98921546069964,0.483310500598879,0.467178079978278,0.463190809176576,0.483310500598879,0.967538028864464,0.563891619273288,0.483310500598879,0.45158414340625,0.546186239521206,0.98049550428692,0.679222636650244,0.320777363349756,0.98921546069964,0.467178079978278,0.531370375287161,0.962083132581791,0.0107845393003596,0.00343627519928388,0.467178079978278,-0.0155939365720285,CBCbothPairsAsymRW,CBCdriftDiffusionLR,0.5,0.318629762809553,0.00853479855452033,0.0333789988022416,0.215761217636765,0.65541418232117,3.42765625136966,2.62860259419722,0.5,53.3582779517539
CBC_1016,CBC_1016_MSI_AV_v3_Vset4_Aset1_2023-06-25_15h20.06.953.csv,3,42,3,2,b,1,0,0,aud,D,63,1,3D,2D,1,0,b,1.56244069999957,1,0,1,1,3D,2D,D32,4.04305126783455,0.992651735898924,0.394242636289573,0.45158414340625,0.483310500598879,0.394242636289573,0.98921546069964,0.483310500598879,0.467178079978278,0.463190809176576,0.483310500598879,0.967538028864464,0.563891619273288,0.483310500598879,0.45158414340625,0.546186239521206,0.98049550428692,0.642239620840157,0.357760379159843,0.98049550428692,0.546186239521206,0.547154304600466,0.928277109219044,0.0195044957130798,0.00621471284277855,0.546186239521206,-0.0182311498347792,CBCbothPairsAsymRW,CBCdriftDiffusionLR,0.5,0.318629762809553,0.00853479855452033,0.0333789988022416,0.215761217636765,0.65541418232117,3.42765625136966,2.62860259419722,0.5,53.3582779517539
CBC_1016,CBC_1016_MSI_AV_v3_Vset4_Aset1_2023-06-25_15h20.06.953.csv,3,43,3,1,z,0,1,1,aud,B,27,1,3B,1B,0,1,z,0.919422999999369,0,1,1,1,1B,3B,B31,3.36729582998647,0.992651735898924,0.394242636289573,0.45158414340625,0.483310500598879,0.394242636289573,0.98921546069964,0.483310500598879,0.467178079978278,0.463190809176576,0.483310500598879,0.967538028864464,0.563891619273288,0.483310500598879,0.45158414340625,0.527955089686427,0.986710217129699,0.679222636650244,0.320777363349756,0.98921546069964,0.467178079978278,0.603865284759507,0.961884082170031,0.0107845393003596,0.00343627519928388,0.467178079978278,-0.0155939365720285,CBCbothPairsAsymRW,CBCdriftDiffusionLR,0.5,0.318629762809553,0.00853479855452033,0.0333789988022416,0.215761217636765,0.65541418232117,3.42765625136966,2.62860259419722,0.5,53.3582779517539
CBC_1016,CBC_1016_MSI_AV_v3_Vset4_Aset1_2023-06-25_15h20.06.953.csv,3,44,2,3,b,1,0,3,aud,C,63,1,2C,3C,1,0,b,1.94168569999965,1,0,1,1,2C,3C,C23,2.69124308278583,0.992651735898924,0.394242636289573,0.45158414340625,0.483310500598879,0.394242636289573,0.992651735898924,0.483310500598879,0.45158414340625,0.463190809176576,0.483310500598879,0.967538028864464,0.563891619273288,0.483310500598879,0.45158414340625,0.527955089686427,0.986710217129699,0.631787447788417,0.368212552211583,0.967538028864464,0.563891619273288,0.351276874429329,0.915043405198723,0.0324619711355356,0.0103433501632463,0.563891619273288,-0.0188221376843172,CBCbothPairsAsymRW,CBCdriftDiffusionLR,0.5,0.318629762809553,0.00853479855452033,0.0333789988022416,0.215761217636765,0.65541418232117,3.42765625136966,2.62860259419722,0.5,53.3582779517539
CBC_1016,CBC_1016_MSI_TV_v3_Vset3_Tset2_2023-06-25_16h33.10.466.csv,4,1,1,3,b,1,0,1,tac,B,27,1,1B,3B,1,0,z,1.32172530000025,0,1,0,0,3B,1B,B13,2.77258872223978,0.5,0.5,0.5,0.5,0.5,0.5,0.5,0.5,0.5,0.5,0.5,0.5,0.5,0.5,0.5,0.5,0.5,0.5,0.5,0.5,0.317046663671722,0.500328219352295,-0.5,-0.460823361546623,-0.5,0.000546679476705891,CBCbothPairsAsymRW,CBCdriftDiffusionLR,0.5,0.957498823027022,0.921646723093245,0.959301164410282,0.00109335895341178,0.899388904351456,0.487956841604914,2.40086595615721,0.5,73.3515943708131
CBC_1016,CBC_1016_MSI_TV_v3_Vset3_Tset2_2023-06-25_16h33.10.466.csv,4,2,3,2,z,0,1,3,tac,C,63,1,3C,2C,0,1,z,1.68228909999743,0,1,1,1,2C,3C,C32,2.83321334405622,0.5,0.5,0.5,0.5,0.5,0.500546679476706,0.5,0.0391766384533773,0.5,0.5,0.5,0.5,0.5,0.5,0.5,0.5,0.5,0.5,0.5,0.5,0.274787515808185,0.499800386320937,0.5,0.478749411513511,0.5,-0.479650582205141,CBCbothPairsAsymRW,CBCdriftDiffusionLR,0.5,0.957498823027022,0.921646723093245,0.959301164410282,0.00109335895341178,0.899388904351456,0.487956841604914,2.40086595615721,0.5,73.3515943708131
CBC_1016,CBC_1016_MSI_TV_v3_Vset3_Tset2_2023-06-25_16h33.10.466.csv,4,3,3,2,b,1,0,0,tac,D,63,1,3D,2D,1,0,b,1.0271576999985,1,0,1,1,3D,2D,D32,2.89037175789616,0.5,0.5,0.5,0.5,0.5,0.500546679476706,0.5,0.0391766384533773,0.5,0.5,0.978749411513511,0.0203494177948592,0.5,0.5,0.5,0.5,0.5,0.5,0.5,0.5,0.0372403203584231,0.499419822814847,0.5,0.478749411513511,0.5,-0.479650582205141,CBCbothPairsAsymRW,CBCdriftDiffusionLR,0.5,0.957498823027022,0.921646723093245,0.959301164410282,0.00109335895341178,0.899388904351456,0.487956841604914,2.40086595615721,0.5,73.3515943708131
CBC_1016,CBC_1016_MSI_TV_v3_Vset3_Tset2_2023-06-25_16h33.10.466.csv,4,4,0,1,z,0,1,1,tac,B,63,1,0B,1B,0,1,z,2.25734360000206,0,1,1,1,1B,0B,B01,2.94443897916644,0.5,0.5,0.5,0.5,0.5,0.500546679476706,0.5,0.0391766384533773,0.5,0.5,0.978749411513511,0.0203494177948592,0.5,0.5,0.0203494177948592,0.978749411513511,0.500273190390773,0.499726809609227,0.500546679476706,0.5,0.170458133476846,0.500254024726524,0.499453320523294,0.478225966557992,0.5,-0.479650582205141,CBCbothPairsAsymRW,CBCdriftDiffusionLR,0.5,0.957498823027022,0.921646723093245,0.959301164410282,0.00109335895341178,0.899388904351456,0.487956841604914,2.40086595615721,0.5,73.3515943708131
CBC_1016,CBC_1016_MSI_TV_v3_Vset3_Tset2_2023-06-25_16h33.10.466.csv,4,5,0,3,b,1,0,2,tac,A,9,1,0A,3A,1,0,z,2.43346450000172,0,1,0,0,3A,0A,A03,2.99573227355399,0.5,0.5,0.5,0.5,0.0203494177948592,0.978772646034698,0.5,0.0391766384533773,0.5,0.5,0.978749411513511,0.0203494177948592,0.5,0.5,0.0203494177948592,0.978749411513511,0.5,0.5,0.5,0.5,0.146427058738279,0.499567147514276,-0.5,-0.460823361546623,-0.5,0.000546679476705891,CBCbothPairsAsymRW,CBCdriftDiffusionLR,0.5,0.957498823027022,0.921646723093245,0.959301164410282,0.00109335895341178,0.899388904351456,0.487956841604914,2.40086595615721,0.5,73.3515943708131
CBC_1016,CBC_1016_MSI_TV_v3_Vset3_Tset2_2023-06-25_16h33.10.466.csv,4,6,3,2,b,1,0,0,tac,D,63,1,3D,2D,1,0,b,1.60803919999671,1,0,1,1,3D,2D,D32,2.35137525716348,0.500546679476706,0.5,0.5,0.0391766384533773,0.0203494177948592,0.978772646034698,0.5,0.0391766384533773,0.5,0.5,0.978749411513511,0.0203494177948592,0.5,0.5,0.0203494177948592,0.978749411513511,0.979632227365389,0.0203677726346113,0.978749411513511,0.0203494177948592,0.47097663484327,0.75473496086872,0.0212505884864889,0.0203474134644447,0.0203494177948592,-0.0195212201856797,CBCbothPairsAsymRW,CBCdriftDiffusionLR,0.5,0.957498823027022,0.921646723093245,0.959301164410282,0.00109335895341178,0.899388904351456,0.487956841604914,2.40086595615721,0.5,73.3515943708131
CBC_1016,CBC_1016_MSI_TV_v3_Vset3_Tset2_2023-06-25_16h33.10.466.csv,4,7,0,2,z,0,1,3,tac,C,27,1,0C,2C,0,1,z,1.9523208999999,0,1,1,1,2C,0C,C02,3.09104245335832,0.500546679476706,0.5,0.5,0.0391766384533773,0.0203494177948592,0.978772646034698,0.5,0.0391766384533773,0.5,0.5,0.978749411513511,0.0203494177948592,0.5,0.5,0.000828197609179467,0.999096824977956,0.661876450393142,0.338123549606857,0.978749411513511,0.5,0.263755853213986,0.594454510338231,0.0212505884864889,0.0203474134644447,0.5,-0.479650582205141,CBCbothPairsAsymRW,CBCdriftDiffusionLR,0.5,0.957498823027022,0.921646723093245,0.959301164410282,0.00109335895341178,0.899388904351456,0.487956841604914,2.40086595615721,0.5,73.3515943708131
CBC_1016,CBC_1016_MSI_TV_v3_Vset3_Tset2_2023-06-25_16h33.10.466.csv,4,8,0,1,b,1,0,2,tac,A,63,1,0A,1A,1,0,b,2.15419789999942,1,0,1,1,0A,1A,A01,3.13549421592915,0.500546679476706,0.5,0.5,0.0391766384533773,0.0203494177948592,0.978772646034698,0.5,0.0391766384533773,0.0203494177948592,0.5,0.999096824977956,0.0203494177948592,0.5,0.5,0.000828197609179467,0.999096824977956,0.500273190390773,0.499726809609227,0.500546679476706,0.5,0.185818251141158,0.499382275334954,0.499453320523294,0.478225966557992,0.5,-0.479650582205141,CBCbothPairsAsymRW,CBCdriftDiffusionLR,0.5,0.957498823027022,0.921646723093245,0.959301164410282,0.00109335895341178,0.899388904351456,0.487956841604914,2.40086595615721,0.5,73.3515943708131
CBC_1016,CBC_1016_MSI_TV_v3_Vset3_Tset2_2023-06-25_16h33.10.466.csv,4,9,1,0,b,1,0,1,tac,B,63,1,1B,0B,1,0,b,3.35097250000035,1,0,1,1,1B,0B,B10,3.17805383034795,0.978772646034698,0.0203494177948592,0.5,0.0391766384533773,0.0203494177948592,0.978772646034698,0.5,0.0391766384533773,0.0203494177948592,0.5,0.999096824977956,0.0203494177948592,0.5,0.5,0.000828197609179467,0.999096824977956,0.979632701016669,0.0203672989833309,0.978772646034698,0.0203494177948592,0.0895972001767659,0.754821412734888,0.021227353965302,0.0203251664377546,0.0203494177948592,-0.0195212201856797,CBCbothPairsAsymRW,CBCdriftDiffusionLR,0.5,0.957498823027022,0.921646723093245,0.959301164410282,0.00109335895341178,0.899388904351456,0.487956841604914,2.40086595615721,0.5,73.3515943708131
CBC_1016,CBC_1016_MSI_TV_v3_Vset3_Tset2_2023-06-25_16h33.10.466.csv,4,10,1,3,z,0,1,0,tac,D,27,1,1D,3D,0,1,b,3.19569880000199,1,0,0,0,1D,3D,D13,3.2188758248682,0.978772646034698,0.0203494177948592,0.5,0.0391766384533773,0.000828197609179467,0.999097812472453,0.5,0.0391766384533773,0.0203494177948592,0.5,0.999096824977956,0.0203494177948592,0.5,0.5,0.000828197609179467,0.999096824977956,0.333534159814762,0.666465840185238,0.5,0.999096824977956,0.0609162264615789,0.403674696543708,-0.5,-0.460823361546623,-0.000903175022044178,9.87494496849886e-07,CBCbothPairsAsymRW,CBCdriftDiffusionLR,0.5,0.957498823027022,0.921646723093245,0.959301164410282,0.00109335895341178,0.899388904351456,0.487956841604914,2.40086595615721,0.5,73.3515943708131
CBC_1016,CBC_1016_MSI_TV_v3_Vset3_Tset2_2023-06-25_16h33.10.466.csv,4,11,3,2,z,0,1,3,tac,C,63,1,3C,2C,0,1,z,2.15608829999837,0,1,1,1,2C,3C,C32,2.56494935746154,0.978772646034698,0.0203494177948592,0.5,0.0391766384533773,0.000828197609179467,0.999097812472453,0.5,0.0391766384533773,0.0203494177948592,0.5,0.999096824977956,0.0203494177948592,0.5,0.0391766384533773,0.000828197609179467,0.999097812472453,0.98003875345157,0.0199612465484304,0.999096824977956,0.0203494177948592,0.283793268379409,0.75441961863614,0.000903175022044178,0.000864789020594705,0.0203494177948592,-0.0195212201856797,CBCbothPairsAsymRW,CBCdriftDiffusionLR,0.5,0.957498823027022,0.921646723093245,0.959301164410282,0.00109335895341178,0.899388904351456,0.487956841604914,2.40086595615721,0.5,73.3515943708131
CBC_1016,CBC_1016_MSI_TV_v3_Vset3_Tset2_2023-06-25_16h33.10.466.csv,4,12,1,0,b,1,0,1,tac,B,63,1,1B,0B,1,0,z,2.39956979999988,0,1,0,0,0B,1B,B10,2.60268968544438,0.978772646034698,0.0203494177948592,0.5,0.0391766384533773,0.000828197609179467,0.999097812472453,0.5,0.0391766384533773,0.0203494177948592,0.5,0.999961613998551,0.000828197609179467,0.5,0.0391766384533773,0.000828197609179467,0.999097812472453,0.000828258891987272,0.999171741108013,0.000828197609179467,0.999097812472453,0.0703154153787719,0.23679572459701,-0.000828197609179467,-0.000763305612573916,-0.000902187527547338,9.86414810900321e-07,CBCbothPairsAsymRW,CBCdriftDiffusionLR,0.5,0.957498823027022,0.921646723093245,0.959301164410282,0.00109335895341178,0.899388904351456,0.487956841604914,2.40086595615721,0.5,73.3515943708131
CBC_1016,CBC_1016_MSI_TV_v3_Vset3_Tset2_2023-06-25_16h33.10.466.csv,4,13,0,1,b,1,0,2,tac,A,63,1,0A,1A,1,0,z,2.81628660000206,0,1,0,0,1A,0A,A01,2.63905732961526,0.978772646034698,0.0203494177948592,0.5,0.0391766384533773,6.48919966055508e-05,0.999098798887264,0.5,0.0391766384533773,0.0203494177948592,0.5,0.999961613998551,0.000828197609179467,0.5,0.0391766384533773,0.000828197609179467,0.999097812472453,0.0203672989833309,0.979632701016669,0.0203494177948592,0.978772646034698,0.049017973631234,0.24623184237584,-0.0203494177948592,-0.0187549742274874,-0.021227353965302,2.3209117515204e-05,CBCbothPairsAsymRW,CBCdriftDiffusionLR,0.5,0.957498823027022,0.921646723093245,0.959301164410282,0.00109335895341178,0.899388904351456,0.487956841604914,2.40086595615721,0.5,73.3515943708131
CBC_1016,CBC_1016_MSI_TV_v3_Vset3_Tset2_2023-06-25_16h33.10.466.csv,4,14,1,2,z,0,1,3,tac,C,9,1,1C,2C,0,1,z,2.08858600000167,0,1,1,1,2C,1C,C12,3.36729582998647,0.978795855152213,0.00159444356737184,0.5,0.0391766384533773,6.48919966055508e-05,0.999098798887264,0.5,0.0391766384533773,0.0203494177948592,0.5,0.999961613998551,0.000828197609179467,0.5,0.0391766384533773,0.000828197609179467,0.999097812472453,0.666658136225823,0.333341863774177,0.999961613998551,0.5,0.235930833786531,0.597642111851587,3.8386001449453e-05,3.67545512085648e-05,0.5,-0.479650582205141,CBCbothPairsAsymRW,CBCdriftDiffusionLR,0.5,0.957498823027022,0.921646723093245,0.959301164410282,0.00109335895341178,0.899388904351456,0.487956841604914,2.40086595615721,0.5,73.3515943708131
CBC_1016,CBC_1016_MSI_TV_v3_Vset3_Tset2_2023-06-25_16h33.10.466.csv,4,15,1,0,z,0,1,2,tac,A,63,1,1A,0A,0,1,z,2.8656482999977,0,1,1,1,0A,1A,A10,3.40119738166216,0.978795855152213,0.00159444356737184,0.5,0.0391766384533773,6.48919966055508e-05,0.999098798887264,0.5,0.0391766384533773,0.0203494177948592,0.0203494177948592,0.999998368549759,0.000828197609179467,0.5,0.0391766384533773,0.000828197609179467,0.999097812472453,0.998373664478877,0.00162633552112279,0.978795855152213,0.00159444356737184,0.143836961496605,0.762588687224055,0.0212041448477868,0.0203029437350503,0.00159444356737182,-0.00152955157076627,CBCbothPairsAsymRW,CBCdriftDiffusionLR,0.5,0.957498823027022,0.921646723093245,0.959301164410282,0.00109335895341178,0.899388904351456,0.487956841604914,2.40086595615721,0.5,73.3515943708131
CBC_1016,CBC_1016_MSI_TV_v3_Vset3_Tset2_2023-06-25_16h33.10.466.csv,4,16,3,1,b,1,0,0,tac,D,27,1,3D,1D,1,0,b,2.35269060000064,1,0,1,1,3D,1D,D31,3.43398720448515,0.999098798887264,6.4891996605574e-05,0.5,0.0391766384533773,6.48919966055508e-05,0.999098798887264,0.5,0.0391766384533773,0.0203494177948592,0.0203494177948592,0.999998368549759,0.000828197609179467,0.5,0.0391766384533773,0.000828197609179467,0.999097812472453,0.962267550339466,0.0377324496605338,0.999097812472453,0.0391766384533773,0.232901293464115,0.74746829410342,0.000902187527547338,0.000863843495776235,0.0391766384533773,-0.0375821948860054,CBCbothPairsAsymRW,CBCdriftDiffusionLR,0.5,0.957498823027022,0.921646723093245,0.959301164410282,0.00109335895341178,0.899388904351456,0.487956841604914,2.40086595615721,0.5,73.3515943708131
CBC_1016,CBC_1016_MSI_TV_v3_Vset3_Tset2_2023-06-25_16h33.10.466.csv,4,17,0,1,z,0,1,1,tac,B,63,1,0B,1B,0,1,b,2.40854229999968,1,0,0,0,0B,1B,B01,2.77258872223978,0.999098798887264,6.4891996605574e-05,0.5,0.0391766384533773,6.48919966055508e-05,0.999098798887264,0.5,0.0391766384533773,0.0203494177948592,0.0203494177948592,0.999998368549759,0.000828197609179467,0.5,0.00159444356737184,0.000828197609179467,0.999961655968229,6.49463117981667e-05,0.999935053688202,6.48919966055508e-05,0.999098798887264,0.0696863948980644,0.236740918741777,-6.48919966055508e-05,-5.98074960264839e-05,-0.000901201112736394,9.85336305434998e-07,CBCbothPairsAsymRW,CBCdriftDiffusionLR,0.5,0.957498823027022,0.921646723093245,0.959301164410282,0.00109335895341178,0.899388904351456,0.487956841604914,2.40086595615721,0.5,73.3515943708131
CBC_1016,CBC_1016_MSI_TV_v3_Vset3_Tset2_2023-06-25_16h33.10.466.csv,4,18,2,3,b,1,0,3,tac,C,63,0,2C,3C,0,1,b,2.31660499999998,1,0,1,0,2C,3C,C23,3.49650756146648,0.999098798887264,6.4891996605574e-05,0.5,0.0391766384533773,5.08450057906689e-06,0.999099784223569,0.5,0.0391766384533773,0.0203494177948592,0.0203494177948592,0.999998368549759,0.000828197609179467,0.5,0.00159444356737184,0.000828197609179467,0.999961655968229,0.99917248638557,0.000827513614429718,0.999998368549759,0.000828197609179467,0.245672979606849,0.763099476833617,-0.999998368549759,-0.921645219472477,-0.99917180239082,0.00109245343614059,CBCbothPairsAsymRW,CBCdriftDiffusionLR,0.5,0.957498823027022,0.921646723093245,0.959301164410282,0.00109335895341178,0.899388904351456,0.487956841604914,2.40086595615721,0.5,73.3515943708131
CBC_1016,CBC_1016_MSI_TV_v3_Vset3_Tset2_2023-06-25_16h33.10.466.csv,4,19,2,0,z,0,1,2,tac,A,27,1,2A,0A,0,1,b,2.61403890000292,1,0,0,0,2A,0A,A20,3.52636052461616,0.999098798887264,6.4891996605574e-05,0.5,0.0391766384533773,5.08450057906689e-06,0.999099784223569,0.5,0.0391766384533773,0.0203494177948592,0.0203494177948592,0.0783531490772821,0.00192065104532006,0.5,0.00159444356737184,0.000828197609179467,0.999961655968229,0.333533720640117,0.666466279359883,0.5,0.999098798887264,0.100866107308766,0.403154125455322,-0.5,-0.460823361546623,-0.000901201112736394,9.85336305434998e-07,CBCbothPairsAsymRW,CBCdriftDiffusionLR,0.5,0.957498823027022,0.921646723093245,0.959301164410282,0.00109335895341178,0.899388904351456,0.487956841604914,2.40086595615721,0.5,73.3515943708131
CBC_1016,CBC_1016_MSI_TV_v3_Vset3_Tset2_2023-06-25_16h33.10.466.csv,4,20,3,2,b,1,0,0,tac,D,63,1,3D,2D,1,0,b,2.836809299999,1,0,1,1,3D,2D,D32,2.4567357728213,0.999099784223569,6.4891996605574e-05,0.0391766384533773,0.0391766384533773,5.08450057906689e-06,0.999099784223569,0.5,0.0391766384533773,0.0203494177948592,0.0203494177948592,0.0783531490772821,0.00192065104532006,0.5,0.00159444356737184,0.000828197609179467,0.999961655968229,0.999172456029386,0.000827543970613814,0.999961655968229,0.000828197609179467,0.147957702262432,0.762842600026042,3.83440317710537e-05,3.67143652908947e-05,0.000828197609179515,-0.00079449093084772,CBCbothPairsAsymRW,CBCdriftDiffusionLR,0.5,0.957498823027022,0.921646723093245,0.959301164410282,0.00109335895341178,0.899388904351456,0.487956841604914,2.40086595615721,0.5,73.3515943708131
CBC_1016,CBC_1016_MSI_TV_v3_Vset3_Tset2_2023-06-25_16h33.10.466.csv,4,21,3,1,z,0,1,1,tac,B,27,1,3B,1B,0,1,z,3.499053800002,0,1,1,1,1B,3B,B31,3.58351893845611,0.999099784223569,6.4891996605574e-05,0.0391766384533773,0.0391766384533773,5.08450057906689e-06,0.999099784223569,0.5,0.0391766384533773,0.0203494177948592,0.0203494177948592,0.0783531490772821,0.00192065104532006,0.5,0.00159444356737184,3.37066783317463e-05,0.99999837033352,0.962267621995721,0.0377323780042792,0.999099784223569,0.0391766384533773,0.077652327738791,0.747512351034402,0.000900215776430957,0.000861955546402998,0.0391766384533773,-0.0375821948860054,CBCbothPairsAsymRW,CBCdriftDiffusionLR,0.5,0.957498823027022,0.921646723093245,0.959301164410282,0.00109335895341178,0.899388904351456,0.487956841604914,2.40086595615721,0.5,73.3515943708131
CBC_1016,CBC_1016_MSI_TV_v3_Vset3_Tset2_2023-06-25_16h33.10.466.csv,4,22,3,2,z,0,1,3,tac,C,63,1,3C,2C,0,1,z,2.34522360000119,0,1,1,1,2C,3C,C32,2.51230562397611,0.999099784223569,6.4891996605574e-05,0.0391766384533773,0.0391766384533773,5.08450057906689e-06,0.999961739769972,0.5,0.00159444356737184,0.0203494177948592,0.0203494177948592,0.0783531490772821,0.00192065104532006,0.5,0.00159444356737184,3.37066783317463e-05,0.99999837033352,0.97607374956229,0.0239262504377101,0.0783531490772821,0.00192065104532006,0.236203942318097,0.753267611919192,0.921646850922718,0.882475775005064,0.00192065104532002,-0.00184248278420132,CBCbothPairsAsymRW,CBCdriftDiffusionLR,0.5,0.957498823027022,0.921646723093245,0.959301164410282,0.00109335895341178,0.899388904351456,0.487956841604914,2.40086595615721,0.5,73.3515943708131
CBC_1016,CBC_1016_MSI_TV_v3_Vset3_Tset2_2023-06-25_16h33.10.466.csv,4,23,0,1,b,1,0,2,tac,A,63,1,0A,1A,1,0,z,3.02400179999677,0,1,0,0,1A,0A,A01,2.53897387105828,0.999099784223569,6.4891996605574e-05,0.0391766384533773,0.0391766384533773,5.08450057906689e-06,0.999961739769972,0.5,0.00159444356737184,0.0203494177948592,0.0203494177948592,0.960828924082346,7.81682611187382e-05,0.5,0.00159444356737184,3.37066783317463e-05,0.99999837033352,6.49462477507306e-05,0.999935053752249,6.4891996605574e-05,0.999099784223569,0.038305642666692,0.237044267105627,-6.4891996605574e-05,-5.98074960265053e-05,-0.000900215776430957,9.84258979163327e-07,CBCbothPairsAsymRW,CBCdriftDiffusionLR,0.5,0.957498823027022,0.921646723093245,0.959301164410282,0.00109335895341178,0.899388904351456,0.487956841604914,2.40086595615721,0.5,73.3515943708131
CBC_1016,CBC_1016_MSI_TV_v3_Vset3_Tset2_2023-06-25_16h33.10.466.csv,4,24,2,1,z,0,1,1,tac,B,9,1,2B,1B,0,1,z,1.60966340000232,0,1,1,1,1B,2B,B21,3.66356164612965,0.999100768482548,5.08450057906871e-06,0.0391766384533773,0.0391766384533773,5.08450057906689e-06,0.999961739769972,0.5,0.00159444356737184,0.0203494177948592,0.0203494177948592,0.960828924082346,7.81682611187382e-05,0.5,0.00159444356737184,3.37066783317463e-05,0.99999837033352,0.666658164176456,0.333341835823544,0.999961739769972,0.5,0.349148837125618,0.5965682274605,3.82602300279533e-05,3.66341252205084e-05,0.5,-0.479650582205141,CBCbothPairsAsymRW,CBCdriftDiffusionLR,0.5,0.957498823027022,0.921646723093245,0.959301164410282,0.00109335895341178,0.899388904351456,0.487956841604914,2.40086595615721,0.5,73.3515943708131
CBC_1016,CBC_1016_MSI_TV_v3_Vset3_Tset2_2023-06-25_16h33.10.466.csv,4,25,2,3,b,1,0,3,tac,C,63,1,2C,3C,1,0,b,2.18306149999989,1,0,1,1,2C,3C,C23,2.99573227355399,0.999100768482548,5.08450057906871e-06,0.0391766384533773,0.0391766384533773,5.08450057906689e-06,0.999998373895193,0.0203494177948592,0.00159444356737184,0.0203494177948592,0.0203494177948592,0.960828924082346,7.81682611187382e-05,0.5,0.00159444356737184,3.37066783317463e-05,0.99999837033352,0.999918651593123,8.13484068767783e-05,0.960828924082346,7.81682611187382e-05,0.280019216965866,0.76381769864114,0.0391710759176541,0.037506259087856,7.81682611187273e-05,-7.49869039111221e-05,CBCbothPairsAsymRW,CBCdriftDiffusionLR,0.5,0.957498823027022,0.921646723093245,0.959301164410282,0.00109335895341178,0.899388904351456,0.487956841604914,2.40086595615721,0.5,73.3515943708131
CBC_1016,CBC_1016_MSI_TV_v3_Vset3_Tset2_2023-06-25_16h33.10.466.csv,4,26,2,3,z,0,1,0,tac,D,63,1,2D,3D,0,1,z,1.63630530000228,0,1,1,1,3D,2D,D23,3.71357206670431,0.999100768482548,5.08450057906871e-06,0.0391766384533773,0.0391766384533773,5.08450057906689e-06,0.999998373895193,0.0203494177948592,0.00159444356737184,0.0203494177948592,0.0203494177948592,0.998335183170202,3.1813572076161e-06,0.5,0.00159444356737184,3.37066783317463e-05,0.99999837033352,0.999966294402843,3.37055971569069e-05,0.99999837033352,3.37066783317463e-05,0.467754417089094,0.763134220178993,1.62966648020735e-06,1.56040373672513e-06,3.37066783318019e-05,-3.23348557721003e-05,CBCbothPairsAsymRW,CBCdriftDiffusionLR,0.5,0.957498823027022,0.921646723093245,0.959301164410282,0.00109335895341178,0.899388904351456,0.487956841604914,2.40086595615721,0.5,73.3515943708131
CBC_1016,CBC_1016_MSI_TV_v3_Vset3_Tset2_2023-06-25_16h33.10.466.csv,4,27,0,1,z,0,1,1,tac,B,63,1,0B,1B,0,1,z,2.62918889999855,0,1,1,1,1B,0B,B01,2.63905732961526,0.999100768482548,5.08450057906871e-06,0.0391766384533773,0.0391766384533773,5.08450057906689e-06,0.999998373895193,0.0203494177948592,0.00159444356737184,0.0203494177948592,0.0203494177948592,0.998335183170202,3.1813572076161e-06,0.5,0.00159444356737184,1.37182255964602e-06,0.999999930737257,0.999994915517005,5.0844829949124e-06,0.999998373895193,5.08450057906689e-06,0.181150941389981,0.762951476781997,1.62610480747283e-06,1.55699343927382e-06,5.08450057912224e-06,-4.87756732599672e-06,CBCbothPairsAsymRW,CBCdriftDiffusionLR,0.5,0.957498823027022,0.921646723093245,0.959301164410282,0.00109335895341178,0.899388904351456,0.487956841604914,2.40086595615721,0.5,73.3515943708131
CBC_1016,CBC_1016_MSI_TV_v3_Vset3_Tset2_2023-06-25_16h33.10.466.csv,4,28,0,2,b,1,0,2,tac,A,27,1,0A,2A,1,0,b,1.24445460000061,1,0,1,1,0A,2A,A02,3.76120011569356,0.999100768482548,5.08450057906871e-06,0.0391766384533773,0.0391766384533773,2.06933253070176e-07,0.999999930888632,0.0203494177948592,0.00159444356737184,0.0203494177948592,0.0203494177948592,0.998335183170202,3.1813572076161e-06,0.5,0.00159444356737184,1.37182255964602e-06,0.999999930737257,0.962267657764998,0.0377323422350025,0.999100768482548,0.0391766384533773,0.485864706459334,0.7470928758236,0.000899231517451748,0.000861013119588852,0.0391766384533773,-0.0375821948860054,CBCbothPairsAsymRW,CBCdriftDiffusionLR,0.5,0.957498823027022,0.921646723093245,0.959301164410282,0.00109335895341178,0.899388904351456,0.487956841604914,2.40086595615721,0.5,73.3515943708131
CBC_1016,CBC_1016_MSI_TV_v3_Vset3_Tset2_2023-06-25_16h33.10.466.csv,4,29,1,3,z,0,1,0,tac,D,27,1,1D,3D,0,1,z,2.33787569999913,0,1,1,1,3D,1D,D13,3.09104245335832,0.999961781602137,5.08450057906871e-06,0.00159444356737184,0.0391766384533773,2.06933253070176e-07,0.999999930888632,0.0203494177948592,0.00159444356737184,0.0203494177948592,0.0203494177948592,0.998335183170202,3.1813572076161e-06,0.5,0.00159444356737184,1.37182255964602e-06,0.999999930737257,0.998408094525811,0.0015919054741884,0.999999930737257,0.00159444356737184,0.240272937145184,0.761785883505287,6.92627434295545e-08,6.63189953134211e-08,0.00159444356737182,-0.00152955157076627,CBCbothPairsAsymRW,CBCdriftDiffusionLR,0.5,0.957498823027022,0.921646723093245,0.959301164410282,0.00109335895341178,0.899388904351456,0.487956841604914,2.40086595615721,0.5,73.3515943708131
CBC_1016,CBC_1016_MSI_TV_v3_Vset3_Tset2_2023-06-25_16h33.10.466.csv,4,30,1,0,z,0,1,2,tac,A,63,1,1A,0A,0,1,b,2.28259059999982,1,0,0,0,1A,0A,A10,3.11351530921037,0.999961781602137,5.08450057906871e-06,0.00159444356737184,0.0391766384533773,2.06933253070176e-07,0.999999930888632,0.0203494177948592,0.00159444356737184,0.0203494177948592,0.0203494177948592,0.998335183170202,3.1813572076161e-06,0.5,6.48919966055774e-05,1.37182255964602e-06,0.999999997056252,5.08466905397087e-06,0.999994915330946,5.08450057906871e-06,0.999961781602137,0.0785115149774362,0.235949154316788,-5.08450057906871e-06,-4.68611329726439e-06,-3.82183978628881e-05,4.17864274884424e-08,CBCbothPairsAsymRW,CBCdriftDiffusionLR,0.5,0.957498823027022,0.921646723093245,0.959301164410282,0.00109335895341178,0.899388904351456,0.487956841604914,2.40086595615721,0.5,73.3515943708131
CBC_1016,CBC_1016_MSI_TV_v3_Vset3_Tset2_2023-06-25_16h33.10.466.csv,4,31,2,0,b,1,0,3,tac,C,27,1,2C,0C,1,0,b,2.21153259999846,1,0,1,1,2C,0C,C20,3.8286413964891,0.999961823388565,3.98387281804324e-07,0.00159444356737184,0.0391766384533773,2.06933253070176e-07,0.999999930888632,0.0203494177948592,0.00159444356737184,0.0203494177948592,0.0203494177948592,0.998335183170202,3.1813572076161e-06,0.5,6.48919966055774e-05,1.37182255964602e-06,0.999999997056252,0.980023828989286,0.0199761710107142,0.998335183170202,0.0203494177948592,0.268945152615918,0.754126437526498,0.00166481682979813,0.00159406015508729,0.0203494177948592,-0.0195212201856797,CBCbothPairsAsymRW,CBCdriftDiffusionLR,0.5,0.957498823027022,0.921646723093245,0.959301164410282,0.00109335895341178,0.899388904351456,0.487956841604914,2.40086595615721,0.5,73.3515943708131
CBC_1016,CBC_1016_MSI_TV_v3_Vset3_Tset2_2023-06-25_16h33.10.466.csv,4,32,2,3,z,0,1,0,tac,D,63,1,2D,3D,0,1,z,1.8286528000026,0,1,1,1,3D,2D,D23,3.15700042115011,0.999961823388565,3.98387281804324e-07,0.00159444356737184,0.0391766384533773,2.06933253070176e-07,0.999999930888632,0.0203494177948592,0.00159444356737184,0.000828197609179467,0.0203494177948592,0.999929243325289,3.1813572076161e-06,0.5,6.48919966055774e-05,1.37182255964602e-06,0.999999997056252,0.999998628179318,1.37182068178975e-06,0.999999997056252,1.37182255964602e-06,0.393773625440442,0.763743729228824,2.94374813414322e-09,2.81863537373013e-09,1.37182255965929e-06,-1.31599097884545e-06,CBCbothPairsAsymRW,CBCdriftDiffusionLR,0.5,0.957498823027022,0.921646723093245,0.959301164410282,0.00109335895341178,0.899388904351456,0.487956841604914,2.40086595615721,0.5,73.3515943708131
CBC_1016,CBC_1016_MSI_TV_v3_Vset3_Tset2_2023-06-25_16h33.10.466.csv,4,33,1,0,b,1,0,1,tac,B,63,1,1B,0B,1,0,b,1.65191690000211,1,0,1,1,1B,0B,B10,2.77258872223978,0.999961823388565,3.98387281804324e-07,0.00159444356737184,0.0391766384533773,2.06933253070176e-07,0.999999930888632,0.0203494177948592,0.00159444356737184,0.000828197609179467,0.0203494177948592,0.999929243325289,3.1813572076161e-06,0.5,6.48919966055774e-05,5.58315808005721e-08,0.999999999874887,0.999999793066776,2.06933224550249e-07,0.999999930888632,2.06933253070176e-07,0.462004346146428,0.763580895402402,6.91113681838829e-08,6.6174053693855e-08,2.06933253088515e-07,-1.9851131064302e-07,CBCbothPairsAsymRW,CBCdriftDiffusionLR,0.5,0.957498823027022,0.921646723093245,0.959301164410282,0.00109335895341178,0.899388904351456,0.487956841604914,2.40086595615721,0.5,73.3515943708131
CBC_1016,CBC_1016_MSI_TV_v3_Vset3_Tset2_2023-06-25_16h33.10.466.csv,4,34,0,1,b,1,0,2,tac,A,63,1,0A,1A,1,0,z,2.36914069999693,0,1,0,0,1A,0A,A01,2.50552593699074,0.999961823388565,3.98387281804324e-07,0.00159444356737184,0.0391766384533773,8.42194242715596e-09,0.999999997062685,0.0203494177948592,0.00159444356737184,0.000828197609179467,0.0203494177948592,0.999929243325289,3.1813572076161e-06,0.5,6.48919966055774e-05,5.58315808005721e-08,0.999999999874887,3.98402332736953e-07,0.999999601597667,3.98387281804324e-07,0.999961823388565,0.0725571823342466,0.237190336292597,-3.98387281804324e-07,-3.67172332796981e-07,-3.81766114353477e-05,4.174073992376e-08,CBCbothPairsAsymRW,CBCdriftDiffusionLR,0.5,0.957498823027022,0.921646723093245,0.959301164410282,0.00109335895341178,0.899388904351456,0.487956841604914,2.40086595615721,0.5,73.3515943708131
CBC_1016,CBC_1016_MSI_TV_v3_Vset3_Tset2_2023-06-25_16h33.10.466.csv,4,35,2,3,z,0,1,0,tac,D,63,0,2D,3D,1,0,z,1.42363309999928,0,1,1,0,3D,2D,D23,2.81341071676004,0.999961865129305,3.12149490073434e-08,0.00159444356737184,0.0391766384533773,8.42194242715596e-09,0.999999997062685,0.0203494177948592,0.00159444356737184,0.000828197609179467,0.0203494177948592,0.999929243325289,3.1813572076161e-06,0.5,6.48919966055774e-05,5.58315808005721e-08,0.999999999874887,0.999999944168422,5.58315776903921e-08,0.999999999874887,5.58315808005721e-08,0.538331096069875,0.76313382130079,-0.999999999874887,-0.921646722977936,-0.999999944168419,0.00109335889236782,CBCbothPairsAsymRW,CBCdriftDiffusionLR,0.5,0.957498823027022,0.921646723093245,0.959301164410282,0.00109335895341178,0.899388904351456,0.487956841604914,2.40086595615721,0.5,73.3515943708131
CBC_1016,CBC_1016_MSI_TV_v3_Vset3_Tset2_2023-06-25_16h33.10.466.csv,4,36,2,0,b,1,0,3,tac,C,27,1,2C,0C,1,0,b,1.93160920000082,1,0,1,1,2C,0C,C20,3.23867845216438,0.999961865129305,3.12149490073434e-08,0.00159444356737184,0.0391766384533773,8.42194242715596e-09,0.999999997062685,0.0203494177948592,0.00159444356737184,0.000828197609179467,0.0203494177948592,0.999929243325289,3.1813572076161e-06,0.5,6.48919966055774e-05,0.00109341472394862,0.0783532768969515,0.9991724292268,0.000827570773199675,0.999929243325289,0.000828197609179467,0.356659015361068,0.763008263463664,7.07566747107924e-05,6.77494327568896e-05,0.000828197609179515,-0.00079449093084772,CBCbothPairsAsymRW,CBCdriftDiffusionLR,0.5,0.957498823027022,0.921646723093245,0.959301164410282,0.00109335895341178,0.899388904351456,0.487956841604914,2.40086595615721,0.5,73.3515943708131
CBC_1016,CBC_1016_MSI_TV_v3_Vset3_Tset2_2023-06-25_16h33.10.466.csv,4,37,0,1,b,1,0,2,tac,A,63,1,0A,1A,1,0,z,2.68393419999848,0,1,0,0,1A,0A,A01,2.34180580614733,0.999961865129305,3.12149490073434e-08,0.00159444356737184,0.0391766384533773,8.42194242715596e-09,0.999999997062685,0.0203494177948592,0.00159444356737184,3.37066783317463e-05,0.0203494177948592,0.999996992758046,3.1813572076161e-06,0.5,6.48919966055774e-05,0.00109341472394862,0.0783532768969515,3.12161384563369e-08,0.999999968783862,3.12149490073434e-08,0.999961865129305,0.0532707953819069,0.236700002732833,-3.12149490073434e-08,-2.87691554641408e-08,-3.81348706953721e-05,4.16951023119857e-08,CBCbothPairsAsymRW,CBCdriftDiffusionLR,0.5,0.957498823027022,0.921646723093245,0.959301164410282,0.00109335895341178,0.899388904351456,0.487956841604914,2.40086595615721,0.5,73.3515943708131
CBC_1016,CBC_1016_MSI_TV_v3_Vset3_Tset2_2023-06-25_16h33.10.466.csv,4,38,1,3,b,1,0,1,tac,B,27,1,1B,3B,1,0,b,1.91728119999971,1,0,1,1,1B,3B,B13,3.27714473299218,0.999961906824407,2.4457935432026e-09,0.00159444356737184,0.0391766384533773,8.42194242715596e-09,0.999999997062685,0.0203494177948592,0.00159444356737184,3.37066783317463e-05,0.0203494177948592,0.999996992758046,3.1813572076161e-06,0.5,6.48919966055774e-05,0.00109341472394862,0.0783532768969515,0.998408094631227,0.00159190536877267,0.999999997062685,0.00159444356737184,0.36141863954932,0.762734110260385,2.93731450273782e-09,2.81247517923167e-09,0.00159444356737182,-0.00152955157076627,CBCbothPairsAsymRW,CBCdriftDiffusionLR,0.5,0.957498823027022,0.921646723093245,0.959301164410282,0.00109335895341178,0.899388904351456,0.487956841604914,2.40086595615721,0.5,73.3515943708131
CBC_1016,CBC_1016_MSI_TV_v3_Vset3_Tset2_2023-06-25_16h33.10.466.csv,4,39,3,2,z,0,1,3,tac,C,63,1,3C,2C,0,1,z,2.34554909999861,0,1,1,1,2C,3C,C32,2.60268968544438,0.999961906824407,2.4457935432026e-09,0.00159444356737184,0.0391766384533773,8.42194242715596e-09,0.999999999875161,0.0203494177948592,6.48919966055774e-05,3.37066783317463e-05,0.0203494177948592,0.999996992758046,3.1813572076161e-06,0.5,6.48919966055774e-05,0.00109341472394862,0.0783532768969515,0.999996818643346,3.18135665369338e-06,0.999996992758046,3.1813572076161e-06,0.238858888191652,0.76314656708519,3.00724195390067e-06,2.87943063141738e-06,3.1813572076711e-06,-3.05187967372393e-06,CBCbothPairsAsymRW,CBCdriftDiffusionLR,0.5,0.957498823027022,0.921646723093245,0.959301164410282,0.00109335895341178,0.899388904351456,0.487956841604914,2.40086595615721,0.5,73.3515943708131
CBC_1016,CBC_1016_MSI_TV_v3_Vset3_Tset2_2023-06-25_16h33.10.466.csv,4,40,3,2,b,1,0,0,tac,D,63,1,3D,2D,1,0,b,1.18311269999685,1,0,1,1,3D,2D,D32,2.62103882411258,0.999961906824407,2.4457935432026e-09,0.00159444356737184,0.0391766384533773,8.42194242715596e-09,0.999999999875161,0.0203494177948592,6.48919966055774e-05,3.37066783317463e-05,0.0203494177948592,0.999999872188677,1.29477533892175e-07,0.5,6.48919966055774e-05,0.00109341472394862,0.0783532768969515,0.98623712703902,0.0137628729609803,0.0783532768969515,0.00109341472394862,0.427962504442766,0.757431742136974,0.921646723103049,0.882475652617881,0.00109341472394864,-0.00104891401786728,CBCbothPairsAsymRW,CBCdriftDiffusionLR,0.5,0.957498823027022,0.921646723093245,0.959301164410282,0.00109335895341178,0.899388904351456,0.487956841604914,2.40086595615721,0.5,73.3515943708131
CBC_1016,CBC_1016_MSI_TV_v3_Vset3_Tset2_2023-06-25_16h33.10.466.csv,4,41,0,1,z,0,1,1,tac,B,63,1,0B,1B,0,1,b,1.73471960000097,1,0,0,0,0B,1B,B01,2.63905732961526,0.999961906824407,2.4457935432026e-09,0.00159444356737184,0.0391766384533773,8.42194242715596e-09,0.999999999875161,0.0203494177948592,6.48919966055774e-05,3.37066783317463e-05,0.0203494177948592,0.999999872188677,1.29477533892175e-07,0.5,6.48919966055774e-05,4.45007060813495e-05,0.960828929514832,8.42194235727823e-09,0.999999991578058,8.42194242715596e-09,0.999999999875161,0.133393447353197,0.237310169229875,-8.42194242715596e-09,-7.76205564006826e-09,-1.24839361070883e-10,1.36494233165056e-13,CBCbothPairsAsymRW,CBCdriftDiffusionLR,0.5,0.957498823027022,0.921646723093245,0.959301164410282,0.00109335895341178,0.899388904351456,0.487956841604914,2.40086595615721,0.5,73.3515943708131
CBC_1016,CBC_1016_MSI_TV_v3_Vset3_Tset2_2023-06-25_16h33.10.466.csv,4,42,2,0,z,0,1,2,tac,A,27,1,2A,0A,0,1,z,1.67711549999876,0,1,1,1,0A,2A,A20,3.3499040872746,0.999961906824407,2.4457935432026e-09,0.00159444356737184,0.0391766384533773,6.59886787087695e-10,0.999999999875297,0.0203494177948592,6.48919966055774e-05,3.37066783317463e-05,0.0203494177948592,0.999999872188677,1.29477533892175e-07,0.5,6.48919966055774e-05,4.45007060813495e-05,0.960828929514832,0.998408034089397,0.00159196591060318,0.999961906824407,0.00159444356737184,0.450845794211311,0.762174083737004,3.80931755931124e-05,3.64741707957668e-05,0.00159444356737182,-0.00152955157076627,CBCbothPairsAsymRW,CBCdriftDiffusionLR,0.5,0.957498823027022,0.921646723093245,0.959301164410282,0.00109335895341178,0.899388904351456,0.487956841604914,2.40086595615721,0.5,73.3515943708131
CBC_1016,CBC_1016_MSI_TV_v3_Vset3_Tset2_2023-06-25_16h33.10.466.csv,4,43,3,0,b,1,0,0,tac,D,9,1,3D,0D,1,0,b,1.41049550000025,1,0,1,1,3D,0D,D30,4.06044301054642,0.999998380995203,2.4457935432026e-09,6.48919966055774e-05,0.0391766384533773,6.59886787087695e-10,0.999999999875297,0.0203494177948592,6.48919966055774e-05,3.37066783317463e-05,0.0203494177948592,0.999999872188677,1.29477533892175e-07,0.5,6.48919966055774e-05,4.45007060813495e-05,0.960828929514832,0.657728574579873,0.342271425420127,0.960828929514832,0.5,0.382840711586822,0.591555457151806,0.0391710704851678,0.0375062538862567,0.5,-0.479650582205141,CBCbothPairsAsymRW,CBCdriftDiffusionLR,0.5,0.957498823027022,0.921646723093245,0.959301164410282,0.00109335895341178,0.899388904351456,0.487956841604914,2.40086595615721,0.5,73.3515943708131
CBC_1016,CBC_1016_MSI_TV_v3_Vset3_Tset2_2023-06-25_16h33.10.466.csv,4,44,3,2,z,0,1,3,tac,C,63,1,3C,2C,0,1,z,1.77765849999923,0,1,1,1,2C,3C,C32,2.46809953147162,0.999998380995203,2.4457935432026e-09,6.48919966055774e-05,0.0391766384533773,6.59886787087695e-10,0.999999999875297,0.0203494177948592,6.48919966055774e-05,3.37066783317463e-05,0.0203494177948592,0.999999872188677,1.29477533892175e-07,0.0203494177948592,6.48919966055774e-05,4.45007060813495e-05,0.998335183401089,0.999999870522466,1.29477533676439e-07,0.999999872188677,1.29477533892175e-07,0.412610703118876,0.763268567038091,1.27811322525595e-07,1.22379190887784e-07,1.29477533916678e-07,-1.24207949051241e-07,CBCbothPairsAsymRW,CBCdriftDiffusionLR,0.5,0.957498823027022,0.921646723093245,0.959301164410282,0.00109335895341178,0.899388904351456,0.487956841604914,2.40086595615721,0.5,73.3515943708131
CBC_1016,CBC_1016_MSI_AV_v3_Vset6_Aset3_2023-06-25_16h41.28.303.csv,5,1,1,0,b,1,0,1,aud,B,63,1,1B,0B,1,0,z,1.80745469999965,0,1,0,0,0B,1B,B10,2.77258872223978,0.5,0.5,0.5,0.5,0.5,0.5,0.5,0.5,0.5,0.5,0.5,0.5,0.5,0.5,0.5,0.5,0.5,0.5,0.5,0.5,0.216917857517334,0.498855169314012,-0.5,-0.123788018106336,-0.5,0.248357777243392,CBCbothPairsAsymRW,CBCdriftDiffusionLR,0.5,0.811067625698438,0.247576036212671,0.021020358415659,0.496715554486784,0.826991773554876,2.65949741266339,2.71770433310713,0.5,56.5912285525833
CBC_1016,CBC_1016_MSI_AV_v3_Vset6_Aset3_2023-06-25_16h41.28.303.csv,5,2,0,1,b,1,0,2,aud,A,63,1,0A,1A,1,0,b,2.09121689999665,1,0,1,1,0A,1A,A01,2.83321334405622,0.5,0.5,0.5,0.5,0.376211981893664,0.748357777243392,0.5,0.5,0.5,0.5,0.5,0.5,0.5,0.5,0.5,0.5,0.5,0.5,0.5,0.5,0.182302312377639,0.500462295773869,0.5,0.405533812849219,0.5,-0.0105101792078295,CBCbothPairsAsymRW,CBCdriftDiffusionLR,0.5,0.811067625698438,0.247576036212671,0.021020358415659,0.496715554486784,0.826991773554876,2.65949741266339,2.71770433310713,0.5,56.5912285525833
CBC_1016,CBC_1016_MSI_AV_v3_Vset6_Aset3_2023-06-25_16h41.28.303.csv,5,3,1,2,z,0,1,3,aud,C,9,1,1C,2C,0,1,z,2.30214630000046,0,1,1,1,2C,1C,C12,2.89037175789616,0.905533812849219,0.489489820792171,0.5,0.5,0.376211981893664,0.748357777243392,0.5,0.5,0.5,0.5,0.5,0.5,0.5,0.5,0.5,0.5,0.5,0.5,0.5,0.5,0.158340147750072,0.499285508854261,0.5,0.405533812849219,0.5,-0.0105101792078295,CBCbothPairsAsymRW,CBCdriftDiffusionLR,0.5,0.811067625698438,0.247576036212671,0.021020358415659,0.496715554486784,0.826991773554876,2.65949741266339,2.71770433310713,0.5,56.5912285525833
CBC_1016,CBC_1016_MSI_AV_v3_Vset6_Aset3_2023-06-25_16h41.28.303.csv,5,4,1,0,z,0,1,2,aud,A,63,1,1A,0A,0,1,z,1.76446689999648,0,1,1,1,0A,1A,A10,2.94443897916644,0.905533812849219,0.489489820792171,0.5,0.5,0.376211981893664,0.748357777243392,0.5,0.5,0.5,0.489489820792171,0.905533812849219,0.5,0.5,0.5,0.5,0.5,0.649117184119333,0.350882815880667,0.905533812849219,0.489489820792171,0.487908940277827,0.896547160455081,0.0944661871507808,0.0766184661211681,0.489489820792171,-0.0102892514738681,CBCbothPairsAsymRW,CBCdriftDiffusionLR,0.5,0.811067625698438,0.247576036212671,0.021020358415659,0.496715554486784,0.826991773554876,2.65949741266339,2.71770433310713,0.5,56.5912285525833
CBC_1016,CBC_1016_MSI_AV_v3_Vset6_Aset3_2023-06-25_16h41.28.303.csv,5,5,3,1,b,1,0,0,aud,D,27,1,3D,1D,1,0,b,2.41601329999685,1,0,1,1,3D,1D,D31,2.99573227355399,0.982152278970387,0.479200569318302,0.5,0.5,0.376211981893664,0.748357777243392,0.5,0.5,0.5,0.489489820792171,0.905533812849219,0.5,0.5,0.5,0.5,0.5,0.5,0.5,0.5,0.5,0.147325222334422,0.501016210021607,0.5,0.405533812849219,0.5,-0.0105101792078295,CBCbothPairsAsymRW,CBCdriftDiffusionLR,0.5,0.811067625698438,0.247576036212671,0.021020358415659,0.496715554486784,0.826991773554876,2.65949741266339,2.71770433310713,0.5,56.5912285525833
CBC_1016,CBC_1016_MSI_AV_v3_Vset6_Aset3_2023-06-25_16h41.28.303.csv,5,6,0,1,z,0,1,1,aud,B,63,1,0B,1B,0,1,z,2.24398319999818,0,1,1,1,1B,0B,B01,3.04452243772342,0.982152278970387,0.479200569318302,0.5,0.5,0.376211981893664,0.748357777243392,0.5,0.5,0.5,0.489489820792171,0.905533812849219,0.5,0.5,0.489489820792171,0.5,0.905533812849219,0.665461409719614,0.334538590280386,0.748357777243392,0.376211981893664,0.314813750406305,0.916609806892815,0.251642222756608,0.204098860136679,0.376211981893664,-0.00790811069967023,CBCbothPairsAsymRW,CBCdriftDiffusionLR,0.5,0.811067625698438,0.247576036212671,0.021020358415659,0.496715554486784,0.826991773554876,2.65949741266339,2.71770433310713,0.5,56.5912285525833
CBC_1016,CBC_1016_MSI_AV_v3_Vset6_Aset3_2023-06-25_16h41.28.303.csv,5,7,2,3,b,1,0,3,aud,C,63,1,2C,3C,1,0,z,1.47251479999977,0,1,0,0,3C,2C,C23,3.09104245335832,0.982152278970387,0.479200569318302,0.5,0.5,0.368303871193994,0.952456637380072,0.5,0.5,0.5,0.489489820792171,0.905533812849219,0.5,0.5,0.489489820792171,0.5,0.905533812849219,0.355736728230272,0.644263271769729,0.5,0.905533812849219,0.0731529995017845,0.111036858405703,-0.5,-0.123788018106336,-0.0944661871507808,0.0469228245308524,CBCbothPairsAsymRW,CBCdriftDiffusionLR,0.5,0.811067625698438,0.247576036212671,0.021020358415659,0.496715554486784,0.826991773554876,2.65949741266339,2.71770433310713,0.5,56.5912285525833
CBC_1016,CBC_1016_MSI_AV_v3_Vset6_Aset3_2023-06-25_16h41.28.303.csv,5,8,2,0,z,0,1,2,aud,A,27,1,2A,0A,0,1,z,1.8742465999967,0,1,1,1,0A,2A,A20,3.13549421592915,0.982152278970387,0.479200569318302,0.5,0.5,0.368303871193994,0.952456637380072,0.5,0.5,0.5,0.489489820792171,0.952456637380072,0.376211981893664,0.5,0.489489820792171,0.5,0.905533812849219,0.662652746890936,0.337347253109064,0.982152278970387,0.5,0.457455058901419,0.913019596297009,0.0178477210296126,0.014475708719616,0.5,-0.0105101792078295,CBCbothPairsAsymRW,CBCdriftDiffusionLR,0.5,0.811067625698438,0.247576036212671,0.021020358415659,0.496715554486784,0.826991773554876,2.65949741266339,2.71770433310713,0.5,56.5912285525833
CBC_1016,CBC_1016_MSI_AV_v3_Vset6_Aset3_2023-06-25_16h41.28.303.csv,5,9,3,2,b,1,0,0,aud,D,63,1,3D,2D,1,0,b,1.6578929999996,1,0,1,1,3D,2D,D32,3.17805383034795,0.996627987690003,0.479200569318302,0.489489820792171,0.5,0.368303871193994,0.952456637380072,0.5,0.5,0.5,0.489489820792171,0.952456637380072,0.376211981893664,0.5,0.489489820792171,0.5,0.905533812849219,0.644263271769729,0.355736728230272,0.905533812849219,0.5,0.523054504450203,0.889411999764659,0.0944661871507808,0.0766184661211681,0.5,-0.0105101792078295,CBCbothPairsAsymRW,CBCdriftDiffusionLR,0.5,0.811067625698438,0.247576036212671,0.021020358415659,0.496715554486784,0.826991773554876,2.65949741266339,2.71770433310713,0.5,56.5912285525833
CBC_1016,CBC_1016_MSI_AV_v3_Vset6_Aset3_2023-06-25_16h41.28.303.csv,5,10,3,1,z,0,1,1,aud,B,27,1,3B,1B,0,1,z,1.79971759999898,0,1,1,1,1B,3B,B31,3.2188758248682,0.996627987690003,0.479200569318302,0.489489820792171,0.5,0.368303871193994,0.952456637380072,0.5,0.5,0.5,0.489489820792171,0.952456637380072,0.376211981893664,0.5,0.489489820792171,0.489489820792171,0.982152278970387,0.655755643829825,0.344244356170175,0.952456637380072,0.5,0.481570449978651,0.904278142353592,0.0475433626199284,0.0385608822378652,0.5,-0.0105101792078295,CBCbothPairsAsymRW,CBCdriftDiffusionLR,0.5,0.811067625698438,0.247576036212671,0.021020358415659,0.496715554486784,0.826991773554876,2.65949741266339,2.71770433310713,0.5,56.5912285525833
CBC_1016,CBC_1016_MSI_AV_v3_Vset6_Aset3_2023-06-25_16h41.28.303.csv,5,11,3,2,z,0,1,3,aud,C,63,1,3C,2C,0,1,z,1.90388789999997,0,1,1,1,2C,3C,C32,3.25809653802148,0.996627987690003,0.479200569318302,0.489489820792171,0.5,0.368303871193994,0.991017519617937,0.5,0.489489820792171,0.5,0.489489820792171,0.952456637380072,0.376211981893664,0.5,0.489489820792171,0.489489820792171,0.982152278970387,0.716850404655974,0.283149595344026,0.952456637380072,0.376211981893664,0.480338607532939,0.957970427830189,0.0475433626199284,0.0385608822378652,0.376211981893664,-0.00790811069967023,CBCbothPairsAsymRW,CBCdriftDiffusionLR,0.5,0.811067625698438,0.247576036212671,0.021020358415659,0.496715554486784,0.826991773554876,2.65949741266339,2.71770433310713,0.5,56.5912285525833
CBC_1016,CBC_1016_MSI_AV_v3_Vset6_Aset3_2023-06-25_16h41.28.303.csv,5,12,1,3,b,1,0,1,aud,B,27,1,1B,3B,1,0,b,1.44830409999486,1,0,1,1,1B,3B,B13,3.29583686600433,0.996627987690003,0.479200569318302,0.489489820792171,0.5,0.368303871193994,0.991017519617937,0.5,0.489489820792171,0.5,0.489489820792171,0.991017519617937,0.368303871193994,0.5,0.489489820792171,0.489489820792171,0.982152278970387,0.669376971372138,0.330623028627862,0.991017519617937,0.489489820792171,0.661401846904116,0.920178401675231,0.00898248038206317,0.00728539903636278,0.489489820792171,-0.0102892514738681,CBCbothPairsAsymRW,CBCdriftDiffusionLR,0.5,0.811067625698438,0.247576036212671,0.021020358415659,0.496715554486784,0.826991773554876,2.65949741266339,2.71770433310713,0.5,56.5912285525833
CBC_1016,CBC_1016_MSI_AV_v3_Vset6_Aset3_2023-06-25_16h41.28.303.csv,5,13,3,2,z,0,1,3,aud,C,63,1,3C,2C,0,1,z,1.81380869999703,0,1,1,1,2C,3C,C32,2.63905732961526,0.996627987690003,0.479200569318302,0.489489820792171,0.5,0.368303871193994,0.9983029186543,0.5,0.479200569318302,0.5,0.489489820792171,0.991017519617937,0.368303871193994,0.5,0.489489820792171,0.489489820792171,0.982152278970387,0.729053133656637,0.270946866343363,0.991017519617937,0.368303871193994,0.545185352188092,0.964731020933145,0.00898248038206317,0.00728539903636278,0.368303871193994,-0.00774187937837245,CBCbothPairsAsymRW,CBCdriftDiffusionLR,0.5,0.811067625698438,0.247576036212671,0.021020358415659,0.496715554486784,0.826991773554876,2.65949741266339,2.71770433310713,0.5,56.5912285525833
CBC_1016,CBC_1016_MSI_AV_v3_Vset6_Aset3_2023-06-25_16h41.28.303.csv,5,14,3,2,b,1,0,0,aud,D,63,1,3D,2D,1,0,b,1.81109479999941,1,0,1,1,3D,2D,D32,2.67414864942653,0.996627987690003,0.479200569318302,0.489489820792171,0.5,0.368303871193994,0.9983029186543,0.5,0.479200569318302,0.5,0.489489820792171,0.9983029186543,0.360561991815622,0.5,0.489489820792171,0.489489820792171,0.982152278970387,0.667385282827158,0.332614717172842,0.982152278970387,0.489489820792171,0.492425665680254,0.918259285764293,0.0178477210296126,0.014475708719616,0.489489820792171,-0.0102892514738681,CBCbothPairsAsymRW,CBCdriftDiffusionLR,0.5,0.811067625698438,0.247576036212671,0.021020358415659,0.496715554486784,0.826991773554876,2.65949741266339,2.71770433310713,0.5,56.5912285525833
CBC_1016,CBC_1016_MSI_AV_v3_Vset6_Aset3_2023-06-25_16h41.28.303.csv,5,15,0,3,b,1,0,2,aud,A,9,1,0A,3A,1,0,b,2.62561959999948,1,0,1,1,0A,3A,A03,3.40119738166216,0.996627987690003,0.479200569318302,0.489489820792171,0.5,0.368303871193994,0.9983029186543,0.5,0.479200569318302,0.5,0.489489820792171,0.9983029186543,0.360561991815622,0.5,0.489489820792171,0.479200569318302,0.996627987690003,0.665915642288814,0.334084357711186,0.996627987690003,0.5,0.210445116055424,0.917198008248853,0.00337201230999662,0.00273493001809487,0.5,-0.0105101792078295,CBCbothPairsAsymRW,CBCdriftDiffusionLR,0.5,0.811067625698438,0.247576036212671,0.021020358415659,0.496715554486784,0.826991773554876,2.65949741266339,2.71770433310713,0.5,56.5912285525833
CBC_1016,CBC_1016_MSI_AV_v3_Vset6_Aset3_2023-06-25_16h41.28.303.csv,5,16,0,1,z,0,1,1,aud,B,63,0,0B,1B,1,0,z,2.08172769999874,0,1,1,0,1B,0B,B01,2.7408400239252,0.999362917708098,0.479200569318302,0.489489820792171,0.489489820792171,0.368303871193994,0.9983029186543,0.5,0.479200569318302,0.5,0.489489820792171,0.9983029186543,0.360561991815622,0.5,0.489489820792171,0.479200569318302,0.996627987690003,0.730497555017358,0.269502444982642,0.9983029186543,0.368303871193994,0.377670806605175,0.965430405487802,-0.9983029186543,-0.247155879539972,-0.631696128806006,0.31377329288703,CBCbothPairsAsymRW,CBCdriftDiffusionLR,0.5,0.811067625698438,0.247576036212671,0.021020358415659,0.496715554486784,0.826991773554876,2.65949741266339,2.71770433310713,0.5,56.5912285525833
CBC_1016,CBC_1016_MSI_AV_v3_Vset6_Aset3_2023-06-25_16h41.28.303.csv,5,17,2,3,z,0,1,0,aud,D,63,1,2D,3D,0,1,z,2.65692349999881,0,1,1,1,3D,2D,D23,3.46573590279973,0.999362917708098,0.479200569318302,0.489489820792171,0.489489820792171,0.682077164081024,0.751147039114328,0.5,0.479200569318302,0.5,0.489489820792171,0.9983029186543,0.360561991815622,0.5,0.489489820792171,0.479200569318302,0.996627987690003,0.675300652611233,0.324699347388767,0.996627987690003,0.479200569318302,0.200827317063717,0.926060731541749,0.00337201230999662,0.00273493001809487,0.479200569318302,-0.0100729677200585,CBCbothPairsAsymRW,CBCdriftDiffusionLR,0.5,0.811067625698438,0.247576036212671,0.021020358415659,0.496715554486784,0.826991773554876,2.65949741266339,2.71770433310713,0.5,56.5912285525833
CBC_1016,CBC_1016_MSI_AV_v3_Vset6_Aset3_2023-06-25_16h41.28.303.csv,5,18,0,2,z,0,1,3,aud,C,27,1,0C,2C,0,1,z,2.42801319999853,0,1,1,1,2C,0C,C02,3.49650756146648,0.999362917708098,0.479200569318302,0.489489820792171,0.489489820792171,0.682077164081024,0.751147039114328,0.5,0.479200569318302,0.5,0.489489820792171,0.9983029186543,0.360561991815622,0.5,0.489489820792171,0.469127601598244,0.999362917708098,0.666289110316174,0.333710889683826,0.9983029186543,0.5,0.259375741272297,0.917073008352679,0.00169708134570035,0.00137644773767429,0.5,-0.0105101792078295,CBCbothPairsAsymRW,CBCdriftDiffusionLR,0.5,0.811067625698438,0.247576036212671,0.021020358415659,0.496715554486784,0.826991773554876,2.65949741266339,2.71770433310713,0.5,56.5912285525833
CBC_1016,CBC_1016_MSI_AV_v3_Vset6_Aset3_2023-06-25_16h41.28.303.csv,5,19,0,1,b,1,0,2,aud,A,63,1,0A,1A,1,0,b,2.50095179999698,1,0,1,1,0A,1A,A01,2.83321334405622,0.999362917708098,0.479200569318302,0.489489820792171,0.489489820792171,0.682077164081024,0.751147039114328,0.5,0.479200569318302,0.489489820792171,0.489489820792171,0.999679366391974,0.360561991815622,0.5,0.489489820792171,0.469127601598244,0.999362917708098,0.675901255831738,0.324098744168262,0.999362917708098,0.479200569318302,0.238061111131594,0.92730253016624,0.000637082291901736,0.000516716821867261,0.479200569318302,-0.0100729677200585,CBCbothPairsAsymRW,CBCdriftDiffusionLR,0.5,0.811067625698438,0.247576036212671,0.021020358415659,0.496715554486784,0.826991773554876,2.65949741266339,2.71770433310713,0.5,56.5912285525833
CBC_1016,CBC_1016_MSI_AV_v3_Vset6_Aset3_2023-06-25_16h41.28.303.csv,5,20,1,0,b,1,0,1,aud,B,63,1,1B,0B,1,0,b,1.6871914000003,1,0,1,1,1B,0B,B10,2.86220088092947,0.999879634529966,0.469127601598244,0.489489820792171,0.489489820792171,0.682077164081024,0.751147039114328,0.5,0.479200569318302,0.489489820792171,0.489489820792171,0.999679366391974,0.360561991815622,0.5,0.489489820792171,0.469127601598244,0.999362917708098,0.524095977056246,0.475904022943754,0.751147039114328,0.682077164081024,0.274525773909736,0.586448995796125,0.248852960885672,0.201836580133569,0.682077164081024,-0.0143375064561194,CBCbothPairsAsymRW,CBCdriftDiffusionLR,0.5,0.811067625698438,0.247576036212671,0.021020358415659,0.496715554486784,0.826991773554876,2.65949741266339,2.71770433310713,0.5,56.5912285525833
CBC_1016,CBC_1016_MSI_AV_v3_Vset6_Aset3_2023-06-25_16h41.28.303.csv,5,21,1,3,z,0,1,0,aud,D,27,1,1D,3D,0,1,z,2.26932929999748,0,1,1,1,3D,1D,D13,3.58351893845611,0.999879634529966,0.469127601598244,0.489489820792171,0.489489820792171,0.667739657624905,0.952983619247896,0.5,0.479200569318302,0.489489820792171,0.489489820792171,0.999679366391974,0.360561991815622,0.5,0.489489820792171,0.469127601598244,0.999362917708098,0.671230197497412,0.328769802502588,0.999362917708098,0.489489820792171,0.307123035444446,0.922268910937196,0.000637082291901736,0.000516716821867261,0.489489820792171,-0.0102892514738681,CBCbothPairsAsymRW,CBCdriftDiffusionLR,0.5,0.811067625698438,0.247576036212671,0.021020358415659,0.496715554486784,0.826991773554876,2.65949741266339,2.71770433310713,0.5,56.5912285525833
CBC_1016,CBC_1016_MSI_AV_v3_Vset6_Aset3_2023-06-25_16h41.28.303.csv,5,22,3,2,z,0,1,3,aud,C,63,1,3C,2C,0,1,z,2.02719559999605,0,1,1,1,2C,3C,C32,2.51230562397611,0.999879634529966,0.469127601598244,0.489489820792171,0.489489820792171,0.667739657624905,0.952983619247896,0.5,0.479200569318302,0.489489820792171,0.489489820792171,0.999679366391974,0.360561991815622,0.5,0.479200569318302,0.469127601598244,0.999879634529966,0.734927930517612,0.265072069482388,0.999679366391974,0.360561991815622,0.406218379368307,0.967676761416073,0.000320633608026033,0.000260055539180798,0.360561991815622,-0.00757914229902827,CBCbothPairsAsymRW,CBCdriftDiffusionLR,0.5,0.811067625698438,0.247576036212671,0.021020358415659,0.496715554486784,0.826991773554876,2.65949741266339,2.71770433310713,0.5,56.5912285525833
CBC_1016,CBC_1016_MSI_AV_v3_Vset6_Aset3_2023-06-25_16h41.28.303.csv,5,23,0,1,b,1,0,2,aud,A,63,1,0A,1A,1,0,z,2.40883469999972,0,1,0,0,1A,0A,A01,2.53897387105828,0.999879634529966,0.469127601598244,0.489489820792171,0.489489820792171,0.667739657624905,0.952983619247896,0.5,0.479200569318302,0.489489820792171,0.489489820792171,0.999939421931155,0.352982849516593,0.5,0.479200569318302,0.469127601598244,0.999879634529966,0.319350095806676,0.680649904193324,0.469127601598244,0.999879634529966,0.0193053273378386,0.0684657508390902,-0.469127601598244,-0.11614475208165,-0.000120365470034467,5.97874011892327e-05,CBCbothPairsAsymRW,CBCdriftDiffusionLR,0.5,0.811067625698438,0.247576036212671,0.021020358415659,0.496715554486784,0.826991773554876,2.65949741266339,2.71770433310713,0.5,56.5912285525833
CBC_1016,CBC_1016_MSI_AV_v3_Vset6_Aset3_2023-06-25_16h41.28.303.csv,5,24,2,3,z,0,1,0,aud,D,63,1,2D,3D,0,1,b,1.62222049999764,1,0,0,0,2D,3D,D23,2.9704144655697,0.999939421931155,0.352982849516593,0.489489820792171,0.489489820792171,0.667739657624905,0.952983619247896,0.5,0.479200569318302,0.489489820792171,0.489489820792171,0.999939421931155,0.352982849516593,0.5,0.479200569318302,0.469127601598244,0.999879634529966,0.319350095806676,0.680649904193324,0.469127601598244,0.999879634529966,0.0449973328240909,0.0685329593941331,-0.469127601598244,-0.11614475208165,-0.000120365470034467,5.97874011892327e-05,CBCbothPairsAsymRW,CBCdriftDiffusionLR,0.5,0.811067625698438,0.247576036212671,0.021020358415659,0.496715554486784,0.826991773554876,2.65949741266339,2.71770433310713,0.5,56.5912285525833
CBC_1016,CBC_1016_MSI_AV_v3_Vset6_Aset3_2023-06-25_16h41.28.303.csv,5,25,2,0,b,1,0,3,aud,C,27,1,2C,0C,1,0,b,2.32586329999685,1,0,1,1,2C,0C,C20,3.68887945411394,0.999939421931155,0.352982849516593,0.489489820792171,0.489489820792171,0.667739657624905,0.952983619247896,0.5,0.479200569318302,0.489489820792171,0.489489820792171,0.999939421931155,0.352982849516593,0.5,0.479200569318302,0.352982849516593,0.999939421931155,0.671357452404271,0.328642547595729,0.999939421931155,0.489489820792171,0.288992536923016,0.922558895895513,6.05780688451851e-05,4.91329104676608e-05,0.489489820792171,-0.0102892514738681,CBCbothPairsAsymRW,CBCdriftDiffusionLR,0.5,0.811067625698438,0.247576036212671,0.021020358415659,0.496715554486784,0.826991773554876,2.65949741266339,2.71770433310713,0.5,56.5912285525833
CBC_1016,CBC_1016_MSI_AV_v3_Vset6_Aset3_2023-06-25_16h41.28.303.csv,5,26,0,1,b,1,0,2,aud,A,63,1,0A,1A,1,0,b,1.62972849999642,1,0,1,1,0A,1A,A01,2.32727770558442,0.999939421931155,0.352982849516593,0.489489820792171,0.489489820792171,0.667739657624905,0.952983619247896,0.5,0.479200569318302,0.479200569318302,0.489489820792171,0.999988554841623,0.352982849516593,0.5,0.479200569318302,0.352982849516593,0.999939421931155,0.73909598728176,0.26090401271824,0.999939421931155,0.352982849516593,0.702007341407996,0.969498729780626,6.05780688451851e-05,4.91329104676608e-05,0.352982849516593,-0.00741982601141941,CBCbothPairsAsymRW,CBCdriftDiffusionLR,0.5,0.811067625698438,0.247576036212671,0.021020358415659,0.496715554486784,0.826991773554876,2.65949741266339,2.71770433310713,0.5,56.5912285525833
CBC_1016,CBC_1016_MSI_AV_v3_Vset6_Aset3_2023-06-25_16h41.28.303.csv,5,27,1,3,b,1,0,1,aud,B,27,1,1B,3B,1,0,b,1.62118609999743,1,0,1,1,1B,3B,B13,3.04452243772342,0.999988554841623,0.345563023505174,0.489489820792171,0.489489820792171,0.667739657624905,0.952983619247896,0.5,0.479200569318302,0.479200569318302,0.489489820792171,0.999988554841623,0.352982849516593,0.5,0.479200569318302,0.352982849516593,0.999939421931155,0.665405767537453,0.334594232462547,0.952983619247896,0.479200569318302,0.581697221533663,0.915972427210887,0.0470163807521037,0.0381334643055425,0.479200569318302,-0.0100729677200585,CBCbothPairsAsymRW,CBCdriftDiffusionLR,0.5,0.811067625698438,0.247576036212671,0.021020358415659,0.496715554486784,0.826991773554876,2.65949741266339,2.71770433310713,0.5,56.5912285525833
CBC_1016,CBC_1016_MSI_AV_v3_Vset6_Aset3_2023-06-25_16h41.28.303.csv,5,28,3,2,z,0,1,3,aud,C,63,1,3C,2C,0,1,z,0.966322799999034,0,1,1,1,2C,3C,C32,2.37490575457367,0.999988554841623,0.345563023505174,0.489489820792171,0.489489820792171,0.667739657624905,0.991117083553439,0.5,0.469127601598244,0.479200569318302,0.489489820792171,0.999988554841623,0.352982849516593,0.5,0.479200569318302,0.352982849516593,0.999939421931155,0.739105461963528,0.260894538036472,0.999988554841623,0.352982849516593,0.0693977140237724,0.969336635144489,1.14451583774766e-05,9.28279743096255e-06,0.352982849516593,-0.00741982601141941,CBCbothPairsAsymRW,CBCdriftDiffusionLR,0.5,0.811067625698438,0.247576036212671,0.021020358415659,0.496715554486784,0.826991773554876,2.65949741266339,2.71770433310713,0.5,56.5912285525833
CBC_1016,CBC_1016_MSI_AV_v3_Vset6_Aset3_2023-06-25_16h41.28.303.csv,5,29,3,2,b,1,0,0,aud,D,63,1,3D,2D,1,0,b,1.26502369999798,1,0,1,1,3D,2D,D32,2.68557734525015,0.999988554841623,0.345563023505174,0.489489820792171,0.489489820792171,0.667739657624905,0.991117083553439,0.5,0.469127601598244,0.479200569318302,0.489489820792171,0.999997837639053,0.345563023505174,0.5,0.479200569318302,0.352982849516593,0.999939421931155,0.73909598728176,0.26090401271824,0.999939421931155,0.352982849516593,0.896567973603319,0.96928847701281,6.05780688451851e-05,4.91329104676608e-05,0.352982849516593,-0.00741982601141941,CBCbothPairsAsymRW,CBCdriftDiffusionLR,0.5,0.811067625698438,0.247576036212671,0.021020358415659,0.496715554486784,0.826991773554876,2.65949741266339,2.71770433310713,0.5,56.5912285525833
CBC_1016,CBC_1016_MSI_AV_v3_Vset6_Aset3_2023-06-25_16h41.28.303.csv,5,30,0,1,z,0,1,1,aud,B,63,1,0B,1B,0,1,z,2.32323679999899,0,1,1,1,1B,0B,B01,2.70805020110221,0.999988554841623,0.345563023505174,0.489489820792171,0.489489820792171,0.667739657624905,0.991117083553439,0.5,0.469127601598244,0.479200569318302,0.489489820792171,0.999997837639053,0.345563023505174,0.5,0.479200569318302,0.345563023505174,0.999988554841623,0.597469967689563,0.402530032310437,0.991117083553439,0.667739657624905,0.258717676876498,0.803698508185778,0.00888291644656114,0.00720464595158995,0.667739657624905,-0.0140361269316249,CBCbothPairsAsymRW,CBCdriftDiffusionLR,0.5,0.811067625698438,0.247576036212671,0.021020358415659,0.496715554486784,0.826991773554876,2.65949741266339,2.71770433310713,0.5,56.5912285525833
CBC_1016,CBC_1016_MSI_AV_v3_Vset6_Aset3_2023-06-25_16h41.28.303.csv,5,31,2,0,z,0,1,2,aud,A,27,1,2A,0A,0,1,z,2.11342019999574,0,1,1,1,0A,2A,A20,3.13549421592915,0.999988554841623,0.345563023505174,0.489489820792171,0.489489820792171,0.65370353069328,0.998321729505029,0.5,0.469127601598244,0.479200569318302,0.489489820792171,0.999997837639053,0.345563023505174,0.5,0.479200569318302,0.345563023505174,0.999988554841623,0.671368293222863,0.328631706777137,0.999988554841623,0.489489820792171,0.363091344042172,0.922699535611375,1.14451583774766e-05,9.28279743096255e-06,0.489489820792171,-0.0102892514738681,CBCbothPairsAsymRW,CBCdriftDiffusionLR,0.5,0.811067625698438,0.247576036212671,0.021020358415659,0.496715554486784,0.826991773554876,2.65949741266339,2.71770433310713,0.5,56.5912285525833
CBC_1016,CBC_1016_MSI_AV_v3_Vset6_Aset3_2023-06-25_16h41.28.303.csv,5,32,3,0,b,1,0,0,aud,D,9,1,3D,0D,1,0,b,2.3324885999973,1,0,1,1,3D,0D,D30,3.85014760171006,0.999997837639053,0.345563023505174,0.479200569318302,0.489489820792171,0.65370353069328,0.998321729505029,0.5,0.469127601598244,0.479200569318302,0.489489820792171,0.999997837639053,0.345563023505174,0.5,0.479200569318302,0.345563023505174,0.999988554841623,0.666664123278732,0.333335876721268,0.999988554841623,0.5,0.286910593365152,0.917964969876779,1.14451583774766e-05,9.28279743096255e-06,0.5,-0.0105101792078295,CBCbothPairsAsymRW,CBCdriftDiffusionLR,0.5,0.811067625698438,0.247576036212671,0.021020358415659,0.496715554486784,0.826991773554876,2.65949741266339,2.71770433310713,0.5,56.5912285525833
CBC_1016,CBC_1016_MSI_AV_v3_Vset6_Aset3_2023-06-25_16h41.28.303.csv,5,33,3,2,z,0,1,3,aud,C,63,1,3C,2C,0,1,z,1.26453409999522,0,1,1,1,2C,3C,C32,2.26176309847379,0.999997837639053,0.345563023505174,0.479200569318302,0.489489820792171,0.65370353069328,0.998321729505029,0.5,0.469127601598244,0.479200569318302,0.489489820792171,0.999997837639053,0.345563023505174,0.489489820792171,0.479200569318302,0.345563023505174,0.999997837639053,0.743182910945168,0.256817089054832,0.999997837639053,0.345563023505174,0.913514659391899,0.971158631060159,2.16236094652267e-06,1.75382095879917e-06,0.345563023505174,-0.00726385860927754,CBCbothPairsAsymRW,CBCdriftDiffusionLR,0.5,0.811067625698438,0.247576036212671,0.021020358415659,0.496715554486784,0.826991773554876,2.65949741266339,2.71770433310713,0.5,56.5912285525833
CBC_1016,CBC_1016_MSI_AV_v3_Vset6_Aset3_2023-06-25_16h41.28.303.csv,5,34,0,1,z,0,1,1,aud,B,63,1,0B,1B,0,1,z,1.09215079999922,0,1,1,1,1B,0B,B01,2.50552593699074,0.999997837639053,0.345563023505174,0.479200569318302,0.489489820792171,0.65370353069328,0.998321729505029,0.5,0.469127601598244,0.479200569318302,0.489489820792171,0.999999591460012,0.338299164895897,0.489489820792171,0.479200569318302,0.345563023505174,0.999997837639053,0.60430173409406,0.39569826590594,0.998321729505029,0.65370353069328,0.249420962189645,0.819163840362454,0.00167827049497116,0.001361190865636,0.65370353069328,-0.0137410825127545,CBCbothPairsAsymRW,CBCdriftDiffusionLR,0.5,0.811067625698438,0.247576036212671,0.021020358415659,0.496715554486784,0.826991773554876,2.65949741266339,2.71770433310713,0.5,56.5912285525833
CBC_1016,CBC_1016_MSI_AV_v3_Vset6_Aset3_2023-06-25_16h41.28.303.csv,5,35,0,1,b,1,0,2,aud,A,63,0,0A,1A,0,1,b,2.27288259999841,1,0,1,0,0A,1A,A01,2.30258509299405,0.999997837639053,0.345563023505174,0.479200569318302,0.489489820792171,0.639962448180526,0.999682920370665,0.5,0.469127601598244,0.479200569318302,0.489489820792171,0.999999591460012,0.338299164895897,0.489489820792171,0.479200569318302,0.345563023505174,0.999997837639053,0.743182910945168,0.256817089054832,0.999997837639053,0.345563023505174,0.279620177947405,0.971149486742291,-0.999997837639053,-0.247575500863919,-0.654436976494826,0.325069025656282,CBCbothPairsAsymRW,CBCdriftDiffusionLR,0.5,0.811067625698438,0.247576036212671,0.021020358415659,0.496715554486784,0.826991773554876,2.65949741266339,2.71770433310713,0.5,56.5912285525833
CBC_1016,CBC_1016_MSI_AV_v3_Vset6_Aset3_2023-06-25_16h41.28.303.csv,5,36,2,3,z,0,1,0,aud,D,63,1,2D,3D,0,1,z,2.35554629999751,0,1,1,1,3D,2D,D23,2.83321334405622,0.752422336775134,0.670632049161456,0.479200569318302,0.489489820792171,0.639962448180526,0.999682920370665,0.5,0.469127601598244,0.479200569318302,0.489489820792171,0.999999591460012,0.338299164895897,0.489489820792171,0.479200569318302,0.345563023505174,0.999997837639053,0.743182910945168,0.256817089054832,0.999997837639053,0.345563023505174,0.24708419837815,0.971118815755447,2.16236094652267e-06,1.75382095879917e-06,0.345563023505174,-0.00726385860927754,CBCbothPairsAsymRW,CBCdriftDiffusionLR,0.5,0.811067625698438,0.247576036212671,0.021020358415659,0.496715554486784,0.826991773554876,2.65949741266339,2.71770433310713,0.5,56.5912285525833
CBC_1016,CBC_1016_MSI_AV_v3_Vset6_Aset3_2023-06-25_16h41.28.303.csv,5,37,1,2,b,1,0,1,aud,B,9,1,1B,2B,1,0,b,1.19316669999534,1,0,1,1,1B,2B,B12,3.95124371858143,0.752422336775134,0.670632049161456,0.479200569318302,0.489489820792171,0.639962448180526,0.999682920370665,0.5,0.469127601598244,0.479200569318302,0.489489820792171,0.999999591460012,0.338299164895897,0.489489820792171,0.479200569318302,0.338299164895897,0.999999591460012,0.666596189628926,0.333403810371074,0.999682920370665,0.5,0.567884579554944,0.917542527856058,0.000317079629335137,0.000257173022122191,0.5,-0.0105101792078295,CBCbothPairsAsymRW,CBCdriftDiffusionLR,0.5,0.811067625698438,0.247576036212671,0.021020358415659,0.496715554486784,0.826991773554876,2.65949741266339,2.71770433310713,0.5,56.5912285525833
CBC_1016,CBC_1016_MSI_AV_v3_Vset6_Aset3_2023-06-25_16h41.28.303.csv,5,38,2,0,z,0,1,2,aud,A,27,1,2A,0A,0,1,z,1.90357709999807,0,1,1,1,0A,2A,A20,2.87167962488401,0.752422336775134,0.670632049161456,0.479200569318302,0.489489820792171,0.639962448180526,0.999940093392787,0.489489820792171,0.469127601598244,0.479200569318302,0.489489820792171,0.999999591460012,0.338299164895897,0.489489820792171,0.479200569318302,0.338299164895897,0.999999591460012,0.610919408085491,0.389080591914509,0.752422336775134,0.479200569318302,0.37933125211159,0.832506767789241,0.247577663224866,0.200802227487759,0.479200569318302,-0.0100729677200585,CBCbothPairsAsymRW,CBCdriftDiffusionLR,0.5,0.811067625698438,0.247576036212671,0.021020358415659,0.496715554486784,0.826991773554876,2.65949741266339,2.71770433310713,0.5,56.5912285525833
CBC_1016,CBC_1016_MSI_AV_v3_Vset6_Aset3_2023-06-25_16h41.28.303.csv,5,39,2,3,b,1,0,3,aud,C,63,1,2C,3C,1,0,b,2.44964350000009,1,0,1,1,2C,3C,C23,3.29583686600433,0.953224564262894,0.670632049161456,0.469127601598244,0.489489820792171,0.639962448180526,0.999940093392787,0.489489820792171,0.469127601598244,0.479200569318302,0.489489820792171,0.999999591460012,0.338299164895897,0.489489820792171,0.479200569318302,0.338299164895897,0.999999591460012,0.747217007197212,0.252782992802789,0.999999591460012,0.338299164895897,0.211009316309475,0.972740534927892,4.08539987728496e-07,3.3135355784982e-07,0.338299164895897,-0.00711116969782986,CBCbothPairsAsymRW,CBCdriftDiffusionLR,0.5,0.811067625698438,0.247576036212671,0.021020358415659,0.496715554486784,0.826991773554876,2.65949741266339,2.71770433310713,0.5,56.5912285525833
CBC_1016,CBC_1016_MSI_AV_v3_Vset6_Aset3_2023-06-25_16h41.28.303.csv,5,40,1,3,z,0,1,0,aud,D,27,1,1D,3D,0,1,z,2.53475189999517,0,1,1,1,3D,1D,D13,3.31418600467253,0.953224564262894,0.670632049161456,0.469127601598244,0.489489820792171,0.639962448180526,0.999940093392787,0.489489820792171,0.469127601598244,0.479200569318302,0.489489820792171,0.99999992281357,0.331187995198067,0.489489820792171,0.479200569318302,0.338299164895897,0.999999591460012,0.676040753628528,0.323959246371472,0.999999591460012,0.479200569318302,0.229449860487059,0.926912914634047,4.08539987728496e-07,3.3135355784982e-07,0.479200569318302,-0.0100729677200585,CBCbothPairsAsymRW,CBCdriftDiffusionLR,0.5,0.811067625698438,0.247576036212671,0.021020358415659,0.496715554486784,0.826991773554876,2.65949741266339,2.71770433310713,0.5,56.5912285525833
CBC_1016,CBC_1016_MSI_AV_v3_Vset6_Aset3_2023-06-25_16h41.28.303.csv,5,41,0,1,b,1,0,2,aud,A,63,1,0A,1A,1,0,z,2.95999049999591,0,1,0,0,1A,0A,A01,2.23359222150709,0.953224564262894,0.670632049161456,0.469127601598244,0.489489820792171,0.639962448180526,0.999940093392787,0.489489820792171,0.469127601598244,0.479200569318302,0.489489820792171,0.99999992281357,0.331187995198067,0.489489820792171,0.469127601598244,0.338299164895897,0.99999992281357,0.412987232750337,0.587012767249663,0.670632049161456,0.953224564262894,0.0435053237005052,0.22184969902909,-0.670632049161456,-0.166032424488574,-0.0467754357371062,0.0232340864985176,CBCbothPairsAsymRW,CBCdriftDiffusionLR,0.5,0.811067625698438,0.247576036212671,0.021020358415659,0.496715554486784,0.826991773554876,2.65949741266339,2.71770433310713,0.5,56.5912285525833
CBC_1016,CBC_1016_MSI_AV_v3_Vset6_Aset3_2023-06-25_16h41.28.303.csv,5,42,0,2,z,0,1,3,aud,C,27,1,0C,2C,0,1,z,1.57874679999804,0,1,1,1,2C,0C,C02,3.3499040872746,0.976458650761411,0.504599624672882,0.469127601598244,0.489489820792171,0.639962448180526,0.999940093392787,0.489489820792171,0.469127601598244,0.479200569318302,0.489489820792171,0.99999992281357,0.331187995198067,0.489489820792171,0.469127601598244,0.338299164895897,0.99999992281357,0.67604082619817,0.32395917380183,0.99999992281357,0.479200569318302,0.62564565404094,0.92743486213714,7.71864299142777e-08,6.26034144467122e-08,0.479200569318302,-0.0100729677200585,CBCbothPairsAsymRW,CBCdriftDiffusionLR,0.5,0.811067625698438,0.247576036212671,0.021020358415659,0.496715554486784,0.826991773554876,2.65949741266339,2.71770433310713,0.5,56.5912285525833
CBC_1016,CBC_1016_MSI_AV_v3_Vset6_Aset3_2023-06-25_16h41.28.303.csv,5,43,3,2,b,1,0,0,aud,D,63,1,3D,2D,1,0,b,1.66788369999631,1,0,1,1,3D,2D,D32,2.67414864942653,0.976458650761411,0.504599624672882,0.469127601598244,0.489489820792171,0.639962448180526,0.999940093392787,0.489489820792171,0.469127601598244,0.469127601598244,0.489489820792171,0.999999985416985,0.331187995198067,0.489489820792171,0.469127601598244,0.338299164895897,0.99999992281357,0.747217069784525,0.252782930215475,0.99999992281357,0.338299164895897,0.676516930322812,0.972745958366171,7.71864299142777e-08,6.26034144467122e-08,0.338299164895897,-0.00711116969782986,CBCbothPairsAsymRW,CBCdriftDiffusionLR,0.5,0.811067625698438,0.247576036212671,0.021020358415659,0.496715554486784,0.826991773554876,2.65949741266339,2.71770433310713,0.5,56.5912285525833
CBC_1016,CBC_1016_MSI_AV_v3_Vset6_Aset3_2023-06-25_16h41.28.303.csv,5,44,1,0,b,1,0,1,aud,B,63,1,1B,0B,1,0,b,3.03867339999852,1,0,1,1,1B,0B,B10,2.97892515523761,0.976458650761411,0.504599624672882,0.469127601598244,0.489489820792171,0.639962448180526,0.999940093392787,0.489489820792171,0.469127601598244,0.469127601598244,0.489489820792171,0.999999985416985,0.331187995198067,0.489489820792171,0.469127601598244,0.331187995198067,0.999999985416985,0.609755804411066,0.390244195588934,0.999940093392787,0.639962448180526,0.147168906334622,0.83011418542444,5.99066072130006e-05,4.85883096758973e-05,0.639962448180526,-0.0134522400333172,CBCbothPairsAsymRW,CBCdriftDiffusionLR,0.5,0.811067625698438,0.247576036212671,0.021020358415659,0.496715554486784,0.826991773554876,2.65949741266339,2.71770433310713,0.5,56.5912285525833
