ID,filename,session,trial,mod2Type,stimPair,frequency,rewardAccurate,reactionTime,choice,choiceAccurate,reward,beliefPair,rewardPE,fit_percModel,fit_respModel,fit_startBelief,fit_alpha1,fit_alpha12,fit_alpha2,fit_nonDecisionTime,fit_weight,fit_startingBoundary,fit_startingPoint,fit_NLL,fit_delta1,version,run,alphaT,model,mBIC
CBC_P004,CBC_P004_AV_prob0.8_Vset2_Aset3_2023-03-15_16h49.57.461.csv,1,1,aud,0A,0.5,1,2.97666150000441,1,1,1,0.5,0.5,CBCsimpleRW,CBCdriftDiffusionLR,0.5,0.0721878370473416,NA,NA,0.419464626523405,6.94235738511333,2.82503312817105,0.5,57.8293744317312,NA,v1,MR,NA,CBCsimpleRW_CBCdriftDiffusionLR,130.79550739913546
CBC_P004,CBC_P004_AV_prob0.8_Vset2_Aset3_2023-03-15_16h49.57.461.csv,1,2,aud,1C,0.35,1,2.41118660000939,1,0,0,0.5,-0.5,CBCsimpleRW,CBCdriftDiffusionLR,0.5,0.0721878370473416,NA,NA,0.419464626523405,6.94235738511333,2.82503312817105,0.5,57.8293744317312,NA,v1,MR,NA,CBCsimpleRW_CBCdriftDiffusionLR,130.79550739913546
CBC_P004,CBC_P004_AV_prob0.8_Vset2_Aset3_2023-03-15_16h49.57.461.csv,1,3,aud,0B,0.35,0,2.30901150000136,0,1,0,0.5,-0.5,CBCsimpleRW,CBCdriftDiffusionLR,0.5,0.0721878370473416,NA,NA,0.419464626523405,6.94235738511333,2.82503312817105,0.5,57.8293744317312,NA,v1,MR,NA,CBCsimpleRW_CBCdriftDiffusionLR,130.79550739913546
CBC_P004,CBC_P004_AV_prob0.8_Vset2_Aset3_2023-03-15_16h49.57.461.csv,1,4,aud,2C,0.5,1,2.37695540000277,1,1,1,0.5,0.5,CBCsimpleRW,CBCdriftDiffusionLR,0.5,0.0721878370473416,NA,NA,0.419464626523405,6.94235738511333,2.82503312817105,0.5,57.8293744317312,NA,v1,MR,NA,CBCsimpleRW_CBCdriftDiffusionLR,130.79550739913546
CBC_P004,CBC_P004_AV_prob0.8_Vset2_Aset3_2023-03-15_16h49.57.461.csv,1,5,aud,1B,0.5,1,2.37050400000589,1,1,1,0.5,0.5,CBCsimpleRW,CBCdriftDiffusionLR,0.5,0.0721878370473416,NA,NA,0.419464626523405,6.94235738511333,2.82503312817105,0.5,57.8293744317312,NA,v1,MR,NA,CBCsimpleRW_CBCdriftDiffusionLR,130.79550739913546
CBC_P004,CBC_P004_AV_prob0.8_Vset2_Aset3_2023-03-15_16h49.57.461.csv,1,6,aud,2A,0.35,0,2.71724350000295,1,0,1,0.5,0.5,CBCsimpleRW,CBCdriftDiffusionLR,0.5,0.0721878370473416,NA,NA,0.419464626523405,6.94235738511333,2.82503312817105,0.5,57.8293744317312,NA,v1,MR,NA,CBCsimpleRW_CBCdriftDiffusionLR,130.79550739913546
CBC_P004,CBC_P004_AV_prob0.8_Vset2_Aset3_2023-03-15_16h49.57.461.csv,1,7,aud,0B,0.35,1,2.4682526000106,1,0,0,0.536093918523671,-0.536093918523671,CBCsimpleRW,CBCdriftDiffusionLR,0.5,0.0721878370473416,NA,NA,0.419464626523405,6.94235738511333,2.82503312817105,0.5,57.8293744317312,NA,v1,MR,NA,CBCsimpleRW_CBCdriftDiffusionLR,130.79550739913546
CBC_P004,CBC_P004_AV_prob0.8_Vset2_Aset3_2023-03-15_16h49.57.461.csv,1,8,aud,2C,0.5,1,2.64726230000815,1,1,1,0.536093918523671,0.463906081476329,CBCsimpleRW,CBCdriftDiffusionLR,0.5,0.0721878370473416,NA,NA,0.419464626523405,6.94235738511333,2.82503312817105,0.5,57.8293744317312,NA,v1,MR,NA,CBCsimpleRW_CBCdriftDiffusionLR,130.79550739913546
CBC_P004,CBC_P004_AV_prob0.8_Vset2_Aset3_2023-03-15_16h49.57.461.csv,1,9,aud,0A,0.5,1,2.02688390000549,1,1,1,0.536093918523671,0.463906081476329,CBCsimpleRW,CBCdriftDiffusionLR,0.5,0.0721878370473416,NA,NA,0.419464626523405,6.94235738511333,2.82503312817105,0.5,57.8293744317312,NA,v1,MR,NA,CBCsimpleRW_CBCdriftDiffusionLR,130.79550739913546
CBC_P004,CBC_P004_AV_prob0.8_Vset2_Aset3_2023-03-15_16h49.57.461.csv,1,10,aud,1C,0.35,1,2.1064358000076,0,1,1,0.463906081476329,0.463906081476329,CBCsimpleRW,CBCdriftDiffusionLR,0.5,0.0721878370473416,NA,NA,0.419464626523405,6.94235738511333,2.82503312817105,0.5,57.8293744317312,NA,v1,MR,NA,CBCsimpleRW_CBCdriftDiffusionLR,130.79550739913546
CBC_P004,CBC_P004_AV_prob0.8_Vset2_Aset3_2023-03-15_16h49.57.461.csv,1,11,aud,0A,0.5,1,1.81094950000261,1,1,1,0.569582295138555,0.430417704861445,CBCsimpleRW,CBCdriftDiffusionLR,0.5,0.0721878370473416,NA,NA,0.419464626523405,6.94235738511333,2.82503312817105,0.5,57.8293744317312,NA,v1,MR,NA,CBCsimpleRW_CBCdriftDiffusionLR,130.79550739913546
CBC_P004,CBC_P004_AV_prob0.8_Vset2_Aset3_2023-03-15_16h49.57.461.csv,1,12,aud,1B,0.5,1,2.77386060000572,1,1,1,0.536093918523671,0.463906081476329,CBCsimpleRW,CBCdriftDiffusionLR,0.5,0.0721878370473416,NA,NA,0.419464626523405,6.94235738511333,2.82503312817105,0.5,57.8293744317312,NA,v1,MR,NA,CBCsimpleRW_CBCdriftDiffusionLR,130.79550739913546
CBC_P004,CBC_P004_AV_prob0.8_Vset2_Aset3_2023-03-15_16h49.57.461.csv,1,13,aud,0C,0.15,1,2.65226440000697,0,1,1,0.5,0.5,CBCsimpleRW,CBCdriftDiffusionLR,0.5,0.0721878370473416,NA,NA,0.419464626523405,6.94235738511333,2.82503312817105,0.5,57.8293744317312,NA,v1,MR,NA,CBCsimpleRW_CBCdriftDiffusionLR,130.79550739913546
CBC_P004,CBC_P004_AV_prob0.8_Vset2_Aset3_2023-03-15_16h49.57.461.csv,1,14,aud,1A,0.15,0,2.3846706000113,0,1,0,0.5,-0.5,CBCsimpleRW,CBCdriftDiffusionLR,0.5,0.0721878370473416,NA,NA,0.419464626523405,6.94235738511333,2.82503312817105,0.5,57.8293744317312,NA,v1,MR,NA,CBCsimpleRW_CBCdriftDiffusionLR,130.79550739913546
CBC_P004,CBC_P004_AV_prob0.8_Vset2_Aset3_2023-03-15_16h49.57.461.csv,1,15,aud,0B,0.35,1,2.2603023000047,1,0,0,0.497394458091213,-0.497394458091213,CBCsimpleRW,CBCdriftDiffusionLR,0.5,0.0721878370473416,NA,NA,0.419464626523405,6.94235738511333,2.82503312817105,0.5,57.8293744317312,NA,v1,MR,NA,CBCsimpleRW_CBCdriftDiffusionLR,130.79550739913546
CBC_P004,CBC_P004_AV_prob0.8_Vset2_Aset3_2023-03-15_16h49.57.461.csv,1,16,aud,1A,0.15,1,2.57815980000305,1,0,0,0.536093918523671,-0.536093918523671,CBCsimpleRW,CBCdriftDiffusionLR,0.5,0.0721878370473416,NA,NA,0.419464626523405,6.94235738511333,2.82503312817105,0.5,57.8293744317312,NA,v1,MR,NA,CBCsimpleRW_CBCdriftDiffusionLR,130.79550739913546
CBC_P004,CBC_P004_AV_prob0.8_Vset2_Aset3_2023-03-15_16h49.57.461.csv,1,17,aud,2C,0.5,1,1.92112910000287,1,1,1,0.569582295138555,0.430417704861445,CBCsimpleRW,CBCdriftDiffusionLR,0.5,0.0721878370473416,NA,NA,0.419464626523405,6.94235738511333,2.82503312817105,0.5,57.8293744317312,NA,v1,MR,NA,CBCsimpleRW_CBCdriftDiffusionLR,130.79550739913546
CBC_P004,CBC_P004_AV_prob0.8_Vset2_Aset3_2023-03-15_16h49.57.461.csv,1,18,aud,0A,0.5,0,0.92652060000546,1,1,0,0.600653218279384,-0.600653218279384,CBCsimpleRW,CBCdriftDiffusionLR,0.5,0.0721878370473416,NA,NA,0.419464626523405,6.94235738511333,2.82503312817105,0.5,57.8293744317312,NA,v1,MR,NA,CBCsimpleRW_CBCdriftDiffusionLR,130.79550739913546
CBC_P004,CBC_P004_AV_prob0.8_Vset2_Aset3_2023-03-15_16h49.57.461.csv,1,19,aud,2C,0.5,1,1.03527120000217,1,1,1,0.600653218279384,0.399346781720616,CBCsimpleRW,CBCdriftDiffusionLR,0.5,0.0721878370473416,NA,NA,0.419464626523405,6.94235738511333,2.82503312817105,0.5,57.8293744317312,NA,v1,MR,NA,CBCsimpleRW_CBCdriftDiffusionLR,130.79550739913546
CBC_P004,CBC_P004_AV_prob0.8_Vset2_Aset3_2023-03-15_16h49.57.461.csv,1,20,aud,1B,0.5,1,2.27018460000545,1,1,1,0.569582295138555,0.430417704861445,CBCsimpleRW,CBCdriftDiffusionLR,0.5,0.0721878370473416,NA,NA,0.419464626523405,6.94235738511333,2.82503312817105,0.5,57.8293744317312,NA,v1,MR,NA,CBCsimpleRW_CBCdriftDiffusionLR,130.79550739913546
CBC_P004,CBC_P004_AV_prob0.8_Vset2_Aset3_2023-03-15_16h49.57.461.csv,1,21,aud,2A,0.35,1,1.85983740000665,0,1,1,0.536093918523671,0.536093918523671,CBCsimpleRW,CBCdriftDiffusionLR,0.5,0.0721878370473416,NA,NA,0.419464626523405,6.94235738511333,2.82503312817105,0.5,57.8293744317312,NA,v1,MR,NA,CBCsimpleRW_CBCdriftDiffusionLR,130.79550739913546
CBC_P004,CBC_P004_AV_prob0.8_Vset2_Aset3_2023-03-15_16h49.57.461.csv,1,22,aud,0B,0.35,0,1.63364990000264,1,0,1,0.461488628002274,0.538511371997726,CBCsimpleRW,CBCdriftDiffusionLR,0.5,0.0721878370473416,NA,NA,0.419464626523405,6.94235738511333,2.82503312817105,0.5,57.8293744317312,NA,v1,MR,NA,CBCsimpleRW_CBCdriftDiffusionLR,130.79550739913546
CBC_P004,CBC_P004_AV_prob0.8_Vset2_Aset3_2023-03-15_16h49.57.461.csv,1,23,aud,2C,0.5,1,0.933627200007322,1,1,1,0.629481198683612,0.370518801316388,CBCsimpleRW,CBCdriftDiffusionLR,0.5,0.0721878370473416,NA,NA,0.419464626523405,6.94235738511333,2.82503312817105,0.5,57.8293744317312,NA,v1,MR,NA,CBCsimpleRW_CBCdriftDiffusionLR,130.79550739913546
CBC_P004,CBC_P004_AV_prob0.8_Vset2_Aset3_2023-03-15_16h49.57.461.csv,1,24,aud,1B,0.5,0,NA,NA,NA,NA,0.600653218279384,0,CBCsimpleRW,CBCdriftDiffusionLR,0.5,0.0721878370473416,NA,NA,0.419464626523405,6.94235738511333,2.82503312817105,0.5,57.8293744317312,NA,v1,MR,NA,CBCsimpleRW_CBCdriftDiffusionLR,130.79550739913546
CBC_P004,CBC_P004_AV_prob0.8_Vset2_Aset3_2023-03-15_16h49.57.461.csv,1,25,aud,0A,0.5,1,1.50678110000445,1,1,1,0.55729336163627,0.44270663836373,CBCsimpleRW,CBCdriftDiffusionLR,0.5,0.0721878370473416,NA,NA,0.419464626523405,6.94235738511333,2.82503312817105,0.5,57.8293744317312,NA,v1,MR,NA,CBCsimpleRW_CBCdriftDiffusionLR,130.79550739913546
CBC_P004,CBC_P004_AV_prob0.8_Vset2_Aset3_2023-03-15_16h49.57.461.csv,1,26,aud,1C,0.35,1,1.45510040000227,0,1,1,0.430417704861445,0.430417704861445,CBCsimpleRW,CBCdriftDiffusionLR,0.5,0.0721878370473416,NA,NA,0.419464626523405,6.94235738511333,2.82503312817105,0.5,57.8293744317312,NA,v1,MR,NA,CBCsimpleRW_CBCdriftDiffusionLR,130.79550739913546
CBC_P004,CBC_P004_AV_prob0.8_Vset2_Aset3_2023-03-15_16h49.57.461.csv,1,27,aud,2B,0.15,1,1.38068000000203,0,1,1,0.5,0.5,CBCsimpleRW,CBCdriftDiffusionLR,0.5,0.0721878370473416,NA,NA,0.419464626523405,6.94235738511333,2.82503312817105,0.5,57.8293744317312,NA,v1,MR,NA,CBCsimpleRW_CBCdriftDiffusionLR,130.79550739913546
CBC_P004,CBC_P004_AV_prob0.8_Vset2_Aset3_2023-03-15_16h49.57.461.csv,1,28,aud,1C,0.35,1,1.18674360000296,0,1,1,0.399346781720616,0.399346781720616,CBCsimpleRW,CBCdriftDiffusionLR,0.5,0.0721878370473416,NA,NA,0.419464626523405,6.94235738511333,2.82503312817105,0.5,57.8293744317312,NA,v1,MR,NA,CBCsimpleRW_CBCdriftDiffusionLR,130.79550739913546
CBC_P004,CBC_P004_AV_prob0.8_Vset2_Aset3_2023-03-15_16h49.57.461.csv,1,29,aud,0B,0.35,1,1.27816690000327,1,0,0,0.500362599172186,-0.500362599172186,CBCsimpleRW,CBCdriftDiffusionLR,0.5,0.0721878370473416,NA,NA,0.419464626523405,6.94235738511333,2.82503312817105,0.5,57.8293744317312,NA,v1,MR,NA,CBCsimpleRW_CBCdriftDiffusionLR,130.79550739913546
CBC_P004,CBC_P004_AV_prob0.8_Vset2_Aset3_2023-03-15_16h49.57.461.csv,1,30,aud,2C,0.5,1,0.667795900008059,1,1,1,0.656228149536015,0.343771850463985,CBCsimpleRW,CBCdriftDiffusionLR,0.5,0.0721878370473416,NA,NA,0.419464626523405,6.94235738511333,2.82503312817105,0.5,57.8293744317312,NA,v1,MR,NA,CBCsimpleRW_CBCdriftDiffusionLR,130.79550739913546
CBC_P004,CBC_P004_AV_prob0.8_Vset2_Aset3_2023-03-15_16h49.57.461.csv,1,31,aud,0A,0.5,1,0.921241500000178,1,1,1,0.589251396306247,0.410748603693753,CBCsimpleRW,CBCdriftDiffusionLR,0.5,0.0721878370473416,NA,NA,0.419464626523405,6.94235738511333,2.82503312817105,0.5,57.8293744317312,NA,v1,MR,NA,CBCsimpleRW_CBCdriftDiffusionLR,130.79550739913546
CBC_P004,CBC_P004_AV_prob0.8_Vset2_Aset3_2023-03-15_16h49.57.461.csv,1,32,aud,2B,0.15,0,1.57016130000557,0,1,0,0.463906081476329,-0.536093918523671,CBCsimpleRW,CBCdriftDiffusionLR,0.5,0.0721878370473416,NA,NA,0.419464626523405,6.94235738511333,2.82503312817105,0.5,57.8293744317312,NA,v1,MR,NA,CBCsimpleRW_CBCdriftDiffusionLR,130.79550739913546
CBC_P004,CBC_P004_AV_prob0.8_Vset2_Aset3_2023-03-15_16h49.57.461.csv,1,33,aud,1C,0.35,1,0.890625600004569,0,1,1,0.370518801316388,0.370518801316388,CBCsimpleRW,CBCdriftDiffusionLR,0.5,0.0721878370473416,NA,NA,0.419464626523405,6.94235738511333,2.82503312817105,0.5,57.8293744317312,NA,v1,MR,NA,CBCsimpleRW_CBCdriftDiffusionLR,130.79550739913546
CBC_P004,CBC_P004_AV_prob0.8_Vset2_Aset3_2023-03-15_16h49.57.461.csv,1,34,aud,2A,0.35,1,NA,NA,NA,NA,0.497394458091213,0,CBCsimpleRW,CBCdriftDiffusionLR,0.5,0.0721878370473416,NA,NA,0.419464626523405,6.94235738511333,2.82503312817105,0.5,57.8293744317312,NA,v1,MR,NA,CBCsimpleRW_CBCdriftDiffusionLR,130.79550739913546
CBC_P004,CBC_P004_AV_prob0.8_Vset2_Aset3_2023-03-15_16h49.57.461.csv,1,35,aud,1B,0.5,1,2.18147100000351,0,0,0,0.600653218279384,-0.399346781720616,CBCsimpleRW,CBCdriftDiffusionLR,0.5,0.0721878370473416,NA,NA,0.419464626523405,6.94235738511333,2.82503312817105,0.5,57.8293744317312,NA,v1,MR,NA,CBCsimpleRW_CBCdriftDiffusionLR,130.79550739913546
CBC_P004,CBC_P004_AV_prob0.8_Vset2_Aset3_2023-03-15_16h49.57.461.csv,1,36,aud,0C,0.15,0,0.993049500008055,0,1,0,0.463906081476329,-0.536093918523671,CBCsimpleRW,CBCdriftDiffusionLR,0.5,0.0721878370473416,NA,NA,0.419464626523405,6.94235738511333,2.82503312817105,0.5,57.8293744317312,NA,v1,MR,NA,CBCsimpleRW_CBCdriftDiffusionLR,130.79550739913546
CBC_P004,CBC_P004_AV_prob0.8_Vset2_Aset3_2023-03-15_16h49.57.461.csv,1,37,aud,1B,0.5,1,1.57641760000115,1,1,1,0.629481198683612,0.370518801316388,CBCsimpleRW,CBCdriftDiffusionLR,0.5,0.0721878370473416,NA,NA,0.419464626523405,6.94235738511333,2.82503312817105,0.5,57.8293744317312,NA,v1,MR,NA,CBCsimpleRW_CBCdriftDiffusionLR,130.79550739913546
CBC_P004,CBC_P004_AV_prob0.8_Vset2_Aset3_2023-03-15_16h49.57.461.csv,1,38,aud,2A,0.35,1,1.70199150000553,0,1,1,0.497394458091213,0.497394458091213,CBCsimpleRW,CBCdriftDiffusionLR,0.5,0.0721878370473416,NA,NA,0.419464626523405,6.94235738511333,2.82503312817105,0.5,57.8293744317312,NA,v1,MR,NA,CBCsimpleRW_CBCdriftDiffusionLR,130.79550739913546
CBC_P004,CBC_P004_AV_prob0.8_Vset2_Aset3_2023-03-15_16h49.57.461.csv,1,39,aud,1C,0.35,1,1.59986570000183,0,1,1,0.343771850463985,0.343771850463985,CBCsimpleRW,CBCdriftDiffusionLR,0.5,0.0721878370473416,NA,NA,0.419464626523405,6.94235738511333,2.82503312817105,0.5,57.8293744317312,NA,v1,MR,NA,CBCsimpleRW_CBCdriftDiffusionLR,130.79550739913546
CBC_P004,CBC_P004_AV_prob0.8_Vset2_Aset3_2023-03-15_16h49.57.461.csv,1,40,aud,0A,0.5,1,1.22754060000443,1,1,1,0.618902449577115,0.381097550422885,CBCsimpleRW,CBCdriftDiffusionLR,0.5,0.0721878370473416,NA,NA,0.419464626523405,6.94235738511333,2.82503312817105,0.5,57.8293744317312,NA,v1,MR,NA,CBCsimpleRW_CBCdriftDiffusionLR,130.79550739913546
CBC_P004,CBC_P004_AV_prob0.8_Vset2_Aset3_2023-03-15_16h49.57.461.csv,1,41,aud,1B,0.5,0,1.27867130000959,1,1,0,0.656228149536015,-0.656228149536015,CBCsimpleRW,CBCdriftDiffusionLR,0.5,0.0721878370473416,NA,NA,0.419464626523405,6.94235738511333,2.82503312817105,0.5,57.8293744317312,NA,v1,MR,NA,CBCsimpleRW_CBCdriftDiffusionLR,130.79550739913546
CBC_P004,CBC_P004_AV_prob0.8_Vset2_Aset3_2023-03-15_16h49.57.461.csv,1,42,aud,2C,0.5,0,0.575192200005404,1,1,0,0.681044295858773,-0.681044295858773,CBCsimpleRW,CBCdriftDiffusionLR,0.5,0.0721878370473416,NA,NA,0.419464626523405,6.94235738511333,2.82503312817105,0.5,57.8293744317312,NA,v1,MR,NA,CBCsimpleRW_CBCdriftDiffusionLR,130.79550739913546
CBC_P004,CBC_P004_TV_prob0.8_Vset3_Aset2_2023-03-15_16h41.57.326.csv,2,1,tac,2C,0.5,1,2.99273069999617,1,1,1,0.5,0.5,CBCsimpleRW,CBCdriftDiffusionLR,0.5,0.080935557136251,NA,NA,0.782347901638628,6.11146939370626,2.75519805664209,0.5,57.2380015412305,NA,v1,MR,NA,CBCsimpleRW_CBCdriftDiffusionLR,129.61276161813404
CBC_P004,CBC_P004_TV_prob0.8_Vset3_Aset2_2023-03-15_16h41.57.326.csv,2,2,tac,1B,0.5,1,NA,NA,NA,NA,0.5,0,CBCsimpleRW,CBCdriftDiffusionLR,0.5,0.080935557136251,NA,NA,0.782347901638628,6.11146939370626,2.75519805664209,0.5,57.2380015412305,NA,v1,MR,NA,CBCsimpleRW_CBCdriftDiffusionLR,129.61276161813404
CBC_P004,CBC_P004_TV_prob0.8_Vset3_Aset2_2023-03-15_16h41.57.326.csv,2,3,tac,0C,0.15,1,3.13294119999773,0,1,1,0.5,0.5,CBCsimpleRW,CBCdriftDiffusionLR,0.5,0.080935557136251,NA,NA,0.782347901638628,6.11146939370626,2.75519805664209,0.5,57.2380015412305,NA,v1,MR,NA,CBCsimpleRW_CBCdriftDiffusionLR,129.61276161813404
CBC_P004,CBC_P004_TV_prob0.8_Vset3_Aset2_2023-03-15_16h41.57.326.csv,2,4,tac,2A,0.35,1,2.45535669999663,1,0,0,0.5,-0.5,CBCsimpleRW,CBCdriftDiffusionLR,0.5,0.080935557136251,NA,NA,0.782347901638628,6.11146939370626,2.75519805664209,0.5,57.2380015412305,NA,v1,MR,NA,CBCsimpleRW_CBCdriftDiffusionLR,129.61276161813404
CBC_P004,CBC_P004_TV_prob0.8_Vset3_Aset2_2023-03-15_16h41.57.326.csv,2,5,tac,1C,0.35,0,2.51796579999791,0,1,0,0.5,-0.5,CBCsimpleRW,CBCdriftDiffusionLR,0.5,0.080935557136251,NA,NA,0.782347901638628,6.11146939370626,2.75519805664209,0.5,57.2380015412305,NA,v1,MR,NA,CBCsimpleRW_CBCdriftDiffusionLR,129.61276161813404
CBC_P004,CBC_P004_TV_prob0.8_Vset3_Aset2_2023-03-15_16h41.57.326.csv,2,6,tac,2A,0.35,0,NA,NA,NA,NA,0.459532221431874,0,CBCsimpleRW,CBCdriftDiffusionLR,0.5,0.080935557136251,NA,NA,0.782347901638628,6.11146939370626,2.75519805664209,0.5,57.2380015412305,NA,v1,MR,NA,CBCsimpleRW_CBCdriftDiffusionLR,129.61276161813404
CBC_P004,CBC_P004_TV_prob0.8_Vset3_Aset2_2023-03-15_16h41.57.326.csv,2,7,tac,1B,0.5,1,2.15779809999367,1,1,1,0.5,0.5,CBCsimpleRW,CBCdriftDiffusionLR,0.5,0.080935557136251,NA,NA,0.782347901638628,6.11146939370626,2.75519805664209,0.5,57.2380015412305,NA,v1,MR,NA,CBCsimpleRW_CBCdriftDiffusionLR,129.61276161813404
CBC_P004,CBC_P004_TV_prob0.8_Vset3_Aset2_2023-03-15_16h41.57.326.csv,2,8,tac,0A,0.5,1,2.40315840000403,0,0,0,0.5,-0.5,CBCsimpleRW,CBCdriftDiffusionLR,0.5,0.080935557136251,NA,NA,0.782347901638628,6.11146939370626,2.75519805664209,0.5,57.2380015412305,NA,v1,MR,NA,CBCsimpleRW_CBCdriftDiffusionLR,129.61276161813404
CBC_P004,CBC_P004_TV_prob0.8_Vset3_Aset2_2023-03-15_16h41.57.326.csv,2,9,tac,1B,0.5,1,2.36734330000036,1,1,1,0.540467778568126,0.459532221431874,CBCsimpleRW,CBCdriftDiffusionLR,0.5,0.080935557136251,NA,NA,0.782347901638628,6.11146939370626,2.75519805664209,0.5,57.2380015412305,NA,v1,MR,NA,CBCsimpleRW_CBCdriftDiffusionLR,129.61276161813404
CBC_P004,CBC_P004_TV_prob0.8_Vset3_Aset2_2023-03-15_16h41.57.326.csv,2,10,tac,2C,0.5,1,2.40268420000211,1,1,1,0.540467778568126,0.459532221431874,CBCsimpleRW,CBCdriftDiffusionLR,0.5,0.080935557136251,NA,NA,0.782347901638628,6.11146939370626,2.75519805664209,0.5,57.2380015412305,NA,v1,MR,NA,CBCsimpleRW_CBCdriftDiffusionLR,129.61276161813404
CBC_P004,CBC_P004_TV_prob0.8_Vset3_Aset2_2023-03-15_16h41.57.326.csv,2,11,tac,0B,0.35,0,NA,NA,NA,NA,0.5,0,CBCsimpleRW,CBCdriftDiffusionLR,0.5,0.080935557136251,NA,NA,0.782347901638628,6.11146939370626,2.75519805664209,0.5,57.2380015412305,NA,v1,MR,NA,CBCsimpleRW_CBCdriftDiffusionLR,129.61276161813404
CBC_P004,CBC_P004_TV_prob0.8_Vset3_Aset2_2023-03-15_16h41.57.326.csv,2,12,tac,1C,0.35,1,1.81463909999729,1,0,0,0.540467778568126,-0.540467778568126,CBCsimpleRW,CBCdriftDiffusionLR,0.5,0.080935557136251,NA,NA,0.782347901638628,6.11146939370626,2.75519805664209,0.5,57.2380015412305,NA,v1,MR,NA,CBCsimpleRW_CBCdriftDiffusionLR,129.61276161813404
CBC_P004,CBC_P004_TV_prob0.8_Vset3_Aset2_2023-03-15_16h41.57.326.csv,2,13,tac,0A,0.5,1,2.55410219999612,1,1,1,0.540467778568126,0.459532221431874,CBCsimpleRW,CBCdriftDiffusionLR,0.5,0.080935557136251,NA,NA,0.782347901638628,6.11146939370626,2.75519805664209,0.5,57.2380015412305,NA,v1,MR,NA,CBCsimpleRW_CBCdriftDiffusionLR,129.61276161813404
CBC_P004,CBC_P004_TV_prob0.8_Vset3_Aset2_2023-03-15_16h41.57.326.csv,2,14,tac,2B,0.15,1,2.19264419999672,1,0,0,0.5,-0.5,CBCsimpleRW,CBCdriftDiffusionLR,0.5,0.080935557136251,NA,NA,0.782347901638628,6.11146939370626,2.75519805664209,0.5,57.2380015412305,NA,v1,MR,NA,CBCsimpleRW_CBCdriftDiffusionLR,129.61276161813404
CBC_P004,CBC_P004_TV_prob0.8_Vset3_Aset2_2023-03-15_16h41.57.326.csv,2,15,tac,1A,0.15,1,3.29750729999796,1,0,0,0.5,-0.5,CBCsimpleRW,CBCdriftDiffusionLR,0.5,0.080935557136251,NA,NA,0.782347901638628,6.11146939370626,2.75519805664209,0.5,57.2380015412305,NA,v1,MR,NA,CBCsimpleRW_CBCdriftDiffusionLR,129.61276161813404
CBC_P004,CBC_P004_TV_prob0.8_Vset3_Aset2_2023-03-15_16h41.57.326.csv,2,16,tac,0C,0.15,0,2.06024439999601,0,1,0,0.459532221431874,-0.540467778568126,CBCsimpleRW,CBCdriftDiffusionLR,0.5,0.080935557136251,NA,NA,0.782347901638628,6.11146939370626,2.75519805664209,0.5,57.2380015412305,NA,v1,MR,NA,CBCsimpleRW_CBCdriftDiffusionLR,129.61276161813404
CBC_P004,CBC_P004_TV_prob0.8_Vset3_Aset2_2023-03-15_16h41.57.326.csv,2,17,tac,1B,0.5,1,2.91315739999118,0,0,0,0.577660274931773,-0.422339725068227,CBCsimpleRW,CBCdriftDiffusionLR,0.5,0.080935557136251,NA,NA,0.782347901638628,6.11146939370626,2.75519805664209,0.5,57.2380015412305,NA,v1,MR,NA,CBCsimpleRW_CBCdriftDiffusionLR,129.61276161813404
CBC_P004,CBC_P004_TV_prob0.8_Vset3_Aset2_2023-03-15_16h41.57.326.csv,2,18,tac,2C,0.5,1,2.02408749999449,1,1,1,0.577660274931773,0.422339725068227,CBCsimpleRW,CBCdriftDiffusionLR,0.5,0.080935557136251,NA,NA,0.782347901638628,6.11146939370626,2.75519805664209,0.5,57.2380015412305,NA,v1,MR,NA,CBCsimpleRW_CBCdriftDiffusionLR,129.61276161813404
CBC_P004,CBC_P004_TV_prob0.8_Vset3_Aset2_2023-03-15_16h41.57.326.csv,2,19,tac,0B,0.35,1,2.59727510000084,0,1,1,0.5,0.5,CBCsimpleRW,CBCdriftDiffusionLR,0.5,0.080935557136251,NA,NA,0.782347901638628,6.11146939370626,2.75519805664209,0.5,57.2380015412305,NA,v1,MR,NA,CBCsimpleRW_CBCdriftDiffusionLR,129.61276161813404
CBC_P004,CBC_P004_TV_prob0.8_Vset3_Aset2_2023-03-15_16h41.57.326.csv,2,20,tac,1C,0.35,1,2.69924819999869,1,0,0,0.496724717795522,-0.496724717795522,CBCsimpleRW,CBCdriftDiffusionLR,0.5,0.080935557136251,NA,NA,0.782347901638628,6.11146939370626,2.75519805664209,0.5,57.2380015412305,NA,v1,MR,NA,CBCsimpleRW_CBCdriftDiffusionLR,129.61276161813404
CBC_P004,CBC_P004_TV_prob0.8_Vset3_Aset2_2023-03-15_16h41.57.326.csv,2,21,tac,0A,0.5,1,2.51846109999315,1,1,1,0.577660274931773,0.422339725068227,CBCsimpleRW,CBCdriftDiffusionLR,0.5,0.080935557136251,NA,NA,0.782347901638628,6.11146939370626,2.75519805664209,0.5,57.2380015412305,NA,v1,MR,NA,CBCsimpleRW_CBCdriftDiffusionLR,129.61276161813404
CBC_P004,CBC_P004_TV_prob0.8_Vset3_Aset2_2023-03-15_16h41.57.326.csv,2,22,tac,1C,0.35,1,2.48894169999403,0,1,1,0.456522026017395,0.456522026017395,CBCsimpleRW,CBCdriftDiffusionLR,0.5,0.080935557136251,NA,NA,0.782347901638628,6.11146939370626,2.75519805664209,0.5,57.2380015412305,NA,v1,MR,NA,CBCsimpleRW_CBCdriftDiffusionLR,129.61276161813404
CBC_P004,CBC_P004_TV_prob0.8_Vset3_Aset2_2023-03-15_16h41.57.326.csv,2,23,tac,0A,0.5,1,2.14978419999534,1,1,1,0.611842575880941,0.388157424119059,CBCsimpleRW,CBCdriftDiffusionLR,0.5,0.080935557136251,NA,NA,0.782347901638628,6.11146939370626,2.75519805664209,0.5,57.2380015412305,NA,v1,MR,NA,CBCsimpleRW_CBCdriftDiffusionLR,129.61276161813404
CBC_P004,CBC_P004_TV_prob0.8_Vset3_Aset2_2023-03-15_16h41.57.326.csv,2,24,tac,2C,0.5,0,1.97279399999388,1,1,0,0.611842575880941,-0.611842575880941,CBCsimpleRW,CBCdriftDiffusionLR,0.5,0.080935557136251,NA,NA,0.782347901638628,6.11146939370626,2.75519805664209,0.5,57.2380015412305,NA,v1,MR,NA,CBCsimpleRW_CBCdriftDiffusionLR,129.61276161813404
CBC_P004,CBC_P004_TV_prob0.8_Vset3_Aset2_2023-03-15_16h41.57.326.csv,2,25,tac,0B,0.35,1,2.21756449999521,1,0,0,0.459532221431874,-0.459532221431874,CBCsimpleRW,CBCdriftDiffusionLR,0.5,0.080935557136251,NA,NA,0.782347901638628,6.11146939370626,2.75519805664209,0.5,57.2380015412305,NA,v1,MR,NA,CBCsimpleRW_CBCdriftDiffusionLR,129.61276161813404
CBC_P004,CBC_P004_TV_prob0.8_Vset3_Aset2_2023-03-15_16h41.57.326.csv,2,26,tac,2A,0.35,1,1.85513569999603,0,1,1,0.459532221431874,0.459532221431874,CBCsimpleRW,CBCdriftDiffusionLR,0.5,0.080935557136251,NA,NA,0.782347901638628,6.11146939370626,2.75519805664209,0.5,57.2380015412305,NA,v1,MR,NA,CBCsimpleRW_CBCdriftDiffusionLR,129.61276161813404
CBC_P004,CBC_P004_TV_prob0.8_Vset3_Aset2_2023-03-15_16h41.57.326.csv,2,27,tac,1B,0.5,0,2.1164340999967,1,1,0,0.611842575880941,-0.611842575880941,CBCsimpleRW,CBCdriftDiffusionLR,0.5,0.080935557136251,NA,NA,0.782347901638628,6.11146939370626,2.75519805664209,0.5,57.2380015412305,NA,v1,MR,NA,CBCsimpleRW_CBCdriftDiffusionLR,129.61276161813404
CBC_P004,CBC_P004_TV_prob0.8_Vset3_Aset2_2023-03-15_16h41.57.326.csv,2,28,tac,0A,0.5,1,1.80341400000179,1,1,1,0.643258313258589,0.356741686741411,CBCsimpleRW,CBCdriftDiffusionLR,0.5,0.080935557136251,NA,NA,0.782347901638628,6.11146939370626,2.75519805664209,0.5,57.2380015412305,NA,v1,MR,NA,CBCsimpleRW_CBCdriftDiffusionLR,129.61276161813404
CBC_P004,CBC_P004_TV_prob0.8_Vset3_Aset2_2023-03-15_16h41.57.326.csv,2,29,tac,2C,0.5,1,2.03434189999825,1,1,1,0.562322756122339,0.437677243877661,CBCsimpleRW,CBCdriftDiffusionLR,0.5,0.080935557136251,NA,NA,0.782347901638628,6.11146939370626,2.75519805664209,0.5,57.2380015412305,NA,v1,MR,NA,CBCsimpleRW_CBCdriftDiffusionLR,129.61276161813404
CBC_P004,CBC_P004_TV_prob0.8_Vset3_Aset2_2023-03-15_16h41.57.326.csv,2,30,tac,1A,0.15,1,1.90787589999672,0,1,1,0.459532221431874,0.459532221431874,CBCsimpleRW,CBCdriftDiffusionLR,0.5,0.080935557136251,NA,NA,0.782347901638628,6.11146939370626,2.75519805664209,0.5,57.2380015412305,NA,v1,MR,NA,CBCsimpleRW_CBCdriftDiffusionLR,129.61276161813404
CBC_P004,CBC_P004_TV_prob0.8_Vset3_Aset2_2023-03-15_16h41.57.326.csv,2,31,tac,2C,0.5,1,1.91429510000307,1,1,1,0.59774640770143606,0.402253592298564,CBCsimpleRW,CBCdriftDiffusionLR,0.5,0.080935557136251,NA,NA,0.782347901638628,6.11146939370626,2.75519805664209,0.5,57.2380015412305,NA,v1,MR,NA,CBCsimpleRW_CBCdriftDiffusionLR,129.61276161813404
CBC_P004,CBC_P004_TV_prob0.8_Vset3_Aset2_2023-03-15_16h41.57.326.csv,2,32,tac,1B,0.5,0,2.24418089999381,1,1,0,0.562322756122339,-0.562322756122339,CBCsimpleRW,CBCdriftDiffusionLR,0.5,0.080935557136251,NA,NA,0.782347901638628,6.11146939370626,2.75519805664209,0.5,57.2380015412305,NA,v1,MR,NA,CBCsimpleRW_CBCdriftDiffusionLR,129.61276161813404
CBC_P004,CBC_P004_TV_prob0.8_Vset3_Aset2_2023-03-15_16h41.57.326.csv,2,33,tac,0A,0.5,1,0.960682600001746,1,1,1,0.672131400428731,0.327868599571269,CBCsimpleRW,CBCdriftDiffusionLR,0.5,0.080935557136251,NA,NA,0.782347901638628,6.11146939370626,2.75519805664209,0.5,57.2380015412305,NA,v1,MR,NA,CBCsimpleRW_CBCdriftDiffusionLR,129.61276161813404
CBC_P004,CBC_P004_TV_prob0.8_Vset3_Aset2_2023-03-15_16h41.57.326.csv,2,34,tac,1C,0.35,1,1.59052439999505,0,1,1,0.419573161496707,0.419573161496707,CBCsimpleRW,CBCdriftDiffusionLR,0.5,0.080935557136251,NA,NA,0.782347901638628,6.11146939370626,2.75519805664209,0.5,57.2380015412305,NA,v1,MR,NA,CBCsimpleRW_CBCdriftDiffusionLR,129.61276161813404
CBC_P004,CBC_P004_TV_prob0.8_Vset3_Aset2_2023-03-15_16h41.57.326.csv,2,35,tac,2A,0.35,0,1.79795949999971,0,1,0,0.422339725068227,-0.577660274931773,CBCsimpleRW,CBCdriftDiffusionLR,0.5,0.080935557136251,NA,NA,0.782347901638628,6.11146939370626,2.75519805664209,0.5,57.2380015412305,NA,v1,MR,NA,CBCsimpleRW_CBCdriftDiffusionLR,129.61276161813404
CBC_P004,CBC_P004_TV_prob0.8_Vset3_Aset2_2023-03-15_16h41.57.326.csv,2,36,tac,0B,0.35,1,NA,NA,NA,NA,0.422339725068227,0,CBCsimpleRW,CBCdriftDiffusionLR,0.5,0.080935557136251,NA,NA,0.782347901638628,6.11146939370626,2.75519805664209,0.5,57.2380015412305,NA,v1,MR,NA,CBCsimpleRW_CBCdriftDiffusionLR,129.61276161813404
CBC_P004,CBC_P004_TV_prob0.8_Vset3_Aset2_2023-03-15_16h41.57.326.csv,2,37,tac,2C,0.5,1,1.14017029999377,1,1,1,0.630303026304178,0.369696973695822,CBCsimpleRW,CBCdriftDiffusionLR,0.5,0.080935557136251,NA,NA,0.782347901638628,6.11146939370626,2.75519805664209,0.5,57.2380015412305,NA,v1,MR,NA,CBCsimpleRW_CBCdriftDiffusionLR,129.61276161813404
CBC_P004,CBC_P004_TV_prob0.8_Vset3_Aset2_2023-03-15_16h41.57.326.csv,2,38,tac,0B,0.35,1,1.2280791000012,1,0,0,0.422339725068227,-0.422339725068227,CBCsimpleRW,CBCdriftDiffusionLR,0.5,0.080935557136251,NA,NA,0.782347901638628,6.11146939370626,2.75519805664209,0.5,57.2380015412305,NA,v1,MR,NA,CBCsimpleRW_CBCdriftDiffusionLR,129.61276161813404
CBC_P004,CBC_P004_TV_prob0.8_Vset3_Aset2_2023-03-15_16h41.57.326.csv,2,39,tac,1C,0.35,1,1.75832339999761,0,1,1,0.385614773911553,0.385614773911553,CBCsimpleRW,CBCdriftDiffusionLR,0.5,0.080935557136251,NA,NA,0.782347901638628,6.11146939370626,2.75519805664209,0.5,57.2380015412305,NA,v1,MR,NA,CBCsimpleRW_CBCdriftDiffusionLR,129.61276161813404
CBC_P004,CBC_P004_TV_prob0.8_Vset3_Aset2_2023-03-15_16h41.57.326.csv,2,40,tac,2B,0.15,1,1.98823589999665,1,0,0,0.459532221431874,-0.459532221431874,CBCsimpleRW,CBCdriftDiffusionLR,0.5,0.080935557136251,NA,NA,0.782347901638628,6.11146939370626,2.75519805664209,0.5,57.2380015412305,NA,v1,MR,NA,CBCsimpleRW_CBCdriftDiffusionLR,129.61276161813404
CBC_P004,CBC_P004_TV_prob0.8_Vset3_Aset2_2023-03-15_16h41.57.326.csv,2,41,tac,0A,0.5,0,1.00469409999641,1,1,0,0.698667628202514,-0.698667628202514,CBCsimpleRW,CBCdriftDiffusionLR,0.5,0.080935557136251,NA,NA,0.782347901638628,6.11146939370626,2.75519805664209,0.5,57.2380015412305,NA,v1,MR,NA,CBCsimpleRW_CBCdriftDiffusionLR,129.61276161813404
CBC_P004,CBC_P004_TV_prob0.8_Vset3_Aset2_2023-03-15_16h41.57.326.csv,2,42,tac,1B,0.5,1,2.03344990000187,1,1,1,0.516810850565185,0.483189149434815,CBCsimpleRW,CBCdriftDiffusionLR,0.5,0.080935557136251,NA,NA,0.782347901638628,6.11146939370626,2.75519805664209,0.5,57.2380015412305,NA,v1,MR,NA,CBCsimpleRW_CBCdriftDiffusionLR,129.61276161813404
CBC_P005,CBC_P005_AV_prob0.9_Vset2_Aset2_2023-03-15_17h40.11.534.csv,1,1,aud,0B,0.35,0,2.35574009999982,1,0,1,0.5,0.5,CBCsimpleRW,CBCdriftDiffusionLR,0.5,0.25,NA,NA,0.653463135785634,0,1.93999170239283,0.5,53.3055692540622,NA,v1,MR,NA,CBCsimpleRW_CBCdriftDiffusionLR,121.74789704379744
CBC_P005,CBC_P005_AV_prob0.9_Vset2_Aset2_2023-03-15_17h40.11.534.csv,1,2,aud,2C,0.5,1,0.738455299993802,0,0,0,0.5,-0.5,CBCsimpleRW,CBCdriftDiffusionLR,0.5,0.25,NA,NA,0.653463135785634,0,1.93999170239283,0.5,53.3055692540622,NA,v1,MR,NA,CBCsimpleRW_CBCdriftDiffusionLR,121.74789704379744
CBC_P005,CBC_P005_AV_prob0.9_Vset2_Aset2_2023-03-15_17h40.11.534.csv,1,3,aud,1B,0.5,1,1.25799189999816,0,0,0,0.5,-0.5,CBCsimpleRW,CBCdriftDiffusionLR,0.5,0.25,NA,NA,0.653463135785634,0,1.93999170239283,0.5,53.3055692540622,NA,v1,MR,NA,CBCsimpleRW_CBCdriftDiffusionLR,121.74789704379744
CBC_P005,CBC_P005_AV_prob0.9_Vset2_Aset2_2023-03-15_17h40.11.534.csv,1,4,aud,2C,0.5,1,1.17662589999964,1,1,1,0.625,0.375,CBCsimpleRW,CBCdriftDiffusionLR,0.5,0.25,NA,NA,0.653463135785634,0,1.93999170239283,0.5,53.3055692540622,NA,v1,MR,NA,CBCsimpleRW_CBCdriftDiffusionLR,121.74789704379744
CBC_P005,CBC_P005_AV_prob0.9_Vset2_Aset2_2023-03-15_17h40.11.534.csv,1,5,aud,1B,0.5,1,1.31621979999909,0,0,0,0.625,-0.375,CBCsimpleRW,CBCdriftDiffusionLR,0.5,0.25,NA,NA,0.653463135785634,0,1.93999170239283,0.5,53.3055692540622,NA,v1,MR,NA,CBCsimpleRW_CBCdriftDiffusionLR,121.74789704379744
CBC_P005,CBC_P005_AV_prob0.9_Vset2_Aset2_2023-03-15_17h40.11.534.csv,1,6,aud,2A,0.35,1,1.50991959999374,0,1,1,0.5,0.5,CBCsimpleRW,CBCdriftDiffusionLR,0.5,0.25,NA,NA,0.653463135785634,0,1.93999170239283,0.5,53.3055692540622,NA,v1,MR,NA,CBCsimpleRW_CBCdriftDiffusionLR,121.74789704379744
CBC_P005,CBC_P005_AV_prob0.9_Vset2_Aset2_2023-03-15_17h40.11.534.csv,1,7,aud,0B,0.35,1,NA,NA,NA,NA,0.625,0,CBCsimpleRW,CBCdriftDiffusionLR,0.5,0.25,NA,NA,0.653463135785634,0,1.93999170239283,0.5,53.3055692540622,NA,v1,MR,NA,CBCsimpleRW_CBCdriftDiffusionLR,121.74789704379744
CBC_P005,CBC_P005_AV_prob0.9_Vset2_Aset2_2023-03-15_17h40.11.534.csv,1,8,aud,1C,0.35,1,1.41263389999222,1,0,0,0.5,-0.5,CBCsimpleRW,CBCdriftDiffusionLR,0.5,0.25,NA,NA,0.653463135785634,0,1.93999170239283,0.5,53.3055692540622,NA,v1,MR,NA,CBCsimpleRW_CBCdriftDiffusionLR,121.74789704379744
CBC_P005,CBC_P005_AV_prob0.9_Vset2_Aset2_2023-03-15_17h40.11.534.csv,1,9,aud,0A,0.5,1,1.32141350000165,0,0,0,0.5,-0.5,CBCsimpleRW,CBCdriftDiffusionLR,0.5,0.25,NA,NA,0.653463135785634,0,1.93999170239283,0.5,53.3055692540622,NA,v1,MR,NA,CBCsimpleRW_CBCdriftDiffusionLR,121.74789704379744
CBC_P005,CBC_P005_AV_prob0.9_Vset2_Aset2_2023-03-15_17h40.11.534.csv,1,10,aud,2C,0.5,1,1.69742039999983,0,0,0,0.71875,-0.28125,CBCsimpleRW,CBCdriftDiffusionLR,0.5,0.25,NA,NA,0.653463135785634,0,1.93999170239283,0.5,53.3055692540622,NA,v1,MR,NA,CBCsimpleRW_CBCdriftDiffusionLR,121.74789704379744
CBC_P005,CBC_P005_AV_prob0.9_Vset2_Aset2_2023-03-15_17h40.11.534.csv,1,11,aud,0A,0.5,1,1.54252509999787,0,0,0,0.625,-0.375,CBCsimpleRW,CBCdriftDiffusionLR,0.5,0.25,NA,NA,0.653463135785634,0,1.93999170239283,0.5,53.3055692540622,NA,v1,MR,NA,CBCsimpleRW_CBCdriftDiffusionLR,121.74789704379744
CBC_P005,CBC_P005_AV_prob0.9_Vset2_Aset2_2023-03-15_17h40.11.534.csv,1,12,aud,1C,0.35,1,1.19581130000006,1,0,0,0.375,-0.375,CBCsimpleRW,CBCdriftDiffusionLR,0.5,0.25,NA,NA,0.653463135785634,0,1.93999170239283,0.5,53.3055692540622,NA,v1,MR,NA,CBCsimpleRW_CBCdriftDiffusionLR,121.74789704379744
CBC_P005,CBC_P005_AV_prob0.9_Vset2_Aset2_2023-03-15_17h40.11.534.csv,1,13,aud,2B,0.15,1,1.47797249998985,1,0,0,0.5,-0.5,CBCsimpleRW,CBCdriftDiffusionLR,0.5,0.25,NA,NA,0.653463135785634,0,1.93999170239283,0.5,53.3055692540622,NA,v1,MR,NA,CBCsimpleRW_CBCdriftDiffusionLR,121.74789704379744
CBC_P005,CBC_P005_AV_prob0.9_Vset2_Aset2_2023-03-15_17h40.11.534.csv,1,14,aud,1A,0.15,1,1.40993579999486,0,1,1,0.5,0.5,CBCsimpleRW,CBCdriftDiffusionLR,0.5,0.25,NA,NA,0.653463135785634,0,1.93999170239283,0.5,53.3055692540622,NA,v1,MR,NA,CBCsimpleRW_CBCdriftDiffusionLR,121.74789704379744
CBC_P005,CBC_P005_AV_prob0.9_Vset2_Aset2_2023-03-15_17h40.11.534.csv,1,15,aud,2C,0.5,1,1.11078439999255,1,1,1,0.7890625,0.2109375,CBCsimpleRW,CBCdriftDiffusionLR,0.5,0.25,NA,NA,0.653463135785634,0,1.93999170239283,0.5,53.3055692540622,NA,v1,MR,NA,CBCsimpleRW_CBCdriftDiffusionLR,121.74789704379744
CBC_P005,CBC_P005_AV_prob0.9_Vset2_Aset2_2023-03-15_17h40.11.534.csv,1,16,aud,0A,0.5,1,1.512241299999,1,1,1,0.71875,0.28125,CBCsimpleRW,CBCdriftDiffusionLR,0.5,0.25,NA,NA,0.653463135785634,0,1.93999170239283,0.5,53.3055692540622,NA,v1,MR,NA,CBCsimpleRW_CBCdriftDiffusionLR,121.74789704379744
CBC_P005,CBC_P005_AV_prob0.9_Vset2_Aset2_2023-03-15_17h40.11.534.csv,1,17,aud,1C,0.35,1,1.91935149999335,0,1,1,0.28125,0.28125,CBCsimpleRW,CBCdriftDiffusionLR,0.5,0.25,NA,NA,0.653463135785634,0,1.93999170239283,0.5,53.3055692540622,NA,v1,MR,NA,CBCsimpleRW_CBCdriftDiffusionLR,121.74789704379744
CBC_P005,CBC_P005_AV_prob0.9_Vset2_Aset2_2023-03-15_17h40.11.534.csv,1,18,aud,2B,0.15,0,1.11290419999568,1,0,1,0.375,0.625,CBCsimpleRW,CBCdriftDiffusionLR,0.5,0.25,NA,NA,0.653463135785634,0,1.93999170239283,0.5,53.3055692540622,NA,v1,MR,NA,CBCsimpleRW_CBCdriftDiffusionLR,121.74789704379744
CBC_P005,CBC_P005_AV_prob0.9_Vset2_Aset2_2023-03-15_17h40.11.534.csv,1,19,aud,1C,0.35,1,1.28139289999672,0,1,1,0.2109375,0.2109375,CBCsimpleRW,CBCdriftDiffusionLR,0.5,0.25,NA,NA,0.653463135785634,0,1.93999170239283,0.5,53.3055692540622,NA,v1,MR,NA,CBCsimpleRW_CBCdriftDiffusionLR,121.74789704379744
CBC_P005,CBC_P005_AV_prob0.9_Vset2_Aset2_2023-03-15_17h40.11.534.csv,1,20,aud,0A,0.5,1,1.85833339999226,0,0,0,0.7890625,-0.2109375,CBCsimpleRW,CBCdriftDiffusionLR,0.5,0.25,NA,NA,0.653463135785634,0,1.93999170239283,0.5,53.3055692540622,NA,v1,MR,NA,CBCsimpleRW_CBCdriftDiffusionLR,121.74789704379744
CBC_P005,CBC_P005_AV_prob0.9_Vset2_Aset2_2023-03-15_17h40.11.534.csv,1,21,aud,2C,0.5,1,1.71257979999791,1,1,1,0.841796875,0.158203125,CBCsimpleRW,CBCdriftDiffusionLR,0.5,0.25,NA,NA,0.653463135785634,0,1.93999170239283,0.5,53.3055692540622,NA,v1,MR,NA,CBCsimpleRW_CBCdriftDiffusionLR,121.74789704379744
CBC_P005,CBC_P005_AV_prob0.9_Vset2_Aset2_2023-03-15_17h40.11.534.csv,1,22,aud,1B,0.5,1,1.58712739999464,0,0,0,0.71875,-0.28125,CBCsimpleRW,CBCdriftDiffusionLR,0.5,0.25,NA,NA,0.653463135785634,0,1.93999170239283,0.5,53.3055692540622,NA,v1,MR,NA,CBCsimpleRW_CBCdriftDiffusionLR,121.74789704379744
CBC_P005,CBC_P005_AV_prob0.9_Vset2_Aset2_2023-03-15_17h40.11.534.csv,1,23,aud,0C,0.15,1,1.67368249999708,1,0,0,0.5,-0.5,CBCsimpleRW,CBCdriftDiffusionLR,0.5,0.25,NA,NA,0.653463135785634,0,1.93999170239283,0.5,53.3055692540622,NA,v1,MR,NA,CBCsimpleRW_CBCdriftDiffusionLR,121.74789704379744
CBC_P005,CBC_P005_AV_prob0.9_Vset2_Aset2_2023-03-15_17h40.11.534.csv,1,24,aud,1B,0.5,1,1.58504040000116,0,0,0,0.7890625,-0.2109375,CBCsimpleRW,CBCdriftDiffusionLR,0.5,0.25,NA,NA,0.653463135785634,0,1.93999170239283,0.5,53.3055692540622,NA,v1,MR,NA,CBCsimpleRW_CBCdriftDiffusionLR,121.74789704379744
CBC_P005,CBC_P005_AV_prob0.9_Vset2_Aset2_2023-03-15_17h40.11.534.csv,1,25,aud,2A,0.35,1,2.02921069999138,1,0,0,0.375,-0.375,CBCsimpleRW,CBCdriftDiffusionLR,0.5,0.25,NA,NA,0.653463135785634,0,1.93999170239283,0.5,53.3055692540622,NA,v1,MR,NA,CBCsimpleRW_CBCdriftDiffusionLR,121.74789704379744
CBC_P005,CBC_P005_AV_prob0.9_Vset2_Aset2_2023-03-15_17h40.11.534.csv,1,26,aud,0B,0.35,1,1.14141999999265,1,0,0,0.625,-0.625,CBCsimpleRW,CBCdriftDiffusionLR,0.5,0.25,NA,NA,0.653463135785634,0,1.93999170239283,0.5,53.3055692540622,NA,v1,MR,NA,CBCsimpleRW_CBCdriftDiffusionLR,121.74789704379744
CBC_P005,CBC_P005_AV_prob0.9_Vset2_Aset2_2023-03-15_17h40.11.534.csv,1,27,aud,2A,0.35,1,1.53272109999671,0,1,1,0.28125,0.28125,CBCsimpleRW,CBCdriftDiffusionLR,0.5,0.25,NA,NA,0.653463135785634,0,1.93999170239283,0.5,53.3055692540622,NA,v1,MR,NA,CBCsimpleRW_CBCdriftDiffusionLR,121.74789704379744
CBC_P005,CBC_P005_AV_prob0.9_Vset2_Aset2_2023-03-15_17h40.11.534.csv,1,28,aud,1B,0.5,1,1.76820739999675,0,0,0,0.841796875,-0.158203125,CBCsimpleRW,CBCdriftDiffusionLR,0.5,0.25,NA,NA,0.653463135785634,0,1.93999170239283,0.5,53.3055692540622,NA,v1,MR,NA,CBCsimpleRW_CBCdriftDiffusionLR,121.74789704379744
CBC_P005,CBC_P005_AV_prob0.9_Vset2_Aset2_2023-03-15_17h40.11.534.csv,1,29,aud,0A,0.5,1,NA,NA,NA,NA,0.841796875,0,CBCsimpleRW,CBCdriftDiffusionLR,0.5,0.25,NA,NA,0.653463135785634,0,1.93999170239283,0.5,53.3055692540622,NA,v1,MR,NA,CBCsimpleRW_CBCdriftDiffusionLR,121.74789704379744
CBC_P005,CBC_P005_AV_prob0.9_Vset2_Aset2_2023-03-15_17h40.11.534.csv,1,30,aud,1B,0.5,0,1.98348469999473,1,1,0,0.88134765625,-0.88134765625,CBCsimpleRW,CBCdriftDiffusionLR,0.5,0.25,NA,NA,0.653463135785634,0,1.93999170239283,0.5,53.3055692540622,NA,v1,MR,NA,CBCsimpleRW_CBCdriftDiffusionLR,121.74789704379744
CBC_P005,CBC_P005_AV_prob0.9_Vset2_Aset2_2023-03-15_17h40.11.534.csv,1,31,aud,2A,0.35,1,1.26110629999312,1,0,0,0.2109375,-0.2109375,CBCsimpleRW,CBCdriftDiffusionLR,0.5,0.25,NA,NA,0.653463135785634,0,1.93999170239283,0.5,53.3055692540622,NA,v1,MR,NA,CBCsimpleRW_CBCdriftDiffusionLR,121.74789704379744
CBC_P005,CBC_P005_AV_prob0.9_Vset2_Aset2_2023-03-15_17h40.11.534.csv,1,32,aud,0C,0.15,1,1.2847702999934,1,0,0,0.375,-0.375,CBCsimpleRW,CBCdriftDiffusionLR,0.5,0.25,NA,NA,0.653463135785634,0,1.93999170239283,0.5,53.3055692540622,NA,v1,MR,NA,CBCsimpleRW_CBCdriftDiffusionLR,121.74789704379744
CBC_P005,CBC_P005_AV_prob0.9_Vset2_Aset2_2023-03-15_17h40.11.534.csv,1,33,aud,1B,0.5,1,2.11410129999422,0,0,0,0.6610107421875,-0.3389892578125,CBCsimpleRW,CBCdriftDiffusionLR,0.5,0.25,NA,NA,0.653463135785634,0,1.93999170239283,0.5,53.3055692540622,NA,v1,MR,NA,CBCsimpleRW_CBCdriftDiffusionLR,121.74789704379744
CBC_P005,CBC_P005_AV_prob0.9_Vset2_Aset2_2023-03-15_17h40.11.534.csv,1,34,aud,0A,0.5,1,1.07624239999132,1,1,1,0.841796875,0.158203125,CBCsimpleRW,CBCdriftDiffusionLR,0.5,0.25,NA,NA,0.653463135785634,0,1.93999170239283,0.5,53.3055692540622,NA,v1,MR,NA,CBCsimpleRW_CBCdriftDiffusionLR,121.74789704379744
CBC_P005,CBC_P005_AV_prob0.9_Vset2_Aset2_2023-03-15_17h40.11.534.csv,1,35,aud,1C,0.35,1,2.23081879999518,1,0,0,0.158203125,-0.158203125,CBCsimpleRW,CBCdriftDiffusionLR,0.5,0.25,NA,NA,0.653463135785634,0,1.93999170239283,0.5,53.3055692540622,NA,v1,MR,NA,CBCsimpleRW_CBCdriftDiffusionLR,121.74789704379744
CBC_P005,CBC_P005_AV_prob0.9_Vset2_Aset2_2023-03-15_17h40.11.534.csv,1,36,aud,0B,0.35,1,NA,NA,NA,NA,0.46875,0,CBCsimpleRW,CBCdriftDiffusionLR,0.5,0.25,NA,NA,0.653463135785634,0,1.93999170239283,0.5,53.3055692540622,NA,v1,MR,NA,CBCsimpleRW_CBCdriftDiffusionLR,121.74789704379744
CBC_P005,CBC_P005_AV_prob0.9_Vset2_Aset2_2023-03-15_17h40.11.534.csv,1,37,aud,1A,0.15,1,1.35069520000252,1,0,0,0.375,-0.375,CBCsimpleRW,CBCdriftDiffusionLR,0.5,0.25,NA,NA,0.653463135785634,0,1.93999170239283,0.5,53.3055692540622,NA,v1,MR,NA,CBCsimpleRW_CBCdriftDiffusionLR,121.74789704379744
CBC_P005,CBC_P005_AV_prob0.9_Vset2_Aset2_2023-03-15_17h40.11.534.csv,1,38,aud,2C,0.5,1,1.69493249999505,1,1,1,0.88134765625,0.11865234375,CBCsimpleRW,CBCdriftDiffusionLR,0.5,0.25,NA,NA,0.653463135785634,0,1.93999170239283,0.5,53.3055692540622,NA,v1,MR,NA,CBCsimpleRW_CBCdriftDiffusionLR,121.74789704379744
CBC_P005,CBC_P005_AV_prob0.9_Vset2_Aset2_2023-03-15_17h40.11.534.csv,1,39,aud,0A,0.5,1,1.25386179999623,1,1,1,0.88134765625,0.11865234375,CBCsimpleRW,CBCdriftDiffusionLR,0.5,0.25,NA,NA,0.653463135785634,0,1.93999170239283,0.5,53.3055692540622,NA,v1,MR,NA,CBCsimpleRW_CBCdriftDiffusionLR,121.74789704379744
CBC_P005,CBC_P005_AV_prob0.9_Vset2_Aset2_2023-03-15_17h40.11.534.csv,1,40,aud,2C,0.5,0,1.2459732999996,0,0,1,0.9110107421875,0.9110107421875,CBCsimpleRW,CBCdriftDiffusionLR,0.5,0.25,NA,NA,0.653463135785634,0,1.93999170239283,0.5,53.3055692540622,NA,v1,MR,NA,CBCsimpleRW_CBCdriftDiffusionLR,121.74789704379744
CBC_P005,CBC_P005_AV_prob0.9_Vset2_Aset2_2023-03-15_17h40.11.534.csv,1,41,aud,0B,0.35,0,1.36508809999941,1,0,1,0.46875,0.53125,CBCsimpleRW,CBCdriftDiffusionLR,0.5,0.25,NA,NA,0.653463135785634,0,1.93999170239283,0.5,53.3055692540622,NA,v1,MR,NA,CBCsimpleRW_CBCdriftDiffusionLR,121.74789704379744
CBC_P005,CBC_P005_AV_prob0.9_Vset2_Aset2_2023-03-15_17h40.11.534.csv,1,42,aud,1C,0.35,1,1.64507399999275,1,0,0,0.11865234375,-0.11865234375,CBCsimpleRW,CBCdriftDiffusionLR,0.5,0.25,NA,NA,0.653463135785634,0,1.93999170239283,0.5,53.3055692540622,NA,v1,MR,NA,CBCsimpleRW_CBCdriftDiffusionLR,121.74789704379744
CBC_P005,CBC_P005_TV_prob0.9_Vset1_Aset1_2023-03-15_17h48.53.126.csv,2,1,tac,2C,0.5,1,2.18728290000581,1,1,1,0.5,0.5,CBCsimpleRW,CBCdriftDiffusionLR,0.5,0.0473035343475292,NA,NA,0.878638384316069,4.17628830818367,1.8573384544121,0.5,48.5497606238674,NA,v1,MR,NA,CBCsimpleRW_CBCdriftDiffusionLR,112.23627978340784
CBC_P005,CBC_P005_TV_prob0.9_Vset1_Aset1_2023-03-15_17h48.53.126.csv,2,2,tac,1B,0.5,1,0.950893900007941,1,1,1,0.5,0.5,CBCsimpleRW,CBCdriftDiffusionLR,0.5,0.0473035343475292,NA,NA,0.878638384316069,4.17628830818367,1.8573384544121,0.5,48.5497606238674,NA,v1,MR,NA,CBCsimpleRW_CBCdriftDiffusionLR,112.23627978340784
CBC_P005,CBC_P005_TV_prob0.9_Vset1_Aset1_2023-03-15_17h48.53.126.csv,2,3,tac,0C,0.15,1,1.33636070000648,1,0,0,0.5,-0.5,CBCsimpleRW,CBCdriftDiffusionLR,0.5,0.0473035343475292,NA,NA,0.878638384316069,4.17628830818367,1.8573384544121,0.5,48.5497606238674,NA,v1,MR,NA,CBCsimpleRW_CBCdriftDiffusionLR,112.23627978340784
CBC_P005,CBC_P005_TV_prob0.9_Vset1_Aset1_2023-03-15_17h48.53.126.csv,2,4,tac,2A,0.35,1,1.23848220000946,1,0,0,0.5,-0.5,CBCsimpleRW,CBCdriftDiffusionLR,0.5,0.0473035343475292,NA,NA,0.878638384316069,4.17628830818367,1.8573384544121,0.5,48.5497606238674,NA,v1,MR,NA,CBCsimpleRW_CBCdriftDiffusionLR,112.23627978340784
CBC_P005,CBC_P005_TV_prob0.9_Vset1_Aset1_2023-03-15_17h48.53.126.csv,2,5,tac,1C,0.35,1,1.41117160000431,1,0,0,0.5,-0.5,CBCsimpleRW,CBCdriftDiffusionLR,0.5,0.0473035343475292,NA,NA,0.878638384316069,4.17628830818367,1.8573384544121,0.5,48.5497606238674,NA,v1,MR,NA,CBCsimpleRW_CBCdriftDiffusionLR,112.23627978340784
CBC_P005,CBC_P005_TV_prob0.9_Vset1_Aset1_2023-03-15_17h48.53.126.csv,2,6,tac,2A,0.35,1,1.1764364000046,0,1,1,0.476348232826235,0.476348232826235,CBCsimpleRW,CBCdriftDiffusionLR,0.5,0.0473035343475292,NA,NA,0.878638384316069,4.17628830818367,1.8573384544121,0.5,48.5497606238674,NA,v1,MR,NA,CBCsimpleRW_CBCdriftDiffusionLR,112.23627978340784
CBC_P005,CBC_P005_TV_prob0.9_Vset1_Aset1_2023-03-15_17h48.53.126.csv,2,7,tac,1B,0.5,0,1.77513100000215,0,0,1,0.523651767173765,0.523651767173765,CBCsimpleRW,CBCdriftDiffusionLR,0.5,0.0473035343475292,NA,NA,0.878638384316069,4.17628830818367,1.8573384544121,0.5,48.5497606238674,NA,v1,MR,NA,CBCsimpleRW_CBCdriftDiffusionLR,112.23627978340784
CBC_P005,CBC_P005_TV_prob0.9_Vset1_Aset1_2023-03-15_17h48.53.126.csv,2,8,tac,0A,0.5,1,1.6398659000115,1,1,1,0.5,0.5,CBCsimpleRW,CBCdriftDiffusionLR,0.5,0.0473035343475292,NA,NA,0.878638384316069,4.17628830818367,1.8573384544121,0.5,48.5497606238674,NA,v1,MR,NA,CBCsimpleRW_CBCdriftDiffusionLR,112.23627978340784
CBC_P005,CBC_P005_TV_prob0.9_Vset1_Aset1_2023-03-15_17h48.53.126.csv,2,9,tac,1B,0.5,1,1.82156590000523,0,0,0,0.498881187819116,-0.501118812180884,CBCsimpleRW,CBCdriftDiffusionLR,0.5,0.0473035343475292,NA,NA,0.878638384316069,4.17628830818367,1.8573384544121,0.5,48.5497606238674,NA,v1,MR,NA,CBCsimpleRW_CBCdriftDiffusionLR,112.23627978340784
CBC_P005,CBC_P005_TV_prob0.9_Vset1_Aset1_2023-03-15_17h48.53.126.csv,2,10,tac,2C,0.5,1,1.87661890000163,0,0,0,0.523651767173765,-0.476348232826235,CBCsimpleRW,CBCdriftDiffusionLR,0.5,0.0473035343475292,NA,NA,0.878638384316069,4.17628830818367,1.8573384544121,0.5,48.5497606238674,NA,v1,MR,NA,CBCsimpleRW_CBCdriftDiffusionLR,112.23627978340784
CBC_P005,CBC_P005_TV_prob0.9_Vset1_Aset1_2023-03-15_17h48.53.126.csv,2,11,tac,0B,0.35,1,1.59780500000488,1,0,0,0.5,-0.5,CBCsimpleRW,CBCdriftDiffusionLR,0.5,0.0473035343475292,NA,NA,0.878638384316069,4.17628830818367,1.8573384544121,0.5,48.5497606238674,NA,v1,MR,NA,CBCsimpleRW_CBCdriftDiffusionLR,112.23627978340784
CBC_P005,CBC_P005_TV_prob0.9_Vset1_Aset1_2023-03-15_17h48.53.126.csv,2,12,tac,1C,0.35,1,1.52090690000477,1,0,0,0.476348232826235,-0.476348232826235,CBCsimpleRW,CBCdriftDiffusionLR,0.5,0.0473035343475292,NA,NA,0.878638384316069,4.17628830818367,1.8573384544121,0.5,48.5497606238674,NA,v1,MR,NA,CBCsimpleRW_CBCdriftDiffusionLR,112.23627978340784
CBC_P005,CBC_P005_TV_prob0.9_Vset1_Aset1_2023-03-15_17h48.53.126.csv,2,13,tac,0A,0.5,1,2.22732070000347,0,0,0,0.523651767173765,-0.476348232826235,CBCsimpleRW,CBCdriftDiffusionLR,0.5,0.0473035343475292,NA,NA,0.878638384316069,4.17628830818367,1.8573384544121,0.5,48.5497606238674,NA,v1,MR,NA,CBCsimpleRW_CBCdriftDiffusionLR,112.23627978340784
CBC_P005,CBC_P005_TV_prob0.9_Vset1_Aset1_2023-03-15_17h48.53.126.csv,2,14,tac,2B,0.15,1,1.88920230000804,1,0,0,0.5,-0.5,CBCsimpleRW,CBCdriftDiffusionLR,0.5,0.0473035343475292,NA,NA,0.878638384316069,4.17628830818367,1.8573384544121,0.5,48.5497606238674,NA,v1,MR,NA,CBCsimpleRW_CBCdriftDiffusionLR,112.23627978340784
CBC_P005,CBC_P005_TV_prob0.9_Vset1_Aset1_2023-03-15_17h48.53.126.csv,2,15,tac,1A,0.15,1,1.25602520000393,0,1,1,0.5,0.5,CBCsimpleRW,CBCdriftDiffusionLR,0.5,0.0473035343475292,NA,NA,0.878638384316069,4.17628830818367,1.8573384544121,0.5,48.5497606238674,NA,v1,MR,NA,CBCsimpleRW_CBCdriftDiffusionLR,112.23627978340784
CBC_P005,CBC_P005_TV_prob0.9_Vset1_Aset1_2023-03-15_17h48.53.126.csv,2,16,tac,0C,0.15,0,1.36134000000311,1,0,1,0.476348232826235,0.523651767173765,CBCsimpleRW,CBCdriftDiffusionLR,0.5,0.0473035343475292,NA,NA,0.878638384316069,4.17628830818367,1.8573384544121,0.5,48.5497606238674,NA,v1,MR,NA,CBCsimpleRW_CBCdriftDiffusionLR,112.23627978340784
CBC_P005,CBC_P005_TV_prob0.9_Vset1_Aset1_2023-03-15_17h48.53.126.csv,2,17,tac,1B,0.5,1,1.29465880000498,0,0,0,0.522585878763308,-0.477414121236692,CBCsimpleRW,CBCdriftDiffusionLR,0.5,0.0473035343475292,NA,NA,0.878638384316069,4.17628830818367,1.8573384544121,0.5,48.5497606238674,NA,v1,MR,NA,CBCsimpleRW_CBCdriftDiffusionLR,112.23627978340784
CBC_P005,CBC_P005_TV_prob0.9_Vset1_Aset1_2023-03-15_17h48.53.126.csv,2,18,tac,2C,0.5,1,1.99921550000727,0,0,0,0.546184722166645,-0.453815277833355,CBCsimpleRW,CBCdriftDiffusionLR,0.5,0.0473035343475292,NA,NA,0.878638384316069,4.17628830818367,1.8573384544121,0.5,48.5497606238674,NA,v1,MR,NA,CBCsimpleRW_CBCdriftDiffusionLR,112.23627978340784
CBC_P005,CBC_P005_TV_prob0.9_Vset1_Aset1_2023-03-15_17h48.53.126.csv,2,19,tac,0B,0.35,1,1.82853220000106,0,1,1,0.476348232826235,0.476348232826235,CBCsimpleRW,CBCdriftDiffusionLR,0.5,0.0473035343475292,NA,NA,0.878638384316069,4.17628830818367,1.8573384544121,0.5,48.5497606238674,NA,v1,MR,NA,CBCsimpleRW_CBCdriftDiffusionLR,112.23627978340784
CBC_P005,CBC_P005_TV_prob0.9_Vset1_Aset1_2023-03-15_17h48.53.126.csv,2,20,tac,1C,0.35,1,1.8647265000036,0,1,1,0.453815277833355,0.453815277833355,CBCsimpleRW,CBCdriftDiffusionLR,0.5,0.0473035343475292,NA,NA,0.878638384316069,4.17628830818367,1.8573384544121,0.5,48.5497606238674,NA,v1,MR,NA,CBCsimpleRW_CBCdriftDiffusionLR,112.23627978340784
CBC_P005,CBC_P005_TV_prob0.9_Vset1_Aset1_2023-03-15_17h48.53.126.csv,2,21,tac,0A,0.5,1,1.99189650000335,0,0,0,0.546184722166645,-0.453815277833355,CBCsimpleRW,CBCdriftDiffusionLR,0.5,0.0473035343475292,NA,NA,0.878638384316069,4.17628830818367,1.8573384544121,0.5,48.5497606238674,NA,v1,MR,NA,CBCsimpleRW_CBCdriftDiffusionLR,112.23627978340784
CBC_P005,CBC_P005_TV_prob0.9_Vset1_Aset1_2023-03-15_17h48.53.126.csv,2,22,tac,1C,0.35,1,1.44433050000953,1,0,0,0.432348211250931,-0.432348211250931,CBCsimpleRW,CBCdriftDiffusionLR,0.5,0.0473035343475292,NA,NA,0.878638384316069,4.17628830818367,1.8573384544121,0.5,48.5497606238674,NA,v1,MR,NA,CBCsimpleRW_CBCdriftDiffusionLR,112.23627978340784
CBC_P005,CBC_P005_TV_prob0.9_Vset1_Aset1_2023-03-15_17h48.53.126.csv,2,23,tac,0A,0.5,1,1.50797320000129,0,0,0,0.567651788749069,-0.432348211250931,CBCsimpleRW,CBCdriftDiffusionLR,0.5,0.0473035343475292,NA,NA,0.878638384316069,4.17628830818367,1.8573384544121,0.5,48.5497606238674,NA,v1,MR,NA,CBCsimpleRW_CBCdriftDiffusionLR,112.23627978340784
CBC_P005,CBC_P005_TV_prob0.9_Vset1_Aset1_2023-03-15_17h48.53.126.csv,2,24,tac,2C,0.5,1,1.46274750000885,1,1,1,0.567651788749069,0.432348211250931,CBCsimpleRW,CBCdriftDiffusionLR,0.5,0.0473035343475292,NA,NA,0.878638384316069,4.17628830818367,1.8573384544121,0.5,48.5497606238674,NA,v1,MR,NA,CBCsimpleRW_CBCdriftDiffusionLR,112.23627978340784
CBC_P005,CBC_P005_TV_prob0.9_Vset1_Aset1_2023-03-15_17h48.53.126.csv,2,25,tac,0B,0.35,1,1.25637720000668,0,1,1,0.453815277833355,0.453815277833355,CBCsimpleRW,CBCdriftDiffusionLR,0.5,0.0473035343475292,NA,NA,0.878638384316069,4.17628830818367,1.8573384544121,0.5,48.5497606238674,NA,v1,MR,NA,CBCsimpleRW_CBCdriftDiffusionLR,112.23627978340784
CBC_P005,CBC_P005_TV_prob0.9_Vset1_Aset1_2023-03-15_17h48.53.126.csv,2,26,tac,2A,0.35,1,1.44284570001037,0,1,1,0.453815277833355,0.453815277833355,CBCsimpleRW,CBCdriftDiffusionLR,0.5,0.0473035343475292,NA,NA,0.878638384316069,4.17628830818367,1.8573384544121,0.5,48.5497606238674,NA,v1,MR,NA,CBCsimpleRW_CBCdriftDiffusionLR,112.23627978340784
CBC_P005,CBC_P005_TV_prob0.9_Vset1_Aset1_2023-03-15_17h48.53.126.csv,2,27,tac,1B,0.5,1,1.80786760000774,0,0,0,0.545169254045223,-0.454830745954777,CBCsimpleRW,CBCdriftDiffusionLR,0.5,0.0473035343475292,NA,NA,0.878638384316069,4.17628830818367,1.8573384544121,0.5,48.5497606238674,NA,v1,MR,NA,CBCsimpleRW_CBCdriftDiffusionLR,112.23627978340784
CBC_P005,CBC_P005_TV_prob0.9_Vset1_Aset1_2023-03-15_17h48.53.126.csv,2,28,tac,0A,0.5,0,1.79648500000621,1,1,0,0.58810338721007,-0.58810338721007,CBCsimpleRW,CBCdriftDiffusionLR,0.5,0.0473035343475292,NA,NA,0.878638384316069,4.17628830818367,1.8573384544121,0.5,48.5497606238674,NA,v1,MR,NA,CBCsimpleRW_CBCdriftDiffusionLR,112.23627978340784
CBC_P005,CBC_P005_TV_prob0.9_Vset1_Aset1_2023-03-15_17h48.53.126.csv,2,29,tac,2C,0.5,1,1.95517150000524,1,1,1,0.58810338721007,0.41189661278993,CBCsimpleRW,CBCdriftDiffusionLR,0.5,0.0473035343475292,NA,NA,0.878638384316069,4.17628830818367,1.8573384544121,0.5,48.5497606238674,NA,v1,MR,NA,CBCsimpleRW_CBCdriftDiffusionLR,112.23627978340784
CBC_P005,CBC_P005_TV_prob0.9_Vset1_Aset1_2023-03-15_17h48.53.126.csv,2,30,tac,1A,0.15,1,2.0052401000066302,0,1,1,0.476348232826235,0.476348232826235,CBCsimpleRW,CBCdriftDiffusionLR,0.5,0.0473035343475292,NA,NA,0.878638384316069,4.17628830818367,1.8573384544121,0.5,48.5497606238674,NA,v1,MR,NA,CBCsimpleRW_CBCdriftDiffusionLR,112.23627978340784
CBC_P005,CBC_P005_TV_prob0.9_Vset1_Aset1_2023-03-15_17h48.53.126.csv,2,31,tac,2C,0.5,1,1.19670940000651,1,1,1,0.607587552780809,0.392412447219191,CBCsimpleRW,CBCdriftDiffusionLR,0.5,0.0473035343475292,NA,NA,0.878638384316069,4.17628830818367,1.8573384544121,0.5,48.5497606238674,NA,v1,MR,NA,CBCsimpleRW_CBCdriftDiffusionLR,112.23627978340784
CBC_P005,CBC_P005_TV_prob0.9_Vset1_Aset1_2023-03-15_17h48.53.126.csv,2,32,tac,1B,0.5,1,1.39692880000803,1,1,1,0.566684355858807,0.433315644141193,CBCsimpleRW,CBCdriftDiffusionLR,0.5,0.0473035343475292,NA,NA,0.878638384316069,4.17628830818367,1.8573384544121,0.5,48.5497606238674,NA,v1,MR,NA,CBCsimpleRW_CBCdriftDiffusionLR,112.23627978340784
CBC_P005,CBC_P005_TV_prob0.9_Vset1_Aset1_2023-03-15_17h48.53.126.csv,2,33,tac,0A,0.5,1,1.82463850000204,1,1,1,0.56028401843328,0.43971598156672,CBCsimpleRW,CBCdriftDiffusionLR,0.5,0.0473035343475292,NA,NA,0.878638384316069,4.17628830818367,1.8573384544121,0.5,48.5497606238674,NA,v1,MR,NA,CBCsimpleRW_CBCdriftDiffusionLR,112.23627978340784
CBC_P005,CBC_P005_TV_prob0.9_Vset1_Aset1_2023-03-15_17h48.53.126.csv,2,34,tac,1C,0.35,1,2.00397400000656,0,1,1,0.41189661278993,0.41189661278993,CBCsimpleRW,CBCdriftDiffusionLR,0.5,0.0473035343475292,NA,NA,0.878638384316069,4.17628830818367,1.8573384544121,0.5,48.5497606238674,NA,v1,MR,NA,CBCsimpleRW_CBCdriftDiffusionLR,112.23627978340784
CBC_P005,CBC_P005_TV_prob0.9_Vset1_Aset1_2023-03-15_17h48.53.126.csv,2,35,tac,2A,0.35,1,1.5869961999997,0,1,1,0.432348211250931,0.432348211250931,CBCsimpleRW,CBCdriftDiffusionLR,0.5,0.0473035343475292,NA,NA,0.878638384316069,4.17628830818367,1.8573384544121,0.5,48.5497606238674,NA,v1,MR,NA,CBCsimpleRW_CBCdriftDiffusionLR,112.23627978340784
CBC_P005,CBC_P005_TV_prob0.9_Vset1_Aset1_2023-03-15_17h48.53.126.csv,2,36,tac,0B,0.35,1,1.7306668000092,0,1,1,0.432348211250931,0.432348211250931,CBCsimpleRW,CBCdriftDiffusionLR,0.5,0.0473035343475292,NA,NA,0.878638384316069,4.17628830818367,1.8573384544121,0.5,48.5497606238674,NA,v1,MR,NA,CBCsimpleRW_CBCdriftDiffusionLR,112.23627978340784
CBC_P005,CBC_P005_TV_prob0.9_Vset1_Aset1_2023-03-15_17h48.53.126.csv,2,37,tac,2C,0.5,1,1.14406890000828,1,1,1,0.62615004845624,0.37384995154376,CBCsimpleRW,CBCdriftDiffusionLR,0.5,0.0473035343475292,NA,NA,0.878638384316069,4.17628830818367,1.8573384544121,0.5,48.5497606238674,NA,v1,MR,NA,CBCsimpleRW_CBCdriftDiffusionLR,112.23627978340784
CBC_P005,CBC_P005_TV_prob0.9_Vset1_Aset1_2023-03-15_17h48.53.126.csv,2,38,tac,0B,0.35,1,1.3198387000084,0,1,1,0.41189661278993,0.41189661278993,CBCsimpleRW,CBCdriftDiffusionLR,0.5,0.0473035343475292,NA,NA,0.878638384316069,4.17628830818367,1.8573384544121,0.5,48.5497606238674,NA,v1,MR,NA,CBCsimpleRW_CBCdriftDiffusionLR,112.23627978340784
CBC_P005,CBC_P005_TV_prob0.9_Vset1_Aset1_2023-03-15_17h48.53.126.csv,2,39,tac,1C,0.35,1,1.67373060000682,0,1,1,0.39241244721919,0.392412447219191,CBCsimpleRW,CBCdriftDiffusionLR,0.5,0.0473035343475292,NA,NA,0.878638384316069,4.17628830818367,1.8573384544121,0.5,48.5497606238674,NA,v1,MR,NA,CBCsimpleRW_CBCdriftDiffusionLR,112.23627978340784
CBC_P005,CBC_P005_TV_prob0.9_Vset1_Aset1_2023-03-15_17h48.53.126.csv,2,40,tac,2B,0.15,0,1.62818390000757,0,1,0,0.476348232826235,-0.523651767173765,CBCsimpleRW,CBCdriftDiffusionLR,0.5,0.0473035343475292,NA,NA,0.878638384316069,4.17628830818367,1.8573384544121,0.5,48.5497606238674,NA,v1,MR,NA,CBCsimpleRW_CBCdriftDiffusionLR,112.23627978340784
CBC_P005,CBC_P005_TV_prob0.9_Vset1_Aset1_2023-03-15_17h48.53.126.csv,2,41,tac,0A,0.5,1,1.7345195000089,1,1,1,0.581084138470479,0.418915861529521,CBCsimpleRW,CBCdriftDiffusionLR,0.5,0.0473035343475292,NA,NA,0.878638384316069,4.17628830818367,1.8573384544121,0.5,48.5497606238674,NA,v1,MR,NA,CBCsimpleRW_CBCdriftDiffusionLR,112.23627978340784
CBC_P005,CBC_P005_TV_prob0.9_Vset1_Aset1_2023-03-15_17h48.53.126.csv,2,42,tac,1B,0.5,1,1.82163660001243,0,0,0,0.587181717314762,-0.412818282685238,CBCsimpleRW,CBCdriftDiffusionLR,0.5,0.0473035343475292,NA,NA,0.878638384316069,4.17628830818367,1.8573384544121,0.5,48.5497606238674,NA,v1,MR,NA,CBCsimpleRW_CBCdriftDiffusionLR,112.23627978340784
CBC_P006,CBC_P006_AV_prob0.8_Vset3_Aset2_2023-03-15_18h44.03.839.csv,1,1,aud,1A,0.15,1,1.44612010000128,1,0,0,0.5,-0.5,CBC2StepAsymRW,CBCdriftDiffusionLR,0.5,0.963355116680263,0.164217968577477,0.0748700022428735,0.683642234531277,2.51162492732101,1.77823824566256,0.5,4.16226192743759,NA,v1,MR,NA,CBC2StepAsymRW_CBCdriftDiffusionLR,31.029661658384747
CBC_P006,CBC_P006_AV_prob0.8_Vset3_Aset2_2023-03-15_18h44.03.839.csv,1,2,aud,2C,0.5,1,1.26607030000014,1,1,1,0.5,0.5,CBC2StepAsymRW,CBCdriftDiffusionLR,0.5,0.963355116680263,0.164217968577477,0.0748700022428735,0.683642234531277,2.51162492732101,1.77823824566256,0.5,4.16226192743759,NA,v1,MR,NA,CBC2StepAsymRW_CBCdriftDiffusionLR,31.029661658384747
CBC_P006,CBC_P006_AV_prob0.8_Vset3_Aset2_2023-03-15_18h44.03.839.csv,1,3,aud,0A,0.5,1,1.01311130000249,1,1,1,0.5,0.5,CBC2StepAsymRW,CBCdriftDiffusionLR,0.5,0.963355116680263,0.164217968577477,0.0748700022428735,0.683642234531277,2.51162492732101,1.77823824566256,0.5,4.16226192743759,NA,v1,MR,NA,CBC2StepAsymRW_CBCdriftDiffusionLR,31.029661658384747
CBC_P006,CBC_P006_AV_prob0.8_Vset3_Aset2_2023-03-15_18h44.03.839.csv,1,4,aud,2B,0.15,0,2.24153110000043,0,1,0,0.417891015711261,-0.582108984288739,CBC2StepAsymRW,CBCdriftDiffusionLR,0.5,0.963355116680263,0.164217968577477,0.0748700022428735,0.683642234531277,2.51162492732101,1.77823824566256,0.5,4.16226192743759,NA,v1,MR,NA,CBC2StepAsymRW_CBCdriftDiffusionLR,31.029661658384747
CBC_P006,CBC_P006_AV_prob0.8_Vset3_Aset2_2023-03-15_18h44.03.839.csv,1,5,aud,1C,0.35,1,1.25365649999731,0,1,1,0.417891015711261,0.417891015711261,CBC2StepAsymRW,CBCdriftDiffusionLR,0.5,0.963355116680263,0.164217968577477,0.0748700022428735,0.683642234531277,2.51162492732101,1.77823824566256,0.5,4.16226192743759,NA,v1,MR,NA,CBC2StepAsymRW_CBCdriftDiffusionLR,31.029661658384747
CBC_P006,CBC_P006_AV_prob0.8_Vset3_Aset2_2023-03-15_18h44.03.839.csv,1,6,aud,0A,0.5,1,1.11650060000102,1,1,1,0.981677558340131,0.0183224416598685,CBC2StepAsymRW,CBCdriftDiffusionLR,0.5,0.963355116680263,0.164217968577477,0.0748700022428735,0.683642234531277,2.51162492732101,1.77823824566256,0.5,4.16226192743759,NA,v1,MR,NA,CBC2StepAsymRW_CBCdriftDiffusionLR,31.029661658384747
CBC_P006,CBC_P006_AV_prob0.8_Vset3_Aset2_2023-03-15_18h44.03.839.csv,1,7,aud,1B,0.5,0,1.02531240000098,1,1,0,0.5,-0.5,CBC2StepAsymRW,CBCdriftDiffusionLR,0.5,0.963355116680263,0.164217968577477,0.0748700022428735,0.683642234531277,2.51162492732101,1.77823824566256,0.5,4.16226192743759,NA,v1,MR,NA,CBC2StepAsymRW_CBCdriftDiffusionLR,31.029661658384747
CBC_P006,CBC_P006_AV_prob0.8_Vset3_Aset2_2023-03-15_18h44.03.839.csv,1,8,aud,2A,0.35,1,1.25857769999857,0,1,1,0.291910081522353,0.291910081522353,CBC2StepAsymRW,CBCdriftDiffusionLR,0.5,0.963355116680263,0.164217968577477,0.0748700022428735,0.683642234531277,2.51162492732101,1.77823824566256,0.5,4.16226192743759,NA,v1,MR,NA,CBC2StepAsymRW_CBCdriftDiffusionLR,31.029661658384747
CBC_P006,CBC_P006_AV_prob0.8_Vset3_Aset2_2023-03-15_18h44.03.839.csv,1,9,aud,1C,0.35,1,1.03610330000083,0,1,1,0.0153135675111056,0.0153135675111056,CBC2StepAsymRW,CBCdriftDiffusionLR,0.5,0.963355116680263,0.164217968577477,0.0748700022428735,0.683642234531277,2.51162492732101,1.77823824566256,0.5,4.16226192743759,NA,v1,MR,NA,CBC2StepAsymRW_CBCdriftDiffusionLR,31.029661658384747
CBC_P006,CBC_P006_AV_prob0.8_Vset3_Aset2_2023-03-15_18h44.03.839.csv,1,10,aud,2A,0.35,1,NA,NA,NA,NA,0.0106970108772415,0,CBC2StepAsymRW,CBCdriftDiffusionLR,0.5,0.963355116680263,0.164217968577477,0.0748700022428735,0.683642234531277,2.51162492732101,1.77823824566256,0.5,4.16226192743759,NA,v1,MR,NA,CBC2StepAsymRW_CBCdriftDiffusionLR,31.029661658384747
CBC_P006,CBC_P006_AV_prob0.8_Vset3_Aset2_2023-03-15_18h44.03.839.csv,1,11,aud,0B,0.35,1,1.55547719999595,1,0,0,0.34926580202438,-0.34926580202438,CBC2StepAsymRW,CBCdriftDiffusionLR,0.5,0.963355116680263,0.164217968577477,0.0748700022428735,0.683642234531277,2.51162492732101,1.77823824566256,0.5,4.16226192743759,NA,v1,MR,NA,CBC2StepAsymRW_CBCdriftDiffusionLR,31.029661658384747
CBC_P006,CBC_P006_AV_prob0.8_Vset3_Aset2_2023-03-15_18h44.03.839.csv,1,12,aud,2C,0.5,1,0.882247300003655,1,1,1,0.981677558340131,0.0183224416598685,CBC2StepAsymRW,CBCdriftDiffusionLR,0.5,0.963355116680263,0.164217968577477,0.0748700022428735,0.683642234531277,2.51162492732101,1.77823824566256,0.5,4.16226192743759,NA,v1,MR,NA,CBC2StepAsymRW_CBCdriftDiffusionLR,31.029661658384747
CBC_P006,CBC_P006_AV_prob0.8_Vset3_Aset2_2023-03-15_18h44.03.839.csv,1,13,aud,0A,0.5,1,2.25994199999695,1,1,1,0.999328576263241,6.71423736758547e-4,CBC2StepAsymRW,CBCdriftDiffusionLR,0.5,0.963355116680263,0.164217968577477,0.0748700022428735,0.683642234531277,2.51162492732101,1.77823824566256,0.5,4.16226192743759,NA,v1,MR,NA,CBC2StepAsymRW_CBCdriftDiffusionLR,31.029661658384747
CBC_P006,CBC_P006_AV_prob0.8_Vset3_Aset2_2023-03-15_18h44.03.839.csv,1,14,aud,1B,0.5,1,1.17514660000597,1,1,1,0.417891015711261,0.582108984288739,CBC2StepAsymRW,CBCdriftDiffusionLR,0.5,0.963355116680263,0.164217968577477,0.0748700022428735,0.683642234531277,2.51162492732101,1.77823824566256,0.5,4.16226192743759,NA,v1,MR,NA,CBC2StepAsymRW_CBCdriftDiffusionLR,31.029661658384747
CBC_P006,CBC_P006_AV_prob0.8_Vset3_Aset2_2023-03-15_18h44.03.839.csv,1,15,aud,0A,0.5,0,1.03052419999585,1,1,0,0.999975395755508,-0.999975395755508,CBC2StepAsymRW,CBCdriftDiffusionLR,0.5,0.963355116680263,0.164217968577477,0.0748700022428735,0.683642234531277,2.51162492732101,1.77823824566256,0.5,4.16226192743759,NA,v1,MR,NA,CBC2StepAsymRW_CBCdriftDiffusionLR,31.029661658384747
CBC_P006,CBC_P006_AV_prob0.8_Vset3_Aset2_2023-03-15_18h44.03.839.csv,1,16,aud,1C,0.35,1,0.890984800003935,0,1,1,3.91990715466513e-4,3.91990715466473e-4,CBC2StepAsymRW,CBCdriftDiffusionLR,0.5,0.963355116680263,0.164217968577477,0.0748700022428735,0.683642234531277,2.51162492732101,1.77823824566256,0.5,4.16226192743759,NA,v1,MR,NA,CBC2StepAsymRW_CBCdriftDiffusionLR,31.029661658384747
CBC_P006,CBC_P006_AV_prob0.8_Vset3_Aset2_2023-03-15_18h44.03.839.csv,1,17,aud,2A,0.35,1,1.02712270000484,0,1,1,0.00747220016660653,0.00747220016660655,CBC2StepAsymRW,CBCdriftDiffusionLR,0.5,0.963355116680263,0.164217968577477,0.0748700022428735,0.683642234531277,2.51162492732101,1.77823824566256,0.5,4.16226192743759,NA,v1,MR,NA,CBC2StepAsymRW_CBCdriftDiffusionLR,31.029661658384747
CBC_P006,CBC_P006_AV_prob0.8_Vset3_Aset2_2023-03-15_18h44.03.839.csv,1,18,aud,0B,0.35,1,1.45262779999757,0,1,1,0.203908417483813,0.203908417483813,CBC2StepAsymRW,CBCdriftDiffusionLR,0.5,0.963355116680263,0.164217968577477,0.0748700022428735,0.683642234531277,2.51162492732101,1.77823824566256,0.5,4.16226192743759,NA,v1,MR,NA,CBC2StepAsymRW_CBCdriftDiffusionLR,31.029661658384747
CBC_P006,CBC_P006_AV_prob0.8_Vset3_Aset2_2023-03-15_18h44.03.839.csv,1,19,aud,2C,0.5,0,0.764120300002105,1,1,0,0.999328576263241,-0.999328576263241,CBC2StepAsymRW,CBCdriftDiffusionLR,0.5,0.963355116680263,0.164217968577477,0.0748700022428735,0.683642234531277,2.51162492732101,1.77823824566256,0.5,4.16226192743759,NA,v1,MR,NA,CBC2StepAsymRW_CBCdriftDiffusionLR,31.029661658384747
CBC_P006,CBC_P006_AV_prob0.8_Vset3_Aset2_2023-03-15_18h44.03.839.csv,1,20,aud,1B,0.5,1,1.1256793000066,1,1,1,0.978668684191369,0.0213313158086315,CBC2StepAsymRW,CBCdriftDiffusionLR,0.5,0.963355116680263,0.164217968577477,0.0748700022428735,0.683642234531277,2.51162492732101,1.77823824566256,0.5,4.16226192743759,NA,v1,MR,NA,CBC2StepAsymRW_CBCdriftDiffusionLR,31.029661658384747
CBC_P006,CBC_P006_AV_prob0.8_Vset3_Aset2_2023-03-15_18h44.03.839.csv,1,21,aud,0C,0.15,0,1.21926779999922,0,1,0,0.203908417483813,-0.796091582516187,CBC2StepAsymRW,CBCdriftDiffusionLR,0.5,0.963355116680263,0.164217968577477,0.0748700022428735,0.683642234531277,2.51162492732101,1.77823824566256,0.5,4.16226192743759,NA,v1,MR,NA,CBC2StepAsymRW_CBCdriftDiffusionLR,31.029661658384747
CBC_P006,CBC_P006_AV_prob0.8_Vset3_Aset2_2023-03-15_18h44.03.839.csv,1,22,aud,1B,0.5,1,0.938026499999978,1,1,1,0.999218316421136,7.81683578863768e-4,CBC2StepAsymRW,CBCdriftDiffusionLR,0.5,0.963355116680263,0.164217968577477,0.0748700022428735,0.683642234531277,2.51162492732101,1.77823824566256,0.5,4.16226192743759,NA,v1,MR,NA,CBC2StepAsymRW_CBCdriftDiffusionLR,31.029661658384747
CBC_P006,CBC_P006_AV_prob0.8_Vset3_Aset2_2023-03-15_18h44.03.839.csv,1,23,aud,2C,0.5,1,0.757413400002406,1,1,1,0.83522086752787,0.16477913247213,CBC2StepAsymRW,CBCdriftDiffusionLR,0.5,0.963355116680263,0.164217968577477,0.0748700022428735,0.683642234531277,2.51162492732101,1.77823824566256,0.5,4.16226192743759,NA,v1,MR,NA,CBC2StepAsymRW_CBCdriftDiffusionLR,31.029661658384747
CBC_P006,CBC_P006_AV_prob0.8_Vset3_Aset2_2023-03-15_18h44.03.839.csv,1,24,aud,0B,0.35,1,NA,NA,NA,NA,0.0052195679681531,0,CBC2StepAsymRW,CBCdriftDiffusionLR,0.5,0.963355116680263,0.164217968577477,0.0748700022428735,0.683642234531277,2.51162492732101,1.77823824566256,0.5,4.16226192743759,NA,v1,MR,NA,CBC2StepAsymRW_CBCdriftDiffusionLR,31.029661658384747
CBC_P006,CBC_P006_AV_prob0.8_Vset3_Aset2_2023-03-15_18h44.03.839.csv,1,25,aud,2A,0.35,1,0.972396400000434,0,1,1,2.28852083415637e-4,2.28852083415609e-4,CBC2StepAsymRW,CBCdriftDiffusionLR,0.5,0.963355116680263,0.164217968577477,0.0748700022428735,0.683642234531277,2.51162492732101,1.77823824566256,0.5,4.16226192743759,NA,v1,MR,NA,CBC2StepAsymRW_CBCdriftDiffusionLR,31.029661658384747
CBC_P006,CBC_P006_AV_prob0.8_Vset3_Aset2_2023-03-15_18h44.03.839.csv,1,26,aud,1B,0.5,1,1.15338769999653,1,1,1,0.99997135529646,2.86447035404702e-5,CBC2StepAsymRW,CBCdriftDiffusionLR,0.5,0.963355116680263,0.164217968577477,0.0748700022428735,0.683642234531277,2.51162492732101,1.77823824566256,0.5,4.16226192743759,NA,v1,MR,NA,CBC2StepAsymRW_CBCdriftDiffusionLR,31.029661658384747
CBC_P006,CBC_P006_AV_prob0.8_Vset3_Aset2_2023-03-15_18h44.03.839.csv,1,27,aud,0A,0.5,0,1.75004560000525,1,1,0,0.83576146763708,-0.83576146763708,CBC2StepAsymRW,CBCdriftDiffusionLR,0.5,0.963355116680263,0.164217968577477,0.0748700022428735,0.683642234531277,2.51162492732101,1.77823824566256,0.5,4.16226192743759,NA,v1,MR,NA,CBC2StepAsymRW_CBCdriftDiffusionLR,31.029661658384747
CBC_P006,CBC_P006_AV_prob0.8_Vset3_Aset2_2023-03-15_18h44.03.839.csv,1,28,aud,2B,0.15,1,1.05406399999629,0,1,1,0.17501888043111,0.17501888043111,CBC2StepAsymRW,CBCdriftDiffusionLR,0.5,0.963355116680263,0.164217968577477,0.0748700022428735,0.683642234531277,2.51162492732101,1.77823824566256,0.5,4.16226192743759,NA,v1,MR,NA,CBC2StepAsymRW_CBCdriftDiffusionLR,31.029661658384747
CBC_P006,CBC_P006_AV_prob0.8_Vset3_Aset2_2023-03-15_18h44.03.839.csv,1,29,aud,1C,0.35,1,0.887692399999651,0,1,1,7.00908365890486e-6,7.00908365891539e-6,CBC2StepAsymRW,CBCdriftDiffusionLR,0.5,0.963355116680263,0.164217968577477,0.0748700022428735,0.683642234531277,2.51162492732101,1.77823824566256,0.5,4.16226192743759,NA,v1,MR,NA,CBC2StepAsymRW_CBCdriftDiffusionLR,31.029661658384747
CBC_P006,CBC_P006_AV_prob0.8_Vset3_Aset2_2023-03-15_18h44.03.839.csv,1,30,aud,0B,0.35,1,1.41086440000072,0,1,1,0.00436242111957092,0.00436242111957097,CBC2StepAsymRW,CBCdriftDiffusionLR,0.5,0.963355116680263,0.164217968577477,0.0748700022428735,0.683642234531277,2.51162492732101,1.77823824566256,0.5,4.16226192743759,NA,v1,MR,NA,CBC2StepAsymRW_CBCdriftDiffusionLR,31.029661658384747
CBC_P006,CBC_P006_AV_prob0.8_Vset3_Aset2_2023-03-15_18h44.03.839.csv,1,31,aud,2C,0.5,1,1.05288709999877,1,1,1,0.993961687917031,0.00603831208296868,CBC2StepAsymRW,CBCdriftDiffusionLR,0.5,0.963355116680263,0.164217968577477,0.0748700022428735,0.683642234531277,2.51162492732101,1.77823824566256,0.5,4.16226192743759,NA,v1,MR,NA,CBC2StepAsymRW_CBCdriftDiffusionLR,31.029661658384747
CBC_P006,CBC_P006_AV_prob0.8_Vset3_Aset2_2023-03-15_18h44.03.839.csv,1,32,aud,0A,0.5,1,1.22753550000198,1,1,1,0.698514417206388,0.301485582793612,CBC2StepAsymRW,CBCdriftDiffusionLR,0.5,0.963355116680263,0.164217968577477,0.0748700022428735,0.683642234531277,2.51162492732101,1.77823824566256,0.5,4.16226192743759,NA,v1,MR,NA,CBC2StepAsymRW_CBCdriftDiffusionLR,31.029661658384747
CBC_P006,CBC_P006_AV_prob0.8_Vset3_Aset2_2023-03-15_18h44.03.839.csv,1,33,aud,2C,0.5,1,0.911916899996868,1,1,1,0.999778726758272,2.21273241728492e-4,CBC2StepAsymRW,CBCdriftDiffusionLR,0.5,0.963355116680263,0.164217968577477,0.0748700022428735,0.683642234531277,2.51162492732101,1.77823824566256,0.5,4.16226192743759,NA,v1,MR,NA,CBC2StepAsymRW_CBCdriftDiffusionLR,31.029661658384747
CBC_P006,CBC_P006_AV_prob0.8_Vset3_Aset2_2023-03-15_18h44.03.839.csv,1,34,aud,1A,0.15,1,1.06532400000287,0,1,1,0.09949637861916,0.0994963786191599,CBC2StepAsymRW,CBCdriftDiffusionLR,0.5,0.963355116680263,0.164217968577477,0.0748700022428735,0.683642234531277,2.51162492732101,1.77823824566256,0.5,4.16226192743759,NA,v1,MR,NA,CBC2StepAsymRW_CBCdriftDiffusionLR,31.029661658384747
CBC_P006,CBC_P006_AV_prob0.8_Vset3_Aset2_2023-03-15_18h44.03.839.csv,1,35,aud,0B,0.35,1,0.909541699998954,0,1,1,1.33608460652808e-4,1.33608460652801e-4,CBC2StepAsymRW,CBCdriftDiffusionLR,0.5,0.963355116680263,0.164217968577477,0.0748700022428735,0.683642234531277,2.51162492732101,1.77823824566256,0.5,4.16226192743759,NA,v1,MR,NA,CBC2StepAsymRW_CBCdriftDiffusionLR,31.029661658384747
CBC_P006,CBC_P006_AV_prob0.8_Vset3_Aset2_2023-03-15_18h44.03.839.csv,1,36,aud,2C,0.5,1,0.844138700005715,1,1,1,0.999991891467875,8.10853212496188e-6,CBC2StepAsymRW,CBCdriftDiffusionLR,0.5,0.963355116680263,0.164217968577477,0.0748700022428735,0.683642234531277,2.51162492732101,1.77823824566256,0.5,4.16226192743759,NA,v1,MR,NA,CBC2StepAsymRW_CBCdriftDiffusionLR,31.029661658384747
CBC_P006,CBC_P006_AV_prob0.8_Vset3_Aset2_2023-03-15_18h44.03.839.csv,1,37,aud,1B,0.5,0,1.08149229999981,1,1,0,0.999998950318181,-0.999998950318181,CBC2StepAsymRW,CBCdriftDiffusionLR,0.5,0.963355116680263,0.164217968577477,0.0748700022428735,0.683642234531277,2.51162492732101,1.77823824566256,0.5,4.16226192743759,NA,v1,MR,NA,CBC2StepAsymRW_CBCdriftDiffusionLR,31.029661658384747
CBC_P006,CBC_P006_AV_prob0.8_Vset3_Aset2_2023-03-15_18h44.03.839.csv,1,38,aud,2A,0.35,0,1.24864539999544,0,1,0,4.09204436453719e-6,-0.999995907955635,CBC2StepAsymRW,CBCdriftDiffusionLR,0.5,0.963355116680263,0.164217968577477,0.0748700022428735,0.683642234531277,2.51162492732101,1.77823824566256,0.5,4.16226192743759,NA,v1,MR,NA,CBC2StepAsymRW_CBCdriftDiffusionLR,31.029661658384747
CBC_P006,CBC_P006_AV_prob0.8_Vset3_Aset2_2023-03-15_18h44.03.839.csv,1,39,aud,1C,0.35,1,1.19246630000271,0,1,1,1.4995248827168e-7,1.49952488315286e-7,CBC2StepAsymRW,CBCdriftDiffusionLR,0.5,0.963355116680263,0.164217968577477,0.0748700022428735,0.683642234531277,2.51162492732101,1.77823824566256,0.5,4.16226192743759,NA,v1,MR,NA,CBC2StepAsymRW_CBCdriftDiffusionLR,31.029661658384747
CBC_P006,CBC_P006_AV_prob0.8_Vset3_Aset2_2023-03-15_18h44.03.839.csv,1,40,aud,0A,0.5,1,1.08928100000048,1,1,1,0.988952095995945,0.0110479040040548,CBC2StepAsymRW,CBCdriftDiffusionLR,0.5,0.963355116680263,0.164217968577477,0.0748700022428735,0.683642234531277,2.51162492732101,1.77823824566256,0.5,4.16226192743759,NA,v1,MR,NA,CBC2StepAsymRW_CBCdriftDiffusionLR,31.029661658384747
CBC_P006,CBC_P006_AV_prob0.8_Vset3_Aset2_2023-03-15_18h44.03.839.csv,1,41,aud,1B,0.5,0,0.954265700005635,0,0,1,0.83578115411732,0.83578115411732,CBC2StepAsymRW,CBCdriftDiffusionLR,0.5,0.963355116680263,0.164217968577477,0.0748700022428735,0.683642234531277,2.51162492732101,1.77823824566256,0.5,4.16226192743759,NA,v1,MR,NA,CBC2StepAsymRW_CBCdriftDiffusionLR,31.029661658384747
CBC_P006,CBC_P006_AV_prob0.8_Vset3_Aset2_2023-03-15_18h44.03.839.csv,1,42,aud,0C,0.15,1,1.06067719999555,0,1,1,0.114061026877318,0.114061026877318,CBC2StepAsymRW,CBCdriftDiffusionLR,0.5,0.963355116680263,0.164217968577477,0.0748700022428735,0.683642234531277,2.51162492732101,1.77823824566256,0.5,4.16226192743759,NA,v1,MR,NA,CBC2StepAsymRW_CBCdriftDiffusionLR,31.029661658384747
CBC_P006,CBC_P006_TV_prob0.8_Vset2_Aset2_2023-03-15_18h35.47.090.csv,2,1,tac,1A,0.15,0,2.11686210000335,1,0,1,0.5,0.5,CBCsimpleRW,CBCdriftDiffusionLR,0.5,0.0238238394879284,NA,NA,0.737776973135972,7.34178646740825,1.90813756579991,0.5,56.0273849725456,NA,v1,MR,NA,CBCsimpleRW_CBCdriftDiffusionLR,127.19152848076423
CBC_P006,CBC_P006_TV_prob0.8_Vset2_Aset2_2023-03-15_18h35.47.090.csv,2,2,tac,2C,0.5,1,1.19640929999878,1,1,1,0.5,0.5,CBCsimpleRW,CBCdriftDiffusionLR,0.5,0.0238238394879284,NA,NA,0.737776973135972,7.34178646740825,1.90813756579991,0.5,56.0273849725456,NA,v1,MR,NA,CBCsimpleRW_CBCdriftDiffusionLR,127.19152848076423
CBC_P006,CBC_P006_TV_prob0.8_Vset2_Aset2_2023-03-15_18h35.47.090.csv,2,3,tac,0A,0.5,1,1.44718060000014,1,1,1,0.5,0.5,CBCsimpleRW,CBCdriftDiffusionLR,0.5,0.0238238394879284,NA,NA,0.737776973135972,7.34178646740825,1.90813756579991,0.5,56.0273849725456,NA,v1,MR,NA,CBCsimpleRW_CBCdriftDiffusionLR,127.19152848076423
CBC_P006,CBC_P006_TV_prob0.8_Vset2_Aset2_2023-03-15_18h35.47.090.csv,2,4,tac,2B,0.15,1,2.169888299999,0,1,1,0.5,0.5,CBCsimpleRW,CBCdriftDiffusionLR,0.5,0.0238238394879284,NA,NA,0.737776973135972,7.34178646740825,1.90813756579991,0.5,56.0273849725456,NA,v1,MR,NA,CBCsimpleRW_CBCdriftDiffusionLR,127.19152848076423
CBC_P006,CBC_P006_TV_prob0.8_Vset2_Aset2_2023-03-15_18h35.47.090.csv,2,5,tac,1C,0.35,0,2.00744529999793,1,0,1,0.5,0.5,CBCsimpleRW,CBCdriftDiffusionLR,0.5,0.0238238394879284,NA,NA,0.737776973135972,7.34178646740825,1.90813756579991,0.5,56.0273849725456,NA,v1,MR,NA,CBCsimpleRW_CBCdriftDiffusionLR,127.19152848076423
CBC_P006,CBC_P006_TV_prob0.8_Vset2_Aset2_2023-03-15_18h35.47.090.csv,2,6,tac,0A,0.5,1,1.6408386999974,1,1,1,0.511911919743964,0.488088080256036,CBCsimpleRW,CBCdriftDiffusionLR,0.5,0.0238238394879284,NA,NA,0.737776973135972,7.34178646740825,1.90813756579991,0.5,56.0273849725456,NA,v1,MR,NA,CBCsimpleRW_CBCdriftDiffusionLR,127.19152848076423
CBC_P006,CBC_P006_TV_prob0.8_Vset2_Aset2_2023-03-15_18h35.47.090.csv,2,7,tac,1B,0.5,1,1.29126130000077,0,0,0,0.5,-0.5,CBCsimpleRW,CBCdriftDiffusionLR,0.5,0.0238238394879284,NA,NA,0.737776973135972,7.34178646740825,1.90813756579991,0.5,56.0273849725456,NA,v1,MR,NA,CBCsimpleRW_CBCdriftDiffusionLR,127.19152848076423
CBC_P006,CBC_P006_TV_prob0.8_Vset2_Aset2_2023-03-15_18h35.47.090.csv,2,8,tac,2A,0.35,1,1.72619670000131,0,1,1,0.5,0.5,CBCsimpleRW,CBCdriftDiffusionLR,0.5,0.0238238394879284,NA,NA,0.737776973135972,7.34178646740825,1.90813756579991,0.5,56.0273849725456,NA,v1,MR,NA,CBCsimpleRW_CBCdriftDiffusionLR,127.19152848076423
CBC_P006,CBC_P006_TV_prob0.8_Vset2_Aset2_2023-03-15_18h35.47.090.csv,2,9,tac,1C,0.35,1,2.05814449999889,1,0,0,0.511911919743964,-0.511911919743964,CBCsimpleRW,CBCdriftDiffusionLR,0.5,0.0238238394879284,NA,NA,0.737776973135972,7.34178646740825,1.90813756579991,0.5,56.0273849725456,NA,v1,MR,NA,CBCsimpleRW_CBCdriftDiffusionLR,127.19152848076423
CBC_P006,CBC_P006_TV_prob0.8_Vset2_Aset2_2023-03-15_18h35.47.090.csv,2,10,tac,2A,0.35,1,1.39959390000149,0,1,1,0.488088080256036,0.488088080256036,CBCsimpleRW,CBCdriftDiffusionLR,0.5,0.0238238394879284,NA,NA,0.737776973135972,7.34178646740825,1.90813756579991,0.5,56.0273849725456,NA,v1,MR,NA,CBCsimpleRW_CBCdriftDiffusionLR,127.19152848076423
CBC_P006,CBC_P006_TV_prob0.8_Vset2_Aset2_2023-03-15_18h35.47.090.csv,2,11,tac,0B,0.35,1,1.35303079999721,1,0,0,0.5,-0.5,CBCsimpleRW,CBCdriftDiffusionLR,0.5,0.0238238394879284,NA,NA,0.737776973135972,7.34178646740825,1.90813756579991,0.5,56.0273849725456,NA,v1,MR,NA,CBCsimpleRW_CBCdriftDiffusionLR,127.19152848076423
CBC_P006,CBC_P006_TV_prob0.8_Vset2_Aset2_2023-03-15_18h35.47.090.csv,2,12,tac,2C,0.5,1,2.54301250000572,1,1,1,0.511911919743964,0.488088080256036,CBCsimpleRW,CBCdriftDiffusionLR,0.5,0.0238238394879284,NA,NA,0.737776973135972,7.34178646740825,1.90813756579991,0.5,56.0273849725456,NA,v1,MR,NA,CBCsimpleRW_CBCdriftDiffusionLR,127.19152848076423
CBC_P006,CBC_P006_TV_prob0.8_Vset2_Aset2_2023-03-15_18h35.47.090.csv,2,13,tac,0A,0.5,0,1.58653470000718,1,1,0,0.523540051823955,-0.523540051823955,CBCsimpleRW,CBCdriftDiffusionLR,0.5,0.0238238394879284,NA,NA,0.737776973135972,7.34178646740825,1.90813756579991,0.5,56.0273849725456,NA,v1,MR,NA,CBCsimpleRW_CBCdriftDiffusionLR,127.19152848076423
CBC_P006,CBC_P006_TV_prob0.8_Vset2_Aset2_2023-03-15_18h35.47.090.csv,2,14,tac,1B,0.5,1,1.75705180000659,1,1,1,0.511911919743964,0.488088080256036,CBCsimpleRW,CBCdriftDiffusionLR,0.5,0.0238238394879284,NA,NA,0.737776973135972,7.34178646740825,1.90813756579991,0.5,56.0273849725456,NA,v1,MR,NA,CBCsimpleRW_CBCdriftDiffusionLR,127.19152848076423
CBC_P006,CBC_P006_TV_prob0.8_Vset2_Aset2_2023-03-15_18h35.47.090.csv,2,15,tac,0A,0.5,1,0.966635600001609,1,1,1,0.5110673176638,0.4889326823362,CBCsimpleRW,CBCdriftDiffusionLR,0.5,0.0238238394879284,NA,NA,0.737776973135972,7.34178646740825,1.90813756579991,0.5,56.0273849725456,NA,v1,MR,NA,CBCsimpleRW_CBCdriftDiffusionLR,127.19152848076423
CBC_P006,CBC_P006_TV_prob0.8_Vset2_Aset2_2023-03-15_18h35.47.090.csv,2,16,tac,1C,0.35,1,1.9984650999977,0,1,1,0.499716212336027,0.499716212336027,CBCsimpleRW,CBCdriftDiffusionLR,0.5,0.0238238394879284,NA,NA,0.737776973135972,7.34178646740825,1.90813756579991,0.5,56.0273849725456,NA,v1,MR,NA,CBCsimpleRW_CBCdriftDiffusionLR,127.19152848076423
CBC_P006,CBC_P006_TV_prob0.8_Vset2_Aset2_2023-03-15_18h35.47.090.csv,2,17,tac,2A,0.35,0,1.43861060000199,0,1,0,0.476459948176045,-0.523540051823955,CBCsimpleRW,CBCdriftDiffusionLR,0.5,0.0238238394879284,NA,NA,0.737776973135972,7.34178646740825,1.90813756579991,0.5,56.0273849725456,NA,v1,MR,NA,CBCsimpleRW_CBCdriftDiffusionLR,127.19152848076423
CBC_P006,CBC_P006_TV_prob0.8_Vset2_Aset2_2023-03-15_18h35.47.090.csv,2,18,tac,0B,0.35,1,1.58216790000733,1,0,0,0.488088080256036,-0.488088080256036,CBCsimpleRW,CBCdriftDiffusionLR,0.5,0.0238238394879284,NA,NA,0.737776973135972,7.34178646740825,1.90813756579991,0.5,56.0273849725456,NA,v1,MR,NA,CBCsimpleRW_CBCdriftDiffusionLR,127.19152848076423
CBC_P006,CBC_P006_TV_prob0.8_Vset2_Aset2_2023-03-15_18h35.47.090.csv,2,19,tac,2C,0.5,1,2.14024970000173,1,1,1,0.523540051823955,0.476459948176045,CBCsimpleRW,CBCdriftDiffusionLR,0.5,0.0238238394879284,NA,NA,0.737776973135972,7.34178646740825,1.90813756579991,0.5,56.0273849725456,NA,v1,MR,NA,CBCsimpleRW_CBCdriftDiffusionLR,127.19152848076423
CBC_P006,CBC_P006_TV_prob0.8_Vset2_Aset2_2023-03-15_18h35.47.090.csv,2,20,tac,1B,0.5,1,1.51400560000184,0,0,0,0.523540051823955,-0.476459948176045,CBCsimpleRW,CBCdriftDiffusionLR,0.5,0.0238238394879284,NA,NA,0.737776973135972,7.34178646740825,1.90813756579991,0.5,56.0273849725456,NA,v1,MR,NA,CBCsimpleRW_CBCdriftDiffusionLR,127.19152848076423
CBC_P006,CBC_P006_TV_prob0.8_Vset2_Aset2_2023-03-15_18h35.47.090.csv,2,21,tac,0C,0.15,1,1.62819960000343,0,1,1,0.5,0.5,CBCsimpleRW,CBCdriftDiffusionLR,0.5,0.0238238394879284,NA,NA,0.737776973135972,7.34178646740825,1.90813756579991,0.5,56.0273849725456,NA,v1,MR,NA,CBCsimpleRW_CBCdriftDiffusionLR,127.19152848076423
CBC_P006,CBC_P006_TV_prob0.8_Vset2_Aset2_2023-03-15_18h35.47.090.csv,2,22,tac,1B,0.5,1,1.56092509999871,0,0,0,0.534891157151728,-0.465108842848272,CBCsimpleRW,CBCdriftDiffusionLR,0.5,0.0238238394879284,NA,NA,0.737776973135972,7.34178646740825,1.90813756579991,0.5,56.0273849725456,NA,v1,MR,NA,CBCsimpleRW_CBCdriftDiffusionLR,127.19152848076423
CBC_P006,CBC_P006_TV_prob0.8_Vset2_Aset2_2023-03-15_18h35.47.090.csv,2,23,tac,2C,0.5,1,2.12062950000109,1,1,1,0.534891157151728,0.465108842848272,CBCsimpleRW,CBCdriftDiffusionLR,0.5,0.0238238394879284,NA,NA,0.737776973135972,7.34178646740825,1.90813756579991,0.5,56.0273849725456,NA,v1,MR,NA,CBCsimpleRW_CBCdriftDiffusionLR,127.19152848076423
CBC_P006,CBC_P006_TV_prob0.8_Vset2_Aset2_2023-03-15_18h35.47.090.csv,2,24,tac,0B,0.35,0,1.21560390000377,0,1,0,0.476459948176045,-0.523540051823955,CBCsimpleRW,CBCdriftDiffusionLR,0.5,0.0238238394879284,NA,NA,0.737776973135972,7.34178646740825,1.90813756579991,0.5,56.0273849725456,NA,v1,MR,NA,CBCsimpleRW_CBCdriftDiffusionLR,127.19152848076423
CBC_P006,CBC_P006_TV_prob0.8_Vset2_Aset2_2023-03-15_18h35.47.090.csv,2,25,tac,2A,0.35,1,1.42384130000573,0,1,1,0.488932682336201,0.488932682336201,CBCsimpleRW,CBCdriftDiffusionLR,0.5,0.0238238394879284,NA,NA,0.737776973135972,7.34178646740825,1.90813756579991,0.5,56.0273849725456,NA,v1,MR,NA,CBCsimpleRW_CBCdriftDiffusionLR,127.19152848076423
CBC_P006,CBC_P006_TV_prob0.8_Vset2_Aset2_2023-03-15_18h35.47.090.csv,2,26,tac,1B,0.5,0,1.33284809999896,0,0,1,0.545971835568161,0.545971835568161,CBCsimpleRW,CBCdriftDiffusionLR,0.5,0.0238238394879284,NA,NA,0.737776973135972,7.34178646740825,1.90813756579991,0.5,56.0273849725456,NA,v1,MR,NA,CBCsimpleRW_CBCdriftDiffusionLR,127.19152848076423
CBC_P006,CBC_P006_TV_prob0.8_Vset2_Aset2_2023-03-15_18h35.47.090.csv,2,27,tac,0A,0.5,1,1.23365259999991,1,1,1,0.522715571408179,0.477284428591821,CBCsimpleRW,CBCdriftDiffusionLR,0.5,0.0238238394879284,NA,NA,0.737776973135972,7.34178646740825,1.90813756579991,0.5,56.0273849725456,NA,v1,MR,NA,CBCsimpleRW_CBCdriftDiffusionLR,127.19152848076423
CBC_P006,CBC_P006_TV_prob0.8_Vset2_Aset2_2023-03-15_18h35.47.090.csv,2,28,tac,2B,0.15,1,1.66153900000063,1,0,0,0.488088080256036,-0.488088080256036,CBCsimpleRW,CBCdriftDiffusionLR,0.5,0.0238238394879284,NA,NA,0.737776973135972,7.34178646740825,1.90813756579991,0.5,56.0273849725456,NA,v1,MR,NA,CBCsimpleRW_CBCdriftDiffusionLR,127.19152848076423
CBC_P006,CBC_P006_TV_prob0.8_Vset2_Aset2_2023-03-15_18h35.47.090.csv,2,29,tac,1C,0.35,1,2.07278040000529,1,0,0,0.487811053503818,-0.487811053503818,CBCsimpleRW,CBCdriftDiffusionLR,0.5,0.0238238394879284,NA,NA,0.737776973135972,7.34178646740825,1.90813756579991,0.5,56.0273849725456,NA,v1,MR,NA,CBCsimpleRW_CBCdriftDiffusionLR,127.19152848076423
CBC_P006,CBC_P006_TV_prob0.8_Vset2_Aset2_2023-03-15_18h35.47.090.csv,2,30,tac,0B,0.35,1,1.11748889999581,0,1,1,0.488932682336201,0.488932682336201,CBCsimpleRW,CBCdriftDiffusionLR,0.5,0.0238238394879284,NA,NA,0.737776973135972,7.34178646740825,1.90813756579991,0.5,56.0273849725456,NA,v1,MR,NA,CBCsimpleRW_CBCdriftDiffusionLR,127.19152848076423
CBC_P006,CBC_P006_TV_prob0.8_Vset2_Aset2_2023-03-15_18h35.47.090.csv,2,31,tac,2C,0.5,0,2.22402590000274,0,0,1,0.545971835568161,0.545971835568161,CBCsimpleRW,CBCdriftDiffusionLR,0.5,0.0238238394879284,NA,NA,0.737776973135972,7.34178646740825,1.90813756579991,0.5,56.0273849725456,NA,v1,MR,NA,CBCsimpleRW_CBCdriftDiffusionLR,127.19152848076423
CBC_P006,CBC_P006_TV_prob0.8_Vset2_Aset2_2023-03-15_18h35.47.090.csv,2,32,tac,0A,0.5,1,0.823077400003967,1,1,1,0.534086319025039,0.465913680974961,CBCsimpleRW,CBCdriftDiffusionLR,0.5,0.0238238394879284,NA,NA,0.737776973135972,7.34178646740825,1.90813756579991,0.5,56.0273849725456,NA,v1,MR,NA,CBCsimpleRW_CBCdriftDiffusionLR,127.19152848076423
CBC_P006,CBC_P006_TV_prob0.8_Vset2_Aset2_2023-03-15_18h35.47.090.csv,2,33,tac,2C,0.5,1,1.69455710000329,1,1,1,0.532964690192656,0.467035309807344,CBCsimpleRW,CBCdriftDiffusionLR,0.5,0.0238238394879284,NA,NA,0.737776973135972,7.34178646740825,1.90813756579991,0.5,56.0273849725456,NA,v1,MR,NA,CBCsimpleRW_CBCdriftDiffusionLR,127.19152848076423
CBC_P006,CBC_P006_TV_prob0.8_Vset2_Aset2_2023-03-15_18h35.47.090.csv,2,34,tac,1A,0.15,1,1.17773170000146,0,1,1,0.511911919743964,0.511911919743964,CBCsimpleRW,CBCdriftDiffusionLR,0.5,0.0238238394879284,NA,NA,0.737776973135972,7.34178646740825,1.90813756579991,0.5,56.0273849725456,NA,v1,MR,NA,CBCsimpleRW_CBCdriftDiffusionLR,127.19152848076423
CBC_P006,CBC_P006_TV_prob0.8_Vset2_Aset2_2023-03-15_18h35.47.090.csv,2,35,tac,0B,0.35,1,1.23551109999971,1,0,0,0.477284428591821,-0.477284428591821,CBCsimpleRW,CBCdriftDiffusionLR,0.5,0.0238238394879284,NA,NA,0.737776973135972,7.34178646740825,1.90813756579991,0.5,56.0273849725456,NA,v1,MR,NA,CBCsimpleRW_CBCdriftDiffusionLR,127.19152848076423
CBC_P006,CBC_P006_TV_prob0.8_Vset2_Aset2_2023-03-15_18h35.47.090.csv,2,36,tac,2C,0.5,0,1.6658688000025,1,1,0,0.544091264448701,-0.544091264448701,CBCsimpleRW,CBCdriftDiffusionLR,0.5,0.0238238394879284,NA,NA,0.737776973135972,7.34178646740825,1.90813756579991,0.5,56.0273849725456,NA,v1,MR,NA,CBCsimpleRW_CBCdriftDiffusionLR,127.19152848076423
CBC_P006,CBC_P006_TV_prob0.8_Vset2_Aset2_2023-03-15_18h35.47.090.csv,2,37,tac,1B,0.5,1,1.41032199999609,1,1,1,0.532964690192656,0.467035309807344,CBCsimpleRW,CBCdriftDiffusionLR,0.5,0.0238238394879284,NA,NA,0.737776973135972,7.34178646740825,1.90813756579991,0.5,56.0273849725456,NA,v1,MR,NA,CBCsimpleRW_CBCdriftDiffusionLR,127.19152848076423
CBC_P006,CBC_P006_TV_prob0.8_Vset2_Aset2_2023-03-15_18h35.47.090.csv,2,38,tac,2A,0.35,1,1.16895520000253,0,1,1,0.477284428591821,0.477284428591821,CBCsimpleRW,CBCdriftDiffusionLR,0.5,0.0238238394879284,NA,NA,0.737776973135972,7.34178646740825,1.90813756579991,0.5,56.0273849725456,NA,v1,MR,NA,CBCsimpleRW_CBCdriftDiffusionLR,127.19152848076423
CBC_P006,CBC_P006_TV_prob0.8_Vset2_Aset2_2023-03-15_18h35.47.090.csv,2,39,tac,1C,0.35,1,1.88495799999509,1,0,0,0.476189521264705,-0.476189521264705,CBCsimpleRW,CBCdriftDiffusionLR,0.5,0.0238238394879284,NA,NA,0.737776973135972,7.34178646740825,1.90813756579991,0.5,56.0273849725456,NA,v1,MR,NA,CBCsimpleRW_CBCdriftDiffusionLR,127.19152848076423
CBC_P006,CBC_P006_TV_prob0.8_Vset2_Aset2_2023-03-15_18h35.47.090.csv,2,40,tac,0A,0.5,1,0.892428899998777,1,1,1,0.545186171775816,0.454813828224184,CBCsimpleRW,CBCdriftDiffusionLR,0.5,0.0238238394879284,NA,NA,0.737776973135972,7.34178646740825,1.90813756579991,0.5,56.0273849725456,NA,v1,MR,NA,CBCsimpleRW_CBCdriftDiffusionLR,127.19152848076423
CBC_P006,CBC_P006_TV_prob0.8_Vset2_Aset2_2023-03-15_18h35.47.090.csv,2,41,tac,1B,0.5,1,1.18527619999804,1,1,1,0.544091264448701,0.455908735551299,CBCsimpleRW,CBCdriftDiffusionLR,0.5,0.0238238394879284,NA,NA,0.737776973135972,7.34178646740825,1.90813756579991,0.5,56.0273849725456,NA,v1,MR,NA,CBCsimpleRW_CBCdriftDiffusionLR,127.19152848076423
CBC_P006,CBC_P006_TV_prob0.8_Vset2_Aset2_2023-03-15_18h35.47.090.csv,2,42,tac,0C,0.15,0,1.83418379999785,0,1,0,0.488088080256036,-0.511911919743964,CBCsimpleRW,CBCdriftDiffusionLR,0.5,0.0238238394879284,NA,NA,0.737776973135972,7.34178646740825,1.90813756579991,0.5,56.0273849725456,NA,v1,MR,NA,CBCsimpleRW_CBCdriftDiffusionLR,127.19152848076423
CBC_P007,CBC_P007_AV_prob0.8_Vset1_Aset4_2023-03-17_14h16.00.846.csv,1,1,aud,0B,0.35,1,1.19102600000042,0,1,1,0.5,0.5,CBC2StepRW,CBCdriftDiffusionLR,0.5,0.466388334942089,NA,0.315249352515796,0.702470474696155,1.74743123057413,2.41022493535114,0.5,40.9879883493878,NA,v1,MR,NA,CBC2StepRW_CBCdriftDiffusionLR,100.89692486836691
CBC_P007,CBC_P007_AV_prob0.8_Vset1_Aset4_2023-03-17_14h16.00.846.csv,1,2,aud,2C,0.5,0,2.46184740000172,0,0,1,0.5,0.5,CBC2StepRW,CBCdriftDiffusionLR,0.5,0.466388334942089,NA,0.315249352515796,0.702470474696155,1.74743123057413,2.41022493535114,0.5,40.9879883493878,NA,v1,MR,NA,CBC2StepRW_CBCdriftDiffusionLR,100.89692486836691
CBC_P007,CBC_P007_AV_prob0.8_Vset1_Aset4_2023-03-17_14h16.00.846.csv,1,3,aud,1B,0.5,1,2.46586570000363,1,1,1,0.5,0.5,CBC2StepRW,CBCdriftDiffusionLR,0.5,0.466388334942089,NA,0.315249352515796,0.702470474696155,1.74743123057413,2.41022493535114,0.5,40.9879883493878,NA,v1,MR,NA,CBC2StepRW_CBCdriftDiffusionLR,100.89692486836691
CBC_P007,CBC_P007_AV_prob0.8_Vset1_Aset4_2023-03-17_14h16.00.846.csv,1,4,aud,2C,0.5,1,1.94291750000048,0,0,0,0.266805832528956,-0.733194167471044,CBC2StepRW,CBCdriftDiffusionLR,0.5,0.466388334942089,NA,0.315249352515796,0.702470474696155,1.74743123057413,2.41022493535114,0.5,40.9879883493878,NA,v1,MR,NA,CBC2StepRW_CBCdriftDiffusionLR,100.89692486836691
CBC_P007,CBC_P007_AV_prob0.8_Vset1_Aset4_2023-03-17_14h16.00.846.csv,1,5,aud,1B,0.5,0,2.1745574000015,0,0,1,0.733194167471044,0.733194167471044,CBC2StepRW,CBCdriftDiffusionLR,0.5,0.466388334942089,NA,0.315249352515796,0.702470474696155,1.74743123057413,2.41022493535114,0.5,40.9879883493878,NA,v1,MR,NA,CBC2StepRW_CBCdriftDiffusionLR,100.89692486836691
CBC_P007,CBC_P007_AV_prob0.8_Vset1_Aset4_2023-03-17_14h16.00.846.csv,1,6,aud,2A,0.35,1,1.32501480000064,0,1,1,0.5,0.5,CBC2StepRW,CBCdriftDiffusionLR,0.5,0.466388334942089,NA,0.315249352515796,0.702470474696155,1.74743123057413,2.41022493535114,0.5,40.9879883493878,NA,v1,MR,NA,CBC2StepRW_CBCdriftDiffusionLR,100.89692486836691
CBC_P007,CBC_P007_AV_prob0.8_Vset1_Aset4_2023-03-17_14h16.00.846.csv,1,7,aud,0B,0.35,1,2.20659090000117,0,1,1,0.182695466576765,0.182695466576765,CBC2StepRW,CBCdriftDiffusionLR,0.5,0.466388334942089,NA,0.315249352515796,0.702470474696155,1.74743123057413,2.41022493535114,0.5,40.9879883493878,NA,v1,MR,NA,CBC2StepRW_CBCdriftDiffusionLR,100.89692486836691
CBC_P007,CBC_P007_AV_prob0.8_Vset1_Aset4_2023-03-17_14h16.00.846.csv,1,8,aud,1C,0.35,1,1.0671093000019,1,0,0,0.342375323742102,-0.342375323742102,CBC2StepRW,CBCdriftDiffusionLR,0.5,0.466388334942089,NA,0.315249352515796,0.702470474696155,1.74743123057413,2.41022493535114,0.5,40.9879883493878,NA,v1,MR,NA,CBC2StepRW_CBCdriftDiffusionLR,100.89692486836691
CBC_P007,CBC_P007_AV_prob0.8_Vset1_Aset4_2023-03-17_14h16.00.846.csv,1,9,aud,0A,0.5,1,2.06247490000169,1,1,1,0.5,0.5,CBC2StepRW,CBCdriftDiffusionLR,0.5,0.466388334942089,NA,0.315249352515796,0.702470474696155,1.74743123057413,2.41022493535114,0.5,40.9879883493878,NA,v1,MR,NA,CBC2StepRW_CBCdriftDiffusionLR,100.89692486836691
CBC_P007,CBC_P007_AV_prob0.8_Vset1_Aset4_2023-03-17_14h16.00.846.csv,1,10,aud,2C,0.5,1,1.92781240000113,1,1,1,0.608759039485027,0.391240960514973,CBC2StepRW,CBCdriftDiffusionLR,0.5,0.466388334942089,NA,0.315249352515796,0.702470474696155,1.74743123057413,2.41022493535114,0.5,40.9879883493878,NA,v1,MR,NA,CBC2StepRW_CBCdriftDiffusionLR,100.89692486836691
CBC_P007,CBC_P007_AV_prob0.8_Vset1_Aset4_2023-03-17_14h16.00.846.csv,1,11,aud,0A,0.5,1,2.10039300000062,1,1,1,0.733194167471044,0.266805832528956,CBC2StepRW,CBCdriftDiffusionLR,0.5,0.466388334942089,NA,0.315249352515796,0.702470474696155,1.74743123057413,2.41022493535114,0.5,40.9879883493878,NA,v1,MR,NA,CBC2StepRW_CBCdriftDiffusionLR,100.89692486836691
CBC_P007,CBC_P007_AV_prob0.8_Vset1_Aset4_2023-03-17_14h16.00.846.csv,1,12,aud,1C,0.35,0,2.27695060000042,0,1,0,0.125100839030868,-0.874899160969132,CBC2StepRW,CBCdriftDiffusionLR,0.5,0.466388334942089,NA,0.315249352515796,0.702470474696155,1.74743123057413,2.41022493535114,0.5,40.9879883493878,NA,v1,MR,NA,CBC2StepRW_CBCdriftDiffusionLR,100.89692486836691
CBC_P007,CBC_P007_AV_prob0.8_Vset1_Aset4_2023-03-17_14h16.00.846.csv,1,13,aud,2B,0.15,0,1.83023930000127,0,1,0,0.234441724615019,-0.765558275384981,CBC2StepRW,CBCdriftDiffusionLR,0.5,0.466388334942089,NA,0.315249352515796,0.702470474696155,1.74743123057413,2.41022493535114,0.5,40.9879883493878,NA,v1,MR,NA,CBC2StepRW_CBCdriftDiffusionLR,100.89692486836691
CBC_P007,CBC_P007_AV_prob0.8_Vset1_Aset4_2023-03-17_14h16.00.846.csv,1,14,aud,1A,0.15,1,1.67769659999976,0,1,1,0.160534122727448,0.160534122727447,CBC2StepRW,CBCdriftDiffusionLR,0.5,0.466388334942089,NA,0.315249352515796,0.702470474696155,1.74743123057413,2.41022493535114,0.5,40.9879883493878,NA,v1,MR,NA,CBC2StepRW_CBCdriftDiffusionLR,100.89692486836691
CBC_P007,CBC_P007_AV_prob0.8_Vset1_Aset4_2023-03-17_14h16.00.846.csv,1,15,aud,2C,0.5,1,1.19495040000038,1,1,1,0.791229259620749,0.208770740379251,CBC2StepRW,CBCdriftDiffusionLR,0.5,0.466388334942089,NA,0.315249352515796,0.702470474696155,1.74743123057413,2.41022493535114,0.5,40.9879883493878,NA,v1,MR,NA,CBC2StepRW_CBCdriftDiffusionLR,100.89692486836691
CBC_P007,CBC_P007_AV_prob0.8_Vset1_Aset4_2023-03-17_14h16.00.846.csv,1,16,aud,0A,0.5,1,2.01309700000274,1,1,1,0.857629295457062,0.142370704542938,CBC2StepRW,CBCdriftDiffusionLR,0.5,0.466388334942089,NA,0.315249352515796,0.702470474696155,1.74743123057413,2.41022493535114,0.5,40.9879883493878,NA,v1,MR,NA,CBC2StepRW_CBCdriftDiffusionLR,100.89692486836691
CBC_P007,CBC_P007_AV_prob0.8_Vset1_Aset4_2023-03-17_14h16.00.846.csv,1,17,aud,1C,0.35,1,2.01137880000169,0,1,1,0.365070426642454,0.365070426642454,CBC2StepRW,CBCdriftDiffusionLR,0.5,0.466388334942089,NA,0.315249352515796,0.702470474696155,1.74743123057413,2.41022493535114,0.5,40.9879883493878,NA,v1,MR,NA,CBC2StepRW_CBCdriftDiffusionLR,100.89692486836691
CBC_P007,CBC_P007_AV_prob0.8_Vset1_Aset4_2023-03-17_14h16.00.846.csv,1,18,aud,2B,0.15,1,2.26353300000119,0,1,1,0.40502259485788,0.40502259485788,CBC2StepRW,CBCdriftDiffusionLR,0.5,0.466388334942089,NA,0.315249352515796,0.702470474696155,1.74743123057413,2.41022493535114,0.5,40.9879883493878,NA,v1,MR,NA,CBC2StepRW_CBCdriftDiffusionLR,100.89692486836691
CBC_P007,CBC_P007_AV_prob0.8_Vset1_Aset4_2023-03-17_14h16.00.846.csv,1,19,aud,1C,0.35,1,2.1763549999996,0,1,1,0.194805838224082,0.194805838224082,CBC2StepRW,CBCdriftDiffusionLR,0.5,0.466388334942089,NA,0.315249352515796,0.702470474696155,1.74743123057413,2.41022493535114,0.5,40.9879883493878,NA,v1,MR,NA,CBC2StepRW_CBCdriftDiffusionLR,100.89692486836691
CBC_P007,CBC_P007_AV_prob0.8_Vset1_Aset4_2023-03-17_14h16.00.846.csv,1,20,aud,0A,0.5,1,1.64159160000054,1,1,1,0.924029331293375,0.0759706687066251,CBC2StepRW,CBCdriftDiffusionLR,0.5,0.466388334942089,NA,0.315249352515796,0.702470474696155,1.74743123057413,2.41022493535114,0.5,40.9879883493878,NA,v1,MR,NA,CBC2StepRW_CBCdriftDiffusionLR,100.89692486836691
CBC_P007,CBC_P007_AV_prob0.8_Vset1_Aset4_2023-03-17_14h16.00.846.csv,1,21,aud,2C,0.5,1,1.4103903000032,1,1,1,0.888597497610855,0.111402502389145,CBC2StepRW,CBCdriftDiffusionLR,0.5,0.466388334942089,NA,0.315249352515796,0.702470474696155,1.74743123057413,2.41022493535114,0.5,40.9879883493878,NA,v1,MR,NA,CBC2StepRW_CBCdriftDiffusionLR,100.89692486836691
CBC_P007,CBC_P007_AV_prob0.8_Vset1_Aset4_2023-03-17_14h16.00.846.csv,1,22,aud,1B,0.5,0,2.45955970000068,1,1,0,0.391240960514973,-0.391240960514973,CBC2StepRW,CBCdriftDiffusionLR,0.5,0.466388334942089,NA,0.315249352515796,0.702470474696155,1.74743123057413,2.41022493535114,0.5,40.9879883493878,NA,v1,MR,NA,CBC2StepRW_CBCdriftDiffusionLR,100.89692486836691
CBC_P007,CBC_P007_AV_prob0.8_Vset1_Aset4_2023-03-17_14h16.00.846.csv,1,23,aud,0C,0.15,1,1.35319729999901,0,1,1,0.0352936980176394,0.0352936980176394,CBC2StepRW,CBCdriftDiffusionLR,0.5,0.466388334942089,NA,0.315249352515796,0.702470474696155,1.74743123057413,2.41022493535114,0.5,40.9879883493878,NA,v1,MR,NA,CBC2StepRW_CBCdriftDiffusionLR,100.89692486836691
CBC_P007,CBC_P007_AV_prob0.8_Vset1_Aset4_2023-03-17_14h16.00.846.csv,1,24,aud,1B,0.5,1,1.85207420000006,0,0,0,0.208770740379251,-0.791229259620749,CBC2StepRW,CBCdriftDiffusionLR,0.5,0.466388334942089,NA,0.315249352515796,0.702470474696155,1.74743123057413,2.41022493535114,0.5,40.9879883493878,NA,v1,MR,NA,CBC2StepRW_CBCdriftDiffusionLR,100.89692486836691
CBC_P007,CBC_P007_AV_prob0.8_Vset1_Aset4_2023-03-17_14h16.00.846.csv,1,25,aud,2A,0.35,1,1.04123690000051,0,1,1,0.0188331289652436,0.0188331289652436,CBC2StepRW,CBCdriftDiffusionLR,0.5,0.466388334942089,NA,0.315249352515796,0.702470474696155,1.74743123057413,2.41022493535114,0.5,40.9879883493878,NA,v1,MR,NA,CBC2StepRW_CBCdriftDiffusionLR,100.89692486836691
CBC_P007,CBC_P007_AV_prob0.8_Vset1_Aset4_2023-03-17_14h16.00.846.csv,1,26,aud,0B,0.35,0,NA,NA,NA,NA,0.0214329964555086,0,CBC2StepRW,CBCdriftDiffusionLR,0.5,0.466388334942089,NA,0.315249352515796,0.702470474696155,1.74743123057413,2.41022493535114,0.5,40.9879883493878,NA,v1,MR,NA,CBC2StepRW_CBCdriftDiffusionLR,100.89692486836691
CBC_P007,CBC_P007_AV_prob0.8_Vset1_Aset4_2023-03-17_14h16.00.846.csv,1,27,aud,2A,0.35,1,1.35388650000095,0,1,1,0.0100495773053941,0.010049577305394,CBC2StepRW,CBCdriftDiffusionLR,0.5,0.466388334942089,NA,0.315249352515796,0.702470474696155,1.74743123057413,2.41022493535114,0.5,40.9879883493878,NA,v1,MR,NA,CBC2StepRW_CBCdriftDiffusionLR,100.89692486836691
CBC_P007,CBC_P007_AV_prob0.8_Vset1_Aset4_2023-03-17_14h16.00.846.csv,1,28,aud,1B,0.5,1,1.87519380000231,1,1,1,0.577790837331234,0.422209162668766,CBC2StepRW,CBCdriftDiffusionLR,0.5,0.466388334942089,NA,0.315249352515796,0.702470474696155,1.74743123057413,2.41022493535114,0.5,40.9879883493878,NA,v1,MR,NA,CBC2StepRW_CBCdriftDiffusionLR,100.89692486836691
CBC_P007,CBC_P007_AV_prob0.8_Vset1_Aset4_2023-03-17_14h16.00.846.csv,1,29,aud,0A,0.5,1,1.30932530000064,1,1,1,0.959461164975895,0.0405388350241052,CBC2StepRW,CBCdriftDiffusionLR,0.5,0.466388334942089,NA,0.315249352515796,0.702470474696155,1.74743123057413,2.41022493535114,0.5,40.9879883493878,NA,v1,MR,NA,CBC2StepRW_CBCdriftDiffusionLR,100.89692486836691
CBC_P007,CBC_P007_AV_prob0.8_Vset1_Aset4_2023-03-17_14h16.00.846.csv,1,30,aud,1B,0.5,1,1.40776879999976,1,1,1,0.774704265705613,0.225295734294387,CBC2StepRW,CBCdriftDiffusionLR,0.5,0.466388334942089,NA,0.315249352515796,0.702470474696155,1.74743123057413,2.41022493535114,0.5,40.9879883493878,NA,v1,MR,NA,CBC2StepRW_CBCdriftDiffusionLR,100.89692486836691
CBC_P007,CBC_P007_AV_prob0.8_Vset1_Aset4_2023-03-17_14h16.00.846.csv,1,31,aud,2A,0.35,0,1.42468510000253,0,1,0,0.00367202442941647,-0.996327975570584,CBC2StepRW,CBCdriftDiffusionLR,0.5,0.466388334942089,NA,0.315249352515796,0.702470474696155,1.74743123057413,2.41022493535114,0.5,40.9879883493878,NA,v1,MR,NA,CBC2StepRW_CBCdriftDiffusionLR,100.89692486836691
CBC_P007,CBC_P007_AV_prob0.8_Vset1_Aset4_2023-03-17_14h16.00.846.csv,1,32,aud,0C,0.15,1,1.03472710000278,0,1,1,0.0128959972531041,0.0128959972531041,CBC2StepRW,CBCdriftDiffusionLR,0.5,0.466388334942089,NA,0.315249352515796,0.702470474696155,1.74743123057413,2.41022493535114,0.5,40.9879883493878,NA,v1,MR,NA,CBC2StepRW_CBCdriftDiffusionLR,100.89692486836691
CBC_P007,CBC_P007_AV_prob0.8_Vset1_Aset4_2023-03-17_14h16.00.846.csv,1,33,aud,1B,0.5,1,1.07365870000285,1,1,1,0.879779568092728,0.120220431907272,CBC2StepRW,CBCdriftDiffusionLR,0.5,0.466388334942089,NA,0.315249352515796,0.702470474696155,1.74743123057413,2.41022493535114,0.5,40.9879883493878,NA,v1,MR,NA,CBC2StepRW_CBCdriftDiffusionLR,100.89692486836691
CBC_P007,CBC_P007_AV_prob0.8_Vset1_Aset4_2023-03-17_14h16.00.846.csv,1,34,aud,0A,0.5,1,1.09318100000019,1,1,1,0.978368004743279,0.0216319952567208,CBC2StepRW,CBCdriftDiffusionLR,0.5,0.466388334942089,NA,0.315249352515796,0.702470474696155,1.74743123057413,2.41022493535114,0.5,40.9879883493878,NA,v1,MR,NA,CBC2StepRW_CBCdriftDiffusionLR,100.89692486836691
CBC_P007,CBC_P007_AV_prob0.8_Vset1_Aset4_2023-03-17_14h16.00.846.csv,1,35,aud,1C,0.35,1,1.92900320000263,0,1,1,0.022853729862064,0.022853729862064,CBC2StepRW,CBCdriftDiffusionLR,0.5,0.466388334942089,NA,0.315249352515796,0.702470474696155,1.74743123057413,2.41022493535114,0.5,40.9879883493878,NA,v1,MR,NA,CBC2StepRW_CBCdriftDiffusionLR,100.89692486836691
CBC_P007,CBC_P007_AV_prob0.8_Vset1_Aset4_2023-03-17_14h16.00.846.csv,1,36,aud,0B,0.35,1,1.35562070000015,1,0,0,0.00322660015300619,-0.00322660015300619,CBC2StepRW,CBCdriftDiffusionLR,0.5,0.466388334942089,NA,0.315249352515796,0.702470474696155,1.74743123057413,2.41022493535114,0.5,40.9879883493878,NA,v1,MR,NA,CBC2StepRW_CBCdriftDiffusionLR,100.89692486836691
CBC_P007,CBC_P007_AV_prob0.8_Vset1_Aset4_2023-03-17_14h16.00.846.csv,1,37,aud,1A,0.15,1,1.32102719999966,0,1,1,0.00604671967329654,0.00604671967329651,CBC2StepRW,CBCdriftDiffusionLR,0.5,0.466388334942089,NA,0.315249352515796,0.702470474696155,1.74743123057413,2.41022493535114,0.5,40.9879883493878,NA,v1,MR,NA,CBC2StepRW_CBCdriftDiffusionLR,100.89692486836691
CBC_P007,CBC_P007_AV_prob0.8_Vset1_Aset4_2023-03-17_14h16.00.846.csv,1,38,aud,2C,0.5,1,1.01131159999932,1,1,1,0.94055432520851,0.0594456747914897,CBC2StepRW,CBCdriftDiffusionLR,0.5,0.466388334942089,NA,0.315249352515796,0.702470474696155,1.74743123057413,2.41022493535114,0.5,40.9879883493878,NA,v1,MR,NA,CBC2StepRW_CBCdriftDiffusionLR,100.89692486836691
CBC_P007,CBC_P007_AV_prob0.8_Vset1_Aset4_2023-03-17_14h16.00.846.csv,1,39,aud,0A,0.5,0,1.42078039999979,1,1,0,0.988456914992536,-0.988456914992536,CBC2StepRW,CBCdriftDiffusionLR,0.5,0.466388334942089,NA,0.315249352515796,0.702470474696155,1.74743123057413,2.41022493535114,0.5,40.9879883493878,NA,v1,MR,NA,CBC2StepRW_CBCdriftDiffusionLR,100.89692486836691
CBC_P007,CBC_P007_AV_prob0.8_Vset1_Aset4_2023-03-17_14h16.00.846.csv,1,40,aud,2C,0.5,1,0.828340799998841,1,1,1,0.968279094494022,0.0317209055059778,CBC2StepRW,CBCdriftDiffusionLR,0.5,0.466388334942089,NA,0.315249352515796,0.702470474696155,1.74743123057413,2.41022493535114,0.5,40.9879883493878,NA,v1,MR,NA,CBC2StepRW_CBCdriftDiffusionLR,100.89692486836691
CBC_P007,CBC_P007_AV_prob0.8_Vset1_Aset4_2023-03-17_14h16.00.846.csv,1,41,aud,0B,0.35,0,0.917073699998582,0,1,0,0.00172175148012175,-0.998278248519878,CBC2StepRW,CBCdriftDiffusionLR,0.5,0.466388334942089,NA,0.315249352515796,0.702470474696155,1.74743123057413,2.41022493535114,0.5,40.9879883493878,NA,v1,MR,NA,CBC2StepRW_CBCdriftDiffusionLR,100.89692486836691
CBC_P007,CBC_P007_AV_prob0.8_Vset1_Aset4_2023-03-17_14h16.00.846.csv,1,42,aud,1C,0.35,1,1.27558520000093,0,1,1,0.00571804156145804,0.00571804156145805,CBC2StepRW,CBCdriftDiffusionLR,0.5,0.466388334942089,NA,0.315249352515796,0.702470474696155,1.74743123057413,2.41022493535114,0.5,40.9879883493878,NA,v1,MR,NA,CBC2StepRW_CBCdriftDiffusionLR,100.89692486836691
CBC_P007,CBC_P007_TV_prob0.8_Vset2_Aset2_2023-03-17_14h24.26.428.csv,2,1,tac,1A,0.15,1,2.26218370000061,0,1,1,0.5,0.5,CBC2StepRW,CBCdriftDiffusionLR,0.5,0.180606509157487,NA,0.110949694036674,0.711015541646437,1.73304313693077,2.68468741034302,0.5,61.8624386070562,NA,v1,MR,NA,CBC2StepRW_CBCdriftDiffusionLR,142.6458253837037
CBC_P007,CBC_P007_TV_prob0.8_Vset2_Aset2_2023-03-17_14h24.26.428.csv,2,2,tac,2C,0.5,0,2.38920480000161,0,0,1,0.5,0.5,CBC2StepRW,CBCdriftDiffusionLR,0.5,0.180606509157487,NA,0.110949694036674,0.711015541646437,1.73304313693077,2.68468741034302,0.5,61.8624386070562,NA,v1,MR,NA,CBC2StepRW_CBCdriftDiffusionLR,142.6458253837037
CBC_P007,CBC_P007_TV_prob0.8_Vset2_Aset2_2023-03-17_14h24.26.428.csv,2,3,tac,0A,0.5,0,2.34037040000112,1,1,0,0.5,-0.5,CBC2StepRW,CBCdriftDiffusionLR,0.5,0.180606509157487,NA,0.110949694036674,0.711015541646437,1.73304313693077,2.68468741034302,0.5,61.8624386070562,NA,v1,MR,NA,CBC2StepRW_CBCdriftDiffusionLR,142.6458253837037
CBC_P007,CBC_P007_TV_prob0.8_Vset2_Aset2_2023-03-17_14h24.26.428.csv,2,4,tac,2B,0.15,1,2.45327220000036,1,0,0,0.5,-0.5,CBC2StepRW,CBCdriftDiffusionLR,0.5,0.180606509157487,NA,0.110949694036674,0.711015541646437,1.73304313693077,2.68468741034302,0.5,61.8624386070562,NA,v1,MR,NA,CBC2StepRW_CBCdriftDiffusionLR,142.6458253837037
CBC_P007,CBC_P007_TV_prob0.8_Vset2_Aset2_2023-03-17_14h24.26.428.csv,2,5,tac,1C,0.35,1,2.28166340000098,0,1,1,0.5,0.5,CBC2StepRW,CBCdriftDiffusionLR,0.5,0.180606509157487,NA,0.110949694036674,0.711015541646437,1.73304313693077,2.68468741034302,0.5,61.8624386070562,NA,v1,MR,NA,CBC2StepRW_CBCdriftDiffusionLR,142.6458253837037
CBC_P007,CBC_P007_TV_prob0.8_Vset2_Aset2_2023-03-17_14h24.26.428.csv,2,6,tac,0A,0.5,1,2.37313520000316,1,1,1,0.409696745421257,0.590303254578743,CBC2StepRW,CBCdriftDiffusionLR,0.5,0.180606509157487,NA,0.110949694036674,0.711015541646437,1.73304313693077,2.68468741034302,0.5,61.8624386070562,NA,v1,MR,NA,CBC2StepRW_CBCdriftDiffusionLR,142.6458253837037
CBC_P007,CBC_P007_TV_prob0.8_Vset2_Aset2_2023-03-17_14h24.26.428.csv,2,7,tac,1B,0.5,1,2.37483509999947,1,1,1,0.5,0.5,CBC2StepRW,CBCdriftDiffusionLR,0.5,0.180606509157487,NA,0.110949694036674,0.711015541646437,1.73304313693077,2.68468741034302,0.5,61.8624386070562,NA,v1,MR,NA,CBC2StepRW_CBCdriftDiffusionLR,142.6458253837037
CBC_P007,CBC_P007_TV_prob0.8_Vset2_Aset2_2023-03-17_14h24.26.428.csv,2,8,tac,2A,0.35,1,2.30352730000232,0,1,1,0.444525152981663,0.444525152981663,CBC2StepRW,CBCdriftDiffusionLR,0.5,0.180606509157487,NA,0.110949694036674,0.711015541646437,1.73304313693077,2.68468741034302,0.5,61.8624386070562,NA,v1,MR,NA,CBC2StepRW_CBCdriftDiffusionLR,142.6458253837037
CBC_P007,CBC_P007_TV_prob0.8_Vset2_Aset2_2023-03-17_14h24.26.428.csv,2,9,tac,1C,0.35,1,2.30239960000108,1,0,0,0.364241016868947,-0.364241016868947,CBC2StepRW,CBCdriftDiffusionLR,0.5,0.180606509157487,NA,0.110949694036674,0.711015541646437,1.73304313693077,2.68468741034302,0.5,61.8624386070562,NA,v1,MR,NA,CBC2StepRW_CBCdriftDiffusionLR,142.6458253837037
CBC_P007,CBC_P007_TV_prob0.8_Vset2_Aset2_2023-03-17_14h24.26.428.csv,2,10,tac,2A,0.35,1,2.55919749999885,0,1,1,0.364241016868947,0.364241016868947,CBC2StepRW,CBCdriftDiffusionLR,0.5,0.180606509157487,NA,0.110949694036674,0.711015541646437,1.73304313693077,2.68468741034302,0.5,61.8624386070562,NA,v1,MR,NA,CBC2StepRW_CBCdriftDiffusionLR,142.6458253837037
CBC_P007,CBC_P007_TV_prob0.8_Vset2_Aset2_2023-03-17_14h24.26.428.csv,2,11,tac,0B,0.35,1,2.38162960000409,0,1,1,0.395205223266742,0.395205223266742,CBC2StepRW,CBCdriftDiffusionLR,0.5,0.180606509157487,NA,0.110949694036674,0.711015541646437,1.73304313693077,2.68468741034302,0.5,61.8624386070562,NA,v1,MR,NA,CBC2StepRW_CBCdriftDiffusionLR,142.6458253837037
CBC_P007,CBC_P007_TV_prob0.8_Vset2_Aset2_2023-03-17_14h24.26.428.csv,2,12,tac,2C,0.5,1,2.605713500001,1,1,1,0.409696745421257,0.590303254578743,CBC2StepRW,CBCdriftDiffusionLR,0.5,0.180606509157487,NA,0.110949694036674,0.711015541646437,1.73304313693077,2.68468741034302,0.5,61.8624386070562,NA,v1,MR,NA,CBC2StepRW_CBCdriftDiffusionLR,142.6458253837037
CBC_P007,CBC_P007_TV_prob0.8_Vset2_Aset2_2023-03-17_14h24.26.428.csv,2,13,tac,0A,0.5,1,2.18135310000071,1,1,1,0.516309355575027,0.483690644424973,CBC2StepRW,CBCdriftDiffusionLR,0.5,0.180606509157487,NA,0.110949694036674,0.711015541646437,1.73304313693077,2.68468741034302,0.5,61.8624386070562,NA,v1,MR,NA,CBC2StepRW_CBCdriftDiffusionLR,142.6458253837037
CBC_P007,CBC_P007_TV_prob0.8_Vset2_Aset2_2023-03-17_14h24.26.428.csv,2,14,tac,1B,0.5,1,2.4484339000046,0,0,0,0.590303254578743,-0.409696745421257,CBC2StepRW,CBCdriftDiffusionLR,0.5,0.180606509157487,NA,0.110949694036674,0.711015541646437,1.73304313693077,2.68468741034302,0.5,61.8624386070562,NA,v1,MR,NA,CBC2StepRW_CBCdriftDiffusionLR,142.6458253837037
CBC_P007,CBC_P007_TV_prob0.8_Vset2_Aset2_2023-03-17_14h24.26.428.csv,2,15,tac,0A,0.5,1,1.39221259999977,1,1,1,0.603667034376756,0.396332965623244,CBC2StepRW,CBCdriftDiffusionLR,0.5,0.180606509157487,NA,0.110949694036674,0.711015541646437,1.73304313693077,2.68468741034302,0.5,61.8624386070562,NA,v1,MR,NA,CBC2StepRW_CBCdriftDiffusionLR,142.6458253837037
CBC_P007,CBC_P007_TV_prob0.8_Vset2_Aset2_2023-03-17_14h24.26.428.csv,2,16,tac,1C,0.35,1,2.26815640000132,1,0,0,0.265343036739449,-0.265343036739449,CBC2StepRW,CBCdriftDiffusionLR,0.5,0.180606509157487,NA,0.110949694036674,0.711015541646437,1.73304313693077,2.68468741034302,0.5,61.8624386070562,NA,v1,MR,NA,CBC2StepRW_CBCdriftDiffusionLR,142.6458253837037
CBC_P007,CBC_P007_TV_prob0.8_Vset2_Aset2_2023-03-17_14h24.26.428.csv,2,17,tac,2A,0.35,0,2.14723360000062,0,1,0,0.209729908153778,-0.790270091846222,CBC2StepRW,CBCdriftDiffusionLR,0.5,0.180606509157487,NA,0.110949694036674,0.711015541646437,1.73304313693077,2.68468741034302,0.5,61.8624386070562,NA,v1,MR,NA,CBC2StepRW_CBCdriftDiffusionLR,142.6458253837037
CBC_P007,CBC_P007_TV_prob0.8_Vset2_Aset2_2023-03-17_14h24.26.428.csv,2,18,tac,0B,0.35,1,2.37409090000074,0,1,1,0.255957498439646,0.255957498439646,CBC2StepRW,CBCdriftDiffusionLR,0.5,0.180606509157487,NA,0.110949694036674,0.711015541646437,1.73304313693077,2.68468741034302,0.5,61.8624386070562,NA,v1,MR,NA,CBC2StepRW_CBCdriftDiffusionLR,142.6458253837037
CBC_P007,CBC_P007_TV_prob0.8_Vset2_Aset2_2023-03-17_14h24.26.428.csv,2,19,tac,2C,0.5,1,2.26002220000009,1,1,1,0.516309355575027,0.483690644424973,CBC2StepRW,CBCdriftDiffusionLR,0.5,0.180606509157487,NA,0.110949694036674,0.711015541646437,1.73304313693077,2.68468741034302,0.5,61.8624386070562,NA,v1,MR,NA,CBC2StepRW_CBCdriftDiffusionLR,142.6458253837037
CBC_P007,CBC_P007_TV_prob0.8_Vset2_Aset2_2023-03-17_14h24.26.428.csv,2,20,tac,1B,0.5,0,2.3484509000009,1,1,0,0.66429715358246,-0.66429715358246,CBC2StepRW,CBCdriftDiffusionLR,0.5,0.180606509157487,NA,0.110949694036674,0.711015541646437,1.73304313693077,2.68468741034302,0.5,61.8624386070562,NA,v1,MR,NA,CBC2StepRW_CBCdriftDiffusionLR,142.6458253837037
CBC_P007,CBC_P007_TV_prob0.8_Vset2_Aset2_2023-03-17_14h24.26.428.csv,2,21,tac,0C,0.15,1,2.24809170000299,0,1,1,0.277716499880167,0.277716499880167,CBC2StepRW,CBCdriftDiffusionLR,0.5,0.180606509157487,NA,0.110949694036674,0.711015541646437,1.73304313693077,2.68468741034302,0.5,61.8624386070562,NA,v1,MR,NA,CBC2StepRW_CBCdriftDiffusionLR,142.6458253837037
CBC_P007,CBC_P007_TV_prob0.8_Vset2_Aset2_2023-03-17_14h24.26.428.csv,2,22,tac,1B,0.5,1,2.37434890000077,1,1,1,0.544320763630677,0.455679236369323,CBC2StepRW,CBCdriftDiffusionLR,0.5,0.180606509157487,NA,0.110949694036674,0.711015541646437,1.73304313693077,2.68468741034302,0.5,61.8624386070562,NA,v1,MR,NA,CBC2StepRW_CBCdriftDiffusionLR,142.6458253837037
CBC_P007,CBC_P007_TV_prob0.8_Vset2_Aset2_2023-03-17_14h24.26.428.csv,2,23,tac,2C,0.5,1,2.00506870000027,1,1,1,0.603667034376756,0.396332965623244,CBC2StepRW,CBCdriftDiffusionLR,0.5,0.180606509157487,NA,0.110949694036674,0.711015541646437,1.73304313693077,2.68468741034302,0.5,61.8624386070562,NA,v1,MR,NA,CBC2StepRW_CBCdriftDiffusionLR,142.6458253837037
CBC_P007,CBC_P007_TV_prob0.8_Vset2_Aset2_2023-03-17_14h24.26.428.csv,2,24,tac,0B,0.35,1,2.20554990000164,0,1,1,0.186460439013777,0.186460439013777,CBC2StepRW,CBCdriftDiffusionLR,0.5,0.180606509157487,NA,0.110949694036674,0.711015541646437,1.73304313693077,2.68468741034302,0.5,61.8624386070562,NA,v1,MR,NA,CBC2StepRW_CBCdriftDiffusionLR,142.6458253837037
CBC_P007,CBC_P007_TV_prob0.8_Vset2_Aset2_2023-03-17_14h24.26.428.csv,2,25,tac,2A,0.35,0,1.44083659999887,0,1,0,0.27858635137444,-0.72141364862556,CBC2StepRW,CBCdriftDiffusionLR,0.5,0.180606509157487,NA,0.110949694036674,0.711015541646437,1.73304313693077,2.68468741034302,0.5,61.8624386070562,NA,v1,MR,NA,CBC2StepRW_CBCdriftDiffusionLR,142.6458253837037
CBC_P007,CBC_P007_TV_prob0.8_Vset2_Aset2_2023-03-17_14h24.26.428.csv,2,26,tac,1B,0.5,1,2.3500606000016,1,1,1,0.62661939980689,0.37338060019311,CBC2StepRW,CBCdriftDiffusionLR,0.5,0.180606509157487,NA,0.110949694036674,0.711015541646437,1.73304313693077,2.68468741034302,0.5,61.8624386070562,NA,v1,MR,NA,CBC2StepRW_CBCdriftDiffusionLR,142.6458253837037
CBC_P007,CBC_P007_TV_prob0.8_Vset2_Aset2_2023-03-17_14h24.26.428.csv,2,27,tac,0A,0.5,1,2.12046700000428,1,1,1,0.675247347762005,0.324752652237995,CBC2StepRW,CBCdriftDiffusionLR,0.5,0.180606509157487,NA,0.110949694036674,0.711015541646437,1.73304313693077,2.68468741034302,0.5,61.8624386070562,NA,v1,MR,NA,CBC2StepRW_CBCdriftDiffusionLR,142.6458253837037
CBC_P007,CBC_P007_TV_prob0.8_Vset2_Aset2_2023-03-17_14h24.26.428.csv,2,28,tac,2B,0.15,1,1.19204230000105,0,1,1,0.202311480635274,0.202311480635274,CBC2StepRW,CBCdriftDiffusionLR,0.5,0.180606509157487,NA,0.110949694036674,0.711015541646437,1.73304313693077,2.68468741034302,0.5,61.8624386070562,NA,v1,MR,NA,CBC2StepRW_CBCdriftDiffusionLR,142.6458253837037
CBC_P007,CBC_P007_TV_prob0.8_Vset2_Aset2_2023-03-17_14h24.26.428.csv,2,29,tac,1C,0.35,1,2.10001630000261,0,1,1,0.135833079824417,0.135833079824417,CBC2StepRW,CBCdriftDiffusionLR,0.5,0.180606509157487,NA,0.110949694036674,0.711015541646437,1.73304313693077,2.68468741034302,0.5,61.8624386070562,NA,v1,MR,NA,CBC2StepRW_CBCdriftDiffusionLR,142.6458253837037
CBC_P007,CBC_P007_TV_prob0.8_Vset2_Aset2_2023-03-17_14h24.26.428.csv,2,30,tac,0B,0.35,0,0.884784100002435,0,1,0,0.120762441177838,-0.879237558822161,CBC2StepRW,CBCdriftDiffusionLR,0.5,0.180606509157487,NA,0.110949694036674,0.711015541646437,1.73304313693077,2.68468741034302,0.5,61.8624386070562,NA,v1,MR,NA,CBC2StepRW_CBCdriftDiffusionLR,142.6458253837037
CBC_P007,CBC_P007_TV_prob0.8_Vset2_Aset2_2023-03-17_14h24.26.428.csv,2,31,tac,2C,0.5,1,2.25369000000137,1,1,1,0.675247347762005,0.324752652237995,CBC2StepRW,CBCdriftDiffusionLR,0.5,0.180606509157487,NA,0.110949694036674,0.711015541646437,1.73304313693077,2.68468741034302,0.5,61.8624386070562,NA,v1,MR,NA,CBC2StepRW_CBCdriftDiffusionLR,142.6458253837037
CBC_P007,CBC_P007_TV_prob0.8_Vset2_Aset2_2023-03-17_14h24.26.428.csv,2,32,tac,0A,0.5,1,1.25501030000305,1,1,1,0.733899790622344,0.266100209377656,CBC2StepRW,CBCdriftDiffusionLR,0.5,0.180606509157487,NA,0.110949694036674,0.711015541646437,1.73304313693077,2.68468741034302,0.5,61.8624386070562,NA,v1,MR,NA,CBC2StepRW_CBCdriftDiffusionLR,142.6458253837037
CBC_P007,CBC_P007_TV_prob0.8_Vset2_Aset2_2023-03-17_14h24.26.428.csv,2,33,tac,2C,0.5,1,NA,NA,NA,NA,0.733899790622344,0,CBC2StepRW,CBCdriftDiffusionLR,0.5,0.180606509157487,NA,0.110949694036674,0.711015541646437,1.73304313693077,2.68468741034302,0.5,61.8624386070562,NA,v1,MR,NA,CBC2StepRW_CBCdriftDiffusionLR,142.6458253837037
CBC_P007,CBC_P007_TV_prob0.8_Vset2_Aset2_2023-03-17_14h24.26.428.csv,2,34,tac,1A,0.15,1,1.41534370000227,0,1,1,0.159909107747777,0.159909107747777,CBC2StepRW,CBCdriftDiffusionLR,0.5,0.180606509157487,NA,0.110949694036674,0.711015541646437,1.73304313693077,2.68468741034302,0.5,61.8624386070562,NA,v1,MR,NA,CBC2StepRW_CBCdriftDiffusionLR,142.6458253837037
CBC_P007,CBC_P007_TV_prob0.8_Vset2_Aset2_2023-03-17_14h24.26.428.csv,2,35,tac,0B,0.35,0,0.997413300003245,0,1,0,0.248541540973817,-0.751458459026183,CBC2StepRW,CBCdriftDiffusionLR,0.5,0.180606509157487,NA,0.110949694036674,0.711015541646437,1.73304313693077,2.68468741034302,0.5,61.8624386070562,NA,v1,MR,NA,CBC2StepRW_CBCdriftDiffusionLR,142.6458253837037
CBC_P007,CBC_P007_TV_prob0.8_Vset2_Aset2_2023-03-17_14h24.26.428.csv,2,36,tac,2C,0.5,1,NA,NA,NA,NA,0.733899790622344,0,CBC2StepRW,CBCdriftDiffusionLR,0.5,0.180606509157487,NA,0.110949694036674,0.711015541646437,1.73304313693077,2.68468741034302,0.5,61.8624386070562,NA,v1,MR,NA,CBC2StepRW_CBCdriftDiffusionLR,142.6458253837037
CBC_P007,CBC_P007_TV_prob0.8_Vset2_Aset2_2023-03-17_14h24.26.428.csv,2,37,tac,1B,0.5,1,2.35334779999903,1,1,1,0.694054366594895,0.305945633405105,CBC2StepRW,CBCdriftDiffusionLR,0.5,0.180606509157487,NA,0.110949694036674,0.711015541646437,1.73304313693077,2.68468741034302,0.5,61.8624386070562,NA,v1,MR,NA,CBC2StepRW_CBCdriftDiffusionLR,142.6458253837037
CBC_P007,CBC_P007_TV_prob0.8_Vset2_Aset2_2023-03-17_14h24.26.428.csv,2,38,tac,2A,0.35,1,1.37413570000354,1,0,0,0.287324807821354,-0.287324807821354,CBC2StepRW,CBCdriftDiffusionLR,0.5,0.180606509157487,NA,0.110949694036674,0.711015541646437,1.73304313693077,2.68468741034302,0.5,61.8624386070562,NA,v1,MR,NA,CBC2StepRW_CBCdriftDiffusionLR,142.6458253837037
CBC_P007,CBC_P007_TV_prob0.8_Vset2_Aset2_2023-03-17_14h24.26.428.csv,2,39,tac,1C,0.35,0,1.97433700000329,0,1,0,0.0879732687483846,-0.912026731251615,CBC2StepRW,CBCdriftDiffusionLR,0.5,0.180606509157487,NA,0.110949694036674,0.711015541646437,1.73304313693077,2.68468741034302,0.5,61.8624386070562,NA,v1,MR,NA,CBC2StepRW_CBCdriftDiffusionLR,142.6458253837037
CBC_P007,CBC_P007_TV_prob0.8_Vset2_Aset2_2023-03-17_14h24.26.428.csv,2,40,tac,0A,0.5,1,2.33613180000248,1,1,1,0.781959220524119,0.218040779475881,CBC2StepRW,CBCdriftDiffusionLR,0.5,0.180606509157487,NA,0.110949694036674,0.711015541646437,1.73304313693077,2.68468741034302,0.5,61.8624386070562,NA,v1,MR,NA,CBC2StepRW_CBCdriftDiffusionLR,142.6458253837037
CBC_P007,CBC_P007_TV_prob0.8_Vset2_Aset2_2023-03-17_14h24.26.428.csv,2,41,tac,1B,0.5,0,2.26559220000127,1,1,0,0.749310139436167,-0.749310139436167,CBC2StepRW,CBCdriftDiffusionLR,0.5,0.180606509157487,NA,0.110949694036674,0.711015541646437,1.73304313693077,2.68468741034302,0.5,61.8624386070562,NA,v1,MR,NA,CBC2StepRW_CBCdriftDiffusionLR,142.6458253837037
CBC_P007,CBC_P007_TV_prob0.8_Vset2_Aset2_2023-03-17_14h24.26.428.csv,2,42,tac,0C,0.15,0,NA,NA,NA,NA,0.126393829259691,0,CBC2StepRW,CBCdriftDiffusionLR,0.5,0.180606509157487,NA,0.110949694036674,0.711015541646437,1.73304313693077,2.68468741034302,0.5,61.8624386070562,NA,v1,MR,NA,CBC2StepRW_CBCdriftDiffusionLR,142.6458253837037
CBC_P009,CBC_P009_TV_prob0.9_Vset4_Aset1_2023-03-17_16h35.18.383.csv,2,1,tac,2C,0.5,1,1.82603039999958,1,1,1,0.5,0.5,CBC2StepAsymRW,CBCdriftDiffusionLR,0.5,0.19284246292911,0.0534818968379833,0.130768580319464,0.542265629880384,4.12517036502667,1.89330261267252,0.5,21.8631415224825,NA,v1,MR,NA,CBC2StepAsymRW_CBCdriftDiffusionLR,66.43142084847457
CBC_P009,CBC_P009_TV_prob0.9_Vset4_Aset1_2023-03-17_16h35.18.383.csv,2,2,tac,1B,0.5,1,1.24752269999954,1,1,1,0.5,0.5,CBC2StepAsymRW,CBCdriftDiffusionLR,0.5,0.19284246292911,0.0534818968379833,0.130768580319464,0.542265629880384,4.12517036502667,1.89330261267252,0.5,21.8631415224825,NA,v1,MR,NA,CBC2StepAsymRW_CBCdriftDiffusionLR,66.43142084847457
CBC_P009,CBC_P009_TV_prob0.9_Vset4_Aset1_2023-03-17_16h35.18.383.csv,2,3,tac,0C,0.15,1,1.03654319999987,1,0,0,0.473259051581008,-0.473259051581008,CBC2StepAsymRW,CBCdriftDiffusionLR,0.5,0.19284246292911,0.0534818968379833,0.130768580319464,0.542265629880384,4.12517036502667,1.89330261267252,0.5,21.8631415224825,NA,v1,MR,NA,CBC2StepAsymRW_CBCdriftDiffusionLR,66.43142084847457
CBC_P009,CBC_P009_TV_prob0.9_Vset4_Aset1_2023-03-17_16h35.18.383.csv,2,4,tac,2A,0.35,1,2.20876000000135,0,1,1,0.473259051581008,0.473259051581008,CBC2StepAsymRW,CBCdriftDiffusionLR,0.5,0.19284246292911,0.0534818968379833,0.130768580319464,0.542265629880384,4.12517036502667,1.89330261267252,0.5,21.8631415224825,NA,v1,MR,NA,CBC2StepAsymRW_CBCdriftDiffusionLR,66.43142084847457
CBC_P009,CBC_P009_TV_prob0.9_Vset4_Aset1_2023-03-17_16h35.18.383.csv,2,5,tac,1C,0.35,1,0.655814799996733,1,0,0,0.447948259806711,-0.447948259806711,CBC2StepAsymRW,CBCdriftDiffusionLR,0.5,0.19284246292911,0.0534818968379833,0.130768580319464,0.542265629880384,4.12517036502667,1.89330261267252,0.5,21.8631415224825,NA,v1,MR,NA,CBC2StepAsymRW_CBCdriftDiffusionLR,66.43142084847457
CBC_P009,CBC_P009_TV_prob0.9_Vset4_Aset1_2023-03-17_16h35.18.383.csv,2,6,tac,2A,0.35,1,1.26274660000126,0,1,1,0.381994610470632,0.381994610470632,CBC2StepAsymRW,CBCdriftDiffusionLR,0.5,0.19284246292911,0.0534818968379833,0.130768580319464,0.542265629880384,4.12517036502667,1.89330261267252,0.5,21.8631415224825,NA,v1,MR,NA,CBC2StepAsymRW_CBCdriftDiffusionLR,66.43142084847457
CBC_P009,CBC_P009_TV_prob0.9_Vset4_Aset1_2023-03-17_16h35.18.383.csv,2,7,tac,1B,0.5,1,1.3661224000025,1,1,1,0.596421231464555,0.403578768535445,CBC2StepAsymRW,CBCdriftDiffusionLR,0.5,0.19284246292911,0.0534818968379833,0.130768580319464,0.542265629880384,4.12517036502667,1.89330261267252,0.5,21.8631415224825,NA,v1,MR,NA,CBC2StepAsymRW_CBCdriftDiffusionLR,66.43142084847457
CBC_P009,CBC_P009_TV_prob0.9_Vset4_Aset1_2023-03-17_16h35.18.383.csv,2,8,tac,0A,0.5,0,2.02556499999992,1,1,0,0.5,-0.5,CBC2StepAsymRW,CBCdriftDiffusionLR,0.5,0.19284246292911,0.0534818968379833,0.130768580319464,0.542265629880384,4.12517036502667,1.89330261267252,0.5,21.8631415224825,NA,v1,MR,NA,CBC2StepAsymRW_CBCdriftDiffusionLR,66.43142084847457
CBC_P009,CBC_P009_TV_prob0.9_Vset4_Aset1_2023-03-17_16h35.18.383.csv,2,9,tac,1B,0.5,1,1.13771869999982,1,1,1,0.674248355174827,0.325751644825173,CBC2StepAsymRW,CBCdriftDiffusionLR,0.5,0.19284246292911,0.0534818968379833,0.130768580319464,0.542265629880384,4.12517036502667,1.89330261267252,0.5,21.8631415224825,NA,v1,MR,NA,CBC2StepAsymRW_CBCdriftDiffusionLR,66.43142084847457
CBC_P009,CBC_P009_TV_prob0.9_Vset4_Aset1_2023-03-17_16h35.18.383.csv,2,10,tac,2C,0.5,1,1.95193349999681,1,1,1,0.596421231464555,0.403578768535445,CBC2StepAsymRW,CBCdriftDiffusionLR,0.5,0.19284246292911,0.0534818968379833,0.130768580319464,0.542265629880384,4.12517036502667,1.89330261267252,0.5,21.8631415224825,NA,v1,MR,NA,CBC2StepAsymRW_CBCdriftDiffusionLR,66.43142084847457
CBC_P009,CBC_P009_TV_prob0.9_Vset4_Aset1_2023-03-17_16h35.18.383.csv,2,11,tac,0B,0.35,1,1.61732899999697,0,1,1,0.423991137186974,0.423991137186974,CBC2StepAsymRW,CBCdriftDiffusionLR,0.5,0.19284246292911,0.0534818968379833,0.130768580319464,0.542265629880384,4.12517036502667,1.89330261267252,0.5,21.8631415224825,NA,v1,MR,NA,CBC2StepAsymRW_CBCdriftDiffusionLR,66.43142084847457
CBC_P009,CBC_P009_TV_prob0.9_Vset4_Aset1_2023-03-17_16h35.18.383.csv,2,12,tac,1C,0.35,0,1.21576590000041,0,1,0,0.359536968826207,-0.640463031173793,CBC2StepAsymRW,CBCdriftDiffusionLR,0.5,0.19284246292911,0.0534818968379833,0.130768580319464,0.542265629880384,4.12517036502667,1.89330261267252,0.5,21.8631415224825,NA,v1,MR,NA,CBC2StepAsymRW_CBCdriftDiffusionLR,66.43142084847457
CBC_P009,CBC_P009_TV_prob0.9_Vset4_Aset1_2023-03-17_16h35.18.383.csv,2,13,tac,0A,0.5,1,2.09764719999657,1,1,1,0.473259051581008,0.526740948418992,CBC2StepAsymRW,CBCdriftDiffusionLR,0.5,0.19284246292911,0.0534818968379833,0.130768580319464,0.542265629880384,4.12517036502667,1.89330261267252,0.5,21.8631415224825,NA,v1,MR,NA,CBC2StepAsymRW_CBCdriftDiffusionLR,66.43142084847457
CBC_P009,CBC_P009_TV_prob0.9_Vset4_Aset1_2023-03-17_16h35.18.383.csv,2,14,tac,2B,0.15,1,1.10390259999986,0,1,1,0.379852184152747,0.379852184152747,CBC2StepAsymRW,CBCdriftDiffusionLR,0.5,0.19284246292911,0.0534818968379833,0.130768580319464,0.542265629880384,4.12517036502667,1.89330261267252,0.5,21.8631415224825,NA,v1,MR,NA,CBC2StepAsymRW_CBCdriftDiffusionLR,66.43142084847457
CBC_P009,CBC_P009_TV_prob0.9_Vset4_Aset1_2023-03-17_16h35.18.383.csv,2,15,tac,1A,0.15,1,0.863894999998593,0,1,1,0.401315286927721,0.401315286927721,CBC2StepAsymRW,CBCdriftDiffusionLR,0.5,0.19284246292911,0.0534818968379833,0.130768580319464,0.542265629880384,4.12517036502667,1.89330261267252,0.5,21.8631415224825,NA,v1,MR,NA,CBC2StepAsymRW_CBCdriftDiffusionLR,66.43142084847457
CBC_P009,CBC_P009_TV_prob0.9_Vset4_Aset1_2023-03-17_16h35.18.383.csv,2,16,tac,0C,0.15,1,NA,NA,NA,NA,0.401315286927721,0,CBC2StepAsymRW,CBCdriftDiffusionLR,0.5,0.19284246292911,0.0534818968379833,0.130768580319464,0.542265629880384,4.12517036502667,1.89330261267252,0.5,21.8631415224825,NA,v1,MR,NA,CBC2StepAsymRW_CBCdriftDiffusionLR,66.43142084847457
CBC_P009,CBC_P009_TV_prob0.9_Vset4_Aset1_2023-03-17_16h35.18.383.csv,2,17,tac,1B,0.5,1,0.714542299996538,1,1,1,0.737067104666122,0.262932895333878,CBC2StepAsymRW,CBCdriftDiffusionLR,0.5,0.19284246292911,0.0534818968379833,0.130768580319464,0.542265629880384,4.12517036502667,1.89330261267252,0.5,21.8631415224825,NA,v1,MR,NA,CBC2StepAsymRW_CBCdriftDiffusionLR,66.43142084847457
CBC_P009,CBC_P009_TV_prob0.9_Vset4_Aset1_2023-03-17_16h35.18.383.csv,2,18,tac,2C,0.5,1,1.71312039999975,1,1,1,0.674248355174827,0.325751644825173,CBC2StepAsymRW,CBCdriftDiffusionLR,0.5,0.19284246292911,0.0534818968379833,0.130768580319464,0.542265629880384,4.12517036502667,1.89330261267252,0.5,21.8631415224825,NA,v1,MR,NA,CBC2StepAsymRW_CBCdriftDiffusionLR,66.43142084847457
CBC_P009,CBC_P009_TV_prob0.9_Vset4_Aset1_2023-03-17_16h35.18.383.csv,2,19,tac,0B,0.35,1,0.967867700001079,0,1,1,0.30660055341173,0.30660055341173,CBC2StepAsymRW,CBCdriftDiffusionLR,0.5,0.19284246292911,0.0534818968379833,0.130768580319464,0.542265629880384,4.12517036502667,1.89330261267252,0.5,21.8631415224825,NA,v1,MR,NA,CBC2StepAsymRW_CBCdriftDiffusionLR,66.43142084847457
CBC_P009,CBC_P009_TV_prob0.9_Vset4_Aset1_2023-03-17_16h35.18.383.csv,2,20,tac,1C,0.35,1,0.906625399999029,0,1,1,0.352795221786236,0.352795221786236,CBC2StepAsymRW,CBCdriftDiffusionLR,0.5,0.19284246292911,0.0534818968379833,0.130768580319464,0.542265629880384,4.12517036502667,1.89330261267252,0.5,21.8631415224825,NA,v1,MR,NA,CBC2StepAsymRW_CBCdriftDiffusionLR,66.43142084847457
CBC_P009,CBC_P009_TV_prob0.9_Vset4_Aset1_2023-03-17_16h35.18.383.csv,2,21,tac,0A,0.5,1,1.13387229999717,1,1,1,0.574837073399742,0.425162926600258,CBC2StepAsymRW,CBCdriftDiffusionLR,0.5,0.19284246292911,0.0534818968379833,0.130768580319464,0.542265629880384,4.12517036502667,1.89330261267252,0.5,21.8631415224825,NA,v1,MR,NA,CBC2StepAsymRW_CBCdriftDiffusionLR,66.43142084847457
CBC_P009,CBC_P009_TV_prob0.9_Vset4_Aset1_2023-03-17_16h35.18.383.csv,2,22,tac,1C,0.35,1,1.04370869999912,0,1,1,0.284761322307357,0.284761322307357,CBC2StepAsymRW,CBCdriftDiffusionLR,0.5,0.19284246292911,0.0534818968379833,0.130768580319464,0.542265629880384,4.12517036502667,1.89330261267252,0.5,21.8631415224825,NA,v1,MR,NA,CBC2StepAsymRW_CBCdriftDiffusionLR,66.43142084847457
CBC_P009,CBC_P009_TV_prob0.9_Vset4_Aset1_2023-03-17_16h35.18.383.csv,2,23,tac,0A,0.5,1,1.01281759999983,1,1,1,0.656826539311484,0.343173460688516,CBC2StepAsymRW,CBCdriftDiffusionLR,0.5,0.19284246292911,0.0534818968379833,0.130768580319464,0.542265629880384,4.12517036502667,1.89330261267252,0.5,21.8631415224825,NA,v1,MR,NA,CBC2StepAsymRW_CBCdriftDiffusionLR,66.43142084847457
CBC_P009,CBC_P009_TV_prob0.9_Vset4_Aset1_2023-03-17_16h35.18.383.csv,2,24,tac,2C,0.5,1,0.995049000001018,1,1,1,0.737067104666122,0.262932895333878,CBC2StepAsymRW,CBCdriftDiffusionLR,0.5,0.19284246292911,0.0534818968379833,0.130768580319464,0.542265629880384,4.12517036502667,1.89330261267252,0.5,21.8631415224825,NA,v1,MR,NA,CBC2StepAsymRW_CBCdriftDiffusionLR,66.43142084847457
CBC_P009,CBC_P009_TV_prob0.9_Vset4_Aset1_2023-03-17_16h35.18.383.csv,2,25,tac,0B,0.35,1,0.948359599999094,0,1,1,0.221711944207278,0.221711944207278,CBC2StepAsymRW,CBCdriftDiffusionLR,0.5,0.19284246292911,0.0534818968379833,0.130768580319464,0.542265629880384,4.12517036502667,1.89330261267252,0.5,21.8631415224825,NA,v1,MR,NA,CBC2StepAsymRW_CBCdriftDiffusionLR,66.43142084847457
CBC_P009,CBC_P009_TV_prob0.9_Vset4_Aset1_2023-03-17_16h35.18.383.csv,2,26,tac,2A,0.35,0,0.771370999998908,1,0,1,0.221711944207278,0.778288055792722,CBC2StepAsymRW,CBCdriftDiffusionLR,0.5,0.19284246292911,0.0534818968379833,0.130768580319464,0.542265629880384,4.12517036502667,1.89330261267252,0.5,21.8631415224825,NA,v1,MR,NA,CBC2StepAsymRW_CBCdriftDiffusionLR,66.43142084847457
CBC_P009,CBC_P009_TV_prob0.9_Vset4_Aset1_2023-03-17_16h35.18.383.csv,2,27,tac,1B,0.5,1,0.791524299998855,1,1,1,0.787771731787389,0.212228268212611,CBC2StepAsymRW,CBCdriftDiffusionLR,0.5,0.19284246292911,0.0534818968379833,0.130768580319464,0.542265629880384,4.12517036502667,1.89330261267252,0.5,21.8631415224825,NA,v1,MR,NA,CBC2StepAsymRW_CBCdriftDiffusionLR,66.43142084847457
CBC_P009,CBC_P009_TV_prob0.9_Vset4_Aset1_2023-03-17_16h35.18.383.csv,2,28,tac,0A,0.5,1,1.23012039999958,1,1,1,0.68433727828288,0.31566272171712,CBC2StepAsymRW,CBCdriftDiffusionLR,0.5,0.19284246292911,0.0534818968379833,0.130768580319464,0.542265629880384,4.12517036502667,1.89330261267252,0.5,21.8631415224825,NA,v1,MR,NA,CBC2StepAsymRW_CBCdriftDiffusionLR,66.43142084847457
CBC_P009,CBC_P009_TV_prob0.9_Vset4_Aset1_2023-03-17_16h35.18.383.csv,2,29,tac,2C,0.5,1,0.901252700001351,1,1,1,0.745640205296056,0.254359794703944,CBC2StepAsymRW,CBCdriftDiffusionLR,0.5,0.19284246292911,0.0534818968379833,0.130768580319464,0.542265629880384,4.12517036502667,1.89330261267252,0.5,21.8631415224825,NA,v1,MR,NA,CBC2StepAsymRW_CBCdriftDiffusionLR,66.43142084847457
CBC_P009,CBC_P009_TV_prob0.9_Vset4_Aset1_2023-03-17_16h35.18.383.csv,2,30,tac,1A,0.15,1,0.827798499998607,0,1,1,0.232925779751773,0.232925779751773,CBC2StepAsymRW,CBCdriftDiffusionLR,0.5,0.19284246292911,0.0534818968379833,0.130768580319464,0.542265629880384,4.12517036502667,1.89330261267252,0.5,21.8631415224825,NA,v1,MR,NA,CBC2StepAsymRW_CBCdriftDiffusionLR,66.43142084847457
CBC_P009,CBC_P009_TV_prob0.9_Vset4_Aset1_2023-03-17_16h35.18.383.csv,2,31,tac,2C,0.5,1,1.13137389999974,1,1,1,0.794691574576908,0.205308425423092,CBC2StepAsymRW,CBCdriftDiffusionLR,0.5,0.19284246292911,0.0534818968379833,0.130768580319464,0.542265629880384,4.12517036502667,1.89330261267252,0.5,21.8631415224825,NA,v1,MR,NA,CBC2StepAsymRW_CBCdriftDiffusionLR,66.43142084847457
CBC_P009,CBC_P009_TV_prob0.9_Vset4_Aset1_2023-03-17_16h35.18.383.csv,2,32,tac,1B,0.5,1,0.745502699995995,1,1,1,0.828698353732689,0.171301646267311,CBC2StepAsymRW,CBCdriftDiffusionLR,0.5,0.19284246292911,0.0534818968379833,0.130768580319464,0.542265629880384,4.12517036502667,1.89330261267252,0.5,21.8631415224825,NA,v1,MR,NA,CBC2StepAsymRW_CBCdriftDiffusionLR,66.43142084847457
CBC_P009,CBC_P009_TV_prob0.9_Vset4_Aset1_2023-03-17_16h35.18.383.csv,2,33,tac,0A,0.5,1,0.960583200001565,1,1,1,0.745210454993715,0.254789545006285,CBC2StepAsymRW,CBCdriftDiffusionLR,0.5,0.19284246292911,0.0534818968379833,0.130768580319464,0.542265629880384,4.12517036502667,1.89330261267252,0.5,21.8631415224825,NA,v1,MR,NA,CBC2StepAsymRW_CBCdriftDiffusionLR,66.43142084847457
CBC_P009,CBC_P009_TV_prob0.9_Vset4_Aset1_2023-03-17_16h35.18.383.csv,2,34,tac,1C,0.35,0,0.624651699999959,1,0,1,0.174615958019383,0.825384041980617,CBC2StepAsymRW,CBCdriftDiffusionLR,0.5,0.19284246292911,0.0534818968379833,0.130768580319464,0.542265629880384,4.12517036502667,1.89330261267252,0.5,21.8631415224825,NA,v1,MR,NA,CBC2StepAsymRW_CBCdriftDiffusionLR,66.43142084847457
CBC_P009,CBC_P009_TV_prob0.9_Vset4_Aset1_2023-03-17_16h35.18.383.csv,2,35,tac,2A,0.35,1,1.17679609999686,0,1,1,0.298417188347818,0.298417188347818,CBC2StepAsymRW,CBCdriftDiffusionLR,0.5,0.19284246292911,0.0534818968379833,0.130768580319464,0.542265629880384,4.12517036502667,1.89330261267252,0.5,21.8631415224825,NA,v1,MR,NA,CBC2StepAsymRW_CBCdriftDiffusionLR,66.43142084847457
CBC_P009,CBC_P009_TV_prob0.9_Vset4_Aset1_2023-03-17_16h35.18.383.csv,2,36,tac,0B,0.35,1,0.917121899998165,0,1,1,0.14363593166333,0.14363593166333,CBC2StepAsymRW,CBCdriftDiffusionLR,0.5,0.19284246292911,0.0534818968379833,0.130768580319464,0.542265629880384,4.12517036502667,1.89330261267252,0.5,21.8631415224825,NA,v1,MR,NA,CBC2StepAsymRW_CBCdriftDiffusionLR,66.43142084847457
CBC_P009,CBC_P009_TV_prob0.9_Vset4_Aset1_2023-03-17_16h35.18.383.csv,2,37,tac,2C,0.5,1,1.09734989999924,1,1,1,0.789664679170351,0.210335320829649,CBC2StepAsymRW,CBCdriftDiffusionLR,0.5,0.19284246292911,0.0534818968379833,0.130768580319464,0.542265629880384,4.12517036502667,1.89330261267252,0.5,21.8631415224825,NA,v1,MR,NA,CBC2StepAsymRW_CBCdriftDiffusionLR,66.43142084847457
CBC_P009,CBC_P009_TV_prob0.9_Vset4_Aset1_2023-03-17_16h35.18.383.csv,2,38,tac,0B,0.35,1,0.749425299996801,0,1,1,0.115936824836256,0.115936824836256,CBC2StepAsymRW,CBCdriftDiffusionLR,0.5,0.19284246292911,0.0534818968379833,0.130768580319464,0.542265629880384,4.12517036502667,1.89330261267252,0.5,21.8631415224825,NA,v1,MR,NA,CBC2StepAsymRW_CBCdriftDiffusionLR,66.43142084847457
CBC_P009,CBC_P009_TV_prob0.9_Vset4_Aset1_2023-03-17_16h35.18.383.csv,2,39,tac,1C,0.35,1,1.01540219999879,0,1,1,0.315933591951894,0.315933591951894,CBC2StepAsymRW,CBCdriftDiffusionLR,0.5,0.19284246292911,0.0534818968379833,0.130768580319464,0.542265629880384,4.12517036502667,1.89330261267252,0.5,21.8631415224825,NA,v1,MR,NA,CBC2StepAsymRW_CBCdriftDiffusionLR,66.43142084847457
CBC_P009,CBC_P009_TV_prob0.9_Vset4_Aset1_2023-03-17_16h35.18.383.csv,2,40,tac,2B,0.15,1,0.738000800000009,0,1,1,0.186953352267892,0.186953352267892,CBC2StepAsymRW,CBCdriftDiffusionLR,0.5,0.19284246292911,0.0534818968379833,0.130768580319464,0.542265629880384,4.12517036502667,1.89330261267252,0.5,21.8631415224825,NA,v1,MR,NA,CBC2StepAsymRW_CBCdriftDiffusionLR,66.43142084847457
CBC_P009,CBC_P009_TV_prob0.9_Vset4_Aset1_2023-03-17_16h35.18.383.csv,2,41,tac,0A,0.5,1,1.03439289999733,1,1,1,0.794344698381314,0.205655301618686,CBC2StepAsymRW,CBCdriftDiffusionLR,0.5,0.19284246292911,0.0534818968379833,0.130768580319464,0.542265629880384,4.12517036502667,1.89330261267252,0.5,21.8631415224825,NA,v1,MR,NA,CBC2StepAsymRW_CBCdriftDiffusionLR,66.43142084847457
CBC_P009,CBC_P009_TV_prob0.9_Vset4_Aset1_2023-03-17_16h35.18.383.csv,2,42,tac,1B,0.5,1,0.767871100000775,1,1,1,0.815645491884297,0.184354508115703,CBC2StepAsymRW,CBCdriftDiffusionLR,0.5,0.19284246292911,0.0534818968379833,0.130768580319464,0.542265629880384,4.12517036502667,1.89330261267252,0.5,21.8631415224825,NA,v1,MR,NA,CBC2StepAsymRW_CBCdriftDiffusionLR,66.43142084847457
CBC_P009,CBC_P009_AV_prob0.9_Vset2_Aset4_2023-03-17_16h27.01.985.csv,1,1,aud,0B,0.35,1,1.95912619999945,1,0,0,0.5,-0.5,CBC2StepRW,CBCdriftDiffusionLR,0.5,1,NA,0.992236167202511,0.419636086290811,2.50588316064322,2.99240714131326,0.5,5.5373425714238,NA,v1,MR,NA,CBC2StepRW_CBCdriftDiffusionLR,29.995633312438905
CBC_P009,CBC_P009_AV_prob0.9_Vset2_Aset4_2023-03-17_16h27.01.985.csv,1,2,aud,2C,0.5,1,1.14792210000087,1,1,1,0.5,0.5,CBC2StepRW,CBCdriftDiffusionLR,0.5,1,NA,0.992236167202511,0.419636086290811,2.50588316064322,2.99240714131326,0.5,5.5373425714238,NA,v1,MR,NA,CBC2StepRW_CBCdriftDiffusionLR,29.995633312438905
CBC_P009,CBC_P009_AV_prob0.9_Vset2_Aset4_2023-03-17_16h27.01.985.csv,1,3,aud,1B,0.5,1,1.25193849999778,1,1,1,0.5,0.5,CBC2StepRW,CBCdriftDiffusionLR,0.5,1,NA,0.992236167202511,0.419636086290811,2.50588316064322,2.99240714131326,0.5,5.5373425714238,NA,v1,MR,NA,CBC2StepRW_CBCdriftDiffusionLR,29.995633312438905
CBC_P009,CBC_P009_AV_prob0.9_Vset2_Aset4_2023-03-17_16h27.01.985.csv,1,4,aud,2C,0.5,1,0.954354199999216,1,1,1,1,0,CBC2StepRW,CBCdriftDiffusionLR,0.5,1,NA,0.992236167202511,0.419636086290811,2.50588316064322,2.99240714131326,0.5,5.5373425714238,NA,v1,MR,NA,CBC2StepRW_CBCdriftDiffusionLR,29.995633312438905
CBC_P009,CBC_P009_AV_prob0.9_Vset2_Aset4_2023-03-17_16h27.01.985.csv,1,5,aud,1B,0.5,1,0.857570100000885,1,1,1,1,0,CBC2StepRW,CBCdriftDiffusionLR,0.5,1,NA,0.992236167202511,0.419636086290811,2.50588316064322,2.99240714131326,0.5,5.5373425714238,NA,v1,MR,NA,CBC2StepRW_CBCdriftDiffusionLR,29.995633312438905
CBC_P009,CBC_P009_AV_prob0.9_Vset2_Aset4_2023-03-17_16h27.01.985.csv,1,6,aud,2A,0.35,1,1.11684379999861,0,1,1,3.01385498536859e-5,3.01385498536755e-5,CBC2StepRW,CBCdriftDiffusionLR,0.5,1,NA,0.992236167202511,0.419636086290811,2.50588316064322,2.99240714131326,0.5,5.5373425714238,NA,v1,MR,NA,CBC2StepRW_CBCdriftDiffusionLR,29.995633312438905
CBC_P009,CBC_P009_AV_prob0.9_Vset2_Aset4_2023-03-17_16h27.01.985.csv,1,7,aud,0B,0.35,1,1.54945169999701,0,1,1,0,0,CBC2StepRW,CBCdriftDiffusionLR,0.5,1,NA,0.992236167202511,0.419636086290811,2.50588316064322,2.99240714131326,0.5,5.5373425714238,NA,v1,MR,NA,CBC2StepRW_CBCdriftDiffusionLR,29.995633312438905
CBC_P009,CBC_P009_AV_prob0.9_Vset2_Aset4_2023-03-17_16h27.01.985.csv,1,8,aud,1C,0.35,1,NA,NA,NA,NA,1.8166643745662198e-9,0,CBC2StepRW,CBCdriftDiffusionLR,0.5,1,NA,0.992236167202511,0.419636086290811,2.50588316064322,2.99240714131326,0.5,5.5373425714238,NA,v1,MR,NA,CBC2StepRW_CBCdriftDiffusionLR,29.995633312438905
CBC_P009,CBC_P009_AV_prob0.9_Vset2_Aset4_2023-03-17_16h27.01.985.csv,1,9,aud,0A,0.5,0,1.05155009999726,1,1,0,0.5,-0.5,CBC2StepRW,CBCdriftDiffusionLR,0.5,1,NA,0.992236167202511,0.419636086290811,2.50588316064322,2.99240714131326,0.5,5.5373425714238,NA,v1,MR,NA,CBC2StepRW_CBCdriftDiffusionLR,29.995633312438905
CBC_P009,CBC_P009_AV_prob0.9_Vset2_Aset4_2023-03-17_16h27.01.985.csv,1,10,aud,2C,0.5,1,0.915038099999947,1,1,1,1,0,CBC2StepRW,CBCdriftDiffusionLR,0.5,1,NA,0.992236167202511,0.419636086290811,2.50588316064322,2.99240714131326,0.5,5.5373425714238,NA,v1,MR,NA,CBC2StepRW_CBCdriftDiffusionLR,29.995633312438905
CBC_P009,CBC_P009_AV_prob0.9_Vset2_Aset4_2023-03-17_16h27.01.985.csv,1,11,aud,0A,0.5,1,1.79134149999663,0,0,0,0,-1,CBC2StepRW,CBCdriftDiffusionLR,0.5,1,NA,0.992236167202511,0.419636086290811,2.50588316064322,2.99240714131326,0.5,5.5373425714238,NA,v1,MR,NA,CBC2StepRW_CBCdriftDiffusionLR,29.995633312438905
CBC_P009,CBC_P009_AV_prob0.9_Vset2_Aset4_2023-03-17_16h27.01.985.csv,1,12,aud,1C,0.35,1,1.06892549999975,0,1,1,1.4104278453287698e-11,1.4104273304838e-11,CBC2StepRW,CBCdriftDiffusionLR,0.5,1,NA,0.992236167202511,0.419636086290811,2.50588316064322,2.99240714131326,0.5,5.5373425714238,NA,v1,MR,NA,CBC2StepRW_CBCdriftDiffusionLR,29.995633312438905
CBC_P009,CBC_P009_AV_prob0.9_Vset2_Aset4_2023-03-17_16h27.01.985.csv,1,13,aud,2B,0.15,0,1.05769090000103,0,1,0,1.4104278453287698e-11,-0.999999999985896,CBC2StepRW,CBCdriftDiffusionLR,0.5,1,NA,0.992236167202511,0.419636086290811,2.50588316064322,2.99240714131326,0.5,5.5373425714238,NA,v1,MR,NA,CBC2StepRW_CBCdriftDiffusionLR,29.995633312438905
CBC_P009,CBC_P009_AV_prob0.9_Vset2_Aset4_2023-03-17_16h27.01.985.csv,1,14,aud,1A,0.15,1,1.14265130000058,0,1,1,3.01385498536859e-5,3.01385498536755e-5,CBC2StepRW,CBCdriftDiffusionLR,0.5,1,NA,0.992236167202511,0.419636086290811,2.50588316064322,2.99240714131326,0.5,5.5373425714238,NA,v1,MR,NA,CBC2StepRW_CBCdriftDiffusionLR,29.995633312438905
CBC_P009,CBC_P009_AV_prob0.9_Vset2_Aset4_2023-03-17_16h27.01.985.csv,1,15,aud,2C,0.5,1,0.704475499998807,1,1,1,1,0,CBC2StepRW,CBCdriftDiffusionLR,0.5,1,NA,0.992236167202511,0.419636086290811,2.50588316064322,2.99240714131326,0.5,5.5373425714238,NA,v1,MR,NA,CBC2StepRW_CBCdriftDiffusionLR,29.995633312438905
CBC_P009,CBC_P009_AV_prob0.9_Vset2_Aset4_2023-03-17_16h27.01.985.csv,1,16,aud,0A,0.5,1,0.537218699999357,1,1,1,1,0,CBC2StepRW,CBCdriftDiffusionLR,0.5,1,NA,0.992236167202511,0.419636086290811,2.50588316064322,2.99240714131326,0.5,5.5373425714238,NA,v1,MR,NA,CBC2StepRW_CBCdriftDiffusionLR,29.995633312438905
CBC_P009,CBC_P009_AV_prob0.9_Vset2_Aset4_2023-03-17_16h27.01.985.csv,1,17,aud,1C,0.35,1,1.09960610000053,0,1,1,3.9971702487339196e-20,0,CBC2StepRW,CBCdriftDiffusionLR,0.5,1,NA,0.992236167202511,0.419636086290811,2.50588316064322,2.99240714131326,0.5,5.5373425714238,NA,v1,MR,NA,CBC2StepRW_CBCdriftDiffusionLR,29.995633312438905
CBC_P009,CBC_P009_AV_prob0.9_Vset2_Aset4_2023-03-17_16h27.01.985.csv,1,18,aud,2B,0.15,1,1.076541800001,0,1,1,0.00776383279748938,0.00776383279748938,CBC2StepRW,CBCdriftDiffusionLR,0.5,1,NA,0.992236167202511,0.419636086290811,2.50588316064322,2.99240714131326,0.5,5.5373425714238,NA,v1,MR,NA,CBC2StepRW_CBCdriftDiffusionLR,29.995633312438905
CBC_P009,CBC_P009_AV_prob0.9_Vset2_Aset4_2023-03-17_16h27.01.985.csv,1,19,aud,1C,0.35,1,0.810165999999299,0,1,1,3.9971702487339196e-20,0,CBC2StepRW,CBCdriftDiffusionLR,0.5,1,NA,0.992236167202511,0.419636086290811,2.50588316064322,2.99240714131326,0.5,5.5373425714238,NA,v1,MR,NA,CBC2StepRW_CBCdriftDiffusionLR,29.995633312438905
CBC_P009,CBC_P009_AV_prob0.9_Vset2_Aset4_2023-03-17_16h27.01.985.csv,1,20,aud,0A,0.5,1,1.03044699999737,1,1,1,1,0,CBC2StepRW,CBCdriftDiffusionLR,0.5,1,NA,0.992236167202511,0.419636086290811,2.50588316064322,2.99240714131326,0.5,5.5373425714238,NA,v1,MR,NA,CBC2StepRW_CBCdriftDiffusionLR,29.995633312438905
CBC_P009,CBC_P009_AV_prob0.9_Vset2_Aset4_2023-03-17_16h27.01.985.csv,1,21,aud,2C,0.5,1,1.12751099999878,1,1,1,1,0,CBC2StepRW,CBCdriftDiffusionLR,0.5,1,NA,0.992236167202511,0.419636086290811,2.50588316064322,2.99240714131326,0.5,5.5373425714238,NA,v1,MR,NA,CBC2StepRW_CBCdriftDiffusionLR,29.995633312438905
CBC_P009,CBC_P009_AV_prob0.9_Vset2_Aset4_2023-03-17_16h27.01.985.csv,1,22,aud,1B,0.5,1,0.996928799999296,1,1,1,1,0,CBC2StepRW,CBCdriftDiffusionLR,0.5,1,NA,0.992236167202511,0.419636086290811,2.50588316064322,2.99240714131326,0.5,5.5373425714238,NA,v1,MR,NA,CBC2StepRW_CBCdriftDiffusionLR,29.995633312438905
CBC_P009,CBC_P009_AV_prob0.9_Vset2_Aset4_2023-03-17_16h27.01.985.csv,1,23,aud,0C,0.15,1,0.992715000000317,0,1,1,8.50164998629357e-16,8.881784197001249e-16,CBC2StepRW,CBCdriftDiffusionLR,0.5,1,NA,0.992236167202511,0.419636086290811,2.50588316064322,2.99240714131326,0.5,5.5373425714238,NA,v1,MR,NA,CBC2StepRW_CBCdriftDiffusionLR,29.995633312438905
CBC_P009,CBC_P009_AV_prob0.9_Vset2_Aset4_2023-03-17_16h27.01.985.csv,1,24,aud,1B,0.5,1,0.906521799999609,1,1,1,1,0,CBC2StepRW,CBCdriftDiffusionLR,0.5,1,NA,0.992236167202511,0.419636086290811,2.50588316064322,2.99240714131326,0.5,5.5373425714238,NA,v1,MR,NA,CBC2StepRW_CBCdriftDiffusionLR,29.995633312438905
CBC_P009,CBC_P009_AV_prob0.9_Vset2_Aset4_2023-03-17_16h27.01.985.csv,1,25,aud,2A,0.35,1,0.988996199997928,0,1,1,2.93604275335582e-28,0,CBC2StepRW,CBCdriftDiffusionLR,0.5,1,NA,0.992236167202511,0.419636086290811,2.50588316064322,2.99240714131326,0.5,5.5373425714238,NA,v1,MR,NA,CBC2StepRW_CBCdriftDiffusionLR,29.995633312438905
CBC_P009,CBC_P009_AV_prob0.9_Vset2_Aset4_2023-03-17_16h27.01.985.csv,1,26,aud,0B,0.35,1,0.856768800000282,0,1,1,0,0,CBC2StepRW,CBCdriftDiffusionLR,0.5,1,NA,0.992236167202511,0.419636086290811,2.50588316064322,2.99240714131326,0.5,5.5373425714238,NA,v1,MR,NA,CBC2StepRW_CBCdriftDiffusionLR,29.995633312438905
CBC_P009,CBC_P009_AV_prob0.9_Vset2_Aset4_2023-03-17_16h27.01.985.csv,1,27,aud,2A,0.35,0,0.849487999999837,0,1,0,2.93604275335582e-28,-1,CBC2StepRW,CBCdriftDiffusionLR,0.5,1,NA,0.992236167202511,0.419636086290811,2.50588316064322,2.99240714131326,0.5,5.5373425714238,NA,v1,MR,NA,CBC2StepRW_CBCdriftDiffusionLR,29.995633312438905
CBC_P009,CBC_P009_AV_prob0.9_Vset2_Aset4_2023-03-17_16h27.01.985.csv,1,28,aud,1B,0.5,1,0.83430419999786,1,1,1,1,0,CBC2StepRW,CBCdriftDiffusionLR,0.5,1,NA,0.992236167202511,0.419636086290811,2.50588316064322,2.99240714131326,0.5,5.5373425714238,NA,v1,MR,NA,CBC2StepRW_CBCdriftDiffusionLR,29.995633312438905
CBC_P009,CBC_P009_AV_prob0.9_Vset2_Aset4_2023-03-17_16h27.01.985.csv,1,29,aud,0A,0.5,1,1.69800529999702,1,1,1,1,0,CBC2StepRW,CBCdriftDiffusionLR,0.5,1,NA,0.992236167202511,0.419636086290811,2.50588316064322,2.99240714131326,0.5,5.5373425714238,NA,v1,MR,NA,CBC2StepRW_CBCdriftDiffusionLR,29.995633312438905
CBC_P009,CBC_P009_AV_prob0.9_Vset2_Aset4_2023-03-17_16h27.01.985.csv,1,30,aud,1B,0.5,1,0.945475499996974,1,1,1,1,0,CBC2StepRW,CBCdriftDiffusionLR,0.5,1,NA,0.992236167202511,0.419636086290811,2.50588316064322,2.99240714131326,0.5,5.5373425714238,NA,v1,MR,NA,CBC2StepRW_CBCdriftDiffusionLR,29.995633312438905
CBC_P009,CBC_P009_AV_prob0.9_Vset2_Aset4_2023-03-17_16h27.01.985.csv,1,31,aud,2A,0.35,1,0.964203199997428,0,1,1,0.00776383279748938,0.00776383279748938,CBC2StepRW,CBCdriftDiffusionLR,0.5,1,NA,0.992236167202511,0.419636086290811,2.50588316064322,2.99240714131326,0.5,5.5373425714238,NA,v1,MR,NA,CBC2StepRW_CBCdriftDiffusionLR,29.995633312438905
CBC_P009,CBC_P009_AV_prob0.9_Vset2_Aset4_2023-03-17_16h27.01.985.csv,1,32,aud,0C,0.15,1,1.07841259999987,0,1,1,-2.95129845254008e-19,0,CBC2StepRW,CBCdriftDiffusionLR,0.5,1,NA,0.992236167202511,0.419636086290811,2.50588316064322,2.99240714131326,0.5,5.5373425714238,NA,v1,MR,NA,CBC2StepRW_CBCdriftDiffusionLR,29.995633312438905
CBC_P009,CBC_P009_AV_prob0.9_Vset2_Aset4_2023-03-17_16h27.01.985.csv,1,33,aud,1B,0.5,0,0.791421299996728,1,1,0,1,-1,CBC2StepRW,CBCdriftDiffusionLR,0.5,1,NA,0.992236167202511,0.419636086290811,2.50588316064322,2.99240714131326,0.5,5.5373425714238,NA,v1,MR,NA,CBC2StepRW_CBCdriftDiffusionLR,29.995633312438905
CBC_P009,CBC_P009_AV_prob0.9_Vset2_Aset4_2023-03-17_16h27.01.985.csv,1,34,aud,0A,0.5,1,0.870014600001014,1,1,1,1,0,CBC2StepRW,CBCdriftDiffusionLR,0.5,1,NA,0.992236167202511,0.419636086290811,2.50588316064322,2.99240714131326,0.5,5.5373425714238,NA,v1,MR,NA,CBC2StepRW_CBCdriftDiffusionLR,29.995633312438905
CBC_P009,CBC_P009_AV_prob0.9_Vset2_Aset4_2023-03-17_16h27.01.985.csv,1,35,aud,1C,0.35,1,0.887674099998549,0,1,1,1.1275440442667898e-30,0,CBC2StepRW,CBCdriftDiffusionLR,0.5,1,NA,0.992236167202511,0.419636086290811,2.50588316064322,2.99240714131326,0.5,5.5373425714238,NA,v1,MR,NA,CBC2StepRW_CBCdriftDiffusionLR,29.995633312438905
CBC_P009,CBC_P009_AV_prob0.9_Vset2_Aset4_2023-03-17_16h27.01.985.csv,1,36,aud,0B,0.35,1,1.50823350000064,0,1,1,0,0,CBC2StepRW,CBCdriftDiffusionLR,0.5,1,NA,0.992236167202511,0.419636086290811,2.50588316064322,2.99240714131326,0.5,5.5373425714238,NA,v1,MR,NA,CBC2StepRW_CBCdriftDiffusionLR,29.995633312438905
CBC_P009,CBC_P009_AV_prob0.9_Vset2_Aset4_2023-03-17_16h27.01.985.csv,1,37,aud,1A,0.15,1,1.35265269999945,0,1,1,1.37401317399563e-34,0,CBC2StepRW,CBCdriftDiffusionLR,0.5,1,NA,0.992236167202511,0.419636086290811,2.50588316064322,2.99240714131326,0.5,5.5373425714238,NA,v1,MR,NA,CBC2StepRW_CBCdriftDiffusionLR,29.995633312438905
CBC_P009,CBC_P009_AV_prob0.9_Vset2_Aset4_2023-03-17_16h27.01.985.csv,1,38,aud,2C,0.5,1,0.838752599996951,1,1,1,1,0,CBC2StepRW,CBCdriftDiffusionLR,0.5,1,NA,0.992236167202511,0.419636086290811,2.50588316064322,2.99240714131326,0.5,5.5373425714238,NA,v1,MR,NA,CBC2StepRW_CBCdriftDiffusionLR,29.995633312438905
CBC_P009,CBC_P009_AV_prob0.9_Vset2_Aset4_2023-03-17_16h27.01.985.csv,1,39,aud,0A,0.5,1,0.975735600000917,1,1,1,1,0,CBC2StepRW,CBCdriftDiffusionLR,0.5,1,NA,0.992236167202511,0.419636086290811,2.50588316064322,2.99240714131326,0.5,5.5373425714238,NA,v1,MR,NA,CBC2StepRW_CBCdriftDiffusionLR,29.995633312438905
CBC_P009,CBC_P009_AV_prob0.9_Vset2_Aset4_2023-03-17_16h27.01.985.csv,1,40,aud,2C,0.5,1,0.849656200000027,1,1,1,1,0,CBC2StepRW,CBCdriftDiffusionLR,0.5,1,NA,0.992236167202511,0.419636086290811,2.50588316064322,2.99240714131326,0.5,5.5373425714238,NA,v1,MR,NA,CBC2StepRW_CBCdriftDiffusionLR,29.995633312438905
CBC_P009,CBC_P009_AV_prob0.9_Vset2_Aset4_2023-03-17_16h27.01.985.csv,1,41,aud,0B,0.35,1,0.750048999998398,0,1,1,0,0,CBC2StepRW,CBCdriftDiffusionLR,0.5,1,NA,0.992236167202511,0.419636086290811,2.50588316064322,2.99240714131326,0.5,5.5373425714238,NA,v1,MR,NA,CBC2StepRW_CBCdriftDiffusionLR,29.995633312438905
CBC_P009,CBC_P009_AV_prob0.9_Vset2_Aset4_2023-03-17_16h27.01.985.csv,1,42,aud,1C,0.35,1,0.892700699998386,0,1,1,6.79650847807228e-35,0,CBC2StepRW,CBCdriftDiffusionLR,0.5,1,NA,0.992236167202511,0.419636086290811,2.50588316064322,2.99240714131326,0.5,5.5373425714238,NA,v1,MR,NA,CBC2StepRW_CBCdriftDiffusionLR,29.995633312438905
CBC_P010,CBC_P010_AV_prob0.7_Vset1_Aset4_2023-03-17_17h33.48.514.csv,1,1,aud,0A,0.5,1,1.32964129999891,0,0,0,0.5,-0.5,CBC2StepRW,CBCdriftDiffusionLR,0.5,0.366691998450449,NA,0.273164536239875,0.650007265334586,3.16449063962172,2.25133747121132,0.5,20.0695052294902,NA,v1,MR,NA,CBC2StepRW_CBCdriftDiffusionLR,59.05995862857171
CBC_P010,CBC_P010_AV_prob0.7_Vset1_Aset4_2023-03-17_17h33.48.514.csv,1,2,aud,1C,0.35,0,1.13684210000065,0,1,0,0.5,-0.5,CBC2StepRW,CBCdriftDiffusionLR,0.5,0.366691998450449,NA,0.273164536239875,0.650007265334586,3.16449063962172,2.25133747121132,0.5,20.0695052294902,NA,v1,MR,NA,CBC2StepRW_CBCdriftDiffusionLR,59.05995862857171
CBC_P010,CBC_P010_AV_prob0.7_Vset1_Aset4_2023-03-17_17h33.48.514.csv,1,3,aud,0B,0.35,0,1.5584183999963,1,0,1,0.5,0.5,CBC2StepRW,CBCdriftDiffusionLR,0.5,0.366691998450449,NA,0.273164536239875,0.650007265334586,3.16449063962172,2.25133747121132,0.5,20.0695052294902,NA,v1,MR,NA,CBC2StepRW_CBCdriftDiffusionLR,59.05995862857171
CBC_P010,CBC_P010_AV_prob0.7_Vset1_Aset4_2023-03-17_17h33.48.514.csv,1,4,aud,2C,0.5,1,2.05013779999717,1,1,1,0.5,0.5,CBC2StepRW,CBCdriftDiffusionLR,0.5,0.366691998450449,NA,0.273164536239875,0.650007265334586,3.16449063962172,2.25133747121132,0.5,20.0695052294902,NA,v1,MR,NA,CBC2StepRW_CBCdriftDiffusionLR,59.05995862857171
CBC_P010,CBC_P010_AV_prob0.7_Vset1_Aset4_2023-03-17_17h33.48.514.csv,1,5,aud,1B,0.5,1,1.24261679999836,0,0,0,0.363417731880062,-0.636582268119938,CBC2StepRW,CBCdriftDiffusionLR,0.5,0.366691998450449,NA,0.273164536239875,0.650007265334586,3.16449063962172,2.25133747121132,0.5,20.0695052294902,NA,v1,MR,NA,CBC2StepRW_CBCdriftDiffusionLR,59.05995862857171
CBC_P010,CBC_P010_AV_prob0.7_Vset1_Aset4_2023-03-17_17h33.48.514.csv,1,6,aud,2A,0.35,1,2.33846249999988,0,1,1,0.363417731880062,0.363417731880062,CBC2StepRW,CBCdriftDiffusionLR,0.5,0.366691998450449,NA,0.273164536239875,0.650007265334586,3.16449063962172,2.25133747121132,0.5,20.0695052294902,NA,v1,MR,NA,CBC2StepRW_CBCdriftDiffusionLR,59.05995862857171
CBC_P010,CBC_P010_AV_prob0.7_Vset1_Aset4_2023-03-17_17h33.48.514.csv,1,7,aud,0B,0.35,1,NA,NA,NA,NA,0.683345999225224,0,CBC2StepRW,CBCdriftDiffusionLR,0.5,0.366691998450449,NA,0.273164536239875,0.650007265334586,3.16449063962172,2.25133747121132,0.5,20.0695052294902,NA,v1,MR,NA,CBC2StepRW_CBCdriftDiffusionLR,59.05995862857171
CBC_P010,CBC_P010_AV_prob0.7_Vset1_Aset4_2023-03-17_17h33.48.514.csv,1,8,aud,2C,0.5,1,1.75222099999883,1,1,1,0.683345999225224,0.316654000774776,CBC2StepRW,CBCdriftDiffusionLR,0.5,0.366691998450449,NA,0.273164536239875,0.650007265334586,3.16449063962172,2.25133747121132,0.5,20.0695052294902,NA,v1,MR,NA,CBC2StepRW_CBCdriftDiffusionLR,59.05995862857171
CBC_P010,CBC_P010_AV_prob0.7_Vset1_Aset4_2023-03-17_17h33.48.514.csv,1,9,aud,0A,0.5,1,1.43802219999998,0,0,0,0.496680106255492,-0.503319893744508,CBC2StepRW,CBCdriftDiffusionLR,0.5,0.366691998450449,NA,0.273164536239875,0.650007265334586,3.16449063962172,2.25133747121132,0.5,20.0695052294902,NA,v1,MR,NA,CBC2StepRW_CBCdriftDiffusionLR,59.05995862857171
CBC_P010,CBC_P010_AV_prob0.7_Vset1_Aset4_2023-03-17_17h33.48.514.csv,1,10,aud,1C,0.35,0,1.47550780000165,0,1,0,0.361004715370639,-0.638995284629361,CBC2StepRW,CBCdriftDiffusionLR,0.5,0.366691998450449,NA,0.273164536239875,0.650007265334586,3.16449063962172,2.25133747121132,0.5,20.0695052294902,NA,v1,MR,NA,CBC2StepRW_CBCdriftDiffusionLR,59.05995862857171
CBC_P010,CBC_P010_AV_prob0.7_Vset1_Aset4_2023-03-17_17h33.48.514.csv,1,11,aud,0A,0.5,1,1.53895750000083,1,1,1,0.681243483952533,0.318756516047467,CBC2StepRW,CBCdriftDiffusionLR,0.5,0.366691998450449,NA,0.273164536239875,0.650007265334586,3.16449063962172,2.25133747121132,0.5,20.0695052294902,NA,v1,MR,NA,CBC2StepRW_CBCdriftDiffusionLR,59.05995862857171
CBC_P010,CBC_P010_AV_prob0.7_Vset1_Aset4_2023-03-17_17h33.48.514.csv,1,12,aud,1B,0.5,1,1.65790469999774,1,1,1,0.596847355955082,0.403152644044918,CBC2StepRW,CBCdriftDiffusionLR,0.5,0.366691998450449,NA,0.273164536239875,0.650007265334586,3.16449063962172,2.25133747121132,0.5,20.0695052294902,NA,v1,MR,NA,CBC2StepRW_CBCdriftDiffusionLR,59.05995862857171
CBC_P010,CBC_P010_AV_prob0.7_Vset1_Aset4_2023-03-17_17h33.48.514.csv,1,13,aud,0C,0.15,0,1.10182089999944,0,1,0,0.139545051837843,-0.860454948162157,CBC2StepRW,CBCdriftDiffusionLR,0.5,0.366691998450449,NA,0.273164536239875,0.650007265334586,3.16449063962172,2.25133747121132,0.5,20.0695052294902,NA,v1,MR,NA,CBC2StepRW_CBCdriftDiffusionLR,59.05995862857171
CBC_P010,CBC_P010_AV_prob0.7_Vset1_Aset4_2023-03-17_17h33.48.514.csv,1,14,aud,1A,0.15,0,1.5064166000011,1,0,1,0.264144895689698,0.735855104310302,CBC2StepRW,CBCdriftDiffusionLR,0.5,0.366691998450449,NA,0.273164536239875,0.650007265334586,3.16449063962172,2.25133747121132,0.5,20.0695052294902,NA,v1,MR,NA,CBC2StepRW_CBCdriftDiffusionLR,59.05995862857171
CBC_P010,CBC_P010_AV_prob0.7_Vset1_Aset4_2023-03-17_17h33.48.514.csv,1,15,aud,0B,0.35,0,2.09472279999682,0,1,0,0.361004715370639,-0.638995284629361,CBC2StepRW,CBCdriftDiffusionLR,0.5,0.366691998450449,NA,0.273164536239875,0.650007265334586,3.16449063962172,2.25133747121132,0.5,20.0695052294902,NA,v1,MR,NA,CBC2StepRW_CBCdriftDiffusionLR,59.05995862857171
CBC_P010,CBC_P010_AV_prob0.7_Vset1_Aset4_2023-03-17_17h33.48.514.csv,1,16,aud,1A,0.15,1,1.81304040000032,0,1,1,0.533977074459206,0.533977074459206,CBC2StepRW,CBCdriftDiffusionLR,0.5,0.366691998450449,NA,0.273164536239875,0.650007265334586,3.16449063962172,2.25133747121132,0.5,20.0695052294902,NA,v1,MR,NA,CBC2StepRW_CBCdriftDiffusionLR,59.05995862857171
CBC_P010,CBC_P010_AV_prob0.7_Vset1_Aset4_2023-03-17_17h33.48.514.csv,1,17,aud,2C,0.5,1,1.09998189999897,1,1,1,0.799460487586657,0.200539512413343,CBC2StepRW,CBCdriftDiffusionLR,0.5,0.366691998450449,NA,0.273164536239875,0.650007265334586,3.16449063962172,2.25133747121132,0.5,20.0695052294902,NA,v1,MR,NA,CBC2StepRW_CBCdriftDiffusionLR,59.05995862857171
CBC_P010,CBC_P010_AV_prob0.7_Vset1_Aset4_2023-03-17_17h33.48.514.csv,1,18,aud,0A,0.5,1,1.48057939999853,1,1,1,0.58010842394445306,0.419891576055547,CBC2StepRW,CBCdriftDiffusionLR,0.5,0.366691998450449,NA,0.273164536239875,0.650007265334586,3.16449063962172,2.25133747121132,0.5,20.0695052294902,NA,v1,MR,NA,CBC2StepRW_CBCdriftDiffusionLR,59.05995862857171
CBC_P010,CBC_P010_AV_prob0.7_Vset1_Aset4_2023-03-17_17h33.48.514.csv,1,19,aud,2C,0.5,1,0.824282400000811,1,1,1,0.872996722161784,0.127003277838216,CBC2StepRW,CBCdriftDiffusionLR,0.5,0.366691998450449,NA,0.273164536239875,0.650007265334586,3.16449063962172,2.25133747121132,0.5,20.0695052294902,NA,v1,MR,NA,CBC2StepRW_CBCdriftDiffusionLR,59.05995862857171
CBC_P010,CBC_P010_AV_prob0.7_Vset1_Aset4_2023-03-17_17h33.48.514.csv,1,20,aud,1B,0.5,1,1.0821219999998,1,1,1,0.541259981921933,0.458740018078067,CBC2StepRW,CBCdriftDiffusionLR,0.5,0.366691998450449,NA,0.273164536239875,0.650007265334586,3.16449063962172,2.25133747121132,0.5,20.0695052294902,NA,v1,MR,NA,CBC2StepRW_CBCdriftDiffusionLR,59.05995862857171
CBC_P010,CBC_P010_AV_prob0.7_Vset1_Aset4_2023-03-17_17h33.48.514.csv,1,21,aud,2A,0.35,0,1.10405769999852,0,1,0,0.033934210089588,-0.966065789910412,CBC2StepRW,CBCdriftDiffusionLR,0.5,0.366691998450449,NA,0.273164536239875,0.650007265334586,3.16449063962172,2.25133747121132,0.5,20.0695052294902,NA,v1,MR,NA,CBC2StepRW_CBCdriftDiffusionLR,59.05995862857171
CBC_P010,CBC_P010_AV_prob0.7_Vset1_Aset4_2023-03-17_17h33.48.514.csv,1,22,aud,0B,0.35,1,1.00017089999892,0,1,1,0.314501041862476,0.314501041862476,CBC2StepRW,CBCdriftDiffusionLR,0.5,0.366691998450449,NA,0.273164536239875,0.650007265334586,3.16449063962172,2.25133747121132,0.5,20.0695052294902,NA,v1,MR,NA,CBC2StepRW_CBCdriftDiffusionLR,59.05995862857171
CBC_P010,CBC_P010_AV_prob0.7_Vset1_Aset4_2023-03-17_17h33.48.514.csv,1,23,aud,2C,0.5,1,0.744184299997869,1,1,1,0.919567807922037,0.0804321920779628,CBC2StepRW,CBCdriftDiffusionLR,0.5,0.366691998450449,NA,0.273164536239875,0.650007265334586,3.16449063962172,2.25133747121132,0.5,20.0695052294902,NA,v1,MR,NA,CBC2StepRW_CBCdriftDiffusionLR,59.05995862857171
CBC_P010,CBC_P010_AV_prob0.7_Vset1_Aset4_2023-03-17_17h33.48.514.csv,1,24,aud,1B,0.5,1,1.06912999999986,1,1,1,0.709476275920174,0.290523724079826,CBC2StepRW,CBCdriftDiffusionLR,0.5,0.366691998450449,NA,0.273164536239875,0.650007265334586,3.16449063962172,2.25133747121132,0.5,20.0695052294902,NA,v1,MR,NA,CBC2StepRW_CBCdriftDiffusionLR,59.05995862857171
CBC_P010,CBC_P010_AV_prob0.7_Vset1_Aset4_2023-03-17_17h33.48.514.csv,1,25,aud,0A,0.5,1,1.43102949999957,1,1,1,0.73407930510077,0.26592069489923,CBC2StepRW,CBCdriftDiffusionLR,0.5,0.366691998450449,NA,0.273164536239875,0.650007265334586,3.16449063962172,2.25133747121132,0.5,20.0695052294902,NA,v1,MR,NA,CBC2StepRW_CBCdriftDiffusionLR,59.05995862857171
CBC_P010,CBC_P010_AV_prob0.7_Vset1_Aset4_2023-03-17_17h33.48.514.csv,1,26,aud,1C,0.35,1,1.31911169999876,0,1,1,0.0637973493068615,0.0637973493068615,CBC2StepRW,CBCdriftDiffusionLR,0.5,0.366691998450449,NA,0.273164536239875,0.650007265334586,3.16449063962172,2.25133747121132,0.5,20.0695052294902,NA,v1,MR,NA,CBC2StepRW_CBCdriftDiffusionLR,59.05995862857171
CBC_P010,CBC_P010_AV_prob0.7_Vset1_Aset4_2023-03-17_17h33.48.514.csv,1,27,aud,2B,0.15,0,0.858383499999036,0,1,0,0.0283070744803315,-0.971692925519668,CBC2StepRW,CBCdriftDiffusionLR,0.5,0.366691998450449,NA,0.273164536239875,0.650007265334586,3.16449063962172,2.25133747121132,0.5,20.0695052294902,NA,v1,MR,NA,CBC2StepRW_CBCdriftDiffusionLR,59.05995862857171
CBC_P010,CBC_P010_AV_prob0.7_Vset1_Aset4_2023-03-17_17h33.48.514.csv,1,28,aud,1C,0.35,0,1.37434760000178,0,1,0,0.0404033717936871,-0.959596628206313,CBC2StepRW,CBCdriftDiffusionLR,0.5,0.366691998450449,NA,0.273164536239875,0.650007265334586,3.16449063962172,2.25133747121132,0.5,20.0695052294902,NA,v1,MR,NA,CBC2StepRW_CBCdriftDiffusionLR,59.05995862857171
CBC_P010,CBC_P010_AV_prob0.7_Vset1_Aset4_2023-03-17_17h33.48.514.csv,1,29,aud,0B,0.35,1,1.02996089999942,0,1,1,0.105222661385595,0.105222661385595,CBC2StepRW,CBCdriftDiffusionLR,0.5,0.366691998450449,NA,0.273164536239875,0.650007265334586,3.16449063962172,2.25133747121132,0.5,20.0695052294902,NA,v1,MR,NA,CBC2StepRW_CBCdriftDiffusionLR,59.05995862857171
CBC_P010,CBC_P010_AV_prob0.7_Vset1_Aset4_2023-03-17_17h33.48.514.csv,1,30,aud,2C,0.5,1,0.943974099998741,1,1,1,0.949061649174856,0.0509383508251443,CBC2StepRW,CBCdriftDiffusionLR,0.5,0.366691998450449,NA,0.273164536239875,0.650007265334586,3.16449063962172,2.25133747121132,0.5,20.0695052294902,NA,v1,MR,NA,CBC2StepRW_CBCdriftDiffusionLR,59.05995862857171
CBC_P010,CBC_P010_AV_prob0.7_Vset1_Aset4_2023-03-17_17h33.48.514.csv,1,31,aud,0A,0.5,1,NA,NA,NA,NA,0.831590296142701,0,CBC2StepRW,CBCdriftDiffusionLR,0.5,0.366691998450449,NA,0.273164536239875,0.650007265334586,3.16449063962172,2.25133747121132,0.5,20.0695052294902,NA,v1,MR,NA,CBC2StepRW_CBCdriftDiffusionLR,59.05995862857171
CBC_P010,CBC_P010_AV_prob0.7_Vset1_Aset4_2023-03-17_17h33.48.514.csv,1,32,aud,2B,0.15,0,1.50601969999843,0,1,0,0.279554798444721,-0.720445201555279,CBC2StepRW,CBCdriftDiffusionLR,0.5,0.366691998450449,NA,0.273164536239875,0.650007265334586,3.16449063962172,2.25133747121132,0.5,20.0695052294902,NA,v1,MR,NA,CBC2StepRW_CBCdriftDiffusionLR,59.05995862857171
CBC_P010,CBC_P010_AV_prob0.7_Vset1_Aset4_2023-03-17_17h33.48.514.csv,1,33,aud,1C,0.35,0,0.966233600000123,0,1,0,0.285122853709996,-0.714877146290004,CBC2StepRW,CBCdriftDiffusionLR,0.5,0.366691998450449,NA,0.273164536239875,0.650007265334586,3.16449063962172,2.25133747121132,0.5,20.0695052294902,NA,v1,MR,NA,CBC2StepRW_CBCdriftDiffusionLR,59.05995862857171
CBC_P010,CBC_P010_AV_prob0.7_Vset1_Aset4_2023-03-17_17h33.48.514.csv,1,34,aud,2A,0.35,1,0.978803699999844,0,1,1,0.149054338646748,0.149054338646748,CBC2StepRW,CBCdriftDiffusionLR,0.5,0.366691998450449,NA,0.273164536239875,0.650007265334586,3.16449063962172,2.25133747121132,0.5,20.0695052294902,NA,v1,MR,NA,CBC2StepRW_CBCdriftDiffusionLR,59.05995862857171
CBC_P010,CBC_P010_AV_prob0.7_Vset1_Aset4_2023-03-17_17h33.48.514.csv,1,35,aud,1B,0.5,1,1.14014689999749,1,1,1,0.816009000900272,0.183990999099728,CBC2StepRW,CBCdriftDiffusionLR,0.5,0.366691998450449,NA,0.273164536239875,0.650007265334586,3.16449063962172,2.25133747121132,0.5,20.0695052294902,NA,v1,MR,NA,CBC2StepRW_CBCdriftDiffusionLR,59.05995862857171
CBC_P010,CBC_P010_AV_prob0.7_Vset1_Aset4_2023-03-17_17h33.48.514.csv,1,36,aud,0C,0.15,0,0.863830799997231,0,1,0,0.0670952839273859,-0.932904716072614,CBC2StepRW,CBCdriftDiffusionLR,0.5,0.366691998450449,NA,0.273164536239875,0.650007265334586,3.16449063962172,2.25133747121132,0.5,20.0695052294902,NA,v1,MR,NA,CBC2StepRW_CBCdriftDiffusionLR,59.05995862857171
CBC_P010,CBC_P010_AV_prob0.7_Vset1_Aset4_2023-03-17_17h33.48.514.csv,1,37,aud,1B,0.5,1,1.3233051999996,1,1,1,0.883477028057046,0.116522971942954,CBC2StepRW,CBCdriftDiffusionLR,0.5,0.366691998450449,NA,0.273164536239875,0.650007265334586,3.16449063962172,2.25133747121132,0.5,20.0695052294902,NA,v1,MR,NA,CBC2StepRW_CBCdriftDiffusionLR,59.05995862857171
CBC_P010,CBC_P010_AV_prob0.7_Vset1_Aset4_2023-03-17_17h33.48.514.csv,1,38,aud,2A,0.35,1,1.52520769999683,0,1,1,0.0943973053306622,0.0943973053306622,CBC2StepRW,CBCdriftDiffusionLR,0.5,0.366691998450449,NA,0.273164536239875,0.650007265334586,3.16449063962172,2.25133747121132,0.5,20.0695052294902,NA,v1,MR,NA,CBC2StepRW_CBCdriftDiffusionLR,59.05995862857171
CBC_P010,CBC_P010_AV_prob0.7_Vset1_Aset4_2023-03-17_17h33.48.514.csv,1,39,aud,1C,0.35,1,1.08116460000019,0,1,1,0.289113235871303,0.289113235871303,CBC2StepRW,CBCdriftDiffusionLR,0.5,0.366691998450449,NA,0.273164536239875,0.650007265334586,3.16449063962172,2.25133747121132,0.5,20.0695052294902,NA,v1,MR,NA,CBC2StepRW_CBCdriftDiffusionLR,59.05995862857171
CBC_P010,CBC_P010_AV_prob0.7_Vset1_Aset4_2023-03-17_17h33.48.514.csv,1,40,aud,0A,0.5,1,1.20110999999815,1,1,1,0.831590296142701,0.168409703857299,CBC2StepRW,CBCdriftDiffusionLR,0.5,0.366691998450449,NA,0.273164536239875,0.650007265334586,3.16449063962172,2.25133747121132,0.5,20.0695052294902,NA,v1,MR,NA,CBC2StepRW_CBCdriftDiffusionLR,59.05995862857171
CBC_P010,CBC_P010_AV_prob0.7_Vset1_Aset4_2023-03-17_17h33.48.514.csv,1,41,aud,1B,0.5,1,1.31850449999911,1,1,1,0.926205069504194,0.0737949304958064,CBC2StepRW,CBCdriftDiffusionLR,0.5,0.366691998450449,NA,0.273164536239875,0.650007265334586,3.16449063962172,2.25133747121132,0.5,20.0695052294902,NA,v1,MR,NA,CBC2StepRW_CBCdriftDiffusionLR,59.05995862857171
CBC_P010,CBC_P010_AV_prob0.7_Vset1_Aset4_2023-03-17_17h33.48.514.csv,1,42,aud,2C,0.5,0,0.989153599999554,1,1,0,0.967740334836698,-0.967740334836698,CBC2StepRW,CBCdriftDiffusionLR,0.5,0.366691998450449,NA,0.273164536239875,0.650007265334586,3.16449063962172,2.25133747121132,0.5,20.0695052294902,NA,v1,MR,NA,CBC2StepRW_CBCdriftDiffusionLR,59.05995862857171
CBC_P010,CBC_P010_TV_prob0.7_Vset4_Aset1_2023-03-17_17h25.45.699.csv,2,1,tac,1A,0.15,1,2.86222979999729,1,0,0,0.5,-0.5,CBC2StepRW,CBCdriftDiffusionLR,0.5,0.255847409080535,NA,0.478865397437243,0.649170007437598,1.89085209440896,2.42438668595478,0.5,43.7100917582091,NA,v1,MR,NA,CBC2StepRW_CBCdriftDiffusionLR,106.3411316860095
CBC_P010,CBC_P010_TV_prob0.7_Vset4_Aset1_2023-03-17_17h25.45.699.csv,2,2,tac,2C,0.5,1,1.09541039999749,0,0,0,0.5,-0.5,CBC2StepRW,CBCdriftDiffusionLR,0.5,0.255847409080535,NA,0.478865397437243,0.649170007437598,1.89085209440896,2.42438668595478,0.5,43.7100917582091,NA,v1,MR,NA,CBC2StepRW_CBCdriftDiffusionLR,106.3411316860095
CBC_P010,CBC_P010_TV_prob0.7_Vset4_Aset1_2023-03-17_17h25.45.699.csv,2,3,tac,0A,0.5,1,2.24439069999789,0,0,0,0.5,-0.5,CBC2StepRW,CBCdriftDiffusionLR,0.5,0.255847409080535,NA,0.478865397437243,0.649170007437598,1.89085209440896,2.42438668595478,0.5,43.7100917582091,NA,v1,MR,NA,CBC2StepRW_CBCdriftDiffusionLR,106.3411316860095
CBC_P010,CBC_P010_TV_prob0.7_Vset4_Aset1_2023-03-17_17h25.45.699.csv,2,4,tac,2B,0.15,1,2.31136659999902,1,0,0,0.5,-0.5,CBC2StepRW,CBCdriftDiffusionLR,0.5,0.255847409080535,NA,0.478865397437243,0.649170007437598,1.89085209440896,2.42438668595478,0.5,43.7100917582091,NA,v1,MR,NA,CBC2StepRW_CBCdriftDiffusionLR,106.3411316860095
CBC_P010,CBC_P010_TV_prob0.7_Vset4_Aset1_2023-03-17_17h25.45.699.csv,2,5,tac,1C,0.35,0,2.36670289999893,0,1,0,0.5,-0.5,CBC2StepRW,CBCdriftDiffusionLR,0.5,0.255847409080535,NA,0.478865397437243,0.649170007437598,1.89085209440896,2.42438668595478,0.5,43.7100917582091,NA,v1,MR,NA,CBC2StepRW_CBCdriftDiffusionLR,106.3411316860095
CBC_P010,CBC_P010_TV_prob0.7_Vset4_Aset1_2023-03-17_17h25.45.699.csv,2,6,tac,0A,0.5,1,1.76021919999766,0,0,0,0.627923704540268,-0.372076295459732,CBC2StepRW,CBCdriftDiffusionLR,0.5,0.255847409080535,NA,0.478865397437243,0.649170007437598,1.89085209440896,2.42438668595478,0.5,43.7100917582091,NA,v1,MR,NA,CBC2StepRW_CBCdriftDiffusionLR,106.3411316860095
CBC_P010,CBC_P010_TV_prob0.7_Vset4_Aset1_2023-03-17_17h25.45.699.csv,2,7,tac,1B,0.5,1,2.29376729999785,1,1,1,0.5,0.5,CBC2StepRW,CBCdriftDiffusionLR,0.5,0.255847409080535,NA,0.478865397437243,0.649170007437598,1.89085209440896,2.42438668595478,0.5,43.7100917582091,NA,v1,MR,NA,CBC2StepRW_CBCdriftDiffusionLR,106.3411316860095
CBC_P010,CBC_P010_TV_prob0.7_Vset4_Aset1_2023-03-17_17h25.45.699.csv,2,8,tac,2A,0.35,0,0.965761099996598,0,1,0,0.5,-0.5,CBC2StepRW,CBCdriftDiffusionLR,0.5,0.255847409080535,NA,0.478865397437243,0.649170007437598,1.89085209440896,2.42438668595478,0.5,43.7100917582091,NA,v1,MR,NA,CBC2StepRW_CBCdriftDiffusionLR,106.3411316860095
CBC_P010,CBC_P010_TV_prob0.7_Vset4_Aset1_2023-03-17_17h25.45.699.csv,2,9,tac,1C,0.35,0,2.29164619999574,0,1,0,0.327232770205327,-0.672767229794673,CBC2StepRW,CBCdriftDiffusionLR,0.5,0.255847409080535,NA,0.478865397437243,0.649170007437598,1.89085209440896,2.42438668595478,0.5,43.7100917582091,NA,v1,MR,NA,CBC2StepRW_CBCdriftDiffusionLR,106.3411316860095
CBC_P010,CBC_P010_TV_prob0.7_Vset4_Aset1_2023-03-17_17h25.45.699.csv,2,10,tac,2A,0.35,1,1.1577965999968,1,0,0,0.627923704540268,-0.627923704540268,CBC2StepRW,CBCdriftDiffusionLR,0.5,0.255847409080535,NA,0.478865397437243,0.649170007437598,1.89085209440896,2.42438668595478,0.5,43.7100917582091,NA,v1,MR,NA,CBC2StepRW_CBCdriftDiffusionLR,106.3411316860095
CBC_P010,CBC_P010_TV_prob0.7_Vset4_Aset1_2023-03-17_17h25.45.699.csv,2,11,tac,0B,0.35,0,2.4616687999951,0,1,0,0.260567301281379,-0.739432698718621,CBC2StepRW,CBCdriftDiffusionLR,0.5,0.255847409080535,NA,0.478865397437243,0.649170007437598,1.89085209440896,2.42438668595478,0.5,43.7100917582091,NA,v1,MR,NA,CBC2StepRW_CBCdriftDiffusionLR,106.3411316860095
CBC_P010,CBC_P010_TV_prob0.7_Vset4_Aset1_2023-03-17_17h25.45.699.csv,2,12,tac,2C,0.5,1,2.39394759999777,0,0,0,0.627923704540268,-0.372076295459732,CBC2StepRW,CBCdriftDiffusionLR,0.5,0.255847409080535,NA,0.478865397437243,0.649170007437598,1.89085209440896,2.42438668595478,0.5,43.7100917582091,NA,v1,MR,NA,CBC2StepRW_CBCdriftDiffusionLR,106.3411316860095
CBC_P010,CBC_P010_TV_prob0.7_Vset4_Aset1_2023-03-17_17h25.45.699.csv,2,13,tac,0A,0.5,0,1.13804239999808,1,1,0,0.723118460713924,-0.723118460713924,CBC2StepRW,CBCdriftDiffusionLR,0.5,0.255847409080535,NA,0.478865397437243,0.649170007437598,1.89085209440896,2.42438668595478,0.5,43.7100917582091,NA,v1,MR,NA,CBC2StepRW_CBCdriftDiffusionLR,106.3411316860095
CBC_P010,CBC_P010_TV_prob0.7_Vset4_Aset1_2023-03-17_17h25.45.699.csv,2,14,tac,1B,0.5,1,2.2452596999974,1,1,1,0.627923704540268,0.372076295459732,CBC2StepRW,CBCdriftDiffusionLR,0.5,0.255847409080535,NA,0.478865397437243,0.649170007437598,1.89085209440896,2.42438668595478,0.5,43.7100917582091,NA,v1,MR,NA,CBC2StepRW_CBCdriftDiffusionLR,106.3411316860095
CBC_P010,CBC_P010_TV_prob0.7_Vset4_Aset1_2023-03-17_17h25.45.699.csv,2,15,tac,0A,0.5,1,0.790687000000617,1,1,1,0.538110476081962,0.461889523918038,CBC2StepRW,CBCdriftDiffusionLR,0.5,0.255847409080535,NA,0.478865397437243,0.649170007437598,1.89085209440896,2.42438668595478,0.5,43.7100917582091,NA,v1,MR,NA,CBC2StepRW_CBCdriftDiffusionLR,106.3411316860095
CBC_P010,CBC_P010_TV_prob0.7_Vset4_Aset1_2023-03-17_17h25.45.699.csv,2,16,tac,1C,0.35,1,2.23908630000005,0,1,1,0.260233005348318,0.260233005348318,CBC2StepRW,CBCdriftDiffusionLR,0.5,0.255847409080535,NA,0.478865397437243,0.649170007437598,1.89085209440896,2.42438668595478,0.5,43.7100917582091,NA,v1,MR,NA,CBC2StepRW_CBCdriftDiffusionLR,106.3411316860095
CBC_P010,CBC_P010_TV_prob0.7_Vset4_Aset1_2023-03-17_17h25.45.699.csv,2,17,tac,2A,0.35,1,0.909691400000156,0,1,1,0.243511113782048,0.243511113782048,CBC2StepRW,CBCdriftDiffusionLR,0.5,0.255847409080535,NA,0.478865397437243,0.649170007437598,1.89085209440896,2.42438668595478,0.5,43.7100917582091,NA,v1,MR,NA,CBC2StepRW_CBCdriftDiffusionLR,106.3411316860095
CBC_P010,CBC_P010_TV_prob0.7_Vset4_Aset1_2023-03-17_17h25.45.699.csv,2,18,tac,0B,0.35,0,1.77648190000036,0,1,0,0.122143471964969,-0.877856528035031,CBC2StepRW,CBCdriftDiffusionLR,0.5,0.255847409080535,NA,0.478865397437243,0.649170007437598,1.89085209440896,2.42438668595478,0.5,43.7100917582091,NA,v1,MR,NA,CBC2StepRW_CBCdriftDiffusionLR,106.3411316860095
CBC_P010,CBC_P010_TV_prob0.7_Vset4_Aset1_2023-03-17_17h25.45.699.csv,2,19,tac,2C,0.5,1,1.885553600001,1,1,1,0.723118460713924,0.276881539286076,CBC2StepRW,CBCdriftDiffusionLR,0.5,0.255847409080535,NA,0.478865397437243,0.649170007437598,1.89085209440896,2.42438668595478,0.5,43.7100917582091,NA,v1,MR,NA,CBC2StepRW_CBCdriftDiffusionLR,106.3411316860095
CBC_P010,CBC_P010_TV_prob0.7_Vset4_Aset1_2023-03-17_17h25.45.699.csv,2,20,tac,1B,0.5,1,1.76365839999562,1,1,1,0.723118460713924,0.276881539286076,CBC2StepRW,CBCdriftDiffusionLR,0.5,0.255847409080535,NA,0.478865397437243,0.649170007437598,1.89085209440896,2.42438668595478,0.5,43.7100917582091,NA,v1,MR,NA,CBC2StepRW_CBCdriftDiffusionLR,106.3411316860095
CBC_P010,CBC_P010_TV_prob0.7_Vset4_Aset1_2023-03-17_17h25.45.699.csv,2,21,tac,0C,0.15,1,0.857391499997902,0,1,1,0.135790636994122,0.135790636994122,CBC2StepRW,CBCdriftDiffusionLR,0.5,0.255847409080535,NA,0.478865397437243,0.649170007437598,1.89085209440896,2.42438668595478,0.5,43.7100917582091,NA,v1,MR,NA,CBC2StepRW_CBCdriftDiffusionLR,106.3411316860095
CBC_P010,CBC_P010_TV_prob0.7_Vset4_Aset1_2023-03-17_17h25.45.699.csv,2,22,tac,1B,0.5,1,1.50719129999561,1,1,1,0.793957885162497,0.206042114837503,CBC2StepRW,CBCdriftDiffusionLR,0.5,0.255847409080535,NA,0.478865397437243,0.649170007437598,1.89085209440896,2.42438668595478,0.5,43.7100917582091,NA,v1,MR,NA,CBC2StepRW_CBCdriftDiffusionLR,106.3411316860095
CBC_P010,CBC_P010_TV_prob0.7_Vset4_Aset1_2023-03-17_17h25.45.699.csv,2,23,tac,2C,0.5,1,1.56857379999929,1,1,1,0.793957885162497,0.206042114837503,CBC2StepRW,CBCdriftDiffusionLR,0.5,0.255847409080535,NA,0.478865397437243,0.649170007437598,1.89085209440896,2.42438668595478,0.5,43.7100917582091,NA,v1,MR,NA,CBC2StepRW_CBCdriftDiffusionLR,106.3411316860095
CBC_P010,CBC_P010_TV_prob0.7_Vset4_Aset1_2023-03-17_17h25.45.699.csv,2,24,tac,0B,0.35,1,1.73479109999607,0,1,1,0.0941683055481522,0.0941683055481523,CBC2StepRW,CBCdriftDiffusionLR,0.5,0.255847409080535,NA,0.478865397437243,0.649170007437598,1.89085209440896,2.42438668595478,0.5,43.7100917582091,NA,v1,MR,NA,CBC2StepRW_CBCdriftDiffusionLR,106.3411316860095
CBC_P010,CBC_P010_TV_prob0.7_Vset4_Aset1_2023-03-17_17h25.45.699.csv,2,25,tac,2A,0.35,0,1.32500569999684,0,1,0,0.0492130868365563,-0.950786913163444,CBC2StepRW,CBCdriftDiffusionLR,0.5,0.255847409080535,NA,0.478865397437243,0.649170007437598,1.89085209440896,2.42438668595478,0.5,43.7100917582091,NA,v1,MR,NA,CBC2StepRW_CBCdriftDiffusionLR,106.3411316860095
CBC_P010,CBC_P010_TV_prob0.7_Vset4_Aset1_2023-03-17_17h25.45.699.csv,2,26,tac,1B,0.5,1,2.16728389999844,1,1,1,0.846673226405146,0.153326773594854,CBC2StepRW,CBCdriftDiffusionLR,0.5,0.255847409080535,NA,0.478865397437243,0.649170007437598,1.89085209440896,2.42438668595478,0.5,43.7100917582091,NA,v1,MR,NA,CBC2StepRW_CBCdriftDiffusionLR,106.3411316860095
CBC_P010,CBC_P010_TV_prob0.7_Vset4_Aset1_2023-03-17_17h25.45.699.csv,2,27,tac,0A,0.5,0,1.23945699999967,1,1,0,0.656283714057834,-0.656283714057834,CBC2StepRW,CBCdriftDiffusionLR,0.5,0.255847409080535,NA,0.478865397437243,0.649170007437598,1.89085209440896,2.42438668595478,0.5,43.7100917582091,NA,v1,MR,NA,CBC2StepRW_CBCdriftDiffusionLR,106.3411316860095
CBC_P010,CBC_P010_TV_prob0.7_Vset4_Aset1_2023-03-17_17h25.45.699.csv,2,28,tac,2B,0.15,0,2.00254759999734,0,1,0,0.00388401927902498,-0.996115980720975,CBC2StepRW,CBCdriftDiffusionLR,0.5,0.255847409080535,NA,0.478865397437243,0.649170007437598,1.89085209440896,2.42438668595478,0.5,43.7100917582091,NA,v1,MR,NA,CBC2StepRW_CBCdriftDiffusionLR,106.3411316860095
CBC_P010,CBC_P010_TV_prob0.7_Vset4_Aset1_2023-03-17_17h25.45.699.csv,2,29,tac,1C,0.35,1,1.71105249999528,0,1,1,0.00744344405612615,0.00744344405612618,CBC2StepRW,CBCdriftDiffusionLR,0.5,0.255847409080535,NA,0.478865397437243,0.649170007437598,1.89085209440896,2.42438668595478,0.5,43.7100917582091,NA,v1,MR,NA,CBC2StepRW_CBCdriftDiffusionLR,106.3411316860095
CBC_P010,CBC_P010_TV_prob0.7_Vset4_Aset1_2023-03-17_17h25.45.699.csv,2,30,tac,0B,0.35,1,1.56788239999878,0,1,1,0.0365188139915622,0.0365188139915622,CBC2StepRW,CBCdriftDiffusionLR,0.5,0.255847409080535,NA,0.478865397437243,0.649170007437598,1.89085209440896,2.42438668595478,0.5,43.7100917582091,NA,v1,MR,NA,CBC2StepRW_CBCdriftDiffusionLR,106.3411316860095
CBC_P010,CBC_P010_TV_prob0.7_Vset4_Aset1_2023-03-17_17h25.45.699.csv,2,31,tac,2C,0.5,1,1.25910410000142,1,1,1,0.846673226405146,0.153326773594854,CBC2StepRW,CBCdriftDiffusionLR,0.5,0.255847409080535,NA,0.478865397437243,0.649170007437598,1.89085209440896,2.42438668595478,0.5,43.7100917582091,NA,v1,MR,NA,CBC2StepRW_CBCdriftDiffusionLR,106.3411316860095
CBC_P010,CBC_P010_TV_prob0.7_Vset4_Aset1_2023-03-17_17h25.45.699.csv,2,32,tac,0A,0.5,1,1.33304359999602,1,1,1,0.488375226194386,0.511624773805614,CBC2StepRW,CBCdriftDiffusionLR,0.5,0.255847409080535,NA,0.478865397437243,0.649170007437598,1.89085209440896,2.42438668595478,0.5,43.7100917582091,NA,v1,MR,NA,CBC2StepRW_CBCdriftDiffusionLR,106.3411316860095
CBC_P010,CBC_P010_TV_prob0.7_Vset4_Aset1_2023-03-17_17h25.45.699.csv,2,33,tac,2C,0.5,1,1.59405759999572,1,1,1,0.885901484172067,0.114098515827933,CBC2StepRW,CBCdriftDiffusionLR,0.5,0.255847409080535,NA,0.478865397437243,0.649170007437598,1.89085209440896,2.42438668595478,0.5,43.7100917582091,NA,v1,MR,NA,CBC2StepRW_CBCdriftDiffusionLR,106.3411316860095
CBC_P010,CBC_P010_TV_prob0.7_Vset4_Aset1_2023-03-17_17h25.45.699.csv,2,34,tac,1A,0.15,1,1.38120869999693,0,1,1,0.00388401927902498,0.00388401927902493,CBC2StepRW,CBCdriftDiffusionLR,0.5,0.255847409080535,NA,0.478865397437243,0.649170007437598,1.89085209440896,2.42438668595478,0.5,43.7100917582091,NA,v1,MR,NA,CBC2StepRW_CBCdriftDiffusionLR,106.3411316860095
CBC_P010,CBC_P010_TV_prob0.7_Vset4_Aset1_2023-03-17_17h25.45.699.csv,2,35,tac,0B,0.35,1,1.333920699999,0,1,1,0.0141621298969682,0.0141621298969682,CBC2StepRW,CBCdriftDiffusionLR,0.5,0.255847409080535,NA,0.478865397437243,0.649170007437598,1.89085209440896,2.42438668595478,0.5,43.7100917582091,NA,v1,MR,NA,CBC2StepRW_CBCdriftDiffusionLR,106.3411316860095
CBC_P010,CBC_P010_TV_prob0.7_Vset4_Aset1_2023-03-17_17h25.45.699.csv,2,36,tac,2C,0.5,0,1.00841729999956,1,1,0,0.915093293826578,-0.915093293826578,CBC2StepRW,CBCdriftDiffusionLR,0.5,0.255847409080535,NA,0.478865397437243,0.649170007437598,1.89085209440896,2.42438668595478,0.5,43.7100917582091,NA,v1,MR,NA,CBC2StepRW_CBCdriftDiffusionLR,106.3411316860095
CBC_P010,CBC_P010_TV_prob0.7_Vset4_Aset1_2023-03-17_17h25.45.699.csv,2,37,tac,1B,0.5,0,1.42706089999774,1,1,0,0.885901484172067,-0.885901484172067,CBC2StepRW,CBCdriftDiffusionLR,0.5,0.255847409080535,NA,0.478865397437243,0.649170007437598,1.89085209440896,2.42438668595478,0.5,43.7100917582091,NA,v1,MR,NA,CBC2StepRW_CBCdriftDiffusionLR,106.3411316860095
CBC_P010,CBC_P010_TV_prob0.7_Vset4_Aset1_2023-03-17_17h25.45.699.csv,2,38,tac,2A,0.35,1,1.03793459999724,0,1,1,0.0413933187665688,0.0413933187665687,CBC2StepRW,CBCdriftDiffusionLR,0.5,0.255847409080535,NA,0.478865397437243,0.649170007437598,1.89085209440896,2.42438668595478,0.5,43.7100917582091,NA,v1,MR,NA,CBC2StepRW_CBCdriftDiffusionLR,106.3411316860095
CBC_P010,CBC_P010_TV_prob0.7_Vset4_Aset1_2023-03-17_17h25.45.699.csv,2,39,tac,1C,0.35,0,1.05703459999859,0,1,0,0.00150430447714617,-0.998495695522854,CBC2StepRW,CBCdriftDiffusionLR,0.5,0.255847409080535,NA,0.478865397437243,0.649170007437598,1.89085209440896,2.42438668595478,0.5,43.7100917582091,NA,v1,MR,NA,CBC2StepRW_CBCdriftDiffusionLR,106.3411316860095
CBC_P010,CBC_P010_TV_prob0.7_Vset4_Aset1_2023-03-17_17h25.45.699.csv,2,40,tac,0A,0.5,1,1.06006100000013,1,1,1,0.619273098993967,0.380726901006033,CBC2StepRW,CBCdriftDiffusionLR,0.5,0.255847409080535,NA,0.478865397437243,0.649170007437598,1.89085209440896,2.42438668595478,0.5,43.7100917582091,NA,v1,MR,NA,CBC2StepRW_CBCdriftDiffusionLR,106.3411316860095
CBC_P010,CBC_P010_TV_prob0.7_Vset4_Aset1_2023-03-17_17h25.45.699.csv,2,41,tac,1B,0.5,1,1.6368083999987,1,1,1,0.659245884746043,0.340754115253957,CBC2StepRW,CBCdriftDiffusionLR,0.5,0.255847409080535,NA,0.478865397437243,0.649170007437598,1.89085209440896,2.42438668595478,0.5,43.7100917582091,NA,v1,MR,NA,CBC2StepRW_CBCdriftDiffusionLR,106.3411316860095
CBC_P010,CBC_P010_TV_prob0.7_Vset4_Aset1_2023-03-17_17h25.45.699.csv,2,42,tac,0C,0.15,1,1.15990899999451,0,1,1,0.00388401927902498,0.00388401927902493,CBC2StepRW,CBCdriftDiffusionLR,0.5,0.255847409080535,NA,0.478865397437243,0.649170007437598,1.89085209440896,2.42438668595478,0.5,43.7100917582091,NA,v1,MR,NA,CBC2StepRW_CBCdriftDiffusionLR,106.3411316860095
CBC_P013,CBC_P013_TV_prob0.7_Vset1_Tset2_2023-03-24_16h58.27.647.csv,2,1,tac,1A,0.15,1,2.57686019999892,1,0,0,0.5,-0.5,CBC2StepAsymRW,CBCdriftDiffusionLR,0.5,0.698236957915428,0.0939502779781394,0.37311074068495,2.18675012165503,4.77608818080857,1.43282602177108,0.5,-18.0182622469556,NA,v1,MR,NA,CBC2StepAsymRW_CBCdriftDiffusionLR,-13.331386690401636
CBC_P013,CBC_P013_TV_prob0.7_Vset1_Tset2_2023-03-24_16h58.27.647.csv,2,2,tac,2C,0.5,1,2.75634439999885,1,1,1,0.5,0.5,CBC2StepAsymRW,CBCdriftDiffusionLR,0.5,0.698236957915428,0.0939502779781394,0.37311074068495,2.18675012165503,4.77608818080857,1.43282602177108,0.5,-18.0182622469556,NA,v1,MR,NA,CBC2StepAsymRW_CBCdriftDiffusionLR,-13.331386690401636
CBC_P013,CBC_P013_TV_prob0.7_Vset1_Tset2_2023-03-24_16h58.27.647.csv,2,3,tac,0A,0.5,1,NA,NA,NA,NA,0.5,0,CBC2StepAsymRW,CBCdriftDiffusionLR,0.5,0.698236957915428,0.0939502779781394,0.37311074068495,2.18675012165503,4.77608818080857,1.43282602177108,0.5,-18.0182622469556,NA,v1,MR,NA,CBC2StepAsymRW_CBCdriftDiffusionLR,-13.331386690401636
CBC_P013,CBC_P013_TV_prob0.7_Vset1_Tset2_2023-03-24_16h58.27.647.csv,2,4,tac,2B,0.15,0,2.27560169999924,0,1,0,0.45302486101093,-0.54697513898907,CBC2StepAsymRW,CBCdriftDiffusionLR,0.5,0.698236957915428,0.0939502779781394,0.37311074068495,2.18675012165503,4.77608818080857,1.43282602177108,0.5,-18.0182622469556,NA,v1,MR,NA,CBC2StepAsymRW_CBCdriftDiffusionLR,-13.331386690401636
CBC_P013,CBC_P013_TV_prob0.7_Vset1_Tset2_2023-03-24_16h58.27.647.csv,2,5,tac,1C,0.35,1,2.51094849999754,0,1,1,0.45302486101093,0.45302486101093,CBC2StepAsymRW,CBCdriftDiffusionLR,0.5,0.698236957915428,0.0939502779781394,0.37311074068495,2.18675012165503,4.77608818080857,1.43282602177108,0.5,-18.0182622469556,NA,v1,MR,NA,CBC2StepAsymRW_CBCdriftDiffusionLR,-13.331386690401636
CBC_P013,CBC_P013_TV_prob0.7_Vset1_Tset2_2023-03-24_16h58.27.647.csv,2,6,tac,0A,0.5,0,2.99339429999782,1,1,0,0.5,-0.5,CBC2StepAsymRW,CBCdriftDiffusionLR,0.5,0.698236957915428,0.0939502779781394,0.37311074068495,2.18675012165503,4.77608818080857,1.43282602177108,0.5,-18.0182622469556,NA,v1,MR,NA,CBC2StepAsymRW_CBCdriftDiffusionLR,-13.331386690401636
CBC_P013,CBC_P013_TV_prob0.7_Vset1_Tset2_2023-03-24_16h58.27.647.csv,2,7,tac,1B,0.5,1,2.94821819999925,1,1,1,0.5,0.5,CBC2StepAsymRW,CBCdriftDiffusionLR,0.5,0.698236957915428,0.0939502779781394,0.37311074068495,2.18675012165503,4.77608818080857,1.43282602177108,0.5,-18.0182622469556,NA,v1,MR,NA,CBC2StepAsymRW_CBCdriftDiffusionLR,-13.331386690401636
CBC_P013,CBC_P013_TV_prob0.7_Vset1_Tset2_2023-03-24_16h58.27.647.csv,2,8,tac,2A,0.35,0,2.50374159999956,0,1,0,0.45302486101093,-0.54697513898907,CBC2StepAsymRW,CBCdriftDiffusionLR,0.5,0.698236957915428,0.0939502779781394,0.37311074068495,2.18675012165503,4.77608818080857,1.43282602177108,0.5,-18.0182622469556,NA,v1,MR,NA,CBC2StepAsymRW_CBCdriftDiffusionLR,-13.331386690401636
CBC_P013,CBC_P013_TV_prob0.7_Vset1_Tset2_2023-03-24_16h58.27.647.csv,2,9,tac,1C,0.35,1,2.32943869999872,0,1,1,0.123862578446616,0.123862578446616,CBC2StepAsymRW,CBCdriftDiffusionLR,0.5,0.698236957915428,0.0939502779781394,0.37311074068495,2.18675012165503,4.77608818080857,1.43282602177108,0.5,-18.0182622469556,NA,v1,MR,NA,CBC2StepAsymRW_CBCdriftDiffusionLR,-13.331386690401636
CBC_P013,CBC_P013_TV_prob0.7_Vset1_Tset2_2023-03-24_16h58.27.647.csv,2,10,tac,2A,0.35,1,3.21393779999744,0,1,1,0.504413327366085,0.504413327366085,CBC2StepAsymRW,CBCdriftDiffusionLR,0.5,0.698236957915428,0.0939502779781394,0.37311074068495,2.18675012165503,4.77608818080857,1.43282602177108,0.5,-18.0182622469556,NA,v1,MR,NA,CBC2StepAsymRW_CBCdriftDiffusionLR,-13.331386690401636
CBC_P013,CBC_P013_TV_prob0.7_Vset1_Tset2_2023-03-24_16h58.27.647.csv,2,11,tac,0B,0.35,1,2.95851079999738,1,0,0,0.45302486101093,-0.45302486101093,CBC2StepAsymRW,CBCdriftDiffusionLR,0.5,0.698236957915428,0.0939502779781394,0.37311074068495,2.18675012165503,4.77608818080857,1.43282602177108,0.5,-18.0182622469556,NA,v1,MR,NA,CBC2StepAsymRW_CBCdriftDiffusionLR,-13.331386690401636
CBC_P013,CBC_P013_TV_prob0.7_Vset1_Tset2_2023-03-24_16h58.27.647.csv,2,12,tac,2C,0.5,1,2.33600239999942,1,1,1,0.849118478957714,0.150881521042286,CBC2StepAsymRW,CBCdriftDiffusionLR,0.5,0.698236957915428,0.0939502779781394,0.37311074068495,2.18675012165503,4.77608818080857,1.43282602177108,0.5,-18.0182622469556,NA,v1,MR,NA,CBC2StepAsymRW_CBCdriftDiffusionLR,-13.331386690401636
CBC_P013,CBC_P013_TV_prob0.7_Vset1_Tset2_2023-03-24_16h58.27.647.csv,2,13,tac,0A,0.5,0,2.78650539999762,1,1,0,0.45302486101093,-0.45302486101093,CBC2StepAsymRW,CBCdriftDiffusionLR,0.5,0.698236957915428,0.0939502779781394,0.37311074068495,2.18675012165503,4.77608818080857,1.43282602177108,0.5,-18.0182622469556,NA,v1,MR,NA,CBC2StepAsymRW_CBCdriftDiffusionLR,-13.331386690401636
CBC_P013,CBC_P013_TV_prob0.7_Vset1_Tset2_2023-03-24_16h58.27.647.csv,2,14,tac,1B,0.5,1,2.30997449999995,1,1,1,0.849118478957714,0.150881521042286,CBC2StepAsymRW,CBCdriftDiffusionLR,0.5,0.698236957915428,0.0939502779781394,0.37311074068495,2.18675012165503,4.77608818080857,1.43282602177108,0.5,-18.0182622469556,NA,v1,MR,NA,CBC2StepAsymRW_CBCdriftDiffusionLR,-13.331386690401636
CBC_P013,CBC_P013_TV_prob0.7_Vset1_Tset2_2023-03-24_16h58.27.647.csv,2,15,tac,0A,0.5,1,2.53517209999882,1,1,1,0.410463049387945,0.589536950612054,CBC2StepAsymRW,CBCdriftDiffusionLR,0.5,0.698236957915428,0.0939502779781394,0.37311074068495,2.18675012165503,4.77608818080857,1.43282602177108,0.5,-18.0182622469556,NA,v1,MR,NA,CBC2StepAsymRW_CBCdriftDiffusionLR,-13.331386690401636
CBC_P013,CBC_P013_TV_prob0.7_Vset1_Tset2_2023-03-24_16h58.27.647.csv,2,16,tac,1C,0.35,0,NA,NA,NA,NA,0.0306838766788884,0,CBC2StepAsymRW,CBCdriftDiffusionLR,0.5,0.698236957915428,0.0939502779781394,0.37311074068495,2.18675012165503,4.77608818080857,1.43282602177108,0.5,-18.0182622469556,NA,v1,MR,NA,CBC2StepAsymRW_CBCdriftDiffusionLR,-13.331386690401636
CBC_P013,CBC_P013_TV_prob0.7_Vset1_Tset2_2023-03-24_16h58.27.647.csv,2,17,tac,2A,0.35,0,2.37313059999906,0,1,0,0.124955870660801,-0.875044129339199,CBC2StepAsymRW,CBCdriftDiffusionLR,0.5,0.698236957915428,0.0939502779781394,0.37311074068495,2.18675012165503,4.77608818080857,1.43282602177108,0.5,-18.0182622469556,NA,v1,MR,NA,CBC2StepAsymRW_CBCdriftDiffusionLR,-13.331386690401636
CBC_P013,CBC_P013_TV_prob0.7_Vset1_Tset2_2023-03-24_16h58.27.647.csv,2,18,tac,0B,0.35,1,2.32531469999958,0,1,1,0.336959829825702,0.336959829825702,CBC2StepAsymRW,CBCdriftDiffusionLR,0.5,0.698236957915428,0.0939502779781394,0.37311074068495,2.18675012165503,4.77608818080857,1.43282602177108,0.5,-18.0182622469556,NA,v1,MR,NA,CBC2StepAsymRW_CBCdriftDiffusionLR,-13.331386690401636
CBC_P013,CBC_P013_TV_prob0.7_Vset1_Tset2_2023-03-24_16h58.27.647.csv,2,19,tac,2C,0.5,1,2.28191939999851,1,1,1,0.954469533215932,0.0455304667840676,CBC2StepAsymRW,CBCdriftDiffusionLR,0.5,0.698236957915428,0.0939502779781394,0.37311074068495,2.18675012165503,4.77608818080857,1.43282602177108,0.5,-18.0182622469556,NA,v1,MR,NA,CBC2StepAsymRW_CBCdriftDiffusionLR,-13.331386690401636
CBC_P013,CBC_P013_TV_prob0.7_Vset1_Tset2_2023-03-24_16h58.27.647.csv,2,20,tac,1B,0.5,1,2.45906419999847,1,1,1,0.954469533215932,0.0455304667840676,CBC2StepAsymRW,CBCdriftDiffusionLR,0.5,0.698236957915428,0.0939502779781394,0.37311074068495,2.18675012165503,4.77608818080857,1.43282602177108,0.5,-18.0182622469556,NA,v1,MR,NA,CBC2StepAsymRW_CBCdriftDiffusionLR,-13.331386690401636
CBC_P013,CBC_P013_TV_prob0.7_Vset1_Tset2_2023-03-24_16h58.27.647.csv,2,21,tac,0C,0.15,1,2.35952489999909,0,1,1,0.336959829825702,0.336959829825702,CBC2StepAsymRW,CBCdriftDiffusionLR,0.5,0.698236957915428,0.0939502779781394,0.37311074068495,2.18675012165503,4.77608818080857,1.43282602177108,0.5,-18.0182622469556,NA,v1,MR,NA,CBC2StepAsymRW_CBCdriftDiffusionLR,-13.331386690401636
CBC_P013,CBC_P013_TV_prob0.7_Vset1_Tset2_2023-03-24_16h58.27.647.csv,2,22,tac,1B,0.5,1,2.34371549999923,1,1,1,0.986260587835709,0.0137394121642908,CBC2StepAsymRW,CBCdriftDiffusionLR,0.5,0.698236957915428,0.0939502779781394,0.37311074068495,2.18675012165503,4.77608818080857,1.43282602177108,0.5,-18.0182622469556,NA,v1,MR,NA,CBC2StepAsymRW_CBCdriftDiffusionLR,-13.331386690401636
CBC_P013,CBC_P013_TV_prob0.7_Vset1_Tset2_2023-03-24_16h58.27.647.csv,2,23,tac,2C,0.5,1,2.33671169999798,1,1,1,0.986260587835709,0.0137394121642908,CBC2StepAsymRW,CBCdriftDiffusionLR,0.5,0.698236957915428,0.0939502779781394,0.37311074068495,2.18675012165503,4.77608818080857,1.43282602177108,0.5,-18.0182622469556,NA,v1,MR,NA,CBC2StepAsymRW_CBCdriftDiffusionLR,-13.331386690401636
CBC_P013,CBC_P013_TV_prob0.7_Vset1_Tset2_2023-03-24_16h58.27.647.csv,2,24,tac,0B,0.35,0,2.60651479999797,0,1,0,0.083473426710289,-0.916526573289711,CBC2StepAsymRW,CBCdriftDiffusionLR,0.5,0.698236957915428,0.0939502779781394,0.37311074068495,2.18675012165503,4.77608818080857,1.43282602177108,0.5,-18.0182622469556,NA,v1,MR,NA,CBC2StepAsymRW_CBCdriftDiffusionLR,-13.331386690401636
CBC_P013,CBC_P013_TV_prob0.7_Vset1_Tset2_2023-03-24_16h58.27.647.csv,2,25,tac,2A,0.35,1,2.44644609999887,0,1,1,0.170068394732576,0.170068394732576,CBC2StepAsymRW,CBCdriftDiffusionLR,0.5,0.698236957915428,0.0939502779781394,0.37311074068495,2.18675012165503,4.77608818080857,1.43282602177108,0.5,-18.0182622469556,NA,v1,MR,NA,CBC2StepAsymRW_CBCdriftDiffusionLR,-13.331386690401636
CBC_P013,CBC_P013_TV_prob0.7_Vset1_Tset2_2023-03-24_16h58.27.647.csv,2,26,tac,1B,0.5,0,2.51048739999896,1,1,0,0.99585395318885,-0.99585395318885,CBC2StepAsymRW,CBCdriftDiffusionLR,0.5,0.698236957915428,0.0939502779781394,0.37311074068495,2.18675012165503,4.77608818080857,1.43282602177108,0.5,-18.0182622469556,NA,v1,MR,NA,CBC2StepAsymRW_CBCdriftDiffusionLR,-13.331386690401636
CBC_P013,CBC_P013_TV_prob0.7_Vset1_Tset2_2023-03-24_16h58.27.647.csv,2,27,tac,0A,0.5,0,2.40400979999868,1,1,0,0.822099536362044,-0.822099536362044,CBC2StepAsymRW,CBCdriftDiffusionLR,0.5,0.698236957915428,0.0939502779781394,0.37311074068495,2.18675012165503,4.77608818080857,1.43282602177108,0.5,-18.0182622469556,NA,v1,MR,NA,CBC2StepAsymRW_CBCdriftDiffusionLR,-13.331386690401636
CBC_P013,CBC_P013_TV_prob0.7_Vset1_Tset2_2023-03-24_16h58.27.647.csv,2,28,tac,2B,0.15,1,2.32615099999748,0,1,1,0.252842905899411,0.252842905899411,CBC2StepAsymRW,CBCdriftDiffusionLR,0.5,0.698236957915428,0.0939502779781394,0.37311074068495,2.18675012165503,4.77608818080857,1.43282602177108,0.5,-18.0182622469556,NA,v1,MR,NA,CBC2StepAsymRW_CBCdriftDiffusionLR,-13.331386690401636
CBC_P013,CBC_P013_TV_prob0.7_Vset1_Tset2_2023-03-24_16h58.27.647.csv,2,29,tac,1C,0.35,1,2.29908389999946,0,1,1,0.0206784677282221,0.0206784677282221,CBC2StepAsymRW,CBCdriftDiffusionLR,0.5,0.698236957915428,0.0939502779781394,0.37311074068495,2.18675012165503,4.77608818080857,1.43282602177108,0.5,-18.0182622469556,NA,v1,MR,NA,CBC2StepAsymRW_CBCdriftDiffusionLR,-13.331386690401636
CBC_P013,CBC_P013_TV_prob0.7_Vset1_Tset2_2023-03-24_16h58.27.647.csv,2,30,tac,0B,0.35,1,2.52420859999802,0,1,1,0.169581353045209,0.169581353045209,CBC2StepAsymRW,CBCdriftDiffusionLR,0.5,0.698236957915428,0.0939502779781394,0.37311074068495,2.18675012165503,4.77608818080857,1.43282602177108,0.5,-18.0182622469556,NA,v1,MR,NA,CBC2StepAsymRW_CBCdriftDiffusionLR,-13.331386690401636
CBC_P013,CBC_P013_TV_prob0.7_Vset1_Tset2_2023-03-24_16h58.27.647.csv,2,31,tac,2C,0.5,0,2.26614369999879,1,1,0,0.99585395318885,-0.99585395318885,CBC2StepAsymRW,CBCdriftDiffusionLR,0.5,0.698236957915428,0.0939502779781394,0.37311074068495,2.18675012165503,4.77608818080857,1.43282602177108,0.5,-18.0182622469556,NA,v1,MR,NA,CBC2StepAsymRW_CBCdriftDiffusionLR,-13.331386690401636
CBC_P013,CBC_P013_TV_prob0.7_Vset1_Tset2_2023-03-24_16h58.27.647.csv,2,32,tac,0A,0.5,1,2.55933719999848,1,1,1,0.744863056395131,0.255136943604869,CBC2StepAsymRW,CBCdriftDiffusionLR,0.5,0.698236957915428,0.0939502779781394,0.37311074068495,2.18675012165503,4.77608818080857,1.43282602177108,0.5,-18.0182622469556,NA,v1,MR,NA,CBC2StepAsymRW_CBCdriftDiffusionLR,-13.331386690401636
CBC_P013,CBC_P013_TV_prob0.7_Vset1_Tset2_2023-03-24_16h58.27.647.csv,2,33,tac,2C,0.5,1,2.2663681999984,1,1,1,0.902293197461128,0.0977068025388717,CBC2StepAsymRW,CBCdriftDiffusionLR,0.5,0.698236957915428,0.0939502779781394,0.37311074068495,2.18675012165503,4.77608818080857,1.43282602177108,0.5,-18.0182622469556,NA,v1,MR,NA,CBC2StepAsymRW_CBCdriftDiffusionLR,-13.331386690401636
CBC_P013,CBC_P013_TV_prob0.7_Vset1_Tset2_2023-03-24_16h58.27.647.csv,2,34,tac,1A,0.15,0,2.34291719999783,0,1,0,0.250630675461819,-0.749369324538181,CBC2StepAsymRW,CBCdriftDiffusionLR,0.5,0.698236957915428,0.0939502779781394,0.37311074068495,2.18675012165503,4.77608818080857,1.43282602177108,0.5,-18.0182622469556,NA,v1,MR,NA,CBC2StepAsymRW_CBCdriftDiffusionLR,-13.331386690401636
CBC_P013,CBC_P013_TV_prob0.7_Vset1_Tset2_2023-03-24_16h58.27.647.csv,2,35,tac,0B,0.35,1,2.25945079999838,0,1,1,0.046365631232187,0.046365631232187,CBC2StepAsymRW,CBCdriftDiffusionLR,0.5,0.698236957915428,0.0939502779781394,0.37311074068495,2.18675012165503,4.77608818080857,1.43282602177108,0.5,-18.0182622469556,NA,v1,MR,NA,CBC2StepAsymRW_CBCdriftDiffusionLR,-13.331386690401636
CBC_P013,CBC_P013_TV_prob0.7_Vset1_Tset2_2023-03-24_16h58.27.647.csv,2,36,tac,2C,0.5,1,2.32557590000033,1,1,1,0.970515698033513,0.0294843019664865,CBC2StepAsymRW,CBCdriftDiffusionLR,0.5,0.698236957915428,0.0939502779781394,0.37311074068495,2.18675012165503,4.77608818080857,1.43282602177108,0.5,-18.0182622469556,NA,v1,MR,NA,CBC2StepAsymRW_CBCdriftDiffusionLR,-13.331386690401636
CBC_P013,CBC_P013_TV_prob0.7_Vset1_Tset2_2023-03-24_16h58.27.647.csv,2,37,tac,1B,0.5,0,2.27452989999983,1,1,0,0.902293197461128,-0.902293197461128,CBC2StepAsymRW,CBCdriftDiffusionLR,0.5,0.698236957915428,0.0939502779781394,0.37311074068495,2.18675012165503,4.77608818080857,1.43282602177108,0.5,-18.0182622469556,NA,v1,MR,NA,CBC2StepAsymRW_CBCdriftDiffusionLR,-13.331386690401636
CBC_P013,CBC_P013_TV_prob0.7_Vset1_Tset2_2023-03-24_16h58.27.647.csv,2,38,tac,2A,0.35,1,2.23023609999836,0,1,1,0.0381720739092514,0.0381720739092514,CBC2StepAsymRW,CBCdriftDiffusionLR,0.5,0.698236957915428,0.0939502779781394,0.37311074068495,2.18675012165503,4.77608818080857,1.43282602177108,0.5,-18.0182622469556,NA,v1,MR,NA,CBC2StepAsymRW_CBCdriftDiffusionLR,-13.331386690401636
CBC_P013,CBC_P013_TV_prob0.7_Vset1_Tset2_2023-03-24_16h58.27.647.csv,2,39,tac,1C,0.35,1,2.31088019999879,0,1,1,0.00512257666228547,0.00512257666228544,CBC2StepAsymRW,CBCdriftDiffusionLR,0.5,0.698236957915428,0.0939502779781394,0.37311074068495,2.18675012165503,4.77608818080857,1.43282602177108,0.5,-18.0182622469556,NA,v1,MR,NA,CBC2StepAsymRW_CBCdriftDiffusionLR,-13.331386690401636
CBC_P013,CBC_P013_TV_prob0.7_Vset1_Tset2_2023-03-24_16h58.27.647.csv,2,40,tac,0A,0.5,1,2.48505229999864,1,1,1,0.923009099749635,0.0769909002503653,CBC2StepAsymRW,CBCdriftDiffusionLR,0.5,0.698236957915428,0.0939502779781394,0.37311074068495,2.18675012165503,4.77608818080857,1.43282602177108,0.5,-18.0182622469556,NA,v1,MR,NA,CBC2StepAsymRW_CBCdriftDiffusionLR,-13.331386690401636
CBC_P013,CBC_P013_TV_prob0.7_Vset1_Tset2_2023-03-24_16h58.27.647.csv,2,41,tac,1B,0.5,0,NA,NA,NA,NA,0.817522500741871,0,CBC2StepAsymRW,CBCdriftDiffusionLR,0.5,0.698236957915428,0.0939502779781394,0.37311074068495,2.18675012165503,4.77608818080857,1.43282602177108,0.5,-18.0182622469556,NA,v1,MR,NA,CBC2StepAsymRW_CBCdriftDiffusionLR,-13.331386690401636
CBC_P013,CBC_P013_TV_prob0.7_Vset1_Tset2_2023-03-24_16h58.27.647.csv,2,42,tac,0C,0.15,0,2.53948809999929,0,1,0,0.0620875234010359,-0.937912476598964,CBC2StepAsymRW,CBCdriftDiffusionLR,0.5,0.698236957915428,0.0939502779781394,0.37311074068495,2.18675012165503,4.77608818080857,1.43282602177108,0.5,-18.0182622469556,NA,v1,MR,NA,CBC2StepAsymRW_CBCdriftDiffusionLR,-13.331386690401636
CBC_P013,CBC_P013_AV_prob0.7_Vset3_Aset4_2023-03-24_16h50.28.064.csv,1,1,aud,2C,0.5,0,2.36754179999843,1,1,0,0.5,-0.5,CBC2StepRW,CBCdriftDiffusionLR,0.5,0.18744229143995,NA,0.37424716428854,0.90467496321712,1.24430161587473,2.60208963723372,0.5,60.5193539081124,NA,v1,MR,NA,CBC2StepRW_CBCdriftDiffusionLR,139.9596559858161
CBC_P013,CBC_P013_AV_prob0.7_Vset3_Aset4_2023-03-24_16h50.28.064.csv,1,2,aud,1B,0.5,1,2.3070372000002,1,1,1,0.5,0.5,CBC2StepRW,CBCdriftDiffusionLR,0.5,0.18744229143995,NA,0.37424716428854,0.90467496321712,1.24430161587473,2.60208963723372,0.5,60.5193539081124,NA,v1,MR,NA,CBC2StepRW_CBCdriftDiffusionLR,139.9596559858161
CBC_P013,CBC_P013_AV_prob0.7_Vset3_Aset4_2023-03-24_16h50.28.064.csv,1,3,aud,0C,0.15,1,2.0339542999991,1,0,0,0.5,-0.5,CBC2StepRW,CBCdriftDiffusionLR,0.5,0.18744229143995,NA,0.37424716428854,0.90467496321712,1.24430161587473,2.60208963723372,0.5,60.5193539081124,NA,v1,MR,NA,CBC2StepRW_CBCdriftDiffusionLR,139.9596559858161
CBC_P013,CBC_P013_AV_prob0.7_Vset3_Aset4_2023-03-24_16h50.28.064.csv,1,4,aud,2A,0.35,1,1.31866519999858,1,0,0,0.5,-0.5,CBC2StepRW,CBCdriftDiffusionLR,0.5,0.18744229143995,NA,0.37424716428854,0.90467496321712,1.24430161587473,2.60208963723372,0.5,60.5193539081124,NA,v1,MR,NA,CBC2StepRW_CBCdriftDiffusionLR,139.9596559858161
CBC_P013,CBC_P013_AV_prob0.7_Vset3_Aset4_2023-03-24_16h50.28.064.csv,1,5,aud,1C,0.35,0,2.19229850000011,0,1,0,0.31287641785573,-0.68712358214427,CBC2StepRW,CBCdriftDiffusionLR,0.5,0.18744229143995,NA,0.37424716428854,0.90467496321712,1.24430161587473,2.60208963723372,0.5,60.5193539081124,NA,v1,MR,NA,CBC2StepRW_CBCdriftDiffusionLR,139.9596559858161
CBC_P013,CBC_P013_AV_prob0.7_Vset3_Aset4_2023-03-24_16h50.28.064.csv,1,6,aud,2A,0.35,1,2.65721519999897,1,0,0,0.406278854280025,-0.406278854280025,CBC2StepRW,CBCdriftDiffusionLR,0.5,0.18744229143995,NA,0.37424716428854,0.90467496321712,1.24430161587473,2.60208963723372,0.5,60.5193539081124,NA,v1,MR,NA,CBC2StepRW_CBCdriftDiffusionLR,139.9596559858161
CBC_P013,CBC_P013_AV_prob0.7_Vset3_Aset4_2023-03-24_16h50.28.064.csv,1,7,aud,1B,0.5,1,2.31758439999976,1,1,1,0.593721145719975,0.406278854280025,CBC2StepRW,CBCdriftDiffusionLR,0.5,0.18744229143995,NA,0.37424716428854,0.90467496321712,1.24430161587473,2.60208963723372,0.5,60.5193539081124,NA,v1,MR,NA,CBC2StepRW_CBCdriftDiffusionLR,139.9596559858161
CBC_P013,CBC_P013_AV_prob0.7_Vset3_Aset4_2023-03-24_16h50.28.064.csv,1,8,aud,0A,0.5,1,2.46644460000061,1,1,1,0.5,0.5,CBC2StepRW,CBCdriftDiffusionLR,0.5,0.18744229143995,NA,0.37424716428854,0.90467496321712,1.24430161587473,2.60208963723372,0.5,60.5193539081124,NA,v1,MR,NA,CBC2StepRW_CBCdriftDiffusionLR,139.9596559858161
CBC_P013,CBC_P013_AV_prob0.7_Vset3_Aset4_2023-03-24_16h50.28.064.csv,1,9,aud,1B,0.5,1,2.29271399999925,1,1,1,0.66987498512982,0.33012501487018,CBC2StepRW,CBCdriftDiffusionLR,0.5,0.18744229143995,NA,0.37424716428854,0.90467496321712,1.24430161587473,2.60208963723372,0.5,60.5193539081124,NA,v1,MR,NA,CBC2StepRW_CBCdriftDiffusionLR,139.9596559858161
CBC_P013,CBC_P013_AV_prob0.7_Vset3_Aset4_2023-03-24_16h50.28.064.csv,1,10,aud,2C,0.5,0,2.46991030000027,1,1,0,0.406278854280025,-0.406278854280025,CBC2StepRW,CBCdriftDiffusionLR,0.5,0.18744229143995,NA,0.37424716428854,0.90467496321712,1.24430161587473,2.60208963723372,0.5,60.5193539081124,NA,v1,MR,NA,CBC2StepRW_CBCdriftDiffusionLR,139.9596559858161
CBC_P013,CBC_P013_AV_prob0.7_Vset3_Aset4_2023-03-24_16h50.28.064.csv,1,11,aud,0B,0.35,1,2.11894379999831,0,1,1,0.0766622055820049,0.076662205582005,CBC2StepRW,CBCdriftDiffusionLR,0.5,0.18744229143995,NA,0.37424716428854,0.90467496321712,1.24430161587473,2.60208963723372,0.5,60.5193539081124,NA,v1,MR,NA,CBC2StepRW_CBCdriftDiffusionLR,139.9596559858161
CBC_P013,CBC_P013_AV_prob0.7_Vset3_Aset4_2023-03-24_16h50.28.064.csv,1,12,aud,1C,0.35,1,1.81030670000109,0,1,1,0.172944179346807,0.172944179346807,CBC2StepRW,CBCdriftDiffusionLR,0.5,0.18744229143995,NA,0.37424716428854,0.90467496321712,1.24430161587473,2.60208963723372,0.5,60.5193539081124,NA,v1,MR,NA,CBC2StepRW_CBCdriftDiffusionLR,139.9596559858161
CBC_P013,CBC_P013_AV_prob0.7_Vset3_Aset4_2023-03-24_16h50.28.064.csv,1,13,aud,0A,0.5,0,3.25991739999881,0,0,1,0.593721145719975,0.593721145719975,CBC2StepRW,CBCdriftDiffusionLR,0.5,0.18744229143995,NA,0.37424716428854,0.90467496321712,1.24430161587473,2.60208963723372,0.5,60.5193539081124,NA,v1,MR,NA,CBC2StepRW_CBCdriftDiffusionLR,139.9596559858161
CBC_P013,CBC_P013_AV_prob0.7_Vset3_Aset4_2023-03-24_16h50.28.064.csv,1,14,aud,2B,0.15,1,2.23087379999924,0,1,1,0.122511958727031,0.122511958727031,CBC2StepRW,CBCdriftDiffusionLR,0.5,0.18744229143995,NA,0.37424716428854,0.90467496321712,1.24430161587473,2.60208963723372,0.5,60.5193539081124,NA,v1,MR,NA,CBC2StepRW_CBCdriftDiffusionLR,139.9596559858161
CBC_P013,CBC_P013_AV_prob0.7_Vset3_Aset4_2023-03-24_16h50.28.064.csv,1,15,aud,1A,0.15,0,NA,NA,NA,NA,0.0766622055820049,0,CBC2StepRW,CBCdriftDiffusionLR,0.5,0.18744229143995,NA,0.37424716428854,0.90467496321712,1.24430161587473,2.60208963723372,0.5,60.5193539081124,NA,v1,MR,NA,CBC2StepRW_CBCdriftDiffusionLR,139.9596559858161
CBC_P013,CBC_P013_AV_prob0.7_Vset3_Aset4_2023-03-24_16h50.28.064.csv,1,16,aud,0C,0.15,0,2.42027570000027,0,1,0,0.254230145155329,-0.745769854844671,CBC2StepRW,CBCdriftDiffusionLR,0.5,0.18744229143995,NA,0.37424716428854,0.90467496321712,1.24430161587473,2.60208963723372,0.5,60.5193539081124,NA,v1,MR,NA,CBC2StepRW_CBCdriftDiffusionLR,139.9596559858161
CBC_P013,CBC_P013_AV_prob0.7_Vset3_Aset4_2023-03-24_16h50.28.064.csv,1,17,aud,1B,0.5,1,2.14954799999941,1,1,1,0.731754374378734,0.268245625621266,CBC2StepRW,CBCdriftDiffusionLR,0.5,0.18744229143995,NA,0.37424716428854,0.90467496321712,1.24430161587473,2.60208963723372,0.5,60.5193539081124,NA,v1,MR,NA,CBC2StepRW_CBCdriftDiffusionLR,139.9596559858161
CBC_P013,CBC_P013_AV_prob0.7_Vset3_Aset4_2023-03-24_16h50.28.064.csv,1,18,aud,2C,0.5,1,2.41650540000046,0,0,0,0.33012501487018,-0.66987498512982,CBC2StepRW,CBCdriftDiffusionLR,0.5,0.18744229143995,NA,0.37424716428854,0.90467496321712,1.24430161587473,2.60208963723372,0.5,60.5193539081124,NA,v1,MR,NA,CBC2StepRW_CBCdriftDiffusionLR,139.9596559858161
CBC_P013,CBC_P013_AV_prob0.7_Vset3_Aset4_2023-03-24_16h50.28.064.csv,1,19,aud,0B,0.35,1,2.30428659999961,0,1,1,0.0389796873060815,0.0389796873060815,CBC2StepRW,CBCdriftDiffusionLR,0.5,0.18744229143995,NA,0.37424716428854,0.90467496321712,1.24430161587473,2.60208963723372,0.5,60.5193539081124,NA,v1,MR,NA,CBC2StepRW_CBCdriftDiffusionLR,139.9596559858161
CBC_P013,CBC_P013_AV_prob0.7_Vset3_Aset4_2023-03-24_16h50.28.064.csv,1,20,aud,1C,0.35,1,1.41810619999887,0,1,1,0.0879352476382159,0.0879352476382159,CBC2StepRW,CBCdriftDiffusionLR,0.5,0.18744229143995,NA,0.37424716428854,0.90467496321712,1.24430161587473,2.60208963723372,0.5,60.5193539081124,NA,v1,MR,NA,CBC2StepRW_CBCdriftDiffusionLR,139.9596559858161
CBC_P013,CBC_P013_AV_prob0.7_Vset3_Aset4_2023-03-24_16h50.28.064.csv,1,21,aud,0A,0.5,0,2.65926099999888,0,0,1,0.48243269368987,0.48243269368987,CBC2StepRW,CBCdriftDiffusionLR,0.5,0.18744229143995,NA,0.37424716428854,0.90467496321712,1.24430161587473,2.60208963723372,0.5,60.5193539081124,NA,v1,MR,NA,CBC2StepRW_CBCdriftDiffusionLR,139.9596559858161
CBC_P013,CBC_P013_AV_prob0.7_Vset3_Aset4_2023-03-24_16h50.28.064.csv,1,22,aud,1C,0.35,1,1.04179920000024,0,1,1,0.0714524633225693,0.0714524633225693,CBC2StepRW,CBCdriftDiffusionLR,0.5,0.18744229143995,NA,0.37424716428854,0.90467496321712,1.24430161587473,2.60208963723372,0.5,60.5193539081124,NA,v1,MR,NA,CBC2StepRW_CBCdriftDiffusionLR,139.9596559858161
CBC_P013,CBC_P013_AV_prob0.7_Vset3_Aset4_2023-03-24_16h50.28.064.csv,1,23,aud,0A,0.5,0,2.03617719999966,0,0,1,0.392004404119094,0.392004404119094,CBC2StepRW,CBCdriftDiffusionLR,0.5,0.18744229143995,NA,0.37424716428854,0.90467496321712,1.24430161587473,2.60208963723372,0.5,60.5193539081124,NA,v1,MR,NA,CBC2StepRW_CBCdriftDiffusionLR,139.9596559858161
CBC_P013,CBC_P013_AV_prob0.7_Vset3_Aset4_2023-03-24_16h50.28.064.csv,1,24,aud,2C,0.5,0,2.28271279999899,0,0,1,0.455687917061216,0.455687917061216,CBC2StepRW,CBCdriftDiffusionLR,0.5,0.18744229143995,NA,0.37424716428854,0.90467496321712,1.24430161587473,2.60208963723372,0.5,60.5193539081124,NA,v1,MR,NA,CBC2StepRW_CBCdriftDiffusionLR,139.9596559858161
CBC_P013,CBC_P013_AV_prob0.7_Vset3_Aset4_2023-03-24_16h50.28.064.csv,1,25,aud,0B,0.35,1,1.6788433999991,0,1,1,0.0316732453978169,0.0316732453978169,CBC2StepRW,CBCdriftDiffusionLR,0.5,0.18744229143995,NA,0.37424716428854,0.90467496321712,1.24430161587473,2.60208963723372,0.5,60.5193539081124,NA,v1,MR,NA,CBC2StepRW_CBCdriftDiffusionLR,139.9596559858161
CBC_P013,CBC_P013_AV_prob0.7_Vset3_Aset4_2023-03-24_16h50.28.064.csv,1,26,aud,2A,0.35,1,2.29139769999892,1,0,0,0.206576664194303,-0.206576664194303,CBC2StepRW,CBCdriftDiffusionLR,0.5,0.18744229143995,NA,0.37424716428854,0.90467496321712,1.24430161587473,2.60208963723372,0.5,60.5193539081124,NA,v1,MR,NA,CBC2StepRW_CBCdriftDiffusionLR,139.9596559858161
CBC_P013,CBC_P013_AV_prob0.7_Vset3_Aset4_2023-03-24_16h50.28.064.csv,1,27,aud,1B,0.5,1,2.13584439999977,1,1,1,0.782034949113927,0.217965050886073,CBC2StepRW,CBCdriftDiffusionLR,0.5,0.18744229143995,NA,0.37424716428854,0.90467496321712,1.24430161587473,2.60208963723372,0.5,60.5193539081124,NA,v1,MR,NA,CBC2StepRW_CBCdriftDiffusionLR,139.9596559858161
CBC_P013,CBC_P013_AV_prob0.7_Vset3_Aset4_2023-03-24_16h50.28.064.csv,1,28,aud,0A,0.5,1,1.98744839999927,0,0,0,0.318526200356459,-0.681473799643541,CBC2StepRW,CBCdriftDiffusionLR,0.5,0.18744229143995,NA,0.37424716428854,0.90467496321712,1.24430161587473,2.60208963723372,0.5,60.5193539081124,NA,v1,MR,NA,CBC2StepRW_CBCdriftDiffusionLR,139.9596559858161
CBC_P013,CBC_P013_AV_prob0.7_Vset3_Aset4_2023-03-24_16h50.28.064.csv,1,29,aud,2C,0.5,1,2.29020259999925,0,0,0,0.370272729705763,-0.629727270294236,CBC2StepRW,CBCdriftDiffusionLR,0.5,0.18744229143995,NA,0.37424716428854,0.90467496321712,1.24430161587473,2.60208963723372,0.5,60.5193539081124,NA,v1,MR,NA,CBC2StepRW_CBCdriftDiffusionLR,139.9596559858161
CBC_P013,CBC_P013_AV_prob0.7_Vset3_Aset4_2023-03-24_16h50.28.064.csv,1,30,aud,1A,0.15,1,1.70393030000014,0,1,1,0.0300183600622674,0.0300183600622674,CBC2StepRW,CBCdriftDiffusionLR,0.5,0.18744229143995,NA,0.37424716428854,0.90467496321712,1.24430161587473,2.60208963723372,0.5,60.5193539081124,NA,v1,MR,NA,CBC2StepRW_CBCdriftDiffusionLR,139.9596559858161
CBC_P013,CBC_P013_AV_prob0.7_Vset3_Aset4_2023-03-24_16h50.28.064.csv,1,31,aud,2C,0.5,0,1.77448679999907,0,0,1,0.48831025223194,0.48831025223194,CBC2StepRW,CBCdriftDiffusionLR,0.5,0.18744229143995,NA,0.37424716428854,0.90467496321712,1.24430161587473,2.60208963723372,0.5,60.5193539081124,NA,v1,MR,NA,CBC2StepRW_CBCdriftDiffusionLR,139.9596559858161
CBC_P013,CBC_P013_AV_prob0.7_Vset3_Aset4_2023-03-24_16h50.28.064.csv,1,32,aud,1B,0.5,1,2.02370630000041,1,1,1,0.822890817705838,0.177109182294162,CBC2StepRW,CBCdriftDiffusionLR,0.5,0.18744229143995,NA,0.37424716428854,0.90467496321712,1.24430161587473,2.60208963723372,0.5,60.5193539081124,NA,v1,MR,NA,CBC2StepRW_CBCdriftDiffusionLR,139.9596559858161
CBC_P013,CBC_P013_AV_prob0.7_Vset3_Aset4_2023-03-24_16h50.28.064.csv,1,33,aud,0A,0.5,1,1.90355509999972,1,1,1,0.446263210917933,0.553736789082067,CBC2StepRW,CBCdriftDiffusionLR,0.5,0.18744229143995,NA,0.37424716428854,0.90467496321712,1.24430161587473,2.60208963723372,0.5,60.5193539081124,NA,v1,MR,NA,CBC2StepRW_CBCdriftDiffusionLR,139.9596559858161
CBC_P013,CBC_P013_AV_prob0.7_Vset3_Aset4_2023-03-24_16h50.28.064.csv,1,34,aud,1C,0.35,1,1.79342120000001,0,1,1,0.022734063731433,0.0227340637314331,CBC2StepRW,CBCdriftDiffusionLR,0.5,0.18744229143995,NA,0.37424716428854,0.90467496321712,1.24430161587473,2.60208963723372,0.5,60.5193539081124,NA,v1,MR,NA,CBC2StepRW_CBCdriftDiffusionLR,139.9596559858161
CBC_P013,CBC_P013_AV_prob0.7_Vset3_Aset4_2023-03-24_16h50.28.064.csv,1,35,aud,2A,0.35,1,3.34164319999945,1,0,0,0.105036030647642,-0.105036030647642,CBC2StepRW,CBCdriftDiffusionLR,0.5,0.18744229143995,NA,0.37424716428854,0.90467496321712,1.24430161587473,2.60208963723372,0.5,60.5193539081124,NA,v1,MR,NA,CBC2StepRW_CBCdriftDiffusionLR,139.9596559858161
CBC_P013,CBC_P013_AV_prob0.7_Vset3_Aset4_2023-03-24_16h50.28.064.csv,1,36,aud,0B,0.35,1,1.91352329999972,0,1,1,0.00630601877498458,0.0063060187749846,CBC2StepRW,CBCdriftDiffusionLR,0.5,0.18744229143995,NA,0.37424716428854,0.90467496321712,1.24430161587473,2.60208963723372,0.5,60.5193539081124,NA,v1,MR,NA,CBC2StepRW_CBCdriftDiffusionLR,139.9596559858161
CBC_P013,CBC_P013_AV_prob0.7_Vset3_Aset4_2023-03-24_16h50.28.064.csv,1,37,aud,2C,0.5,0,2.32571389999976,0,0,1,0.396780259619965,0.396780259619965,CBC2StepRW,CBCdriftDiffusionLR,0.5,0.18744229143995,NA,0.37424716428854,0.90467496321712,1.24430161587473,2.60208963723372,0.5,60.5193539081124,NA,v1,MR,NA,CBC2StepRW_CBCdriftDiffusionLR,139.9596559858161
CBC_P013,CBC_P013_AV_prob0.7_Vset3_Aset4_2023-03-24_16h50.28.064.csv,1,38,aud,0B,0.35,1,2.3942223999984,0,1,1,0.00512400416593812,0.00512400416593817,CBC2StepRW,CBCdriftDiffusionLR,0.5,0.18744229143995,NA,0.37424716428854,0.90467496321712,1.24430161587473,2.60208963723372,0.5,60.5193539081124,NA,v1,MR,NA,CBC2StepRW_CBCdriftDiffusionLR,139.9596559858161
CBC_P013,CBC_P013_AV_prob0.7_Vset3_Aset4_2023-03-24_16h50.28.064.csv,1,39,aud,1C,0.35,0,1.78587689999949,0,1,0,0.0184727387318714,-0.981527261268129,CBC2StepRW,CBCdriftDiffusionLR,0.5,0.18744229143995,NA,0.37424716428854,0.90467496321712,1.24430161587473,2.60208963723372,0.5,60.5193539081124,NA,v1,MR,NA,CBC2StepRW_CBCdriftDiffusionLR,139.9596559858161
CBC_P013,CBC_P013_AV_prob0.7_Vset3_Aset4_2023-03-24_16h50.28.064.csv,1,40,aud,2B,0.15,1,2.17643289999978,0,1,1,0.0243916498669265,0.0243916498669265,CBC2StepRW,CBCdriftDiffusionLR,0.5,0.18744229143995,NA,0.37424716428854,0.90467496321712,1.24430161587473,2.60208963723372,0.5,60.5193539081124,NA,v1,MR,NA,CBC2StepRW_CBCdriftDiffusionLR,139.9596559858161
CBC_P013,CBC_P013_AV_prob0.7_Vset3_Aset4_2023-03-24_16h50.28.064.csv,1,41,aud,0A,0.5,1,2.00325559999874,0,0,0,0.550056903518076,-0.449943096481924,CBC2StepRW,CBCdriftDiffusionLR,0.5,0.18744229143995,NA,0.37424716428854,0.90467496321712,1.24430161587473,2.60208963723372,0.5,60.5193539081124,NA,v1,MR,NA,CBC2StepRW_CBCdriftDiffusionLR,139.9596559858161
CBC_P013,CBC_P013_AV_prob0.7_Vset3_Aset4_2023-03-24_16h50.28.064.csv,1,42,aud,1B,0.5,0,2.12866339999891,1,1,0,0.856088568670112,-0.856088568670112,CBC2StepRW,CBCdriftDiffusionLR,0.5,0.18744229143995,NA,0.37424716428854,0.90467496321712,1.24430161587473,2.60208963723372,0.5,60.5193539081124,NA,v1,MR,NA,CBC2StepRW_CBCdriftDiffusionLR,139.9596559858161
CBC_P014,CBC_P014_AV_prob0.8_Vset1_Aset4_2023-03-29_15h35.20.648.csv,1,1,aud,0B,0.35,1,3.2048264,1,0,0,0.5,-0.5,CBCsimpleRW,CBCdriftDiffusionLR,0.5,0.0371849589125015,NA,NA,0.721000414339407,14.7878831499837,2.0951765094587,0.5,40.2594017723176,NA,v1,MR,NA,CBCsimpleRW_CBCdriftDiffusionLR,95.65556208030824
CBC_P014,CBC_P014_AV_prob0.8_Vset1_Aset4_2023-03-29_15h35.20.648.csv,1,2,aud,2C,0.5,1,2.7129365000003,1,1,1,0.5,0.5,CBCsimpleRW,CBCdriftDiffusionLR,0.5,0.0371849589125015,NA,NA,0.721000414339407,14.7878831499837,2.0951765094587,0.5,40.2594017723176,NA,v1,MR,NA,CBCsimpleRW_CBCdriftDiffusionLR,95.65556208030824
CBC_P014,CBC_P014_AV_prob0.8_Vset1_Aset4_2023-03-29_15h35.20.648.csv,1,3,aud,1B,0.5,1,1.98896260000015,1,1,1,0.5,0.5,CBCsimpleRW,CBCdriftDiffusionLR,0.5,0.0371849589125015,NA,NA,0.721000414339407,14.7878831499837,2.0951765094587,0.5,40.2594017723176,NA,v1,MR,NA,CBCsimpleRW_CBCdriftDiffusionLR,95.65556208030824
CBC_P014,CBC_P014_AV_prob0.8_Vset1_Aset4_2023-03-29_15h35.20.648.csv,1,4,aud,2C,0.5,1,2.21013540000013,1,1,1,0.518592479456251,0.481407520543749,CBCsimpleRW,CBCdriftDiffusionLR,0.5,0.0371849589125015,NA,NA,0.721000414339407,14.7878831499837,2.0951765094587,0.5,40.2594017723176,NA,v1,MR,NA,CBCsimpleRW_CBCdriftDiffusionLR,95.65556208030824
CBC_P014,CBC_P014_AV_prob0.8_Vset1_Aset4_2023-03-29_15h35.20.648.csv,1,5,aud,1B,0.5,1,1.04697040000019,1,1,1,0.518592479456251,0.481407520543749,CBCsimpleRW,CBCdriftDiffusionLR,0.5,0.0371849589125015,NA,NA,0.721000414339407,14.7878831499837,2.0951765094587,0.5,40.2594017723176,NA,v1,MR,NA,CBCsimpleRW_CBCdriftDiffusionLR,95.65556208030824
CBC_P014,CBC_P014_AV_prob0.8_Vset1_Aset4_2023-03-29_15h35.20.648.csv,1,6,aud,2A,0.35,1,1.24027980000028,0,1,1,0.5,0.5,CBCsimpleRW,CBCdriftDiffusionLR,0.5,0.0371849589125015,NA,NA,0.721000414339407,14.7878831499837,2.0951765094587,0.5,40.2594017723176,NA,v1,MR,NA,CBCsimpleRW_CBCdriftDiffusionLR,95.65556208030824
CBC_P014,CBC_P014_AV_prob0.8_Vset1_Aset4_2023-03-29_15h35.20.648.csv,1,7,aud,0B,0.35,1,0.950588000000153,0,1,1,0.481407520543749,0.481407520543749,CBCsimpleRW,CBCdriftDiffusionLR,0.5,0.0371849589125015,NA,NA,0.721000414339407,14.7878831499837,2.0951765094587,0.5,40.2594017723176,NA,v1,MR,NA,CBCsimpleRW_CBCdriftDiffusionLR,95.65556208030824
CBC_P014,CBC_P014_AV_prob0.8_Vset1_Aset4_2023-03-29_15h35.20.648.csv,1,8,aud,1C,0.35,0,1.04956960000027,0,1,0,0.5,-0.5,CBCsimpleRW,CBCdriftDiffusionLR,0.5,0.0371849589125015,NA,NA,0.721000414339407,14.7878831499837,2.0951765094587,0.5,40.2594017723176,NA,v1,MR,NA,CBCsimpleRW_CBCdriftDiffusionLR,95.65556208030824
CBC_P014,CBC_P014_AV_prob0.8_Vset1_Aset4_2023-03-29_15h35.20.648.csv,1,9,aud,0A,0.5,1,1.38081390000025,1,1,1,0.5,0.5,CBCsimpleRW,CBCdriftDiffusionLR,0.5,0.0371849589125015,NA,NA,0.721000414339407,14.7878831499837,2.0951765094587,0.5,40.2594017723176,NA,v1,MR,NA,CBCsimpleRW_CBCdriftDiffusionLR,95.65556208030824
CBC_P014,CBC_P014_AV_prob0.8_Vset1_Aset4_2023-03-29_15h35.20.648.csv,1,10,aud,2C,0.5,0,1.53158230000008,1,1,0,0.536493598327839,-0.536493598327839,CBCsimpleRW,CBCdriftDiffusionLR,0.5,0.0371849589125015,NA,NA,0.721000414339407,14.7878831499837,2.0951765094587,0.5,40.2594017723176,NA,v1,MR,NA,CBCsimpleRW_CBCdriftDiffusionLR,95.65556208030824
CBC_P014,CBC_P014_AV_prob0.8_Vset1_Aset4_2023-03-29_15h35.20.648.csv,1,11,aud,0A,0.5,1,0.937916200000018,1,1,1,0.518592479456251,0.481407520543749,CBCsimpleRW,CBCdriftDiffusionLR,0.5,0.0371849589125015,NA,NA,0.721000414339407,14.7878831499837,2.0951765094587,0.5,40.2594017723176,NA,v1,MR,NA,CBCsimpleRW_CBCdriftDiffusionLR,95.65556208030824
CBC_P014,CBC_P014_AV_prob0.8_Vset1_Aset4_2023-03-29_15h35.20.648.csv,1,12,aud,1C,0.35,1,1.53648650000014,1,0,0,0.518592479456251,-0.518592479456251,CBCsimpleRW,CBCdriftDiffusionLR,0.5,0.0371849589125015,NA,NA,0.721000414339407,14.7878831499837,2.0951765094587,0.5,40.2594017723176,NA,v1,MR,NA,CBCsimpleRW_CBCdriftDiffusionLR,95.65556208030824
CBC_P014,CBC_P014_AV_prob0.8_Vset1_Aset4_2023-03-29_15h35.20.648.csv,1,13,aud,2B,0.15,1,1.53845590000014,1,0,0,0.5,-0.5,CBCsimpleRW,CBCdriftDiffusionLR,0.5,0.0371849589125015,NA,NA,0.721000414339407,14.7878831499837,2.0951765094587,0.5,40.2594017723176,NA,v1,MR,NA,CBCsimpleRW_CBCdriftDiffusionLR,95.65556208030824
CBC_P014,CBC_P014_AV_prob0.8_Vset1_Aset4_2023-03-29_15h35.20.648.csv,1,14,aud,1A,0.15,0,1.49678110000013,0,1,0,0.5,-0.5,CBCsimpleRW,CBCdriftDiffusionLR,0.5,0.0371849589125015,NA,NA,0.721000414339407,14.7878831499837,2.0951765094587,0.5,40.2594017723176,NA,v1,MR,NA,CBCsimpleRW_CBCdriftDiffusionLR,95.65556208030824
CBC_P014,CBC_P014_AV_prob0.8_Vset1_Aset4_2023-03-29_15h35.20.648.csv,1,15,aud,2C,0.5,1,2.26321250000001,1,1,1,0.516544105917198,0.483455894082802,CBCsimpleRW,CBCdriftDiffusionLR,0.5,0.0371849589125015,NA,NA,0.721000414339407,14.7878831499837,2.0951765094587,0.5,40.2594017723176,NA,v1,MR,NA,CBCsimpleRW_CBCdriftDiffusionLR,95.65556208030824
CBC_P014,CBC_P014_AV_prob0.8_Vset1_Aset4_2023-03-29_15h35.20.648.csv,1,16,aud,0A,0.5,1,2.06143020000013,1,1,1,0.536493598327839,0.463506401672161,CBCsimpleRW,CBCdriftDiffusionLR,0.5,0.0371849589125015,NA,NA,0.721000414339407,14.7878831499837,2.0951765094587,0.5,40.2594017723176,NA,v1,MR,NA,CBCsimpleRW_CBCdriftDiffusionLR,95.65556208030824
CBC_P014,CBC_P014_AV_prob0.8_Vset1_Aset4_2023-03-29_15h35.20.648.csv,1,17,aud,1C,0.35,1,1.57957260000012,0,1,1,0.499308639415338,0.499308639415338,CBCsimpleRW,CBCdriftDiffusionLR,0.5,0.0371849589125015,NA,NA,0.721000414339407,14.7878831499837,2.0951765094587,0.5,40.2594017723176,NA,v1,MR,NA,CBCsimpleRW_CBCdriftDiffusionLR,95.65556208030824
CBC_P014,CBC_P014_AV_prob0.8_Vset1_Aset4_2023-03-29_15h35.20.648.csv,1,18,aud,2B,0.15,0,1.45928080000022,1,0,1,0.481407520543749,0.518592479456251,CBCsimpleRW,CBCdriftDiffusionLR,0.5,0.0371849589125015,NA,NA,0.721000414339407,14.7878831499837,2.0951765094587,0.5,40.2594017723176,NA,v1,MR,NA,CBCsimpleRW_CBCdriftDiffusionLR,95.65556208030824
CBC_P014,CBC_P014_AV_prob0.8_Vset1_Aset4_2023-03-29_15h35.20.648.csv,1,19,aud,1C,0.35,1,2.55791620000014,1,0,0,0.480741868174021,-0.480741868174021,CBCsimpleRW,CBCdriftDiffusionLR,0.5,0.0371849589125015,NA,NA,0.721000414339407,14.7878831499837,2.0951765094587,0.5,40.2594017723176,NA,v1,MR,NA,CBCsimpleRW_CBCdriftDiffusionLR,95.65556208030824
CBC_P014,CBC_P014_AV_prob0.8_Vset1_Aset4_2023-03-29_15h35.20.648.csv,1,20,aud,0A,0.5,1,1.2473276999999099,1,1,1,0.5537290648297,0.4462709351703,CBCsimpleRW,CBCdriftDiffusionLR,0.5,0.0371849589125015,NA,NA,0.721000414339407,14.7878831499837,2.0951765094587,0.5,40.2594017723176,NA,v1,MR,NA,CBCsimpleRW_CBCdriftDiffusionLR,95.65556208030824
CBC_P014,CBC_P014_AV_prob0.8_Vset1_Aset4_2023-03-29_15h35.20.648.csv,1,21,aud,2C,0.5,1,1.78158800000028,1,1,1,0.534521393474674,0.465478606525326,CBCsimpleRW,CBCdriftDiffusionLR,0.5,0.0371849589125015,NA,NA,0.721000414339407,14.7878831499837,2.0951765094587,0.5,40.2594017723176,NA,v1,MR,NA,CBCsimpleRW_CBCdriftDiffusionLR,95.65556208030824
CBC_P014,CBC_P014_AV_prob0.8_Vset1_Aset4_2023-03-29_15h35.20.648.csv,1,22,aud,1B,0.5,1,1.68582920000017,1,1,1,0.536493598327839,0.463506401672161,CBCsimpleRW,CBCdriftDiffusionLR,0.5,0.0371849589125015,NA,NA,0.721000414339407,14.7878831499837,2.0951765094587,0.5,40.2594017723176,NA,v1,MR,NA,CBCsimpleRW_CBCdriftDiffusionLR,95.65556208030824
CBC_P014,CBC_P014_AV_prob0.8_Vset1_Aset4_2023-03-29_15h35.20.648.csv,1,23,aud,0C,0.15,0,1.71683060000032,0,1,0,0.5,-0.5,CBCsimpleRW,CBCdriftDiffusionLR,0.5,0.0371849589125015,NA,NA,0.721000414339407,14.7878831499837,2.0951765094587,0.5,40.2594017723176,NA,v1,MR,NA,CBCsimpleRW_CBCdriftDiffusionLR,95.65556208030824
CBC_P014,CBC_P014_AV_prob0.8_Vset1_Aset4_2023-03-29_15h35.20.648.csv,1,24,aud,1B,0.5,1,1.04457360000015,1,1,1,0.5537290648297,0.4462709351703,CBCsimpleRW,CBCdriftDiffusionLR,0.5,0.0371849589125015,NA,NA,0.721000414339407,14.7878831499837,2.0951765094587,0.5,40.2594017723176,NA,v1,MR,NA,CBCsimpleRW_CBCdriftDiffusionLR,95.65556208030824
CBC_P014,CBC_P014_AV_prob0.8_Vset1_Aset4_2023-03-29_15h35.20.648.csv,1,25,aud,2A,0.35,1,1.47935730000017,0,1,1,0.481407520543749,0.481407520543749,CBCsimpleRW,CBCdriftDiffusionLR,0.5,0.0371849589125015,NA,NA,0.721000414339407,14.7878831499837,2.0951765094587,0.5,40.2594017723176,NA,v1,MR,NA,CBCsimpleRW_CBCdriftDiffusionLR,95.65556208030824
CBC_P014,CBC_P014_AV_prob0.8_Vset1_Aset4_2023-03-29_15h35.20.648.csv,1,26,aud,0B,0.35,1,NA,NA,NA,NA,0.463506401672161,0,CBCsimpleRW,CBCdriftDiffusionLR,0.5,0.0371849589125015,NA,NA,0.721000414339407,14.7878831499837,2.0951765094587,0.5,40.2594017723176,NA,v1,MR,NA,CBCsimpleRW_CBCdriftDiffusionLR,95.65556208030824
CBC_P014,CBC_P014_AV_prob0.8_Vset1_Aset4_2023-03-29_15h35.20.648.csv,1,27,aud,2A,0.35,0,1.3801668000001,0,1,0,0.463506401672161,-0.536493598327839,CBCsimpleRW,CBCdriftDiffusionLR,0.5,0.0371849589125015,NA,NA,0.721000414339407,14.7878831499837,2.0951765094587,0.5,40.2594017723176,NA,v1,MR,NA,CBCsimpleRW_CBCdriftDiffusionLR,95.65556208030824
CBC_P014,CBC_P014_AV_prob0.8_Vset1_Aset4_2023-03-29_15h35.20.648.csv,1,28,aud,1B,0.5,1,0.871551299999737,1,1,1,0.570323631217851,0.429676368782149,CBCsimpleRW,CBCdriftDiffusionLR,0.5,0.0371849589125015,NA,NA,0.721000414339407,14.7878831499837,2.0951765094587,0.5,40.2594017723176,NA,v1,MR,NA,CBCsimpleRW_CBCdriftDiffusionLR,95.65556208030824
CBC_P014,CBC_P014_AV_prob0.8_Vset1_Aset4_2023-03-29_15h35.20.648.csv,1,29,aud,0A,0.5,1,1.23775819999992,1,1,1,0.570323631217851,0.429676368782149,CBCsimpleRW,CBCdriftDiffusionLR,0.5,0.0371849589125015,NA,NA,0.721000414339407,14.7878831499837,2.0951765094587,0.5,40.2594017723176,NA,v1,MR,NA,CBCsimpleRW_CBCdriftDiffusionLR,95.65556208030824
CBC_P014,CBC_P014_AV_prob0.8_Vset1_Aset4_2023-03-29_15h35.20.648.csv,1,30,aud,1B,0.5,1,0.898382600000332,1,1,1,0.586301129336688,0.413698870663312,CBCsimpleRW,CBCdriftDiffusionLR,0.5,0.0371849589125015,NA,NA,0.721000414339407,14.7878831499837,2.0951765094587,0.5,40.2594017723176,NA,v1,MR,NA,CBCsimpleRW_CBCdriftDiffusionLR,95.65556208030824
CBC_P014,CBC_P014_AV_prob0.8_Vset1_Aset4_2023-03-29_15h35.20.648.csv,1,31,aud,2A,0.35,1,2.49524400000018,0,1,1,0.483455894082802,0.483455894082802,CBCsimpleRW,CBCdriftDiffusionLR,0.5,0.0371849589125015,NA,NA,0.721000414339407,14.7878831499837,2.0951765094587,0.5,40.2594017723176,NA,v1,MR,NA,CBCsimpleRW_CBCdriftDiffusionLR,95.65556208030824
CBC_P014,CBC_P014_AV_prob0.8_Vset1_Aset4_2023-03-29_15h35.20.648.csv,1,32,aud,0C,0.15,0,1.77419030000055,0,1,0,0.518592479456251,-0.481407520543749,CBCsimpleRW,CBCdriftDiffusionLR,0.5,0.0371849589125015,NA,NA,0.721000414339407,14.7878831499837,2.0951765094587,0.5,40.2594017723176,NA,v1,MR,NA,CBCsimpleRW_CBCdriftDiffusionLR,95.65556208030824
CBC_P014,CBC_P014_AV_prob0.8_Vset1_Aset4_2023-03-29_15h35.20.648.csv,1,33,aud,1B,0.5,1,0.85479770000029,1,1,1,0.601684504844452,0.398315495155548,CBCsimpleRW,CBCdriftDiffusionLR,0.5,0.0371849589125015,NA,NA,0.721000414339407,14.7878831499837,2.0951765094587,0.5,40.2594017723176,NA,v1,MR,NA,CBCsimpleRW_CBCdriftDiffusionLR,95.65556208030824
CBC_P014,CBC_P014_AV_prob0.8_Vset1_Aset4_2023-03-29_15h35.20.648.csv,1,34,aud,0A,0.5,1,1.63616830000001,1,1,1,0.586301129336688,0.413698870663312,CBCsimpleRW,CBCdriftDiffusionLR,0.5,0.0371849589125015,NA,NA,0.721000414339407,14.7878831499837,2.0951765094587,0.5,40.2594017723176,NA,v1,MR,NA,CBCsimpleRW_CBCdriftDiffusionLR,95.65556208030824
CBC_P014,CBC_P014_AV_prob0.8_Vset1_Aset4_2023-03-29_15h35.20.648.csv,1,35,aud,1C,0.35,1,0.969458999999915,0,1,1,0.462865501558451,0.462865501558451,CBCsimpleRW,CBCdriftDiffusionLR,0.5,0.0371849589125015,NA,NA,0.721000414339407,14.7878831499837,2.0951765094587,0.5,40.2594017723176,NA,v1,MR,NA,CBCsimpleRW_CBCdriftDiffusionLR,95.65556208030824
CBC_P014,CBC_P014_AV_prob0.8_Vset1_Aset4_2023-03-29_15h35.20.648.csv,1,36,aud,0B,0.35,1,0.993683400000009,0,1,1,0.463506401672161,0.463506401672161,CBCsimpleRW,CBCdriftDiffusionLR,0.5,0.0371849589125015,NA,NA,0.721000414339407,14.7878831499837,2.0951765094587,0.5,40.2594017723176,NA,v1,MR,NA,CBCsimpleRW_CBCdriftDiffusionLR,95.65556208030824
CBC_P014,CBC_P014_AV_prob0.8_Vset1_Aset4_2023-03-29_15h35.20.648.csv,1,37,aud,1A,0.15,1,1.37379830000009,0,1,1,0.518592479456251,0.518592479456251,CBCsimpleRW,CBCdriftDiffusionLR,0.5,0.0371849589125015,NA,NA,0.721000414339407,14.7878831499837,2.0951765094587,0.5,40.2594017723176,NA,v1,MR,NA,CBCsimpleRW_CBCdriftDiffusionLR,95.65556208030824
CBC_P014,CBC_P014_AV_prob0.8_Vset1_Aset4_2023-03-29_15h35.20.648.csv,1,38,aud,2C,0.5,1,1.43338170000015,1,1,1,0.551830196332967,0.448169803667033,CBCsimpleRW,CBCdriftDiffusionLR,0.5,0.0371849589125015,NA,NA,0.721000414339407,14.7878831499837,2.0951765094587,0.5,40.2594017723176,NA,v1,MR,NA,CBCsimpleRW_CBCdriftDiffusionLR,95.65556208030824
CBC_P014,CBC_P014_AV_prob0.8_Vset1_Aset4_2023-03-29_15h35.20.648.csv,1,39,aud,0A,0.5,0,1.28800820000015,1,1,0,0.601684504844452,-0.601684504844452,CBCsimpleRW,CBCdriftDiffusionLR,0.5,0.0371849589125015,NA,NA,0.721000414339407,14.7878831499837,2.0951765094587,0.5,40.2594017723176,NA,v1,MR,NA,CBCsimpleRW_CBCdriftDiffusionLR,95.65556208030824
CBC_P014,CBC_P014_AV_prob0.8_Vset1_Aset4_2023-03-29_15h35.20.648.csv,1,40,aud,2C,0.5,1,1.33649280000009,1,1,1,0.568495372068149,0.431504627931851,CBCsimpleRW,CBCdriftDiffusionLR,0.5,0.0371849589125015,NA,NA,0.721000414339407,14.7878831499837,2.0951765094587,0.5,40.2594017723176,NA,v1,MR,NA,CBCsimpleRW_CBCdriftDiffusionLR,95.65556208030824
CBC_P014,CBC_P014_AV_prob0.8_Vset1_Aset4_2023-03-29_15h35.20.648.csv,1,41,aud,0B,0.35,0,0.887853499999892,0,1,0,0.4462709351703,-0.5537290648297,CBCsimpleRW,CBCdriftDiffusionLR,0.5,0.0371849589125015,NA,NA,0.721000414339407,14.7878831499837,2.0951765094587,0.5,40.2594017723176,NA,v1,MR,NA,CBCsimpleRW_CBCdriftDiffusionLR,95.65556208030824
CBC_P014,CBC_P014_AV_prob0.8_Vset1_Aset4_2023-03-29_15h35.20.648.csv,1,42,aud,1C,0.35,0,2.24039409999978,0,1,0,0.445653866900986,-0.554346133099014,CBCsimpleRW,CBCdriftDiffusionLR,0.5,0.0371849589125015,NA,NA,0.721000414339407,14.7878831499837,2.0951765094587,0.5,40.2594017723176,NA,v1,MR,NA,CBCsimpleRW_CBCdriftDiffusionLR,95.65556208030824
CBC_P014,CBC_P014_TV_prob0.8_Vset3_Tset1_2023-03-29_15h27.38.049.csv,2,1,tac,2C,0.5,1,NA,NA,NA,NA,0.5,0,CBCsimpleRW,CBCdriftDiffusionLR,0.5,0.0434169296426798,NA,NA,1.02068044318722,4.28499820728612,2.65135999665149,0.5,74.2663244086105,NA,v1,MR,NA,CBCsimpleRW_CBCdriftDiffusionLR,163.66940735289404
CBC_P014,CBC_P014_TV_prob0.8_Vset3_Tset1_2023-03-29_15h27.38.049.csv,2,2,tac,1B,0.5,1,1.8690117000001,1,1,1,0.5,0.5,CBCsimpleRW,CBCdriftDiffusionLR,0.5,0.0434169296426798,NA,NA,1.02068044318722,4.28499820728612,2.65135999665149,0.5,74.2663244086105,NA,v1,MR,NA,CBCsimpleRW_CBCdriftDiffusionLR,163.66940735289404
CBC_P014,CBC_P014_TV_prob0.8_Vset3_Tset1_2023-03-29_15h27.38.049.csv,2,3,tac,0C,0.15,1,2.74762110000006,1,0,0,0.5,-0.5,CBCsimpleRW,CBCdriftDiffusionLR,0.5,0.0434169296426798,NA,NA,1.02068044318722,4.28499820728612,2.65135999665149,0.5,74.2663244086105,NA,v1,MR,NA,CBCsimpleRW_CBCdriftDiffusionLR,163.66940735289404
CBC_P014,CBC_P014_TV_prob0.8_Vset3_Tset1_2023-03-29_15h27.38.049.csv,2,4,tac,2A,0.35,1,3.19855640000014,1,0,0,0.5,-0.5,CBCsimpleRW,CBCdriftDiffusionLR,0.5,0.0434169296426798,NA,NA,1.02068044318722,4.28499820728612,2.65135999665149,0.5,74.2663244086105,NA,v1,MR,NA,CBCsimpleRW_CBCdriftDiffusionLR,163.66940735289404
CBC_P014,CBC_P014_TV_prob0.8_Vset3_Tset1_2023-03-29_15h27.38.049.csv,2,5,tac,1C,0.35,1,2.2515820000001,0,1,1,0.5,0.5,CBCsimpleRW,CBCdriftDiffusionLR,0.5,0.0434169296426798,NA,NA,1.02068044318722,4.28499820728612,2.65135999665149,0.5,74.2663244086105,NA,v1,MR,NA,CBCsimpleRW_CBCdriftDiffusionLR,163.66940735289404
CBC_P014,CBC_P014_TV_prob0.8_Vset3_Tset1_2023-03-29_15h27.38.049.csv,2,6,tac,2A,0.35,1,2.95359600000006,1,0,0,0.47829153517866,-0.47829153517866,CBCsimpleRW,CBCdriftDiffusionLR,0.5,0.0434169296426798,NA,NA,1.02068044318722,4.28499820728612,2.65135999665149,0.5,74.2663244086105,NA,v1,MR,NA,CBCsimpleRW_CBCdriftDiffusionLR,163.66940735289404
CBC_P014,CBC_P014_TV_prob0.8_Vset3_Tset1_2023-03-29_15h27.38.049.csv,2,7,tac,1B,0.5,1,2.9443943999999602,0,0,0,0.52170846482134,-0.47829153517866,CBCsimpleRW,CBCdriftDiffusionLR,0.5,0.0434169296426798,NA,NA,1.02068044318722,4.28499820728612,2.65135999665149,0.5,74.2663244086105,NA,v1,MR,NA,CBCsimpleRW_CBCdriftDiffusionLR,163.66940735289404
CBC_P014,CBC_P014_TV_prob0.8_Vset3_Tset1_2023-03-29_15h27.38.049.csv,2,8,tac,0A,0.5,0,3.20267970000009,1,1,0,0.5,-0.5,CBCsimpleRW,CBCdriftDiffusionLR,0.5,0.0434169296426798,NA,NA,1.02068044318722,4.28499820728612,2.65135999665149,0.5,74.2663244086105,NA,v1,MR,NA,CBCsimpleRW_CBCdriftDiffusionLR,163.66940735289404
CBC_P014,CBC_P014_TV_prob0.8_Vset3_Tset1_2023-03-29_15h27.38.049.csv,2,9,tac,1B,0.5,1,2.5682984,1,1,1,0.542474414752881,0.457525585247119,CBCsimpleRW,CBCdriftDiffusionLR,0.5,0.0434169296426798,NA,NA,1.02068044318722,4.28499820728612,2.65135999665149,0.5,74.2663244086105,NA,v1,MR,NA,CBCsimpleRW_CBCdriftDiffusionLR,163.66940735289404
CBC_P014,CBC_P014_TV_prob0.8_Vset3_Tset1_2023-03-29_15h27.38.049.csv,2,10,tac,2C,0.5,0,2.67623479999997,1,1,0,0.5,-0.5,CBCsimpleRW,CBCdriftDiffusionLR,0.5,0.0434169296426798,NA,NA,1.02068044318722,4.28499820728612,2.65135999665149,0.5,74.2663244086105,NA,v1,MR,NA,CBCsimpleRW_CBCdriftDiffusionLR,163.66940735289404
CBC_P014,CBC_P014_TV_prob0.8_Vset3_Tset1_2023-03-29_15h27.38.049.csv,2,11,tac,0B,0.35,1,2.38164130000018,0,1,1,0.5,0.5,CBCsimpleRW,CBCdriftDiffusionLR,0.5,0.0434169296426798,NA,NA,1.02068044318722,4.28499820728612,2.65135999665149,0.5,74.2663244086105,NA,v1,MR,NA,CBCsimpleRW_CBCdriftDiffusionLR,163.66940735289404
CBC_P014,CBC_P014_TV_prob0.8_Vset3_Tset1_2023-03-29_15h27.38.049.csv,2,12,tac,1C,0.35,0,2.37603660000013,0,1,0,0.47829153517866,-0.52170846482134,CBCsimpleRW,CBCdriftDiffusionLR,0.5,0.0434169296426798,NA,NA,1.02068044318722,4.28499820728612,2.65135999665149,0.5,74.2663244086105,NA,v1,MR,NA,CBCsimpleRW_CBCdriftDiffusionLR,163.66940735289404
CBC_P014,CBC_P014_TV_prob0.8_Vset3_Tset1_2023-03-29_15h27.38.049.csv,2,13,tac,0A,0.5,1,2.72611640000014,0,0,0,0.47829153517866,-0.52170846482134,CBCsimpleRW,CBCdriftDiffusionLR,0.5,0.0434169296426798,NA,NA,1.02068044318722,4.28499820728612,2.65135999665149,0.5,74.2663244086105,NA,v1,MR,NA,CBCsimpleRW_CBCdriftDiffusionLR,163.66940735289404
CBC_P014,CBC_P014_TV_prob0.8_Vset3_Tset1_2023-03-29_15h27.38.049.csv,2,14,tac,2B,0.15,1,2.41194799999994,0,1,1,0.5,0.5,CBCsimpleRW,CBCdriftDiffusionLR,0.5,0.0434169296426798,NA,NA,1.02068044318722,4.28499820728612,2.65135999665149,0.5,74.2663244086105,NA,v1,MR,NA,CBCsimpleRW_CBCdriftDiffusionLR,163.66940735289404
CBC_P014,CBC_P014_TV_prob0.8_Vset3_Tset1_2023-03-29_15h27.38.049.csv,2,15,tac,1A,0.15,1,2.4008474000002,1,0,0,0.5,-0.5,CBCsimpleRW,CBCdriftDiffusionLR,0.5,0.0434169296426798,NA,NA,1.02068044318722,4.28499820728612,2.65135999665149,0.5,74.2663244086105,NA,v1,MR,NA,CBCsimpleRW_CBCdriftDiffusionLR,163.66940735289404
CBC_P014,CBC_P014_TV_prob0.8_Vset3_Tset1_2023-03-29_15h27.38.049.csv,2,16,tac,0C,0.15,1,2.07823129999997,0,1,1,0.47829153517866,0.47829153517866,CBCsimpleRW,CBCdriftDiffusionLR,0.5,0.0434169296426798,NA,NA,1.02068044318722,4.28499820728612,2.65135999665149,0.5,74.2663244086105,NA,v1,MR,NA,CBCsimpleRW_CBCdriftDiffusionLR,163.66940735289404
CBC_P014,CBC_P014_TV_prob0.8_Vset3_Tset1_2023-03-29_15h27.38.049.csv,2,17,tac,1B,0.5,1,2.51266870000018,1,1,1,0.562338770897281,0.437661229102719,CBCsimpleRW,CBCdriftDiffusionLR,0.5,0.0434169296426798,NA,NA,1.02068044318722,4.28499820728612,2.65135999665149,0.5,74.2663244086105,NA,v1,MR,NA,CBCsimpleRW_CBCdriftDiffusionLR,163.66940735289404
CBC_P014,CBC_P014_TV_prob0.8_Vset3_Tset1_2023-03-29_15h27.38.049.csv,2,18,tac,2C,0.5,0,2.95523010000011,1,1,0,0.47829153517866,-0.47829153517866,CBCsimpleRW,CBCdriftDiffusionLR,0.5,0.0434169296426798,NA,NA,1.02068044318722,4.28499820728612,2.65135999665149,0.5,74.2663244086105,NA,v1,MR,NA,CBCsimpleRW_CBCdriftDiffusionLR,163.66940735289404
CBC_P014,CBC_P014_TV_prob0.8_Vset3_Tset1_2023-03-29_15h27.38.049.csv,2,19,tac,0B,0.35,1,2.66963269999997,1,0,0,0.47829153517866,-0.47829153517866,CBCsimpleRW,CBCdriftDiffusionLR,0.5,0.0434169296426798,NA,NA,1.02068044318722,4.28499820728612,2.65135999665149,0.5,74.2663244086105,NA,v1,MR,NA,CBCsimpleRW_CBCdriftDiffusionLR,163.66940735289404
CBC_P014,CBC_P014_TV_prob0.8_Vset3_Tset1_2023-03-29_15h27.38.049.csv,2,20,tac,1C,0.35,1,2.5296158000001,0,1,1,0.500942514889799,0.500942514889799,CBCsimpleRW,CBCdriftDiffusionLR,0.5,0.0434169296426798,NA,NA,1.02068044318722,4.28499820728612,2.65135999665149,0.5,74.2663244086105,NA,v1,MR,NA,CBCsimpleRW_CBCdriftDiffusionLR,163.66940735289404
CBC_P014,CBC_P014_TV_prob0.8_Vset3_Tset1_2023-03-29_15h27.38.049.csv,2,21,tac,0A,0.5,1,3.41232130000003,0,0,0,0.500942514889799,-0.499057485110201,CBCsimpleRW,CBCdriftDiffusionLR,0.5,0.0434169296426798,NA,NA,1.02068044318722,4.28499820728612,2.65135999665149,0.5,74.2663244086105,NA,v1,MR,NA,CBCsimpleRW_CBCdriftDiffusionLR,163.66940735289404
CBC_P014,CBC_P014_TV_prob0.8_Vset3_Tset1_2023-03-29_15h27.38.049.csv,2,22,tac,1C,0.35,1,2.3610549,0,1,1,0.479193128965801,0.479193128965801,CBCsimpleRW,CBCdriftDiffusionLR,0.5,0.0434169296426798,NA,NA,1.02068044318722,4.28499820728612,2.65135999665149,0.5,74.2663244086105,NA,v1,MR,NA,CBCsimpleRW_CBCdriftDiffusionLR,163.66940735289404
CBC_P014,CBC_P014_TV_prob0.8_Vset3_Tset1_2023-03-29_15h27.38.049.csv,2,23,tac,0A,0.5,1,3.11625449999997,0,0,0,0.522610058608481,-0.477389941391519,CBCsimpleRW,CBCdriftDiffusionLR,0.5,0.0434169296426798,NA,NA,1.02068044318722,4.28499820728612,2.65135999665149,0.5,74.2663244086105,NA,v1,MR,NA,CBCsimpleRW_CBCdriftDiffusionLR,163.66940735289404
CBC_P014,CBC_P014_TV_prob0.8_Vset3_Tset1_2023-03-29_15h27.38.049.csv,2,24,tac,2C,0.5,1,2.48576730000013,0,0,0,0.457525585247119,-0.542474414752881,CBCsimpleRW,CBCdriftDiffusionLR,0.5,0.0434169296426798,NA,NA,1.02068044318722,4.28499820728612,2.65135999665149,0.5,74.2663244086105,NA,v1,MR,NA,CBCsimpleRW_CBCdriftDiffusionLR,163.66940735289404
CBC_P014,CBC_P014_TV_prob0.8_Vset3_Tset1_2023-03-29_15h27.38.049.csv,2,25,tac,0B,0.35,0,2.75007249999999,1,0,1,0.457525585247119,0.542474414752881,CBCsimpleRW,CBCdriftDiffusionLR,0.5,0.0434169296426798,NA,NA,1.02068044318722,4.28499820728612,2.65135999665149,0.5,74.2663244086105,NA,v1,MR,NA,CBCsimpleRW_CBCdriftDiffusionLR,163.66940735289404
CBC_P014,CBC_P014_TV_prob0.8_Vset3_Tset1_2023-03-29_15h27.38.049.csv,2,26,tac,2A,0.35,1,2.60677379999993,0,1,1,0.457525585247119,0.457525585247119,CBCsimpleRW,CBCdriftDiffusionLR,0.5,0.0434169296426798,NA,NA,1.02068044318722,4.28499820728612,2.65135999665149,0.5,74.2663244086105,NA,v1,MR,NA,CBCsimpleRW_CBCdriftDiffusionLR,163.66940735289404
CBC_P014,CBC_P014_TV_prob0.8_Vset3_Tset1_2023-03-29_15h27.38.049.csv,2,27,tac,1B,0.5,1,3.08756599999992,1,1,1,0.581340677688563,0.418659322311437,CBCsimpleRW,CBCdriftDiffusionLR,0.5,0.0434169296426798,NA,NA,1.02068044318722,4.28499820728612,2.65135999665149,0.5,74.2663244086105,NA,v1,MR,NA,CBCsimpleRW_CBCdriftDiffusionLR,163.66940735289404
CBC_P014,CBC_P014_TV_prob0.8_Vset3_Tset1_2023-03-29_15h27.38.049.csv,2,28,tac,0A,0.5,0,2.3451505999999,1,1,0,0.543336864106,-0.543336864106,CBCsimpleRW,CBCdriftDiffusionLR,0.5,0.0434169296426798,NA,NA,1.02068044318722,4.28499820728612,2.65135999665149,0.5,74.2663244086105,NA,v1,MR,NA,CBCsimpleRW_CBCdriftDiffusionLR,163.66940735289404
CBC_P014,CBC_P014_TV_prob0.8_Vset3_Tset1_2023-03-29_15h27.38.049.csv,2,29,tac,2C,0.5,1,3.18785360000015,0,0,0,0.481078158745399,-0.518921841254601,CBCsimpleRW,CBCdriftDiffusionLR,0.5,0.0434169296426798,NA,NA,1.02068044318722,4.28499820728612,2.65135999665149,0.5,74.2663244086105,NA,v1,MR,NA,CBCsimpleRW_CBCdriftDiffusionLR,163.66940735289404
CBC_P014,CBC_P014_TV_prob0.8_Vset3_Tset1_2023-03-29_15h27.38.049.csv,2,30,tac,1A,0.15,1,1.76210030000016,1,0,0,0.47829153517866,-0.47829153517866,CBCsimpleRW,CBCdriftDiffusionLR,0.5,0.0434169296426798,NA,NA,1.02068044318722,4.28499820728612,2.65135999665149,0.5,74.2663244086105,NA,v1,MR,NA,CBCsimpleRW_CBCdriftDiffusionLR,163.66940735289404
CBC_P014,CBC_P014_TV_prob0.8_Vset3_Tset1_2023-03-29_15h27.38.049.csv,2,31,tac,2C,0.5,1,2.50093270000025,1,1,1,0.5036081518172,0.4963918481828,CBCsimpleRW,CBCdriftDiffusionLR,0.5,0.0434169296426798,NA,NA,1.02068044318722,4.28499820728612,2.65135999665149,0.5,74.2663244086105,NA,v1,MR,NA,CBCsimpleRW_CBCdriftDiffusionLR,163.66940735289404
CBC_P014,CBC_P014_TV_prob0.8_Vset3_Tset1_2023-03-29_15h27.38.049.csv,2,32,tac,1B,0.5,1,2.54836580000006,1,1,1,0.599517580029611,0.400482419970389,CBCsimpleRW,CBCdriftDiffusionLR,0.5,0.0434169296426798,NA,NA,1.02068044318722,4.28499820728612,2.65135999665149,0.5,74.2663244086105,NA,v1,MR,NA,CBCsimpleRW_CBCdriftDiffusionLR,163.66940735289404
CBC_P014,CBC_P014_TV_prob0.8_Vset3_Tset1_2023-03-29_15h27.38.049.csv,2,33,tac,0A,0.5,1,2.59757390000004,1,1,1,0.519746845704835,0.480253154295165,CBCsimpleRW,CBCdriftDiffusionLR,0.5,0.0434169296426798,NA,NA,1.02068044318722,4.28499820728612,2.65135999665149,0.5,74.2663244086105,NA,v1,MR,NA,CBCsimpleRW_CBCdriftDiffusionLR,163.66940735289404
CBC_P014,CBC_P014_TV_prob0.8_Vset3_Tset1_2023-03-29_15h27.38.049.csv,2,34,tac,1C,0.35,0,1.5753764000001,0,1,0,0.458388034600237,-0.541611965399763,CBCsimpleRW,CBCdriftDiffusionLR,0.5,0.0434169296426798,NA,NA,1.02068044318722,4.28499820728612,2.65135999665149,0.5,74.2663244086105,NA,v1,MR,NA,CBCsimpleRW_CBCdriftDiffusionLR,163.66940735289404
CBC_P014,CBC_P014_TV_prob0.8_Vset3_Tset1_2023-03-29_15h27.38.049.csv,2,35,tac,2A,0.35,1,2.27488530000005,0,1,1,0.437661229102719,0.437661229102719,CBCsimpleRW,CBCdriftDiffusionLR,0.5,0.0434169296426798,NA,NA,1.02068044318722,4.28499820728612,2.65135999665149,0.5,74.2663244086105,NA,v1,MR,NA,CBCsimpleRW_CBCdriftDiffusionLR,163.66940735289404
CBC_P014,CBC_P014_TV_prob0.8_Vset3_Tset1_2023-03-29_15h27.38.049.csv,2,36,tac,0B,0.35,1,2.41274629999998,0,1,1,0.481078158745399,0.481078158745399,CBCsimpleRW,CBCdriftDiffusionLR,0.5,0.0434169296426798,NA,NA,1.02068044318722,4.28499820728612,2.65135999665149,0.5,74.2663244086105,NA,v1,MR,NA,CBCsimpleRW_CBCdriftDiffusionLR,163.66940735289404
CBC_P014,CBC_P014_TV_prob0.8_Vset3_Tset1_2023-03-29_15h27.38.049.csv,2,37,tac,2C,0.5,1,2.43313650000005,1,1,1,0.525159961764952,0.474840038235048,CBCsimpleRW,CBCdriftDiffusionLR,0.5,0.0434169296426798,NA,NA,1.02068044318722,4.28499820728612,2.65135999665149,0.5,74.2663244086105,NA,v1,MR,NA,CBCsimpleRW_CBCdriftDiffusionLR,163.66940735289404
CBC_P014,CBC_P014_TV_prob0.8_Vset3_Tset1_2023-03-29_15h27.38.049.csv,2,38,tac,0B,0.35,1,NA,NA,NA,NA,0.46019122217452,0,CBCsimpleRW,CBCdriftDiffusionLR,0.5,0.0434169296426798,NA,NA,1.02068044318722,4.28499820728612,2.65135999665149,0.5,74.2663244086105,NA,v1,MR,NA,CBCsimpleRW_CBCdriftDiffusionLR,163.66940735289404
CBC_P014,CBC_P014_TV_prob0.8_Vset3_Tset1_2023-03-29_15h27.38.049.csv,2,39,tac,1C,0.35,1,1.16994320000026,0,1,1,0.481903163195632,0.481903163195632,CBCsimpleRW,CBCdriftDiffusionLR,0.5,0.0434169296426798,NA,NA,1.02068044318722,4.28499820728612,2.65135999665149,0.5,74.2663244086105,NA,v1,MR,NA,CBCsimpleRW_CBCdriftDiffusionLR,163.66940735289404
CBC_P014,CBC_P014_TV_prob0.8_Vset3_Tset1_2023-03-29_15h27.38.049.csv,2,40,tac,2B,0.15,0,2.25918290000004,1,0,1,0.47829153517866,0.52170846482134,CBCsimpleRW,CBCdriftDiffusionLR,0.5,0.0434169296426798,NA,NA,1.02068044318722,4.28499820728612,2.65135999665149,0.5,74.2663244086105,NA,v1,MR,NA,CBCsimpleRW_CBCdriftDiffusionLR,163.66940735289404
CBC_P014,CBC_P014_TV_prob0.8_Vset3_Tset1_2023-03-29_15h27.38.049.csv,2,41,tac,0A,0.5,1,2.12573479999992,0,0,0,0.540597963115543,-0.459402036884457,CBCsimpleRW,CBCdriftDiffusionLR,0.5,0.0434169296426798,NA,NA,1.02068044318722,4.28499820728612,2.65135999665149,0.5,74.2663244086105,NA,v1,MR,NA,CBCsimpleRW_CBCdriftDiffusionLR,163.66940735289404
CBC_P014,CBC_P014_TV_prob0.8_Vset3_Tset1_2023-03-29_15h27.38.049.csv,2,42,tac,1B,0.5,0,2.75094829999989,1,1,0,0.616905297080595,-0.616905297080595,CBCsimpleRW,CBCdriftDiffusionLR,0.5,0.0434169296426798,NA,NA,1.02068044318722,4.28499820728612,2.65135999665149,0.5,74.2663244086105,NA,v1,MR,NA,CBCsimpleRW_CBCdriftDiffusionLR,163.66940735289404
CBC_P015,CBC_P015_AV_prob0.7_Vset3_Aset3_2023-03-29_17h00.29.925.csv,1,1,aud,2C,0.5,1,1.31950289999986,0,0,0,0.5,-0.5,CBC2StepAsymRW,CBCdriftDiffusionLR,0.5,0.565894995227764,0.104622769745338,0.76721709073913,0.533298611319656,2.77381110384032,2.64006213047054,0.5,30.2168639903839,NA,v1,MR,NA,CBC2StepAsymRW_CBCdriftDiffusionLR,83.13886578427736
CBC_P015,CBC_P015_AV_prob0.7_Vset3_Aset3_2023-03-29_17h00.29.925.csv,1,2,aud,1B,0.5,0,2.06349250000039,1,1,0,0.5,-0.5,CBC2StepAsymRW,CBCdriftDiffusionLR,0.5,0.565894995227764,0.104622769745338,0.76721709073913,0.533298611319656,2.77381110384032,2.64006213047054,0.5,30.2168639903839,NA,v1,MR,NA,CBC2StepAsymRW_CBCdriftDiffusionLR,83.13886578427736
CBC_P015,CBC_P015_AV_prob0.7_Vset3_Aset3_2023-03-29_17h00.29.925.csv,1,3,aud,0C,0.15,0,2.3059403999996,0,1,0,0.5,-0.5,CBC2StepAsymRW,CBCdriftDiffusionLR,0.5,0.565894995227764,0.104622769745338,0.76721709073913,0.533298611319656,2.77381110384032,2.64006213047054,0.5,30.2168639903839,NA,v1,MR,NA,CBC2StepAsymRW_CBCdriftDiffusionLR,83.13886578427736
CBC_P015,CBC_P015_AV_prob0.7_Vset3_Aset3_2023-03-29_17h00.29.925.csv,1,4,aud,2A,0.35,1,1.96422369999982,0,1,1,0.5,0.5,CBC2StepAsymRW,CBCdriftDiffusionLR,0.5,0.565894995227764,0.104622769745338,0.76721709073913,0.533298611319656,2.77381110384032,2.64006213047054,0.5,30.2168639903839,NA,v1,MR,NA,CBC2StepAsymRW_CBCdriftDiffusionLR,83.13886578427736
CBC_P015,CBC_P015_AV_prob0.7_Vset3_Aset3_2023-03-29_17h00.29.925.csv,1,5,aud,1C,0.35,1,1.9949560999994,0,1,1,0.5,0.5,CBC2StepAsymRW,CBCdriftDiffusionLR,0.5,0.565894995227764,0.104622769745338,0.76721709073913,0.533298611319656,2.77381110384032,2.64006213047054,0.5,30.2168639903839,NA,v1,MR,NA,CBC2StepAsymRW_CBCdriftDiffusionLR,83.13886578427736
CBC_P015,CBC_P015_AV_prob0.7_Vset3_Aset3_2023-03-29_17h00.29.925.csv,1,6,aud,2A,0.35,1,1.87823860000026,0,1,1,0.217052502386118,0.217052502386118,CBC2StepAsymRW,CBCdriftDiffusionLR,0.5,0.565894995227764,0.104622769745338,0.76721709073913,0.533298611319656,2.77381110384032,2.64006213047054,0.5,30.2168639903839,NA,v1,MR,NA,CBC2StepAsymRW_CBCdriftDiffusionLR,83.13886578427736
CBC_P015,CBC_P015_AV_prob0.7_Vset3_Aset3_2023-03-29_17h00.29.925.csv,1,7,aud,1B,0.5,1,1.8590506999999,1,1,1,0.447688615127331,0.552311384872669,CBC2StepAsymRW,CBCdriftDiffusionLR,0.5,0.565894995227764,0.104622769745338,0.76721709073913,0.533298611319656,2.77381110384032,2.64006213047054,0.5,30.2168639903839,NA,v1,MR,NA,CBC2StepAsymRW_CBCdriftDiffusionLR,83.13886578427736
CBC_P015,CBC_P015_AV_prob0.7_Vset3_Aset3_2023-03-29_17h00.29.925.csv,1,8,aud,0A,0.5,1,1.47805809999954,1,1,1,0.5,0.5,CBC2StepAsymRW,CBCdriftDiffusionLR,0.5,0.565894995227764,0.104622769745338,0.76721709073913,0.533298611319656,2.77381110384032,2.64006213047054,0.5,30.2168639903839,NA,v1,MR,NA,CBC2StepAsymRW_CBCdriftDiffusionLR,83.13886578427736
CBC_P015,CBC_P015_AV_prob0.7_Vset3_Aset3_2023-03-29_17h00.29.925.csv,1,9,aud,1B,0.5,0,1.43851059999997,1,1,0,0.76023886363409,-0.76023886363409,CBC2StepAsymRW,CBCdriftDiffusionLR,0.5,0.565894995227764,0.104622769745338,0.76721709073913,0.533298611319656,2.77381110384032,2.64006213047054,0.5,30.2168639903839,NA,v1,MR,NA,CBC2StepAsymRW_CBCdriftDiffusionLR,83.13886578427736
CBC_P015,CBC_P015_AV_prob0.7_Vset3_Aset3_2023-03-29_17h00.29.925.csv,1,10,aud,2C,0.5,1,2.38826030000018,1,1,1,0.552311384872669,0.447688615127331,CBC2StepAsymRW,CBCdriftDiffusionLR,0.5,0.565894995227764,0.104622769745338,0.76721709073913,0.533298611319656,2.77381110384032,2.64006213047054,0.5,30.2168639903839,NA,v1,MR,NA,CBC2StepAsymRW_CBCdriftDiffusionLR,83.13886578427736
CBC_P015,CBC_P015_AV_prob0.7_Vset3_Aset3_2023-03-29_17h00.29.925.csv,1,11,aud,0B,0.35,0,1.49150790000022,0,1,0,0.400850192229255,-0.599149807770745,CBC2StepAsymRW,CBCdriftDiffusionLR,0.5,0.565894995227764,0.104622769745338,0.76721709073913,0.533298611319656,2.77381110384032,2.64006213047054,0.5,30.2168639903839,NA,v1,MR,NA,CBC2StepAsymRW_CBCdriftDiffusionLR,83.13886578427736
CBC_P015,CBC_P015_AV_prob0.7_Vset3_Aset3_2023-03-29_17h00.29.925.csv,1,12,aud,1C,0.35,0,1.36267440000029,0,1,0,0.174011074610632,-0.825988925389368,CBC2StepAsymRW,CBCdriftDiffusionLR,0.5,0.565894995227764,0.104622769745338,0.76721709073913,0.533298611319656,2.77381110384032,2.64006213047054,0.5,30.2168639903839,NA,v1,MR,NA,CBC2StepAsymRW_CBCdriftDiffusionLR,83.13886578427736
CBC_P015,CBC_P015_AV_prob0.7_Vset3_Aset3_2023-03-29_17h00.29.925.csv,1,13,aud,0A,0.5,1,0.939057500000672,1,1,1,0.782947497613882,0.217052502386118,CBC2StepAsymRW,CBCdriftDiffusionLR,0.5,0.565894995227764,0.104622769745338,0.76721709073913,0.533298611319656,2.77381110384032,2.64006213047054,0.5,30.2168639903839,NA,v1,MR,NA,CBC2StepAsymRW_CBCdriftDiffusionLR,83.13886578427736
CBC_P015,CBC_P015_AV_prob0.7_Vset3_Aset3_2023-03-29_17h00.29.925.csv,1,14,aud,2B,0.15,0,1.53765790000034,1,0,1,0.400850192229255,0.599149807770745,CBC2StepAsymRW,CBCdriftDiffusionLR,0.5,0.565894995227764,0.104622769745338,0.76721709073913,0.533298611319656,2.77381110384032,2.64006213047054,0.5,30.2168639903839,NA,v1,MR,NA,CBC2StepAsymRW_CBCdriftDiffusionLR,83.13886578427736
CBC_P015,CBC_P015_AV_prob0.7_Vset3_Aset3_2023-03-29_17h00.29.925.csv,1,15,aud,1A,0.15,1,1.09851590000017,0,1,1,0.358912134865279,0.358912134865279,CBC2StepAsymRW,CBCdriftDiffusionLR,0.5,0.565894995227764,0.104622769745338,0.76721709073913,0.533298611319656,2.77381110384032,2.64006213047054,0.5,30.2168639903839,NA,v1,MR,NA,CBC2StepAsymRW_CBCdriftDiffusionLR,83.13886578427736
CBC_P015,CBC_P015_AV_prob0.7_Vset3_Aset3_2023-03-29_17h00.29.925.csv,1,16,aud,0C,0.15,1,2.19761180000023,0,1,1,0.396462516510097,0.396462516510097,CBC2StepAsymRW,CBCdriftDiffusionLR,0.5,0.565894995227764,0.104622769745338,0.76721709073913,0.533298611319656,2.77381110384032,2.64006213047054,0.5,30.2168639903839,NA,v1,MR,NA,CBC2StepAsymRW_CBCdriftDiffusionLR,83.13886578427736
CBC_P015,CBC_P015_AV_prob0.7_Vset3_Aset3_2023-03-29_17h00.29.925.csv,1,17,aud,1B,0.5,1,1.78088609999941,1,1,1,0.60948378925575,0.39051621074425,CBC2StepAsymRW,CBCdriftDiffusionLR,0.5,0.565894995227764,0.104622769745338,0.76721709073913,0.533298611319656,2.77381110384032,2.64006213047054,0.5,30.2168639903839,NA,v1,MR,NA,CBC2StepAsymRW_CBCdriftDiffusionLR,83.13886578427736
CBC_P015,CBC_P015_AV_prob0.7_Vset3_Aset3_2023-03-29_17h00.29.925.csv,1,18,aud,2C,0.5,1,1.81487469999956,1,1,1,0.721366155644029,0.278633844355971,CBC2StepAsymRW,CBCdriftDiffusionLR,0.5,0.565894995227764,0.104622769745338,0.76721709073913,0.533298611319656,2.77381110384032,2.64006213047054,0.5,30.2168639903839,NA,v1,MR,NA,CBC2StepAsymRW_CBCdriftDiffusionLR,83.13886578427736
CBC_P015,CBC_P015_AV_prob0.7_Vset3_Aset3_2023-03-29_17h00.29.925.csv,1,19,aud,0B,0.35,1,1.16298790000019,0,1,1,0.33273660439674,0.33273660439674,CBC2StepAsymRW,CBCdriftDiffusionLR,0.5,0.565894995227764,0.104622769745338,0.76721709073913,0.533298611319656,2.77381110384032,2.64006213047054,0.5,30.2168639903839,NA,v1,MR,NA,CBC2StepAsymRW_CBCdriftDiffusionLR,83.13886578427736
CBC_P015,CBC_P015_AV_prob0.7_Vset3_Aset3_2023-03-29_17h00.29.925.csv,1,20,aud,1C,0.35,1,1.07165669999995,0,1,1,0.208785487285359,0.208785487285359,CBC2StepAsymRW,CBCdriftDiffusionLR,0.5,0.565894995227764,0.104622769745338,0.76721709073913,0.533298611319656,2.77381110384032,2.64006213047054,0.5,30.2168639903839,NA,v1,MR,NA,CBC2StepAsymRW_CBCdriftDiffusionLR,83.13886578427736
CBC_P015,CBC_P015_AV_prob0.7_Vset3_Aset3_2023-03-29_17h00.29.925.csv,1,21,aud,0A,0.5,1,0.658770300000469,1,1,1,0.905776422415848,0.0942235775841516,CBC2StepAsymRW,CBCdriftDiffusionLR,0.5,0.565894995227764,0.104622769745338,0.76721709073913,0.533298611319656,2.77381110384032,2.64006213047054,0.5,30.2168639903839,NA,v1,MR,NA,CBC2StepAsymRW_CBCdriftDiffusionLR,83.13886578427736
CBC_P015,CBC_P015_AV_prob0.7_Vset3_Aset3_2023-03-29_17h00.29.925.csv,1,22,aud,1C,0.35,1,1.39157270000032,0,1,1,0.0906348249543842,0.0906348249543842,CBC2StepAsymRW,CBCdriftDiffusionLR,0.5,0.565894995227764,0.104622769745338,0.76721709073913,0.533298611319656,2.77381110384032,2.64006213047054,0.5,30.2168639903839,NA,v1,MR,NA,CBC2StepAsymRW_CBCdriftDiffusionLR,83.13886578427736
CBC_P015,CBC_P015_AV_prob0.7_Vset3_Aset3_2023-03-29_17h00.29.925.csv,1,23,aud,0A,0.5,0,1.22421709999981,1,1,0,0.959097073403175,-0.959097073403175,CBC2StepAsymRW,CBCdriftDiffusionLR,0.5,0.565894995227764,0.104622769745338,0.76721709073913,0.533298611319656,2.77381110384032,2.64006213047054,0.5,30.2168639903839,NA,v1,MR,NA,CBC2StepAsymRW_CBCdriftDiffusionLR,83.13886578427736
CBC_P015,CBC_P015_AV_prob0.7_Vset3_Aset3_2023-03-29_17h00.29.925.csv,1,24,aud,2C,0.5,0,1.04409630000009,1,1,0,0.879043653666145,-0.879043653666145,CBC2StepAsymRW,CBCdriftDiffusionLR,0.5,0.565894995227764,0.104622769745338,0.76721709073913,0.533298611319656,2.77381110384032,2.64006213047054,0.5,30.2168639903839,NA,v1,MR,NA,CBC2StepAsymRW_CBCdriftDiffusionLR,83.13886578427736
CBC_P015,CBC_P015_AV_prob0.7_Vset3_Aset3_2023-03-29_17h00.29.925.csv,1,25,aud,0B,0.35,1,1.25010219999967,0,1,1,0.129330637717695,0.129330637717695,CBC2StepAsymRW,CBCdriftDiffusionLR,0.5,0.565894995227764,0.104622769745338,0.76721709073913,0.533298611319656,2.77381110384032,2.64006213047054,0.5,30.2168639903839,NA,v1,MR,NA,CBC2StepAsymRW_CBCdriftDiffusionLR,83.13886578427736
CBC_P015,CBC_P015_AV_prob0.7_Vset3_Aset3_2023-03-29_17h00.29.925.csv,1,26,aud,2A,0.35,1,1.01688800000011,0,1,1,0.0485507413260267,0.0485507413260268,CBC2StepAsymRW,CBCdriftDiffusionLR,0.5,0.565894995227764,0.104622769745338,0.76721709073913,0.533298611319656,2.77381110384032,2.64006213047054,0.5,30.2168639903839,NA,v1,MR,NA,CBC2StepAsymRW_CBCdriftDiffusionLR,83.13886578427736
CBC_P015,CBC_P015_AV_prob0.7_Vset3_Aset3_2023-03-29_17h00.29.925.csv,1,27,aud,1B,0.5,1,1.53620299999966,1,1,1,0.830474958471232,0.169525041528768,CBC2StepAsymRW,CBCdriftDiffusionLR,0.5,0.565894995227764,0.104622769745338,0.76721709073913,0.533298611319656,2.77381110384032,2.64006213047054,0.5,30.2168639903839,NA,v1,MR,NA,CBC2StepAsymRW_CBCdriftDiffusionLR,83.13886578427736
CBC_P015,CBC_P015_AV_prob0.7_Vset3_Aset3_2023-03-29_17h00.29.925.csv,1,28,aud,0A,0.5,0,0.801258800000141,1,1,0,0.858753681129087,-0.858753681129087,CBC2StepAsymRW,CBCdriftDiffusionLR,0.5,0.565894995227764,0.104622769745338,0.76721709073913,0.533298611319656,2.77381110384032,2.64006213047054,0.5,30.2168639903839,NA,v1,MR,NA,CBC2StepAsymRW_CBCdriftDiffusionLR,83.13886578427736
CBC_P015,CBC_P015_AV_prob0.7_Vset3_Aset3_2023-03-29_17h00.29.925.csv,1,29,aud,2C,0.5,1,NA,NA,NA,NA,0.787075671892531,0,CBC2StepAsymRW,CBCdriftDiffusionLR,0.5,0.565894995227764,0.104622769745338,0.76721709073913,0.533298611319656,2.77381110384032,2.64006213047054,0.5,30.2168639903839,NA,v1,MR,NA,CBC2StepAsymRW_CBCdriftDiffusionLR,83.13886578427736
CBC_P015,CBC_P015_AV_prob0.7_Vset3_Aset3_2023-03-29_17h00.29.925.csv,1,30,aud,1A,0.15,1,NA,NA,NA,NA,0.111841008033298,0,CBC2StepAsymRW,CBCdriftDiffusionLR,0.5,0.565894995227764,0.104622769745338,0.76721709073913,0.533298611319656,2.77381110384032,2.64006213047054,0.5,30.2168639903839,NA,v1,MR,NA,CBC2StepAsymRW_CBCdriftDiffusionLR,83.13886578427736
CBC_P015,CBC_P015_AV_prob0.7_Vset3_Aset3_2023-03-29_17h00.29.925.csv,1,31,aud,2C,0.5,0,1.65930260000005,1,1,0,0.787075671892531,-0.787075671892531,CBC2StepAsymRW,CBCdriftDiffusionLR,0.5,0.565894995227764,0.104622769745338,0.76721709073913,0.533298611319656,2.77381110384032,2.64006213047054,0.5,30.2168639903839,NA,v1,MR,NA,CBC2StepAsymRW_CBCdriftDiffusionLR,83.13886578427736
CBC_P015,CBC_P015_AV_prob0.7_Vset3_Aset3_2023-03-29_17h00.29.925.csv,1,32,aud,1B,0.5,1,0.905042800000047,1,1,1,0.926408331038141,0.0735916689618594,CBC2StepAsymRW,CBCdriftDiffusionLR,0.5,0.565894995227764,0.104622769745338,0.76721709073913,0.533298611319656,2.77381110384032,2.64006213047054,0.5,30.2168639903839,NA,v1,MR,NA,CBC2StepAsymRW_CBCdriftDiffusionLR,83.13886578427736
CBC_P015,CBC_P015_AV_prob0.7_Vset3_Aset3_2023-03-29_17h00.29.925.csv,1,33,aud,0A,0.5,1,0.902815800000099,1,1,1,0.768908492480356,0.231091507519644,CBC2StepAsymRW,CBCdriftDiffusionLR,0.5,0.565894995227764,0.104622769745338,0.76721709073913,0.533298611319656,2.77381110384032,2.64006213047054,0.5,30.2168639903839,NA,v1,MR,NA,CBC2StepAsymRW_CBCdriftDiffusionLR,83.13886578427736
CBC_P015,CBC_P015_AV_prob0.7_Vset3_Aset3_2023-03-29_17h00.29.925.csv,1,34,aud,1C,0.35,1,1.06790730000012,0,1,1,0.0315429265749179,0.0315429265749179,CBC2StepAsymRW,CBCdriftDiffusionLR,0.5,0.565894995227764,0.104622769745338,0.76721709073913,0.533298611319656,2.77381110384032,2.64006213047054,0.5,30.2168639903839,NA,v1,MR,NA,CBC2StepAsymRW_CBCdriftDiffusionLR,83.13886578427736
CBC_P015,CBC_P015_AV_prob0.7_Vset3_Aset3_2023-03-29_17h00.29.925.csv,1,35,aud,2A,0.35,1,1.28756739999972,0,1,1,0.0188710777665898,0.0188710777665898,CBC2StepAsymRW,CBCdriftDiffusionLR,0.5,0.565894995227764,0.104622769745338,0.76721709073913,0.533298611319656,2.77381110384032,2.64006213047054,0.5,30.2168639903839,NA,v1,MR,NA,CBC2StepAsymRW_CBCdriftDiffusionLR,83.13886578427736
CBC_P015,CBC_P015_AV_prob0.7_Vset3_Aset3_2023-03-29_17h00.29.925.csv,1,36,aud,0B,0.35,1,1.09586319999926,0,1,1,0.0403008633223443,0.0403008633223443,CBC2StepAsymRW,CBCdriftDiffusionLR,0.5,0.565894995227764,0.104622769745338,0.76721709073913,0.533298611319656,2.77381110384032,2.64006213047054,0.5,30.2168639903839,NA,v1,MR,NA,CBC2StepAsymRW_CBCdriftDiffusionLR,83.13886578427736
CBC_P015,CBC_P015_AV_prob0.7_Vset3_Aset3_2023-03-29_17h00.29.925.csv,1,37,aud,2C,0.5,0,1.36263529999997,1,1,0,0.704729635099961,-0.704729635099961,CBC2StepAsymRW,CBCdriftDiffusionLR,0.5,0.565894995227764,0.104622769745338,0.76721709073913,0.533298611319656,2.77381110384032,2.64006213047054,0.5,30.2168639903839,NA,v1,MR,NA,CBC2StepAsymRW_CBCdriftDiffusionLR,83.13886578427736
CBC_P015,CBC_P015_AV_prob0.7_Vset3_Aset3_2023-03-29_17h00.29.925.csv,1,38,aud,0B,0.35,1,1.12157760000082,0,1,1,0.0174948064648715,0.0174948064648714,CBC2StepAsymRW,CBCdriftDiffusionLR,0.5,0.565894995227764,0.104622769745338,0.76721709073913,0.533298611319656,2.77381110384032,2.64006213047054,0.5,30.2168639903839,NA,v1,MR,NA,CBC2StepAsymRW_CBCdriftDiffusionLR,83.13886578427736
CBC_P015,CBC_P015_AV_prob0.7_Vset3_Aset3_2023-03-29_17h00.29.925.csv,1,39,aud,1C,0.35,0,1.12240159999965,0,1,0,0.0136929422913351,-0.986307057708665,CBC2StepAsymRW,CBCdriftDiffusionLR,0.5,0.565894995227764,0.104622769745338,0.76721709073913,0.533298611319656,2.77381110384032,2.64006213047054,0.5,30.2168639903839,NA,v1,MR,NA,CBC2StepAsymRW_CBCdriftDiffusionLR,83.13886578427736
CBC_P015,CBC_P015_AV_prob0.7_Vset3_Aset3_2023-03-29_17h00.29.925.csv,1,40,aud,2B,0.15,1,1.04865939999945,0,1,1,0.475555023643456,0.475555023643456,CBC2StepAsymRW,CBCdriftDiffusionLR,0.5,0.565894995227764,0.104622769745338,0.76721709073913,0.533298611319656,2.77381110384032,2.64006213047054,0.5,30.2168639903839,NA,v1,MR,NA,CBC2StepAsymRW_CBCdriftDiffusionLR,83.13886578427736
CBC_P015,CBC_P015_AV_prob0.7_Vset3_Aset3_2023-03-29_17h00.29.925.csv,1,41,aud,0A,0.5,1,0.708879299999353,1,1,1,0.899682020025362,0.100317979974638,CBC2StepAsymRW,CBCdriftDiffusionLR,0.5,0.565894995227764,0.104622769745338,0.76721709073913,0.533298611319656,2.77381110384032,2.64006213047054,0.5,30.2168639903839,NA,v1,MR,NA,CBC2StepAsymRW_CBCdriftDiffusionLR,83.13886578427736
CBC_P015,CBC_P015_AV_prob0.7_Vset3_Aset3_2023-03-29_17h00.29.925.csv,1,42,aud,1B,0.5,0,1.43739169999935,1,1,0,0.968053488194115,-0.968053488194115,CBC2StepAsymRW,CBCdriftDiffusionLR,0.5,0.565894995227764,0.104622769745338,0.76721709073913,0.533298611319656,2.77381110384032,2.64006213047054,0.5,30.2168639903839,NA,v1,MR,NA,CBC2StepAsymRW_CBCdriftDiffusionLR,83.13886578427736
CBC_P015,CBC_P015_TV_prob0.7_Vset4_Tset1_2023-03-29_17h08.14.876.csv,2,1,tac,1A,0.15,0,2.15024379999977,1,0,1,0.5,0.5,CBCsimpleAsymRW,CBCdriftDiffusionLR,0.5,0.340634174916836,0.00990307616814434,NA,0.863976347471482,2.42074438973154,2.11492996374508,0.5,41.9520004924065,NA,v1,MR,NA,CBCsimpleAsymRW_CBCdriftDiffusionLR,102.8249491544043
CBC_P015,CBC_P015_TV_prob0.7_Vset4_Tset1_2023-03-29_17h08.14.876.csv,2,2,tac,2C,0.5,1,2.24277900000106,1,1,1,0.5,0.5,CBCsimpleAsymRW,CBCdriftDiffusionLR,0.5,0.340634174916836,0.00990307616814434,NA,0.863976347471482,2.42074438973154,2.11492996374508,0.5,41.9520004924065,NA,v1,MR,NA,CBCsimpleAsymRW_CBCdriftDiffusionLR,102.8249491544043
CBC_P015,CBC_P015_TV_prob0.7_Vset4_Tset1_2023-03-29_17h08.14.876.csv,2,3,tac,0A,0.5,0,1.61944630000016,1,1,0,0.5,-0.5,CBCsimpleAsymRW,CBCdriftDiffusionLR,0.5,0.340634174916836,0.00990307616814434,NA,0.863976347471482,2.42074438973154,2.11492996374508,0.5,41.9520004924065,NA,v1,MR,NA,CBCsimpleAsymRW_CBCdriftDiffusionLR,102.8249491544043
CBC_P015,CBC_P015_TV_prob0.7_Vset4_Tset1_2023-03-29_17h08.14.876.csv,2,4,tac,2B,0.15,1,1.64011550000032,1,0,0,0.5,-0.5,CBCsimpleAsymRW,CBCdriftDiffusionLR,0.5,0.340634174916836,0.00990307616814434,NA,0.863976347471482,2.42074438973154,2.11492996374508,0.5,41.9520004924065,NA,v1,MR,NA,CBCsimpleAsymRW_CBCdriftDiffusionLR,102.8249491544043
CBC_P015,CBC_P015_TV_prob0.7_Vset4_Tset1_2023-03-29_17h08.14.876.csv,2,5,tac,1C,0.35,1,2.64730950000012,1,0,0,0.5,-0.5,CBCsimpleAsymRW,CBCdriftDiffusionLR,0.5,0.340634174916836,0.00990307616814434,NA,0.863976347471482,2.42074438973154,2.11492996374508,0.5,41.9520004924065,NA,v1,MR,NA,CBCsimpleAsymRW_CBCdriftDiffusionLR,102.8249491544043
CBC_P015,CBC_P015_TV_prob0.7_Vset4_Tset1_2023-03-29_17h08.14.876.csv,2,6,tac,0A,0.5,0,1.77264700000069,1,1,0,0.495048461915928,-0.495048461915928,CBCsimpleAsymRW,CBCdriftDiffusionLR,0.5,0.340634174916836,0.00990307616814434,NA,0.863976347471482,2.42074438973154,2.11492996374508,0.5,41.9520004924065,NA,v1,MR,NA,CBCsimpleAsymRW_CBCdriftDiffusionLR,102.8249491544043
CBC_P015,CBC_P015_TV_prob0.7_Vset4_Tset1_2023-03-29_17h08.14.876.csv,2,7,tac,1B,0.5,1,2.00087650000023,0,0,0,0.5,-0.5,CBCsimpleAsymRW,CBCdriftDiffusionLR,0.5,0.340634174916836,0.00990307616814434,NA,0.863976347471482,2.42074438973154,2.11492996374508,0.5,41.9520004924065,NA,v1,MR,NA,CBCsimpleAsymRW_CBCdriftDiffusionLR,102.8249491544043
CBC_P015,CBC_P015_TV_prob0.7_Vset4_Tset1_2023-03-29_17h08.14.876.csv,2,8,tac,2A,0.35,1,2.04578140000012,0,1,1,0.5,0.5,CBCsimpleAsymRW,CBCdriftDiffusionLR,0.5,0.340634174916836,0.00990307616814434,NA,0.863976347471482,2.42074438973154,2.11492996374508,0.5,41.9520004924065,NA,v1,MR,NA,CBCsimpleAsymRW_CBCdriftDiffusionLR,102.8249491544043
CBC_P015,CBC_P015_TV_prob0.7_Vset4_Tset1_2023-03-29_17h08.14.876.csv,2,9,tac,1C,0.35,1,2.23035170000003,0,1,1,0.495048461915928,0.495048461915928,CBCsimpleAsymRW,CBCdriftDiffusionLR,0.5,0.340634174916836,0.00990307616814434,NA,0.863976347471482,2.42074438973154,2.11492996374508,0.5,41.9520004924065,NA,v1,MR,NA,CBCsimpleAsymRW_CBCdriftDiffusionLR,102.8249491544043
CBC_P015,CBC_P015_TV_prob0.7_Vset4_Tset1_2023-03-29_17h08.14.876.csv,2,10,tac,2A,0.35,1,1.2480400000004,0,1,1,0.329682912541582,0.329682912541582,CBCsimpleAsymRW,CBCdriftDiffusionLR,0.5,0.340634174916836,0.00990307616814434,NA,0.863976347471482,2.42074438973154,2.11492996374508,0.5,41.9520004924065,NA,v1,MR,NA,CBCsimpleAsymRW_CBCdriftDiffusionLR,102.8249491544043
CBC_P015,CBC_P015_TV_prob0.7_Vset4_Tset1_2023-03-29_17h08.14.876.csv,2,11,tac,0B,0.35,0,2.42239980000068,0,1,0,0.5,-0.5,CBCsimpleAsymRW,CBCdriftDiffusionLR,0.5,0.340634174916836,0.00990307616814434,NA,0.863976347471482,2.42074438973154,2.11492996374508,0.5,41.9520004924065,NA,v1,MR,NA,CBCsimpleAsymRW_CBCdriftDiffusionLR,102.8249491544043
CBC_P015,CBC_P015_TV_prob0.7_Vset4_Tset1_2023-03-29_17h08.14.876.csv,2,12,tac,2C,0.5,0,2.57305630000064,1,1,0,0.670317087458418,-0.670317087458418,CBCsimpleAsymRW,CBCdriftDiffusionLR,0.5,0.340634174916836,0.00990307616814434,NA,0.863976347471482,2.42074438973154,2.11492996374508,0.5,41.9520004924065,NA,v1,MR,NA,CBCsimpleAsymRW_CBCdriftDiffusionLR,102.8249491544043
CBC_P015,CBC_P015_TV_prob0.7_Vset4_Tset1_2023-03-29_17h08.14.876.csv,2,13,tac,0A,0.5,1,1.36856820000048,1,1,1,0.490145959290652,0.509854040709348,CBCsimpleAsymRW,CBCdriftDiffusionLR,0.5,0.340634174916836,0.00990307616814434,NA,0.863976347471482,2.42074438973154,2.11492996374508,0.5,41.9520004924065,NA,v1,MR,NA,CBCsimpleAsymRW_CBCdriftDiffusionLR,102.8249491544043
CBC_P015,CBC_P015_TV_prob0.7_Vset4_Tset1_2023-03-29_17h08.14.876.csv,2,14,tac,1B,0.5,1,NA,NA,NA,NA,0.504951538084072,0,CBCsimpleAsymRW,CBCdriftDiffusionLR,0.5,0.340634174916836,0.00990307616814434,NA,0.863976347471482,2.42074438973154,2.11492996374508,0.5,41.9520004924065,NA,v1,MR,NA,CBCsimpleAsymRW_CBCdriftDiffusionLR,102.8249491544043
CBC_P015,CBC_P015_TV_prob0.7_Vset4_Tset1_2023-03-29_17h08.14.876.csv,2,15,tac,0A,0.5,1,1.23482539999986,1,1,1,0.663819669775695,0.336180330224305,CBCsimpleAsymRW,CBCdriftDiffusionLR,0.5,0.340634174916836,0.00990307616814434,NA,0.863976347471482,2.42074438973154,2.11492996374508,0.5,41.9520004924065,NA,v1,MR,NA,CBCsimpleAsymRW_CBCdriftDiffusionLR,102.8249491544043
CBC_P015,CBC_P015_TV_prob0.7_Vset4_Tset1_2023-03-29_17h08.14.876.csv,2,16,tac,1C,0.35,0,1.66553150000072,1,0,1,0.326418037547347,0.673581962452653,CBCsimpleAsymRW,CBCdriftDiffusionLR,0.5,0.340634174916836,0.00990307616814434,NA,0.863976347471482,2.42074438973154,2.11492996374508,0.5,41.9520004924065,NA,v1,MR,NA,CBCsimpleAsymRW_CBCdriftDiffusionLR,102.8249491544043
CBC_P015,CBC_P015_TV_prob0.7_Vset4_Tset1_2023-03-29_17h08.14.876.csv,2,17,tac,2A,0.35,1,0.971507800000836,0,1,1,0.217381645643801,0.217381645643801,CBCsimpleAsymRW,CBCdriftDiffusionLR,0.5,0.340634174916836,0.00990307616814434,NA,0.863976347471482,2.42074438973154,2.11492996374508,0.5,41.9520004924065,NA,v1,MR,NA,CBCsimpleAsymRW_CBCdriftDiffusionLR,102.8249491544043
CBC_P015,CBC_P015_TV_prob0.7_Vset4_Tset1_2023-03-29_17h08.14.876.csv,2,18,tac,0B,0.35,1,2.24141530000088,0,1,1,0.504951538084072,0.504951538084072,CBCsimpleAsymRW,CBCdriftDiffusionLR,0.5,0.340634174916836,0.00990307616814434,NA,0.863976347471482,2.42074438973154,2.11492996374508,0.5,41.9520004924065,NA,v1,MR,NA,CBCsimpleAsymRW_CBCdriftDiffusionLR,102.8249491544043
CBC_P015,CBC_P015_TV_prob0.7_Vset4_Tset1_2023-03-29_17h08.14.876.csv,2,19,tac,2C,0.5,1,1.21571810000023,1,1,1,0.663678886284509,0.336321113715491,CBCsimpleAsymRW,CBCdriftDiffusionLR,0.5,0.340634174916836,0.00990307616814434,NA,0.863976347471482,2.42074438973154,2.11492996374508,0.5,41.9520004924065,NA,v1,MR,NA,CBCsimpleAsymRW_CBCdriftDiffusionLR,102.8249491544043
CBC_P015,CBC_P015_TV_prob0.7_Vset4_Tset1_2023-03-29_17h08.14.876.csv,2,20,tac,1B,0.5,1,1.91375110000081,1,1,1,0.504951538084072,0.495048461915928,CBCsimpleAsymRW,CBCdriftDiffusionLR,0.5,0.340634174916836,0.00990307616814434,NA,0.863976347471482,2.42074438973154,2.11492996374508,0.5,41.9520004924065,NA,v1,MR,NA,CBCsimpleAsymRW_CBCdriftDiffusionLR,102.8249491544043
CBC_P015,CBC_P015_TV_prob0.7_Vset4_Tset1_2023-03-29_17h08.14.876.csv,2,21,tac,0C,0.15,1,1.51906720000079,0,1,1,0.5,0.5,CBCsimpleAsymRW,CBCdriftDiffusionLR,0.5,0.340634174916836,0.00990307616814434,NA,0.863976347471482,2.42074438973154,2.11492996374508,0.5,41.9520004924065,NA,v1,MR,NA,CBCsimpleAsymRW_CBCdriftDiffusionLR,102.8249491544043
CBC_P015,CBC_P015_TV_prob0.7_Vset4_Tset1_2023-03-29_17h08.14.876.csv,2,22,tac,1B,0.5,1,1.76494590000038,1,1,1,0.673581962452653,0.326418037547347,CBCsimpleAsymRW,CBCdriftDiffusionLR,0.5,0.340634174916836,0.00990307616814434,NA,0.863976347471482,2.42074438973154,2.11492996374508,0.5,41.9520004924065,NA,v1,MR,NA,CBCsimpleAsymRW_CBCdriftDiffusionLR,102.8249491544043
CBC_P015,CBC_P015_TV_prob0.7_Vset4_Tset1_2023-03-29_17h08.14.876.csv,2,23,tac,2C,0.5,1,1.43106750000061,1,1,1,0.778241351362096,0.221758648637904,CBCsimpleAsymRW,CBCdriftDiffusionLR,0.5,0.340634174916836,0.00990307616814434,NA,0.863976347471482,2.42074438973154,2.11492996374508,0.5,41.9520004924065,NA,v1,MR,NA,CBCsimpleAsymRW_CBCdriftDiffusionLR,102.8249491544043
CBC_P015,CBC_P015_TV_prob0.7_Vset4_Tset1_2023-03-29_17h08.14.876.csv,2,24,tac,0B,0.35,1,1.58136530000047,0,1,1,0.332947787535817,0.332947787535817,CBCsimpleAsymRW,CBCdriftDiffusionLR,0.5,0.340634174916836,0.00990307616814434,NA,0.863976347471482,2.42074438973154,2.11492996374508,0.5,41.9520004924065,NA,v1,MR,NA,CBCsimpleAsymRW_CBCdriftDiffusionLR,102.8249491544043
CBC_P015,CBC_P015_TV_prob0.7_Vset4_Tset1_2023-03-29_17h08.14.876.csv,2,25,tac,2A,0.35,0,1.1123778000001,0,1,0,0.143334028137861,-0.856665971862139,CBCsimpleAsymRW,CBCdriftDiffusionLR,0.5,0.340634174916836,0.00990307616814434,NA,0.863976347471482,2.42074438973154,2.11492996374508,0.5,41.9520004924065,NA,v1,MR,NA,CBCsimpleAsymRW_CBCdriftDiffusionLR,102.8249491544043
CBC_P015,CBC_P015_TV_prob0.7_Vset4_Tset1_2023-03-29_17h08.14.876.csv,2,26,tac,1B,0.5,1,1.69352809999964,1,1,1,0.784771101350566,0.215228898649434,CBCsimpleAsymRW,CBCdriftDiffusionLR,0.5,0.340634174916836,0.00990307616814434,NA,0.863976347471482,2.42074438973154,2.11492996374508,0.5,41.9520004924065,NA,v1,MR,NA,CBCsimpleAsymRW_CBCdriftDiffusionLR,102.8249491544043
CBC_P015,CBC_P015_TV_prob0.7_Vset4_Tset1_2023-03-29_17h08.14.876.csv,2,27,tac,0A,0.5,1,1.29641480000009,1,1,1,0.778334179184921,0.221665820815079,CBCsimpleAsymRW,CBCdriftDiffusionLR,0.5,0.340634174916836,0.00990307616814434,NA,0.863976347471482,2.42074438973154,2.11492996374508,0.5,41.9520004924065,NA,v1,MR,NA,CBCsimpleAsymRW_CBCdriftDiffusionLR,102.8249491544043
CBC_P015,CBC_P015_TV_prob0.7_Vset4_Tset1_2023-03-29_17h08.14.876.csv,2,28,tac,2B,0.15,0,1.66112470000098,1,0,1,0.495048461915928,0.504951538084072,CBCsimpleAsymRW,CBCdriftDiffusionLR,0.5,0.340634174916836,0.00990307616814434,NA,0.863976347471482,2.42074438973154,2.11492996374508,0.5,41.9520004924065,NA,v1,MR,NA,CBCsimpleAsymRW_CBCdriftDiffusionLR,102.8249491544043
CBC_P015,CBC_P015_TV_prob0.7_Vset4_Tset1_2023-03-29_17h08.14.876.csv,2,29,tac,1C,0.35,1,2.57320510000045,0,1,1,0.55586307356627,0.55586307356627,CBCsimpleAsymRW,CBCdriftDiffusionLR,0.5,0.340634174916836,0.00990307616814434,NA,0.863976347471482,2.42074438973154,2.11492996374508,0.5,41.9520004924065,NA,v1,MR,NA,CBCsimpleAsymRW_CBCdriftDiffusionLR,102.8249491544043
CBC_P015,CBC_P015_TV_prob0.7_Vset4_Tset1_2023-03-29_17h08.14.876.csv,2,30,tac,0B,0.35,0,NA,NA,NA,NA,0.219534392638168,0,CBCsimpleAsymRW,CBCdriftDiffusionLR,0.5,0.340634174916836,0.00990307616814434,NA,0.863976347471482,2.42074438973154,2.11492996374508,0.5,41.9520004924065,NA,v1,MR,NA,CBCsimpleAsymRW_CBCdriftDiffusionLR,102.8249491544043
CBC_P015,CBC_P015_TV_prob0.7_Vset4_Tset1_2023-03-29_17h08.14.876.csv,2,31,tac,2C,0.5,1,NA,NA,NA,NA,0.853779925671541,0,CBCsimpleAsymRW,CBCdriftDiffusionLR,0.5,0.340634174916836,0.00990307616814434,NA,0.863976347471482,2.42074438973154,2.11492996374508,0.5,41.9520004924065,NA,v1,MR,NA,CBCsimpleAsymRW_CBCdriftDiffusionLR,102.8249491544043
CBC_P015,CBC_P015_TV_prob0.7_Vset4_Tset1_2023-03-29_17h08.14.876.csv,2,32,tac,0A,0.5,1,1.09043470000051,1,1,1,0.853841133165528,0.146158866834472,CBCsimpleAsymRW,CBCdriftDiffusionLR,0.5,0.340634174916836,0.00990307616814434,NA,0.863976347471482,2.42074438973154,2.11492996374508,0.5,41.9520004924065,NA,v1,MR,NA,CBCsimpleAsymRW_CBCdriftDiffusionLR,102.8249491544043
CBC_P015,CBC_P015_TV_prob0.7_Vset4_Tset1_2023-03-29_17h08.14.876.csv,2,33,tac,2C,0.5,1,2.43292880000081,1,1,1,0.853779925671541,0.146220074328459,CBCsimpleAsymRW,CBCdriftDiffusionLR,0.5,0.340634174916836,0.00990307616814434,NA,0.863976347471482,2.42074438973154,2.11492996374508,0.5,41.9520004924065,NA,v1,MR,NA,CBCsimpleAsymRW_CBCdriftDiffusionLR,102.8249491544043
CBC_P015,CBC_P015_TV_prob0.7_Vset4_Tset1_2023-03-29_17h08.14.876.csv,2,34,tac,1A,0.15,0,1.18347320000066,0,1,0,0.670317087458418,-0.329682912541582,CBCsimpleAsymRW,CBCdriftDiffusionLR,0.5,0.340634174916836,0.00990307616814434,NA,0.863976347471482,2.42074438973154,2.11492996374508,0.5,41.9520004924065,NA,v1,MR,NA,CBCsimpleAsymRW_CBCdriftDiffusionLR,102.8249491544043
CBC_P015,CBC_P015_TV_prob0.7_Vset4_Tset1_2023-03-29_17h08.14.876.csv,2,35,tac,0B,0.35,1,1.65283720000025,0,1,1,0.219534392638168,0.219534392638168,CBCsimpleAsymRW,CBCdriftDiffusionLR,0.5,0.340634174916836,0.00990307616814434,NA,0.863976347471482,2.42074438973154,2.11492996374508,0.5,41.9520004924065,NA,v1,MR,NA,CBCsimpleAsymRW_CBCdriftDiffusionLR,102.8249491544043
CBC_P015,CBC_P015_TV_prob0.7_Vset4_Tset1_2023-03-29_17h08.14.876.csv,2,36,tac,2C,0.5,0,1.88259840000046,1,1,0,0.903587480046694,-0.903587480046694,CBCsimpleAsymRW,CBCdriftDiffusionLR,0.5,0.340634174916836,0.00990307616814434,NA,0.863976347471482,2.42074438973154,2.11492996374508,0.5,41.9520004924065,NA,v1,MR,NA,CBCsimpleAsymRW_CBCdriftDiffusionLR,102.8249491544043
CBC_P015,CBC_P015_TV_prob0.7_Vset4_Tset1_2023-03-29_17h08.14.876.csv,2,37,tac,1B,0.5,1,1.69010120000075,1,1,1,0.858085419660275,0.141914580339725,CBCsimpleAsymRW,CBCdriftDiffusionLR,0.5,0.340634174916836,0.00990307616814434,NA,0.863976347471482,2.42074438973154,2.11492996374508,0.5,41.9520004924065,NA,v1,MR,NA,CBCsimpleAsymRW_CBCdriftDiffusionLR,102.8249491544043
CBC_P015,CBC_P015_TV_prob0.7_Vset4_Tset1_2023-03-29_17h08.14.876.csv,2,38,tac,2A,0.35,1,1.13391160000083,0,1,1,0.151817656507869,0.151817656507869,CBCsimpleAsymRW,CBCdriftDiffusionLR,0.5,0.340634174916836,0.00990307616814434,NA,0.863976347471482,2.42074438973154,2.11492996374508,0.5,41.9520004924065,NA,v1,MR,NA,CBCsimpleAsymRW_CBCdriftDiffusionLR,102.8249491544043
CBC_P015,CBC_P015_TV_prob0.7_Vset4_Tset1_2023-03-29_17h08.14.876.csv,2,39,tac,1C,0.35,0,1.81829240000116,0,1,0,0.366517114135287,-0.633482885864713,CBCsimpleAsymRW,CBCdriftDiffusionLR,0.5,0.340634174916836,0.00990307616814434,NA,0.863976347471482,2.42074438973154,2.11492996374508,0.5,41.9520004924065,NA,v1,MR,NA,CBCsimpleAsymRW_CBCdriftDiffusionLR,102.8249491544043
CBC_P015,CBC_P015_TV_prob0.7_Vset4_Tset1_2023-03-29_17h08.14.876.csv,2,40,tac,0A,0.5,1,1.03874050000104,1,1,1,0.903627838176468,0.0963721618235317,CBCsimpleAsymRW,CBCdriftDiffusionLR,0.5,0.340634174916836,0.00990307616814434,NA,0.863976347471482,2.42074438973154,2.11492996374508,0.5,41.9520004924065,NA,v1,MR,NA,CBCsimpleAsymRW_CBCdriftDiffusionLR,102.8249491544043
CBC_P015,CBC_P015_TV_prob0.7_Vset4_Tset1_2023-03-29_17h08.14.876.csv,2,41,tac,1B,0.5,0,1.65377480000006,1,1,0,0.906426375642966,-0.906426375642966,CBCsimpleAsymRW,CBCdriftDiffusionLR,0.5,0.340634174916836,0.00990307616814434,NA,0.863976347471482,2.42074438973154,2.11492996374508,0.5,41.9520004924065,NA,v1,MR,NA,CBCsimpleAsymRW_CBCdriftDiffusionLR,102.8249491544043
CBC_P015,CBC_P015_TV_prob0.7_Vset4_Tset1_2023-03-29_17h08.14.876.csv,2,42,tac,0C,0.15,1,1.62769180000032,0,1,1,0.329682912541582,0.329682912541582,CBCsimpleAsymRW,CBCdriftDiffusionLR,0.5,0.340634174916836,0.00990307616814434,NA,0.863976347471482,2.42074438973154,2.11492996374508,0.5,41.9520004924065,NA,v1,MR,NA,CBCsimpleAsymRW_CBCdriftDiffusionLR,102.8249491544043
CBC_P016,CBC_P016_AV_prob0.9_Vset4_Aset1_2023-03-31_14h05.04.449.csv,1,1,aud,0A,0.5,1,2.71100539999952,1,1,1,0.5,0.5,CBC2StepRW,CBCdriftDiffusionLR,0.5,0.577243005292614,NA,0.996332892445033,0.621831746476533,1.41563576683619,3.30713329426793,0.5,49.2370208813467,NA,v1,MR,NA,CBC2StepRW_CBCdriftDiffusionLR,117.39498993228472
CBC_P016,CBC_P016_AV_prob0.9_Vset4_Aset1_2023-03-31_14h05.04.449.csv,1,2,aud,1C,0.35,1,2.5685440000002,1,0,0,0.5,-0.5,CBC2StepRW,CBCdriftDiffusionLR,0.5,0.577243005292614,NA,0.996332892445033,0.621831746476533,1.41563576683619,3.30713329426793,0.5,49.2370208813467,NA,v1,MR,NA,CBC2StepRW_CBCdriftDiffusionLR,117.39498993228472
CBC_P016,CBC_P016_AV_prob0.9_Vset4_Aset1_2023-03-31_14h05.04.449.csv,1,3,aud,0B,0.35,1,1.24412109999957,0,1,1,0.00183355377748357,0.00183355377748362,CBC2StepRW,CBCdriftDiffusionLR,0.5,0.577243005292614,NA,0.996332892445033,0.621831746476533,1.41563576683619,3.30713329426793,0.5,49.2370208813467,NA,v1,MR,NA,CBC2StepRW_CBCdriftDiffusionLR,117.39498993228472
CBC_P016,CBC_P016_AV_prob0.9_Vset4_Aset1_2023-03-31_14h05.04.449.csv,1,4,aud,2C,0.5,1,2.43155830000023,1,1,1,0.5,0.5,CBC2StepRW,CBCdriftDiffusionLR,0.5,0.577243005292614,NA,0.996332892445033,0.621831746476533,1.41563576683619,3.30713329426793,0.5,49.2370208813467,NA,v1,MR,NA,CBC2StepRW_CBCdriftDiffusionLR,117.39498993228472
CBC_P016,CBC_P016_AV_prob0.9_Vset4_Aset1_2023-03-31_14h05.04.449.csv,1,5,aud,1B,0.5,1,2.29344869999977,1,1,1,0.5,0.5,CBC2StepRW,CBCdriftDiffusionLR,0.5,0.577243005292614,NA,0.996332892445033,0.621831746476533,1.41563576683619,3.30713329426793,0.5,49.2370208813467,NA,v1,MR,NA,CBC2StepRW_CBCdriftDiffusionLR,117.39498993228472
CBC_P016,CBC_P016_AV_prob0.9_Vset4_Aset1_2023-03-31_14h05.04.449.csv,1,6,aud,2A,0.35,1,1.51419910000004,0,1,1,6.72383890984842e-6,6.72383890987227e-6,CBC2StepRW,CBCdriftDiffusionLR,0.5,0.577243005292614,NA,0.996332892445033,0.621831746476533,1.41563576683619,3.30713329426793,0.5,49.2370208813467,NA,v1,MR,NA,CBC2StepRW_CBCdriftDiffusionLR,117.39498993228472
CBC_P016,CBC_P016_AV_prob0.9_Vset4_Aset1_2023-03-31_14h05.04.449.csv,1,7,aud,0B,0.35,1,1.69953559999976,0,1,1,2.84254993042398e-6,2.84254993043742e-6,CBC2StepRW,CBCdriftDiffusionLR,0.5,0.577243005292614,NA,0.996332892445033,0.621831746476533,1.41563576683619,3.30713329426793,0.5,49.2370208813467,NA,v1,MR,NA,CBC2StepRW_CBCdriftDiffusionLR,117.39498993228472
CBC_P016,CBC_P016_AV_prob0.9_Vset4_Aset1_2023-03-31_14h05.04.449.csv,1,8,aud,2C,0.5,1,2.37581399999999,0,0,0,0.788621502646307,-0.211378497353693,CBC2StepRW,CBCdriftDiffusionLR,0.5,0.577243005292614,NA,0.996332892445033,0.621831746476533,1.41563576683619,3.30713329426793,0.5,49.2370208813467,NA,v1,MR,NA,CBC2StepRW_CBCdriftDiffusionLR,117.39498993228472
CBC_P016,CBC_P016_AV_prob0.9_Vset4_Aset1_2023-03-31_14h05.04.449.csv,1,9,aud,0A,0.5,0,1.13154729999997,1,1,0,0.788621502646307,-0.788621502646307,CBC2StepRW,CBCdriftDiffusionLR,0.5,0.577243005292614,NA,0.996332892445033,0.621831746476533,1.41563576683619,3.30713329426793,0.5,49.2370208813467,NA,v1,MR,NA,CBC2StepRW_CBCdriftDiffusionLR,117.39498993228472
CBC_P016,CBC_P016_AV_prob0.9_Vset4_Aset1_2023-03-31_14h05.04.449.csv,1,10,aud,1C,0.35,1,2.0308270999999,0,1,1,2.84254993042409e-6,2.84254993043742e-6,CBC2StepRW,CBCdriftDiffusionLR,0.5,0.577243005292614,NA,0.996332892445033,0.621831746476533,1.41563576683619,3.30713329426793,0.5,49.2370208813467,NA,v1,MR,NA,CBC2StepRW_CBCdriftDiffusionLR,117.39498993228472
CBC_P016,CBC_P016_AV_prob0.9_Vset4_Aset1_2023-03-31_14h05.04.449.csv,1,11,aud,0A,0.5,1,3.20552389999966,0,0,0,0.333395256420376,-0.666604743579624,CBC2StepRW,CBCdriftDiffusionLR,0.5,0.577243005292614,NA,0.996332892445033,0.621831746476533,1.41563576683619,3.30713329426793,0.5,49.2370208813467,NA,v1,MR,NA,CBC2StepRW_CBCdriftDiffusionLR,117.39498993228472
CBC_P016,CBC_P016_AV_prob0.9_Vset4_Aset1_2023-03-31_14h05.04.449.csv,1,12,aud,1B,0.5,1,2.53986339999983,1,1,1,0.788621502646307,0.211378497353693,CBC2StepRW,CBCdriftDiffusionLR,0.5,0.577243005292614,NA,0.996332892445033,0.621831746476533,1.41563576683619,3.30713329426793,0.5,49.2370208813467,NA,v1,MR,NA,CBC2StepRW_CBCdriftDiffusionLR,117.39498993228472
CBC_P016,CBC_P016_AV_prob0.9_Vset4_Aset1_2023-03-31_14h05.04.449.csv,1,13,aud,0C,0.15,1,1.6756720999997,0,1,1,6.72383890984842e-6,6.72383890987227e-6,CBC2StepRW,CBCdriftDiffusionLR,0.5,0.577243005292614,NA,0.996332892445033,0.621831746476533,1.41563576683619,3.30713329426793,0.5,49.2370208813467,NA,v1,MR,NA,CBC2StepRW_CBCdriftDiffusionLR,117.39498993228472
CBC_P016,CBC_P016_AV_prob0.9_Vset4_Aset1_2023-03-31_14h05.04.449.csv,1,14,aud,1A,0.15,1,2.27311009999994,0,1,1,2.46570404646873e-8,2.46570404094371e-8,CBC2StepRW,CBCdriftDiffusionLR,0.5,0.577243005292614,NA,0.996332892445033,0.621831746476533,1.41563576683619,3.30713329426793,0.5,49.2370208813467,NA,v1,MR,NA,CBC2StepRW_CBCdriftDiffusionLR,117.39498993228472
CBC_P016,CBC_P016_AV_prob0.9_Vset4_Aset1_2023-03-31_14h05.04.449.csv,1,15,aud,0B,0.35,1,2.36184949999961,0,1,1,4.4067919938465e-9,4.40679204238847e-9,CBC2StepRW,CBCdriftDiffusionLR,0.5,0.577243005292614,NA,0.996332892445033,0.621831746476533,1.41563576683619,3.30713329426793,0.5,49.2370208813467,NA,v1,MR,NA,CBC2StepRW_CBCdriftDiffusionLR,117.39498993228472
CBC_P016,CBC_P016_AV_prob0.9_Vset4_Aset1_2023-03-31_14h05.04.449.csv,1,16,aud,1A,0.15,1,2.16985750000003,0,1,1,1.04239363571225e-8,1.04239363807324e-8,CBC2StepRW,CBCdriftDiffusionLR,0.5,0.577243005292614,NA,0.996332892445033,0.621831746476533,1.41563576683619,3.30713329426793,0.5,49.2370208813467,NA,v1,MR,NA,CBC2StepRW_CBCdriftDiffusionLR,117.39498993228472
CBC_P016,CBC_P016_AV_prob0.9_Vset4_Aset1_2023-03-31_14h05.04.449.csv,1,17,aud,2C,0.5,1,1.69558889999962,1,1,1,0.91063826171299,0.0893617382870104,CBC2StepRW,CBCdriftDiffusionLR,0.5,0.577243005292614,NA,0.996332892445033,0.621831746476533,1.41563576683619,3.30713329426793,0.5,49.2370208813467,NA,v1,MR,NA,CBC2StepRW_CBCdriftDiffusionLR,117.39498993228472
CBC_P016,CBC_P016_AV_prob0.9_Vset4_Aset1_2023-03-31_14h05.04.449.csv,1,18,aud,0A,0.5,1,1.97924219999959,1,1,1,0.71818818194659,0.28181181805341,CBC2StepRW,CBCdriftDiffusionLR,0.5,0.577243005292614,NA,0.996332892445033,0.621831746476533,1.41563576683619,3.30713329426793,0.5,49.2370208813467,NA,v1,MR,NA,CBC2StepRW_CBCdriftDiffusionLR,117.39498993228472
CBC_P016,CBC_P016_AV_prob0.9_Vset4_Aset1_2023-03-31_14h05.04.449.csv,1,19,aud,2C,0.5,0,1.51069929999994,1,1,0,0.962221700079956,-0.962221700079956,CBC2StepRW,CBCdriftDiffusionLR,0.5,0.577243005292614,NA,0.996332892445033,0.621831746476533,1.41563576683619,3.30713329426793,0.5,49.2370208813467,NA,v1,MR,NA,CBC2StepRW_CBCdriftDiffusionLR,117.39498993228472
CBC_P016,CBC_P016_AV_prob0.9_Vset4_Aset1_2023-03-31_14h05.04.449.csv,1,20,aud,1B,0.5,1,NA,NA,NA,NA,0.91063826171299,0,CBC2StepRW,CBCdriftDiffusionLR,0.5,0.577243005292614,NA,0.996332892445033,0.621831746476533,1.41563576683619,3.30713329426793,0.5,49.2370208813467,NA,v1,MR,NA,CBC2StepRW_CBCdriftDiffusionLR,117.39498993228472
CBC_P016,CBC_P016_AV_prob0.9_Vset4_Aset1_2023-03-31_14h05.04.449.csv,1,21,aud,2A,0.35,0,2.23713869999983,0,1,0,3.82256956505595e-11,-0.999999999961774,CBC2StepRW,CBCdriftDiffusionLR,0.5,0.577243005292614,NA,0.996332892445033,0.621831746476533,1.41563576683619,3.30713329426793,0.5,49.2370208813467,NA,v1,MR,NA,CBC2StepRW_CBCdriftDiffusionLR,117.39498993228472
CBC_P016,CBC_P016_AV_prob0.9_Vset4_Aset1_2023-03-31_14h05.04.449.csv,1,22,aud,0B,0.35,1,1.56258669999988,0,1,1,6.83182911836293e-12,6.83186840433336e-12,CBC2StepRW,CBCdriftDiffusionLR,0.5,0.577243005292614,NA,0.996332892445033,0.621831746476533,1.41563576683619,3.30713329426793,0.5,49.2370208813467,NA,v1,MR,NA,CBC2StepRW_CBCdriftDiffusionLR,117.39498993228472
CBC_P016,CBC_P016_AV_prob0.9_Vset4_Aset1_2023-03-31_14h05.04.449.csv,1,23,aud,2C,0.5,1,1.12089719999994,1,1,1,0.406785954168034,0.593214045831966,CBC2StepRW,CBCdriftDiffusionLR,0.5,0.577243005292614,NA,0.996332892445033,0.621831746476533,1.41563576683619,3.30713329426793,0.5,49.2370208813467,NA,v1,MR,NA,CBC2StepRW_CBCdriftDiffusionLR,117.39498993228472
CBC_P016,CBC_P016_AV_prob0.9_Vset4_Aset1_2023-03-31_14h05.04.449.csv,1,24,aud,1B,0.5,1,2.30497919999971,1,1,1,0.91063826171299,0.0893617382870104,CBC2StepRW,CBCdriftDiffusionLR,0.5,0.577243005292614,NA,0.996332892445033,0.621831746476533,1.41563576683619,3.30713329426793,0.5,49.2370208813467,NA,v1,MR,NA,CBC2StepRW_CBCdriftDiffusionLR,117.39498993228472
CBC_P016,CBC_P016_AV_prob0.9_Vset4_Aset1_2023-03-31_14h05.04.449.csv,1,25,aud,0A,0.5,1,2.1860514,1,1,1,0.880862082726716,0.119137917273284,CBC2StepRW,CBCdriftDiffusionLR,0.5,0.577243005292614,NA,0.996332892445033,0.621831746476533,1.41563576683619,3.30713329426793,0.5,49.2370208813467,NA,v1,MR,NA,CBC2StepRW_CBCdriftDiffusionLR,117.39498993228472
CBC_P016,CBC_P016_AV_prob0.9_Vset4_Aset1_2023-03-31_14h05.04.449.csv,1,26,aud,1C,0.35,1,1.91535559999966,0,1,1,2.1731689702349398e-16,2.2204460492503099e-16,CBC2StepRW,CBCdriftDiffusionLR,0.5,0.577243005292614,NA,0.996332892445033,0.621831746476533,1.41563576683619,3.30713329426793,0.5,49.2370208813467,NA,v1,MR,NA,CBC2StepRW_CBCdriftDiffusionLR,117.39498993228472
CBC_P016,CBC_P016_AV_prob0.9_Vset4_Aset1_2023-03-31_14h05.04.449.csv,1,27,aud,2B,0.15,1,3.32810979999977,0,1,1,1.2159392889544701e-15,1.22124532708767e-15,CBC2StepRW,CBCdriftDiffusionLR,0.5,0.577243005292614,NA,0.996332892445033,0.621831746476533,1.41563576683619,3.30713329426793,0.5,49.2370208813467,NA,v1,MR,NA,CBC2StepRW_CBCdriftDiffusionLR,117.39498993228472
CBC_P016,CBC_P016_AV_prob0.9_Vset4_Aset1_2023-03-31_14h05.04.449.csv,1,28,aud,1C,0.35,1,1.74948010000026,0,1,1,8.91432019675574e-17,1.11022302462516e-16,CBC2StepRW,CBCdriftDiffusionLR,0.5,0.577243005292614,NA,0.996332892445033,0.621831746476533,1.41563576683619,3.30713329426793,0.5,49.2370208813467,NA,v1,MR,NA,CBC2StepRW_CBCdriftDiffusionLR,117.39498993228472
CBC_P016,CBC_P016_AV_prob0.9_Vset4_Aset1_2023-03-31_14h05.04.449.csv,1,29,aud,0B,0.35,1,1.2286266000001,0,1,1,3.88393258097363e-17,0,CBC2StepRW,CBCdriftDiffusionLR,0.5,0.577243005292614,NA,0.996332892445033,0.621831746476533,1.41563576683619,3.30713329426793,0.5,49.2370208813467,NA,v1,MR,NA,CBC2StepRW_CBCdriftDiffusionLR,117.39498993228472
CBC_P016,CBC_P016_AV_prob0.9_Vset4_Aset1_2023-03-31_14h05.04.449.csv,1,30,aud,2C,0.5,1,2.35234369999989,1,1,1,0.749214612765868,0.250785387234132,CBC2StepRW,CBCdriftDiffusionLR,0.5,0.577243005292614,NA,0.996332892445033,0.621831746476533,1.41563576683619,3.30713329426793,0.5,49.2370208813467,NA,v1,MR,NA,CBC2StepRW_CBCdriftDiffusionLR,117.39498993228472
CBC_P016,CBC_P016_AV_prob0.9_Vset4_Aset1_2023-03-31_14h05.04.449.csv,1,31,aud,0A,0.5,0,2.17103859999952,1,1,0,0.949633612137849,-0.949633612137849,CBC2StepRW,CBCdriftDiffusionLR,0.5,0.577243005292614,NA,0.996332892445033,0.621831746476533,1.41563576683619,3.30713329426793,0.5,49.2370208813467,NA,v1,MR,NA,CBC2StepRW_CBCdriftDiffusionLR,117.39498993228472
CBC_P016,CBC_P016_AV_prob0.9_Vset4_Aset1_2023-03-31_14h05.04.449.csv,1,32,aud,2B,0.15,1,2.30120099999976,0,1,1,1.87383316272409e-18,0,CBC2StepRW,CBCdriftDiffusionLR,0.5,0.577243005292614,NA,0.996332892445033,0.621831746476533,1.41563576683619,3.30713329426793,0.5,49.2370208813467,NA,v1,MR,NA,CBC2StepRW_CBCdriftDiffusionLR,117.39498993228472
CBC_P016,CBC_P016_AV_prob0.9_Vset4_Aset1_2023-03-31_14h05.04.449.csv,1,33,aud,1C,0.35,1,1.19843059999994,0,1,1,9.188434666535348e-20,0,CBC2StepRW,CBCdriftDiffusionLR,0.5,0.577243005292614,NA,0.996332892445033,0.621831746476533,1.41563576683619,3.30713329426793,0.5,49.2370208813467,NA,v1,MR,NA,CBC2StepRW_CBCdriftDiffusionLR,117.39498993228472
CBC_P016,CBC_P016_AV_prob0.9_Vset4_Aset1_2023-03-31_14h05.04.449.csv,1,34,aud,2A,0.35,1,1.96029379999982,0,1,1,2.84662082797132e-8,2.8466208279454e-8,CBC2StepRW,CBCdriftDiffusionLR,0.5,0.577243005292614,NA,0.996332892445033,0.621831746476533,1.41563576683619,3.30713329426793,0.5,49.2370208813467,NA,v1,MR,NA,CBC2StepRW_CBCdriftDiffusionLR,117.39498993228472
CBC_P016,CBC_P016_AV_prob0.9_Vset4_Aset1_2023-03-31_14h05.04.449.csv,1,35,aud,1B,0.5,1,2.01554759999954,1,1,1,0.962221700079956,0.0377782999200444,CBC2StepRW,CBCdriftDiffusionLR,0.5,0.577243005292614,NA,0.996332892445033,0.621831746476533,1.41563576683619,3.30713329426793,0.5,49.2370208813467,NA,v1,MR,NA,CBC2StepRW_CBCdriftDiffusionLR,117.39498993228472
CBC_P016,CBC_P016_AV_prob0.9_Vset4_Aset1_2023-03-31_14h05.04.449.csv,1,36,aud,0C,0.15,1,1.58113950000006,0,1,1,1.88506504889332e-18,0,CBC2StepRW,CBCdriftDiffusionLR,0.5,0.577243005292614,NA,0.996332892445033,0.621831746476533,1.41563576683619,3.30713329426793,0.5,49.2370208813467,NA,v1,MR,NA,CBC2StepRW_CBCdriftDiffusionLR,117.39498993228472
CBC_P016,CBC_P016_AV_prob0.9_Vset4_Aset1_2023-03-31_14h05.04.449.csv,1,37,aud,1B,0.5,1,1.95854520000012,1,1,1,0.984028959460648,0.0159710405393523,CBC2StepRW,CBCdriftDiffusionLR,0.5,0.577243005292614,NA,0.996332892445033,0.621831746476533,1.41563576683619,3.30713329426793,0.5,49.2370208813467,NA,v1,MR,NA,CBC2StepRW_CBCdriftDiffusionLR,117.39498993228472
CBC_P016,CBC_P016_AV_prob0.9_Vset4_Aset1_2023-03-31_14h05.04.449.csv,1,38,aud,2A,0.35,1,2.01096579999967,0,1,1,1.20342886631957e-8,1.20342886766878e-8,CBC2StepRW,CBCdriftDiffusionLR,0.5,0.577243005292614,NA,0.996332892445033,0.621831746476533,1.41563576683619,3.30713329426793,0.5,49.2370208813467,NA,v1,MR,NA,CBC2StepRW_CBCdriftDiffusionLR,117.39498993228472
CBC_P016,CBC_P016_AV_prob0.9_Vset4_Aset1_2023-03-31_14h05.04.449.csv,1,39,aud,1C,0.35,1,1.253604,0,1,1,1.235631090629e-24,0,CBC2StepRW,CBCdriftDiffusionLR,0.5,0.577243005292614,NA,0.996332892445033,0.621831746476533,1.41563576683619,3.30713329426793,0.5,49.2370208813467,NA,v1,MR,NA,CBC2StepRW_CBCdriftDiffusionLR,117.39498993228472
CBC_P016,CBC_P016_AV_prob0.9_Vset4_Aset1_2023-03-31_14h05.04.449.csv,1,40,aud,0A,0.5,1,2.25075650000008,0,0,0,0.401464251940517,-0.598535748059483,CBC2StepRW,CBCdriftDiffusionLR,0.5,0.577243005292614,NA,0.996332892445033,0.621831746476533,1.41563576683619,3.30713329426793,0.5,49.2370208813467,NA,v1,MR,NA,CBC2StepRW_CBCdriftDiffusionLR,117.39498993228472
CBC_P016,CBC_P016_AV_prob0.9_Vset4_Aset1_2023-03-31_14h05.04.449.csv,1,41,aud,1B,0.5,0,0.827434699999685,1,1,0,0.993248130899234,-0.993248130899234,CBC2StepRW,CBCdriftDiffusionLR,0.5,0.577243005292614,NA,0.996332892445033,0.621831746476533,1.41563576683619,3.30713329426793,0.5,49.2370208813467,NA,v1,MR,NA,CBC2StepRW_CBCdriftDiffusionLR,117.39498993228472
CBC_P016,CBC_P016_AV_prob0.9_Vset4_Aset1_2023-03-31_14h05.04.449.csv,1,42,aud,2C,0.5,1,1.03945759999988,1,1,1,0.89397872337637,0.10602127662363,CBC2StepRW,CBCdriftDiffusionLR,0.5,0.577243005292614,NA,0.996332892445033,0.621831746476533,1.41563576683619,3.30713329426793,0.5,49.2370208813467,NA,v1,MR,NA,CBC2StepRW_CBCdriftDiffusionLR,117.39498993228472
CBC_P016,CBC_P016_TV_prob0.9_Vset2_Tset1_2023-03-31_13h57.21.734.csv,2,1,tac,2C,0.5,1,3.24602669999967,1,1,1,0.5,0.5,CBCsimpleRW,CBCdriftDiffusionLR,0.5,0.0371823126673974,NA,NA,0.868608862996941,6.30732433320975,2.73695037360209,0.5,65.7761607832346,NA,v1,MR,NA,CBCsimpleRW_CBCdriftDiffusionLR,146.68908010214224
CBC_P016,CBC_P016_TV_prob0.9_Vset2_Tset1_2023-03-31_13h57.21.734.csv,2,2,tac,1B,0.5,1,NA,NA,NA,NA,0.5,0,CBCsimpleRW,CBCdriftDiffusionLR,0.5,0.0371823126673974,NA,NA,0.868608862996941,6.30732433320975,2.73695037360209,0.5,65.7761607832346,NA,v1,MR,NA,CBCsimpleRW_CBCdriftDiffusionLR,146.68908010214224
CBC_P016,CBC_P016_TV_prob0.9_Vset2_Tset1_2023-03-31_13h57.21.734.csv,2,3,tac,0C,0.15,1,NA,NA,NA,NA,0.5,0,CBCsimpleRW,CBCdriftDiffusionLR,0.5,0.0371823126673974,NA,NA,0.868608862996941,6.30732433320975,2.73695037360209,0.5,65.7761607832346,NA,v1,MR,NA,CBCsimpleRW_CBCdriftDiffusionLR,146.68908010214224
CBC_P016,CBC_P016_TV_prob0.9_Vset2_Tset1_2023-03-31_13h57.21.734.csv,2,4,tac,2A,0.35,1,3.18510709999964,0,1,1,0.5,0.5,CBCsimpleRW,CBCdriftDiffusionLR,0.5,0.0371823126673974,NA,NA,0.868608862996941,6.30732433320975,2.73695037360209,0.5,65.7761607832346,NA,v1,MR,NA,CBCsimpleRW_CBCdriftDiffusionLR,146.68908010214224
CBC_P016,CBC_P016_TV_prob0.9_Vset2_Tset1_2023-03-31_13h57.21.734.csv,2,5,tac,1C,0.35,1,3.1592714999997,0,1,1,0.5,0.5,CBCsimpleRW,CBCdriftDiffusionLR,0.5,0.0371823126673974,NA,NA,0.868608862996941,6.30732433320975,2.73695037360209,0.5,65.7761607832346,NA,v1,MR,NA,CBCsimpleRW_CBCdriftDiffusionLR,146.68908010214224
CBC_P016,CBC_P016_TV_prob0.9_Vset2_Tset1_2023-03-31_13h57.21.734.csv,2,6,tac,2A,0.35,1,2.83968069999992,1,0,0,0.481408843666301,-0.481408843666301,CBCsimpleRW,CBCdriftDiffusionLR,0.5,0.0371823126673974,NA,NA,0.868608862996941,6.30732433320975,2.73695037360209,0.5,65.7761607832346,NA,v1,MR,NA,CBCsimpleRW_CBCdriftDiffusionLR,146.68908010214224
CBC_P016,CBC_P016_TV_prob0.9_Vset2_Tset1_2023-03-31_13h57.21.734.csv,2,7,tac,1B,0.5,1,2.9633302000002,1,1,1,0.5,0.5,CBCsimpleRW,CBCdriftDiffusionLR,0.5,0.0371823126673974,NA,NA,0.868608862996941,6.30732433320975,2.73695037360209,0.5,65.7761607832346,NA,v1,MR,NA,CBCsimpleRW_CBCdriftDiffusionLR,146.68908010214224
CBC_P016,CBC_P016_TV_prob0.9_Vset2_Tset1_2023-03-31_13h57.21.734.csv,2,8,tac,0A,0.5,1,3.02953699999989,1,1,1,0.5,0.5,CBCsimpleRW,CBCdriftDiffusionLR,0.5,0.0371823126673974,NA,NA,0.868608862996941,6.30732433320975,2.73695037360209,0.5,65.7761607832346,NA,v1,MR,NA,CBCsimpleRW_CBCdriftDiffusionLR,146.68908010214224
CBC_P016,CBC_P016_TV_prob0.9_Vset2_Tset1_2023-03-31_13h57.21.734.csv,2,9,tac,1B,0.5,1,NA,NA,NA,NA,0.518591156333699,0,CBCsimpleRW,CBCdriftDiffusionLR,0.5,0.0371823126673974,NA,NA,0.868608862996941,6.30732433320975,2.73695037360209,0.5,65.7761607832346,NA,v1,MR,NA,CBCsimpleRW_CBCdriftDiffusionLR,146.68908010214224
CBC_P016,CBC_P016_TV_prob0.9_Vset2_Tset1_2023-03-31_13h57.21.734.csv,2,10,tac,2C,0.5,0,NA,NA,NA,NA,0.518591156333699,0,CBCsimpleRW,CBCdriftDiffusionLR,0.5,0.0371823126673974,NA,NA,0.868608862996941,6.30732433320975,2.73695037360209,0.5,65.7761607832346,NA,v1,MR,NA,CBCsimpleRW_CBCdriftDiffusionLR,146.68908010214224
CBC_P016,CBC_P016_TV_prob0.9_Vset2_Tset1_2023-03-31_13h57.21.734.csv,2,11,tac,0B,0.35,1,2.4975586999999,0,1,1,0.5,0.5,CBCsimpleRW,CBCdriftDiffusionLR,0.5,0.0371823126673974,NA,NA,0.868608862996941,6.30732433320975,2.73695037360209,0.5,65.7761607832346,NA,v1,MR,NA,CBCsimpleRW_CBCdriftDiffusionLR,146.68908010214224
CBC_P016,CBC_P016_TV_prob0.9_Vset2_Tset1_2023-03-31_13h57.21.734.csv,2,12,tac,1C,0.35,1,2.55081410000003,1,0,0,0.481408843666301,-0.481408843666301,CBCsimpleRW,CBCdriftDiffusionLR,0.5,0.0371823126673974,NA,NA,0.868608862996941,6.30732433320975,2.73695037360209,0.5,65.7761607832346,NA,v1,MR,NA,CBCsimpleRW_CBCdriftDiffusionLR,146.68908010214224
CBC_P016,CBC_P016_TV_prob0.9_Vset2_Tset1_2023-03-31_13h57.21.734.csv,2,13,tac,0A,0.5,1,3.29280819999985,0,0,0,0.518591156333699,-0.481408843666301,CBCsimpleRW,CBCdriftDiffusionLR,0.5,0.0371823126673974,NA,NA,0.868608862996941,6.30732433320975,2.73695037360209,0.5,65.7761607832346,NA,v1,MR,NA,CBCsimpleRW_CBCdriftDiffusionLR,146.68908010214224
CBC_P016,CBC_P016_TV_prob0.9_Vset2_Tset1_2023-03-31_13h57.21.734.csv,2,14,tac,2B,0.15,1,NA,NA,NA,NA,0.5,0,CBCsimpleRW,CBCdriftDiffusionLR,0.5,0.0371823126673974,NA,NA,0.868608862996941,6.30732433320975,2.73695037360209,0.5,65.7761607832346,NA,v1,MR,NA,CBCsimpleRW_CBCdriftDiffusionLR,146.68908010214224
CBC_P016,CBC_P016_TV_prob0.9_Vset2_Tset1_2023-03-31_13h57.21.734.csv,2,15,tac,1A,0.15,1,2.56318710000005,0,1,1,0.5,0.5,CBCsimpleRW,CBCdriftDiffusionLR,0.5,0.0371823126673974,NA,NA,0.868608862996941,6.30732433320975,2.73695037360209,0.5,65.7761607832346,NA,v1,MR,NA,CBCsimpleRW_CBCdriftDiffusionLR,146.68908010214224
CBC_P016,CBC_P016_TV_prob0.9_Vset2_Tset1_2023-03-31_13h57.21.734.csv,2,16,tac,0C,0.15,1,2.63784880000003,0,1,1,0.5,0.5,CBCsimpleRW,CBCdriftDiffusionLR,0.5,0.0371823126673974,NA,NA,0.868608862996941,6.30732433320975,2.73695037360209,0.5,65.7761607832346,NA,v1,MR,NA,CBCsimpleRW_CBCdriftDiffusionLR,146.68908010214224
CBC_P016,CBC_P016_TV_prob0.9_Vset2_Tset1_2023-03-31_13h57.21.734.csv,2,17,tac,1B,0.5,1,2.46965660000023,1,1,1,0.518591156333699,0.481408843666301,CBCsimpleRW,CBCdriftDiffusionLR,0.5,0.0371823126673974,NA,NA,0.868608862996941,6.30732433320975,2.73695037360209,0.5,65.7761607832346,NA,v1,MR,NA,CBCsimpleRW_CBCdriftDiffusionLR,146.68908010214224
CBC_P016,CBC_P016_TV_prob0.9_Vset2_Tset1_2023-03-31_13h57.21.734.csv,2,18,tac,2C,0.5,0,2.53107110000019,1,1,0,0.518591156333699,-0.518591156333699,CBCsimpleRW,CBCdriftDiffusionLR,0.5,0.0371823126673974,NA,NA,0.868608862996941,6.30732433320975,2.73695037360209,0.5,65.7761607832346,NA,v1,MR,NA,CBCsimpleRW_CBCdriftDiffusionLR,146.68908010214224
CBC_P016,CBC_P016_TV_prob0.9_Vset2_Tset1_2023-03-31_13h57.21.734.csv,2,19,tac,0B,0.35,1,2.44536530000005,1,0,0,0.481408843666301,-0.481408843666301,CBCsimpleRW,CBCdriftDiffusionLR,0.5,0.0371823126673974,NA,NA,0.868608862996941,6.30732433320975,2.73695037360209,0.5,65.7761607832346,NA,v1,MR,NA,CBCsimpleRW_CBCdriftDiffusionLR,146.68908010214224
CBC_P016,CBC_P016_TV_prob0.9_Vset2_Tset1_2023-03-31_13h57.21.734.csv,2,20,tac,1C,0.35,1,2.55737419999969,0,1,1,0.463508949520251,0.463508949520251,CBCsimpleRW,CBCdriftDiffusionLR,0.5,0.0371823126673974,NA,NA,0.868608862996941,6.30732433320975,2.73695037360209,0.5,65.7761607832346,NA,v1,MR,NA,CBCsimpleRW_CBCdriftDiffusionLR,146.68908010214224
CBC_P016,CBC_P016_TV_prob0.9_Vset2_Tset1_2023-03-31_13h57.21.734.csv,2,21,tac,0A,0.5,1,2.45060479999984,1,1,1,0.536491050479749,0.463508949520251,CBCsimpleRW,CBCdriftDiffusionLR,0.5,0.0371823126673974,NA,NA,0.868608862996941,6.30732433320975,2.73695037360209,0.5,65.7761607832346,NA,v1,MR,NA,CBCsimpleRW_CBCdriftDiffusionLR,146.68908010214224
CBC_P016,CBC_P016_TV_prob0.9_Vset2_Tset1_2023-03-31_13h57.21.734.csv,2,22,tac,1C,0.35,1,2.32080580000002,0,1,1,0.446274614835052,0.446274614835052,CBCsimpleRW,CBCdriftDiffusionLR,0.5,0.0371823126673974,NA,NA,0.868608862996941,6.30732433320975,2.73695037360209,0.5,65.7761607832346,NA,v1,MR,NA,CBCsimpleRW_CBCdriftDiffusionLR,146.68908010214224
CBC_P016,CBC_P016_TV_prob0.9_Vset2_Tset1_2023-03-31_13h57.21.734.csv,2,23,tac,0A,0.5,0,2.3688202999997,1,1,0,0.553725385164948,-0.553725385164948,CBCsimpleRW,CBCdriftDiffusionLR,0.5,0.0371823126673974,NA,NA,0.868608862996941,6.30732433320975,2.73695037360209,0.5,65.7761607832346,NA,v1,MR,NA,CBCsimpleRW_CBCdriftDiffusionLR,146.68908010214224
CBC_P016,CBC_P016_TV_prob0.9_Vset2_Tset1_2023-03-31_13h57.21.734.csv,2,24,tac,2C,0.5,1,2.57731039999999,1,1,1,0.499308737812352,0.500691262187648,CBCsimpleRW,CBCdriftDiffusionLR,0.5,0.0371823126673974,NA,NA,0.868608862996941,6.30732433320975,2.73695037360209,0.5,65.7761607832346,NA,v1,MR,NA,CBCsimpleRW_CBCdriftDiffusionLR,146.68908010214224
CBC_P016,CBC_P016_TV_prob0.9_Vset2_Tset1_2023-03-31_13h57.21.734.csv,2,25,tac,0B,0.35,1,2.40992229999983,1,0,0,0.463508949520251,-0.463508949520251,CBCsimpleRW,CBCdriftDiffusionLR,0.5,0.0371823126673974,NA,NA,0.868608862996941,6.30732433320975,2.73695037360209,0.5,65.7761607832346,NA,v1,MR,NA,CBCsimpleRW_CBCdriftDiffusionLR,146.68908010214224
CBC_P016,CBC_P016_TV_prob0.9_Vset2_Tset1_2023-03-31_13h57.21.734.csv,2,26,tac,2A,0.35,1,2.2771703999997,0,1,1,0.463508949520251,0.463508949520251,CBCsimpleRW,CBCdriftDiffusionLR,0.5,0.0371823126673974,NA,NA,0.868608862996941,6.30732433320975,2.73695037360209,0.5,65.7761607832346,NA,v1,MR,NA,CBCsimpleRW_CBCdriftDiffusionLR,146.68908010214224
CBC_P016,CBC_P016_TV_prob0.9_Vset2_Tset1_2023-03-31_13h57.21.734.csv,2,27,tac,1B,0.5,1,1.8525824000003,1,1,1,0.536491050479749,0.463508949520251,CBCsimpleRW,CBCdriftDiffusionLR,0.5,0.0371823126673974,NA,NA,0.868608862996941,6.30732433320975,2.73695037360209,0.5,65.7761607832346,NA,v1,MR,NA,CBCsimpleRW_CBCdriftDiffusionLR,146.68908010214224
CBC_P016,CBC_P016_TV_prob0.9_Vset2_Tset1_2023-03-31_13h57.21.734.csv,2,28,tac,0A,0.5,1,2.3275263999999,1,1,1,0.53313659476187,0.46686340523813,CBCsimpleRW,CBCdriftDiffusionLR,0.5,0.0371823126673974,NA,NA,0.868608862996941,6.30732433320975,2.73695037360209,0.5,65.7761607832346,NA,v1,MR,NA,CBCsimpleRW_CBCdriftDiffusionLR,146.68908010214224
CBC_P016,CBC_P016_TV_prob0.9_Vset2_Tset1_2023-03-31_13h57.21.734.csv,2,29,tac,2C,0.5,1,2.30886480000026,1,1,1,0.517925596872847,0.482074403127153,CBCsimpleRW,CBCdriftDiffusionLR,0.5,0.0371823126673974,NA,NA,0.868608862996941,6.30732433320975,2.73695037360209,0.5,65.7761607832346,NA,v1,MR,NA,CBCsimpleRW_CBCdriftDiffusionLR,146.68908010214224
CBC_P016,CBC_P016_TV_prob0.9_Vset2_Tset1_2023-03-31_13h57.21.734.csv,2,30,tac,1A,0.15,1,1.3016778999995,0,1,1,0.481408843666301,0.481408843666301,CBCsimpleRW,CBCdriftDiffusionLR,0.5,0.0371823126673974,NA,NA,0.868608862996941,6.30732433320975,2.73695037360209,0.5,65.7761607832346,NA,v1,MR,NA,CBCsimpleRW_CBCdriftDiffusionLR,146.68908010214224
CBC_P016,CBC_P016_TV_prob0.9_Vset2_Tset1_2023-03-31_13h57.21.734.csv,2,31,tac,2C,0.5,1,2.25126120000004,0,0,0,0.53585023805887,-0.46414976194113,CBCsimpleRW,CBCdriftDiffusionLR,0.5,0.0371823126673974,NA,NA,0.868608862996941,6.30732433320975,2.73695037360209,0.5,65.7761607832346,NA,v1,MR,NA,CBCsimpleRW_CBCdriftDiffusionLR,146.68908010214224
CBC_P016,CBC_P016_TV_prob0.9_Vset2_Tset1_2023-03-31_13h57.21.734.csv,2,32,tac,1B,0.5,1,1.47959059999994,1,1,1,0.553725385164948,0.446274614835052,CBCsimpleRW,CBCdriftDiffusionLR,0.5,0.0371823126673974,NA,NA,0.868608862996941,6.30732433320975,2.73695037360209,0.5,65.7761607832346,NA,v1,MR,NA,CBCsimpleRW_CBCdriftDiffusionLR,146.68908010214224
CBC_P016,CBC_P016_TV_prob0.9_Vset2_Tset1_2023-03-31_13h57.21.734.csv,2,33,tac,0A,0.5,1,1.89934249999988,1,1,1,0.5504956558684,0.4495043441316,CBCsimpleRW,CBCdriftDiffusionLR,0.5,0.0371823126673974,NA,NA,0.868608862996941,6.30732433320975,2.73695037360209,0.5,65.7761607832346,NA,v1,MR,NA,CBCsimpleRW_CBCdriftDiffusionLR,146.68908010214224
CBC_P016,CBC_P016_TV_prob0.9_Vset2_Tset1_2023-03-31_13h57.21.734.csv,2,34,tac,1C,0.35,1,2.37654500000008,1,0,0,0.429681092570733,-0.429681092570733,CBCsimpleRW,CBCdriftDiffusionLR,0.5,0.0371823126673974,NA,NA,0.868608862996941,6.30732433320975,2.73695037360209,0.5,65.7761607832346,NA,v1,MR,NA,CBCsimpleRW_CBCdriftDiffusionLR,146.68908010214224
CBC_P016,CBC_P016_TV_prob0.9_Vset2_Tset1_2023-03-31_13h57.21.734.csv,2,35,tac,2A,0.35,0,1.03813200000013,0,1,0,0.446274614835052,-0.553725385164948,CBCsimpleRW,CBCdriftDiffusionLR,0.5,0.0371823126673974,NA,NA,0.868608862996941,6.30732433320975,2.73695037360209,0.5,65.7761607832346,NA,v1,MR,NA,CBCsimpleRW_CBCdriftDiffusionLR,146.68908010214224
CBC_P016,CBC_P016_TV_prob0.9_Vset2_Tset1_2023-03-31_13h57.21.734.csv,2,36,tac,0B,0.35,1,1.52548099999967,0,1,1,0.446274614835052,0.446274614835052,CBCsimpleRW,CBCdriftDiffusionLR,0.5,0.0371823126673974,NA,NA,0.868608862996941,6.30732433320975,2.73695037360209,0.5,65.7761607832346,NA,v1,MR,NA,CBCsimpleRW_CBCdriftDiffusionLR,146.68908010214224
CBC_P016,CBC_P016_TV_prob0.9_Vset2_Tset1_2023-03-31_13h57.21.734.csv,2,37,tac,2C,0.5,1,2.50650229999974,1,1,1,0.553108399631863,0.446891600368137,CBCsimpleRW,CBCdriftDiffusionLR,0.5,0.0371823126673974,NA,NA,0.868608862996941,6.30732433320975,2.73695037360209,0.5,65.7761607832346,NA,v1,MR,NA,CBCsimpleRW_CBCdriftDiffusionLR,146.68908010214224
CBC_P016,CBC_P016_TV_prob0.9_Vset2_Tset1_2023-03-31_13h57.21.734.csv,2,38,tac,0B,0.35,1,2.48681329999999,0,1,1,0.429681092570733,0.429681092570733,CBCsimpleRW,CBCdriftDiffusionLR,0.5,0.0371823126673974,NA,NA,0.868608862996941,6.30732433320975,2.73695037360209,0.5,65.7761607832346,NA,v1,MR,NA,CBCsimpleRW_CBCdriftDiffusionLR,146.68908010214224
CBC_P016,CBC_P016_TV_prob0.9_Vset2_Tset1_2023-03-31_13h57.21.734.csv,2,39,tac,1C,0.35,1,NA,NA,NA,NA,0.413704555839499,0,CBCsimpleRW,CBCdriftDiffusionLR,0.5,0.0371823126673974,NA,NA,0.868608862996941,6.30732433320975,2.73695037360209,0.5,65.7761607832346,NA,v1,MR,NA,CBCsimpleRW_CBCdriftDiffusionLR,146.68908010214224
CBC_P016,CBC_P016_TV_prob0.9_Vset2_Tset1_2023-03-31_13h57.21.734.csv,2,40,tac,2B,0.15,1,2.68114719999994,1,0,0,0.5,-0.5,CBCsimpleRW,CBCdriftDiffusionLR,0.5,0.0371823126673974,NA,NA,0.868608862996941,6.30732433320975,2.73695037360209,0.5,65.7761607832346,NA,v1,MR,NA,CBCsimpleRW_CBCdriftDiffusionLR,146.68908010214224
CBC_P016,CBC_P016_TV_prob0.9_Vset2_Tset1_2023-03-31_13h57.21.734.csv,2,41,tac,0A,0.5,1,2.24343209999961,1,1,1,0.567209266937254,0.432790733062746,CBCsimpleRW,CBCdriftDiffusionLR,0.5,0.0371823126673974,NA,NA,0.868608862996941,6.30732433320975,2.73695037360209,0.5,65.7761607832346,NA,v1,MR,NA,CBCsimpleRW_CBCdriftDiffusionLR,146.68908010214224
CBC_P016,CBC_P016_TV_prob0.9_Vset2_Tset1_2023-03-31_13h57.21.734.csv,2,42,tac,1B,0.5,0,2.3767399999997,1,1,0,0.570318907429267,-0.570318907429267,CBCsimpleRW,CBCdriftDiffusionLR,0.5,0.0371823126673974,NA,NA,0.868608862996941,6.30732433320975,2.73695037360209,0.5,65.7761607832346,NA,v1,MR,NA,CBCsimpleRW_CBCdriftDiffusionLR,146.68908010214224
CBC_P017,CBC_P017_AV_prob0.9_Vset2_Aset3_2023-03-31_15h00.39.413.csv,1,1,aud,0B,0.35,1,NA,NA,NA,NA,0.5,0,CBC2StepRW,CBCdriftDiffusionLR,0.5,0.274397990100219,NA,0.116736292863661,0.590633024938788,3.24427208106363,2.40475696174621,0.5,20.5396188230504,NA,v1,MR,NA,CBC2StepRW_CBCdriftDiffusionLR,60.000185815692106
CBC_P017,CBC_P017_AV_prob0.9_Vset2_Aset3_2023-03-31_15h00.39.413.csv,1,2,aud,2C,0.5,1,1.53325580000001,0,0,0,0.5,-0.5,CBC2StepRW,CBCdriftDiffusionLR,0.5,0.274397990100219,NA,0.116736292863661,0.590633024938788,3.24427208106363,2.40475696174621,0.5,20.5396188230504,NA,v1,MR,NA,CBC2StepRW_CBCdriftDiffusionLR,60.000185815692106
CBC_P017,CBC_P017_AV_prob0.9_Vset2_Aset3_2023-03-31_15h00.39.413.csv,1,3,aud,1B,0.5,0,1.10163000000011,1,1,0,0.5,-0.5,CBC2StepRW,CBCdriftDiffusionLR,0.5,0.274397990100219,NA,0.116736292863661,0.590633024938788,3.24427208106363,2.40475696174621,0.5,20.5396188230504,NA,v1,MR,NA,CBC2StepRW_CBCdriftDiffusionLR,60.000185815692106
CBC_P017,CBC_P017_AV_prob0.9_Vset2_Aset3_2023-03-31_15h00.39.413.csv,1,4,aud,2C,0.5,1,1.23369900000034,1,1,1,0.637198995050109,0.362801004949891,CBC2StepRW,CBCdriftDiffusionLR,0.5,0.274397990100219,NA,0.116736292863661,0.590633024938788,3.24427208106363,2.40475696174621,0.5,20.5396188230504,NA,v1,MR,NA,CBC2StepRW_CBCdriftDiffusionLR,60.000185815692106
CBC_P017,CBC_P017_AV_prob0.9_Vset2_Aset3_2023-03-31_15h00.39.413.csv,1,5,aud,1B,0.5,1,1.46714569999949,1,1,1,0.362801004949891,0.637198995050109,CBC2StepRW,CBCdriftDiffusionLR,0.5,0.274397990100219,NA,0.116736292863661,0.590633024938788,3.24427208106363,2.40475696174621,0.5,20.5396188230504,NA,v1,MR,NA,CBC2StepRW_CBCdriftDiffusionLR,60.000185815692106
CBC_P017,CBC_P017_AV_prob0.9_Vset2_Aset3_2023-03-31_15h00.39.413.csv,1,6,aud,2A,0.35,1,1.44319129999985,0,1,1,0.441631853568169,0.441631853568169,CBC2StepRW,CBCdriftDiffusionLR,0.5,0.274397990100219,NA,0.116736292863661,0.590633024938788,3.24427208106363,2.40475696174621,0.5,20.5396188230504,NA,v1,MR,NA,CBC2StepRW_CBCdriftDiffusionLR,60.000185815692106
CBC_P017,CBC_P017_AV_prob0.9_Vset2_Aset3_2023-03-31_15h00.39.413.csv,1,7,aud,0B,0.35,1,1.64113129999987,0,1,1,0.441631853568169,0.441631853568169,CBC2StepRW,CBCdriftDiffusionLR,0.5,0.274397990100219,NA,0.116736292863661,0.590633024938788,3.24427208106363,2.40475696174621,0.5,20.5396188230504,NA,v1,MR,NA,CBC2StepRW_CBCdriftDiffusionLR,60.000185815692106
CBC_P017,CBC_P017_AV_prob0.9_Vset2_Aset3_2023-03-31_15h00.39.413.csv,1,8,aud,1C,0.35,1,2.60189660000015,1,0,0,0.390077388172114,-0.390077388172114,CBC2StepRW,CBCdriftDiffusionLR,0.5,0.274397990100219,NA,0.116736292863661,0.590633024938788,3.24427208106363,2.40475696174621,0.5,20.5396188230504,NA,v1,MR,NA,CBC2StepRW_CBCdriftDiffusionLR,60.000185815692106
CBC_P017,CBC_P017_AV_prob0.9_Vset2_Aset3_2023-03-31_15h00.39.413.csv,1,9,aud,0A,0.5,1,1.58532829999967,0,0,0,0.5,-0.5,CBC2StepRW,CBCdriftDiffusionLR,0.5,0.274397990100219,NA,0.116736292863661,0.590633024938788,3.24427208106363,2.40475696174621,0.5,20.5396188230504,NA,v1,MR,NA,CBC2StepRW_CBCdriftDiffusionLR,60.000185815692106
CBC_P017,CBC_P017_AV_prob0.9_Vset2_Aset3_2023-03-31_15h00.39.413.csv,1,10,aud,2C,0.5,1,1.27869509999982,1,1,1,0.736750861614699,0.263249138385301,CBC2StepRW,CBCdriftDiffusionLR,0.5,0.274397990100219,NA,0.116736292863661,0.590633024938788,3.24427208106363,2.40475696174621,0.5,20.5396188230504,NA,v1,MR,NA,CBC2StepRW_CBCdriftDiffusionLR,60.000185815692106
CBC_P017,CBC_P017_AV_prob0.9_Vset2_Aset3_2023-03-31_15h00.39.413.csv,1,11,aud,0A,0.5,0,1.2097588000006,1,1,0,0.637198995050109,-0.637198995050109,CBC2StepRW,CBCdriftDiffusionLR,0.5,0.274397990100219,NA,0.116736292863661,0.590633024938788,3.24427208106363,2.40475696174621,0.5,20.5396188230504,NA,v1,MR,NA,CBC2StepRW_CBCdriftDiffusionLR,60.000185815692106
CBC_P017,CBC_P017_AV_prob0.9_Vset2_Aset3_2023-03-31_15h00.39.413.csv,1,12,aud,1C,0.35,1,1.32762120000007,0,1,1,0.249999787174798,0.249999787174798,CBC2StepRW,CBCdriftDiffusionLR,0.5,0.274397990100219,NA,0.116736292863661,0.590633024938788,3.24427208106363,2.40475696174621,0.5,20.5396188230504,NA,v1,MR,NA,CBC2StepRW_CBCdriftDiffusionLR,60.000185815692106
CBC_P017,CBC_P017_AV_prob0.9_Vset2_Aset3_2023-03-31_15h00.39.413.csv,1,13,aud,2B,0.15,1,2.31377079999947,1,0,0,0.344541199946962,-0.344541199946962,CBC2StepRW,CBCdriftDiffusionLR,0.5,0.274397990100219,NA,0.116736292863661,0.590633024938788,3.24427208106363,2.40475696174621,0.5,20.5396188230504,NA,v1,MR,NA,CBC2StepRW_CBCdriftDiffusionLR,60.000185815692106
CBC_P017,CBC_P017_AV_prob0.9_Vset2_Aset3_2023-03-31_15h00.39.413.csv,1,14,aud,1A,0.15,1,1.44935960000021,0,1,1,0.441631853568169,0.441631853568169,CBC2StepRW,CBCdriftDiffusionLR,0.5,0.274397990100219,NA,0.116736292863661,0.590633024938788,3.24427208106363,2.40475696174621,0.5,20.5396188230504,NA,v1,MR,NA,CBC2StepRW_CBCdriftDiffusionLR,60.000185815692106
CBC_P017,CBC_P017_AV_prob0.9_Vset2_Aset3_2023-03-31_15h00.39.413.csv,1,15,aud,2C,0.5,1,1.31687450000027,1,1,1,0.80898589608324,0.19101410391676,CBC2StepRW,CBCdriftDiffusionLR,0.5,0.274397990100219,NA,0.116736292863661,0.590633024938788,3.24427208106363,2.40475696174621,0.5,20.5396188230504,NA,v1,MR,NA,CBC2StepRW_CBCdriftDiffusionLR,60.000185815692106
CBC_P017,CBC_P017_AV_prob0.9_Vset2_Aset3_2023-03-31_15h00.39.413.csv,1,16,aud,0A,0.5,1,2.21073309999974,1,1,1,0.46235287151448,0.53764712848552,CBC2StepRW,CBCdriftDiffusionLR,0.5,0.274397990100219,NA,0.116736292863661,0.590633024938788,3.24427208106363,2.40475696174621,0.5,20.5396188230504,NA,v1,MR,NA,CBC2StepRW_CBCdriftDiffusionLR,60.000185815692106
CBC_P017,CBC_P017_AV_prob0.9_Vset2_Aset3_2023-03-31_15h00.39.413.csv,1,17,aud,1C,0.35,1,1.2767088999999,0,1,1,0.160224343893185,0.160224343893185,CBC2StepRW,CBCdriftDiffusionLR,0.5,0.274397990100219,NA,0.116736292863661,0.590633024938788,3.24427208106363,2.40475696174621,0.5,20.5396188230504,NA,v1,MR,NA,CBC2StepRW_CBCdriftDiffusionLR,60.000185815692106
CBC_P017,CBC_P017_AV_prob0.9_Vset2_Aset3_2023-03-31_15h00.39.413.csv,1,18,aud,2B,0.15,1,0.98845160000019,0,1,1,0.220815738803308,0.220815738803308,CBC2StepRW,CBCdriftDiffusionLR,0.5,0.274397990100219,NA,0.116736292863661,0.590633024938788,3.24427208106363,2.40475696174621,0.5,20.5396188230504,NA,v1,MR,NA,CBC2StepRW_CBCdriftDiffusionLR,60.000185815692106
CBC_P017,CBC_P017_AV_prob0.9_Vset2_Aset3_2023-03-31_15h00.39.413.csv,1,19,aud,1C,0.35,1,1.04610420000063,0,1,1,0.116259105963769,0.116259105963769,CBC2StepRW,CBCdriftDiffusionLR,0.5,0.274397990100219,NA,0.116736292863661,0.590633024938788,3.24427208106363,2.40475696174621,0.5,20.5396188230504,NA,v1,MR,NA,CBC2StepRW_CBCdriftDiffusionLR,60.000185815692106
CBC_P017,CBC_P017_AV_prob0.9_Vset2_Aset3_2023-03-31_15h00.39.413.csv,1,20,aud,0A,0.5,1,0.689771400000609,1,1,1,0.609882162954061,0.390117837045939,CBC2StepRW,CBCdriftDiffusionLR,0.5,0.274397990100219,NA,0.116736292863661,0.590633024938788,3.24427208106363,2.40475696174621,0.5,20.5396188230504,NA,v1,MR,NA,CBC2StepRW_CBCdriftDiffusionLR,60.000185815692106
CBC_P017,CBC_P017_AV_prob0.9_Vset2_Aset3_2023-03-31_15h00.39.413.csv,1,21,aud,2C,0.5,1,0.834681799999998,1,1,1,0.861399782278793,0.138600217721207,CBC2StepRW,CBCdriftDiffusionLR,0.5,0.274397990100219,NA,0.116736292863661,0.590633024938788,3.24427208106363,2.40475696174621,0.5,20.5396188230504,NA,v1,MR,NA,CBC2StepRW_CBCdriftDiffusionLR,60.000185815692106
CBC_P017,CBC_P017_AV_prob0.9_Vset2_Aset3_2023-03-31_15h00.39.413.csv,1,22,aud,1B,0.5,1,2.33223760000055,1,1,1,0.53764712848552,0.46235287151448,CBC2StepRW,CBCdriftDiffusionLR,0.5,0.274397990100219,NA,0.116736292863661,0.590633024938788,3.24427208106363,2.40475696174621,0.5,20.5396188230504,NA,v1,MR,NA,CBC2StepRW_CBCdriftDiffusionLR,60.000185815692106
CBC_P017,CBC_P017_AV_prob0.9_Vset2_Aset3_2023-03-31_15h00.39.413.csv,1,23,aud,0C,0.15,0,0.993735500000184,0,1,0,0.237417276921785,-0.762582723078215,CBC2StepRW,CBCdriftDiffusionLR,0.5,0.274397990100219,NA,0.116736292863661,0.590633024938788,3.24427208106363,2.40475696174621,0.5,20.5396188230504,NA,v1,MR,NA,CBC2StepRW_CBCdriftDiffusionLR,60.000185815692106
CBC_P017,CBC_P017_AV_prob0.9_Vset2_Aset3_2023-03-31_15h00.39.413.csv,1,24,aud,1B,0.5,1,1.12348659999952,1,1,1,0.664515827146158,0.335484172853842,CBC2StepRW,CBCdriftDiffusionLR,0.5,0.274397990100219,NA,0.116736292863661,0.590633024938788,3.24427208106363,2.40475696174621,0.5,20.5396188230504,NA,v1,MR,NA,CBC2StepRW_CBCdriftDiffusionLR,60.000185815692106
CBC_P017,CBC_P017_AV_prob0.9_Vset2_Aset3_2023-03-31_15h00.39.413.csv,1,25,aud,2A,0.35,1,1.0599170000005,0,1,1,0.17227045331938,0.17227045331938,CBC2StepRW,CBCdriftDiffusionLR,0.5,0.274397990100219,NA,0.116736292863661,0.590633024938788,3.24427208106363,2.40475696174621,0.5,20.5396188230504,NA,v1,MR,NA,CBC2StepRW_CBCdriftDiffusionLR,60.000185815692106
CBC_P017,CBC_P017_AV_prob0.9_Vset2_Aset3_2023-03-31_15h00.39.413.csv,1,26,aud,0B,0.35,1,1.34652809999989,0,1,1,0.195038528049459,0.195038528049459,CBC2StepRW,CBCdriftDiffusionLR,0.5,0.274397990100219,NA,0.116736292863661,0.590633024938788,3.24427208106363,2.40475696174621,0.5,20.5396188230504,NA,v1,MR,NA,CBC2StepRW_CBCdriftDiffusionLR,60.000185815692106
CBC_P017,CBC_P017_AV_prob0.9_Vset2_Aset3_2023-03-31_15h00.39.413.csv,1,27,aud,2A,0.35,1,0.9122139000000972,0,1,1,0.124999787174889,0.124999787174889,CBC2StepRW,CBCdriftDiffusionLR,0.5,0.274397990100219,NA,0.116736292863661,0.590633024938788,3.24427208106363,2.40475696174621,0.5,20.5396188230504,NA,v1,MR,NA,CBC2StepRW_CBCdriftDiffusionLR,60.000185815692106
CBC_P017,CBC_P017_AV_prob0.9_Vset2_Aset3_2023-03-31_15h00.39.413.csv,1,28,aud,1B,0.5,1,1.86706780000077,1,1,1,0.756572009887687,0.243427990112313,CBC2StepRW,CBCdriftDiffusionLR,0.5,0.274397990100219,NA,0.116736292863661,0.590633024938788,3.24427208106363,2.40475696174621,0.5,20.5396188230504,NA,v1,MR,NA,CBC2StepRW_CBCdriftDiffusionLR,60.000185815692106
CBC_P017,CBC_P017_AV_prob0.9_Vset2_Aset3_2023-03-31_15h00.39.413.csv,1,29,aud,0A,0.5,1,0.939995699999599,1,1,1,0.716929713341711,0.283070286658289,CBC2StepRW,CBCdriftDiffusionLR,0.5,0.274397990100219,NA,0.116736292863661,0.590633024938788,3.24427208106363,2.40475696174621,0.5,20.5396188230504,NA,v1,MR,NA,CBC2StepRW_CBCdriftDiffusionLR,60.000185815692106
CBC_P017,CBC_P017_AV_prob0.9_Vset2_Aset3_2023-03-31_15h00.39.413.csv,1,30,aud,1B,0.5,1,1.00303500000064,1,1,1,0.823368161108641,0.176631838891359,CBC2StepRW,CBCdriftDiffusionLR,0.5,0.274397990100219,NA,0.116736292863661,0.590633024938788,3.24427208106363,2.40475696174621,0.5,20.5396188230504,NA,v1,MR,NA,CBC2StepRW_CBCdriftDiffusionLR,60.000185815692106
CBC_P017,CBC_P017_AV_prob0.9_Vset2_Aset3_2023-03-31_15h00.39.413.csv,1,31,aud,2A,0.35,0,1.02396919999956,0,1,0,0.080112103747036,-0.919887896252964,CBC2StepRW,CBCdriftDiffusionLR,0.5,0.274397990100219,NA,0.116736292863661,0.590633024938788,3.24427208106363,2.40475696174621,0.5,20.5396188230504,NA,v1,MR,NA,CBC2StepRW_CBCdriftDiffusionLR,60.000185815692106
CBC_P017,CBC_P017_AV_prob0.9_Vset2_Aset3_2023-03-31_15h00.39.413.csv,1,32,aud,0C,0.15,1,1.04039299999931,0,1,1,0.394526025195613,0.394526025195613,CBC2StepRW,CBCdriftDiffusionLR,0.5,0.274397990100219,NA,0.116736292863661,0.590633024938788,3.24427208106363,2.40475696174621,0.5,20.5396188230504,NA,v1,MR,NA,CBC2StepRW_CBCdriftDiffusionLR,60.000185815692106
CBC_P017,CBC_P017_AV_prob0.9_Vset2_Aset3_2023-03-31_15h00.39.413.csv,1,33,aud,1B,0.5,1,1.28780569999981,1,1,1,0.871835582688136,0.128164417311864,CBC2StepRW,CBCdriftDiffusionLR,0.5,0.274397990100219,NA,0.116736292863661,0.590633024938788,3.24427208106363,2.40475696174621,0.5,20.5396188230504,NA,v1,MR,NA,CBC2StepRW_CBCdriftDiffusionLR,60.000185815692106
CBC_P017,CBC_P017_AV_prob0.9_Vset2_Aset3_2023-03-31_15h00.39.413.csv,1,34,aud,0A,0.5,1,1.36041420000038,1,1,1,0.794603631057839,0.205396368942161,CBC2StepRW,CBCdriftDiffusionLR,0.5,0.274397990100219,NA,0.116736292863661,0.590633024938788,3.24427208106363,2.40475696174621,0.5,20.5396188230504,NA,v1,MR,NA,CBC2StepRW_CBCdriftDiffusionLR,60.000185815692106
CBC_P017,CBC_P017_AV_prob0.9_Vset2_Aset3_2023-03-31_15h00.39.413.csv,1,35,aud,1C,0.35,1,0.98121540000011,0,1,1,0.0400560177737687,0.0400560177737687,CBC2StepRW,CBCdriftDiffusionLR,0.5,0.274397990100219,NA,0.116736292863661,0.590633024938788,3.24427208106363,2.40475696174621,0.5,20.5396188230504,NA,v1,MR,NA,CBC2StepRW_CBCdriftDiffusionLR,60.000185815692106
CBC_P017,CBC_P017_AV_prob0.9_Vset2_Aset3_2023-03-31_15h00.39.413.csv,1,36,aud,0B,0.35,1,0.954267299999628,0,1,1,0.0760800548473995,0.0760800548473994,CBC2StepRW,CBCdriftDiffusionLR,0.5,0.274397990100219,NA,0.116736292863661,0.590633024938788,3.24427208106363,2.40475696174621,0.5,20.5396188230504,NA,v1,MR,NA,CBC2StepRW_CBCdriftDiffusionLR,60.000185815692106
CBC_P017,CBC_P017_AV_prob0.9_Vset2_Aset3_2023-03-31_15h00.39.413.csv,1,37,aud,1A,0.15,1,1.37592070000028,0,1,1,0.104850942816307,0.104850942816307,CBC2StepRW,CBCdriftDiffusionLR,0.5,0.274397990100219,NA,0.116736292863661,0.590633024938788,3.24427208106363,2.40475696174621,0.5,20.5396188230504,NA,v1,MR,NA,CBC2StepRW_CBCdriftDiffusionLR,60.000185815692106
CBC_P017,CBC_P017_AV_prob0.9_Vset2_Aset3_2023-03-31_15h00.39.413.csv,1,38,aud,2C,0.5,1,1.10340229999929,1,1,1,0.899431403448945,0.100568596551055,CBC2StepRW,CBCdriftDiffusionLR,0.5,0.274397990100219,NA,0.116736292863661,0.590633024938788,3.24427208106363,2.40475696174621,0.5,20.5396188230504,NA,v1,MR,NA,CBC2StepRW_CBCdriftDiffusionLR,60.000185815692106
CBC_P017,CBC_P017_AV_prob0.9_Vset2_Aset3_2023-03-31_15h00.39.413.csv,1,39,aud,0A,0.5,1,1.20353570000043,1,1,1,0.850963981869451,0.149036018130549,CBC2StepRW,CBCdriftDiffusionLR,0.5,0.274397990100219,NA,0.116736292863661,0.590633024938788,3.24427208106363,2.40475696174621,0.5,20.5396188230504,NA,v1,MR,NA,CBC2StepRW_CBCdriftDiffusionLR,60.000185815692106
CBC_P017,CBC_P017_AV_prob0.9_Vset2_Aset3_2023-03-31_15h00.39.413.csv,1,40,aud,2C,0.5,1,0.949244299999918,1,1,1,0.927027224209754,0.0729727757902455,CBC2StepRW,CBCdriftDiffusionLR,0.5,0.274397990100219,NA,0.116736292863661,0.590633024938788,3.24427208106363,2.40475696174621,0.5,20.5396188230504,NA,v1,MR,NA,CBC2StepRW_CBCdriftDiffusionLR,60.000185815692106
CBC_P017,CBC_P017_AV_prob0.9_Vset2_Aset3_2023-03-31_15h00.39.413.csv,1,41,aud,0B,0.35,1,0.887155200000052,0,1,1,0.048759548994172,0.048759548994172,CBC2StepRW,CBCdriftDiffusionLR,0.5,0.274397990100219,NA,0.116736292863661,0.590633024938788,3.24427208106363,2.40475696174621,0.5,20.5396188230504,NA,v1,MR,NA,CBC2StepRW_CBCdriftDiffusionLR,60.000185815692106
CBC_P017,CBC_P017_AV_prob0.9_Vset2_Aset3_2023-03-31_15h00.39.413.csv,1,42,aud,1C,0.35,1,1.12141619999966,0,1,1,0.0226749855962697,0.0226749855962697,CBC2StepRW,CBCdriftDiffusionLR,0.5,0.274397990100219,NA,0.116736292863661,0.590633024938788,3.24427208106363,2.40475696174621,0.5,20.5396188230504,NA,v1,MR,NA,CBC2StepRW_CBCdriftDiffusionLR,60.000185815692106
CBC_P017,CBC_P017_TV_prob0.9_Vset3_Tset1_2023-03-31_15h08.21.412.csv,2,1,tac,2C,0.5,1,-0.352784400000019,1,1,1,0.5,0.5,CBC2StepRW,CBCdriftDiffusionLR,0.5,0.212962708991845,NA,0.140260004740292,0.686975493602908,2.64040749132908,2.23911149401898,0.5,33.7107097641725,NA,v1,MR,NA,CBC2StepRW_CBCdriftDiffusionLR,86.34236769793631
CBC_P017,CBC_P017_TV_prob0.9_Vset3_Tset1_2023-03-31_15h08.21.412.csv,2,2,tac,1B,0.5,1,2.51872889999959,1,1,1,0.5,0.5,CBC2StepRW,CBCdriftDiffusionLR,0.5,0.212962708991845,NA,0.140260004740292,0.686975493602908,2.64040749132908,2.23911149401898,0.5,33.7107097641725,NA,v1,MR,NA,CBC2StepRW_CBCdriftDiffusionLR,86.34236769793631
CBC_P017,CBC_P017_TV_prob0.9_Vset3_Tset1_2023-03-31_15h08.21.412.csv,2,3,tac,0C,0.15,1,2.58140089999961,0,1,1,0.429869997629854,0.429869997629854,CBC2StepRW,CBCdriftDiffusionLR,0.5,0.212962708991845,NA,0.140260004740292,0.686975493602908,2.64040749132908,2.23911149401898,0.5,33.7107097641725,NA,v1,MR,NA,CBC2StepRW_CBCdriftDiffusionLR,86.34236769793631
CBC_P017,CBC_P017_TV_prob0.9_Vset3_Tset1_2023-03-31_15h08.21.412.csv,2,4,tac,2A,0.35,1,NA,NA,NA,NA,0.429869997629854,0,CBC2StepRW,CBCdriftDiffusionLR,0.5,0.212962708991845,NA,0.140260004740292,0.686975493602908,2.64040749132908,2.23911149401898,0.5,33.7107097641725,NA,v1,MR,NA,CBC2StepRW_CBCdriftDiffusionLR,86.34236769793631
CBC_P017,CBC_P017_TV_prob0.9_Vset3_Tset1_2023-03-31_15h08.21.412.csv,2,5,tac,1C,0.35,1,2.17507699999987,0,1,1,0.369576429724581,0.369576429724581,CBC2StepRW,CBCdriftDiffusionLR,0.5,0.212962708991845,NA,0.140260004740292,0.686975493602908,2.64040749132908,2.23911149401898,0.5,33.7107097641725,NA,v1,MR,NA,CBC2StepRW_CBCdriftDiffusionLR,86.34236769793631
CBC_P017,CBC_P017_TV_prob0.9_Vset3_Tset1_2023-03-31_15h08.21.412.csv,2,6,tac,2A,0.35,1,2.45836099999906,1,0,0,0.429869997629854,-0.429869997629854,CBC2StepRW,CBCdriftDiffusionLR,0.5,0.212962708991845,NA,0.140260004740292,0.686975493602908,2.64040749132908,2.23911149401898,0.5,33.7107097641725,NA,v1,MR,NA,CBC2StepRW_CBCdriftDiffusionLR,86.34236769793631
CBC_P017,CBC_P017_TV_prob0.9_Vset3_Tset1_2023-03-31_15h08.21.412.csv,2,7,tac,1B,0.5,0,1.34067349999896,1,1,0,0.606481354495923,-0.606481354495923,CBC2StepRW,CBCdriftDiffusionLR,0.5,0.212962708991845,NA,0.140260004740292,0.686975493602908,2.64040749132908,2.23911149401898,0.5,33.7107097641725,NA,v1,MR,NA,CBC2StepRW_CBCdriftDiffusionLR,86.34236769793631
CBC_P017,CBC_P017_TV_prob0.9_Vset3_Tset1_2023-03-31_15h08.21.412.csv,2,8,tac,0A,0.5,1,2.34394359999988,1,1,1,0.5,0.5,CBC2StepRW,CBCdriftDiffusionLR,0.5,0.212962708991845,NA,0.140260004740292,0.686975493602908,2.64040749132908,2.23911149401898,0.5,33.7107097641725,NA,v1,MR,NA,CBC2StepRW_CBCdriftDiffusionLR,86.34236769793631
CBC_P017,CBC_P017_TV_prob0.9_Vset3_Tset1_2023-03-31_15h08.21.412.csv,2,9,tac,1B,0.5,1,1.23230479999984,1,1,1,0.477323442289427,0.522676557710573,CBC2StepRW,CBCdriftDiffusionLR,0.5,0.212962708991845,NA,0.140260004740292,0.686975493602908,2.64040749132908,2.23911149401898,0.5,33.7107097641725,NA,v1,MR,NA,CBC2StepRW_CBCdriftDiffusionLR,86.34236769793631
CBC_P017,CBC_P017_TV_prob0.9_Vset3_Tset1_2023-03-31_15h08.21.412.csv,2,10,tac,2C,0.5,1,2.19464249999965,1,1,1,0.606481354495923,0.393518645504077,CBC2StepRW,CBCdriftDiffusionLR,0.5,0.212962708991845,NA,0.140260004740292,0.686975493602908,2.64040749132908,2.23911149401898,0.5,33.7107097641725,NA,v1,MR,NA,CBC2StepRW_CBCdriftDiffusionLR,86.34236769793631
CBC_P017,CBC_P017_TV_prob0.9_Vset3_Tset1_2023-03-31_15h08.21.412.csv,2,11,tac,0B,0.35,1,1.09066619999885,0,1,1,0.317739637939511,0.317739637939511,CBC2StepRW,CBCdriftDiffusionLR,0.5,0.212962708991845,NA,0.140260004740292,0.686975493602908,2.64040749132908,2.23911149401898,0.5,33.7107097641725,NA,v1,MR,NA,CBC2StepRW_CBCdriftDiffusionLR,86.34236769793631
CBC_P017,CBC_P017_TV_prob0.9_Vset3_Tset1_2023-03-31_15h08.21.412.csv,2,12,tac,1C,0.35,1,0.883107199999358,0,1,1,0.214997711594419,0.214997711594419,CBC2StepRW,CBCdriftDiffusionLR,0.5,0.212962708991845,NA,0.140260004740292,0.686975493602908,2.64040749132908,2.23911149401898,0.5,33.7107097641725,NA,v1,MR,NA,CBC2StepRW_CBCdriftDiffusionLR,86.34236769793631
CBC_P017,CBC_P017_TV_prob0.9_Vset3_Tset1_2023-03-31_15h08.21.412.csv,2,13,tac,0A,0.5,1,2.18986779999977,1,1,1,0.606481354495923,0.393518645504077,CBC2StepRW,CBCdriftDiffusionLR,0.5,0.212962708991845,NA,0.140260004740292,0.686975493602908,2.64040749132908,2.23911149401898,0.5,33.7107097641725,NA,v1,MR,NA,CBC2StepRW_CBCdriftDiffusionLR,86.34236769793631
CBC_P017,CBC_P017_TV_prob0.9_Vset3_Tset1_2023-03-31_15h08.21.412.csv,2,14,tac,2B,0.15,1,0.997862999999597,0,1,1,0.273173474815937,0.273173474815937,CBC2StepRW,CBCdriftDiffusionLR,0.5,0.212962708991845,NA,0.140260004740292,0.686975493602908,2.64040749132908,2.23911149401898,0.5,33.7107097641725,NA,v1,MR,NA,CBC2StepRW_CBCdriftDiffusionLR,86.34236769793631
CBC_P017,CBC_P017_TV_prob0.9_Vset3_Tset1_2023-03-31_15h08.21.412.csv,2,15,tac,1A,0.15,1,0.864547299999685,0,1,1,0.273173474815937,0.273173474815937,CBC2StepRW,CBCdriftDiffusionLR,0.5,0.212962708991845,NA,0.140260004740292,0.686975493602908,2.64040749132908,2.23911149401898,0.5,33.7107097641725,NA,v1,MR,NA,CBC2StepRW_CBCdriftDiffusionLR,86.34236769793631
CBC_P017,CBC_P017_TV_prob0.9_Vset3_Tset1_2023-03-31_15h08.21.412.csv,2,16,tac,0C,0.15,1,2.18751109999903,1,0,0,0.214997711594419,-0.214997711594419,CBC2StepRW,CBCdriftDiffusionLR,0.5,0.212962708991845,NA,0.140260004740292,0.686975493602908,2.64040749132908,2.23911149401898,0.5,33.7107097641725,NA,v1,MR,NA,CBC2StepRW_CBCdriftDiffusionLR,86.34236769793631
CBC_P017,CBC_P017_TV_prob0.9_Vset3_Tset1_2023-03-31_15h08.21.412.csv,2,17,tac,1B,0.5,1,0.963852899999438,1,1,1,0.588634057946003,0.411365942053997,CBC2StepRW,CBCdriftDiffusionLR,0.5,0.212962708991845,NA,0.140260004740292,0.686975493602908,2.64040749132908,2.23911149401898,0.5,33.7107097641725,NA,v1,MR,NA,CBC2StepRW_CBCdriftDiffusionLR,86.34236769793631
CBC_P017,CBC_P017_TV_prob0.9_Vset3_Tset1_2023-03-31_15h08.21.412.csv,2,18,tac,2C,0.5,0,1.67778349999935,1,1,0,0.690286151281273,-0.690286151281273,CBC2StepRW,CBCdriftDiffusionLR,0.5,0.212962708991845,NA,0.140260004740292,0.686975493602908,2.64040749132908,2.23911149401898,0.5,33.7107097641725,NA,v1,MR,NA,CBC2StepRW_CBCdriftDiffusionLR,86.34236769793631
CBC_P017,CBC_P017_TV_prob0.9_Vset3_Tset1_2023-03-31_15h08.21.412.csv,2,19,tac,0B,0.35,1,1.09170040000026,0,1,1,0.184842131547034,0.184842131547034,CBC2StepRW,CBCdriftDiffusionLR,0.5,0.212962708991845,NA,0.140260004740292,0.686975493602908,2.64040749132908,2.23911149401898,0.5,33.7107097641725,NA,v1,MR,NA,CBC2StepRW_CBCdriftDiffusionLR,86.34236769793631
CBC_P017,CBC_P017_TV_prob0.9_Vset3_Tset1_2023-03-31_15h08.21.412.csv,2,20,tac,1C,0.35,1,1.00568879999901,0,1,1,0.145477650476951,0.145477650476951,CBC2StepRW,CBCdriftDiffusionLR,0.5,0.212962708991845,NA,0.140260004740292,0.686975493602908,2.64040749132908,2.23911149401898,0.5,33.7107097641725,NA,v1,MR,NA,CBC2StepRW_CBCdriftDiffusionLR,86.34236769793631
CBC_P017,CBC_P017_TV_prob0.9_Vset3_Tset1_2023-03-31_15h08.21.412.csv,2,21,tac,0A,0.5,1,1.01272649999919,0,0,0,0.690286151281273,-0.309713848718727,CBC2StepRW,CBCdriftDiffusionLR,0.5,0.212962708991845,NA,0.140260004740292,0.686975493602908,2.64040749132908,2.23911149401898,0.5,33.7107097641725,NA,v1,MR,NA,CBC2StepRW_CBCdriftDiffusionLR,86.34236769793631
CBC_P017,CBC_P017_TV_prob0.9_Vset3_Tset1_2023-03-31_15h08.21.412.csv,2,22,tac,1C,0.35,1,0.986884699999791,0,1,1,0.11449633593361,0.11449633593361,CBC2StepRW,CBCdriftDiffusionLR,0.5,0.212962708991845,NA,0.140260004740292,0.686975493602908,2.64040749132908,2.23911149401898,0.5,33.7107097641725,NA,v1,MR,NA,CBC2StepRW_CBCdriftDiffusionLR,86.34236769793631
CBC_P017,CBC_P017_TV_prob0.9_Vset3_Tset1_2023-03-31_15h08.21.412.csv,2,23,tac,0A,0.5,1,2.02443609999955,1,1,1,0.756243651516703,0.243756348483297,CBC2StepRW,CBCdriftDiffusionLR,0.5,0.212962708991845,NA,0.140260004740292,0.686975493602908,2.64040749132908,2.23911149401898,0.5,33.7107097641725,NA,v1,MR,NA,CBC2StepRW_CBCdriftDiffusionLR,86.34236769793631
CBC_P017,CBC_P017_TV_prob0.9_Vset3_Tset1_2023-03-31_15h08.21.412.csv,2,24,tac,2C,0.5,1,1.72603779999918,1,1,1,0.543280942524858,0.456719057475142,CBC2StepRW,CBCdriftDiffusionLR,0.5,0.212962708991845,NA,0.140260004740292,0.686975493602908,2.64040749132908,2.23911149401898,0.5,33.7107097641725,NA,v1,MR,NA,CBC2StepRW_CBCdriftDiffusionLR,86.34236769793631
CBC_P017,CBC_P017_TV_prob0.9_Vset3_Tset1_2023-03-31_15h08.21.412.csv,2,25,tac,0B,0.35,1,1.23829709999973,0,1,1,0.125072954531447,0.125072954531447,CBC2StepRW,CBCdriftDiffusionLR,0.5,0.212962708991845,NA,0.140260004740292,0.686975493602908,2.64040749132908,2.23911149401898,0.5,33.7107097641725,NA,v1,MR,NA,CBC2StepRW_CBCdriftDiffusionLR,86.34236769793631
CBC_P017,CBC_P017_TV_prob0.9_Vset3_Tset1_2023-03-31_15h08.21.412.csv,2,26,tac,2A,0.35,1,1.90320269999938,0,1,1,0.158916173300041,0.158916173300041,CBC2StepRW,CBCdriftDiffusionLR,0.5,0.212962708991845,NA,0.140260004740292,0.686975493602908,2.64040749132908,2.23911149401898,0.5,33.7107097641725,NA,v1,MR,NA,CBC2StepRW_CBCdriftDiffusionLR,86.34236769793631
CBC_P017,CBC_P017_TV_prob0.9_Vset3_Tset1_2023-03-31_15h08.21.412.csv,2,27,tac,1B,0.5,1,1.08485629999996,1,1,1,0.676239663352805,0.323760336647195,CBC2StepRW,CBCdriftDiffusionLR,0.5,0.212962708991845,NA,0.140260004740292,0.686975493602908,2.64040749132908,2.23911149401898,0.5,33.7107097641725,NA,v1,MR,NA,CBC2StepRW_CBCdriftDiffusionLR,86.34236769793631
CBC_P017,CBC_P017_TV_prob0.9_Vset3_Tset1_2023-03-31_15h08.21.412.csv,2,28,tac,0A,0.5,0,1.62357119999888,1,1,0,0.808154663823666,-0.808154663823666,CBC2StepRW,CBCdriftDiffusionLR,0.5,0.212962708991845,NA,0.140260004740292,0.686975493602908,2.64040749132908,2.23911149401898,0.5,33.7107097641725,NA,v1,MR,NA,CBC2StepRW_CBCdriftDiffusionLR,86.34236769793631
CBC_P017,CBC_P017_TV_prob0.9_Vset3_Tset1_2023-03-31_15h08.21.412.csv,2,29,tac,2C,0.5,1,2.03147199999967,1,1,1,0.640545070252967,0.359454929747033,CBC2StepRW,CBCdriftDiffusionLR,0.5,0.212962708991845,NA,0.140260004740292,0.686975493602908,2.64040749132908,2.23911149401898,0.5,33.7107097641725,NA,v1,MR,NA,CBC2StepRW_CBCdriftDiffusionLR,86.34236769793631
CBC_P017,CBC_P017_TV_prob0.9_Vset3_Tset1_2023-03-31_15h08.21.412.csv,2,30,tac,1A,0.15,1,1.59234419999939,0,1,1,0.136626590079668,0.136626590079668,CBC2StepRW,CBCdriftDiffusionLR,0.5,0.212962708991845,NA,0.140260004740292,0.686975493602908,2.64040749132908,2.23911149401898,0.5,33.7107097641725,NA,v1,MR,NA,CBC2StepRW_CBCdriftDiffusionLR,86.34236769793631
CBC_P017,CBC_P017_TV_prob0.9_Vset3_Tset1_2023-03-31_15h08.21.412.csv,2,31,tac,2C,0.5,1,1.86300119999942,1,1,1,0.717095565852368,0.282904434147632,CBC2StepRW,CBCdriftDiffusionLR,0.5,0.212962708991845,NA,0.140260004740292,0.686975493602908,2.64040749132908,2.23911149401898,0.5,33.7107097641725,NA,v1,MR,NA,CBC2StepRW_CBCdriftDiffusionLR,86.34236769793631
CBC_P017,CBC_P017_TV_prob0.9_Vset3_Tset1_2023-03-31_15h08.21.412.csv,2,32,tac,1B,0.5,1,1.14918439999929,1,1,1,0.745188541709303,0.254811458290697,CBC2StepRW,CBCdriftDiffusionLR,0.5,0.212962708991845,NA,0.140260004740292,0.686975493602908,2.64040749132908,2.23911149401898,0.5,33.7107097641725,NA,v1,MR,NA,CBC2StepRW_CBCdriftDiffusionLR,86.34236769793631
CBC_P017,CBC_P017_TV_prob0.9_Vset3_Tset1_2023-03-31_15h08.21.412.csv,2,33,tac,0A,0.5,1,1.48238719999972,1,1,1,0.636047857331384,0.363952142668616,CBC2StepRW,CBCdriftDiffusionLR,0.5,0.212962708991845,NA,0.140260004740292,0.686975493602908,2.64040749132908,2.23911149401898,0.5,33.7107097641725,NA,v1,MR,NA,CBC2StepRW_CBCdriftDiffusionLR,86.34236769793631
CBC_P017,CBC_P017_TV_prob0.9_Vset3_Tset1_2023-03-31_15h08.21.412.csv,2,34,tac,1C,0.35,1,0.85177769999973,0,1,1,0.0423274935765876,0.0423274935765876,CBC2StepRW,CBCdriftDiffusionLR,0.5,0.212962708991845,NA,0.140260004740292,0.686975493602908,2.64040749132908,2.23911149401898,0.5,33.7107097641725,NA,v1,MR,NA,CBC2StepRW_CBCdriftDiffusionLR,86.34236769793631
CBC_P017,CBC_P017_TV_prob0.9_Vset3_Tset1_2023-03-31_15h08.21.412.csv,2,35,tac,2A,0.35,1,1.77752450000025,0,1,1,0.0794812705776938,0.0794812705776937,CBC2StepRW,CBCdriftDiffusionLR,0.5,0.212962708991845,NA,0.140260004740292,0.686975493602908,2.64040749132908,2.23911149401898,0.5,33.7107097641725,NA,v1,MR,NA,CBC2StepRW_CBCdriftDiffusionLR,86.34236769793631
CBC_P017,CBC_P017_TV_prob0.9_Vset3_Tset1_2023-03-31_15h08.21.412.csv,2,36,tac,0B,0.35,1,1.0508422999992,0,1,1,0.0625547238813542,0.0625547238813542,CBC2StepRW,CBCdriftDiffusionLR,0.5,0.212962708991845,NA,0.140260004740292,0.686975493602908,2.64040749132908,2.23911149401898,0.5,33.7107097641725,NA,v1,MR,NA,CBC2StepRW_CBCdriftDiffusionLR,86.34236769793631
CBC_P017,CBC_P017_TV_prob0.9_Vset3_Tset1_2023-03-31_15h08.21.412.csv,2,37,tac,2C,0.5,0,1.343370399999,1,1,0,0.777343660534253,-0.777343660534253,CBC2StepRW,CBCdriftDiffusionLR,0.5,0.212962708991845,NA,0.140260004740292,0.686975493602908,2.64040749132908,2.23911149401898,0.5,33.7107097641725,NA,v1,MR,NA,CBC2StepRW_CBCdriftDiffusionLR,86.34236769793631
CBC_P017,CBC_P017_TV_prob0.9_Vset3_Tset1_2023-03-31_15h08.21.412.csv,2,38,tac,0B,0.35,1,1.07130889999917,0,1,1,0.0492329004233442,0.0492329004233442,CBC2StepRW,CBCdriftDiffusionLR,0.5,0.212962708991845,NA,0.140260004740292,0.686975493602908,2.64040749132908,2.23911149401898,0.5,33.7107097641725,NA,v1,MR,NA,CBC2StepRW_CBCdriftDiffusionLR,86.34236769793631
CBC_P017,CBC_P017_TV_prob0.9_Vset3_Tset1_2023-03-31_15h08.21.412.csv,2,39,tac,1C,0.35,1,1.25809559999925,0,1,1,0.0333133158796826,0.0333133158796826,CBC2StepRW,CBCdriftDiffusionLR,0.5,0.212962708991845,NA,0.140260004740292,0.686975493602908,2.64040749132908,2.23911149401898,0.5,33.7107097641725,NA,v1,MR,NA,CBC2StepRW_CBCdriftDiffusionLR,86.34236769793631
CBC_P017,CBC_P017_TV_prob0.9_Vset3_Tset1_2023-03-31_15h08.21.412.csv,2,40,tac,2B,0.15,1,0.888715199999751,0,1,1,0.0868233665296476,0.0868233665296476,CBC2StepRW,CBCdriftDiffusionLR,0.5,0.212962708991845,NA,0.140260004740292,0.686975493602908,2.64040749132908,2.23911149401898,0.5,33.7107097641725,NA,v1,MR,NA,CBC2StepRW_CBCdriftDiffusionLR,86.34236769793631
CBC_P017,CBC_P017_TV_prob0.9_Vset3_Tset1_2023-03-31_15h08.21.412.csv,2,41,tac,0A,0.5,1,1.68030509999971,1,1,1,0.713556091577479,0.286443908422521,CBC2StepRW,CBCdriftDiffusionLR,0.5,0.212962708991845,NA,0.140260004740292,0.686975493602908,2.64040749132908,2.23911149401898,0.5,33.7107097641725,NA,v1,MR,NA,CBC2StepRW_CBCdriftDiffusionLR,86.34236769793631
CBC_P017,CBC_P017_TV_prob0.9_Vset3_Tset1_2023-03-31_15h08.21.412.csv,2,42,tac,1B,0.5,1,1.0310685000004,1,1,1,0.799453880149053,0.200546119850947,CBC2StepRW,CBCdriftDiffusionLR,0.5,0.212962708991845,NA,0.140260004740292,0.686975493602908,2.64040749132908,2.23911149401898,0.5,33.7107097641725,NA,v1,MR,NA,CBC2StepRW_CBCdriftDiffusionLR,86.34236769793631
CBC_P018,CBC_P018_AV_prob0.9_Vset4_Aset1_2023-03-31_16h21.18.455.csv,1,1,aud,0B,0.35,1,2.14745819999735,1,0,0,0.5,-0.5,CBC2StepRW,CBCdriftDiffusionLR,0.5,0.166147716607604,NA,0.14926205097959,0.58167342819827,2.04650987839521,2.80490758766203,0.5,52.6521118488184,NA,v1,MR,NA,CBC2StepRW_CBCdriftDiffusionLR,124.22517186722811
CBC_P018,CBC_P018_AV_prob0.9_Vset4_Aset1_2023-03-31_16h21.18.455.csv,1,2,aud,2C,0.5,1,2.31589179999901,0,0,0,0.5,-0.5,CBC2StepRW,CBCdriftDiffusionLR,0.5,0.166147716607604,NA,0.14926205097959,0.58167342819827,2.04650987839521,2.80490758766203,0.5,52.6521118488184,NA,v1,MR,NA,CBC2StepRW_CBCdriftDiffusionLR,124.22517186722811
CBC_P018,CBC_P018_AV_prob0.9_Vset4_Aset1_2023-03-31_16h21.18.455.csv,1,3,aud,1B,0.5,1,1.40554639999937,1,1,1,0.5,0.5,CBC2StepRW,CBCdriftDiffusionLR,0.5,0.166147716607604,NA,0.14926205097959,0.58167342819827,2.04650987839521,2.80490758766203,0.5,52.6521118488184,NA,v1,MR,NA,CBC2StepRW_CBCdriftDiffusionLR,124.22517186722811
CBC_P018,CBC_P018_AV_prob0.9_Vset4_Aset1_2023-03-31_16h21.18.455.csv,1,4,aud,2C,0.5,1,1.95399929999803,1,1,1,0.583073858303802,0.416926141696198,CBC2StepRW,CBCdriftDiffusionLR,0.5,0.166147716607604,NA,0.14926205097959,0.58167342819827,2.04650987839521,2.80490758766203,0.5,52.6521118488184,NA,v1,MR,NA,CBC2StepRW_CBCdriftDiffusionLR,124.22517186722811
CBC_P018,CBC_P018_AV_prob0.9_Vset4_Aset1_2023-03-31_16h21.18.455.csv,1,5,aud,1B,0.5,1,2.2538973999981,1,1,1,0.583073858303802,0.416926141696198,CBC2StepRW,CBCdriftDiffusionLR,0.5,0.166147716607604,NA,0.14926205097959,0.58167342819827,2.04650987839521,2.80490758766203,0.5,52.6521118488184,NA,v1,MR,NA,CBC2StepRW_CBCdriftDiffusionLR,124.22517186722811
CBC_P018,CBC_P018_AV_prob0.9_Vset4_Aset1_2023-03-31_16h21.18.455.csv,1,6,aud,2A,0.35,1,2.31406179999794,0,1,1,0.425368974510205,0.425368974510205,CBC2StepRW,CBCdriftDiffusionLR,0.5,0.166147716607604,NA,0.14926205097959,0.58167342819827,2.04650987839521,2.80490758766203,0.5,52.6521118488184,NA,v1,MR,NA,CBC2StepRW_CBCdriftDiffusionLR,124.22517186722811
CBC_P018,CBC_P018_AV_prob0.9_Vset4_Aset1_2023-03-31_16h21.18.455.csv,1,7,aud,0B,0.35,1,2.76006649999908,0,1,1,0.301752403824796,0.301752403824796,CBC2StepRW,CBCdriftDiffusionLR,0.5,0.166147716607604,NA,0.14926205097959,0.58167342819827,2.04650987839521,2.80490758766203,0.5,52.6521118488184,NA,v1,MR,NA,CBC2StepRW_CBCdriftDiffusionLR,124.22517186722811
CBC_P018,CBC_P018_AV_prob0.9_Vset4_Aset1_2023-03-31_16h21.18.455.csv,1,8,aud,1C,0.35,1,2.85942149999937,0,1,1,0.307862946776967,0.307862946776966,CBC2StepRW,CBCdriftDiffusionLR,0.5,0.166147716607604,NA,0.14926205097959,0.58167342819827,2.04650987839521,2.80490758766203,0.5,52.6521118488184,NA,v1,MR,NA,CBC2StepRW_CBCdriftDiffusionLR,124.22517186722811
CBC_P018,CBC_P018_AV_prob0.9_Vset4_Aset1_2023-03-31_16h21.18.455.csv,1,9,aud,0A,0.5,0,2.38050599999951,1,1,0,0.5,-0.5,CBC2StepRW,CBCdriftDiffusionLR,0.5,0.166147716607604,NA,0.14926205097959,0.58167342819827,2.04650987839521,2.80490758766203,0.5,52.6521118488184,NA,v1,MR,NA,CBC2StepRW_CBCdriftDiffusionLR,124.22517186722811
CBC_P018,CBC_P018_AV_prob0.9_Vset4_Aset1_2023-03-31_16h21.18.455.csv,1,10,aud,2C,0.5,1,2.31192909999845,1,1,1,0.652345184740644,0.347654815259356,CBC2StepRW,CBCdriftDiffusionLR,0.5,0.166147716607604,NA,0.14926205097959,0.58167342819827,2.04650987839521,2.80490758766203,0.5,52.6521118488184,NA,v1,MR,NA,CBC2StepRW_CBCdriftDiffusionLR,124.22517186722811
CBC_P018,CBC_P018_AV_prob0.9_Vset4_Aset1_2023-03-31_16h21.18.455.csv,1,11,aud,0A,0.5,1,2.47150609999881,1,1,1,0.416926141696198,0.583073858303802,CBC2StepRW,CBCdriftDiffusionLR,0.5,0.166147716607604,NA,0.14926205097959,0.58167342819827,2.04650987839521,2.80490758766203,0.5,52.6521118488184,NA,v1,MR,NA,CBC2StepRW_CBCdriftDiffusionLR,124.22517186722811
CBC_P018,CBC_P018_AV_prob0.9_Vset4_Aset1_2023-03-31_16h21.18.455.csv,1,12,aud,1C,0.35,1,2.39987599999768,0,1,1,0.218394828502721,0.218394828502721,CBC2StepRW,CBCdriftDiffusionLR,0.5,0.166147716607604,NA,0.14926205097959,0.58167342819827,2.04650987839521,2.80490758766203,0.5,52.6521118488184,NA,v1,MR,NA,CBC2StepRW_CBCdriftDiffusionLR,124.22517186722811
CBC_P018,CBC_P018_AV_prob0.9_Vset4_Aset1_2023-03-31_16h21.18.455.csv,1,13,aud,2B,0.15,1,2.08432229999744,0,1,1,0.261910691920416,0.261910691920416,CBC2StepRW,CBCdriftDiffusionLR,0.5,0.166147716607604,NA,0.14926205097959,0.58167342819827,2.04650987839521,2.80490758766203,0.5,52.6521118488184,NA,v1,MR,NA,CBC2StepRW_CBCdriftDiffusionLR,124.22517186722811
CBC_P018,CBC_P018_AV_prob0.9_Vset4_Aset1_2023-03-31_16h21.18.455.csv,1,14,aud,1A,0.15,1,1.26259479999862,0,1,1,0.307862946776967,0.307862946776966,CBC2StepRW,CBCdriftDiffusionLR,0.5,0.166147716607604,NA,0.14926205097959,0.58167342819827,2.04650987839521,2.80490758766203,0.5,52.6521118488184,NA,v1,MR,NA,CBC2StepRW_CBCdriftDiffusionLR,124.22517186722811
CBC_P018,CBC_P018_AV_prob0.9_Vset4_Aset1_2023-03-31_16h21.18.455.csv,1,15,aud,2C,0.5,1,2.35970939999788,1,1,1,0.710107238463624,0.289892761536376,CBC2StepRW,CBCdriftDiffusionLR,0.5,0.166147716607604,NA,0.14926205097959,0.58167342819827,2.04650987839521,2.80490758766203,0.5,52.6521118488184,NA,v1,MR,NA,CBC2StepRW_CBCdriftDiffusionLR,124.22517186722811
CBC_P018,CBC_P018_AV_prob0.9_Vset4_Aset1_2023-03-31_16h21.18.455.csv,1,16,aud,0A,0.5,1,2.3260225999984,1,1,1,0.51380253186696,0.48619746813304,CBC2StepRW,CBCdriftDiffusionLR,0.5,0.166147716607604,NA,0.14926205097959,0.58167342819827,2.04650987839521,2.80490758766203,0.5,52.6521118488184,NA,v1,MR,NA,CBC2StepRW_CBCdriftDiffusionLR,124.22517186722811
CBC_P018,CBC_P018_AV_prob0.9_Vset4_Aset1_2023-03-31_16h21.18.455.csv,1,17,aud,1C,0.35,1,2.36037479999868,0,1,1,0.154927059641533,0.154927059641533,CBC2StepRW,CBCdriftDiffusionLR,0.5,0.166147716607604,NA,0.14926205097959,0.58167342819827,2.04650987839521,2.80490758766203,0.5,52.6521118488184,NA,v1,MR,NA,CBC2StepRW_CBCdriftDiffusionLR,124.22517186722811
CBC_P018,CBC_P018_AV_prob0.9_Vset4_Aset1_2023-03-31_16h21.18.455.csv,1,18,aud,2B,0.15,1,2.29593359999853,0,1,1,0.185796768477069,0.185796768477069,CBC2StepRW,CBCdriftDiffusionLR,0.5,0.166147716607604,NA,0.14926205097959,0.58167342819827,2.04650987839521,2.80490758766203,0.5,52.6521118488184,NA,v1,MR,NA,CBC2StepRW_CBCdriftDiffusionLR,124.22517186722811
CBC_P018,CBC_P018_AV_prob0.9_Vset4_Aset1_2023-03-31_16h21.18.455.csv,1,19,aud,1C,0.35,0,2.39064679999865,0,1,0,0.129186282441362,-0.870813717558638,CBC2StepRW,CBCdriftDiffusionLR,0.5,0.166147716607604,NA,0.14926205097959,0.58167342819827,2.04650987839521,2.80490758766203,0.5,52.6521118488184,NA,v1,MR,NA,CBC2StepRW_CBCdriftDiffusionLR,124.22517186722811
CBC_P018,CBC_P018_AV_prob0.9_Vset4_Aset1_2023-03-31_16h21.18.455.csv,1,20,aud,0A,0.5,1,2.22247679999782,1,1,1,0.594583131017663,0.405416868982337,CBC2StepRW,CBCdriftDiffusionLR,0.5,0.166147716607604,NA,0.14926205097959,0.58167342819827,2.04650987839521,2.80490758766203,0.5,52.6521118488184,NA,v1,MR,NA,CBC2StepRW_CBCdriftDiffusionLR,124.22517186722811
CBC_P018,CBC_P018_AV_prob0.9_Vset4_Aset1_2023-03-31_16h21.18.455.csv,1,21,aud,2C,0.5,0,2.32694079999965,1,1,0,0.758272258853966,-0.758272258853966,CBC2StepRW,CBCdriftDiffusionLR,0.5,0.166147716607604,NA,0.14926205097959,0.58167342819827,2.04650987839521,2.80490758766203,0.5,52.6521118488184,NA,v1,MR,NA,CBC2StepRW_CBCdriftDiffusionLR,124.22517186722811
CBC_P018,CBC_P018_AV_prob0.9_Vset4_Aset1_2023-03-31_16h21.18.455.csv,1,22,aud,1B,0.5,1,2.27523079999992,1,1,1,0.652345184740644,0.347654815259356,CBC2StepRW,CBCdriftDiffusionLR,0.5,0.166147716607604,NA,0.14926205097959,0.58167342819827,2.04650987839521,2.80490758766203,0.5,52.6521118488184,NA,v1,MR,NA,CBC2StepRW_CBCdriftDiffusionLR,124.22517186722811
CBC_P018,CBC_P018_AV_prob0.9_Vset4_Aset1_2023-03-31_16h21.18.455.csv,1,23,aud,0C,0.15,1,2.30421169999863,0,1,1,0.189559187996395,0.189559187996395,CBC2StepRW,CBCdriftDiffusionLR,0.5,0.166147716607604,NA,0.14926205097959,0.58167342819827,2.04650987839521,2.80490758766203,0.5,52.6521118488184,NA,v1,MR,NA,CBC2StepRW_CBCdriftDiffusionLR,124.22517186722811
CBC_P018,CBC_P018_AV_prob0.9_Vset4_Aset1_2023-03-31_16h21.18.455.csv,1,24,aud,1B,0.5,1,2.07732329999817,1,1,1,0.710107238463624,0.289892761536376,CBC2StepRW,CBCdriftDiffusionLR,0.5,0.166147716607604,NA,0.14926205097959,0.58167342819827,2.04650987839521,2.80490758766203,0.5,52.6521118488184,NA,v1,MR,NA,CBC2StepRW_CBCdriftDiffusionLR,124.22517186722811
CBC_P018,CBC_P018_AV_prob0.9_Vset4_Aset1_2023-03-31_16h21.18.455.csv,1,25,aud,2A,0.35,1,1.22501739999825,0,1,1,0.158064361748802,0.158064361748802,CBC2StepRW,CBCdriftDiffusionLR,0.5,0.166147716607604,NA,0.14926205097959,0.58167342819827,2.04650987839521,2.80490758766203,0.5,52.6521118488184,NA,v1,MR,NA,CBC2StepRW_CBCdriftDiffusionLR,124.22517186722811
CBC_P018,CBC_P018_AV_prob0.9_Vset4_Aset1_2023-03-31_16h21.18.455.csv,1,26,aud,0B,0.35,1,2.1536705999988,0,1,1,0.112129243021669,0.112129243021669,CBC2StepRW,CBCdriftDiffusionLR,0.5,0.166147716607604,NA,0.14926205097959,0.58167342819827,2.04650987839521,2.80490758766203,0.5,52.6521118488184,NA,v1,MR,NA,CBC2StepRW_CBCdriftDiffusionLR,124.22517186722811
CBC_P018,CBC_P018_AV_prob0.9_Vset4_Aset1_2023-03-31_16h21.18.455.csv,1,27,aud,2A,0.35,1,0.905476699997962,0,1,1,0.1318023289672,0.1318023289672,CBC2StepRW,CBCdriftDiffusionLR,0.5,0.166147716607604,NA,0.14926205097959,0.58167342819827,2.04650987839521,2.80490758766203,0.5,52.6521118488184,NA,v1,MR,NA,CBC2StepRW_CBCdriftDiffusionLR,124.22517186722811
CBC_P018,CBC_P018_AV_prob0.9_Vset4_Aset1_2023-03-31_16h21.18.455.csv,1,28,aud,1B,0.5,1,1.1536466999969,1,1,1,0.758272258853966,0.241727741146034,CBC2StepRW,CBCdriftDiffusionLR,0.5,0.166147716607604,NA,0.14926205097959,0.58167342819827,2.04650987839521,2.80490758766203,0.5,52.6521118488184,NA,v1,MR,NA,CBC2StepRW_CBCdriftDiffusionLR,124.22517186722811
CBC_P018,CBC_P018_AV_prob0.9_Vset4_Aset1_2023-03-31_16h21.18.455.csv,1,29,aud,0A,0.5,1,1.14291579999917,1,1,1,0.661942218073283,0.338057781926717,CBC2StepRW,CBCdriftDiffusionLR,0.5,0.166147716607604,NA,0.14926205097959,0.58167342819827,2.04650987839521,2.80490758766203,0.5,52.6521118488184,NA,v1,MR,NA,CBC2StepRW_CBCdriftDiffusionLR,124.22517186722811
CBC_P018,CBC_P018_AV_prob0.9_Vset4_Aset1_2023-03-31_16h21.18.455.csv,1,30,aud,1B,0.5,1,1.62646509999831,1,1,1,0.798434771086094,0.201565228913906,CBC2StepRW,CBCdriftDiffusionLR,0.5,0.166147716607604,NA,0.14926205097959,0.58167342819827,2.04650987839521,2.80490758766203,0.5,52.6521118488184,NA,v1,MR,NA,CBC2StepRW_CBCdriftDiffusionLR,124.22517186722811
CBC_P018,CBC_P018_AV_prob0.9_Vset4_Aset1_2023-03-31_16h21.18.455.csv,1,31,aud,2A,0.35,1,0.82262659999833,0,1,1,0.0934992253286799,0.0934992253286799,CBC2StepRW,CBCdriftDiffusionLR,0.5,0.166147716607604,NA,0.14926205097959,0.58167342819827,2.04650987839521,2.80490758766203,0.5,52.6521118488184,NA,v1,MR,NA,CBC2StepRW_CBCdriftDiffusionLR,124.22517186722811
CBC_P018,CBC_P018_AV_prob0.9_Vset4_Aset1_2023-03-31_16h21.18.455.csv,1,32,aud,0C,0.15,0,0.985153599998739,0,1,0,0.134471350927396,-0.865528649072604,CBC2StepRW,CBCdriftDiffusionLR,0.5,0.166147716607604,NA,0.14926205097959,0.58167342819827,2.04650987839521,2.80490758766203,0.5,52.6521118488184,NA,v1,MR,NA,CBC2StepRW_CBCdriftDiffusionLR,124.22517186722811
CBC_P018,CBC_P018_AV_prob0.9_Vset4_Aset1_2023-03-31_16h21.18.455.csv,1,33,aud,1B,0.5,1,2.27183609999884,1,1,1,0.831924373617628,0.168075626382372,CBC2StepRW,CBCdriftDiffusionLR,0.5,0.166147716607604,NA,0.14926205097959,0.58167342819827,2.04650987839521,2.80490758766203,0.5,52.6521118488184,NA,v1,MR,NA,CBC2StepRW_CBCdriftDiffusionLR,124.22517186722811
CBC_P018,CBC_P018_AV_prob0.9_Vset4_Aset1_2023-03-31_16h21.18.455.csv,1,34,aud,0A,0.5,1,0.974285999998756,1,1,1,0.718109746621838,0.281890253378162,CBC2StepRW,CBCdriftDiffusionLR,0.5,0.166147716607604,NA,0.14926205097959,0.58167342819827,2.04650987839521,2.80490758766203,0.5,52.6521118488184,NA,v1,MR,NA,CBC2StepRW_CBCdriftDiffusionLR,124.22517186722811
CBC_P018,CBC_P018_AV_prob0.9_Vset4_Aset1_2023-03-31_16h21.18.455.csv,1,35,aud,1C,0.35,1,1.12949479999952,0,1,1,0.122045980405986,0.122045980405986,CBC2StepRW,CBCdriftDiffusionLR,0.5,0.166147716607604,NA,0.14926205097959,0.58167342819827,2.04650987839521,2.80490758766203,0.5,52.6521118488184,NA,v1,MR,NA,CBC2StepRW_CBCdriftDiffusionLR,124.22517186722811
CBC_P018,CBC_P018_AV_prob0.9_Vset4_Aset1_2023-03-31_16h21.18.455.csv,1,36,aud,0B,0.35,1,0.902825099998154,0,1,1,0.0416665020104123,0.0416665020104123,CBC2StepRW,CBCdriftDiffusionLR,0.5,0.166147716607604,NA,0.14926205097959,0.58167342819827,2.04650987839521,2.80490758766203,0.5,52.6521118488184,NA,v1,MR,NA,CBC2StepRW_CBCdriftDiffusionLR,124.22517186722811
CBC_P018,CBC_P018_AV_prob0.9_Vset4_Aset1_2023-03-31_16h21.18.455.csv,1,37,aud,1A,0.15,1,1.07754719999866,0,1,1,0.0599251041285426,0.0599251041285426,CBC2StepRW,CBCdriftDiffusionLR,0.5,0.166147716607604,NA,0.14926205097959,0.58167342819827,2.04650987839521,2.80490758766203,0.5,52.6521118488184,NA,v1,MR,NA,CBC2StepRW_CBCdriftDiffusionLR,124.22517186722811
CBC_P018,CBC_P018_AV_prob0.9_Vset4_Aset1_2023-03-31_16h21.18.455.csv,1,38,aud,2C,0.5,1,1.38364029999866,1,1,1,0.632287054478489,0.367712945521511,CBC2StepRW,CBCdriftDiffusionLR,0.5,0.166147716607604,NA,0.14926205097959,0.58167342819827,2.04650987839521,2.80490758766203,0.5,52.6521118488184,NA,v1,MR,NA,CBC2StepRW_CBCdriftDiffusionLR,124.22517186722811
CBC_P018,CBC_P018_AV_prob0.9_Vset4_Aset1_2023-03-31_16h21.18.455.csv,1,39,aud,0A,0.5,1,0.803116299997782,0,0,0,0.764945168554559,-0.235054831445441,CBC2StepRW,CBCdriftDiffusionLR,0.5,0.166147716607604,NA,0.14926205097959,0.58167342819827,2.04650987839521,2.80490758766203,0.5,52.6521118488184,NA,v1,MR,NA,CBC2StepRW_CBCdriftDiffusionLR,124.22517186722811
CBC_P018,CBC_P018_AV_prob0.9_Vset4_Aset1_2023-03-31_16h21.18.455.csv,1,40,aud,2C,0.5,1,1.82193579999876,1,1,1,0.693381720743945,0.306618279256055,CBC2StepRW,CBCdriftDiffusionLR,0.5,0.166147716607604,NA,0.14926205097959,0.58167342819827,2.04650987839521,2.80490758766203,0.5,52.6521118488184,NA,v1,MR,NA,CBC2StepRW_CBCdriftDiffusionLR,124.22517186722811
CBC_P018,CBC_P018_AV_prob0.9_Vset4_Aset1_2023-03-31_16h21.18.455.csv,1,41,aud,0B,0.35,1,0.96801239999877,0,1,1,0.0347437078423562,0.0347437078423561,CBC2StepRW,CBCdriftDiffusionLR,0.5,0.166147716607604,NA,0.14926205097959,0.58167342819827,2.04650987839521,2.80490758766203,0.5,52.6521118488184,NA,v1,MR,NA,CBC2StepRW_CBCdriftDiffusionLR,124.22517186722811
CBC_P018,CBC_P018_AV_prob0.9_Vset4_Aset1_2023-03-31_16h21.18.455.csv,1,42,aud,1C,0.35,1,1.83184299999812,0,1,1,0.0736553359293204,0.0736553359293204,CBC2StepRW,CBCdriftDiffusionLR,0.5,0.166147716607604,NA,0.14926205097959,0.58167342819827,2.04650987839521,2.80490758766203,0.5,52.6521118488184,NA,v1,MR,NA,CBC2StepRW_CBCdriftDiffusionLR,124.22517186722811
CBC_P018,CBC_P018_TV_prob0.9_Vset2_Tset2_2023-03-31_16h13.25.375.csv,2,1,tac,2C,0.5,1,-47.4742330999998,0,0,0,0.5,-0.5,CBCsimpleRW,CBCdriftDiffusionLR,0.5,0.0620510812273538,NA,NA,0.799650608358212,1.42542018008191,2.24915882660822,0.5,64.113148853848,NA,v1,MR,NA,CBCsimpleRW_CBCdriftDiffusionLR,143.36305624336904
CBC_P018,CBC_P018_TV_prob0.9_Vset2_Tset2_2023-03-31_16h13.25.375.csv,2,2,tac,1B,0.5,1,2.55918070000007,1,1,1,0.5,0.5,CBCsimpleRW,CBCdriftDiffusionLR,0.5,0.0620510812273538,NA,NA,0.799650608358212,1.42542018008191,2.24915882660822,0.5,64.113148853848,NA,v1,MR,NA,CBCsimpleRW_CBCdriftDiffusionLR,143.36305624336904
CBC_P018,CBC_P018_TV_prob0.9_Vset2_Tset2_2023-03-31_16h13.25.375.csv,2,3,tac,0C,0.15,1,2.51408090000041,0,1,1,0.5,0.5,CBCsimpleRW,CBCdriftDiffusionLR,0.5,0.0620510812273538,NA,NA,0.799650608358212,1.42542018008191,2.24915882660822,0.5,64.113148853848,NA,v1,MR,NA,CBCsimpleRW_CBCdriftDiffusionLR,143.36305624336904
CBC_P018,CBC_P018_TV_prob0.9_Vset2_Tset2_2023-03-31_16h13.25.375.csv,2,4,tac,2A,0.35,1,2.30304310000065,1,0,0,0.5,-0.5,CBCsimpleRW,CBCdriftDiffusionLR,0.5,0.0620510812273538,NA,NA,0.799650608358212,1.42542018008191,2.24915882660822,0.5,64.113148853848,NA,v1,MR,NA,CBCsimpleRW_CBCdriftDiffusionLR,143.36305624336904
CBC_P018,CBC_P018_TV_prob0.9_Vset2_Tset2_2023-03-31_16h13.25.375.csv,2,5,tac,1C,0.35,1,3.0586233999984,1,0,0,0.5,-0.5,CBCsimpleRW,CBCdriftDiffusionLR,0.5,0.0620510812273538,NA,NA,0.799650608358212,1.42542018008191,2.24915882660822,0.5,64.113148853848,NA,v1,MR,NA,CBCsimpleRW_CBCdriftDiffusionLR,143.36305624336904
CBC_P018,CBC_P018_TV_prob0.9_Vset2_Tset2_2023-03-31_16h13.25.375.csv,2,6,tac,2A,0.35,1,2.46679120000044,1,0,0,0.468974459386323,-0.468974459386323,CBCsimpleRW,CBCdriftDiffusionLR,0.5,0.0620510812273538,NA,NA,0.799650608358212,1.42542018008191,2.24915882660822,0.5,64.113148853848,NA,v1,MR,NA,CBCsimpleRW_CBCdriftDiffusionLR,143.36305624336904
CBC_P018,CBC_P018_TV_prob0.9_Vset2_Tset2_2023-03-31_16h13.25.375.csv,2,7,tac,1B,0.5,1,2.31512839999959,1,1,1,0.531025540613677,0.468974459386323,CBCsimpleRW,CBCdriftDiffusionLR,0.5,0.0620510812273538,NA,NA,0.799650608358212,1.42542018008191,2.24915882660822,0.5,64.113148853848,NA,v1,MR,NA,CBCsimpleRW_CBCdriftDiffusionLR,143.36305624336904
CBC_P018,CBC_P018_TV_prob0.9_Vset2_Tset2_2023-03-31_16h13.25.375.csv,2,8,tac,0A,0.5,1,1.73800999999912,1,1,1,0.5,0.5,CBCsimpleRW,CBCdriftDiffusionLR,0.5,0.0620510812273538,NA,NA,0.799650608358212,1.42542018008191,2.24915882660822,0.5,64.113148853848,NA,v1,MR,NA,CBCsimpleRW_CBCdriftDiffusionLR,143.36305624336904
CBC_P018,CBC_P018_TV_prob0.9_Vset2_Tset2_2023-03-31_16h13.25.375.csv,2,9,tac,1B,0.5,0,2.36429779999889,1,1,0,0.560125912886612,-0.560125912886612,CBCsimpleRW,CBCdriftDiffusionLR,0.5,0.0620510812273538,NA,NA,0.799650608358212,1.42542018008191,2.24915882660822,0.5,64.113148853848,NA,v1,MR,NA,CBCsimpleRW_CBCdriftDiffusionLR,143.36305624336904
CBC_P018,CBC_P018_TV_prob0.9_Vset2_Tset2_2023-03-31_16h13.25.375.csv,2,10,tac,2C,0.5,1,2.6105107000003,1,1,1,0.531025540613677,0.468974459386323,CBCsimpleRW,CBCdriftDiffusionLR,0.5,0.0620510812273538,NA,NA,0.799650608358212,1.42542018008191,2.24915882660822,0.5,64.113148853848,NA,v1,MR,NA,CBCsimpleRW_CBCdriftDiffusionLR,143.36305624336904
CBC_P018,CBC_P018_TV_prob0.9_Vset2_Tset2_2023-03-31_16h13.25.375.csv,2,11,tac,0B,0.35,1,1.12624630000028,0,1,1,0.5,0.5,CBCsimpleRW,CBCdriftDiffusionLR,0.5,0.0620510812273538,NA,NA,0.799650608358212,1.42542018008191,2.24915882660822,0.5,64.113148853848,NA,v1,MR,NA,CBCsimpleRW_CBCdriftDiffusionLR,143.36305624336904
CBC_P018,CBC_P018_TV_prob0.9_Vset2_Tset2_2023-03-31_16h13.25.375.csv,2,12,tac,1C,0.35,1,2.97238900000048,1,0,0,0.468974459386323,-0.468974459386323,CBCsimpleRW,CBCdriftDiffusionLR,0.5,0.0620510812273538,NA,NA,0.799650608358212,1.42542018008191,2.24915882660822,0.5,64.113148853848,NA,v1,MR,NA,CBCsimpleRW_CBCdriftDiffusionLR,143.36305624336904
CBC_P018,CBC_P018_TV_prob0.9_Vset2_Tset2_2023-03-31_16h13.25.375.csv,2,13,tac,0A,0.5,1,1.68496020000021,0,0,0,0.531025540613677,-0.468974459386323,CBCsimpleRW,CBCdriftDiffusionLR,0.5,0.0620510812273538,NA,NA,0.799650608358212,1.42542018008191,2.24915882660822,0.5,64.113148853848,NA,v1,MR,NA,CBCsimpleRW_CBCdriftDiffusionLR,143.36305624336904
CBC_P018,CBC_P018_TV_prob0.9_Vset2_Tset2_2023-03-31_16h13.25.375.csv,2,14,tac,2B,0.15,1,1.87816170000042,1,0,0,0.5,-0.5,CBCsimpleRW,CBCdriftDiffusionLR,0.5,0.0620510812273538,NA,NA,0.799650608358212,1.42542018008191,2.24915882660822,0.5,64.113148853848,NA,v1,MR,NA,CBCsimpleRW_CBCdriftDiffusionLR,143.36305624336904
CBC_P018,CBC_P018_TV_prob0.9_Vset2_Tset2_2023-03-31_16h13.25.375.csv,2,15,tac,1A,0.15,1,2.29818909999995,0,1,1,0.5,0.5,CBCsimpleRW,CBCdriftDiffusionLR,0.5,0.0620510812273538,NA,NA,0.799650608358212,1.42542018008191,2.24915882660822,0.5,64.113148853848,NA,v1,MR,NA,CBCsimpleRW_CBCdriftDiffusionLR,143.36305624336904
CBC_P018,CBC_P018_TV_prob0.9_Vset2_Tset2_2023-03-31_16h13.25.375.csv,2,16,tac,0C,0.15,1,2.37186780000047,1,0,0,0.468974459386323,-0.468974459386323,CBCsimpleRW,CBCdriftDiffusionLR,0.5,0.0620510812273538,NA,NA,0.799650608358212,1.42542018008191,2.24915882660822,0.5,64.113148853848,NA,v1,MR,NA,CBCsimpleRW_CBCdriftDiffusionLR,143.36305624336904
CBC_P018,CBC_P018_TV_prob0.9_Vset2_Tset2_2023-03-31_16h13.25.375.csv,2,17,tac,1B,0.5,1,1.88976159999947,1,1,1,0.525369494368539,0.474630505631461,CBCsimpleRW,CBCdriftDiffusionLR,0.5,0.0620510812273538,NA,NA,0.799650608358212,1.42542018008191,2.24915882660822,0.5,64.113148853848,NA,v1,MR,NA,CBCsimpleRW_CBCdriftDiffusionLR,143.36305624336904
CBC_P018,CBC_P018_TV_prob0.9_Vset2_Tset2_2023-03-31_16h13.25.375.csv,2,18,tac,2C,0.5,1,2.3839412999987,1,1,1,0.560125912886612,0.439874087113388,CBCsimpleRW,CBCdriftDiffusionLR,0.5,0.0620510812273538,NA,NA,0.799650608358212,1.42542018008191,2.24915882660822,0.5,64.113148853848,NA,v1,MR,NA,CBCsimpleRW_CBCdriftDiffusionLR,143.36305624336904
CBC_P018,CBC_P018_TV_prob0.9_Vset2_Tset2_2023-03-31_16h13.25.375.csv,2,19,tac,0B,0.35,0,1.09826869999961,0,1,0,0.468974459386323,-0.531025540613677,CBCsimpleRW,CBCdriftDiffusionLR,0.5,0.0620510812273538,NA,NA,0.799650608358212,1.42542018008191,2.24915882660822,0.5,64.113148853848,NA,v1,MR,NA,CBCsimpleRW_CBCdriftDiffusionLR,143.36305624336904
CBC_P018,CBC_P018_TV_prob0.9_Vset2_Tset2_2023-03-31_16h13.25.375.csv,2,20,tac,1C,0.35,1,1.33952580000005,0,1,1,0.439874087113388,0.439874087113388,CBCsimpleRW,CBCdriftDiffusionLR,0.5,0.0620510812273538,NA,NA,0.799650608358212,1.42542018008191,2.24915882660822,0.5,64.113148853848,NA,v1,MR,NA,CBCsimpleRW_CBCdriftDiffusionLR,143.36305624336904
CBC_P018,CBC_P018_TV_prob0.9_Vset2_Tset2_2023-03-31_16h13.25.375.csv,2,21,tac,0A,0.5,1,NA,NA,NA,NA,0.560125912886612,0,CBCsimpleRW,CBCdriftDiffusionLR,0.5,0.0620510812273538,NA,NA,0.799650608358212,1.42542018008191,2.24915882660822,0.5,64.113148853848,NA,v1,MR,NA,CBCsimpleRW_CBCdriftDiffusionLR,143.36305624336904
CBC_P018,CBC_P018_TV_prob0.9_Vset2_Tset2_2023-03-31_16h13.25.375.csv,2,22,tac,1C,0.35,1,1.45137299999988,1,0,0,0.412579424404107,-0.412579424404107,CBCsimpleRW,CBCdriftDiffusionLR,0.5,0.0620510812273538,NA,NA,0.799650608358212,1.42542018008191,2.24915882660822,0.5,64.113148853848,NA,v1,MR,NA,CBCsimpleRW_CBCdriftDiffusionLR,143.36305624336904
CBC_P018,CBC_P018_TV_prob0.9_Vset2_Tset2_2023-03-31_16h13.25.375.csv,2,23,tac,0A,0.5,1,1.72482320000017,1,1,1,0.560125912886612,0.439874087113388,CBCsimpleRW,CBCdriftDiffusionLR,0.5,0.0620510812273538,NA,NA,0.799650608358212,1.42542018008191,2.24915882660822,0.5,64.113148853848,NA,v1,MR,NA,CBCsimpleRW_CBCdriftDiffusionLR,143.36305624336904
CBC_P018,CBC_P018_TV_prob0.9_Vset2_Tset2_2023-03-31_16h13.25.375.csv,2,24,tac,2C,0.5,1,2.23043080000025,0,0,0,0.587420575595893,-0.412579424404107,CBCsimpleRW,CBCdriftDiffusionLR,0.5,0.0620510812273538,NA,NA,0.799650608358212,1.42542018008191,2.24915882660822,0.5,64.113148853848,NA,v1,MR,NA,CBCsimpleRW_CBCdriftDiffusionLR,143.36305624336904
CBC_P018,CBC_P018_TV_prob0.9_Vset2_Tset2_2023-03-31_16h13.25.375.csv,2,25,tac,0B,0.35,1,1.21120069999961,0,1,1,0.501925168340742,0.501925168340742,CBCsimpleRW,CBCdriftDiffusionLR,0.5,0.0620510812273538,NA,NA,0.799650608358212,1.42542018008191,2.24915882660822,0.5,64.113148853848,NA,v1,MR,NA,CBCsimpleRW_CBCdriftDiffusionLR,143.36305624336904
CBC_P018,CBC_P018_TV_prob0.9_Vset2_Tset2_2023-03-31_16h13.25.375.csv,2,26,tac,2A,0.35,1,2.35676239999884,0,1,1,0.439874087113388,0.439874087113388,CBCsimpleRW,CBCdriftDiffusionLR,0.5,0.0620510812273538,NA,NA,0.799650608358212,1.42542018008191,2.24915882660822,0.5,64.113148853848,NA,v1,MR,NA,CBCsimpleRW_CBCdriftDiffusionLR,143.36305624336904
CBC_P018,CBC_P018_TV_prob0.9_Vset2_Tset2_2023-03-31_16h13.25.375.csv,2,27,tac,1B,0.5,1,NA,NA,NA,NA,0.554820830426457,0,CBCsimpleRW,CBCdriftDiffusionLR,0.5,0.0620510812273538,NA,NA,0.799650608358212,1.42542018008191,2.24915882660822,0.5,64.113148853848,NA,v1,MR,NA,CBCsimpleRW_CBCdriftDiffusionLR,143.36305624336904
CBC_P018,CBC_P018_TV_prob0.9_Vset2_Tset2_2023-03-31_16h13.25.375.csv,2,28,tac,0A,0.5,1,2.36348419999922,0,0,0,0.587420575595893,-0.412579424404107,CBCsimpleRW,CBCdriftDiffusionLR,0.5,0.0620510812273538,NA,NA,0.799650608358212,1.42542018008191,2.24915882660822,0.5,64.113148853848,NA,v1,MR,NA,CBCsimpleRW_CBCdriftDiffusionLR,143.36305624336904
CBC_P018,CBC_P018_TV_prob0.9_Vset2_Tset2_2023-03-31_16h13.25.375.csv,2,29,tac,2C,0.5,0,2.26880699999856,1,1,0,0.613021574972327,-0.613021574972327,CBCsimpleRW,CBCdriftDiffusionLR,0.5,0.0620510812273538,NA,NA,0.799650608358212,1.42542018008191,2.24915882660822,0.5,64.113148853848,NA,v1,MR,NA,CBCsimpleRW_CBCdriftDiffusionLR,143.36305624336904
CBC_P018,CBC_P018_TV_prob0.9_Vset2_Tset2_2023-03-31_16h13.25.375.csv,2,30,tac,1A,0.15,1,2.02945149999869,1,0,0,0.468974459386323,-0.468974459386323,CBCsimpleRW,CBCdriftDiffusionLR,0.5,0.0620510812273538,NA,NA,0.799650608358212,1.42542018008191,2.24915882660822,0.5,64.113148853848,NA,v1,MR,NA,CBCsimpleRW_CBCdriftDiffusionLR,143.36305624336904
CBC_P018,CBC_P018_TV_prob0.9_Vset2_Tset2_2023-03-31_16h13.25.375.csv,2,31,tac,2C,0.5,1,1.29225600000063,0,0,0,0.574982923429599,-0.425017076570401,CBCsimpleRW,CBCdriftDiffusionLR,0.5,0.0620510812273538,NA,NA,0.799650608358212,1.42542018008191,2.24915882660822,0.5,64.113148853848,NA,v1,MR,NA,CBCsimpleRW_CBCdriftDiffusionLR,143.36305624336904
CBC_P018,CBC_P018_TV_prob0.9_Vset2_Tset2_2023-03-31_16h13.25.375.csv,2,32,tac,1B,0.5,0,2.13902100000087,1,1,0,0.554820830426457,-0.554820830426457,CBCsimpleRW,CBCdriftDiffusionLR,0.5,0.0620510812273538,NA,NA,0.799650608358212,1.42542018008191,2.24915882660822,0.5,64.113148853848,NA,v1,MR,NA,CBCsimpleRW_CBCdriftDiffusionLR,143.36305624336904
CBC_P018,CBC_P018_TV_prob0.9_Vset2_Tset2_2023-03-31_16h13.25.375.csv,2,33,tac,0A,0.5,1,1.43065149999893,1,1,1,0.613021574972327,0.386978425027673,CBCsimpleRW,CBCdriftDiffusionLR,0.5,0.0620510812273538,NA,NA,0.799650608358212,1.42542018008191,2.24915882660822,0.5,64.113148853848,NA,v1,MR,NA,CBCsimpleRW_CBCdriftDiffusionLR,143.36305624336904
CBC_P018,CBC_P018_TV_prob0.9_Vset2_Tset2_2023-03-31_16h13.25.375.csv,2,34,tac,1C,0.35,1,1.40550479999911,1,0,0,0.386978425027673,-0.386978425027673,CBCsimpleRW,CBCdriftDiffusionLR,0.5,0.0620510812273538,NA,NA,0.799650608358212,1.42542018008191,2.24915882660822,0.5,64.113148853848,NA,v1,MR,NA,CBCsimpleRW_CBCdriftDiffusionLR,143.36305624336904
CBC_P018,CBC_P018_TV_prob0.9_Vset2_Tset2_2023-03-31_16h13.25.375.csv,2,35,tac,2A,0.35,1,2.35894210000151,0,1,1,0.412579424404107,0.412579424404107,CBCsimpleRW,CBCdriftDiffusionLR,0.5,0.0620510812273538,NA,NA,0.799650608358212,1.42542018008191,2.24915882660822,0.5,64.113148853848,NA,v1,MR,NA,CBCsimpleRW_CBCdriftDiffusionLR,143.36305624336904
CBC_P018,CBC_P018_TV_prob0.9_Vset2_Tset2_2023-03-31_16h13.25.375.csv,2,36,tac,0B,0.35,1,1.13633289999962,0,1,1,0.470780168949977,0.470780168949977,CBCsimpleRW,CBCdriftDiffusionLR,0.5,0.0620510812273538,NA,NA,0.799650608358212,1.42542018008191,2.24915882660822,0.5,64.113148853848,NA,v1,MR,NA,CBCsimpleRW_CBCdriftDiffusionLR,143.36305624336904
CBC_P018,CBC_P018_TV_prob0.9_Vset2_Tset2_2023-03-31_16h13.25.375.csv,2,37,tac,2C,0.5,1,2.25275909999982,1,1,1,0.601355692570881,0.398644307429119,CBCsimpleRW,CBCdriftDiffusionLR,0.5,0.0620510812273538,NA,NA,0.799650608358212,1.42542018008191,2.24915882660822,0.5,64.113148853848,NA,v1,MR,NA,CBCsimpleRW_CBCdriftDiffusionLR,143.36305624336904
CBC_P018,CBC_P018_TV_prob0.9_Vset2_Tset2_2023-03-31_16h13.25.375.csv,2,38,tac,0B,0.35,1,1.14255290000074,0,1,1,0.441567750446235,0.441567750446235,CBCsimpleRW,CBCdriftDiffusionLR,0.5,0.0620510812273538,NA,NA,0.799650608358212,1.42542018008191,2.24915882660822,0.5,64.113148853848,NA,v1,MR,NA,CBCsimpleRW_CBCdriftDiffusionLR,143.36305624336904
CBC_P018,CBC_P018_TV_prob0.9_Vset2_Tset2_2023-03-31_16h13.25.375.csv,2,39,tac,1C,0.35,1,2.34860479999952,1,0,0,0.362965995343047,-0.362965995343047,CBCsimpleRW,CBCdriftDiffusionLR,0.5,0.0620510812273538,NA,NA,0.799650608358212,1.42542018008191,2.24915882660822,0.5,64.113148853848,NA,v1,MR,NA,CBCsimpleRW_CBCdriftDiffusionLR,143.36305624336904
CBC_P018,CBC_P018_TV_prob0.9_Vset2_Tset2_2023-03-31_16h13.25.375.csv,2,40,tac,2B,0.15,1,1.09471350000058,0,1,1,0.468974459386323,0.468974459386323,CBCsimpleRW,CBCdriftDiffusionLR,0.5,0.0620510812273538,NA,NA,0.799650608358212,1.42542018008191,2.24915882660822,0.5,64.113148853848,NA,v1,MR,NA,CBCsimpleRW_CBCdriftDiffusionLR,143.36305624336904
CBC_P018,CBC_P018_TV_prob0.9_Vset2_Tset2_2023-03-31_16h13.25.375.csv,2,41,tac,0A,0.5,1,1.53718659999868,1,1,1,0.637034004656953,0.362965995343047,CBCsimpleRW,CBCdriftDiffusionLR,0.5,0.0620510812273538,NA,NA,0.799650608358212,1.42542018008191,2.24915882660822,0.5,64.113148853848,NA,v1,MR,NA,CBCsimpleRW_CBCdriftDiffusionLR,143.36305624336904
CBC_P018,CBC_P018_TV_prob0.9_Vset2_Tset2_2023-03-31_16h13.25.375.csv,2,42,tac,1B,0.5,1,1.99508590000005,1,1,1,0.520393598011037,0.479606401988963,CBCsimpleRW,CBCdriftDiffusionLR,0.5,0.0620510812273538,NA,NA,0.799650608358212,1.42542018008191,2.24915882660822,0.5,64.113148853848,NA,v1,MR,NA,CBCsimpleRW_CBCdriftDiffusionLR,143.36305624336904
CBC_P019,CBC_P019_AV_prob0.9_Vset3_Aset1_2023-03-31_17h14.34.139.csv,1,1,aud,0A,0.5,1,2.81160950000049,1,1,1,0.5,0.5,CBCsimpleAsymRW,CBCdriftDiffusionLR,0.5,0.241973335319758,0.038964335111211,NA,0.524037707126011,1.86903393790415,2.23512571106138,0.5,55.6690807429106,NA,v1,MR,NA,CBCsimpleAsymRW_CBCdriftDiffusionLR,130.25910965541252
CBC_P019,CBC_P019_AV_prob0.9_Vset3_Aset1_2023-03-31_17h14.34.139.csv,1,2,aud,1C,0.35,1,2.80770329999905,0,1,1,0.5,0.5,CBCsimpleAsymRW,CBCdriftDiffusionLR,0.5,0.241973335319758,0.038964335111211,NA,0.524037707126011,1.86903393790415,2.23512571106138,0.5,55.6690807429106,NA,v1,MR,NA,CBCsimpleAsymRW_CBCdriftDiffusionLR,130.25910965541252
CBC_P019,CBC_P019_AV_prob0.9_Vset3_Aset1_2023-03-31_17h14.34.139.csv,1,3,aud,0B,0.35,1,2.25687090000065,0,1,1,0.5,0.5,CBCsimpleAsymRW,CBCdriftDiffusionLR,0.5,0.241973335319758,0.038964335111211,NA,0.524037707126011,1.86903393790415,2.23512571106138,0.5,55.6690807429106,NA,v1,MR,NA,CBCsimpleAsymRW_CBCdriftDiffusionLR,130.25910965541252
CBC_P019,CBC_P019_AV_prob0.9_Vset3_Aset1_2023-03-31_17h14.34.139.csv,1,4,aud,2C,0.5,1,1.83242839999912,1,1,1,0.5,0.5,CBCsimpleAsymRW,CBCdriftDiffusionLR,0.5,0.241973335319758,0.038964335111211,NA,0.524037707126011,1.86903393790415,2.23512571106138,0.5,55.6690807429106,NA,v1,MR,NA,CBCsimpleAsymRW_CBCdriftDiffusionLR,130.25910965541252
CBC_P019,CBC_P019_AV_prob0.9_Vset3_Aset1_2023-03-31_17h14.34.139.csv,1,5,aud,1B,0.5,0,1.26570579999861,1,1,0,0.5,-0.5,CBCsimpleAsymRW,CBCdriftDiffusionLR,0.5,0.241973335319758,0.038964335111211,NA,0.524037707126011,1.86903393790415,2.23512571106138,0.5,55.6690807429106,NA,v1,MR,NA,CBCsimpleAsymRW_CBCdriftDiffusionLR,130.25910965541252
CBC_P019,CBC_P019_AV_prob0.9_Vset3_Aset1_2023-03-31_17h14.34.139.csv,1,6,aud,2A,0.35,1,2.18544429999929,0,1,1,0.5,0.5,CBCsimpleAsymRW,CBCdriftDiffusionLR,0.5,0.241973335319758,0.038964335111211,NA,0.524037707126011,1.86903393790415,2.23512571106138,0.5,55.6690807429106,NA,v1,MR,NA,CBCsimpleAsymRW_CBCdriftDiffusionLR,130.25910965541252
CBC_P019,CBC_P019_AV_prob0.9_Vset3_Aset1_2023-03-31_17h14.34.139.csv,1,7,aud,0B,0.35,1,2.29261659999975,0,1,1,0.379013332340121,0.379013332340121,CBCsimpleAsymRW,CBCdriftDiffusionLR,0.5,0.241973335319758,0.038964335111211,NA,0.524037707126011,1.86903393790415,2.23512571106138,0.5,55.6690807429106,NA,v1,MR,NA,CBCsimpleAsymRW_CBCdriftDiffusionLR,130.25910965541252
CBC_P019,CBC_P019_AV_prob0.9_Vset3_Aset1_2023-03-31_17h14.34.139.csv,1,8,aud,2C,0.5,1,1.66985569999997,1,1,1,0.620986667659879,0.379013332340121,CBCsimpleAsymRW,CBCdriftDiffusionLR,0.5,0.241973335319758,0.038964335111211,NA,0.524037707126011,1.86903393790415,2.23512571106138,0.5,55.6690807429106,NA,v1,MR,NA,CBCsimpleAsymRW_CBCdriftDiffusionLR,130.25910965541252
CBC_P019,CBC_P019_AV_prob0.9_Vset3_Aset1_2023-03-31_17h14.34.139.csv,1,9,aud,0A,0.5,1,1.91215030000058,1,1,1,0.620986667659879,0.379013332340121,CBCsimpleAsymRW,CBCdriftDiffusionLR,0.5,0.241973335319758,0.038964335111211,NA,0.524037707126011,1.86903393790415,2.23512571106138,0.5,55.6690807429106,NA,v1,MR,NA,CBCsimpleAsymRW_CBCdriftDiffusionLR,130.25910965541252
CBC_P019,CBC_P019_AV_prob0.9_Vset3_Aset1_2023-03-31_17h14.34.139.csv,1,10,aud,1C,0.35,1,1.59908589999941,1,0,0,0.379013332340121,-0.379013332340121,CBCsimpleAsymRW,CBCdriftDiffusionLR,0.5,0.241973335319758,0.038964335111211,NA,0.524037707126011,1.86903393790415,2.23512571106138,0.5,55.6690807429106,NA,v1,MR,NA,CBCsimpleAsymRW_CBCdriftDiffusionLR,130.25910965541252
CBC_P019,CBC_P019_AV_prob0.9_Vset3_Aset1_2023-03-31_17h14.34.139.csv,1,11,aud,0A,0.5,1,0.939308799999708,1,1,1,0.712697787816874,0.287302212183126,CBCsimpleAsymRW,CBCdriftDiffusionLR,0.5,0.241973335319758,0.038964335111211,NA,0.524037707126011,1.86903393790415,2.23512571106138,0.5,55.6690807429106,NA,v1,MR,NA,CBCsimpleAsymRW_CBCdriftDiffusionLR,130.25910965541252
CBC_P019,CBC_P019_AV_prob0.9_Vset3_Aset1_2023-03-31_17h14.34.139.csv,1,12,aud,1B,0.5,1,1.82590729999902,1,1,1,0.480517832444394,0.519482167555606,CBCsimpleAsymRW,CBCdriftDiffusionLR,0.5,0.241973335319758,0.038964335111211,NA,0.524037707126011,1.86903393790415,2.23512571106138,0.5,55.6690807429106,NA,v1,MR,NA,CBCsimpleAsymRW_CBCdriftDiffusionLR,130.25910965541252
CBC_P019,CBC_P019_AV_prob0.9_Vset3_Aset1_2023-03-31_17h14.34.139.csv,1,13,aud,0C,0.15,0,1.22494319999896,0,1,0,0.5,-0.5,CBCsimpleAsymRW,CBCdriftDiffusionLR,0.5,0.241973335319758,0.038964335111211,NA,0.524037707126011,1.86903393790415,2.23512571106138,0.5,55.6690807429106,NA,v1,MR,NA,CBCsimpleAsymRW_CBCdriftDiffusionLR,130.25910965541252
CBC_P019,CBC_P019_AV_prob0.9_Vset3_Aset1_2023-03-31_17h14.34.139.csv,1,14,aud,1A,0.15,1,1.83194469999944,1,0,0,0.5,-0.5,CBCsimpleAsymRW,CBCdriftDiffusionLR,0.5,0.241973335319758,0.038964335111211,NA,0.524037707126011,1.86903393790415,2.23512571106138,0.5,55.6690807429106,NA,v1,MR,NA,CBCsimpleAsymRW_CBCdriftDiffusionLR,130.25910965541252
CBC_P019,CBC_P019_AV_prob0.9_Vset3_Aset1_2023-03-31_17h14.34.139.csv,1,15,aud,0B,0.35,1,1.22024079999937,0,1,1,0.287302212183126,0.287302212183126,CBCsimpleAsymRW,CBCdriftDiffusionLR,0.5,0.241973335319758,0.038964335111211,NA,0.524037707126011,1.86903393790415,2.23512571106138,0.5,55.6690807429106,NA,v1,MR,NA,CBCsimpleAsymRW_CBCdriftDiffusionLR,130.25910965541252
CBC_P019,CBC_P019_AV_prob0.9_Vset3_Aset1_2023-03-31_17h14.34.139.csv,1,16,aud,1A,0.15,1,2.06625619999977,0,1,1,0.480517832444394,0.480517832444394,CBCsimpleAsymRW,CBCdriftDiffusionLR,0.5,0.241973335319758,0.038964335111211,NA,0.524037707126011,1.86903393790415,2.23512571106138,0.5,55.6690807429106,NA,v1,MR,NA,CBCsimpleAsymRW_CBCdriftDiffusionLR,130.25910965541252
CBC_P019,CBC_P019_AV_prob0.9_Vset3_Aset1_2023-03-31_17h14.34.139.csv,1,17,aud,2C,0.5,1,1.52347179999924,1,1,1,0.712697787816874,0.287302212183126,CBCsimpleAsymRW,CBCdriftDiffusionLR,0.5,0.241973335319758,0.038964335111211,NA,0.524037707126011,1.86903393790415,2.23512571106138,0.5,55.6690807429106,NA,v1,MR,NA,CBCsimpleAsymRW_CBCdriftDiffusionLR,130.25910965541252
CBC_P019,CBC_P019_AV_prob0.9_Vset3_Aset1_2023-03-31_17h14.34.139.csv,1,18,aud,0A,0.5,1,0.754201199999443,1,1,1,0.78221726234357,0.21778273765643,CBCsimpleAsymRW,CBCdriftDiffusionLR,0.5,0.241973335319758,0.038964335111211,NA,0.524037707126011,1.86903393790415,2.23512571106138,0.5,55.6690807429106,NA,v1,MR,NA,CBCsimpleAsymRW_CBCdriftDiffusionLR,130.25910965541252
CBC_P019,CBC_P019_AV_prob0.9_Vset3_Aset1_2023-03-31_17h14.34.139.csv,1,19,aud,2C,0.5,1,1.30450770000061,1,1,1,0.78221726234357,0.21778273765643,CBCsimpleAsymRW,CBCdriftDiffusionLR,0.5,0.241973335319758,0.038964335111211,NA,0.524037707126011,1.86903393790415,2.23512571106138,0.5,55.6690807429106,NA,v1,MR,NA,CBCsimpleAsymRW_CBCdriftDiffusionLR,130.25910965541252
CBC_P019,CBC_P019_AV_prob0.9_Vset3_Aset1_2023-03-31_17h14.34.139.csv,1,20,aud,1B,0.5,1,1.11987139999837,1,1,1,0.606218665166962,0.393781334833038,CBCsimpleAsymRW,CBCdriftDiffusionLR,0.5,0.241973335319758,0.038964335111211,NA,0.524037707126011,1.86903393790415,2.23512571106138,0.5,55.6690807429106,NA,v1,MR,NA,CBCsimpleAsymRW_CBCdriftDiffusionLR,130.25910965541252
CBC_P019,CBC_P019_AV_prob0.9_Vset3_Aset1_2023-03-31_17h14.34.139.csv,1,21,aud,2A,0.35,1,1.05177100000037,0,1,1,0.379013332340121,0.379013332340121,CBCsimpleAsymRW,CBCdriftDiffusionLR,0.5,0.241973335319758,0.038964335111211,NA,0.524037707126011,1.86903393790415,2.23512571106138,0.5,55.6690807429106,NA,v1,MR,NA,CBCsimpleAsymRW_CBCdriftDiffusionLR,130.25910965541252
CBC_P019,CBC_P019_AV_prob0.9_Vset3_Aset1_2023-03-31_17h14.34.139.csv,1,22,aud,0B,0.35,1,1.2790815999997,0,1,1,0.21778273765643,0.21778273765643,CBCsimpleAsymRW,CBCdriftDiffusionLR,0.5,0.241973335319758,0.038964335111211,NA,0.524037707126011,1.86903393790415,2.23512571106138,0.5,55.6690807429106,NA,v1,MR,NA,CBCsimpleAsymRW_CBCdriftDiffusionLR,130.25910965541252
CBC_P019,CBC_P019_AV_prob0.9_Vset3_Aset1_2023-03-31_17h14.34.139.csv,1,23,aud,2C,0.5,1,1.29434089999995,1,1,1,0.834914877749364,0.165085122250636,CBCsimpleAsymRW,CBCdriftDiffusionLR,0.5,0.241973335319758,0.038964335111211,NA,0.524037707126011,1.86903393790415,2.23512571106138,0.5,55.6690807429106,NA,v1,MR,NA,CBCsimpleAsymRW_CBCdriftDiffusionLR,130.25910965541252
CBC_P019,CBC_P019_AV_prob0.9_Vset3_Aset1_2023-03-31_17h14.34.139.csv,1,24,aud,1B,0.5,1,1.36297879999984,0,0,0,0.701503248143178,-0.298496751856822,CBCsimpleAsymRW,CBCdriftDiffusionLR,0.5,0.241973335319758,0.038964335111211,NA,0.524037707126011,1.86903393790415,2.23512571106138,0.5,55.6690807429106,NA,v1,MR,NA,CBCsimpleAsymRW_CBCdriftDiffusionLR,130.25910965541252
CBC_P019,CBC_P019_AV_prob0.9_Vset3_Aset1_2023-03-31_17h14.34.139.csv,1,25,aud,0A,0.5,1,0.622856399999364,1,1,1,0.834914877749364,0.165085122250636,CBCsimpleAsymRW,CBCdriftDiffusionLR,0.5,0.241973335319758,0.038964335111211,NA,0.524037707126011,1.86903393790415,2.23512571106138,0.5,55.6690807429106,NA,v1,MR,NA,CBCsimpleAsymRW_CBCdriftDiffusionLR,130.25910965541252
CBC_P019,CBC_P019_AV_prob0.9_Vset3_Aset1_2023-03-31_17h14.34.139.csv,1,26,aud,1C,0.35,1,1.25577270000031,1,0,0,0.364245329847204,-0.364245329847204,CBCsimpleAsymRW,CBCdriftDiffusionLR,0.5,0.241973335319758,0.038964335111211,NA,0.524037707126011,1.86903393790415,2.23512571106138,0.5,55.6690807429106,NA,v1,MR,NA,CBCsimpleAsymRW_CBCdriftDiffusionLR,130.25910965541252
CBC_P019,CBC_P019_AV_prob0.9_Vset3_Aset1_2023-03-31_17h14.34.139.csv,1,27,aud,2B,0.15,1,2.19785059999958,0,1,1,0.5,0.5,CBCsimpleAsymRW,CBCdriftDiffusionLR,0.5,0.241973335319758,0.038964335111211,NA,0.524037707126011,1.86903393790415,2.23512571106138,0.5,55.6690807429106,NA,v1,MR,NA,CBCsimpleAsymRW_CBCdriftDiffusionLR,130.25910965541252
CBC_P019,CBC_P019_AV_prob0.9_Vset3_Aset1_2023-03-31_17h14.34.139.csv,1,28,aud,1C,0.35,1,1.24641379999957,1,0,0,0.350052752752344,-0.350052752752344,CBCsimpleAsymRW,CBCdriftDiffusionLR,0.5,0.241973335319758,0.038964335111211,NA,0.524037707126011,1.86903393790415,2.23512571106138,0.5,55.6690807429106,NA,v1,MR,NA,CBCsimpleAsymRW_CBCdriftDiffusionLR,130.25910965541252
CBC_P019,CBC_P019_AV_prob0.9_Vset3_Aset1_2023-03-31_17h14.34.139.csv,1,29,aud,0B,0.35,1,1.11598229999981,0,1,1,0.165085122250636,0.165085122250636,CBCsimpleAsymRW,CBCdriftDiffusionLR,0.5,0.241973335319758,0.038964335111211,NA,0.524037707126011,1.86903393790415,2.23512571106138,0.5,55.6690807429106,NA,v1,MR,NA,CBCsimpleAsymRW_CBCdriftDiffusionLR,130.25910965541252
CBC_P019,CBC_P019_AV_prob0.9_Vset3_Aset1_2023-03-31_17h14.34.139.csv,1,30,aud,2C,0.5,0,1.32572520000031,1,1,0,0.87486107539202,-0.87486107539202,CBCsimpleAsymRW,CBCdriftDiffusionLR,0.5,0.241973335319758,0.038964335111211,NA,0.524037707126011,1.86903393790415,2.23512571106138,0.5,55.6690807429106,NA,v1,MR,NA,CBCsimpleAsymRW_CBCdriftDiffusionLR,130.25910965541252
CBC_P019,CBC_P019_AV_prob0.9_Vset3_Aset1_2023-03-31_17h14.34.139.csv,1,31,aud,0A,0.5,0,0.880609299998468,1,1,0,0.87486107539202,-0.87486107539202,CBCsimpleAsymRW,CBCdriftDiffusionLR,0.5,0.241973335319758,0.038964335111211,NA,0.524037707126011,1.86903393790415,2.23512571106138,0.5,55.6690807429106,NA,v1,MR,NA,CBCsimpleAsymRW_CBCdriftDiffusionLR,130.25910965541252
CBC_P019,CBC_P019_AV_prob0.9_Vset3_Aset1_2023-03-31_17h14.34.139.csv,1,32,aud,2B,0.15,1,1.17493139999897,0,1,1,0.379013332340121,0.379013332340121,CBCsimpleAsymRW,CBCdriftDiffusionLR,0.5,0.241973335319758,0.038964335111211,NA,0.524037707126011,1.86903393790415,2.23512571106138,0.5,55.6690807429106,NA,v1,MR,NA,CBCsimpleAsymRW_CBCdriftDiffusionLR,130.25910965541252
CBC_P019,CBC_P019_AV_prob0.9_Vset3_Aset1_2023-03-31_17h14.34.139.csv,1,33,aud,1C,0.35,1,1.12793509999938,1,0,0,0.3364131799875,-0.3364131799875,CBCsimpleAsymRW,CBCdriftDiffusionLR,0.5,0.241973335319758,0.038964335111211,NA,0.524037707126011,1.86903393790415,2.23512571106138,0.5,55.6690807429106,NA,v1,MR,NA,CBCsimpleAsymRW_CBCdriftDiffusionLR,130.25910965541252
CBC_P019,CBC_P019_AV_prob0.9_Vset3_Aset1_2023-03-31_17h14.34.139.csv,1,34,aud,2A,0.35,1,1.37282899999809,0,1,1,0.287302212183126,0.287302212183126,CBCsimpleAsymRW,CBCdriftDiffusionLR,0.5,0.241973335319758,0.038964335111211,NA,0.524037707126011,1.86903393790415,2.23512571106138,0.5,55.6690807429106,NA,v1,MR,NA,CBCsimpleAsymRW_CBCdriftDiffusionLR,130.25910965541252
CBC_P019,CBC_P019_AV_prob0.9_Vset3_Aset1_2023-03-31_17h14.34.139.csv,1,35,aud,1B,0.5,1,2.01225109999905,1,1,1,0.713133975612136,0.286866024387864,CBCsimpleAsymRW,CBCdriftDiffusionLR,0.5,0.241973335319758,0.038964335111211,NA,0.524037707126011,1.86903393790415,2.23512571106138,0.5,55.6690807429106,NA,v1,MR,NA,CBCsimpleAsymRW_CBCdriftDiffusionLR,130.25910965541252
CBC_P019,CBC_P019_AV_prob0.9_Vset3_Aset1_2023-03-31_17h14.34.139.csv,1,36,aud,0C,0.15,1,0.907638200000292,0,1,1,0.519482167555606,0.519482167555606,CBCsimpleAsymRW,CBCdriftDiffusionLR,0.5,0.241973335319758,0.038964335111211,NA,0.524037707126011,1.86903393790415,2.23512571106138,0.5,55.6690807429106,NA,v1,MR,NA,CBCsimpleAsymRW_CBCdriftDiffusionLR,130.25910965541252
CBC_P019,CBC_P019_AV_prob0.9_Vset3_Aset1_2023-03-31_17h14.34.139.csv,1,37,aud,1B,0.5,1,1.57327850000001,0,0,0,0.782547904323186,-0.217452095676814,CBCsimpleAsymRW,CBCdriftDiffusionLR,0.5,0.241973335319758,0.038964335111211,NA,0.524037707126011,1.86903393790415,2.23512571106138,0.5,55.6690807429106,NA,v1,MR,NA,CBCsimpleAsymRW_CBCdriftDiffusionLR,130.25910965541252
CBC_P019,CBC_P019_AV_prob0.9_Vset3_Aset1_2023-03-31_17h14.34.139.csv,1,38,aud,2A,0.35,1,1.02778339999895,0,1,1,0.21778273765643,0.21778273765643,CBCsimpleAsymRW,CBCdriftDiffusionLR,0.5,0.241973335319758,0.038964335111211,NA,0.524037707126011,1.86903393790415,2.23512571106138,0.5,55.6690807429106,NA,v1,MR,NA,CBCsimpleAsymRW_CBCdriftDiffusionLR,130.25910965541252
CBC_P019,CBC_P019_AV_prob0.9_Vset3_Aset1_2023-03-31_17h14.34.139.csv,1,39,aud,1C,0.35,1,1.21925920000103,1,0,0,0.323305064106638,-0.323305064106638,CBCsimpleAsymRW,CBCdriftDiffusionLR,0.5,0.241973335319758,0.038964335111211,NA,0.524037707126011,1.86903393790415,2.23512571106138,0.5,55.6690807429106,NA,v1,MR,NA,CBCsimpleAsymRW_CBCdriftDiffusionLR,130.25910965541252
CBC_P019,CBC_P019_AV_prob0.9_Vset3_Aset1_2023-03-31_17h14.34.139.csv,1,40,aud,0A,0.5,1,0.972160999999687,1,1,1,0.840772695274691,0.159227304725309,CBCsimpleAsymRW,CBCdriftDiffusionLR,0.5,0.241973335319758,0.038964335111211,NA,0.524037707126011,1.86903393790415,2.23512571106138,0.5,55.6690807429106,NA,v1,MR,NA,CBCsimpleAsymRW_CBCdriftDiffusionLR,130.25910965541252
CBC_P019,CBC_P019_AV_prob0.9_Vset3_Aset1_2023-03-31_17h14.34.139.csv,1,41,aud,1B,0.5,1,2.51842579999902,1,1,1,0.791020780649773,0.208979219350227,CBCsimpleAsymRW,CBCdriftDiffusionLR,0.5,0.241973335319758,0.038964335111211,NA,0.524037707126011,1.86903393790415,2.23512571106138,0.5,55.6690807429106,NA,v1,MR,NA,CBCsimpleAsymRW_CBCdriftDiffusionLR,130.25910965541252
CBC_P019,CBC_P019_AV_prob0.9_Vset3_Aset1_2023-03-31_17h14.34.139.csv,1,42,aud,2C,0.5,1,1.29629019999993,1,1,1,0.840772695274691,0.159227304725309,CBCsimpleAsymRW,CBCdriftDiffusionLR,0.5,0.241973335319758,0.038964335111211,NA,0.524037707126011,1.86903393790415,2.23512571106138,0.5,55.6690807429106,NA,v1,MR,NA,CBCsimpleAsymRW_CBCdriftDiffusionLR,130.25910965541252
CBC_P019,CBC_P019_TV_prob0.9_Vset2_Tset3_2023-03-31_17h22.32.458.csv,2,1,tac,2C,0.5,1,3.16732309999861,1,1,1,0.5,0.5,CBCsimpleRW,CBCdriftDiffusionLR,0.5,0.0352468588934863,NA,NA,0.870255683321879,5.85409803781863,2.22185348319375,0.5,62.5721809859104,NA,v1,MR,NA,CBCsimpleRW_CBCdriftDiffusionLR,140.28112050749385
CBC_P019,CBC_P019_TV_prob0.9_Vset2_Tset3_2023-03-31_17h22.32.458.csv,2,2,tac,1B,0.5,1,2.58190889999969,1,1,1,0.5,0.5,CBCsimpleRW,CBCdriftDiffusionLR,0.5,0.0352468588934863,NA,NA,0.870255683321879,5.85409803781863,2.22185348319375,0.5,62.5721809859104,NA,v1,MR,NA,CBCsimpleRW_CBCdriftDiffusionLR,140.28112050749385
CBC_P019,CBC_P019_TV_prob0.9_Vset2_Tset3_2023-03-31_17h22.32.458.csv,2,3,tac,0C,0.15,1,2.32772990000012,1,0,0,0.5,-0.5,CBCsimpleRW,CBCdriftDiffusionLR,0.5,0.0352468588934863,NA,NA,0.870255683321879,5.85409803781863,2.22185348319375,0.5,62.5721809859104,NA,v1,MR,NA,CBCsimpleRW_CBCdriftDiffusionLR,140.28112050749385
CBC_P019,CBC_P019_TV_prob0.9_Vset2_Tset3_2023-03-31_17h22.32.458.csv,2,4,tac,2A,0.35,1,2.27656999999999,0,1,1,0.5,0.5,CBCsimpleRW,CBCdriftDiffusionLR,0.5,0.0352468588934863,NA,NA,0.870255683321879,5.85409803781863,2.22185348319375,0.5,62.5721809859104,NA,v1,MR,NA,CBCsimpleRW_CBCdriftDiffusionLR,140.28112050749385
CBC_P019,CBC_P019_TV_prob0.9_Vset2_Tset3_2023-03-31_17h22.32.458.csv,2,5,tac,1C,0.35,1,2.28859459999876,1,0,0,0.5,-0.5,CBCsimpleRW,CBCdriftDiffusionLR,0.5,0.0352468588934863,NA,NA,0.870255683321879,5.85409803781863,2.22185348319375,0.5,62.5721809859104,NA,v1,MR,NA,CBCsimpleRW_CBCdriftDiffusionLR,140.28112050749385
CBC_P019,CBC_P019_TV_prob0.9_Vset2_Tset3_2023-03-31_17h22.32.458.csv,2,6,tac,2A,0.35,0,2.24479389999942,0,1,0,0.482376570553257,-0.517623429446743,CBCsimpleRW,CBCdriftDiffusionLR,0.5,0.0352468588934863,NA,NA,0.870255683321879,5.85409803781863,2.22185348319375,0.5,62.5721809859104,NA,v1,MR,NA,CBCsimpleRW_CBCdriftDiffusionLR,140.28112050749385
CBC_P019,CBC_P019_TV_prob0.9_Vset2_Tset3_2023-03-31_17h22.32.458.csv,2,7,tac,1B,0.5,1,1.87153849999959,1,1,1,0.517623429446743,0.482376570553257,CBCsimpleRW,CBCdriftDiffusionLR,0.5,0.0352468588934863,NA,NA,0.870255683321879,5.85409803781863,2.22185348319375,0.5,62.5721809859104,NA,v1,MR,NA,CBCsimpleRW_CBCdriftDiffusionLR,140.28112050749385
CBC_P019,CBC_P019_TV_prob0.9_Vset2_Tset3_2023-03-31_17h22.32.458.csv,2,8,tac,0A,0.5,1,2.31921479999983,0,0,0,0.5,-0.5,CBCsimpleRW,CBCdriftDiffusionLR,0.5,0.0352468588934863,NA,NA,0.870255683321879,5.85409803781863,2.22185348319375,0.5,62.5721809859104,NA,v1,MR,NA,CBCsimpleRW_CBCdriftDiffusionLR,140.28112050749385
CBC_P019,CBC_P019_TV_prob0.9_Vset2_Tset3_2023-03-31_17h22.32.458.csv,2,9,tac,1B,0.5,1,1.66708799999833,1,1,1,0.534625688362558,0.465374311637442,CBCsimpleRW,CBCdriftDiffusionLR,0.5,0.0352468588934863,NA,NA,0.870255683321879,5.85409803781863,2.22185348319375,0.5,62.5721809859104,NA,v1,MR,NA,CBCsimpleRW_CBCdriftDiffusionLR,140.28112050749385
CBC_P019,CBC_P019_TV_prob0.9_Vset2_Tset3_2023-03-31_17h22.32.458.csv,2,10,tac,2C,0.5,1,2.22903959999894,1,1,1,0.517623429446743,0.482376570553257,CBCsimpleRW,CBCdriftDiffusionLR,0.5,0.0352468588934863,NA,NA,0.870255683321879,5.85409803781863,2.22185348319375,0.5,62.5721809859104,NA,v1,MR,NA,CBCsimpleRW_CBCdriftDiffusionLR,140.28112050749385
CBC_P019,CBC_P019_TV_prob0.9_Vset2_Tset3_2023-03-31_17h22.32.458.csv,2,11,tac,0B,0.35,1,2.16210510000019,0,1,1,0.5,0.5,CBCsimpleRW,CBCdriftDiffusionLR,0.5,0.0352468588934863,NA,NA,0.870255683321879,5.85409803781863,2.22185348319375,0.5,62.5721809859104,NA,v1,MR,NA,CBCsimpleRW_CBCdriftDiffusionLR,140.28112050749385
CBC_P019,CBC_P019_TV_prob0.9_Vset2_Tset3_2023-03-31_17h22.32.458.csv,2,12,tac,1C,0.35,1,1.84078739999859,1,0,0,0.482376570553257,-0.482376570553257,CBCsimpleRW,CBCdriftDiffusionLR,0.5,0.0352468588934863,NA,NA,0.870255683321879,5.85409803781863,2.22185348319375,0.5,62.5721809859104,NA,v1,MR,NA,CBCsimpleRW_CBCdriftDiffusionLR,140.28112050749385
CBC_P019,CBC_P019_TV_prob0.9_Vset2_Tset3_2023-03-31_17h22.32.458.csv,2,13,tac,0A,0.5,1,2.30925860000025,1,1,1,0.517623429446743,0.482376570553257,CBCsimpleRW,CBCdriftDiffusionLR,0.5,0.0352468588934863,NA,NA,0.870255683321879,5.85409803781863,2.22185348319375,0.5,62.5721809859104,NA,v1,MR,NA,CBCsimpleRW_CBCdriftDiffusionLR,140.28112050749385
CBC_P019,CBC_P019_TV_prob0.9_Vset2_Tset3_2023-03-31_17h22.32.458.csv,2,14,tac,2B,0.15,1,2.06784829999924,0,1,1,0.5,0.5,CBCsimpleRW,CBCdriftDiffusionLR,0.5,0.0352468588934863,NA,NA,0.870255683321879,5.85409803781863,2.22185348319375,0.5,62.5721809859104,NA,v1,MR,NA,CBCsimpleRW_CBCdriftDiffusionLR,140.28112050749385
CBC_P019,CBC_P019_TV_prob0.9_Vset2_Tset3_2023-03-31_17h22.32.458.csv,2,15,tac,1A,0.15,1,2.26376489999893,0,1,1,0.5,0.5,CBCsimpleRW,CBCdriftDiffusionLR,0.5,0.0352468588934863,NA,NA,0.870255683321879,5.85409803781863,2.22185348319375,0.5,62.5721809859104,NA,v1,MR,NA,CBCsimpleRW_CBCdriftDiffusionLR,140.28112050749385
CBC_P019,CBC_P019_TV_prob0.9_Vset2_Tset3_2023-03-31_17h22.32.458.csv,2,16,tac,0C,0.15,0,1.66584850000072,0,1,0,0.482376570553257,-0.517623429446743,CBCsimpleRW,CBCdriftDiffusionLR,0.5,0.0352468588934863,NA,NA,0.870255683321879,5.85409803781863,2.22185348319375,0.5,62.5721809859104,NA,v1,MR,NA,CBCsimpleRW_CBCdriftDiffusionLR,140.28112050749385
CBC_P019,CBC_P019_TV_prob0.9_Vset2_Tset3_2023-03-31_17h22.32.458.csv,2,17,tac,1B,0.5,1,NA,NA,NA,NA,0.551028671057496,0,CBCsimpleRW,CBCdriftDiffusionLR,0.5,0.0352468588934863,NA,NA,0.870255683321879,5.85409803781863,2.22185348319375,0.5,62.5721809859104,NA,v1,MR,NA,CBCsimpleRW_CBCdriftDiffusionLR,140.28112050749385
CBC_P019,CBC_P019_TV_prob0.9_Vset2_Tset3_2023-03-31_17h22.32.458.csv,2,18,tac,2C,0.5,1,2.29265510000005,0,0,0,0.534625688362558,-0.465374311637442,CBCsimpleRW,CBCdriftDiffusionLR,0.5,0.0352468588934863,NA,NA,0.870255683321879,5.85409803781863,2.22185348319375,0.5,62.5721809859104,NA,v1,MR,NA,CBCsimpleRW_CBCdriftDiffusionLR,140.28112050749385
CBC_P019,CBC_P019_TV_prob0.9_Vset2_Tset3_2023-03-31_17h22.32.458.csv,2,19,tac,0B,0.35,1,2.01110289999997,0,1,1,0.482376570553257,0.482376570553257,CBCsimpleRW,CBCdriftDiffusionLR,0.5,0.0352468588934863,NA,NA,0.870255683321879,5.85409803781863,2.22185348319375,0.5,62.5721809859104,NA,v1,MR,NA,CBCsimpleRW_CBCdriftDiffusionLR,140.28112050749385
CBC_P019,CBC_P019_TV_prob0.9_Vset2_Tset3_2023-03-31_17h22.32.458.csv,2,20,tac,1C,0.35,1,1.9184322000001,1,0,0,0.465374311637442,-0.465374311637442,CBCsimpleRW,CBCdriftDiffusionLR,0.5,0.0352468588934863,NA,NA,0.870255683321879,5.85409803781863,2.22185348319375,0.5,62.5721809859104,NA,v1,MR,NA,CBCsimpleRW_CBCdriftDiffusionLR,140.28112050749385
CBC_P019,CBC_P019_TV_prob0.9_Vset2_Tset3_2023-03-31_17h22.32.458.csv,2,21,tac,0A,0.5,1,1.59054490000017,1,1,1,0.534625688362558,0.465374311637442,CBCsimpleRW,CBCdriftDiffusionLR,0.5,0.0352468588934863,NA,NA,0.870255683321879,5.85409803781863,2.22185348319375,0.5,62.5721809859104,NA,v1,MR,NA,CBCsimpleRW_CBCdriftDiffusionLR,140.28112050749385
CBC_P019,CBC_P019_TV_prob0.9_Vset2_Tset3_2023-03-31_17h22.32.458.csv,2,22,tac,1C,0.35,1,1.65903519999847,1,0,0,0.448971328942504,-0.448971328942504,CBCsimpleRW,CBCdriftDiffusionLR,0.5,0.0352468588934863,NA,NA,0.870255683321879,5.85409803781863,2.22185348319375,0.5,62.5721809859104,NA,v1,MR,NA,CBCsimpleRW_CBCdriftDiffusionLR,140.28112050749385
CBC_P019,CBC_P019_TV_prob0.9_Vset2_Tset3_2023-03-31_17h22.32.458.csv,2,23,tac,0A,0.5,1,1.83313799999996,1,1,1,0.551028671057496,0.448971328942504,CBCsimpleRW,CBCdriftDiffusionLR,0.5,0.0352468588934863,NA,NA,0.870255683321879,5.85409803781863,2.22185348319375,0.5,62.5721809859104,NA,v1,MR,NA,CBCsimpleRW_CBCdriftDiffusionLR,140.28112050749385
CBC_P019,CBC_P019_TV_prob0.9_Vset2_Tset3_2023-03-31_17h22.32.458.csv,2,24,tac,2C,0.5,1,2.18632689999868,1,1,1,0.551028671057496,0.448971328942504,CBCsimpleRW,CBCdriftDiffusionLR,0.5,0.0352468588934863,NA,NA,0.870255683321879,5.85409803781863,2.22185348319375,0.5,62.5721809859104,NA,v1,MR,NA,CBCsimpleRW_CBCdriftDiffusionLR,140.28112050749385
CBC_P019,CBC_P019_TV_prob0.9_Vset2_Tset3_2023-03-31_17h22.32.458.csv,2,25,tac,0B,0.35,1,2.02936499999851,0,1,1,0.465374311637442,0.465374311637442,CBCsimpleRW,CBCdriftDiffusionLR,0.5,0.0352468588934863,NA,NA,0.870255683321879,5.85409803781863,2.22185348319375,0.5,62.5721809859104,NA,v1,MR,NA,CBCsimpleRW_CBCdriftDiffusionLR,140.28112050749385
CBC_P019,CBC_P019_TV_prob0.9_Vset2_Tset3_2023-03-31_17h22.32.458.csv,2,26,tac,2A,0.35,1,2.25349789999927,0,1,1,0.500621170530929,0.500621170530929,CBCsimpleRW,CBCdriftDiffusionLR,0.5,0.0352468588934863,NA,NA,0.870255683321879,5.85409803781863,2.22185348319375,0.5,62.5721809859104,NA,v1,MR,NA,CBCsimpleRW_CBCdriftDiffusionLR,140.28112050749385
CBC_P019,CBC_P019_TV_prob0.9_Vset2_Tset3_2023-03-31_17h22.32.458.csv,2,27,tac,1B,0.5,0,2.07575980000001,1,1,0,0.551028671057496,-0.551028671057496,CBCsimpleRW,CBCdriftDiffusionLR,0.5,0.0352468588934863,NA,NA,0.870255683321879,5.85409803781863,2.22185348319375,0.5,62.5721809859104,NA,v1,MR,NA,CBCsimpleRW_CBCdriftDiffusionLR,140.28112050749385
CBC_P019,CBC_P019_TV_prob0.9_Vset2_Tset3_2023-03-31_17h22.32.458.csv,2,28,tac,0A,0.5,1,1.38005369999883,0,0,0,0.566853500135953,-0.433146499864047,CBCsimpleRW,CBCdriftDiffusionLR,0.5,0.0352468588934863,NA,NA,0.870255683321879,5.85409803781863,2.22185348319375,0.5,62.5721809859104,NA,v1,MR,NA,CBCsimpleRW_CBCdriftDiffusionLR,140.28112050749385
CBC_P019,CBC_P019_TV_prob0.9_Vset2_Tset3_2023-03-31_17h22.32.458.csv,2,29,tac,2C,0.5,1,2.36954249999872,1,1,1,0.566853500135953,0.433146499864047,CBCsimpleRW,CBCdriftDiffusionLR,0.5,0.0352468588934863,NA,NA,0.870255683321879,5.85409803781863,2.22185348319375,0.5,62.5721809859104,NA,v1,MR,NA,CBCsimpleRW_CBCdriftDiffusionLR,140.28112050749385
CBC_P019,CBC_P019_TV_prob0.9_Vset2_Tset3_2023-03-31_17h22.32.458.csv,2,30,tac,1A,0.15,1,1.26088869999876,0,1,1,0.482376570553257,0.482376570553257,CBCsimpleRW,CBCdriftDiffusionLR,0.5,0.0352468588934863,NA,NA,0.870255683321879,5.85409803781863,2.22185348319375,0.5,62.5721809859104,NA,v1,MR,NA,CBCsimpleRW_CBCdriftDiffusionLR,140.28112050749385
CBC_P019,CBC_P019_TV_prob0.9_Vset2_Tset3_2023-03-31_17h22.32.458.csv,2,31,tac,2C,0.5,1,2.28146299999935,1,1,1,0.582120553696869,0.417879446303131,CBCsimpleRW,CBCdriftDiffusionLR,0.5,0.0352468588934863,NA,NA,0.870255683321879,5.85409803781863,2.22185348319375,0.5,62.5721809859104,NA,v1,MR,NA,CBCsimpleRW_CBCdriftDiffusionLR,140.28112050749385
CBC_P019,CBC_P019_TV_prob0.9_Vset2_Tset3_2023-03-31_17h22.32.458.csv,2,32,tac,1B,0.5,1,1.8757841000006,0,0,0,0.531606641242467,-0.468393358757533,CBCsimpleRW,CBCdriftDiffusionLR,0.5,0.0352468588934863,NA,NA,0.870255683321879,5.85409803781863,2.22185348319375,0.5,62.5721809859104,NA,v1,MR,NA,CBCsimpleRW_CBCdriftDiffusionLR,140.28112050749385
CBC_P019,CBC_P019_TV_prob0.9_Vset2_Tset3_2023-03-31_17h22.32.458.csv,2,33,tac,0A,0.5,1,1.02465839999968,1,1,1,0.582120553696869,0.417879446303131,CBCsimpleRW,CBCdriftDiffusionLR,0.5,0.0352468588934863,NA,NA,0.870255683321879,5.85409803781863,2.22185348319375,0.5,62.5721809859104,NA,v1,MR,NA,CBCsimpleRW_CBCdriftDiffusionLR,140.28112050749385
CBC_P019,CBC_P019_TV_prob0.9_Vset2_Tset3_2023-03-31_17h22.32.458.csv,2,34,tac,1C,0.35,0,1.88305199999922,1,0,1,0.433146499864047,0.566853500135953,CBCsimpleRW,CBCdriftDiffusionLR,0.5,0.0352468588934863,NA,NA,0.870255683321879,5.85409803781863,2.22185348319375,0.5,62.5721809859104,NA,v1,MR,NA,CBCsimpleRW_CBCdriftDiffusionLR,140.28112050749385
CBC_P019,CBC_P019_TV_prob0.9_Vset2_Tset3_2023-03-31_17h22.32.458.csv,2,35,tac,2A,0.35,1,1.3636381999986,0,1,1,0.482975846774133,0.482975846774133,CBCsimpleRW,CBCdriftDiffusionLR,0.5,0.0352468588934863,NA,NA,0.870255683321879,5.85409803781863,2.22185348319375,0.5,62.5721809859104,NA,v1,MR,NA,CBCsimpleRW_CBCdriftDiffusionLR,140.28112050749385
CBC_P019,CBC_P019_TV_prob0.9_Vset2_Tset3_2023-03-31_17h22.32.458.csv,2,36,tac,0B,0.35,1,1.1899558999994,0,1,1,0.448971328942504,0.448971328942504,CBCsimpleRW,CBCdriftDiffusionLR,0.5,0.0352468588934863,NA,NA,0.870255683321879,5.85409803781863,2.22185348319375,0.5,62.5721809859104,NA,v1,MR,NA,CBCsimpleRW_CBCdriftDiffusionLR,140.28112050749385
CBC_P019,CBC_P019_TV_prob0.9_Vset2_Tset3_2023-03-31_17h22.32.458.csv,2,37,tac,2C,0.5,1,2.21697809999932,1,1,1,0.596849491575204,0.403150508424796,CBCsimpleRW,CBCdriftDiffusionLR,0.5,0.0352468588934863,NA,NA,0.870255683321879,5.85409803781863,2.22185348319375,0.5,62.5721809859104,NA,v1,MR,NA,CBCsimpleRW_CBCdriftDiffusionLR,140.28112050749385
CBC_P019,CBC_P019_TV_prob0.9_Vset2_Tset3_2023-03-31_17h22.32.458.csv,2,38,tac,0B,0.35,1,1.61068010000054,0,1,1,0.433146499864047,0.433146499864047,CBCsimpleRW,CBCdriftDiffusionLR,0.5,0.0352468588934863,NA,NA,0.870255683321879,5.85409803781863,2.22185348319375,0.5,62.5721809859104,NA,v1,MR,NA,CBCsimpleRW_CBCdriftDiffusionLR,140.28112050749385
CBC_P019,CBC_P019_TV_prob0.9_Vset2_Tset3_2023-03-31_17h22.32.458.csv,2,39,tac,1C,0.35,1,1.68769669999892,0,1,1,0.453126305196617,0.453126305196617,CBCsimpleRW,CBCdriftDiffusionLR,0.5,0.0352468588934863,NA,NA,0.870255683321879,5.85409803781863,2.22185348319375,0.5,62.5721809859104,NA,v1,MR,NA,CBCsimpleRW_CBCdriftDiffusionLR,140.28112050749385
CBC_P019,CBC_P019_TV_prob0.9_Vset2_Tset3_2023-03-31_17h22.32.458.csv,2,40,tac,2B,0.15,1,2.06035979999979,1,0,0,0.482376570553257,-0.482376570553257,CBCsimpleRW,CBCdriftDiffusionLR,0.5,0.0352468588934863,NA,NA,0.870255683321879,5.85409803781863,2.22185348319375,0.5,62.5721809859104,NA,v1,MR,NA,CBCsimpleRW_CBCdriftDiffusionLR,140.28112050749385
CBC_P019,CBC_P019_TV_prob0.9_Vset2_Tset3_2023-03-31_17h22.32.458.csv,2,41,tac,0A,0.5,0,0.997891899998649,1,1,0,0.596849491575204,-0.596849491575204,CBCsimpleRW,CBCdriftDiffusionLR,0.5,0.0352468588934863,NA,NA,0.870255683321879,5.85409803781863,2.22185348319375,0.5,62.5721809859104,NA,v1,MR,NA,CBCsimpleRW_CBCdriftDiffusionLR,140.28112050749385
CBC_P019,CBC_P019_TV_prob0.9_Vset2_Tset3_2023-03-31_17h22.32.458.csv,2,42,tac,1B,0.5,1,2.092939199998,1,1,1,0.54811603586524,0.45188396413476,CBCsimpleRW,CBCdriftDiffusionLR,0.5,0.0352468588934863,NA,NA,0.870255683321879,5.85409803781863,2.22185348319375,0.5,62.5721809859104,NA,v1,MR,NA,CBCsimpleRW_CBCdriftDiffusionLR,140.28112050749385
CBC_P020,CBC_P020_AV_prob0.7_Vset3_Aset3_2023-03-31_18h19.39.958.csv,1,1,aud,2C,0.5,1,2.35503729999982,1,1,1,0.5,0.5,CBC2StepAsymRW,CBCdriftDiffusionLR,0.5,0.841097779036023,0.176821889116071,0.226980102474812,0.754707637179243,1.79947170118484,2.50256460869078,0.5,30.6457980055804,NA,v1,MR,NA,CBC2StepAsymRW_CBCdriftDiffusionLR,83.99673381467036
CBC_P020,CBC_P020_AV_prob0.7_Vset3_Aset3_2023-03-31_18h19.39.958.csv,1,2,aud,1B,0.5,1,1.30992970000079,1,1,1,0.5,0.5,CBC2StepAsymRW,CBCdriftDiffusionLR,0.5,0.841097779036023,0.176821889116071,0.226980102474812,0.754707637179243,1.79947170118484,2.50256460869078,0.5,30.6457980055804,NA,v1,MR,NA,CBC2StepAsymRW_CBCdriftDiffusionLR,83.99673381467036
CBC_P020,CBC_P020_AV_prob0.7_Vset3_Aset3_2023-03-31_18h19.39.958.csv,1,3,aud,0C,0.15,1,1.20361389999744,0,1,1,0.411589055441965,0.411589055441965,CBC2StepAsymRW,CBCdriftDiffusionLR,0.5,0.841097779036023,0.176821889116071,0.226980102474812,0.754707637179243,1.79947170118484,2.50256460869078,0.5,30.6457980055804,NA,v1,MR,NA,CBC2StepAsymRW_CBCdriftDiffusionLR,83.99673381467036
CBC_P020,CBC_P020_AV_prob0.7_Vset3_Aset3_2023-03-31_18h19.39.958.csv,1,4,aud,2A,0.35,1,1.19362009999895,0,1,1,0.411589055441965,0.411589055441965,CBC2StepAsymRW,CBCdriftDiffusionLR,0.5,0.841097779036023,0.176821889116071,0.226980102474812,0.754707637179243,1.79947170118484,2.50256460869078,0.5,30.6457980055804,NA,v1,MR,NA,CBC2StepAsymRW_CBCdriftDiffusionLR,83.99673381467036
CBC_P020,CBC_P020_AV_prob0.7_Vset3_Aset3_2023-03-31_18h19.39.958.csv,1,5,aud,1C,0.35,0,1.1972792000015,0,1,0,0.338811101119217,-0.661188898880783,CBC2StepAsymRW,CBCdriftDiffusionLR,0.5,0.841097779036023,0.176821889116071,0.226980102474812,0.754707637179243,1.79947170118484,2.50256460869078,0.5,30.6457980055804,NA,v1,MR,NA,CBC2StepAsymRW_CBCdriftDiffusionLR,83.99673381467036
CBC_P020,CBC_P020_AV_prob0.7_Vset3_Aset3_2023-03-31_18h19.39.958.csv,1,6,aud,2A,0.35,0,1.6598570999995,0,1,0,0.0654024150341936,-0.934597584965806,CBC2StepAsymRW,CBCdriftDiffusionLR,0.5,0.841097779036023,0.176821889116071,0.226980102474812,0.754707637179243,1.79947170118484,2.50256460869078,0.5,30.6457980055804,NA,v1,MR,NA,CBC2StepAsymRW_CBCdriftDiffusionLR,83.99673381467036
CBC_P020,CBC_P020_AV_prob0.7_Vset3_Aset3_2023-03-31_18h19.39.958.csv,1,7,aud,1B,0.5,1,0.875836999999592,1,1,1,0.920548889518011,0.0794511104819886,CBC2StepAsymRW,CBCdriftDiffusionLR,0.5,0.841097779036023,0.176821889116071,0.226980102474812,0.754707637179243,1.79947170118484,2.50256460869078,0.5,30.6457980055804,NA,v1,MR,NA,CBC2StepAsymRW_CBCdriftDiffusionLR,83.99673381467036
CBC_P020,CBC_P020_AV_prob0.7_Vset3_Aset3_2023-03-31_18h19.39.958.csv,1,8,aud,0A,0.5,1,2.55887589999838,1,1,1,0.5,0.5,CBC2StepAsymRW,CBCdriftDiffusionLR,0.5,0.841097779036023,0.176821889116071,0.226980102474812,0.754707637179243,1.79947170118484,2.50256460869078,0.5,30.6457980055804,NA,v1,MR,NA,CBC2StepAsymRW_CBCdriftDiffusionLR,83.99673381467036
CBC_P020,CBC_P020_AV_prob0.7_Vset3_Aset3_2023-03-31_18h19.39.958.csv,1,9,aud,1B,0.5,1,1.14550009999948,1,1,1,0.987375042086358,0.0126249579136423,CBC2StepAsymRW,CBCdriftDiffusionLR,0.5,0.841097779036023,0.176821889116071,0.226980102474812,0.754707637179243,1.79947170118484,2.50256460869078,0.5,30.6457980055804,NA,v1,MR,NA,CBC2StepAsymRW_CBCdriftDiffusionLR,83.99673381467036
CBC_P020,CBC_P020_AV_prob0.7_Vset3_Aset3_2023-03-31_18h19.39.958.csv,1,10,aud,2C,0.5,0,1.13148459999866,1,1,0,0.920548889518011,-0.920548889518011,CBC2StepAsymRW,CBCdriftDiffusionLR,0.5,0.841097779036023,0.176821889116071,0.226980102474812,0.754707637179243,1.79947170118484,2.50256460869078,0.5,30.6457980055804,NA,v1,MR,NA,CBC2StepAsymRW_CBCdriftDiffusionLR,83.99673381467036
CBC_P020,CBC_P020_AV_prob0.7_Vset3_Aset3_2023-03-31_18h19.39.958.csv,1,11,aud,0B,0.35,0,2.3501983999995,0,1,0,0.229585924483233,-0.770414075516767,CBC2StepAsymRW,CBCdriftDiffusionLR,0.5,0.841097779036023,0.176821889116071,0.226980102474812,0.754707637179243,1.79947170118484,2.50256460869078,0.5,30.6457980055804,NA,v1,MR,NA,CBC2StepAsymRW_CBCdriftDiffusionLR,83.99673381467036
CBC_P020,CBC_P020_AV_prob0.7_Vset3_Aset3_2023-03-31_18h19.39.958.csv,1,12,aud,1C,0.35,0,2.08857450000141,0,1,0,0.30880854550844,-0.69119145449156,CBC2StepAsymRW,CBCdriftDiffusionLR,0.5,0.841097779036023,0.176821889116071,0.226980102474812,0.754707637179243,1.79947170118484,2.50256460869078,0.5,30.6457980055804,NA,v1,MR,NA,CBC2StepAsymRW_CBCdriftDiffusionLR,83.99673381467036
CBC_P020,CBC_P020_AV_prob0.7_Vset3_Aset3_2023-03-31_18h19.39.958.csv,1,13,aud,0A,0.5,0,2.36521490000086,1,1,0,0.920548889518011,-0.920548889518011,CBC2StepAsymRW,CBCdriftDiffusionLR,0.5,0.841097779036023,0.176821889116071,0.226980102474812,0.754707637179243,1.79947170118484,2.50256460869078,0.5,30.6457980055804,NA,v1,MR,NA,CBC2StepAsymRW_CBCdriftDiffusionLR,83.99673381467036
CBC_P020,CBC_P020_AV_prob0.7_Vset3_Aset3_2023-03-31_18h19.39.958.csv,1,14,aud,2B,0.15,1,2.42751049999788,0,1,1,0.229585924483233,0.229585924483233,CBC2StepAsymRW,CBCdriftDiffusionLR,0.5,0.841097779036023,0.176821889116071,0.226980102474812,0.754707637179243,1.79947170118484,2.50256460869078,0.5,30.6457980055804,NA,v1,MR,NA,CBC2StepAsymRW_CBCdriftDiffusionLR,83.99673381467036
CBC_P020,CBC_P020_AV_prob0.7_Vset3_Aset3_2023-03-31_18h19.39.958.csv,1,15,aud,1A,0.15,1,1.69158180000159,0,1,1,0.229585924483233,0.229585924483233,CBC2StepAsymRW,CBCdriftDiffusionLR,0.5,0.841097779036023,0.176821889116071,0.226980102474812,0.754707637179243,1.79947170118484,2.50256460869078,0.5,30.6457980055804,NA,v1,MR,NA,CBC2StepAsymRW_CBCdriftDiffusionLR,83.99673381467036
CBC_P020,CBC_P020_AV_prob0.7_Vset3_Aset3_2023-03-31_18h19.39.958.csv,1,16,aud,0C,0.15,1,1.48152850000042,1,0,0,0.0538378364550942,-0.0538378364550942,CBC2StepAsymRW,CBCdriftDiffusionLR,0.5,0.841097779036023,0.176821889116071,0.226980102474812,0.754707637179243,1.79947170118484,2.50256460869078,0.5,30.6457980055804,NA,v1,MR,NA,CBC2StepAsymRW_CBCdriftDiffusionLR,83.99673381467036
CBC_P020,CBC_P020_AV_prob0.7_Vset3_Aset3_2023-03-31_18h19.39.958.csv,1,17,aud,1B,0.5,1,2.35041759999876,1,1,1,0.997993866147945,0.0020061338520545,CBC2StepAsymRW,CBCdriftDiffusionLR,0.5,0.841097779036023,0.176821889116071,0.226980102474812,0.754707637179243,1.79947170118484,2.50256460869078,0.5,30.6457980055804,NA,v1,MR,NA,CBC2StepAsymRW_CBCdriftDiffusionLR,83.99673381467036
CBC_P020,CBC_P020_AV_prob0.7_Vset3_Aset3_2023-03-31_18h19.39.958.csv,1,18,aud,2C,0.5,1,1.59430139999677,1,1,1,0.757775695849736,0.242224304150264,CBC2StepAsymRW,CBCdriftDiffusionLR,0.5,0.841097779036023,0.176821889116071,0.226980102474812,0.754707637179243,1.79947170118484,2.50256460869078,0.5,30.6457980055804,NA,v1,MR,NA,CBC2StepAsymRW_CBCdriftDiffusionLR,83.99673381467036
CBC_P020,CBC_P020_AV_prob0.7_Vset3_Aset3_2023-03-31_18h19.39.958.csv,1,19,aud,0B,0.35,1,NA,NA,NA,NA,0.30112842839677,0,CBC2StepAsymRW,CBCdriftDiffusionLR,0.5,0.841097779036023,0.176821889116071,0.226980102474812,0.754707637179243,1.79947170118484,2.50256460869078,0.5,30.6457980055804,NA,v1,MR,NA,CBC2StepAsymRW_CBCdriftDiffusionLR,83.99673381467036
CBC_P020,CBC_P020_AV_prob0.7_Vset3_Aset3_2023-03-31_18h19.39.958.csv,1,20,aud,1C,0.35,1,1.40309010000055,0,1,1,0.292073007049179,0.292073007049179,CBC2StepAsymRW,CBCdriftDiffusionLR,0.5,0.841097779036023,0.176821889116071,0.226980102474812,0.754707637179243,1.79947170118484,2.50256460869078,0.5,30.6457980055804,NA,v1,MR,NA,CBC2StepAsymRW_CBCdriftDiffusionLR,83.99673381467036
CBC_P020,CBC_P020_AV_prob0.7_Vset3_Aset3_2023-03-31_18h19.39.958.csv,1,21,aud,0A,0.5,1,1.35885169999892,1,1,1,0.757775695849736,0.242224304150264,CBC2StepAsymRW,CBCdriftDiffusionLR,0.5,0.841097779036023,0.176821889116071,0.226980102474812,0.754707637179243,1.79947170118484,2.50256460869078,0.5,30.6457980055804,NA,v1,MR,NA,CBC2StepAsymRW_CBCdriftDiffusionLR,83.99673381467036
CBC_P020,CBC_P020_AV_prob0.7_Vset3_Aset3_2023-03-31_18h19.39.958.csv,1,22,aud,1C,0.35,1,1.3670710999977,0,1,1,0.046411049503742,0.046411049503742,CBC2StepAsymRW,CBCdriftDiffusionLR,0.5,0.841097779036023,0.176821889116071,0.226980102474812,0.754707637179243,1.79947170118484,2.50256460869078,0.5,30.6457980055804,NA,v1,MR,NA,CBC2StepAsymRW_CBCdriftDiffusionLR,83.99673381467036
CBC_P020,CBC_P020_AV_prob0.7_Vset3_Aset3_2023-03-31_18h19.39.958.csv,1,23,aud,0A,0.5,1,2.04559470000095,1,1,1,0.961510020099069,0.0384899799009308,CBC2StepAsymRW,CBCdriftDiffusionLR,0.5,0.841097779036023,0.176821889116071,0.226980102474812,0.754707637179243,1.79947170118484,2.50256460869078,0.5,30.6457980055804,NA,v1,MR,NA,CBC2StepAsymRW_CBCdriftDiffusionLR,83.99673381467036
CBC_P020,CBC_P020_AV_prob0.7_Vset3_Aset3_2023-03-31_18h19.39.958.csv,1,24,aud,2C,0.5,1,1.56743809999898,1,1,1,0.961510020099069,0.0384899799009308,CBC2StepAsymRW,CBCdriftDiffusionLR,0.5,0.841097779036023,0.176821889116071,0.226980102474812,0.754707637179243,1.79947170118484,2.50256460869078,0.5,30.6457980055804,NA,v1,MR,NA,CBC2StepAsymRW_CBCdriftDiffusionLR,83.99673381467036
CBC_P020,CBC_P020_AV_prob0.7_Vset3_Aset3_2023-03-31_18h19.39.958.csv,1,25,aud,0B,0.35,0,2.41273870000077,0,1,0,0.204051308806818,-0.795948691193182,CBC2StepAsymRW,CBCdriftDiffusionLR,0.5,0.841097779036023,0.176821889116071,0.226980102474812,0.754707637179243,1.79947170118484,2.50256460869078,0.5,30.6457980055804,NA,v1,MR,NA,CBC2StepAsymRW_CBCdriftDiffusionLR,83.99673381467036
CBC_P020,CBC_P020_AV_prob0.7_Vset3_Aset3_2023-03-31_18h19.39.958.csv,1,26,aud,2A,0.35,0,1.54458710000108,0,1,0,0.0871848127101222,-0.912815187289878,CBC2StepAsymRW,CBCdriftDiffusionLR,0.5,0.841097779036023,0.176821889116071,0.226980102474812,0.754707637179243,1.79947170118484,2.50256460869078,0.5,30.6457980055804,NA,v1,MR,NA,CBC2StepAsymRW_CBCdriftDiffusionLR,83.99673381467036
CBC_P020,CBC_P020_AV_prob0.7_Vset3_Aset3_2023-03-31_18h19.39.958.csv,1,27,aud,1B,0.5,1,2.03484259999823,1,1,1,0.999681220875357,3.1877912464251e-4,CBC2StepAsymRW,CBCdriftDiffusionLR,0.5,0.841097779036023,0.176821889116071,0.226980102474812,0.754707637179243,1.79947170118484,2.50256460869078,0.5,30.6457980055804,NA,v1,MR,NA,CBC2StepAsymRW_CBCdriftDiffusionLR,83.99673381467036
CBC_P020,CBC_P020_AV_prob0.7_Vset3_Aset3_2023-03-31_18h19.39.958.csv,1,28,aud,0A,0.5,0,1.36856280000211,1,1,0,0.993883856708883,-0.993883856708883,CBC2StepAsymRW,CBCdriftDiffusionLR,0.5,0.841097779036023,0.176821889116071,0.226980102474812,0.754707637179243,1.79947170118484,2.50256460869078,0.5,30.6457980055804,NA,v1,MR,NA,CBC2StepAsymRW_CBCdriftDiffusionLR,83.99673381467036
CBC_P020,CBC_P020_AV_prob0.7_Vset3_Aset3_2023-03-31_18h19.39.958.csv,1,29,aud,2C,0.5,1,1.64781140000196,1,1,1,0.993883856708883,0.00611614329111676,CBC2StepAsymRW,CBCdriftDiffusionLR,0.5,0.841097779036023,0.176821889116071,0.226980102474812,0.754707637179243,1.79947170118484,2.50256460869078,0.5,30.6457980055804,NA,v1,MR,NA,CBC2StepAsymRW_CBCdriftDiffusionLR,83.99673381467036
CBC_P020,CBC_P020_AV_prob0.7_Vset3_Aset3_2023-03-31_18h19.39.958.csv,1,30,aud,1A,0.15,1,1.20542749999731,0,1,1,0.0167513757505522,0.0167513757505522,CBC2StepAsymRW,CBCdriftDiffusionLR,0.5,0.841097779036023,0.176821889116071,0.226980102474812,0.754707637179243,1.79947170118484,2.50256460869078,0.5,30.6457980055804,NA,v1,MR,NA,CBC2StepAsymRW_CBCdriftDiffusionLR,83.99673381467036
CBC_P020,CBC_P020_AV_prob0.7_Vset3_Aset3_2023-03-31_18h19.39.958.csv,1,31,aud,2C,0.5,1,NA,NA,NA,NA,0.999028131247308,0,CBC2StepAsymRW,CBCdriftDiffusionLR,0.5,0.841097779036023,0.176821889116071,0.226980102474812,0.754707637179243,1.79947170118484,2.50256460869078,0.5,30.6457980055804,NA,v1,MR,NA,CBC2StepAsymRW_CBCdriftDiffusionLR,83.99673381467036
CBC_P020,CBC_P020_AV_prob0.7_Vset3_Aset3_2023-03-31_18h19.39.958.csv,1,32,aud,1B,0.5,1,1.2378112999977,1,1,1,0.999949345289097,5.06547109025979e-5,CBC2StepAsymRW,CBCdriftDiffusionLR,0.5,0.841097779036023,0.176821889116071,0.226980102474812,0.754707637179243,1.79947170118484,2.50256460869078,0.5,30.6457980055804,NA,v1,MR,NA,CBC2StepAsymRW_CBCdriftDiffusionLR,83.99673381467036
CBC_P020,CBC_P020_AV_prob0.7_Vset3_Aset3_2023-03-31_18h19.39.958.csv,1,33,aud,0A,0.5,1,1.19506569999794,1,1,1,0.818143435603653,0.181856564396347,CBC2StepAsymRW,CBCdriftDiffusionLR,0.5,0.841097779036023,0.176821889116071,0.226980102474812,0.754707637179243,1.79947170118484,2.50256460869078,0.5,30.6457980055804,NA,v1,MR,NA,CBC2StepAsymRW_CBCdriftDiffusionLR,83.99673381467036
CBC_P020,CBC_P020_AV_prob0.7_Vset3_Aset3_2023-03-31_18h19.39.958.csv,1,34,aud,1C,0.35,1,1.2552571999986,0,1,1,0.003386309204123,0.00338630920412297,CBC2StepAsymRW,CBCdriftDiffusionLR,0.5,0.841097779036023,0.176821889116071,0.226980102474812,0.754707637179243,1.79947170118484,2.50256460869078,0.5,30.6457980055804,NA,v1,MR,NA,CBC2StepAsymRW_CBCdriftDiffusionLR,83.99673381467036
CBC_P020,CBC_P020_AV_prob0.7_Vset3_Aset3_2023-03-31_18h19.39.958.csv,1,35,aud,2A,0.35,0,1.31136259999766,0,1,0,0.168450454629047,-0.831549545370952,CBC2StepAsymRW,CBCdriftDiffusionLR,0.5,0.841097779036023,0.176821889116071,0.226980102474812,0.754707637179243,1.79947170118484,2.50256460869078,0.5,30.6457980055804,NA,v1,MR,NA,CBC2StepAsymRW_CBCdriftDiffusionLR,83.99673381467036
CBC_P020,CBC_P020_AV_prob0.7_Vset3_Aset3_2023-03-31_18h19.39.958.csv,1,36,aud,0B,0.35,1,1.28026459999819,0,1,1,0.192326532114031,0.192326532114031,CBC2StepAsymRW,CBCdriftDiffusionLR,0.5,0.841097779036023,0.176821889116071,0.226980102474812,0.754707637179243,1.79947170118484,2.50256460869078,0.5,30.6457980055804,NA,v1,MR,NA,CBC2StepAsymRW_CBCdriftDiffusionLR,83.99673381467036
CBC_P020,CBC_P020_AV_prob0.7_Vset3_Aset3_2023-03-31_18h19.39.958.csv,1,37,aud,2C,0.5,1,1.4077072,1,1,1,0.999028131247308,9.71868752692395e-4,CBC2StepAsymRW,CBCdriftDiffusionLR,0.5,0.841097779036023,0.176821889116071,0.226980102474812,0.754707637179243,1.79947170118484,2.50256460869078,0.5,30.6457980055804,NA,v1,MR,NA,CBC2StepAsymRW_CBCdriftDiffusionLR,83.99673381467036
CBC_P020,CBC_P020_AV_prob0.7_Vset3_Aset3_2023-03-31_18h19.39.958.csv,1,38,aud,0B,0.35,0,1.26523140000063,0,1,0,0.0305611131032191,-0.969438886896781,CBC2StepAsymRW,CBCdriftDiffusionLR,0.5,0.841097779036023,0.176821889116071,0.226980102474812,0.754707637179243,1.79947170118484,2.50256460869078,0.5,30.6457980055804,NA,v1,MR,NA,CBC2StepAsymRW_CBCdriftDiffusionLR,83.99673381467036
CBC_P020,CBC_P020_AV_prob0.7_Vset3_Aset3_2023-03-31_18h19.39.958.csv,1,39,aud,1C,0.35,0,1.60731630000009,0,1,0,4.42945600004342e-4,-0.999557054399996,CBC2StepAsymRW,CBCdriftDiffusionLR,0.5,0.841097779036023,0.176821889116071,0.226980102474812,0.754707637179243,1.79947170118484,2.50256460869078,0.5,30.6457980055804,NA,v1,MR,NA,CBC2StepAsymRW_CBCdriftDiffusionLR,83.99673381467036
CBC_P020,CBC_P020_AV_prob0.7_Vset3_Aset3_2023-03-31_18h19.39.958.csv,1,40,aud,2B,0.15,1,1.64968789999693,0,1,1,0.00934398045139181,0.00934398045139184,CBC2StepAsymRW,CBCdriftDiffusionLR,0.5,0.841097779036023,0.176821889116071,0.226980102474812,0.754707637179243,1.79947170118484,2.50256460869078,0.5,30.6457980055804,NA,v1,MR,NA,CBC2StepAsymRW_CBCdriftDiffusionLR,83.99673381467036
CBC_P020,CBC_P020_AV_prob0.7_Vset3_Aset3_2023-03-31_18h19.39.958.csv,1,41,aud,0A,0.5,0,1.16616139999678,1,1,0,0.971102588020542,-0.971102588020542,CBC2StepAsymRW,CBCdriftDiffusionLR,0.5,0.841097779036023,0.176821889116071,0.226980102474812,0.754707637179243,1.79947170118484,2.50256460869078,0.5,30.6457980055804,NA,v1,MR,NA,CBC2StepAsymRW_CBCdriftDiffusionLR,83.99673381467036
CBC_P020,CBC_P020_AV_prob0.7_Vset3_Aset3_2023-03-31_18h19.39.958.csv,1,42,aud,1B,0.5,0,1.0551587000009,1,1,0,0.999991950853935,-0.999991950853935,CBC2StepAsymRW,CBCdriftDiffusionLR,0.5,0.841097779036023,0.176821889116071,0.226980102474812,0.754707637179243,1.79947170118484,2.50256460869078,0.5,30.6457980055804,NA,v1,MR,NA,CBC2StepAsymRW_CBCdriftDiffusionLR,83.99673381467036
CBC_P020,CBC_P020_TV_prob0.7_Vset1_Tset2_2023-03-31_18h12.03.082.csv,2,1,tac,0B,0.35,1,2.3729674999995,1,0,0,0.5,-0.5,CBC2StepRW,CBCdriftDiffusionLR,0.5,0.453214991407901,NA,0.957521225813949,0.915454327487482,0.800245559080195,2.37941836705063,0.5,61.0961903988865,NA,v1,MR,NA,CBC2StepRW_CBCdriftDiffusionLR,141.1133289673643
CBC_P020,CBC_P020_TV_prob0.7_Vset1_Tset2_2023-03-31_18h12.03.082.csv,2,2,tac,2C,0.5,0,1.49190090000047,1,1,0,0.5,-0.5,CBC2StepRW,CBCdriftDiffusionLR,0.5,0.453214991407901,NA,0.957521225813949,0.915454327487482,0.800245559080195,2.37941836705063,0.5,61.0961903988865,NA,v1,MR,NA,CBC2StepRW_CBCdriftDiffusionLR,141.1133289673643
CBC_P020,CBC_P020_TV_prob0.7_Vset1_Tset2_2023-03-31_18h12.03.082.csv,2,3,tac,1B,0.5,0,2.27614790000007,1,1,0,0.5,-0.5,CBC2StepRW,CBCdriftDiffusionLR,0.5,0.453214991407901,NA,0.957521225813949,0.915454327487482,0.800245559080195,2.37941836705063,0.5,61.0961903988865,NA,v1,MR,NA,CBC2StepRW_CBCdriftDiffusionLR,141.1133289673643
CBC_P020,CBC_P020_TV_prob0.7_Vset1_Tset2_2023-03-31_18h12.03.082.csv,2,4,tac,2C,0.5,1,2.47499210000024,1,1,1,0.27339250429605,0.72660749570395,CBC2StepRW,CBCdriftDiffusionLR,0.5,0.453214991407901,NA,0.957521225813949,0.915454327487482,0.800245559080195,2.37941836705063,0.5,61.0961903988865,NA,v1,MR,NA,CBC2StepRW_CBCdriftDiffusionLR,141.1133289673643
CBC_P020,CBC_P020_TV_prob0.7_Vset1_Tset2_2023-03-31_18h12.03.082.csv,2,5,tac,1B,0.5,1,NA,NA,NA,NA,0.27339250429605,0,CBC2StepRW,CBCdriftDiffusionLR,0.5,0.453214991407901,NA,0.957521225813949,0.915454327487482,0.800245559080195,2.37941836705063,0.5,61.0961903988865,NA,v1,MR,NA,CBC2StepRW_CBCdriftDiffusionLR,141.1133289673643
CBC_P020,CBC_P020_TV_prob0.7_Vset1_Tset2_2023-03-31_18h12.03.082.csv,2,6,tac,2A,0.35,1,2.17961210000067,0,1,1,0.0212393870930253,0.0212393870930252,CBC2StepRW,CBCdriftDiffusionLR,0.5,0.453214991407901,NA,0.957521225813949,0.915454327487482,0.800245559080195,2.37941836705063,0.5,61.0961903988865,NA,v1,MR,NA,CBC2StepRW_CBCdriftDiffusionLR,141.1133289673643
CBC_P020,CBC_P020_TV_prob0.7_Vset1_Tset2_2023-03-31_18h12.03.082.csv,2,7,tac,0B,0.35,0,1.56614879999688,1,0,1,0.27339250429605,0.72660749570395,CBC2StepRW,CBCdriftDiffusionLR,0.5,0.453214991407901,NA,0.957521225813949,0.915454327487482,0.800245559080195,2.37941836705063,0.5,61.0961903988865,NA,v1,MR,NA,CBC2StepRW_CBCdriftDiffusionLR,141.1133289673643
CBC_P020,CBC_P020_TV_prob0.7_Vset1_Tset2_2023-03-31_18h12.03.082.csv,2,8,tac,1C,0.35,1,2.23033940000096,0,1,1,0.0212393870930253,0.0212393870930252,CBC2StepRW,CBCdriftDiffusionLR,0.5,0.453214991407901,NA,0.957521225813949,0.915454327487482,0.800245559080195,2.37941836705063,0.5,61.0961903988865,NA,v1,MR,NA,CBC2StepRW_CBCdriftDiffusionLR,141.1133289673643
CBC_P020,CBC_P020_TV_prob0.7_Vset1_Tset2_2023-03-31_18h12.03.082.csv,2,9,tac,0A,0.5,1,2.20237759999873,0,0,0,0.0212393870930253,-0.978760612906975,CBC2StepRW,CBCdriftDiffusionLR,0.5,0.453214991407901,NA,0.957521225813949,0.915454327487482,0.800245559080195,2.37941836705063,0.5,61.0961903988865,NA,v1,MR,NA,CBC2StepRW_CBCdriftDiffusionLR,141.1133289673643
CBC_P020,CBC_P020_TV_prob0.7_Vset1_Tset2_2023-03-31_18h12.03.082.csv,2,10,tac,2C,0.5,1,2.2808281999969,1,1,1,0.602701914218432,0.397298085781568,CBC2StepRW,CBCdriftDiffusionLR,0.5,0.453214991407901,NA,0.957521225813949,0.915454327487482,0.800245559080195,2.37941836705063,0.5,61.0961903988865,NA,v1,MR,NA,CBC2StepRW_CBCdriftDiffusionLR,141.1133289673643
CBC_P020,CBC_P020_TV_prob0.7_Vset1_Tset2_2023-03-31_18h12.03.082.csv,2,11,tac,0A,0.5,1,2.24951769999825,0,0,0,0.464828369862051,-0.535171630137949,CBC2StepRW,CBCdriftDiffusionLR,0.5,0.453214991407901,NA,0.957521225813949,0.915454327487482,0.800245559080195,2.37941836705063,0.5,61.0961903988865,NA,v1,MR,NA,CBC2StepRW_CBCdriftDiffusionLR,141.1133289673643
CBC_P020,CBC_P020_TV_prob0.7_Vset1_Tset2_2023-03-31_18h12.03.082.csv,2,12,tac,1C,0.35,0,2.56003769999734,0,1,0,4.93322080891015e-4,-0.999506677919109,CBC2StepRW,CBCdriftDiffusionLR,0.5,0.453214991407901,NA,0.957521225813949,0.915454327487482,0.800245559080195,2.37941836705063,0.5,61.0961903988865,NA,v1,MR,NA,CBC2StepRW_CBCdriftDiffusionLR,141.1133289673643
CBC_P020,CBC_P020_TV_prob0.7_Vset1_Tset2_2023-03-31_18h12.03.082.csv,2,13,tac,2B,0.15,1,2.22884189999968,0,1,1,3.83253325271667e-5,3.83253325271227e-5,CBC2StepRW,CBCdriftDiffusionLR,0.5,0.453214991407901,NA,0.957521225813949,0.915454327487482,0.800245559080195,2.37941836705063,0.5,61.0961903988865,NA,v1,MR,NA,CBC2StepRW_CBCdriftDiffusionLR,141.1133289673643
CBC_P020,CBC_P020_TV_prob0.7_Vset1_Tset2_2023-03-31_18h12.03.082.csv,2,14,tac,1A,0.15,1,2.1598570999995,0,1,1,0.5,0.5,CBC2StepRW,CBCdriftDiffusionLR,0.5,0.453214991407901,NA,0.957521225813949,0.915454327487482,0.800245559080195,2.37941836705063,0.5,61.0961903988865,NA,v1,MR,NA,CBC2StepRW_CBCdriftDiffusionLR,141.1133289673643
CBC_P020,CBC_P020_TV_prob0.7_Vset1_Tset2_2023-03-31_18h12.03.082.csv,2,15,tac,2C,0.5,1,2.28555140000026,1,1,1,0.782763362752301,0.217236637247699,CBC2StepRW,CBCdriftDiffusionLR,0.5,0.453214991407901,NA,0.957521225813949,0.915454327487482,0.800245559080195,2.37941836705063,0.5,61.0961903988865,NA,v1,MR,NA,CBC2StepRW_CBCdriftDiffusionLR,141.1133289673643
CBC_P020,CBC_P020_TV_prob0.7_Vset1_Tset2_2023-03-31_18h12.03.082.csv,2,16,tac,0A,0.5,1,2.35047340000165,0,0,0,0.707376175616774,-0.292623824383226,CBC2StepRW,CBCdriftDiffusionLR,0.5,0.453214991407901,NA,0.957521225813949,0.915454327487482,0.800245559080195,2.37941836705063,0.5,61.0961903988865,NA,v1,MR,NA,CBC2StepRW_CBCdriftDiffusionLR,141.1133289673643
CBC_P020,CBC_P020_TV_prob0.7_Vset1_Tset2_2023-03-31_18h12.03.082.csv,2,17,tac,1C,0.35,1,2.2377727000021,0,1,1,0.0192634755497994,0.0192634755497993,CBC2StepRW,CBCdriftDiffusionLR,0.5,0.453214991407901,NA,0.957521225813949,0.915454327487482,0.800245559080195,2.37941836705063,0.5,61.0961903988865,NA,v1,MR,NA,CBC2StepRW_CBCdriftDiffusionLR,141.1133289673643
CBC_P020,CBC_P020_TV_prob0.7_Vset1_Tset2_2023-03-31_18h12.03.082.csv,2,18,tac,2B,0.15,0,1.25603830000182,0,1,0,8.90173182039168e-7,-0.999999109826818,CBC2StepRW,CBCdriftDiffusionLR,0.5,0.453214991407901,NA,0.957521225813949,0.915454327487482,0.800245559080195,2.37941836705063,0.5,61.0961903988865,NA,v1,MR,NA,CBC2StepRW_CBCdriftDiffusionLR,141.1133289673643
CBC_P020,CBC_P020_TV_prob0.7_Vset1_Tset2_2023-03-31_18h12.03.082.csv,2,19,tac,1C,0.35,1,2.28496470000027,0,1,1,0.0105329796440108,0.0105329796440108,CBC2StepRW,CBCdriftDiffusionLR,0.5,0.453214991407901,NA,0.957521225813949,0.915454327487482,0.800245559080195,2.37941836705063,0.5,61.0961903988865,NA,v1,MR,NA,CBC2StepRW_CBCdriftDiffusionLR,141.1133289673643
CBC_P020,CBC_P020_TV_prob0.7_Vset1_Tset2_2023-03-31_18h12.03.082.csv,2,20,tac,0A,0.5,0,2.01687270000184,1,1,0,0.839997679670365,-0.839997679670365,CBC2StepRW,CBCdriftDiffusionLR,0.5,0.453214991407901,NA,0.957521225813949,0.915454327487482,0.800245559080195,2.37941836705063,0.5,61.0961903988865,NA,v1,MR,NA,CBC2StepRW_CBCdriftDiffusionLR,141.1133289673643
CBC_P020,CBC_P020_TV_prob0.7_Vset1_Tset2_2023-03-31_18h12.03.082.csv,2,21,tac,2C,0.5,1,2.34717979999914,1,1,1,0.881218263435998,0.118781736564002,CBC2StepRW,CBCdriftDiffusionLR,0.5,0.453214991407901,NA,0.957521225813949,0.915454327487482,0.800245559080195,2.37941836705063,0.5,61.0961903988865,NA,v1,MR,NA,CBC2StepRW_CBCdriftDiffusionLR,141.1133289673643
CBC_P020,CBC_P020_TV_prob0.7_Vset1_Tset2_2023-03-31_18h12.03.082.csv,2,22,tac,1B,0.5,0,1.62975350000124,1,1,0,0.0116133784541507,-0.0116133784541507,CBC2StepRW,CBCdriftDiffusionLR,0.5,0.453214991407901,NA,0.957521225813949,0.915454327487482,0.800245559080195,2.37941836705063,0.5,61.0961903988865,NA,v1,MR,NA,CBC2StepRW_CBCdriftDiffusionLR,141.1133289673643
CBC_P020,CBC_P020_TV_prob0.7_Vset1_Tset2_2023-03-31_18h12.03.082.csv,2,23,tac,0C,0.15,1,2.33246710000094,0,1,1,6.91560028019945e-8,6.91560028132088e-8,CBC2StepRW,CBCdriftDiffusionLR,0.5,0.453214991407901,NA,0.957521225813949,0.915454327487482,0.800245559080195,2.37941836705063,0.5,61.0961903988865,NA,v1,MR,NA,CBC2StepRW_CBCdriftDiffusionLR,141.1133289673643
CBC_P020,CBC_P020_TV_prob0.7_Vset1_Tset2_2023-03-31_18h12.03.082.csv,2,24,tac,1B,0.5,1,1.73803469999984,0,0,0,0.0063500212378361,-0.993649978762164,CBC2StepRW,CBCdriftDiffusionLR,0.5,0.453214991407901,NA,0.957521225813949,0.915454327487482,0.800245559080195,2.37941836705063,0.5,61.0961903988865,NA,v1,MR,NA,CBC2StepRW_CBCdriftDiffusionLR,141.1133289673643
CBC_P020,CBC_P020_TV_prob0.7_Vset1_Tset2_2023-03-31_18h12.03.082.csv,2,25,tac,2A,0.35,0,2.62507779999942,0,1,0,8.90173182038324e-7,-0.999999109826818,CBC2StepRW,CBCdriftDiffusionLR,0.5,0.453214991407901,NA,0.957521225813949,0.915454327487482,0.800245559080195,2.37941836705063,0.5,61.0961903988865,NA,v1,MR,NA,CBC2StepRW_CBCdriftDiffusionLR,141.1133289673643
CBC_P020,CBC_P020_TV_prob0.7_Vset1_Tset2_2023-03-31_18h12.03.082.csv,2,26,tac,0B,0.35,1,1.66794229999869,1,0,0,0.602701914218432,-0.602701914218432,CBC2StepRW,CBCdriftDiffusionLR,0.5,0.453214991407901,NA,0.957521225813949,0.915454327487482,0.800245559080195,2.37941836705063,0.5,61.0961903988865,NA,v1,MR,NA,CBC2StepRW_CBCdriftDiffusionLR,141.1133289673643
CBC_P020,CBC_P020_TV_prob0.7_Vset1_Tset2_2023-03-31_18h12.03.082.csv,2,27,tac,2A,0.35,1,2.22607380000045,0,1,1,0.453215478141252,0.453215478141252,CBC2StepRW,CBCdriftDiffusionLR,0.5,0.453214991407901,NA,0.957521225813949,0.915454327487482,0.800245559080195,2.37941836705063,0.5,61.0961903988865,NA,v1,MR,NA,CBC2StepRW_CBCdriftDiffusionLR,141.1133289673643
CBC_P020,CBC_P020_TV_prob0.7_Vset1_Tset2_2023-03-31_18h12.03.082.csv,2,28,tac,1B,0.5,1,2.0921681999971,1,1,1,0.456687087824991,0.543312912175009,CBC2StepRW,CBCdriftDiffusionLR,0.5,0.453214991407901,NA,0.957521225813949,0.915454327487482,0.800245559080195,2.37941836705063,0.5,61.0961903988865,NA,v1,MR,NA,CBC2StepRW_CBCdriftDiffusionLR,141.1133289673643
CBC_P020,CBC_P020_TV_prob0.7_Vset1_Tset2_2023-03-31_18h12.03.082.csv,2,29,tac,0A,0.5,0,2.21669730000212,1,1,0,0.459298138495904,-0.459298138495904,CBC2StepRW,CBCdriftDiffusionLR,0.5,0.453214991407901,NA,0.957521225813949,0.915454327487482,0.800245559080195,2.37941836705063,0.5,61.0961903988865,NA,v1,MR,NA,CBC2StepRW_CBCdriftDiffusionLR,141.1133289673643
CBC_P020,CBC_P020_TV_prob0.7_Vset1_Tset2_2023-03-31_18h12.03.082.csv,2,30,tac,1B,0.5,1,1.26487519999864,1,1,1,0.702924644648189,0.297075355351811,CBC2StepRW,CBCdriftDiffusionLR,0.5,0.453214991407901,NA,0.957521225813949,0.915454327487482,0.800245559080195,2.37941836705063,0.5,61.0961903988865,NA,v1,MR,NA,CBC2StepRW_CBCdriftDiffusionLR,141.1133289673643
CBC_P020,CBC_P020_TV_prob0.7_Vset1_Tset2_2023-03-31_18h12.03.082.csv,2,31,tac,2A,0.35,1,2.21967900000163,1,0,0,0.247811429109537,-0.247811429109537,CBC2StepRW,CBCdriftDiffusionLR,0.5,0.453214991407901,NA,0.957521225813949,0.915454327487482,0.800245559080195,2.37941836705063,0.5,61.0961903988865,NA,v1,MR,NA,CBC2StepRW_CBCdriftDiffusionLR,141.1133289673643
CBC_P020,CBC_P020_TV_prob0.7_Vset1_Tset2_2023-03-31_18h12.03.082.csv,2,32,tac,0C,0.15,1,2.35994749999736,0,1,1,3.78134655812013e-8,3.78134655809603e-8,CBC2StepRW,CBCdriftDiffusionLR,0.5,0.453214991407901,NA,0.957521225813949,0.915454327487482,0.800245559080195,2.37941836705063,0.5,61.0961903988865,NA,v1,MR,NA,CBC2StepRW_CBCdriftDiffusionLR,141.1133289673643
CBC_P020,CBC_P020_TV_prob0.7_Vset1_Tset2_2023-03-31_18h12.03.082.csv,2,33,tac,1B,0.5,1,1.06380290000016,1,1,1,0.837563649271459,0.162436350728541,CBC2StepRW,CBCdriftDiffusionLR,0.5,0.453214991407901,NA,0.957521225813949,0.915454327487482,0.800245559080195,2.37941836705063,0.5,61.0961903988865,NA,v1,MR,NA,CBC2StepRW_CBCdriftDiffusionLR,141.1133289673643
CBC_P020,CBC_P020_TV_prob0.7_Vset1_Tset2_2023-03-31_18h12.03.082.csv,2,34,tac,0A,0.5,1,2.8356627999965,0,0,0,0.251137336603818,-0.748862663396182,CBC2StepRW,CBCdriftDiffusionLR,0.5,0.453214991407901,NA,0.957521225813949,0.915454327487482,0.800245559080195,2.37941836705063,0.5,61.0961903988865,NA,v1,MR,NA,CBC2StepRW_CBCdriftDiffusionLR,141.1133289673643
CBC_P020,CBC_P020_TV_prob0.7_Vset1_Tset2_2023-03-31_18h12.03.082.csv,2,35,tac,1C,0.35,0,2.41503659999944,0,1,0,1.8752352012108e-8,-0.999999981247648,CBC2StepRW,CBCdriftDiffusionLR,0.5,0.453214991407901,NA,0.957521225813949,0.915454327487482,0.800245559080195,2.37941836705063,0.5,61.0961903988865,NA,v1,MR,NA,CBC2StepRW_CBCdriftDiffusionLR,141.1133289673643
CBC_P020,CBC_P020_TV_prob0.7_Vset1_Tset2_2023-03-31_18h12.03.082.csv,2,36,tac,0B,0.35,1,1.18133999999918,0,1,1,2.52601018311206e-5,2.5260101831126e-5,CBC2StepRW,CBCdriftDiffusionLR,0.5,0.453214991407901,NA,0.957521225813949,0.915454327487482,0.800245559080195,2.37941836705063,0.5,61.0961903988865,NA,v1,MR,NA,CBC2StepRW_CBCdriftDiffusionLR,141.1133289673643
CBC_P020,CBC_P020_TV_prob0.7_Vset1_Tset2_2023-03-31_18h12.03.082.csv,2,37,tac,1A,0.15,1,2.03131270000085,0,1,1,2.09557172751619e-5,2.09557172751174e-5,CBC2StepRW,CBCdriftDiffusionLR,0.5,0.453214991407901,NA,0.957521225813949,0.915454327487482,0.800245559080195,2.37941836705063,0.5,61.0961903988865,NA,v1,MR,NA,CBC2StepRW_CBCdriftDiffusionLR,141.1133289673643
CBC_P020,CBC_P020_TV_prob0.7_Vset1_Tset2_2023-03-31_18h12.03.082.csv,2,38,tac,2C,0.5,1,2.34824919999664,1,1,1,0.935051927152268,0.0649480728477323,CBC2StepRW,CBCdriftDiffusionLR,0.5,0.453214991407901,NA,0.957521225813949,0.915454327487482,0.800245559080195,2.37941836705063,0.5,61.0961903988865,NA,v1,MR,NA,CBC2StepRW_CBCdriftDiffusionLR,141.1133289673643
CBC_P020,CBC_P020_TV_prob0.7_Vset1_Tset2_2023-03-31_18h12.03.082.csv,2,39,tac,0A,0.5,0,2.29171949999727,1,1,0,0.590533122160616,-0.590533122160616,CBC2StepRW,CBCdriftDiffusionLR,0.5,0.453214991407901,NA,0.957521225813949,0.915454327487482,0.800245559080195,2.37941836705063,0.5,61.0961903988865,NA,v1,MR,NA,CBC2StepRW_CBCdriftDiffusionLR,141.1133289673643
CBC_P020,CBC_P020_TV_prob0.7_Vset1_Tset2_2023-03-31_18h12.03.082.csv,2,40,tac,2C,0.5,0,2.39242699999886,1,1,0,0.964487367429912,-0.964487367429912,CBC2StepRW,CBCdriftDiffusionLR,0.5,0.453214991407901,NA,0.957521225813949,0.915454327487482,0.800245559080195,2.37941836705063,0.5,61.0961903988865,NA,v1,MR,NA,CBC2StepRW_CBCdriftDiffusionLR,141.1133289673643
CBC_P020,CBC_P020_TV_prob0.7_Vset1_Tset2_2023-03-31_18h12.03.082.csv,2,41,tac,0B,0.35,0,1.16046549999737,1,0,1,1.38118449967641e-5,0.999986188155003,CBC2StepRW,CBCdriftDiffusionLR,0.5,0.453214991407901,NA,0.957521225813949,0.915454327487482,0.800245559080195,2.37941836705063,0.5,61.0961903988865,NA,v1,MR,NA,CBC2StepRW_CBCdriftDiffusionLR,141.1133289673643
CBC_P020,CBC_P020_TV_prob0.7_Vset1_Tset2_2023-03-31_18h12.03.082.csv,2,42,tac,1C,0.35,1,2.30287739999767,0,1,1,0.0192520177133054,0.0192520177133053,CBC2StepRW,CBCdriftDiffusionLR,0.5,0.453214991407901,NA,0.957521225813949,0.915454327487482,0.800245559080195,2.37941836705063,0.5,61.0961903988865,NA,v1,MR,NA,CBC2StepRW_CBCdriftDiffusionLR,141.1133289673643
CBC_P022,CBC_P022_TV_prob0.9_Vset4_Tset1_2023-04-02_15h00.38.402.csv,2,1,tac,0A,0.5,1,NA,NA,NA,NA,0.5,0,CBCsimpleAsymRW,CBCdriftDiffusionLR,0.5,0.192736245763577,0.00716910672988191,NA,2.12761720461236,5.114490330528,1.74370822256421,0.5,31.6061497643894,NA,v1,MR,NA,CBCsimpleAsymRW_CBCdriftDiffusionLR,82.1332476983701
CBC_P022,CBC_P022_TV_prob0.9_Vset4_Tset1_2023-04-02_15h00.38.402.csv,2,2,tac,1C,0.35,1,2.41532689999985,1,0,0,0.5,-0.5,CBCsimpleAsymRW,CBCdriftDiffusionLR,0.5,0.192736245763577,0.00716910672988191,NA,2.12761720461236,5.114490330528,1.74370822256421,0.5,31.6061497643894,NA,v1,MR,NA,CBCsimpleAsymRW_CBCdriftDiffusionLR,82.1332476983701
CBC_P022,CBC_P022_TV_prob0.9_Vset4_Tset1_2023-04-02_15h00.38.402.csv,2,3,tac,0B,0.35,1,3.39356600000065,1,0,0,0.5,-0.5,CBCsimpleAsymRW,CBCdriftDiffusionLR,0.5,0.192736245763577,0.00716910672988191,NA,2.12761720461236,5.114490330528,1.74370822256421,0.5,31.6061497643894,NA,v1,MR,NA,CBCsimpleAsymRW_CBCdriftDiffusionLR,82.1332476983701
CBC_P022,CBC_P022_TV_prob0.9_Vset4_Tset1_2023-04-02_15h00.38.402.csv,2,4,tac,2C,0.5,1,2.64278270000068,1,1,1,0.5,0.5,CBCsimpleAsymRW,CBCdriftDiffusionLR,0.5,0.192736245763577,0.00716910672988191,NA,2.12761720461236,5.114490330528,1.74370822256421,0.5,31.6061497643894,NA,v1,MR,NA,CBCsimpleAsymRW_CBCdriftDiffusionLR,82.1332476983701
CBC_P022,CBC_P022_TV_prob0.9_Vset4_Tset1_2023-04-02_15h00.38.402.csv,2,5,tac,1B,0.5,0,2.64985860000161,1,1,0,0.5,-0.5,CBCsimpleAsymRW,CBCdriftDiffusionLR,0.5,0.192736245763577,0.00716910672988191,NA,2.12761720461236,5.114490330528,1.74370822256421,0.5,31.6061497643894,NA,v1,MR,NA,CBCsimpleAsymRW_CBCdriftDiffusionLR,82.1332476983701
CBC_P022,CBC_P022_TV_prob0.9_Vset4_Tset1_2023-04-02_15h00.38.402.csv,2,6,tac,2A,0.35,1,NA,NA,NA,NA,0.5,0,CBCsimpleAsymRW,CBCdriftDiffusionLR,0.5,0.192736245763577,0.00716910672988191,NA,2.12761720461236,5.114490330528,1.74370822256421,0.5,31.6061497643894,NA,v1,MR,NA,CBCsimpleAsymRW_CBCdriftDiffusionLR,82.1332476983701
CBC_P022,CBC_P022_TV_prob0.9_Vset4_Tset1_2023-04-02_15h00.38.402.csv,2,7,tac,0B,0.35,1,3.43065099999876,1,0,0,0.496415446635059,-0.496415446635059,CBCsimpleAsymRW,CBCdriftDiffusionLR,0.5,0.192736245763577,0.00716910672988191,NA,2.12761720461236,5.114490330528,1.74370822256421,0.5,31.6061497643894,NA,v1,MR,NA,CBCsimpleAsymRW_CBCdriftDiffusionLR,82.1332476983701
CBC_P022,CBC_P022_TV_prob0.9_Vset4_Tset1_2023-04-02_15h00.38.402.csv,2,8,tac,2C,0.5,1,2.88136499999928,1,1,1,0.596368122881789,0.403631877118211,CBCsimpleAsymRW,CBCdriftDiffusionLR,0.5,0.192736245763577,0.00716910672988191,NA,2.12761720461236,5.114490330528,1.74370822256421,0.5,31.6061497643894,NA,v1,MR,NA,CBCsimpleAsymRW_CBCdriftDiffusionLR,82.1332476983701
CBC_P022,CBC_P022_TV_prob0.9_Vset4_Tset1_2023-04-02_15h00.38.402.csv,2,9,tac,0A,0.5,1,2.63781009999911,1,1,1,0.5,0.5,CBCsimpleAsymRW,CBCdriftDiffusionLR,0.5,0.192736245763577,0.00716910672988191,NA,2.12761720461236,5.114490330528,1.74370822256421,0.5,31.6061497643894,NA,v1,MR,NA,CBCsimpleAsymRW_CBCdriftDiffusionLR,82.1332476983701
CBC_P022,CBC_P022_TV_prob0.9_Vset4_Tset1_2023-04-02_15h00.38.402.csv,2,10,tac,1C,0.35,1,2.38573739999993,1,0,0,0.496415446635059,-0.496415446635059,CBCsimpleAsymRW,CBCdriftDiffusionLR,0.5,0.192736245763577,0.00716910672988191,NA,2.12761720461236,5.114490330528,1.74370822256421,0.5,31.6061497643894,NA,v1,MR,NA,CBCsimpleAsymRW_CBCdriftDiffusionLR,82.1332476983701
CBC_P022,CBC_P022_TV_prob0.9_Vset4_Tset1_2023-04-02_15h00.38.402.csv,2,11,tac,0A,0.5,1,2.45017349999944,1,1,1,0.596368122881789,0.403631877118211,CBCsimpleAsymRW,CBCdriftDiffusionLR,0.5,0.192736245763577,0.00716910672988191,NA,2.12761720461236,5.114490330528,1.74370822256421,0.5,31.6061497643894,NA,v1,MR,NA,CBCsimpleAsymRW_CBCdriftDiffusionLR,82.1332476983701
CBC_P022,CBC_P022_TV_prob0.9_Vset4_Tset1_2023-04-02_15h00.38.402.csv,2,12,tac,1B,0.5,1,2.42541949999941,0,0,0,0.496415446635059,-0.503584553364941,CBCsimpleAsymRW,CBCdriftDiffusionLR,0.5,0.192736245763577,0.00716910672988191,NA,2.12761720461236,5.114490330528,1.74370822256421,0.5,31.6061497643894,NA,v1,MR,NA,CBCsimpleAsymRW_CBCdriftDiffusionLR,82.1332476983701
CBC_P022,CBC_P022_TV_prob0.9_Vset4_Tset1_2023-04-02_15h00.38.402.csv,2,13,tac,0C,0.15,1,2.89563579999958,0,1,1,0.5,0.5,CBCsimpleAsymRW,CBCdriftDiffusionLR,0.5,0.192736245763577,0.00716910672988191,NA,2.12761720461236,5.114490330528,1.74370822256421,0.5,31.6061497643894,NA,v1,MR,NA,CBCsimpleAsymRW_CBCdriftDiffusionLR,82.1332476983701
CBC_P022,CBC_P022_TV_prob0.9_Vset4_Tset1_2023-04-02_15h00.38.402.csv,2,14,tac,1A,0.15,1,2.53957489999993,1,0,0,0.5,-0.5,CBCsimpleAsymRW,CBCdriftDiffusionLR,0.5,0.192736245763577,0.00716910672988191,NA,2.12761720461236,5.114490330528,1.74370822256421,0.5,31.6061497643894,NA,v1,MR,NA,CBCsimpleAsymRW_CBCdriftDiffusionLR,82.1332476983701
CBC_P022,CBC_P022_TV_prob0.9_Vset4_Tset1_2023-04-02_15h00.38.402.csv,2,15,tac,0B,0.35,1,NA,NA,NA,NA,0.49285659131577,0,CBCsimpleAsymRW,CBCdriftDiffusionLR,0.5,0.192736245763577,0.00716910672988191,NA,2.12761720461236,5.114490330528,1.74370822256421,0.5,31.6061497643894,NA,v1,MR,NA,CBCsimpleAsymRW_CBCdriftDiffusionLR,82.1332476983701
CBC_P022,CBC_P022_TV_prob0.9_Vset4_Tset1_2023-04-02_15h00.38.402.csv,2,16,tac,1A,0.15,1,2.28146600000036,0,1,1,0.496415446635059,0.496415446635059,CBCsimpleAsymRW,CBCdriftDiffusionLR,0.5,0.192736245763577,0.00716910672988191,NA,2.12761720461236,5.114490330528,1.74370822256421,0.5,31.6061497643894,NA,v1,MR,NA,CBCsimpleAsymRW_CBCdriftDiffusionLR,82.1332476983701
CBC_P022,CBC_P022_TV_prob0.9_Vset4_Tset1_2023-04-02_15h00.38.402.csv,2,17,tac,2C,0.5,1,2.70612479999909,1,1,1,0.674162615548058,0.325837384451942,CBCsimpleAsymRW,CBCdriftDiffusionLR,0.5,0.192736245763577,0.00716910672988191,NA,2.12761720461236,5.114490330528,1.74370822256421,0.5,31.6061497643894,NA,v1,MR,NA,CBCsimpleAsymRW_CBCdriftDiffusionLR,82.1332476983701
CBC_P022,CBC_P022_TV_prob0.9_Vset4_Tset1_2023-04-02_15h00.38.402.csv,2,18,tac,0A,0.5,0,2.20538789999955,1,1,0,0.674162615548058,-0.674162615548058,CBCsimpleAsymRW,CBCdriftDiffusionLR,0.5,0.192736245763577,0.00716910672988191,NA,2.12761720461236,5.114490330528,1.74370822256421,0.5,31.6061497643894,NA,v1,MR,NA,CBCsimpleAsymRW_CBCdriftDiffusionLR,82.1332476983701
CBC_P022,CBC_P022_TV_prob0.9_Vset4_Tset1_2023-04-02_15h00.38.402.csv,2,19,tac,2C,0.5,1,NA,NA,NA,NA,0.736963289756749,0,CBCsimpleAsymRW,CBCdriftDiffusionLR,0.5,0.192736245763577,0.00716910672988191,NA,2.12761720461236,5.114490330528,1.74370822256421,0.5,31.6061497643894,NA,v1,MR,NA,CBCsimpleAsymRW_CBCdriftDiffusionLR,82.1332476983701
CBC_P022,CBC_P022_TV_prob0.9_Vset4_Tset1_2023-04-02_15h00.38.402.csv,2,20,tac,1B,0.5,1,2.27311229999941,0,0,0,0.500025698045652,-0.499974301954348,CBCsimpleAsymRW,CBCdriftDiffusionLR,0.5,0.192736245763577,0.00716910672988191,NA,2.12761720461236,5.114490330528,1.74370822256421,0.5,31.6061497643894,NA,v1,MR,NA,CBCsimpleAsymRW_CBCdriftDiffusionLR,82.1332476983701
CBC_P022,CBC_P022_TV_prob0.9_Vset4_Tset1_2023-04-02_15h00.38.402.csv,2,21,tac,2A,0.35,1,3.14444650000041,0,1,1,0.5,0.5,CBCsimpleAsymRW,CBCdriftDiffusionLR,0.5,0.192736245763577,0.00716910672988191,NA,2.12761720461236,5.114490330528,1.74370822256421,0.5,31.6061497643894,NA,v1,MR,NA,CBCsimpleAsymRW_CBCdriftDiffusionLR,82.1332476983701
CBC_P022,CBC_P022_TV_prob0.9_Vset4_Tset1_2023-04-02_15h00.38.402.csv,2,22,tac,0B,0.35,1,3.18699500000002,0,1,1,0.49285659131577,0.49285659131577,CBCsimpleAsymRW,CBCdriftDiffusionLR,0.5,0.192736245763577,0.00716910672988191,NA,2.12761720461236,5.114490330528,1.74370822256421,0.5,31.6061497643894,NA,v1,MR,NA,CBCsimpleAsymRW_CBCdriftDiffusionLR,82.1332476983701
CBC_P022,CBC_P022_TV_prob0.9_Vset4_Tset1_2023-04-02_15h00.38.402.csv,2,23,tac,2C,0.5,1,2.59707179999896,1,1,1,0.736963289756749,0.263036710243251,CBCsimpleAsymRW,CBCdriftDiffusionLR,0.5,0.192736245763577,0.00716910672988191,NA,2.12761720461236,5.114490330528,1.74370822256421,0.5,31.6061497643894,NA,v1,MR,NA,CBCsimpleAsymRW_CBCdriftDiffusionLR,82.1332476983701
CBC_P022,CBC_P022_TV_prob0.9_Vset4_Tset1_2023-04-02_15h00.38.402.csv,2,24,tac,1B,0.5,1,2.67120329999852,0,0,0,0.503610067178561,-0.496389932821439,CBCsimpleAsymRW,CBCdriftDiffusionLR,0.5,0.192736245763577,0.00716910672988191,NA,2.12761720461236,5.114490330528,1.74370822256421,0.5,31.6061497643894,NA,v1,MR,NA,CBCsimpleAsymRW_CBCdriftDiffusionLR,82.1332476983701
CBC_P022,CBC_P022_TV_prob0.9_Vset4_Tset1_2023-04-02_15h00.38.402.csv,2,25,tac,0A,0.5,0,2.41246900000078,1,1,0,0.669329471803898,-0.669329471803898,CBCsimpleAsymRW,CBCdriftDiffusionLR,0.5,0.192736245763577,0.00716910672988191,NA,2.12761720461236,5.114490330528,1.74370822256421,0.5,31.6061497643894,NA,v1,MR,NA,CBCsimpleAsymRW_CBCdriftDiffusionLR,82.1332476983701
CBC_P022,CBC_P022_TV_prob0.9_Vset4_Tset1_2023-04-02_15h00.38.402.csv,2,26,tac,1C,0.35,1,2.54275360000065,0,1,1,0.49285659131577,0.49285659131577,CBCsimpleAsymRW,CBCdriftDiffusionLR,0.5,0.192736245763577,0.00716910672988191,NA,2.12761720461236,5.114490330528,1.74370822256421,0.5,31.6061497643894,NA,v1,MR,NA,CBCsimpleAsymRW_CBCdriftDiffusionLR,82.1332476983701
CBC_P022,CBC_P022_TV_prob0.9_Vset4_Tset1_2023-04-02_15h00.38.402.csv,2,27,tac,2B,0.15,1,3.45622329999969,1,0,0,0.5,-0.5,CBCsimpleAsymRW,CBCdriftDiffusionLR,0.5,0.192736245763577,0.00716910672988191,NA,2.12761720461236,5.114490330528,1.74370822256421,0.5,31.6061497643894,NA,v1,MR,NA,CBCsimpleAsymRW_CBCdriftDiffusionLR,82.1332476983701
CBC_P022,CBC_P022_TV_prob0.9_Vset4_Tset1_2023-04-02_15h00.38.402.csv,2,28,tac,1C,0.35,1,2.6684322000001,1,0,0,0.397865262205735,-0.397865262205735,CBCsimpleAsymRW,CBCdriftDiffusionLR,0.5,0.192736245763577,0.00716910672988191,NA,2.12761720461236,5.114490330528,1.74370822256421,0.5,31.6061497643894,NA,v1,MR,NA,CBCsimpleAsymRW_CBCdriftDiffusionLR,82.1332476983701
CBC_P022,CBC_P022_TV_prob0.9_Vset4_Tset1_2023-04-02_15h00.38.402.csv,2,29,tac,0B,0.35,1,3.05120920000081,0,1,1,0.397865262205735,0.397865262205735,CBCsimpleAsymRW,CBCdriftDiffusionLR,0.5,0.192736245763577,0.00716910672988191,NA,2.12761720461236,5.114490330528,1.74370822256421,0.5,31.6061497643894,NA,v1,MR,NA,CBCsimpleAsymRW_CBCdriftDiffusionLR,82.1332476983701
CBC_P022,CBC_P022_TV_prob0.9_Vset4_Tset1_2023-04-02_15h00.38.402.csv,2,30,tac,2C,0.5,1,2.34700100000009,1,1,1,0.787659997787035,0.212340002212965,CBCsimpleAsymRW,CBCdriftDiffusionLR,0.5,0.192736245763577,0.00716910672988191,NA,2.12761720461236,5.114490330528,1.74370822256421,0.5,31.6061497643894,NA,v1,MR,NA,CBCsimpleAsymRW_CBCdriftDiffusionLR,82.1332476983701
CBC_P022,CBC_P022_TV_prob0.9_Vset4_Tset1_2023-04-02_15h00.38.402.csv,2,31,tac,0A,0.5,1,2.68282569999974,1,1,1,0.66453097738308,0.33546902261692,CBCsimpleAsymRW,CBCdriftDiffusionLR,0.5,0.192736245763577,0.00716910672988191,NA,2.12761720461236,5.114490330528,1.74370822256421,0.5,31.6061497643894,NA,v1,MR,NA,CBCsimpleAsymRW_CBCdriftDiffusionLR,82.1332476983701
CBC_P022,CBC_P022_TV_prob0.9_Vset4_Tset1_2023-04-02_15h00.38.402.csv,2,32,tac,2B,0.15,1,2.7238911000004,0,1,1,0.496415446635059,0.496415446635059,CBCsimpleAsymRW,CBCdriftDiffusionLR,0.5,0.192736245763577,0.00716910672988191,NA,2.12761720461236,5.114490330528,1.74370822256421,0.5,31.6061497643894,NA,v1,MR,NA,CBCsimpleAsymRW_CBCdriftDiffusionLR,82.1332476983701
CBC_P022,CBC_P022_TV_prob0.9_Vset4_Tset1_2023-04-02_15h00.38.402.csv,2,33,tac,1C,0.35,0,2.73146269999961,1,0,1,0.39501292367687,0.60498707632313,CBCsimpleAsymRW,CBCdriftDiffusionLR,0.5,0.192736245763577,0.00716910672988191,NA,2.12761720461236,5.114490330528,1.74370822256421,0.5,31.6061497643894,NA,v1,MR,NA,CBCsimpleAsymRW_CBCdriftDiffusionLR,82.1332476983701
CBC_P022,CBC_P022_TV_prob0.9_Vset4_Tset1_2023-04-02_15h00.38.402.csv,2,34,tac,2A,0.35,1,3.60601729999871,0,1,1,0.403631877118211,0.403631877118211,CBCsimpleAsymRW,CBCdriftDiffusionLR,0.5,0.192736245763577,0.00716910672988191,NA,2.12761720461236,5.114490330528,1.74370822256421,0.5,31.6061497643894,NA,v1,MR,NA,CBCsimpleAsymRW_CBCdriftDiffusionLR,82.1332476983701
CBC_P022,CBC_P022_TV_prob0.9_Vset4_Tset1_2023-04-02_15h00.38.402.csv,2,35,tac,1B,0.5,1,3.56087669999943,0,0,0,0.507168739586597,-0.492831260413403,CBCsimpleAsymRW,CBCdriftDiffusionLR,0.5,0.192736245763577,0.00716910672988191,NA,2.12761720461236,5.114490330528,1.74370822256421,0.5,31.6061497643894,NA,v1,MR,NA,CBCsimpleAsymRW_CBCdriftDiffusionLR,82.1332476983701
CBC_P022,CBC_P022_TV_prob0.9_Vset4_Tset1_2023-04-02_15h00.38.402.csv,2,36,tac,0C,0.15,1,3.65787170000112,0,1,1,0.403631877118211,0.403631877118211,CBCsimpleAsymRW,CBCdriftDiffusionLR,0.5,0.192736245763577,0.00716910672988191,NA,2.12761720461236,5.114490330528,1.74370822256421,0.5,31.6061497643894,NA,v1,MR,NA,CBCsimpleAsymRW_CBCdriftDiffusionLR,82.1332476983701
CBC_P022,CBC_P022_TV_prob0.9_Vset4_Tset1_2023-04-02_15h00.38.402.csv,2,37,tac,1B,0.5,1,2.50909109999884,0,0,0,0.510701899492323,-0.489298100507677,CBCsimpleAsymRW,CBCdriftDiffusionLR,0.5,0.192736245763577,0.00716910672988191,NA,2.12761720461236,5.114490330528,1.74370822256421,0.5,31.6061497643894,NA,v1,MR,NA,CBCsimpleAsymRW_CBCdriftDiffusionLR,82.1332476983701
CBC_P022,CBC_P022_TV_prob0.9_Vset4_Tset1_2023-04-02_15h00.38.402.csv,2,38,tac,2A,0.35,1,2.25185450000026,0,1,1,0.325837384451942,0.325837384451942,CBCsimpleAsymRW,CBCdriftDiffusionLR,0.5,0.192736245763577,0.00716910672988191,NA,2.12761720461236,5.114490330528,1.74370822256421,0.5,31.6061497643894,NA,v1,MR,NA,CBCsimpleAsymRW_CBCdriftDiffusionLR,82.1332476983701
CBC_P022,CBC_P022_TV_prob0.9_Vset4_Tset1_2023-04-02_15h00.38.402.csv,2,39,tac,1C,0.35,1,3.2971432000013,0,1,1,0.511615861502873,0.511615861502873,CBCsimpleAsymRW,CBCdriftDiffusionLR,0.5,0.192736245763577,0.00716910672988191,NA,2.12761720461236,5.114490330528,1.74370822256421,0.5,31.6061497643894,NA,v1,MR,NA,CBCsimpleAsymRW_CBCdriftDiffusionLR,82.1332476983701
CBC_P022,CBC_P022_TV_prob0.9_Vset4_Tset1_2023-04-02_15h00.38.402.csv,2,40,tac,0A,0.5,1,2.36510180000005,1,1,1,0.729188017372242,0.270811982627758,CBCsimpleAsymRW,CBCdriftDiffusionLR,0.5,0.192736245763577,0.00716910672988191,NA,2.12761720461236,5.114490330528,1.74370822256421,0.5,31.6061497643894,NA,v1,MR,NA,CBCsimpleAsymRW_CBCdriftDiffusionLR,82.1332476983701
CBC_P022,CBC_P022_TV_prob0.9_Vset4_Tset1_2023-04-02_15h00.38.402.csv,2,41,tac,1B,0.5,1,NA,NA,NA,NA,0.514209729797591,0,CBCsimpleAsymRW,CBCdriftDiffusionLR,0.5,0.192736245763577,0.00716910672988191,NA,2.12761720461236,5.114490330528,1.74370822256421,0.5,31.6061497643894,NA,v1,MR,NA,CBCsimpleAsymRW_CBCdriftDiffusionLR,82.1332476983701
CBC_P022,CBC_P022_TV_prob0.9_Vset4_Tset1_2023-04-02_15h00.38.402.csv,2,42,tac,2C,0.5,0,2.33495689999836,1,1,0,0.828585612638991,-0.828585612638991,CBCsimpleAsymRW,CBCdriftDiffusionLR,0.5,0.192736245763577,0.00716910672988191,NA,2.12761720461236,5.114490330528,1.74370822256421,0.5,31.6061497643894,NA,v1,MR,NA,CBCsimpleAsymRW_CBCdriftDiffusionLR,82.1332476983701
CBC_P022,CBC_P022_AV_prob0.9_Vset2_Aset2_2023-04-02_15h08.21.873.csv,1,1,aud,0B,0.35,1,3.37467069999911,0,1,1,0.5,0.5,CBCsimpleRW,CBCdriftDiffusionLR,0.5,0.236081364909878,NA,NA,0.777083190366884,2.76692213830326,2.28510781537565,0.5,43.7150972686003,NA,v1,MR,NA,CBCsimpleRW_CBCdriftDiffusionLR,102.56695307287364
CBC_P022,CBC_P022_AV_prob0.9_Vset2_Aset2_2023-04-02_15h08.21.873.csv,1,2,aud,2C,0.5,1,2.68067969999538,1,1,1,0.5,0.5,CBCsimpleRW,CBCdriftDiffusionLR,0.5,0.236081364909878,NA,NA,0.777083190366884,2.76692213830326,2.28510781537565,0.5,43.7150972686003,NA,v1,MR,NA,CBCsimpleRW_CBCdriftDiffusionLR,102.56695307287364
CBC_P022,CBC_P022_AV_prob0.9_Vset2_Aset2_2023-04-02_15h08.21.873.csv,1,3,aud,1B,0.5,1,2.40017929999885,1,1,1,0.5,0.5,CBCsimpleRW,CBCdriftDiffusionLR,0.5,0.236081364909878,NA,NA,0.777083190366884,2.76692213830326,2.28510781537565,0.5,43.7150972686003,NA,v1,MR,NA,CBCsimpleRW_CBCdriftDiffusionLR,102.56695307287364
CBC_P022,CBC_P022_AV_prob0.9_Vset2_Aset2_2023-04-02_15h08.21.873.csv,1,4,aud,2C,0.5,1,2.29226989999734,0,0,0,0.618040682454939,-0.381959317545061,CBCsimpleRW,CBCdriftDiffusionLR,0.5,0.236081364909878,NA,NA,0.777083190366884,2.76692213830326,2.28510781537565,0.5,43.7150972686003,NA,v1,MR,NA,CBCsimpleRW_CBCdriftDiffusionLR,102.56695307287364
CBC_P022,CBC_P022_AV_prob0.9_Vset2_Aset2_2023-04-02_15h08.21.873.csv,1,5,aud,1B,0.5,1,2.42129829999976,1,1,1,0.618040682454939,0.381959317545061,CBCsimpleRW,CBCdriftDiffusionLR,0.5,0.236081364909878,NA,NA,0.777083190366884,2.76692213830326,2.28510781537565,0.5,43.7150972686003,NA,v1,MR,NA,CBCsimpleRW_CBCdriftDiffusionLR,102.56695307287364
CBC_P022,CBC_P022_AV_prob0.9_Vset2_Aset2_2023-04-02_15h08.21.873.csv,1,6,aud,2A,0.35,1,2.28438449999885,0,1,1,0.5,0.5,CBCsimpleRW,CBCdriftDiffusionLR,0.5,0.236081364909878,NA,NA,0.777083190366884,2.76692213830326,2.28510781537565,0.5,43.7150972686003,NA,v1,MR,NA,CBCsimpleRW_CBCdriftDiffusionLR,102.56695307287364
CBC_P022,CBC_P022_AV_prob0.9_Vset2_Aset2_2023-04-02_15h08.21.873.csv,1,7,aud,0B,0.35,1,2.33404589999918,0,1,1,0.381959317545061,0.381959317545061,CBCsimpleRW,CBCdriftDiffusionLR,0.5,0.236081364909878,NA,NA,0.777083190366884,2.76692213830326,2.28510781537565,0.5,43.7150972686003,NA,v1,MR,NA,CBCsimpleRW_CBCdriftDiffusionLR,102.56695307287364
CBC_P022,CBC_P022_AV_prob0.9_Vset2_Aset2_2023-04-02_15h08.21.873.csv,1,8,aud,1C,0.35,0,NA,NA,NA,NA,0.5,0,CBCsimpleRW,CBCdriftDiffusionLR,0.5,0.236081364909878,NA,NA,0.777083190366884,2.76692213830326,2.28510781537565,0.5,43.7150972686003,NA,v1,MR,NA,CBCsimpleRW_CBCdriftDiffusionLR,102.56695307287364
CBC_P022,CBC_P022_AV_prob0.9_Vset2_Aset2_2023-04-02_15h08.21.873.csv,1,9,aud,0A,0.5,1,1.51422330000059,1,1,1,0.5,0.5,CBCsimpleRW,CBCdriftDiffusionLR,0.5,0.236081364909878,NA,NA,0.777083190366884,2.76692213830326,2.28510781537565,0.5,43.7150972686003,NA,v1,MR,NA,CBCsimpleRW_CBCdriftDiffusionLR,102.56695307287364
CBC_P022,CBC_P022_AV_prob0.9_Vset2_Aset2_2023-04-02_15h08.21.873.csv,1,10,aud,2C,0.5,1,1.6763346000007,1,1,1,0.708214159481022,0.291785840518978,CBCsimpleRW,CBCdriftDiffusionLR,0.5,0.236081364909878,NA,NA,0.777083190366884,2.76692213830326,2.28510781537565,0.5,43.7150972686003,NA,v1,MR,NA,CBCsimpleRW_CBCdriftDiffusionLR,102.56695307287364
CBC_P022,CBC_P022_AV_prob0.9_Vset2_Aset2_2023-04-02_15h08.21.873.csv,1,11,aud,0A,0.5,1,1.51934649999748,1,1,1,0.618040682454939,0.381959317545061,CBCsimpleRW,CBCdriftDiffusionLR,0.5,0.236081364909878,NA,NA,0.777083190366884,2.76692213830326,2.28510781537565,0.5,43.7150972686003,NA,v1,MR,NA,CBCsimpleRW_CBCdriftDiffusionLR,102.56695307287364
CBC_P022,CBC_P022_AV_prob0.9_Vset2_Aset2_2023-04-02_15h08.21.873.csv,1,12,aud,1C,0.35,1,1.32653409999693,0,1,1,0.5,0.5,CBCsimpleRW,CBCdriftDiffusionLR,0.5,0.236081364909878,NA,NA,0.777083190366884,2.76692213830326,2.28510781537565,0.5,43.7150972686003,NA,v1,MR,NA,CBCsimpleRW_CBCdriftDiffusionLR,102.56695307287364
CBC_P022,CBC_P022_AV_prob0.9_Vset2_Aset2_2023-04-02_15h08.21.873.csv,1,13,aud,2B,0.15,1,1.27064579999933,0,1,1,0.5,0.5,CBCsimpleRW,CBCdriftDiffusionLR,0.5,0.236081364909878,NA,NA,0.777083190366884,2.76692213830326,2.28510781537565,0.5,43.7150972686003,NA,v1,MR,NA,CBCsimpleRW_CBCdriftDiffusionLR,102.56695307287364
CBC_P022,CBC_P022_AV_prob0.9_Vset2_Aset2_2023-04-02_15h08.21.873.csv,1,14,aud,1A,0.15,1,1.17363819999809,1,0,0,0.5,-0.5,CBCsimpleRW,CBCdriftDiffusionLR,0.5,0.236081364909878,NA,NA,0.777083190366884,2.76692213830326,2.28510781537565,0.5,43.7150972686003,NA,v1,MR,NA,CBCsimpleRW_CBCdriftDiffusionLR,102.56695307287364
CBC_P022,CBC_P022_AV_prob0.9_Vset2_Aset2_2023-04-02_15h08.21.873.csv,1,15,aud,2C,0.5,1,1.91250859999855,1,1,1,0.777099358972118,0.222900641027882,CBCsimpleRW,CBCdriftDiffusionLR,0.5,0.236081364909878,NA,NA,0.777083190366884,2.76692213830326,2.28510781537565,0.5,43.7150972686003,NA,v1,MR,NA,CBCsimpleRW_CBCdriftDiffusionLR,102.56695307287364
CBC_P022,CBC_P022_AV_prob0.9_Vset2_Aset2_2023-04-02_15h08.21.873.csv,1,16,aud,0A,0.5,1,1.20836179999606,1,1,1,0.708214159481022,0.291785840518978,CBCsimpleRW,CBCdriftDiffusionLR,0.5,0.236081364909878,NA,NA,0.777083190366884,2.76692213830326,2.28510781537565,0.5,43.7150972686003,NA,v1,MR,NA,CBCsimpleRW_CBCdriftDiffusionLR,102.56695307287364
CBC_P022,CBC_P022_AV_prob0.9_Vset2_Aset2_2023-04-02_15h08.21.873.csv,1,17,aud,1C,0.35,1,1.93152349999946,0,1,1,0.381959317545061,0.381959317545061,CBCsimpleRW,CBCdriftDiffusionLR,0.5,0.236081364909878,NA,NA,0.777083190366884,2.76692213830326,2.28510781537565,0.5,43.7150972686003,NA,v1,MR,NA,CBCsimpleRW_CBCdriftDiffusionLR,102.56695307287364
CBC_P022,CBC_P022_AV_prob0.9_Vset2_Aset2_2023-04-02_15h08.21.873.csv,1,18,aud,2B,0.15,0,2.54806579999786,0,1,0,0.381959317545061,-0.618040682454939,CBCsimpleRW,CBCdriftDiffusionLR,0.5,0.236081364909878,NA,NA,0.777083190366884,2.76692213830326,2.28510781537565,0.5,43.7150972686003,NA,v1,MR,NA,CBCsimpleRW_CBCdriftDiffusionLR,102.56695307287364
CBC_P022,CBC_P022_AV_prob0.9_Vset2_Aset2_2023-04-02_15h08.21.873.csv,1,19,aud,1C,0.35,1,2.27644050000163,0,1,1,0.291785840518978,0.291785840518978,CBCsimpleRW,CBCdriftDiffusionLR,0.5,0.236081364909878,NA,NA,0.777083190366884,2.76692213830326,2.28510781537565,0.5,43.7150972686003,NA,v1,MR,NA,CBCsimpleRW_CBCdriftDiffusionLR,102.56695307287364
CBC_P022,CBC_P022_AV_prob0.9_Vset2_Aset2_2023-04-02_15h08.21.873.csv,1,20,aud,0A,0.5,1,1.12660300000061,1,1,1,0.777099358972118,0.222900641027882,CBCsimpleRW,CBCdriftDiffusionLR,0.5,0.236081364909878,NA,NA,0.777083190366884,2.76692213830326,2.28510781537565,0.5,43.7150972686003,NA,v1,MR,NA,CBCsimpleRW_CBCdriftDiffusionLR,102.56695307287364
CBC_P022,CBC_P022_AV_prob0.9_Vset2_Aset2_2023-04-02_15h08.21.873.csv,1,21,aud,2C,0.5,1,1.61509120000119,1,1,1,0.829722046545267,0.170277953454733,CBCsimpleRW,CBCdriftDiffusionLR,0.5,0.236081364909878,NA,NA,0.777083190366884,2.76692213830326,2.28510781537565,0.5,43.7150972686003,NA,v1,MR,NA,CBCsimpleRW_CBCdriftDiffusionLR,102.56695307287364
CBC_P022,CBC_P022_AV_prob0.9_Vset2_Aset2_2023-04-02_15h08.21.873.csv,1,22,aud,1B,0.5,1,0.938562799998181,1,1,1,0.708214159481022,0.291785840518978,CBCsimpleRW,CBCdriftDiffusionLR,0.5,0.236081364909878,NA,NA,0.777083190366884,2.76692213830326,2.28510781537565,0.5,43.7150972686003,NA,v1,MR,NA,CBCsimpleRW_CBCdriftDiffusionLR,102.56695307287364
CBC_P022,CBC_P022_AV_prob0.9_Vset2_Aset2_2023-04-02_15h08.21.873.csv,1,23,aud,0C,0.15,1,1.11390390000088,1,0,0,0.5,-0.5,CBCsimpleRW,CBCdriftDiffusionLR,0.5,0.236081364909878,NA,NA,0.777083190366884,2.76692213830326,2.28510781537565,0.5,43.7150972686003,NA,v1,MR,NA,CBCsimpleRW_CBCdriftDiffusionLR,102.56695307287364
CBC_P022,CBC_P022_AV_prob0.9_Vset2_Aset2_2023-04-02_15h08.21.873.csv,1,24,aud,1B,0.5,1,0.989730799999961,1,1,1,0.777099358972118,0.222900641027882,CBCsimpleRW,CBCdriftDiffusionLR,0.5,0.236081364909878,NA,NA,0.777083190366884,2.76692213830326,2.28510781537565,0.5,43.7150972686003,NA,v1,MR,NA,CBCsimpleRW_CBCdriftDiffusionLR,102.56695307287364
CBC_P022,CBC_P022_AV_prob0.9_Vset2_Aset2_2023-04-02_15h08.21.873.csv,1,25,aud,2A,0.35,1,1.99920819999898,0,1,1,0.381959317545061,0.381959317545061,CBCsimpleRW,CBCdriftDiffusionLR,0.5,0.236081364909878,NA,NA,0.777083190366884,2.76692213830326,2.28510781537565,0.5,43.7150972686003,NA,v1,MR,NA,CBCsimpleRW_CBCdriftDiffusionLR,102.56695307287364
CBC_P022,CBC_P022_AV_prob0.9_Vset2_Aset2_2023-04-02_15h08.21.873.csv,1,26,aud,0B,0.35,1,2.10285120000117,0,1,1,0.291785840518978,0.291785840518978,CBCsimpleRW,CBCdriftDiffusionLR,0.5,0.236081364909878,NA,NA,0.777083190366884,2.76692213830326,2.28510781537565,0.5,43.7150972686003,NA,v1,MR,NA,CBCsimpleRW_CBCdriftDiffusionLR,102.56695307287364
CBC_P022,CBC_P022_AV_prob0.9_Vset2_Aset2_2023-04-02_15h08.21.873.csv,1,27,aud,2A,0.35,1,1.71642429999702,0,1,1,0.291785840518978,0.291785840518978,CBCsimpleRW,CBCdriftDiffusionLR,0.5,0.236081364909878,NA,NA,0.777083190366884,2.76692213830326,2.28510781537565,0.5,43.7150972686003,NA,v1,MR,NA,CBCsimpleRW_CBCdriftDiffusionLR,102.56695307287364
CBC_P022,CBC_P022_AV_prob0.9_Vset2_Aset2_2023-04-02_15h08.21.873.csv,1,28,aud,1B,0.5,1,0.965491699997074,1,1,1,0.829722046545267,0.170277953454733,CBCsimpleRW,CBCdriftDiffusionLR,0.5,0.236081364909878,NA,NA,0.777083190366884,2.76692213830326,2.28510781537565,0.5,43.7150972686003,NA,v1,MR,NA,CBCsimpleRW_CBCdriftDiffusionLR,102.56695307287364
CBC_P022,CBC_P022_AV_prob0.9_Vset2_Aset2_2023-04-02_15h08.21.873.csv,1,29,aud,0A,0.5,0,1.2424469999969,1,1,0,0.829722046545267,-0.829722046545267,CBCsimpleRW,CBCdriftDiffusionLR,0.5,0.236081364909878,NA,NA,0.777083190366884,2.76692213830326,2.28510781537565,0.5,43.7150972686003,NA,v1,MR,NA,CBCsimpleRW_CBCdriftDiffusionLR,102.56695307287364
CBC_P022,CBC_P022_AV_prob0.9_Vset2_Aset2_2023-04-02_15h08.21.873.csv,1,30,aud,1B,0.5,1,1.05542119999882,1,1,1,0.869921498210921,0.130078501789079,CBCsimpleRW,CBCdriftDiffusionLR,0.5,0.236081364909878,NA,NA,0.777083190366884,2.76692213830326,2.28510781537565,0.5,43.7150972686003,NA,v1,MR,NA,CBCsimpleRW_CBCdriftDiffusionLR,102.56695307287364
CBC_P022,CBC_P022_AV_prob0.9_Vset2_Aset2_2023-04-02_15h08.21.873.csv,1,31,aud,2A,0.35,1,1.41635099999985,0,1,1,0.222900641027882,0.222900641027882,CBCsimpleRW,CBCdriftDiffusionLR,0.5,0.236081364909878,NA,NA,0.777083190366884,2.76692213830326,2.28510781537565,0.5,43.7150972686003,NA,v1,MR,NA,CBCsimpleRW_CBCdriftDiffusionLR,102.56695307287364
CBC_P022,CBC_P022_AV_prob0.9_Vset2_Aset2_2023-04-02_15h08.21.873.csv,1,32,aud,0C,0.15,1,2.43487419999656,0,1,1,0.381959317545061,0.381959317545061,CBCsimpleRW,CBCdriftDiffusionLR,0.5,0.236081364909878,NA,NA,0.777083190366884,2.76692213830326,2.28510781537565,0.5,43.7150972686003,NA,v1,MR,NA,CBCsimpleRW_CBCdriftDiffusionLR,102.56695307287364
CBC_P022,CBC_P022_AV_prob0.9_Vset2_Aset2_2023-04-02_15h08.21.873.csv,1,33,aud,1B,0.5,1,0.933577799998602,1,1,1,0.900630608458719,0.0993693915412812,CBCsimpleRW,CBCdriftDiffusionLR,0.5,0.236081364909878,NA,NA,0.777083190366884,2.76692213830326,2.28510781537565,0.5,43.7150972686003,NA,v1,MR,NA,CBCsimpleRW_CBCdriftDiffusionLR,102.56695307287364
CBC_P022,CBC_P022_AV_prob0.9_Vset2_Aset2_2023-04-02_15h08.21.873.csv,1,34,aud,0A,0.5,1,1.26894079999693,1,1,1,0.633840133301044,0.366159866698956,CBCsimpleRW,CBCdriftDiffusionLR,0.5,0.236081364909878,NA,NA,0.777083190366884,2.76692213830326,2.28510781537565,0.5,43.7150972686003,NA,v1,MR,NA,CBCsimpleRW_CBCdriftDiffusionLR,102.56695307287364
CBC_P022,CBC_P022_AV_prob0.9_Vset2_Aset2_2023-04-02_15h08.21.873.csv,1,35,aud,1C,0.35,1,1.2940045999967,0,1,1,0.222900641027882,0.222900641027882,CBCsimpleRW,CBCdriftDiffusionLR,0.5,0.236081364909878,NA,NA,0.777083190366884,2.76692213830326,2.28510781537565,0.5,43.7150972686003,NA,v1,MR,NA,CBCsimpleRW_CBCdriftDiffusionLR,102.56695307287364
CBC_P022,CBC_P022_AV_prob0.9_Vset2_Aset2_2023-04-02_15h08.21.873.csv,1,36,aud,0B,0.35,1,1.78375500000038,0,1,1,0.222900641027882,0.222900641027882,CBCsimpleRW,CBCdriftDiffusionLR,0.5,0.236081364909878,NA,NA,0.777083190366884,2.76692213830326,2.28510781537565,0.5,43.7150972686003,NA,v1,MR,NA,CBCsimpleRW_CBCdriftDiffusionLR,102.56695307287364
CBC_P022,CBC_P022_AV_prob0.9_Vset2_Aset2_2023-04-02_15h08.21.873.csv,1,37,aud,1A,0.15,1,1.33815759999925,0,1,1,0.381959317545061,0.381959317545061,CBCsimpleRW,CBCdriftDiffusionLR,0.5,0.236081364909878,NA,NA,0.777083190366884,2.76692213830326,2.28510781537565,0.5,43.7150972686003,NA,v1,MR,NA,CBCsimpleRW_CBCdriftDiffusionLR,102.56695307287364
CBC_P022,CBC_P022_AV_prob0.9_Vset2_Aset2_2023-04-02_15h08.21.873.csv,1,38,aud,2C,0.5,0,1.48888389999775,0,0,1,0.869921498210921,0.869921498210921,CBCsimpleRW,CBCdriftDiffusionLR,0.5,0.236081364909878,NA,NA,0.777083190366884,2.76692213830326,2.28510781537565,0.5,43.7150972686003,NA,v1,MR,NA,CBCsimpleRW_CBCdriftDiffusionLR,102.56695307287364
CBC_P022,CBC_P022_AV_prob0.9_Vset2_Aset2_2023-04-02_15h08.21.873.csv,1,39,aud,0A,0.5,1,1.47879100000137,1,1,1,0.720283654406552,0.279716345593448,CBCsimpleRW,CBCdriftDiffusionLR,0.5,0.236081364909878,NA,NA,0.777083190366884,2.76692213830326,2.28510781537565,0.5,43.7150972686003,NA,v1,MR,NA,CBCsimpleRW_CBCdriftDiffusionLR,102.56695307287364
CBC_P022,CBC_P022_AV_prob0.9_Vset2_Aset2_2023-04-02_15h08.21.873.csv,1,40,aud,2C,0.5,1,2.31069809999826,1,1,1,0.664549243548841,0.335450756451159,CBCsimpleRW,CBCdriftDiffusionLR,0.5,0.236081364909878,NA,NA,0.777083190366884,2.76692213830326,2.28510781537565,0.5,43.7150972686003,NA,v1,MR,NA,CBCsimpleRW_CBCdriftDiffusionLR,102.56695307287364
CBC_P022,CBC_P022_AV_prob0.9_Vset2_Aset2_2023-04-02_15h08.21.873.csv,1,41,aud,0B,0.35,1,2.23724909999873,0,1,1,0.170277953454733,0.170277953454733,CBCsimpleRW,CBCdriftDiffusionLR,0.5,0.236081364909878,NA,NA,0.777083190366884,2.76692213830326,2.28510781537565,0.5,43.7150972686003,NA,v1,MR,NA,CBCsimpleRW_CBCdriftDiffusionLR,102.56695307287364
CBC_P022,CBC_P022_AV_prob0.9_Vset2_Aset2_2023-04-02_15h08.21.873.csv,1,42,aud,1C,0.35,1,1.15601139999853,0,1,1,0.170277953454733,0.170277953454733,CBCsimpleRW,CBCdriftDiffusionLR,0.5,0.236081364909878,NA,NA,0.777083190366884,2.76692213830326,2.28510781537565,0.5,43.7150972686003,NA,v1,MR,NA,CBCsimpleRW_CBCdriftDiffusionLR,102.56695307287364
CBC_P026,CBC_P026_AV_prob0.9_Vset1_Aset4_2023-04-04_15h07.25.481.csv,1,1,aud,0B,0.35,1,2.19209959999989,0,1,1,0.5,0.5,CBCsimpleRW,CBCdriftDiffusionLR,0.5,0.340128733882976,NA,NA,0.484667066565457,0.325213552350645,2.35809019258834,0.5,69.3202145886004,NA,v1,MR,NA,CBCsimpleRW_CBCdriftDiffusionLR,153.77718771287383
CBC_P026,CBC_P026_AV_prob0.9_Vset1_Aset4_2023-04-04_15h07.25.481.csv,1,2,aud,2C,0.5,1,2.26479780000045,1,1,1,0.5,0.5,CBCsimpleRW,CBCdriftDiffusionLR,0.5,0.340128733882976,NA,NA,0.484667066565457,0.325213552350645,2.35809019258834,0.5,69.3202145886004,NA,v1,MR,NA,CBCsimpleRW_CBCdriftDiffusionLR,153.77718771287383
CBC_P026,CBC_P026_AV_prob0.9_Vset1_Aset4_2023-04-04_15h07.25.481.csv,1,3,aud,1B,0.5,1,1.89462560000084,1,1,1,0.5,0.5,CBCsimpleRW,CBCdriftDiffusionLR,0.5,0.340128733882976,NA,NA,0.484667066565457,0.325213552350645,2.35809019258834,0.5,69.3202145886004,NA,v1,MR,NA,CBCsimpleRW_CBCdriftDiffusionLR,153.77718771287383
CBC_P026,CBC_P026_AV_prob0.9_Vset1_Aset4_2023-04-04_15h07.25.481.csv,1,4,aud,2C,0.5,1,2.12640730000021,1,1,1,0.670064366941488,0.329935633058512,CBCsimpleRW,CBCdriftDiffusionLR,0.5,0.340128733882976,NA,NA,0.484667066565457,0.325213552350645,2.35809019258834,0.5,69.3202145886004,NA,v1,MR,NA,CBCsimpleRW_CBCdriftDiffusionLR,153.77718771287383
CBC_P026,CBC_P026_AV_prob0.9_Vset1_Aset4_2023-04-04_15h07.25.481.csv,1,5,aud,1B,0.5,1,1.91288390000045,1,1,1,0.670064366941488,0.329935633058512,CBCsimpleRW,CBCdriftDiffusionLR,0.5,0.340128733882976,NA,NA,0.484667066565457,0.325213552350645,2.35809019258834,0.5,69.3202145886004,NA,v1,MR,NA,CBCsimpleRW_CBCdriftDiffusionLR,153.77718771287383
CBC_P026,CBC_P026_AV_prob0.9_Vset1_Aset4_2023-04-04_15h07.25.481.csv,1,6,aud,2A,0.35,1,2.93314080000073,0,1,1,0.5,0.5,CBCsimpleRW,CBCdriftDiffusionLR,0.5,0.340128733882976,NA,NA,0.484667066565457,0.325213552350645,2.35809019258834,0.5,69.3202145886004,NA,v1,MR,NA,CBCsimpleRW_CBCdriftDiffusionLR,153.77718771287383
CBC_P026,CBC_P026_AV_prob0.9_Vset1_Aset4_2023-04-04_15h07.25.481.csv,1,7,aud,0B,0.35,1,1.64879440000095,0,1,1,0.329935633058512,0.329935633058512,CBCsimpleRW,CBCdriftDiffusionLR,0.5,0.340128733882976,NA,NA,0.484667066565457,0.325213552350645,2.35809019258834,0.5,69.3202145886004,NA,v1,MR,NA,CBCsimpleRW_CBCdriftDiffusionLR,153.77718771287383
CBC_P026,CBC_P026_AV_prob0.9_Vset1_Aset4_2023-04-04_15h07.25.481.csv,1,8,aud,1C,0.35,1,2.3681475000003,0,1,1,0.5,0.5,CBCsimpleRW,CBCdriftDiffusionLR,0.5,0.340128733882976,NA,NA,0.484667066565457,0.325213552350645,2.35809019258834,0.5,69.3202145886004,NA,v1,MR,NA,CBCsimpleRW_CBCdriftDiffusionLR,153.77718771287383
CBC_P026,CBC_P026_AV_prob0.9_Vset1_Aset4_2023-04-04_15h07.25.481.csv,1,9,aud,0A,0.5,0,2.19350220000069,1,1,0,0.5,-0.5,CBCsimpleRW,CBCdriftDiffusionLR,0.5,0.340128733882976,NA,NA,0.484667066565457,0.325213552350645,2.35809019258834,0.5,69.3202145886004,NA,v1,MR,NA,CBCsimpleRW_CBCdriftDiffusionLR,153.77718771287383
CBC_P026,CBC_P026_AV_prob0.9_Vset1_Aset4_2023-04-04_15h07.25.481.csv,1,10,aud,2C,0.5,1,1.83760500000062,1,1,1,0.782284956076558,0.217715043923442,CBCsimpleRW,CBCdriftDiffusionLR,0.5,0.340128733882976,NA,NA,0.484667066565457,0.325213552350645,2.35809019258834,0.5,69.3202145886004,NA,v1,MR,NA,CBCsimpleRW_CBCdriftDiffusionLR,153.77718771287383
CBC_P026,CBC_P026_AV_prob0.9_Vset1_Aset4_2023-04-04_15h07.25.481.csv,1,11,aud,0A,0.5,1,1.54081200000019,0,0,0,0.329935633058512,-0.670064366941488,CBCsimpleRW,CBCdriftDiffusionLR,0.5,0.340128733882976,NA,NA,0.484667066565457,0.325213552350645,2.35809019258834,0.5,69.3202145886004,NA,v1,MR,NA,CBCsimpleRW_CBCdriftDiffusionLR,153.77718771287383
CBC_P026,CBC_P026_AV_prob0.9_Vset1_Aset4_2023-04-04_15h07.25.481.csv,1,12,aud,1C,0.35,1,2.84416710000005,1,0,0,0.329935633058512,-0.329935633058512,CBCsimpleRW,CBCdriftDiffusionLR,0.5,0.340128733882976,NA,NA,0.484667066565457,0.325213552350645,2.35809019258834,0.5,69.3202145886004,NA,v1,MR,NA,CBCsimpleRW_CBCdriftDiffusionLR,153.77718771287383
CBC_P026,CBC_P026_AV_prob0.9_Vset1_Aset4_2023-04-04_15h07.25.481.csv,1,13,aud,2B,0.15,1,2.47166300000026,1,0,0,0.5,-0.5,CBCsimpleRW,CBCdriftDiffusionLR,0.5,0.340128733882976,NA,NA,0.484667066565457,0.325213552350645,2.35809019258834,0.5,69.3202145886004,NA,v1,MR,NA,CBCsimpleRW_CBCdriftDiffusionLR,153.77718771287383
CBC_P026,CBC_P026_AV_prob0.9_Vset1_Aset4_2023-04-04_15h07.25.481.csv,1,14,aud,1A,0.15,1,1.16510450000078,1,0,0,0.5,-0.5,CBCsimpleRW,CBCdriftDiffusionLR,0.5,0.340128733882976,NA,NA,0.484667066565457,0.325213552350645,2.35809019258834,0.5,69.3202145886004,NA,v1,MR,NA,CBCsimpleRW_CBCdriftDiffusionLR,153.77718771287383
CBC_P026,CBC_P026_AV_prob0.9_Vset1_Aset4_2023-04-04_15h07.25.481.csv,1,15,aud,2C,0.5,0,1.51054040000054,0,0,1,0.856336098313515,0.856336098313515,CBCsimpleRW,CBCdriftDiffusionLR,0.5,0.340128733882976,NA,NA,0.484667066565457,0.325213552350645,2.35809019258834,0.5,69.3202145886004,NA,v1,MR,NA,CBCsimpleRW_CBCdriftDiffusionLR,153.77718771287383
CBC_P026,CBC_P026_AV_prob0.9_Vset1_Aset4_2023-04-04_15h07.25.481.csv,1,16,aud,0A,0.5,1,1.67361420000088,0,0,0,0.557843777806418,-0.442156222193582,CBCsimpleRW,CBCdriftDiffusionLR,0.5,0.340128733882976,NA,NA,0.484667066565457,0.325213552350645,2.35809019258834,0.5,69.3202145886004,NA,v1,MR,NA,CBCsimpleRW_CBCdriftDiffusionLR,153.77718771287383
CBC_P026,CBC_P026_AV_prob0.9_Vset1_Aset4_2023-04-04_15h07.25.481.csv,1,17,aud,1C,0.35,1,NA,NA,NA,NA,0.217715043923442,0,CBCsimpleRW,CBCdriftDiffusionLR,0.5,0.340128733882976,NA,NA,0.484667066565457,0.325213552350645,2.35809019258834,0.5,69.3202145886004,NA,v1,MR,NA,CBCsimpleRW_CBCdriftDiffusionLR,153.77718771287383
CBC_P026,CBC_P026_AV_prob0.9_Vset1_Aset4_2023-04-04_15h07.25.481.csv,1,18,aud,2B,0.15,1,1.29478160000053,1,0,0,0.329935633058512,-0.329935633058512,CBCsimpleRW,CBCdriftDiffusionLR,0.5,0.340128733882976,NA,NA,0.484667066565457,0.325213552350645,2.35809019258834,0.5,69.3202145886004,NA,v1,MR,NA,CBCsimpleRW_CBCdriftDiffusionLR,153.77718771287383
CBC_P026,CBC_P026_AV_prob0.9_Vset1_Aset4_2023-04-04_15h07.25.481.csv,1,19,aud,1C,0.35,1,1.5217104000003,1,0,0,0.217715043923442,-0.217715043923442,CBCsimpleRW,CBCdriftDiffusionLR,0.5,0.340128733882976,NA,NA,0.484667066565457,0.325213552350645,2.35809019258834,0.5,69.3202145886004,NA,v1,MR,NA,CBCsimpleRW_CBCdriftDiffusionLR,153.77718771287383
CBC_P026,CBC_P026_AV_prob0.9_Vset1_Aset4_2023-04-04_15h07.25.481.csv,1,20,aud,0A,0.5,1,1.65427290000025,1,1,1,0.708233813839601,0.291766186160399,CBCsimpleRW,CBCdriftDiffusionLR,0.5,0.340128733882976,NA,NA,0.484667066565457,0.325213552350645,2.35809019258834,0.5,69.3202145886004,NA,v1,MR,NA,CBCsimpleRW_CBCdriftDiffusionLR,153.77718771287383
CBC_P026,CBC_P026_AV_prob0.9_Vset1_Aset4_2023-04-04_15h07.25.481.csv,1,21,aud,2C,0.5,1,NA,NA,NA,NA,0.565071585415851,0,CBCsimpleRW,CBCdriftDiffusionLR,0.5,0.340128733882976,NA,NA,0.484667066565457,0.325213552350645,2.35809019258834,0.5,69.3202145886004,NA,v1,MR,NA,CBCsimpleRW_CBCdriftDiffusionLR,153.77718771287383
CBC_P026,CBC_P026_AV_prob0.9_Vset1_Aset4_2023-04-04_15h07.25.481.csv,1,22,aud,1B,0.5,1,1.39115110000057,1,1,1,0.782284956076558,0.217715043923442,CBCsimpleRW,CBCdriftDiffusionLR,0.5,0.340128733882976,NA,NA,0.484667066565457,0.325213552350645,2.35809019258834,0.5,69.3202145886004,NA,v1,MR,NA,CBCsimpleRW_CBCdriftDiffusionLR,153.77718771287383
CBC_P026,CBC_P026_AV_prob0.9_Vset1_Aset4_2023-04-04_15h07.25.481.csv,1,23,aud,0C,0.15,1,1.17019830000027,0,1,1,0.5,0.5,CBCsimpleRW,CBCdriftDiffusionLR,0.5,0.340128733882976,NA,NA,0.484667066565457,0.325213552350645,2.35809019258834,0.5,69.3202145886004,NA,v1,MR,NA,CBCsimpleRW_CBCdriftDiffusionLR,153.77718771287383
CBC_P026,CBC_P026_AV_prob0.9_Vset1_Aset4_2023-04-04_15h07.25.481.csv,1,24,aud,1B,0.5,1,0.958731100000477,0,0,0,0.856336098313515,-0.143663901686485,CBCsimpleRW,CBCdriftDiffusionLR,0.5,0.340128733882976,NA,NA,0.484667066565457,0.325213552350645,2.35809019258834,0.5,69.3202145886004,NA,v1,MR,NA,CBCsimpleRW_CBCdriftDiffusionLR,153.77718771287383
CBC_P026,CBC_P026_AV_prob0.9_Vset1_Aset4_2023-04-04_15h07.25.481.csv,1,25,aud,2A,0.35,0,1.34215789999962,0,1,0,0.329935633058512,-0.670064366941488,CBCsimpleRW,CBCdriftDiffusionLR,0.5,0.340128733882976,NA,NA,0.484667066565457,0.325213552350645,2.35809019258834,0.5,69.3202145886004,NA,v1,MR,NA,CBCsimpleRW_CBCdriftDiffusionLR,153.77718771287383
CBC_P026,CBC_P026_AV_prob0.9_Vset1_Aset4_2023-04-04_15h07.25.481.csv,1,26,aud,0B,0.35,1,2.0410952000002,1,0,0,0.217715043923442,-0.217715043923442,CBCsimpleRW,CBCdriftDiffusionLR,0.5,0.340128733882976,NA,NA,0.484667066565457,0.325213552350645,2.35809019258834,0.5,69.3202145886004,NA,v1,MR,NA,CBCsimpleRW_CBCdriftDiffusionLR,153.77718771287383
CBC_P026,CBC_P026_AV_prob0.9_Vset1_Aset4_2023-04-04_15h07.25.481.csv,1,27,aud,2A,0.35,1,2.54853670000102,0,1,1,0.557843777806418,0.557843777806418,CBCsimpleRW,CBCdriftDiffusionLR,0.5,0.340128733882976,NA,NA,0.484667066565457,0.325213552350645,2.35809019258834,0.5,69.3202145886004,NA,v1,MR,NA,CBCsimpleRW_CBCdriftDiffusionLR,153.77718771287383
CBC_P026,CBC_P026_AV_prob0.9_Vset1_Aset4_2023-04-04_15h07.25.481.csv,1,28,aud,1B,0.5,1,0.614555699999983,0,0,0,0.905200319298827,-0.0947996807011726,CBCsimpleRW,CBCdriftDiffusionLR,0.5,0.340128733882976,NA,NA,0.484667066565457,0.325213552350645,2.35809019258834,0.5,69.3202145886004,NA,v1,MR,NA,CBCsimpleRW_CBCdriftDiffusionLR,153.77718771287383
CBC_P026,CBC_P026_AV_prob0.9_Vset1_Aset4_2023-04-04_15h07.25.481.csv,1,29,aud,0A,0.5,1,2.00996310000028,0,0,0,0.807471877328202,-0.192528122671798,CBCsimpleRW,CBCdriftDiffusionLR,0.5,0.340128733882976,NA,NA,0.484667066565457,0.325213552350645,2.35809019258834,0.5,69.3202145886004,NA,v1,MR,NA,CBCsimpleRW_CBCdriftDiffusionLR,153.77718771287383
CBC_P026,CBC_P026_AV_prob0.9_Vset1_Aset4_2023-04-04_15h07.25.481.csv,1,30,aud,1B,0.5,1,1.32078600000023,1,1,1,0.937444414668228,0.0625555853317724,CBCsimpleRW,CBCdriftDiffusionLR,0.5,0.340128733882976,NA,NA,0.484667066565457,0.325213552350645,2.35809019258834,0.5,69.3202145886004,NA,v1,MR,NA,CBCsimpleRW_CBCdriftDiffusionLR,153.77718771287383
CBC_P026,CBC_P026_AV_prob0.9_Vset1_Aset4_2023-04-04_15h07.25.481.csv,1,31,aud,2A,0.35,1,0.738583199999994,0,1,1,0.368105079956625,0.368105079956625,CBCsimpleRW,CBCdriftDiffusionLR,0.5,0.340128733882976,NA,NA,0.484667066565457,0.325213552350645,2.35809019258834,0.5,69.3202145886004,NA,v1,MR,NA,CBCsimpleRW_CBCdriftDiffusionLR,153.77718771287383
CBC_P026,CBC_P026_AV_prob0.9_Vset1_Aset4_2023-04-04_15h07.25.481.csv,1,32,aud,0C,0.15,1,1.29627350000101,0,1,1,0.329935633058512,0.329935633058512,CBCsimpleRW,CBCdriftDiffusionLR,0.5,0.340128733882976,NA,NA,0.484667066565457,0.325213552350645,2.35809019258834,0.5,69.3202145886004,NA,v1,MR,NA,CBCsimpleRW_CBCdriftDiffusionLR,153.77718771287383
CBC_P026,CBC_P026_AV_prob0.9_Vset1_Aset4_2023-04-04_15h07.25.481.csv,1,33,aud,1B,0.5,0,2.93473749999976,0,0,1,0.958721366704432,0.958721366704432,CBCsimpleRW,CBCdriftDiffusionLR,0.5,0.340128733882976,NA,NA,0.484667066565457,0.325213552350645,2.35809019258834,0.5,69.3202145886004,NA,v1,MR,NA,CBCsimpleRW_CBCdriftDiffusionLR,153.77718771287383
CBC_P026,CBC_P026_AV_prob0.9_Vset1_Aset4_2023-04-04_15h07.25.481.csv,1,34,aud,0A,0.5,1,1.42234730000018,1,1,1,0.872956223929427,0.127043776070573,CBCsimpleRW,CBCdriftDiffusionLR,0.5,0.340128733882976,NA,NA,0.484667066565457,0.325213552350645,2.35809019258834,0.5,69.3202145886004,NA,v1,MR,NA,CBCsimpleRW_CBCdriftDiffusionLR,153.77718771287383
CBC_P026,CBC_P026_AV_prob0.9_Vset1_Aset4_2023-04-04_15h07.25.481.csv,1,35,aud,1C,0.35,1,1.64004040000054,0,1,1,0.143663901686485,0.143663901686485,CBCsimpleRW,CBCdriftDiffusionLR,0.5,0.340128733882976,NA,NA,0.484667066565457,0.325213552350645,2.35809019258834,0.5,69.3202145886004,NA,v1,MR,NA,CBCsimpleRW_CBCdriftDiffusionLR,153.77718771287383
CBC_P026,CBC_P026_AV_prob0.9_Vset1_Aset4_2023-04-04_15h07.25.481.csv,1,36,aud,0B,0.35,1,1.55825249999998,0,1,1,0.143663901686485,0.143663901686485,CBCsimpleRW,CBCdriftDiffusionLR,0.5,0.340128733882976,NA,NA,0.484667066565457,0.325213552350645,2.35809019258834,0.5,69.3202145886004,NA,v1,MR,NA,CBCsimpleRW_CBCdriftDiffusionLR,153.77718771287383
CBC_P026,CBC_P026_AV_prob0.9_Vset1_Aset4_2023-04-04_15h07.25.481.csv,1,37,aud,1A,0.15,1,3.27829689999999,0,1,1,0.329935633058512,0.329935633058512,CBCsimpleRW,CBCdriftDiffusionLR,0.5,0.340128733882976,NA,NA,0.484667066565457,0.325213552350645,2.35809019258834,0.5,69.3202145886004,NA,v1,MR,NA,CBCsimpleRW_CBCdriftDiffusionLR,153.77718771287383
CBC_P026,CBC_P026_AV_prob0.9_Vset1_Aset4_2023-04-04_15h07.25.481.csv,1,38,aud,2C,0.5,1,2.28658090000044,1,1,1,0.565071585415851,0.434928414584149,CBCsimpleRW,CBCdriftDiffusionLR,0.5,0.340128733882976,NA,NA,0.484667066565457,0.325213552350645,2.35809019258834,0.5,69.3202145886004,NA,v1,MR,NA,CBCsimpleRW_CBCdriftDiffusionLR,153.77718771287383
CBC_P026,CBC_P026_AV_prob0.9_Vset1_Aset4_2023-04-04_15h07.25.481.csv,1,39,aud,0A,0.5,1,NA,NA,NA,NA,0.916167462632023,0,CBCsimpleRW,CBCdriftDiffusionLR,0.5,0.340128733882976,NA,NA,0.484667066565457,0.325213552350645,2.35809019258834,0.5,69.3202145886004,NA,v1,MR,NA,CBCsimpleRW_CBCdriftDiffusionLR,153.77718771287383
CBC_P026,CBC_P026_AV_prob0.9_Vset1_Aset4_2023-04-04_15h07.25.481.csv,1,40,aud,2C,0.5,1,2.25908660000005,1,1,1,0.713003236398088,0.286996763601912,CBCsimpleRW,CBCdriftDiffusionLR,0.5,0.340128733882976,NA,NA,0.484667066565457,0.325213552350645,2.35809019258834,0.5,69.3202145886004,NA,v1,MR,NA,CBCsimpleRW_CBCdriftDiffusionLR,153.77718771287383
CBC_P026,CBC_P026_AV_prob0.9_Vset1_Aset4_2023-04-04_15h07.25.481.csv,1,41,aud,0B,0.35,1,NA,NA,NA,NA,0.0947996807011727,0,CBCsimpleRW,CBCdriftDiffusionLR,0.5,0.340128733882976,NA,NA,0.484667066565457,0.325213552350645,2.35809019258834,0.5,69.3202145886004,NA,v1,MR,NA,CBCsimpleRW_CBCdriftDiffusionLR,153.77718771287383
CBC_P026,CBC_P026_AV_prob0.9_Vset1_Aset4_2023-04-04_15h07.25.481.csv,1,42,aud,1C,0.35,1,1.2232541000003,0,1,1,0.0947996807011727,0.0947996807011726,CBCsimpleRW,CBCdriftDiffusionLR,0.5,0.340128733882976,NA,NA,0.484667066565457,0.325213552350645,2.35809019258834,0.5,69.3202145886004,NA,v1,MR,NA,CBCsimpleRW_CBCdriftDiffusionLR,153.77718771287383
CBC_P026,CBC_P026_TV_prob0.9_Vset4_Tset2_2023-04-04_14h59.29.053.csv,2,1,tac,1A,0.15,1,1.35371279999981,0,1,1,0.5,0.5,CBCsimpleRW,CBCdriftDiffusionLR,0.5,0.00541260426621026,NA,NA,0.304794119525339,12.4502126007073,2.77812153390273,0.5,74.293966415252,NA,v1,MR,NA,CBCsimpleRW_CBCdriftDiffusionLR,163.72469136617704
CBC_P026,CBC_P026_TV_prob0.9_Vset4_Tset2_2023-04-04_14h59.29.053.csv,2,2,tac,2C,0.5,1,1.72165280000081,1,1,1,0.5,0.5,CBCsimpleRW,CBCdriftDiffusionLR,0.5,0.00541260426621026,NA,NA,0.304794119525339,12.4502126007073,2.77812153390273,0.5,74.293966415252,NA,v1,MR,NA,CBCsimpleRW_CBCdriftDiffusionLR,163.72469136617704
CBC_P026,CBC_P026_TV_prob0.9_Vset4_Tset2_2023-04-04_14h59.29.053.csv,2,3,tac,0A,0.5,1,2.48565380000036,0,0,0,0.5,-0.5,CBCsimpleRW,CBCdriftDiffusionLR,0.5,0.00541260426621026,NA,NA,0.304794119525339,12.4502126007073,2.77812153390273,0.5,74.293966415252,NA,v1,MR,NA,CBCsimpleRW_CBCdriftDiffusionLR,163.72469136617704
CBC_P026,CBC_P026_TV_prob0.9_Vset4_Tset2_2023-04-04_14h59.29.053.csv,2,4,tac,2B,0.15,1,2.15340050000032,0,1,1,0.5,0.5,CBCsimpleRW,CBCdriftDiffusionLR,0.5,0.00541260426621026,NA,NA,0.304794119525339,12.4502126007073,2.77812153390273,0.5,74.293966415252,NA,v1,MR,NA,CBCsimpleRW_CBCdriftDiffusionLR,163.72469136617704
CBC_P026,CBC_P026_TV_prob0.9_Vset4_Tset2_2023-04-04_14h59.29.053.csv,2,5,tac,1C,0.35,1,2.10057530000086,1,0,0,0.5,-0.5,CBCsimpleRW,CBCdriftDiffusionLR,0.5,0.00541260426621026,NA,NA,0.304794119525339,12.4502126007073,2.77812153390273,0.5,74.293966415252,NA,v1,MR,NA,CBCsimpleRW_CBCdriftDiffusionLR,163.72469136617704
CBC_P026,CBC_P026_TV_prob0.9_Vset4_Tset2_2023-04-04_14h59.29.053.csv,2,6,tac,0A,0.5,1,2.67281070000081,1,1,1,0.502706302133105,0.497293697866895,CBCsimpleRW,CBCdriftDiffusionLR,0.5,0.00541260426621026,NA,NA,0.304794119525339,12.4502126007073,2.77812153390273,0.5,74.293966415252,NA,v1,MR,NA,CBCsimpleRW_CBCdriftDiffusionLR,163.72469136617704
CBC_P026,CBC_P026_TV_prob0.9_Vset4_Tset2_2023-04-04_14h59.29.053.csv,2,7,tac,1B,0.5,1,1.38832870000078,0,0,0,0.5,-0.5,CBCsimpleRW,CBCdriftDiffusionLR,0.5,0.00541260426621026,NA,NA,0.304794119525339,12.4502126007073,2.77812153390273,0.5,74.293966415252,NA,v1,MR,NA,CBCsimpleRW_CBCdriftDiffusionLR,163.72469136617704
CBC_P026,CBC_P026_TV_prob0.9_Vset4_Tset2_2023-04-04_14h59.29.053.csv,2,8,tac,2A,0.35,1,2.2804898000004,1,0,0,0.5,-0.5,CBCsimpleRW,CBCdriftDiffusionLR,0.5,0.00541260426621026,NA,NA,0.304794119525339,12.4502126007073,2.77812153390273,0.5,74.293966415252,NA,v1,MR,NA,CBCsimpleRW_CBCdriftDiffusionLR,163.72469136617704
CBC_P026,CBC_P026_TV_prob0.9_Vset4_Tset2_2023-04-04_14h59.29.053.csv,2,9,tac,1C,0.35,1,2.26668160000099,1,0,0,0.497293697866895,-0.497293697866895,CBCsimpleRW,CBCdriftDiffusionLR,0.5,0.00541260426621026,NA,NA,0.304794119525339,12.4502126007073,2.77812153390273,0.5,74.293966415252,NA,v1,MR,NA,CBCsimpleRW_CBCdriftDiffusionLR,163.72469136617704
CBC_P026,CBC_P026_TV_prob0.9_Vset4_Tset2_2023-04-04_14h59.29.053.csv,2,10,tac,2A,0.35,0,2.17839990000084,1,0,1,0.497293697866895,0.502706302133105,CBCsimpleRW,CBCdriftDiffusionLR,0.5,0.00541260426621026,NA,NA,0.304794119525339,12.4502126007073,2.77812153390273,0.5,74.293966415252,NA,v1,MR,NA,CBCsimpleRW_CBCdriftDiffusionLR,163.72469136617704
CBC_P026,CBC_P026_TV_prob0.9_Vset4_Tset2_2023-04-04_14h59.29.053.csv,2,11,tac,0B,0.35,1,2.41306850000001,0,1,1,0.5,0.5,CBCsimpleRW,CBCdriftDiffusionLR,0.5,0.00541260426621026,NA,NA,0.304794119525339,12.4502126007073,2.77812153390273,0.5,74.293966415252,NA,v1,MR,NA,CBCsimpleRW_CBCdriftDiffusionLR,163.72469136617704
CBC_P026,CBC_P026_TV_prob0.9_Vset4_Tset2_2023-04-04_14h59.29.053.csv,2,12,tac,2C,0.5,1,2.6533156000005,0,0,0,0.502706302133105,-0.497293697866895,CBCsimpleRW,CBCdriftDiffusionLR,0.5,0.00541260426621026,NA,NA,0.304794119525339,12.4502126007073,2.77812153390273,0.5,74.293966415252,NA,v1,MR,NA,CBCsimpleRW_CBCdriftDiffusionLR,163.72469136617704
CBC_P026,CBC_P026_TV_prob0.9_Vset4_Tset2_2023-04-04_14h59.29.053.csv,2,13,tac,0A,0.5,1,NA,NA,NA,NA,0.505397956123739,0,CBCsimpleRW,CBCdriftDiffusionLR,0.5,0.00541260426621026,NA,NA,0.304794119525339,12.4502126007073,2.77812153390273,0.5,74.293966415252,NA,v1,MR,NA,CBCsimpleRW_CBCdriftDiffusionLR,163.72469136617704
CBC_P026,CBC_P026_TV_prob0.9_Vset4_Tset2_2023-04-04_14h59.29.053.csv,2,14,tac,1B,0.5,1,1.58146659999966,1,1,1,0.502706302133105,0.497293697866895,CBCsimpleRW,CBCdriftDiffusionLR,0.5,0.00541260426621026,NA,NA,0.304794119525339,12.4502126007073,2.77812153390273,0.5,74.293966415252,NA,v1,MR,NA,CBCsimpleRW_CBCdriftDiffusionLR,163.72469136617704
CBC_P026,CBC_P026_TV_prob0.9_Vset4_Tset2_2023-04-04_14h59.29.053.csv,2,15,tac,0A,0.5,1,2.67441950000011,0,0,0,0.505397956123739,-0.494602043876261,CBCsimpleRW,CBCdriftDiffusionLR,0.5,0.00541260426621026,NA,NA,0.304794119525339,12.4502126007073,2.77812153390273,0.5,74.293966415252,NA,v1,MR,NA,CBCsimpleRW_CBCdriftDiffusionLR,163.72469136617704
CBC_P026,CBC_P026_TV_prob0.9_Vset4_Tset2_2023-04-04_14h59.29.053.csv,2,16,tac,1C,0.35,0,2.22362770000018,1,0,1,0.494602043876261,0.505397956123739,CBCsimpleRW,CBCdriftDiffusionLR,0.5,0.00541260426621026,NA,NA,0.304794119525339,12.4502126007073,2.77812153390273,0.5,74.293966415252,NA,v1,MR,NA,CBCsimpleRW_CBCdriftDiffusionLR,163.72469136617704
CBC_P026,CBC_P026_TV_prob0.9_Vset4_Tset2_2023-04-04_14h59.29.053.csv,2,17,tac,2A,0.35,1,2.35547450000013,1,0,0,0.500014648142471,-0.500014648142471,CBCsimpleRW,CBCdriftDiffusionLR,0.5,0.00541260426621026,NA,NA,0.304794119525339,12.4502126007073,2.77812153390273,0.5,74.293966415252,NA,v1,MR,NA,CBCsimpleRW_CBCdriftDiffusionLR,163.72469136617704
CBC_P026,CBC_P026_TV_prob0.9_Vset4_Tset2_2023-04-04_14h59.29.053.csv,2,18,tac,0B,0.35,1,1.58498580000014,1,0,0,0.497293697866895,-0.497293697866895,CBCsimpleRW,CBCdriftDiffusionLR,0.5,0.00541260426621026,NA,NA,0.304794119525339,12.4502126007073,2.77812153390273,0.5,74.293966415252,NA,v1,MR,NA,CBCsimpleRW_CBCdriftDiffusionLR,163.72469136617704
CBC_P026,CBC_P026_TV_prob0.9_Vset4_Tset2_2023-04-04_14h59.29.053.csv,2,19,tac,2C,0.5,1,NA,NA,NA,NA,0.505397956123739,0,CBCsimpleRW,CBCdriftDiffusionLR,0.5,0.00541260426621026,NA,NA,0.304794119525339,12.4502126007073,2.77812153390273,0.5,74.293966415252,NA,v1,MR,NA,CBCsimpleRW_CBCdriftDiffusionLR,163.72469136617704
CBC_P026,CBC_P026_TV_prob0.9_Vset4_Tset2_2023-04-04_14h59.29.053.csv,2,20,tac,1B,0.5,1,1.43900340000073,1,1,1,0.505397956123739,0.494602043876261,CBCsimpleRW,CBCdriftDiffusionLR,0.5,0.00541260426621026,NA,NA,0.304794119525339,12.4502126007073,2.77812153390273,0.5,74.293966415252,NA,v1,MR,NA,CBCsimpleRW_CBCdriftDiffusionLR,163.72469136617704
CBC_P026,CBC_P026_TV_prob0.9_Vset4_Tset2_2023-04-04_14h59.29.053.csv,2,21,tac,0C,0.15,1,2.79495659999975,0,1,1,0.5,0.5,CBCsimpleRW,CBCdriftDiffusionLR,0.5,0.00541260426621026,NA,NA,0.304794119525339,12.4502126007073,2.77812153390273,0.5,74.293966415252,NA,v1,MR,NA,CBCsimpleRW_CBCdriftDiffusionLR,163.72469136617704
CBC_P026,CBC_P026_TV_prob0.9_Vset4_Tset2_2023-04-04_14h59.29.053.csv,2,22,tac,1B,0.5,1,NA,NA,NA,NA,0.5080750412565,0,CBCsimpleRW,CBCdriftDiffusionLR,0.5,0.00541260426621026,NA,NA,0.304794119525339,12.4502126007073,2.77812153390273,0.5,74.293966415252,NA,v1,MR,NA,CBCsimpleRW_CBCdriftDiffusionLR,163.72469136617704
CBC_P026,CBC_P026_TV_prob0.9_Vset4_Tset2_2023-04-04_14h59.29.053.csv,2,23,tac,2C,0.5,1,2.0187375000005,0,0,0,0.505397956123739,-0.494602043876261,CBCsimpleRW,CBCdriftDiffusionLR,0.5,0.00541260426621026,NA,NA,0.304794119525339,12.4502126007073,2.77812153390273,0.5,74.293966415252,NA,v1,MR,NA,CBCsimpleRW_CBCdriftDiffusionLR,163.72469136617704
CBC_P026,CBC_P026_TV_prob0.9_Vset4_Tset2_2023-04-04_14h59.29.053.csv,2,24,tac,0B,0.35,0,1.98690520000036,1,0,1,0.494602043876261,0.505397956123739,CBCsimpleRW,CBCdriftDiffusionLR,0.5,0.00541260426621026,NA,NA,0.304794119525339,12.4502126007073,2.77812153390273,0.5,74.293966415252,NA,v1,MR,NA,CBCsimpleRW_CBCdriftDiffusionLR,163.72469136617704
CBC_P026,CBC_P026_TV_prob0.9_Vset4_Tset2_2023-04-04_14h59.29.053.csv,2,25,tac,2A,0.35,1,-0.929666300000463,0,1,1,0.497308266724768,0.497308266724768,CBCsimpleRW,CBCdriftDiffusionLR,0.5,0.00541260426621026,NA,NA,0.304794119525339,12.4502126007073,2.77812153390273,0.5,74.293966415252,NA,v1,MR,NA,CBCsimpleRW_CBCdriftDiffusionLR,163.72469136617704
CBC_P026,CBC_P026_TV_prob0.9_Vset4_Tset2_2023-04-04_14h59.29.053.csv,2,26,tac,1B,0.5,1,1.92079860000013,1,1,1,0.5080750412565,0.4919249587435,CBCsimpleRW,CBCdriftDiffusionLR,0.5,0.00541260426621026,NA,NA,0.304794119525339,12.4502126007073,2.77812153390273,0.5,74.293966415252,NA,v1,MR,NA,CBCsimpleRW_CBCdriftDiffusionLR,163.72469136617704
CBC_P026,CBC_P026_TV_prob0.9_Vset4_Tset2_2023-04-04_14h59.29.053.csv,2,27,tac,0A,0.5,1,0.982544600000438,1,1,1,0.5080750412565,0.4919249587435,CBCsimpleRW,CBCdriftDiffusionLR,0.5,0.00541260426621026,NA,NA,0.304794119525339,12.4502126007073,2.77812153390273,0.5,74.293966415252,NA,v1,MR,NA,CBCsimpleRW_CBCdriftDiffusionLR,163.72469136617704
CBC_P026,CBC_P026_TV_prob0.9_Vset4_Tset2_2023-04-04_14h59.29.053.csv,2,28,tac,2B,0.15,1,0.485079800000676,0,1,1,0.497293697866895,0.497293697866895,CBCsimpleRW,CBCdriftDiffusionLR,0.5,0.00541260426621026,NA,NA,0.304794119525339,12.4502126007073,2.77812153390273,0.5,74.293966415252,NA,v1,MR,NA,CBCsimpleRW_CBCdriftDiffusionLR,163.72469136617704
CBC_P026,CBC_P026_TV_prob0.9_Vset4_Tset2_2023-04-04_14h59.29.053.csv,2,29,tac,1C,0.35,1,2.59342329999981,0,1,1,0.49733756300971,0.49733756300971,CBCsimpleRW,CBCdriftDiffusionLR,0.5,0.00541260426621026,NA,NA,0.304794119525339,12.4502126007073,2.77812153390273,0.5,74.293966415252,NA,v1,MR,NA,CBCsimpleRW_CBCdriftDiffusionLR,163.72469136617704
CBC_P026,CBC_P026_TV_prob0.9_Vset4_Tset2_2023-04-04_14h59.29.053.csv,2,30,tac,0B,0.35,1,2.38298930000019,0,1,1,0.49733756300971,0.49733756300971,CBCsimpleRW,CBCdriftDiffusionLR,0.5,0.00541260426621026,NA,NA,0.304794119525339,12.4502126007073,2.77812153390273,0.5,74.293966415252,NA,v1,MR,NA,CBCsimpleRW_CBCdriftDiffusionLR,163.72469136617704
CBC_P026,CBC_P026_TV_prob0.9_Vset4_Tset2_2023-04-04_14h59.29.053.csv,2,31,tac,2C,0.5,1,NA,NA,NA,NA,0.5080750412565,0,CBCsimpleRW,CBCdriftDiffusionLR,0.5,0.00541260426621026,NA,NA,0.304794119525339,12.4502126007073,2.77812153390273,0.5,74.293966415252,NA,v1,MR,NA,CBCsimpleRW_CBCdriftDiffusionLR,163.72469136617704
CBC_P026,CBC_P026_TV_prob0.9_Vset4_Tset2_2023-04-04_14h59.29.053.csv,2,32,tac,0A,0.5,1,1.49663950000013,1,1,1,0.51073763638685,0.48926236361315,CBCsimpleRW,CBCdriftDiffusionLR,0.5,0.00541260426621026,NA,NA,0.304794119525339,12.4502126007073,2.77812153390273,0.5,74.293966415252,NA,v1,MR,NA,CBCsimpleRW_CBCdriftDiffusionLR,163.72469136617704
CBC_P026,CBC_P026_TV_prob0.9_Vset4_Tset2_2023-04-04_14h59.29.053.csv,2,33,tac,2C,0.5,0,2.45936600000005,0,0,1,0.5080750412565,0.5080750412565,CBCsimpleRW,CBCdriftDiffusionLR,0.5,0.00541260426621026,NA,NA,0.304794119525339,12.4502126007073,2.77812153390273,0.5,74.293966415252,NA,v1,MR,NA,CBCsimpleRW_CBCdriftDiffusionLR,163.72469136617704
CBC_P026,CBC_P026_TV_prob0.9_Vset4_Tset2_2023-04-04_14h59.29.053.csv,2,34,tac,1A,0.15,1,2.03454590000001,0,1,1,0.497293697866895,0.497293697866895,CBCsimpleRW,CBCdriftDiffusionLR,0.5,0.00541260426621026,NA,NA,0.304794119525339,12.4502126007073,2.77812153390273,0.5,74.293966415252,NA,v1,MR,NA,CBCsimpleRW_CBCdriftDiffusionLR,163.72469136617704
CBC_P026,CBC_P026_TV_prob0.9_Vset4_Tset2_2023-04-04_14h59.29.053.csv,2,35,tac,0B,0.35,1,1.6788604000003,0,1,1,0.494645671594417,0.494645671594417,CBCsimpleRW,CBCdriftDiffusionLR,0.5,0.00541260426621026,NA,NA,0.304794119525339,12.4502126007073,2.77812153390273,0.5,74.293966415252,NA,v1,MR,NA,CBCsimpleRW_CBCdriftDiffusionLR,163.72469136617704
CBC_P026,CBC_P026_TV_prob0.9_Vset4_Tset2_2023-04-04_14h59.29.053.csv,2,36,tac,2C,0.5,1,2.23097909999979,1,1,1,0.50532503212064,0.49467496787936,CBCsimpleRW,CBCdriftDiffusionLR,0.5,0.00541260426621026,NA,NA,0.304794119525339,12.4502126007073,2.77812153390273,0.5,74.293966415252,NA,v1,MR,NA,CBCsimpleRW_CBCdriftDiffusionLR,163.72469136617704
CBC_P026,CBC_P026_TV_prob0.9_Vset4_Tset2_2023-04-04_14h59.29.053.csv,2,37,tac,1B,0.5,1,1.75406070000099,1,1,1,0.51073763638685,0.48926236361315,CBCsimpleRW,CBCdriftDiffusionLR,0.5,0.00541260426621026,NA,NA,0.304794119525339,12.4502126007073,2.77812153390273,0.5,74.293966415252,NA,v1,MR,NA,CBCsimpleRW_CBCdriftDiffusionLR,163.72469136617704
CBC_P026,CBC_P026_TV_prob0.9_Vset4_Tset2_2023-04-04_14h59.29.053.csv,2,38,tac,2A,0.35,1,2.10013979999985,1,0,0,0.494616533878672,-0.494616533878672,CBCsimpleRW,CBCdriftDiffusionLR,0.5,0.00541260426621026,NA,NA,0.304794119525339,12.4502126007073,2.77812153390273,0.5,74.293966415252,NA,v1,MR,NA,CBCsimpleRW_CBCdriftDiffusionLR,163.72469136617704
CBC_P026,CBC_P026_TV_prob0.9_Vset4_Tset2_2023-04-04_14h59.29.053.csv,2,39,tac,1C,0.35,1,2.19420630000059,1,0,0,0.494645671594417,-0.494645671594417,CBCsimpleRW,CBCdriftDiffusionLR,0.5,0.00541260426621026,NA,NA,0.304794119525339,12.4502126007073,2.77812153390273,0.5,74.293966415252,NA,v1,MR,NA,CBCsimpleRW_CBCdriftDiffusionLR,163.72469136617704
CBC_P026,CBC_P026_TV_prob0.9_Vset4_Tset2_2023-04-04_14h59.29.053.csv,2,40,tac,0A,0.5,1,2.40061499999956,1,1,1,0.513385819943439,0.486614180056561,CBCsimpleRW,CBCdriftDiffusionLR,0.5,0.00541260426621026,NA,NA,0.304794119525339,12.4502126007073,2.77812153390273,0.5,74.293966415252,NA,v1,MR,NA,CBCsimpleRW_CBCdriftDiffusionLR,163.72469136617704
CBC_P026,CBC_P026_TV_prob0.9_Vset4_Tset2_2023-04-04_14h59.29.053.csv,2,41,tac,1B,0.5,1,NA,NA,NA,NA,0.513385819943439,0,CBCsimpleRW,CBCdriftDiffusionLR,0.5,0.00541260426621026,NA,NA,0.304794119525339,12.4502126007073,2.77812153390273,0.5,74.293966415252,NA,v1,MR,NA,CBCsimpleRW_CBCdriftDiffusionLR,163.72469136617704
CBC_P026,CBC_P026_TV_prob0.9_Vset4_Tset2_2023-04-04_14h59.29.053.csv,2,42,tac,0C,0.15,1,2.43735470000047,1,0,0,0.497293697866895,-0.497293697866895,CBCsimpleRW,CBCdriftDiffusionLR,0.5,0.00541260426621026,NA,NA,0.304794119525339,12.4502126007073,2.77812153390273,0.5,74.293966415252,NA,v1,MR,NA,CBCsimpleRW_CBCdriftDiffusionLR,163.72469136617704
CBC_P027,CBC_P027_TV_prob0.8_Vset3_Tset2_2023-04-05_14h14.43.405.csv,2,1,tac,0B,0.35,1,2.35671809999985,0,1,1,0.5,0.5,CBCsimpleAsymRW,CBCdriftDiffusionLR,0.5,0.233884945502554,0.03209527443825979,NA,0.736941570138298,2.1916005678897,2.39719614031801,0.5,64.4396486048029,NA,v1,MR,NA,CBCsimpleAsymRW_CBCdriftDiffusionLR,147.8002453791971
CBC_P027,CBC_P027_TV_prob0.8_Vset3_Tset2_2023-04-05_14h14.43.405.csv,2,2,tac,2C,0.5,1,1.74546949999967,1,1,1,0.5,0.5,CBCsimpleAsymRW,CBCdriftDiffusionLR,0.5,0.233884945502554,0.03209527443825979,NA,0.736941570138298,2.1916005678897,2.39719614031801,0.5,64.4396486048029,NA,v1,MR,NA,CBCsimpleAsymRW_CBCdriftDiffusionLR,147.8002453791971
CBC_P027,CBC_P027_TV_prob0.8_Vset3_Tset2_2023-04-05_14h14.43.405.csv,2,3,tac,1B,0.5,1,2.75185390000024,1,1,1,0.5,0.5,CBCsimpleAsymRW,CBCdriftDiffusionLR,0.5,0.233884945502554,0.03209527443825979,NA,0.736941570138298,2.1916005678897,2.39719614031801,0.5,64.4396486048029,NA,v1,MR,NA,CBCsimpleAsymRW_CBCdriftDiffusionLR,147.8002453791971
CBC_P027,CBC_P027_TV_prob0.8_Vset3_Tset2_2023-04-05_14h14.43.405.csv,2,4,tac,2C,0.5,1,1.39433659999941,1,1,1,0.616942472751277,0.383057527248723,CBCsimpleAsymRW,CBCdriftDiffusionLR,0.5,0.233884945502554,0.03209527443825979,NA,0.736941570138298,2.1916005678897,2.39719614031801,0.5,64.4396486048029,NA,v1,MR,NA,CBCsimpleAsymRW_CBCdriftDiffusionLR,147.8002453791971
CBC_P027,CBC_P027_TV_prob0.8_Vset3_Tset2_2023-04-05_14h14.43.405.csv,2,5,tac,1B,0.5,1,1.42565640000066,1,1,1,0.616942472751277,0.383057527248723,CBCsimpleAsymRW,CBCdriftDiffusionLR,0.5,0.233884945502554,0.03209527443825979,NA,0.736941570138298,2.1916005678897,2.39719614031801,0.5,64.4396486048029,NA,v1,MR,NA,CBCsimpleAsymRW_CBCdriftDiffusionLR,147.8002453791971
CBC_P027,CBC_P027_TV_prob0.8_Vset3_Tset2_2023-04-05_14h14.43.405.csv,2,6,tac,2A,0.35,1,1.8618993,0,1,1,0.5,0.5,CBCsimpleAsymRW,CBCdriftDiffusionLR,0.5,0.233884945502554,0.03209527443825979,NA,0.736941570138298,2.1916005678897,2.39719614031801,0.5,64.4396486048029,NA,v1,MR,NA,CBCsimpleAsymRW_CBCdriftDiffusionLR,147.8002453791971
CBC_P027,CBC_P027_TV_prob0.8_Vset3_Tset2_2023-04-05_14h14.43.405.csv,2,7,tac,0B,0.35,1,1.82441910000034,0,1,1,0.383057527248723,0.383057527248723,CBCsimpleAsymRW,CBCdriftDiffusionLR,0.5,0.233884945502554,0.03209527443825979,NA,0.736941570138298,2.1916005678897,2.39719614031801,0.5,64.4396486048029,NA,v1,MR,NA,CBCsimpleAsymRW_CBCdriftDiffusionLR,147.8002453791971
CBC_P027,CBC_P027_TV_prob0.8_Vset3_Tset2_2023-04-05_14h14.43.405.csv,2,8,tac,1C,0.35,0,1.09745480000038,0,1,0,0.5,-0.5,CBCsimpleAsymRW,CBCdriftDiffusionLR,0.5,0.233884945502554,0.03209527443825979,NA,0.736941570138298,2.1916005678897,2.39719614031801,0.5,64.4396486048029,NA,v1,MR,NA,CBCsimpleAsymRW_CBCdriftDiffusionLR,147.8002453791971
CBC_P027,CBC_P027_TV_prob0.8_Vset3_Tset2_2023-04-05_14h14.43.405.csv,2,9,tac,0A,0.5,1,3.28816889999962,1,1,1,0.5,0.5,CBCsimpleAsymRW,CBCdriftDiffusionLR,0.5,0.233884945502554,0.03209527443825979,NA,0.736941570138298,2.1916005678897,2.39719614031801,0.5,64.4396486048029,NA,v1,MR,NA,CBCsimpleAsymRW_CBCdriftDiffusionLR,147.8002453791971
CBC_P027,CBC_P027_TV_prob0.8_Vset3_Tset2_2023-04-05_14h14.43.405.csv,2,10,tac,2C,0.5,0,3.04979300000014,1,1,0,0.706533861636187,-0.706533861636187,CBCsimpleAsymRW,CBCdriftDiffusionLR,0.5,0.233884945502554,0.03209527443825979,NA,0.736941570138298,2.1916005678897,2.39719614031801,0.5,64.4396486048029,NA,v1,MR,NA,CBCsimpleAsymRW_CBCdriftDiffusionLR,147.8002453791971
CBC_P027,CBC_P027_TV_prob0.8_Vset3_Tset2_2023-04-05_14h14.43.405.csv,2,11,tac,0A,0.5,0,2.83525949999967,1,1,0,0.616942472751277,-0.616942472751277,CBCsimpleAsymRW,CBCdriftDiffusionLR,0.5,0.233884945502554,0.03209527443825979,NA,0.736941570138298,2.1916005678897,2.39719614031801,0.5,64.4396486048029,NA,v1,MR,NA,CBCsimpleAsymRW_CBCdriftDiffusionLR,147.8002453791971
CBC_P027,CBC_P027_TV_prob0.8_Vset3_Tset2_2023-04-05_14h14.43.405.csv,2,12,tac,1C,0.35,1,1.29303689999961,0,1,1,0.51604763721913,0.51604763721913,CBCsimpleAsymRW,CBCdriftDiffusionLR,0.5,0.233884945502554,0.03209527443825979,NA,0.736941570138298,2.1916005678897,2.39719614031801,0.5,64.4396486048029,NA,v1,MR,NA,CBCsimpleAsymRW_CBCdriftDiffusionLR,147.8002453791971
CBC_P027,CBC_P027_TV_prob0.8_Vset3_Tset2_2023-04-05_14h14.43.405.csv,2,13,tac,2B,0.15,0,2.00252819999969,0,1,0,0.5,-0.5,CBCsimpleAsymRW,CBCdriftDiffusionLR,0.5,0.233884945502554,0.03209527443825979,NA,0.736941570138298,2.1916005678897,2.39719614031801,0.5,64.4396486048029,NA,v1,MR,NA,CBCsimpleAsymRW_CBCdriftDiffusionLR,147.8002453791971
CBC_P027,CBC_P027_TV_prob0.8_Vset3_Tset2_2023-04-05_14h14.43.405.csv,2,14,tac,1A,0.15,1,1.83501310000065,0,1,1,0.5,0.5,CBCsimpleAsymRW,CBCdriftDiffusionLR,0.5,0.233884945502554,0.03209527443825979,NA,0.736941570138298,2.1916005678897,2.39719614031801,0.5,64.4396486048029,NA,v1,MR,NA,CBCsimpleAsymRW_CBCdriftDiffusionLR,147.8002453791971
CBC_P027,CBC_P027_TV_prob0.8_Vset3_Tset2_2023-04-05_14h14.43.405.csv,2,15,tac,2C,0.5,1,2.20591499999955,0,0,0,0.683857463447051,-0.316142536552949,CBCsimpleAsymRW,CBCdriftDiffusionLR,0.5,0.233884945502554,0.03209527443825979,NA,0.736941570138298,2.1916005678897,2.39719614031801,0.5,64.4396486048029,NA,v1,MR,NA,CBCsimpleAsymRW_CBCdriftDiffusionLR,147.8002453791971
CBC_P027,CBC_P027_TV_prob0.8_Vset3_Tset2_2023-04-05_14h14.43.405.csv,2,16,tac,0A,0.5,1,2.21079680000003,0,0,0,0.597141534775706,-0.402858465224294,CBCsimpleAsymRW,CBCdriftDiffusionLR,0.5,0.233884945502554,0.03209527443825979,NA,0.736941570138298,2.1916005678897,2.39719614031801,0.5,64.4396486048029,NA,v1,MR,NA,CBCsimpleAsymRW_CBCdriftDiffusionLR,147.8002453791971
CBC_P027,CBC_P027_TV_prob0.8_Vset3_Tset2_2023-04-05_14h14.43.405.csv,2,17,tac,1C,0.35,1,2.32550040000024,0,1,1,0.395351863711412,0.395351863711412,CBCsimpleAsymRW,CBCdriftDiffusionLR,0.5,0.233884945502554,0.03209527443825979,NA,0.736941570138298,2.1916005678897,2.39719614031801,0.5,64.4396486048029,NA,v1,MR,NA,CBCsimpleAsymRW_CBCdriftDiffusionLR,147.8002453791971
CBC_P027,CBC_P027_TV_prob0.8_Vset3_Tset2_2023-04-05_14h14.43.405.csv,2,18,tac,2B,0.15,1,2.76985870000044,0,1,1,0.51604763721913,0.51604763721913,CBCsimpleAsymRW,CBCdriftDiffusionLR,0.5,0.233884945502554,0.03209527443825979,NA,0.736941570138298,2.1916005678897,2.39719614031801,0.5,64.4396486048029,NA,v1,MR,NA,CBCsimpleAsymRW_CBCdriftDiffusionLR,147.8002453791971
CBC_P027,CBC_P027_TV_prob0.8_Vset3_Tset2_2023-04-05_14h14.43.405.csv,2,19,tac,1C,0.35,1,1.09496820000004,0,1,1,0.302885014612935,0.302885014612935,CBCsimpleAsymRW,CBCdriftDiffusionLR,0.5,0.233884945502554,0.03209527443825979,NA,0.736941570138298,2.1916005678897,2.39719614031801,0.5,64.4396486048029,NA,v1,MR,NA,CBCsimpleAsymRW_CBCdriftDiffusionLR,147.8002453791971
CBC_P027,CBC_P027_TV_prob0.8_Vset3_Tset2_2023-04-05_14h14.43.405.csv,2,20,tac,0A,0.5,1,2.33208359999935,1,1,1,0.610071387776856,0.389928612223144,CBCsimpleAsymRW,CBCdriftDiffusionLR,0.5,0.233884945502554,0.03209527443825979,NA,0.736941570138298,2.1916005678897,2.39719614031801,0.5,64.4396486048029,NA,v1,MR,NA,CBCsimpleAsymRW_CBCdriftDiffusionLR,147.8002453791971
CBC_P027,CBC_P027_TV_prob0.8_Vset3_Tset2_2023-04-05_14h14.43.405.csv,2,21,tac,2C,0.5,0,1.96941999999945,1,1,0,0.694004144919325,-0.694004144919325,CBCsimpleAsymRW,CBCdriftDiffusionLR,0.5,0.233884945502554,0.03209527443825979,NA,0.736941570138298,2.1916005678897,2.39719614031801,0.5,64.4396486048029,NA,v1,MR,NA,CBCsimpleAsymRW_CBCdriftDiffusionLR,147.8002453791971
CBC_P027,CBC_P027_TV_prob0.8_Vset3_Tset2_2023-04-05_14h14.43.405.csv,2,22,tac,1B,0.5,1,0.907212099999924,1,1,1,0.706533861636187,0.293466138363813,CBCsimpleAsymRW,CBCdriftDiffusionLR,0.5,0.233884945502554,0.03209527443825979,NA,0.736941570138298,2.1916005678897,2.39719614031801,0.5,64.4396486048029,NA,v1,MR,NA,CBCsimpleAsymRW_CBCdriftDiffusionLR,147.8002453791971
CBC_P027,CBC_P027_TV_prob0.8_Vset3_Tset2_2023-04-05_14h14.43.405.csv,2,23,tac,0C,0.15,1,2.03029200000037,1,0,0,0.5,-0.5,CBCsimpleAsymRW,CBCdriftDiffusionLR,0.5,0.233884945502554,0.03209527443825979,NA,0.736941570138298,2.1916005678897,2.39719614031801,0.5,64.4396486048029,NA,v1,MR,NA,CBCsimpleAsymRW_CBCdriftDiffusionLR,147.8002453791971
CBC_P027,CBC_P027_TV_prob0.8_Vset3_Tset2_2023-04-05_14h14.43.405.csv,2,24,tac,1B,0.5,1,0.972001400000408,1,1,1,0.775171173414253,0.224828826585747,CBCsimpleAsymRW,CBCdriftDiffusionLR,0.5,0.233884945502554,0.03209527443825979,NA,0.736941570138298,2.1916005678897,2.39719614031801,0.5,64.4396486048029,NA,v1,MR,NA,CBCsimpleAsymRW_CBCdriftDiffusionLR,147.8002453791971
CBC_P027,CBC_P027_TV_prob0.8_Vset3_Tset2_2023-04-05_14h14.43.405.csv,2,25,tac,2A,0.35,1,2.69307619999927,1,0,0,0.383057527248723,-0.383057527248723,CBCsimpleAsymRW,CBCdriftDiffusionLR,0.5,0.233884945502554,0.03209527443825979,NA,0.736941570138298,2.1916005678897,2.39719614031801,0.5,64.4396486048029,NA,v1,MR,NA,CBCsimpleAsymRW_CBCdriftDiffusionLR,147.8002453791971
CBC_P027,CBC_P027_TV_prob0.8_Vset3_Tset2_2023-04-05_14h14.43.405.csv,2,26,tac,0B,0.35,1,1.62159780000002,1,0,0,0.293466138363813,-0.293466138363813,CBCsimpleAsymRW,CBCdriftDiffusionLR,0.5,0.233884945502554,0.03209527443825979,NA,0.736941570138298,2.1916005678897,2.39719614031801,0.5,64.4396486048029,NA,v1,MR,NA,CBCsimpleAsymRW_CBCdriftDiffusionLR,147.8002453791971
CBC_P027,CBC_P027_TV_prob0.8_Vset3_Tset2_2023-04-05_14h14.43.405.csv,2,27,tac,2A,0.35,1,2.69068360000074,1,0,0,0.370763190786034,-0.370763190786034,CBCsimpleAsymRW,CBCdriftDiffusionLR,0.5,0.233884945502554,0.03209527443825979,NA,0.736941570138298,2.1916005678897,2.39719614031801,0.5,64.4396486048029,NA,v1,MR,NA,CBCsimpleAsymRW_CBCdriftDiffusionLR,147.8002453791971
CBC_P027,CBC_P027_TV_prob0.8_Vset3_Tset2_2023-04-05_14h14.43.405.csv,2,28,tac,1B,0.5,1,0.967821700000059,1,1,1,0.827755251267663,0.172244748732337,CBCsimpleAsymRW,CBCdriftDiffusionLR,0.5,0.233884945502554,0.03209527443825979,NA,0.736941570138298,2.1916005678897,2.39719614031801,0.5,64.4396486048029,NA,v1,MR,NA,CBCsimpleAsymRW_CBCdriftDiffusionLR,147.8002453791971
CBC_P027,CBC_P027_TV_prob0.8_Vset3_Tset2_2023-04-05_14h14.43.405.csv,2,29,tac,0A,0.5,0,2.40703799999937,1,1,0,0.701269819996552,-0.701269819996552,CBCsimpleAsymRW,CBCdriftDiffusionLR,0.5,0.233884945502554,0.03209527443825979,NA,0.736941570138298,2.1916005678897,2.39719614031801,0.5,64.4396486048029,NA,v1,MR,NA,CBCsimpleAsymRW_CBCdriftDiffusionLR,147.8002453791971
CBC_P027,CBC_P027_TV_prob0.8_Vset3_Tset2_2023-04-05_14h14.43.405.csv,2,30,tac,1B,0.5,1,1.25423260000025,1,1,1,0.868040704938027,0.131959295061973,CBCsimpleAsymRW,CBCdriftDiffusionLR,0.5,0.233884945502554,0.03209527443825979,NA,0.736941570138298,2.1916005678897,2.39719614031801,0.5,64.4396486048029,NA,v1,MR,NA,CBCsimpleAsymRW_CBCdriftDiffusionLR,147.8002453791971
CBC_P027,CBC_P027_TV_prob0.8_Vset3_Tset2_2023-04-05_14h14.43.405.csv,2,31,tac,2A,0.35,1,2.96288350000032,1,0,0,0.358863444426152,-0.358863444426152,CBCsimpleAsymRW,CBCdriftDiffusionLR,0.5,0.233884945502554,0.03209527443825979,NA,0.736941570138298,2.1916005678897,2.39719614031801,0.5,64.4396486048029,NA,v1,MR,NA,CBCsimpleAsymRW_CBCdriftDiffusionLR,147.8002453791971
CBC_P027,CBC_P027_TV_prob0.8_Vset3_Tset2_2023-04-05_14h14.43.405.csv,2,32,tac,0C,0.15,1,1.84853909999947,1,0,0,0.48395236278087,-0.48395236278087,CBCsimpleAsymRW,CBCdriftDiffusionLR,0.5,0.233884945502554,0.03209527443825979,NA,0.736941570138298,2.1916005678897,2.39719614031801,0.5,64.4396486048029,NA,v1,MR,NA,CBCsimpleAsymRW_CBCdriftDiffusionLR,147.8002453791971
CBC_P027,CBC_P027_TV_prob0.8_Vset3_Tset2_2023-04-05_14h14.43.405.csv,2,33,tac,1B,0.5,0,0.977171800000178,1,1,0,0.898903997472152,-0.898903997472152,CBCsimpleAsymRW,CBCdriftDiffusionLR,0.5,0.233884945502554,0.03209527443825979,NA,0.736941570138298,2.1916005678897,2.39719614031801,0.5,64.4396486048029,NA,v1,MR,NA,CBCsimpleAsymRW_CBCdriftDiffusionLR,147.8002453791971
CBC_P027,CBC_P027_TV_prob0.8_Vset3_Tset2_2023-04-05_14h14.43.405.csv,2,34,tac,0A,0.5,0,2.75248939999983,1,1,0,0.678762372668494,-0.678762372668494,CBCsimpleAsymRW,CBCdriftDiffusionLR,0.5,0.233884945502554,0.03209527443825979,NA,0.736941570138298,2.1916005678897,2.39719614031801,0.5,64.4396486048029,NA,v1,MR,NA,CBCsimpleAsymRW_CBCdriftDiffusionLR,147.8002453791971
CBC_P027,CBC_P027_TV_prob0.8_Vset3_Tset2_2023-04-05_14h14.43.405.csv,2,35,tac,1C,0.35,1,1.10904449999998,0,1,1,0.232044769476649,0.232044769476649,CBCsimpleAsymRW,CBCdriftDiffusionLR,0.5,0.233884945502554,0.03209527443825979,NA,0.736941570138298,2.1916005678897,2.39719614031801,0.5,64.4396486048029,NA,v1,MR,NA,CBCsimpleAsymRW_CBCdriftDiffusionLR,147.8002453791971
CBC_P027,CBC_P027_TV_prob0.8_Vset3_Tset2_2023-04-05_14h14.43.405.csv,2,36,tac,0B,0.35,1,1.92058710000038,0,1,1,0.28404726211469,0.28404726211469,CBCsimpleAsymRW,CBCdriftDiffusionLR,0.5,0.233884945502554,0.03209527443825979,NA,0.736941570138298,2.1916005678897,2.39719614031801,0.5,64.4396486048029,NA,v1,MR,NA,CBCsimpleAsymRW_CBCdriftDiffusionLR,147.8002453791971
CBC_P027,CBC_P027_TV_prob0.8_Vset3_Tset2_2023-04-05_14h14.43.405.csv,2,37,tac,1A,0.15,1,1.67953849999958,0,1,1,0.383057527248723,0.383057527248723,CBCsimpleAsymRW,CBCdriftDiffusionLR,0.5,0.233884945502554,0.03209527443825979,NA,0.736941570138298,2.1916005678897,2.39719614031801,0.5,64.4396486048029,NA,v1,MR,NA,CBCsimpleAsymRW_CBCdriftDiffusionLR,147.8002453791971
CBC_P027,CBC_P027_TV_prob0.8_Vset3_Tset2_2023-04-05_14h14.43.405.csv,2,38,tac,2C,0.5,1,1.80921820000003,1,1,1,0.671729891426849,0.328270108573151,CBCsimpleAsymRW,CBCdriftDiffusionLR,0.5,0.233884945502554,0.03209527443825979,NA,0.736941570138298,2.1916005678897,2.39719614031801,0.5,64.4396486048029,NA,v1,MR,NA,CBCsimpleAsymRW_CBCdriftDiffusionLR,147.8002453791971
CBC_P027,CBC_P027_TV_prob0.8_Vset3_Tset2_2023-04-05_14h14.43.405.csv,2,39,tac,0A,0.5,1,3.93582779999997,1,1,1,0.656977308039334,0.343022691960666,CBCsimpleAsymRW,CBCdriftDiffusionLR,0.5,0.233884945502554,0.03209527443825979,NA,0.736941570138298,2.1916005678897,2.39719614031801,0.5,64.4396486048029,NA,v1,MR,NA,CBCsimpleAsymRW_CBCdriftDiffusionLR,147.8002453791971
CBC_P027,CBC_P027_TV_prob0.8_Vset3_Tset2_2023-04-05_14h14.43.405.csv,2,40,tac,2C,0.5,1,2.03758950000065,1,1,1,0.748507327880598,0.251492672119402,CBCsimpleAsymRW,CBCdriftDiffusionLR,0.5,0.233884945502554,0.03209527443825979,NA,0.736941570138298,2.1916005678897,2.39719614031801,0.5,64.4396486048029,NA,v1,MR,NA,CBCsimpleAsymRW_CBCdriftDiffusionLR,147.8002453791971
CBC_P027,CBC_P027_TV_prob0.8_Vset3_Tset2_2023-04-05_14h14.43.405.csv,2,41,tac,0B,0.35,1,1.23585989999992,0,1,1,0.217612883694846,0.217612883694846,CBCsimpleAsymRW,CBCdriftDiffusionLR,0.5,0.233884945502554,0.03209527443825979,NA,0.736941570138298,2.1916005678897,2.39719614031801,0.5,64.4396486048029,NA,v1,MR,NA,CBCsimpleAsymRW_CBCdriftDiffusionLR,147.8002453791971
CBC_P027,CBC_P027_TV_prob0.8_Vset3_Tset2_2023-04-05_14h14.43.405.csv,2,42,tac,1C,0.35,0,1.0249644000005,0,1,0,0.17777299121345,-0.82222700878655,CBCsimpleAsymRW,CBCdriftDiffusionLR,0.5,0.233884945502554,0.03209527443825979,NA,0.736941570138298,2.1916005678897,2.39719614031801,0.5,64.4396486048029,NA,v1,MR,NA,CBCsimpleAsymRW_CBCdriftDiffusionLR,147.8002453791971
CBC_P027,CBC_P027_AV_prob0.8_Vset4_Aset3_2023-04-05_14h07.04.127.csv,1,1,aud,0A,0.5,1,1.85698520000005,1,1,1,0.5,0.5,CBCsimpleRW,CBCdriftDiffusionLR,0.5,0.0124769253603815,NA,NA,0.922342123920069,11.3883978635108,2.34142465308001,0.5,76.412125173176,NA,v1,MR,NA,CBCsimpleRW_CBCdriftDiffusionLR,167.96100888202503
CBC_P027,CBC_P027_AV_prob0.8_Vset4_Aset3_2023-04-05_14h07.04.127.csv,1,2,aud,1C,0.35,1,2.24201249999987,1,0,0,0.5,-0.5,CBCsimpleRW,CBCdriftDiffusionLR,0.5,0.0124769253603815,NA,NA,0.922342123920069,11.3883978635108,2.34142465308001,0.5,76.412125173176,NA,v1,MR,NA,CBCsimpleRW_CBCdriftDiffusionLR,167.96100888202503
CBC_P027,CBC_P027_AV_prob0.8_Vset4_Aset3_2023-04-05_14h07.04.127.csv,1,3,aud,0B,0.35,1,1.27376430000004,0,1,1,0.5,0.5,CBCsimpleRW,CBCdriftDiffusionLR,0.5,0.0124769253603815,NA,NA,0.922342123920069,11.3883978635108,2.34142465308001,0.5,76.412125173176,NA,v1,MR,NA,CBCsimpleRW_CBCdriftDiffusionLR,167.96100888202503
CBC_P027,CBC_P027_AV_prob0.8_Vset4_Aset3_2023-04-05_14h07.04.127.csv,1,4,aud,2C,0.5,1,1.58595999999989,1,1,1,0.5,0.5,CBCsimpleRW,CBCdriftDiffusionLR,0.5,0.0124769253603815,NA,NA,0.922342123920069,11.3883978635108,2.34142465308001,0.5,76.412125173176,NA,v1,MR,NA,CBCsimpleRW_CBCdriftDiffusionLR,167.96100888202503
CBC_P027,CBC_P027_AV_prob0.8_Vset4_Aset3_2023-04-05_14h07.04.127.csv,1,5,aud,1B,0.5,1,2.93165580000004,0,0,0,0.5,-0.5,CBCsimpleRW,CBCdriftDiffusionLR,0.5,0.0124769253603815,NA,NA,0.922342123920069,11.3883978635108,2.34142465308001,0.5,76.412125173176,NA,v1,MR,NA,CBCsimpleRW_CBCdriftDiffusionLR,167.96100888202503
CBC_P027,CBC_P027_AV_prob0.8_Vset4_Aset3_2023-04-05_14h07.04.127.csv,1,6,aud,2A,0.35,0,2.27048099999956,1,0,1,0.5,0.5,CBCsimpleRW,CBCdriftDiffusionLR,0.5,0.0124769253603815,NA,NA,0.922342123920069,11.3883978635108,2.34142465308001,0.5,76.412125173176,NA,v1,MR,NA,CBCsimpleRW_CBCdriftDiffusionLR,167.96100888202503
CBC_P027,CBC_P027_AV_prob0.8_Vset4_Aset3_2023-04-05_14h07.04.127.csv,1,7,aud,0B,0.35,1,1.26119130000006,1,0,0,0.493761537319809,-0.493761537319809,CBCsimpleRW,CBCdriftDiffusionLR,0.5,0.0124769253603815,NA,NA,0.922342123920069,11.3883978635108,2.34142465308001,0.5,76.412125173176,NA,v1,MR,NA,CBCsimpleRW_CBCdriftDiffusionLR,167.96100888202503
CBC_P027,CBC_P027_AV_prob0.8_Vset4_Aset3_2023-04-05_14h07.04.127.csv,1,8,aud,2C,0.5,1,2.58745490000001,0,0,0,0.506238462680191,-0.493761537319809,CBCsimpleRW,CBCdriftDiffusionLR,0.5,0.0124769253603815,NA,NA,0.922342123920069,11.3883978635108,2.34142465308001,0.5,76.412125173176,NA,v1,MR,NA,CBCsimpleRW_CBCdriftDiffusionLR,167.96100888202503
CBC_P027,CBC_P027_AV_prob0.8_Vset4_Aset3_2023-04-05_14h07.04.127.csv,1,9,aud,0A,0.5,0,1.46832189999986,1,1,0,0.506238462680191,-0.506238462680191,CBCsimpleRW,CBCdriftDiffusionLR,0.5,0.0124769253603815,NA,NA,0.922342123920069,11.3883978635108,2.34142465308001,0.5,76.412125173176,NA,v1,MR,NA,CBCsimpleRW_CBCdriftDiffusionLR,167.96100888202503
CBC_P027,CBC_P027_AV_prob0.8_Vset4_Aset3_2023-04-05_14h07.04.127.csv,1,10,aud,1C,0.35,1,2.91491689999975,1,0,0,0.493761537319809,-0.493761537319809,CBCsimpleRW,CBCdriftDiffusionLR,0.5,0.0124769253603815,NA,NA,0.922342123920069,11.3883978635108,2.34142465308001,0.5,76.412125173176,NA,v1,MR,NA,CBCsimpleRW_CBCdriftDiffusionLR,167.96100888202503
CBC_P027,CBC_P027_AV_prob0.8_Vset4_Aset3_2023-04-05_14h07.04.127.csv,1,11,aud,0A,0.5,0,3.25655569999981,0,0,1,0.499922163166776,0.499922163166776,CBCsimpleRW,CBCdriftDiffusionLR,0.5,0.0124769253603815,NA,NA,0.922342123920069,11.3883978635108,2.34142465308001,0.5,76.412125173176,NA,v1,MR,NA,CBCsimpleRW_CBCdriftDiffusionLR,167.96100888202503
CBC_P027,CBC_P027_AV_prob0.8_Vset4_Aset3_2023-04-05_14h07.04.127.csv,1,12,aud,1B,0.5,1,2.64493839999977,1,1,1,0.506238462680191,0.493761537319809,CBCsimpleRW,CBCdriftDiffusionLR,0.5,0.0124769253603815,NA,NA,0.922342123920069,11.3883978635108,2.34142465308001,0.5,76.412125173176,NA,v1,MR,NA,CBCsimpleRW_CBCdriftDiffusionLR,167.96100888202503
CBC_P027,CBC_P027_AV_prob0.8_Vset4_Aset3_2023-04-05_14h07.04.127.csv,1,13,aud,0C,0.15,1,2.52561220000007,0,1,1,0.5,0.5,CBCsimpleRW,CBCdriftDiffusionLR,0.5,0.0124769253603815,NA,NA,0.922342123920069,11.3883978635108,2.34142465308001,0.5,76.412125173176,NA,v1,MR,NA,CBCsimpleRW_CBCdriftDiffusionLR,167.96100888202503
CBC_P027,CBC_P027_AV_prob0.8_Vset4_Aset3_2023-04-05_14h07.04.127.csv,1,14,aud,1A,0.15,1,1.89391979999982,1,0,0,0.5,-0.5,CBCsimpleRW,CBCdriftDiffusionLR,0.5,0.0124769253603815,NA,NA,0.922342123920069,11.3883978635108,2.34142465308001,0.5,76.412125173176,NA,v1,MR,NA,CBCsimpleRW_CBCdriftDiffusionLR,167.96100888202503
CBC_P027,CBC_P027_AV_prob0.8_Vset4_Aset3_2023-04-05_14h07.04.127.csv,1,15,aud,0B,0.35,1,3.7155015999997,1,0,0,0.487600911472843,-0.487600911472843,CBCsimpleRW,CBCdriftDiffusionLR,0.5,0.0124769253603815,NA,NA,0.922342123920069,11.3883978635108,2.34142465308001,0.5,76.412125173176,NA,v1,MR,NA,CBCsimpleRW_CBCdriftDiffusionLR,167.96100888202503
CBC_P027,CBC_P027_AV_prob0.8_Vset4_Aset3_2023-04-05_14h07.04.127.csv,1,16,aud,1A,0.15,1,4.68229070000007,1,0,0,0.493761537319809,-0.493761537319809,CBCsimpleRW,CBCdriftDiffusionLR,0.5,0.0124769253603815,NA,NA,0.922342123920069,11.3883978635108,2.34142465308001,0.5,76.412125173176,NA,v1,MR,NA,CBCsimpleRW_CBCdriftDiffusionLR,167.96100888202503
CBC_P027,CBC_P027_AV_prob0.8_Vset4_Aset3_2023-04-05_14h07.04.127.csv,1,17,aud,2C,0.5,0,3.5296371999998,1,1,0,0.512399088527157,-0.512399088527157,CBCsimpleRW,CBCdriftDiffusionLR,0.5,0.0124769253603815,NA,NA,0.922342123920069,11.3883978635108,2.34142465308001,0.5,76.412125173176,NA,v1,MR,NA,CBCsimpleRW_CBCdriftDiffusionLR,167.96100888202503
CBC_P027,CBC_P027_AV_prob0.8_Vset4_Aset3_2023-04-05_14h07.04.127.csv,1,18,aud,0A,0.5,1,2.37319439999965,0,0,0,0.493684671650943,-0.506315328349056,CBCsimpleRW,CBCdriftDiffusionLR,0.5,0.0124769253603815,NA,NA,0.922342123920069,11.3883978635108,2.34142465308001,0.5,76.412125173176,NA,v1,MR,NA,CBCsimpleRW_CBCdriftDiffusionLR,167.96100888202503
CBC_P027,CBC_P027_AV_prob0.8_Vset4_Aset3_2023-04-05_14h07.04.127.csv,1,19,aud,2C,0.5,1,2.41760220000015,0,0,0,0.506005923344876,-0.493994076655124,CBCsimpleRW,CBCdriftDiffusionLR,0.5,0.0124769253603815,NA,NA,0.922342123920069,11.3883978635108,2.34142465308001,0.5,76.412125173176,NA,v1,MR,NA,CBCsimpleRW_CBCdriftDiffusionLR,167.96100888202503
CBC_P027,CBC_P027_AV_prob0.8_Vset4_Aset3_2023-04-05_14h07.04.127.csv,1,20,aud,1B,0.5,1,NA,NA,NA,NA,0.512399088527157,0,CBCsimpleRW,CBCdriftDiffusionLR,0.5,0.0124769253603815,NA,NA,0.922342123920069,11.3883978635108,2.34142465308001,0.5,76.412125173176,NA,v1,MR,NA,CBCsimpleRW_CBCdriftDiffusionLR,167.96100888202503
CBC_P027,CBC_P027_AV_prob0.8_Vset4_Aset3_2023-04-05_14h07.04.127.csv,1,21,aud,2A,0.35,1,2.9384127999997,1,0,0,0.506238462680191,-0.506238462680191,CBCsimpleRW,CBCdriftDiffusionLR,0.5,0.0124769253603815,NA,NA,0.922342123920069,11.3883978635108,2.34142465308001,0.5,76.412125173176,NA,v1,MR,NA,CBCsimpleRW_CBCdriftDiffusionLR,167.96100888202503
CBC_P027,CBC_P027_AV_prob0.8_Vset4_Aset3_2023-04-05_14h07.04.127.csv,1,22,aud,0B,0.35,1,3.74035359999971,1,0,0,0.481517151294742,-0.481517151294742,CBCsimpleRW,CBCdriftDiffusionLR,0.5,0.0124769253603815,NA,NA,0.922342123920069,11.3883978635108,2.34142465308001,0.5,76.412125173176,NA,v1,MR,NA,CBCsimpleRW_CBCdriftDiffusionLR,167.96100888202503
CBC_P027,CBC_P027_AV_prob0.8_Vset4_Aset3_2023-04-05_14h07.04.127.csv,1,23,aud,2C,0.5,1,2.58583110000018,1,1,1,0.512169450567773,0.487830549432227,CBCsimpleRW,CBCdriftDiffusionLR,0.5,0.0124769253603815,NA,NA,0.922342123920069,11.3883978635108,2.34142465308001,0.5,76.412125173176,NA,v1,MR,NA,CBCsimpleRW_CBCdriftDiffusionLR,167.96100888202503
CBC_P027,CBC_P027_AV_prob0.8_Vset4_Aset3_2023-04-05_14h07.04.127.csv,1,24,aud,1B,0.5,0,2.54602679999971,0,0,1,0.512399088527157,0.512399088527157,CBCsimpleRW,CBCdriftDiffusionLR,0.5,0.0124769253603815,NA,NA,0.922342123920069,11.3883978635108,2.34142465308001,0.5,76.412125173176,NA,v1,MR,NA,CBCsimpleRW_CBCdriftDiffusionLR,167.96100888202503
CBC_P027,CBC_P027_AV_prob0.8_Vset4_Aset3_2023-04-05_14h07.04.127.csv,1,25,aud,0A,0.5,1,1.83163729999978,0,0,0,0.500001930211572,-0.499998069788428,CBCsimpleRW,CBCdriftDiffusionLR,0.5,0.0124769253603815,NA,NA,0.922342123920069,11.3883978635108,2.34142465308001,0.5,76.412125173176,NA,v1,MR,NA,CBCsimpleRW_CBCdriftDiffusionLR,167.96100888202503
CBC_P027,CBC_P027_AV_prob0.8_Vset4_Aset3_2023-04-05_14h07.04.127.csv,1,26,aud,1C,0.35,0,2.15511389999983,1,0,1,0.487600911472843,0.512399088527157,CBCsimpleRW,CBCdriftDiffusionLR,0.5,0.0124769253603815,NA,NA,0.922342123920069,11.3883978635108,2.34142465308001,0.5,76.412125173176,NA,v1,MR,NA,CBCsimpleRW_CBCdriftDiffusionLR,167.96100888202503
CBC_P027,CBC_P027_AV_prob0.8_Vset4_Aset3_2023-04-05_14h07.04.127.csv,1,27,aud,2B,0.15,1,2.20210559999941,0,1,1,0.5,0.5,CBCsimpleRW,CBCdriftDiffusionLR,0.5,0.0124769253603815,NA,NA,0.922342123920069,11.3883978635108,2.34142465308001,0.5,76.412125173176,NA,v1,MR,NA,CBCsimpleRW_CBCdriftDiffusionLR,167.96100888202503
CBC_P027,CBC_P027_AV_prob0.8_Vset4_Aset3_2023-04-05_14h07.04.127.csv,1,28,aud,1C,0.35,1,3.72049949999973,0,1,1,0.493994076655124,0.493994076655124,CBCsimpleRW,CBCdriftDiffusionLR,0.5,0.0124769253603815,NA,NA,0.922342123920069,11.3883978635108,2.34142465308001,0.5,76.412125173176,NA,v1,MR,NA,CBCsimpleRW_CBCdriftDiffusionLR,167.96100888202503
CBC_P027,CBC_P027_AV_prob0.8_Vset4_Aset3_2023-04-05_14h07.04.127.csv,1,29,aud,0B,0.35,1,1.60362599999962,0,1,1,0.475509297738294,0.475509297738294,CBCsimpleRW,CBCdriftDiffusionLR,0.5,0.0124769253603815,NA,NA,0.922342123920069,11.3883978635108,2.34142465308001,0.5,76.412125173176,NA,v1,MR,NA,CBCsimpleRW_CBCdriftDiffusionLR,167.96100888202503
CBC_P027,CBC_P027_AV_prob0.8_Vset4_Aset3_2023-04-05_14h07.04.127.csv,1,30,aud,2C,0.5,1,1.57949289999988,1,1,1,0.518256075921553,0.481743924078447,CBCsimpleRW,CBCdriftDiffusionLR,0.5,0.0124769253603815,NA,NA,0.922342123920069,11.3883978635108,2.34142465308001,0.5,76.412125173176,NA,v1,MR,NA,CBCsimpleRW_CBCdriftDiffusionLR,167.96100888202503
CBC_P027,CBC_P027_AV_prob0.8_Vset4_Aset3_2023-04-05_14h07.04.127.csv,1,31,aud,0A,0.5,1,1.15869739999971,1,1,1,0.506240368808657,0.493759631191343,CBCsimpleRW,CBCdriftDiffusionLR,0.5,0.0124769253603815,NA,NA,0.922342123920069,11.3883978635108,2.34142465308001,0.5,76.412125173176,NA,v1,MR,NA,CBCsimpleRW_CBCdriftDiffusionLR,167.96100888202503
CBC_P027,CBC_P027_AV_prob0.8_Vset4_Aset3_2023-04-05_14h07.04.127.csv,1,32,aud,2B,0.15,1,1.24364209999976,0,1,1,0.493761537319809,0.493761537319809,CBCsimpleRW,CBCdriftDiffusionLR,0.5,0.0124769253603815,NA,NA,0.922342123920069,11.3883978635108,2.34142465308001,0.5,76.412125173176,NA,v1,MR,NA,CBCsimpleRW_CBCdriftDiffusionLR,167.96100888202503
CBC_P027,CBC_P027_AV_prob0.8_Vset4_Aset3_2023-04-05_14h07.04.127.csv,1,33,aud,1C,0.35,1,1.65568419999954,0,1,1,0.487830549432227,0.487830549432227,CBCsimpleRW,CBCdriftDiffusionLR,0.5,0.0124769253603815,NA,NA,0.922342123920069,11.3883978635108,2.34142465308001,0.5,76.412125173176,NA,v1,MR,NA,CBCsimpleRW_CBCdriftDiffusionLR,167.96100888202503
CBC_P027,CBC_P027_AV_prob0.8_Vset4_Aset3_2023-04-05_14h07.04.127.csv,1,34,aud,2A,0.35,1,1.4301402000001,0,1,1,0.499922163166776,0.499922163166776,CBCsimpleRW,CBCdriftDiffusionLR,0.5,0.0124769253603815,NA,NA,0.922342123920069,11.3883978635108,2.34142465308001,0.5,76.412125173176,NA,v1,MR,NA,CBCsimpleRW_CBCdriftDiffusionLR,167.96100888202503
CBC_P027,CBC_P027_AV_prob0.8_Vset4_Aset3_2023-04-05_14h07.04.127.csv,1,35,aud,1B,0.5,1,2.47199669999964,1,1,1,0.506005923344876,0.493994076655124,CBCsimpleRW,CBCdriftDiffusionLR,0.5,0.0124769253603815,NA,NA,0.922342123920069,11.3883978635108,2.34142465308001,0.5,76.412125173176,NA,v1,MR,NA,CBCsimpleRW_CBCdriftDiffusionLR,167.96100888202503
CBC_P027,CBC_P027_AV_prob0.8_Vset4_Aset3_2023-04-05_14h07.04.127.csv,1,36,aud,0C,0.15,1,2.77913889999991,0,1,1,0.493761537319809,0.493761537319809,CBCsimpleRW,CBCdriftDiffusionLR,0.5,0.0124769253603815,NA,NA,0.922342123920069,11.3883978635108,2.34142465308001,0.5,76.412125173176,NA,v1,MR,NA,CBCsimpleRW_CBCdriftDiffusionLR,167.96100888202503
CBC_P027,CBC_P027_AV_prob0.8_Vset4_Aset3_2023-04-05_14h07.04.127.csv,1,37,aud,1B,0.5,1,2.83061100000032,1,1,1,0.512169450567773,0.487830549432227,CBCsimpleRW,CBCdriftDiffusionLR,0.5,0.0124769253603815,NA,NA,0.922342123920069,11.3883978635108,2.34142465308001,0.5,76.412125173176,NA,v1,MR,NA,CBCsimpleRW_CBCdriftDiffusionLR,167.96100888202503
CBC_P027,CBC_P027_AV_prob0.8_Vset4_Aset3_2023-04-05_14h07.04.127.csv,1,38,aud,2A,0.35,1,1.83374649999951,0,1,1,0.493684671650943,0.493684671650944,CBCsimpleRW,CBCdriftDiffusionLR,0.5,0.0124769253603815,NA,NA,0.922342123920069,11.3883978635108,2.34142465308001,0.5,76.412125173176,NA,v1,MR,NA,CBCsimpleRW_CBCdriftDiffusionLR,167.96100888202503
CBC_P027,CBC_P027_AV_prob0.8_Vset4_Aset3_2023-04-05_14h07.04.127.csv,1,39,aud,1C,0.35,0,1.1124221,0,1,0,0.481743924078447,-0.518256075921553,CBCsimpleRW,CBCdriftDiffusionLR,0.5,0.0124769253603815,NA,NA,0.922342123920069,11.3883978635108,2.34142465308001,0.5,76.412125173176,NA,v1,MR,NA,CBCsimpleRW_CBCdriftDiffusionLR,167.96100888202503
CBC_P027,CBC_P027_AV_prob0.8_Vset4_Aset3_2023-04-05_14h07.04.127.csv,1,40,aud,0A,0.5,0,1.1767033999995,1,1,0,0.512400970873001,-0.512400970873001,CBCsimpleRW,CBCdriftDiffusionLR,0.5,0.0124769253603815,NA,NA,0.922342123920069,11.3883978635108,2.34142465308001,0.5,76.412125173176,NA,v1,MR,NA,CBCsimpleRW_CBCdriftDiffusionLR,167.96100888202503
CBC_P027,CBC_P027_AV_prob0.8_Vset4_Aset3_2023-04-05_14h07.04.127.csv,1,41,aud,1B,0.5,0,2.94209289999981,0,0,1,0.518256075921553,0.518256075921553,CBCsimpleRW,CBCdriftDiffusionLR,0.5,0.0124769253603815,NA,NA,0.922342123920069,11.3883978635108,2.34142465308001,0.5,76.412125173176,NA,v1,MR,NA,CBCsimpleRW_CBCdriftDiffusionLR,167.96100888202503
CBC_P027,CBC_P027_AV_prob0.8_Vset4_Aset3_2023-04-05_14h07.04.127.csv,1,42,aud,2C,0.5,0,1.1729696000002101,1,1,0,0.524266758905097,-0.524266758905097,CBCsimpleRW,CBCdriftDiffusionLR,0.5,0.0124769253603815,NA,NA,0.922342123920069,11.3883978635108,2.34142465308001,0.5,76.412125173176,NA,v1,MR,NA,CBCsimpleRW_CBCdriftDiffusionLR,167.96100888202503
CBC_P029,CBC_P029_TV_prob0.8_Vset3_Tset2_2023-04-05_17h44.17.440.csv,2,1,tac,2C,0.5,1,1.627754000001,1,1,1,0.5,0.5,CBC2StepRW,CBCdriftDiffusionLR,0.5,0.187166674843468,NA,0.0564790187357115,0.794639020411939,3.14281395854731,2.19570888307244,0.5,46.3551488997703,NA,v1,MR,NA,CBC2StepRW_CBCdriftDiffusionLR,111.6312459691319
CBC_P029,CBC_P029_TV_prob0.8_Vset3_Tset2_2023-04-05_17h44.17.440.csv,2,2,tac,1B,0.5,1,1.90047880000202,0,0,0,0.5,-0.5,CBC2StepRW,CBCdriftDiffusionLR,0.5,0.187166674843468,NA,0.0564790187357115,0.794639020411939,3.14281395854731,2.19570888307244,0.5,46.3551488997703,NA,v1,MR,NA,CBC2StepRW_CBCdriftDiffusionLR,111.6312459691319
CBC_P029,CBC_P029_TV_prob0.8_Vset3_Tset2_2023-04-05_17h44.17.440.csv,2,3,tac,0C,0.15,1,2.59155330000067,1,0,0,0.471760490632144,-0.471760490632144,CBC2StepRW,CBCdriftDiffusionLR,0.5,0.187166674843468,NA,0.0564790187357115,0.794639020411939,3.14281395854731,2.19570888307244,0.5,46.3551488997703,NA,v1,MR,NA,CBC2StepRW_CBCdriftDiffusionLR,111.6312459691319
CBC_P029,CBC_P029_TV_prob0.8_Vset3_Tset2_2023-04-05_17h44.17.440.csv,2,4,tac,2A,0.35,0,2.26755140000023,1,0,1,0.471760490632144,0.528239509367856,CBC2StepRW,CBCdriftDiffusionLR,0.5,0.187166674843468,NA,0.0564790187357115,0.794639020411939,3.14281395854731,2.19570888307244,0.5,46.3551488997703,NA,v1,MR,NA,CBC2StepRW_CBCdriftDiffusionLR,111.6312459691319
CBC_P029,CBC_P029_TV_prob0.8_Vset3_Tset2_2023-04-05_17h44.17.440.csv,2,5,tac,1C,0.35,0,1.48060840000107,0,1,0,0.471760490632144,-0.528239509367856,CBC2StepRW,CBCdriftDiffusionLR,0.5,0.187166674843468,NA,0.0564790187357115,0.794639020411939,3.14281395854731,2.19570888307244,0.5,46.3551488997703,NA,v1,MR,NA,CBC2StepRW_CBCdriftDiffusionLR,111.6312459691319
CBC_P029,CBC_P029_TV_prob0.8_Vset3_Tset2_2023-04-05_17h44.17.440.csv,2,6,tac,2A,0.35,1,2.62750649999725,1,0,0,0.570629323121471,-0.570629323121471,CBC2StepRW,CBCdriftDiffusionLR,0.5,0.187166674843468,NA,0.0564790187357115,0.794639020411939,3.14281395854731,2.19570888307244,0.5,46.3551488997703,NA,v1,MR,NA,CBC2StepRW_CBCdriftDiffusionLR,111.6312459691319
CBC_P029,CBC_P029_TV_prob0.8_Vset3_Tset2_2023-04-05_17h44.17.440.csv,2,7,tac,1B,0.5,1,2.14605660000234,1,1,1,0.593583337421734,0.406416662578266,CBC2StepRW,CBCdriftDiffusionLR,0.5,0.187166674843468,NA,0.0564790187357115,0.794639020411939,3.14281395854731,2.19570888307244,0.5,46.3551488997703,NA,v1,MR,NA,CBC2StepRW_CBCdriftDiffusionLR,111.6312459691319
CBC_P029,CBC_P029_TV_prob0.8_Vset3_Tset2_2023-04-05_17h44.17.440.csv,2,8,tac,0A,0.5,1,2.28836749999755,0,0,0,0.471760490632144,-0.528239509367856,CBC2StepRW,CBCdriftDiffusionLR,0.5,0.187166674843468,NA,0.0564790187357115,0.794639020411939,3.14281395854731,2.19570888307244,0.5,46.3551488997703,NA,v1,MR,NA,CBC2StepRW_CBCdriftDiffusionLR,111.6312459691319
CBC_P029,CBC_P029_TV_prob0.8_Vset3_Tset2_2023-04-05_17h44.17.440.csv,2,9,tac,1B,0.5,1,2.0503991000005,1,1,1,0.669650992757488,0.330349007242512,CBC2StepRW,CBCdriftDiffusionLR,0.5,0.187166674843468,NA,0.0564790187357115,0.794639020411939,3.14281395854731,2.19570888307244,0.5,46.3551488997703,NA,v1,MR,NA,CBC2StepRW_CBCdriftDiffusionLR,111.6312459691319
CBC_P029,CBC_P029_TV_prob0.8_Vset3_Tset2_2023-04-05_17h44.17.440.csv,2,10,tac,2C,0.5,1,1.24156500000026,0,0,0,0.560058332986286,-0.439941667013714,CBC2StepRW,CBCdriftDiffusionLR,0.5,0.187166674843468,NA,0.0564790187357115,0.794639020411939,3.14281395854731,2.19570888307244,0.5,46.3551488997703,NA,v1,MR,NA,CBC2StepRW_CBCdriftDiffusionLR,111.6312459691319
CBC_P029,CBC_P029_TV_prob0.8_Vset3_Tset2_2023-04-05_17h44.17.440.csv,2,11,tac,0B,0.35,0,2.43470869999874,0,1,0,0.445115921042963,-0.554884078957037,CBC2StepRW,CBCdriftDiffusionLR,0.5,0.187166674843468,NA,0.0564790187357115,0.794639020411939,3.14281395854731,2.19570888307244,0.5,46.3551488997703,NA,v1,MR,NA,CBC2StepRW_CBCdriftDiffusionLR,111.6312459691319
CBC_P029,CBC_P029_TV_prob0.8_Vset3_Tset2_2023-04-05_17h44.17.440.csv,2,12,tac,1C,0.35,1,2.14556210000228,1,0,0,0.507992393470672,-0.507992393470672,CBC2StepRW,CBCdriftDiffusionLR,0.5,0.187166674843468,NA,0.0564790187357115,0.794639020411939,3.14281395854731,2.19570888307244,0.5,46.3551488997703,NA,v1,MR,NA,CBC2StepRW_CBCdriftDiffusionLR,111.6312459691319
CBC_P029,CBC_P029_TV_prob0.8_Vset3_Tset2_2023-04-05_17h44.17.440.csv,2,13,tac,0A,0.5,1,2.03826810000101,1,1,1,0.570629323121471,0.429370676878529,CBC2StepRW,CBCdriftDiffusionLR,0.5,0.187166674843468,NA,0.0564790187357115,0.794639020411939,3.14281395854731,2.19570888307244,0.5,46.3551488997703,NA,v1,MR,NA,CBC2StepRW_CBCdriftDiffusionLR,111.6312459691319
CBC_P029,CBC_P029_TV_prob0.8_Vset3_Tset2_2023-04-05_17h44.17.440.csv,2,14,tac,2B,0.15,1,2.15815070000099,1,0,0,0.39625636633185,-0.39625636633185,CBC2StepRW,CBCdriftDiffusionLR,0.5,0.187166674843468,NA,0.0564790187357115,0.794639020411939,3.14281395854731,2.19570888307244,0.5,46.3551488997703,NA,v1,MR,NA,CBC2StepRW_CBCdriftDiffusionLR,111.6312459691319
CBC_P029,CBC_P029_TV_prob0.8_Vset3_Tset2_2023-04-05_17h44.17.440.csv,2,15,tac,1A,0.15,1,1.78012020000097,0,1,1,0.39625636633185,0.39625636633185,CBC2StepRW,CBCdriftDiffusionLR,0.5,0.187166674843468,NA,0.0564790187357115,0.794639020411939,3.14281395854731,2.19570888307244,0.5,46.3551488997703,NA,v1,MR,NA,CBC2StepRW_CBCdriftDiffusionLR,111.6312459691319
CBC_P029,CBC_P029_TV_prob0.8_Vset3_Tset2_2023-04-05_17h44.17.440.csv,2,16,tac,0C,0.15,1,1.56795520000014,1,0,0,0.361805054181464,-0.361805054181464,CBC2StepRW,CBCdriftDiffusionLR,0.5,0.187166674843468,NA,0.0564790187357115,0.794639020411939,3.14281395854731,2.19570888307244,0.5,46.3551488997703,NA,v1,MR,NA,CBC2StepRW_CBCdriftDiffusionLR,111.6312459691319
CBC_P029,CBC_P029_TV_prob0.8_Vset3_Tset2_2023-04-05_17h44.17.440.csv,2,17,tac,1B,0.5,1,1.35540820000097,0,0,0,0.731481317980909,-0.268518682019091,CBC2StepRW,CBCdriftDiffusionLR,0.5,0.187166674843468,NA,0.0564790187357115,0.794639020411939,3.14281395854731,2.19570888307244,0.5,46.3551488997703,NA,v1,MR,NA,CBC2StepRW_CBCdriftDiffusionLR,111.6312459691319
CBC_P029,CBC_P029_TV_prob0.8_Vset3_Tset2_2023-04-05_17h44.17.440.csv,2,18,tac,2C,0.5,0,1.38244670000131,0,0,1,0.642400751926335,0.642400751926335,CBC2StepRW,CBCdriftDiffusionLR,0.5,0.187166674843468,NA,0.0564790187357115,0.794639020411939,3.14281395854731,2.19570888307244,0.5,46.3551488997703,NA,v1,MR,NA,CBC2StepRW_CBCdriftDiffusionLR,111.6312459691319
CBC_P029,CBC_P029_TV_prob0.8_Vset3_Tset2_2023-04-05_17h44.17.440.csv,2,19,tac,0B,0.35,1,1.91967980000118,1,0,0,0.517966344455957,-0.517966344455957,CBC2StepRW,CBCdriftDiffusionLR,0.5,0.187166674843468,NA,0.0564790187357115,0.794639020411939,3.14281395854731,2.19570888307244,0.5,46.3551488997703,NA,v1,MR,NA,CBC2StepRW_CBCdriftDiffusionLR,111.6312459691319
CBC_P029,CBC_P029_TV_prob0.8_Vset3_Tset2_2023-04-05_17h44.17.440.csv,2,20,tac,1C,0.35,1,1.17862759999844,0,1,1,0.412913146338992,0.412913146338992,CBC2StepRW,CBCdriftDiffusionLR,0.5,0.187166674843468,NA,0.0564790187357115,0.794639020411939,3.14281395854731,2.19570888307244,0.5,46.3551488997703,NA,v1,MR,NA,CBC2StepRW_CBCdriftDiffusionLR,111.6312459691319
CBC_P029,CBC_P029_TV_prob0.8_Vset3_Tset2_2023-04-05_17h44.17.440.csv,2,21,tac,0A,0.5,1,1.76466390000132,1,1,1,0.650993204988114,0.349006795011886,CBC2StepRW,CBCdriftDiffusionLR,0.5,0.187166674843468,NA,0.0564790187357115,0.794639020411939,3.14281395854731,2.19570888307244,0.5,46.3551488997703,NA,v1,MR,NA,CBC2StepRW_CBCdriftDiffusionLR,111.6312459691319
CBC_P029,CBC_P029_TV_prob0.8_Vset3_Tset2_2023-04-05_17h44.17.440.csv,2,22,tac,1C,0.35,1,1.49065419999897,0,1,1,0.335629565739568,0.335629565739568,CBC2StepRW,CBCdriftDiffusionLR,0.5,0.187166674843468,NA,0.0564790187357115,0.794639020411939,3.14281395854731,2.19570888307244,0.5,46.3551488997703,NA,v1,MR,NA,CBC2StepRW_CBCdriftDiffusionLR,111.6312459691319
CBC_P029,CBC_P029_TV_prob0.8_Vset3_Tset2_2023-04-05_17h44.17.440.csv,2,23,tac,0A,0.5,1,1.38276880000194,1,1,1,0.716315646308264,0.283684353691736,CBC2StepRW,CBCdriftDiffusionLR,0.5,0.187166674843468,NA,0.0564790187357115,0.794639020411939,3.14281395854731,2.19570888307244,0.5,46.3551488997703,NA,v1,MR,NA,CBC2StepRW_CBCdriftDiffusionLR,111.6312459691319
CBC_P029,CBC_P029_TV_prob0.8_Vset3_Tset2_2023-04-05_17h44.17.440.csv,2,24,tac,2C,0.5,1,1.3821409000011,1,1,1,0.522164739271339,0.477835260728661,CBC2StepRW,CBCdriftDiffusionLR,0.5,0.187166674843468,NA,0.0564790187357115,0.794639020411939,3.14281395854731,2.19570888307244,0.5,46.3551488997703,NA,v1,MR,NA,CBC2StepRW_CBCdriftDiffusionLR,111.6312459691319
CBC_P029,CBC_P029_TV_prob0.8_Vset3_Tset2_2023-04-05_17h44.17.440.csv,2,25,tac,0B,0.35,0,1.38860170000044,0,1,0,0.374805682640125,-0.625194317359876,CBC2StepRW,CBCdriftDiffusionLR,0.5,0.187166674843468,NA,0.0564790187357115,0.794639020411939,3.14281395854731,2.19570888307244,0.5,46.3551488997703,NA,v1,MR,NA,CBC2StepRW_CBCdriftDiffusionLR,111.6312459691319
CBC_P029,CBC_P029_TV_prob0.8_Vset3_Tset2_2023-04-05_17h44.17.440.csv,2,26,tac,2A,0.35,0,2.02605409999887,0,1,0,0.367588430886856,-0.632411569113144,CBC2StepRW,CBCdriftDiffusionLR,0.5,0.187166674843468,NA,0.0564790187357115,0.794639020411939,3.14281395854731,2.19570888307244,0.5,46.3551488997703,NA,v1,MR,NA,CBC2StepRW_CBCdriftDiffusionLR,111.6312459691319
CBC_P029,CBC_P029_TV_prob0.8_Vset3_Tset2_2023-04-05_17h44.17.440.csv,2,27,tac,1B,0.5,1,1.82841030000054,1,1,1,0.781739066827773,0.218260933172227,CBC2StepRW,CBCdriftDiffusionLR,0.5,0.187166674843468,NA,0.0564790187357115,0.794639020411939,3.14281395854731,2.19570888307244,0.5,46.3551488997703,NA,v1,MR,NA,CBC2StepRW_CBCdriftDiffusionLR,111.6312459691319
CBC_P029,CBC_P029_TV_prob0.8_Vset3_Tset2_2023-04-05_17h44.17.440.csv,2,28,tac,0A,0.5,1,0.924125300003652,1,1,1,0.769411903493865,0.230588096506135,CBC2StepRW,CBCdriftDiffusionLR,0.5,0.187166674843468,NA,0.0564790187357115,0.794639020411939,3.14281395854731,2.19570888307244,0.5,46.3551488997703,NA,v1,MR,NA,CBC2StepRW_CBCdriftDiffusionLR,111.6312459691319
CBC_P029,CBC_P029_TV_prob0.8_Vset3_Tset2_2023-04-05_17h44.17.440.csv,2,29,tac,2C,0.5,1,1.38553949999914,1,1,1,0.611599576144884,0.388400423855116,CBC2StepRW,CBCdriftDiffusionLR,0.5,0.187166674843468,NA,0.0564790187357115,0.794639020411939,3.14281395854731,2.19570888307244,0.5,46.3551488997703,NA,v1,MR,NA,CBC2StepRW_CBCdriftDiffusionLR,111.6312459691319
CBC_P029,CBC_P029_TV_prob0.8_Vset3_Tset2_2023-04-05_17h44.17.440.csv,2,30,tac,1A,0.15,1,1.65439379999953,0,1,1,0.255260727107509,0.255260727107509,CBC2StepRW,CBCdriftDiffusionLR,0.5,0.187166674843468,NA,0.0564790187357115,0.794639020411939,3.14281395854731,2.19570888307244,0.5,46.3551488997703,NA,v1,MR,NA,CBC2StepRW_CBCdriftDiffusionLR,111.6312459691319
CBC_P029,CBC_P029_TV_prob0.8_Vset3_Tset2_2023-04-05_17h44.17.440.csv,2,31,tac,2C,0.5,1,1.15099610000107,1,1,1,0.68429519198564,0.31570480801436,CBC2StepRW,CBCdriftDiffusionLR,0.5,0.187166674843468,NA,0.0564790187357115,0.794639020411939,3.14281395854731,2.19570888307244,0.5,46.3551488997703,NA,v1,MR,NA,CBC2StepRW_CBCdriftDiffusionLR,111.6312459691319
CBC_P029,CBC_P029_TV_prob0.8_Vset3_Tset2_2023-04-05_17h44.17.440.csv,2,32,tac,1B,0.5,0,1.2360507999983401,1,1,0,0.822590239937851,-0.822590239937851,CBC2StepRW,CBCdriftDiffusionLR,0.5,0.187166674843468,NA,0.0564790187357115,0.794639020411939,3.14281395854731,2.19570888307244,0.5,46.3551488997703,NA,v1,MR,NA,CBC2StepRW_CBCdriftDiffusionLR,111.6312459691319
CBC_P029,CBC_P029_TV_prob0.8_Vset3_Tset2_2023-04-05_17h44.17.440.csv,2,33,tac,0A,0.5,1,1.02615030000015,1,1,1,0.812570310775403,0.187429689224597,CBC2StepRW,CBCdriftDiffusionLR,0.5,0.187166674843468,NA,0.0564790187357115,0.794639020411939,3.14281395854731,2.19570888307244,0.5,46.3551488997703,NA,v1,MR,NA,CBC2StepRW_CBCdriftDiffusionLR,111.6312459691319
CBC_P029,CBC_P029_TV_prob0.8_Vset3_Tset2_2023-04-05_17h44.17.440.csv,2,34,tac,1C,0.35,0,1.32112079999933,0,1,0,0.216206108642584,-0.783793891357416,CBC2StepRW,CBCdriftDiffusionLR,0.5,0.187166674843468,NA,0.0564790187357115,0.794639020411939,3.14281395854731,2.19570888307244,0.5,46.3551488997703,NA,v1,MR,NA,CBC2StepRW_CBCdriftDiffusionLR,111.6312459691319
CBC_P029,CBC_P029_TV_prob0.8_Vset3_Tset2_2023-04-05_17h44.17.440.csv,2,35,tac,2A,0.35,1,1.21597099999781,0,1,1,0.385125367616725,0.385125367616725,CBC2StepRW,CBCdriftDiffusionLR,0.5,0.187166674843468,NA,0.0564790187357115,0.794639020411939,3.14281395854731,2.19570888307244,0.5,46.3551488997703,NA,v1,MR,NA,CBC2StepRW_CBCdriftDiffusionLR,111.6312459691319
CBC_P029,CBC_P029_TV_prob0.8_Vset3_Tset2_2023-04-05_17h44.17.440.csv,2,36,tac,0B,0.35,1,2.1684656000034,0,1,1,0.413106428022353,0.413106428022353,CBC2StepRW,CBCdriftDiffusionLR,0.5,0.187166674843468,NA,0.0564790187357115,0.794639020411939,3.14281395854731,2.19570888307244,0.5,46.3551488997703,NA,v1,MR,NA,CBC2StepRW_CBCdriftDiffusionLR,111.6312459691319
CBC_P029,CBC_P029_TV_prob0.8_Vset3_Tset2_2023-04-05_17h44.17.440.csv,2,37,tac,2C,0.5,1,0.939497400002438,1,1,1,0.743384611133783,0.256615388866217,CBC2StepRW,CBCdriftDiffusionLR,0.5,0.187166674843468,NA,0.0564790187357115,0.794639020411939,3.14281395854731,2.19570888307244,0.5,46.3551488997703,NA,v1,MR,NA,CBC2StepRW_CBCdriftDiffusionLR,111.6312459691319
CBC_P029,CBC_P029_TV_prob0.8_Vset3_Tset2_2023-04-05_17h44.17.440.csv,2,38,tac,0B,0.35,1,2.0483329000017,0,1,1,0.335786671532947,0.335786671532947,CBC2StepRW,CBCdriftDiffusionLR,0.5,0.187166674843468,NA,0.0564790187357115,0.794639020411939,3.14281395854731,2.19570888307244,0.5,46.3551488997703,NA,v1,MR,NA,CBC2StepRW_CBCdriftDiffusionLR,111.6312459691319
CBC_P029,CBC_P029_TV_prob0.8_Vset3_Tset2_2023-04-05_17h44.17.440.csv,2,39,tac,1C,0.35,1,1.09232220000195,0,1,1,0.342409618696216,0.342409618696216,CBC2StepRW,CBCdriftDiffusionLR,0.5,0.187166674843468,NA,0.0564790187357115,0.794639020411939,3.14281395854731,2.19570888307244,0.5,46.3551488997703,NA,v1,MR,NA,CBC2StepRW_CBCdriftDiffusionLR,111.6312459691319
CBC_P029,CBC_P029_TV_prob0.8_Vset3_Tset2_2023-04-05_17h44.17.440.csv,2,40,tac,2B,0.15,1,1.36807279999994,0,1,1,0.240843851718712,0.240843851718712,CBC2StepRW,CBCdriftDiffusionLR,0.5,0.187166674843468,NA,0.0564790187357115,0.794639020411939,3.14281395854731,2.19570888307244,0.5,46.3551488997703,NA,v1,MR,NA,CBC2StepRW_CBCdriftDiffusionLR,111.6312459691319
CBC_P029,CBC_P029_TV_prob0.8_Vset3_Tset2_2023-04-05_17h44.17.440.csv,2,41,tac,0A,0.5,0,1.63646789999984,1,1,0,0.847650902474515,-0.847650902474515,CBC2StepRW,CBCdriftDiffusionLR,0.5,0.187166674843468,NA,0.0564790187357115,0.794639020411939,3.14281395854731,2.19570888307244,0.5,46.3551488997703,NA,v1,MR,NA,CBC2StepRW_CBCdriftDiffusionLR,111.6312459691319
CBC_P029,CBC_P029_TV_prob0.8_Vset3_Tset2_2023-04-05_17h44.17.440.csv,2,42,tac,1B,0.5,1,2.03066890000264,1,1,1,0.668628759969993,0.331371240030007,CBC2StepRW,CBCdriftDiffusionLR,0.5,0.187166674843468,NA,0.0564790187357115,0.794639020411939,3.14281395854731,2.19570888307244,0.5,46.3551488997703,NA,v1,MR,NA,CBC2StepRW_CBCdriftDiffusionLR,111.6312459691319
CBC_P029,CBC_P029_AV_prob0.8_Vset1_Aset1_2023-04-05_17h36.40.315.csv,1,1,aud,1A,0.15,1,2.3614593999991502,0,1,1,0.5,0.5,CBCsimpleRW,CBCdriftDiffusionLR,0.5,0.509636181880532,NA,NA,0.691535524035872,2.16042359362352,2.05653924271601,0.5,37.7319844699805,NA,v1,MR,NA,CBCsimpleRW_CBCdriftDiffusionLR,90.60072747563405
CBC_P029,CBC_P029_AV_prob0.8_Vset1_Aset1_2023-04-05_17h36.40.315.csv,1,2,aud,2C,0.5,1,1.37173179999991,1,1,1,0.5,0.5,CBCsimpleRW,CBCdriftDiffusionLR,0.5,0.509636181880532,NA,NA,0.691535524035872,2.16042359362352,2.05653924271601,0.5,37.7319844699805,NA,v1,MR,NA,CBCsimpleRW_CBCdriftDiffusionLR,90.60072747563405
CBC_P029,CBC_P029_AV_prob0.8_Vset1_Aset1_2023-04-05_17h36.40.315.csv,1,3,aud,0A,0.5,1,1.33095969999886,1,1,1,0.5,0.5,CBCsimpleRW,CBCdriftDiffusionLR,0.5,0.509636181880532,NA,NA,0.691535524035872,2.16042359362352,2.05653924271601,0.5,37.7319844699805,NA,v1,MR,NA,CBCsimpleRW_CBCdriftDiffusionLR,90.60072747563405
CBC_P029,CBC_P029_AV_prob0.8_Vset1_Aset1_2023-04-05_17h36.40.315.csv,1,4,aud,2B,0.15,1,1.6930149999971,0,1,1,0.5,0.5,CBCsimpleRW,CBCdriftDiffusionLR,0.5,0.509636181880532,NA,NA,0.691535524035872,2.16042359362352,2.05653924271601,0.5,37.7319844699805,NA,v1,MR,NA,CBCsimpleRW_CBCdriftDiffusionLR,90.60072747563405
CBC_P029,CBC_P029_AV_prob0.8_Vset1_Aset1_2023-04-05_17h36.40.315.csv,1,5,aud,1C,0.35,1,2.20245290000094,1,0,0,0.5,-0.5,CBCsimpleRW,CBCdriftDiffusionLR,0.5,0.509636181880532,NA,NA,0.691535524035872,2.16042359362352,2.05653924271601,0.5,37.7319844699805,NA,v1,MR,NA,CBCsimpleRW_CBCdriftDiffusionLR,90.60072747563405
CBC_P029,CBC_P029_AV_prob0.8_Vset1_Aset1_2023-04-05_17h36.40.315.csv,1,6,aud,0A,0.5,1,2.00154860000112,1,1,1,0.754818090940266,0.245181909059734,CBCsimpleRW,CBCdriftDiffusionLR,0.5,0.509636181880532,NA,NA,0.691535524035872,2.16042359362352,2.05653924271601,0.5,37.7319844699805,NA,v1,MR,NA,CBCsimpleRW_CBCdriftDiffusionLR,90.60072747563405
CBC_P029,CBC_P029_AV_prob0.8_Vset1_Aset1_2023-04-05_17h36.40.315.csv,1,7,aud,1B,0.5,0,1.36517319999984,1,1,0,0.5,-0.5,CBCsimpleRW,CBCdriftDiffusionLR,0.5,0.509636181880532,NA,NA,0.691535524035872,2.16042359362352,2.05653924271601,0.5,37.7319844699805,NA,v1,MR,NA,CBCsimpleRW_CBCdriftDiffusionLR,90.60072747563405
CBC_P029,CBC_P029_AV_prob0.8_Vset1_Aset1_2023-04-05_17h36.40.315.csv,1,8,aud,2A,0.35,1,2.58636690000276,0,1,1,0.5,0.5,CBCsimpleRW,CBCdriftDiffusionLR,0.5,0.509636181880532,NA,NA,0.691535524035872,2.16042359362352,2.05653924271601,0.5,37.7319844699805,NA,v1,MR,NA,CBCsimpleRW_CBCdriftDiffusionLR,90.60072747563405
CBC_P029,CBC_P029_AV_prob0.8_Vset1_Aset1_2023-04-05_17h36.40.315.csv,1,9,aud,1C,0.35,1,2.23644209999838,0,1,1,0.245181909059734,0.245181909059734,CBCsimpleRW,CBCdriftDiffusionLR,0.5,0.509636181880532,NA,NA,0.691535524035872,2.16042359362352,2.05653924271601,0.5,37.7319844699805,NA,v1,MR,NA,CBCsimpleRW_CBCdriftDiffusionLR,90.60072747563405
CBC_P029,CBC_P029_AV_prob0.8_Vset1_Aset1_2023-04-05_17h36.40.315.csv,1,10,aud,2A,0.35,0,2.06755920000069,0,1,0,0.245181909059734,-0.754818090940266,CBCsimpleRW,CBCdriftDiffusionLR,0.5,0.509636181880532,NA,NA,0.691535524035872,2.16042359362352,2.05653924271601,0.5,37.7319844699805,NA,v1,MR,NA,CBCsimpleRW_CBCdriftDiffusionLR,90.60072747563405
CBC_P029,CBC_P029_AV_prob0.8_Vset1_Aset1_2023-04-05_17h36.40.315.csv,1,11,aud,0B,0.35,1,2.86165620000247,1,0,0,0.5,-0.5,CBCsimpleRW,CBCdriftDiffusionLR,0.5,0.509636181880532,NA,NA,0.691535524035872,2.16042359362352,2.05653924271601,0.5,37.7319844699805,NA,v1,MR,NA,CBCsimpleRW_CBCdriftDiffusionLR,90.60072747563405
CBC_P029,CBC_P029_AV_prob0.8_Vset1_Aset1_2023-04-05_17h36.40.315.csv,1,12,aud,2C,0.5,0,1.42808479999803,0,0,1,0.754818090940266,0.754818090940266,CBCsimpleRW,CBCdriftDiffusionLR,0.5,0.509636181880532,NA,NA,0.691535524035872,2.16042359362352,2.05653924271601,0.5,37.7319844699805,NA,v1,MR,NA,CBCsimpleRW_CBCdriftDiffusionLR,90.60072747563405
CBC_P029,CBC_P029_AV_prob0.8_Vset1_Aset1_2023-04-05_17h36.40.315.csv,1,13,aud,0A,0.5,0,2.2277716000026,1,1,0,0.879771662939649,-0.879771662939649,CBCsimpleRW,CBCdriftDiffusionLR,0.5,0.509636181880532,NA,NA,0.691535524035872,2.16042359362352,2.05653924271601,0.5,37.7319844699805,NA,v1,MR,NA,CBCsimpleRW_CBCdriftDiffusionLR,90.60072747563405
CBC_P029,CBC_P029_AV_prob0.8_Vset1_Aset1_2023-04-05_17h36.40.315.csv,1,14,aud,1B,0.5,1,1.30552779999925,0,0,0,0.245181909059734,-0.754818090940266,CBCsimpleRW,CBCdriftDiffusionLR,0.5,0.509636181880532,NA,NA,0.691535524035872,2.16042359362352,2.05653924271601,0.5,37.7319844699805,NA,v1,MR,NA,CBCsimpleRW_CBCdriftDiffusionLR,90.60072747563405
CBC_P029,CBC_P029_AV_prob0.8_Vset1_Aset1_2023-04-05_17h36.40.315.csv,1,15,aud,0A,0.5,1,1.82801699999982,0,0,0,0.4314081917124,-0.5685918082876,CBCsimpleRW,CBCdriftDiffusionLR,0.5,0.509636181880532,NA,NA,0.691535524035872,2.16042359362352,2.05653924271601,0.5,37.7319844699805,NA,v1,MR,NA,CBCsimpleRW_CBCdriftDiffusionLR,90.60072747563405
CBC_P029,CBC_P029_AV_prob0.8_Vset1_Aset1_2023-04-05_17h36.40.315.csv,1,16,aud,1C,0.35,1,1.3128489999981,0,1,1,0.120228337060351,0.120228337060351,CBCsimpleRW,CBCdriftDiffusionLR,0.5,0.509636181880532,NA,NA,0.691535524035872,2.16042359362352,2.05653924271601,0.5,37.7319844699805,NA,v1,MR,NA,CBCsimpleRW_CBCdriftDiffusionLR,90.60072747563405
CBC_P029,CBC_P029_AV_prob0.8_Vset1_Aset1_2023-04-05_17h36.40.315.csv,1,17,aud,2A,0.35,1,1.19653480000125,1,0,0,0.629864518940884,-0.629864518940884,CBCsimpleRW,CBCdriftDiffusionLR,0.5,0.509636181880532,NA,NA,0.691535524035872,2.16042359362352,2.05653924271601,0.5,37.7319844699805,NA,v1,MR,NA,CBCsimpleRW_CBCdriftDiffusionLR,90.60072747563405
CBC_P029,CBC_P029_AV_prob0.8_Vset1_Aset1_2023-04-05_17h36.40.315.csv,1,18,aud,0B,0.35,1,1.44789909999963,0,1,1,0.245181909059734,0.245181909059734,CBCsimpleRW,CBCdriftDiffusionLR,0.5,0.509636181880532,NA,NA,0.691535524035872,2.16042359362352,2.05653924271601,0.5,37.7319844699805,NA,v1,MR,NA,CBCsimpleRW_CBCdriftDiffusionLR,90.60072747563405
CBC_P029,CBC_P029_AV_prob0.8_Vset1_Aset1_2023-04-05_17h36.40.315.csv,1,19,aud,2C,0.5,1,0.923927499999991,1,1,1,0.370135481059116,0.629864518940884,CBCsimpleRW,CBCdriftDiffusionLR,0.5,0.509636181880532,NA,NA,0.691535524035872,2.16042359362352,2.05653924271601,0.5,37.7319844699805,NA,v1,MR,NA,CBCsimpleRW_CBCdriftDiffusionLR,90.60072747563405
CBC_P029,CBC_P029_AV_prob0.8_Vset1_Aset1_2023-04-05_17h36.40.315.csv,1,20,aud,1B,0.5,1,1.65465920000133,1,1,1,0.629864518940884,0.370135481059116,CBCsimpleRW,CBCdriftDiffusionLR,0.5,0.509636181880532,NA,NA,0.691535524035872,2.16042359362352,2.05653924271601,0.5,37.7319844699805,NA,v1,MR,NA,CBCsimpleRW_CBCdriftDiffusionLR,90.60072747563405
CBC_P029,CBC_P029_AV_prob0.8_Vset1_Aset1_2023-04-05_17h36.40.315.csv,1,21,aud,0C,0.15,1,1.33118290000129,0,1,1,0.5,0.5,CBCsimpleRW,CBCdriftDiffusionLR,0.5,0.509636181880532,NA,NA,0.691535524035872,2.16042359362352,2.05653924271601,0.5,37.7319844699805,NA,v1,MR,NA,CBCsimpleRW_CBCdriftDiffusionLR,90.60072747563405
CBC_P029,CBC_P029_AV_prob0.8_Vset1_Aset1_2023-04-05_17h36.40.315.csv,1,22,aud,1B,0.5,1,0.898936000001413,1,1,1,0.818498952286366,0.181501047713634,CBCsimpleRW,CBCdriftDiffusionLR,0.5,0.509636181880532,NA,NA,0.691535524035872,2.16042359362352,2.05653924271601,0.5,37.7319844699805,NA,v1,MR,NA,CBCsimpleRW_CBCdriftDiffusionLR,90.60072747563405
CBC_P029,CBC_P029_AV_prob0.8_Vset1_Aset1_2023-04-05_17h36.40.315.csv,1,23,aud,2C,0.5,1,1.67584349999743,1,1,1,0.691137229594167,0.308862770405833,CBCsimpleRW,CBCdriftDiffusionLR,0.5,0.509636181880532,NA,NA,0.691535524035872,2.16042359362352,2.05653924271601,0.5,37.7319844699805,NA,v1,MR,NA,CBCsimpleRW_CBCdriftDiffusionLR,90.60072747563405
CBC_P029,CBC_P029_AV_prob0.8_Vset1_Aset1_2023-04-05_17h36.40.315.csv,1,24,aud,0B,0.35,1,1.12246330000198,0,1,1,0.120228337060351,0.120228337060351,CBCsimpleRW,CBCdriftDiffusionLR,0.5,0.509636181880532,NA,NA,0.691535524035872,2.16042359362352,2.05653924271601,0.5,37.7319844699805,NA,v1,MR,NA,CBCsimpleRW_CBCdriftDiffusionLR,90.60072747563405
CBC_P029,CBC_P029_AV_prob0.8_Vset1_Aset1_2023-04-05_17h36.40.315.csv,1,25,aud,2A,0.35,1,1.81562089999716,0,1,1,0.308862770405833,0.308862770405833,CBCsimpleRW,CBCdriftDiffusionLR,0.5,0.509636181880532,NA,NA,0.691535524035872,2.16042359362352,2.05653924271601,0.5,37.7319844699805,NA,v1,MR,NA,CBCsimpleRW_CBCdriftDiffusionLR,90.60072747563405
CBC_P029,CBC_P029_AV_prob0.8_Vset1_Aset1_2023-04-05_17h36.40.315.csv,1,26,aud,1B,0.5,1,0.84681719999935,1,1,1,0.910998453250459,0.0890015467495413,CBCsimpleRW,CBCdriftDiffusionLR,0.5,0.509636181880532,NA,NA,0.691535524035872,2.16042359362352,2.05653924271601,0.5,37.7319844699805,NA,v1,MR,NA,CBCsimpleRW_CBCdriftDiffusionLR,90.60072747563405
CBC_P029,CBC_P029_AV_prob0.8_Vset1_Aset1_2023-04-05_17h36.40.315.csv,1,27,aud,0A,0.5,0,0.796708499998203,1,1,0,0.72118314993664,-0.72118314993664,CBCsimpleRW,CBCdriftDiffusionLR,0.5,0.509636181880532,NA,NA,0.691535524035872,2.16042359362352,2.05653924271601,0.5,37.7319844699805,NA,v1,MR,NA,CBCsimpleRW_CBCdriftDiffusionLR,90.60072747563405
CBC_P029,CBC_P029_AV_prob0.8_Vset1_Aset1_2023-04-05_17h36.40.315.csv,1,28,aud,2B,0.15,0,1.00480930000049,0,1,0,0.245181909059734,-0.754818090940266,CBCsimpleRW,CBCdriftDiffusionLR,0.5,0.509636181880532,NA,NA,0.691535524035872,2.16042359362352,2.05653924271601,0.5,37.7319844699805,NA,v1,MR,NA,CBCsimpleRW_CBCdriftDiffusionLR,90.60072747563405
CBC_P029,CBC_P029_AV_prob0.8_Vset1_Aset1_2023-04-05_17h36.40.315.csv,1,29,aud,1C,0.35,1,1.39277369999763,0,1,1,0.0589556264070681,0.0589556264070681,CBCsimpleRW,CBCdriftDiffusionLR,0.5,0.509636181880532,NA,NA,0.691535524035872,2.16042359362352,2.05653924271601,0.5,37.7319844699805,NA,v1,MR,NA,CBCsimpleRW_CBCdriftDiffusionLR,90.60072747563405
CBC_P029,CBC_P029_AV_prob0.8_Vset1_Aset1_2023-04-05_17h36.40.315.csv,1,30,aud,0B,0.35,1,1.85195740000199,0,1,1,0.0589556264070681,0.0589556264070681,CBCsimpleRW,CBCdriftDiffusionLR,0.5,0.509636181880532,NA,NA,0.691535524035872,2.16042359362352,2.05653924271601,0.5,37.7319844699805,NA,v1,MR,NA,CBCsimpleRW_CBCdriftDiffusionLR,90.60072747563405
CBC_P029,CBC_P029_AV_prob0.8_Vset1_Aset1_2023-04-05_17h36.40.315.csv,1,31,aud,2C,0.5,1,1.43159869999727,1,1,1,0.848544872628839,0.151455127371161,CBCsimpleRW,CBCdriftDiffusionLR,0.5,0.509636181880532,NA,NA,0.691535524035872,2.16042359362352,2.05653924271601,0.5,37.7319844699805,NA,v1,MR,NA,CBCsimpleRW_CBCdriftDiffusionLR,90.60072747563405
CBC_P029,CBC_P029_AV_prob0.8_Vset1_Aset1_2023-04-05_17h36.40.315.csv,1,32,aud,0A,0.5,1,1.16112169999906,1,1,1,0.353642122966355,0.646357877033645,CBCsimpleRW,CBCdriftDiffusionLR,0.5,0.509636181880532,NA,NA,0.691535524035872,2.16042359362352,2.05653924271601,0.5,37.7319844699805,NA,v1,MR,NA,CBCsimpleRW_CBCdriftDiffusionLR,90.60072747563405
CBC_P029,CBC_P029_AV_prob0.8_Vset1_Aset1_2023-04-05_17h36.40.315.csv,1,33,aud,2C,0.5,1,1.03682829999889,1,1,1,0.925731885468507,0.0742681145314927,CBCsimpleRW,CBCdriftDiffusionLR,0.5,0.509636181880532,NA,NA,0.691535524035872,2.16042359362352,2.05653924271601,0.5,37.7319844699805,NA,v1,MR,NA,CBCsimpleRW_CBCdriftDiffusionLR,90.60072747563405
CBC_P029,CBC_P029_AV_prob0.8_Vset1_Aset1_2023-04-05_17h36.40.315.csv,1,34,aud,1A,0.15,0,1.22689600000012,0,1,0,0.245181909059734,-0.754818090940266,CBCsimpleRW,CBCdriftDiffusionLR,0.5,0.509636181880532,NA,NA,0.691535524035872,2.16042359362352,2.05653924271601,0.5,37.7319844699805,NA,v1,MR,NA,CBCsimpleRW_CBCdriftDiffusionLR,90.60072747563405
CBC_P029,CBC_P029_AV_prob0.8_Vset1_Aset1_2023-04-05_17h36.40.315.csv,1,35,aud,0B,0.35,1,1.53022849999979,0,1,1,0.0289097060645948,0.0289097060645948,CBCsimpleRW,CBCdriftDiffusionLR,0.5,0.509636181880532,NA,NA,0.691535524035872,2.16042359362352,2.05653924271601,0.5,37.7319844699805,NA,v1,MR,NA,CBCsimpleRW_CBCdriftDiffusionLR,90.60072747563405
CBC_P029,CBC_P029_AV_prob0.8_Vset1_Aset1_2023-04-05_17h36.40.315.csv,1,36,aud,2C,0.5,1,NA,NA,NA,NA,0.963581603793803,0,CBCsimpleRW,CBCdriftDiffusionLR,0.5,0.509636181880532,NA,NA,0.691535524035872,2.16042359362352,2.05653924271601,0.5,37.7319844699805,NA,v1,MR,NA,CBCsimpleRW_CBCdriftDiffusionLR,90.60072747563405
CBC_P029,CBC_P029_AV_prob0.8_Vset1_Aset1_2023-04-05_17h36.40.315.csv,1,37,aud,1B,0.5,1,0.955647899998439,1,1,1,0.956356861717357,0.0436431382826433,CBCsimpleRW,CBCdriftDiffusionLR,0.5,0.509636181880532,NA,NA,0.691535524035872,2.16042359362352,2.05653924271601,0.5,37.7319844699805,NA,v1,MR,NA,CBCsimpleRW_CBCdriftDiffusionLR,90.60072747563405
CBC_P029,CBC_P029_AV_prob0.8_Vset1_Aset1_2023-04-05_17h36.40.315.csv,1,38,aud,2A,0.35,1,1.1002668000001,0,1,1,0.151455127371161,0.151455127371161,CBCsimpleRW,CBCdriftDiffusionLR,0.5,0.509636181880532,NA,NA,0.691535524035872,2.16042359362352,2.05653924271601,0.5,37.7319844699805,NA,v1,MR,NA,CBCsimpleRW_CBCdriftDiffusionLR,90.60072747563405
CBC_P029,CBC_P029_AV_prob0.8_Vset1_Aset1_2023-04-05_17h36.40.315.csv,1,39,aud,1C,0.35,1,1.2342873000016,0,1,1,0.0289097060645948,0.0289097060645948,CBCsimpleRW,CBCdriftDiffusionLR,0.5,0.509636181880532,NA,NA,0.691535524035872,2.16042359362352,2.05653924271601,0.5,37.7319844699805,NA,v1,MR,NA,CBCsimpleRW_CBCdriftDiffusionLR,90.60072747563405
CBC_P029,CBC_P029_AV_prob0.8_Vset1_Aset1_2023-04-05_17h36.40.315.csv,1,40,aud,0A,0.5,0,0.9201338999992,1,1,0,0.683049483546189,-0.683049483546189,CBCsimpleRW,CBCdriftDiffusionLR,0.5,0.509636181880532,NA,NA,0.691535524035872,2.16042359362352,2.05653924271601,0.5,37.7319844699805,NA,v1,MR,NA,CBCsimpleRW_CBCdriftDiffusionLR,90.60072747563405
CBC_P029,CBC_P029_AV_prob0.8_Vset1_Aset1_2023-04-05_17h36.40.315.csv,1,41,aud,1B,0.5,0,0.866271800001414,1,1,0,0.978598984077007,-0.978598984077007,CBCsimpleRW,CBCdriftDiffusionLR,0.5,0.509636181880532,NA,NA,0.691535524035872,2.16042359362352,2.05653924271601,0.5,37.7319844699805,NA,v1,MR,NA,CBCsimpleRW_CBCdriftDiffusionLR,90.60072747563405
CBC_P029,CBC_P029_AV_prob0.8_Vset1_Aset1_2023-04-05_17h36.40.315.csv,1,42,aud,0C,0.15,0,1.032890399998,0,1,0,0.245181909059734,-0.754818090940266,CBCsimpleRW,CBCdriftDiffusionLR,0.5,0.509636181880532,NA,NA,0.691535524035872,2.16042359362352,2.05653924271601,0.5,37.7319844699805,NA,v1,MR,NA,CBCsimpleRW_CBCdriftDiffusionLR,90.60072747563405
CBC_P030,CBC_P030_AV_prob0.9_Vset1_Aset3_2024-05-15_15h19.17.092.csv,1,1,aud,0A,0.5,1,2.34669140000005,0,0,0,0.5,-0.5,CBC2StepRW,CBCdriftDiffusionLR,0.5,0.120785399483887,NA,0.173845280087578,1.12835872051906,2.02001912358561,2.04509575087449,0.5,55.6966916287151,NA,v1,MR,NA,CBC2StepRW_CBCdriftDiffusionLR,130.3143314270215
CBC_P030,CBC_P030_AV_prob0.9_Vset1_Aset3_2024-05-15_15h19.17.092.csv,1,2,aud,1C,0.35,1,1.31877859999986,0,1,1,0.5,0.5,CBC2StepRW,CBCdriftDiffusionLR,0.5,0.120785399483887,NA,0.173845280087578,1.12835872051906,2.02001912358561,2.04509575087449,0.5,55.6966916287151,NA,v1,MR,NA,CBC2StepRW_CBCdriftDiffusionLR,130.3143314270215
CBC_P030,CBC_P030_AV_prob0.9_Vset1_Aset3_2024-05-15_15h19.17.092.csv,1,3,aud,0B,0.35,1,2.53651220000029,0,1,1,0.5,0.5,CBC2StepRW,CBCdriftDiffusionLR,0.5,0.120785399483887,NA,0.173845280087578,1.12835872051906,2.02001912358561,2.04509575087449,0.5,55.6966916287151,NA,v1,MR,NA,CBC2StepRW_CBCdriftDiffusionLR,130.3143314270215
CBC_P030,CBC_P030_AV_prob0.9_Vset1_Aset3_2024-05-15_15h19.17.092.csv,1,4,aud,2C,0.5,1,1.42907100000048,0,0,0,0.5,-0.5,CBC2StepRW,CBCdriftDiffusionLR,0.5,0.120785399483887,NA,0.173845280087578,1.12835872051906,2.02001912358561,2.04509575087449,0.5,55.6966916287151,NA,v1,MR,NA,CBC2StepRW_CBCdriftDiffusionLR,130.3143314270215
CBC_P030,CBC_P030_AV_prob0.9_Vset1_Aset3_2024-05-15_15h19.17.092.csv,1,5,aud,1B,0.5,1,2.49621770000067,1,1,1,0.5,0.5,CBC2StepRW,CBCdriftDiffusionLR,0.5,0.120785399483887,NA,0.173845280087578,1.12835872051906,2.02001912358561,2.04509575087449,0.5,55.6966916287151,NA,v1,MR,NA,CBC2StepRW_CBCdriftDiffusionLR,130.3143314270215
CBC_P030,CBC_P030_AV_prob0.9_Vset1_Aset3_2024-05-15_15h19.17.092.csv,1,6,aud,2A,0.35,1,1.4804193000009,0,1,1,0.5,0.5,CBC2StepRW,CBCdriftDiffusionLR,0.5,0.120785399483887,NA,0.173845280087578,1.12835872051906,2.02001912358561,2.04509575087449,0.5,55.6966916287151,NA,v1,MR,NA,CBC2StepRW_CBCdriftDiffusionLR,130.3143314270215
CBC_P030,CBC_P030_AV_prob0.9_Vset1_Aset3_2024-05-15_15h19.17.092.csv,1,7,aud,0B,0.35,1,1.49095190000025,1,0,0,0.363183646016151,-0.363183646016151,CBC2StepRW,CBCdriftDiffusionLR,0.5,0.120785399483887,NA,0.173845280087578,1.12835872051906,2.02001912358561,2.04509575087449,0.5,55.6966916287151,NA,v1,MR,NA,CBC2StepRW_CBCdriftDiffusionLR,130.3143314270215
CBC_P030,CBC_P030_AV_prob0.9_Vset1_Aset3_2024-05-15_15h19.17.092.csv,1,8,aud,2C,0.5,1,3.07270890000018,1,1,1,0.560392699741944,0.439607300258056,CBC2StepRW,CBCdriftDiffusionLR,0.5,0.120785399483887,NA,0.173845280087578,1.12835872051906,2.02001912358561,2.04509575087449,0.5,55.6966916287151,NA,v1,MR,NA,CBC2StepRW_CBCdriftDiffusionLR,130.3143314270215
CBC_P030,CBC_P030_AV_prob0.9_Vset1_Aset3_2024-05-15_15h19.17.092.csv,1,9,aud,0A,0.5,0,1.47074690000045,0,0,1,0.560392699741944,0.560392699741944,CBC2StepRW,CBCdriftDiffusionLR,0.5,0.120785399483887,NA,0.173845280087578,1.12835872051906,2.02001912358561,2.04509575087449,0.5,55.6966916287151,NA,v1,MR,NA,CBC2StepRW_CBCdriftDiffusionLR,130.3143314270215
CBC_P030,CBC_P030_AV_prob0.9_Vset1_Aset3_2024-05-15_15h19.17.092.csv,1,10,aud,1C,0.35,1,2.53067680000004,1,0,0,0.300045883351245,-0.300045883351245,CBC2StepRW,CBCdriftDiffusionLR,0.5,0.120785399483887,NA,0.173845280087578,1.12835872051906,2.02001912358561,2.04509575087449,0.5,55.6966916287151,NA,v1,MR,NA,CBC2StepRW_CBCdriftDiffusionLR,130.3143314270215
CBC_P030,CBC_P030_AV_prob0.9_Vset1_Aset3_2024-05-15_15h19.17.092.csv,1,11,aud,0A,0.5,1,2.51395460000003,0,0,0,0.492705443635759,-0.507294556364241,CBC2StepRW,CBCdriftDiffusionLR,0.5,0.120785399483887,NA,0.173845280087578,1.12835872051906,2.02001912358561,2.04509575087449,0.5,55.6966916287151,NA,v1,MR,NA,CBC2StepRW_CBCdriftDiffusionLR,130.3143314270215
CBC_P030,CBC_P030_AV_prob0.9_Vset1_Aset3_2024-05-15_15h19.17.092.csv,1,12,aud,1B,0.5,0,1.45466329999999,1,1,0,0.560392699741944,-0.560392699741944,CBC2StepRW,CBCdriftDiffusionLR,0.5,0.120785399483887,NA,0.173845280087578,1.12835872051906,2.02001912358561,2.04509575087449,0.5,55.6966916287151,NA,v1,MR,NA,CBC2StepRW_CBCdriftDiffusionLR,130.3143314270215
CBC_P030,CBC_P030_AV_prob0.9_Vset1_Aset3_2024-05-15_15h19.17.092.csv,1,13,aud,0C,0.15,1,3.00078659999963,0,1,1,0.413077359956211,0.413077359956211,CBC2StepRW,CBCdriftDiffusionLR,0.5,0.120785399483887,NA,0.173845280087578,1.12835872051906,2.02001912358561,2.04509575087449,0.5,55.6966916287151,NA,v1,MR,NA,CBC2StepRW_CBCdriftDiffusionLR,130.3143314270215
CBC_P030,CBC_P030_AV_prob0.9_Vset1_Aset3_2024-05-15_15h19.17.092.csv,1,14,aud,1A,0.15,1,2.39605879999999,1,0,0,0.413077359956211,-0.413077359956211,CBC2StepRW,CBCdriftDiffusionLR,0.5,0.120785399483887,NA,0.173845280087578,1.12835872051906,2.02001912358561,2.04509575087449,0.5,55.6966916287151,NA,v1,MR,NA,CBC2StepRW_CBCdriftDiffusionLR,130.3143314270215
CBC_P030,CBC_P030_AV_prob0.9_Vset1_Aset3_2024-05-15_15h19.17.092.csv,1,15,aud,0B,0.35,1,1.53278810000029,1,0,0,0.319316364246075,-0.319316364246075,CBC2StepRW,CBCdriftDiffusionLR,0.5,0.120785399483887,NA,0.173845280087578,1.12835872051906,2.02001912358561,2.04509575087449,0.5,55.6966916287151,NA,v1,MR,NA,CBC2StepRW_CBCdriftDiffusionLR,130.3143314270215
CBC_P030,CBC_P030_AV_prob0.9_Vset1_Aset3_2024-05-15_15h19.17.092.csv,1,16,aud,1A,0.15,1,1.94881890000033,1,0,0,0.363183646016151,-0.363183646016151,CBC2StepRW,CBCdriftDiffusionLR,0.5,0.120785399483887,NA,0.173845280087578,1.12835872051906,2.02001912358561,2.04509575087449,0.5,55.6966916287151,NA,v1,MR,NA,CBC2StepRW_CBCdriftDiffusionLR,130.3143314270215
CBC_P030,CBC_P030_AV_prob0.9_Vset1_Aset3_2024-05-15_15h19.17.092.csv,1,17,aud,2C,0.5,1,2.85878840000078,1,1,1,0.613490843119646,0.386509156880354,CBC2StepRW,CBCdriftDiffusionLR,0.5,0.120785399483887,NA,0.173845280087578,1.12835872051906,2.02001912358561,2.04509575087449,0.5,55.6966916287151,NA,v1,MR,NA,CBC2StepRW_CBCdriftDiffusionLR,130.3143314270215
CBC_P030,CBC_P030_AV_prob0.9_Vset1_Aset3_2024-05-15_15h19.17.092.csv,1,18,aud,0A,0.5,1,2.53658999999971,0,0,0,0.553979219282215,-0.446020780717785,CBC2StepRW,CBCdriftDiffusionLR,0.5,0.120785399483887,NA,0.173845280087578,1.12835872051906,2.02001912358561,2.04509575087449,0.5,55.6966916287151,NA,v1,MR,NA,CBC2StepRW_CBCdriftDiffusionLR,130.3143314270215
CBC_P030,CBC_P030_AV_prob0.9_Vset1_Aset3_2024-05-15_15h19.17.092.csv,1,19,aud,2C,0.5,1,3.00120460000016,1,1,1,0.66017550603762,0.33982449396238,CBC2StepRW,CBCdriftDiffusionLR,0.5,0.120785399483887,NA,0.173845280087578,1.12835872051906,2.02001912358561,2.04509575087449,0.5,55.6966916287151,NA,v1,MR,NA,CBC2StepRW_CBCdriftDiffusionLR,130.3143314270215
CBC_P030,CBC_P030_AV_prob0.9_Vset1_Aset3_2024-05-15_15h19.17.092.csv,1,20,aud,1B,0.5,1,3.96383710000009,0,0,0,0.492705443635759,-0.507294556364241,CBC2StepRW,CBCdriftDiffusionLR,0.5,0.120785399483887,NA,0.173845280087578,1.12835872051906,2.02001912358561,2.04509575087449,0.5,55.6966916287151,NA,v1,MR,NA,CBC2StepRW_CBCdriftDiffusionLR,130.3143314270215
CBC_P030,CBC_P030_AV_prob0.9_Vset1_Aset3_2024-05-15_15h19.17.092.csv,1,21,aud,2A,0.35,1,1.38471240000035,0,1,1,0.247884322720923,0.247884322720923,CBC2StepRW,CBCdriftDiffusionLR,0.5,0.120785399483887,NA,0.173845280087578,1.12835872051906,2.02001912358561,2.04509575087449,0.5,55.6966916287151,NA,v1,MR,NA,CBC2StepRW_CBCdriftDiffusionLR,130.3143314270215
CBC_P030,CBC_P030_AV_prob0.9_Vset1_Aset3_2024-05-15_15h19.17.092.csv,1,22,aud,0B,0.35,1,2.80193600000075,0,1,1,0.28074760962887,0.28074760962887,CBC2StepRW,CBCdriftDiffusionLR,0.5,0.120785399483887,NA,0.173845280087578,1.12835872051906,2.02001912358561,2.04509575087449,0.5,55.6966916287151,NA,v1,MR,NA,CBC2StepRW_CBCdriftDiffusionLR,130.3143314270215
CBC_P030,CBC_P030_AV_prob0.9_Vset1_Aset3_2024-05-15_15h19.17.092.csv,1,23,aud,2C,0.5,1,1.82977120000032,1,1,1,0.701221343295276,0.298778656704724,CBC2StepRW,CBCdriftDiffusionLR,0.5,0.120785399483887,NA,0.173845280087578,1.12835872051906,2.02001912358561,2.04509575087449,0.5,55.6966916287151,NA,v1,MR,NA,CBC2StepRW_CBCdriftDiffusionLR,130.3143314270215
CBC_P030,CBC_P030_AV_prob0.9_Vset1_Aset3_2024-05-15_15h19.17.092.csv,1,24,aud,1B,0.5,1,2.09075070000017,0,0,0,0.553979219282215,-0.446020780717785,CBC2StepRW,CBCdriftDiffusionLR,0.5,0.120785399483887,NA,0.173845280087578,1.12835872051906,2.02001912358561,2.04509575087449,0.5,55.6966916287151,NA,v1,MR,NA,CBC2StepRW_CBCdriftDiffusionLR,130.3143314270215
CBC_P030,CBC_P030_AV_prob0.9_Vset1_Aset3_2024-05-15_15h19.17.092.csv,1,25,aud,0A,0.5,1,2.41528110000036,1,1,1,0.607852017459328,0.392147982540672,CBC2StepRW,CBCdriftDiffusionLR,0.5,0.120785399483887,NA,0.173845280087578,1.12835872051906,2.02001912358561,2.04509575087449,0.5,55.6966916287151,NA,v1,MR,NA,CBC2StepRW_CBCdriftDiffusionLR,130.3143314270215
CBC_P030,CBC_P030_AV_prob0.9_Vset1_Aset3_2024-05-15_15h19.17.092.csv,1,26,aud,1C,0.35,0,1.63542730000063,0,1,0,0.148753341159449,-0.851246658840551,CBC2StepRW,CBCdriftDiffusionLR,0.5,0.120785399483887,NA,0.173845280087578,1.12835872051906,2.02001912358561,2.04509575087449,0.5,55.6966916287151,NA,v1,MR,NA,CBC2StepRW_CBCdriftDiffusionLR,130.3143314270215
CBC_P030,CBC_P030_AV_prob0.9_Vset1_Aset3_2024-05-15_15h19.17.092.csv,1,27,aud,2B,0.15,1,1.60668830000031,0,1,1,0.192431846065547,0.192431846065547,CBC2StepRW,CBCdriftDiffusionLR,0.5,0.120785399483887,NA,0.173845280087578,1.12835872051906,2.02001912358561,2.04509575087449,0.5,55.6966916287151,NA,v1,MR,NA,CBC2StepRW_CBCdriftDiffusionLR,130.3143314270215
CBC_P030,CBC_P030_AV_prob0.9_Vset1_Aset3_2024-05-15_15h19.17.092.csv,1,28,aud,1C,0.35,1,2.32968590000019,0,1,1,0.251571508906829,0.251571508906829,CBC2StepRW,CBCdriftDiffusionLR,0.5,0.120785399483887,NA,0.173845280087578,1.12835872051906,2.02001912358561,2.04509575087449,0.5,55.6966916287151,NA,v1,MR,NA,CBC2StepRW_CBCdriftDiffusionLR,130.3143314270215
CBC_P030,CBC_P030_AV_prob0.9_Vset1_Aset3_2024-05-15_15h19.17.092.csv,1,29,aud,0B,0.35,1,2.86118150000038,1,0,0,0.203925880950664,-0.203925880950664,CBC2StepRW,CBCdriftDiffusionLR,0.5,0.120785399483887,NA,0.173845280087578,1.12835872051906,2.02001912358561,2.04509575087449,0.5,55.6966916287151,NA,v1,MR,NA,CBC2StepRW_CBCdriftDiffusionLR,130.3143314270215
CBC_P030,CBC_P030_AV_prob0.9_Vset1_Aset3_2024-05-15_15h19.17.092.csv,1,30,aud,2C,0.5,1,1.56474770000113,1,1,1,0.737309442702615,0.262690557297385,CBC2StepRW,CBCdriftDiffusionLR,0.5,0.120785399483887,NA,0.173845280087578,1.12835872051906,2.02001912358561,2.04509575087449,0.5,55.6966916287151,NA,v1,MR,NA,CBC2StepRW_CBCdriftDiffusionLR,130.3143314270215
CBC_P030,CBC_P030_AV_prob0.9_Vset1_Aset3_2024-05-15_15h19.17.092.csv,1,31,aud,0A,0.5,1,2.79448419999972,1,1,1,0.655217768187304,0.344782231812696,CBC2StepRW,CBCdriftDiffusionLR,0.5,0.120785399483887,NA,0.173845280087578,1.12835872051906,2.02001912358561,2.04509575087449,0.5,55.6966916287151,NA,v1,MR,NA,CBC2StepRW_CBCdriftDiffusionLR,130.3143314270215
CBC_P030,CBC_P030_AV_prob0.9_Vset1_Aset3_2024-05-15_15h19.17.092.csv,1,32,aud,2B,0.15,1,1.22594819999995,0,1,1,0.139776198927408,0.139776198927408,CBC2StepRW,CBCdriftDiffusionLR,0.5,0.120785399483887,NA,0.173845280087578,1.12835872051906,2.02001912358561,2.04509575087449,0.5,55.6966916287151,NA,v1,MR,NA,CBC2StepRW_CBCdriftDiffusionLR,130.3143314270215
CBC_P030,CBC_P030_AV_prob0.9_Vset1_Aset3_2024-05-15_15h19.17.092.csv,1,33,aud,1C,0.35,1,1.38380410000082,0,1,1,0.182733315677134,0.182733315677134,CBC2StepRW,CBCdriftDiffusionLR,0.5,0.120785399483887,NA,0.173845280087578,1.12835872051906,2.02001912358561,2.04509575087449,0.5,55.6966916287151,NA,v1,MR,NA,CBC2StepRW_CBCdriftDiffusionLR,130.3143314270215
CBC_P030,CBC_P030_AV_prob0.9_Vset1_Aset3_2024-05-15_15h19.17.092.csv,1,34,aud,2A,0.35,0,1.6680563000009,0,1,0,0.101528859105469,-0.898471140894531,CBC2StepRW,CBCdriftDiffusionLR,0.5,0.120785399483887,NA,0.173845280087578,1.12835872051906,2.02001912358561,2.04509575087449,0.5,55.6966916287151,NA,v1,MR,NA,CBC2StepRW_CBCdriftDiffusionLR,130.3143314270215
CBC_P030,CBC_P030_AV_prob0.9_Vset1_Aset3_2024-05-15_15h19.17.092.csv,1,35,aud,1B,0.5,1,2.24381790000007,1,1,1,0.607852017459328,0.392147982540672,CBC2StepRW,CBCdriftDiffusionLR,0.5,0.120785399483887,NA,0.173845280087578,1.12835872051906,2.02001912358561,2.04509575087449,0.5,55.6966916287151,NA,v1,MR,NA,CBC2StepRW_CBCdriftDiffusionLR,130.3143314270215
CBC_P030,CBC_P030_AV_prob0.9_Vset1_Aset3_2024-05-15_15h19.17.092.csv,1,36,aud,0C,0.15,1,1.76604580000003,0,1,1,0.115476766475296,0.115476766475296,CBC2StepRW,CBCdriftDiffusionLR,0.5,0.120785399483887,NA,0.173845280087578,1.12835872051906,2.02001912358561,2.04509575087449,0.5,55.6966916287151,NA,v1,MR,NA,CBC2StepRW_CBCdriftDiffusionLR,130.3143314270215
CBC_P030,CBC_P030_AV_prob0.9_Vset1_Aset3_2024-05-15_15h19.17.092.csv,1,37,aud,1B,0.5,1,1.83951890000026,1,1,1,0.655217768187304,0.344782231812696,CBC2StepRW,CBCdriftDiffusionLR,0.5,0.120785399483887,NA,0.173845280087578,1.12835872051906,2.02001912358561,2.04509575087449,0.5,55.6966916287151,NA,v1,MR,NA,CBC2StepRW_CBCdriftDiffusionLR,130.3143314270215
CBC_P030,CBC_P030_AV_prob0.9_Vset1_Aset3_2024-05-15_15h19.17.092.csv,1,38,aud,2A,0.35,1,1.38334790000044,0,1,1,0.210051054783159,0.210051054783159,CBC2StepRW,CBCdriftDiffusionLR,0.5,0.120785399483887,NA,0.173845280087578,1.12835872051906,2.02001912358561,2.04509575087449,0.5,55.6966916287151,NA,v1,MR,NA,CBC2StepRW_CBCdriftDiffusionLR,130.3143314270215
CBC_P030,CBC_P030_AV_prob0.9_Vset1_Aset3_2024-05-15_15h19.17.092.csv,1,39,aud,1C,0.35,1,1.27487030000066,0,1,1,0.109656758240095,0.109656758240095,CBC2StepRW,CBCdriftDiffusionLR,0.5,0.120785399483887,NA,0.173845280087578,1.12835872051906,2.02001912358561,2.04509575087449,0.5,55.6966916287151,NA,v1,MR,NA,CBC2StepRW_CBCdriftDiffusionLR,130.3143314270215
CBC_P030,CBC_P030_AV_prob0.9_Vset1_Aset3_2024-05-15_15h19.17.092.csv,1,40,aud,0A,0.5,1,2.14248740000039,1,1,1,0.696862427791746,0.303137572208254,CBC2StepRW,CBCdriftDiffusionLR,0.5,0.120785399483887,NA,0.173845280087578,1.12835872051906,2.02001912358561,2.04509575087449,0.5,55.6966916287151,NA,v1,MR,NA,CBC2StepRW_CBCdriftDiffusionLR,130.3143314270215
CBC_P030,CBC_P030_AV_prob0.9_Vset1_Aset3_2024-05-15_15h19.17.092.csv,1,41,aud,1B,0.5,1,1.80070419999993,1,1,1,0.696862427791746,0.303137572208254,CBC2StepRW,CBCdriftDiffusionLR,0.5,0.120785399483887,NA,0.173845280087578,1.12835872051906,2.02001912358561,2.04509575087449,0.5,55.6966916287151,NA,v1,MR,NA,CBC2StepRW_CBCdriftDiffusionLR,130.3143314270215
CBC_P030,CBC_P030_AV_prob0.9_Vset1_Aset3_2024-05-15_15h19.17.092.csv,1,42,aud,2C,0.5,1,1.62102750000031,1,1,1,0.769038626606425,0.230961373393575,CBC2StepRW,CBCdriftDiffusionLR,0.5,0.120785399483887,NA,0.173845280087578,1.12835872051906,2.02001912358561,2.04509575087449,0.5,55.6966916287151,NA,v1,MR,NA,CBC2StepRW_CBCdriftDiffusionLR,130.3143314270215
CBC_P030,CBC_P030_TV_prob0.9_Vset3_Tset1_2024-05-15_15h11.00.190.csv,2,1,tac,1A,0.15,1,2.3354319,1,0,0,0.5,-0.5,CBCsimpleAsymRW,CBCdriftDiffusionLR,0.5,0.199502362537452,0.040554159260264,NA,0.541745515001792,4.11948484576474,2.4765184309625,0.5,51.0847835499024,NA,v1,MR,NA,CBCsimpleAsymRW_CBCdriftDiffusionLR,121.09051526939609
CBC_P030,CBC_P030_TV_prob0.9_Vset3_Tset1_2024-05-15_15h11.00.190.csv,2,2,tac,2C,0.5,0,1.02898820000064,0,0,1,0.5,0.5,CBCsimpleAsymRW,CBCdriftDiffusionLR,0.5,0.199502362537452,0.040554159260264,NA,0.541745515001792,4.11948484576474,2.4765184309625,0.5,51.0847835499024,NA,v1,MR,NA,CBCsimpleAsymRW_CBCdriftDiffusionLR,121.09051526939609
CBC_P030,CBC_P030_TV_prob0.9_Vset3_Tset1_2024-05-15_15h11.00.190.csv,2,3,tac,0A,0.5,1,1.23771829999987,0,0,0,0.5,-0.5,CBCsimpleAsymRW,CBCdriftDiffusionLR,0.5,0.199502362537452,0.040554159260264,NA,0.541745515001792,4.11948484576474,2.4765184309625,0.5,51.0847835499024,NA,v1,MR,NA,CBCsimpleAsymRW_CBCdriftDiffusionLR,121.09051526939609
CBC_P030,CBC_P030_TV_prob0.9_Vset3_Tset1_2024-05-15_15h11.00.190.csv,2,4,tac,2B,0.15,1,2.4488822000003,0,1,1,0.5,0.5,CBCsimpleAsymRW,CBCdriftDiffusionLR,0.5,0.199502362537452,0.040554159260264,NA,0.541745515001792,4.11948484576474,2.4765184309625,0.5,51.0847835499024,NA,v1,MR,NA,CBCsimpleAsymRW_CBCdriftDiffusionLR,121.09051526939609
CBC_P030,CBC_P030_TV_prob0.9_Vset3_Tset1_2024-05-15_15h11.00.190.csv,2,5,tac,1C,0.35,1,1.76145960000031,1,0,0,0.5,-0.5,CBCsimpleAsymRW,CBCdriftDiffusionLR,0.5,0.199502362537452,0.040554159260264,NA,0.541745515001792,4.11948484576474,2.4765184309625,0.5,51.0847835499024,NA,v1,MR,NA,CBCsimpleAsymRW_CBCdriftDiffusionLR,121.09051526939609
CBC_P030,CBC_P030_TV_prob0.9_Vset3_Tset1_2024-05-15_15h11.00.190.csv,2,6,tac,0A,0.5,1,2.28914729999997,0,0,0,0.520277079630132,-0.479722920369868,CBCsimpleAsymRW,CBCdriftDiffusionLR,0.5,0.199502362537452,0.040554159260264,NA,0.541745515001792,4.11948484576474,2.4765184309625,0.5,51.0847835499024,NA,v1,MR,NA,CBCsimpleAsymRW_CBCdriftDiffusionLR,121.09051526939609
CBC_P030,CBC_P030_TV_prob0.9_Vset3_Tset1_2024-05-15_15h11.00.190.csv,2,7,tac,1B,0.5,1,1.62376470000072,1,1,1,0.5,0.5,CBCsimpleAsymRW,CBCdriftDiffusionLR,0.5,0.199502362537452,0.040554159260264,NA,0.541745515001792,4.11948484576474,2.4765184309625,0.5,51.0847835499024,NA,v1,MR,NA,CBCsimpleAsymRW_CBCdriftDiffusionLR,121.09051526939609
CBC_P030,CBC_P030_TV_prob0.9_Vset3_Tset1_2024-05-15_15h11.00.190.csv,2,8,tac,2A,0.35,1,2.05409529999997,1,0,0,0.5,-0.5,CBCsimpleAsymRW,CBCdriftDiffusionLR,0.5,0.199502362537452,0.040554159260264,NA,0.541745515001792,4.11948484576474,2.4765184309625,0.5,51.0847835499024,NA,v1,MR,NA,CBCsimpleAsymRW_CBCdriftDiffusionLR,121.09051526939609
CBC_P030,CBC_P030_TV_prob0.9_Vset3_Tset1_2024-05-15_15h11.00.190.csv,2,9,tac,1C,0.35,1,1.87379890000011,0,1,1,0.479722920369868,0.479722920369868,CBCsimpleAsymRW,CBCdriftDiffusionLR,0.5,0.199502362537452,0.040554159260264,NA,0.541745515001792,4.11948484576474,2.4765184309625,0.5,51.0847835499024,NA,v1,MR,NA,CBCsimpleAsymRW_CBCdriftDiffusionLR,121.09051526939609
CBC_P030,CBC_P030_TV_prob0.9_Vset3_Tset1_2024-05-15_15h11.00.190.csv,2,10,tac,2A,0.35,1,3.24330719999944,1,0,0,0.479722920369868,-0.479722920369868,CBCsimpleAsymRW,CBCdriftDiffusionLR,0.5,0.199502362537452,0.040554159260264,NA,0.541745515001792,4.11948484576474,2.4765184309625,0.5,51.0847835499024,NA,v1,MR,NA,CBCsimpleAsymRW_CBCdriftDiffusionLR,121.09051526939609
CBC_P030,CBC_P030_TV_prob0.9_Vset3_Tset1_2024-05-15_15h11.00.190.csv,2,11,tac,0B,0.35,1,1.16864260000057,0,1,1,0.5,0.5,CBCsimpleAsymRW,CBCdriftDiffusionLR,0.5,0.199502362537452,0.040554159260264,NA,0.541745515001792,4.11948484576474,2.4765184309625,0.5,51.0847835499024,NA,v1,MR,NA,CBCsimpleAsymRW_CBCdriftDiffusionLR,121.09051526939609
CBC_P030,CBC_P030_TV_prob0.9_Vset3_Tset1_2024-05-15_15h11.00.190.csv,2,12,tac,2C,0.5,1,2.35202149999986,0,0,0,0.400248818731274,-0.599751181268726,CBCsimpleAsymRW,CBCdriftDiffusionLR,0.5,0.199502362537452,0.040554159260264,NA,0.541745515001792,4.11948484576474,2.4765184309625,0.5,51.0847835499024,NA,v1,MR,NA,CBCsimpleAsymRW_CBCdriftDiffusionLR,121.09051526939609
CBC_P030,CBC_P030_TV_prob0.9_Vset3_Tset1_2024-05-15_15h11.00.190.csv,2,13,tac,0A,0.5,0,1.27240119999988,0,0,1,0.53973183934361,0.53973183934361,CBCsimpleAsymRW,CBCdriftDiffusionLR,0.5,0.199502362537452,0.040554159260264,NA,0.541745515001792,4.11948484576474,2.4765184309625,0.5,51.0847835499024,NA,v1,MR,NA,CBCsimpleAsymRW_CBCdriftDiffusionLR,121.09051526939609
CBC_P030,CBC_P030_TV_prob0.9_Vset3_Tset1_2024-05-15_15h11.00.190.csv,2,14,tac,1B,0.5,1,0.987320499999441,1,1,1,0.599751181268726,0.400248818731274,CBCsimpleAsymRW,CBCdriftDiffusionLR,0.5,0.199502362537452,0.040554159260264,NA,0.541745515001792,4.11948484576474,2.4765184309625,0.5,51.0847835499024,NA,v1,MR,NA,CBCsimpleAsymRW_CBCdriftDiffusionLR,121.09051526939609
CBC_P030,CBC_P030_TV_prob0.9_Vset3_Tset1_2024-05-15_15h11.00.190.csv,2,15,tac,0A,0.5,1,1.29066640000019,1,1,1,0.432054062257875,0.567945937742125,CBCsimpleAsymRW,CBCdriftDiffusionLR,0.5,0.199502362537452,0.040554159260264,NA,0.541745515001792,4.11948484576474,2.4765184309625,0.5,51.0847835499024,NA,v1,MR,NA,CBCsimpleAsymRW_CBCdriftDiffusionLR,121.09051526939609
CBC_P030,CBC_P030_TV_prob0.9_Vset3_Tset1_2024-05-15_15h11.00.190.csv,2,16,tac,1C,0.35,1,2.16262580000057,0,1,1,0.384017064392713,0.384017064392713,CBCsimpleAsymRW,CBCdriftDiffusionLR,0.5,0.199502362537452,0.040554159260264,NA,0.541745515001792,4.11948484576474,2.4765184309625,0.5,51.0847835499024,NA,v1,MR,NA,CBCsimpleAsymRW_CBCdriftDiffusionLR,121.09051526939609
CBC_P030,CBC_P030_TV_prob0.9_Vset3_Tset1_2024-05-15_15h11.00.190.csv,2,17,tac,2A,0.35,1,2.2932923999997,0,1,1,0.460268160656389,0.460268160656389,CBCsimpleAsymRW,CBCdriftDiffusionLR,0.5,0.199502362537452,0.040554159260264,NA,0.541745515001792,4.11948484576474,2.4765184309625,0.5,51.0847835499024,NA,v1,MR,NA,CBCsimpleAsymRW_CBCdriftDiffusionLR,121.09051526939609
CBC_P030,CBC_P030_TV_prob0.9_Vset3_Tset1_2024-05-15_15h11.00.190.csv,2,18,tac,0B,0.35,1,1.06535580000036,0,1,1,0.400248818731274,0.400248818731274,CBCsimpleAsymRW,CBCdriftDiffusionLR,0.5,0.199502362537452,0.040554159260264,NA,0.541745515001792,4.11948484576474,2.4765184309625,0.5,51.0847835499024,NA,v1,MR,NA,CBCsimpleAsymRW_CBCdriftDiffusionLR,121.09051526939609
CBC_P030,CBC_P030_TV_prob0.9_Vset3_Tset1_2024-05-15_15h11.00.190.csv,2,19,tac,2C,0.5,1,1.79389660000015,0,0,0,0.424571223652977,-0.575428776347023,CBCsimpleAsymRW,CBCdriftDiffusionLR,0.5,0.199502362537452,0.040554159260264,NA,0.541745515001792,4.11948484576474,2.4765184309625,0.5,51.0847835499024,NA,v1,MR,NA,CBCsimpleAsymRW_CBCdriftDiffusionLR,121.09051526939609
CBC_P030,CBC_P030_TV_prob0.9_Vset3_Tset1_2024-05-15_15h11.00.190.csv,2,20,tac,1B,0.5,1,0.983790299999782,1,1,1,0.67960176620844,0.32039823379156,CBCsimpleAsymRW,CBCdriftDiffusionLR,0.5,0.199502362537452,0.040554159260264,NA,0.541745515001792,4.11948484576474,2.4765184309625,0.5,51.0847835499024,NA,v1,MR,NA,CBCsimpleAsymRW_CBCdriftDiffusionLR,121.09051526939609
CBC_P030,CBC_P030_TV_prob0.9_Vset3_Tset1_2024-05-15_15h11.00.190.csv,2,21,tac,0C,0.15,1,2.31697459999941,0,1,1,0.5,0.5,CBCsimpleAsymRW,CBCdriftDiffusionLR,0.5,0.199502362537452,0.040554159260264,NA,0.541745515001792,4.11948484576474,2.4765184309625,0.5,51.0847835499024,NA,v1,MR,NA,CBCsimpleAsymRW_CBCdriftDiffusionLR,121.09051526939609
CBC_P030,CBC_P030_TV_prob0.9_Vset3_Tset1_2024-05-15_15h11.00.190.csv,2,22,tac,1B,0.5,1,0.813517700000375,1,1,1,0.743521970802683,0.256478029197317,CBCsimpleAsymRW,CBCdriftDiffusionLR,0.5,0.199502362537452,0.040554159260264,NA,0.541745515001792,4.11948484576474,2.4765184309625,0.5,51.0847835499024,NA,v1,MR,NA,CBCsimpleAsymRW_CBCdriftDiffusionLR,121.09051526939609
CBC_P030,CBC_P030_TV_prob0.9_Vset3_Tset1_2024-05-15_15h11.00.190.csv,2,23,tac,2C,0.5,1,1.80036889999974,1,1,1,0.447907253891893,0.552092746108107,CBCsimpleAsymRW,CBCdriftDiffusionLR,0.5,0.199502362537452,0.040554159260264,NA,0.541745515001792,4.11948484576474,2.4765184309625,0.5,51.0847835499024,NA,v1,MR,NA,CBCsimpleAsymRW_CBCdriftDiffusionLR,121.09051526939609
CBC_P030,CBC_P030_TV_prob0.9_Vset3_Tset1_2024-05-15_15h11.00.190.csv,2,24,tac,0B,0.35,1,0.962432100000115,0,1,1,0.32039823379156,0.32039823379156,CBCsimpleAsymRW,CBCdriftDiffusionLR,0.5,0.199502362537452,0.040554159260264,NA,0.541745515001792,4.11948484576474,2.4765184309625,0.5,51.0847835499024,NA,v1,MR,NA,CBCsimpleAsymRW_CBCdriftDiffusionLR,121.09051526939609
CBC_P030,CBC_P030_TV_prob0.9_Vset3_Tset1_2024-05-15_15h11.00.190.csv,2,25,tac,2A,0.35,1,1.54172769999968,1,0,0,0.368443575204672,-0.368443575204672,CBCsimpleAsymRW,CBCdriftDiffusionLR,0.5,0.199502362537452,0.040554159260264,NA,0.541745515001792,4.11948484576474,2.4765184309625,0.5,51.0847835499024,NA,v1,MR,NA,CBCsimpleAsymRW_CBCdriftDiffusionLR,121.09051526939609
CBC_P030,CBC_P030_TV_prob0.9_Vset3_Tset1_2024-05-15_15h11.00.190.csv,2,26,tac,1B,0.5,1,0.680190099999891,1,1,1,0.794689943566498,0.205310056433502,CBCsimpleAsymRW,CBCdriftDiffusionLR,0.5,0.199502362537452,0.040554159260264,NA,0.541745515001792,4.11948484576474,2.4765184309625,0.5,51.0847835499024,NA,v1,MR,NA,CBCsimpleAsymRW_CBCdriftDiffusionLR,121.09051526939609
CBC_P030,CBC_P030_TV_prob0.9_Vset3_Tset1_2024-05-15_15h11.00.190.csv,2,27,tac,0A,0.5,0,2.15568480000002,1,1,0,0.545360618630978,-0.545360618630978,CBCsimpleAsymRW,CBCdriftDiffusionLR,0.5,0.199502362537452,0.040554159260264,NA,0.541745515001792,4.11948484576474,2.4765184309625,0.5,51.0847835499024,NA,v1,MR,NA,CBCsimpleAsymRW_CBCdriftDiffusionLR,121.09051526939609
CBC_P030,CBC_P030_TV_prob0.9_Vset3_Tset1_2024-05-15_15h11.00.190.csv,2,28,tac,2B,0.15,1,NA,NA,NA,NA,0.400248818731274,0,CBCsimpleAsymRW,CBCdriftDiffusionLR,0.5,0.199502362537452,0.040554159260264,NA,0.541745515001792,4.11948484576474,2.4765184309625,0.5,51.0847835499024,NA,v1,MR,NA,CBCsimpleAsymRW_CBCdriftDiffusionLR,121.09051526939609
CBC_P030,CBC_P030_TV_prob0.9_Vset3_Tset1_2024-05-15_15h11.00.190.csv,2,29,tac,1C,0.35,1,5.75392400000055,0,1,1,0.30740475279167,0.30740475279167,CBCsimpleAsymRW,CBCdriftDiffusionLR,0.5,0.199502362537452,0.040554159260264,NA,0.541745515001792,4.11948484576474,2.4765184309625,0.5,51.0847835499024,NA,v1,MR,NA,CBCsimpleAsymRW_CBCdriftDiffusionLR,121.09051526939609
CBC_P030,CBC_P030_TV_prob0.9_Vset3_Tset1_2024-05-15_15h11.00.190.csv,2,30,tac,0B,0.35,1,0.85059420000016,0,1,1,0.256478029197317,0.256478029197317,CBCsimpleAsymRW,CBCdriftDiffusionLR,0.5,0.199502362537452,0.040554159260264,NA,0.541745515001792,4.11948484576474,2.4765184309625,0.5,51.0847835499024,NA,v1,MR,NA,CBCsimpleAsymRW_CBCdriftDiffusionLR,121.09051526939609
CBC_P030,CBC_P030_TV_prob0.9_Vset3_Tset1_2024-05-15_15h11.00.190.csv,2,31,tac,2C,0.5,1,3.01020189999963,1,1,1,0.55805106108025,0.44194893891975,CBCsimpleAsymRW,CBCdriftDiffusionLR,0.5,0.199502362537452,0.040554159260264,NA,0.541745515001792,4.11948484576474,2.4765184309625,0.5,51.0847835499024,NA,v1,MR,NA,CBCsimpleAsymRW_CBCdriftDiffusionLR,121.09051526939609
CBC_P030,CBC_P030_TV_prob0.9_Vset3_Tset1_2024-05-15_15h11.00.190.csv,2,32,tac,0A,0.5,1,2.20399009999983,1,1,1,0.523243977248741,0.476756022751259,CBCsimpleAsymRW,CBCdriftDiffusionLR,0.5,0.199502362537452,0.040554159260264,NA,0.541745515001792,4.11948484576474,2.4765184309625,0.5,51.0847835499024,NA,v1,MR,NA,CBCsimpleAsymRW_CBCdriftDiffusionLR,121.09051526939609
CBC_P030,CBC_P030_TV_prob0.9_Vset3_Tset1_2024-05-15_15h11.00.190.csv,2,33,tac,2C,0.5,1,2.34230339999976,1,1,1,0.646220918515661,0.353779081484339,CBCsimpleAsymRW,CBCdriftDiffusionLR,0.5,0.199502362537452,0.040554159260264,NA,0.541745515001792,4.11948484576474,2.4765184309625,0.5,51.0847835499024,NA,v1,MR,NA,CBCsimpleAsymRW_CBCdriftDiffusionLR,121.09051526939609
CBC_P030,CBC_P030_TV_prob0.9_Vset3_Tset1_2024-05-15_15h11.00.190.csv,2,34,tac,1A,0.15,1,0.896439600000122,0,1,1,0.479722920369868,0.479722920369868,CBCsimpleAsymRW,CBCdriftDiffusionLR,0.5,0.199502362537452,0.040554159260264,NA,0.541745515001792,4.11948484576474,2.4765184309625,0.5,51.0847835499024,NA,v1,MR,NA,CBCsimpleAsymRW_CBCdriftDiffusionLR,121.09051526939609
CBC_P030,CBC_P030_TV_prob0.9_Vset3_Tset1_2024-05-15_15h11.00.190.csv,2,35,tac,0B,0.35,1,1.02550659999997,0,1,1,0.205310056433502,0.205310056433502,CBCsimpleAsymRW,CBCdriftDiffusionLR,0.5,0.199502362537452,0.040554159260264,NA,0.541745515001792,4.11948484576474,2.4765184309625,0.5,51.0847835499024,NA,v1,MR,NA,CBCsimpleAsymRW_CBCdriftDiffusionLR,121.09051526939609
CBC_P030,CBC_P030_TV_prob0.9_Vset3_Tset1_2024-05-15_15h11.00.190.csv,2,36,tac,2C,0.5,1,2.02457049999975,1,1,1,0.716800681088116,0.283199318911884,CBCsimpleAsymRW,CBCdriftDiffusionLR,0.5,0.199502362537452,0.040554159260264,NA,0.541745515001792,4.11948484576474,2.4765184309625,0.5,51.0847835499024,NA,v1,MR,NA,CBCsimpleAsymRW_CBCdriftDiffusionLR,121.09051526939609
CBC_P030,CBC_P030_TV_prob0.9_Vset3_Tset1_2024-05-15_15h11.00.190.csv,2,37,tac,1B,0.5,1,0.898816899999474,1,1,1,0.835649784877679,0.164350215122321,CBCsimpleAsymRW,CBCdriftDiffusionLR,0.5,0.199502362537452,0.040554159260264,NA,0.541745515001792,4.11948484576474,2.4765184309625,0.5,51.0847835499024,NA,v1,MR,NA,CBCsimpleAsymRW_CBCdriftDiffusionLR,121.09051526939609
CBC_P030,CBC_P030_TV_prob0.9_Vset3_Tset1_2024-05-15_15h11.00.190.csv,2,38,tac,2A,0.35,1,2.18763889999991,0,1,1,0.353501655777401,0.353501655777401,CBCsimpleAsymRW,CBCdriftDiffusionLR,0.5,0.199502362537452,0.040554159260264,NA,0.541745515001792,4.11948484576474,2.4765184309625,0.5,51.0847835499024,NA,v1,MR,NA,CBCsimpleAsymRW_CBCdriftDiffusionLR,121.09051526939609
CBC_P030,CBC_P030_TV_prob0.9_Vset3_Tset1_2024-05-15_15h11.00.190.csv,2,39,tac,1C,0.35,0,0.983122699999512,0,1,0,0.24607677835449,-0.75392322164551,CBCsimpleAsymRW,CBCdriftDiffusionLR,0.5,0.199502362537452,0.040554159260264,NA,0.541745515001792,4.11948484576474,2.4765184309625,0.5,51.0847835499024,NA,v1,MR,NA,CBCsimpleAsymRW_CBCdriftDiffusionLR,121.09051526939609
CBC_P030,CBC_P030_TV_prob0.9_Vset3_Tset1_2024-05-15_15h11.00.190.csv,2,40,tac,0A,0.5,1,2.12139699999989,1,1,1,0.618357930141577,0.381642069858423,CBCsimpleAsymRW,CBCdriftDiffusionLR,0.5,0.199502362537452,0.040554159260264,NA,0.541745515001792,4.11948484576474,2.4765184309625,0.5,51.0847835499024,NA,v1,MR,NA,CBCsimpleAsymRW_CBCdriftDiffusionLR,121.09051526939609
CBC_P030,CBC_P030_TV_prob0.9_Vset3_Tset1_2024-05-15_15h11.00.190.csv,2,41,tac,1B,0.5,1,0.990755900000295,1,1,1,0.868438041078121,0.131561958921879,CBCsimpleAsymRW,CBCdriftDiffusionLR,0.5,0.199502362537452,0.040554159260264,NA,0.541745515001792,4.11948484576474,2.4765184309625,0.5,51.0847835499024,NA,v1,MR,NA,CBCsimpleAsymRW_CBCdriftDiffusionLR,121.09051526939609
CBC_P030,CBC_P030_TV_prob0.9_Vset3_Tset1_2024-05-15_15h11.00.190.csv,2,42,tac,0C,0.15,1,1.67728569999963,0,1,1,0.400248818731274,0.400248818731274,CBCsimpleAsymRW,CBCdriftDiffusionLR,0.5,0.199502362537452,0.040554159260264,NA,0.541745515001792,4.11948484576474,2.4765184309625,0.5,51.0847835499024,NA,v1,MR,NA,CBCsimpleAsymRW_CBCdriftDiffusionLR,121.09051526939609
CBC_P031,CBC_P031_AV_prob0.8_Vset2_Aset2_2024-05-15_16h23.53.732.csv,1,1,aud,0B,0.35,1,1.20693740000024,0,1,1,0.5,0.5,CBC2StepRW,CBCdriftDiffusionLR,0.5,0.26929808631116,NA,0.415458076890012,0.62161740534627,2.89228948781142,1.55753978270322,0.5,-0.300770910784968,NA,v1,MR,NA,CBC2StepRW_CBCdriftDiffusionLR,18.31940634802137
CBC_P031,CBC_P031_AV_prob0.8_Vset2_Aset2_2024-05-15_16h23.53.732.csv,1,2,aud,2C,0.5,1,1.30516959999841,1,1,1,0.5,0.5,CBC2StepRW,CBCdriftDiffusionLR,0.5,0.26929808631116,NA,0.415458076890012,0.62161740534627,2.89228948781142,1.55753978270322,0.5,-0.300770910784968,NA,v1,MR,NA,CBC2StepRW_CBCdriftDiffusionLR,18.31940634802137
CBC_P031,CBC_P031_AV_prob0.8_Vset2_Aset2_2024-05-15_16h23.53.732.csv,1,3,aud,1B,0.5,1,1.43616680000014,1,1,1,0.5,0.5,CBC2StepRW,CBCdriftDiffusionLR,0.5,0.26929808631116,NA,0.415458076890012,0.62161740534627,2.89228948781142,1.55753978270322,0.5,-0.300770910784968,NA,v1,MR,NA,CBC2StepRW_CBCdriftDiffusionLR,18.31940634802137
CBC_P031,CBC_P031_AV_prob0.8_Vset2_Aset2_2024-05-15_16h23.53.732.csv,1,4,aud,2C,0.5,0,1.27240699999857,1,1,0,0.63464904315558,-0.63464904315558,CBC2StepRW,CBCdriftDiffusionLR,0.5,0.26929808631116,NA,0.415458076890012,0.62161740534627,2.89228948781142,1.55753978270322,0.5,-0.300770910784968,NA,v1,MR,NA,CBC2StepRW_CBCdriftDiffusionLR,18.31940634802137
CBC_P031,CBC_P031_AV_prob0.8_Vset2_Aset2_2024-05-15_16h23.53.732.csv,1,5,aud,1B,0.5,1,2.22734639999908,1,1,1,0.63464904315558,0.36535095684442,CBC2StepRW,CBCdriftDiffusionLR,0.5,0.26929808631116,NA,0.415458076890012,0.62161740534627,2.89228948781142,1.55753978270322,0.5,-0.300770910784968,NA,v1,MR,NA,CBC2StepRW_CBCdriftDiffusionLR,18.31940634802137
CBC_P031,CBC_P031_AV_prob0.8_Vset2_Aset2_2024-05-15_16h23.53.732.csv,1,6,aud,2A,0.35,1,NA,NA,NA,NA,0.292270961554994,0,CBC2StepRW,CBCdriftDiffusionLR,0.5,0.26929808631116,NA,0.415458076890012,0.62161740534627,2.89228948781142,1.55753978270322,0.5,-0.300770910784968,NA,v1,MR,NA,CBC2StepRW_CBCdriftDiffusionLR,18.31940634802137
CBC_P031,CBC_P031_AV_prob0.8_Vset2_Aset2_2024-05-15_16h23.53.732.csv,1,7,aud,0B,0.35,1,0.917835599999307,0,1,1,0.124836498038107,0.124836498038107,CBC2StepRW,CBCdriftDiffusionLR,0.5,0.26929808631116,NA,0.415458076890012,0.62161740534627,2.89228948781142,1.55753978270322,0.5,-0.300770910784968,NA,v1,MR,NA,CBC2StepRW_CBCdriftDiffusionLR,18.31940634802137
CBC_P031,CBC_P031_AV_prob0.8_Vset2_Aset2_2024-05-15_16h23.53.732.csv,1,8,aud,1C,0.35,0,1.07572059999984,0,1,0,0.099865848536132,-0.900134151463868,CBC2StepRW,CBCdriftDiffusionLR,0.5,0.26929808631116,NA,0.415458076890012,0.62161740534627,2.89228948781142,1.55753978270322,0.5,-0.300770910784968,NA,v1,MR,NA,CBC2StepRW_CBCdriftDiffusionLR,18.31940634802137
CBC_P031,CBC_P031_AV_prob0.8_Vset2_Aset2_2024-05-15_16h23.53.732.csv,1,9,aud,0A,0.5,1,1.03422890000002,1,1,1,0.5,0.5,CBC2StepRW,CBCdriftDiffusionLR,0.5,0.26929808631116,NA,0.415458076890012,0.62161740534627,2.89228948781142,1.55753978270322,0.5,-0.300770910784968,NA,v1,MR,NA,CBC2StepRW_CBCdriftDiffusionLR,18.31940634802137
CBC_P031,CBC_P031_AV_prob0.8_Vset2_Aset2_2024-05-15_16h23.53.732.csv,1,10,aud,2C,0.5,1,0.975645899998199,1,1,1,0.463739270354574,0.536260729645426,CBC2StepRW,CBCdriftDiffusionLR,0.5,0.26929808631116,NA,0.415458076890012,0.62161740534627,2.89228948781142,1.55753978270322,0.5,-0.300770910784968,NA,v1,MR,NA,CBC2StepRW_CBCdriftDiffusionLR,18.31940634802137
CBC_P031,CBC_P031_AV_prob0.8_Vset2_Aset2_2024-05-15_16h23.53.732.csv,1,11,aud,0A,0.5,1,0.931337500000154,1,1,1,0.63464904315558,0.36535095684442,CBC2StepRW,CBCdriftDiffusionLR,0.5,0.26929808631116,NA,0.415458076890012,0.62161740534627,2.89228948781142,1.55753978270322,0.5,-0.300770910784968,NA,v1,MR,NA,CBC2StepRW_CBCdriftDiffusionLR,18.31940634802137
CBC_P031,CBC_P031_AV_prob0.8_Vset2_Aset2_2024-05-15_16h23.53.732.csv,1,12,aud,1C,0.35,1,0.998026799998115,0,1,1,0.200071311881958,0.200071311881958,CBC2StepRW,CBCdriftDiffusionLR,0.5,0.26929808631116,NA,0.415458076890012,0.62161740534627,2.89228948781142,1.55753978270322,0.5,-0.300770910784968,NA,v1,MR,NA,CBC2StepRW_CBCdriftDiffusionLR,18.31940634802137
CBC_P031,CBC_P031_AV_prob0.8_Vset2_Aset2_2024-05-15_16h23.53.732.csv,1,13,aud,2B,0.15,1,0.763311199998498,0,1,1,0.0583757751563214,0.0583757751563214,CBC2StepRW,CBCdriftDiffusionLR,0.5,0.26929808631116,NA,0.415458076890012,0.62161740534627,2.89228948781142,1.55753978270322,0.5,-0.300770910784968,NA,v1,MR,NA,CBC2StepRW_CBCdriftDiffusionLR,18.31940634802137
CBC_P031,CBC_P031_AV_prob0.8_Vset2_Aset2_2024-05-15_16h23.53.732.csv,1,14,aud,1A,0.15,1,0.781523800000286,0,1,1,0.0583757751563214,0.0583757751563214,CBC2StepRW,CBCdriftDiffusionLR,0.5,0.26929808631116,NA,0.415458076890012,0.62161740534627,2.89228948781142,1.55753978270322,0.5,-0.300770910784968,NA,v1,MR,NA,CBC2StepRW_CBCdriftDiffusionLR,18.31940634802137
CBC_P031,CBC_P031_AV_prob0.8_Vset2_Aset2_2024-05-15_16h23.53.732.csv,1,15,aud,2C,0.5,0,NA,NA,NA,NA,0.608153258611913,0,CBC2StepRW,CBCdriftDiffusionLR,0.5,0.26929808631116,NA,0.415458076890012,0.62161740534627,2.89228948781142,1.55753978270322,0.5,-0.300770910784968,NA,v1,MR,NA,CBC2StepRW_CBCdriftDiffusionLR,18.31940634802137
CBC_P031,CBC_P031_AV_prob0.8_Vset2_Aset2_2024-05-15_16h23.53.732.csv,1,16,aud,0A,0.5,1,0.834248099998149,0,0,0,0.733037356665733,-0.266962643334267,CBC2StepRW,CBCdriftDiffusionLR,0.5,0.26929808631116,NA,0.415458076890012,0.62161740534627,2.89228948781142,1.55753978270322,0.5,-0.300770910784968,NA,v1,MR,NA,CBC2StepRW_CBCdriftDiffusionLR,18.31940634802137
CBC_P031,CBC_P031_AV_prob0.8_Vset2_Aset2_2024-05-15_16h23.53.732.csv,1,17,aud,1C,0.35,1,NA,NA,NA,NA,0.146192490466384,0,CBC2StepRW,CBCdriftDiffusionLR,0.5,0.26929808631116,NA,0.415458076890012,0.62161740534627,2.89228948781142,1.55753978270322,0.5,-0.300770910784968,NA,v1,MR,NA,CBC2StepRW_CBCdriftDiffusionLR,18.31940634802137
CBC_P031,CBC_P031_AV_prob0.8_Vset2_Aset2_2024-05-15_16h23.53.732.csv,1,18,aud,2B,0.15,1,0.945446199999424,0,1,1,0.0426552906197935,0.0426552906197936,CBC2StepRW,CBCdriftDiffusionLR,0.5,0.26929808631116,NA,0.415458076890012,0.62161740534627,2.89228948781142,1.55753978270322,0.5,-0.300770910784968,NA,v1,MR,NA,CBC2StepRW_CBCdriftDiffusionLR,18.31940634802137
CBC_P031,CBC_P031_AV_prob0.8_Vset2_Aset2_2024-05-15_16h23.53.732.csv,1,19,aud,1C,0.35,0,NA,NA,NA,NA,0.146192490466384,0,CBC2StepRW,CBCdriftDiffusionLR,0.5,0.26929808631116,NA,0.415458076890012,0.62161740534627,2.89228948781142,1.55753978270322,0.5,-0.300770910784968,NA,v1,MR,NA,CBC2StepRW_CBCdriftDiffusionLR,18.31940634802137
CBC_P031,CBC_P031_AV_prob0.8_Vset2_Aset2_2024-05-15_16h23.53.732.csv,1,20,aud,0A,0.5,1,0.918563499999436,1,1,1,0.80492988563222,0.19507011436778,CBC2StepRW,CBCdriftDiffusionLR,0.5,0.26929808631116,NA,0.415458076890012,0.62161740534627,2.89228948781142,1.55753978270322,0.5,-0.300770910784968,NA,v1,MR,NA,CBC2StepRW_CBCdriftDiffusionLR,18.31940634802137
CBC_P031,CBC_P031_AV_prob0.8_Vset2_Aset2_2024-05-15_16h23.53.732.csv,1,21,aud,2C,0.5,0,0.931764199998725,1,1,0,0.608153258611913,-0.608153258611913,CBC2StepRW,CBCdriftDiffusionLR,0.5,0.26929808631116,NA,0.415458076890012,0.62161740534627,2.89228948781142,1.55753978270322,0.5,-0.300770910784968,NA,v1,MR,NA,CBC2StepRW_CBCdriftDiffusionLR,18.31940634802137
CBC_P031,CBC_P031_AV_prob0.8_Vset2_Aset2_2024-05-15_16h23.53.732.csv,1,22,aud,1B,0.5,1,1.21735850000005,1,1,1,0.733037356665733,0.266962643334267,CBC2StepRW,CBCdriftDiffusionLR,0.5,0.26929808631116,NA,0.415458076890012,0.62161740534627,2.89228948781142,1.55753978270322,0.5,-0.300770910784968,NA,v1,MR,NA,CBC2StepRW_CBCdriftDiffusionLR,18.31940634802137
CBC_P031,CBC_P031_AV_prob0.8_Vset2_Aset2_2024-05-15_16h23.53.732.csv,1,23,aud,0C,0.15,0,0.87593249999918,0,1,0,0.0341230878729124,-0.965876912127088,CBC2StepRW,CBCdriftDiffusionLR,0.5,0.26929808631116,NA,0.415458076890012,0.62161740534627,2.89228948781142,1.55753978270322,0.5,-0.300770910784968,NA,v1,MR,NA,CBC2StepRW_CBCdriftDiffusionLR,18.31940634802137
CBC_P031,CBC_P031_AV_prob0.8_Vset2_Aset2_2024-05-15_16h23.53.732.csv,1,24,aud,1B,0.5,1,NA,NA,NA,NA,0.80492988563222,0,CBC2StepRW,CBCdriftDiffusionLR,0.5,0.26929808631116,NA,0.415458076890012,0.62161740534627,2.89228948781142,1.55753978270322,0.5,-0.300770910784968,NA,v1,MR,NA,CBC2StepRW_CBCdriftDiffusionLR,18.31940634802137
CBC_P031,CBC_P031_AV_prob0.8_Vset2_Aset2_2024-05-15_16h23.53.732.csv,1,25,aud,2A,0.35,1,0.823121600000377,0,1,1,0.0341230878729124,0.0341230878729124,CBC2StepRW,CBCdriftDiffusionLR,0.5,0.26929808631116,NA,0.415458076890012,0.62161740534627,2.89228948781142,1.55753978270322,0.5,-0.300770910784968,NA,v1,MR,NA,CBC2StepRW_CBCdriftDiffusionLR,18.31940634802137
CBC_P031,CBC_P031_AV_prob0.8_Vset2_Aset2_2024-05-15_16h23.53.732.csv,1,26,aud,0B,0.35,1,0.921031599998969,0,1,1,0.0106498742075455,0.0106498742075455,CBC2StepRW,CBCdriftDiffusionLR,0.5,0.26929808631116,NA,0.415458076890012,0.62161740534627,2.89228948781142,1.55753978270322,0.5,-0.300770910784968,NA,v1,MR,NA,CBC2StepRW_CBCdriftDiffusionLR,18.31940634802137
CBC_P031,CBC_P031_AV_prob0.8_Vset2_Aset2_2024-05-15_16h23.53.732.csv,1,27,aud,2A,0.35,1,0.862203299999237,0,1,1,0.0249338056097095,0.0249338056097096,CBC2StepRW,CBCdriftDiffusionLR,0.5,0.26929808631116,NA,0.415458076890012,0.62161740534627,2.89228948781142,1.55753978270322,0.5,-0.300770910784968,NA,v1,MR,NA,CBC2StepRW_CBCdriftDiffusionLR,18.31940634802137
CBC_P031,CBC_P031_AV_prob0.8_Vset2_Aset2_2024-05-15_16h23.53.732.csv,1,28,aud,1B,0.5,1,0.793117299997903,1,1,1,0.80492988563222,0.19507011436778,CBC2StepRW,CBCdriftDiffusionLR,0.5,0.26929808631116,NA,0.415458076890012,0.62161740534627,2.89228948781142,1.55753978270322,0.5,-0.300770910784968,NA,v1,MR,NA,CBC2StepRW_CBCdriftDiffusionLR,18.31940634802137
CBC_P031,CBC_P031_AV_prob0.8_Vset2_Aset2_2024-05-15_16h23.53.732.csv,1,29,aud,0A,0.5,1,0.980873700000302,1,1,1,0.857461894127962,0.142538105872038,CBC2StepRW,CBCdriftDiffusionLR,0.5,0.26929808631116,NA,0.415458076890012,0.62161740534627,2.89228948781142,1.55753978270322,0.5,-0.300770910784968,NA,v1,MR,NA,CBC2StepRW_CBCdriftDiffusionLR,18.31940634802137
CBC_P031,CBC_P031_AV_prob0.8_Vset2_Aset2_2024-05-15_16h23.53.732.csv,1,30,aud,1B,0.5,1,NA,NA,NA,NA,0.857461894127962,0,CBC2StepRW,CBCdriftDiffusionLR,0.5,0.26929808631116,NA,0.415458076890012,0.62161740534627,2.89228948781142,1.55753978270322,0.5,-0.300770910784968,NA,v1,MR,NA,CBC2StepRW_CBCdriftDiffusionLR,18.31940634802137
CBC_P031,CBC_P031_AV_prob0.8_Vset2_Aset2_2024-05-15_16h23.53.732.csv,1,31,aud,2A,0.35,1,1.0094895000002,0,1,1,0.0106498742075455,0.0106498742075455,CBC2StepRW,CBCdriftDiffusionLR,0.5,0.26929808631116,NA,0.415458076890012,0.62161740534627,2.89228948781142,1.55753978270322,0.5,-0.300770910784968,NA,v1,MR,NA,CBC2StepRW_CBCdriftDiffusionLR,18.31940634802137
CBC_P031,CBC_P031_AV_prob0.8_Vset2_Aset2_2024-05-15_16h23.53.732.csv,1,32,aud,0C,0.15,1,0.906599699999788,0,1,1,0.171990875943715,0.171990875943715,CBC2StepRW,CBCdriftDiffusionLR,0.5,0.26929808631116,NA,0.415458076890012,0.62161740534627,2.89228948781142,1.55753978270322,0.5,-0.300770910784968,NA,v1,MR,NA,CBC2StepRW_CBCdriftDiffusionLR,18.31940634802137
CBC_P031,CBC_P031_AV_prob0.8_Vset2_Aset2_2024-05-15_16h23.53.732.csv,1,33,aud,1B,0.5,1,0.879915100000289,1,1,1,0.857461894127962,0.142538105872038,CBC2StepRW,CBCdriftDiffusionLR,0.5,0.26929808631116,NA,0.415458076890012,0.62161740534627,2.89228948781142,1.55753978270322,0.5,-0.300770910784968,NA,v1,MR,NA,CBC2StepRW_CBCdriftDiffusionLR,18.31940634802137
CBC_P031,CBC_P031_AV_prob0.8_Vset2_Aset2_2024-05-15_16h23.53.732.csv,1,34,aud,0A,0.5,0,1.08201069999814,1,1,0,0.895847133265719,-0.895847133265719,CBC2StepRW,CBCdriftDiffusionLR,0.5,0.26929808631116,NA,0.415458076890012,0.62161740534627,2.89228948781142,1.55753978270322,0.5,-0.300770910784968,NA,v1,MR,NA,CBC2StepRW_CBCdriftDiffusionLR,18.31940634802137
CBC_P031,CBC_P031_AV_prob0.8_Vset2_Aset2_2024-05-15_16h23.53.732.csv,1,35,aud,1C,0.35,1,1.68834119999883,0,1,1,0.0291992742200716,0.0291992742200716,CBC2StepRW,CBCdriftDiffusionLR,0.5,0.26929808631116,NA,0.415458076890012,0.62161740534627,2.89228948781142,1.55753978270322,0.5,-0.300770910784968,NA,v1,MR,NA,CBC2StepRW_CBCdriftDiffusionLR,18.31940634802137
CBC_P031,CBC_P031_AV_prob0.8_Vset2_Aset2_2024-05-15_16h23.53.732.csv,1,36,aud,0B,0.35,0,0.795223799999803,0,1,0,0.0015542887906831,-0.998445711209317,CBC2StepRW,CBCdriftDiffusionLR,0.5,0.26929808631116,NA,0.415458076890012,0.62161740534627,2.89228948781142,1.55753978270322,0.5,-0.300770910784968,NA,v1,MR,NA,CBC2StepRW_CBCdriftDiffusionLR,18.31940634802137
CBC_P031,CBC_P031_AV_prob0.8_Vset2_Aset2_2024-05-15_16h23.53.732.csv,1,37,aud,1A,0.15,1,0.752010299998801,0,1,1,0.00291106046012766,0.00291106046012768,CBC2StepRW,CBCdriftDiffusionLR,0.5,0.26929808631116,NA,0.415458076890012,0.62161740534627,2.89228948781142,1.55753978270322,0.5,-0.300770910784968,NA,v1,MR,NA,CBC2StepRW_CBCdriftDiffusionLR,18.31940634802137
CBC_P031,CBC_P031_AV_prob0.8_Vset2_Aset2_2024-05-15_16h23.53.732.csv,1,38,aud,2C,0.5,1,0.78339059999962,1,1,1,0.444378749883829,0.555621250116171,CBC2StepRW,CBCdriftDiffusionLR,0.5,0.26929808631116,NA,0.415458076890012,0.62161740534627,2.89228948781142,1.55753978270322,0.5,-0.300770910784968,NA,v1,MR,NA,CBC2StepRW_CBCdriftDiffusionLR,18.31940634802137
CBC_P031,CBC_P031_AV_prob0.8_Vset2_Aset2_2024-05-15_16h23.53.732.csv,1,39,aud,0A,0.5,1,0.928874399998676,1,1,1,0.654597214649923,0.345402785350077,CBC2StepRW,CBCdriftDiffusionLR,0.5,0.26929808631116,NA,0.415458076890012,0.62161740534627,2.89228948781142,1.55753978270322,0.5,-0.300770910784968,NA,v1,MR,NA,CBC2StepRW_CBCdriftDiffusionLR,18.31940634802137
CBC_P031,CBC_P031_AV_prob0.8_Vset2_Aset2_2024-05-15_16h23.53.732.csv,1,40,aud,2C,0.5,1,0.670881399999416,1,1,1,0.594006489253928,0.405993510746072,CBC2StepRW,CBCdriftDiffusionLR,0.5,0.26929808631116,NA,0.415458076890012,0.62161740534627,2.89228948781142,1.55753978270322,0.5,-0.300770910784968,NA,v1,MR,NA,CBC2StepRW_CBCdriftDiffusionLR,18.31940634802137
CBC_P031,CBC_P031_AV_prob0.8_Vset2_Aset2_2024-05-15_16h23.53.732.csv,1,41,aud,0B,0.35,1,1.06037690000085,0,1,1,0.158079898263617,0.158079898263617,CBC2StepRW,CBCdriftDiffusionLR,0.5,0.26929808631116,NA,0.415458076890012,0.62161740534627,2.89228948781142,1.55753978270322,0.5,-0.300770910784968,NA,v1,MR,NA,CBC2StepRW_CBCdriftDiffusionLR,18.31940634802137
CBC_P031,CBC_P031_AV_prob0.8_Vset2_Aset2_2024-05-15_16h23.53.732.csv,1,42,aud,1C,0.35,0,0.811312799998632,0,1,0,0.00729027027777626,-0.992709729722224,CBC2StepRW,CBCdriftDiffusionLR,0.5,0.26929808631116,NA,0.415458076890012,0.62161740534627,2.89228948781142,1.55753978270322,0.5,-0.300770910784968,NA,v1,MR,NA,CBC2StepRW_CBCdriftDiffusionLR,18.31940634802137
CBC_P031,CBC_P031_TV_prob0.8_Vset3_Tset1_2024-05-15_16h32.04.093.csv,2,1,tac,1A,0.15,0,1.74986279999757,0,1,0,0.5,-0.5,CBCsimpleAsymRW,CBCdriftDiffusionLR,0.5,0.994947620952728,0.0114677521232461,NA,0.571040230023286,1.90888581671271,1.96462627355629,0.5,29.2602900017837,NA,v1,MR,NA,CBCsimpleAsymRW_CBCdriftDiffusionLR,77.4415281731587
CBC_P031,CBC_P031_TV_prob0.8_Vset3_Tset1_2024-05-15_16h32.04.093.csv,2,2,tac,2C,0.5,0,2.30258779999895,1,1,0,0.5,-0.5,CBCsimpleAsymRW,CBCdriftDiffusionLR,0.5,0.994947620952728,0.0114677521232461,NA,0.571040230023286,1.90888581671271,1.96462627355629,0.5,29.2602900017837,NA,v1,MR,NA,CBCsimpleAsymRW_CBCdriftDiffusionLR,77.4415281731587
CBC_P031,CBC_P031_TV_prob0.8_Vset3_Tset1_2024-05-15_16h32.04.093.csv,2,3,tac,0A,0.5,1,1.17748849999771,0,0,0,0.5,-0.5,CBCsimpleAsymRW,CBCdriftDiffusionLR,0.5,0.994947620952728,0.0114677521232461,NA,0.571040230023286,1.90888581671271,1.96462627355629,0.5,29.2602900017837,NA,v1,MR,NA,CBCsimpleAsymRW_CBCdriftDiffusionLR,77.4415281731587
CBC_P031,CBC_P031_TV_prob0.8_Vset3_Tset1_2024-05-15_16h32.04.093.csv,2,4,tac,2B,0.15,1,1.60882199999833,1,0,0,0.5,-0.5,CBCsimpleAsymRW,CBCdriftDiffusionLR,0.5,0.994947620952728,0.0114677521232461,NA,0.571040230023286,1.90888581671271,1.96462627355629,0.5,29.2602900017837,NA,v1,MR,NA,CBCsimpleAsymRW_CBCdriftDiffusionLR,77.4415281731587
CBC_P031,CBC_P031_TV_prob0.8_Vset3_Tset1_2024-05-15_16h32.04.093.csv,2,5,tac,1C,0.35,1,2.7722591999991,1,0,0,0.5,-0.5,CBCsimpleAsymRW,CBCdriftDiffusionLR,0.5,0.994947620952728,0.0114677521232461,NA,0.571040230023286,1.90888581671271,1.96462627355629,0.5,29.2602900017837,NA,v1,MR,NA,CBCsimpleAsymRW_CBCdriftDiffusionLR,77.4415281731587
CBC_P031,CBC_P031_TV_prob0.8_Vset3_Tset1_2024-05-15_16h32.04.093.csv,2,6,tac,0A,0.5,1,2.15018959999907,0,0,0,0.505733876061623,-0.494266123938377,CBCsimpleAsymRW,CBCdriftDiffusionLR,0.5,0.994947620952728,0.0114677521232461,NA,0.571040230023286,1.90888581671271,1.96462627355629,0.5,29.2602900017837,NA,v1,MR,NA,CBCsimpleAsymRW_CBCdriftDiffusionLR,77.4415281731587
CBC_P031,CBC_P031_TV_prob0.8_Vset3_Tset1_2024-05-15_16h32.04.093.csv,2,7,tac,1B,0.5,1,2.41400209999847,1,1,1,0.5,0.5,CBCsimpleAsymRW,CBCdriftDiffusionLR,0.5,0.994947620952728,0.0114677521232461,NA,0.571040230023286,1.90888581671271,1.96462627355629,0.5,29.2602900017837,NA,v1,MR,NA,CBCsimpleAsymRW_CBCdriftDiffusionLR,77.4415281731587
CBC_P031,CBC_P031_TV_prob0.8_Vset3_Tset1_2024-05-15_16h32.04.093.csv,2,8,tac,2A,0.35,1,1.04581769999822,0,1,1,0.5,0.5,CBCsimpleAsymRW,CBCdriftDiffusionLR,0.5,0.994947620952728,0.0114677521232461,NA,0.571040230023286,1.90888581671271,1.96462627355629,0.5,29.2602900017837,NA,v1,MR,NA,CBCsimpleAsymRW_CBCdriftDiffusionLR,77.4415281731587
CBC_P031,CBC_P031_TV_prob0.8_Vset3_Tset1_2024-05-15_16h32.04.093.csv,2,9,tac,1C,0.35,1,2.26449309999771,1,0,0,0.494266123938377,-0.494266123938377,CBCsimpleAsymRW,CBCdriftDiffusionLR,0.5,0.994947620952728,0.0114677521232461,NA,0.571040230023286,1.90888581671271,1.96462627355629,0.5,29.2602900017837,NA,v1,MR,NA,CBCsimpleAsymRW_CBCdriftDiffusionLR,77.4415281731587
CBC_P031,CBC_P031_TV_prob0.8_Vset3_Tset1_2024-05-15_16h32.04.093.csv,2,10,tac,2A,0.35,1,0.891372699998101,0,1,1,0.00252618952363587,0.00252618952363592,CBCsimpleAsymRW,CBCdriftDiffusionLR,0.5,0.994947620952728,0.0114677521232461,NA,0.571040230023286,1.90888581671271,1.96462627355629,0.5,29.2602900017837,NA,v1,MR,NA,CBCsimpleAsymRW_CBCdriftDiffusionLR,77.4415281731587
CBC_P031,CBC_P031_TV_prob0.8_Vset3_Tset1_2024-05-15_16h32.04.093.csv,2,11,tac,0B,0.35,1,1.50949379999838,0,1,1,0.5,0.5,CBCsimpleAsymRW,CBCdriftDiffusionLR,0.5,0.994947620952728,0.0114677521232461,NA,0.571040230023286,1.90888581671271,1.96462627355629,0.5,29.2602900017837,NA,v1,MR,NA,CBCsimpleAsymRW_CBCdriftDiffusionLR,77.4415281731587
CBC_P031,CBC_P031_TV_prob0.8_Vset3_Tset1_2024-05-15_16h32.04.093.csv,2,12,tac,2C,0.5,1,3.75444950000019,1,1,1,0.494266123938377,0.505733876061623,CBCsimpleAsymRW,CBCdriftDiffusionLR,0.5,0.994947620952728,0.0114677521232461,NA,0.571040230023286,1.90888581671271,1.96462627355629,0.5,29.2602900017837,NA,v1,MR,NA,CBCsimpleAsymRW_CBCdriftDiffusionLR,77.4415281731587
CBC_P031,CBC_P031_TV_prob0.8_Vset3_Tset1_2024-05-15_16h32.04.093.csv,2,13,tac,0A,0.5,0,0.833039599998301,1,1,0,0.511401997453866,-0.511401997453866,CBCsimpleAsymRW,CBCdriftDiffusionLR,0.5,0.994947620952728,0.0114677521232461,NA,0.571040230023286,1.90888581671271,1.96462627355629,0.5,29.2602900017837,NA,v1,MR,NA,CBCsimpleAsymRW_CBCdriftDiffusionLR,77.4415281731587
CBC_P031,CBC_P031_TV_prob0.8_Vset3_Tset1_2024-05-15_16h32.04.093.csv,2,14,tac,1B,0.5,1,0.924026399998183,1,1,1,0.997473810476364,0.00252618952363592,CBCsimpleAsymRW,CBCdriftDiffusionLR,0.5,0.994947620952728,0.0114677521232461,NA,0.571040230023286,1.90888581671271,1.96462627355629,0.5,29.2602900017837,NA,v1,MR,NA,CBCsimpleAsymRW_CBCdriftDiffusionLR,77.4415281731587
CBC_P031,CBC_P031_TV_prob0.8_Vset3_Tset1_2024-05-15_16h32.04.093.csv,2,15,tac,0A,0.5,1,0.821738499998901,1,1,1,0.505537366111732,0.494462633888268,CBCsimpleAsymRW,CBCdriftDiffusionLR,0.5,0.994947620952728,0.0114677521232461,NA,0.571040230023286,1.90888581671271,1.96462627355629,0.5,29.2602900017837,NA,v1,MR,NA,CBCsimpleAsymRW_CBCdriftDiffusionLR,77.4415281731587
CBC_P031,CBC_P031_TV_prob0.8_Vset3_Tset1_2024-05-15_16h32.04.093.csv,2,16,tac,1C,0.35,1,1.28164729999844,0,1,1,0.488598002546134,0.488598002546134,CBCsimpleAsymRW,CBCdriftDiffusionLR,0.5,0.994947620952728,0.0114677521232461,NA,0.571040230023286,1.90888581671271,1.96462627355629,0.5,29.2602900017837,NA,v1,MR,NA,CBCsimpleAsymRW_CBCdriftDiffusionLR,77.4415281731587
CBC_P031,CBC_P031_TV_prob0.8_Vset3_Tset1_2024-05-15_16h32.04.093.csv,2,17,tac,2A,0.35,1,1.01513439999871,0,1,1,1.27632670186002e-5,1.27632670186006e-5,CBCsimpleAsymRW,CBCdriftDiffusionLR,0.5,0.994947620952728,0.0114677521232461,NA,0.571040230023286,1.90888581671271,1.96462627355629,0.5,29.2602900017837,NA,v1,MR,NA,CBCsimpleAsymRW_CBCdriftDiffusionLR,77.4415281731587
CBC_P031,CBC_P031_TV_prob0.8_Vset3_Tset1_2024-05-15_16h32.04.093.csv,2,18,tac,0B,0.35,1,1.38866159999816,0,1,1,0.00252618952363587,0.00252618952363592,CBCsimpleAsymRW,CBCdriftDiffusionLR,0.5,0.994947620952728,0.0114677521232461,NA,0.571040230023286,1.90888581671271,1.96462627355629,0.5,29.2602900017837,NA,v1,MR,NA,CBCsimpleAsymRW_CBCdriftDiffusionLR,77.4415281731587
CBC_P031,CBC_P031_TV_prob0.8_Vset3_Tset1_2024-05-15_16h32.04.093.csv,2,19,tac,2C,0.5,1,1.36836049999874,1,1,1,0.997444840761091,0.00255515923890925,CBCsimpleAsymRW,CBCdriftDiffusionLR,0.5,0.994947620952728,0.0114677521232461,NA,0.571040230023286,1.90888581671271,1.96462627355629,0.5,29.2602900017837,NA,v1,MR,NA,CBCsimpleAsymRW_CBCdriftDiffusionLR,77.4415281731587
CBC_P031,CBC_P031_TV_prob0.8_Vset3_Tset1_2024-05-15_16h32.04.093.csv,2,20,tac,1B,0.5,0,0.918046499999036,1,1,0,0.999987236732981,-0.999987236732981,CBCsimpleAsymRW,CBCdriftDiffusionLR,0.5,0.994947620952728,0.0114677521232461,NA,0.571040230023286,1.90888581671271,1.96462627355629,0.5,29.2602900017837,NA,v1,MR,NA,CBCsimpleAsymRW_CBCdriftDiffusionLR,77.4415281731587
CBC_P031,CBC_P031_TV_prob0.8_Vset3_Tset1_2024-05-15_16h32.04.093.csv,2,21,tac,0C,0.15,1,1.22158149999814,0,1,1,0.5,0.5,CBCsimpleAsymRW,CBCdriftDiffusionLR,0.5,0.994947620952728,0.0114677521232461,NA,0.571040230023286,1.90888581671271,1.96462627355629,0.5,29.2602900017837,NA,v1,MR,NA,CBCsimpleAsymRW_CBCdriftDiffusionLR,77.4415281731587
CBC_P031,CBC_P031_TV_prob0.8_Vset3_Tset1_2024-05-15_16h32.04.093.csv,2,22,tac,1B,0.5,1,1.16056449999815,1,1,1,0.988519630975718,0.0114803690242823,CBCsimpleAsymRW,CBCdriftDiffusionLR,0.5,0.994947620952728,0.0114677521232461,NA,0.571040230023286,1.90888581671271,1.96462627355629,0.5,29.2602900017837,NA,v1,MR,NA,CBCsimpleAsymRW_CBCdriftDiffusionLR,77.4415281731587
CBC_P031,CBC_P031_TV_prob0.8_Vset3_Tset1_2024-05-15_16h32.04.093.csv,2,23,tac,2C,0.5,1,1.05788829999801,1,1,1,0.999987090366999,1.29096330011569e-5,CBCsimpleAsymRW,CBCdriftDiffusionLR,0.5,0.994947620952728,0.0114677521232461,NA,0.571040230023286,1.90888581671271,1.96462627355629,0.5,29.2602900017837,NA,v1,MR,NA,CBCsimpleAsymRW_CBCdriftDiffusionLR,77.4415281731587
CBC_P031,CBC_P031_TV_prob0.8_Vset3_Tset1_2024-05-15_16h32.04.093.csv,2,24,tac,0B,0.35,1,1.16413419999844,0,1,1,1.27632670186002e-5,1.27632670186006e-5,CBCsimpleAsymRW,CBCdriftDiffusionLR,0.5,0.994947620952728,0.0114677521232461,NA,0.571040230023286,1.90888581671271,1.96462627355629,0.5,29.2602900017837,NA,v1,MR,NA,CBCsimpleAsymRW_CBCdriftDiffusionLR,77.4415281731587
CBC_P031,CBC_P031_TV_prob0.8_Vset3_Tset1_2024-05-15_16h32.04.093.csv,2,25,tac,2A,0.35,1,0.767977800000153,0,1,1,6.44848628590789e-8,6.44848628938988e-8,CBCsimpleAsymRW,CBCdriftDiffusionLR,0.5,0.994947620952728,0.0114677521232461,NA,0.571040230023286,1.90888581671271,1.96462627355629,0.5,29.2602900017837,NA,v1,MR,NA,CBCsimpleAsymRW_CBCdriftDiffusionLR,77.4415281731587
CBC_P031,CBC_P031_TV_prob0.8_Vset3_Tset1_2024-05-15_16h32.04.093.csv,2,26,tac,1B,0.5,1,0.953055399997538,1,1,1,0.999941996824087,5.80031759132016e-5,CBCsimpleAsymRW,CBCdriftDiffusionLR,0.5,0.994947620952728,0.0114677521232461,NA,0.571040230023286,1.90888581671271,1.96462627355629,0.5,29.2602900017837,NA,v1,MR,NA,CBCsimpleAsymRW_CBCdriftDiffusionLR,77.4415281731587
CBC_P031,CBC_P031_TV_prob0.8_Vset3_Tset1_2024-05-15_16h32.04.093.csv,2,27,tac,0A,0.5,0,0.857821099998546,1,1,0,0.997501787348884,-0.997501787348884,CBCsimpleAsymRW,CBCdriftDiffusionLR,0.5,0.994947620952728,0.0114677521232461,NA,0.571040230023286,1.90888581671271,1.96462627355629,0.5,29.2602900017837,NA,v1,MR,NA,CBCsimpleAsymRW_CBCdriftDiffusionLR,77.4415281731587
CBC_P031,CBC_P031_TV_prob0.8_Vset3_Tset1_2024-05-15_16h32.04.093.csv,2,28,tac,2B,0.15,0,1.12960219999877,1,0,1,0.494266123938377,0.505733876061623,CBCsimpleAsymRW,CBCdriftDiffusionLR,0.5,0.994947620952728,0.0114677521232461,NA,0.571040230023286,1.90888581671271,1.96462627355629,0.5,29.2602900017837,NA,v1,MR,NA,CBCsimpleAsymRW_CBCdriftDiffusionLR,77.4415281731587
CBC_P031,CBC_P031_TV_prob0.8_Vset3_Tset1_2024-05-15_16h32.04.093.csv,2,29,tac,1C,0.35,1,1.4686845999986,0,1,1,0.00246858231060293,0.00246858231060298,CBCsimpleAsymRW,CBCdriftDiffusionLR,0.5,0.994947620952728,0.0114677521232461,NA,0.571040230023286,1.90888581671271,1.96462627355629,0.5,29.2602900017837,NA,v1,MR,NA,CBCsimpleAsymRW_CBCdriftDiffusionLR,77.4415281731587
CBC_P031,CBC_P031_TV_prob0.8_Vset3_Tset1_2024-05-15_16h32.04.093.csv,2,30,tac,0B,0.35,1,0.802455699998973,0,1,1,6.44848628590789e-8,6.44848628938988e-8,CBCsimpleAsymRW,CBCdriftDiffusionLR,0.5,0.994947620952728,0.0114677521232461,NA,0.571040230023286,1.90888581671271,1.96462627355629,0.5,29.2602900017837,NA,v1,MR,NA,CBCsimpleAsymRW_CBCdriftDiffusionLR,77.4415281731587
CBC_P031,CBC_P031_TV_prob0.8_Vset3_Tset1_2024-05-15_16h32.04.093.csv,2,31,tac,2C,0.5,0,1.16105210000023,1,1,0,0.999999934775641,-0.999999934775641,CBCsimpleAsymRW,CBCdriftDiffusionLR,0.5,0.994947620952728,0.0114677521232461,NA,0.571040230023286,1.90888581671271,1.96462627355629,0.5,29.2602900017837,NA,v1,MR,NA,CBCsimpleAsymRW_CBCdriftDiffusionLR,77.4415281731587
CBC_P031,CBC_P031_TV_prob0.8_Vset3_Tset1_2024-05-15_16h32.04.093.csv,2,32,tac,0A,0.5,0,0.796161699998265,1,1,0,0.986062684109072,-0.986062684109072,CBCsimpleAsymRW,CBCdriftDiffusionLR,0.5,0.994947620952728,0.0114677521232461,NA,0.571040230023286,1.90888581671271,1.96462627355629,0.5,29.2602900017837,NA,v1,MR,NA,CBCsimpleAsymRW_CBCdriftDiffusionLR,77.4415281731587
CBC_P031,CBC_P031_TV_prob0.8_Vset3_Tset1_2024-05-15_16h32.04.093.csv,2,33,tac,2C,0.5,1,1.37363989999903,1,1,1,0.988532183400371,0.0114678165996286,CBCsimpleAsymRW,CBCdriftDiffusionLR,0.5,0.994947620952728,0.0114677521232461,NA,0.571040230023286,1.90888581671271,1.96462627355629,0.5,29.2602900017837,NA,v1,MR,NA,CBCsimpleAsymRW_CBCdriftDiffusionLR,77.4415281731587
CBC_P031,CBC_P031_TV_prob0.8_Vset3_Tset1_2024-05-15_16h32.04.093.csv,2,34,tac,1A,0.15,1,0.890315399999963,0,1,1,0.505733876061623,0.505733876061623,CBCsimpleAsymRW,CBCdriftDiffusionLR,0.5,0.994947620952728,0.0114677521232461,NA,0.571040230023286,1.90888581671271,1.96462627355629,0.5,29.2602900017837,NA,v1,MR,NA,CBCsimpleAsymRW_CBCdriftDiffusionLR,77.4415281731587
CBC_P031,CBC_P031_TV_prob0.8_Vset3_Tset1_2024-05-15_16h32.04.093.csv,2,35,tac,0B,0.35,1,0.87027389999821,0,1,1,3.25801935331492e-10,3.25801940981307e-10,CBCsimpleAsymRW,CBCdriftDiffusionLR,0.5,0.994947620952728,0.0114677521232461,NA,0.571040230023286,1.90888581671271,1.96462627355629,0.5,29.2602900017837,NA,v1,MR,NA,CBCsimpleAsymRW_CBCdriftDiffusionLR,77.4415281731587
CBC_P031,CBC_P031_TV_prob0.8_Vset3_Tset1_2024-05-15_16h32.04.093.csv,2,36,tac,2C,0.5,1,1.08860719999939,1,1,1,0.999942060243694,5.79397563059691e-5,CBCsimpleAsymRW,CBCdriftDiffusionLR,0.5,0.994947620952728,0.0114677521232461,NA,0.571040230023286,1.90888581671271,1.96462627355629,0.5,29.2602900017837,NA,v1,MR,NA,CBCsimpleAsymRW_CBCdriftDiffusionLR,77.4415281731587
CBC_P031,CBC_P031_TV_prob0.8_Vset3_Tset1_2024-05-15_16h32.04.093.csv,2,37,tac,1B,0.5,1,0.942666799997824,1,1,1,0.999999706945969,2.93054030708895e-7,CBCsimpleAsymRW,CBCdriftDiffusionLR,0.5,0.994947620952728,0.0114677521232461,NA,0.571040230023286,1.90888581671271,1.96462627355629,0.5,29.2602900017837,NA,v1,MR,NA,CBCsimpleAsymRW_CBCdriftDiffusionLR,77.4415281731587
CBC_P031,CBC_P031_TV_prob0.8_Vset3_Tset1_2024-05-15_16h32.04.093.csv,2,38,tac,2A,0.35,1,2.1327240999999,0,1,1,3.25801935331492e-10,3.25801940981307e-10,CBCsimpleAsymRW,CBCdriftDiffusionLR,0.5,0.994947620952728,0.0114677521232461,NA,0.571040230023286,1.90888581671271,1.96462627355629,0.5,29.2602900017837,NA,v1,MR,NA,CBCsimpleAsymRW_CBCdriftDiffusionLR,77.4415281731587
CBC_P031,CBC_P031_TV_prob0.8_Vset3_Tset1_2024-05-15_16h32.04.093.csv,2,39,tac,1C,0.35,1,0.802600699998948,0,1,1,1.24722135425009e-5,1.24722135425026e-5,CBCsimpleAsymRW,CBCdriftDiffusionLR,0.5,0.994947620952728,0.0114677521232461,NA,0.571040230023286,1.90888581671271,1.96462627355629,0.5,29.2602900017837,NA,v1,MR,NA,CBCsimpleAsymRW_CBCdriftDiffusionLR,77.4415281731587
CBC_P031,CBC_P031_TV_prob0.8_Vset3_Tset1_2024-05-15_16h32.04.093.csv,2,40,tac,0A,0.5,1,0.712476599999718,1,1,1,0.974754761669726,0.0252452383302736,CBCsimpleAsymRW,CBCdriftDiffusionLR,0.5,0.994947620952728,0.0114677521232461,NA,0.571040230023286,1.90888581671271,1.96462627355629,0.5,29.2602900017837,NA,v1,MR,NA,CBCsimpleAsymRW_CBCdriftDiffusionLR,77.4415281731587
CBC_P031,CBC_P031_TV_prob0.8_Vset3_Tset1_2024-05-15_16h32.04.093.csv,2,41,tac,1B,0.5,0,0.660299199997098,0,0,1,0.99999999851938,0.99999999851938,CBCsimpleAsymRW,CBCdriftDiffusionLR,0.5,0.994947620952728,0.0114677521232461,NA,0.571040230023286,1.90888581671271,1.96462627355629,0.5,29.2602900017837,NA,v1,MR,NA,CBCsimpleAsymRW_CBCdriftDiffusionLR,77.4415281731587
CBC_P031,CBC_P031_TV_prob0.8_Vset3_Tset1_2024-05-15_16h32.04.093.csv,2,42,tac,0C,0.15,1,0.889579400000002,0,1,1,0.00252618952363587,0.00252618952363592,CBCsimpleAsymRW,CBCdriftDiffusionLR,0.5,0.994947620952728,0.0114677521232461,NA,0.571040230023286,1.90888581671271,1.96462627355629,0.5,29.2602900017837,NA,v1,MR,NA,CBCsimpleAsymRW_CBCdriftDiffusionLR,77.4415281731587
CBC_P034,CBC_P034_AV_prob0.8_Vset4_Aset4_2024-05-16_11h50.22.223.csv,1,1,aud,1A,0.15,1,1.77828279999994,1,0,0,0.5,-0.5,CBCsimpleRW,CBCdriftDiffusionLR,0.5,0.0913930172132102,NA,NA,0.715306085814729,8.4914795746588,1.98734852673438,0.5,38.3982782809876,NA,v1,MR,NA,CBCsimpleRW_CBCdriftDiffusionLR,91.93331509764823
CBC_P034,CBC_P034_AV_prob0.8_Vset4_Aset4_2024-05-16_11h50.22.223.csv,1,2,aud,2C,0.5,1,1.20092710000063,1,1,1,0.5,0.5,CBCsimpleRW,CBCdriftDiffusionLR,0.5,0.0913930172132102,NA,NA,0.715306085814729,8.4914795746588,1.98734852673438,0.5,38.3982782809876,NA,v1,MR,NA,CBCsimpleRW_CBCdriftDiffusionLR,91.93331509764823
CBC_P034,CBC_P034_AV_prob0.8_Vset4_Aset4_2024-05-16_11h50.22.223.csv,1,3,aud,0A,0.5,1,1.15187649999916,1,1,1,0.5,0.5,CBCsimpleRW,CBCdriftDiffusionLR,0.5,0.0913930172132102,NA,NA,0.715306085814729,8.4914795746588,1.98734852673438,0.5,38.3982782809876,NA,v1,MR,NA,CBCsimpleRW_CBCdriftDiffusionLR,91.93331509764823
CBC_P034,CBC_P034_AV_prob0.8_Vset4_Aset4_2024-05-16_11h50.22.223.csv,1,4,aud,2B,0.15,1,1.86284280000018,0,1,1,0.5,0.5,CBCsimpleRW,CBCdriftDiffusionLR,0.5,0.0913930172132102,NA,NA,0.715306085814729,8.4914795746588,1.98734852673438,0.5,38.3982782809876,NA,v1,MR,NA,CBCsimpleRW_CBCdriftDiffusionLR,91.93331509764823
CBC_P034,CBC_P034_AV_prob0.8_Vset4_Aset4_2024-05-16_11h50.22.223.csv,1,5,aud,1C,0.35,1,2.54348000000027,1,0,0,0.5,-0.5,CBCsimpleRW,CBCdriftDiffusionLR,0.5,0.0913930172132102,NA,NA,0.715306085814729,8.4914795746588,1.98734852673438,0.5,38.3982782809876,NA,v1,MR,NA,CBCsimpleRW_CBCdriftDiffusionLR,91.93331509764823
CBC_P034,CBC_P034_AV_prob0.8_Vset4_Aset4_2024-05-16_11h50.22.223.csv,1,6,aud,0A,0.5,0,2.47275530000024,1,1,0,0.545696508606605,-0.545696508606605,CBCsimpleRW,CBCdriftDiffusionLR,0.5,0.0913930172132102,NA,NA,0.715306085814729,8.4914795746588,1.98734852673438,0.5,38.3982782809876,NA,v1,MR,NA,CBCsimpleRW_CBCdriftDiffusionLR,91.93331509764823
CBC_P034,CBC_P034_AV_prob0.8_Vset4_Aset4_2024-05-16_11h50.22.223.csv,1,7,aud,1B,0.5,1,1.57510649999949,1,1,1,0.5,0.5,CBCsimpleRW,CBCdriftDiffusionLR,0.5,0.0913930172132102,NA,NA,0.715306085814729,8.4914795746588,1.98734852673438,0.5,38.3982782809876,NA,v1,MR,NA,CBCsimpleRW_CBCdriftDiffusionLR,91.93331509764823
CBC_P034,CBC_P034_AV_prob0.8_Vset4_Aset4_2024-05-16_11h50.22.223.csv,1,8,aud,2A,0.35,1,2.17805849999968,0,1,1,0.5,0.5,CBCsimpleRW,CBCdriftDiffusionLR,0.5,0.0913930172132102,NA,NA,0.715306085814729,8.4914795746588,1.98734852673438,0.5,38.3982782809876,NA,v1,MR,NA,CBCsimpleRW_CBCdriftDiffusionLR,91.93331509764823
CBC_P034,CBC_P034_AV_prob0.8_Vset4_Aset4_2024-05-16_11h50.22.223.csv,1,9,aud,1C,0.35,1,1.63766269999996,0,1,1,0.454303491393395,0.454303491393395,CBCsimpleRW,CBCdriftDiffusionLR,0.5,0.0913930172132102,NA,NA,0.715306085814729,8.4914795746588,1.98734852673438,0.5,38.3982782809876,NA,v1,MR,NA,CBCsimpleRW_CBCdriftDiffusionLR,91.93331509764823
CBC_P034,CBC_P034_AV_prob0.8_Vset4_Aset4_2024-05-16_11h50.22.223.csv,1,10,aud,2A,0.35,0,1.51940289999948,0,1,0,0.454303491393395,-0.545696508606605,CBCsimpleRW,CBCdriftDiffusionLR,0.5,0.0913930172132102,NA,NA,0.715306085814729,8.4914795746588,1.98734852673438,0.5,38.3982782809876,NA,v1,MR,NA,CBCsimpleRW_CBCdriftDiffusionLR,91.93331509764823
CBC_P034,CBC_P034_AV_prob0.8_Vset4_Aset4_2024-05-16_11h50.22.223.csv,1,11,aud,0B,0.35,1,1.24876969999968,1,0,0,0.5,-0.5,CBCsimpleRW,CBCdriftDiffusionLR,0.5,0.0913930172132102,NA,NA,0.715306085814729,8.4914795746588,1.98734852673438,0.5,38.3982782809876,NA,v1,MR,NA,CBCsimpleRW_CBCdriftDiffusionLR,91.93331509764823
CBC_P034,CBC_P034_AV_prob0.8_Vset4_Aset4_2024-05-16_11h50.22.223.csv,1,12,aud,2C,0.5,0,2.24351769999976,0,0,1,0.545696508606605,0.545696508606605,CBCsimpleRW,CBCdriftDiffusionLR,0.5,0.0913930172132102,NA,NA,0.715306085814729,8.4914795746588,1.98734852673438,0.5,38.3982782809876,NA,v1,MR,NA,CBCsimpleRW_CBCdriftDiffusionLR,91.93331509764823
CBC_P034,CBC_P034_AV_prob0.8_Vset4_Aset4_2024-05-16_11h50.22.223.csv,1,13,aud,0A,0.5,1,2.2998220999998,1,1,1,0.495823658202333,0.504176341797667,CBCsimpleRW,CBCdriftDiffusionLR,0.5,0.0913930172132102,NA,NA,0.715306085814729,8.4914795746588,1.98734852673438,0.5,38.3982782809876,NA,v1,MR,NA,CBCsimpleRW_CBCdriftDiffusionLR,91.93331509764823
CBC_P034,CBC_P034_AV_prob0.8_Vset4_Aset4_2024-05-16_11h50.22.223.csv,1,14,aud,1B,0.5,1,1.66564550000021,1,1,1,0.545696508606605,0.454303491393395,CBCsimpleRW,CBCdriftDiffusionLR,0.5,0.0913930172132102,NA,NA,0.715306085814729,8.4914795746588,1.98734852673438,0.5,38.3982782809876,NA,v1,MR,NA,CBCsimpleRW_CBCdriftDiffusionLR,91.93331509764823
CBC_P034,CBC_P034_AV_prob0.8_Vset4_Aset4_2024-05-16_11h50.22.223.csv,1,15,aud,0A,0.5,1,1.38667689999966,1,1,1,0.541901855286741,0.458098144713259,CBCsimpleRW,CBCdriftDiffusionLR,0.5,0.0913930172132102,NA,NA,0.715306085814729,8.4914795746588,1.98734852673438,0.5,38.3982782809876,NA,v1,MR,NA,CBCsimpleRW_CBCdriftDiffusionLR,91.93331509764823
CBC_P034,CBC_P034_AV_prob0.8_Vset4_Aset4_2024-05-16_11h50.22.223.csv,1,16,aud,1C,0.35,0,NA,NA,NA,NA,0.412783324584457,0,CBCsimpleRW,CBCdriftDiffusionLR,0.5,0.0913930172132102,NA,NA,0.715306085814729,8.4914795746588,1.98734852673438,0.5,38.3982782809876,NA,v1,MR,NA,CBCsimpleRW_CBCdriftDiffusionLR,91.93331509764823
CBC_P034,CBC_P034_AV_prob0.8_Vset4_Aset4_2024-05-16_11h50.22.223.csv,1,17,aud,2A,0.35,1,2.06357600000047,0,1,1,0.504176341797667,0.504176341797667,CBCsimpleRW,CBCdriftDiffusionLR,0.5,0.0913930172132102,NA,NA,0.715306085814729,8.4914795746588,1.98734852673438,0.5,38.3982782809876,NA,v1,MR,NA,CBCsimpleRW_CBCdriftDiffusionLR,91.93331509764823
CBC_P034,CBC_P034_AV_prob0.8_Vset4_Aset4_2024-05-16_11h50.22.223.csv,1,18,aud,0B,0.35,1,1.18612889999986,0,1,1,0.454303491393395,0.454303491393395,CBCsimpleRW,CBCdriftDiffusionLR,0.5,0.0913930172132102,NA,NA,0.715306085814729,8.4914795746588,1.98734852673438,0.5,38.3982782809876,NA,v1,MR,NA,CBCsimpleRW_CBCdriftDiffusionLR,91.93331509764823
CBC_P034,CBC_P034_AV_prob0.8_Vset4_Aset4_2024-05-16_11h50.22.223.csv,1,19,aud,2C,0.5,1,1.27634899999975,1,1,1,0.495823658202333,0.504176341797667,CBCsimpleRW,CBCdriftDiffusionLR,0.5,0.0913930172132102,NA,NA,0.715306085814729,8.4914795746588,1.98734852673438,0.5,38.3982782809876,NA,v1,MR,NA,CBCsimpleRW_CBCdriftDiffusionLR,91.93331509764823
CBC_P034,CBC_P034_AV_prob0.8_Vset4_Aset4_2024-05-16_11h50.22.223.csv,1,20,aud,1B,0.5,1,0.82487140000012,1,1,1,0.587216675415543,0.412783324584457,CBCsimpleRW,CBCdriftDiffusionLR,0.5,0.0913930172132102,NA,NA,0.715306085814729,8.4914795746588,1.98734852673438,0.5,38.3982782809876,NA,v1,MR,NA,CBCsimpleRW_CBCdriftDiffusionLR,91.93331509764823
CBC_P034,CBC_P034_AV_prob0.8_Vset4_Aset4_2024-05-16_11h50.22.223.csv,1,21,aud,0C,0.15,1,1.18750850000015,0,1,1,0.5,0.5,CBCsimpleRW,CBCdriftDiffusionLR,0.5,0.0913930172132102,NA,NA,0.715306085814729,8.4914795746588,1.98734852673438,0.5,38.3982782809876,NA,v1,MR,NA,CBCsimpleRW_CBCdriftDiffusionLR,91.93331509764823
CBC_P034,CBC_P034_AV_prob0.8_Vset4_Aset4_2024-05-16_11h50.22.223.csv,1,22,aud,1B,0.5,0,0.819113099999413,1,1,0,0.624942188904617,-0.624942188904617,CBCsimpleRW,CBCdriftDiffusionLR,0.5,0.0913930172132102,NA,NA,0.715306085814729,8.4914795746588,1.98734852673438,0.5,38.3982782809876,NA,v1,MR,NA,CBCsimpleRW_CBCdriftDiffusionLR,91.93331509764823
CBC_P034,CBC_P034_AV_prob0.8_Vset4_Aset4_2024-05-16_11h50.22.223.csv,1,23,aud,2C,0.5,1,1.09507549999944,1,1,1,0.541901855286741,0.458098144713259,CBCsimpleRW,CBCdriftDiffusionLR,0.5,0.0913930172132102,NA,NA,0.715306085814729,8.4914795746588,1.98734852673438,0.5,38.3982782809876,NA,v1,MR,NA,CBCsimpleRW_CBCdriftDiffusionLR,91.93331509764823
CBC_P034,CBC_P034_AV_prob0.8_Vset4_Aset4_2024-05-16_11h50.22.223.csv,1,24,aud,0B,0.35,1,1.85559190000004,0,1,1,0.412783324584457,0.412783324584457,CBCsimpleRW,CBCdriftDiffusionLR,0.5,0.0913930172132102,NA,NA,0.715306085814729,8.4914795746588,1.98734852673438,0.5,38.3982782809876,NA,v1,MR,NA,CBCsimpleRW_CBCdriftDiffusionLR,91.93331509764823
CBC_P034,CBC_P034_AV_prob0.8_Vset4_Aset4_2024-05-16_11h50.22.223.csv,1,25,aud,2A,0.35,1,2.04651149999972,0,1,1,0.458098144713259,0.458098144713259,CBCsimpleRW,CBCdriftDiffusionLR,0.5,0.0913930172132102,NA,NA,0.715306085814729,8.4914795746588,1.98734852673438,0.5,38.3982782809876,NA,v1,MR,NA,CBCsimpleRW_CBCdriftDiffusionLR,91.93331509764823
CBC_P034,CBC_P034_AV_prob0.8_Vset4_Aset4_2024-05-16_11h50.22.223.csv,1,26,aud,1B,0.5,1,1.22204479999982,0,0,0,0.567826836676796,-0.432173163323204,CBCsimpleRW,CBCdriftDiffusionLR,0.5,0.0913930172132102,NA,NA,0.715306085814729,8.4914795746588,1.98734852673438,0.5,38.3982782809876,NA,v1,MR,NA,CBCsimpleRW_CBCdriftDiffusionLR,91.93331509764823
CBC_P034,CBC_P034_AV_prob0.8_Vset4_Aset4_2024-05-16_11h50.22.223.csv,1,27,aud,0A,0.5,1,1.1303012999997,1,1,1,0.583768826911859,0.416231173088141,CBCsimpleRW,CBCdriftDiffusionLR,0.5,0.0913930172132102,NA,NA,0.715306085814729,8.4914795746588,1.98734852673438,0.5,38.3982782809876,NA,v1,MR,NA,CBCsimpleRW_CBCdriftDiffusionLR,91.93331509764823
CBC_P034,CBC_P034_AV_prob0.8_Vset4_Aset4_2024-05-16_11h50.22.223.csv,1,28,aud,2B,0.15,1,0.94215880000047,0,1,1,0.454303491393395,0.454303491393395,CBCsimpleRW,CBCdriftDiffusionLR,0.5,0.0913930172132102,NA,NA,0.715306085814729,8.4914795746588,1.98734852673438,0.5,38.3982782809876,NA,v1,MR,NA,CBCsimpleRW_CBCdriftDiffusionLR,91.93331509764823
CBC_P034,CBC_P034_AV_prob0.8_Vset4_Aset4_2024-05-16_11h50.22.223.csv,1,29,aud,1C,0.35,0,2.13979959999961,0,1,0,0.412783324584457,-0.587216675415543,CBCsimpleRW,CBCdriftDiffusionLR,0.5,0.0913930172132102,NA,NA,0.715306085814729,8.4914795746588,1.98734852673438,0.5,38.3982782809876,NA,v1,MR,NA,CBCsimpleRW_CBCdriftDiffusionLR,91.93331509764823
CBC_P034,CBC_P034_AV_prob0.8_Vset4_Aset4_2024-05-16_11h50.22.223.csv,1,30,aud,0B,0.35,1,1.07397219999984,0,1,1,0.375057811095383,0.375057811095383,CBCsimpleRW,CBCdriftDiffusionLR,0.5,0.0913930172132102,NA,NA,0.715306085814729,8.4914795746588,1.98734852673438,0.5,38.3982782809876,NA,v1,MR,NA,CBCsimpleRW_CBCdriftDiffusionLR,91.93331509764823
CBC_P034,CBC_P034_AV_prob0.8_Vset4_Aset4_2024-05-16_11h50.22.223.csv,1,31,aud,2C,0.5,0,1.2810228999997,1,1,0,0.583768826911859,-0.583768826911859,CBCsimpleRW,CBCdriftDiffusionLR,0.5,0.0913930172132102,NA,NA,0.715306085814729,8.4914795746588,1.98734852673438,0.5,38.3982782809876,NA,v1,MR,NA,CBCsimpleRW_CBCdriftDiffusionLR,91.93331509764823
CBC_P034,CBC_P034_AV_prob0.8_Vset4_Aset4_2024-05-16_11h50.22.223.csv,1,32,aud,0A,0.5,1,1.0111538000001,1,1,1,0.621809449678578,0.378190550321422,CBCsimpleRW,CBCdriftDiffusionLR,0.5,0.0913930172132102,NA,NA,0.715306085814729,8.4914795746588,1.98734852673438,0.5,38.3982782809876,NA,v1,MR,NA,CBCsimpleRW_CBCdriftDiffusionLR,91.93331509764823
CBC_P034,CBC_P034_AV_prob0.8_Vset4_Aset4_2024-05-16_11h50.22.223.csv,1,33,aud,2C,0.5,1,1.55031830000007,0,0,0,0.530416432465368,-0.469583567534632,CBCsimpleRW,CBCdriftDiffusionLR,0.5,0.0913930172132102,NA,NA,0.715306085814729,8.4914795746588,1.98734852673438,0.5,38.3982782809876,NA,v1,MR,NA,CBCsimpleRW_CBCdriftDiffusionLR,91.93331509764823
CBC_P034,CBC_P034_AV_prob0.8_Vset4_Aset4_2024-05-16_11h50.22.223.csv,1,34,aud,1A,0.15,1,1.84519339999952,1,0,0,0.454303491393395,-0.454303491393395,CBCsimpleRW,CBCdriftDiffusionLR,0.5,0.0913930172132102,NA,NA,0.715306085814729,8.4914795746588,1.98734852673438,0.5,38.3982782809876,NA,v1,MR,NA,CBCsimpleRW_CBCdriftDiffusionLR,91.93331509764823
CBC_P034,CBC_P034_AV_prob0.8_Vset4_Aset4_2024-05-16_11h50.22.223.csv,1,35,aud,0B,0.35,1,1.26474129999951,0,1,1,0.340780146109994,0.340780146109994,CBCsimpleRW,CBCdriftDiffusionLR,0.5,0.0913930172132102,NA,NA,0.715306085814729,8.4914795746588,1.98734852673438,0.5,38.3982782809876,NA,v1,MR,NA,CBCsimpleRW_CBCdriftDiffusionLR,91.93331509764823
CBC_P034,CBC_P034_AV_prob0.8_Vset4_Aset4_2024-05-16_11h50.22.223.csv,1,36,aud,2C,0.5,1,1.00342229999933,1,1,1,0.573333091536101,0.426666908463899,CBCsimpleRW,CBCdriftDiffusionLR,0.5,0.0913930172132102,NA,NA,0.715306085814729,8.4914795746588,1.98734852673438,0.5,38.3982782809876,NA,v1,MR,NA,CBCsimpleRW_CBCdriftDiffusionLR,91.93331509764823
CBC_P034,CBC_P034_AV_prob0.8_Vset4_Aset4_2024-05-16_11h50.22.223.csv,1,37,aud,1B,0.5,1,1.01124549999986,1,1,1,0.607324446031481,0.392675553968519,CBCsimpleRW,CBCdriftDiffusionLR,0.5,0.0913930172132102,NA,NA,0.715306085814729,8.4914795746588,1.98734852673438,0.5,38.3982782809876,NA,v1,MR,NA,CBCsimpleRW_CBCdriftDiffusionLR,91.93331509764823
CBC_P034,CBC_P034_AV_prob0.8_Vset4_Aset4_2024-05-16_11h50.22.223.csv,1,38,aud,2A,0.35,1,0.9876991000001,0,1,1,0.416231173088141,0.416231173088141,CBCsimpleRW,CBCdriftDiffusionLR,0.5,0.0913930172132102,NA,NA,0.715306085814729,8.4914795746588,1.98734852673438,0.5,38.3982782809876,NA,v1,MR,NA,CBCsimpleRW_CBCdriftDiffusionLR,91.93331509764823
CBC_P034,CBC_P034_AV_prob0.8_Vset4_Aset4_2024-05-16_11h50.22.223.csv,1,39,aud,1C,0.35,1,1.10560910000004,0,1,1,0.466450828308594,0.466450828308594,CBCsimpleRW,CBCdriftDiffusionLR,0.5,0.0913930172132102,NA,NA,0.715306085814729,8.4914795746588,1.98734852673438,0.5,38.3982782809876,NA,v1,MR,NA,CBCsimpleRW_CBCdriftDiffusionLR,91.93331509764823
CBC_P034,CBC_P034_AV_prob0.8_Vset4_Aset4_2024-05-16_11h50.22.223.csv,1,40,aud,0A,0.5,0,1.3663717999998,1,1,0,0.656373425153977,-0.656373425153977,CBCsimpleRW,CBCdriftDiffusionLR,0.5,0.0913930172132102,NA,NA,0.715306085814729,8.4914795746588,1.98734852673438,0.5,38.3982782809876,NA,v1,MR,NA,CBCsimpleRW_CBCdriftDiffusionLR,91.93331509764823
CBC_P034,CBC_P034_AV_prob0.8_Vset4_Aset4_2024-05-16_11h50.22.223.csv,1,41,aud,1B,0.5,1,0.961202999999841,1,1,1,0.643212249694533,0.356787750305467,CBCsimpleRW,CBCdriftDiffusionLR,0.5,0.0913930172132102,NA,NA,0.715306085814729,8.4914795746588,1.98734852673438,0.5,38.3982782809876,NA,v1,MR,NA,CBCsimpleRW_CBCdriftDiffusionLR,91.93331509764823
CBC_P034,CBC_P034_AV_prob0.8_Vset4_Aset4_2024-05-16_11h50.22.223.csv,1,42,aud,0C,0.15,0,1.22496110000066,0,1,0,0.454303491393395,-0.545696508606605,CBCsimpleRW,CBCdriftDiffusionLR,0.5,0.0913930172132102,NA,NA,0.715306085814729,8.4914795746588,1.98734852673438,0.5,38.3982782809876,NA,v1,MR,NA,CBCsimpleRW_CBCdriftDiffusionLR,91.93331509764823
CBC_P034,CBC_P034_TV_prob0.8_Vset1_Tset2_2024-05-16_11h42.22.080.csv,2,1,tac,0B,0.35,1,2.16590519999954,1,0,0,0.5,-0.5,CBCsimpleRW,CBCdriftDiffusionLR,0.5,0.593897903702105,NA,NA,0.97200952833802,0.440075633262551,2.05495900934532,0.5,61.6194710339478,NA,v1,MR,NA,CBCsimpleRW_CBCdriftDiffusionLR,138.37570060356865
CBC_P034,CBC_P034_TV_prob0.8_Vset1_Tset2_2024-05-16_11h42.22.080.csv,2,2,tac,2C,0.5,1,2.23953799999981,1,1,1,0.5,0.5,CBCsimpleRW,CBCdriftDiffusionLR,0.5,0.593897903702105,NA,NA,0.97200952833802,0.440075633262551,2.05495900934532,0.5,61.6194710339478,NA,v1,MR,NA,CBCsimpleRW_CBCdriftDiffusionLR,138.37570060356865
CBC_P034,CBC_P034_TV_prob0.8_Vset1_Tset2_2024-05-16_11h42.22.080.csv,2,3,tac,1B,0.5,1,2.32705319999968,0,0,0,0.5,-0.5,CBCsimpleRW,CBCdriftDiffusionLR,0.5,0.593897903702105,NA,NA,0.97200952833802,0.440075633262551,2.05495900934532,0.5,61.6194710339478,NA,v1,MR,NA,CBCsimpleRW_CBCdriftDiffusionLR,138.37570060356865
CBC_P034,CBC_P034_TV_prob0.8_Vset1_Tset2_2024-05-16_11h42.22.080.csv,2,4,tac,2C,0.5,0,2.1743120000001,1,1,0,0.796948951851053,-0.796948951851053,CBCsimpleRW,CBCdriftDiffusionLR,0.5,0.593897903702105,NA,NA,0.97200952833802,0.440075633262551,2.05495900934532,0.5,61.6194710339478,NA,v1,MR,NA,CBCsimpleRW_CBCdriftDiffusionLR,138.37570060356865
CBC_P034,CBC_P034_TV_prob0.8_Vset1_Tset2_2024-05-16_11h42.22.080.csv,2,5,tac,1B,0.5,0,2.41968290000023,0,0,1,0.796948951851053,0.796948951851053,CBCsimpleRW,CBCdriftDiffusionLR,0.5,0.593897903702105,NA,NA,0.97200952833802,0.440075633262551,2.05495900934532,0.5,61.6194710339478,NA,v1,MR,NA,CBCsimpleRW_CBCdriftDiffusionLR,138.37570060356865
CBC_P034,CBC_P034_TV_prob0.8_Vset1_Tset2_2024-05-16_11h42.22.080.csv,2,6,tac,2A,0.35,1,2.10121369999979,1,0,0,0.5,-0.5,CBCsimpleRW,CBCdriftDiffusionLR,0.5,0.593897903702105,NA,NA,0.97200952833802,0.440075633262551,2.05495900934532,0.5,61.6194710339478,NA,v1,MR,NA,CBCsimpleRW_CBCdriftDiffusionLR,138.37570060356865
CBC_P034,CBC_P034_TV_prob0.8_Vset1_Tset2_2024-05-16_11h42.22.080.csv,2,7,tac,0B,0.35,1,2.22125570000026,1,0,0,0.203051048148947,-0.203051048148947,CBCsimpleRW,CBCdriftDiffusionLR,0.5,0.593897903702105,NA,NA,0.97200952833802,0.440075633262551,2.05495900934532,0.5,61.6194710339478,NA,v1,MR,NA,CBCsimpleRW_CBCdriftDiffusionLR,138.37570060356865
CBC_P034,CBC_P034_TV_prob0.8_Vset1_Tset2_2024-05-16_11h42.22.080.csv,2,8,tac,1C,0.35,1,2.1705563000005,1,0,0,0.5,-0.5,CBCsimpleRW,CBCdriftDiffusionLR,0.5,0.593897903702105,NA,NA,0.97200952833802,0.440075633262551,2.05495900934532,0.5,61.6194710339478,NA,v1,MR,NA,CBCsimpleRW_CBCdriftDiffusionLR,138.37570060356865
CBC_P034,CBC_P034_TV_prob0.8_Vset1_Tset2_2024-05-16_11h42.22.080.csv,2,9,tac,0A,0.5,1,2.43346829999973,1,1,1,0.5,0.5,CBCsimpleRW,CBCdriftDiffusionLR,0.5,0.593897903702105,NA,NA,0.97200952833802,0.440075633262551,2.05495900934532,0.5,61.6194710339478,NA,v1,MR,NA,CBCsimpleRW_CBCdriftDiffusionLR,138.37570060356865
CBC_P034,CBC_P034_TV_prob0.8_Vset1_Tset2_2024-05-16_11h42.22.080.csv,2,10,tac,2C,0.5,1,2.24610289999964,0,0,0,0.323642639989122,-0.676357360010878,CBCsimpleRW,CBCdriftDiffusionLR,0.5,0.593897903702105,NA,NA,0.97200952833802,0.440075633262551,2.05495900934532,0.5,61.6194710339478,NA,v1,MR,NA,CBCsimpleRW_CBCdriftDiffusionLR,138.37570060356865
CBC_P034,CBC_P034_TV_prob0.8_Vset1_Tset2_2024-05-16_11h42.22.080.csv,2,11,tac,0A,0.5,1,1.91524539999955,1,1,1,0.796948951851053,0.203051048148947,CBCsimpleRW,CBCdriftDiffusionLR,0.5,0.593897903702105,NA,NA,0.97200952833802,0.440075633262551,2.05495900934532,0.5,61.6194710339478,NA,v1,MR,NA,CBCsimpleRW_CBCdriftDiffusionLR,138.37570060356865
CBC_P034,CBC_P034_TV_prob0.8_Vset1_Tset2_2024-05-16_11h42.22.080.csv,2,12,tac,1C,0.35,0,2.17930429999979,1,0,1,0.203051048148947,0.796948951851053,CBCsimpleRW,CBCdriftDiffusionLR,0.5,0.593897903702105,NA,NA,0.97200952833802,0.440075633262551,2.05495900934532,0.5,61.6194710339478,NA,v1,MR,NA,CBCsimpleRW_CBCdriftDiffusionLR,138.37570060356865
CBC_P034,CBC_P034_TV_prob0.8_Vset1_Tset2_2024-05-16_11h42.22.080.csv,2,13,tac,2B,0.15,1,2.20788449999964,1,0,0,0.5,-0.5,CBCsimpleRW,CBCdriftDiffusionLR,0.5,0.593897903702105,NA,NA,0.97200952833802,0.440075633262551,2.05495900934532,0.5,61.6194710339478,NA,v1,MR,NA,CBCsimpleRW_CBCdriftDiffusionLR,138.37570060356865
CBC_P034,CBC_P034_TV_prob0.8_Vset1_Tset2_2024-05-16_11h42.22.080.csv,2,14,tac,1A,0.15,1,1.70625609999934,0,1,1,0.5,0.5,CBCsimpleRW,CBCdriftDiffusionLR,0.5,0.593897903702105,NA,NA,0.97200952833802,0.440075633262551,2.05495900934532,0.5,61.6194710339478,NA,v1,MR,NA,CBCsimpleRW_CBCdriftDiffusionLR,138.37570060356865
CBC_P034,CBC_P034_TV_prob0.8_Vset1_Tset2_2024-05-16_11h42.22.080.csv,2,15,tac,2C,0.5,1,2.16323329999977,1,1,1,0.725329858253073,0.274670141746927,CBCsimpleRW,CBCdriftDiffusionLR,0.5,0.593897903702105,NA,NA,0.97200952833802,0.440075633262551,2.05495900934532,0.5,61.6194710339478,NA,v1,MR,NA,CBCsimpleRW_CBCdriftDiffusionLR,138.37570060356865
CBC_P034,CBC_P034_TV_prob0.8_Vset1_Tset2_2024-05-16_11h42.22.080.csv,2,16,tac,0A,0.5,1,1.30999999999949,1,1,1,0.917540543691228,0.0824594563087723,CBCsimpleRW,CBCdriftDiffusionLR,0.5,0.593897903702105,NA,NA,0.97200952833802,0.440075633262551,2.05495900934532,0.5,61.6194710339478,NA,v1,MR,NA,CBCsimpleRW_CBCdriftDiffusionLR,138.37570060356865
CBC_P034,CBC_P034_TV_prob0.8_Vset1_Tset2_2024-05-16_11h42.22.080.csv,2,17,tac,1C,0.35,1,1.86224740000034,0,1,1,0.676357360010878,0.676357360010878,CBCsimpleRW,CBCdriftDiffusionLR,0.5,0.593897903702105,NA,NA,0.97200952833802,0.440075633262551,2.05495900934532,0.5,61.6194710339478,NA,v1,MR,NA,CBCsimpleRW_CBCdriftDiffusionLR,138.37570060356865
CBC_P034,CBC_P034_TV_prob0.8_Vset1_Tset2_2024-05-16_11h42.22.080.csv,2,18,tac,2B,0.15,1,1.95659130000058,0,1,1,0.203051048148947,0.203051048148947,CBCsimpleRW,CBCdriftDiffusionLR,0.5,0.593897903702105,NA,NA,0.97200952833802,0.440075633262551,2.05495900934532,0.5,61.6194710339478,NA,v1,MR,NA,CBCsimpleRW_CBCdriftDiffusionLR,138.37570060356865
CBC_P034,CBC_P034_TV_prob0.8_Vset1_Tset2_2024-05-16_11h42.22.080.csv,2,19,tac,1C,0.35,1,2.49323189999996,1,0,0,0.274670141746927,-0.274670141746927,CBCsimpleRW,CBCdriftDiffusionLR,0.5,0.593897903702105,NA,NA,0.97200952833802,0.440075633262551,2.05495900934532,0.5,61.6194710339478,NA,v1,MR,NA,CBCsimpleRW_CBCdriftDiffusionLR,138.37570060356865
CBC_P034,CBC_P034_TV_prob0.8_Vset1_Tset2_2024-05-16_11h42.22.080.csv,2,20,tac,0A,0.5,0,1.60160900000028,1,1,0,0.966513041933423,-0.966513041933423,CBCsimpleRW,CBCdriftDiffusionLR,0.5,0.593897903702105,NA,NA,0.97200952833802,0.440075633262551,2.05495900934532,0.5,61.6194710339478,NA,v1,MR,NA,CBCsimpleRW_CBCdriftDiffusionLR,138.37570060356865
CBC_P034,CBC_P034_TV_prob0.8_Vset1_Tset2_2024-05-16_11h42.22.080.csv,2,21,tac,2C,0.5,1,2.08824430000004,1,1,1,0.888455879646133,0.111544120353867,CBCsimpleRW,CBCdriftDiffusionLR,0.5,0.593897903702105,NA,NA,0.97200952833802,0.440075633262551,2.05495900934532,0.5,61.6194710339478,NA,v1,MR,NA,CBCsimpleRW_CBCdriftDiffusionLR,138.37570060356865
CBC_P034,CBC_P034_TV_prob0.8_Vset1_Tset2_2024-05-16_11h42.22.080.csv,2,22,tac,1B,0.5,1,2.16304110000056,1,1,1,0.323642639989122,0.676357360010878,CBCsimpleRW,CBCdriftDiffusionLR,0.5,0.593897903702105,NA,NA,0.97200952833802,0.440075633262551,2.05495900934532,0.5,61.6194710339478,NA,v1,MR,NA,CBCsimpleRW_CBCdriftDiffusionLR,138.37570060356865
CBC_P034,CBC_P034_TV_prob0.8_Vset1_Tset2_2024-05-16_11h42.22.080.csv,2,23,tac,0C,0.15,1,1.9491509999998,1,0,0,0.5,-0.5,CBCsimpleRW,CBCdriftDiffusionLR,0.5,0.593897903702105,NA,NA,0.97200952833802,0.440075633262551,2.05495900934532,0.5,61.6194710339478,NA,v1,MR,NA,CBCsimpleRW_CBCdriftDiffusionLR,138.37570060356865
CBC_P034,CBC_P034_TV_prob0.8_Vset1_Tset2_2024-05-16_11h42.22.080.csv,2,24,tac,1B,0.5,1,2.20102309999947,0,0,0,0.725329858253073,-0.274670141746927,CBCsimpleRW,CBCdriftDiffusionLR,0.5,0.593897903702105,NA,NA,0.97200952833802,0.440075633262551,2.05495900934532,0.5,61.6194710339478,NA,v1,MR,NA,CBCsimpleRW_CBCdriftDiffusionLR,138.37570060356865
CBC_P034,CBC_P034_TV_prob0.8_Vset1_Tset2_2024-05-16_11h42.22.080.csv,2,25,tac,2A,0.35,0,2.35672109999996,0,1,0,0.203051048148947,-0.796948951851053,CBCsimpleRW,CBCdriftDiffusionLR,0.5,0.593897903702105,NA,NA,0.97200952833802,0.440075633262551,2.05495900934532,0.5,61.6194710339478,NA,v1,MR,NA,CBCsimpleRW_CBCdriftDiffusionLR,138.37570060356865
CBC_P034,CBC_P034_TV_prob0.8_Vset1_Tset2_2024-05-16_11h42.22.080.csv,2,26,tac,0B,0.35,1,1.91030769999907,1,0,0,0.0824594563087723,-0.0824594563087723,CBCsimpleRW,CBCdriftDiffusionLR,0.5,0.593897903702105,NA,NA,0.97200952833802,0.440075633262551,2.05495900934532,0.5,61.6194710339478,NA,v1,MR,NA,CBCsimpleRW_CBCdriftDiffusionLR,138.37570060356865
CBC_P034,CBC_P034_TV_prob0.8_Vset1_Tset2_2024-05-16_11h42.22.080.csv,2,27,tac,2A,0.35,1,2.03319069999998,1,0,0,0.676357360010878,-0.676357360010878,CBCsimpleRW,CBCdriftDiffusionLR,0.5,0.593897903702105,NA,NA,0.97200952833802,0.440075633262551,2.05495900934532,0.5,61.6194710339478,NA,v1,MR,NA,CBCsimpleRW_CBCdriftDiffusionLR,138.37570060356865
CBC_P034,CBC_P034_TV_prob0.8_Vset1_Tset2_2024-05-16_11h42.22.080.csv,2,28,tac,1B,0.5,1,2.11109459999989,1,1,1,0.888455879646133,0.111544120353867,CBCsimpleRW,CBCdriftDiffusionLR,0.5,0.593897903702105,NA,NA,0.97200952833802,0.440075633262551,2.05495900934532,0.5,61.6194710339478,NA,v1,MR,NA,CBCsimpleRW_CBCdriftDiffusionLR,138.37570060356865
CBC_P034,CBC_P034_TV_prob0.8_Vset1_Tset2_2024-05-16_11h42.22.080.csv,2,29,tac,0A,0.5,0,1.48089689999961,0,0,1,0.392502972428418,0.392502972428418,CBCsimpleRW,CBCdriftDiffusionLR,0.5,0.593897903702105,NA,NA,0.97200952833802,0.440075633262551,2.05495900934532,0.5,61.6194710339478,NA,v1,MR,NA,CBCsimpleRW_CBCdriftDiffusionLR,138.37570060356865
CBC_P034,CBC_P034_TV_prob0.8_Vset1_Tset2_2024-05-16_11h42.22.080.csv,2,30,tac,1B,0.5,1,2.09360519999973,1,1,1,0.95470169889459,0.0452983011054101,CBCsimpleRW,CBCdriftDiffusionLR,0.5,0.593897903702105,NA,NA,0.97200952833802,0.440075633262551,2.05495900934532,0.5,61.6194710339478,NA,v1,MR,NA,CBCsimpleRW_CBCdriftDiffusionLR,138.37570060356865
CBC_P034,CBC_P034_TV_prob0.8_Vset1_Tset2_2024-05-16_11h42.22.080.csv,2,31,tac,2A,0.35,0,2.03490529999999,1,0,1,0.274670141746927,0.725329858253073,CBCsimpleRW,CBCdriftDiffusionLR,0.5,0.593897903702105,NA,NA,0.97200952833802,0.440075633262551,2.05495900934532,0.5,61.6194710339478,NA,v1,MR,NA,CBCsimpleRW_CBCdriftDiffusionLR,138.37570060356865
CBC_P034,CBC_P034_TV_prob0.8_Vset1_Tset2_2024-05-16_11h42.22.080.csv,2,32,tac,0C,0.15,0,1.46506060000047,1,0,1,0.203051048148947,0.796948951851053,CBCsimpleRW,CBCdriftDiffusionLR,0.5,0.593897903702105,NA,NA,0.97200952833802,0.440075633262551,2.05495900934532,0.5,61.6194710339478,NA,v1,MR,NA,CBCsimpleRW_CBCdriftDiffusionLR,138.37570060356865
CBC_P034,CBC_P034_TV_prob0.8_Vset1_Tset2_2024-05-16_11h42.22.080.csv,2,33,tac,1B,0.5,1,1.47713399999975,1,1,1,0.98160426496236,0.0183957350376402,CBCsimpleRW,CBCdriftDiffusionLR,0.5,0.593897903702105,NA,NA,0.97200952833802,0.440075633262551,2.05495900934532,0.5,61.6194710339478,NA,v1,MR,NA,CBCsimpleRW_CBCdriftDiffusionLR,138.37570060356865
CBC_P034,CBC_P034_TV_prob0.8_Vset1_Tset2_2024-05-16_11h42.22.080.csv,2,34,tac,0A,0.5,1,1.31307250000009,0,0,0,0.159396279906335,-0.840603720093665,CBCsimpleRW,CBCdriftDiffusionLR,0.5,0.593897903702105,NA,NA,0.97200952833802,0.440075633262551,2.05495900934532,0.5,61.6194710339478,NA,v1,MR,NA,CBCsimpleRW_CBCdriftDiffusionLR,138.37570060356865
CBC_P034,CBC_P034_TV_prob0.8_Vset1_Tset2_2024-05-16_11h42.22.080.csv,2,35,tac,1C,0.35,1,2.00423950000004,1,0,0,0.111544120353867,-0.111544120353867,CBCsimpleRW,CBCdriftDiffusionLR,0.5,0.593897903702105,NA,NA,0.97200952833802,0.440075633262551,2.05495900934532,0.5,61.6194710339478,NA,v1,MR,NA,CBCsimpleRW_CBCdriftDiffusionLR,138.37570060356865
CBC_P034,CBC_P034_TV_prob0.8_Vset1_Tset2_2024-05-16_11h42.22.080.csv,2,36,tac,0B,0.35,1,1.5293128000003,1,0,0,0.0334869580665771,-0.0334869580665771,CBCsimpleRW,CBCdriftDiffusionLR,0.5,0.593897903702105,NA,NA,0.97200952833802,0.440075633262551,2.05495900934532,0.5,61.6194710339478,NA,v1,MR,NA,CBCsimpleRW_CBCdriftDiffusionLR,138.37570060356865
CBC_P034,CBC_P034_TV_prob0.8_Vset1_Tset2_2024-05-16_11h42.22.080.csv,2,37,tac,1A,0.15,1,1.54145319999952,0,1,1,0.203051048148947,0.203051048148947,CBCsimpleRW,CBCdriftDiffusionLR,0.5,0.593897903702105,NA,NA,0.97200952833802,0.440075633262551,2.05495900934532,0.5,61.6194710339478,NA,v1,MR,NA,CBCsimpleRW_CBCdriftDiffusionLR,138.37570060356865
CBC_P034,CBC_P034_TV_prob0.8_Vset1_Tset2_2024-05-16_11h42.22.080.csv,2,38,tac,2C,0.5,1,1.53914809999969,1,1,1,0.95470169889459,0.0452983011054101,CBCsimpleRW,CBCdriftDiffusionLR,0.5,0.593897903702105,NA,NA,0.97200952833802,0.440075633262551,2.05495900934532,0.5,61.6194710339478,NA,v1,MR,NA,CBCsimpleRW_CBCdriftDiffusionLR,138.37570060356865
CBC_P034,CBC_P034_TV_prob0.8_Vset1_Tset2_2024-05-16_11h42.22.080.csv,2,39,tac,0A,0.5,1,1.06318029999966,1,1,1,0.658629067114154,0.341370932885846,CBCsimpleRW,CBCdriftDiffusionLR,0.5,0.593897903702105,NA,NA,0.97200952833802,0.440075633262551,2.05495900934532,0.5,61.6194710339478,NA,v1,MR,NA,CBCsimpleRW_CBCdriftDiffusionLR,138.37570060356865
CBC_P034,CBC_P034_TV_prob0.8_Vset1_Tset2_2024-05-16_11h42.22.080.csv,2,40,tac,2C,0.5,1,1.38425040000038,0,0,0,0.98160426496236,-0.0183957350376402,CBCsimpleRW,CBCdriftDiffusionLR,0.5,0.593897903702105,NA,NA,0.97200952833802,0.440075633262551,2.05495900934532,0.5,61.6194710339478,NA,v1,MR,NA,CBCsimpleRW_CBCdriftDiffusionLR,138.37570060356865
CBC_P034,CBC_P034_TV_prob0.8_Vset1_Tset2_2024-05-16_11h42.22.080.csv,2,41,tac,0B,0.35,1,2.03632430000016,0,1,1,0.0135991238694767,0.0135991238694767,CBCsimpleRW,CBCdriftDiffusionLR,0.5,0.593897903702105,NA,NA,0.97200952833802,0.440075633262551,2.05495900934532,0.5,61.6194710339478,NA,v1,MR,NA,CBCsimpleRW_CBCdriftDiffusionLR,138.37570060356865
CBC_P034,CBC_P034_TV_prob0.8_Vset1_Tset2_2024-05-16_11h42.22.080.csv,2,42,tac,1C,0.35,0,1.57371670000066,0,1,0,0.0452983011054101,-0.95470169889459,CBCsimpleRW,CBCdriftDiffusionLR,0.5,0.593897903702105,NA,NA,0.97200952833802,0.440075633262551,2.05495900934532,0.5,61.6194710339478,NA,v1,MR,NA,CBCsimpleRW_CBCdriftDiffusionLR,138.37570060356865
CBC_P035,CBC_P035_AV_prob0.8_Vset1_Aset2_2024-05-16_12h47.19.343.csv,1,1,aud,1A,0.15,0,1.42108319999898,1,0,1,0.5,0.5,CBCsimpleRW,CBCdriftDiffusionLR,0.5,0.0424890084040055,NA,NA,0.982944701495615,6.86358226215835,2.39842142945654,0.5,68.020958894227,NA,v1,MR,NA,CBCsimpleRW_CBCdriftDiffusionLR,151.17867632412703
CBC_P035,CBC_P035_AV_prob0.8_Vset1_Aset2_2024-05-16_12h47.19.343.csv,1,2,aud,2C,0.5,1,2.35617620000085,1,1,1,0.5,0.5,CBCsimpleRW,CBCdriftDiffusionLR,0.5,0.0424890084040055,NA,NA,0.982944701495615,6.86358226215835,2.39842142945654,0.5,68.020958894227,NA,v1,MR,NA,CBCsimpleRW_CBCdriftDiffusionLR,151.17867632412703
CBC_P035,CBC_P035_AV_prob0.8_Vset1_Aset2_2024-05-16_12h47.19.343.csv,1,3,aud,0A,0.5,1,1.24887060000037,0,0,0,0.5,-0.5,CBCsimpleRW,CBCdriftDiffusionLR,0.5,0.0424890084040055,NA,NA,0.982944701495615,6.86358226215835,2.39842142945654,0.5,68.020958894227,NA,v1,MR,NA,CBCsimpleRW_CBCdriftDiffusionLR,151.17867632412703
CBC_P035,CBC_P035_AV_prob0.8_Vset1_Aset2_2024-05-16_12h47.19.343.csv,1,4,aud,2B,0.15,1,2.4223194999995,1,0,0,0.5,-0.5,CBCsimpleRW,CBCdriftDiffusionLR,0.5,0.0424890084040055,NA,NA,0.982944701495615,6.86358226215835,2.39842142945654,0.5,68.020958894227,NA,v1,MR,NA,CBCsimpleRW_CBCdriftDiffusionLR,151.17867632412703
CBC_P035,CBC_P035_AV_prob0.8_Vset1_Aset2_2024-05-16_12h47.19.343.csv,1,5,aud,1C,0.35,1,2.68206629999986,0,1,1,0.5,0.5,CBCsimpleRW,CBCdriftDiffusionLR,0.5,0.0424890084040055,NA,NA,0.982944701495615,6.86358226215835,2.39842142945654,0.5,68.020958894227,NA,v1,MR,NA,CBCsimpleRW_CBCdriftDiffusionLR,151.17867632412703
CBC_P035,CBC_P035_AV_prob0.8_Vset1_Aset2_2024-05-16_12h47.19.343.csv,1,6,aud,0A,0.5,1,2.24449610000011,0,0,0,0.521244504202003,-0.478755495797997,CBCsimpleRW,CBCdriftDiffusionLR,0.5,0.0424890084040055,NA,NA,0.982944701495615,6.86358226215835,2.39842142945654,0.5,68.020958894227,NA,v1,MR,NA,CBCsimpleRW_CBCdriftDiffusionLR,151.17867632412703
CBC_P035,CBC_P035_AV_prob0.8_Vset1_Aset2_2024-05-16_12h47.19.343.csv,1,7,aud,1B,0.5,1,2.04021999999895,1,1,1,0.5,0.5,CBCsimpleRW,CBCdriftDiffusionLR,0.5,0.0424890084040055,NA,NA,0.982944701495615,6.86358226215835,2.39842142945654,0.5,68.020958894227,NA,v1,MR,NA,CBCsimpleRW_CBCdriftDiffusionLR,151.17867632412703
CBC_P035,CBC_P035_AV_prob0.8_Vset1_Aset2_2024-05-16_12h47.19.343.csv,1,8,aud,2A,0.35,0,2.54924449999817,1,0,1,0.5,0.5,CBCsimpleRW,CBCdriftDiffusionLR,0.5,0.0424890084040055,NA,NA,0.982944701495615,6.86358226215835,2.39842142945654,0.5,68.020958894227,NA,v1,MR,NA,CBCsimpleRW_CBCdriftDiffusionLR,151.17867632412703
CBC_P035,CBC_P035_AV_prob0.8_Vset1_Aset2_2024-05-16_12h47.19.343.csv,1,9,aud,1C,0.35,1,2.94340620000003,0,1,1,0.478755495797997,0.478755495797997,CBCsimpleRW,CBCdriftDiffusionLR,0.5,0.0424890084040055,NA,NA,0.982944701495615,6.86358226215835,2.39842142945654,0.5,68.020958894227,NA,v1,MR,NA,CBCsimpleRW_CBCdriftDiffusionLR,151.17867632412703
CBC_P035,CBC_P035_AV_prob0.8_Vset1_Aset2_2024-05-16_12h47.19.343.csv,1,10,aud,2A,0.35,1,2.59740899999815,1,0,0,0.521244504202003,-0.521244504202003,CBCsimpleRW,CBCdriftDiffusionLR,0.5,0.0424890084040055,NA,NA,0.982944701495615,6.86358226215835,2.39842142945654,0.5,68.020958894227,NA,v1,MR,NA,CBCsimpleRW_CBCdriftDiffusionLR,151.17867632412703
CBC_P035,CBC_P035_AV_prob0.8_Vset1_Aset2_2024-05-16_12h47.19.343.csv,1,11,aud,0B,0.35,1,2.37589699999808,1,0,0,0.5,-0.5,CBCsimpleRW,CBCdriftDiffusionLR,0.5,0.0424890084040055,NA,NA,0.982944701495615,6.86358226215835,2.39842142945654,0.5,68.020958894227,NA,v1,MR,NA,CBCsimpleRW_CBCdriftDiffusionLR,151.17867632412703
CBC_P035,CBC_P035_AV_prob0.8_Vset1_Aset2_2024-05-16_12h47.19.343.csv,1,12,aud,2C,0.5,1,2.78747189999922,1,1,1,0.521244504202003,0.478755495797997,CBCsimpleRW,CBCdriftDiffusionLR,0.5,0.0424890084040055,NA,NA,0.982944701495615,6.86358226215835,2.39842142945654,0.5,68.020958894227,NA,v1,MR,NA,CBCsimpleRW_CBCdriftDiffusionLR,151.17867632412703
CBC_P035,CBC_P035_AV_prob0.8_Vset1_Aset2_2024-05-16_12h47.19.343.csv,1,13,aud,0A,0.5,1,2.58504129999892,1,1,1,0.541586350486428,0.458413649513572,CBCsimpleRW,CBCdriftDiffusionLR,0.5,0.0424890084040055,NA,NA,0.982944701495615,6.86358226215835,2.39842142945654,0.5,68.020958894227,NA,v1,MR,NA,CBCsimpleRW_CBCdriftDiffusionLR,151.17867632412703
CBC_P035,CBC_P035_AV_prob0.8_Vset1_Aset2_2024-05-16_12h47.19.343.csv,1,14,aud,1B,0.5,0,2.36485949999951,0,0,1,0.521244504202003,0.521244504202003,CBCsimpleRW,CBCdriftDiffusionLR,0.5,0.0424890084040055,NA,NA,0.982944701495615,6.86358226215835,2.39842142945654,0.5,68.020958894227,NA,v1,MR,NA,CBCsimpleRW_CBCdriftDiffusionLR,151.17867632412703
CBC_P035,CBC_P035_AV_prob0.8_Vset1_Aset2_2024-05-16_12h47.19.343.csv,1,15,aud,0A,0.5,1,2.07667450000008,1,1,1,0.561063891893121,0.438936108106879,CBCsimpleRW,CBCdriftDiffusionLR,0.5,0.0424890084040055,NA,NA,0.982944701495615,6.86358226215835,2.39842142945654,0.5,68.020958894227,NA,v1,MR,NA,CBCsimpleRW_CBCdriftDiffusionLR,151.17867632412703
CBC_P035,CBC_P035_AV_prob0.8_Vset1_Aset2_2024-05-16_12h47.19.343.csv,1,16,aud,1C,0.35,0,2.63072289999945,1,0,1,0.458413649513572,0.541586350486428,CBCsimpleRW,CBCdriftDiffusionLR,0.5,0.0424890084040055,NA,NA,0.982944701495615,6.86358226215835,2.39842142945654,0.5,68.020958894227,NA,v1,MR,NA,CBCsimpleRW_CBCdriftDiffusionLR,151.17867632412703
CBC_P035,CBC_P035_AV_prob0.8_Vset1_Aset2_2024-05-16_12h47.19.343.csv,1,17,aud,2A,0.35,1,3.12011600000005,0,1,1,0.499097342082422,0.499097342082422,CBCsimpleRW,CBCdriftDiffusionLR,0.5,0.0424890084040055,NA,NA,0.982944701495615,6.86358226215835,2.39842142945654,0.5,68.020958894227,NA,v1,MR,NA,CBCsimpleRW_CBCdriftDiffusionLR,151.17867632412703
CBC_P035,CBC_P035_AV_prob0.8_Vset1_Aset2_2024-05-16_12h47.19.343.csv,1,18,aud,0B,0.35,1,2.66768070000035,1,0,0,0.478755495797997,-0.478755495797997,CBCsimpleRW,CBCdriftDiffusionLR,0.5,0.0424890084040055,NA,NA,0.982944701495615,6.86358226215835,2.39842142945654,0.5,68.020958894227,NA,v1,MR,NA,CBCsimpleRW_CBCdriftDiffusionLR,151.17867632412703
CBC_P035,CBC_P035_AV_prob0.8_Vset1_Aset2_2024-05-16_12h47.19.343.csv,1,19,aud,2C,0.5,1,2.47877049999988,1,1,1,0.541586350486428,0.458413649513572,CBCsimpleRW,CBCdriftDiffusionLR,0.5,0.0424890084040055,NA,NA,0.982944701495615,6.86358226215835,2.39842142945654,0.5,68.020958894227,NA,v1,MR,NA,CBCsimpleRW_CBCdriftDiffusionLR,151.17867632412703
CBC_P035,CBC_P035_AV_prob0.8_Vset1_Aset2_2024-05-16_12h47.19.343.csv,1,20,aud,1B,0.5,1,3.43084810000073,1,1,1,0.499097342082422,0.500902657917578,CBCsimpleRW,CBCdriftDiffusionLR,0.5,0.0424890084040055,NA,NA,0.982944701495615,6.86358226215835,2.39842142945654,0.5,68.020958894227,NA,v1,MR,NA,CBCsimpleRW_CBCdriftDiffusionLR,151.17867632412703
CBC_P035,CBC_P035_AV_prob0.8_Vset1_Aset2_2024-05-16_12h47.19.343.csv,1,21,aud,0C,0.15,1,2.03467079999973,0,1,1,0.5,0.5,CBCsimpleRW,CBCdriftDiffusionLR,0.5,0.0424890084040055,NA,NA,0.982944701495615,6.86358226215835,2.39842142945654,0.5,68.020958894227,NA,v1,MR,NA,CBCsimpleRW_CBCdriftDiffusionLR,151.17867632412703
CBC_P035,CBC_P035_AV_prob0.8_Vset1_Aset2_2024-05-16_12h47.19.343.csv,1,22,aud,1B,0.5,1,2.1097807999995,1,1,1,0.520380199324271,0.479619800675729,CBCsimpleRW,CBCdriftDiffusionLR,0.5,0.0424890084040055,NA,NA,0.982944701495615,6.86358226215835,2.39842142945654,0.5,68.020958894227,NA,v1,MR,NA,CBCsimpleRW_CBCdriftDiffusionLR,151.17867632412703
CBC_P035,CBC_P035_AV_prob0.8_Vset1_Aset2_2024-05-16_12h47.19.343.csv,1,23,aud,2C,0.5,0,1.97847999999976,1,1,0,0.561063891893121,-0.561063891893121,CBCsimpleRW,CBCdriftDiffusionLR,0.5,0.0424890084040055,NA,NA,0.982944701495615,6.86358226215835,2.39842142945654,0.5,68.020958894227,NA,v1,MR,NA,CBCsimpleRW_CBCdriftDiffusionLR,151.17867632412703
CBC_P035,CBC_P035_AV_prob0.8_Vset1_Aset2_2024-05-16_12h47.19.343.csv,1,24,aud,0B,0.35,0,2.34994170000027,0,1,0,0.458413649513572,-0.541586350486428,CBCsimpleRW,CBCdriftDiffusionLR,0.5,0.0424890084040055,NA,NA,0.982944701495615,6.86358226215835,2.39842142945654,0.5,68.020958894227,NA,v1,MR,NA,CBCsimpleRW_CBCdriftDiffusionLR,151.17867632412703
CBC_P035,CBC_P035_AV_prob0.8_Vset1_Aset2_2024-05-16_12h47.19.343.csv,1,25,aud,2A,0.35,1,2.69596739999906,0,1,1,0.477891190920265,0.477891190920265,CBCsimpleRW,CBCdriftDiffusionLR,0.5,0.0424890084040055,NA,NA,0.982944701495615,6.86358226215835,2.39842142945654,0.5,68.020958894227,NA,v1,MR,NA,CBCsimpleRW_CBCdriftDiffusionLR,151.17867632412703
CBC_P035,CBC_P035_AV_prob0.8_Vset1_Aset2_2024-05-16_12h47.19.343.csv,1,26,aud,1B,0.5,1,3.42796319999979,0,0,0,0.540758769065909,-0.459241230934091,CBCsimpleRW,CBCdriftDiffusionLR,0.5,0.0424890084040055,NA,NA,0.982944701495615,6.86358226215835,2.39842142945654,0.5,68.020958894227,NA,v1,MR,NA,CBCsimpleRW_CBCdriftDiffusionLR,151.17867632412703
CBC_P035,CBC_P035_AV_prob0.8_Vset1_Aset2_2024-05-16_12h47.19.343.csv,1,27,aud,0A,0.5,1,2.26508130000002,1,1,1,0.579713851879295,0.420286148120705,CBCsimpleRW,CBCdriftDiffusionLR,0.5,0.0424890084040055,NA,NA,0.982944701495615,6.86358226215835,2.39842142945654,0.5,68.020958894227,NA,v1,MR,NA,CBCsimpleRW_CBCdriftDiffusionLR,151.17867632412703
CBC_P035,CBC_P035_AV_prob0.8_Vset1_Aset2_2024-05-16_12h47.19.343.csv,1,28,aud,2B,0.15,1,1.43867409999984,0,1,1,0.478755495797997,0.478755495797997,CBCsimpleRW,CBCdriftDiffusionLR,0.5,0.0424890084040055,NA,NA,0.982944701495615,6.86358226215835,2.39842142945654,0.5,68.020958894227,NA,v1,MR,NA,CBCsimpleRW_CBCdriftDiffusionLR,151.17867632412703
CBC_P035,CBC_P035_AV_prob0.8_Vset1_Aset2_2024-05-16_12h47.19.343.csv,1,29,aud,1C,0.35,1,1.20026920000055,0,1,1,0.481425116510885,0.481425116510885,CBCsimpleRW,CBCdriftDiffusionLR,0.5,0.0424890084040055,NA,NA,0.982944701495615,6.86358226215835,2.39842142945654,0.5,68.020958894227,NA,v1,MR,NA,CBCsimpleRW_CBCdriftDiffusionLR,151.17867632412703
CBC_P035,CBC_P035_AV_prob0.8_Vset1_Aset2_2024-05-16_12h47.19.343.csv,1,30,aud,0B,0.35,1,2.37691160000031,1,0,0,0.481425116510885,-0.481425116510885,CBCsimpleRW,CBCdriftDiffusionLR,0.5,0.0424890084040055,NA,NA,0.982944701495615,6.86358226215835,2.39842142945654,0.5,68.020958894227,NA,v1,MR,NA,CBCsimpleRW_CBCdriftDiffusionLR,151.17867632412703
CBC_P035,CBC_P035_AV_prob0.8_Vset1_Aset2_2024-05-16_12h47.19.343.csv,1,31,aud,2C,0.5,0,2.39843909999945,1,1,0,0.53722484347529,-0.53722484347529,CBCsimpleRW,CBCdriftDiffusionLR,0.5,0.0424890084040055,NA,NA,0.982944701495615,6.86358226215835,2.39842142945654,0.5,68.020958894227,NA,v1,MR,NA,CBCsimpleRW_CBCdriftDiffusionLR,151.17867632412703
CBC_P035,CBC_P035_AV_prob0.8_Vset1_Aset2_2024-05-16_12h47.19.343.csv,1,32,aud,0A,0.5,0,2.62067580000075,1,1,0,0.597571393558883,-0.597571393558883,CBCsimpleRW,CBCdriftDiffusionLR,0.5,0.0424890084040055,NA,NA,0.982944701495615,6.86358226215835,2.39842142945654,0.5,68.020958894227,NA,v1,MR,NA,CBCsimpleRW_CBCdriftDiffusionLR,151.17867632412703
CBC_P035,CBC_P035_AV_prob0.8_Vset1_Aset2_2024-05-16_12h47.19.343.csv,1,33,aud,2C,0.5,1,1.22941840000021,1,1,1,0.514398692586028,0.485601307413972,CBCsimpleRW,CBCdriftDiffusionLR,0.5,0.0424890084040055,NA,NA,0.982944701495615,6.86358226215835,2.39842142945654,0.5,68.020958894227,NA,v1,MR,NA,CBCsimpleRW_CBCdriftDiffusionLR,151.17867632412703
CBC_P035,CBC_P035_AV_prob0.8_Vset1_Aset2_2024-05-16_12h47.19.343.csv,1,34,aud,1A,0.15,1,2.31413379999867,1,0,0,0.521244504202003,-0.521244504202003,CBCsimpleRW,CBCdriftDiffusionLR,0.5,0.0424890084040055,NA,NA,0.982944701495615,6.86358226215835,2.39842142945654,0.5,68.020958894227,NA,v1,MR,NA,CBCsimpleRW_CBCdriftDiffusionLR,151.17867632412703
CBC_P035,CBC_P035_AV_prob0.8_Vset1_Aset2_2024-05-16_12h47.19.343.csv,1,35,aud,0B,0.35,1,1.30802689999837,0,1,1,0.460969840689554,0.460969840689554,CBCsimpleRW,CBCdriftDiffusionLR,0.5,0.0424890084040055,NA,NA,0.982944701495615,6.86358226215835,2.39842142945654,0.5,68.020958894227,NA,v1,MR,NA,CBCsimpleRW_CBCdriftDiffusionLR,151.17867632412703
CBC_P035,CBC_P035_AV_prob0.8_Vset1_Aset2_2024-05-16_12h47.19.343.csv,1,36,aud,2C,0.5,1,1.25663459999851,1,1,1,0.535031410617736,0.464968589382264,CBCsimpleRW,CBCdriftDiffusionLR,0.5,0.0424890084040055,NA,NA,0.982944701495615,6.86358226215835,2.39842142945654,0.5,68.020958894227,NA,v1,MR,NA,CBCsimpleRW_CBCdriftDiffusionLR,151.17867632412703
CBC_P035,CBC_P035_AV_prob0.8_Vset1_Aset2_2024-05-16_12h47.19.343.csv,1,37,aud,1B,0.5,1,2.59028439999929,1,1,1,0.560271473586534,0.439728526413466,CBCsimpleRW,CBCdriftDiffusionLR,0.5,0.0424890084040055,NA,NA,0.982944701495615,6.86358226215835,2.39842142945654,0.5,68.020958894227,NA,v1,MR,NA,CBCsimpleRW_CBCdriftDiffusionLR,151.17867632412703
CBC_P035,CBC_P035_AV_prob0.8_Vset1_Aset2_2024-05-16_12h47.19.343.csv,1,38,aud,2A,0.35,1,1.83361710000099,0,1,1,0.457586068093054,0.457586068093054,CBCsimpleRW,CBCdriftDiffusionLR,0.5,0.0424890084040055,NA,NA,0.982944701495615,6.86358226215835,2.39842142945654,0.5,68.020958894227,NA,v1,MR,NA,CBCsimpleRW_CBCdriftDiffusionLR,151.17867632412703
CBC_P035,CBC_P035_AV_prob0.8_Vset1_Aset2_2024-05-16_12h47.19.343.csv,1,39,aud,1C,0.35,1,3.79921639999884,0,1,1,0.460969840689554,0.460969840689554,CBCsimpleRW,CBCdriftDiffusionLR,0.5,0.0424890084040055,NA,NA,0.982944701495615,6.86358226215835,2.39842142945654,0.5,68.020958894227,NA,v1,MR,NA,CBCsimpleRW_CBCdriftDiffusionLR,151.17867632412703
CBC_P035,CBC_P035_AV_prob0.8_Vset1_Aset2_2024-05-16_12h47.19.343.csv,1,40,aud,0A,0.5,1,1.21996790000048,1,1,1,0.572181177595966,0.427818822404034,CBCsimpleRW,CBCdriftDiffusionLR,0.5,0.0424890084040055,NA,NA,0.982944701495615,6.86358226215835,2.39842142945654,0.5,68.020958894227,NA,v1,MR,NA,CBCsimpleRW_CBCdriftDiffusionLR,151.17867632412703
CBC_P035,CBC_P035_AV_prob0.8_Vset1_Aset2_2024-05-16_12h47.19.343.csv,1,41,aud,1B,0.5,1,NA,NA,NA,NA,0.578955102640796,0,CBCsimpleRW,CBCdriftDiffusionLR,0.5,0.0424890084040055,NA,NA,0.982944701495615,6.86358226215835,2.39842142945654,0.5,68.020958894227,NA,v1,MR,NA,CBCsimpleRW_CBCdriftDiffusionLR,151.17867632412703
CBC_P035,CBC_P035_AV_prob0.8_Vset1_Aset2_2024-05-16_12h47.19.343.csv,1,42,aud,0C,0.15,0,1.41913459999887,0,1,0,0.478755495797997,-0.521244504202003,CBCsimpleRW,CBCdriftDiffusionLR,0.5,0.0424890084040055,NA,NA,0.982944701495615,6.86358226215835,2.39842142945654,0.5,68.020958894227,NA,v1,MR,NA,CBCsimpleRW_CBCdriftDiffusionLR,151.17867632412703
CBC_P035,CBC_P035_TV_prob0.8_Vset4_Tset2_2024-05-16_12h55.41.999.csv,2,1,tac,0A,0.5,1,2.07464489999984,1,1,1,0.5,0.5,CBCsimpleRW,CBCdriftDiffusionLR,0.5,0.00481714483789819,NA,NA,1.67519414928308,0.0177511248418927,2.01060233169029,0.5,58.392347416619,NA,v1,MR,NA,CBCsimpleRW_CBCdriftDiffusionLR,131.92145336891105
CBC_P035,CBC_P035_TV_prob0.8_Vset4_Tset2_2024-05-16_12h55.41.999.csv,2,2,tac,1C,0.35,1,2.35897060000025,0,1,1,0.5,0.5,CBCsimpleRW,CBCdriftDiffusionLR,0.5,0.00481714483789819,NA,NA,1.67519414928308,0.0177511248418927,2.01060233169029,0.5,58.392347416619,NA,v1,MR,NA,CBCsimpleRW_CBCdriftDiffusionLR,131.92145336891105
CBC_P035,CBC_P035_TV_prob0.8_Vset4_Tset2_2024-05-16_12h55.41.999.csv,2,3,tac,0B,0.35,1,2.30419729999994,0,1,1,0.5,0.5,CBCsimpleRW,CBCdriftDiffusionLR,0.5,0.00481714483789819,NA,NA,1.67519414928308,0.0177511248418927,2.01060233169029,0.5,58.392347416619,NA,v1,MR,NA,CBCsimpleRW_CBCdriftDiffusionLR,131.92145336891105
CBC_P035,CBC_P035_TV_prob0.8_Vset4_Tset2_2024-05-16_12h55.41.999.csv,2,4,tac,2C,0.5,1,2.47555700000157,0,0,0,0.5,-0.5,CBCsimpleRW,CBCdriftDiffusionLR,0.5,0.00481714483789819,NA,NA,1.67519414928308,0.0177511248418927,2.01060233169029,0.5,58.392347416619,NA,v1,MR,NA,CBCsimpleRW_CBCdriftDiffusionLR,131.92145336891105
CBC_P035,CBC_P035_TV_prob0.8_Vset4_Tset2_2024-05-16_12h55.41.999.csv,2,5,tac,1B,0.5,1,3.17200199999934,0,0,0,0.5,-0.5,CBCsimpleRW,CBCdriftDiffusionLR,0.5,0.00481714483789819,NA,NA,1.67519414928308,0.0177511248418927,2.01060233169029,0.5,58.392347416619,NA,v1,MR,NA,CBCsimpleRW_CBCdriftDiffusionLR,131.92145336891105
CBC_P035,CBC_P035_TV_prob0.8_Vset4_Tset2_2024-05-16_12h55.41.999.csv,2,6,tac,2A,0.35,1,3.13338230000045,1,0,0,0.5,-0.5,CBCsimpleRW,CBCdriftDiffusionLR,0.5,0.00481714483789819,NA,NA,1.67519414928308,0.0177511248418927,2.01060233169029,0.5,58.392347416619,NA,v1,MR,NA,CBCsimpleRW_CBCdriftDiffusionLR,131.92145336891105
CBC_P035,CBC_P035_TV_prob0.8_Vset4_Tset2_2024-05-16_12h55.41.999.csv,2,7,tac,0B,0.35,0,3.29427589999977,1,0,1,0.497591427581051,0.502408572418949,CBCsimpleRW,CBCdriftDiffusionLR,0.5,0.00481714483789819,NA,NA,1.67519414928308,0.0177511248418927,2.01060233169029,0.5,58.392347416619,NA,v1,MR,NA,CBCsimpleRW_CBCdriftDiffusionLR,131.92145336891105
CBC_P035,CBC_P035_TV_prob0.8_Vset4_Tset2_2024-05-16_12h55.41.999.csv,2,8,tac,2C,0.5,1,2.01933760000065,0,0,0,0.502408572418949,-0.497591427581051,CBCsimpleRW,CBCdriftDiffusionLR,0.5,0.00481714483789819,NA,NA,1.67519414928308,0.0177511248418927,2.01060233169029,0.5,58.392347416619,NA,v1,MR,NA,CBCsimpleRW_CBCdriftDiffusionLR,131.92145336891105
CBC_P035,CBC_P035_TV_prob0.8_Vset4_Tset2_2024-05-16_12h55.41.999.csv,2,9,tac,0A,0.5,1,4.07835190000151,1,1,1,0.502408572418949,0.497591427581051,CBCsimpleRW,CBCdriftDiffusionLR,0.5,0.00481714483789819,NA,NA,1.67519414928308,0.0177511248418927,2.01060233169029,0.5,58.392347416619,NA,v1,MR,NA,CBCsimpleRW_CBCdriftDiffusionLR,131.92145336891105
CBC_P035,CBC_P035_TV_prob0.8_Vset4_Tset2_2024-05-16_12h55.41.999.csv,2,10,tac,1C,0.35,0,2.64342279999983,0,1,0,0.497591427581051,-0.502408572418949,CBCsimpleRW,CBCdriftDiffusionLR,0.5,0.00481714483789819,NA,NA,1.67519414928308,0.0177511248418927,2.01060233169029,0.5,58.392347416619,NA,v1,MR,NA,CBCsimpleRW_CBCdriftDiffusionLR,131.92145336891105
CBC_P035,CBC_P035_TV_prob0.8_Vset4_Tset2_2024-05-16_12h55.41.999.csv,2,11,tac,0A,0.5,1,2.51427169999988,1,1,1,0.504805542395704,0.495194457604296,CBCsimpleRW,CBCdriftDiffusionLR,0.5,0.00481714483789819,NA,NA,1.67519414928308,0.0177511248418927,2.01060233169029,0.5,58.392347416619,NA,v1,MR,NA,CBCsimpleRW_CBCdriftDiffusionLR,131.92145336891105
CBC_P035,CBC_P035_TV_prob0.8_Vset4_Tset2_2024-05-16_12h55.41.999.csv,2,12,tac,1B,0.5,1,2.26892880000014,1,1,1,0.502408572418949,0.497591427581051,CBCsimpleRW,CBCdriftDiffusionLR,0.5,0.00481714483789819,NA,NA,1.67519414928308,0.0177511248418927,2.01060233169029,0.5,58.392347416619,NA,v1,MR,NA,CBCsimpleRW_CBCdriftDiffusionLR,131.92145336891105
CBC_P035,CBC_P035_TV_prob0.8_Vset4_Tset2_2024-05-16_12h55.41.999.csv,2,13,tac,0C,0.15,0,2.66734390000056,1,0,1,0.5,0.5,CBCsimpleRW,CBCdriftDiffusionLR,0.5,0.00481714483789819,NA,NA,1.67519414928308,0.0177511248418927,2.01060233169029,0.5,58.392347416619,NA,v1,MR,NA,CBCsimpleRW_CBCdriftDiffusionLR,131.92145336891105
CBC_P035,CBC_P035_TV_prob0.8_Vset4_Tset2_2024-05-16_12h55.41.999.csv,2,14,tac,1A,0.15,1,2.40679160000036,1,0,0,0.5,-0.5,CBCsimpleRW,CBCdriftDiffusionLR,0.5,0.00481714483789819,NA,NA,1.67519414928308,0.0177511248418927,2.01060233169029,0.5,58.392347416619,NA,v1,MR,NA,CBCsimpleRW_CBCdriftDiffusionLR,131.92145336891105
CBC_P035,CBC_P035_TV_prob0.8_Vset4_Tset2_2024-05-16_12h55.41.999.csv,2,15,tac,0B,0.35,1,3.40110090000053,0,1,1,0.500011602442195,0.500011602442195,CBCsimpleRW,CBCdriftDiffusionLR,0.5,0.00481714483789819,NA,NA,1.67519414928308,0.0177511248418927,2.01060233169029,0.5,58.392347416619,NA,v1,MR,NA,CBCsimpleRW_CBCdriftDiffusionLR,131.92145336891105
CBC_P035,CBC_P035_TV_prob0.8_Vset4_Tset2_2024-05-16_12h55.41.999.csv,2,16,tac,1A,0.15,0,2.47709980000036,1,0,1,0.497591427581051,0.502408572418949,CBCsimpleRW,CBCdriftDiffusionLR,0.5,0.00481714483789819,NA,NA,1.67519414928308,0.0177511248418927,2.01060233169029,0.5,58.392347416619,NA,v1,MR,NA,CBCsimpleRW_CBCdriftDiffusionLR,131.92145336891105
CBC_P035,CBC_P035_TV_prob0.8_Vset4_Tset2_2024-05-16_12h55.41.999.csv,2,17,tac,2C,0.5,1,1.94518770000104,0,0,0,0.504805542395704,-0.495194457604296,CBCsimpleRW,CBCdriftDiffusionLR,0.5,0.00481714483789819,NA,NA,1.67519414928308,0.0177511248418927,2.01060233169029,0.5,58.392347416619,NA,v1,MR,NA,CBCsimpleRW_CBCdriftDiffusionLR,131.92145336891105
CBC_P035,CBC_P035_TV_prob0.8_Vset4_Tset2_2024-05-16_12h55.41.999.csv,2,18,tac,0A,0.5,1,2.85128860000077,0,0,0,0.507190965820908,-0.492809034179092,CBCsimpleRW,CBCdriftDiffusionLR,0.5,0.00481714483789819,NA,NA,1.67519414928308,0.0177511248418927,2.01060233169029,0.5,58.392347416619,NA,v1,MR,NA,CBCsimpleRW_CBCdriftDiffusionLR,131.92145336891105
CBC_P035,CBC_P035_TV_prob0.8_Vset4_Tset2_2024-05-16_12h55.41.999.csv,2,19,tac,2C,0.5,1,3.34830899999906,1,1,1,0.507190965820908,0.492809034179092,CBCsimpleRW,CBCdriftDiffusionLR,0.5,0.00481714483789819,NA,NA,1.67519414928308,0.0177511248418927,2.01060233169029,0.5,58.392347416619,NA,v1,MR,NA,CBCsimpleRW_CBCdriftDiffusionLR,131.92145336891105
CBC_P035,CBC_P035_TV_prob0.8_Vset4_Tset2_2024-05-16_12h55.41.999.csv,2,20,tac,1B,0.5,1,3.04298059999928,1,1,1,0.504805542395704,0.495194457604296,CBCsimpleRW,CBCdriftDiffusionLR,0.5,0.00481714483789819,NA,NA,1.67519414928308,0.0177511248418927,2.01060233169029,0.5,58.392347416619,NA,v1,MR,NA,CBCsimpleRW_CBCdriftDiffusionLR,131.92145336891105
CBC_P035,CBC_P035_TV_prob0.8_Vset4_Tset2_2024-05-16_12h55.41.999.csv,2,21,tac,2A,0.35,0,2.61058020000019,1,0,1,0.497591427581051,0.502408572418949,CBCsimpleRW,CBCdriftDiffusionLR,0.5,0.00481714483789819,NA,NA,1.67519414928308,0.0177511248418927,2.01060233169029,0.5,58.392347416619,NA,v1,MR,NA,CBCsimpleRW_CBCdriftDiffusionLR,131.92145336891105
CBC_P035,CBC_P035_TV_prob0.8_Vset4_Tset2_2024-05-16_12h55.41.999.csv,2,22,tac,0B,0.35,1,3.09202750000077,1,0,0,0.497602974132601,-0.497602974132601,CBCsimpleRW,CBCdriftDiffusionLR,0.5,0.00481714483789819,NA,NA,1.67519414928308,0.0177511248418927,2.01060233169029,0.5,58.392347416619,NA,v1,MR,NA,CBCsimpleRW_CBCdriftDiffusionLR,131.92145336891105
CBC_P035,CBC_P035_TV_prob0.8_Vset4_Tset2_2024-05-16_12h55.41.999.csv,2,23,tac,2C,0.5,1,2.45312199999898,0,0,0,0.509564898315973,-0.490435101684027,CBCsimpleRW,CBCdriftDiffusionLR,0.5,0.00481714483789819,NA,NA,1.67519414928308,0.0177511248418927,2.01060233169029,0.5,58.392347416619,NA,v1,MR,NA,CBCsimpleRW_CBCdriftDiffusionLR,131.92145336891105
CBC_P035,CBC_P035_TV_prob0.8_Vset4_Tset2_2024-05-16_12h55.41.999.csv,2,24,tac,1B,0.5,1,2.60056310000073,0,0,0,0.507190965820908,-0.492809034179092,CBCsimpleRW,CBCdriftDiffusionLR,0.5,0.00481714483789819,NA,NA,1.67519414928308,0.0177511248418927,2.01060233169029,0.5,58.392347416619,NA,v1,MR,NA,CBCsimpleRW_CBCdriftDiffusionLR,131.92145336891105
CBC_P035,CBC_P035_TV_prob0.8_Vset4_Tset2_2024-05-16_12h55.41.999.csv,2,25,tac,0A,0.5,1,2.35634680000112,1,1,1,0.509564898315973,0.490435101684027,CBCsimpleRW,CBCdriftDiffusionLR,0.5,0.00481714483789819,NA,NA,1.67519414928308,0.0177511248418927,2.01060233169029,0.5,58.392347416619,NA,v1,MR,NA,CBCsimpleRW_CBCdriftDiffusionLR,131.92145336891105
CBC_P035,CBC_P035_TV_prob0.8_Vset4_Tset2_2024-05-16_12h55.41.999.csv,2,26,tac,1C,0.35,1,NA,NA,NA,NA,0.500011602442195,0,CBCsimpleRW,CBCdriftDiffusionLR,0.5,0.00481714483789819,NA,NA,1.67519414928308,0.0177511248418927,2.01060233169029,0.5,58.392347416619,NA,v1,MR,NA,CBCsimpleRW_CBCdriftDiffusionLR,131.92145336891105
CBC_P035,CBC_P035_TV_prob0.8_Vset4_Tset2_2024-05-16_12h55.41.999.csv,2,27,tac,2B,0.15,0,3.53630189999967,1,0,1,0.5,0.5,CBCsimpleRW,CBCdriftDiffusionLR,0.5,0.00481714483789819,NA,NA,1.67519414928308,0.0177511248418927,2.01060233169029,0.5,58.392347416619,NA,v1,MR,NA,CBCsimpleRW_CBCdriftDiffusionLR,131.92145336891105
CBC_P035,CBC_P035_TV_prob0.8_Vset4_Tset2_2024-05-16_12h55.41.999.csv,2,28,tac,1C,0.35,1,2.43902239999989,0,1,1,0.500011602442195,0.500011602442195,CBCsimpleRW,CBCdriftDiffusionLR,0.5,0.00481714483789819,NA,NA,1.67519414928308,0.0177511248418927,2.01060233169029,0.5,58.392347416619,NA,v1,MR,NA,CBCsimpleRW_CBCdriftDiffusionLR,131.92145336891105
CBC_P035,CBC_P035_TV_prob0.8_Vset4_Tset2_2024-05-16_12h55.41.999.csv,2,29,tac,0B,0.35,1,2.39337960000012,1,0,0,0.495205948534435,-0.495205948534435,CBCsimpleRW,CBCdriftDiffusionLR,0.5,0.00481714483789819,NA,NA,1.67519414928308,0.0177511248418927,2.01060233169029,0.5,58.392347416619,NA,v1,MR,NA,CBCsimpleRW_CBCdriftDiffusionLR,131.92145336891105
CBC_P035,CBC_P035_TV_prob0.8_Vset4_Tset2_2024-05-16_12h55.41.999.csv,2,30,tac,2C,0.5,1,1.77115579999918,0,0,0,0.511927395234375,-0.488072604765625,CBCsimpleRW,CBCdriftDiffusionLR,0.5,0.00481714483789819,NA,NA,1.67519414928308,0.0177511248418927,2.01060233169029,0.5,58.392347416619,NA,v1,MR,NA,CBCsimpleRW_CBCdriftDiffusionLR,131.92145336891105
CBC_P035,CBC_P035_TV_prob0.8_Vset4_Tset2_2024-05-16_12h55.41.999.csv,2,31,tac,0A,0.5,1,NA,NA,NA,NA,0.511927395234375,0,CBCsimpleRW,CBCdriftDiffusionLR,0.5,0.00481714483789819,NA,NA,1.67519414928308,0.0177511248418927,2.01060233169029,0.5,58.392347416619,NA,v1,MR,NA,CBCsimpleRW_CBCdriftDiffusionLR,131.92145336891105
CBC_P035,CBC_P035_TV_prob0.8_Vset4_Tset2_2024-05-16_12h55.41.999.csv,2,32,tac,2B,0.15,1,NA,NA,NA,NA,0.502408572418949,0,CBCsimpleRW,CBCdriftDiffusionLR,0.5,0.00481714483789819,NA,NA,1.67519414928308,0.0177511248418927,2.01060233169029,0.5,58.392347416619,NA,v1,MR,NA,CBCsimpleRW_CBCdriftDiffusionLR,131.92145336891105
CBC_P035,CBC_P035_TV_prob0.8_Vset4_Tset2_2024-05-16_12h55.41.999.csv,2,33,tac,1C,0.35,1,2.71424490000027,1,0,0,0.497602974132601,-0.497602974132601,CBCsimpleRW,CBCdriftDiffusionLR,0.5,0.00481714483789819,NA,NA,1.67519414928308,0.0177511248418927,2.01060233169029,0.5,58.392347416619,NA,v1,MR,NA,CBCsimpleRW_CBCdriftDiffusionLR,131.92145336891105
CBC_P035,CBC_P035_TV_prob0.8_Vset4_Tset2_2024-05-16_12h55.41.999.csv,2,34,tac,2A,0.35,1,2.56789500000014,1,0,0,0.500011602442195,-0.500011602442195,CBCsimpleRW,CBCdriftDiffusionLR,0.5,0.00481714483789819,NA,NA,1.67519414928308,0.0177511248418927,2.01060233169029,0.5,58.392347416619,NA,v1,MR,NA,CBCsimpleRW_CBCdriftDiffusionLR,131.92145336891105
CBC_P035,CBC_P035_TV_prob0.8_Vset4_Tset2_2024-05-16_12h55.41.999.csv,2,35,tac,1B,0.5,1,2.69972989999951,0,0,0,0.509564898315973,-0.490435101684027,CBCsimpleRW,CBCdriftDiffusionLR,0.5,0.00481714483789819,NA,NA,1.67519414928308,0.0177511248418927,2.01060233169029,0.5,58.392347416619,NA,v1,MR,NA,CBCsimpleRW_CBCdriftDiffusionLR,131.92145336891105
CBC_P035,CBC_P035_TV_prob0.8_Vset4_Tset2_2024-05-16_12h55.41.999.csv,2,36,tac,0C,0.15,0,1.93569080000088,1,0,1,0.502408572418949,0.497591427581051,CBCsimpleRW,CBCdriftDiffusionLR,0.5,0.00481714483789819,NA,NA,1.67519414928308,0.0177511248418927,2.01060233169029,0.5,58.392347416619,NA,v1,MR,NA,CBCsimpleRW_CBCdriftDiffusionLR,131.92145336891105
CBC_P035,CBC_P035_TV_prob0.8_Vset4_Tset2_2024-05-16_12h55.41.999.csv,2,37,tac,1B,0.5,0,2.61869099999967,1,1,0,0.511927395234375,-0.511927395234375,CBCsimpleRW,CBCdriftDiffusionLR,0.5,0.00481714483789819,NA,NA,1.67519414928308,0.0177511248418927,2.01060233169029,0.5,58.392347416619,NA,v1,MR,NA,CBCsimpleRW_CBCdriftDiffusionLR,131.92145336891105
CBC_P035,CBC_P035_TV_prob0.8_Vset4_Tset2_2024-05-16_12h55.41.999.csv,2,38,tac,2A,0.35,1,3.06453729999885,1,0,0,0.497602974132601,-0.497602974132601,CBCsimpleRW,CBCdriftDiffusionLR,0.5,0.00481714483789819,NA,NA,1.67519414928308,0.0177511248418927,2.01060233169029,0.5,58.392347416619,NA,v1,MR,NA,CBCsimpleRW_CBCdriftDiffusionLR,131.92145336891105
CBC_P035,CBC_P035_TV_prob0.8_Vset4_Tset2_2024-05-16_12h55.41.999.csv,2,39,tac,1C,0.35,1,2.44041910000124,1,0,0,0.495205948534435,-0.495205948534435,CBCsimpleRW,CBCdriftDiffusionLR,0.5,0.00481714483789819,NA,NA,1.67519414928308,0.0177511248418927,2.01060233169029,0.5,58.392347416619,NA,v1,MR,NA,CBCsimpleRW_CBCdriftDiffusionLR,131.92145336891105
CBC_P035,CBC_P035_TV_prob0.8_Vset4_Tset2_2024-05-16_12h55.41.999.csv,2,40,tac,0A,0.5,1,5.49644080000144,0,0,0,0.511927395234375,-0.488072604765625,CBCsimpleRW,CBCdriftDiffusionLR,0.5,0.00481714483789819,NA,NA,1.67519414928308,0.0177511248418927,2.01060233169029,0.5,58.392347416619,NA,v1,MR,NA,CBCsimpleRW_CBCdriftDiffusionLR,131.92145336891105
CBC_P035,CBC_P035_TV_prob0.8_Vset4_Tset2_2024-05-16_12h55.41.999.csv,2,41,tac,1B,0.5,1,3.00642660000085,1,1,1,0.509461366825043,0.490538633174957,CBCsimpleRW,CBCdriftDiffusionLR,0.5,0.00481714483789819,NA,NA,1.67519414928308,0.0177511248418927,2.01060233169029,0.5,58.392347416619,NA,v1,MR,NA,CBCsimpleRW_CBCdriftDiffusionLR,131.92145336891105
CBC_P035,CBC_P035_TV_prob0.8_Vset4_Tset2_2024-05-16_12h55.41.999.csv,2,42,tac,2C,0.5,0,2.41008890000012,1,1,0,0.514278511662941,-0.514278511662941,CBCsimpleRW,CBCdriftDiffusionLR,0.5,0.00481714483789819,NA,NA,1.67519414928308,0.0177511248418927,2.01060233169029,0.5,58.392347416619,NA,v1,MR,NA,CBCsimpleRW_CBCdriftDiffusionLR,131.92145336891105
CBC_P036,CBC_P036_AV_prob0.9_Vset2_Aset2_2024-05-16_15h22.58.280.csv,1,1,aud,0A,0.5,1,2.33877260000372,1,1,1,0.5,0.5,CBC2StepRW,CBCdriftDiffusionLR,0.5,0.484508137964706,NA,0.6150524266758,1.2380415709698,1.43547490047792,2.15921773967363,0.5,32.690554236094,NA,v1,MR,NA,CBC2StepRW_CBCdriftDiffusionLR,84.3020566417793
CBC_P036,CBC_P036_AV_prob0.9_Vset2_Aset2_2024-05-16_15h22.58.280.csv,1,2,aud,1C,0.35,1,1.60242940000171,1,0,0,0.5,-0.5,CBC2StepRW,CBCdriftDiffusionLR,0.5,0.484508137964706,NA,0.6150524266758,1.2380415709698,1.43547490047792,2.15921773967363,0.5,32.690554236094,NA,v1,MR,NA,CBC2StepRW_CBCdriftDiffusionLR,84.3020566417793
CBC_P036,CBC_P036_AV_prob0.9_Vset2_Aset2_2024-05-16_15h22.58.280.csv,1,3,aud,0B,0.35,1,2.40472190000219,0,1,1,0.1924737866621,0.1924737866621,CBC2StepRW,CBCdriftDiffusionLR,0.5,0.484508137964706,NA,0.6150524266758,1.2380415709698,1.43547490047792,2.15921773967363,0.5,32.690554236094,NA,v1,MR,NA,CBC2StepRW_CBCdriftDiffusionLR,84.3020566417793
CBC_P036,CBC_P036_AV_prob0.9_Vset2_Aset2_2024-05-16_15h22.58.280.csv,1,4,aud,2C,0.5,1,1.69321100000161,1,1,1,0.5,0.5,CBC2StepRW,CBCdriftDiffusionLR,0.5,0.484508137964706,NA,0.6150524266758,1.2380415709698,1.43547490047792,2.15921773967363,0.5,32.690554236094,NA,v1,MR,NA,CBC2StepRW_CBCdriftDiffusionLR,84.3020566417793
CBC_P036,CBC_P036_AV_prob0.9_Vset2_Aset2_2024-05-16_15h22.58.280.csv,1,5,aud,1B,0.5,1,2.52767289999974,1,1,1,0.5,0.5,CBC2StepRW,CBCdriftDiffusionLR,0.5,0.484508137964706,NA,0.6150524266758,1.2380415709698,1.43547490047792,2.15921773967363,0.5,32.690554236094,NA,v1,MR,NA,CBC2StepRW_CBCdriftDiffusionLR,84.3020566417793
CBC_P036,CBC_P036_AV_prob0.9_Vset2_Aset2_2024-05-16_15h22.58.280.csv,1,6,aud,2A,0.35,1,2.44565610000063,0,1,1,0.0740923171040952,0.0740923171040951,CBC2StepRW,CBCdriftDiffusionLR,0.5,0.484508137964706,NA,0.6150524266758,1.2380415709698,1.43547490047792,2.15921773967363,0.5,32.690554236094,NA,v1,MR,NA,CBC2StepRW_CBCdriftDiffusionLR,84.3020566417793
CBC_P036,CBC_P036_AV_prob0.9_Vset2_Aset2_2024-05-16_15h22.58.280.csv,1,7,aud,0B,0.35,0,2.47060030000284,0,1,0,0.0381939865064995,-0.961806013493501,CBC2StepRW,CBCdriftDiffusionLR,0.5,0.484508137964706,NA,0.6150524266758,1.2380415709698,1.43547490047792,2.15921773967363,0.5,32.690554236094,NA,v1,MR,NA,CBC2StepRW_CBCdriftDiffusionLR,84.3020566417793
CBC_P036,CBC_P036_AV_prob0.9_Vset2_Aset2_2024-05-16_15h22.58.280.csv,1,8,aud,2C,0.5,1,1.76963700000488,0,0,0,0.742254068982353,-0.257745931017647,CBC2StepRW,CBCdriftDiffusionLR,0.5,0.484508137964706,NA,0.6150524266758,1.2380415709698,1.43547490047792,2.15921773967363,0.5,32.690554236094,NA,v1,MR,NA,CBC2StepRW_CBCdriftDiffusionLR,84.3020566417793
CBC_P036,CBC_P036_AV_prob0.9_Vset2_Aset2_2024-05-16_15h22.58.280.csv,1,9,aud,0A,0.5,1,2.40205700000297,1,1,1,0.742254068982353,0.257745931017647,CBC2StepRW,CBCdriftDiffusionLR,0.5,0.484508137964706,NA,0.6150524266758,1.2380415709698,1.43547490047792,2.15921773967363,0.5,32.690554236094,NA,v1,MR,NA,CBC2StepRW_CBCdriftDiffusionLR,84.3020566417793
CBC_P036,CBC_P036_AV_prob0.9_Vset2_Aset2_2024-05-16_15h22.58.280.csv,1,10,aud,1C,0.35,1,1.54656810000233,0,1,1,0.0381939865064995,0.0381939865064994,CBC2StepRW,CBCdriftDiffusionLR,0.5,0.484508137964706,NA,0.6150524266758,1.2380415709698,1.43547490047792,2.15921773967363,0.5,32.690554236094,NA,v1,MR,NA,CBC2StepRW_CBCdriftDiffusionLR,84.3020566417793
CBC_P036,CBC_P036_AV_prob0.9_Vset2_Aset2_2024-05-16_15h22.58.280.csv,1,11,aud,0A,0.5,1,1.80848270000206,1,1,1,0.867134070087693,0.132865929912307,CBC2StepRW,CBCdriftDiffusionLR,0.5,0.484508137964706,NA,0.6150524266758,1.2380415709698,1.43547490047792,2.15921773967363,0.5,32.690554236094,NA,v1,MR,NA,CBC2StepRW_CBCdriftDiffusionLR,84.3020566417793
CBC_P036,CBC_P036_AV_prob0.9_Vset2_Aset2_2024-05-16_15h22.58.280.csv,1,12,aud,1B,0.5,1,1.977034800002,1,1,1,0.742254068982353,0.257745931017647,CBC2StepRW,CBCdriftDiffusionLR,0.5,0.484508137964706,NA,0.6150524266758,1.2380415709698,1.43547490047792,2.15921773967363,0.5,32.690554236094,NA,v1,MR,NA,CBC2StepRW_CBCdriftDiffusionLR,84.3020566417793
CBC_P036,CBC_P036_AV_prob0.9_Vset2_Aset2_2024-05-16_15h22.58.280.csv,1,13,aud,0C,0.15,1,1.5833855000019,0,1,1,0.0109793429077076,0.0109793429077076,CBC2StepRW,CBCdriftDiffusionLR,0.5,0.484508137964706,NA,0.6150524266758,1.2380415709698,1.43547490047792,2.15921773967363,0.5,32.690554236094,NA,v1,MR,NA,CBC2StepRW_CBCdriftDiffusionLR,84.3020566417793
CBC_P036,CBC_P036_AV_prob0.9_Vset2_Aset2_2024-05-16_15h22.58.280.csv,1,14,aud,1A,0.15,1,2.37726939999993,0,1,1,0.0042264714090163,0.00422647140901633,CBC2StepRW,CBCdriftDiffusionLR,0.5,0.484508137964706,NA,0.6150524266758,1.2380415709698,1.43547490047792,2.15921773967363,0.5,32.690554236094,NA,v1,MR,NA,CBC2StepRW_CBCdriftDiffusionLR,84.3020566417793
CBC_P036,CBC_P036_AV_prob0.9_Vset2_Aset2_2024-05-16_15h22.58.280.csv,1,15,aud,0B,0.35,1,2.34217390000049,0,1,1,0.0287610586078822,0.0287610586078821,CBC2StepRW,CBCdriftDiffusionLR,0.5,0.484508137964706,NA,0.6150524266758,1.2380415709698,1.43547490047792,2.15921773967363,0.5,32.690554236094,NA,v1,MR,NA,CBC2StepRW_CBCdriftDiffusionLR,84.3020566417793
CBC_P036,CBC_P036_AV_prob0.9_Vset2_Aset2_2024-05-16_15h22.58.280.csv,1,16,aud,1A,0.15,0,2.37926720000178,0,1,0,0.00217871161647273,-0.997821288383527,CBC2StepRW,CBCdriftDiffusionLR,0.5,0.484508137964706,NA,0.6150524266758,1.2380415709698,1.43547490047792,2.15921773967363,0.5,32.690554236094,NA,v1,MR,NA,CBC2StepRW_CBCdriftDiffusionLR,84.3020566417793
CBC_P036,CBC_P036_AV_prob0.9_Vset2_Aset2_2024-05-16_15h22.58.280.csv,1,17,aud,2C,0.5,1,1.55641470000046,1,1,1,0.867134070087693,0.132865929912307,CBC2StepRW,CBCdriftDiffusionLR,0.5,0.484508137964706,NA,0.6150524266758,1.2380415709698,1.43547490047792,2.15921773967363,0.5,32.690554236094,NA,v1,MR,NA,CBC2StepRW_CBCdriftDiffusionLR,84.3020566417793
CBC_P036,CBC_P036_AV_prob0.9_Vset2_Aset2_2024-05-16_15h22.58.280.csv,1,18,aud,0A,0.5,1,2.40268890000152,1,1,1,0.931508694388454,0.068491305611546,CBC2StepRW,CBCdriftDiffusionLR,0.5,0.484508137964706,NA,0.6150524266758,1.2380415709698,1.43547490047792,2.15921773967363,0.5,32.690554236094,NA,v1,MR,NA,CBC2StepRW_CBCdriftDiffusionLR,84.3020566417793
CBC_P036,CBC_P036_AV_prob0.9_Vset2_Aset2_2024-05-16_15h22.58.280.csv,1,19,aud,2C,0.5,1,1.36957480000274,1,1,1,0.931508694388454,0.068491305611546,CBC2StepRW,CBCdriftDiffusionLR,0.5,0.484508137964706,NA,0.6150524266758,1.2380415709698,1.43547490047792,2.15921773967363,0.5,32.690554236094,NA,v1,MR,NA,CBC2StepRW_CBCdriftDiffusionLR,84.3020566417793
CBC_P036,CBC_P036_AV_prob0.9_Vset2_Aset2_2024-05-16_15h22.58.280.csv,1,20,aud,1B,0.5,1,2.02988109999933,1,1,1,0.867134070087693,0.132865929912307,CBC2StepRW,CBCdriftDiffusionLR,0.5,0.484508137964706,NA,0.6150524266758,1.2380415709698,1.43547490047792,2.15921773967363,0.5,32.690554236094,NA,v1,MR,NA,CBC2StepRW_CBCdriftDiffusionLR,84.3020566417793
CBC_P036,CBC_P036_AV_prob0.9_Vset2_Aset2_2024-05-16_15h22.58.280.csv,1,21,aud,2A,0.35,1,2.34416300000157,0,1,1,3.22851583932149e-4,3.22851583932193e-4,CBC2StepRW,CBCdriftDiffusionLR,0.5,0.484508137964706,NA,0.6150524266758,1.2380415709698,1.43547490047792,2.15921773967363,0.5,32.690554236094,NA,v1,MR,NA,CBC2StepRW_CBCdriftDiffusionLR,84.3020566417793
CBC_P036,CBC_P036_AV_prob0.9_Vset2_Aset2_2024-05-16_15h22.58.280.csv,1,22,aud,0B,0.35,1,1.73521260000052,0,1,1,0.00219699896876419,0.00219699896876424,CBC2StepRW,CBCdriftDiffusionLR,0.5,0.484508137964706,NA,0.6150524266758,1.2380415709698,1.43547490047792,2.15921773967363,0.5,32.690554236094,NA,v1,MR,NA,CBC2StepRW_CBCdriftDiffusionLR,84.3020566417793
CBC_P036,CBC_P036_AV_prob0.9_Vset2_Aset2_2024-05-16_15h22.58.280.csv,1,23,aud,2C,0.5,1,1.50955130000148,1,1,1,0.964693289337076,0.0353067106629242,CBC2StepRW,CBCdriftDiffusionLR,0.5,0.484508137964706,NA,0.6150524266758,1.2380415709698,1.43547490047792,2.15921773967363,0.5,32.690554236094,NA,v1,MR,NA,CBC2StepRW_CBCdriftDiffusionLR,84.3020566417793
CBC_P036,CBC_P036_AV_prob0.9_Vset2_Aset2_2024-05-16_15h22.58.280.csv,1,24,aud,1B,0.5,1,1.61880179999935,1,1,1,0.931508694388454,0.068491305611546,CBC2StepRW,CBCdriftDiffusionLR,0.5,0.484508137964706,NA,0.6150524266758,1.2380415709698,1.43547490047792,2.15921773967363,0.5,32.690554236094,NA,v1,MR,NA,CBC2StepRW_CBCdriftDiffusionLR,84.3020566417793
CBC_P036,CBC_P036_AV_prob0.9_Vset2_Aset2_2024-05-16_15h22.58.280.csv,1,25,aud,0A,0.5,1,NA,NA,NA,NA,0.964693289337076,0,CBC2StepRW,CBCdriftDiffusionLR,0.5,0.484508137964706,NA,0.6150524266758,1.2380415709698,1.43547490047792,2.15921773967363,0.5,32.690554236094,NA,v1,MR,NA,CBC2StepRW_CBCdriftDiffusionLR,84.3020566417793
CBC_P036,CBC_P036_AV_prob0.9_Vset2_Aset2_2024-05-16_15h22.58.280.csv,1,26,aud,1C,0.35,1,1.5036777000023,0,1,1,6.40658099689924e-5,6.40658099689828e-5,CBC2StepRW,CBCdriftDiffusionLR,0.5,0.484508137964706,NA,0.6150524266758,1.2380415709698,1.43547490047792,2.15921773967363,0.5,32.690554236094,NA,v1,MR,NA,CBC2StepRW_CBCdriftDiffusionLR,84.3020566417793
CBC_P036,CBC_P036_AV_prob0.9_Vset2_Aset2_2024-05-16_15h22.58.280.csv,1,27,aud,2B,0.15,0,1.91225500000292,0,1,0,2.41091941370058e-4,-0.99975890805863,CBC2StepRW,CBCdriftDiffusionLR,0.5,0.484508137964706,NA,0.6150524266758,1.2380415709698,1.43547490047792,2.15921773967363,0.5,32.690554236094,NA,v1,MR,NA,CBC2StepRW_CBCdriftDiffusionLR,84.3020566417793
CBC_P036,CBC_P036_AV_prob0.9_Vset2_Aset2_2024-05-16_15h22.58.280.csv,1,28,aud,1C,0.35,1,NA,NA,NA,NA,3.30254036737198e-5,0,CBC2StepRW,CBCdriftDiffusionLR,0.5,0.484508137964706,NA,0.6150524266758,1.2380415709698,1.43547490047792,2.15921773967363,0.5,32.690554236094,NA,v1,MR,NA,CBC2StepRW_CBCdriftDiffusionLR,84.3020566417793
CBC_P036,CBC_P036_AV_prob0.9_Vset2_Aset2_2024-05-16_15h22.58.280.csv,1,29,aud,0B,0.35,1,2.2564910000001,0,1,1,4.35966634329711e-4,4.35966634329765e-4,CBC2StepRW,CBCdriftDiffusionLR,0.5,0.484508137964706,NA,0.6150524266758,1.2380415709698,1.43547490047792,2.15921773967363,0.5,32.690554236094,NA,v1,MR,NA,CBC2StepRW_CBCdriftDiffusionLR,84.3020566417793
CBC_P036,CBC_P036_AV_prob0.9_Vset2_Aset2_2024-05-16_15h22.58.280.csv,1,30,aud,2C,0.5,1,1.37275180000142,1,1,1,0.981799677978028,0.0182003220219722,CBC2StepRW,CBCdriftDiffusionLR,0.5,0.484508137964706,NA,0.6150524266758,1.2380415709698,1.43547490047792,2.15921773967363,0.5,32.690554236094,NA,v1,MR,NA,CBC2StepRW_CBCdriftDiffusionLR,84.3020566417793
CBC_P036,CBC_P036_AV_prob0.9_Vset2_Aset2_2024-05-16_15h22.58.280.csv,1,31,aud,0A,0.5,0,2.35121790000267,1,1,0,0.964693289337076,-0.964693289337076,CBC2StepRW,CBCdriftDiffusionLR,0.5,0.484508137964706,NA,0.6150524266758,1.2380415709698,1.43547490047792,2.15921773967363,0.5,32.690554236094,NA,v1,MR,NA,CBC2StepRW_CBCdriftDiffusionLR,84.3020566417793
CBC_P036,CBC_P036_AV_prob0.9_Vset2_Aset2_2024-05-16_15h22.58.280.csv,1,32,aud,2B,0.15,1,2.04354619999867,0,1,1,0.186558073609209,0.186558073609209,CBC2StepRW,CBCdriftDiffusionLR,0.5,0.484508137964706,NA,0.6150524266758,1.2380415709698,1.43547490047792,2.15921773967363,0.5,32.690554236094,NA,v1,MR,NA,CBC2StepRW_CBCdriftDiffusionLR,84.3020566417793
CBC_P036,CBC_P036_AV_prob0.9_Vset2_Aset2_2024-05-16_15h22.58.280.csv,1,33,aud,1C,0.35,1,1.69643140000335,0,1,1,1.27130490022506e-5,1.27130490022997e-5,CBC2StepRW,CBCdriftDiffusionLR,0.5,0.484508137964706,NA,0.6150524266758,1.2380415709698,1.43547490047792,2.15921773967363,0.5,32.690554236094,NA,v1,MR,NA,CBC2StepRW_CBCdriftDiffusionLR,84.3020566417793
CBC_P036,CBC_P036_AV_prob0.9_Vset2_Aset2_2024-05-16_15h22.58.280.csv,1,34,aud,2A,0.35,1,2.37400600000183,0,1,1,2.46619780806098e-5,2.46619780805979e-5,CBC2StepRW,CBCdriftDiffusionLR,0.5,0.484508137964706,NA,0.6150524266758,1.2380415709698,1.43547490047792,2.15921773967363,0.5,32.690554236094,NA,v1,MR,NA,CBC2StepRW_CBCdriftDiffusionLR,84.3020566417793
CBC_P036,CBC_P036_AV_prob0.9_Vset2_Aset2_2024-05-16_15h22.58.280.csv,1,35,aud,1B,0.5,1,2.34382109999933,1,1,1,0.964693289337076,0.0353067106629242,CBC2StepRW,CBCdriftDiffusionLR,0.5,0.484508137964706,NA,0.6150524266758,1.2380415709698,1.43547490047792,2.15921773967363,0.5,32.690554236094,NA,v1,MR,NA,CBC2StepRW_CBCdriftDiffusionLR,84.3020566417793
CBC_P036,CBC_P036_AV_prob0.9_Vset2_Aset2_2024-05-16_15h22.58.280.csv,1,36,aud,0C,0.15,1,1.64584549999927,1,0,0,4.78416438685202e-5,-4.78416438685202e-5,CBC2StepRW,CBCdriftDiffusionLR,0.5,0.484508137964706,NA,0.6150524266758,1.2380415709698,1.43547490047792,2.15921773967363,0.5,32.690554236094,NA,v1,MR,NA,CBC2StepRW_CBCdriftDiffusionLR,84.3020566417793
CBC_P036,CBC_P036_AV_prob0.9_Vset2_Aset2_2024-05-16_15h22.58.280.csv,1,37,aud,1B,0.5,1,2.26954380000097,1,1,1,0.981799677978028,0.0182003220219722,CBC2StepRW,CBCdriftDiffusionLR,0.5,0.484508137964706,NA,0.6150524266758,1.2380415709698,1.43547490047792,2.15921773967363,0.5,32.690554236094,NA,v1,MR,NA,CBC2StepRW_CBCdriftDiffusionLR,84.3020566417793
CBC_P036,CBC_P036_AV_prob0.9_Vset2_Aset2_2024-05-16_15h22.58.280.csv,1,38,aud,2A,0.35,1,2.33368400000109,0,1,1,1.27130490022529e-5,1.27130490022997e-5,CBC2StepRW,CBCdriftDiffusionLR,0.5,0.484508137964706,NA,0.6150524266758,1.2380415709698,1.43547490047792,2.15921773967363,0.5,32.690554236094,NA,v1,MR,NA,CBC2StepRW_CBCdriftDiffusionLR,84.3020566417793
CBC_P036,CBC_P036_AV_prob0.9_Vset2_Aset2_2024-05-16_15h22.58.280.csv,1,39,aud,1C,0.35,1,1.52291790000163,0,1,1,9.71124044093319e-7,9.71124044069072e-7,CBC2StepRW,CBCdriftDiffusionLR,0.5,0.484508137964706,NA,0.6150524266758,1.2380415709698,1.43547490047792,2.15921773967363,0.5,32.690554236094,NA,v1,MR,NA,CBC2StepRW_CBCdriftDiffusionLR,84.3020566417793
CBC_P036,CBC_P036_AV_prob0.9_Vset2_Aset2_2024-05-16_15h22.58.280.csv,1,40,aud,0A,0.5,1,2.37911130000066,1,1,1,0.497291540013321,0.502708459986679,CBC2StepRW,CBCdriftDiffusionLR,0.5,0.484508137964706,NA,0.6150524266758,1.2380415709698,1.43547490047792,2.15921773967363,0.5,32.690554236094,NA,v1,MR,NA,CBC2StepRW_CBCdriftDiffusionLR,84.3020566417793
CBC_P036,CBC_P036_AV_prob0.9_Vset2_Aset2_2024-05-16_15h22.58.280.csv,1,41,aud,1B,0.5,1,2.49304670000129,1,1,1,0.990617882111252,0.00938211788874843,CBC2StepRW,CBCdriftDiffusionLR,0.5,0.484508137964706,NA,0.6150524266758,1.2380415709698,1.43547490047792,2.15921773967363,0.5,32.690554236094,NA,v1,MR,NA,CBC2StepRW_CBCdriftDiffusionLR,84.3020566417793
CBC_P036,CBC_P036_AV_prob0.9_Vset2_Aset2_2024-05-16_15h22.58.280.csv,1,42,aud,2C,0.5,1,1.53852550000374,1,1,1,0.990617882111252,0.00938211788874843,CBC2StepRW,CBCdriftDiffusionLR,0.5,0.484508137964706,NA,0.6150524266758,1.2380415709698,1.43547490047792,2.15921773967363,0.5,32.690554236094,NA,v1,MR,NA,CBC2StepRW_CBCdriftDiffusionLR,84.3020566417793
CBC_P036,CBC_P036_TV_prob0.9_Vset4_Tset2_2024-05-16_15h14.30.889.csv,2,1,tac,2C,0.5,1,2.22165179999865,1,1,1,0.5,0.5,CBCsimpleRW,CBCdriftDiffusionLR,0.5,0.088696400089962,NA,NA,1.55642696892657,5.29989858056677,2.02798012417771,0.5,37.4400305367641,NA,v1,MR,NA,CBCsimpleRW_CBCdriftDiffusionLR,90.01681960920124
CBC_P036,CBC_P036_TV_prob0.9_Vset4_Tset2_2024-05-16_15h14.30.889.csv,2,2,tac,1B,0.5,1,NA,NA,NA,NA,0.5,0,CBCsimpleRW,CBCdriftDiffusionLR,0.5,0.088696400089962,NA,NA,1.55642696892657,5.29989858056677,2.02798012417771,0.5,37.4400305367641,NA,v1,MR,NA,CBCsimpleRW_CBCdriftDiffusionLR,90.01681960920124
CBC_P036,CBC_P036_TV_prob0.9_Vset4_Tset2_2024-05-16_15h14.30.889.csv,2,3,tac,0C,0.15,1,2.4647079000024,0,1,1,0.5,0.5,CBCsimpleRW,CBCdriftDiffusionLR,0.5,0.088696400089962,NA,NA,1.55642696892657,5.29989858056677,2.02798012417771,0.5,37.4400305367641,NA,v1,MR,NA,CBCsimpleRW_CBCdriftDiffusionLR,90.01681960920124
CBC_P036,CBC_P036_TV_prob0.9_Vset4_Tset2_2024-05-16_15h14.30.889.csv,2,4,tac,2A,0.35,1,2.35042819999944,0,1,1,0.5,0.5,CBCsimpleRW,CBCdriftDiffusionLR,0.5,0.088696400089962,NA,NA,1.55642696892657,5.29989858056677,2.02798012417771,0.5,37.4400305367641,NA,v1,MR,NA,CBCsimpleRW_CBCdriftDiffusionLR,90.01681960920124
CBC_P036,CBC_P036_TV_prob0.9_Vset4_Tset2_2024-05-16_15h14.30.889.csv,2,5,tac,1C,0.35,1,2.42570599999817,0,1,1,0.5,0.5,CBCsimpleRW,CBCdriftDiffusionLR,0.5,0.088696400089962,NA,NA,1.55642696892657,5.29989858056677,2.02798012417771,0.5,37.4400305367641,NA,v1,MR,NA,CBCsimpleRW_CBCdriftDiffusionLR,90.01681960920124
CBC_P036,CBC_P036_TV_prob0.9_Vset4_Tset2_2024-05-16_15h14.30.889.csv,2,6,tac,2A,0.35,1,2.28106190000108,1,0,0,0.455651799955019,-0.455651799955019,CBCsimpleRW,CBCdriftDiffusionLR,0.5,0.088696400089962,NA,NA,1.55642696892657,5.29989858056677,2.02798012417771,0.5,37.4400305367641,NA,v1,MR,NA,CBCsimpleRW_CBCdriftDiffusionLR,90.01681960920124
CBC_P036,CBC_P036_TV_prob0.9_Vset4_Tset2_2024-05-16_15h14.30.889.csv,2,7,tac,1B,0.5,1,2.21803960000034,1,1,1,0.5,0.5,CBCsimpleRW,CBCdriftDiffusionLR,0.5,0.088696400089962,NA,NA,1.55642696892657,5.29989858056677,2.02798012417771,0.5,37.4400305367641,NA,v1,MR,NA,CBCsimpleRW_CBCdriftDiffusionLR,90.01681960920124
CBC_P036,CBC_P036_TV_prob0.9_Vset4_Tset2_2024-05-16_15h14.30.889.csv,2,8,tac,0A,0.5,0,2.30058619999909,1,1,0,0.5,-0.5,CBCsimpleRW,CBCdriftDiffusionLR,0.5,0.088696400089962,NA,NA,1.55642696892657,5.29989858056677,2.02798012417771,0.5,37.4400305367641,NA,v1,MR,NA,CBCsimpleRW_CBCdriftDiffusionLR,90.01681960920124
CBC_P036,CBC_P036_TV_prob0.9_Vset4_Tset2_2024-05-16_15h14.30.889.csv,2,9,tac,1B,0.5,1,2.24939580000137,1,1,1,0.544348200044981,0.455651799955019,CBCsimpleRW,CBCdriftDiffusionLR,0.5,0.088696400089962,NA,NA,1.55642696892657,5.29989858056677,2.02798012417771,0.5,37.4400305367641,NA,v1,MR,NA,CBCsimpleRW_CBCdriftDiffusionLR,90.01681960920124
CBC_P036,CBC_P036_TV_prob0.9_Vset4_Tset2_2024-05-16_15h14.30.889.csv,2,10,tac,2C,0.5,1,2.32399109999824,1,1,1,0.544348200044981,0.455651799955019,CBCsimpleRW,CBCdriftDiffusionLR,0.5,0.088696400089962,NA,NA,1.55642696892657,5.29989858056677,2.02798012417771,0.5,37.4400305367641,NA,v1,MR,NA,CBCsimpleRW_CBCdriftDiffusionLR,90.01681960920124
CBC_P036,CBC_P036_TV_prob0.9_Vset4_Tset2_2024-05-16_15h14.30.889.csv,2,11,tac,0B,0.35,1,2.25701810000101,1,0,0,0.5,-0.5,CBCsimpleRW,CBCdriftDiffusionLR,0.5,0.088696400089962,NA,NA,1.55642696892657,5.29989858056677,2.02798012417771,0.5,37.4400305367641,NA,v1,MR,NA,CBCsimpleRW_CBCdriftDiffusionLR,90.01681960920124
CBC_P036,CBC_P036_TV_prob0.9_Vset4_Tset2_2024-05-16_15h14.30.889.csv,2,12,tac,1C,0.35,1,2.43183230000068,0,1,1,0.455651799955019,0.455651799955019,CBCsimpleRW,CBCdriftDiffusionLR,0.5,0.088696400089962,NA,NA,1.55642696892657,5.29989858056677,2.02798012417771,0.5,37.4400305367641,NA,v1,MR,NA,CBCsimpleRW_CBCdriftDiffusionLR,90.01681960920124
CBC_P036,CBC_P036_TV_prob0.9_Vset4_Tset2_2024-05-16_15h14.30.889.csv,2,13,tac,0A,0.5,1,2.25498190000144,0,0,0,0.455651799955019,-0.544348200044981,CBCsimpleRW,CBCdriftDiffusionLR,0.5,0.088696400089962,NA,NA,1.55642696892657,5.29989858056677,2.02798012417771,0.5,37.4400305367641,NA,v1,MR,NA,CBCsimpleRW_CBCdriftDiffusionLR,90.01681960920124
CBC_P036,CBC_P036_TV_prob0.9_Vset4_Tset2_2024-05-16_15h14.30.889.csv,2,14,tac,2B,0.15,1,2.16848219999883,0,1,1,0.5,0.5,CBCsimpleRW,CBCdriftDiffusionLR,0.5,0.088696400089962,NA,NA,1.55642696892657,5.29989858056677,2.02798012417771,0.5,37.4400305367641,NA,v1,MR,NA,CBCsimpleRW_CBCdriftDiffusionLR,90.01681960920124
CBC_P036,CBC_P036_TV_prob0.9_Vset4_Tset2_2024-05-16_15h14.30.889.csv,2,15,tac,1A,0.15,1,2.19908600000053,1,0,0,0.5,-0.5,CBCsimpleRW,CBCdriftDiffusionLR,0.5,0.088696400089962,NA,NA,1.55642696892657,5.29989858056677,2.02798012417771,0.5,37.4400305367641,NA,v1,MR,NA,CBCsimpleRW_CBCdriftDiffusionLR,90.01681960920124
CBC_P036,CBC_P036_TV_prob0.9_Vset4_Tset2_2024-05-16_15h14.30.889.csv,2,16,tac,0C,0.15,1,2.32444730000134,1,0,0,0.455651799955019,-0.455651799955019,CBCsimpleRW,CBCdriftDiffusionLR,0.5,0.088696400089962,NA,NA,1.55642696892657,5.29989858056677,2.02798012417771,0.5,37.4400305367641,NA,v1,MR,NA,CBCsimpleRW_CBCdriftDiffusionLR,90.01681960920124
CBC_P036,CBC_P036_TV_prob0.9_Vset4_Tset2_2024-05-16_15h14.30.889.csv,2,17,tac,1B,0.5,1,2.10525380000399,1,1,1,0.584762874395503,0.415237125604497,CBCsimpleRW,CBCdriftDiffusionLR,0.5,0.088696400089962,NA,NA,1.55642696892657,5.29989858056677,2.02798012417771,0.5,37.4400305367641,NA,v1,MR,NA,CBCsimpleRW_CBCdriftDiffusionLR,90.01681960920124
CBC_P036,CBC_P036_TV_prob0.9_Vset4_Tset2_2024-05-16_15h14.30.889.csv,2,18,tac,2C,0.5,1,2.41144759999952,1,1,1,0.584762874395503,0.415237125604497,CBCsimpleRW,CBCdriftDiffusionLR,0.5,0.088696400089962,NA,NA,1.55642696892657,5.29989858056677,2.02798012417771,0.5,37.4400305367641,NA,v1,MR,NA,CBCsimpleRW_CBCdriftDiffusionLR,90.01681960920124
CBC_P036,CBC_P036_TV_prob0.9_Vset4_Tset2_2024-05-16_15h14.30.889.csv,2,19,tac,0B,0.35,0,2.11112510000021,0,1,0,0.455651799955019,-0.544348200044981,CBCsimpleRW,CBCdriftDiffusionLR,0.5,0.088696400089962,NA,NA,1.55642696892657,5.29989858056677,2.02798012417771,0.5,37.4400305367641,NA,v1,MR,NA,CBCsimpleRW_CBCdriftDiffusionLR,90.01681960920124
CBC_P036,CBC_P036_TV_prob0.9_Vset4_Tset2_2024-05-16_15h14.30.889.csv,2,20,tac,1C,0.35,1,2.32957180000085,0,1,1,0.415237125604497,0.415237125604497,CBCsimpleRW,CBCdriftDiffusionLR,0.5,0.088696400089962,NA,NA,1.55642696892657,5.29989858056677,2.02798012417771,0.5,37.4400305367641,NA,v1,MR,NA,CBCsimpleRW_CBCdriftDiffusionLR,90.01681960920124
CBC_P036,CBC_P036_TV_prob0.9_Vset4_Tset2_2024-05-16_15h14.30.889.csv,2,21,tac,0A,0.5,1,2.35718790000101,0,0,0,0.503933525694459,-0.496066474305541,CBCsimpleRW,CBCdriftDiffusionLR,0.5,0.088696400089962,NA,NA,1.55642696892657,5.29989858056677,2.02798012417771,0.5,37.4400305367641,NA,v1,MR,NA,CBCsimpleRW_CBCdriftDiffusionLR,90.01681960920124
CBC_P036,CBC_P036_TV_prob0.9_Vset4_Tset2_2024-05-16_15h14.30.889.csv,2,22,tac,1C,0.35,1,2.30172390000007,0,1,1,0.378407087379675,0.378407087379675,CBCsimpleRW,CBCdriftDiffusionLR,0.5,0.088696400089962,NA,NA,1.55642696892657,5.29989858056677,2.02798012417771,0.5,37.4400305367641,NA,v1,MR,NA,CBCsimpleRW_CBCdriftDiffusionLR,90.01681960920124
CBC_P036,CBC_P036_TV_prob0.9_Vset4_Tset2_2024-05-16_15h14.30.889.csv,2,23,tac,0A,0.5,1,2.22759149999911,0,0,0,0.54793283617068,-0.45206716382932,CBCsimpleRW,CBCdriftDiffusionLR,0.5,0.088696400089962,NA,NA,1.55642696892657,5.29989858056677,2.02798012417771,0.5,37.4400305367641,NA,v1,MR,NA,CBCsimpleRW_CBCdriftDiffusionLR,90.01681960920124
CBC_P036,CBC_P036_TV_prob0.9_Vset4_Tset2_2024-05-16_15h14.30.889.csv,2,24,tac,2C,0.5,1,2.46206130000064,1,1,1,0.621592912620325,0.378407087379675,CBCsimpleRW,CBCdriftDiffusionLR,0.5,0.088696400089962,NA,NA,1.55642696892657,5.29989858056677,2.02798012417771,0.5,37.4400305367641,NA,v1,MR,NA,CBCsimpleRW_CBCdriftDiffusionLR,90.01681960920124
CBC_P036,CBC_P036_TV_prob0.9_Vset4_Tset2_2024-05-16_15h14.30.889.csv,2,25,tac,0B,0.35,1,1.87244429999919,0,1,1,0.503933525694459,0.503933525694459,CBCsimpleRW,CBCdriftDiffusionLR,0.5,0.088696400089962,NA,NA,1.55642696892657,5.29989858056677,2.02798012417771,0.5,37.4400305367641,NA,v1,MR,NA,CBCsimpleRW_CBCdriftDiffusionLR,90.01681960920124
CBC_P036,CBC_P036_TV_prob0.9_Vset4_Tset2_2024-05-16_15h14.30.889.csv,2,26,tac,2A,0.35,1,2.86069060000227,0,1,1,0.415237125604497,0.415237125604497,CBCsimpleRW,CBCdriftDiffusionLR,0.5,0.088696400089962,NA,NA,1.55642696892657,5.29989858056677,2.02798012417771,0.5,37.4400305367641,NA,v1,MR,NA,CBCsimpleRW_CBCdriftDiffusionLR,90.01681960920124
CBC_P036,CBC_P036_TV_prob0.9_Vset4_Tset2_2024-05-16_15h14.30.889.csv,2,27,tac,1B,0.5,1,1.64201230000253,1,1,1,0.621592912620325,0.378407087379675,CBCsimpleRW,CBCdriftDiffusionLR,0.5,0.088696400089962,NA,NA,1.55642696892657,5.29989858056677,2.02798012417771,0.5,37.4400305367641,NA,v1,MR,NA,CBCsimpleRW_CBCdriftDiffusionLR,90.01681960920124
CBC_P036,CBC_P036_TV_prob0.9_Vset4_Tset2_2024-05-16_15h14.30.889.csv,2,28,tac,0A,0.5,1,2.25898070000039,1,1,1,0.58802956620122,0.41197043379878,CBCsimpleRW,CBCdriftDiffusionLR,0.5,0.088696400089962,NA,NA,1.55642696892657,5.29989858056677,2.02798012417771,0.5,37.4400305367641,NA,v1,MR,NA,CBCsimpleRW_CBCdriftDiffusionLR,90.01681960920124
CBC_P036,CBC_P036_TV_prob0.9_Vset4_Tset2_2024-05-16_15h14.30.889.csv,2,29,tac,2C,0.5,0,3.10403690000021,1,1,0,0.65515625903943,-0.65515625903943,CBCsimpleRW,CBCdriftDiffusionLR,0.5,0.088696400089962,NA,NA,1.55642696892657,5.29989858056677,2.02798012417771,0.5,37.4400305367641,NA,v1,MR,NA,CBCsimpleRW_CBCdriftDiffusionLR,90.01681960920124
CBC_P036,CBC_P036_TV_prob0.9_Vset4_Tset2_2024-05-16_15h14.30.889.csv,2,30,tac,1A,0.15,1,2.32119210000019,1,0,0,0.455651799955019,-0.455651799955019,CBCsimpleRW,CBCdriftDiffusionLR,0.5,0.088696400089962,NA,NA,1.55642696892657,5.29989858056677,2.02798012417771,0.5,37.4400305367641,NA,v1,MR,NA,CBCsimpleRW_CBCdriftDiffusionLR,90.01681960920124
CBC_P036,CBC_P036_TV_prob0.9_Vset4_Tset2_2024-05-16_15h14.30.889.csv,2,31,tac,2C,0.5,1,2.53550720000203,1,1,1,0.597046257366226,0.402953742633774,CBCsimpleRW,CBCdriftDiffusionLR,0.5,0.088696400089962,NA,NA,1.55642696892657,5.29989858056677,2.02798012417771,0.5,37.4400305367641,NA,v1,MR,NA,CBCsimpleRW_CBCdriftDiffusionLR,90.01681960920124
CBC_P036,CBC_P036_TV_prob0.9_Vset4_Tset2_2024-05-16_15h14.30.889.csv,2,32,tac,1B,0.5,0,1.8508952000011,1,1,0,0.65515625903943,-0.65515625903943,CBCsimpleRW,CBCdriftDiffusionLR,0.5,0.088696400089962,NA,NA,1.55642696892657,5.29989858056677,2.02798012417771,0.5,37.4400305367641,NA,v1,MR,NA,CBCsimpleRW_CBCdriftDiffusionLR,90.01681960920124
CBC_P036,CBC_P036_TV_prob0.9_Vset4_Tset2_2024-05-16_15h14.30.889.csv,2,33,tac,0A,0.5,1,2.55729620000056,1,1,1,0.624569860622672,0.375430139377328,CBCsimpleRW,CBCdriftDiffusionLR,0.5,0.088696400089962,NA,NA,1.55642696892657,5.29989858056677,2.02798012417771,0.5,37.4400305367641,NA,v1,MR,NA,CBCsimpleRW_CBCdriftDiffusionLR,90.01681960920124
CBC_P036,CBC_P036_TV_prob0.9_Vset4_Tset2_2024-05-16_15h14.30.889.csv,2,34,tac,1C,0.35,1,2.23082369999975,0,1,1,0.34484374096057,0.34484374096057,CBCsimpleRW,CBCdriftDiffusionLR,0.5,0.088696400089962,NA,NA,1.55642696892657,5.29989858056677,2.02798012417771,0.5,37.4400305367641,NA,v1,MR,NA,CBCsimpleRW_CBCdriftDiffusionLR,90.01681960920124
CBC_P036,CBC_P036_TV_prob0.9_Vset4_Tset2_2024-05-16_15h14.30.889.csv,2,35,tac,2A,0.35,1,2.75291420000212,0,1,1,0.378407087379675,0.378407087379675,CBCsimpleRW,CBCdriftDiffusionLR,0.5,0.088696400089962,NA,NA,1.55642696892657,5.29989858056677,2.02798012417771,0.5,37.4400305367641,NA,v1,MR,NA,CBCsimpleRW_CBCdriftDiffusionLR,90.01681960920124
CBC_P036,CBC_P036_TV_prob0.9_Vset4_Tset2_2024-05-16_15h14.30.889.csv,2,36,tac,0B,0.35,1,2.22231760000068,0,1,1,0.459236436080718,0.459236436080718,CBCsimpleRW,CBCdriftDiffusionLR,0.5,0.088696400089962,NA,NA,1.55642696892657,5.29989858056677,2.02798012417771,0.5,37.4400305367641,NA,v1,MR,NA,CBCsimpleRW_CBCdriftDiffusionLR,90.01681960920124
CBC_P036,CBC_P036_TV_prob0.9_Vset4_Tset2_2024-05-16_15h14.30.889.csv,2,37,tac,2C,0.5,1,2.40723410000282,1,1,1,0.632786803740619,0.367213196259381,CBCsimpleRW,CBCdriftDiffusionLR,0.5,0.088696400089962,NA,NA,1.55642696892657,5.29989858056677,2.02798012417771,0.5,37.4400305367641,NA,v1,MR,NA,CBCsimpleRW_CBCdriftDiffusionLR,90.01681960920124
CBC_P036,CBC_P036_TV_prob0.9_Vset4_Tset2_2024-05-16_15h14.30.889.csv,2,38,tac,0B,0.35,1,2.32115379999959,0,1,1,0.418503817410215,0.418503817410215,CBCsimpleRW,CBCdriftDiffusionLR,0.5,0.088696400089962,NA,NA,1.55642696892657,5.29989858056677,2.02798012417771,0.5,37.4400305367641,NA,v1,MR,NA,CBCsimpleRW_CBCdriftDiffusionLR,90.01681960920124
CBC_P036,CBC_P036_TV_prob0.9_Vset4_Tset2_2024-05-16_15h14.30.889.csv,2,39,tac,1C,0.35,1,2.24468450000131,0,1,1,0.314257342543812,0.314257342543812,CBCsimpleRW,CBCdriftDiffusionLR,0.5,0.088696400089962,NA,NA,1.55642696892657,5.29989858056677,2.02798012417771,0.5,37.4400305367641,NA,v1,MR,NA,CBCsimpleRW_CBCdriftDiffusionLR,90.01681960920124
CBC_P036,CBC_P036_TV_prob0.9_Vset4_Tset2_2024-05-16_15h14.30.889.csv,2,40,tac,2B,0.15,1,1.87080660000356,0,1,1,0.455651799955019,0.455651799955019,CBCsimpleRW,CBCdriftDiffusionLR,0.5,0.088696400089962,NA,NA,1.55642696892657,5.29989858056677,2.02798012417771,0.5,37.4400305367641,NA,v1,MR,NA,CBCsimpleRW_CBCdriftDiffusionLR,90.01681960920124
CBC_P036,CBC_P036_TV_prob0.9_Vset4_Tset2_2024-05-16_15h14.30.889.csv,2,41,tac,0A,0.5,1,2.57840109999961,1,1,1,0.657869162470714,0.342130837529286,CBCsimpleRW,CBCdriftDiffusionLR,0.5,0.088696400089962,NA,NA,1.55642696892657,5.29989858056677,2.02798012417771,0.5,37.4400305367641,NA,v1,MR,NA,CBCsimpleRW_CBCdriftDiffusionLR,90.01681960920124
CBC_P036,CBC_P036_TV_prob0.9_Vset4_Tset2_2024-05-16_15h14.30.889.csv,2,42,tac,1B,0.5,0,2.2213679000015,1,1,0,0.597046257366226,-0.597046257366226,CBCsimpleRW,CBCdriftDiffusionLR,0.5,0.088696400089962,NA,NA,1.55642696892657,5.29989858056677,2.02798012417771,0.5,37.4400305367641,NA,v1,MR,NA,CBCsimpleRW_CBCdriftDiffusionLR,90.01681960920124
CBC_P037,CBC_P037_AV_prob0.9_Vset3_Aset4_2024-05-16_13h59.19.719.csv,1,1,aud,2C,0.5,1,1.18001470000127,1,1,1,0.5,0.5,CBCsimpleRW,CBCdriftDiffusionLR,0.5,0.054120753715782,NA,NA,0.68006694137006,3.82349492654058,1.84353497343975,0.5,48.4241619828484,NA,v1,MR,NA,CBCsimpleRW_CBCdriftDiffusionLR,111.98508250136985
CBC_P037,CBC_P037_AV_prob0.9_Vset3_Aset4_2024-05-16_13h59.19.719.csv,1,2,aud,1B,0.5,1,1.41553250000106,1,1,1,0.5,0.5,CBCsimpleRW,CBCdriftDiffusionLR,0.5,0.054120753715782,NA,NA,0.68006694137006,3.82349492654058,1.84353497343975,0.5,48.4241619828484,NA,v1,MR,NA,CBCsimpleRW_CBCdriftDiffusionLR,111.98508250136985
CBC_P037,CBC_P037_AV_prob0.9_Vset3_Aset4_2024-05-16_13h59.19.719.csv,1,3,aud,0C,0.15,1,0.97956030000023,0,1,1,0.5,0.5,CBCsimpleRW,CBCdriftDiffusionLR,0.5,0.054120753715782,NA,NA,0.68006694137006,3.82349492654058,1.84353497343975,0.5,48.4241619828484,NA,v1,MR,NA,CBCsimpleRW_CBCdriftDiffusionLR,111.98508250136985
CBC_P037,CBC_P037_AV_prob0.9_Vset3_Aset4_2024-05-16_13h59.19.719.csv,1,4,aud,2A,0.35,1,1.87186810000276,0,1,1,0.5,0.5,CBCsimpleRW,CBCdriftDiffusionLR,0.5,0.054120753715782,NA,NA,0.68006694137006,3.82349492654058,1.84353497343975,0.5,48.4241619828484,NA,v1,MR,NA,CBCsimpleRW_CBCdriftDiffusionLR,111.98508250136985
CBC_P037,CBC_P037_AV_prob0.9_Vset3_Aset4_2024-05-16_13h59.19.719.csv,1,5,aud,1C,0.35,1,2.1706434000007,1,0,0,0.5,-0.5,CBCsimpleRW,CBCdriftDiffusionLR,0.5,0.054120753715782,NA,NA,0.68006694137006,3.82349492654058,1.84353497343975,0.5,48.4241619828484,NA,v1,MR,NA,CBCsimpleRW_CBCdriftDiffusionLR,111.98508250136985
CBC_P037,CBC_P037_AV_prob0.9_Vset3_Aset4_2024-05-16_13h59.19.719.csv,1,6,aud,2A,0.35,1,1.44930820000081,0,1,1,0.472939623142109,0.472939623142109,CBCsimpleRW,CBCdriftDiffusionLR,0.5,0.054120753715782,NA,NA,0.68006694137006,3.82349492654058,1.84353497343975,0.5,48.4241619828484,NA,v1,MR,NA,CBCsimpleRW_CBCdriftDiffusionLR,111.98508250136985
CBC_P037,CBC_P037_AV_prob0.9_Vset3_Aset4_2024-05-16_13h59.19.719.csv,1,7,aud,1B,0.5,1,1.98942690000149,1,1,1,0.527060376857891,0.472939623142109,CBCsimpleRW,CBCdriftDiffusionLR,0.5,0.054120753715782,NA,NA,0.68006694137006,3.82349492654058,1.84353497343975,0.5,48.4241619828484,NA,v1,MR,NA,CBCsimpleRW_CBCdriftDiffusionLR,111.98508250136985
CBC_P037,CBC_P037_AV_prob0.9_Vset3_Aset4_2024-05-16_13h59.19.719.csv,1,8,aud,0A,0.5,1,1.4358626000012,1,1,1,0.5,0.5,CBCsimpleRW,CBCdriftDiffusionLR,0.5,0.054120753715782,NA,NA,0.68006694137006,3.82349492654058,1.84353497343975,0.5,48.4241619828484,NA,v1,MR,NA,CBCsimpleRW_CBCdriftDiffusionLR,111.98508250136985
CBC_P037,CBC_P037_AV_prob0.9_Vset3_Aset4_2024-05-16_13h59.19.719.csv,1,9,aud,1B,0.5,1,1.25457650000135,1,1,1,0.5526562257244,0.4473437742756,CBCsimpleRW,CBCdriftDiffusionLR,0.5,0.054120753715782,NA,NA,0.68006694137006,3.82349492654058,1.84353497343975,0.5,48.4241619828484,NA,v1,MR,NA,CBCsimpleRW_CBCdriftDiffusionLR,111.98508250136985
CBC_P037,CBC_P037_AV_prob0.9_Vset3_Aset4_2024-05-16_13h59.19.719.csv,1,10,aud,2C,0.5,0,1.47701270000107,0,0,1,0.527060376857891,0.527060376857891,CBCsimpleRW,CBCdriftDiffusionLR,0.5,0.054120753715782,NA,NA,0.68006694137006,3.82349492654058,1.84353497343975,0.5,48.4241619828484,NA,v1,MR,NA,CBCsimpleRW_CBCdriftDiffusionLR,111.98508250136985
CBC_P037,CBC_P037_AV_prob0.9_Vset3_Aset4_2024-05-16_13h59.19.719.csv,1,11,aud,0B,0.35,1,1.39629460000106,1,0,0,0.5,-0.5,CBCsimpleRW,CBCdriftDiffusionLR,0.5,0.054120753715782,NA,NA,0.68006694137006,3.82349492654058,1.84353497343975,0.5,48.4241619828484,NA,v1,MR,NA,CBCsimpleRW_CBCdriftDiffusionLR,111.98508250136985
CBC_P037,CBC_P037_AV_prob0.9_Vset3_Aset4_2024-05-16_13h59.19.719.csv,1,12,aud,1C,0.35,1,1.98270780000166,0,1,1,0.472939623142109,0.472939623142109,CBCsimpleRW,CBCdriftDiffusionLR,0.5,0.054120753715782,NA,NA,0.68006694137006,3.82349492654058,1.84353497343975,0.5,48.4241619828484,NA,v1,MR,NA,CBCsimpleRW_CBCdriftDiffusionLR,111.98508250136985
CBC_P037,CBC_P037_AV_prob0.9_Vset3_Aset4_2024-05-16_13h59.19.719.csv,1,13,aud,0A,0.5,1,1.52548900000147,0,0,0,0.527060376857891,-0.472939623142109,CBCsimpleRW,CBCdriftDiffusionLR,0.5,0.054120753715782,NA,NA,0.68006694137006,3.82349492654058,1.84353497343975,0.5,48.4241619828484,NA,v1,MR,NA,CBCsimpleRW_CBCdriftDiffusionLR,111.98508250136985
CBC_P037,CBC_P037_AV_prob0.9_Vset3_Aset4_2024-05-16_13h59.19.719.csv,1,14,aud,2B,0.15,1,0.902811100002509,0,1,1,0.5,0.5,CBCsimpleRW,CBCdriftDiffusionLR,0.5,0.054120753715782,NA,NA,0.68006694137006,3.82349492654058,1.84353497343975,0.5,48.4241619828484,NA,v1,MR,NA,CBCsimpleRW_CBCdriftDiffusionLR,111.98508250136985
CBC_P037,CBC_P037_AV_prob0.9_Vset3_Aset4_2024-05-16_13h59.19.719.csv,1,15,aud,1A,0.15,1,1.76580170000125,0,1,1,0.5,0.5,CBCsimpleRW,CBCdriftDiffusionLR,0.5,0.054120753715782,NA,NA,0.68006694137006,3.82349492654058,1.84353497343975,0.5,48.4241619828484,NA,v1,MR,NA,CBCsimpleRW_CBCdriftDiffusionLR,111.98508250136985
CBC_P037,CBC_P037_AV_prob0.9_Vset3_Aset4_2024-05-16_13h59.19.719.csv,1,16,aud,0C,0.15,1,2.44951290000063,0,1,1,0.472939623142109,0.472939623142109,CBCsimpleRW,CBCdriftDiffusionLR,0.5,0.054120753715782,NA,NA,0.68006694137006,3.82349492654058,1.84353497343975,0.5,48.4241619828484,NA,v1,MR,NA,CBCsimpleRW_CBCdriftDiffusionLR,111.98508250136985
CBC_P037,CBC_P037_AV_prob0.9_Vset3_Aset4_2024-05-16_13h59.19.719.csv,1,17,aud,1B,0.5,1,2.31716460000098,0,0,0,0.576866807958258,-0.423133192041742,CBCsimpleRW,CBCdriftDiffusionLR,0.5,0.054120753715782,NA,NA,0.68006694137006,3.82349492654058,1.84353497343975,0.5,48.4241619828484,NA,v1,MR,NA,CBCsimpleRW_CBCdriftDiffusionLR,111.98508250136985
CBC_P037,CBC_P037_AV_prob0.9_Vset3_Aset4_2024-05-16_13h59.19.719.csv,1,18,aud,2C,0.5,1,1.0641280000018,0,0,0,0.498535472008618,-0.501464527991382,CBCsimpleRW,CBCdriftDiffusionLR,0.5,0.054120753715782,NA,NA,0.68006694137006,3.82349492654058,1.84353497343975,0.5,48.4241619828484,NA,v1,MR,NA,CBCsimpleRW_CBCdriftDiffusionLR,111.98508250136985
CBC_P037,CBC_P037_AV_prob0.9_Vset3_Aset4_2024-05-16_13h59.19.719.csv,1,19,aud,0B,0.35,1,2.18757940000069,1,0,0,0.472939623142109,-0.472939623142109,CBCsimpleRW,CBCdriftDiffusionLR,0.5,0.054120753715782,NA,NA,0.68006694137006,3.82349492654058,1.84353497343975,0.5,48.4241619828484,NA,v1,MR,NA,CBCsimpleRW_CBCdriftDiffusionLR,111.98508250136985
CBC_P037,CBC_P037_AV_prob0.9_Vset3_Aset4_2024-05-16_13h59.19.719.csv,1,20,aud,1C,0.35,0,NA,NA,NA,NA,0.4473437742756,0,CBCsimpleRW,CBCdriftDiffusionLR,0.5,0.054120753715782,NA,NA,0.68006694137006,3.82349492654058,1.84353497343975,0.5,48.4241619828484,NA,v1,MR,NA,CBCsimpleRW_CBCdriftDiffusionLR,111.98508250136985
CBC_P037,CBC_P037_AV_prob0.9_Vset3_Aset4_2024-05-16_13h59.19.719.csv,1,21,aud,0A,0.5,1,1.9882002000013,0,0,0,0.5526562257244,-0.4473437742756,CBCsimpleRW,CBCdriftDiffusionLR,0.5,0.054120753715782,NA,NA,0.68006694137006,3.82349492654058,1.84353497343975,0.5,48.4241619828484,NA,v1,MR,NA,CBCsimpleRW_CBCdriftDiffusionLR,111.98508250136985
CBC_P037,CBC_P037_AV_prob0.9_Vset3_Aset4_2024-05-16_13h59.19.719.csv,1,22,aud,1C,0.35,1,NA,NA,NA,NA,0.4473437742756,0,CBCsimpleRW,CBCdriftDiffusionLR,0.5,0.054120753715782,NA,NA,0.68006694137006,3.82349492654058,1.84353497343975,0.5,48.4241619828484,NA,v1,MR,NA,CBCsimpleRW_CBCdriftDiffusionLR,111.98508250136985
CBC_P037,CBC_P037_AV_prob0.9_Vset3_Aset4_2024-05-16_13h59.19.719.csv,1,23,aud,0A,0.5,1,1.34789560000172,1,1,1,0.576866807958258,0.423133192041742,CBCsimpleRW,CBCdriftDiffusionLR,0.5,0.054120753715782,NA,NA,0.68006694137006,3.82349492654058,1.84353497343975,0.5,48.4241619828484,NA,v1,MR,NA,CBCsimpleRW_CBCdriftDiffusionLR,111.98508250136985
CBC_P037,CBC_P037_AV_prob0.9_Vset3_Aset4_2024-05-16_13h59.19.719.csv,1,24,aud,2C,0.5,1,1.98979400000098,1,1,1,0.52567511022524,0.47432488977476,CBCsimpleRW,CBCdriftDiffusionLR,0.5,0.054120753715782,NA,NA,0.68006694137006,3.82349492654058,1.84353497343975,0.5,48.4241619828484,NA,v1,MR,NA,CBCsimpleRW_CBCdriftDiffusionLR,111.98508250136985
CBC_P037,CBC_P037_AV_prob0.9_Vset3_Aset4_2024-05-16_13h59.19.719.csv,1,25,aud,0B,0.35,1,0.849746200001391,0,1,1,0.4473437742756,0.4473437742756,CBCsimpleRW,CBCdriftDiffusionLR,0.5,0.054120753715782,NA,NA,0.68006694137006,3.82349492654058,1.84353497343975,0.5,48.4241619828484,NA,v1,MR,NA,CBCsimpleRW_CBCdriftDiffusionLR,111.98508250136985
CBC_P037,CBC_P037_AV_prob0.9_Vset3_Aset4_2024-05-16_13h59.19.719.csv,1,26,aud,2A,0.35,1,1.09352140000192,1,0,0,0.4473437742756,-0.4473437742756,CBCsimpleRW,CBCdriftDiffusionLR,0.5,0.054120753715782,NA,NA,0.68006694137006,3.82349492654058,1.84353497343975,0.5,48.4241619828484,NA,v1,MR,NA,CBCsimpleRW_CBCdriftDiffusionLR,111.98508250136985
CBC_P037,CBC_P037_AV_prob0.9_Vset3_Aset4_2024-05-16_13h59.19.719.csv,1,27,aud,1B,0.5,1,1.22205610000128,1,1,1,0.599767095233722,0.400232904766278,CBCsimpleRW,CBCdriftDiffusionLR,0.5,0.054120753715782,NA,NA,0.68006694137006,3.82349492654058,1.84353497343975,0.5,48.4241619828484,NA,v1,MR,NA,CBCsimpleRW_CBCdriftDiffusionLR,111.98508250136985
CBC_P037,CBC_P037_AV_prob0.9_Vset3_Aset4_2024-05-16_13h59.19.719.csv,1,28,aud,0A,0.5,0,1.13136730000224,1,1,0,0.599767095233722,-0.599767095233722,CBCsimpleRW,CBCdriftDiffusionLR,0.5,0.054120753715782,NA,NA,0.68006694137006,3.82349492654058,1.84353497343975,0.5,48.4241619828484,NA,v1,MR,NA,CBCsimpleRW_CBCdriftDiffusionLR,111.98508250136985
CBC_P037,CBC_P037_AV_prob0.9_Vset3_Aset4_2024-05-16_13h59.19.719.csv,1,29,aud,2C,0.5,1,NA,NA,NA,NA,0.551345930766005,0,CBCsimpleRW,CBCdriftDiffusionLR,0.5,0.054120753715782,NA,NA,0.68006694137006,3.82349492654058,1.84353497343975,0.5,48.4241619828484,NA,v1,MR,NA,CBCsimpleRW_CBCdriftDiffusionLR,111.98508250136985
CBC_P037,CBC_P037_AV_prob0.9_Vset3_Aset4_2024-05-16_13h59.19.719.csv,1,30,aud,1A,0.15,1,1.27740830000221,0,1,1,0.472939623142109,0.472939623142109,CBCsimpleRW,CBCdriftDiffusionLR,0.5,0.054120753715782,NA,NA,0.68006694137006,3.82349492654058,1.84353497343975,0.5,48.4241619828484,NA,v1,MR,NA,CBCsimpleRW_CBCdriftDiffusionLR,111.98508250136985
CBC_P037,CBC_P037_AV_prob0.9_Vset3_Aset4_2024-05-16_13h59.19.719.csv,1,31,aud,2C,0.5,1,1.39604890000192,1,1,1,0.551345930766005,0.448654069233995,CBCsimpleRW,CBCdriftDiffusionLR,0.5,0.054120753715782,NA,NA,0.68006694137006,3.82349492654058,1.84353497343975,0.5,48.4241619828484,NA,v1,MR,NA,CBCsimpleRW_CBCdriftDiffusionLR,111.98508250136985
CBC_P037,CBC_P037_AV_prob0.9_Vset3_Aset4_2024-05-16_13h59.19.719.csv,1,32,aud,1B,0.5,1,1.43554680000125,1,1,1,0.621428001701529,0.378571998298471,CBCsimpleRW,CBCdriftDiffusionLR,0.5,0.054120753715782,NA,NA,0.68006694137006,3.82349492654058,1.84353497343975,0.5,48.4241619828484,NA,v1,MR,NA,CBCsimpleRW_CBCdriftDiffusionLR,111.98508250136985
CBC_P037,CBC_P037_AV_prob0.9_Vset3_Aset4_2024-05-16_13h59.19.719.csv,1,33,aud,0A,0.5,1,0.759160200001133,1,1,1,0.567307247985747,0.432692752014253,CBCsimpleRW,CBCdriftDiffusionLR,0.5,0.054120753715782,NA,NA,0.68006694137006,3.82349492654058,1.84353497343975,0.5,48.4241619828484,NA,v1,MR,NA,CBCsimpleRW_CBCdriftDiffusionLR,111.98508250136985
CBC_P037,CBC_P037_AV_prob0.9_Vset3_Aset4_2024-05-16_13h59.19.719.csv,1,34,aud,1C,0.35,1,0.911006199999974,1,0,0,0.4473437742756,-0.4473437742756,CBCsimpleRW,CBCdriftDiffusionLR,0.5,0.054120753715782,NA,NA,0.68006694137006,3.82349492654058,1.84353497343975,0.5,48.4241619828484,NA,v1,MR,NA,CBCsimpleRW_CBCdriftDiffusionLR,111.98508250136985
CBC_P037,CBC_P037_AV_prob0.9_Vset3_Aset4_2024-05-16_13h59.19.719.csv,1,35,aud,2A,0.35,0,0.944858300001215,1,0,1,0.423133192041742,0.576866807958258,CBCsimpleRW,CBCdriftDiffusionLR,0.5,0.054120753715782,NA,NA,0.68006694137006,3.82349492654058,1.84353497343975,0.5,48.4241619828484,NA,v1,MR,NA,CBCsimpleRW_CBCdriftDiffusionLR,111.98508250136985
CBC_P037,CBC_P037_AV_prob0.9_Vset3_Aset4_2024-05-16_13h59.19.719.csv,1,36,aud,0B,0.35,1,1.05549490000158,0,1,1,0.423133192041742,0.423133192041742,CBCsimpleRW,CBCdriftDiffusionLR,0.5,0.054120753715782,NA,NA,0.68006694137006,3.82349492654058,1.84353497343975,0.5,48.4241619828484,NA,v1,MR,NA,CBCsimpleRW_CBCdriftDiffusionLR,111.98508250136985
CBC_P037,CBC_P037_AV_prob0.9_Vset3_Aset4_2024-05-16_13h59.19.719.csv,1,37,aud,2C,0.5,1,1.14574490000268,1,1,1,0.575627427150602,0.424372572849398,CBCsimpleRW,CBCdriftDiffusionLR,0.5,0.054120753715782,NA,NA,0.68006694137006,3.82349492654058,1.84353497343975,0.5,48.4241619828484,NA,v1,MR,NA,CBCsimpleRW_CBCdriftDiffusionLR,111.98508250136985
CBC_P037,CBC_P037_AV_prob0.9_Vset3_Aset4_2024-05-16_13h59.19.719.csv,1,38,aud,0B,0.35,1,1.25359020000178,1,0,0,0.400232904766278,-0.400232904766278,CBCsimpleRW,CBCdriftDiffusionLR,0.5,0.054120753715782,NA,NA,0.68006694137006,3.82349492654058,1.84353497343975,0.5,48.4241619828484,NA,v1,MR,NA,CBCsimpleRW_CBCdriftDiffusionLR,111.98508250136985
CBC_P037,CBC_P037_AV_prob0.9_Vset3_Aset4_2024-05-16_13h59.19.719.csv,1,39,aud,1C,0.35,1,1.81369070000073,0,1,1,0.423133192041742,0.423133192041742,CBCsimpleRW,CBCdriftDiffusionLR,0.5,0.054120753715782,NA,NA,0.68006694137006,3.82349492654058,1.84353497343975,0.5,48.4241619828484,NA,v1,MR,NA,CBCsimpleRW_CBCdriftDiffusionLR,111.98508250136985
CBC_P037,CBC_P037_AV_prob0.9_Vset3_Aset4_2024-05-16_13h59.19.719.csv,1,40,aud,2B,0.15,1,1.93939470000078,0,1,1,0.472939623142109,0.472939623142109,CBCsimpleRW,CBCdriftDiffusionLR,0.5,0.054120753715782,NA,NA,0.68006694137006,3.82349492654058,1.84353497343975,0.5,48.4241619828484,NA,v1,MR,NA,CBCsimpleRW_CBCdriftDiffusionLR,111.98508250136985
CBC_P037,CBC_P037_AV_prob0.9_Vset3_Aset4_2024-05-16_13h59.19.719.csv,1,41,aud,0A,0.5,1,1.21281790000103,1,1,1,0.590724905852115,0.409275094147885,CBCsimpleRW,CBCdriftDiffusionLR,0.5,0.054120753715782,NA,NA,0.68006694137006,3.82349492654058,1.84353497343975,0.5,48.4241619828484,NA,v1,MR,NA,CBCsimpleRW_CBCdriftDiffusionLR,111.98508250136985
CBC_P037,CBC_P037_AV_prob0.9_Vset3_Aset4_2024-05-16_13h59.19.719.csv,1,42,aud,1B,0.5,1,1.50710710000021,1,1,1,0.641916603585132,0.358083396414868,CBCsimpleRW,CBCdriftDiffusionLR,0.5,0.054120753715782,NA,NA,0.68006694137006,3.82349492654058,1.84353497343975,0.5,48.4241619828484,NA,v1,MR,NA,CBCsimpleRW_CBCdriftDiffusionLR,111.98508250136985
CBC_P037,CBC_P037_TV_prob0.9_Vset1_Tset2_2024-05-16_14h07.46.941.csv,2,1,tac,1A,0.15,1,1.93557749999854,1,0,0,0.5,-0.5,CBCsimpleRW,CBCdriftDiffusionLR,0.5,0.398582520267967,NA,NA,0.978069387010972,1.24470926052819,2.31263693000143,0.5,57.4367308842385,NA,v1,MR,NA,CBCsimpleRW_CBCdriftDiffusionLR,130.01022030415004
CBC_P037,CBC_P037_TV_prob0.9_Vset1_Tset2_2024-05-16_14h07.46.941.csv,2,2,tac,2C,0.5,1,1.92076180000004,1,1,1,0.5,0.5,CBCsimpleRW,CBCdriftDiffusionLR,0.5,0.398582520267967,NA,NA,0.978069387010972,1.24470926052819,2.31263693000143,0.5,57.4367308842385,NA,v1,MR,NA,CBCsimpleRW_CBCdriftDiffusionLR,130.01022030415004
CBC_P037,CBC_P037_TV_prob0.9_Vset1_Tset2_2024-05-16_14h07.46.941.csv,2,3,tac,0A,0.5,0,2.40896639999846,0,0,1,0.5,0.5,CBCsimpleRW,CBCdriftDiffusionLR,0.5,0.398582520267967,NA,NA,0.978069387010972,1.24470926052819,2.31263693000143,0.5,57.4367308842385,NA,v1,MR,NA,CBCsimpleRW_CBCdriftDiffusionLR,130.01022030415004
CBC_P037,CBC_P037_TV_prob0.9_Vset1_Tset2_2024-05-16_14h07.46.941.csv,2,4,tac,2B,0.15,1,2.31753639999988,0,1,1,0.5,0.5,CBCsimpleRW,CBCdriftDiffusionLR,0.5,0.398582520267967,NA,NA,0.978069387010972,1.24470926052819,2.31263693000143,0.5,57.4367308842385,NA,v1,MR,NA,CBCsimpleRW_CBCdriftDiffusionLR,130.01022030415004
CBC_P037,CBC_P037_TV_prob0.9_Vset1_Tset2_2024-05-16_14h07.46.941.csv,2,5,tac,1C,0.35,1,2.18960699999843,0,1,1,0.5,0.5,CBCsimpleRW,CBCdriftDiffusionLR,0.5,0.398582520267967,NA,NA,0.978069387010972,1.24470926052819,2.31263693000143,0.5,57.4367308842385,NA,v1,MR,NA,CBCsimpleRW_CBCdriftDiffusionLR,130.01022030415004
CBC_P037,CBC_P037_TV_prob0.9_Vset1_Tset2_2024-05-16_14h07.46.941.csv,2,6,tac,0A,0.5,1,2.67730449999908,0,0,0,0.300708739866016,-0.699291260133984,CBCsimpleRW,CBCdriftDiffusionLR,0.5,0.398582520267967,NA,NA,0.978069387010972,1.24470926052819,2.31263693000143,0.5,57.4367308842385,NA,v1,MR,NA,CBCsimpleRW_CBCdriftDiffusionLR,130.01022030415004
CBC_P037,CBC_P037_TV_prob0.9_Vset1_Tset2_2024-05-16_14h07.46.941.csv,2,7,tac,1B,0.5,1,2.41985159999786,0,0,0,0.5,-0.5,CBCsimpleRW,CBCdriftDiffusionLR,0.5,0.398582520267967,NA,NA,0.978069387010972,1.24470926052819,2.31263693000143,0.5,57.4367308842385,NA,v1,MR,NA,CBCsimpleRW_CBCdriftDiffusionLR,130.01022030415004
CBC_P037,CBC_P037_TV_prob0.9_Vset1_Tset2_2024-05-16_14h07.46.941.csv,2,8,tac,2A,0.35,1,2.29889789999834,0,1,1,0.5,0.5,CBCsimpleRW,CBCdriftDiffusionLR,0.5,0.398582520267967,NA,NA,0.978069387010972,1.24470926052819,2.31263693000143,0.5,57.4367308842385,NA,v1,MR,NA,CBCsimpleRW_CBCdriftDiffusionLR,130.01022030415004
CBC_P037,CBC_P037_TV_prob0.9_Vset1_Tset2_2024-05-16_14h07.46.941.csv,2,9,tac,1C,0.35,1,2.3967851999987,0,1,1,0.300708739866016,0.300708739866016,CBCsimpleRW,CBCdriftDiffusionLR,0.5,0.398582520267967,NA,NA,0.978069387010972,1.24470926052819,2.31263693000143,0.5,57.4367308842385,NA,v1,MR,NA,CBCsimpleRW_CBCdriftDiffusionLR,130.01022030415004
CBC_P037,CBC_P037_TV_prob0.9_Vset1_Tset2_2024-05-16_14h07.46.941.csv,2,10,tac,2A,0.35,1,2.53743399999803,0,1,1,0.300708739866016,0.300708739866016,CBCsimpleRW,CBCdriftDiffusionLR,0.5,0.398582520267967,NA,NA,0.978069387010972,1.24470926052819,2.31263693000143,0.5,57.4367308842385,NA,v1,MR,NA,CBCsimpleRW_CBCdriftDiffusionLR,130.01022030415004
CBC_P037,CBC_P037_TV_prob0.9_Vset1_Tset2_2024-05-16_14h07.46.941.csv,2,11,tac,0B,0.35,1,2.80819929999961,1,0,0,0.5,-0.5,CBCsimpleRW,CBCdriftDiffusionLR,0.5,0.398582520267967,NA,NA,0.978069387010972,1.24470926052819,2.31263693000143,0.5,57.4367308842385,NA,v1,MR,NA,CBCsimpleRW_CBCdriftDiffusionLR,130.01022030415004
CBC_P037,CBC_P037_TV_prob0.9_Vset1_Tset2_2024-05-16_14h07.46.941.csv,2,12,tac,2C,0.5,1,2.03609080000024,0,0,0,0.699291260133984,-0.300708739866016,CBCsimpleRW,CBCdriftDiffusionLR,0.5,0.398582520267967,NA,NA,0.978069387010972,1.24470926052819,2.31263693000143,0.5,57.4367308842385,NA,v1,MR,NA,CBCsimpleRW_CBCdriftDiffusionLR,130.01022030415004
CBC_P037,CBC_P037_TV_prob0.9_Vset1_Tset2_2024-05-16_14h07.46.941.csv,2,13,tac,0A,0.5,1,2.5181350999992,1,1,1,0.579434012731582,0.420565987268418,CBCsimpleRW,CBCdriftDiffusionLR,0.5,0.398582520267967,NA,NA,0.978069387010972,1.24470926052819,2.31263693000143,0.5,57.4367308842385,NA,v1,MR,NA,CBCsimpleRW_CBCdriftDiffusionLR,130.01022030415004
CBC_P037,CBC_P037_TV_prob0.9_Vset1_Tset2_2024-05-16_14h07.46.941.csv,2,14,tac,1B,0.5,1,2.37391170000046,1,1,1,0.699291260133984,0.300708739866016,CBCsimpleRW,CBCdriftDiffusionLR,0.5,0.398582520267967,NA,NA,0.978069387010972,1.24470926052819,2.31263693000143,0.5,57.4367308842385,NA,v1,MR,NA,CBCsimpleRW_CBCdriftDiffusionLR,130.01022030415004
CBC_P037,CBC_P037_TV_prob0.9_Vset1_Tset2_2024-05-16_14h07.46.941.csv,2,15,tac,0A,0.5,1,1.68322329999864,1,1,1,0.747064263876014,0.252935736123986,CBCsimpleRW,CBCdriftDiffusionLR,0.5,0.398582520267967,NA,NA,0.978069387010972,1.24470926052819,2.31263693000143,0.5,57.4367308842385,NA,v1,MR,NA,CBCsimpleRW_CBCdriftDiffusionLR,130.01022030415004
CBC_P037,CBC_P037_TV_prob0.9_Vset1_Tset2_2024-05-16_14h07.46.941.csv,2,16,tac,1C,0.35,0,2.51053939999838,0,1,0,0.180851492463615,-0.819148507536385,CBCsimpleRW,CBCdriftDiffusionLR,0.5,0.398582520267967,NA,NA,0.978069387010972,1.24470926052819,2.31263693000143,0.5,57.4367308842385,NA,v1,MR,NA,CBCsimpleRW_CBCdriftDiffusionLR,130.01022030415004
CBC_P037,CBC_P037_TV_prob0.9_Vset1_Tset2_2024-05-16_14h07.46.941.csv,2,17,tac,2A,0.35,1,2.28812689999904,0,1,1,0.180851492463615,0.180851492463615,CBCsimpleRW,CBCdriftDiffusionLR,0.5,0.398582520267967,NA,NA,0.978069387010972,1.24470926052819,2.31263693000143,0.5,57.4367308842385,NA,v1,MR,NA,CBCsimpleRW_CBCdriftDiffusionLR,130.01022030415004
CBC_P037,CBC_P037_TV_prob0.9_Vset1_Tset2_2024-05-16_14h07.46.941.csv,2,18,tac,0B,0.35,1,2.07808829999885,0,1,1,0.300708739866016,0.300708739866016,CBCsimpleRW,CBCdriftDiffusionLR,0.5,0.398582520267967,NA,NA,0.978069387010972,1.24470926052819,2.31263693000143,0.5,57.4367308842385,NA,v1,MR,NA,CBCsimpleRW_CBCdriftDiffusionLR,130.01022030415004
CBC_P037,CBC_P037_TV_prob0.9_Vset1_Tset2_2024-05-16_14h07.46.941.csv,2,19,tac,2C,0.5,1,1.44784429999891,1,1,1,0.819148507536385,0.180851492463615,CBCsimpleRW,CBCdriftDiffusionLR,0.5,0.398582520267967,NA,NA,0.978069387010972,1.24470926052819,2.31263693000143,0.5,57.4367308842385,NA,v1,MR,NA,CBCsimpleRW_CBCdriftDiffusionLR,130.01022030415004
CBC_P037,CBC_P037_TV_prob0.9_Vset1_Tset2_2024-05-16_14h07.46.941.csv,2,20,tac,1B,0.5,1,2.19159359999867,1,1,1,0.819148507536385,0.180851492463615,CBCsimpleRW,CBCdriftDiffusionLR,0.5,0.398582520267967,NA,NA,0.978069387010972,1.24470926052819,2.31263693000143,0.5,57.4367308842385,NA,v1,MR,NA,CBCsimpleRW_CBCdriftDiffusionLR,130.01022030415004
CBC_P037,CBC_P037_TV_prob0.9_Vset1_Tset2_2024-05-16_14h07.46.941.csv,2,21,tac,0C,0.15,1,1.38851629999772,0,1,1,0.5,0.5,CBCsimpleRW,CBCdriftDiffusionLR,0.5,0.398582520267967,NA,NA,0.978069387010972,1.24470926052819,2.31263693000143,0.5,57.4367308842385,NA,v1,MR,NA,CBCsimpleRW_CBCdriftDiffusionLR,130.01022030415004
CBC_P037,CBC_P037_TV_prob0.9_Vset1_Tset2_2024-05-16_14h07.46.941.csv,2,22,tac,1B,0.5,1,2.17697679999947,1,1,1,0.891232751196756,0.108767248803244,CBCsimpleRW,CBCdriftDiffusionLR,0.5,0.398582520267967,NA,NA,0.978069387010972,1.24470926052819,2.31263693000143,0.5,57.4367308842385,NA,v1,MR,NA,CBCsimpleRW_CBCdriftDiffusionLR,130.01022030415004
CBC_P037,CBC_P037_TV_prob0.9_Vset1_Tset2_2024-05-16_14h07.46.941.csv,2,23,tac,2C,0.5,1,2.01598679999915,1,1,1,0.891232751196756,0.108767248803244,CBCsimpleRW,CBCdriftDiffusionLR,0.5,0.398582520267967,NA,NA,0.978069387010972,1.24470926052819,2.31263693000143,0.5,57.4367308842385,NA,v1,MR,NA,CBCsimpleRW_CBCdriftDiffusionLR,130.01022030415004
CBC_P037,CBC_P037_TV_prob0.9_Vset1_Tset2_2024-05-16_14h07.46.941.csv,2,24,tac,0B,0.35,1,2.17172379999829,1,0,0,0.180851492463615,-0.180851492463615,CBCsimpleRW,CBCdriftDiffusionLR,0.5,0.398582520267967,NA,NA,0.978069387010972,1.24470926052819,2.31263693000143,0.5,57.4367308842385,NA,v1,MR,NA,CBCsimpleRW_CBCdriftDiffusionLR,130.01022030415004
CBC_P037,CBC_P037_TV_prob0.9_Vset1_Tset2_2024-05-16_14h07.46.941.csv,2,25,tac,2A,0.35,1,1.75590139999986,0,1,1,0.108767248803244,0.108767248803244,CBCsimpleRW,CBCdriftDiffusionLR,0.5,0.398582520267967,NA,NA,0.978069387010972,1.24470926052819,2.31263693000143,0.5,57.4367308842385,NA,v1,MR,NA,CBCsimpleRW_CBCdriftDiffusionLR,130.01022030415004
CBC_P037,CBC_P037_TV_prob0.9_Vset1_Tset2_2024-05-16_14h07.46.941.csv,2,26,tac,1B,0.5,1,2.03653549999763,1,1,1,0.934585475347366,0.0654145246526341,CBCsimpleRW,CBCdriftDiffusionLR,0.5,0.398582520267967,NA,NA,0.978069387010972,1.24470926052819,2.31263693000143,0.5,57.4367308842385,NA,v1,MR,NA,CBCsimpleRW_CBCdriftDiffusionLR,130.01022030415004
CBC_P037,CBC_P037_TV_prob0.9_Vset1_Tset2_2024-05-16_14h07.46.941.csv,2,27,tac,0A,0.5,1,1.45929879999858,1,1,1,0.847880027046146,0.152119972953854,CBCsimpleRW,CBCdriftDiffusionLR,0.5,0.398582520267967,NA,NA,0.978069387010972,1.24470926052819,2.31263693000143,0.5,57.4367308842385,NA,v1,MR,NA,CBCsimpleRW_CBCdriftDiffusionLR,130.01022030415004
CBC_P037,CBC_P037_TV_prob0.9_Vset1_Tset2_2024-05-16_14h07.46.941.csv,2,28,tac,2B,0.15,0,2.10689379999894,1,0,1,0.300708739866016,0.699291260133984,CBCsimpleRW,CBCdriftDiffusionLR,0.5,0.398582520267967,NA,NA,0.978069387010972,1.24470926052819,2.31263693000143,0.5,57.4367308842385,NA,v1,MR,NA,CBCsimpleRW_CBCdriftDiffusionLR,130.01022030415004
CBC_P037,CBC_P037_TV_prob0.9_Vset1_Tset2_2024-05-16_14h07.46.941.csv,2,29,tac,1C,0.35,1,1.13838179999766,0,1,1,0.507349769071211,0.507349769071211,CBCsimpleRW,CBCdriftDiffusionLR,0.5,0.398582520267967,NA,NA,0.978069387010972,1.24470926052819,2.31263693000143,0.5,57.4367308842385,NA,v1,MR,NA,CBCsimpleRW_CBCdriftDiffusionLR,130.01022030415004
CBC_P037,CBC_P037_TV_prob0.9_Vset1_Tset2_2024-05-16_14h07.46.941.csv,2,30,tac,0B,0.35,1,2.25410119999833,1,0,0,0.108767248803244,-0.108767248803244,CBCsimpleRW,CBCdriftDiffusionLR,0.5,0.398582520267967,NA,NA,0.978069387010972,1.24470926052819,2.31263693000143,0.5,57.4367308842385,NA,v1,MR,NA,CBCsimpleRW_CBCdriftDiffusionLR,130.01022030415004
CBC_P037,CBC_P037_TV_prob0.9_Vset1_Tset2_2024-05-16_14h07.46.941.csv,2,31,tac,2C,0.5,1,1.11023949999981,1,1,1,0.934585475347366,0.0654145246526341,CBCsimpleRW,CBCdriftDiffusionLR,0.5,0.398582520267967,NA,NA,0.978069387010972,1.24470926052819,2.31263693000143,0.5,57.4367308842385,NA,v1,MR,NA,CBCsimpleRW_CBCdriftDiffusionLR,130.01022030415004
CBC_P037,CBC_P037_TV_prob0.9_Vset1_Tset2_2024-05-16_14h07.46.941.csv,2,32,tac,0A,0.5,1,1.79299269999865,1,1,1,0.908512389249188,0.091487610750812,CBCsimpleRW,CBCdriftDiffusionLR,0.5,0.398582520267967,NA,NA,0.978069387010972,1.24470926052819,2.31263693000143,0.5,57.4367308842385,NA,v1,MR,NA,CBCsimpleRW_CBCdriftDiffusionLR,130.01022030415004
CBC_P037,CBC_P037_TV_prob0.9_Vset1_Tset2_2024-05-16_14h07.46.941.csv,2,33,tac,2C,0.5,1,1.75114459999895,1,1,1,0.960658561445544,0.0393414385544562,CBCsimpleRW,CBCdriftDiffusionLR,0.5,0.398582520267967,NA,NA,0.978069387010972,1.24470926052819,2.31263693000143,0.5,57.4367308842385,NA,v1,MR,NA,CBCsimpleRW_CBCdriftDiffusionLR,130.01022030415004
CBC_P037,CBC_P037_TV_prob0.9_Vset1_Tset2_2024-05-16_14h07.46.941.csv,2,34,tac,1A,0.15,1,1.97911259999819,0,1,1,0.300708739866016,0.300708739866016,CBCsimpleRW,CBCdriftDiffusionLR,0.5,0.398582520267967,NA,NA,0.978069387010972,1.24470926052819,2.31263693000143,0.5,57.4367308842385,NA,v1,MR,NA,CBCsimpleRW_CBCdriftDiffusionLR,130.01022030415004
CBC_P037,CBC_P037_TV_prob0.9_Vset1_Tset2_2024-05-16_14h07.46.941.csv,2,35,tac,0B,0.35,1,2.53854149999825,0,1,1,0.0654145246526341,0.0654145246526341,CBCsimpleRW,CBCdriftDiffusionLR,0.5,0.398582520267967,NA,NA,0.978069387010972,1.24470926052819,2.31263693000143,0.5,57.4367308842385,NA,v1,MR,NA,CBCsimpleRW_CBCdriftDiffusionLR,130.01022030415004
CBC_P037,CBC_P037_TV_prob0.9_Vset1_Tset2_2024-05-16_14h07.46.941.csv,2,36,tac,2C,0.5,1,1.94955539999864,1,1,1,0.976339371175546,0.0236606288244536,CBCsimpleRW,CBCdriftDiffusionLR,0.5,0.398582520267967,NA,NA,0.978069387010972,1.24470926052819,2.31263693000143,0.5,57.4367308842385,NA,v1,MR,NA,CBCsimpleRW_CBCdriftDiffusionLR,130.01022030415004
CBC_P037,CBC_P037_TV_prob0.9_Vset1_Tset2_2024-05-16_14h07.46.941.csv,2,37,tac,1B,0.5,1,2.81999079999878,1,1,1,0.960658561445544,0.0393414385544562,CBCsimpleRW,CBCdriftDiffusionLR,0.5,0.398582520267967,NA,NA,0.978069387010972,1.24470926052819,2.31263693000143,0.5,57.4367308842385,NA,v1,MR,NA,CBCsimpleRW_CBCdriftDiffusionLR,130.01022030415004
CBC_P037,CBC_P037_TV_prob0.9_Vset1_Tset2_2024-05-16_14h07.46.941.csv,2,38,tac,2A,0.35,0,1.15632419999747,0,1,0,0.0654145246526341,-0.934585475347366,CBCsimpleRW,CBCdriftDiffusionLR,0.5,0.398582520267967,NA,NA,0.978069387010972,1.24470926052819,2.31263693000143,0.5,57.4367308842385,NA,v1,MR,NA,CBCsimpleRW_CBCdriftDiffusionLR,130.01022030415004
CBC_P037,CBC_P037_TV_prob0.9_Vset1_Tset2_2024-05-16_14h07.46.941.csv,2,39,tac,1C,0.35,1,2.02945889999864,0,1,1,0.305129019457437,0.305129019457437,CBCsimpleRW,CBCdriftDiffusionLR,0.5,0.398582520267967,NA,NA,0.978069387010972,1.24470926052819,2.31263693000143,0.5,57.4367308842385,NA,v1,MR,NA,CBCsimpleRW_CBCdriftDiffusionLR,130.01022030415004
CBC_P037,CBC_P037_TV_prob0.9_Vset1_Tset2_2024-05-16_14h07.46.941.csv,2,40,tac,0A,0.5,1,1.46521299999768,1,1,1,0.944977751715541,0.0550222482844586,CBCsimpleRW,CBCdriftDiffusionLR,0.5,0.398582520267967,NA,NA,0.978069387010972,1.24470926052819,2.31263693000143,0.5,57.4367308842385,NA,v1,MR,NA,CBCsimpleRW_CBCdriftDiffusionLR,130.01022030415004
CBC_P037,CBC_P037_TV_prob0.9_Vset1_Tset2_2024-05-16_14h07.46.941.csv,2,41,tac,1B,0.5,1,2.31530529999873,1,1,1,0.976339371175546,0.0236606288244536,CBCsimpleRW,CBCdriftDiffusionLR,0.5,0.398582520267967,NA,NA,0.978069387010972,1.24470926052819,2.31263693000143,0.5,57.4367308842385,NA,v1,MR,NA,CBCsimpleRW_CBCdriftDiffusionLR,130.01022030415004
CBC_P037,CBC_P037_TV_prob0.9_Vset1_Tset2_2024-05-16_14h07.46.941.csv,2,42,tac,0C,0.15,1,1.30803599999854,0,1,1,0.300708739866016,0.300708739866016,CBCsimpleRW,CBCdriftDiffusionLR,0.5,0.398582520267967,NA,NA,0.978069387010972,1.24470926052819,2.31263693000143,0.5,57.4367308842385,NA,v1,MR,NA,CBCsimpleRW_CBCdriftDiffusionLR,130.01022030415004
CBC_P038,CBC_P038_AV_prob0.8_Vset4_Aset1_2024-05-17_16h11.22.266.csv,1,1,aud,2C,0.5,1,1.64859010000146,1,1,1,0.5,0.5,CBC2StepAsymRW,CBCdriftDiffusionLR,0.5,0.661515212834929,0.138883317323832,0.841158533962039,0.432071117310362,3.56494063920659,2.78164166722814,0.5,2.73837794521995,NA,v1,MR,NA,CBC2StepAsymRW_CBCdriftDiffusionLR,28.181893693949466
CBC_P038,CBC_P038_AV_prob0.8_Vset4_Aset1_2024-05-17_16h11.22.266.csv,1,2,aud,1B,0.5,1,2.29135249999854,1,1,1,0.5,0.5,CBC2StepAsymRW,CBCdriftDiffusionLR,0.5,0.661515212834929,0.138883317323832,0.841158533962039,0.432071117310362,3.56494063920659,2.78164166722814,0.5,2.73837794521995,NA,v1,MR,NA,CBC2StepAsymRW_CBCdriftDiffusionLR,28.181893693949466
CBC_P038,CBC_P038_AV_prob0.8_Vset4_Aset1_2024-05-17_16h11.22.266.csv,1,3,aud,0C,0.15,1,1.24299950000022,0,1,1,0.430558341338084,0.430558341338084,CBC2StepAsymRW,CBCdriftDiffusionLR,0.5,0.661515212834929,0.138883317323832,0.841158533962039,0.432071117310362,3.56494063920659,2.78164166722814,0.5,2.73837794521995,NA,v1,MR,NA,CBC2StepAsymRW_CBCdriftDiffusionLR,28.181893693949466
CBC_P038,CBC_P038_AV_prob0.8_Vset4_Aset1_2024-05-17_16h11.22.266.csv,1,4,aud,2A,0.35,1,1.38123250000172,0,1,1,0.430558341338084,0.430558341338084,CBC2StepAsymRW,CBCdriftDiffusionLR,0.5,0.661515212834929,0.138883317323832,0.841158533962039,0.432071117310362,3.56494063920659,2.78164166722814,0.5,2.73837794521995,NA,v1,MR,NA,CBC2StepAsymRW_CBCdriftDiffusionLR,28.181893693949466
CBC_P038,CBC_P038_AV_prob0.8_Vset4_Aset1_2024-05-17_16h11.22.266.csv,1,5,aud,1C,0.35,1,0.961574299999484,0,1,1,0.370760970591604,0.370760970591604,CBC2StepAsymRW,CBCdriftDiffusionLR,0.5,0.661515212834929,0.138883317323832,0.841158533962039,0.432071117310362,3.56494063920659,2.78164166722814,0.5,2.73837794521995,NA,v1,MR,NA,CBC2StepAsymRW_CBCdriftDiffusionLR,28.181893693949466
CBC_P038,CBC_P038_AV_prob0.8_Vset4_Aset1_2024-05-17_16h11.22.266.csv,1,6,aud,2A,0.35,1,0.968078200001401,0,1,1,0.145737448529967,0.145737448529967,CBC2StepAsymRW,CBCdriftDiffusionLR,0.5,0.661515212834929,0.138883317323832,0.841158533962039,0.432071117310362,3.56494063920659,2.78164166722814,0.5,2.73837794521995,NA,v1,MR,NA,CBC2StepAsymRW_CBCdriftDiffusionLR,28.181893693949466
CBC_P038,CBC_P038_AV_prob0.8_Vset4_Aset1_2024-05-17_16h11.22.266.csv,1,7,aud,1B,0.5,0,1.1931624000008,1,1,0,0.830757606417465,-0.830757606417465,CBC2StepAsymRW,CBCdriftDiffusionLR,0.5,0.661515212834929,0.138883317323832,0.841158533962039,0.432071117310362,3.56494063920659,2.78164166722814,0.5,2.73837794521995,NA,v1,MR,NA,CBC2StepAsymRW_CBCdriftDiffusionLR,28.181893693949466
CBC_P038,CBC_P038_AV_prob0.8_Vset4_Aset1_2024-05-17_16h11.22.266.csv,1,8,aud,0A,0.5,0,1.20512729999973,1,1,0,0.5,-0.5,CBC2StepAsymRW,CBCdriftDiffusionLR,0.5,0.661515212834929,0.138883317323832,0.841158533962039,0.432071117310362,3.56494063920659,2.78164166722814,0.5,2.73837794521995,NA,v1,MR,NA,CBC2StepAsymRW_CBCdriftDiffusionLR,28.181893693949466
CBC_P038,CBC_P038_AV_prob0.8_Vset4_Aset1_2024-05-17_16h11.22.266.csv,1,9,aud,1B,0.5,1,1.27903349999906,1,1,1,0.715379234146201,0.284620765853799,CBC2StepAsymRW,CBCdriftDiffusionLR,0.5,0.661515212834929,0.138883317323832,0.841158533962039,0.432071117310362,3.56494063920659,2.78164166722814,0.5,2.73837794521995,NA,v1,MR,NA,CBC2StepAsymRW_CBCdriftDiffusionLR,28.181893693949466
CBC_P038,CBC_P038_AV_prob0.8_Vset4_Aset1_2024-05-17_16h11.22.266.csv,1,10,aud,2C,0.5,1,1.0215532000002,1,1,1,0.830757606417465,0.169242393582535,CBC2StepAsymRW,CBCdriftDiffusionLR,0.5,0.661515212834929,0.138883317323832,0.841158533962039,0.432071117310362,3.56494063920659,2.78164166722814,0.5,2.73837794521995,NA,v1,MR,NA,CBC2StepAsymRW_CBCdriftDiffusionLR,28.181893693949466
CBC_P038,CBC_P038_AV_prob0.8_Vset4_Aset1_2024-05-17_16h11.22.266.csv,1,11,aud,0B,0.35,1,1.0412594999998,0,1,1,0.370760970591604,0.370760970591604,CBC2StepAsymRW,CBCdriftDiffusionLR,0.5,0.661515212834929,0.138883317323832,0.841158533962039,0.432071117310362,3.56494063920659,2.78164166722814,0.5,2.73837794521995,NA,v1,MR,NA,CBC2StepAsymRW_CBCdriftDiffusionLR,28.181893693949466
CBC_P038,CBC_P038_AV_prob0.8_Vset4_Aset1_2024-05-17_16h11.22.266.csv,1,12,aud,1C,0.35,1,1.5785147000006,0,1,1,0.0930587406565252,0.0930587406565252,CBC2StepAsymRW,CBCdriftDiffusionLR,0.5,0.661515212834929,0.138883317323832,0.841158533962039,0.432071117310362,3.56494063920659,2.78164166722814,0.5,2.73837794521995,NA,v1,MR,NA,CBC2StepAsymRW_CBCdriftDiffusionLR,28.181893693949466
CBC_P038,CBC_P038_AV_prob0.8_Vset4_Aset1_2024-05-17_16h11.22.266.csv,1,13,aud,0A,0.5,1,1.05491110000003,1,1,1,0.430558341338084,0.569441658661916,CBC2StepAsymRW,CBCdriftDiffusionLR,0.5,0.661515212834929,0.138883317323832,0.841158533962039,0.432071117310362,3.56494063920659,2.78164166722814,0.5,2.73837794521995,NA,v1,MR,NA,CBC2StepAsymRW_CBCdriftDiffusionLR,28.181893693949466
CBC_P038,CBC_P038_AV_prob0.8_Vset4_Aset1_2024-05-17_16h11.22.266.csv,1,14,aud,2B,0.15,1,0.864307599998938,0,1,1,0.274927394628057,0.274927394628057,CBC2StepAsymRW,CBCdriftDiffusionLR,0.5,0.661515212834929,0.138883317323832,0.841158533962039,0.432071117310362,3.56494063920659,2.78164166722814,0.5,2.73837794521995,NA,v1,MR,NA,CBC2StepAsymRW_CBCdriftDiffusionLR,28.181893693949466
CBC_P038,CBC_P038_AV_prob0.8_Vset4_Aset1_2024-05-17_16h11.22.266.csv,1,15,aud,1A,0.15,1,1.06650139999874,0,1,1,0.319268457061639,0.319268457061639,CBC2StepAsymRW,CBCdriftDiffusionLR,0.5,0.661515212834929,0.138883317323832,0.841158533962039,0.432071117310362,3.56494063920659,2.78164166722814,0.5,2.73837794521995,NA,v1,MR,NA,CBC2StepAsymRW_CBCdriftDiffusionLR,28.181893693949466
CBC_P038,CBC_P038_AV_prob0.8_Vset4_Aset1_2024-05-17_16h11.22.266.csv,1,16,aud,0C,0.15,1,0.843206499999724,0,1,1,0.108067515737029,0.108067515737029,CBC2StepAsymRW,CBCdriftDiffusionLR,0.5,0.661515212834929,0.138883317323832,0.841158533962039,0.432071117310362,3.56494063920659,2.78164166722814,0.5,2.73837794521995,NA,v1,MR,NA,CBC2StepAsymRW_CBCdriftDiffusionLR,28.181893693949466
CBC_P038,CBC_P038_AV_prob0.8_Vset4_Aset1_2024-05-17_16h11.22.266.csv,1,17,aud,1B,0.5,1,0.669561700000486,1,1,1,0.903660200647217,0.0963397993527826,CBC2StepAsymRW,CBCdriftDiffusionLR,0.5,0.661515212834929,0.138883317323832,0.841158533962039,0.432071117310362,3.56494063920659,2.78164166722814,0.5,2.73837794521995,NA,v1,MR,NA,CBC2StepAsymRW_CBCdriftDiffusionLR,28.181893693949466
CBC_P038,CBC_P038_AV_prob0.8_Vset4_Aset1_2024-05-17_16h11.22.266.csv,1,18,aud,2C,0.5,1,0.79259810000076,1,1,1,0.942714024428908,0.0572859755710916,CBC2StepAsymRW,CBCdriftDiffusionLR,0.5,0.661515212834929,0.138883317323832,0.841158533962039,0.432071117310362,3.56494063920659,2.78164166722814,0.5,2.73837794521995,NA,v1,MR,NA,CBC2StepAsymRW_CBCdriftDiffusionLR,28.181893693949466
CBC_P038,CBC_P038_AV_prob0.8_Vset4_Aset1_2024-05-17_16h11.22.266.csv,1,19,aud,0B,0.35,0,0.754780700000993,0,1,0,0.0930587406565252,-0.906941259343475,CBC2StepAsymRW,CBCdriftDiffusionLR,0.5,0.661515212834929,0.138883317323832,0.841158533962039,0.432071117310362,3.56494063920659,2.78164166722814,0.5,2.73837794521995,NA,v1,MR,NA,CBC2StepAsymRW_CBCdriftDiffusionLR,28.181893693949466
CBC_P038,CBC_P038_AV_prob0.8_Vset4_Aset1_2024-05-17_16h11.22.266.csv,1,20,aud,1C,0.35,0,0.867178599999534,0,1,0,0.0233571759151461,-0.976642824084854,CBC2StepAsymRW,CBCdriftDiffusionLR,0.5,0.661515212834929,0.138883317323832,0.841158533962039,0.432071117310362,3.56494063920659,2.78164166722814,0.5,2.73837794521995,NA,v1,MR,NA,CBC2StepAsymRW_CBCdriftDiffusionLR,28.181893693949466
CBC_P038,CBC_P038_AV_prob0.8_Vset4_Aset1_2024-05-17_16h11.22.266.csv,1,21,aud,0A,0.5,1,1.0017284000005,1,1,1,0.807252661364897,0.192747338635103,CBC2StepAsymRW,CBCdriftDiffusionLR,0.5,0.661515212834929,0.138883317323832,0.841158533962039,0.432071117310362,3.56494063920659,2.78164166722814,0.5,2.73837794521995,NA,v1,MR,NA,CBC2StepAsymRW_CBCdriftDiffusionLR,28.181893693949466
CBC_P038,CBC_P038_AV_prob0.8_Vset4_Aset1_2024-05-17_16h11.22.266.csv,1,22,aud,1C,0.35,1,0.883808299999146,0,1,1,0.158996571164566,0.158996571164566,CBC2StepAsymRW,CBCdriftDiffusionLR,0.5,0.661515212834929,0.138883317323832,0.841158533962039,0.432071117310362,3.56494063920659,2.78164166722814,0.5,2.73837794521995,NA,v1,MR,NA,CBC2StepAsymRW_CBCdriftDiffusionLR,28.181893693949466
CBC_P038,CBC_P038_AV_prob0.8_Vset4_Aset1_2024-05-17_16h11.22.266.csv,1,23,aud,0A,0.5,1,0.874237500000163,1,1,1,0.934757958105463,0.0652420418945368,CBC2StepAsymRW,CBCdriftDiffusionLR,0.5,0.661515212834929,0.138883317323832,0.841158533962039,0.432071117310362,3.56494063920659,2.78164166722814,0.5,2.73837794521995,NA,v1,MR,NA,CBC2StepAsymRW_CBCdriftDiffusionLR,28.181893693949466
CBC_P038,CBC_P038_AV_prob0.8_Vset4_Aset1_2024-05-17_16h11.22.266.csv,1,24,aud,2C,0.5,0,0.532879100001082,1,1,0,0.980609568751276,-0.980609568751276,CBC2StepAsymRW,CBCdriftDiffusionLR,0.5,0.661515212834929,0.138883317323832,0.841158533962039,0.432071117310362,3.56494063920659,2.78164166722814,0.5,2.73837794521995,NA,v1,MR,NA,CBC2StepAsymRW_CBCdriftDiffusionLR,28.181893693949466
CBC_P038,CBC_P038_AV_prob0.8_Vset4_Aset1_2024-05-17_16h11.22.266.csv,1,25,aud,0B,0.35,1,1.04958200000146,0,1,1,0.162406468150947,0.162406468150947,CBC2StepAsymRW,CBCdriftDiffusionLR,0.5,0.661515212834929,0.138883317323832,0.841158533962039,0.432071117310362,3.56494063920659,2.78164166722814,0.5,2.73837794521995,NA,v1,MR,NA,CBC2StepAsymRW_CBCdriftDiffusionLR,28.181893693949466
CBC_P038,CBC_P038_AV_prob0.8_Vset4_Aset1_2024-05-17_16h11.22.266.csv,1,26,aud,2A,0.35,1,1.06613540000035,0,1,1,0.0233571759151461,0.0233571759151462,CBC2StepAsymRW,CBCdriftDiffusionLR,0.5,0.661515212834929,0.138883317323832,0.841158533962039,0.432071117310362,3.56494063920659,2.78164166722814,0.5,2.73837794521995,NA,v1,MR,NA,CBC2StepAsymRW_CBCdriftDiffusionLR,28.181893693949466
CBC_P038,CBC_P038_AV_prob0.8_Vset4_Aset1_2024-05-17_16h11.22.266.csv,1,27,aud,1B,0.5,1,0.881525400001919,1,1,1,0.967390443520548,0.0326095564794522,CBC2StepAsymRW,CBCdriftDiffusionLR,0.5,0.661515212834929,0.138883317323832,0.841158533962039,0.432071117310362,3.56494063920659,2.78164166722814,0.5,2.73837794521995,NA,v1,MR,NA,CBC2StepAsymRW_CBCdriftDiffusionLR,28.181893693949466
CBC_P038,CBC_P038_AV_prob0.8_Vset4_Aset1_2024-05-17_16h11.22.266.csv,1,28,aud,0A,0.5,1,1.13480609999897,1,1,1,0.977916561335113,0.0220834386648869,CBC2StepAsymRW,CBCdriftDiffusionLR,0.5,0.661515212834929,0.138883317323832,0.841158533962039,0.432071117310362,3.56494063920659,2.78164166722814,0.5,2.73837794521995,NA,v1,MR,NA,CBC2StepAsymRW_CBCdriftDiffusionLR,28.181893693949466
CBC_P038,CBC_P038_AV_prob0.8_Vset4_Aset1_2024-05-17_16h11.22.266.csv,1,29,aud,2C,0.5,0,0.772610900001382,1,1,0,0.844419258843606,-0.844419258843606,CBC2StepAsymRW,CBCdriftDiffusionLR,0.5,0.661515212834929,0.138883317323832,0.841158533962039,0.432071117310362,3.56494063920659,2.78164166722814,0.5,2.73837794521995,NA,v1,MR,NA,CBC2StepAsymRW_CBCdriftDiffusionLR,28.181893693949466
CBC_P038,CBC_P038_AV_prob0.8_Vset4_Aset1_2024-05-17_16h11.22.266.csv,1,30,aud,1A,0.15,1,1.03606040000159,0,1,1,0.051168794232133,0.0511687942321329,CBC2StepAsymRW,CBCdriftDiffusionLR,0.5,0.661515212834929,0.138883317323832,0.841158533962039,0.432071117310362,3.56494063920659,2.78164166722814,0.5,2.73837794521995,NA,v1,MR,NA,CBC2StepAsymRW_CBCdriftDiffusionLR,28.181893693949466
CBC_P038,CBC_P038_AV_prob0.8_Vset4_Aset1_2024-05-17_16h11.22.266.csv,1,31,aud,2C,0.5,1,0.902671100000589,1,1,1,0.727143510963275,0.272856489036725,CBC2StepAsymRW,CBCdriftDiffusionLR,0.5,0.661515212834929,0.138883317323832,0.841158533962039,0.432071117310362,3.56494063920659,2.78164166722814,0.5,2.73837794521995,NA,v1,MR,NA,CBC2StepAsymRW_CBCdriftDiffusionLR,28.181893693949466
CBC_P038,CBC_P038_AV_prob0.8_Vset4_Aset1_2024-05-17_16h11.22.266.csv,1,32,aud,1B,0.5,1,0.783173000001625,1,1,1,0.988962161215505,0.0110378387844947,CBC2StepAsymRW,CBCdriftDiffusionLR,0.5,0.661515212834929,0.138883317323832,0.841158533962039,0.432071117310362,3.56494063920659,2.78164166722814,0.5,2.73837794521995,NA,v1,MR,NA,CBC2StepAsymRW_CBCdriftDiffusionLR,28.181893693949466
CBC_P038,CBC_P038_AV_prob0.8_Vset4_Aset1_2024-05-17_16h11.22.266.csv,1,33,aud,0A,0.5,1,0.792006700001366,1,1,1,0.992525091963643,0.0074749080363572,CBC2StepAsymRW,CBCdriftDiffusionLR,0.5,0.661515212834929,0.138883317323832,0.841158533962039,0.432071117310362,3.56494063920659,2.78164166722814,0.5,2.73837794521995,NA,v1,MR,NA,CBC2StepAsymRW_CBCdriftDiffusionLR,28.181893693949466
CBC_P038,CBC_P038_AV_prob0.8_Vset4_Aset1_2024-05-17_16h11.22.266.csv,1,34,aud,1C,0.35,1,NA,NA,NA,NA,0.0343647289129209,0,CBC2StepAsymRW,CBCdriftDiffusionLR,0.5,0.661515212834929,0.138883317323832,0.841158533962039,0.432071117310362,3.56494063920659,2.78164166722814,0.5,2.73837794521995,NA,v1,MR,NA,CBC2StepAsymRW_CBCdriftDiffusionLR,28.181893693949466
CBC_P038,CBC_P038_AV_prob0.8_Vset4_Aset1_2024-05-17_16h11.22.266.csv,1,35,aud,2A,0.35,1,0.941201600000568,0,1,1,0.00504830395156521,0.00504830395156519,CBC2StepAsymRW,CBCdriftDiffusionLR,0.5,0.661515212834929,0.138883317323832,0.841158533962039,0.432071117310362,3.56494063920659,2.78164166722814,0.5,2.73837794521995,NA,v1,MR,NA,CBC2StepAsymRW_CBCdriftDiffusionLR,28.181893693949466
CBC_P038,CBC_P038_AV_prob0.8_Vset4_Aset1_2024-05-17_16h11.22.266.csv,1,36,aud,0B,0.35,0,1.02673240000149,0,1,0,0.0302266828012024,-0.969773317198798,CBC2StepAsymRW,CBCdriftDiffusionLR,0.5,0.661515212834929,0.138883317323832,0.841158533962039,0.432071117310362,3.56494063920659,2.78164166722814,0.5,2.73837794521995,NA,v1,MR,NA,CBC2StepAsymRW_CBCdriftDiffusionLR,28.181893693949466
CBC_P038,CBC_P038_AV_prob0.8_Vset4_Aset1_2024-05-17_16h11.22.266.csv,1,37,aud,2C,0.5,1,0.949812700000621,1,1,1,0.907642229381796,0.0923577706182044,CBC2StepAsymRW,CBCdriftDiffusionLR,0.5,0.661515212834929,0.138883317323832,0.841158533962039,0.432071117310362,3.56494063920659,2.78164166722814,0.5,2.73837794521995,NA,v1,MR,NA,CBC2StepAsymRW_CBCdriftDiffusionLR,28.181893693949466
CBC_P038,CBC_P038_AV_prob0.8_Vset4_Aset1_2024-05-17_16h11.22.266.csv,1,38,aud,0B,0.35,1,1.1151473000009,0,1,1,0.164912018145908,0.164912018145908,CBC2StepAsymRW,CBCdriftDiffusionLR,0.5,0.661515212834929,0.138883317323832,0.841158533962039,0.432071117310362,3.56494063920659,2.78164166722814,0.5,2.73837794521995,NA,v1,MR,NA,CBC2StepAsymRW_CBCdriftDiffusionLR,28.181893693949466
CBC_P038,CBC_P038_AV_prob0.8_Vset4_Aset1_2024-05-17_16h11.22.266.csv,1,39,aud,1C,0.35,1,0.657586100000117,0,1,1,0.0295920413625602,0.0295920413625602,CBC2StepAsymRW,CBCdriftDiffusionLR,0.5,0.661515212834929,0.138883317323832,0.841158533962039,0.432071117310362,3.56494063920659,2.78164166722814,0.5,2.73837794521995,NA,v1,MR,NA,CBC2StepAsymRW_CBCdriftDiffusionLR,28.181893693949466
CBC_P038,CBC_P038_AV_prob0.8_Vset4_Aset1_2024-05-17_16h11.22.266.csv,1,40,aud,2B,0.15,0,0.856248099998993,0,1,0,0.0379427836270154,-0.962057216372985,CBC2StepAsymRW,CBCdriftDiffusionLR,0.5,0.661515212834929,0.138883317323832,0.841158533962039,0.432071117310362,3.56494063920659,2.78164166722814,0.5,2.73837794521995,NA,v1,MR,NA,CBC2StepAsymRW_CBCdriftDiffusionLR,28.181893693949466
CBC_P038,CBC_P038_AV_prob0.8_Vset4_Aset1_2024-05-17_16h11.22.266.csv,1,41,aud,0A,0.5,1,0.884820400000535,1,1,1,0.997469857344235,0.00253014265576479,CBC2StepAsymRW,CBCdriftDiffusionLR,0.5,0.661515212834929,0.138883317323832,0.841158533962039,0.432071117310362,3.56494063920659,2.78164166722814,0.5,2.73837794521995,NA,v1,MR,NA,CBC2StepAsymRW_CBCdriftDiffusionLR,28.181893693949466
CBC_P038,CBC_P038_AV_prob0.8_Vset4_Aset1_2024-05-17_16h11.22.266.csv,1,42,aud,1B,0.5,0,0.770628500000385,1,1,0,0.996263859488268,-0.996263859488268,CBC2StepAsymRW,CBCdriftDiffusionLR,0.5,0.661515212834929,0.138883317323832,0.841158533962039,0.432071117310362,3.56494063920659,2.78164166722814,0.5,2.73837794521995,NA,v1,MR,NA,CBC2StepAsymRW_CBCdriftDiffusionLR,28.181893693949466
CBC_P038,CBC_P038_TV_prob0.8_Vset3_Tset4_2024-05-17_16h03.03.804.csv,2,1,tac,0A,0.5,1,2.56150839999827,1,1,1,0.5,0.5,CBCsimpleRW,CBCdriftDiffusionLR,0.5,0.17666468381609,NA,NA,0.969054272566753,2.42449149842978,2.17174860878202,0.5,56.890107387391,NA,v1,MR,NA,CBCsimpleRW_CBCdriftDiffusionLR,128.91697331045503
CBC_P038,CBC_P038_TV_prob0.8_Vset3_Tset4_2024-05-17_16h03.03.804.csv,2,2,tac,1C,0.35,1,2.59887109999727,1,0,0,0.5,-0.5,CBCsimpleRW,CBCdriftDiffusionLR,0.5,0.17666468381609,NA,NA,0.969054272566753,2.42449149842978,2.17174860878202,0.5,56.890107387391,NA,v1,MR,NA,CBCsimpleRW_CBCdriftDiffusionLR,128.91697331045503
CBC_P038,CBC_P038_TV_prob0.8_Vset3_Tset4_2024-05-17_16h03.03.804.csv,2,3,tac,0B,0.35,1,2.86926560000029,0,1,1,0.5,0.5,CBCsimpleRW,CBCdriftDiffusionLR,0.5,0.17666468381609,NA,NA,0.969054272566753,2.42449149842978,2.17174860878202,0.5,56.890107387391,NA,v1,MR,NA,CBCsimpleRW_CBCdriftDiffusionLR,128.91697331045503
CBC_P038,CBC_P038_TV_prob0.8_Vset3_Tset4_2024-05-17_16h03.03.804.csv,2,4,tac,2C,0.5,1,NA,NA,NA,NA,0.5,0,CBCsimpleRW,CBCdriftDiffusionLR,0.5,0.17666468381609,NA,NA,0.969054272566753,2.42449149842978,2.17174860878202,0.5,56.890107387391,NA,v1,MR,NA,CBCsimpleRW_CBCdriftDiffusionLR,128.91697331045503
CBC_P038,CBC_P038_TV_prob0.8_Vset3_Tset4_2024-05-17_16h03.03.804.csv,2,5,tac,1B,0.5,1,1.9080271999992,1,1,1,0.5,0.5,CBCsimpleRW,CBCdriftDiffusionLR,0.5,0.17666468381609,NA,NA,0.969054272566753,2.42449149842978,2.17174860878202,0.5,56.890107387391,NA,v1,MR,NA,CBCsimpleRW_CBCdriftDiffusionLR,128.91697331045503
CBC_P038,CBC_P038_TV_prob0.8_Vset3_Tset4_2024-05-17_16h03.03.804.csv,2,6,tac,2A,0.35,1,2.1713695999988,0,1,1,0.5,0.5,CBCsimpleRW,CBCdriftDiffusionLR,0.5,0.17666468381609,NA,NA,0.969054272566753,2.42449149842978,2.17174860878202,0.5,56.890107387391,NA,v1,MR,NA,CBCsimpleRW_CBCdriftDiffusionLR,128.91697331045503
CBC_P038,CBC_P038_TV_prob0.8_Vset3_Tset4_2024-05-17_16h03.03.804.csv,2,7,tac,0B,0.35,0,2.22841589999916,1,0,1,0.411667658091955,0.588332341908045,CBCsimpleRW,CBCdriftDiffusionLR,0.5,0.17666468381609,NA,NA,0.969054272566753,2.42449149842978,2.17174860878202,0.5,56.890107387391,NA,v1,MR,NA,CBCsimpleRW_CBCdriftDiffusionLR,128.91697331045503
CBC_P038,CBC_P038_TV_prob0.8_Vset3_Tset4_2024-05-17_16h03.03.804.csv,2,8,tac,2C,0.5,0,2.04232309999861,0,0,1,0.5,0.5,CBCsimpleRW,CBCdriftDiffusionLR,0.5,0.17666468381609,NA,NA,0.969054272566753,2.42449149842978,2.17174860878202,0.5,56.890107387391,NA,v1,MR,NA,CBCsimpleRW_CBCdriftDiffusionLR,128.91697331045503
CBC_P038,CBC_P038_TV_prob0.8_Vset3_Tset4_2024-05-17_16h03.03.804.csv,2,9,tac,0A,0.5,1,1.3830440999991,1,1,1,0.588332341908045,0.411667658091955,CBCsimpleRW,CBCdriftDiffusionLR,0.5,0.17666468381609,NA,NA,0.969054272566753,2.42449149842978,2.17174860878202,0.5,56.890107387391,NA,v1,MR,NA,CBCsimpleRW_CBCdriftDiffusionLR,128.91697331045503
CBC_P038,CBC_P038_TV_prob0.8_Vset3_Tset4_2024-05-17_16h03.03.804.csv,2,10,tac,1C,0.35,1,1.86888409999847,1,0,0,0.411667658091955,-0.411667658091955,CBCsimpleRW,CBCdriftDiffusionLR,0.5,0.17666468381609,NA,NA,0.969054272566753,2.42449149842978,2.17174860878202,0.5,56.890107387391,NA,v1,MR,NA,CBCsimpleRW_CBCdriftDiffusionLR,128.91697331045503
CBC_P038,CBC_P038_TV_prob0.8_Vset3_Tset4_2024-05-17_16h03.03.804.csv,2,11,tac,0A,0.5,1,2.1343943999982,1,1,1,0.661059478562171,0.338940521437829,CBCsimpleRW,CBCdriftDiffusionLR,0.5,0.17666468381609,NA,NA,0.969054272566753,2.42449149842978,2.17174860878202,0.5,56.890107387391,NA,v1,MR,NA,CBCsimpleRW_CBCdriftDiffusionLR,128.91697331045503
CBC_P038,CBC_P038_TV_prob0.8_Vset3_Tset4_2024-05-17_16h03.03.804.csv,2,12,tac,1B,0.5,1,2.11745289999999,0,0,0,0.588332341908045,-0.411667658091955,CBCsimpleRW,CBCdriftDiffusionLR,0.5,0.17666468381609,NA,NA,0.969054272566753,2.42449149842978,2.17174860878202,0.5,56.890107387391,NA,v1,MR,NA,CBCsimpleRW_CBCdriftDiffusionLR,128.91697331045503
CBC_P038,CBC_P038_TV_prob0.8_Vset3_Tset4_2024-05-17_16h03.03.804.csv,2,13,tac,0C,0.15,1,2.21966749999774,0,1,1,0.5,0.5,CBCsimpleRW,CBCdriftDiffusionLR,0.5,0.17666468381609,NA,NA,0.969054272566753,2.42449149842978,2.17174860878202,0.5,56.890107387391,NA,v1,MR,NA,CBCsimpleRW_CBCdriftDiffusionLR,128.91697331045503
CBC_P038,CBC_P038_TV_prob0.8_Vset3_Tset4_2024-05-17_16h03.03.804.csv,2,14,tac,1A,0.15,1,2.16272790000039,0,1,1,0.5,0.5,CBCsimpleRW,CBCdriftDiffusionLR,0.5,0.17666468381609,NA,NA,0.969054272566753,2.42449149842978,2.17174860878202,0.5,56.890107387391,NA,v1,MR,NA,CBCsimpleRW_CBCdriftDiffusionLR,128.91697331045503
CBC_P038,CBC_P038_TV_prob0.8_Vset3_Tset4_2024-05-17_16h03.03.804.csv,2,15,tac,0B,0.35,0,2.22749739999927,1,0,1,0.51560520525392,0.48439479474608,CBCsimpleRW,CBCdriftDiffusionLR,0.5,0.17666468381609,NA,NA,0.969054272566753,2.42449149842978,2.17174860878202,0.5,56.890107387391,NA,v1,MR,NA,CBCsimpleRW_CBCdriftDiffusionLR,128.91697331045503
CBC_P038,CBC_P038_TV_prob0.8_Vset3_Tset4_2024-05-17_16h03.03.804.csv,2,16,tac,1A,0.15,1,1.99504789999992,0,1,1,0.411667658091955,0.411667658091955,CBCsimpleRW,CBCdriftDiffusionLR,0.5,0.17666468381609,NA,NA,0.969054272566753,2.42449149842978,2.17174860878202,0.5,56.890107387391,NA,v1,MR,NA,CBCsimpleRW_CBCdriftDiffusionLR,128.91697331045503
CBC_P038,CBC_P038_TV_prob0.8_Vset3_Tset4_2024-05-17_16h03.03.804.csv,2,17,tac,2C,0.5,1,2.17482789999849,0,0,0,0.411667658091955,-0.588332341908045,CBCsimpleRW,CBCdriftDiffusionLR,0.5,0.17666468381609,NA,NA,0.969054272566753,2.42449149842978,2.17174860878202,0.5,56.890107387391,NA,v1,MR,NA,CBCsimpleRW_CBCdriftDiffusionLR,128.91697331045503
CBC_P038,CBC_P038_TV_prob0.8_Vset3_Tset4_2024-05-17_16h03.03.804.csv,2,18,tac,0A,0.5,1,1.91205309999896,1,1,1,0.720938298614446,0.279061701385554,CBCsimpleRW,CBCdriftDiffusionLR,0.5,0.17666468381609,NA,NA,0.969054272566753,2.42449149842978,2.17174860878202,0.5,56.890107387391,NA,v1,MR,NA,CBCsimpleRW_CBCdriftDiffusionLR,128.91697331045503
CBC_P038,CBC_P038_TV_prob0.8_Vset3_Tset4_2024-05-17_16h03.03.804.csv,2,19,tac,2C,0.5,1,2.22946449999836,0,0,0,0.51560520525392,-0.48439479474608,CBCsimpleRW,CBCdriftDiffusionLR,0.5,0.17666468381609,NA,NA,0.969054272566753,2.42449149842978,2.17174860878202,0.5,56.890107387391,NA,v1,MR,NA,CBCsimpleRW_CBCdriftDiffusionLR,128.91697331045503
CBC_P038,CBC_P038_TV_prob0.8_Vset3_Tset4_2024-05-17_16h03.03.804.csv,2,20,tac,1B,0.5,0,2.00921489999928,0,0,1,0.661059478562171,0.661059478562171,CBCsimpleRW,CBCdriftDiffusionLR,0.5,0.17666468381609,NA,NA,0.969054272566753,2.42449149842978,2.17174860878202,0.5,56.890107387391,NA,v1,MR,NA,CBCsimpleRW_CBCdriftDiffusionLR,128.91697331045503
CBC_P038,CBC_P038_TV_prob0.8_Vset3_Tset4_2024-05-17_16h03.03.804.csv,2,21,tac,2A,0.35,1,2.21236399999907,0,1,1,0.411667658091955,0.411667658091955,CBCsimpleRW,CBCdriftDiffusionLR,0.5,0.17666468381609,NA,NA,0.969054272566753,2.42449149842978,2.17174860878202,0.5,56.890107387391,NA,v1,MR,NA,CBCsimpleRW_CBCdriftDiffusionLR,128.91697331045503
CBC_P038,CBC_P038_TV_prob0.8_Vset3_Tset4_2024-05-17_16h03.03.804.csv,2,22,tac,0B,0.35,1,1.6780947999996,1,0,0,0.601180658509896,-0.601180658509896,CBCsimpleRW,CBCdriftDiffusionLR,0.5,0.17666468381609,NA,NA,0.969054272566753,2.42449149842978,2.17174860878202,0.5,56.890107387391,NA,v1,MR,NA,CBCsimpleRW_CBCdriftDiffusionLR,128.91697331045503
CBC_P038,CBC_P038_TV_prob0.8_Vset3_Tset4_2024-05-17_16h03.03.804.csv,2,23,tac,2C,0.5,1,2.15859139999884,1,1,1,0.601180658509896,0.398819341490104,CBCsimpleRW,CBCdriftDiffusionLR,0.5,0.17666468381609,NA,NA,0.969054272566753,2.42449149842978,2.17174860878202,0.5,56.890107387391,NA,v1,MR,NA,CBCsimpleRW_CBCdriftDiffusionLR,128.91697331045503
CBC_P038,CBC_P038_TV_prob0.8_Vset3_Tset4_2024-05-17_16h03.03.804.csv,2,24,tac,1B,0.5,1,2.17036429999825,1,1,1,0.544273614798355,0.455726385201645,CBCsimpleRW,CBCdriftDiffusionLR,0.5,0.17666468381609,NA,NA,0.969054272566753,2.42449149842978,2.17174860878202,0.5,56.890107387391,NA,v1,MR,NA,CBCsimpleRW_CBCdriftDiffusionLR,128.91697331045503
CBC_P038,CBC_P038_TV_prob0.8_Vset3_Tset4_2024-05-17_16h03.03.804.csv,2,25,tac,0A,0.5,1,1.3184956999994,1,1,1,0.770238645854905,0.229761354145095,CBCsimpleRW,CBCdriftDiffusionLR,0.5,0.17666468381609,NA,NA,0.969054272566753,2.42449149842978,2.17174860878202,0.5,56.890107387391,NA,v1,MR,NA,CBCsimpleRW_CBCdriftDiffusionLR,128.91697331045503
CBC_P038,CBC_P038_TV_prob0.8_Vset3_Tset4_2024-05-17_16h03.03.804.csv,2,26,tac,1C,0.35,1,2.29205079999883,0,1,1,0.338940521437829,0.338940521437829,CBCsimpleRW,CBCdriftDiffusionLR,0.5,0.17666468381609,NA,NA,0.969054272566753,2.42449149842978,2.17174860878202,0.5,56.890107387391,NA,v1,MR,NA,CBCsimpleRW_CBCdriftDiffusionLR,128.91697331045503
CBC_P038,CBC_P038_TV_prob0.8_Vset3_Tset4_2024-05-17_16h03.03.804.csv,2,27,tac,2B,0.15,0,1.94936169999892,1,0,1,0.5,0.5,CBCsimpleRW,CBCdriftDiffusionLR,0.5,0.17666468381609,NA,NA,0.969054272566753,2.42449149842978,2.17174860878202,0.5,56.890107387391,NA,v1,MR,NA,CBCsimpleRW_CBCdriftDiffusionLR,128.91697331045503
CBC_P038,CBC_P038_TV_prob0.8_Vset3_Tset4_2024-05-17_16h03.03.804.csv,2,28,tac,1C,0.35,0,2.07342299999982,0,1,0,0.279061701385554,-0.720938298614446,CBCsimpleRW,CBCdriftDiffusionLR,0.5,0.17666468381609,NA,NA,0.969054272566753,2.42449149842978,2.17174860878202,0.5,56.890107387391,NA,v1,MR,NA,CBCsimpleRW_CBCdriftDiffusionLR,128.91697331045503
CBC_P038,CBC_P038_TV_prob0.8_Vset3_Tset4_2024-05-17_16h03.03.804.csv,2,29,tac,0B,0.35,1,1.23821609999868,1,0,0,0.494973267557896,-0.494973267557896,CBCsimpleRW,CBCdriftDiffusionLR,0.5,0.17666468381609,NA,NA,0.969054272566753,2.42449149842978,2.17174860878202,0.5,56.890107387391,NA,v1,MR,NA,CBCsimpleRW_CBCdriftDiffusionLR,128.91697331045503
CBC_P038,CBC_P038_TV_prob0.8_Vset3_Tset4_2024-05-17_16h03.03.804.csv,2,30,tac,2C,0.5,1,2.15341689999877,1,1,1,0.671637951373987,0.328362048626013,CBCsimpleRW,CBCdriftDiffusionLR,0.5,0.17666468381609,NA,NA,0.969054272566753,2.42449149842978,2.17174860878202,0.5,56.890107387391,NA,v1,MR,NA,CBCsimpleRW_CBCdriftDiffusionLR,128.91697331045503
CBC_P038,CBC_P038_TV_prob0.8_Vset3_Tset4_2024-05-17_16h03.03.804.csv,2,31,tac,0A,0.5,1,1.18490809999821,1,1,1,0.810829362838105,0.189170637161895,CBCsimpleRW,CBCdriftDiffusionLR,0.5,0.17666468381609,NA,NA,0.969054272566753,2.42449149842978,2.17174860878202,0.5,56.890107387391,NA,v1,MR,NA,CBCsimpleRW_CBCdriftDiffusionLR,128.91697331045503
CBC_P038,CBC_P038_TV_prob0.8_Vset3_Tset4_2024-05-17_16h03.03.804.csv,2,32,tac,2B,0.15,1,2.14310440000008,1,0,0,0.588332341908045,-0.588332341908045,CBCsimpleRW,CBCdriftDiffusionLR,0.5,0.17666468381609,NA,NA,0.969054272566753,2.42449149842978,2.17174860878202,0.5,56.890107387391,NA,v1,MR,NA,CBCsimpleRW_CBCdriftDiffusionLR,128.91697331045503
CBC_P038,CBC_P038_TV_prob0.8_Vset3_Tset4_2024-05-17_16h03.03.804.csv,2,33,tac,1C,0.35,1,2.25354629999856,0,1,1,0.406426037961185,0.406426037961185,CBCsimpleRW,CBCdriftDiffusionLR,0.5,0.17666468381609,NA,NA,0.969054272566753,2.42449149842978,2.17174860878202,0.5,56.890107387391,NA,v1,MR,NA,CBCsimpleRW_CBCdriftDiffusionLR,128.91697331045503
CBC_P038,CBC_P038_TV_prob0.8_Vset3_Tset4_2024-05-17_16h03.03.804.csv,2,34,tac,2A,0.35,1,1.55031749999944,0,1,1,0.338940521437829,0.338940521437829,CBCsimpleRW,CBCdriftDiffusionLR,0.5,0.17666468381609,NA,NA,0.969054272566753,2.42449149842978,2.17174860878202,0.5,56.890107387391,NA,v1,MR,NA,CBCsimpleRW_CBCdriftDiffusionLR,128.91697331045503
CBC_P038,CBC_P038_TV_prob0.8_Vset3_Tset4_2024-05-17_16h03.03.804.csv,2,35,tac,1B,0.5,1,2.03296070000033,1,1,1,0.624784372546654,0.375215627453346,CBCsimpleRW,CBCdriftDiffusionLR,0.5,0.17666468381609,NA,NA,0.969054272566753,2.42449149842978,2.17174860878202,0.5,56.890107387391,NA,v1,MR,NA,CBCsimpleRW_CBCdriftDiffusionLR,128.91697331045503
CBC_P038,CBC_P038_TV_prob0.8_Vset3_Tset4_2024-05-17_16h03.03.804.csv,2,36,tac,0C,0.15,1,1.25243399999817,0,1,1,0.411667658091955,0.411667658091955,CBCsimpleRW,CBCdriftDiffusionLR,0.5,0.17666468381609,NA,NA,0.969054272566753,2.42449149842978,2.17174860878202,0.5,56.890107387391,NA,v1,MR,NA,CBCsimpleRW_CBCdriftDiffusionLR,128.91697331045503
CBC_P038,CBC_P038_TV_prob0.8_Vset3_Tset4_2024-05-17_16h03.03.804.csv,2,37,tac,1B,0.5,1,2.10902069999975,1,1,1,0.691071722733555,0.308928277266445,CBCsimpleRW,CBCdriftDiffusionLR,0.5,0.17666468381609,NA,NA,0.969054272566753,2.42449149842978,2.17174860878202,0.5,56.890107387391,NA,v1,MR,NA,CBCsimpleRW_CBCdriftDiffusionLR,128.91697331045503
CBC_P038,CBC_P038_TV_prob0.8_Vset3_Tset4_2024-05-17_16h03.03.804.csv,2,38,tac,2A,0.35,0,1.13966289999917,0,1,0,0.279061701385554,-0.720938298614446,CBCsimpleRW,CBCdriftDiffusionLR,0.5,0.17666468381609,NA,NA,0.969054272566753,2.42449149842978,2.17174860878202,0.5,56.890107387391,NA,v1,MR,NA,CBCsimpleRW_CBCdriftDiffusionLR,128.91697331045503
CBC_P038,CBC_P038_TV_prob0.8_Vset3_Tset4_2024-05-17_16h03.03.804.csv,2,39,tac,1C,0.35,1,2.01193359999888,1,0,0,0.334624910470146,-0.334624910470146,CBCsimpleRW,CBCdriftDiffusionLR,0.5,0.17666468381609,NA,NA,0.969054272566753,2.42449149842978,2.17174860878202,0.5,56.890107387391,NA,v1,MR,NA,CBCsimpleRW_CBCdriftDiffusionLR,128.91697331045503
CBC_P038,CBC_P038_TV_prob0.8_Vset3_Tset4_2024-05-17_16h03.03.804.csv,2,40,tac,0A,0.5,0,1.10274599999866,1,1,0,0.8442491336396,-0.8442491336396,CBCsimpleRW,CBCdriftDiffusionLR,0.5,0.17666468381609,NA,NA,0.969054272566753,2.42449149842978,2.17174860878202,0.5,56.890107387391,NA,v1,MR,NA,CBCsimpleRW_CBCdriftDiffusionLR,128.91697331045503
CBC_P038,CBC_P038_TV_prob0.8_Vset3_Tset4_2024-05-17_16h03.03.804.csv,2,41,tac,1B,0.5,0,2.18876819999787,0,0,1,0.745648439158681,0.745648439158681,CBCsimpleRW,CBCdriftDiffusionLR,0.5,0.17666468381609,NA,NA,0.969054272566753,2.42449149842978,2.17174860878202,0.5,56.890107387391,NA,v1,MR,NA,CBCsimpleRW_CBCdriftDiffusionLR,128.91697331045503
CBC_P038,CBC_P038_TV_prob0.8_Vset3_Tset4_2024-05-17_16h03.03.804.csv,2,42,tac,2C,0.5,1,2.06429129999924,1,1,1,0.729647928871705,0.270352071128295,CBCsimpleRW,CBCdriftDiffusionLR,0.5,0.17666468381609,NA,NA,0.969054272566753,2.42449149842978,2.17174860878202,0.5,56.890107387391,NA,v1,MR,NA,CBCsimpleRW_CBCdriftDiffusionLR,128.91697331045503
CBC_P039,CBC_P039_AV_prob0.8_Vset1_Aset3_2024-05-17_17h11.25.269.csv,1,1,aud,1A,0.15,1,2.25275060000058,1,0,0,0.5,-0.5,CBCsimpleAsymRW,CBCdriftDiffusionLR,0.5,0.517475118969278,0.00291886367050553,NA,0.604790034420908,2.34557750686869,2.58622662163512,0.5,29.4368522871025,NA,v1,MR,NA,CBCsimpleAsymRW_CBCdriftDiffusionLR,77.7946527437963
CBC_P039,CBC_P039_AV_prob0.8_Vset1_Aset3_2024-05-17_17h11.25.269.csv,1,2,aud,2C,0.5,1,2.11316370000168,1,1,1,0.5,0.5,CBCsimpleAsymRW,CBCdriftDiffusionLR,0.5,0.517475118969278,0.00291886367050553,NA,0.604790034420908,2.34557750686869,2.58622662163512,0.5,29.4368522871025,NA,v1,MR,NA,CBCsimpleAsymRW_CBCdriftDiffusionLR,77.7946527437963
CBC_P039,CBC_P039_AV_prob0.8_Vset1_Aset3_2024-05-17_17h11.25.269.csv,1,3,aud,0A,0.5,1,1.29688090000127,1,1,1,0.5,0.5,CBCsimpleAsymRW,CBCdriftDiffusionLR,0.5,0.517475118969278,0.00291886367050553,NA,0.604790034420908,2.34557750686869,2.58622662163512,0.5,29.4368522871025,NA,v1,MR,NA,CBCsimpleAsymRW_CBCdriftDiffusionLR,77.7946527437963
CBC_P039,CBC_P039_AV_prob0.8_Vset1_Aset3_2024-05-17_17h11.25.269.csv,1,4,aud,2B,0.15,0,1.18583130000115,1,0,1,0.5,0.5,CBCsimpleAsymRW,CBCdriftDiffusionLR,0.5,0.517475118969278,0.00291886367050553,NA,0.604790034420908,2.34557750686869,2.58622662163512,0.5,29.4368522871025,NA,v1,MR,NA,CBCsimpleAsymRW_CBCdriftDiffusionLR,77.7946527437963
CBC_P039,CBC_P039_AV_prob0.8_Vset1_Aset3_2024-05-17_17h11.25.269.csv,1,5,aud,1C,0.35,0,2.57881180000186,0,1,0,0.5,-0.5,CBCsimpleAsymRW,CBCdriftDiffusionLR,0.5,0.517475118969278,0.00291886367050553,NA,0.604790034420908,2.34557750686869,2.58622662163512,0.5,29.4368522871025,NA,v1,MR,NA,CBCsimpleAsymRW_CBCdriftDiffusionLR,77.7946527437963
CBC_P039,CBC_P039_AV_prob0.8_Vset1_Aset3_2024-05-17_17h11.25.269.csv,1,6,aud,0A,0.5,1,1.58833420000155,1,1,1,0.758737559484639,0.241262440515361,CBCsimpleAsymRW,CBCdriftDiffusionLR,0.5,0.517475118969278,0.00291886367050553,NA,0.604790034420908,2.34557750686869,2.58622662163512,0.5,29.4368522871025,NA,v1,MR,NA,CBCsimpleAsymRW_CBCdriftDiffusionLR,77.7946527437963
CBC_P039,CBC_P039_AV_prob0.8_Vset1_Aset3_2024-05-17_17h11.25.269.csv,1,7,aud,1B,0.5,1,1.13424080000186,1,1,1,0.5,0.5,CBCsimpleAsymRW,CBCdriftDiffusionLR,0.5,0.517475118969278,0.00291886367050553,NA,0.604790034420908,2.34557750686869,2.58622662163512,0.5,29.4368522871025,NA,v1,MR,NA,CBCsimpleAsymRW_CBCdriftDiffusionLR,77.7946527437963
CBC_P039,CBC_P039_AV_prob0.8_Vset1_Aset3_2024-05-17_17h11.25.269.csv,1,8,aud,2A,0.35,1,1.91886220000197,0,1,1,0.5,0.5,CBCsimpleAsymRW,CBCdriftDiffusionLR,0.5,0.517475118969278,0.00291886367050553,NA,0.604790034420908,2.34557750686869,2.58622662163512,0.5,29.4368522871025,NA,v1,MR,NA,CBCsimpleAsymRW_CBCdriftDiffusionLR,77.7946527437963
CBC_P039,CBC_P039_AV_prob0.8_Vset1_Aset3_2024-05-17_17h11.25.269.csv,1,9,aud,1C,0.35,1,2.29728100000102,0,1,1,0.501459431835253,0.501459431835253,CBCsimpleAsymRW,CBCdriftDiffusionLR,0.5,0.517475118969278,0.00291886367050553,NA,0.604790034420908,2.34557750686869,2.58622662163512,0.5,29.4368522871025,NA,v1,MR,NA,CBCsimpleAsymRW_CBCdriftDiffusionLR,77.7946527437963
CBC_P039,CBC_P039_AV_prob0.8_Vset1_Aset3_2024-05-17_17h11.25.269.csv,1,10,aud,2A,0.35,1,1.60001090000151,0,1,1,0.241262440515361,0.241262440515361,CBCsimpleAsymRW,CBCdriftDiffusionLR,0.5,0.517475118969278,0.00291886367050553,NA,0.604790034420908,2.34557750686869,2.58622662163512,0.5,29.4368522871025,NA,v1,MR,NA,CBCsimpleAsymRW_CBCdriftDiffusionLR,77.7946527437963
CBC_P039,CBC_P039_AV_prob0.8_Vset1_Aset3_2024-05-17_17h11.25.269.csv,1,11,aud,0B,0.35,1,1.47874530000081,0,1,1,0.5,0.5,CBCsimpleAsymRW,CBCdriftDiffusionLR,0.5,0.517475118969278,0.00291886367050553,NA,0.604790034420908,2.34557750686869,2.58622662163512,0.5,29.4368522871025,NA,v1,MR,NA,CBCsimpleAsymRW_CBCdriftDiffusionLR,77.7946527437963
CBC_P039,CBC_P039_AV_prob0.8_Vset1_Aset3_2024-05-17_17h11.25.269.csv,1,12,aud,2C,0.5,0,2.1588593000015,1,1,0,0.758737559484639,-0.758737559484639,CBCsimpleAsymRW,CBCdriftDiffusionLR,0.5,0.517475118969278,0.00291886367050553,NA,0.604790034420908,2.34557750686869,2.58622662163512,0.5,29.4368522871025,NA,v1,MR,NA,CBCsimpleAsymRW_CBCdriftDiffusionLR,77.7946527437963
CBC_P039,CBC_P039_AV_prob0.8_Vset1_Aset3_2024-05-17_17h11.25.269.csv,1,13,aud,0A,0.5,1,1.1089103000013,1,1,1,0.883584869593144,0.116415130406856,CBCsimpleAsymRW,CBCdriftDiffusionLR,0.5,0.517475118969278,0.00291886367050553,NA,0.604790034420908,2.34557750686869,2.58622662163512,0.5,29.4368522871025,NA,v1,MR,NA,CBCsimpleAsymRW_CBCdriftDiffusionLR,77.7946527437963
CBC_P039,CBC_P039_AV_prob0.8_Vset1_Aset3_2024-05-17_17h11.25.269.csv,1,14,aud,1B,0.5,1,1.56869069999993,1,1,1,0.758737559484639,0.241262440515361,CBCsimpleAsymRW,CBCdriftDiffusionLR,0.5,0.517475118969278,0.00291886367050553,NA,0.604790034420908,2.34557750686869,2.58622662163512,0.5,29.4368522871025,NA,v1,MR,NA,CBCsimpleAsymRW_CBCdriftDiffusionLR,77.7946527437963
CBC_P039,CBC_P039_AV_prob0.8_Vset1_Aset3_2024-05-17_17h11.25.269.csv,1,15,aud,0A,0.5,1,1.12851470000169,1,1,1,0.943826803050256,0.0561731969497443,CBCsimpleAsymRW,CBCdriftDiffusionLR,0.5,0.517475118969278,0.00291886367050553,NA,0.604790034420908,2.34557750686869,2.58622662163512,0.5,29.4368522871025,NA,v1,MR,NA,CBCsimpleAsymRW_CBCdriftDiffusionLR,77.7946527437963
CBC_P039,CBC_P039_AV_prob0.8_Vset1_Aset3_2024-05-17_17h11.25.269.csv,1,16,aud,1C,0.35,1,2.32924600000115,0,1,1,0.241966652688039,0.241966652688039,CBCsimpleAsymRW,CBCdriftDiffusionLR,0.5,0.517475118969278,0.00291886367050553,NA,0.604790034420908,2.34557750686869,2.58622662163512,0.5,29.4368522871025,NA,v1,MR,NA,CBCsimpleAsymRW_CBCdriftDiffusionLR,77.7946527437963
CBC_P039,CBC_P039_AV_prob0.8_Vset1_Aset3_2024-05-17_17h11.25.269.csv,1,17,aud,2A,0.35,1,1.81524480000189,0,1,1,0.116415130406856,0.116415130406856,CBCsimpleAsymRW,CBCdriftDiffusionLR,0.5,0.517475118969278,0.00291886367050553,NA,0.604790034420908,2.34557750686869,2.58622662163512,0.5,29.4368522871025,NA,v1,MR,NA,CBCsimpleAsymRW_CBCdriftDiffusionLR,77.7946527437963
CBC_P039,CBC_P039_AV_prob0.8_Vset1_Aset3_2024-05-17_17h11.25.269.csv,1,18,aud,0B,0.35,1,1.11586730000272,0,1,1,0.241262440515361,0.241262440515361,CBCsimpleAsymRW,CBCdriftDiffusionLR,0.5,0.517475118969278,0.00291886367050553,NA,0.604790034420908,2.34557750686869,2.58622662163512,0.5,29.4368522871025,NA,v1,MR,NA,CBCsimpleAsymRW_CBCdriftDiffusionLR,77.7946527437963
CBC_P039,CBC_P039_AV_prob0.8_Vset1_Aset3_2024-05-17_17h11.25.269.csv,1,19,aud,2C,0.5,1,1.16107130000273,1,1,1,0.756522907986811,0.243477092013189,CBCsimpleAsymRW,CBCdriftDiffusionLR,0.5,0.517475118969278,0.00291886367050553,NA,0.604790034420908,2.34557750686869,2.58622662163512,0.5,29.4368522871025,NA,v1,MR,NA,CBCsimpleAsymRW_CBCdriftDiffusionLR,77.7946527437963
CBC_P039,CBC_P039_AV_prob0.8_Vset1_Aset3_2024-05-17_17h11.25.269.csv,1,20,aud,1B,0.5,0,1.25262310000289,1,1,0,0.883584869593144,-0.883584869593144,CBCsimpleAsymRW,CBCdriftDiffusionLR,0.5,0.517475118969278,0.00291886367050553,NA,0.604790034420908,2.34557750686869,2.58622662163512,0.5,29.4368522871025,NA,v1,MR,NA,CBCsimpleAsymRW_CBCdriftDiffusionLR,77.7946527437963
CBC_P039,CBC_P039_AV_prob0.8_Vset1_Aset3_2024-05-17_17h11.25.269.csv,1,21,aud,0C,0.15,1,1.18040470000233,0,1,1,0.5,0.5,CBCsimpleAsymRW,CBCdriftDiffusionLR,0.5,0.517475118969278,0.00291886367050553,NA,0.604790034420908,2.34557750686869,2.58622662163512,0.5,29.4368522871025,NA,v1,MR,NA,CBCsimpleAsymRW_CBCdriftDiffusionLR,77.7946527437963
CBC_P039,CBC_P039_AV_prob0.8_Vset1_Aset3_2024-05-17_17h11.25.269.csv,1,22,aud,1B,0.5,0,0.968832599999587,1,1,0,0.88100580581748,-0.88100580581748,CBCsimpleAsymRW,CBCdriftDiffusionLR,0.5,0.517475118969278,0.00291886367050553,NA,0.604790034420908,2.34557750686869,2.58622662163512,0.5,29.4368522871025,NA,v1,MR,NA,CBCsimpleAsymRW_CBCdriftDiffusionLR,77.7946527437963
CBC_P039,CBC_P039_AV_prob0.8_Vset1_Aset3_2024-05-17_17h11.25.269.csv,1,23,aud,2C,0.5,1,1.30161550000048,1,1,1,0.88251624514263,0.11748375485737,CBCsimpleAsymRW,CBCdriftDiffusionLR,0.5,0.517475118969278,0.00291886367050553,NA,0.604790034420908,2.34557750686869,2.58622662163512,0.5,29.4368522871025,NA,v1,MR,NA,CBCsimpleAsymRW_CBCdriftDiffusionLR,77.7946527437963
CBC_P039,CBC_P039_AV_prob0.8_Vset1_Aset3_2024-05-17_17h11.25.269.csv,1,24,aud,0B,0.35,0,2.21830229999978,0,1,0,0.116415130406856,-0.883584869593144,CBCsimpleAsymRW,CBCdriftDiffusionLR,0.5,0.517475118969278,0.00291886367050553,NA,0.604790034420908,2.34557750686869,2.58622662163512,0.5,29.4368522871025,NA,v1,MR,NA,CBCsimpleAsymRW_CBCdriftDiffusionLR,77.7946527437963
CBC_P039,CBC_P039_AV_prob0.8_Vset1_Aset3_2024-05-17_17h11.25.269.csv,1,25,aud,2A,0.35,1,1.10455020000154,0,1,1,0.0561731969497444,0.0561731969497443,CBCsimpleAsymRW,CBCdriftDiffusionLR,0.5,0.517475118969278,0.00291886367050553,NA,0.604790034420908,2.34557750686869,2.58622662163512,0.5,29.4368522871025,NA,v1,MR,NA,CBCsimpleAsymRW_CBCdriftDiffusionLR,77.7946527437963
CBC_P039,CBC_P039_AV_prob0.8_Vset1_Aset3_2024-05-17_17h11.25.269.csv,1,26,aud,1B,0.5,1,1.27991540000039,1,1,1,0.878434269977375,0.121565730022625,CBCsimpleAsymRW,CBCdriftDiffusionLR,0.5,0.517475118969278,0.00291886367050553,NA,0.604790034420908,2.34557750686869,2.58622662163512,0.5,29.4368522871025,NA,v1,MR,NA,CBCsimpleAsymRW_CBCdriftDiffusionLR,77.7946527437963
CBC_P039,CBC_P039_AV_prob0.8_Vset1_Aset3_2024-05-17_17h11.25.269.csv,1,27,aud,0A,0.5,1,1.47987940000166,1,1,1,0.972895034824709,0.0271049651752907,CBCsimpleAsymRW,CBCdriftDiffusionLR,0.5,0.517475118969278,0.00291886367050553,NA,0.604790034420908,2.34557750686869,2.58622662163512,0.5,29.4368522871025,NA,v1,MR,NA,CBCsimpleAsymRW_CBCdriftDiffusionLR,77.7946527437963
CBC_P039,CBC_P039_AV_prob0.8_Vset1_Aset3_2024-05-17_17h11.25.269.csv,1,28,aud,2B,0.15,1,NA,NA,NA,NA,0.758737559484639,0,CBCsimpleAsymRW,CBCdriftDiffusionLR,0.5,0.517475118969278,0.00291886367050553,NA,0.604790034420908,2.34557750686869,2.58622662163512,0.5,29.4368522871025,NA,v1,MR,NA,CBCsimpleAsymRW_CBCdriftDiffusionLR,77.7946527437963
CBC_P039,CBC_P039_AV_prob0.8_Vset1_Aset3_2024-05-17_17h11.25.269.csv,1,29,aud,1C,0.35,1,1.07989210000233,0,1,1,0.116754930301698,0.116754930301698,CBCsimpleAsymRW,CBCdriftDiffusionLR,0.5,0.517475118969278,0.00291886367050553,NA,0.604790034420908,2.34557750686869,2.58622662163512,0.5,29.4368522871025,NA,v1,MR,NA,CBCsimpleAsymRW_CBCdriftDiffusionLR,77.7946527437963
CBC_P039,CBC_P039_AV_prob0.8_Vset1_Aset3_2024-05-17_17h11.25.269.csv,1,30,aud,0B,0.35,1,1.15705979999984,0,1,1,0.11899419418252,0.11899419418252,CBCsimpleAsymRW,CBCdriftDiffusionLR,0.5,0.517475118969278,0.00291886367050553,NA,0.604790034420908,2.34557750686869,2.58622662163512,0.5,29.4368522871025,NA,v1,MR,NA,CBCsimpleAsymRW_CBCdriftDiffusionLR,77.7946527437963
CBC_P039,CBC_P039_AV_prob0.8_Vset1_Aset3_2024-05-17_17h11.25.269.csv,1,31,aud,2C,0.5,1,1.06044840000141,1,1,1,0.943311165164405,0.0566888348355951,CBCsimpleAsymRW,CBCdriftDiffusionLR,0.5,0.517475118969278,0.00291886367050553,NA,0.604790034420908,2.34557750686869,2.58622662163512,0.5,29.4368522871025,NA,v1,MR,NA,CBCsimpleAsymRW_CBCdriftDiffusionLR,77.7946527437963
CBC_P039,CBC_P039_AV_prob0.8_Vset1_Aset3_2024-05-17_17h11.25.269.csv,1,32,aud,0A,0.5,0,0.987817200000791,1,1,0,0.986921179903451,-0.986921179903451,CBCsimpleAsymRW,CBCdriftDiffusionLR,0.5,0.517475118969278,0.00291886367050553,NA,0.604790034420908,2.34557750686869,2.58622662163512,0.5,29.4368522871025,NA,v1,MR,NA,CBCsimpleAsymRW_CBCdriftDiffusionLR,77.7946527437963
CBC_P039,CBC_P039_AV_prob0.8_Vset1_Aset3_2024-05-17_17h11.25.269.csv,1,33,aud,2C,0.5,1,0.917163300000539,1,1,1,0.972646226715184,0.0273537732848158,CBCsimpleAsymRW,CBCdriftDiffusionLR,0.5,0.517475118969278,0.00291886367050553,NA,0.604790034420908,2.34557750686869,2.58622662163512,0.5,29.4368522871025,NA,v1,MR,NA,CBCsimpleAsymRW_CBCdriftDiffusionLR,77.7946527437963
CBC_P039,CBC_P039_AV_prob0.8_Vset1_Aset3_2024-05-17_17h11.25.269.csv,1,34,aud,1A,0.15,1,1.06640350000089,1,0,0,0.498540568164747,-0.498540568164747,CBCsimpleAsymRW,CBCdriftDiffusionLR,0.5,0.517475118969278,0.00291886367050553,NA,0.604790034420908,2.34557750686869,2.58622662163512,0.5,29.4368522871025,NA,v1,MR,NA,CBCsimpleAsymRW_CBCdriftDiffusionLR,77.7946527437963
CBC_P039,CBC_P039_AV_prob0.8_Vset1_Aset3_2024-05-17_17h11.25.269.csv,1,35,aud,0B,0.35,1,1.96978010000021,0,1,1,0.0574176593912672,0.0574176593912672,CBCsimpleAsymRW,CBCdriftDiffusionLR,0.5,0.517475118969278,0.00291886367050553,NA,0.604790034420908,2.34557750686869,2.58622662163512,0.5,29.4368522871025,NA,v1,MR,NA,CBCsimpleAsymRW_CBCdriftDiffusionLR,77.7946527437963
CBC_P039,CBC_P039_AV_prob0.8_Vset1_Aset3_2024-05-17_17h11.25.269.csv,1,36,aud,2C,0.5,0,0.720637800000986,1,1,0,0.986801123800003,-0.986801123800003,CBCsimpleAsymRW,CBCdriftDiffusionLR,0.5,0.517475118969278,0.00291886367050553,NA,0.604790034420908,2.34557750686869,2.58622662163512,0.5,29.4368522871025,NA,v1,MR,NA,CBCsimpleAsymRW_CBCdriftDiffusionLR,77.7946527437963
CBC_P039,CBC_P039_AV_prob0.8_Vset1_Aset3_2024-05-17_17h11.25.269.csv,1,37,aud,1B,0.5,1,1.58641140000145,1,1,1,0.94134151058342,0.0586584894165801,CBCsimpleAsymRW,CBCdriftDiffusionLR,0.5,0.517475118969278,0.00291886367050553,NA,0.604790034420908,2.34557750686869,2.58622662163512,0.5,29.4368522871025,NA,v1,MR,NA,CBCsimpleAsymRW_CBCdriftDiffusionLR,77.7946527437963
CBC_P039,CBC_P039_AV_prob0.8_Vset1_Aset3_2024-05-17_17h11.25.269.csv,1,38,aud,2A,0.35,1,1.13285810000161,0,1,1,0.0271049651752908,0.0271049651752907,CBCsimpleAsymRW,CBCdriftDiffusionLR,0.5,0.517475118969278,0.00291886367050553,NA,0.604790034420908,2.34557750686869,2.58622662163512,0.5,29.4368522871025,NA,v1,MR,NA,CBCsimpleAsymRW_CBCdriftDiffusionLR,77.7946527437963
CBC_P039,CBC_P039_AV_prob0.8_Vset1_Aset3_2024-05-17_17h11.25.269.csv,1,39,aud,1C,0.35,1,1.29452030000175,0,1,1,0.0563371588535771,0.0563371588535772,CBCsimpleAsymRW,CBCdriftDiffusionLR,0.5,0.517475118969278,0.00291886367050553,NA,0.604790034420908,2.34557750686869,2.58622662163512,0.5,29.4368522871025,NA,v1,MR,NA,CBCsimpleAsymRW_CBCdriftDiffusionLR,77.7946527437963
CBC_P039,CBC_P039_AV_prob0.8_Vset1_Aset3_2024-05-17_17h11.25.269.csv,1,40,aud,0A,0.5,1,1.18789600000127,1,1,1,0.984040491525778,0.0159595084742217,CBCsimpleAsymRW,CBCdriftDiffusionLR,0.5,0.517475118969278,0.00291886367050553,NA,0.604790034420908,2.34557750686869,2.58622662163512,0.5,29.4368522871025,NA,v1,MR,NA,CBCsimpleAsymRW_CBCdriftDiffusionLR,77.7946527437963
CBC_P039,CBC_P039_AV_prob0.8_Vset1_Aset3_2024-05-17_17h11.25.269.csv,1,41,aud,1B,0.5,1,NA,NA,NA,NA,0.971695819372823,0,CBCsimpleAsymRW,CBCdriftDiffusionLR,0.5,0.517475118969278,0.00291886367050553,NA,0.604790034420908,2.34557750686869,2.58622662163512,0.5,29.4368522871025,NA,v1,MR,NA,CBCsimpleAsymRW_CBCdriftDiffusionLR,77.7946527437963
CBC_P039,CBC_P039_AV_prob0.8_Vset1_Aset3_2024-05-17_17h11.25.269.csv,1,42,aud,0C,0.15,0,0.921962200001872,0,1,0,0.241262440515361,-0.758737559484639,CBCsimpleAsymRW,CBCdriftDiffusionLR,0.5,0.517475118969278,0.00291886367050553,NA,0.604790034420908,2.34557750686869,2.58622662163512,0.5,29.4368522871025,NA,v1,MR,NA,CBCsimpleAsymRW_CBCdriftDiffusionLR,77.7946527437963
CBC_P039,CBC_P039_TV_prob0.8_Vset3_Tset1_2024-05-17_17h19.31.419.csv,2,1,tac,0B,0.35,1,2.22175829999833,1,0,0,0.5,-0.5,CBCsimpleRW,CBCdriftDiffusionLR,0.5,0.0133235537659422,NA,NA,0.656283494554265,9.25345454019588,2.31206687272581,0.5,65.3036010194165,NA,v1,MR,NA,CBCsimpleRW_CBCdriftDiffusionLR,145.74396057450605
CBC_P039,CBC_P039_TV_prob0.8_Vset3_Tset1_2024-05-17_17h19.31.419.csv,2,2,tac,2C,0.5,0,2.15743359999942,1,1,0,0.5,-0.5,CBCsimpleRW,CBCdriftDiffusionLR,0.5,0.0133235537659422,NA,NA,0.656283494554265,9.25345454019588,2.31206687272581,0.5,65.3036010194165,NA,v1,MR,NA,CBCsimpleRW_CBCdriftDiffusionLR,145.74396057450605
CBC_P039,CBC_P039_TV_prob0.8_Vset3_Tset1_2024-05-17_17h19.31.419.csv,2,3,tac,1B,0.5,1,0.790253599998323,1,1,1,0.5,0.5,CBCsimpleRW,CBCdriftDiffusionLR,0.5,0.0133235537659422,NA,NA,0.656283494554265,9.25345454019588,2.31206687272581,0.5,65.3036010194165,NA,v1,MR,NA,CBCsimpleRW_CBCdriftDiffusionLR,145.74396057450605
CBC_P039,CBC_P039_TV_prob0.8_Vset3_Tset1_2024-05-17_17h19.31.419.csv,2,4,tac,2C,0.5,1,1.33321959999921,0,0,0,0.493338223117029,-0.506661776882971,CBCsimpleRW,CBCdriftDiffusionLR,0.5,0.0133235537659422,NA,NA,0.656283494554265,9.25345454019588,2.31206687272581,0.5,65.3036010194165,NA,v1,MR,NA,CBCsimpleRW_CBCdriftDiffusionLR,145.74396057450605
CBC_P039,CBC_P039_TV_prob0.8_Vset3_Tset1_2024-05-17_17h19.31.419.csv,2,5,tac,1B,0.5,1,1.47801089999848,1,1,1,0.506661776882971,0.493338223117029,CBCsimpleRW,CBCdriftDiffusionLR,0.5,0.0133235537659422,NA,NA,0.656283494554265,9.25345454019588,2.31206687272581,0.5,65.3036010194165,NA,v1,MR,NA,CBCsimpleRW_CBCdriftDiffusionLR,145.74396057450605
CBC_P039,CBC_P039_TV_prob0.8_Vset3_Tset1_2024-05-17_17h19.31.419.csv,2,6,tac,2A,0.35,1,2.23898059999919,1,0,0,0.5,-0.5,CBCsimpleRW,CBCdriftDiffusionLR,0.5,0.0133235537659422,NA,NA,0.656283494554265,9.25345454019588,2.31206687272581,0.5,65.3036010194165,NA,v1,MR,NA,CBCsimpleRW_CBCdriftDiffusionLR,145.74396057450605
CBC_P039,CBC_P039_TV_prob0.8_Vset3_Tset1_2024-05-17_17h19.31.419.csv,2,7,tac,0B,0.35,1,1.15274429999954,0,1,1,0.493338223117029,0.493338223117029,CBCsimpleRW,CBCdriftDiffusionLR,0.5,0.0133235537659422,NA,NA,0.656283494554265,9.25345454019588,2.31206687272581,0.5,65.3036010194165,NA,v1,MR,NA,CBCsimpleRW_CBCdriftDiffusionLR,145.74396057450605
CBC_P039,CBC_P039_TV_prob0.8_Vset3_Tset1_2024-05-17_17h19.31.419.csv,2,8,tac,1C,0.35,1,1.21108019999883,0,1,1,0.5,0.5,CBCsimpleRW,CBCdriftDiffusionLR,0.5,0.0133235537659422,NA,NA,0.656283494554265,9.25345454019588,2.31206687272581,0.5,65.3036010194165,NA,v1,MR,NA,CBCsimpleRW_CBCdriftDiffusionLR,145.74396057450605
CBC_P039,CBC_P039_TV_prob0.8_Vset3_Tset1_2024-05-17_17h19.31.419.csv,2,9,tac,0A,0.5,1,2.27577269999892,1,1,1,0.5,0.5,CBCsimpleRW,CBCdriftDiffusionLR,0.5,0.0133235537659422,NA,NA,0.656283494554265,9.25345454019588,2.31206687272581,0.5,65.3036010194165,NA,v1,MR,NA,CBCsimpleRW_CBCdriftDiffusionLR,145.74396057450605
CBC_P039,CBC_P039_TV_prob0.8_Vset3_Tset1_2024-05-17_17h19.31.419.csv,2,10,tac,2C,0.5,0,2.1773716000007,1,1,0,0.500088758542477,-0.500088758542477,CBCsimpleRW,CBCdriftDiffusionLR,0.5,0.0133235537659422,NA,NA,0.656283494554265,9.25345454019588,2.31206687272581,0.5,65.3036010194165,NA,v1,MR,NA,CBCsimpleRW_CBCdriftDiffusionLR,145.74396057450605
CBC_P039,CBC_P039_TV_prob0.8_Vset3_Tset1_2024-05-17_17h19.31.419.csv,2,11,tac,0A,0.5,1,2.14512139999897,1,1,1,0.506661776882971,0.493338223117029,CBCsimpleRW,CBCdriftDiffusionLR,0.5,0.0133235537659422,NA,NA,0.656283494554265,9.25345454019588,2.31206687272581,0.5,65.3036010194165,NA,v1,MR,NA,CBCsimpleRW_CBCdriftDiffusionLR,145.74396057450605
CBC_P039,CBC_P039_TV_prob0.8_Vset3_Tset1_2024-05-17_17h19.31.419.csv,2,12,tac,1C,0.35,1,2.22731799999929,0,1,1,0.493338223117029,0.493338223117029,CBCsimpleRW,CBCdriftDiffusionLR,0.5,0.0133235537659422,NA,NA,0.656283494554265,9.25345454019588,2.31206687272581,0.5,65.3036010194165,NA,v1,MR,NA,CBCsimpleRW_CBCdriftDiffusionLR,145.74396057450605
CBC_P039,CBC_P039_TV_prob0.8_Vset3_Tset1_2024-05-17_17h19.31.419.csv,2,13,tac,2B,0.15,1,2.2782301999996,0,1,1,0.5,0.5,CBCsimpleRW,CBCdriftDiffusionLR,0.5,0.0133235537659422,NA,NA,0.656283494554265,9.25345454019588,2.31206687272581,0.5,65.3036010194165,NA,v1,MR,NA,CBCsimpleRW_CBCdriftDiffusionLR,145.74396057450605
CBC_P039,CBC_P039_TV_prob0.8_Vset3_Tset1_2024-05-17_17h19.31.419.csv,2,14,tac,1A,0.15,1,2.23158409999814,0,1,1,0.5,0.5,CBCsimpleRW,CBCdriftDiffusionLR,0.5,0.0133235537659422,NA,NA,0.656283494554265,9.25345454019588,2.31206687272581,0.5,65.3036010194165,NA,v1,MR,NA,CBCsimpleRW_CBCdriftDiffusionLR,145.74396057450605
CBC_P039,CBC_P039_TV_prob0.8_Vset3_Tset1_2024-05-17_17h19.31.419.csv,2,15,tac,2C,0.5,1,2.80279509999855,0,0,0,0.493425799080293,-0.506574200919707,CBCsimpleRW,CBCdriftDiffusionLR,0.5,0.0133235537659422,NA,NA,0.656283494554265,9.25345454019588,2.31206687272581,0.5,65.3036010194165,NA,v1,MR,NA,CBCsimpleRW_CBCdriftDiffusionLR,145.74396057450605
CBC_P039,CBC_P039_TV_prob0.8_Vset3_Tset1_2024-05-17_17h19.31.419.csv,2,16,tac,0A,0.5,1,1.88884110000072,1,1,1,0.513234795223465,0.486765204776535,CBCsimpleRW,CBCdriftDiffusionLR,0.5,0.0133235537659422,NA,NA,0.656283494554265,9.25345454019588,2.31206687272581,0.5,65.3036010194165,NA,v1,MR,NA,CBCsimpleRW_CBCdriftDiffusionLR,145.74396057450605
CBC_P039,CBC_P039_TV_prob0.8_Vset3_Tset1_2024-05-17_17h19.31.419.csv,2,17,tac,1C,0.35,0,2.31693359999917,0,1,0,0.486765204776535,-0.513234795223465,CBCsimpleRW,CBCdriftDiffusionLR,0.5,0.0133235537659422,NA,NA,0.656283494554265,9.25345454019588,2.31206687272581,0.5,65.3036010194165,NA,v1,MR,NA,CBCsimpleRW_CBCdriftDiffusionLR,145.74396057450605
CBC_P039,CBC_P039_TV_prob0.8_Vset3_Tset1_2024-05-17_17h19.31.419.csv,2,18,tac,2B,0.15,0,2.56825140000001,0,1,0,0.493338223117029,-0.506661776882971,CBCsimpleRW,CBCdriftDiffusionLR,0.5,0.0133235537659422,NA,NA,0.656283494554265,9.25345454019588,2.31206687272581,0.5,65.3036010194165,NA,v1,MR,NA,CBCsimpleRW_CBCdriftDiffusionLR,145.74396057450605
CBC_P039,CBC_P039_TV_prob0.8_Vset3_Tset1_2024-05-17_17h19.31.419.csv,2,19,tac,1C,0.35,1,1.39191930000015,1,0,0,0.493603316165247,-0.493603316165247,CBCsimpleRW,CBCdriftDiffusionLR,0.5,0.0133235537659422,NA,NA,0.656283494554265,9.25345454019588,2.31206687272581,0.5,65.3036010194165,NA,v1,MR,NA,CBCsimpleRW_CBCdriftDiffusionLR,145.74396057450605
CBC_P039,CBC_P039_TV_prob0.8_Vset3_Tset1_2024-05-17_17h19.31.419.csv,2,20,tac,0A,0.5,1,1.62731359999998,1,1,1,0.519720237600695,0.480279762399305,CBCsimpleRW,CBCdriftDiffusionLR,0.5,0.0133235537659422,NA,NA,0.656283494554265,9.25345454019588,2.31206687272581,0.5,65.3036010194165,NA,v1,MR,NA,CBCsimpleRW_CBCdriftDiffusionLR,145.74396057450605
CBC_P039,CBC_P039_TV_prob0.8_Vset3_Tset1_2024-05-17_17h19.31.419.csv,2,21,tac,2C,0.5,1,NA,NA,NA,NA,0.500175167682686,0,CBCsimpleRW,CBCdriftDiffusionLR,0.5,0.0133235537659422,NA,NA,0.656283494554265,9.25345454019588,2.31206687272581,0.5,65.3036010194165,NA,v1,MR,NA,CBCsimpleRW_CBCdriftDiffusionLR,145.74396057450605
CBC_P039,CBC_P039_TV_prob0.8_Vset3_Tset1_2024-05-17_17h19.31.419.csv,2,22,tac,1B,0.5,1,1.24191299999802,0,0,0,0.513234795223465,-0.486765204776535,CBCsimpleRW,CBCdriftDiffusionLR,0.5,0.0133235537659422,NA,NA,0.656283494554265,9.25345454019588,2.31206687272581,0.5,65.3036010194165,NA,v1,MR,NA,CBCsimpleRW_CBCdriftDiffusionLR,145.74396057450605
CBC_P039,CBC_P039_TV_prob0.8_Vset3_Tset1_2024-05-17_17h19.31.419.csv,2,23,tac,0C,0.15,0,2.69821039999988,0,1,0,0.5,-0.5,CBCsimpleRW,CBCdriftDiffusionLR,0.5,0.0133235537659422,NA,NA,0.656283494554265,9.25345454019588,2.31206687272581,0.5,65.3036010194165,NA,v1,MR,NA,CBCsimpleRW_CBCdriftDiffusionLR,145.74396057450605
CBC_P039,CBC_P039_TV_prob0.8_Vset3_Tset1_2024-05-17_17h19.31.419.csv,2,24,tac,1B,0.5,0,2.00865339999837,0,0,1,0.519720237600695,0.519720237600695,CBCsimpleRW,CBCdriftDiffusionLR,0.5,0.0133235537659422,NA,NA,0.656283494554265,9.25345454019588,2.31206687272581,0.5,65.3036010194165,NA,v1,MR,NA,CBCsimpleRW_CBCdriftDiffusionLR,145.74396057450605
CBC_P039,CBC_P039_TV_prob0.8_Vset3_Tset1_2024-05-17_17h19.31.419.csv,2,25,tac,2A,0.35,1,1.67954259999897,1,0,0,0.493338223117029,-0.493338223117029,CBCsimpleRW,CBCdriftDiffusionLR,0.5,0.0133235537659422,NA,NA,0.656283494554265,9.25345454019588,2.31206687272581,0.5,65.3036010194165,NA,v1,MR,NA,CBCsimpleRW_CBCdriftDiffusionLR,145.74396057450605
CBC_P039,CBC_P039_TV_prob0.8_Vset3_Tset1_2024-05-17_17h19.31.419.csv,2,26,tac,0B,0.35,1,1.89558700000089,1,0,0,0.486765204776535,-0.486765204776535,CBCsimpleRW,CBCdriftDiffusionLR,0.5,0.0133235537659422,NA,NA,0.656283494554265,9.25345454019588,2.31206687272581,0.5,65.3036010194165,NA,v1,MR,NA,CBCsimpleRW_CBCdriftDiffusionLR,145.74396057450605
CBC_P039,CBC_P039_TV_prob0.8_Vset3_Tset1_2024-05-17_17h19.31.419.csv,2,27,tac,2A,0.35,1,1.75028919999932,0,1,1,0.486765204776535,0.486765204776535,CBCsimpleRW,CBCdriftDiffusionLR,0.5,0.0133235537659422,NA,NA,0.656283494554265,9.25345454019588,2.31206687272581,0.5,65.3036010194165,NA,v1,MR,NA,CBCsimpleRW_CBCdriftDiffusionLR,145.74396057450605
CBC_P039,CBC_P039_TV_prob0.8_Vset3_Tset1_2024-05-17_17h19.31.419.csv,2,28,tac,1B,0.5,1,1.55264819999866,1,1,1,0.512795717071774,0.487204282928226,CBCsimpleRW,CBCdriftDiffusionLR,0.5,0.0133235537659422,NA,NA,0.656283494554265,9.25345454019588,2.31206687272581,0.5,65.3036010194165,NA,v1,MR,NA,CBCsimpleRW_CBCdriftDiffusionLR,145.74396057450605
CBC_P039,CBC_P039_TV_prob0.8_Vset3_Tset1_2024-05-17_17h19.31.419.csv,2,29,tac,0A,0.5,1,1.56560529999842,1,1,1,0.526119270837716,0.473880729162284,CBCsimpleRW,CBCdriftDiffusionLR,0.5,0.0133235537659422,NA,NA,0.656283494554265,9.25345454019588,2.31206687272581,0.5,65.3036010194165,NA,v1,MR,NA,CBCsimpleRW_CBCdriftDiffusionLR,145.74396057450605
CBC_P039,CBC_P039_TV_prob0.8_Vset3_Tset1_2024-05-17_17h19.31.419.csv,2,30,tac,1B,0.5,1,1.77441669999826,1,1,1,0.519287009530366,0.480712990469634,CBCsimpleRW,CBCdriftDiffusionLR,0.5,0.0133235537659422,NA,NA,0.656283494554265,9.25345454019588,2.31206687272581,0.5,65.3036010194165,NA,v1,MR,NA,CBCsimpleRW_CBCdriftDiffusionLR,145.74396057450605
CBC_P039,CBC_P039_TV_prob0.8_Vset3_Tset1_2024-05-17_17h19.31.419.csv,2,31,tac,2A,0.35,1,2.2234015999984,1,0,0,0.480279762399305,-0.480279762399305,CBCsimpleRW,CBCdriftDiffusionLR,0.5,0.0133235537659422,NA,NA,0.656283494554265,9.25345454019588,2.31206687272581,0.5,65.3036010194165,NA,v1,MR,NA,CBCsimpleRW_CBCdriftDiffusionLR,145.74396057450605
CBC_P039,CBC_P039_TV_prob0.8_Vset3_Tset1_2024-05-17_17h19.31.419.csv,2,32,tac,0C,0.15,1,NA,NA,NA,NA,0.506661776882971,0,CBCsimpleRW,CBCdriftDiffusionLR,0.5,0.0133235537659422,NA,NA,0.656283494554265,9.25345454019588,2.31206687272581,0.5,65.3036010194165,NA,v1,MR,NA,CBCsimpleRW_CBCdriftDiffusionLR,145.74396057450605
CBC_P039,CBC_P039_TV_prob0.8_Vset3_Tset1_2024-05-17_17h19.31.419.csv,2,33,tac,1B,0.5,1,1.26488749999953,1,1,1,0.525691814904875,0.474308185095125,CBCsimpleRW,CBCdriftDiffusionLR,0.5,0.0133235537659422,NA,NA,0.656283494554265,9.25345454019588,2.31206687272581,0.5,65.3036010194165,NA,v1,MR,NA,CBCsimpleRW_CBCdriftDiffusionLR,145.74396057450605
CBC_P039,CBC_P039_TV_prob0.8_Vset3_Tset1_2024-05-17_17h19.31.419.csv,2,34,tac,0A,0.5,0,1.89938539999821,1,1,0,0.532433046211354,-0.532433046211354,CBCsimpleRW,CBCdriftDiffusionLR,0.5,0.0133235537659422,NA,NA,0.656283494554265,9.25345454019588,2.31206687272581,0.5,65.3036010194165,NA,v1,MR,NA,CBCsimpleRW_CBCdriftDiffusionLR,145.74396057450605
CBC_P039,CBC_P039_TV_prob0.8_Vset3_Tset1_2024-05-17_17h19.31.419.csv,2,35,tac,1C,0.35,0,2.88155410000036,0,1,0,0.487026765843272,-0.512973234156728,CBCsimpleRW,CBCdriftDiffusionLR,0.5,0.0133235537659422,NA,NA,0.656283494554265,9.25345454019588,2.31206687272581,0.5,65.3036010194165,NA,v1,MR,NA,CBCsimpleRW_CBCdriftDiffusionLR,145.74396057450605
CBC_P039,CBC_P039_TV_prob0.8_Vset3_Tset1_2024-05-17_17h19.31.419.csv,2,36,tac,0B,0.35,1,1.90613219999796,1,0,0,0.480279762399305,-0.480279762399305,CBCsimpleRW,CBCdriftDiffusionLR,0.5,0.0133235537659422,NA,NA,0.656283494554265,9.25345454019588,2.31206687272581,0.5,65.3036010194165,NA,v1,MR,NA,CBCsimpleRW_CBCdriftDiffusionLR,145.74396057450605
CBC_P039,CBC_P039_TV_prob0.8_Vset3_Tset1_2024-05-17_17h19.31.419.csv,2,37,tac,1A,0.15,1,0.983846499999345,1,0,0,0.493338223117029,-0.493338223117029,CBCsimpleRW,CBCdriftDiffusionLR,0.5,0.0133235537659422,NA,NA,0.656283494554265,9.25345454019588,2.31206687272581,0.5,65.3036010194165,NA,v1,MR,NA,CBCsimpleRW_CBCdriftDiffusionLR,145.74396057450605
CBC_P039,CBC_P039_TV_prob0.8_Vset3_Tset1_2024-05-17_17h19.31.419.csv,2,38,tac,2C,0.5,1,1.5188175000003,1,1,1,0.500175167682686,0.499824832317314,CBCsimpleRW,CBCdriftDiffusionLR,0.5,0.0133235537659422,NA,NA,0.656283494554265,9.25345454019588,2.31206687272581,0.5,65.3036010194165,NA,v1,MR,NA,CBCsimpleRW_CBCdriftDiffusionLR,145.74396057450605
CBC_P039,CBC_P039_TV_prob0.8_Vset3_Tset1_2024-05-17_17h19.31.419.csv,2,39,tac,0A,0.5,1,1.93005789999916,1,1,1,0.525339145893392,0.474660854106608,CBCsimpleRW,CBCdriftDiffusionLR,0.5,0.0133235537659422,NA,NA,0.656283494554265,9.25345454019588,2.31206687272581,0.5,65.3036010194165,NA,v1,MR,NA,CBCsimpleRW_CBCdriftDiffusionLR,145.74396057450605
CBC_P039,CBC_P039_TV_prob0.8_Vset3_Tset1_2024-05-17_17h19.31.419.csv,2,40,tac,2C,0.5,1,1.7158586000005,1,1,1,0.506834610709619,0.493165389290381,CBCsimpleRW,CBCdriftDiffusionLR,0.5,0.0133235537659422,NA,NA,0.656283494554265,9.25345454019588,2.31206687272581,0.5,65.3036010194165,NA,v1,MR,NA,CBCsimpleRW_CBCdriftDiffusionLR,145.74396057450605
CBC_P039,CBC_P039_TV_prob0.8_Vset3_Tset1_2024-05-17_17h19.31.419.csv,2,41,tac,0B,0.35,0,1.62428399999953,1,0,1,0.473880729162284,0.526119270837716,CBCsimpleRW,CBCdriftDiffusionLR,0.5,0.0133235537659422,NA,NA,0.656283494554265,9.25345454019588,2.31206687272581,0.5,65.3036010194165,NA,v1,MR,NA,CBCsimpleRW_CBCdriftDiffusionLR,145.74396057450605
CBC_P039,CBC_P039_TV_prob0.8_Vset3_Tset1_2024-05-17_17h19.31.419.csv,2,42,tac,1C,0.35,1,0.102867399999013,1,0,0,0.493861392309048,-0.493861392309048,CBCsimpleRW,CBCdriftDiffusionLR,0.5,0.0133235537659422,NA,NA,0.656283494554265,9.25345454019588,2.31206687272581,0.5,65.3036010194165,NA,v1,MR,NA,CBCsimpleRW_CBCdriftDiffusionLR,145.74396057450605
CBC_P040,CBC_P040_AV_prob0.8_Vset2_Aset1_2024-05-17_18h30.00.274.csv,1,1,aud,0B,0.35,1,1.18667780000033,1,0,0,0.5,-0.5,CBCsimpleRW,CBCdriftDiffusionLR,0.5,0.214566304419859,NA,NA,0.601664081539125,3.03837424735284,1.54875923172161,0.5,28.458131954758,NA,v1,MR,NA,CBCsimpleRW_CBCdriftDiffusionLR,72.05302244518904
CBC_P040,CBC_P040_AV_prob0.8_Vset2_Aset1_2024-05-17_18h30.00.274.csv,1,2,aud,2C,0.5,1,1.12475540000014,1,1,1,0.5,0.5,CBCsimpleRW,CBCdriftDiffusionLR,0.5,0.214566304419859,NA,NA,0.601664081539125,3.03837424735284,1.54875923172161,0.5,28.458131954758,NA,v1,MR,NA,CBCsimpleRW_CBCdriftDiffusionLR,72.05302244518904
CBC_P040,CBC_P040_AV_prob0.8_Vset2_Aset1_2024-05-17_18h30.00.274.csv,1,3,aud,1B,0.5,1,1.07060109999657,1,1,1,0.5,0.5,CBCsimpleRW,CBCdriftDiffusionLR,0.5,0.214566304419859,NA,NA,0.601664081539125,3.03837424735284,1.54875923172161,0.5,28.458131954758,NA,v1,MR,NA,CBCsimpleRW_CBCdriftDiffusionLR,72.05302244518904
CBC_P040,CBC_P040_AV_prob0.8_Vset2_Aset1_2024-05-17_18h30.00.274.csv,1,4,aud,2C,0.5,1,2.0117261000014,1,1,1,0.607283152209929,0.392716847790071,CBCsimpleRW,CBCdriftDiffusionLR,0.5,0.214566304419859,NA,NA,0.601664081539125,3.03837424735284,1.54875923172161,0.5,28.458131954758,NA,v1,MR,NA,CBCsimpleRW_CBCdriftDiffusionLR,72.05302244518904
CBC_P040,CBC_P040_AV_prob0.8_Vset2_Aset1_2024-05-17_18h30.00.274.csv,1,5,aud,1B,0.5,1,2.22104509999917,0,0,0,0.607283152209929,-0.392716847790071,CBCsimpleRW,CBCdriftDiffusionLR,0.5,0.214566304419859,NA,NA,0.601664081539125,3.03837424735284,1.54875923172161,0.5,28.458131954758,NA,v1,MR,NA,CBCsimpleRW_CBCdriftDiffusionLR,72.05302244518904
CBC_P040,CBC_P040_AV_prob0.8_Vset2_Aset1_2024-05-17_18h30.00.274.csv,1,6,aud,2A,0.35,1,0.936252400002559,0,1,1,0.5,0.5,CBCsimpleRW,CBCdriftDiffusionLR,0.5,0.214566304419859,NA,NA,0.601664081539125,3.03837424735284,1.54875923172161,0.5,28.458131954758,NA,v1,MR,NA,CBCsimpleRW_CBCdriftDiffusionLR,72.05302244518904
CBC_P040,CBC_P040_AV_prob0.8_Vset2_Aset1_2024-05-17_18h30.00.274.csv,1,7,aud,0B,0.35,1,0.976614299997891,1,0,0,0.392716847790071,-0.392716847790071,CBCsimpleRW,CBCdriftDiffusionLR,0.5,0.214566304419859,NA,NA,0.601664081539125,3.03837424735284,1.54875923172161,0.5,28.458131954758,NA,v1,MR,NA,CBCsimpleRW_CBCdriftDiffusionLR,72.05302244518904
CBC_P040,CBC_P040_AV_prob0.8_Vset2_Aset1_2024-05-17_18h30.00.274.csv,1,8,aud,1C,0.35,1,1.16261959999974,1,0,0,0.5,-0.5,CBCsimpleRW,CBCdriftDiffusionLR,0.5,0.214566304419859,NA,NA,0.601664081539125,3.03837424735284,1.54875923172161,0.5,28.458131954758,NA,v1,MR,NA,CBCsimpleRW_CBCdriftDiffusionLR,72.05302244518904
CBC_P040,CBC_P040_AV_prob0.8_Vset2_Aset1_2024-05-17_18h30.00.274.csv,1,9,aud,0A,0.5,0,0.905145600001561,1,1,0,0.5,-0.5,CBCsimpleRW,CBCdriftDiffusionLR,0.5,0.214566304419859,NA,NA,0.601664081539125,3.03837424735284,1.54875923172161,0.5,28.458131954758,NA,v1,MR,NA,CBCsimpleRW_CBCdriftDiffusionLR,72.05302244518904
CBC_P040,CBC_P040_AV_prob0.8_Vset2_Aset1_2024-05-17_18h30.00.274.csv,1,10,aud,2C,0.5,0,1.07736279999881,1,1,0,0.691546954923661,-0.691546954923661,CBCsimpleRW,CBCdriftDiffusionLR,0.5,0.214566304419859,NA,NA,0.601664081539125,3.03837424735284,1.54875923172161,0.5,28.458131954758,NA,v1,MR,NA,CBCsimpleRW_CBCdriftDiffusionLR,72.05302244518904
CBC_P040,CBC_P040_AV_prob0.8_Vset2_Aset1_2024-05-17_18h30.00.274.csv,1,11,aud,0A,0.5,1,1.01334259999931,1,1,1,0.392716847790071,0.607283152209929,CBCsimpleRW,CBCdriftDiffusionLR,0.5,0.214566304419859,NA,NA,0.601664081539125,3.03837424735284,1.54875923172161,0.5,28.458131954758,NA,v1,MR,NA,CBCsimpleRW_CBCdriftDiffusionLR,72.05302244518904
CBC_P040,CBC_P040_AV_prob0.8_Vset2_Aset1_2024-05-17_18h30.00.274.csv,1,12,aud,1C,0.35,0,1.08398939999825,1,0,1,0.392716847790071,0.607283152209929,CBCsimpleRW,CBCdriftDiffusionLR,0.5,0.214566304419859,NA,NA,0.601664081539125,3.03837424735284,1.54875923172161,0.5,28.458131954758,NA,v1,MR,NA,CBCsimpleRW_CBCdriftDiffusionLR,72.05302244518904
CBC_P040,CBC_P040_AV_prob0.8_Vset2_Aset1_2024-05-17_18h30.00.274.csv,1,13,aud,2B,0.15,0,1.52270159999898,1,0,1,0.5,0.5,CBCsimpleRW,CBCdriftDiffusionLR,0.5,0.214566304419859,NA,NA,0.601664081539125,3.03837424735284,1.54875923172161,0.5,28.458131954758,NA,v1,MR,NA,CBCsimpleRW_CBCdriftDiffusionLR,72.05302244518904
CBC_P040,CBC_P040_AV_prob0.8_Vset2_Aset1_2024-05-17_18h30.00.274.csv,1,14,aud,1A,0.15,1,0.715204600001016,0,1,1,0.5,0.5,CBCsimpleRW,CBCdriftDiffusionLR,0.5,0.214566304419859,NA,NA,0.601664081539125,3.03837424735284,1.54875923172161,0.5,28.458131954758,NA,v1,MR,NA,CBCsimpleRW_CBCdriftDiffusionLR,72.05302244518904
CBC_P040,CBC_P040_AV_prob0.8_Vset2_Aset1_2024-05-17_18h30.00.274.csv,1,15,aud,2C,0.5,1,2.58474180000121,1,1,1,0.543164280472884,0.456835719527116,CBCsimpleRW,CBCdriftDiffusionLR,0.5,0.214566304419859,NA,NA,0.601664081539125,3.03837424735284,1.54875923172161,0.5,28.458131954758,NA,v1,MR,NA,CBCsimpleRW_CBCdriftDiffusionLR,72.05302244518904
CBC_P040,CBC_P040_AV_prob0.8_Vset2_Aset1_2024-05-17_18h30.00.274.csv,1,16,aud,0A,0.5,1,0.765630399997463,1,1,1,0.523019349496198,0.476980650503802,CBCsimpleRW,CBCdriftDiffusionLR,0.5,0.214566304419859,NA,NA,0.601664081539125,3.03837424735284,1.54875923172161,0.5,28.458131954758,NA,v1,MR,NA,CBCsimpleRW_CBCdriftDiffusionLR,72.05302244518904
CBC_P040,CBC_P040_AV_prob0.8_Vset2_Aset1_2024-05-17_18h30.00.274.csv,1,17,aud,1C,0.35,1,0.815738500001316,0,1,1,0.523019349496198,0.523019349496198,CBCsimpleRW,CBCdriftDiffusionLR,0.5,0.214566304419859,NA,NA,0.601664081539125,3.03837424735284,1.54875923172161,0.5,28.458131954758,NA,v1,MR,NA,CBCsimpleRW_CBCdriftDiffusionLR,72.05302244518904
CBC_P040,CBC_P040_AV_prob0.8_Vset2_Aset1_2024-05-17_18h30.00.274.csv,1,18,aud,2B,0.15,1,1.51757889999863,1,0,0,0.607283152209929,-0.607283152209929,CBCsimpleRW,CBCdriftDiffusionLR,0.5,0.214566304419859,NA,NA,0.601664081539125,3.03837424735284,1.54875923172161,0.5,28.458131954758,NA,v1,MR,NA,CBCsimpleRW_CBCdriftDiffusionLR,72.05302244518904
CBC_P040,CBC_P040_AV_prob0.8_Vset2_Aset1_2024-05-17_18h30.00.274.csv,1,19,aud,1C,0.35,1,NA,NA,NA,NA,0.41079702053472,0,CBCsimpleRW,CBCdriftDiffusionLR,0.5,0.214566304419859,NA,NA,0.601664081539125,3.03837424735284,1.54875923172161,0.5,28.458131954758,NA,v1,MR,NA,CBCsimpleRW_CBCdriftDiffusionLR,72.05302244518904
CBC_P040,CBC_P040_AV_prob0.8_Vset2_Aset1_2024-05-17_18h30.00.274.csv,1,20,aud,0A,0.5,1,0.7319822999998,1,1,1,0.625363324954579,0.374636675045421,CBCsimpleRW,CBCdriftDiffusionLR,0.5,0.214566304419859,NA,NA,0.601664081539125,3.03837424735284,1.54875923172161,0.5,28.458131954758,NA,v1,MR,NA,CBCsimpleRW_CBCdriftDiffusionLR,72.05302244518904
CBC_P040,CBC_P040_AV_prob0.8_Vset2_Aset1_2024-05-17_18h30.00.274.csv,1,21,aud,2C,0.5,1,1.25082979999934,1,1,1,0.641185832538805,0.358814167461195,CBCsimpleRW,CBCdriftDiffusionLR,0.5,0.214566304419859,NA,NA,0.601664081539125,3.03837424735284,1.54875923172161,0.5,28.458131954758,NA,v1,MR,NA,CBCsimpleRW_CBCdriftDiffusionLR,72.05302244518904
CBC_P040,CBC_P040_AV_prob0.8_Vset2_Aset1_2024-05-17_18h30.00.274.csv,1,22,aud,1B,0.5,0,0.658518399999593,1,1,0,0.691546954923661,-0.691546954923661,CBCsimpleRW,CBCdriftDiffusionLR,0.5,0.214566304419859,NA,NA,0.601664081539125,3.03837424735284,1.54875923172161,0.5,28.458131954758,NA,v1,MR,NA,CBCsimpleRW_CBCdriftDiffusionLR,72.05302244518904
CBC_P040,CBC_P040_AV_prob0.8_Vset2_Aset1_2024-05-17_18h30.00.274.csv,1,23,aud,0C,0.15,1,1.05984429999808,0,1,1,0.5,0.5,CBCsimpleRW,CBCdriftDiffusionLR,0.5,0.214566304419859,NA,NA,0.601664081539125,3.03837424735284,1.54875923172161,0.5,28.458131954758,NA,v1,MR,NA,CBCsimpleRW_CBCdriftDiffusionLR,72.05302244518904
CBC_P040,CBC_P040_AV_prob0.8_Vset2_Aset1_2024-05-17_18h30.00.274.csv,1,24,aud,1B,0.5,1,0.789062399999239,1,1,1,0.543164280472884,0.456835719527116,CBCsimpleRW,CBCdriftDiffusionLR,0.5,0.214566304419859,NA,NA,0.601664081539125,3.03837424735284,1.54875923172161,0.5,28.458131954758,NA,v1,MR,NA,CBCsimpleRW_CBCdriftDiffusionLR,72.05302244518904
CBC_P040,CBC_P040_AV_prob0.8_Vset2_Aset1_2024-05-17_18h30.00.274.csv,1,25,aud,2A,0.35,1,1.77305920000072,0,1,1,0.392716847790071,0.392716847790071,CBCsimpleRW,CBCdriftDiffusionLR,0.5,0.214566304419859,NA,NA,0.601664081539125,3.03837424735284,1.54875923172161,0.5,28.458131954758,NA,v1,MR,NA,CBCsimpleRW_CBCdriftDiffusionLR,72.05302244518904
CBC_P040,CBC_P040_AV_prob0.8_Vset2_Aset1_2024-05-17_18h30.00.274.csv,1,26,aud,0B,0.35,1,0.924696999998559,0,1,1,0.308453045076339,0.308453045076339,CBCsimpleRW,CBCdriftDiffusionLR,0.5,0.214566304419859,NA,NA,0.601664081539125,3.03837424735284,1.54875923172161,0.5,28.458131954758,NA,v1,MR,NA,CBCsimpleRW_CBCdriftDiffusionLR,72.05302244518904
CBC_P040,CBC_P040_AV_prob0.8_Vset2_Aset1_2024-05-17_18h30.00.274.csv,1,27,aud,2A,0.35,0,1.18477999999595,0,1,0,0.308453045076339,-0.691546954923661,CBCsimpleRW,CBCdriftDiffusionLR,0.5,0.214566304419859,NA,NA,0.601664081539125,3.03837424735284,1.54875923172161,0.5,28.458131954758,NA,v1,MR,NA,CBCsimpleRW_CBCdriftDiffusionLR,72.05302244518904
CBC_P040,CBC_P040_AV_prob0.8_Vset2_Aset1_2024-05-17_18h30.00.274.csv,1,28,aud,1B,0.5,1,0.768613899996126,1,1,1,0.641185832538805,0.358814167461195,CBCsimpleRW,CBCdriftDiffusionLR,0.5,0.214566304419859,NA,NA,0.601664081539125,3.03837424735284,1.54875923172161,0.5,28.458131954758,NA,v1,MR,NA,CBCsimpleRW_CBCdriftDiffusionLR,72.05302244518904
CBC_P040,CBC_P040_AV_prob0.8_Vset2_Aset1_2024-05-17_18h30.00.274.csv,1,29,aud,0A,0.5,1,1.0118470999987,1,1,1,0.705747731819218,0.294252268180782,CBCsimpleRW,CBCdriftDiffusionLR,0.5,0.214566304419859,NA,NA,0.601664081539125,3.03837424735284,1.54875923172161,0.5,28.458131954758,NA,v1,MR,NA,CBCsimpleRW_CBCdriftDiffusionLR,72.05302244518904
CBC_P040,CBC_P040_AV_prob0.8_Vset2_Aset1_2024-05-17_18h30.00.274.csv,1,30,aud,1B,0.5,1,0.872215399998822,1,1,1,0.718175262424442,0.281824737575558,CBCsimpleRW,CBCdriftDiffusionLR,0.5,0.214566304419859,NA,NA,0.601664081539125,3.03837424735284,1.54875923172161,0.5,28.458131954758,NA,v1,MR,NA,CBCsimpleRW_CBCdriftDiffusionLR,72.05302244518904
CBC_P040,CBC_P040_AV_prob0.8_Vset2_Aset1_2024-05-17_18h30.00.274.csv,1,31,aud,2A,0.35,1,1.14986439999848,0,1,1,0.456835719527116,0.456835719527116,CBCsimpleRW,CBCdriftDiffusionLR,0.5,0.214566304419859,NA,NA,0.601664081539125,3.03837424735284,1.54875923172161,0.5,28.458131954758,NA,v1,MR,NA,CBCsimpleRW_CBCdriftDiffusionLR,72.05302244518904
CBC_P040,CBC_P040_AV_prob0.8_Vset2_Aset1_2024-05-17_18h30.00.274.csv,1,32,aud,0C,0.15,0,0.995771399997466,0,1,0,0.392716847790071,-0.607283152209929,CBCsimpleRW,CBCdriftDiffusionLR,0.5,0.214566304419859,NA,NA,0.601664081539125,3.03837424735284,1.54875923172161,0.5,28.458131954758,NA,v1,MR,NA,CBCsimpleRW_CBCdriftDiffusionLR,72.05302244518904
CBC_P040,CBC_P040_AV_prob0.8_Vset2_Aset1_2024-05-17_18h30.00.274.csv,1,33,aud,1B,0.5,1,0.809794599997986,1,1,1,0.778645354860126,0.221354645139874,CBCsimpleRW,CBCdriftDiffusionLR,0.5,0.214566304419859,NA,NA,0.601664081539125,3.03837424735284,1.54875923172161,0.5,28.458131954758,NA,v1,MR,NA,CBCsimpleRW_CBCdriftDiffusionLR,72.05302244518904
CBC_P040,CBC_P040_AV_prob0.8_Vset2_Aset1_2024-05-17_18h30.00.274.csv,1,34,aud,0A,0.5,1,0.700874500002101,1,1,1,0.76888435356993,0.23111564643007,CBCsimpleRW,CBCdriftDiffusionLR,0.5,0.214566304419859,NA,NA,0.601664081539125,3.03837424735284,1.54875923172161,0.5,28.458131954758,NA,v1,MR,NA,CBCsimpleRW_CBCdriftDiffusionLR,72.05302244518904
CBC_P040,CBC_P040_AV_prob0.8_Vset2_Aset1_2024-05-17_18h30.00.274.csv,1,35,aud,1C,0.35,1,1.19241189999957,0,1,1,0.41079702053472,0.41079702053472,CBCsimpleRW,CBCdriftDiffusionLR,0.5,0.214566304419859,NA,NA,0.601664081539125,3.03837424735284,1.54875923172161,0.5,28.458131954758,NA,v1,MR,NA,CBCsimpleRW_CBCdriftDiffusionLR,72.05302244518904
CBC_P040,CBC_P040_AV_prob0.8_Vset2_Aset1_2024-05-17_18h30.00.274.csv,1,36,aud,0B,0.35,1,1.01477950000117,0,1,1,0.242269415107257,0.242269415107257,CBCsimpleRW,CBCdriftDiffusionLR,0.5,0.214566304419859,NA,NA,0.601664081539125,3.03837424735284,1.54875923172161,0.5,28.458131954758,NA,v1,MR,NA,CBCsimpleRW_CBCdriftDiffusionLR,72.05302244518904
CBC_P040,CBC_P040_AV_prob0.8_Vset2_Aset1_2024-05-17_18h30.00.274.csv,1,37,aud,1A,0.15,1,1.3721790999989,0,1,1,0.392716847790071,0.392716847790071,CBCsimpleRW,CBCdriftDiffusionLR,0.5,0.214566304419859,NA,NA,0.601664081539125,3.03837424735284,1.54875923172161,0.5,28.458131954758,NA,v1,MR,NA,CBCsimpleRW_CBCdriftDiffusionLR,72.05302244518904
CBC_P040,CBC_P040_AV_prob0.8_Vset2_Aset1_2024-05-17_18h30.00.274.csv,1,38,aud,2C,0.5,1,1.88283389999924,1,1,1,0.718175262424442,0.281824737575558,CBCsimpleRW,CBCdriftDiffusionLR,0.5,0.214566304419859,NA,NA,0.601664081539125,3.03837424735284,1.54875923172161,0.5,28.458131954758,NA,v1,MR,NA,CBCsimpleRW_CBCdriftDiffusionLR,72.05302244518904
CBC_P040,CBC_P040_AV_prob0.8_Vset2_Aset1_2024-05-17_18h30.00.274.csv,1,39,aud,0A,0.5,0,1.18322780000017,1,1,0,0.818473983718037,-0.818473983718037,CBCsimpleRW,CBCdriftDiffusionLR,0.5,0.214566304419859,NA,NA,0.601664081539125,3.03837424735284,1.54875923172161,0.5,28.458131954758,NA,v1,MR,NA,CBCsimpleRW_CBCdriftDiffusionLR,72.05302244518904
CBC_P040,CBC_P040_AV_prob0.8_Vset2_Aset1_2024-05-17_18h30.00.274.csv,1,40,aud,2C,0.5,1,2.1130196999984,1,1,1,0.778645354860126,0.221354645139874,CBCsimpleRW,CBCdriftDiffusionLR,0.5,0.214566304419859,NA,NA,0.601664081539125,3.03837424735284,1.54875923172161,0.5,28.458131954758,NA,v1,MR,NA,CBCsimpleRW_CBCdriftDiffusionLR,72.05302244518904
CBC_P040,CBC_P040_AV_prob0.8_Vset2_Aset1_2024-05-17_18h30.00.274.csv,1,41,aud,0B,0.35,1,0.76171279999835,0,1,1,0.190286562033732,0.190286562033732,CBCsimpleRW,CBCdriftDiffusionLR,0.5,0.214566304419859,NA,NA,0.601664081539125,3.03837424735284,1.54875923172161,0.5,28.458131954758,NA,v1,MR,NA,CBCsimpleRW_CBCdriftDiffusionLR,72.05302244518904
CBC_P040,CBC_P040_AV_prob0.8_Vset2_Aset1_2024-05-17_18h30.00.274.csv,1,42,aud,1C,0.35,0,0.85821329999817,0,1,0,0.322653821971896,-0.677346178028104,CBCsimpleRW,CBCdriftDiffusionLR,0.5,0.214566304419859,NA,NA,0.601664081539125,3.03837424735284,1.54875923172161,0.5,28.458131954758,NA,v1,MR,NA,CBCsimpleRW_CBCdriftDiffusionLR,72.05302244518904
CBC_P040,CBC_P040_TV_prob0.8_Vset3_Tset1_2024-05-17_18h20.59.643.csv,2,1,tac,1A,0.15,0,1.44006859999718,1,0,1,0.5,0.5,CBCsimpleRW,CBCdriftDiffusionLR,0.5,0.00569333764397595,NA,NA,0.649207565992445,14.9753889840568,2.13046473521666,0.5,62.501075407571,NA,v1,MR,NA,CBCsimpleRW_CBCdriftDiffusionLR,140.13890935081506
CBC_P040,CBC_P040_TV_prob0.8_Vset3_Tset1_2024-05-17_18h20.59.643.csv,2,2,tac,2C,0.5,1,1.25452719999885,1,1,1,0.5,0.5,CBCsimpleRW,CBCdriftDiffusionLR,0.5,0.00569333764397595,NA,NA,0.649207565992445,14.9753889840568,2.13046473521666,0.5,62.501075407571,NA,v1,MR,NA,CBCsimpleRW_CBCdriftDiffusionLR,140.13890935081506
CBC_P040,CBC_P040_TV_prob0.8_Vset3_Tset1_2024-05-17_18h20.59.643.csv,2,3,tac,0A,0.5,1,1.23258069999792,1,1,1,0.5,0.5,CBCsimpleRW,CBCdriftDiffusionLR,0.5,0.00569333764397595,NA,NA,0.649207565992445,14.9753889840568,2.13046473521666,0.5,62.501075407571,NA,v1,MR,NA,CBCsimpleRW_CBCdriftDiffusionLR,140.13890935081506
CBC_P040,CBC_P040_TV_prob0.8_Vset3_Tset1_2024-05-17_18h20.59.643.csv,2,4,tac,2B,0.15,0,2.77281900000162,0,1,0,0.5,-0.5,CBCsimpleRW,CBCdriftDiffusionLR,0.5,0.00569333764397595,NA,NA,0.649207565992445,14.9753889840568,2.13046473521666,0.5,62.501075407571,NA,v1,MR,NA,CBCsimpleRW_CBCdriftDiffusionLR,140.13890935081506
CBC_P040,CBC_P040_TV_prob0.8_Vset3_Tset1_2024-05-17_18h20.59.643.csv,2,5,tac,1C,0.35,1,0.967096099997434,1,0,0,0.5,-0.5,CBCsimpleRW,CBCdriftDiffusionLR,0.5,0.00569333764397595,NA,NA,0.649207565992445,14.9753889840568,2.13046473521666,0.5,62.501075407571,NA,v1,MR,NA,CBCsimpleRW_CBCdriftDiffusionLR,140.13890935081506
CBC_P040,CBC_P040_TV_prob0.8_Vset3_Tset1_2024-05-17_18h20.59.643.csv,2,6,tac,0A,0.5,1,2.25284060000195,0,0,0,0.502846668821988,-0.497153331178012,CBCsimpleRW,CBCdriftDiffusionLR,0.5,0.00569333764397595,NA,NA,0.649207565992445,14.9753889840568,2.13046473521666,0.5,62.501075407571,NA,v1,MR,NA,CBCsimpleRW_CBCdriftDiffusionLR,140.13890935081506
CBC_P040,CBC_P040_TV_prob0.8_Vset3_Tset1_2024-05-17_18h20.59.643.csv,2,7,tac,1B,0.5,1,1.5922118999988,1,1,1,0.5,0.5,CBCsimpleRW,CBCdriftDiffusionLR,0.5,0.00569333764397595,NA,NA,0.649207565992445,14.9753889840568,2.13046473521666,0.5,62.501075407571,NA,v1,MR,NA,CBCsimpleRW_CBCdriftDiffusionLR,140.13890935081506
CBC_P040,CBC_P040_TV_prob0.8_Vset3_Tset1_2024-05-17_18h20.59.643.csv,2,8,tac,2A,0.35,1,1.95867989999897,1,0,0,0.5,-0.5,CBCsimpleRW,CBCdriftDiffusionLR,0.5,0.00569333764397595,NA,NA,0.649207565992445,14.9753889840568,2.13046473521666,0.5,62.501075407571,NA,v1,MR,NA,CBCsimpleRW_CBCdriftDiffusionLR,140.13890935081506
CBC_P040,CBC_P040_TV_prob0.8_Vset3_Tset1_2024-05-17_18h20.59.643.csv,2,9,tac,1C,0.35,1,1.86746889999631,1,0,0,0.497153331178012,-0.497153331178012,CBCsimpleRW,CBCdriftDiffusionLR,0.5,0.00569333764397595,NA,NA,0.649207565992445,14.9753889840568,2.13046473521666,0.5,62.501075407571,NA,v1,MR,NA,CBCsimpleRW_CBCdriftDiffusionLR,140.13890935081506
CBC_P040,CBC_P040_TV_prob0.8_Vset3_Tset1_2024-05-17_18h20.59.643.csv,2,10,tac,2A,0.35,1,1.7819215999989,0,1,1,0.497153331178012,0.497153331178012,CBCsimpleRW,CBCdriftDiffusionLR,0.5,0.00569333764397595,NA,NA,0.649207565992445,14.9753889840568,2.13046473521666,0.5,62.501075407571,NA,v1,MR,NA,CBCsimpleRW_CBCdriftDiffusionLR,140.13890935081506
CBC_P040,CBC_P040_TV_prob0.8_Vset3_Tset1_2024-05-17_18h20.59.643.csv,2,11,tac,0B,0.35,0,2.71633339999971,0,1,0,0.5,-0.5,CBCsimpleRW,CBCdriftDiffusionLR,0.5,0.00569333764397595,NA,NA,0.649207565992445,14.9753889840568,2.13046473521666,0.5,62.501075407571,NA,v1,MR,NA,CBCsimpleRW_CBCdriftDiffusionLR,140.13890935081506
CBC_P040,CBC_P040_TV_prob0.8_Vset3_Tset1_2024-05-17_18h20.59.643.csv,2,12,tac,2C,0.5,0,2.78531550000116,1,1,0,0.502846668821988,-0.502846668821988,CBCsimpleRW,CBCdriftDiffusionLR,0.5,0.00569333764397595,NA,NA,0.649207565992445,14.9753889840568,2.13046473521666,0.5,62.501075407571,NA,v1,MR,NA,CBCsimpleRW_CBCdriftDiffusionLR,140.13890935081506
CBC_P040,CBC_P040_TV_prob0.8_Vset3_Tset1_2024-05-17_18h20.59.643.csv,2,13,tac,0A,0.5,1,2.61750989999928,1,1,1,0.505677130597212,0.494322869402788,CBCsimpleRW,CBCdriftDiffusionLR,0.5,0.00569333764397595,NA,NA,0.649207565992445,14.9753889840568,2.13046473521666,0.5,62.501075407571,NA,v1,MR,NA,CBCsimpleRW_CBCdriftDiffusionLR,140.13890935081506
CBC_P040,CBC_P040_TV_prob0.8_Vset3_Tset1_2024-05-17_18h20.59.643.csv,2,14,tac,1B,0.5,1,NA,NA,NA,NA,0.502846668821988,0,CBCsimpleRW,CBCdriftDiffusionLR,0.5,0.00569333764397595,NA,NA,0.649207565992445,14.9753889840568,2.13046473521666,0.5,62.501075407571,NA,v1,MR,NA,CBCsimpleRW_CBCdriftDiffusionLR,140.13890935081506
CBC_P040,CBC_P040_TV_prob0.8_Vset3_Tset1_2024-05-17_18h20.59.643.csv,2,15,tac,0A,0.5,1,1.27579529999639,1,1,1,0.508491477597861,0.491508522402139,CBCsimpleRW,CBCdriftDiffusionLR,0.5,0.00569333764397595,NA,NA,0.649207565992445,14.9753889840568,2.13046473521666,0.5,62.501075407571,NA,v1,MR,NA,CBCsimpleRW_CBCdriftDiffusionLR,140.13890935081506
CBC_P040,CBC_P040_TV_prob0.8_Vset3_Tset1_2024-05-17_18h20.59.643.csv,2,16,tac,1C,0.35,1,1.26719040000171,1,0,0,0.494322869402788,-0.494322869402788,CBCsimpleRW,CBCdriftDiffusionLR,0.5,0.00569333764397595,NA,NA,0.649207565992445,14.9753889840568,2.13046473521666,0.5,62.501075407571,NA,v1,MR,NA,CBCsimpleRW_CBCdriftDiffusionLR,140.13890935081506
CBC_P040,CBC_P040_TV_prob0.8_Vset3_Tset1_2024-05-17_18h20.59.643.csv,2,17,tac,2A,0.35,1,1.82109449999916,1,0,0,0.494322869402788,-0.494322869402788,CBCsimpleRW,CBCdriftDiffusionLR,0.5,0.00569333764397595,NA,NA,0.649207565992445,14.9753889840568,2.13046473521666,0.5,62.501075407571,NA,v1,MR,NA,CBCsimpleRW_CBCdriftDiffusionLR,140.13890935081506
CBC_P040,CBC_P040_TV_prob0.8_Vset3_Tset1_2024-05-17_18h20.59.643.csv,2,18,tac,0B,0.35,1,NA,NA,NA,NA,0.502846668821988,0,CBCsimpleRW,CBCdriftDiffusionLR,0.5,0.00569333764397595,NA,NA,0.649207565992445,14.9753889840568,2.13046473521666,0.5,62.501075407571,NA,v1,MR,NA,CBCsimpleRW_CBCdriftDiffusionLR,140.13890935081506
CBC_P040,CBC_P040_TV_prob0.8_Vset3_Tset1_2024-05-17_18h20.59.643.csv,2,19,tac,2C,0.5,1,2.01512269999876,0,0,0,0.499983792953236,-0.500016207046764,CBCsimpleRW,CBCdriftDiffusionLR,0.5,0.00569333764397595,NA,NA,0.649207565992445,14.9753889840568,2.13046473521666,0.5,62.501075407571,NA,v1,MR,NA,CBCsimpleRW_CBCdriftDiffusionLR,140.13890935081506
CBC_P040,CBC_P040_TV_prob0.8_Vset3_Tset1_2024-05-17_18h20.59.643.csv,2,20,tac,1B,0.5,1,1.92687179999848,0,0,0,0.502846668821988,-0.497153331178012,CBCsimpleRW,CBCdriftDiffusionLR,0.5,0.00569333764397595,NA,NA,0.649207565992445,14.9753889840568,2.13046473521666,0.5,62.501075407571,NA,v1,MR,NA,CBCsimpleRW_CBCdriftDiffusionLR,140.13890935081506
CBC_P040,CBC_P040_TV_prob0.8_Vset3_Tset1_2024-05-17_18h20.59.643.csv,2,21,tac,0C,0.15,0,1.86442519999764,1,0,1,0.5,0.5,CBCsimpleRW,CBCdriftDiffusionLR,0.5,0.00569333764397595,NA,NA,0.649207565992445,14.9753889840568,2.13046473521666,0.5,62.501075407571,NA,v1,MR,NA,CBCsimpleRW_CBCdriftDiffusionLR,140.13890935081506
CBC_P040,CBC_P040_TV_prob0.8_Vset3_Tset1_2024-05-17_18h20.59.643.csv,2,22,tac,1B,0.5,0,1.38831939999727,1,1,0,0.505677130597212,-0.505677130597212,CBCsimpleRW,CBCdriftDiffusionLR,0.5,0.00569333764397595,NA,NA,0.649207565992445,14.9753889840568,2.13046473521666,0.5,62.501075407571,NA,v1,MR,NA,CBCsimpleRW_CBCdriftDiffusionLR,140.13890935081506
CBC_P040,CBC_P040_TV_prob0.8_Vset3_Tset1_2024-05-17_18h20.59.643.csv,2,23,tac,2C,0.5,1,2.19529260000127,0,0,0,0.502830554047413,-0.497169445952587,CBCsimpleRW,CBCdriftDiffusionLR,0.5,0.00569333764397595,NA,NA,0.649207565992445,14.9753889840568,2.13046473521666,0.5,62.501075407571,NA,v1,MR,NA,CBCsimpleRW_CBCdriftDiffusionLR,140.13890935081506
CBC_P040,CBC_P040_TV_prob0.8_Vset3_Tset1_2024-05-17_18h20.59.643.csv,2,24,tac,0B,0.35,1,0.862730199998623,1,0,0,0.502846668821988,-0.502846668821988,CBCsimpleRW,CBCdriftDiffusionLR,0.5,0.00569333764397595,NA,NA,0.649207565992445,14.9753889840568,2.13046473521666,0.5,62.501075407571,NA,v1,MR,NA,CBCsimpleRW_CBCdriftDiffusionLR,140.13890935081506
CBC_P040,CBC_P040_TV_prob0.8_Vset3_Tset1_2024-05-17_18h20.59.643.csv,2,25,tac,2A,0.35,1,1.54106409999804,0,1,1,0.491508522402139,0.491508522402139,CBCsimpleRW,CBCdriftDiffusionLR,0.5,0.00569333764397595,NA,NA,0.649207565992445,14.9753889840568,2.13046473521666,0.5,62.501075407571,NA,v1,MR,NA,CBCsimpleRW_CBCdriftDiffusionLR,140.13890935081506
CBC_P040,CBC_P040_TV_prob0.8_Vset3_Tset1_2024-05-17_18h20.59.643.csv,2,26,tac,1B,0.5,1,2.00691839999854,1,1,1,0.502798139953885,0.497201860046115,CBCsimpleRW,CBCdriftDiffusionLR,0.5,0.00569333764397595,NA,NA,0.649207565992445,14.9753889840568,2.13046473521666,0.5,62.501075407571,NA,v1,MR,NA,CBCsimpleRW_CBCdriftDiffusionLR,140.13890935081506
CBC_P040,CBC_P040_TV_prob0.8_Vset3_Tset1_2024-05-17_18h20.59.643.csv,2,27,tac,0A,0.5,1,1.88422549999814,1,1,1,0.511289801570788,0.488710198429212,CBCsimpleRW,CBCdriftDiffusionLR,0.5,0.00569333764397595,NA,NA,0.649207565992445,14.9753889840568,2.13046473521666,0.5,62.501075407571,NA,v1,MR,NA,CBCsimpleRW_CBCdriftDiffusionLR,140.13890935081506
CBC_P040,CBC_P040_TV_prob0.8_Vset3_Tset1_2024-05-17_18h20.59.643.csv,2,28,tac,2B,0.15,1,2.10043109999606,0,1,1,0.502846668821988,0.502846668821988,CBCsimpleRW,CBCdriftDiffusionLR,0.5,0.00569333764397595,NA,NA,0.649207565992445,14.9753889840568,2.13046473521666,0.5,62.501075407571,NA,v1,MR,NA,CBCsimpleRW_CBCdriftDiffusionLR,140.13890935081506
CBC_P040,CBC_P040_TV_prob0.8_Vset3_Tset1_2024-05-17_18h20.59.643.csv,2,29,tac,1C,0.35,1,1.26520409999648,1,0,0,0.491508522402139,-0.491508522402139,CBCsimpleRW,CBCdriftDiffusionLR,0.5,0.00569333764397595,NA,NA,0.649207565992445,14.9753889840568,2.13046473521666,0.5,62.501075407571,NA,v1,MR,NA,CBCsimpleRW_CBCdriftDiffusionLR,140.13890935081506
CBC_P040,CBC_P040_TV_prob0.8_Vset3_Tset1_2024-05-17_18h20.59.643.csv,2,30,tac,0B,0.35,1,1.60746949999884,0,1,1,0.499983792953236,0.499983792953236,CBCsimpleRW,CBCdriftDiffusionLR,0.5,0.00569333764397595,NA,NA,0.649207565992445,14.9753889840568,2.13046473521666,0.5,62.501075407571,NA,v1,MR,NA,CBCsimpleRW_CBCdriftDiffusionLR,140.13890935081506
CBC_P040,CBC_P040_TV_prob0.8_Vset3_Tset1_2024-05-17_18h20.59.643.csv,2,31,tac,2C,0.5,1,1.54617459999645,0,0,0,0.50566110756949,-0.49433889243051,CBCsimpleRW,CBCdriftDiffusionLR,0.5,0.00569333764397595,NA,NA,0.649207565992445,14.9753889840568,2.13046473521666,0.5,62.501075407571,NA,v1,MR,NA,CBCsimpleRW_CBCdriftDiffusionLR,140.13890935081506
CBC_P040,CBC_P040_TV_prob0.8_Vset3_Tset1_2024-05-17_18h20.59.643.csv,2,32,tac,0A,0.5,1,2.07717509999566,1,1,1,0.5140721937405,0.4859278062595,CBCsimpleRW,CBCdriftDiffusionLR,0.5,0.00569333764397595,NA,NA,0.649207565992445,14.9753889840568,2.13046473521666,0.5,62.501075407571,NA,v1,MR,NA,CBCsimpleRW_CBCdriftDiffusionLR,140.13890935081506
CBC_P040,CBC_P040_TV_prob0.8_Vset3_Tset1_2024-05-17_18h20.59.643.csv,2,33,tac,2C,0.5,0,1.69446099999914,1,1,0,0.508475545794646,-0.508475545794646,CBCsimpleRW,CBCdriftDiffusionLR,0.5,0.00569333764397595,NA,NA,0.649207565992445,14.9753889840568,2.13046473521666,0.5,62.501075407571,NA,v1,MR,NA,CBCsimpleRW_CBCdriftDiffusionLR,140.13890935081506
CBC_P040,CBC_P040_TV_prob0.8_Vset3_Tset1_2024-05-17_18h20.59.643.csv,2,34,tac,1A,0.15,1,1.48204160000023,0,1,1,0.502846668821988,0.502846668821988,CBCsimpleRW,CBCdriftDiffusionLR,0.5,0.00569333764397595,NA,NA,0.649207565992445,14.9753889840568,2.13046473521666,0.5,62.501075407571,NA,v1,MR,NA,CBCsimpleRW_CBCdriftDiffusionLR,140.13890935081506
CBC_P040,CBC_P040_TV_prob0.8_Vset3_Tset1_2024-05-17_18h20.59.643.csv,2,35,tac,0B,0.35,1,1.07068710000021,0,1,1,0.497137216403437,0.497137216403437,CBCsimpleRW,CBCdriftDiffusionLR,0.5,0.00569333764397595,NA,NA,0.649207565992445,14.9753889840568,2.13046473521666,0.5,62.501075407571,NA,v1,MR,NA,CBCsimpleRW_CBCdriftDiffusionLR,140.13890935081506
CBC_P040,CBC_P040_TV_prob0.8_Vset3_Tset1_2024-05-17_18h20.59.643.csv,2,36,tac,2C,0.5,1,1.71103389999917,0,0,0,0.505580622828732,-0.494419377171268,CBCsimpleRW,CBCdriftDiffusionLR,0.5,0.00569333764397595,NA,NA,0.649207565992445,14.9753889840568,2.13046473521666,0.5,62.501075407571,NA,v1,MR,NA,CBCsimpleRW_CBCdriftDiffusionLR,140.13890935081506
CBC_P040,CBC_P040_TV_prob0.8_Vset3_Tset1_2024-05-17_18h20.59.643.csv,2,37,tac,1B,0.5,0,1.23825809999835,0,0,1,0.50562887802034,0.50562887802034,CBCsimpleRW,CBCdriftDiffusionLR,0.5,0.00569333764397595,NA,NA,0.649207565992445,14.9753889840568,2.13046473521666,0.5,62.501075407571,NA,v1,MR,NA,CBCsimpleRW_CBCdriftDiffusionLR,140.13890935081506
CBC_P040,CBC_P040_TV_prob0.8_Vset3_Tset1_2024-05-17_18h20.59.643.csv,2,38,tac,2A,0.35,1,1.86996879999788,0,1,1,0.488710198429212,0.488710198429212,CBCsimpleRW,CBCdriftDiffusionLR,0.5,0.00569333764397595,NA,NA,0.649207565992445,14.9753889840568,2.13046473521666,0.5,62.501075407571,NA,v1,MR,NA,CBCsimpleRW_CBCdriftDiffusionLR,140.13890935081506
CBC_P040,CBC_P040_TV_prob0.8_Vset3_Tset1_2024-05-17_18h20.59.643.csv,2,39,tac,1C,0.35,1,0.803195699998469,1,0,0,0.488710198429212,-0.488710198429212,CBCsimpleRW,CBCdriftDiffusionLR,0.5,0.00569333764397595,NA,NA,0.649207565992445,14.9753889840568,2.13046473521666,0.5,62.501075407571,NA,v1,MR,NA,CBCsimpleRW_CBCdriftDiffusionLR,140.13890935081506
CBC_P040,CBC_P040_TV_prob0.8_Vset3_Tset1_2024-05-17_18h20.59.643.csv,2,40,tac,0A,0.5,1,0.820768900000985,1,1,1,0.516838744812132,0.483161255187868,CBCsimpleRW,CBCdriftDiffusionLR,0.5,0.00569333764397595,NA,NA,0.649207565992445,14.9753889840568,2.13046473521666,0.5,62.501075407571,NA,v1,MR,NA,CBCsimpleRW_CBCdriftDiffusionLR,140.13890935081506
CBC_P040,CBC_P040_TV_prob0.8_Vset3_Tset1_2024-05-17_18h20.59.643.csv,2,41,tac,1B,0.5,0,1.90201939999679,1,1,0,0.502750162095226,-0.502750162095226,CBCsimpleRW,CBCdriftDiffusionLR,0.5,0.00569333764397595,NA,NA,0.649207565992445,14.9753889840568,2.13046473521666,0.5,62.501075407571,NA,v1,MR,NA,CBCsimpleRW_CBCdriftDiffusionLR,140.13890935081506
CBC_P040,CBC_P040_TV_prob0.8_Vset3_Tset1_2024-05-17_18h20.59.643.csv,2,42,tac,0C,0.15,0,0.9330415000004,0,1,0,0.502846668821988,-0.497153331178012,CBCsimpleRW,CBCdriftDiffusionLR,0.5,0.00569333764397595,NA,NA,0.649207565992445,14.9753889840568,2.13046473521666,0.5,62.501075407571,NA,v1,MR,NA,CBCsimpleRW_CBCdriftDiffusionLR,140.13890935081506
CBC_P041,CBC_P041_TV_prob0.7_Vset2_Tset2_2024-05-17_19h36.22.442.csv,2,1,tac,2C,0.5,1,2.88945479999893,1,1,1,0.5,0.5,CBC2StepAsymRW,CBCdriftDiffusionLR,0.5,0.703673425800865,0.131326113591717,0.416594362300274,0.62356330595941,1.33885090433816,3.6350492520342,0.5,61.6940827021517,NA,v1,MR,NA,CBC2StepAsymRW_CBCdriftDiffusionLR,146.09330320781297
CBC_P041,CBC_P041_TV_prob0.7_Vset2_Tset2_2024-05-17_19h36.22.442.csv,2,2,tac,1B,0.5,1,3.29421129999901,1,1,1,0.5,0.5,CBC2StepAsymRW,CBCdriftDiffusionLR,0.5,0.703673425800865,0.131326113591717,0.416594362300274,0.62356330595941,1.33885090433816,3.6350492520342,0.5,61.6940827021517,NA,v1,MR,NA,CBC2StepAsymRW_CBCdriftDiffusionLR,146.09330320781297
CBC_P041,CBC_P041_TV_prob0.7_Vset2_Tset2_2024-05-17_19h36.22.442.csv,2,3,tac,0C,0.15,0,2.82438940000065,1,0,1,0.434336943204141,0.565663056795859,CBC2StepAsymRW,CBCdriftDiffusionLR,0.5,0.703673425800865,0.131326113591717,0.416594362300274,0.62356330595941,1.33885090433816,3.6350492520342,0.5,61.6940827021517,NA,v1,MR,NA,CBC2StepAsymRW_CBCdriftDiffusionLR,146.09330320781297
CBC_P041,CBC_P041_TV_prob0.7_Vset2_Tset2_2024-05-17_19h36.22.442.csv,2,4,tac,2A,0.35,1,2.2026732000013,0,1,1,0.434336943204141,0.434336943204141,CBC2StepAsymRW,CBCdriftDiffusionLR,0.5,0.703673425800865,0.131326113591717,0.416594362300274,0.62356330595941,1.33885090433816,3.6350492520342,0.5,61.6940827021517,NA,v1,MR,NA,CBC2StepAsymRW_CBCdriftDiffusionLR,146.09330320781297
CBC_P041,CBC_P041_TV_prob0.7_Vset2_Tset2_2024-05-17_19h36.22.442.csv,2,5,tac,1C,0.35,1,2.11169240000163,1,0,0,0.327748190710929,-0.327748190710929,CBC2StepAsymRW,CBCdriftDiffusionLR,0.5,0.703673425800865,0.131326113591717,0.416594362300274,0.62356330595941,1.33885090433816,3.6350492520342,0.5,61.6940827021517,NA,v1,MR,NA,CBC2StepAsymRW_CBCdriftDiffusionLR,146.09330320781297
CBC_P041,CBC_P041_TV_prob0.7_Vset2_Tset2_2024-05-17_19h36.22.442.csv,2,6,tac,2A,0.35,1,1.92968530000144,0,1,1,0.128705578427808,0.128705578427807,CBC2StepAsymRW,CBCdriftDiffusionLR,0.5,0.703673425800865,0.131326113591717,0.416594362300274,0.62356330595941,1.33885090433816,3.6350492520342,0.5,61.6940827021517,NA,v1,MR,NA,CBC2StepAsymRW_CBCdriftDiffusionLR,146.09330320781297
CBC_P041,CBC_P041_TV_prob0.7_Vset2_Tset2_2024-05-17_19h36.22.442.csv,2,7,tac,1B,0.5,1,2.873720399999,1,1,1,0.851836712900433,0.148163287099567,CBC2StepAsymRW,CBCdriftDiffusionLR,0.5,0.703673425800865,0.131326113591717,0.416594362300274,0.62356330595941,1.33885090433816,3.6350492520342,0.5,61.6940827021517,NA,v1,MR,NA,CBC2StepAsymRW_CBCdriftDiffusionLR,146.09330320781297
CBC_P041,CBC_P041_TV_prob0.7_Vset2_Tset2_2024-05-17_19h36.22.442.csv,2,8,tac,0A,0.5,0,2.8118386999995,1,1,0,0.434336943204141,-0.434336943204141,CBC2StepAsymRW,CBCdriftDiffusionLR,0.5,0.703673425800865,0.131326113591717,0.416594362300274,0.62356330595941,1.33885090433816,3.6350492520342,0.5,61.6940827021517,NA,v1,MR,NA,CBC2StepAsymRW_CBCdriftDiffusionLR,146.09330320781297
CBC_P041,CBC_P041_TV_prob0.7_Vset2_Tset2_2024-05-17_19h36.22.442.csv,2,9,tac,1B,0.5,0,2.47717520000151,1,1,0,0.956095280711702,-0.956095280711702,CBC2StepAsymRW,CBCdriftDiffusionLR,0.5,0.703673425800865,0.131326113591717,0.416594362300274,0.62356330595941,1.33885090433816,3.6350492520342,0.5,61.6940827021517,NA,v1,MR,NA,CBC2StepAsymRW_CBCdriftDiffusionLR,146.09330320781297
CBC_P041,CBC_P041_TV_prob0.7_Vset2_Tset2_2024-05-17_19h36.22.442.csv,2,10,tac,2C,0.5,1,2.16777159999765,1,1,1,0.739968307980475,0.260031692019525,CBC2StepAsymRW,CBCdriftDiffusionLR,0.5,0.703673425800865,0.131326113591717,0.416594362300274,0.62356330595941,1.33885090433816,3.6350492520342,0.5,61.6940827021517,NA,v1,MR,NA,CBC2StepAsymRW_CBCdriftDiffusionLR,146.09330320781297
CBC_P041,CBC_P041_TV_prob0.7_Vset2_Tset2_2024-05-17_19h36.22.442.csv,2,11,tac,0B,0.35,1,2.43832370000382,0,1,1,0.327748190710929,0.327748190710929,CBC2StepAsymRW,CBCdriftDiffusionLR,0.5,0.703673425800865,0.131326113591717,0.416594362300274,0.62356330595941,1.33885090433816,3.6350492520342,0.5,61.6940827021517,NA,v1,MR,NA,CBC2StepAsymRW_CBCdriftDiffusionLR,146.09330320781297
CBC_P041,CBC_P041_TV_prob0.7_Vset2_Tset2_2024-05-17_19h36.22.442.csv,2,12,tac,1C,0.35,1,2.03769620000094,0,1,1,0.214837753028575,0.214837753028575,CBC2StepAsymRW,CBCdriftDiffusionLR,0.5,0.703673425800865,0.131326113591717,0.416594362300274,0.62356330595941,1.33885090433816,3.6350492520342,0.5,61.6940827021517,NA,v1,MR,NA,CBC2StepAsymRW_CBCdriftDiffusionLR,146.09330320781297
CBC_P041,CBC_P041_TV_prob0.7_Vset2_Tset2_2024-05-17_19h36.22.442.csv,2,13,tac,0A,0.5,1,2.02804829999877,1,1,1,0.377297160463835,0.622702839536165,CBC2StepAsymRW,CBCdriftDiffusionLR,0.5,0.703673425800865,0.131326113591717,0.416594362300274,0.62356330595941,1.33885090433816,3.6350492520342,0.5,61.6940827021517,NA,v1,MR,NA,CBC2StepAsymRW_CBCdriftDiffusionLR,146.09330320781297
CBC_P041,CBC_P041_TV_prob0.7_Vset2_Tset2_2024-05-17_19h36.22.442.csv,2,14,tac,2B,0.15,0,2.10085700000127,0,1,0,0.284706294588146,-0.715293705411854,CBC2StepAsymRW,CBCdriftDiffusionLR,0.5,0.703673425800865,0.131326113591717,0.416594362300274,0.62356330595941,1.33885090433816,3.6350492520342,0.5,61.6940827021517,NA,v1,MR,NA,CBC2StepAsymRW_CBCdriftDiffusionLR,146.09330320781297
CBC_P041,CBC_P041_TV_prob0.7_Vset2_Tset2_2024-05-17_19h36.22.442.csv,2,15,tac,1A,0.15,1,2.17417690000366,0,1,1,0.327748190710929,0.327748190710929,CBC2StepAsymRW,CBCdriftDiffusionLR,0.5,0.703673425800865,0.131326113591717,0.416594362300274,0.62356330595941,1.33885090433816,3.6350492520342,0.5,61.6940827021517,NA,v1,MR,NA,CBC2StepAsymRW_CBCdriftDiffusionLR,146.09330320781297
CBC_P041,CBC_P041_TV_prob0.7_Vset2_Tset2_2024-05-17_19h36.22.442.csv,2,16,tac,0C,0.15,1,2.77391689999786,0,1,1,0.628108469450385,0.628108469450385,CBC2StepAsymRW,CBCdriftDiffusionLR,0.5,0.703673425800865,0.131326113591717,0.416594362300274,0.62356330595941,1.33885090433816,3.6350492520342,0.5,61.6940827021517,NA,v1,MR,NA,CBC2StepAsymRW_CBCdriftDiffusionLR,146.09330320781297
CBC_P041,CBC_P041_TV_prob0.7_Vset2_Tset2_2024-05-17_19h36.22.442.csv,2,17,tac,1B,0.5,0,2.35899190000055,1,1,0,0.830535003272453,-0.830535003272453,CBC2StepAsymRW,CBCdriftDiffusionLR,0.5,0.703673425800865,0.131326113591717,0.416594362300274,0.62356330595941,1.33885090433816,3.6350492520342,0.5,61.6940827021517,NA,v1,MR,NA,CBC2StepAsymRW_CBCdriftDiffusionLR,146.09330320781297
CBC_P041,CBC_P041_TV_prob0.7_Vset2_Tset2_2024-05-17_19h36.22.442.csv,2,18,tac,2C,0.5,1,1.9263923000035,1,1,1,0.92294569952065,0.0770543004793504,CBC2StepAsymRW,CBCdriftDiffusionLR,0.5,0.703673425800865,0.131326113591717,0.416594362300274,0.62356330595941,1.33885090433816,3.6350492520342,0.5,61.6940827021517,NA,v1,MR,NA,CBC2StepAsymRW_CBCdriftDiffusionLR,146.09330320781297
CBC_P041,CBC_P041_TV_prob0.7_Vset2_Tset2_2024-05-17_19h36.22.442.csv,2,19,tac,0B,0.35,0,2.33304979999957,0,1,0,0.084366040928235,-0.915633959071765,CBC2StepAsymRW,CBCdriftDiffusionLR,0.5,0.703673425800865,0.131326113591717,0.416594362300274,0.62356330595941,1.33885090433816,3.6350492520342,0.5,61.6940827021517,NA,v1,MR,NA,CBC2StepAsymRW_CBCdriftDiffusionLR,146.09330320781297
CBC_P041,CBC_P041_TV_prob0.7_Vset2_Tset2_2024-05-17_19h36.22.442.csv,2,20,tac,1C,0.35,1,1.50347110000075,0,1,1,0.0553016345433464,0.0553016345433464,CBC2StepAsymRW,CBCdriftDiffusionLR,0.5,0.703673425800865,0.131326113591717,0.416594362300274,0.62356330595941,1.33885090433816,3.6350492520342,0.5,61.6940827021517,NA,v1,MR,NA,CBC2StepAsymRW_CBCdriftDiffusionLR,146.09330320781297
CBC_P041,CBC_P041_TV_prob0.7_Vset2_Tset2_2024-05-17_19h36.22.442.csv,2,21,tac,0A,0.5,1,2.01432519999798,1,1,1,0.815476600816174,0.184523399183826,CBC2StepAsymRW,CBCdriftDiffusionLR,0.5,0.703673425800865,0.131326113591717,0.416594362300274,0.62356330595941,1.33885090433816,3.6350492520342,0.5,61.6940827021517,NA,v1,MR,NA,CBC2StepAsymRW_CBCdriftDiffusionLR,146.09330320781297
CBC_P041,CBC_P041_TV_prob0.7_Vset2_Tset2_2024-05-17_19h36.22.442.csv,2,22,tac,1C,0.35,1,2.35433560000092,0,1,1,0.0163873439118424,0.0163873439118425,CBC2StepAsymRW,CBCdriftDiffusionLR,0.5,0.703673425800865,0.131326113591717,0.416594362300274,0.62356330595941,1.33885090433816,3.6350492520342,0.5,61.6940827021517,NA,v1,MR,NA,CBC2StepAsymRW_CBCdriftDiffusionLR,146.09330320781297
CBC_P041,CBC_P041_TV_prob0.7_Vset2_Tset2_2024-05-17_19h36.22.442.csv,2,23,tac,0A,0.5,1,2.20667789999789,1,1,1,0.945320813260278,0.0546791867397225,CBC2StepAsymRW,CBCdriftDiffusionLR,0.5,0.703673425800865,0.131326113591717,0.416594362300274,0.62356330595941,1.33885090433816,3.6350492520342,0.5,61.6940827021517,NA,v1,MR,NA,CBC2StepAsymRW_CBCdriftDiffusionLR,146.09330320781297
CBC_P041,CBC_P041_TV_prob0.7_Vset2_Tset2_2024-05-17_19h36.22.442.csv,2,24,tac,2C,0.5,1,2.04341589999967,1,1,1,0.977166763111643,0.0228332368883567,CBC2StepAsymRW,CBCdriftDiffusionLR,0.5,0.703673425800865,0.131326113591717,0.416594362300274,0.62356330595941,1.33885090433816,3.6350492520342,0.5,61.6940827021517,NA,v1,MR,NA,CBC2StepAsymRW_CBCdriftDiffusionLR,146.09330320781297
CBC_P041,CBC_P041_TV_prob0.7_Vset2_Tset2_2024-05-17_19h36.22.442.csv,2,25,tac,0B,0.35,1,2.43509830000039,0,1,1,0.154399574049158,0.154399574049158,CBC2StepAsymRW,CBCdriftDiffusionLR,0.5,0.703673425800865,0.131326113591717,0.416594362300274,0.62356330595941,1.33885090433816,3.6350492520342,0.5,61.6940827021517,NA,v1,MR,NA,CBC2StepAsymRW_CBCdriftDiffusionLR,146.09330320781297
CBC_P041,CBC_P041_TV_prob0.7_Vset2_Tset2_2024-05-17_19h36.22.442.csv,2,26,tac,2A,0.35,0,2.03209380000044,0,1,0,0.0163873439118424,-0.983612656088158,CBC2StepAsymRW,CBCdriftDiffusionLR,0.5,0.703673425800865,0.131326113591717,0.416594362300274,0.62356330595941,1.33885090433816,3.6350492520342,0.5,61.6940827021517,NA,v1,MR,NA,CBC2StepAsymRW_CBCdriftDiffusionLR,146.09330320781297
CBC_P041,CBC_P041_TV_prob0.7_Vset2_Tset2_2024-05-17_19h36.22.442.csv,2,27,tac,1B,0.5,1,2.46138319999955,1,1,1,0.721464069090797,0.278535930909203,CBC2StepAsymRW,CBCdriftDiffusionLR,0.5,0.703673425800865,0.131326113591717,0.416594362300274,0.62356330595941,1.33885090433816,3.6350492520342,0.5,61.6940827021517,NA,v1,MR,NA,CBC2StepAsymRW_CBCdriftDiffusionLR,146.09330320781297
CBC_P041,CBC_P041_TV_prob0.7_Vset2_Tset2_2024-05-17_19h36.22.442.csv,2,28,tac,0A,0.5,0,2.39260190000277,1,1,0,0.983797103913423,-0.983797103913423,CBC2StepAsymRW,CBCdriftDiffusionLR,0.5,0.703673425800865,0.131326113591717,0.416594362300274,0.62356330595941,1.33885090433816,3.6350492520342,0.5,61.6940827021517,NA,v1,MR,NA,CBC2StepAsymRW_CBCdriftDiffusionLR,146.09330320781297
CBC_P041,CBC_P041_TV_prob0.7_Vset2_Tset2_2024-05-17_19h36.22.442.csv,2,29,tac,2C,0.5,1,2.78524560000005,1,1,1,0.993233905134996,0.00676609486500401,CBC2StepAsymRW,CBCdriftDiffusionLR,0.5,0.703673425800865,0.131326113591717,0.416594362300274,0.62356330595941,1.33885090433816,3.6350492520342,0.5,61.6940827021517,NA,v1,MR,NA,CBC2StepAsymRW_CBCdriftDiffusionLR,146.09330320781297
CBC_P041,CBC_P041_TV_prob0.7_Vset2_Tset2_2024-05-17_19h36.22.442.csv,2,30,tac,1A,0.15,0,2.41975770000136,0,1,0,0.0636621353635975,-0.936337864636402,CBC2StepAsymRW,CBCdriftDiffusionLR,0.5,0.703673425800865,0.131326113591717,0.416594362300274,0.62356330595941,1.33885090433816,3.6350492520342,0.5,61.6940827021517,NA,v1,MR,NA,CBC2StepAsymRW_CBCdriftDiffusionLR,146.09330320781297
CBC_P041,CBC_P041_TV_prob0.7_Vset2_Tset2_2024-05-17_19h36.22.442.csv,2,31,tac,2C,0.5,1,2.23229250000077,1,1,1,0.997995026287947,0.00200497371205299,CBC2StepAsymRW,CBCdriftDiffusionLR,0.5,0.703673425800865,0.131326113591717,0.416594362300274,0.62356330595941,1.33885090433816,3.6350492520342,0.5,61.6940827021517,NA,v1,MR,NA,CBC2StepAsymRW_CBCdriftDiffusionLR,146.09330320781297
CBC_P041,CBC_P041_TV_prob0.7_Vset2_Tset2_2024-05-17_19h36.22.442.csv,2,32,tac,1B,0.5,1,2.31482419999884,1,1,1,0.917462401802309,0.082537598197691,CBC2StepAsymRW,CBCdriftDiffusionLR,0.5,0.703673425800865,0.131326113591717,0.416594362300274,0.62356330595941,1.33885090433816,3.6350492520342,0.5,61.6940827021517,NA,v1,MR,NA,CBC2StepAsymRW_CBCdriftDiffusionLR,146.09330320781297
CBC_P041,CBC_P041_TV_prob0.7_Vset2_Tset2_2024-05-17_19h36.22.442.csv,2,33,tac,0A,0.5,0,2.15198609999788,1,1,0,0.854598853693687,-0.854598853693687,CBC2StepAsymRW,CBCdriftDiffusionLR,0.5,0.703673425800865,0.131326113591717,0.416594362300274,0.62356330595941,1.33885090433816,3.6350492520342,0.5,61.6940827021517,NA,v1,MR,NA,CBC2StepAsymRW_CBCdriftDiffusionLR,146.09330320781297
CBC_P041,CBC_P041_TV_prob0.7_Vset2_Tset2_2024-05-17_19h36.22.442.csv,2,34,tac,1C,0.35,1,2.75714359999984,0,1,1,0.00240194467150171,0.00240194467150168,CBC2StepAsymRW,CBCdriftDiffusionLR,0.5,0.703673425800865,0.131326113591717,0.416594362300274,0.62356330595941,1.33885090433816,3.6350492520342,0.5,61.6940827021517,NA,v1,MR,NA,CBC2StepAsymRW_CBCdriftDiffusionLR,146.09330320781297
CBC_P041,CBC_P041_TV_prob0.7_Vset2_Tset2_2024-05-17_19h36.22.442.csv,2,35,tac,2A,0.35,0,2.30118630000288,0,1,0,0.10983978414114,-0.89016021585886,CBC2StepAsymRW,CBCdriftDiffusionLR,0.5,0.703673425800865,0.131326113591717,0.416594362300274,0.62356330595941,1.33885090433816,3.6350492520342,0.5,61.6940827021517,NA,v1,MR,NA,CBC2StepAsymRW_CBCdriftDiffusionLR,146.09330320781297
CBC_P041,CBC_P041_TV_prob0.7_Vset2_Tset2_2024-05-17_19h36.22.442.csv,2,36,tac,0B,0.35,1,2.31578610000361,0,1,1,0.0345247251994146,0.0345247251994146,CBC2StepAsymRW,CBCdriftDiffusionLR,0.5,0.703673425800865,0.131326113591717,0.416594362300274,0.62356330595941,1.33885090433816,3.6350492520342,0.5,61.6940827021517,NA,v1,MR,NA,CBC2StepAsymRW_CBCdriftDiffusionLR,146.09330320781297
CBC_P041,CBC_P041_TV_prob0.7_Vset2_Tset2_2024-05-17_19h36.22.442.csv,2,37,tac,2C,0.5,0,2.48249990000113,1,1,0,0.999405873008548,-0.999405873008548,CBC2StepAsymRW,CBCdriftDiffusionLR,0.5,0.703673425800865,0.131326113591717,0.416594362300274,0.62356330595941,1.33885090433816,3.6350492520342,0.5,61.6940827021517,NA,v1,MR,NA,CBC2StepAsymRW_CBCdriftDiffusionLR,146.09330320781297
CBC_P041,CBC_P041_TV_prob0.7_Vset2_Tset2_2024-05-17_19h36.22.442.csv,2,38,tac,0B,0.35,1,2.71703350000098,0,1,1,0.010230593543509,0.0102305935435091,CBC2StepAsymRW,CBCdriftDiffusionLR,0.5,0.703673425800865,0.131326113591717,0.416594362300274,0.62356330595941,1.33885090433816,3.6350492520342,0.5,61.6940827021517,NA,v1,MR,NA,CBC2StepAsymRW_CBCdriftDiffusionLR,146.09330320781297
CBC_P041,CBC_P041_TV_prob0.7_Vset2_Tset2_2024-05-17_19h36.22.442.csv,2,39,tac,1C,0.35,1,1.23079060000236,0,1,1,7.11760035921997e-4,7.11760035921993e-4,CBC2StepAsymRW,CBCdriftDiffusionLR,0.5,0.703673425800865,0.131326113591717,0.416594362300274,0.62356330595941,1.33885090433816,3.6350492520342,0.5,61.6940827021517,NA,v1,MR,NA,CBC2StepAsymRW_CBCdriftDiffusionLR,146.09330320781297
CBC_P041,CBC_P041_TV_prob0.7_Vset2_Tset2_2024-05-17_19h36.22.442.csv,2,40,tac,2B,0.15,1,0.854535300000862,0,1,1,0.162693638536489,0.162693638536489,CBC2StepAsymRW,CBCdriftDiffusionLR,0.5,0.703673425800865,0.131326113591717,0.416594362300274,0.62356330595941,1.33885090433816,3.6350492520342,0.5,61.6940827021517,NA,v1,MR,NA,CBC2StepAsymRW_CBCdriftDiffusionLR,146.09330320781297
CBC_P041,CBC_P041_TV_prob0.7_Vset2_Tset2_2024-05-17_19h36.22.442.csv,2,41,tac,0A,0.5,1,1.78009570000359,1,1,1,0.742367707558158,0.257632292441842,CBC2StepAsymRW,CBCdriftDiffusionLR,0.5,0.703673425800865,0.131326113591717,0.416594362300274,0.62356330595941,1.33885090433816,3.6350492520342,0.5,61.6940827021517,NA,v1,MR,NA,CBC2StepAsymRW_CBCdriftDiffusionLR,146.09330320781297
CBC_P041,CBC_P041_TV_prob0.7_Vset2_Tset2_2024-05-17_19h36.22.442.csv,2,42,tac,1B,0.5,0,1.08335810000062,1,1,0,0.975541916283454,-0.975541916283454,CBC2StepAsymRW,CBCdriftDiffusionLR,0.5,0.703673425800865,0.131326113591717,0.416594362300274,0.62356330595941,1.33885090433816,3.6350492520342,0.5,61.6940827021517,NA,v1,MR,NA,CBC2StepAsymRW_CBCdriftDiffusionLR,146.09330320781297
CBC_P041,CBC_P041_AV_prob0.7_Vset4_Aset1_2024-05-17_19h28.30.418.csv,1,1,aud,1A,0.15,1,2.30696339999849,1,0,0,0.5,-0.5,CBC2StepRW,CBCdriftDiffusionLR,0.5,0.212110616910199,NA,0.175019528929374,0.610339113124025,3.6402614461554,2.30664029892872,0.5,28.6486478116939,NA,v1,MR,NA,CBC2StepRW_CBCdriftDiffusionLR,76.21824379297911
CBC_P041,CBC_P041_AV_prob0.7_Vset4_Aset1_2024-05-17_19h28.30.418.csv,1,2,aud,2C,0.5,1,2.25817359999928,1,1,1,0.5,0.5,CBC2StepRW,CBCdriftDiffusionLR,0.5,0.212110616910199,NA,0.175019528929374,0.610339113124025,3.6402614461554,2.30664029892872,0.5,28.6486478116939,NA,v1,MR,NA,CBC2StepRW_CBCdriftDiffusionLR,76.21824379297911
CBC_P041,CBC_P041_AV_prob0.7_Vset4_Aset1_2024-05-17_19h28.30.418.csv,1,3,aud,0A,0.5,1,1.76036430000022,1,1,1,0.5,0.5,CBC2StepRW,CBCdriftDiffusionLR,0.5,0.212110616910199,NA,0.175019528929374,0.610339113124025,3.6402614461554,2.30664029892872,0.5,28.6486478116939,NA,v1,MR,NA,CBC2StepRW_CBCdriftDiffusionLR,76.21824379297911
CBC_P041,CBC_P041_AV_prob0.7_Vset4_Aset1_2024-05-17_19h28.30.418.csv,1,4,aud,2B,0.15,0,1.74259929999971,0,1,0,0.412490235535313,-0.587509764464687,CBC2StepRW,CBCdriftDiffusionLR,0.5,0.212110616910199,NA,0.175019528929374,0.610339113124025,3.6402614461554,2.30664029892872,0.5,28.6486478116939,NA,v1,MR,NA,CBC2StepRW_CBCdriftDiffusionLR,76.21824379297911
CBC_P041,CBC_P041_AV_prob0.7_Vset4_Aset1_2024-05-17_19h28.30.418.csv,1,5,aud,1C,0.35,0,1.95459240000127,0,1,0,0.412490235535313,-0.587509764464687,CBC2StepRW,CBCdriftDiffusionLR,0.5,0.212110616910199,NA,0.175019528929374,0.610339113124025,3.6402614461554,2.30664029892872,0.5,28.6486478116939,NA,v1,MR,NA,CBC2StepRW_CBCdriftDiffusionLR,76.21824379297911
CBC_P041,CBC_P041_AV_prob0.7_Vset4_Aset1_2024-05-17_19h28.30.418.csv,1,6,aud,0A,0.5,1,2.35036500000206,1,1,1,0.606055308455099,0.393944691544901,CBC2StepRW,CBCdriftDiffusionLR,0.5,0.212110616910199,NA,0.175019528929374,0.610339113124025,3.6402614461554,2.30664029892872,0.5,28.6486478116939,NA,v1,MR,NA,CBC2StepRW_CBCdriftDiffusionLR,76.21824379297911
CBC_P041,CBC_P041_AV_prob0.7_Vset4_Aset1_2024-05-17_19h28.30.418.csv,1,7,aud,1B,0.5,1,1.74585780000052,1,1,1,0.5,0.5,CBC2StepRW,CBCdriftDiffusionLR,0.5,0.212110616910199,NA,0.175019528929374,0.610339113124025,3.6402614461554,2.30664029892872,0.5,28.6486478116939,NA,v1,MR,NA,CBC2StepRW_CBCdriftDiffusionLR,76.21824379297911
CBC_P041,CBC_P041_AV_prob0.7_Vset4_Aset1_2024-05-17_19h28.30.418.csv,1,8,aud,2A,0.35,1,NA,NA,NA,NA,0.28073787515562,0,CBC2StepRW,CBCdriftDiffusionLR,0.5,0.212110616910199,NA,0.175019528929374,0.610339113124025,3.6402614461554,2.30664029892872,0.5,28.6486478116939,NA,v1,MR,NA,CBC2StepRW_CBCdriftDiffusionLR,76.21824379297911
CBC_P041,CBC_P041_AV_prob0.7_Vset4_Aset1_2024-05-17_19h28.30.418.csv,1,9,aud,1C,0.35,1,2.26597320000292,1,0,0,0.44310302851585,-0.44310302851585,CBC2StepRW,CBCdriftDiffusionLR,0.5,0.212110616910199,NA,0.175019528929374,0.610339113124025,3.6402614461554,2.30664029892872,0.5,28.6486478116939,NA,v1,MR,NA,CBC2StepRW_CBCdriftDiffusionLR,76.21824379297911
CBC_P041,CBC_P041_AV_prob0.7_Vset4_Aset1_2024-05-17_19h28.30.418.csv,1,10,aud,2A,0.35,0,1.09415799999988,0,1,0,0.28073787515562,-0.71926212484438,CBC2StepRW,CBCdriftDiffusionLR,0.5,0.212110616910199,NA,0.175019528929374,0.610339113124025,3.6402614461554,2.30664029892872,0.5,28.6486478116939,NA,v1,MR,NA,CBC2StepRW_CBCdriftDiffusionLR,76.21824379297911
CBC_P041,CBC_P041_AV_prob0.7_Vset4_Aset1_2024-05-17_19h28.30.418.csv,1,11,aud,0B,0.35,1,1.03017340000224,0,1,1,0.28073787515562,0.28073787515562,CBC2StepRW,CBCdriftDiffusionLR,0.5,0.212110616910199,NA,0.175019528929374,0.610339113124025,3.6402614461554,2.30664029892872,0.5,28.6486478116939,NA,v1,MR,NA,CBC2StepRW_CBCdriftDiffusionLR,76.21824379297911
CBC_P041,CBC_P041_AV_prob0.7_Vset4_Aset1_2024-05-17_19h28.30.418.csv,1,12,aud,2C,0.5,1,1.58759220000138,1,1,1,0.606055308455099,0.393944691544901,CBC2StepRW,CBCdriftDiffusionLR,0.5,0.212110616910199,NA,0.175019528929374,0.610339113124025,3.6402614461554,2.30664029892872,0.5,28.6486478116939,NA,v1,MR,NA,CBC2StepRW_CBCdriftDiffusionLR,76.21824379297911
CBC_P041,CBC_P041_AV_prob0.7_Vset4_Aset1_2024-05-17_19h28.30.418.csv,1,13,aud,0A,0.5,0,0.990896900002554,1,1,0,0.689615160007186,-0.689615160007186,CBC2StepRW,CBCdriftDiffusionLR,0.5,0.212110616910199,NA,0.175019528929374,0.610339113124025,3.6402614461554,2.30664029892872,0.5,28.6486478116939,NA,v1,MR,NA,CBC2StepRW_CBCdriftDiffusionLR,76.21824379297911
CBC_P041,CBC_P041_AV_prob0.7_Vset4_Aset1_2024-05-17_19h28.30.418.csv,1,14,aud,1B,0.5,1,1.68305730000066,1,1,1,0.606055308455099,0.393944691544901,CBC2StepRW,CBCdriftDiffusionLR,0.5,0.212110616910199,NA,0.175019528929374,0.610339113124025,3.6402614461554,2.30664029892872,0.5,28.6486478116939,NA,v1,MR,NA,CBC2StepRW_CBCdriftDiffusionLR,76.21824379297911
CBC_P041,CBC_P041_AV_prob0.7_Vset4_Aset1_2024-05-17_19h28.30.418.csv,1,15,aud,0A,0.5,0,1.50534530000368,0,0,1,0.543340462987437,0.543340462987437,CBC2StepRW,CBCdriftDiffusionLR,0.5,0.212110616910199,NA,0.175019528929374,0.610339113124025,3.6402614461554,2.30664029892872,0.5,28.6486478116939,NA,v1,MR,NA,CBC2StepRW_CBCdriftDiffusionLR,76.21824379297911
CBC_P041,CBC_P041_AV_prob0.7_Vset4_Aset1_2024-05-17_19h28.30.418.csv,1,16,aud,1C,0.35,1,1.79256460000397,0,1,1,0.237605945075309,0.237605945075309,CBC2StepRW,CBCdriftDiffusionLR,0.5,0.212110616910199,NA,0.175019528929374,0.610339113124025,3.6402614461554,2.30664029892872,0.5,28.6486478116939,NA,v1,MR,NA,CBC2StepRW_CBCdriftDiffusionLR,76.21824379297911
CBC_P041,CBC_P041_AV_prob0.7_Vset4_Aset1_2024-05-17_19h28.30.418.csv,1,17,aud,2A,0.35,1,1.54598149999947,0,1,1,0.357464869840828,0.357464869840828,CBC2StepRW,CBCdriftDiffusionLR,0.5,0.212110616910199,NA,0.175019528929374,0.610339113124025,3.6402614461554,2.30664029892872,0.5,28.6486478116939,NA,v1,MR,NA,CBC2StepRW_CBCdriftDiffusionLR,76.21824379297911
CBC_P041,CBC_P041_AV_prob0.7_Vset4_Aset1_2024-05-17_19h28.30.418.csv,1,18,aud,0B,0.35,0,1.06884939999873,0,1,0,0.182477753183171,-0.817522246816829,CBC2StepRW,CBCdriftDiffusionLR,0.5,0.212110616910199,NA,0.175019528929374,0.610339113124025,3.6402614461554,2.30664029892872,0.5,28.6486478116939,NA,v1,MR,NA,CBC2StepRW_CBCdriftDiffusionLR,76.21824379297911
CBC_P041,CBC_P041_AV_prob0.7_Vset4_Aset1_2024-05-17_19h28.30.418.csv,1,19,aud,2C,0.5,1,1.85598899999968,0,0,0,0.689615160007186,-0.310384839992814,CBC2StepRW,CBCdriftDiffusionLR,0.5,0.212110616910199,NA,0.175019528929374,0.610339113124025,3.6402614461554,2.30664029892872,0.5,28.6486478116939,NA,v1,MR,NA,CBC2StepRW_CBCdriftDiffusionLR,76.21824379297911
CBC_P041,CBC_P041_AV_prob0.7_Vset4_Aset1_2024-05-17_19h28.30.418.csv,1,20,aud,1B,0.5,1,1.28007190000062,1,1,1,0.689615160007186,0.310384839992814,CBC2StepRW,CBCdriftDiffusionLR,0.5,0.212110616910199,NA,0.175019528929374,0.610339113124025,3.6402614461554,2.30664029892872,0.5,28.6486478116939,NA,v1,MR,NA,CBC2StepRW_CBCdriftDiffusionLR,76.21824379297911
CBC_P041,CBC_P041_AV_prob0.7_Vset4_Aset1_2024-05-17_19h28.30.418.csv,1,21,aud,0C,0.15,1,0.959297199999128,0,1,1,0.23160326449325,0.23160326449325,CBC2StepRW,CBCdriftDiffusionLR,0.5,0.212110616910199,NA,0.175019528929374,0.610339113124025,3.6402614461554,2.30664029892872,0.5,28.6486478116939,NA,v1,MR,NA,CBC2StepRW_CBCdriftDiffusionLR,76.21824379297911
CBC_P041,CBC_P041_AV_prob0.7_Vset4_Aset1_2024-05-17_19h28.30.418.csv,1,22,aud,1B,0.5,0,0.997661400000652,1,1,0,0.755451079897635,-0.755451079897635,CBC2StepRW,CBCdriftDiffusionLR,0.5,0.212110616910199,NA,0.175019528929374,0.610339113124025,3.6402614461554,2.30664029892872,0.5,28.6486478116939,NA,v1,MR,NA,CBC2StepRW_CBCdriftDiffusionLR,76.21824379297911
CBC_P041,CBC_P041_AV_prob0.7_Vset4_Aset1_2024-05-17_19h28.30.418.csv,1,23,aud,2C,0.5,0,1.03426010000112,1,1,0,0.755451079897635,-0.755451079897635,CBC2StepRW,CBCdriftDiffusionLR,0.5,0.212110616910199,NA,0.175019528929374,0.610339113124025,3.6402614461554,2.30664029892872,0.5,28.6486478116939,NA,v1,MR,NA,CBC2StepRW_CBCdriftDiffusionLR,76.21824379297911
CBC_P041,CBC_P041_AV_prob0.7_Vset4_Aset1_2024-05-17_19h28.30.418.csv,1,24,aud,0B,0.35,1,1.22622230000343,0,1,1,0.293596443554928,0.293596443554928,CBC2StepRW,CBCdriftDiffusionLR,0.5,0.212110616910199,NA,0.175019528929374,0.610339113124025,3.6402614461554,2.30664029892872,0.5,28.6486478116939,NA,v1,MR,NA,CBC2StepRW_CBCdriftDiffusionLR,76.21824379297911
CBC_P041,CBC_P041_AV_prob0.7_Vset4_Aset1_2024-05-17_19h28.30.418.csv,1,25,aud,2A,0.35,1,1.05742310000278,0,1,1,0.281642775775166,0.281642775775166,CBC2StepRW,CBCdriftDiffusionLR,0.5,0.212110616910199,NA,0.175019528929374,0.610339113124025,3.6402614461554,2.30664029892872,0.5,28.6486478116939,NA,v1,MR,NA,CBC2StepRW_CBCdriftDiffusionLR,76.21824379297911
CBC_P041,CBC_P041_AV_prob0.7_Vset4_Aset1_2024-05-17_19h28.30.418.csv,1,26,aud,1B,0.5,1,0.898438500000339,1,1,1,0.595211885295072,0.404788114704928,CBC2StepRW,CBCdriftDiffusionLR,0.5,0.212110616910199,NA,0.175019528929374,0.610339113124025,3.6402614461554,2.30664029892872,0.5,28.6486478116939,NA,v1,MR,NA,CBC2StepRW_CBCdriftDiffusionLR,76.21824379297911
CBC_P041,CBC_P041_AV_prob0.7_Vset4_Aset1_2024-05-17_19h28.30.418.csv,1,27,aud,0A,0.5,1,1.43442530000175,1,1,1,0.428092182190899,0.571907817809101,CBC2StepRW,CBCdriftDiffusionLR,0.5,0.212110616910199,NA,0.175019528929374,0.610339113124025,3.6402614461554,2.30664029892872,0.5,28.6486478116939,NA,v1,MR,NA,CBC2StepRW_CBCdriftDiffusionLR,76.21824379297911
CBC_P041,CBC_P041_AV_prob0.7_Vset4_Aset1_2024-05-17_19h28.30.418.csv,1,28,aud,2B,0.15,1,0.985912000000098,0,1,1,0.205248215822233,0.205248215822233,CBC2StepRW,CBCdriftDiffusionLR,0.5,0.212110616910199,NA,0.175019528929374,0.610339113124025,3.6402614461554,2.30664029892872,0.5,28.6486478116939,NA,v1,MR,NA,CBC2StepRW_CBCdriftDiffusionLR,76.21824379297911
CBC_P041,CBC_P041_AV_prob0.7_Vset4_Aset1_2024-05-17_19h28.30.418.csv,1,29,aud,1C,0.35,1,1.15646660000129,0,1,1,0.127411869253589,0.127411869253589,CBC2StepRW,CBCdriftDiffusionLR,0.5,0.212110616910199,NA,0.175019528929374,0.610339113124025,3.6402614461554,2.30664029892872,0.5,28.6486478116939,NA,v1,MR,NA,CBC2StepRW_CBCdriftDiffusionLR,76.21824379297911
CBC_P041,CBC_P041_AV_prob0.7_Vset4_Aset1_2024-05-17_19h28.30.418.csv,1,30,aud,0B,0.35,0,1.12720160000026,0,1,0,0.157435756364105,-0.842564243635896,CBC2StepRW,CBCdriftDiffusionLR,0.5,0.212110616910199,NA,0.175019528929374,0.610339113124025,3.6402614461554,2.30664029892872,0.5,28.6486478116939,NA,v1,MR,NA,CBC2StepRW_CBCdriftDiffusionLR,76.21824379297911
CBC_P041,CBC_P041_AV_prob0.7_Vset4_Aset1_2024-05-17_19h28.30.418.csv,1,31,aud,2C,0.5,1,1.53332500000033,1,1,1,0.595211885295072,0.404788114704928,CBC2StepRW,CBCdriftDiffusionLR,0.5,0.212110616910199,NA,0.175019528929374,0.610339113124025,3.6402614461554,2.30664029892872,0.5,28.6486478116939,NA,v1,MR,NA,CBC2StepRW_CBCdriftDiffusionLR,76.21824379297911
CBC_P041,CBC_P041_AV_prob0.7_Vset4_Aset1_2024-05-17_19h28.30.418.csv,1,32,aud,0A,0.5,1,1.60602730000028,1,1,1,0.549399902242152,0.450600097757848,CBC2StepRW,CBCdriftDiffusionLR,0.5,0.212110616910199,NA,0.175019528929374,0.610339113124025,3.6402614461554,2.30664029892872,0.5,28.6486478116939,NA,v1,MR,NA,CBC2StepRW_CBCdriftDiffusionLR,76.21824379297911
CBC_P041,CBC_P041_AV_prob0.7_Vset4_Aset1_2024-05-17_19h28.30.418.csv,1,33,aud,2C,0.5,1,NA,NA,NA,NA,0.681071742023051,0,CBC2StepRW,CBCdriftDiffusionLR,0.5,0.212110616910199,NA,0.175019528929374,0.610339113124025,3.6402614461554,2.30664029892872,0.5,28.6486478116939,NA,v1,MR,NA,CBC2StepRW_CBCdriftDiffusionLR,76.21824379297911
CBC_P041,CBC_P041_AV_prob0.7_Vset4_Aset1_2024-05-17_19h28.30.418.csv,1,34,aud,1A,0.15,0,1.2780894000025,0,1,0,0.0845248866692319,-0.915475113330768,CBC2StepRW,CBCdriftDiffusionLR,0.5,0.212110616910199,NA,0.175019528929374,0.610339113124025,3.6402614461554,2.30664029892872,0.5,28.6486478116939,NA,v1,MR,NA,CBC2StepRW_CBCdriftDiffusionLR,76.21824379297911
CBC_P041,CBC_P041_AV_prob0.7_Vset4_Aset1_2024-05-17_19h28.30.418.csv,1,35,aud,0B,0.35,1,0.987218599999323,0,1,1,0.277319312041304,0.277319312041304,CBC2StepRW,CBCdriftDiffusionLR,0.5,0.212110616910199,NA,0.175019528929374,0.610339113124025,3.6402614461554,2.30664029892872,0.5,28.6486478116939,NA,v1,MR,NA,CBC2StepRW_CBCdriftDiffusionLR,76.21824379297911
CBC_P041,CBC_P041_AV_prob0.7_Vset4_Aset1_2024-05-17_19h28.30.418.csv,1,36,aud,2C,0.5,0,2.97058749999997,1,1,0,0.681071742023051,-0.681071742023051,CBC2StepRW,CBCdriftDiffusionLR,0.5,0.212110616910199,NA,0.175019528929374,0.610339113124025,3.6402614461554,2.30664029892872,0.5,28.6486478116939,NA,v1,MR,NA,CBC2StepRW_CBCdriftDiffusionLR,76.21824379297911
CBC_P041,CBC_P041_AV_prob0.7_Vset4_Aset1_2024-05-17_19h28.30.418.csv,1,37,aud,1B,0.5,1,0.715682699999888,1,1,1,0.681071742023051,0.318928257976949,CBC2StepRW,CBCdriftDiffusionLR,0.5,0.212110616910199,NA,0.175019528929374,0.610339113124025,3.6402614461554,2.30664029892872,0.5,28.6486478116939,NA,v1,MR,NA,CBC2StepRW_CBCdriftDiffusionLR,76.21824379297911
CBC_P041,CBC_P041_AV_prob0.7_Vset4_Aset1_2024-05-17_19h28.30.418.csv,1,38,aud,2A,0.35,1,0.991097599999193,0,1,1,0.124593351542073,0.124593351542073,CBC2StepRW,CBCdriftDiffusionLR,0.5,0.212110616910199,NA,0.175019528929374,0.610339113124025,3.6402614461554,2.30664029892872,0.5,28.6486478116939,NA,v1,MR,NA,CBC2StepRW_CBCdriftDiffusionLR,76.21824379297911
CBC_P041,CBC_P041_AV_prob0.7_Vset4_Aset1_2024-05-17_19h28.30.418.csv,1,39,aud,1C,0.35,0,0.766922700000578,0,1,0,0.0683222990129659,-0.931677700987034,CBC2StepRW,CBCdriftDiffusionLR,0.5,0.212110616910199,NA,0.175019528929374,0.610339113124025,3.6402614461554,2.30664029892872,0.5,28.6486478116939,NA,v1,MR,NA,CBC2StepRW_CBCdriftDiffusionLR,76.21824379297911
CBC_P041,CBC_P041_AV_prob0.7_Vset4_Aset1_2024-05-17_19h28.30.418.csv,1,40,aud,0A,0.5,1,1.08225999999922,1,1,1,0.644976966957365,0.355023033042635,CBC2StepRW,CBCdriftDiffusionLR,0.5,0.212110616910199,NA,0.175019528929374,0.610339113124025,3.6402614461554,2.30664029892872,0.5,28.6486478116939,NA,v1,MR,NA,CBC2StepRW_CBCdriftDiffusionLR,76.21824379297911
CBC_P041,CBC_P041_AV_prob0.7_Vset4_Aset1_2024-05-17_19h28.30.418.csv,1,41,aud,1B,0.5,1,1.01951170000029,1,1,1,0.748719811572636,0.251280188427364,CBC2StepRW,CBCdriftDiffusionLR,0.5,0.212110616910199,NA,0.175019528929374,0.610339113124025,3.6402614461554,2.30664029892872,0.5,28.6486478116939,NA,v1,MR,NA,CBC2StepRW_CBCdriftDiffusionLR,76.21824379297911
CBC_P041,CBC_P041_AV_prob0.7_Vset4_Aset1_2024-05-17_19h28.30.418.csv,1,42,aud,0C,0.15,1,1.40802250000343,0,1,1,0.0845248866692319,0.0845248866692319,CBC2StepRW,CBCdriftDiffusionLR,0.5,0.212110616910199,NA,0.175019528929374,0.610339113124025,3.6402614461554,2.30664029892872,0.5,28.6486478116939,NA,v1,MR,NA,CBC2StepRW_CBCdriftDiffusionLR,76.21824379297911
