ID,filename,session,trial,visStimLeft,visStimRight,correctKey,leftCorrect,rightCorrect,secondStim,mod2Type,mod2Stim,frequency,rewardAccurate,stimPairLeft,stimPairRight,pCorrectLeft,pCorrectRight,key,reactionTime,choiceLeft,choiceRight,choiceAccurate,reward,chosenPair,otherPair,triplet,surprise,0A belief,1A belief,2A belief,3A belief,0B belief,1B belief,2B belief,3B belief,0C belief,1C belief,2C belief,3C belief,0D belief,1D belief,2D belief,3D belief,beliefPairNorm,beliefOtherPairNorm,beliefPair,beliefOtherPair,lik,corrLik,rewardPE,update2,rewardPEOP,update2OP,fit_percModel,fit_respModel,fit_startBelief,fit_alpha1,fit_alpha2,fit_nonDecisionTime,fit_weight,fit_startingBoundary,fit_startingPoint,fit_NLL
CBC_1013,CBC_1013_MSI_AV_v3_Vset5_Aset2_2023-06-23_14h24.40.256.csv,1,1,1,3,b,1,0,0,aud,B,27,1,1B,3B,1,0,b,2.79824739999822,1,0,1,1,1B,3B,B13,2.77258872223978,0.5,0.5,0.5,0.5,0.5,0.5,0.5,0.5,0.5,0.5,0.5,0.5,0.5,0.5,0.5,0.5,0.5,0.5,0.5,0.5,0.106415276016689,0.501101659334207,0.5,0.00161714386402678,0.5,-0.40127502233152,CBCbothPairsRW,CBCdriftDiffusionLR,0.5,0.00323428772805356,0.802550044663041,0.935520285122257,1.06302908814491,2.32598678115042,0.5,65.6464254638043
CBC_1013,CBC_1013_MSI_AV_v3_Vset5_Aset2_2023-06-23_14h24.40.256.csv,1,2,3,2,z,0,1,1,aud,C,63,1,3C,2C,0,1,b,2.60718030000135,1,0,0,0,3C,2C,C32,2.83321334405622,0.5,0.5,0.5,0.5,0.5,0.501617143864027,0.5,0.0987249776684796,0.5,0.5,0.5,0.5,0.5,0.5,0.5,0.5,0.5,0.5,0.5,0.5,0.126281655151677,0.499550020028017,-0.5,-0.00161714386402678,-0.5,0.40127502233152,CBCbothPairsRW,CBCdriftDiffusionLR,0.5,0.00323428772805356,0.802550044663041,0.935520285122257,1.06302908814491,2.32598678115042,0.5,65.6464254638043
CBC_1013,CBC_1013_MSI_AV_v3_Vset5_Aset2_2023-06-23_14h24.40.256.csv,1,3,3,2,b,1,0,3,aud,D,63,1,3D,2D,1,0,z,2.43318480000016,0,1,0,0,2D,3D,D32,2.89037175789616,0.5,0.5,0.5,0.5,0.5,0.501617143864027,0.5,0.0987249776684796,0.5,0.5,0.90127502233152,0.498382856135973,0.5,0.5,0.5,0.5,0.5,0.5,0.5,0.5,0.148189715713508,0.500205451498059,-0.5,-0.00161714386402678,-0.5,0.40127502233152,CBCbothPairsRW,CBCdriftDiffusionLR,0.5,0.00323428772805356,0.802550044663041,0.935520285122257,1.06302908814491,2.32598678115042,0.5,65.6464254638043
CBC_1013,CBC_1013_MSI_AV_v3_Vset5_Aset2_2023-06-23_14h24.40.256.csv,1,4,0,1,z,0,1,0,aud,B,63,1,0B,1B,0,1,z,2.62709480000194,0,1,1,1,1B,0B,B01,2.94443897916644,0.5,0.5,0.5,0.5,0.5,0.501617143864027,0.5,0.0987249776684796,0.5,0.5,0.90127502233152,0.498382856135973,0.5,0.5,0.498382856135973,0.90127502233152,0.500807266466001,0.499192733533999,0.501617143864027,0.5,0.124270755749395,0.500605445268621,0.498382856135973,0.00161191355547286,0.5,-0.40127502233152,CBCbothPairsRW,CBCdriftDiffusionLR,0.5,0.00323428772805356,0.802550044663041,0.935520285122257,1.06302908814491,2.32598678115042,0.5,65.6464254638043
CBC_1013,CBC_1013_MSI_AV_v3_Vset5_Aset2_2023-06-23_14h24.40.256.csv,1,5,0,3,b,1,0,2,aud,A,9,1,0A,3A,1,0,b,1.73527250000188,1,0,1,1,0A,3A,A03,2.99573227355399,0.5,0.5,0.5,0.5,0.0987249776684796,0.5032290574195,0.5,0.0987249776684796,0.5,0.5,0.90127502233152,0.498382856135973,0.5,0.5,0.498382856135973,0.90127502233152,0.5,0.5,0.5,0.5,0.277389624101995,0.499751990699004,0.5,0.00161714386402678,0.5,-0.40127502233152,CBCbothPairsRW,CBCdriftDiffusionLR,0.5,0.00323428772805356,0.802550044663041,0.935520285122257,1.06302908814491,2.32598678115042,0.5,65.6464254638043
CBC_1013,CBC_1013_MSI_AV_v3_Vset5_Aset2_2023-06-23_14h24.40.256.csv,1,6,3,2,b,1,0,3,aud,D,63,1,3D,2D,1,0,z,3.28556509999908,0,1,0,0,2D,3D,D32,2.35137525716348,0.501617143864027,0.5,0.5,0.0987249776684796,0.0987249776684796,0.5032290574195,0.5,0.0987249776684796,0.5,0.5,0.90127502233152,0.498382856135973,0.5,0.5,0.498382856135973,0.90127502233152,0.35607476927266,0.64392523072734,0.498382856135973,0.90127502233152,0.042776216402586,0.329546491635788,-0.498382856135973,-0.00161191355547286,-0.0987249776684795,0.079231735237196,CBCbothPairsRW,CBCdriftDiffusionLR,0.5,0.00323428772805356,0.802550044663041,0.935520285122257,1.06302908814491,2.32598678115042,0.5,65.6464254638043
CBC_1013,CBC_1013_MSI_AV_v3_Vset5_Aset2_2023-06-23_14h24.40.256.csv,1,7,0,2,z,0,1,1,aud,C,27,1,0C,2C,0,1,z,2.25848079999923,0,1,1,1,2C,0C,C02,3.09104245335832,0.501617143864027,0.5,0.5,0.0987249776684796,0.0987249776684796,0.5032290574195,0.5,0.0987249776684796,0.5,0.5,0.90127502233152,0.498382856135973,0.5,0.5,0.4967709425805,0.980506757568716,0.643182107700691,0.356817892299309,0.90127502233152,0.5,0.232704608337601,0.669797430749162,0.0987249776684795,0.000319304983725526,0.5,-0.40127502233152,CBCbothPairsRW,CBCdriftDiffusionLR,0.5,0.00323428772805356,0.802550044663041,0.935520285122257,1.06302908814491,2.32598678115042,0.5,65.6464254638043
CBC_1013,CBC_1013_MSI_AV_v3_Vset5_Aset2_2023-06-23_14h24.40.256.csv,1,8,0,1,b,1,0,2,aud,A,63,1,0A,1A,1,0,b,1.55469850000009,1,0,1,1,0A,1A,A01,3.13549421592915,0.501617143864027,0.5,0.5,0.0987249776684796,0.0987249776684796,0.5032290574195,0.5,0.0987249776684796,0.0987249776684796,0.5,0.901594327315246,0.498382856135973,0.5,0.5,0.4967709425805,0.980506757568716,0.500807266466001,0.499192733533999,0.501617143864027,0.5,0.320143261189029,0.501305552559126,0.498382856135973,0.00161191355547286,0.5,-0.40127502233152,CBCbothPairsRW,CBCdriftDiffusionLR,0.5,0.00323428772805356,0.802550044663041,0.935520285122257,1.06302908814491,2.32598678115042,0.5,65.6464254638043
CBC_1013,CBC_1013_MSI_AV_v3_Vset5_Aset2_2023-06-23_14h24.40.256.csv,1,9,1,0,b,1,0,0,aud,B,63,1,1B,0B,1,0,b,2.03591600000073,1,0,1,1,1B,0B,B10,3.17805383034795,0.5032290574195,0.0987249776684796,0.5,0.0987249776684796,0.0987249776684796,0.5032290574195,0.5,0.0987249776684796,0.0987249776684796,0.5,0.901594327315246,0.498382856135973,0.5,0.5,0.4967709425805,0.980506757568716,0.835992497908831,0.164007502091169,0.5032290574195,0.0987249776684796,0.368347669848032,0.840025388345755,0.4967709425805,0.00160670016324171,0.0987249776684795,-0.079231735237196,CBCbothPairsRW,CBCdriftDiffusionLR,0.5,0.00323428772805356,0.802550044663041,0.935520285122257,1.06302908814491,2.32598678115042,0.5,65.6464254638043
CBC_1013,CBC_1013_MSI_AV_v3_Vset5_Aset2_2023-06-23_14h24.40.256.csv,1,10,1,3,z,0,1,3,aud,D,27,1,1D,3D,0,1,z,2.57845549999911,0,1,1,1,3D,1D,D13,3.2188758248682,0.5032290574195,0.0987249776684796,0.5,0.0987249776684796,0.0194932424312836,0.504835757582741,0.5,0.0987249776684796,0.0987249776684796,0.5,0.901594327315246,0.498382856135973,0.5,0.5,0.4967709425805,0.980506757568716,0.662277799514338,0.337722200485662,0.980506757568716,0.5,0.175806311201282,0.690762699285937,0.0194932424312836,6.30467547754735e-05,0.5,-0.40127502233152,CBCbothPairsRW,CBCdriftDiffusionLR,0.5,0.00323428772805356,0.802550044663041,0.935520285122257,1.06302908814491,2.32598678115042,0.5,65.6464254638043
CBC_1013,CBC_1013_MSI_AV_v3_Vset5_Aset2_2023-06-23_14h24.40.256.csv,1,11,3,2,z,0,1,1,aud,C,63,1,3C,2C,0,1,b,1.73101809999935,1,0,0,0,3C,2C,C32,2.56494935746154,0.5032290574195,0.0987249776684796,0.5,0.0987249776684796,0.0194932424312836,0.504835757582741,0.5,0.0987249776684796,0.0987249776684796,0.5,0.901594327315246,0.498382856135973,0.5,0.0987249776684796,0.4967709425805,0.980569804323492,0.355993556200224,0.644006443799776,0.498382856135973,0.901594327315246,0.187500121029738,0.328255490088969,-0.498382856135973,-0.00161191355547286,-0.098405672684754,0.0789754770082459,CBCbothPairsRW,CBCdriftDiffusionLR,0.5,0.00323428772805356,0.802550044663041,0.935520285122257,1.06302908814491,2.32598678115042,0.5,65.6464254638043
CBC_1013,CBC_1013_MSI_AV_v3_Vset5_Aset2_2023-06-23_14h24.40.256.csv,1,12,1,0,b,1,0,0,aud,B,63,1,1B,0B,1,0,b,1.91491669999959,1,0,1,1,1B,0B,B10,2.60268968544438,0.5032290574195,0.0987249776684796,0.5,0.0987249776684796,0.0194932424312836,0.504835757582741,0.5,0.0987249776684796,0.0987249776684796,0.5,0.980569804323492,0.4967709425805,0.5,0.0987249776684796,0.4967709425805,0.980569804323492,0.962822498029363,0.0371775019706372,0.504835757582741,0.0194932424312836,0.4635940219542,0.908216128255633,0.495164242417259,0.00160150363262108,0.0194932424312836,-0.0156443025838541,CBCbothPairsRW,CBCdriftDiffusionLR,0.5,0.00323428772805356,0.802550044663041,0.935520285122257,1.06302908814491,2.32598678115042,0.5,65.6464254638043
CBC_1013,CBC_1013_MSI_AV_v3_Vset5_Aset2_2023-06-23_14h24.40.256.csv,1,13,0,1,b,1,0,2,aud,A,63,1,0A,1A,1,0,b,1.26508409999951,1,0,1,1,0A,1A,A01,2.63905732961526,0.5032290574195,0.0987249776684796,0.5,0.0987249776684796,0.0038489398474295,0.506437261215362,0.5,0.0987249776684796,0.0987249776684796,0.5,0.980569804323492,0.4967709425805,0.5,0.0987249776684796,0.4967709425805,0.980569804323492,0.835992497908831,0.164007502091169,0.5032290574195,0.0987249776684796,0.665061226277176,0.84059190304347,0.4967709425805,0.00160670016324171,0.0987249776684795,-0.079231735237196,CBCbothPairsRW,CBCdriftDiffusionLR,0.5,0.00323428772805356,0.802550044663041,0.935520285122257,1.06302908814491,2.32598678115042,0.5,65.6464254638043
CBC_1013,CBC_1013_MSI_AV_v3_Vset5_Aset2_2023-06-23_14h24.40.256.csv,1,14,1,2,z,0,1,1,aud,C,9,1,1C,2C,0,1,z,2.40471400000024,0,1,1,1,2C,1C,C12,3.36729582998647,0.504835757582741,0.0194932424312836,0.5,0.0987249776684796,0.0038489398474295,0.506437261215362,0.5,0.0987249776684796,0.0987249776684796,0.5,0.980569804323492,0.4967709425805,0.5,0.0987249776684796,0.4967709425805,0.980569804323492,0.662292180659147,0.337707819340853,0.980569804323492,0.5,0.208200172443473,0.691004706531374,0.0194301956765081,6.28428434302094e-05,0.5,-0.40127502233152,CBCbothPairsRW,CBCdriftDiffusionLR,0.5,0.00323428772805356,0.802550044663041,0.935520285122257,1.06302908814491,2.32598678115042,0.5,65.6464254638043
CBC_1013,CBC_1013_MSI_AV_v3_Vset5_Aset2_2023-06-23_14h24.40.256.csv,1,15,1,0,z,0,1,2,aud,A,63,1,1A,0A,0,1,z,1.53218919999927,0,1,1,1,0A,1A,A10,3.40119738166216,0.504835757582741,0.0194932424312836,0.5,0.0987249776684796,0.0038489398474295,0.506437261215362,0.5,0.0987249776684796,0.0987249776684796,0.0987249776684796,0.980632647166922,0.4967709425805,0.5,0.0987249776684796,0.4967709425805,0.980569804323492,0.962822498029363,0.0371775019706372,0.504835757582741,0.0194932424312836,0.762113573400291,0.907921731778463,0.495164242417259,0.00160150363262108,0.0194932424312836,-0.0156443025838541,CBCbothPairsRW,CBCdriftDiffusionLR,0.5,0.00323428772805356,0.802550044663041,0.935520285122257,1.06302908814491,2.32598678115042,0.5,65.6464254638043
CBC_1013,CBC_1013_MSI_AV_v3_Vset5_Aset2_2023-06-23_14h24.40.256.csv,1,16,3,1,b,1,0,3,aud,D,27,1,3D,1D,1,0,b,1.5336853000008,1,0,1,1,3D,1D,D31,3.43398720448515,0.506437261215362,0.0038489398474295,0.5,0.0987249776684796,0.0038489398474295,0.506437261215362,0.5,0.0987249776684796,0.0987249776684796,0.0987249776684796,0.980632647166922,0.4967709425805,0.5,0.0987249776684796,0.4967709425805,0.980569804323492,0.908528254453088,0.0914717455469121,0.980569804323492,0.0987249776684796,0.70980945980068,0.883201665715746,0.0194301956765082,6.28428434302098e-05,0.0987249776684795,-0.079231735237196,CBCbothPairsRW,CBCdriftDiffusionLR,0.5,0.00323428772805356,0.802550044663041,0.935520285122257,1.06302908814491,2.32598678115042,0.5,65.6464254638043
CBC_1013,CBC_1013_MSI_AV_v3_Vset5_Aset2_2023-06-23_14h24.40.256.csv,1,17,0,1,z,0,1,0,aud,B,63,1,0B,1B,0,1,z,2.45271010000215,0,1,1,1,1B,0B,B01,2.77258872223978,0.506437261215362,0.0038489398474295,0.5,0.0987249776684796,0.0038489398474295,0.506437261215362,0.5,0.0987249776684796,0.0987249776684796,0.0987249776684796,0.980632647166922,0.4967709425805,0.5,0.0194932424312836,0.4967709425805,0.980632647166922,0.9924572919287,0.00754270807130033,0.506437261215362,0.0038489398474295,0.214178050522308,0.919296910327167,0.493562738784638,0.00159632390907566,0.00384893984742951,-0.00308896684645991,CBCbothPairsRW,CBCdriftDiffusionLR,0.5,0.00323428772805356,0.802550044663041,0.935520285122257,1.06302908814491,2.32598678115042,0.5,65.6464254638043
CBC_1013,CBC_1013_MSI_AV_v3_Vset5_Aset2_2023-06-23_14h24.40.256.csv,1,18,2,3,b,1,0,1,aud,C,63,0,2C,3C,0,1,b,1.62948089999918,1,0,1,0,2C,3C,C23,3.49650756146648,0.506437261215362,0.0038489398474295,0.5,0.0987249776684796,0.000759973000969593,0.508033585124438,0.5,0.0987249776684796,0.0987249776684796,0.0987249776684796,0.980632647166922,0.4967709425805,0.5,0.0194932424312836,0.4967709425805,0.980632647166922,0.663754070974317,0.336245929025683,0.980632647166922,0.4967709425805,0.435268044051446,0.692630655425468,-0.980632647166922,-0.00317164813646066,-0.5032290574195,0.403866502507759,CBCbothPairsRW,CBCdriftDiffusionLR,0.5,0.00323428772805356,0.802550044663041,0.935520285122257,1.06302908814491,2.32598678115042,0.5,65.6464254638043
CBC_1013,CBC_1013_MSI_AV_v3_Vset5_Aset2_2023-06-23_14h24.40.256.csv,1,19,2,0,z,0,1,2,aud,A,27,1,2A,0A,0,1,z,1.81802009999956,0,1,1,1,0A,2A,A20,3.52636052461616,0.506437261215362,0.0038489398474295,0.5,0.0987249776684796,0.000759973000969593,0.508033585124438,0.5,0.0987249776684796,0.0987249776684796,0.0987249776684796,0.977460999030461,0.90063744508826,0.5,0.0194932424312836,0.4967709425805,0.980632647166922,0.503198043963311,0.496801956036689,0.506437261215362,0.5,0.26001644593076,0.50315788591495,0.493562738784638,0.00159632390907566,0.5,-0.40127502233152,CBCbothPairsRW,CBCdriftDiffusionLR,0.5,0.00323428772805356,0.802550044663041,0.935520285122257,1.06302908814491,2.32598678115042,0.5,65.6464254638043
CBC_1013,CBC_1013_MSI_AV_v3_Vset5_Aset2_2023-06-23_14h24.40.256.csv,1,20,3,2,b,1,0,3,aud,D,63,1,3D,2D,1,0,z,2.58035989999917,0,1,0,0,2D,3D,D32,2.4567357728213,0.508033585124438,0.0038489398474295,0.0987249776684796,0.0987249776684796,0.000759973000969593,0.508033585124438,0.5,0.0987249776684796,0.0987249776684796,0.0987249776684796,0.977460999030461,0.90063744508826,0.5,0.0194932424312836,0.4967709425805,0.980632647166922,0.336245929025683,0.663754070974317,0.4967709425805,0.980632647166922,0.0781211466843818,0.307639490288132,-0.4967709425805,-0.00160670016324171,-0.019367352833078,0.0155432698811916,CBCbothPairsRW,CBCdriftDiffusionLR,0.5,0.00323428772805356,0.802550044663041,0.935520285122257,1.06302908814491,2.32598678115042,0.5,65.6464254638043
CBC_1013,CBC_1013_MSI_AV_v3_Vset5_Aset2_2023-06-23_14h24.40.256.csv,1,21,3,1,z,0,1,0,aud,B,27,1,3B,1B,0,1,z,1.78323489999821,0,1,1,1,1B,3B,B31,3.58351893845611,0.508033585124438,0.0038489398474295,0.0987249776684796,0.0987249776684796,0.000759973000969593,0.508033585124438,0.5,0.0987249776684796,0.0987249776684796,0.0987249776684796,0.977460999030461,0.90063744508826,0.5,0.0194932424312836,0.495164242417259,0.996175917048114,0.837291166993924,0.162708833006076,0.508033585124438,0.0987249776684796,0.493325719529121,0.841511142006522,0.491966414875562,0.00159116093824654,0.0987249776684795,-0.079231735237196,CBCbothPairsRW,CBCdriftDiffusionLR,0.5,0.00323428772805356,0.802550044663041,0.935520285122257,1.06302908814491,2.32598678115042,0.5,65.6464254638043
CBC_1013,CBC_1013_MSI_AV_v3_Vset5_Aset2_2023-06-23_14h24.40.256.csv,1,22,3,2,z,0,1,1,aud,C,63,1,3C,2C,0,1,b,2.78485219999857,1,0,0,0,3C,2C,C32,2.51230562397611,0.508033585124438,0.0038489398474295,0.0987249776684796,0.0987249776684796,0.000759973000969593,0.509624746062685,0.5,0.0194932424312836,0.0987249776684796,0.0987249776684796,0.977460999030461,0.90063744508826,0.5,0.0194932424312836,0.495164242417259,0.996175917048114,0.479547516749515,0.520452483250485,0.90063744508826,0.977460999030461,0.101957235074608,0.474505640879043,-0.90063744508826,-0.00291292063607447,-0.0225390009695385,0.0180886762347635,CBCbothPairsRW,CBCdriftDiffusionLR,0.5,0.00323428772805356,0.802550044663041,0.935520285122257,1.06302908814491,2.32598678115042,0.5,65.6464254638043
CBC_1013,CBC_1013_MSI_AV_v3_Vset5_Aset2_2023-06-23_14h24.40.256.csv,1,23,0,1,b,1,0,2,aud,A,63,1,0A,1A,1,0,z,1.40452379999988,0,1,0,0,1A,0A,A01,2.53897387105828,0.508033585124438,0.0038489398474295,0.0987249776684796,0.0987249776684796,0.000759973000969593,0.509624746062685,0.5,0.0194932424312836,0.0987249776684796,0.0987249776684796,0.995549675265225,0.897724524452185,0.5,0.0194932424312836,0.495164242417259,0.996175917048114,0.00751918586718903,0.992480814132811,0.0038489398474295,0.508033585124438,0.0783003472300887,0.080697932739653,-0.0038489398474295,-1.24485789145576e-05,-0.491966414875562,0.394827668231098,CBCbothPairsRW,CBCdriftDiffusionLR,0.5,0.00323428772805356,0.802550044663041,0.935520285122257,1.06302908814491,2.32598678115042,0.5,65.6464254638043
CBC_1013,CBC_1013_MSI_AV_v3_Vset5_Aset2_2023-06-23_14h24.40.256.csv,1,24,2,1,z,0,1,0,aud,B,9,1,2B,1B,0,1,b,2.23736089999875,1,0,0,0,2B,1B,B21,3.66356164612965,0.902861253355536,0.00383649126851495,0.0987249776684796,0.0987249776684796,0.000759973000969593,0.509624746062685,0.5,0.0194932424312836,0.0987249776684796,0.0987249776684796,0.995549675265225,0.897724524452185,0.5,0.0194932424312836,0.495164242417259,0.996175917048114,0.495233503289109,0.504766496710891,0.5,0.509624746062685,0.174842849774423,0.493718154487379,-0.5,-0.00161714386402678,-0.490375253937315,0.393550681949042,CBCbothPairsRW,CBCdriftDiffusionLR,0.5,0.00323428772805356,0.802550044663041,0.935520285122257,1.06302908814491,2.32598678115042,0.5,65.6464254638043
CBC_1013,CBC_1013_MSI_AV_v3_Vset5_Aset2_2023-06-23_14h24.40.256.csv,1,25,2,3,b,1,0,1,aud,C,63,1,2C,3C,1,0,z,2.47701860000234,0,1,0,0,3C,2C,C23,2.99573227355399,0.902861253355536,0.00383649126851495,0.0987249776684796,0.0987249776684796,0.000759973000969593,0.903175428011727,0.498382856135973,0.0194932424312836,0.0987249776684796,0.0987249776684796,0.995549675265225,0.897724524452185,0.5,0.0194932424312836,0.495164242417259,0.996175917048114,0.474165086381138,0.525834913618862,0.897724524452185,0.995549675265225,0.133245532511893,0.46823505015286,-0.897724524452185,-0.00290349941260842,-0.00445032473477502,0.00357160831465873,CBCbothPairsRW,CBCdriftDiffusionLR,0.5,0.00323428772805356,0.802550044663041,0.935520285122257,1.06302908814491,2.32598678115042,0.5,65.6464254638043
CBC_1013,CBC_1013_MSI_AV_v3_Vset5_Aset2_2023-06-23_14h24.40.256.csv,1,26,2,3,z,0,1,3,aud,D,63,1,2D,3D,0,1,b,3.25851429999966,1,0,0,0,2D,3D,D23,3.71357206670431,0.902861253355536,0.00383649126851495,0.0987249776684796,0.0987249776684796,0.000759973000969593,0.903175428011727,0.498382856135973,0.0194932424312836,0.0987249776684796,0.0987249776684796,0.999121283579884,0.894821025039577,0.5,0.0194932424312836,0.495164242417259,0.996175917048114,0.33202635849005,0.66797364150995,0.495164242417259,0.996175917048114,0.0397192493785471,0.303497499074113,-0.495164242417259,-0.00160150363262108,-0.00382408295188641,0.00306901794383161,CBCbothPairsRW,CBCdriftDiffusionLR,0.5,0.00323428772805356,0.802550044663041,0.935520285122257,1.06302908814491,2.32598678115042,0.5,65.6464254638043
CBC_1013,CBC_1013_MSI_AV_v3_Vset5_Aset2_2023-06-23_14h24.40.256.csv,1,27,0,1,z,0,1,0,aud,B,63,1,0B,1B,0,1,z,1.28280069999892,0,1,1,1,1B,0B,B01,2.63905732961526,0.902861253355536,0.00383649126851495,0.0987249776684796,0.0987249776684796,0.000759973000969593,0.903175428011727,0.498382856135973,0.0194932424312836,0.0987249776684796,0.0987249776684796,0.999121283579884,0.894821025039577,0.5,0.0194932424312836,0.493562738784638,0.999244934991945,0.999159261823225,0.000840738176774778,0.903175428011727,0.000759973000969593,0.913343250078761,0.921805785871621,0.096824571988273,0.00031315852495571,0.000759973000969638,-0.000609916365870888,CBCbothPairsRW,CBCdriftDiffusionLR,0.5,0.00323428772805356,0.802550044663041,0.935520285122257,1.06302908814491,2.32598678115042,0.5,65.6464254638043
CBC_1013,CBC_1013_MSI_AV_v3_Vset5_Aset2_2023-06-23_14h24.40.256.csv,1,28,0,2,b,1,0,2,aud,A,27,1,0A,2A,1,0,b,1.61357810000118,1,0,1,1,0A,2A,A02,3.76120011569356,0.902861253355536,0.00383649126851495,0.0987249776684796,0.0987249776684796,0.000150056635098704,0.903488586536683,0.498382856135973,0.0194932424312836,0.0987249776684796,0.0987249776684796,0.999121283579884,0.894821025039577,0.5,0.0194932424312836,0.493562738784638,0.999244934991945,0.901431374942581,0.0985686250574189,0.902861253355536,0.0987249776684796,0.64463534845014,0.878748344675255,0.0971387466444635,0.000314174656190693,0.0987249776684795,-0.079231735237196,CBCbothPairsRW,CBCdriftDiffusionLR,0.5,0.00323428772805356,0.802550044663041,0.935520285122257,1.06302908814491,2.32598678115042,0.5,65.6464254638043
CBC_1013,CBC_1013_MSI_AV_v3_Vset5_Aset2_2023-06-23_14h24.40.256.csv,1,29,1,3,z,0,1,3,aud,D,27,1,1D,3D,0,1,z,1.65493009999773,0,1,1,1,3D,1D,D13,3.09104245335832,0.903175428011727,0.00383649126851495,0.0194932424312836,0.0987249776684796,0.000150056635098704,0.903488586536683,0.498382856135973,0.0194932424312836,0.0987249776684796,0.0987249776684796,0.999121283579884,0.894821025039577,0.5,0.0194932424312836,0.493562738784638,0.999244934991945,0.980865306844012,0.0191346931559877,0.999244934991945,0.0194932424312836,0.668475108132843,0.915067547914175,0.000755065008054778,2.44209748943423e-06,0.0194932424312836,-0.0156443025838541,CBCbothPairsRW,CBCdriftDiffusionLR,0.5,0.00323428772805356,0.802550044663041,0.935520285122257,1.06302908814491,2.32598678115042,0.5,65.6464254638043
CBC_1013,CBC_1013_MSI_AV_v3_Vset5_Aset2_2023-06-23_14h24.40.256.csv,1,30,1,0,z,0,1,2,aud,A,63,1,1A,0A,0,1,z,1.28256370000236,0,1,1,1,0A,1A,A10,3.11351530921037,0.903175428011727,0.00383649126851495,0.0194932424312836,0.0987249776684796,0.000150056635098704,0.903488586536683,0.498382856135973,0.0194932424312836,0.0987249776684796,0.0987249776684796,0.999121283579884,0.894821025039577,0.5,0.0038489398474295,0.493562738784638,0.999247377089435,0.99577018649153,0.00422981350847009,0.903175428011727,0.00383649126851495,0.908797543570464,0.920785110797275,0.0968245719882729,0.00031315852495571,0.00383649126851493,-0.00307897623889602,CBCbothPairsRW,CBCdriftDiffusionLR,0.5,0.00323428772805356,0.802550044663041,0.935520285122257,1.06302908814491,2.32598678115042,0.5,65.6464254638043
CBC_1013,CBC_1013_MSI_AV_v3_Vset5_Aset2_2023-06-23_14h24.40.256.csv,1,31,2,0,b,1,0,1,aud,C,27,1,2C,0C,1,0,b,2.24144290000186,1,0,1,1,2C,0C,C20,3.8286413964891,0.903488586536683,0.000757515029618923,0.0194932424312836,0.0987249776684796,0.000150056635098704,0.903488586536683,0.498382856135973,0.0194932424312836,0.0987249776684796,0.0987249776684796,0.999121283579884,0.894821025039577,0.5,0.0038489398474295,0.493562738784638,0.999247377089435,0.910073950102796,0.0899260498972044,0.999121283579884,0.0987249776684796,0.296030966525279,0.883975386613104,0.000878716420116277,2.84202173402123e-06,0.0987249776684795,-0.079231735237196,CBCbothPairsRW,CBCdriftDiffusionLR,0.5,0.00323428772805356,0.802550044663041,0.935520285122257,1.06302908814491,2.32598678115042,0.5,65.6464254638043
CBC_1013,CBC_1013_MSI_AV_v3_Vset5_Aset2_2023-06-23_14h24.40.256.csv,1,32,2,3,z,0,1,3,aud,D,63,1,2D,3D,0,1,z,2.72450219999882,0,1,1,1,3D,2D,D23,3.15700042115011,0.903488586536683,0.000757515029618923,0.0194932424312836,0.0987249776684796,0.000150056635098704,0.903488586536683,0.498382856135973,0.0194932424312836,0.0194932424312836,0.0987249776684796,0.999124125601618,0.894821025039577,0.5,0.0038489398474295,0.493562738784638,0.999247377089435,0.669373396163218,0.330626603836782,0.999247377089435,0.493562738784638,0.153605176638872,0.697174553833354,0.000752622910565326,2.43419904349339e-06,0.493562738784638,-0.396108798055624,CBCbothPairsRW,CBCdriftDiffusionLR,0.5,0.00323428772805356,0.802550044663041,0.935520285122257,1.06302908814491,2.32598678115042,0.5,65.6464254638043
CBC_1013,CBC_1013_MSI_AV_v3_Vset5_Aset2_2023-06-23_14h24.40.256.csv,1,33,1,0,b,1,0,0,aud,B,63,1,1B,0B,1,0,b,2.42343439999968,1,0,1,1,1B,0B,B10,2.77258872223978,0.903488586536683,0.000757515029618923,0.0194932424312836,0.0987249776684796,0.000150056635098704,0.903488586536683,0.498382856135973,0.0194932424312836,0.0194932424312836,0.0987249776684796,0.999124125601618,0.894821025039577,0.5,0.0038489398474295,0.097453940729014,0.999249811288478,0.999833941768391,0.000166058231609047,0.903488586536683,0.000150056635098704,0.221878450996621,0.922374292144135,0.0965114134633173,0.000312145680181511,0.000150056635098705,-0.000120427959200452,CBCbothPairsRW,CBCdriftDiffusionLR,0.5,0.00323428772805356,0.802550044663041,0.935520285122257,1.06302908814491,2.32598678115042,0.5,65.6464254638043
CBC_1013,CBC_1013_MSI_AV_v3_Vset5_Aset2_2023-06-23_14h24.40.256.csv,1,34,0,1,b,1,0,2,aud,A,63,1,0A,1A,1,0,b,1.38459890000013,1,0,1,1,0A,1A,A01,2.50552593699074,0.903488586536683,0.000757515029618923,0.0194932424312836,0.0987249776684796,2.96286758982528e-05,0.903800732216864,0.498382856135973,0.0194932424312836,0.0194932424312836,0.0987249776684796,0.999124125601618,0.894821025039577,0.5,0.0038489398474295,0.097453940729014,0.999249811288478,0.999162268957193,0.000837731042806581,0.903488586536683,0.000757515029618923,0.911794518751859,0.921745246378398,0.0965114134633172,0.00031214568018151,0.00075751502961896,-0.000607943720853621,CBCbothPairsRW,CBCdriftDiffusionLR,0.5,0.00323428772805356,0.802550044663041,0.935520285122257,1.06302908814491,2.32598678115042,0.5,65.6464254638043
CBC_1013,CBC_1013_MSI_AV_v3_Vset5_Aset2_2023-06-23_14h24.40.256.csv,1,35,2,3,z,0,1,3,aud,D,63,0,2D,3D,1,0,z,2.7593386999979,0,1,1,0,3D,2D,D23,2.81341071676004,0.903800732216864,0.000149571308765302,0.0194932424312836,0.0987249776684796,2.96286758982528e-05,0.903800732216864,0.498382856135973,0.0194932424312836,0.0194932424312836,0.0987249776684796,0.999124125601618,0.894821025039577,0.5,0.0038489398474295,0.097453940729014,0.999249811288478,0.911139229213233,0.0888607707867672,0.999249811288478,0.097453940729014,0.151579646917251,0.883875058286716,-0.999249811288478,-0.00323186140191016,-0.902546059270986,0.724338380178381,CBCbothPairsRW,CBCdriftDiffusionLR,0.5,0.00323428772805356,0.802550044663041,0.935520285122257,1.06302908814491,2.32598678115042,0.5,65.6464254638043
CBC_1013,CBC_1013_MSI_AV_v3_Vset5_Aset2_2023-06-23_14h24.40.256.csv,1,36,2,0,b,1,0,1,aud,C,27,1,2C,0C,1,0,b,2.50353389999873,1,0,1,1,2C,0C,C20,3.23867845216438,0.903800732216864,0.000149571308765302,0.0194932424312836,0.0987249776684796,2.96286758982528e-05,0.903800732216864,0.498382856135973,0.0194932424312836,0.0194932424312836,0.0987249776684796,0.999124125601618,0.894821025039577,0.5,0.0038489398474295,0.821792320907395,0.996017949886568,0.98086303744366,0.0191369625563404,0.999124125601618,0.0194932424312836,0.201148575487343,0.914899658228251,0.000875874398382215,2.8328298180039e-06,0.0194932424312836,-0.0156443025838541,CBCbothPairsRW,CBCdriftDiffusionLR,0.5,0.00323428772805356,0.802550044663041,0.935520285122257,1.06302908814491,2.32598678115042,0.5,65.6464254638043
CBC_1013,CBC_1013_MSI_AV_v3_Vset5_Aset2_2023-06-23_14h24.40.256.csv,1,37,0,1,b,1,0,2,aud,A,63,1,0A,1A,1,0,b,1.57866809999905,1,0,1,1,0A,1A,A01,2.34180580614733,0.903800732216864,0.000149571308765302,0.0194932424312836,0.0987249776684796,2.96286758982528e-05,0.903800732216864,0.498382856135973,0.0194932424312836,0.0038489398474295,0.0987249776684796,0.999126958431436,0.894821025039577,0.5,0.0038489398474295,0.821792320907395,0.996017949886568,0.999834535916209,0.00016546408379082,0.903800732216864,0.000149571308765302,0.752124922124221,0.922297998589653,0.0961992677831356,0.000311136111238734,0.000149571308765251,-0.000120038460529861,CBCbothPairsRW,CBCdriftDiffusionLR,0.5,0.00323428772805356,0.802550044663041,0.935520285122257,1.06302908814491,2.32598678115042,0.5,65.6464254638043
CBC_1013,CBC_1013_MSI_AV_v3_Vset5_Aset2_2023-06-23_14h24.40.256.csv,1,38,1,3,b,1,0,0,aud,B,27,1,1B,3B,1,0,b,1.16878569999972,1,0,1,1,1B,3B,B13,3.27714473299218,0.904111868328103,2.95328482354409e-05,0.0194932424312836,0.0987249776684796,2.96286758982528e-05,0.903800732216864,0.498382856135973,0.0194932424312836,0.0038489398474295,0.0987249776684796,0.999126958431436,0.894821025039577,0.5,0.0038489398474295,0.821792320907395,0.996017949886568,0.978887285126374,0.0211127148736264,0.903800732216864,0.0194932424312836,0.657128614399887,0.914502957502072,0.0961992677831357,0.000311136111238734,0.0194932424312836,-0.0156443025838541,CBCbothPairsRW,CBCdriftDiffusionLR,0.5,0.00323428772805356,0.802550044663041,0.935520285122257,1.06302908814491,2.32598678115042,0.5,65.6464254638043
CBC_1013,CBC_1013_MSI_AV_v3_Vset5_Aset2_2023-06-23_14h24.40.256.csv,1,39,3,2,z,0,1,1,aud,C,63,1,3C,2C,0,1,z,3.63241629999902,0,1,1,1,2C,3C,C32,2.60268968544438,0.904111868328103,2.95328482354409e-05,0.0194932424312836,0.0987249776684796,2.96286758982528e-05,0.904111868328103,0.498382856135973,0.0038489398474295,0.0038489398474295,0.0987249776684796,0.999126958431436,0.894821025039577,0.5,0.0038489398474295,0.821792320907395,0.996017949886568,0.527536641529272,0.472463358470728,0.999126958431436,0.894821025039577,0.0528727681787852,0.534070583585027,0.000873041568564159,2.82366763128769e-06,0.894821025039577,-0.71813865361094,CBCbothPairsRW,CBCdriftDiffusionLR,0.5,0.00323428772805356,0.802550044663041,0.935520285122257,1.06302908814491,2.32598678115042,0.5,65.6464254638043
CBC_1013,CBC_1013_MSI_AV_v3_Vset5_Aset2_2023-06-23_14h24.40.256.csv,1,40,3,2,b,1,0,3,aud,D,63,1,3D,2D,1,0,b,2.41442550000284,1,0,1,1,3D,2D,D32,2.62103882411258,0.904111868328103,2.95328482354409e-05,0.0194932424312836,0.0987249776684796,2.96286758982528e-05,0.904111868328103,0.498382856135973,0.0038489398474295,0.0038489398474295,0.0987249776684796,0.999129782099067,0.176682371428637,0.5,0.0038489398474295,0.821792320907395,0.996017949886568,0.547921840848406,0.452078159151594,0.996017949886568,0.821792320907395,0.16851886173508,0.55956323071475,0.003982050113432,1.28790958143674e-05,0.821792320907395,-0.659529463847974,CBCbothPairsRW,CBCdriftDiffusionLR,0.5,0.00323428772805356,0.802550044663041,0.935520285122257,1.06302908814491,2.32598678115042,0.5,65.6464254638043
CBC_1013,CBC_1013_MSI_AV_v3_Vset5_Aset2_2023-06-23_14h24.40.256.csv,1,41,0,1,z,0,1,0,aud,B,63,1,0B,1B,0,1,z,1.47933189999821,0,1,1,1,1B,0B,B01,2.63905732961526,0.904111868328103,2.95328482354409e-05,0.0194932424312836,0.0987249776684796,2.96286758982528e-05,0.904111868328103,0.498382856135973,0.0038489398474295,0.0038489398474295,0.0987249776684796,0.999129782099067,0.176682371428637,0.5,0.0038489398474295,0.162262857059421,0.996030828982382,0.999967230045301,3.27699546989398e-05,0.904111868328103,2.96286758982528e-05,0.844279523932046,0.922094362870226,0.0958881316718969,0.000310129807532401,2.96286758982856e-05,-2.37784951654758e-05,CBCbothPairsRW,CBCdriftDiffusionLR,0.5,0.00323428772805356,0.802550044663041,0.935520285122257,1.06302908814491,2.32598678115042,0.5,65.6464254638043
CBC_1013,CBC_1013_MSI_AV_v3_Vset5_Aset2_2023-06-23_14h24.40.256.csv,1,42,2,0,z,0,1,2,aud,A,27,1,2A,0A,0,1,b,1.33160869999847,1,0,0,0,2A,0A,A20,3.3499040872746,0.904111868328103,2.95328482354409e-05,0.0194932424312836,0.0987249776684796,5.85018073277695e-06,0.904421998135636,0.498382856135973,0.0038489398474295,0.0038489398474295,0.0987249776684796,0.999129782099067,0.176682371428637,0.5,0.0038489398474295,0.162262857059421,0.996030828982382,0.02110560260462,0.97889439739538,0.0194932424312836,0.904111868328103,0.0842431304995858,0.0858052928999034,-0.0194932424312836,-6.30467547754737e-05,-0.0958881316718968,0.0769550243559363,CBCbothPairsRW,CBCdriftDiffusionLR,0.5,0.00323428772805356,0.802550044663041,0.935520285122257,1.06302908814491,2.32598678115042,0.5,65.6464254638043
CBC_1013,CBC_1013_MSI_AV_v3_Vset5_Aset2_2023-06-23_14h24.40.256.csv,1,43,3,0,b,1,0,3,aud,D,9,1,3D,0D,1,0,z,1.06522469999982,0,1,0,0,0D,3D,D30,4.06044301054642,0.98106689268404,2.95328482354409e-05,0.0194301956765082,0.0987249776684796,5.85018073277695e-06,0.904421998135636,0.498382856135973,0.0038489398474295,0.0038489398474295,0.0987249776684796,0.999129782099067,0.176682371428637,0.5,0.0038489398474295,0.162262857059421,0.996030828982382,0.334217711502714,0.665782288497286,0.5,0.996030828982382,0.0356009135980681,0.306113541284834,-0.5,-0.00161714386402678,-0.00396917101761762,0.00318545837746427,CBCbothPairsRW,CBCdriftDiffusionLR,0.5,0.00323428772805356,0.802550044663041,0.935520285122257,1.06302908814491,2.32598678115042,0.5,65.6464254638043
CBC_1013,CBC_1013_MSI_AV_v3_Vset5_Aset2_2023-06-23_14h24.40.256.csv,1,44,3,2,z,0,1,1,aud,C,63,1,3C,2C,0,1,b,2.4016870000014,1,0,0,0,3C,2C,C32,2.46809953147162,0.98106689268404,2.95328482354409e-05,0.0194301956765082,0.0987249776684796,5.85018073277695e-06,0.904421998135636,0.498382856135973,0.0038489398474295,0.0038489398474295,0.0987249776684796,0.999129782099067,0.176682371428637,0.498382856135973,0.0038489398474295,0.162262857059421,0.999216287359847,0.150264113956085,0.849735886043915,0.176682371428637,0.999129782099067,0.0428976952769396,0.150925616611906,-0.176682371428637,-0.000571441625675041,-0.00087021790093289,0.000698393415260269,CBCbothPairsRW,CBCdriftDiffusionLR,0.5,0.00323428772805356,0.802550044663041,0.935520285122257,1.06302908814491,2.32598678115042,0.5,65.6464254638043
CBC_1013,CBC_1013_MSI_TV_v3_Vset4_Tset2_2023-06-23_15h01.09.889.csv,3,1,0,1,b,1,0,2,tac,A,63,1,0A,1A,1,0,z,1.72054339999522,0,1,0,0,1A,0A,A01,2.77258872223978,0.5,0.5,0.5,0.5,0.5,0.5,0.5,0.5,0.5,0.5,0.5,0.5,0.5,0.5,0.5,0.5,0.5,0.5,0.5,0.5,0.362615181341946,0.500386287891021,-0.5,-0.155201156926632,-0.5,0.481105338102996,CBCbothPairsRW,CBCdriftDiffusionLR,0.5,0.310402313853263,0.962210676205991,1.16711813534207,0.0600462689636388,2.17210254258979,0.5,68.6719815168839
CBC_1013,CBC_1013_MSI_TV_v3_Vset4_Tset2_2023-06-23_15h01.09.889.csv,3,2,2,3,b,1,0,1,tac,C,63,1,2C,3C,1,0,b,1.51106989999971,1,0,1,1,2C,3C,C23,2.83321334405622,0.981105338102996,0.344798843073368,0.5,0.5,0.5,0.5,0.5,0.5,0.5,0.5,0.5,0.5,0.5,0.5,0.5,0.5,0.5,0.5,0.5,0.5,0.387216002096126,0.50069049002981,0.5,0.155201156926632,0.5,-0.481105338102996,CBCbothPairsRW,CBCdriftDiffusionLR,0.5,0.310402313853263,0.962210676205991,1.16711813534207,0.0600462689636388,2.17210254258979,0.5,68.6719815168839
CBC_1013,CBC_1013_MSI_TV_v3_Vset4_Tset2_2023-06-23_15h01.09.889.csv,3,3,2,0,z,0,1,2,tac,A,27,1,2A,0A,0,1,z,2.83011970000007,0,1,1,1,0A,2A,A20,2.89037175789616,0.981105338102996,0.344798843073368,0.5,0.5,0.5,0.5,0.5,0.5,0.5,0.5,0.655201156926632,0.0188946618970043,0.5,0.5,0.5,0.5,0.662414288074607,0.337585711925393,0.981105338102996,0.5,0.119487302155331,0.510930806357502,0.0188946618970043,0.00586494677230522,0.5,-0.481105338102996,CBCbothPairsRW,CBCdriftDiffusionLR,0.5,0.310402313853263,0.962210676205991,1.16711813534207,0.0600462689636388,2.17210254258979,0.5,68.6719815168839
CBC_1013,CBC_1013_MSI_TV_v3_Vset4_Tset2_2023-06-23_15h01.09.889.csv,3,4,0,1,z,0,1,0,tac,B,63,1,0B,1B,0,1,z,2.72701719999895,0,1,1,1,1B,0B,B01,2.94443897916644,0.986970284875301,0.344798843073368,0.0188946618970043,0.5,0.5,0.5,0.5,0.5,0.5,0.5,0.655201156926632,0.0188946618970043,0.5,0.5,0.5,0.5,0.5,0.5,0.5,0.5,0.13026164740019,0.500013586832668,0.5,0.155201156926632,0.5,-0.481105338102996,CBCbothPairsRW,CBCdriftDiffusionLR,0.5,0.310402313853263,0.962210676205991,1.16711813534207,0.0600462689636388,2.17210254258979,0.5,68.6719815168839
CBC_1013,CBC_1013_MSI_TV_v3_Vset4_Tset2_2023-06-23_15h01.09.889.csv,3,5,3,2,b,1,0,3,tac,D,63,1,3D,2D,1,0,z,2.47174939999604,0,1,0,0,2D,3D,D32,2.99573227355399,0.986970284875301,0.344798843073368,0.0188946618970043,0.5,0.0188946618970043,0.655201156926632,0.5,0.5,0.5,0.5,0.655201156926632,0.0188946618970043,0.5,0.5,0.5,0.5,0.5,0.5,0.5,0.5,0.16999548430823,0.499653004928581,-0.5,-0.155201156926632,-0.5,0.481105338102996,CBCbothPairsRW,CBCdriftDiffusionLR,0.5,0.310402313853263,0.962210676205991,1.16711813534207,0.0600462689636388,2.17210254258979,0.5,68.6719815168839
CBC_1013,CBC_1013_MSI_TV_v3_Vset4_Tset2_2023-06-23_15h01.09.889.csv,3,6,2,1,z,0,1,0,tac,B,9,1,2B,1B,0,1,z,1.69762809999884,0,1,1,1,1B,2B,B21,3.04452243772342,0.986970284875301,0.344798843073368,0.0188946618970043,0.5,0.0188946618970043,0.655201156926632,0.5,0.5,0.5,0.5,0.655201156926632,0.0188946618970043,0.5,0.5,0.344798843073368,0.981105338102996,0.567174948707435,0.432825051292565,0.655201156926632,0.5,0.371623412115553,0.50386972774438,0.344798843073368,0.107026358703902,0.5,-0.481105338102996,CBCbothPairsRW,CBCdriftDiffusionLR,0.5,0.310402313853263,0.962210676205991,1.16711813534207,0.0600462689636388,2.17210254258979,0.5,68.6719815168839
CBC_1013,CBC_1013_MSI_TV_v3_Vset4_Tset2_2023-06-23_15h01.09.889.csv,3,7,3,1,b,1,0,3,tac,D,27,1,3D,1D,1,0,b,2.69308999999703,1,0,1,1,3D,1D,D31,3.09104245335832,0.986970284875301,0.344798843073368,0.0188946618970043,0.5,0.0188946618970043,0.762227515630533,0.0188946618970043,0.5,0.5,0.5,0.655201156926632,0.0188946618970043,0.5,0.5,0.344798843073368,0.981105338102996,0.662414288074607,0.337585711925393,0.981105338102996,0.5,0.137902760189219,0.510926249444266,0.0188946618970043,0.00586494677230522,0.5,-0.481105338102996,CBCbothPairsRW,CBCdriftDiffusionLR,0.5,0.310402313853263,0.962210676205991,1.16711813534207,0.0600462689636388,2.17210254258979,0.5,68.6719815168839
CBC_1013,CBC_1013_MSI_TV_v3_Vset4_Tset2_2023-06-23_15h01.09.889.csv,3,8,0,1,b,1,0,2,tac,A,63,1,0A,1A,1,0,z,1.58249309999519,0,1,0,0,1A,0A,A01,2.4423470353692,0.986970284875301,0.344798843073368,0.0188946618970043,0.5,0.0188946618970043,0.762227515630533,0.0188946618970043,0.5,0.5,0.5,0.655201156926632,0.0188946618970043,0.5,0.0188946618970043,0.344798843073368,0.986970284875301,0.258902865246969,0.741097134753031,0.344798843073368,0.986970284875301,0.379042911777074,0.484227485036986,-0.344798843073368,-0.107026358703902,-0.0130297151246991,0.0125373310009081,CBCbothPairsRW,CBCdriftDiffusionLR,0.5,0.310402313853263,0.962210676205991,1.16711813534207,0.0600462689636388,2.17210254258979,0.5,68.6719815168839
CBC_1013,CBC_1013_MSI_TV_v3_Vset4_Tset2_2023-06-23_15h01.09.889.csv,3,9,1,0,z,0,1,2,tac,A,63,1,1A,0A,0,1,b,1.83622589999504,1,0,0,0,1A,0A,A10,3.17805383034795,0.999507615876209,0.237772484369467,0.0188946618970043,0.5,0.0188946618970043,0.762227515630533,0.0188946618970043,0.5,0.5,0.5,0.655201156926632,0.0188946618970043,0.5,0.0188946618970043,0.344798843073368,0.986970284875301,0.192173529924432,0.807826470075568,0.237772484369467,0.999507615876209,0.31374739943443,0.479506676511131,-0.237772484369467,-0.0738051293189213,-0.000492384123790934,0.000473777260705969,CBCbothPairsRW,CBCdriftDiffusionLR,0.5,0.310402313853263,0.962210676205991,1.16711813534207,0.0600462689636388,2.17210254258979,0.5,68.6719815168839
CBC_1013,CBC_1013_MSI_TV_v3_Vset4_Tset2_2023-06-23_15h01.09.889.csv,3,10,0,2,z,0,1,1,tac,C,27,1,0C,2C,0,1,z,1.45046329999968,0,1,1,1,2C,0C,C02,3.2188758248682,0.999981393136915,0.163967355050545,0.0188946618970043,0.5,0.0188946618970043,0.762227515630533,0.0188946618970043,0.5,0.5,0.5,0.655201156926632,0.0188946618970043,0.5,0.0188946618970043,0.344798843073368,0.986970284875301,0.567174948707435,0.432825051292565,0.655201156926632,0.5,0.361983707929489,0.505004189379253,0.344798843073368,0.107026358703902,0.5,-0.481105338102996,CBCbothPairsRW,CBCdriftDiffusionLR,0.5,0.310402313853263,0.962210676205991,1.16711813534207,0.0600462689636388,2.17210254258979,0.5,68.6719815168839
CBC_1013,CBC_1013_MSI_TV_v3_Vset4_Tset2_2023-06-23_15h01.09.889.csv,3,11,1,0,b,1,0,0,tac,B,63,1,1B,0B,1,0,z,2.3907691999957,0,1,0,0,0B,1B,B10,3.25809653802148,0.999981393136915,0.163967355050545,0.0188946618970043,0.5,0.0188946618970043,0.762227515630533,0.0188946618970043,0.5,0.0188946618970043,0.5,0.762227515630533,0.0188946618970043,0.5,0.0188946618970043,0.344798843073368,0.986970284875301,0.0241891248777637,0.975810875122236,0.0188946618970043,0.762227515630533,0.17380328063824,0.469415977529741,-0.0188946618970043,-0.00586494677230524,-0.237772484369467,0.228787222968323,CBCbothPairsRW,CBCdriftDiffusionLR,0.5,0.310402313853263,0.962210676205991,1.16711813534207,0.0600462689636388,2.17210254258979,0.5,68.6719815168839
CBC_1013,CBC_1013_MSI_TV_v3_Vset4_Tset2_2023-06-23_15h01.09.889.csv,3,12,1,0,z,0,1,2,tac,A,63,1,1A,0A,0,1,b,1.62133739999626,1,0,0,0,1A,0A,A10,2.60268968544438,0.999981393136915,0.163967355050545,0.0188946618970043,0.5,0.0130297151246991,0.991014738598856,0.0188946618970043,0.5,0.0188946618970043,0.5,0.762227515630533,0.0188946618970043,0.5,0.0188946618970043,0.344798843073368,0.986970284875301,0.140871627986954,0.859128372013045,0.163967355050545,0.999981393136915,0.368278322492245,0.476330408561848,-0.163967355050545,-0.0508958464040888,-1.86068630849689e-05,1.79037223110603e-05,CBCbothPairsRW,CBCdriftDiffusionLR,0.5,0.310402313853263,0.962210676205991,1.16711813534207,0.0600462689636388,2.17210254258979,0.5,68.6719815168839
CBC_1013,CBC_1013_MSI_TV_v3_Vset4_Tset2_2023-06-23_15h01.09.889.csv,3,13,2,3,b,1,0,1,tac,C,63,1,2C,3C,1,0,b,2.38345779999872,1,0,1,1,2C,3C,C23,2.63905732961526,0.999999296859226,0.113071508646456,0.0188946618970043,0.5,0.0130297151246991,0.991014738598856,0.0188946618970043,0.5,0.0188946618970043,0.5,0.762227515630533,0.0188946618970043,0.5,0.0188946618970043,0.344798843073368,0.986970284875301,0.975810875122236,0.0241891248777637,0.762227515630533,0.0188946618970043,0.198135401415358,0.531054995771237,0.237772484369467,0.0738051293189213,0.0188946618970043,-0.0181806454006001,CBCbothPairsRW,CBCdriftDiffusionLR,0.5,0.310402313853263,0.962210676205991,1.16711813534207,0.0600462689636388,2.17210254258979,0.5,68.6719815168839
CBC_1013,CBC_1013_MSI_TV_v3_Vset4_Tset2_2023-06-23_15h01.09.889.csv,3,14,2,0,z,0,1,2,tac,A,27,1,2A,0A,0,1,b,1.28939169999649,1,0,0,0,2A,0A,A20,2.67414864942653,0.999999296859226,0.113071508646456,0.0188946618970043,0.5,0.0130297151246991,0.991014738598856,0.0188946618970043,0.5,0.0188946618970043,0.5,0.836032644949455,0.00071401649640427,0.5,0.0188946618970043,0.344798843073368,0.986970284875301,0.0185442869050565,0.981455713094943,0.0188946618970043,0.999999296859226,0.0765492580087676,0.468919976709797,-0.0188946618970043,-0.00586494677230524,-7.03140773938848e-07,6.76569559559703e-07,CBCbothPairsRW,CBCdriftDiffusionLR,0.5,0.310402313853263,0.962210676205991,1.16711813534207,0.0600462689636388,2.17210254258979,0.5,68.6719815168839
CBC_1013,CBC_1013_MSI_TV_v3_Vset4_Tset2_2023-06-23_15h01.09.889.csv,3,15,0,1,z,0,1,0,tac,B,63,1,0B,1B,0,1,z,2.49269839999761,0,1,1,1,1B,0B,B01,2.70805020110221,0.999999973428786,0.113071508646456,0.0130297151246991,0.5,0.0130297151246991,0.991014738598856,0.0188946618970043,0.5,0.0188946618970043,0.5,0.836032644949455,0.00071401649640427,0.5,0.0188946618970043,0.344798843073368,0.986970284875301,0.987022770678751,0.0129772293212493,0.991014738598856,0.0130297151246991,0.177134884270234,0.532305139223699,0.00898526140114364,0.0027890459294914,0.0130297151246991,-0.0125373310009081,CBCbothPairsRW,CBCdriftDiffusionLR,0.5,0.310402313853263,0.962210676205991,1.16711813534207,0.0600462689636388,2.17210254258979,0.5,68.6719815168839
CBC_1013,CBC_1013_MSI_TV_v3_Vset4_Tset2_2023-06-23_15h01.09.889.csv,3,16,1,0,b,1,0,0,tac,B,63,1,1B,0B,1,0,b,1.76422559999628,1,0,1,1,1B,0B,B10,2.7408400239252,0.999999973428786,0.113071508646456,0.0130297151246991,0.5,0.000492384123790967,0.993803784528348,0.0188946618970043,0.5,0.0188946618970043,0.5,0.836032644949455,0.00071401649640427,0.5,0.0188946618970043,0.344798843073368,0.986970284875301,0.999504791289241,0.000495208710759129,0.993803784528348,0.000492384123790967,0.372711223975395,0.532874704944963,0.00619621547165228,0.00192331961953426,0.000492384123790934,-0.000473777260705969,CBCbothPairsRW,CBCdriftDiffusionLR,0.5,0.310402313853263,0.962210676205991,1.16711813534207,0.0600462689636388,2.17210254258979,0.5,68.6719815168839
CBC_1013,CBC_1013_MSI_TV_v3_Vset4_Tset2_2023-06-23_15h01.09.889.csv,3,17,2,3,b,1,0,1,tac,C,63,1,2C,3C,1,0,b,2.32085919999736,1,0,1,1,2C,3C,C23,2.36712361413162,0.999999973428786,0.113071508646456,0.0130297151246991,0.5,1.86068630849978e-05,0.995727104147882,0.0188946618970043,0.5,0.0188946618970043,0.5,0.836032644949455,0.00071401649640427,0.5,0.0188946618970043,0.344798843073368,0.986970284875301,0.999146675416463,0.000853324583537008,0.836032644949455,0.00071401649640427,0.212492498391099,0.533423936958609,0.163967355050545,0.0508958464040888,0.000714016496404235,-0.000687034295827352,CBCbothPairsRW,CBCdriftDiffusionLR,0.5,0.310402313853263,0.962210676205991,1.16711813534207,0.0600462689636388,2.17210254258979,0.5,68.6719815168839
CBC_1013,CBC_1013_MSI_TV_v3_Vset4_Tset2_2023-06-23_15h01.09.889.csv,3,18,1,3,z,0,1,3,tac,D,27,1,1D,3D,0,1,z,2.50630459999593,0,1,1,1,3D,1D,D13,3.49650756146648,0.999999973428786,0.113071508646456,0.0130297151246991,0.5,1.86068630849978e-05,0.995727104147882,0.0188946618970043,0.5,0.0188946618970043,0.5,0.886928491353544,2.6982200576918e-05,0.5,0.0188946618970043,0.344798843073368,0.986970284875301,0.981215508147853,0.0187844918521467,0.986970284875301,0.0188946618970043,0.174447067516805,0.531746828126194,0.0130297151246991,0.00404445372355546,0.0188946618970043,-0.0181806454006001,CBCbothPairsRW,CBCdriftDiffusionLR,0.5,0.310402313853263,0.962210676205991,1.16711813534207,0.0600462689636388,2.17210254258979,0.5,68.6719815168839
CBC_1013,CBC_1013_MSI_TV_v3_Vset4_Tset2_2023-06-23_15h01.09.889.csv,3,19,2,1,b,1,0,1,tac,C,9,1,2C,1C,1,0,z,1.89382719999412,0,1,0,0,1C,2C,C21,3.52636052461616,0.999999973428786,0.113071508646456,0.0130297151246991,0.5,1.86068630849978e-05,0.995727104147882,0.0188946618970043,0.5,0.0188946618970043,0.5,0.886928491353544,2.6982200576918e-05,0.5,0.00071401649640427,0.344798843073368,0.991014738598856,0.360508853280558,0.639491146719442,0.5,0.886928491353544,0.303590492396411,0.490836106213564,-0.5,-0.155201156926632,-0.113071508646456,0.108798612794338,CBCbothPairsRW,CBCdriftDiffusionLR,0.5,0.310402313853263,0.962210676205991,1.16711813534207,0.0600462689636388,2.17210254258979,0.5,68.6719815168839
CBC_1013,CBC_1013_MSI_TV_v3_Vset4_Tset2_2023-06-23_15h01.09.889.csv,3,20,1,3,b,1,0,0,tac,B,27,1,1B,3B,1,0,b,2.3971547000001,1,0,1,1,1B,3B,B13,3.55534806148941,0.999999973428786,0.113071508646456,0.0130297151246991,0.5,1.86068630849978e-05,0.995727104147882,0.0188946618970043,0.5,0.0188946618970043,0.344798843073368,0.995727104147882,2.6982200576918e-05,0.5,0.00071401649640427,0.344798843073368,0.991014738598856,0.665714421692685,0.334285578307315,0.995727104147882,0.5,0.1877867785479,0.510547607859346,0.00427289585211799,0.00132631675935143,0.5,-0.481105338102996,CBCbothPairsRW,CBCdriftDiffusionLR,0.5,0.310402313853263,0.962210676205991,1.16711813534207,0.0600462689636388,2.17210254258979,0.5,68.6719815168839
CBC_1013,CBC_1013_MSI_TV_v3_Vset4_Tset2_2023-06-23_15h01.09.889.csv,3,21,2,3,z,0,1,3,tac,D,63,1,2D,3D,0,1,z,2.33522009999797,0,1,1,1,3D,2D,D23,3.58351893845611,0.999999973428786,0.113071508646456,0.0130297151246991,0.5,1.86068630849978e-05,0.997053420907233,0.0188946618970043,0.0188946618970043,0.0188946618970043,0.344798843073368,0.995727104147882,2.6982200576918e-05,0.5,0.00071401649640427,0.344798843073368,0.991014738598856,0.741881017078943,0.258118982921057,0.991014738598856,0.344798843073368,0.202379020731428,0.515735260585963,0.00898526140114364,0.0027890459294914,0.344798843073368,-0.331769127948669,CBCbothPairsRW,CBCdriftDiffusionLR,0.5,0.310402313853263,0.962210676205991,1.16711813534207,0.0600462689636388,2.17210254258979,0.5,68.6719815168839
CBC_1013,CBC_1013_MSI_TV_v3_Vset4_Tset2_2023-06-23_15h01.09.889.csv,3,22,0,1,z,0,1,0,tac,B,63,0,0B,1B,1,0,b,2.49464779999471,1,0,0,1,0B,1B,B01,2.51230562397611,0.999999973428786,0.113071508646456,0.0130297151246991,0.5,1.86068630849978e-05,0.997053420907233,0.0188946618970043,0.0188946618970043,0.0188946618970043,0.344798843073368,0.995727104147882,2.6982200576918e-05,0.5,0.00071401649640427,0.013029715124699,0.993803784528348,1.86615034488602e-05,0.999981338496551,1.86068630849978e-05,0.997053420907233,0.155194226375804,0.467327631009978,0.999981393136915,0.310396538239908,0.997053420907233,-0.959375446344646,CBCbothPairsRW,CBCdriftDiffusionLR,0.5,0.310402313853263,0.962210676205991,1.16711813534207,0.0600462689636388,2.17210254258979,0.5,68.6719815168839
CBC_1013,CBC_1013_MSI_TV_v3_Vset4_Tset2_2023-06-23_15h01.09.889.csv,3,23,0,3,b,1,0,2,tac,A,9,1,0A,3A,1,0,z,2.32500699999946,0,1,0,0,3A,0A,A03,3.63758615972639,0.999999973428786,0.113071508646456,0.0130297151246991,0.5,0.310415145102993,0.0376779745625875,0.0188946618970043,0.0188946618970043,0.0188946618970043,0.344798843073368,0.995727104147882,2.6982200576918e-05,0.5,0.00071401649640427,0.013029715124699,0.993803784528348,0.333333339238048,0.666666660761952,0.5,0.999999973428786,0.194141595554479,0.489494205698861,-0.5,-0.155201156926632,-2.65712143399099e-08,2.55671061176191e-08,CBCbothPairsRW,CBCdriftDiffusionLR,0.5,0.310402313853263,0.962210676205991,1.16711813534207,0.0600462689636388,2.17210254258979,0.5,68.6719815168839
CBC_1013,CBC_1013_MSI_TV_v3_Vset4_Tset2_2023-06-23_15h01.09.889.csv,3,24,3,2,b,1,0,3,tac,D,63,1,3D,2D,1,0,z,2.38668929999767,0,1,0,0,2D,3D,D32,2.9704144655697,0.999999998995892,0.113071508646456,0.0130297151246991,0.344798843073368,0.310415145102993,0.0376779745625875,0.0188946618970043,0.0188946618970043,0.0188946618970043,0.344798843073368,0.995727104147882,2.6982200576918e-05,0.5,0.00071401649640427,0.013029715124699,0.993803784528348,0.0129412808862528,0.987058719113747,0.013029715124699,0.993803784528348,0.174009287780846,0.467972812330899,-0.013029715124699,-0.00404445372355544,-0.00619621547165228,0.00596206467889656,CBCbothPairsRW,CBCdriftDiffusionLR,0.5,0.310402313853263,0.962210676205991,1.16711813534207,0.0600462689636388,2.17210254258979,0.5,68.6719815168839
CBC_1013,CBC_1013_MSI_TV_v3_Vset4_Tset2_2023-06-23_15h01.09.889.csv,3,25,3,1,z,0,1,0,tac,B,27,1,3B,1B,0,1,z,2.4429541999998,0,1,1,1,1B,3B,B31,3.68887945411394,0.999999998995892,0.113071508646456,0.0130297151246991,0.344798843073368,0.310415145102993,0.0376779745625875,0.0188946618970043,0.0188946618970043,0.0188946618970043,0.344798843073368,0.995727104147882,2.6982200576918e-05,0.5,0.00071401649640427,0.00898526140114359,0.999765849207244,0.666010582510146,0.333989417489854,0.0376779745625875,0.0188946618970043,0.178836161401058,0.510058398009854,0.962322025437413,0.298706983367732,0.0188946618970043,-0.0181806454006001,CBCbothPairsRW,CBCdriftDiffusionLR,0.5,0.310402313853263,0.962210676205991,1.16711813534207,0.0600462689636388,2.17210254258979,0.5,68.6719815168839
CBC_1013,CBC_1013_MSI_TV_v3_Vset4_Tset2_2023-06-23_15h01.09.889.csv,3,26,3,2,z,0,1,1,tac,C,63,1,3C,2C,0,1,z,2.05481039999722,0,1,1,1,2C,3C,C32,3.71357206670431,0.999999998995892,0.113071508646456,0.0130297151246991,0.344798843073368,0.310415145102993,0.336384957930319,0.0188946618970043,0.00071401649640427,0.0188946618970043,0.344798843073368,0.995727104147882,2.6982200576918e-05,0.5,0.00071401649640427,0.00898526140114359,0.999765849207244,0.999972902746826,2.70972531740891e-05,0.995727104147882,2.6982200576918e-05,0.280242242901663,0.533194463144938,0.00427289585211799,0.00132631675935143,2.69822005769527e-05,-2.59625614626753e-05,CBCbothPairsRW,CBCdriftDiffusionLR,0.5,0.310402313853263,0.962210676205991,1.16711813534207,0.0600462689636388,2.17210254258979,0.5,68.6719815168839
CBC_1013,CBC_1013_MSI_TV_v3_Vset4_Tset2_2023-06-23_15h01.09.889.csv,3,27,0,2,z,0,1,1,tac,C,27,1,0C,2C,0,1,b,2.7247196999997,1,0,0,0,0C,2C,C02,3.04452243772342,0.999999998995892,0.113071508646456,0.0130297151246991,0.344798843073368,0.310415145102993,0.336384957930319,0.0188946618970043,0.00071401649640427,0.0188946618970043,0.344798843073368,0.997053420907233,1.01963911424266e-06,0.5,0.00071401649640427,0.00898526140114359,0.999765849207244,0.0185980585197336,0.981401941480266,0.0188946618970043,0.997053420907233,0.122428898032205,0.469107655625064,-0.0188946618970043,-0.00586494677230524,-0.00294657909276652,0.00283522986134531,CBCbothPairsRW,CBCdriftDiffusionLR,0.5,0.310402313853263,0.962210676205991,1.16711813534207,0.0600462689636388,2.17210254258979,0.5,68.6719815168839
CBC_1013,CBC_1013_MSI_TV_v3_Vset4_Tset2_2023-06-23_15h01.09.889.csv,3,28,1,0,b,1,0,0,tac,B,63,1,1B,0B,1,0,z,2.30304649999744,0,1,0,0,0B,1B,B10,2.66258782702545,0.999999998995892,0.113071508646456,0.0130297151246991,0.344798843073368,0.310415145102993,0.336384957930319,0.0188946618970043,0.00071401649640427,0.0130297151246991,0.344798843073368,0.999888650768579,1.01963911424266e-06,0.5,0.00071401649640427,0.00898526140114359,0.999765849207244,0.479924390313534,0.520075609686466,0.310415145102993,0.336384957930319,0.202309391530508,0.498525589901841,-0.310415145102993,-0.0963535792950656,-0.663615042069681,0.638537478370335,CBCbothPairsRW,CBCdriftDiffusionLR,0.5,0.310402313853263,0.962210676205991,1.16711813534207,0.0600462689636388,2.17210254258979,0.5,68.6719815168839
CBC_1013,CBC_1013_MSI_TV_v3_Vset4_Tset2_2023-06-23_15h01.09.889.csv,3,29,3,2,z,0,1,1,tac,C,63,1,3C,2C,0,1,z,2.14051949999703,0,1,1,1,2C,3C,C32,3.09104245335832,0.999999998995892,0.113071508646456,0.0130297151246991,0.344798843073368,0.214061565807928,0.974922436300654,0.0188946618970043,0.00071401649640427,0.0130297151246991,0.344798843073368,0.999888650768579,1.01963911424266e-06,0.5,0.00071401649640427,0.00898526140114359,0.999765849207244,0.999998980248377,1.01975162302348e-06,0.999888650768579,1.01963911424266e-06,0.256272961561849,0.532921853362792,0.000111349231421198,3.45630590789225e-05,1.01963911425251e-06,-9.81107641610988e-07,CBCbothPairsRW,CBCdriftDiffusionLR,0.5,0.310402313853263,0.962210676205991,1.16711813534207,0.0600462689636388,2.17210254258979,0.5,68.6719815168839
CBC_1013,CBC_1013_MSI_TV_v3_Vset4_Tset2_2023-06-23_15h01.09.889.csv,3,30,0,1,b,1,0,2,tac,A,63,1,0A,1A,1,0,b,1.66469520000101,1,0,1,1,0A,1A,A01,2.70805020110221,0.999999998995892,0.113071508646456,0.0130297151246991,0.344798843073368,0.214061565807928,0.974922436300654,0.0188946618970043,0.00071401649640427,0.0130297151246991,0.344798843073368,0.999923213827658,3.85314726316684e-08,0.5,0.00071401649640427,0.00898526140114359,0.999765849207244,0.898414874632845,0.101585125367155,0.999999998995892,0.113071508646456,0.397712661340651,0.526694250871952,1.00410824099839e-09,3.11677521365031e-10,0.113071508646456,-0.108798612794338,CBCbothPairsRW,CBCdriftDiffusionLR,0.5,0.310402313853263,0.962210676205991,1.16711813534207,0.0600462689636388,2.17210254258979,0.5,68.6719815168839
CBC_1013,CBC_1013_MSI_TV_v3_Vset4_Tset2_2023-06-23_15h01.09.889.csv,3,31,3,2,b,1,0,3,tac,D,63,1,3D,2D,1,0,z,1.68298009999853,0,1,0,0,2D,3D,D32,2.73002910782099,0.999999999307569,0.00427289585211803,0.0130297151246991,0.344798843073368,0.214061565807928,0.974922436300654,0.0188946618970043,0.00071401649640427,0.0130297151246991,0.344798843073368,0.999923213827658,3.85314726316684e-08,0.5,0.00071401649640427,0.00898526140114359,0.999765849207244,0.00890731252402239,0.991092687475978,0.00898526140114359,0.999765849207244,0.349182079961138,0.46795123674022,-0.00898526140114359,-0.00278904592949138,-0.000234150792755683,0.000225302392631615,CBCbothPairsRW,CBCdriftDiffusionLR,0.5,0.310402313853263,0.962210676205991,1.16711813534207,0.0600462689636388,2.17210254258979,0.5,68.6719815168839
CBC_1013,CBC_1013_MSI_TV_v3_Vset4_Tset2_2023-06-23_15h01.09.889.csv,3,32,3,2,z,0,1,1,tac,C,63,1,3C,2C,0,1,b,2.40184629999931,1,0,0,0,3C,2C,C32,2.75153531304195,0.999999999307569,0.00427289585211803,0.0130297151246991,0.344798843073368,0.214061565807928,0.974922436300654,0.0188946618970043,0.00071401649640427,0.0130297151246991,0.344798843073368,0.999923213827658,3.85314726316684e-08,0.5,0.00071401649640427,0.0061962154716522,0.999991151599876,3.85344300582677e-08,0.99999996146557,3.85314726316684e-08,0.999923213827658,0.170827571020372,0.466767120993551,-3.85314726316684e-08,-1.19602582610436e-08,-7.67861723423025e-05,7.38844748127566e-05,CBCbothPairsRW,CBCdriftDiffusionLR,0.5,0.310402313853263,0.962210676205991,1.16711813534207,0.0600462689636388,2.17210254258979,0.5,68.6719815168839
CBC_1013,CBC_1013_MSI_TV_v3_Vset4_Tset2_2023-06-23_15h01.09.889.csv,3,33,1,3,z,0,1,3,tac,D,27,1,1D,3D,0,1,z,2.44482809999681,0,1,1,1,3D,1D,D13,3.17805383034795,0.999999999307569,0.00427289585211803,0.0130297151246991,0.344798843073368,0.214061565807928,0.974922436300654,0.0188946618970043,0.00071401649640427,0.0130297151246991,0.344798843073368,0.99999709830247,2.65712143706249e-08,0.5,0.00071401649640427,0.0061962154716522,0.999991151599876,0.999286486650446,0.000713513349553894,0.999991151599876,0.00071401649640427,0.18650445499301,0.533061490151186,8.84840012405075e-06,2.74656387240485e-06,0.000714016496404235,-0.000687034295827352,CBCbothPairsRW,CBCdriftDiffusionLR,0.5,0.310402313853263,0.962210676205991,1.16711813534207,0.0600462689636388,2.17210254258979,0.5,68.6719815168839
CBC_1013,CBC_1013_MSI_TV_v3_Vset4_Tset2_2023-06-23_15h01.09.889.csv,3,34,2,0,b,1,0,1,tac,C,27,1,2C,0C,1,0,b,1.82400549999875,1,0,1,1,2C,0C,C20,3.89182029811063,0.999999999307569,0.00427289585211803,0.0130297151246991,0.344798843073368,0.214061565807928,0.974922436300654,0.0188946618970043,0.00071401649640427,0.0130297151246991,0.344798843073368,0.99999709830247,2.65712143706249e-08,0.5,2.6982200576918e-05,0.0061962154716522,0.999993898163748,0.987137837861746,0.0128621621382541,0.99999709830247,0.0130297151246991,0.352054687141113,0.531584804743991,2.90169752958924e-06,9.00693627286799e-07,0.0130297151246991,-0.0125373310009081,CBCbothPairsRW,CBCdriftDiffusionLR,0.5,0.310402313853263,0.962210676205991,1.16711813534207,0.0600462689636388,2.17210254258979,0.5,68.6719815168839
CBC_1013,CBC_1013_MSI_TV_v3_Vset4_Tset2_2023-06-23_15h01.09.889.csv,3,35,3,2,b,1,0,3,tac,D,63,0,3D,2D,0,1,z,2.70410839999749,0,1,0,1,2D,3D,D32,2.52572864430826,0.999999999307569,0.00427289585211803,0.0130297151246991,0.344798843073368,0.214061565807928,0.974922436300654,0.0188946618970043,0.00071401649640427,0.000492384123790967,0.344798843073368,0.999997998996098,2.65712143706249e-08,0.5,2.6982200576918e-05,0.0061962154716522,0.999993898163748,0.00615809615666472,0.993841903843335,0.0061962154716522,0.999993898163748,0.12451980155871,0.466967588407795,0.993803784528348,0.308478994233729,0.999993898163748,-0.962204804954006,CBCbothPairsRW,CBCdriftDiffusionLR,0.5,0.310402313853263,0.962210676205991,1.16711813534207,0.0600462689636388,2.17210254258979,0.5,68.6719815168839
CBC_1013,CBC_1013_MSI_TV_v3_Vset4_Tset2_2023-06-23_15h01.09.889.csv,3,36,0,1,b,1,0,2,tac,A,63,1,0A,1A,1,0,z,2.2869271999989,0,1,0,0,1A,0A,A01,2.54553127160444,0.999999999307569,0.00427289585211803,0.0130297151246991,0.344798843073368,0.214061565807928,0.974922436300654,0.0188946618970043,0.00071401649640427,0.000492384123790967,0.344798843073368,0.999997998996098,2.65712143706249e-08,0.5,2.6982200576918e-05,0.314675209705381,0.0377890932097428,0.00425471589715523,0.995745284102845,0.00427289585211803,0.999999999307569,0.193035184726145,0.467686041808821,-0.00427289585211803,-0.00132631675935145,-6.92430668358668e-10,6.6626418162716e-10,CBCbothPairsRW,CBCdriftDiffusionLR,0.5,0.310402313853263,0.962210676205991,1.16711813534207,0.0600462689636388,2.17210254258979,0.5,68.6719815168839
CBC_1013,CBC_1013_MSI_TV_v3_Vset4_Tset2_2023-06-23_15h01.09.889.csv,3,37,3,2,z,0,1,1,tac,C,63,1,3C,2C,0,1,z,1.92312569999922,0,1,1,1,2C,3C,C32,2.56494935746154,0.999999999973833,0.00294657909276658,0.0130297151246991,0.344798843073368,0.214061565807928,0.974922436300654,0.0188946618970043,0.00071401649640427,0.000492384123790967,0.344798843073368,0.999997998996098,2.65712143706249e-08,0.5,2.6982200576918e-05,0.314675209705381,0.0377890932097428,0.999999973428733,2.65712668338027e-08,0.999997998996098,2.65712143706249e-08,0.319653889461072,0.531739670988325,2.00100390235214e-06,6.21116241319513e-07,2.65712143399099e-08,-2.55671061176191e-08,CBCbothPairsRW,CBCdriftDiffusionLR,0.5,0.310402313853263,0.962210676205991,1.16711813534207,0.0600462689636388,2.17210254258979,0.5,68.6719815168839
CBC_1013,CBC_1013_MSI_TV_v3_Vset4_Tset2_2023-06-23_15h01.09.889.csv,3,38,2,0,z,0,1,2,tac,A,27,1,2A,0A,0,1,b,2.05149940000047,1,0,0,0,2A,0A,A20,2.87167962488401,0.999999999973833,0.00294657909276658,0.0130297151246991,0.344798843073368,0.214061565807928,0.974922436300654,0.0188946618970043,0.00071401649640427,0.000492384123790967,0.344798843073368,0.999998620112339,1.00410825300578e-09,0.5,2.6982200576918e-05,0.314675209705381,0.0377890932097428,0.0128621252965238,0.987137874703476,0.0130297151246991,0.999999999973833,0.247099300350356,0.468557883668337,-0.0130297151246991,-0.00404445372355546,-2.61665134004829e-11,2.51776985530318e-11,CBCbothPairsRW,CBCdriftDiffusionLR,0.5,0.310402313853263,0.962210676205991,1.16711813534207,0.0600462689636388,2.17210254258979,0.5,68.6719815168839
CBC_1013,CBC_1013_MSI_TV_v3_Vset4_Tset2_2023-06-23_15h01.09.889.csv,3,39,3,2,b,1,0,3,tac,D,63,1,3D,2D,1,0,z,2.68382859999838,0,1,0,0,2D,3D,D32,2.37954613413017,0.999999999999011,0.00294657909276658,0.00898526140114364,0.344798843073368,0.214061565807928,0.974922436300654,0.0188946618970043,0.00071401649640427,0.000492384123790967,0.344798843073368,0.999998620112339,1.00410825300578e-09,0.5,2.6982200576918e-05,0.314675209705381,0.0377890932097428,0.892786041317657,0.107213958682343,0.314675209705381,0.0377890932097428,0.143250148606448,0.525785785874477,-0.314675209705381,-0.0976759132048112,-0.962210906790257,0.925849607275434,CBCbothPairsRW,CBCdriftDiffusionLR,0.5,0.310402313853263,0.962210676205991,1.16711813534207,0.0600462689636388,2.17210254258979,0.5,68.6719815168839
CBC_1013,CBC_1013_MSI_TV_v3_Vset4_Tset2_2023-06-23_15h01.09.889.csv,3,40,2,3,z,0,1,3,tac,D,63,1,2D,3D,0,1,b,2.52548409999872,1,0,0,0,2D,3D,D23,3.31418600467253,0.999999999999011,0.00294657909276658,0.00898526140114364,0.344798843073368,0.214061565807928,0.974922436300654,0.0188946618970043,0.00071401649640427,0.000492384123790967,0.344798843073368,0.999998620112339,1.00410825300578e-09,0.5,2.6982200576918e-05,0.21699929650057,0.963638700485176,0.183798333659077,0.816201666340923,0.21699929650057,0.963638700485176,0.154469692303045,0.480314728384287,-0.21699929650057,-0.0673570837383073,-0.0363612995148237,0.0349872305938871,CBCbothPairsRW,CBCdriftDiffusionLR,0.5,0.310402313853263,0.962210676205991,1.16711813534207,0.0600462689636388,2.17210254258979,0.5,68.6719815168839
CBC_1013,CBC_1013_MSI_TV_v3_Vset4_Tset2_2023-06-23_15h01.09.889.csv,3,41,1,3,b,1,0,0,tac,B,27,1,1B,3B,1,0,z,2.16022449999582,0,1,0,0,3B,1B,B13,3.3322045101752,0.999999999999011,0.00294657909276658,0.00898526140114364,0.344798843073368,0.214061565807928,0.974922436300654,0.0188946618970043,0.00071401649640427,0.000492384123790967,0.344798843073368,0.999998620112339,1.00410825300578e-09,0.5,2.6982200576918e-05,0.149642212762263,0.998625931079063,0.00073184688247067,0.999268153117529,0.00071401649640427,0.974922436300654,0.219990510013281,0.46695257744679,-0.00071401649640427,-0.000221632372613286,-0.0250775636993459,0.0241298995247464,CBCbothPairsRW,CBCdriftDiffusionLR,0.5,0.310402313853263,0.962210676205991,1.16711813534207,0.0600462689636388,2.17210254258979,0.5,68.6719815168839
CBC_1013,CBC_1013_MSI_TV_v3_Vset4_Tset2_2023-06-23_15h01.09.889.csv,3,42,0,3,z,0,1,3,tac,D,9,1,0D,3D,0,1,z,2.40067689999705,0,1,1,1,3D,0D,D03,4.04305126783455,0.999999999999011,0.00294657909276658,0.00898526140114364,0.344798843073368,0.214061565807928,0.999052335825401,0.0188946618970043,0.000492384123790984,0.000492384123790967,0.344798843073368,0.999998620112339,1.00410825300578e-09,0.5,2.6982200576918e-05,0.149642212762263,0.998625931079063,0.666361038047712,0.333638961952288,0.998625931079063,0.5,0.187052968367754,0.510428244800372,0.00137406892093661,0.000426514172452581,0.5,-0.481105338102996,CBCbothPairsRW,CBCdriftDiffusionLR,0.5,0.310402313853263,0.962210676205991,1.16711813534207,0.0600462689636388,2.17210254258979,0.5,68.6719815168839
CBC_1013,CBC_1013_MSI_TV_v3_Vset4_Tset2_2023-06-23_15h01.09.889.csv,3,43,1,0,b,1,0,0,tac,B,63,1,1B,0B,1,0,b,3.08699239999623,1,0,1,1,1B,0B,B10,2.67414864942653,0.999999999999011,0.00294657909276658,0.00898526140114364,0.344798843073368,0.214061565807928,0.999052335825401,0.0188946618970043,0.000492384123790984,0.000492384123790967,0.344798843073368,0.999998620112339,1.00410825300578e-09,0.0188946618970043,2.6982200576918e-05,0.149642212762263,0.999052445251516,0.823543720404393,0.176456279595607,0.999052335825401,0.214061565807928,0.0934117376908084,0.522837962144791,0.000947664174599461,0.000294157152551516,0.214061565807928,-0.205972323985759,CBCbothPairsRW,CBCdriftDiffusionLR,0.5,0.310402313853263,0.962210676205991,1.16711813534207,0.0600462689636388,2.17210254258979,0.5,68.6719815168839
CBC_1013,CBC_1013_MSI_TV_v3_Vset4_Tset2_2023-06-23_15h01.09.889.csv,3,44,1,0,z,0,1,2,tac,A,63,1,1A,0A,0,1,z,2.60529799999495,0,1,1,1,0A,1A,A10,2.97892515523761,0.999999999999011,0.00294657909276658,0.00898526140114364,0.344798843073368,0.00808924182216825,0.999346492977952,0.0188946618970043,0.000492384123790984,0.000492384123790967,0.344798843073368,0.999998620112339,1.00410825300578e-09,0.0188946618970043,2.6982200576918e-05,0.149642212762263,0.999052445251516,0.997062077727575,0.00293792227242538,0.999999999999011,0.00294657909276658,0.157643826978719,0.53304728427696,9.88764625731164e-13,3.06914827683209e-13,0.00294657909276663,-0.00283522986134542,CBCbothPairsRW,CBCdriftDiffusionLR,0.5,0.310402313853263,0.962210676205991,1.16711813534207,0.0600462689636388,2.17210254258979,0.5,68.6719815168839
CBC_1013,CBC_1013_MSI_AV_v3_Vset3_Aset1_2023-06-23_16h50.00.877.csv,4,1,1,0,b,1,0,0,aud,B,63,1,1B,0B,1,0,b,1.6248302999993,1,0,1,1,1B,0B,B10,2.77258872223978,0.5,0.5,0.5,0.5,0.5,0.5,0.5,0.5,0.5,0.5,0.5,0.5,0.5,0.5,0.5,0.5,0.5,0.5,0.5,0.5,0.280029222455926,0.49954145542206,0.5,0.0702905168870317,0.5,-0.0603430482024333,CBCbothPairsRW,CBCdriftDiffusionLR,0.5,0.140581033774063,0.120686096404867,0.918898043833455,1.43336109519631,2.48195051865015,0.5,72.2637514000956
CBC_1013,CBC_1013_MSI_AV_v3_Vset3_Aset1_2023-06-23_16h50.00.877.csv,4,2,0,1,b,1,0,2,aud,A,63,1,0A,1A,1,0,b,1.44742380000025,1,0,1,1,0A,1A,A01,2.83321334405622,0.5,0.5,0.5,0.5,0.439656951797567,0.570290516887032,0.5,0.5,0.5,0.5,0.5,0.5,0.5,0.5,0.5,0.5,0.5,0.5,0.5,0.5,0.299883680286225,0.49955603829106,0.5,0.0702905168870317,0.5,-0.0603430482024333,CBCbothPairsRW,CBCdriftDiffusionLR,0.5,0.140581033774063,0.120686096404867,0.918898043833455,1.43336109519631,2.48195051865015,0.5,72.2637514000956
CBC_1013,CBC_1013_MSI_AV_v3_Vset3_Aset1_2023-06-23_16h50.00.877.csv,4,3,1,2,z,0,1,1,aud,C,9,1,1C,2C,0,1,z,1.24562669999796,0,1,1,1,2C,1C,C12,2.89037175789616,0.570290516887032,0.439656951797567,0.5,0.5,0.439656951797567,0.570290516887032,0.5,0.5,0.5,0.5,0.5,0.5,0.5,0.5,0.5,0.5,0.5,0.5,0.5,0.5,0.250699512641802,0.499164407306356,0.5,0.0702905168870317,0.5,-0.0603430482024333,CBCbothPairsRW,CBCdriftDiffusionLR,0.5,0.140581033774063,0.120686096404867,0.918898043833455,1.43336109519631,2.48195051865015,0.5,72.2637514000956
CBC_1013,CBC_1013_MSI_AV_v3_Vset3_Aset1_2023-06-23_16h50.00.877.csv,4,4,1,0,z,0,1,2,aud,A,63,1,1A,0A,0,1,b,2.38273529999788,1,0,0,0,1A,0A,A10,2.94443897916644,0.570290516887032,0.439656951797567,0.5,0.5,0.439656951797567,0.570290516887032,0.5,0.5,0.5,0.439656951797567,0.570290516887032,0.5,0.5,0.5,0.5,0.5,0.435326554528817,0.564673445471183,0.439656951797567,0.570290516887032,0.122327510784646,0.387130708589309,-0.439656951797567,-0.0618074287896555,-0.429709483112968,0.0518599601050571,CBCbothPairsRW,CBCdriftDiffusionLR,0.5,0.140581033774063,0.120686096404867,0.918898043833455,1.43336109519631,2.48195051865015,0.5,72.2637514000956
CBC_1013,CBC_1013_MSI_AV_v3_Vset3_Aset1_2023-06-23_16h50.00.877.csv,4,5,3,1,b,1,0,3,aud,D,27,1,3D,1D,1,0,b,2.03948099999616,1,0,1,1,3D,1D,D31,2.99573227355399,0.622150476992089,0.377849523007911,0.5,0.5,0.439656951797567,0.570290516887032,0.5,0.5,0.5,0.439656951797567,0.570290516887032,0.5,0.5,0.5,0.5,0.5,0.5,0.5,0.5,0.5,0.20738253289389,0.50007293086886,0.5,0.0702905168870317,0.5,-0.0603430482024333,CBCbothPairsRW,CBCdriftDiffusionLR,0.5,0.140581033774063,0.120686096404867,0.918898043833455,1.43336109519631,2.48195051865015,0.5,72.2637514000956
CBC_1013,CBC_1013_MSI_AV_v3_Vset3_Aset1_2023-06-23_16h50.00.877.csv,4,6,0,1,z,0,1,0,aud,B,63,1,0B,1B,0,1,z,2.28716159999749,0,1,1,1,1B,0B,B01,3.04452243772342,0.622150476992089,0.377849523007911,0.5,0.5,0.439656951797567,0.570290516887032,0.5,0.5,0.5,0.439656951797567,0.570290516887032,0.5,0.5,0.439656951797567,0.5,0.570290516887032,0.564673445471183,0.435326554528817,0.570290516887032,0.439656951797567,0.209543534164077,0.613378223726858,0.429709483112968,0.0604090033585395,0.439656951797567,-0.0530604812697109,CBCbothPairsRW,CBCdriftDiffusionLR,0.5,0.140581033774063,0.120686096404867,0.918898043833455,1.43336109519631,2.48195051865015,0.5,72.2637514000956
CBC_1013,CBC_1013_MSI_AV_v3_Vset3_Aset1_2023-06-23_16h50.00.877.csv,4,7,2,3,b,1,0,1,aud,C,63,1,2C,3C,1,0,b,2.21444189999966,1,0,1,1,2C,3C,C23,3.09104245335832,0.622150476992089,0.377849523007911,0.5,0.5,0.386596470527856,0.630699520245571,0.5,0.5,0.5,0.439656951797567,0.570290516887032,0.5,0.5,0.439656951797567,0.5,0.570290516887032,0.532837120285562,0.467162879714438,0.570290516887032,0.5,0.20142055435408,0.557334371561836,0.429709483112968,0.0604090033585395,0.5,-0.0603430482024333,CBCbothPairsRW,CBCdriftDiffusionLR,0.5,0.140581033774063,0.120686096404867,0.918898043833455,1.43336109519631,2.48195051865015,0.5,72.2637514000956
CBC_1013,CBC_1013_MSI_AV_v3_Vset3_Aset1_2023-06-23_16h50.00.877.csv,4,8,2,0,z,0,1,2,aud,A,27,1,2A,0A,0,1,z,2.55901079999967,0,1,1,1,0A,2A,A20,3.13549421592915,0.622150476992089,0.377849523007911,0.5,0.5,0.386596470527856,0.630699520245571,0.5,0.5,0.5,0.439656951797567,0.630699520245571,0.439656951797567,0.5,0.439656951797567,0.5,0.570290516887032,0.554426959439304,0.445573040560696,0.622150476992089,0.5,0.16307536095578,0.595694392400545,0.377849523007911,0.0531184765554889,0.5,-0.0603430482024333,CBCbothPairsRW,CBCdriftDiffusionLR,0.5,0.140581033774063,0.120686096404867,0.918898043833455,1.43336109519631,2.48195051865015,0.5,72.2637514000956
CBC_1013,CBC_1013_MSI_AV_v3_Vset3_Aset1_2023-06-23_16h50.00.877.csv,4,9,3,2,b,1,0,3,aud,D,63,1,3D,2D,1,0,b,2.2502381000013,1,0,1,1,3D,2D,D32,3.17805383034795,0.675268953547578,0.377849523007911,0.439656951797567,0.5,0.386596470527856,0.630699520245571,0.5,0.5,0.5,0.439656951797567,0.630699520245571,0.439656951797567,0.5,0.439656951797567,0.5,0.570290516887032,0.532837120285562,0.467162879714438,0.570290516887032,0.5,0.195817440835516,0.557589538186387,0.429709483112968,0.0604090033585395,0.5,-0.0603430482024333,CBCbothPairsRW,CBCdriftDiffusionLR,0.5,0.140581033774063,0.120686096404867,0.918898043833455,1.43336109519631,2.48195051865015,0.5,72.2637514000956
CBC_1013,CBC_1013_MSI_AV_v3_Vset3_Aset1_2023-06-23_16h50.00.877.csv,4,10,3,1,z,0,1,0,aud,B,27,1,3B,1B,0,1,z,1.72423780000099,0,1,1,1,1B,3B,B31,3.2188758248682,0.675268953547578,0.377849523007911,0.439656951797567,0.5,0.386596470527856,0.630699520245571,0.5,0.5,0.5,0.439656951797567,0.630699520245571,0.439656951797567,0.5,0.439656951797567,0.439656951797567,0.630699520245571,0.557795867914221,0.442204132085779,0.630699520245571,0.5,0.319957229731612,0.602315893589079,0.369300479754429,0.0519166432171352,0.5,-0.0603430482024333,CBCbothPairsRW,CBCdriftDiffusionLR,0.5,0.140581033774063,0.120686096404867,0.918898043833455,1.43336109519631,2.48195051865015,0.5,72.2637514000956
CBC_1013,CBC_1013_MSI_AV_v3_Vset3_Aset1_2023-06-23_16h50.00.877.csv,4,11,3,2,z,0,1,1,aud,C,63,1,3C,2C,0,1,z,2.34041889999935,0,1,1,1,2C,3C,C32,3.25809653802148,0.675268953547578,0.377849523007911,0.439656951797567,0.5,0.386596470527856,0.682616163462706,0.5,0.439656951797567,0.5,0.439656951797567,0.630699520245571,0.439656951797567,0.5,0.439656951797567,0.439656951797567,0.630699520245571,0.589242496980158,0.410757503019842,0.630699520245571,0.439656951797567,0.21432197366685,0.654399186449468,0.369300479754429,0.0519166432171352,0.439656951797567,-0.0530604812697109,CBCbothPairsRW,CBCdriftDiffusionLR,0.5,0.140581033774063,0.120686096404867,0.918898043833455,1.43336109519631,2.48195051865015,0.5,72.2637514000956
CBC_1013,CBC_1013_MSI_AV_v3_Vset3_Aset1_2023-06-23_16h50.00.877.csv,4,12,1,3,b,1,0,0,aud,B,27,1,1B,3B,1,0,b,2.02770080000118,1,0,1,1,1B,3B,B13,3.29583686600433,0.675268953547578,0.377849523007911,0.439656951797567,0.5,0.386596470527856,0.682616163462706,0.5,0.439656951797567,0.5,0.439656951797567,0.682616163462706,0.386596470527856,0.5,0.439656951797567,0.439656951797567,0.630699520245571,0.608244244810584,0.391755755189416,0.682616163462706,0.439656951797567,0.291619584492913,0.683600913587467,0.317383836537294,0.0446181478435911,0.439656951797567,-0.0530604812697109,CBCbothPairsRW,CBCdriftDiffusionLR,0.5,0.140581033774063,0.120686096404867,0.918898043833455,1.43336109519631,2.48195051865015,0.5,72.2637514000956
CBC_1013,CBC_1013_MSI_AV_v3_Vset3_Aset1_2023-06-23_16h50.00.877.csv,4,13,3,2,z,0,1,1,aud,C,63,1,3C,2C,0,1,z,2.85262969999894,0,1,1,1,2C,3C,C32,2.63905732961526,0.675268953547578,0.377849523007911,0.439656951797567,0.5,0.386596470527856,0.727234311306297,0.5,0.386596470527856,0.5,0.439656951797567,0.682616163462706,0.386596470527856,0.5,0.439656951797567,0.439656951797567,0.630699520245571,0.638428823006904,0.361571176993096,0.682616163462706,0.386596470527856,0.152360014994586,0.728876441095564,0.317383836537294,0.0446181478435911,0.386596470527856,-0.046656818911906,CBCbothPairsRW,CBCdriftDiffusionLR,0.5,0.140581033774063,0.120686096404867,0.918898043833455,1.43336109519631,2.48195051865015,0.5,72.2637514000956
CBC_1013,CBC_1013_MSI_AV_v3_Vset3_Aset1_2023-06-23_16h50.00.877.csv,4,14,3,2,b,1,0,3,aud,D,63,1,3D,2D,1,0,z,2.23503640000126,0,1,0,0,2D,3D,D32,2.67414864942653,0.675268953547578,0.377849523007911,0.439656951797567,0.5,0.386596470527856,0.727234311306297,0.5,0.386596470527856,0.5,0.439656951797567,0.727234311306297,0.33993965161595,0.5,0.439656951797567,0.439656951797567,0.630699520245571,0.410757503019842,0.589242496980158,0.439656951797567,0.630699520245571,0.124050056712946,0.347043461934278,-0.439656951797567,-0.0618074287896555,-0.369300479754429,0.0445694333020065,CBCbothPairsRW,CBCdriftDiffusionLR,0.5,0.140581033774063,0.120686096404867,0.918898043833455,1.43336109519631,2.48195051865015,0.5,72.2637514000956
CBC_1013,CBC_1013_MSI_AV_v3_Vset3_Aset1_2023-06-23_16h50.00.877.csv,4,15,0,3,b,1,0,2,aud,A,9,1,0A,3A,1,0,b,2.49769419999939,1,0,1,1,0A,3A,A03,3.40119738166216,0.675268953547578,0.377849523007911,0.439656951797567,0.5,0.386596470527856,0.727234311306297,0.5,0.386596470527856,0.5,0.439656951797567,0.727234311306297,0.33993965161595,0.5,0.439656951797567,0.377849523007911,0.675268953547578,0.574565465640237,0.425434534359763,0.675268953547578,0.5,0.181105051515646,0.629844111653945,0.324731046452422,0.0456510262088149,0.5,-0.0603430482024333,CBCbothPairsRW,CBCdriftDiffusionLR,0.5,0.140581033774063,0.120686096404867,0.918898043833455,1.43336109519631,2.48195051865015,0.5,72.2637514000956
CBC_1013,CBC_1013_MSI_AV_v3_Vset3_Aset1_2023-06-23_16h50.00.877.csv,4,16,0,1,z,0,1,0,aud,B,63,0,0B,1B,1,0,z,2.02205699999831,0,1,1,0,1B,0B,B01,2.7408400239252,0.720919979756393,0.377849523007911,0.439656951797567,0.439656951797567,0.386596470527856,0.727234311306297,0.5,0.386596470527856,0.5,0.439656951797567,0.727234311306297,0.33993965161595,0.5,0.439656951797567,0.377849523007911,0.675268953547578,0.652912743270352,0.347087256729648,0.727234311306297,0.386596470527856,0.325914278459079,0.748326579984998,-0.727234311306297,-0.102235351279408,-0.613403529472144,0.0740292774929606,CBCbothPairsRW,CBCdriftDiffusionLR,0.5,0.140581033774063,0.120686096404867,0.918898043833455,1.43336109519631,2.48195051865015,0.5,72.2637514000956
CBC_1013,CBC_1013_MSI_AV_v3_Vset3_Aset1_2023-06-23_16h50.00.877.csv,4,17,2,3,z,0,1,3,aud,D,63,1,2D,3D,0,1,b,2.39136990000043,1,0,0,0,2D,3D,D23,3.46573590279973,0.720919979756393,0.377849523007911,0.439656951797567,0.439656951797567,0.460625748020816,0.624998960026889,0.5,0.386596470527856,0.5,0.439656951797567,0.727234311306297,0.33993965161595,0.5,0.439656951797567,0.377849523007911,0.675268953547578,0.358791087061516,0.641208912938484,0.377849523007911,0.675268953547578,0.0838625019200765,0.267384087069937,-0.377849523007911,-0.0531184765554889,-0.324731046452422,0.0391905223778103,CBCbothPairsRW,CBCdriftDiffusionLR,0.5,0.140581033774063,0.120686096404867,0.918898043833455,1.43336109519631,2.48195051865015,0.5,72.2637514000956
CBC_1013,CBC_1013_MSI_AV_v3_Vset3_Aset1_2023-06-23_16h50.00.877.csv,4,18,0,2,z,0,1,1,aud,C,27,1,0C,2C,0,1,z,2.81760660000145,0,1,1,1,2C,0C,C02,3.49650756146648,0.720919979756393,0.377849523007911,0.439656951797567,0.439656951797567,0.460625748020816,0.624998960026889,0.5,0.386596470527856,0.5,0.439656951797567,0.727234311306297,0.33993965161595,0.5,0.439656951797567,0.324731046452422,0.714459475925388,0.592579839568054,0.407420160431946,0.727234311306297,0.5,0.144860169450303,0.658931105650682,0.272765688693703,0.0383456824946551,0.5,-0.0603430482024333,CBCbothPairsRW,CBCdriftDiffusionLR,0.5,0.140581033774063,0.120686096404867,0.918898043833455,1.43336109519631,2.48195051865015,0.5,72.2637514000956
CBC_1013,CBC_1013_MSI_AV_v3_Vset3_Aset1_2023-06-23_16h50.00.877.csv,4,19,0,1,b,1,0,2,aud,A,63,1,0A,1A,1,0,b,1.58201569999801,1,0,1,1,0A,1A,A01,2.83321334405622,0.720919979756393,0.377849523007911,0.439656951797567,0.439656951797567,0.460625748020816,0.624998960026889,0.5,0.386596470527856,0.439656951797567,0.439656951797567,0.765579993800953,0.33993965161595,0.5,0.439656951797567,0.324731046452422,0.714459475925388,0.656115753069856,0.343884246930144,0.720919979756393,0.377849523007911,0.467759651083413,0.752043782254498,0.279080020243607,0.0392333577515329,0.377849523007911,-0.0456011839602656,CBCbothPairsRW,CBCdriftDiffusionLR,0.5,0.140581033774063,0.120686096404867,0.918898043833455,1.43336109519631,2.48195051865015,0.5,72.2637514000956
CBC_1013,CBC_1013_MSI_AV_v3_Vset3_Aset1_2023-06-23_16h50.00.877.csv,4,20,1,0,b,1,0,0,aud,B,63,1,1B,0B,1,0,b,1.62303519999841,1,0,1,1,1B,0B,B10,2.86220088092947,0.760153337507925,0.332248339047646,0.439656951797567,0.439656951797567,0.460625748020816,0.624998960026889,0.5,0.386596470527856,0.439656951797567,0.439656951797567,0.765579993800953,0.33993965161595,0.5,0.439656951797567,0.324731046452422,0.714459475925388,0.575704435790554,0.424295564209446,0.624998960026889,0.460625748020816,0.361392800649211,0.63169085829345,0.375001039973111,0.0527180338657688,0.460625748020816,-0.055591123432204,CBCbothPairsRW,CBCdriftDiffusionLR,0.5,0.140581033774063,0.120686096404867,0.918898043833455,1.43336109519631,2.48195051865015,0.5,72.2637514000956
CBC_1013,CBC_1013_MSI_AV_v3_Vset3_Aset1_2023-06-23_16h50.00.877.csv,4,21,1,3,z,0,1,3,aud,D,27,1,1D,3D,0,1,z,1.86557469999752,0,1,1,1,3D,1D,D13,3.58351893845611,0.760153337507925,0.332248339047646,0.439656951797567,0.439656951797567,0.405034624588612,0.677716993892658,0.5,0.386596470527856,0.439656951797567,0.439656951797567,0.765579993800953,0.33993965161595,0.5,0.439656951797567,0.324731046452422,0.714459475925388,0.619053207079809,0.380946792920191,0.714459475925388,0.439656951797567,0.34261251447746,0.699474865796712,0.285540524074612,0.0401415820587968,0.439656951797567,-0.0530604812697109,CBCbothPairsRW,CBCdriftDiffusionLR,0.5,0.140581033774063,0.120686096404867,0.918898043833455,1.43336109519631,2.48195051865015,0.5,72.2637514000956
CBC_1013,CBC_1013_MSI_AV_v3_Vset3_Aset1_2023-06-23_16h50.00.877.csv,4,22,3,2,z,0,1,1,aud,C,63,1,3C,2C,0,1,b,2.80694950000179,1,0,0,0,3C,2C,C32,2.51230562397611,0.760153337507925,0.332248339047646,0.439656951797567,0.439656951797567,0.405034624588612,0.677716993892658,0.5,0.386596470527856,0.439656951797567,0.439656951797567,0.765579993800953,0.33993965161595,0.5,0.386596470527856,0.324731046452422,0.754601057984185,0.307493089810951,0.692506910189049,0.33993965161595,0.765579993800953,0.0424136187315551,0.202309313118829,-0.33993965161595,-0.0477890676449652,-0.234420006199047,0.0282912354673677,CBCbothPairsRW,CBCdriftDiffusionLR,0.5,0.140581033774063,0.120686096404867,0.918898043833455,1.43336109519631,2.48195051865015,0.5,72.2637514000956
CBC_1013,CBC_1013_MSI_AV_v3_Vset3_Aset1_2023-06-23_16h50.00.877.csv,4,23,0,1,b,1,0,2,aud,A,63,1,0A,1A,1,0,b,1.7307802999967,1,0,1,1,0A,1A,A01,2.53897387105828,0.760153337507925,0.332248339047646,0.439656951797567,0.439656951797567,0.405034624588612,0.677716993892658,0.5,0.386596470527856,0.439656951797567,0.439656951797567,0.79387122926832,0.292150583970985,0.5,0.386596470527856,0.324731046452422,0.754601057984185,0.695855154584483,0.304144845415517,0.760153337507925,0.332248339047646,0.461996052028343,0.80085019583946,0.239846662492075,0.0337178917603947,0.332248339047646,-0.040097755076661,CBCbothPairsRW,CBCdriftDiffusionLR,0.5,0.140581033774063,0.120686096404867,0.918898043833455,1.43336109519631,2.48195051865015,0.5,72.2637514000956
CBC_1013,CBC_1013_MSI_AV_v3_Vset3_Aset1_2023-06-23_16h50.00.877.csv,4,24,2,3,z,0,1,3,aud,D,63,1,2D,3D,0,1,b,2.48139860000083,1,0,0,0,2D,3D,D23,2.9704144655697,0.79387122926832,0.292150583970985,0.439656951797567,0.439656951797567,0.405034624588612,0.677716993892658,0.5,0.386596470527856,0.439656951797567,0.439656951797567,0.79387122926832,0.292150583970985,0.5,0.386596470527856,0.324731046452422,0.754601057984185,0.30086295507899,0.69913704492101,0.324731046452422,0.754601057984185,0.0556866435535493,0.195194266352704,-0.324731046452422,-0.0456510262088149,-0.245398942015815,0.0296162403737729,CBCbothPairsRW,CBCdriftDiffusionLR,0.5,0.140581033774063,0.120686096404867,0.918898043833455,1.43336109519631,2.48195051865015,0.5,72.2637514000956
CBC_1013,CBC_1013_MSI_AV_v3_Vset3_Aset1_2023-06-23_16h50.00.877.csv,4,25,2,0,b,1,0,1,aud,C,27,1,2C,0C,1,0,b,2.63205450000169,1,0,1,1,2C,0C,C20,3.68887945411394,0.79387122926832,0.292150583970985,0.439656951797567,0.439656951797567,0.405034624588612,0.677716993892658,0.5,0.386596470527856,0.439656951797567,0.439656951797567,0.79387122926832,0.292150583970985,0.5,0.386596470527856,0.279080020243607,0.784217298357958,0.643577699686066,0.356422300313934,0.79387122926832,0.439656951797567,0.186195840670648,0.734545167375661,0.20612877073168,0.0289777956800364,0.439656951797567,-0.0530604812697109,CBCbothPairsRW,CBCdriftDiffusionLR,0.5,0.140581033774063,0.120686096404867,0.918898043833455,1.43336109519631,2.48195051865015,0.5,72.2637514000956
CBC_1013,CBC_1013_MSI_AV_v3_Vset3_Aset1_2023-06-23_16h50.00.877.csv,4,26,0,1,b,1,0,2,aud,A,63,1,0A,1A,1,0,b,3.35273500000039,1,0,1,1,0A,1A,A01,2.32727770558442,0.79387122926832,0.292150583970985,0.439656951797567,0.439656951797567,0.405034624588612,0.677716993892658,0.5,0.386596470527856,0.386596470527856,0.439656951797567,0.822849024948357,0.292150583970985,0.5,0.386596470527856,0.279080020243607,0.784217298357958,0.730990132601868,0.269009867398132,0.79387122926832,0.292150583970985,0.0968238949728672,0.837938236512165,0.20612877073168,0.0289777956800364,0.292150583970985,-0.0352585135418603,CBCbothPairsRW,CBCdriftDiffusionLR,0.5,0.140581033774063,0.120686096404867,0.918898043833455,1.43336109519631,2.48195051865015,0.5,72.2637514000956
CBC_1013,CBC_1013_MSI_AV_v3_Vset3_Aset1_2023-06-23_16h50.00.877.csv,4,27,1,3,b,1,0,0,aud,B,27,1,1B,3B,1,0,b,1.05382739999914,1,0,1,1,1B,3B,B13,3.04452243772342,0.822849024948357,0.256892070429124,0.439656951797567,0.439656951797567,0.405034624588612,0.677716993892658,0.5,0.386596470527856,0.386596470527856,0.439656951797567,0.822849024948357,0.292150583970985,0.5,0.386596470527856,0.279080020243607,0.784217298357958,0.63676446512086,0.36323553487914,0.677716993892658,0.386596470527856,0.0534501157263933,0.725783440606113,0.322283006107342,0.0453068781663829,0.386596470527856,-0.046656818911906,CBCbothPairsRW,CBCdriftDiffusionLR,0.5,0.140581033774063,0.120686096404867,0.918898043833455,1.43336109519631,2.48195051865015,0.5,72.2637514000956
CBC_1013,CBC_1013_MSI_AV_v3_Vset3_Aset1_2023-06-23_16h50.00.877.csv,4,28,3,2,z,0,1,1,aud,C,63,1,3C,2C,0,1,b,1.78966030000083,1,0,0,0,3C,2C,C32,2.37490575457367,0.822849024948357,0.256892070429124,0.439656951797567,0.439656951797567,0.405034624588612,0.723023872059041,0.5,0.33993965161595,0.386596470527856,0.439656951797567,0.822849024948357,0.292150583970985,0.5,0.386596470527856,0.279080020243607,0.784217298357958,0.262018552862218,0.737981447137782,0.292150583970985,0.822849024948357,0.0879549600804671,0.155461308781011,-0.292150583970985,-0.0410708311123373,-0.177150975051643,0.0213796596532987,CBCbothPairsRW,CBCdriftDiffusionLR,0.5,0.140581033774063,0.120686096404867,0.918898043833455,1.43336109519631,2.48195051865015,0.5,72.2637514000956
CBC_1013,CBC_1013_MSI_AV_v3_Vset3_Aset1_2023-06-23_16h50.00.877.csv,4,29,3,2,b,1,0,3,aud,D,63,1,3D,2D,1,0,b,2.38532430000123,1,0,1,1,3D,2D,D32,2.68557734525015,0.822849024948357,0.256892070429124,0.439656951797567,0.439656951797567,0.405034624588612,0.723023872059041,0.5,0.33993965161595,0.386596470527856,0.439656951797567,0.844228684601655,0.251079752858647,0.5,0.386596470527856,0.279080020243607,0.784217298357958,0.737533411058866,0.262466588941134,0.784217298357958,0.279080020243607,0.260943862366049,0.84402995656918,0.215782701642042,0.0303349552673986,0.279080020243607,-0.0336810782277921,CBCbothPairsRW,CBCdriftDiffusionLR,0.5,0.140581033774063,0.120686096404867,0.918898043833455,1.43336109519631,2.48195051865015,0.5,72.2637514000956
CBC_1013,CBC_1013_MSI_AV_v3_Vset3_Aset1_2023-06-23_16h50.00.877.csv,4,30,0,1,z,0,1,0,aud,B,63,1,0B,1B,0,1,z,1.37549630000285,0,1,1,1,1B,0B,B01,2.70805020110221,0.822849024948357,0.256892070429124,0.439656951797567,0.439656951797567,0.405034624588612,0.723023872059041,0.5,0.33993965161595,0.386596470527856,0.439656951797567,0.844228684601655,0.251079752858647,0.5,0.386596470527856,0.245398942015815,0.814552253625356,0.64094537136834,0.35905462863166,0.723023872059041,0.405034624588612,0.472646270050771,0.731601553913806,0.276976127940959,0.0389375903966773,0.405034624588612,-0.0488820477504102,CBCbothPairsRW,CBCdriftDiffusionLR,0.5,0.140581033774063,0.120686096404867,0.918898043833455,1.43336109519631,2.48195051865015,0.5,72.2637514000956
CBC_1013,CBC_1013_MSI_AV_v3_Vset3_Aset1_2023-06-23_16h50.00.877.csv,4,31,2,0,z,0,1,2,aud,A,27,1,2A,0A,0,1,b,3.05689499999789,1,0,0,0,2A,0A,A20,3.13549421592915,0.822849024948357,0.256892070429124,0.439656951797567,0.439656951797567,0.356152576838202,0.761961462455718,0.5,0.33993965161595,0.386596470527856,0.439656951797567,0.844228684601655,0.251079752858647,0.5,0.386596470527856,0.245398942015815,0.814552253625356,0.34824148154195,0.65175851845805,0.439656951797567,0.822849024948357,0.0437569712082661,0.253378057906414,-0.439656951797567,-0.0618074287896555,-0.177150975051643,0.0213796596532987,CBCbothPairsRW,CBCdriftDiffusionLR,0.5,0.140581033774063,0.120686096404867,0.918898043833455,1.43336109519631,2.48195051865015,0.5,72.2637514000956
CBC_1013,CBC_1013_MSI_AV_v3_Vset3_Aset1_2023-06-23_16h50.00.877.csv,4,32,3,0,b,1,0,3,aud,D,9,1,3D,0D,1,0,b,3.61074789999839,1,0,1,1,3D,0D,D30,3.85014760171006,0.844228684601655,0.256892070429124,0.377849523007911,0.439656951797567,0.356152576838202,0.761961462455718,0.5,0.33993965161595,0.386596470527856,0.439656951797567,0.844228684601655,0.251079752858647,0.5,0.386596470527856,0.245398942015815,0.814552253625356,0.619642354557555,0.380357645442445,0.814552253625356,0.5,0.0771190872871473,0.700960347357906,0.185447746374644,0.0260704358964177,0.5,-0.0603430482024333,CBCbothPairsRW,CBCdriftDiffusionLR,0.5,0.140581033774063,0.120686096404867,0.918898043833455,1.43336109519631,2.48195051865015,0.5,72.2637514000956
CBC_1013,CBC_1013_MSI_AV_v3_Vset3_Aset1_2023-06-23_16h50.00.877.csv,4,33,3,2,z,0,1,1,aud,C,63,1,3C,2C,0,1,z,2.25690160000158,0,1,1,1,2C,3C,C32,2.26176309847379,0.844228684601655,0.256892070429124,0.377849523007911,0.439656951797567,0.356152576838202,0.761961462455718,0.5,0.33993965161595,0.386596470527856,0.439656951797567,0.844228684601655,0.251079752858647,0.439656951797567,0.386596470527856,0.245398942015815,0.840622689521774,0.77076799167107,0.22923200832893,0.844228684601655,0.251079752858647,0.305584598560068,0.872974407843377,0.155771315398345,0.021898492551045,0.251079752858647,-0.0303018352588088,CBCbothPairsRW,CBCdriftDiffusionLR,0.5,0.140581033774063,0.120686096404867,0.918898043833455,1.43336109519631,2.48195051865015,0.5,72.2637514000956
CBC_1013,CBC_1013_MSI_AV_v3_Vset3_Aset1_2023-06-23_16h50.00.877.csv,4,34,0,1,z,0,1,0,aud,B,63,1,0B,1B,0,1,z,1.25709920000008,0,1,1,1,1B,0B,B01,2.50552593699074,0.844228684601655,0.256892070429124,0.377849523007911,0.439656951797567,0.356152576838202,0.761961462455718,0.5,0.33993965161595,0.386596470527856,0.439656951797567,0.8661271771527,0.220777917599838,0.439656951797567,0.386596470527856,0.245398942015815,0.840622689521774,0.681470257664317,0.318529742335683,0.761961462455718,0.356152576838202,0.47130900883137,0.784970494654061,0.238038537544282,0.0334637036860413,0.356152576838202,-0.0429826642231369,CBCbothPairsRW,CBCdriftDiffusionLR,0.5,0.140581033774063,0.120686096404867,0.918898043833455,1.43336109519631,2.48195051865015,0.5,72.2637514000956
CBC_1013,CBC_1013_MSI_AV_v3_Vset3_Aset1_2023-06-23_16h50.00.877.csv,4,35,0,1,b,1,0,2,aud,A,63,0,0A,1A,0,1,b,3.16199319999942,1,0,1,0,0A,1A,A01,2.30258509299405,0.844228684601655,0.256892070429124,0.377849523007911,0.439656951797567,0.313169912615065,0.79542516614176,0.5,0.33993965161595,0.386596470527856,0.439656951797567,0.8661271771527,0.220777917599838,0.439656951797567,0.386596470527856,0.245398942015815,0.840622689521774,0.766699456662277,0.233300543337723,0.844228684601655,0.256892070429124,0.113374629276312,0.869597854161557,-0.844228684601655,-0.118682541223018,-0.743107929570876,0.0896827952274115,CBCbothPairsRW,CBCdriftDiffusionLR,0.5,0.140581033774063,0.120686096404867,0.918898043833455,1.43336109519631,2.48195051865015,0.5,72.2637514000956
CBC_1013,CBC_1013_MSI_AV_v3_Vset3_Aset1_2023-06-23_16h50.00.877.csv,4,36,2,3,z,0,1,3,aud,D,63,1,2D,3D,0,1,z,2.29431839999961,0,1,1,1,3D,2D,D23,2.83321334405622,0.725546143378637,0.346574865656536,0.377849523007911,0.439656951797567,0.313169912615065,0.79542516614176,0.5,0.33993965161595,0.386596470527856,0.439656951797567,0.8661271771527,0.220777917599838,0.439656951797567,0.386596470527856,0.245398942015815,0.840622689521774,0.774038624195377,0.225961375804623,0.840622689521774,0.245398942015815,0.29370565029587,0.875412356435041,0.159377310478226,0.0224054270671589,0.245398942015815,-0.0296162403737729,CBCbothPairsRW,CBCdriftDiffusionLR,0.5,0.140581033774063,0.120686096404867,0.918898043833455,1.43336109519631,2.48195051865015,0.5,72.2637514000956
CBC_1013,CBC_1013_MSI_AV_v3_Vset3_Aset1_2023-06-23_16h50.00.877.csv,4,37,1,2,b,1,0,0,aud,B,9,1,1B,2B,1,0,b,1.34020719999899,1,0,1,1,1B,2B,B12,3.95124371858143,0.725546143378637,0.346574865656536,0.377849523007911,0.439656951797567,0.313169912615065,0.79542516614176,0.5,0.33993965161595,0.386596470527856,0.439656951797567,0.8661271771527,0.220777917599838,0.439656951797567,0.386596470527856,0.215782701642042,0.863028116588933,0.614026334312171,0.385973665687829,0.79542516614176,0.5,0.426064595730321,0.691338328312852,0.20457483385824,0.0287593416279487,0.5,-0.0603430482024333,CBCbothPairsRW,CBCdriftDiffusionLR,0.5,0.140581033774063,0.120686096404867,0.918898043833455,1.43336109519631,2.48195051865015,0.5,72.2637514000956
CBC_1013,CBC_1013_MSI_AV_v3_Vset3_Aset1_2023-06-23_16h50.00.877.csv,4,38,2,0,z,0,1,2,aud,A,27,1,2A,0A,0,1,z,2.63005699999849,0,1,1,1,0A,2A,A20,2.87167962488401,0.725546143378637,0.346574865656536,0.377849523007911,0.439656951797567,0.313169912615065,0.824184507769708,0.439656951797567,0.33993965161595,0.386596470527856,0.439656951797567,0.8661271771527,0.220777917599838,0.439656951797567,0.386596470527856,0.215782701642042,0.863028116588933,0.657557543029591,0.342442456970409,0.725546143378637,0.377849523007911,0.190473879842564,0.754180680954578,0.274453856621363,0.0385830068871098,0.377849523007911,-0.0456011839602656,CBCbothPairsRW,CBCdriftDiffusionLR,0.5,0.140581033774063,0.120686096404867,0.918898043833455,1.43336109519631,2.48195051865015,0.5,72.2637514000956
CBC_1013,CBC_1013_MSI_AV_v3_Vset3_Aset1_2023-06-23_16h50.00.877.csv,4,39,2,3,b,1,0,1,aud,C,63,1,2C,3C,1,0,b,1.51981490000253,1,0,1,1,2C,3C,C23,3.29583686600433,0.764129150265747,0.346574865656536,0.332248339047646,0.439656951797567,0.313169912615065,0.824184507769708,0.439656951797567,0.33993965161595,0.386596470527856,0.439656951797567,0.8661271771527,0.220777917599838,0.439656951797567,0.386596470527856,0.215782701642042,0.863028116588933,0.79687470537609,0.20312529462391,0.8661271771527,0.220777917599838,0.681744349501132,0.891753781602399,0.1338728228473,0.0188199798301254,0.220777917599838,-0.0266448250475198,CBCbothPairsRW,CBCdriftDiffusionLR,0.5,0.140581033774063,0.120686096404867,0.918898043833455,1.43336109519631,2.48195051865015,0.5,72.2637514000956
CBC_1013,CBC_1013_MSI_AV_v3_Vset3_Aset1_2023-06-23_16h50.00.877.csv,4,40,1,3,z,0,1,3,aud,D,27,1,1D,3D,0,1,z,2.77609660000235,0,1,1,1,3D,1D,D13,3.31418600467253,0.764129150265747,0.346574865656536,0.332248339047646,0.439656951797567,0.313169912615065,0.824184507769708,0.439656951797567,0.33993965161595,0.386596470527856,0.439656951797567,0.884947156982826,0.194133092552319,0.439656951797567,0.386596470527856,0.215782701642042,0.863028116588933,0.690629910363852,0.309370089636148,0.863028116588933,0.386596470527856,0.171964051191144,0.794895840888049,0.136971883411067,0.0192556489679083,0.386596470527856,-0.046656818911906,CBCbothPairsRW,CBCdriftDiffusionLR,0.5,0.140581033774063,0.120686096404867,0.918898043833455,1.43336109519631,2.48195051865015,0.5,72.2637514000956
CBC_1013,CBC_1013_MSI_AV_v3_Vset3_Aset1_2023-06-23_16h50.00.877.csv,4,41,0,1,b,1,0,2,aud,A,63,1,0A,1A,1,0,b,2.5527762999991,1,0,1,1,0A,1A,A01,2.23359222150709,0.764129150265747,0.346574865656536,0.332248339047646,0.439656951797567,0.313169912615065,0.824184507769708,0.439656951797567,0.33993965161595,0.386596470527856,0.439656951797567,0.884947156982826,0.194133092552319,0.439656951797567,0.33993965161595,0.215782701642042,0.882283765556841,0.687968296964557,0.312031703035443,0.764129150265747,0.346574865656536,0.212038210930037,0.79189466505517,0.235870849734253,0.0331589678928081,0.346574865656536,-0.0418267676481284,CBCbothPairsRW,CBCdriftDiffusionLR,0.5,0.140581033774063,0.120686096404867,0.918898043833455,1.43336109519631,2.48195051865015,0.5,72.2637514000956
CBC_1013,CBC_1013_MSI_AV_v3_Vset3_Aset1_2023-06-23_16h50.00.877.csv,4,42,0,2,z,0,1,1,aud,C,27,1,0C,2C,0,1,z,2.29615420000118,0,1,1,1,2C,0C,C02,3.3499040872746,0.797288118158555,0.304748098008407,0.332248339047646,0.439656951797567,0.313169912615065,0.824184507769708,0.439656951797567,0.33993965161595,0.386596470527856,0.439656951797567,0.884947156982826,0.194133092552319,0.439656951797567,0.33993965161595,0.215782701642042,0.882283765556841,0.695962873657193,0.304037126342807,0.884947156982826,0.386596470527856,0.273331413551583,0.801461585521925,0.115052843017174,0.0161742476099994,0.386596470527856,-0.046656818911906,CBCbothPairsRW,CBCdriftDiffusionLR,0.5,0.140581033774063,0.120686096404867,0.918898043833455,1.43336109519631,2.48195051865015,0.5,72.2637514000956
CBC_1013,CBC_1013_MSI_AV_v3_Vset3_Aset1_2023-06-23_16h50.00.877.csv,4,43,3,2,b,1,0,3,aud,D,63,1,3D,2D,1,0,b,3.55162790000031,1,0,1,1,3D,2D,D32,2.67414864942653,0.797288118158555,0.304748098008407,0.332248339047646,0.439656951797567,0.313169912615065,0.824184507769708,0.439656951797567,0.33993965161595,0.33993965161595,0.439656951797567,0.901121404592825,0.194133092552319,0.439656951797567,0.33993965161595,0.215782701642042,0.882283765556841,0.803488488094447,0.196511511905553,0.882283765556841,0.215782701642042,0.0671731489309286,0.896829547653719,0.117716234443159,0.0165486699300093,0.215782701642042,-0.0260419719328741,CBCbothPairsRW,CBCdriftDiffusionLR,0.5,0.140581033774063,0.120686096404867,0.918898043833455,1.43336109519631,2.48195051865015,0.5,72.2637514000956
CBC_1013,CBC_1013_MSI_AV_v3_Vset3_Aset1_2023-06-23_16h50.00.877.csv,4,44,1,0,b,1,0,0,aud,B,63,1,1B,0B,1,0,b,1.66608890000134,1,0,1,1,1B,0B,B10,2.97892515523761,0.797288118158555,0.304748098008407,0.332248339047646,0.439656951797567,0.313169912615065,0.824184507769708,0.439656951797567,0.33993965161595,0.33993965161595,0.439656951797567,0.901121404592825,0.194133092552319,0.439656951797567,0.33993965161595,0.189740729709168,0.898832435486851,0.724650551312652,0.275349448687348,0.824184507769708,0.313169912615065,0.521348385907005,0.832538437261841,0.175815492230292,0.0247163236512302,0.313169912615065,-0.0377952542649654,CBCbothPairsRW,CBCdriftDiffusionLR,0.5,0.140581033774063,0.120686096404867,0.918898043833455,1.43336109519631,2.48195051865015,0.5,72.2637514000956
CBC_1013,CBC_1013_MSI_TV_v3_Vset6_Tset3_2023-06-23_16h58.24.978.csv,5,1,1,0,z,0,1,2,tac,A,63,1,1A,0A,0,1,b,2.37187400000039,1,0,0,0,1A,0A,A10,2.77258872223978,0.5,0.5,0.5,0.5,0.5,0.5,0.5,0.5,0.5,0.5,0.5,0.5,0.5,0.5,0.5,0.5,0.5,0.5,0.5,0.5,0.216329521136035,0.499784701635167,-0.5,-0.289425493041164,-0.5,0.348442235440088,CBCbothPairsRW,CBCdriftDiffusionLR,0.5,0.578850986082328,0.696884470880177,1.29357142548355,0.31764555425388,2.38004105601853,0.5,77.4596992193907
CBC_1013,CBC_1013_MSI_TV_v3_Vset6_Tset3_2023-06-23_16h58.24.978.csv,5,2,2,3,b,1,0,1,tac,C,63,1,2C,3C,1,0,b,2.41450840000107,1,0,1,1,2C,3C,C23,2.83321334405622,0.848442235440088,0.210574506958836,0.5,0.5,0.5,0.5,0.5,0.5,0.5,0.5,0.5,0.5,0.5,0.5,0.5,0.5,0.5,0.5,0.5,0.5,0.208577299766602,0.499898571076807,0.5,0.289425493041164,0.5,-0.348442235440088,CBCbothPairsRW,CBCdriftDiffusionLR,0.5,0.578850986082328,0.696884470880177,1.29357142548355,0.31764555425388,2.38004105601853,0.5,77.4596992193907
CBC_1013,CBC_1013_MSI_TV_v3_Vset6_Tset3_2023-06-23_16h58.24.978.csv,5,3,2,0,z,0,1,2,tac,A,27,1,2A,0A,0,1,z,2.24328460000106,0,1,1,1,0A,2A,A20,2.89037175789616,0.848442235440088,0.210574506958836,0.5,0.5,0.5,0.5,0.5,0.5,0.5,0.5,0.789425493041164,0.151557764559912,0.5,0.5,0.5,0.5,0.629201765667911,0.370798234332089,0.848442235440088,0.5,0.264741321132955,0.547304864228277,0.151557764559912,0.0877293614639382,0.5,-0.348442235440088,CBCbothPairsRW,CBCdriftDiffusionLR,0.5,0.578850986082328,0.696884470880177,1.29357142548355,0.31764555425388,2.38004105601853,0.5,77.4596992193907
CBC_1013,CBC_1013_MSI_TV_v3_Vset6_Tset3_2023-06-23_16h58.24.978.csv,5,4,0,1,z,0,1,0,tac,B,63,1,0B,1B,0,1,b,2.45999289999963,1,0,0,0,0B,1B,B01,2.94443897916644,0.936171596904027,0.210574506958836,0.151557764559912,0.5,0.5,0.5,0.5,0.5,0.5,0.5,0.789425493041164,0.151557764559912,0.5,0.5,0.5,0.5,0.5,0.5,0.5,0.5,0.200266183070706,0.499215064722802,-0.5,-0.289425493041164,-0.5,0.348442235440088,CBCbothPairsRW,CBCdriftDiffusionLR,0.5,0.578850986082328,0.696884470880177,1.29357142548355,0.31764555425388,2.38004105601853,0.5,77.4596992193907
CBC_1013,CBC_1013_MSI_TV_v3_Vset6_Tset3_2023-06-23_16h58.24.978.csv,5,5,1,0,b,1,0,0,tac,B,63,1,1B,0B,1,0,b,2.91645879999851,1,0,1,1,1B,0B,B10,2.99573227355399,0.936171596904027,0.210574506958836,0.151557764559912,0.5,0.210574506958836,0.848442235440088,0.5,0.5,0.5,0.5,0.789425493041164,0.151557764559912,0.5,0.5,0.5,0.5,0.801160360806162,0.198839639193838,0.848442235440088,0.210574506958836,0.16433655301697,0.611611283466864,0.151557764559912,0.0877293614639382,0.210574506958836,-0.146746103862862,CBCbothPairsRW,CBCdriftDiffusionLR,0.5,0.578850986082328,0.696884470880177,1.29357142548355,0.31764555425388,2.38004105601853,0.5,77.4596992193907
CBC_1013,CBC_1013_MSI_TV_v3_Vset6_Tset3_2023-06-23_16h58.24.978.csv,5,6,2,3,b,1,0,1,tac,C,63,1,2C,3C,1,0,z,2.50937169999816,0,1,0,0,3C,2C,C23,2.35137525716348,0.936171596904027,0.210574506958836,0.151557764559912,0.5,0.0638284030959734,0.936171596904027,0.5,0.5,0.5,0.5,0.789425493041164,0.151557764559912,0.5,0.5,0.5,0.5,0.16106318931358,0.83893681068642,0.151557764559912,0.789425493041164,0.144589855975639,0.37456134549865,-0.151557764559912,-0.0877293614639382,-0.210574506958836,0.146746103862862,CBCbothPairsRW,CBCdriftDiffusionLR,0.5,0.578850986082328,0.696884470880177,1.29357142548355,0.31764555425388,2.38004105601853,0.5,77.4596992193907
CBC_1013,CBC_1013_MSI_TV_v3_Vset6_Tset3_2023-06-23_16h58.24.978.csv,5,7,1,3,z,0,1,3,tac,D,27,1,1D,3D,0,1,b,3.73350760000176,1,0,0,0,1D,3D,D13,3.09104245335832,0.936171596904027,0.210574506958836,0.151557764559912,0.5,0.0638284030959734,0.936171596904027,0.5,0.5,0.5,0.5,0.936171596904027,0.0638284030959734,0.5,0.5,0.5,0.5,0.5,0.5,0.5,0.5,0.0662089822378947,0.5000778555948,-0.5,-0.289425493041164,-0.5,0.348442235440088,CBCbothPairsRW,CBCdriftDiffusionLR,0.5,0.578850986082328,0.696884470880177,1.29357142548355,0.31764555425388,2.38004105601853,0.5,77.4596992193907
CBC_1013,CBC_1013_MSI_TV_v3_Vset6_Tset3_2023-06-23_16h58.24.978.csv,5,8,2,1,b,1,0,1,tac,C,9,1,2C,1C,1,0,z,3.20131149999725,0,1,0,0,1C,2C,C21,3.13549421592915,0.936171596904027,0.210574506958836,0.151557764559912,0.5,0.0638284030959734,0.936171596904027,0.5,0.5,0.5,0.5,0.936171596904027,0.0638284030959734,0.5,0.210574506958836,0.5,0.848442235440088,0.348147812613657,0.651852187386343,0.5,0.936171596904027,0.0928724833202478,0.442260595211026,-0.5,-0.289425493041164,-0.0638284030959734,0.044481022918664,CBCbothPairsRW,CBCdriftDiffusionLR,0.5,0.578850986082328,0.696884470880177,1.29357142548355,0.31764555425388,2.38004105601853,0.5,77.4596992193907
CBC_1013,CBC_1013_MSI_TV_v3_Vset6_Tset3_2023-06-23_16h58.24.978.csv,5,9,1,3,b,1,0,0,tac,B,27,1,1B,3B,1,0,b,3.886256400001,1,0,1,1,1B,3B,B13,3.17805383034795,0.936171596904027,0.210574506958836,0.151557764559912,0.5,0.0638284030959734,0.936171596904027,0.5,0.5,0.5,0.210574506958836,0.980652619822691,0.0638284030959734,0.5,0.210574506958836,0.5,0.848442235440088,0.651852187386343,0.348147812613657,0.936171596904027,0.5,0.0642818110479526,0.557743340923579,0.0638284030959734,0.0369471340721645,0.5,-0.348442235440088,CBCbothPairsRW,CBCdriftDiffusionLR,0.5,0.578850986082328,0.696884470880177,1.29357142548355,0.31764555425388,2.38004105601853,0.5,77.4596992193907
CBC_1013,CBC_1013_MSI_TV_v3_Vset6_Tset3_2023-06-23_16h58.24.978.csv,5,10,2,3,z,0,1,3,tac,D,63,1,2D,3D,0,1,b,3.80491299999994,1,0,0,0,2D,3D,D23,3.2188758248682,0.936171596904027,0.210574506958836,0.151557764559912,0.5,0.0638284030959734,0.973118730976191,0.5,0.151557764559912,0.5,0.210574506958836,0.980652619822691,0.0638284030959734,0.5,0.210574506958836,0.5,0.848442235440088,0.370798234332089,0.629201765667911,0.5,0.848442235440088,0.05596121106552,0.451460161491001,-0.5,-0.289425493041164,-0.151557764559912,0.105618252563116,CBCbothPairsRW,CBCdriftDiffusionLR,0.5,0.578850986082328,0.696884470880177,1.29357142548355,0.31764555425388,2.38004105601853,0.5,77.4596992193907
CBC_1013,CBC_1013_MSI_TV_v3_Vset6_Tset3_2023-06-23_16h58.24.978.csv,5,11,0,1,z,0,1,0,tac,B,63,1,0B,1B,0,1,z,2.57575649999853,0,1,1,1,1B,0B,B01,2.56494935746154,0.936171596904027,0.210574506958836,0.151557764559912,0.5,0.0638284030959734,0.973118730976191,0.5,0.151557764559912,0.5,0.210574506958836,0.980652619822691,0.0638284030959734,0.5,0.210574506958836,0.210574506958836,0.954060488003205,0.938445846467298,0.0615541535327021,0.973118730976191,0.0638284030959734,0.240374358336114,0.659669080416843,0.0268812690238088,0.0155602490815761,0.0638284030959734,-0.044481022918664,CBCbothPairsRW,CBCdriftDiffusionLR,0.5,0.578850986082328,0.696884470880177,1.29357142548355,0.31764555425388,2.38004105601853,0.5,77.4596992193907
CBC_1013,CBC_1013_MSI_TV_v3_Vset6_Tset3_2023-06-23_16h58.24.978.csv,5,12,2,0,b,1,0,1,tac,C,27,1,2C,0C,1,0,z,2.42411260000154,0,1,0,0,0C,2C,C20,3.29583686600433,0.936171596904027,0.210574506958836,0.151557764559912,0.5,0.0193473801773094,0.988678980057767,0.5,0.151557764559912,0.5,0.210574506958836,0.980652619822691,0.0638284030959734,0.5,0.210574506958836,0.210574506958836,0.954060488003205,0.337688930749925,0.662311069250075,0.5,0.980652619822691,0.181636391131164,0.438279931969758,-0.5,-0.289425493041164,-0.0193473801773093,0.0134828887977818,CBCbothPairsRW,CBCdriftDiffusionLR,0.5,0.578850986082328,0.696884470880177,1.29357142548355,0.31764555425388,2.38004105601853,0.5,77.4596992193907
CBC_1013,CBC_1013_MSI_TV_v3_Vset6_Tset3_2023-06-23_16h58.24.978.csv,5,13,2,3,z,0,1,3,tac,D,63,0,2D,3D,1,0,b,2.9585905999993,1,0,0,1,2D,3D,D23,2.63905732961526,0.936171596904027,0.210574506958836,0.151557764559912,0.5,0.0193473801773094,0.988678980057767,0.5,0.151557764559912,0.210574506958836,0.210574506958836,0.994135508620473,0.0638284030959734,0.5,0.210574506958836,0.210574506958836,0.954060488003205,0.18080729831212,0.81919270168788,0.210574506958836,0.954060488003205,0.0987714944214329,0.381867747911805,0.789425493041164,0.456959725085406,0.954060488003205,-0.664869938369797,CBCbothPairsRW,CBCdriftDiffusionLR,0.5,0.578850986082328,0.696884470880177,1.29357142548355,0.31764555425388,2.38004105601853,0.5,77.4596992193907
CBC_1013,CBC_1013_MSI_TV_v3_Vset6_Tset3_2023-06-23_16h58.24.978.csv,5,14,0,1,b,1,0,2,tac,A,63,1,0A,1A,1,0,b,1.98090519999823,1,0,1,1,0A,1A,A01,3.36729582998647,0.936171596904027,0.210574506958836,0.151557764559912,0.5,0.0193473801773094,0.988678980057767,0.5,0.151557764559912,0.210574506958836,0.210574506958836,0.994135508620473,0.0638284030959734,0.5,0.210574506958836,0.667534232044242,0.289190549633408,0.816372162722414,0.183627837277586,0.936171596904027,0.210574506958836,0.372161912506132,0.617257932513487,0.0638284030959734,0.0369471340721645,0.210574506958836,-0.146746103862862,CBCbothPairsRW,CBCdriftDiffusionLR,0.5,0.578850986082328,0.696884470880177,1.29357142548355,0.31764555425388,2.38004105601853,0.5,77.4596992193907
CBC_1013,CBC_1013_MSI_TV_v3_Vset6_Tset3_2023-06-23_16h58.24.978.csv,5,15,3,2,z,0,1,1,tac,C,63,1,3C,2C,0,1,z,3.48404300000038,0,1,1,1,2C,3C,C32,3.40119738166216,0.973118730976191,0.0638284030959734,0.151557764559912,0.5,0.0193473801773094,0.988678980057767,0.5,0.151557764559912,0.210574506958836,0.210574506958836,0.994135508620473,0.0638284030959734,0.5,0.210574506958836,0.667534232044242,0.289190549633408,0.939668638609404,0.0603313613905959,0.994135508620473,0.0638284030959734,0.105313532362698,0.660345867100123,0.00586449137952749,0.0033946666179108,0.0638284030959734,-0.044481022918664,CBCbothPairsRW,CBCdriftDiffusionLR,0.5,0.578850986082328,0.696884470880177,1.29357142548355,0.31764555425388,2.38004105601853,0.5,77.4596992193907
CBC_1013,CBC_1013_MSI_TV_v3_Vset6_Tset3_2023-06-23_16h58.24.978.csv,5,16,2,0,z,0,1,2,tac,A,27,1,2A,0A,0,1,z,2.38295629999993,0,1,1,1,0A,2A,A20,2.7408400239252,0.973118730976191,0.0638284030959734,0.151557764559912,0.5,0.0193473801773094,0.988678980057767,0.5,0.151557764559912,0.210574506958836,0.210574506958836,0.997530175238383,0.0193473801773093,0.5,0.210574506958836,0.667534232044242,0.289190549633408,0.865243236467151,0.134756763532849,0.973118730976191,0.151557764559912,0.274469367711409,0.634857722443531,0.0268812690238088,0.0155602490815761,0.151557764559912,-0.105618252563116,CBCbothPairsRW,CBCdriftDiffusionLR,0.5,0.578850986082328,0.696884470880177,1.29357142548355,0.31764555425388,2.38004105601853,0.5,77.4596992193907
CBC_1013,CBC_1013_MSI_TV_v3_Vset6_Tset3_2023-06-23_16h58.24.978.csv,5,17,3,2,b,1,0,3,tac,D,63,1,3D,2D,1,0,b,1.82062470000164,1,0,1,1,3D,2D,D32,3.46573590279973,0.988678980057767,0.0638284030959734,0.0459395119967952,0.5,0.0193473801773094,0.988678980057767,0.5,0.151557764559912,0.210574506958836,0.210574506958836,0.997530175238383,0.0193473801773093,0.5,0.210574506958836,0.667534232044242,0.289190549633408,0.30227141093419,0.69772858906581,0.289190549633408,0.667534232044242,0.277623908928179,0.425793662018883,0.710809450366592,0.41145275126134,0.667534232044242,-0.465194240092557,CBCbothPairsRW,CBCdriftDiffusionLR,0.5,0.578850986082328,0.696884470880177,1.29357142548355,0.31764555425388,2.38004105601853,0.5,77.4596992193907
CBC_1013,CBC_1013_MSI_TV_v3_Vset6_Tset3_2023-06-23_16h58.24.978.csv,5,18,2,3,z,0,1,3,tac,D,63,1,2D,3D,0,1,z,1.90730189999886,0,1,1,1,3D,2D,D23,2.39789527279837,0.988678980057767,0.0638284030959734,0.0459395119967952,0.5,0.0193473801773094,0.988678980057767,0.5,0.151557764559912,0.210574506958836,0.210574506958836,0.997530175238383,0.0193473801773093,0.5,0.210574506958836,0.202339991951685,0.700643300894748,0.775920558492441,0.224079441507559,0.700643300894748,0.202339991951685,0.38034537588747,0.603254606843065,0.299356699105252,0.173282920467426,0.202339991951685,-0.141007598229149,CBCbothPairsRW,CBCdriftDiffusionLR,0.5,0.578850986082328,0.696884470880177,1.29357142548355,0.31764555425388,2.38004105601853,0.5,77.4596992193907
CBC_1013,CBC_1013_MSI_TV_v3_Vset6_Tset3_2023-06-23_16h58.24.978.csv,5,19,1,3,b,1,0,0,tac,B,27,1,1B,3B,1,0,z,3.13693559999956,0,1,0,0,3B,1B,B13,2.83321334405622,0.988678980057767,0.0638284030959734,0.0459395119967952,0.5,0.0193473801773094,0.988678980057767,0.5,0.151557764559912,0.210574506958836,0.210574506958836,0.997530175238383,0.0193473801773093,0.5,0.210574506958836,0.0613323937225358,0.873926221362174,0.132917804372923,0.867082195627077,0.151557764559912,0.988678980057767,0.0801789292961844,0.364539557257716,-0.151557764559912,-0.0877293614639382,-0.0113210199422328,0.00788944299226682,CBCbothPairsRW,CBCdriftDiffusionLR,0.5,0.578850986082328,0.696884470880177,1.29357142548355,0.31764555425388,2.38004105601853,0.5,77.4596992193907
CBC_1013,CBC_1013_MSI_TV_v3_Vset6_Tset3_2023-06-23_16h58.24.978.csv,5,20,3,0,b,1,0,3,tac,D,9,1,3D,0D,1,0,b,3.14860409999892,1,0,1,1,3D,0D,D30,3.55534806148941,0.988678980057767,0.0638284030959734,0.0459395119967952,0.5,0.0193473801773094,0.996568423050034,0.5,0.0638284030959734,0.210574506958836,0.210574506958836,0.997530175238383,0.0193473801773093,0.5,0.210574506958836,0.0613323937225358,0.873926221362174,0.636079439910335,0.363920560089665,0.873926221362174,0.5,0.12150645912259,0.5523004957433,0.126073778637826,0.0729779310836308,0.5,-0.348442235440088,CBCbothPairsRW,CBCdriftDiffusionLR,0.5,0.578850986082328,0.696884470880177,1.29357142548355,0.31764555425388,2.38004105601853,0.5,77.4596992193907
CBC_1013,CBC_1013_MSI_TV_v3_Vset6_Tset3_2023-06-23_16h58.24.978.csv,5,21,0,1,z,0,1,0,tac,B,63,1,0B,1B,0,1,b,2.87806759999876,1,0,0,0,0B,1B,B01,2.484906649788,0.988678980057767,0.0638284030959734,0.0459395119967952,0.5,0.0193473801773094,0.996568423050034,0.5,0.0638284030959734,0.210574506958836,0.210574506958836,0.997530175238383,0.0193473801773093,0.151557764559912,0.210574506958836,0.0613323937225358,0.946904152445805,0.0190442752399824,0.980955724760017,0.0193473801773094,0.996568423050034,0.0901805760576448,0.326288230162408,-0.0193473801773094,-0.0111992500937452,-0.00343157694996599,0.00239141268706166,CBCbothPairsRW,CBCdriftDiffusionLR,0.5,0.578850986082328,0.696884470880177,1.29357142548355,0.31764555425388,2.38004105601853,0.5,77.4596992193907
CBC_1013,CBC_1013_MSI_TV_v3_Vset6_Tset3_2023-06-23_16h58.24.978.csv,5,22,0,1,b,1,0,2,tac,A,63,1,0A,1A,1,0,b,2.21671330000027,1,0,1,1,0A,1A,A01,2.91777073208428,0.988678980057767,0.0638284030959734,0.0459395119967952,0.5,0.00814813008356414,0.998959835737096,0.5,0.0638284030959734,0.210574506958836,0.210574506958836,0.997530175238383,0.0193473801773093,0.151557764559912,0.210574506958836,0.0613323937225358,0.946904152445805,0.939355861899308,0.060644138100692,0.988678980057767,0.0638284030959734,0.332823249552427,0.661492119225583,0.0113210199422328,0.00655318355701915,0.0638284030959734,-0.044481022918664,CBCbothPairsRW,CBCdriftDiffusionLR,0.5,0.578850986082328,0.696884470880177,1.29357142548355,0.31764555425388,2.38004105601853,0.5,77.4596992193907
CBC_1013,CBC_1013_MSI_TV_v3_Vset6_Tset3_2023-06-23_16h58.24.978.csv,5,23,3,2,z,0,1,1,tac,C,63,1,3C,2C,0,1,z,2.65937549999944,0,1,1,1,2C,3C,C32,2.94443897916644,0.995232163614786,0.0193473801773094,0.0459395119967952,0.5,0.00814813008356414,0.998959835737096,0.5,0.0638284030959734,0.210574506958836,0.210574506958836,0.997530175238383,0.0193473801773093,0.151557764559912,0.210574506958836,0.0613323937225358,0.946904152445805,0.980973736636954,0.019026263363046,0.997530175238383,0.0193473801773093,0.227457744107635,0.67346680121892,0.00246982476161672,0.00142966049871239,0.0193473801773093,-0.0134828887977818,CBCbothPairsRW,CBCdriftDiffusionLR,0.5,0.578850986082328,0.696884470880177,1.29357142548355,0.31764555425388,2.38004105601853,0.5,77.4596992193907
CBC_1013,CBC_1013_MSI_TV_v3_Vset6_Tset3_2023-06-23_16h58.24.978.csv,5,24,2,0,z,0,1,2,tac,A,27,1,2A,0A,0,1,b,2.58903350000037,1,0,0,0,2A,0A,A20,2.56494935746154,0.995232163614786,0.0193473801773094,0.0459395119967952,0.5,0.00814813008356414,0.998959835737096,0.5,0.0638284030959734,0.210574506958836,0.210574506958836,0.998959835737096,0.00586449137952752,0.151557764559912,0.210574506958836,0.0613323937225358,0.946904152445805,0.0441228983393257,0.955877101660674,0.0459395119967952,0.995232163614786,0.120234906937606,0.333884534364466,-0.0459395119967952,-0.0265921318194858,-0.00476783638521361,0.00332263113655284,CBCbothPairsRW,CBCdriftDiffusionLR,0.5,0.578850986082328,0.696884470880177,1.29357142548355,0.31764555425388,2.38004105601853,0.5,77.4596992193907
CBC_1013,CBC_1013_MSI_TV_v3_Vset6_Tset3_2023-06-23_16h58.24.978.csv,5,25,0,1,z,0,1,0,tac,B,63,1,0B,1B,0,1,z,2.5290657000005,0,1,1,1,1B,0B,B01,2.30258509299405,0.998554794751339,0.0193473801773094,0.0193473801773093,0.5,0.00814813008356414,0.998959835737096,0.5,0.0638284030959734,0.210574506958836,0.210574506958836,0.998959835737096,0.00586449137952752,0.151557764559912,0.210574506958836,0.0613323937225358,0.946904152445805,0.991909377782625,0.00809062221737517,0.998959835737096,0.00814813008356414,0.257836080723356,0.677421864043368,0.00104016426290432,0.000602100109269764,0.00814813008356419,-0.00567830532194748,CBCbothPairsRW,CBCdriftDiffusionLR,0.5,0.578850986082328,0.696884470880177,1.29357142548355,0.31764555425388,2.38004105601853,0.5,77.4596992193907
CBC_1013,CBC_1013_MSI_TV_v3_Vset6_Tset3_2023-06-23_16h58.24.978.csv,5,26,3,2,b,1,0,3,tac,D,63,1,3D,2D,1,0,b,1.78953729999921,1,0,1,1,3D,2D,D32,3.02042488614436,0.998554794751339,0.0193473801773094,0.0193473801773093,0.5,0.00246982476161666,0.999561935846365,0.5,0.0638284030959734,0.210574506958836,0.210574506958836,0.998959835737096,0.00586449137952752,0.151557764559912,0.210574506958836,0.0613323937225358,0.946904152445805,0.939168646528812,0.0608313534711877,0.946904152445805,0.0613323937225358,0.445962362583842,0.660451273496085,0.0530958475541953,0.0307345837136229,0.0613323937225358,-0.0427415927471441,CBCbothPairsRW,CBCdriftDiffusionLR,0.5,0.578850986082328,0.696884470880177,1.29357142548355,0.31764555425388,2.38004105601853,0.5,77.4596992193907
CBC_1013,CBC_1013_MSI_TV_v3_Vset6_Tset3_2023-06-23_16h58.24.978.csv,5,27,2,1,z,0,1,0,tac,B,9,1,2B,1B,0,1,z,2.99107519999961,0,1,1,1,1B,2B,B21,3.73766961828337,0.998554794751339,0.0193473801773094,0.0193473801773093,0.5,0.00246982476161666,0.999561935846365,0.5,0.0638284030959734,0.210574506958836,0.210574506958836,0.998959835737096,0.00586449137952752,0.151557764559912,0.210574506958836,0.0185908009753917,0.977638736159428,0.666569290639005,0.333430709360995,0.999561935846365,0.5,0.14198022011592,0.562542551888747,0.000438064153634565,0.000253573867298689,0.5,-0.348442235440088,CBCbothPairsRW,CBCdriftDiffusionLR,0.5,0.578850986082328,0.696884470880177,1.29357142548355,0.31764555425388,2.38004105601853,0.5,77.4596992193907
CBC_1013,CBC_1013_MSI_TV_v3_Vset6_Tset3_2023-06-23_16h58.24.978.csv,5,28,3,1,b,1,0,3,tac,D,27,1,3D,1D,1,0,b,1.58636819999811,1,0,1,1,3D,1D,D31,3.76120011569356,0.998554794751339,0.0193473801773094,0.0193473801773093,0.5,0.00246982476161666,0.999815509713664,0.151557764559912,0.0638284030959734,0.210574506958836,0.210574506958836,0.998959835737096,0.00586449137952752,0.151557764559912,0.210574506958836,0.0185908009753917,0.977638736159428,0.822780541978964,0.177219458021036,0.977638736159428,0.210574506958836,0.338832786154164,0.620018857892866,0.0223612638405724,0.0129438396241624,0.210574506958836,-0.146746103862862,CBCbothPairsRW,CBCdriftDiffusionLR,0.5,0.578850986082328,0.696884470880177,1.29357142548355,0.31764555425388,2.38004105601853,0.5,77.4596992193907
CBC_1013,CBC_1013_MSI_TV_v3_Vset6_Tset3_2023-06-23_16h58.24.978.csv,5,29,0,1,b,1,0,2,tac,A,63,1,0A,1A,1,0,b,2.16656610000064,1,0,1,1,0A,1A,A01,2.68557734525015,0.998554794751339,0.0193473801773094,0.0193473801773093,0.5,0.00246982476161666,0.999815509713664,0.151557764559912,0.0638284030959734,0.210574506958836,0.210574506958836,0.998959835737096,0.00586449137952752,0.151557764559912,0.0638284030959734,0.0185908009753917,0.99058257578359,0.980992888458397,0.0190071115416032,0.998554794751339,0.0193473801773094,0.355501512422409,0.674083841928722,0.00144520524866076,0.000836558483278639,0.0193473801773093,-0.0134828887977818,CBCbothPairsRW,CBCdriftDiffusionLR,0.5,0.578850986082328,0.696884470880177,1.29357142548355,0.31764555425388,2.38004105601853,0.5,77.4596992193907
CBC_1013,CBC_1013_MSI_TV_v3_Vset6_Tset3_2023-06-23_16h58.24.978.csv,5,30,1,0,z,0,1,2,tac,A,63,1,1A,0A,0,1,z,2.23418680000032,0,1,1,1,0A,1A,A10,3.11351530921037,0.999391353234618,0.00586449137952754,0.0193473801773093,0.5,0.00246982476161666,0.999815509713664,0.151557764559912,0.0638284030959734,0.210574506958836,0.210574506958836,0.998959835737096,0.00586449137952752,0.151557764559912,0.0638284030959734,0.0185908009753917,0.99058257578359,0.994166170322761,0.00583382967723858,0.999391353234618,0.00586449137952754,0.337391155875165,0.678252306828903,0.000608646765382082,0.000352315780317237,0.00586449137952749,-0.00408687297200338,CBCbothPairsRW,CBCdriftDiffusionLR,0.5,0.578850986082328,0.696884470880177,1.29357142548355,0.31764555425388,2.38004105601853,0.5,77.4596992193907
CBC_1013,CBC_1013_MSI_TV_v3_Vset6_Tset3_2023-06-23_16h58.24.978.csv,5,31,2,0,b,1,0,1,tac,C,27,1,2C,0C,1,0,z,2.36062320000201,0,1,0,0,0C,2C,C20,3.13549421592915,0.999743669014935,0.00177761840752416,0.0193473801773093,0.5,0.00246982476161666,0.999815509713664,0.151557764559912,0.0638284030959734,0.210574506958836,0.210574506958836,0.998959835737096,0.00586449137952752,0.151557764559912,0.0638284030959734,0.0185908009753917,0.99058257578359,0.174095517196714,0.825904482803286,0.210574506958836,0.998959835737096,0.166833889624124,0.37898434171013,-0.210574506958836,-0.121891260996922,-0.00104016426290432,0.000724874321982546,CBCbothPairsRW,CBCdriftDiffusionLR,0.5,0.578850986082328,0.696884470880177,1.29357142548355,0.31764555425388,2.38004105601853,0.5,77.4596992193907
CBC_1013,CBC_1013_MSI_TV_v3_Vset6_Tset3_2023-06-23_16h58.24.978.csv,5,32,0,1,b,1,0,2,tac,A,63,1,0A,1A,1,0,b,2.64808189999894,1,0,1,1,0A,1A,A01,2.46385324059017,0.999743669014935,0.00177761840752416,0.0193473801773093,0.5,0.00246982476161666,0.999815509713664,0.151557764559912,0.0638284030959734,0.0886832459619136,0.210574506958836,0.999684710059078,0.00586449137952752,0.151557764559912,0.0638284030959734,0.0185908009753917,0.99058257578359,0.998225081753281,0.00177491824671953,0.999743669014935,0.00177761840752416,0.23173125666745,0.679058108962974,0.000256330985064834,0.000148377443468234,0.00177761840752411,-0.0012387946633543,CBCbothPairsRW,CBCdriftDiffusionLR,0.5,0.578850986082328,0.696884470880177,1.29357142548355,0.31764555425388,2.38004105601853,0.5,77.4596992193907
CBC_1013,CBC_1013_MSI_TV_v3_Vset6_Tset3_2023-06-23_16h58.24.978.csv,5,33,0,1,z,0,1,0,tac,B,63,1,0B,1B,0,1,z,1.74986910000007,0,1,1,1,1B,0B,B01,2.26176309847379,0.999892046458403,0.000538823744169861,0.0193473801773093,0.5,0.00246982476161666,0.999815509713664,0.151557764559912,0.0638284030959734,0.0886832459619136,0.210574506958836,0.999684710059078,0.00586449137952752,0.151557764559912,0.0638284030959734,0.0185908009753917,0.99058257578359,0.997535806744185,0.00246419325581539,0.999815509713664,0.00246982476161666,0.464959747923626,0.680020131029547,0.000184490286335826,0.000106792384168104,0.00246982476161661,-0.00172118252216595,CBCbothPairsRW,CBCdriftDiffusionLR,0.5,0.578850986082328,0.696884470880177,1.29357142548355,0.31764555425388,2.38004105601853,0.5,77.4596992193907
CBC_1013,CBC_1013_MSI_TV_v3_Vset6_Tset3_2023-06-23_16h58.24.978.csv,5,34,2,3,z,0,1,3,tac,D,63,1,2D,3D,0,1,z,1.42010609999852,0,1,1,1,3D,2D,D23,2.50552593699074,0.999892046458403,0.000538823744169861,0.0193473801773093,0.5,0.00074864223945071,0.999922302097832,0.151557764559912,0.0638284030959734,0.0886832459619136,0.210574506958836,0.999684710059078,0.00586449137952752,0.151557764559912,0.0638284030959734,0.0185908009753917,0.99058257578359,0.981578189235335,0.0184218107646648,0.99058257578359,0.0185908009753917,0.0559175067399085,0.673477585422261,0.0094174242164099,0.00545128529402447,0.0185908009753917,-0.0129556405009745,CBCbothPairsRW,CBCdriftDiffusionLR,0.5,0.578850986082328,0.696884470880177,1.29357142548355,0.31764555425388,2.38004105601853,0.5,77.4596992193907
CBC_1013,CBC_1013_MSI_TV_v3_Vset6_Tset3_2023-06-23_16h58.24.978.csv,5,35,1,3,b,1,0,0,tac,B,27,1,1B,3B,1,0,b,2.56848209999953,1,0,1,1,1B,3B,B13,2.81341071676004,0.999892046458403,0.000538823744169861,0.0193473801773093,0.5,0.00074864223945071,0.999922302097832,0.151557764559912,0.0638284030959734,0.0886832459619136,0.210574506958836,0.999684710059078,0.00586449137952752,0.151557764559912,0.0638284030959734,0.00563516047441721,0.996033861077615,0.939996840627857,0.060003159372143,0.999922302097832,0.0638284030959734,0.241948327239616,0.659623502892466,7.76979021677171e-05,4.49755072863113e-05,0.0638284030959734,-0.044481022918664,CBCbothPairsRW,CBCdriftDiffusionLR,0.5,0.578850986082328,0.696884470880177,1.29357142548355,0.31764555425388,2.38004105601853,0.5,77.4596992193907
CBC_1013,CBC_1013_MSI_TV_v3_Vset6_Tset3_2023-06-23_16h58.24.978.csv,5,36,2,3,b,1,0,1,tac,C,63,1,2C,3C,1,0,z,2.4832994999997,0,1,0,0,3C,2C,C23,2.83321334405622,0.999892046458403,0.000538823744169861,0.0193473801773093,0.5,0.00074864223945071,0.999967277605119,0.151557764559912,0.0193473801773093,0.0886832459619136,0.210574506958836,0.999684710059078,0.00586449137952752,0.151557764559912,0.0638284030959734,0.00563516047441721,0.996033861077615,0.00583212772794945,0.994167872272051,0.00586449137952752,0.999684710059078,0.127468518038345,0.321117344992182,-0.00586449137952752,-0.00339466661791082,-0.000315289940921781,0.000219720663653118,CBCbothPairsRW,CBCdriftDiffusionLR,0.5,0.578850986082328,0.696884470880177,1.29357142548355,0.31764555425388,2.38004105601853,0.5,77.4596992193907
CBC_1013,CBC_1013_MSI_TV_v3_Vset6_Tset3_2023-06-23_16h58.24.978.csv,5,37,0,2,z,0,1,1,tac,C,27,1,0C,2C,0,1,b,2.59901070000342,1,0,0,0,0C,2C,C02,3.95124371858143,0.999892046458403,0.000538823744169861,0.0193473801773093,0.5,0.00074864223945071,0.999967277605119,0.151557764559912,0.0193473801773093,0.0886832459619136,0.210574506958836,0.999904430722731,0.0024698247616167,0.151557764559912,0.0638284030959734,0.00563516047441721,0.996033861077615,0.0814663328102367,0.918533667189763,0.0886832459619136,0.999904430722731,0.123446101115482,0.3460652155124,-0.0886832459619136,-0.0513343843740354,-9.55692772686145e-05,6.66007452217394e-05,CBCbothPairsRW,CBCdriftDiffusionLR,0.5,0.578850986082328,0.696884470880177,1.29357142548355,0.31764555425388,2.38004105601853,0.5,77.4596992193907
CBC_1013,CBC_1013_MSI_TV_v3_Vset6_Tset3_2023-06-23_16h58.24.978.csv,5,38,0,1,z,0,1,0,tac,B,63,1,0B,1B,0,1,z,3.78044080000109,0,1,1,1,1B,0B,B01,2.17853244432407,0.999892046458403,0.000538823744169861,0.0193473801773093,0.5,0.00074864223945071,0.999967277605119,0.151557764559912,0.0193473801773093,0.0373488615878783,0.210574506958836,0.999971031467953,0.0024698247616167,0.151557764559912,0.0638284030959734,0.00563516047441721,0.996033861077615,0.999251893344949,0.000748106655050505,0.999967277605119,0.00074864223945071,0.0817890207639218,0.680261075494409,3.27223948813904e-05,1.89413905440682e-05,0.000748642239450703,-0.000521717150918154,CBCbothPairsRW,CBCdriftDiffusionLR,0.5,0.578850986082328,0.696884470880177,1.29357142548355,0.31764555425388,2.38004105601853,0.5,77.4596992193907
CBC_1013,CBC_1013_MSI_TV_v3_Vset6_Tset3_2023-06-23_16h58.24.978.csv,5,39,0,3,b,1,0,2,tac,A,9,1,0A,3A,1,0,b,2.29764199999772,1,0,1,1,0A,3A,A03,3.98898404656427,0.999892046458403,0.000538823744169861,0.0193473801773093,0.5,0.000226925088532556,0.999986218995663,0.151557764559912,0.0193473801773093,0.0373488615878783,0.210574506958836,0.999971031467953,0.0024698247616167,0.151557764559912,0.0638284030959734,0.00563516047441721,0.996033861077615,0.666642675264118,0.333357324735882,0.999892046458403,0.5,0.259902370686308,0.562205282983538,0.00010795354159665,6.24890140043007e-05,0.5,-0.348442235440088,CBCbothPairsRW,CBCdriftDiffusionLR,0.5,0.578850986082328,0.696884470880177,1.29357142548355,0.31764555425388,2.38004105601853,0.5,77.4596992193907
CBC_1013,CBC_1013_MSI_TV_v3_Vset6_Tset3_2023-06-23_16h58.24.978.csv,5,40,2,3,b,1,0,1,tac,C,63,0,2C,3C,0,1,z,2.3790966000015,0,1,0,1,3C,2C,C23,2.62103882411258,0.999954535472408,0.000538823744169861,0.0193473801773093,0.151557764559912,0.000226925088532556,0.999986218995663,0.151557764559912,0.0193473801773093,0.0373488615878783,0.210574506958836,0.999971031467953,0.0024698247616167,0.151557764559912,0.0638284030959734,0.00563516047441721,0.996033861077615,0.00246381095330285,0.997536189046697,0.0024698247616167,0.999971031467953,0.140079663293587,0.320850546454005,0.997530175238383,0.577421325583616,0.999971031467953,-0.696864283160049,CBCbothPairsRW,CBCdriftDiffusionLR,0.5,0.578850986082328,0.696884470880177,1.29357142548355,0.31764555425388,2.38004105601853,0.5,77.4596992193907
CBC_1013,CBC_1013_MSI_TV_v3_Vset6_Tset3_2023-06-23_16h58.24.978.csv,5,41,0,1,b,1,0,2,tac,A,63,1,0A,1A,1,0,z,2.34778740000183,0,1,0,0,1A,0A,A01,2.41591377830105,0.999954535472408,0.000538823744169861,0.0193473801773093,0.151557764559912,0.000226925088532556,0.999986218995663,0.151557764559912,0.0193473801773093,0.0373488615878783,0.210574506958836,0.303106748307904,0.579891150345233,0.151557764559912,0.0638284030959734,0.00563516047441721,0.996033861077615,0.000538558041596377,0.999461441958404,0.000538823744169861,0.999954535472408,0.143895532375161,0.320314848081818,-0.000538823744169861,-0.000311898655637296,-4.54645275923538e-05,3.16835232550146e-05,CBCbothPairsRW,CBCdriftDiffusionLR,0.5,0.578850986082328,0.696884470880177,1.29357142548355,0.31764555425388,2.38004105601853,0.5,77.4596992193907
CBC_1013,CBC_1013_MSI_TV_v3_Vset6_Tset3_2023-06-23_16h58.24.978.csv,5,42,2,3,z,0,1,3,tac,D,63,1,2D,3D,0,1,z,2.43028929999855,0,1,1,1,3D,2D,D23,2.43361335540045,0.999986218995663,0.000226925088532565,0.0193473801773093,0.151557764559912,0.000226925088532556,0.999986218995663,0.151557764559912,0.0193473801773093,0.0373488615878783,0.210574506958836,0.303106748307904,0.579891150345233,0.151557764559912,0.0638284030959734,0.00563516047441721,0.996033861077615,0.994374229058531,0.00562577094146911,0.996033861077615,0.00563516047441721,0.28257796068689,0.6782449901605,0.0039661389223854,0.00229580342616229,0.00563516047441726,-0.00392705582553916,CBCbothPairsRW,CBCdriftDiffusionLR,0.5,0.578850986082328,0.696884470880177,1.29357142548355,0.31764555425388,2.38004105601853,0.5,77.4596992193907
CBC_1013,CBC_1013_MSI_TV_v3_Vset6_Tset3_2023-06-23_16h58.24.978.csv,5,43,3,2,z,0,1,1,tac,C,63,1,3C,2C,0,1,b,2.79549469999984,1,0,0,0,3C,2C,C32,2.96183072187831,0.999986218995663,0.000226925088532565,0.0193473801773093,0.151557764559912,0.000226925088532556,0.999986218995663,0.151557764559912,0.0193473801773093,0.0373488615878783,0.210574506958836,0.303106748307904,0.579891150345233,0.151557764559912,0.0638284030959734,0.00170810464887806,0.998329664503777,0.656729932460494,0.343270067539506,0.579891150345233,0.303106748307904,0.167419975204137,0.558811731629478,-0.579891150345233,-0.335670564197754,-0.696893251692096,0.485654084965412,CBCbothPairsRW,CBCdriftDiffusionLR,0.5,0.578850986082328,0.696884470880177,1.29357142548355,0.31764555425388,2.38004105601853,0.5,77.4596992193907
CBC_1013,CBC_1013_MSI_TV_v3_Vset6_Tset3_2023-06-23_16h58.24.978.csv,5,44,3,1,b,1,0,3,tac,D,27,1,3D,1D,1,0,z,2.95037050000246,0,1,0,0,1D,3D,D31,3.38439026334577,0.999986218995663,0.000226925088532565,0.0193473801773093,0.151557764559912,0.000226925088532556,0.999986218995663,0.151557764559912,0.0193473801773093,0.0373488615878783,0.210574506958836,0.788760833273316,0.244220586147479,0.151557764559912,0.0638284030959734,0.00170810464887806,0.998329664503777,0.060093130243987,0.939906869756013,0.0638284030959734,0.998329664503777,0.0882037512416123,0.340246831104063,-0.0638284030959734,-0.0369471340721645,-0.00167033549622309,0.0011640308684778,CBCbothPairsRW,CBCdriftDiffusionLR,0.5,0.578850986082328,0.696884470880177,1.29357142548355,0.31764555425388,2.38004105601853,0.5,77.4596992193907
