ID,filename,session,trial,visStimLeft,visStimRight,correctKey,leftCorrect,rightCorrect,secondStim,mod2Type,mod2Stim,frequency,rewardAccurate,stimPairLeft,stimPairRight,pCorrectLeft,pCorrectRight,key,reactionTime,choiceLeft,choiceRight,choiceAccurate,reward,chosenPair,otherPair,triplet,surprise,0A belief,1A belief,2A belief,3A belief,0B belief,1B belief,2B belief,3B belief,0C belief,1C belief,2C belief,3C belief,0D belief,1D belief,2D belief,3D belief,beliefPairNorm,beliefOtherPairNorm,beliefPair,beliefOtherPair,lik,corrLik,rewardPE,update2,fit_percModel,fit_respModel,fit_startBelief,fit_alpha1,fit_nonDecisionTime,fit_weight,fit_startingBoundary,fit_startingPoint,fit_NLL
CBC_1016,CBC_1016_MSI_TV_v3_Vset2_Tset3_2023-06-25_14h56.17.212.csv,1,1,0,1,z,0,1,1,tac,B,63,1,0B,1B,0,1,z,2.33870570000363,0,1,1,1,1B,0B,B01,2.77258872223978,0.5,0.5,0.5,0.5,0.5,0.5,0.5,0.5,0.5,0.5,0.5,0.5,0.5,0.5,0.5,0.5,0.5,0.5,0.5,0.5,0.172909785672673,0.499784163501036,0.5,0.0390247152791276,CBCsimpleRW,CBCdriftDiffusionLR,0.5,0.0780494305582552,0.992066753676744,3.14228339259112,2.45516103872582,0.5,72.5580865702742
CBC_1016,CBC_1016_MSI_TV_v3_Vset2_Tset3_2023-06-25_14h56.17.212.csv,1,2,0,1,b,1,0,2,tac,A,63,1,0A,1A,1,0,b,2.20432540000184,1,0,1,1,0A,1A,A01,2.83321334405622,0.5,0.5,0.5,0.5,0.5,0.539024715279128,0.5,0.5,0.5,0.5,0.5,0.5,0.5,0.5,0.5,0.5,0.5,0.5,0.5,0.5,0.192841488663757,0.499639924728107,0.5,0.0390247152791276,CBCsimpleRW,CBCdriftDiffusionLR,0.5,0.0780494305582552,0.992066753676744,3.14228339259112,2.45516103872582,0.5,72.5580865702742
CBC_1016,CBC_1016_MSI_TV_v3_Vset2_Tset3_2023-06-25_14h56.17.212.csv,1,3,2,3,z,0,1,0,tac,D,63,1,2D,3D,0,1,z,1.62433350000356,0,1,1,1,3D,2D,D23,2.89037175789616,0.539024715279128,0.5,0.5,0.5,0.5,0.539024715279128,0.5,0.5,0.5,0.5,0.5,0.5,0.5,0.5,0.5,0.5,0.5,0.5,0.5,0.5,0.295760830111653,0.49997394800229,0.5,0.0390247152791276,CBCsimpleRW,CBCdriftDiffusionLR,0.5,0.0780494305582552,0.992066753676744,3.14228339259112,2.45516103872582,0.5,72.5580865702742
CBC_1016,CBC_1016_MSI_TV_v3_Vset2_Tset3_2023-06-25_14h56.17.212.csv,1,4,2,1,z,0,1,1,tac,B,9,1,2B,1B,0,1,z,2.25795560000188,0,1,1,1,1B,2B,B21,2.94443897916644,0.539024715279128,0.5,0.5,0.5,0.5,0.539024715279128,0.5,0.5,0.5,0.5,0.5,0.5,0.5,0.5,0.5,0.539024715279128,0.518779493261931,0.481220506738069,0.539024715279128,0.5,0.211248485100771,0.570807075173356,0.460975284720872,0.0359788584738936,CBCsimpleRW,CBCdriftDiffusionLR,0.5,0.0780494305582552,0.992066753676744,3.14228339259112,2.45516103872582,0.5,72.5580865702742
CBC_1016,CBC_1016_MSI_TV_v3_Vset2_Tset3_2023-06-25_14h56.17.212.csv,1,5,0,2,b,1,0,2,tac,A,27,1,0A,2A,1,0,b,1.72340210000402,1,0,1,1,0A,2A,A02,2.99573227355399,0.539024715279128,0.5,0.5,0.5,0.5,0.575003573753021,0.5,0.5,0.5,0.5,0.5,0.5,0.5,0.5,0.5,0.539024715279128,0.518779493261931,0.481220506738069,0.539024715279128,0.5,0.321408346945215,0.572361353532057,0.460975284720872,0.0359788584738936,CBCsimpleRW,CBCdriftDiffusionLR,0.5,0.0780494305582552,0.992066753676744,3.14228339259112,2.45516103872582,0.5,72.5580865702742
CBC_1016,CBC_1016_MSI_TV_v3_Vset2_Tset3_2023-06-25_14h56.17.212.csv,1,6,2,3,b,1,0,3,tac,C,63,1,2C,3C,1,0,z,2.63511769999968,0,1,0,0,3C,2C,C23,3.04452243772342,0.575003573753021,0.5,0.5,0.5,0.5,0.575003573753021,0.5,0.5,0.5,0.5,0.5,0.5,0.5,0.5,0.5,0.539024715279128,0.5,0.5,0.5,0.5,0.136027279400095,0.500970003853819,-0.5,-0.0390247152791276,CBCsimpleRW,CBCdriftDiffusionLR,0.5,0.0780494305582552,0.992066753676744,3.14228339259112,2.45516103872582,0.5,72.5580865702742
CBC_1016,CBC_1016_MSI_TV_v3_Vset2_Tset3_2023-06-25_14h56.17.212.csv,1,7,1,3,z,0,1,0,tac,D,27,1,1D,3D,0,1,z,2.30741640000269,0,1,1,1,3D,1D,D13,3.09104245335832,0.575003573753021,0.5,0.5,0.5,0.5,0.575003573753021,0.5,0.5,0.5,0.5,0.5,0.460975284720872,0.5,0.5,0.5,0.539024715279128,0.518779493261931,0.481220506738069,0.539024715279128,0.5,0.203247571448335,0.57193119527238,0.460975284720872,0.0359788584738936,CBCsimpleRW,CBCdriftDiffusionLR,0.5,0.0780494305582552,0.992066753676744,3.14228339259112,2.45516103872582,0.5,72.5580865702742
CBC_1016,CBC_1016_MSI_TV_v3_Vset2_Tset3_2023-06-25_14h56.17.212.csv,1,8,1,0,z,0,1,2,tac,A,63,1,1A,0A,0,1,b,2.29211830000349,1,0,0,0,1A,0A,A10,3.13549421592915,0.575003573753021,0.5,0.5,0.5,0.5,0.575003573753021,0.5,0.5,0.5,0.5,0.5,0.460975284720872,0.5,0.5,0.5,0.575003573753021,0.465114732832389,0.534885267167611,0.5,0.575003573753021,0.133074174475277,0.368628928129702,-0.5,-0.0390247152791276,CBCsimpleRW,CBCdriftDiffusionLR,0.5,0.0780494305582552,0.992066753676744,3.14228339259112,2.45516103872582,0.5,72.5580865702742
CBC_1016,CBC_1016_MSI_TV_v3_Vset2_Tset3_2023-06-25_14h56.17.212.csv,1,9,2,0,b,1,0,3,tac,C,27,1,2C,0C,1,0,b,2.61927950000245,1,0,1,1,2C,0C,C20,3.17805383034795,0.575003573753021,0.460975284720872,0.5,0.5,0.5,0.575003573753021,0.5,0.5,0.5,0.5,0.5,0.460975284720872,0.5,0.5,0.5,0.575003573753021,0.5,0.5,0.5,0.5,0.137886011825021,0.501277018704287,0.5,0.0390247152791276,CBCsimpleRW,CBCdriftDiffusionLR,0.5,0.0780494305582552,0.992066753676744,3.14228339259112,2.45516103872582,0.5,72.5580865702742
CBC_1016,CBC_1016_MSI_TV_v3_Vset2_Tset3_2023-06-25_14h56.17.212.csv,1,10,2,3,z,0,1,0,tac,D,63,1,2D,3D,0,1,z,2.3202005000021,0,1,1,1,3D,2D,D23,2.52572864430826,0.575003573753021,0.460975284720872,0.5,0.5,0.5,0.575003573753021,0.5,0.5,0.5,0.5,0.539024715279128,0.460975284720872,0.5,0.5,0.5,0.575003573753021,0.534885267167611,0.465114732832389,0.575003573753021,0.5,0.223162661191611,0.632870240441507,0.424996426246979,0.0331707290578702,CBCsimpleRW,CBCdriftDiffusionLR,0.5,0.0780494305582552,0.992066753676744,3.14228339259112,2.45516103872582,0.5,72.5580865702742
CBC_1016,CBC_1016_MSI_TV_v3_Vset2_Tset3_2023-06-25_14h56.17.212.csv,1,11,1,0,b,1,0,1,tac,B,63,1,1B,0B,1,0,z,2.50163420000172,0,1,0,0,0B,1B,B10,3.25809653802148,0.575003573753021,0.460975284720872,0.5,0.5,0.5,0.575003573753021,0.5,0.5,0.5,0.5,0.539024715279128,0.460975284720872,0.5,0.5,0.5,0.608174302810891,0.465114732832389,0.534885267167611,0.5,0.575003573753021,0.111784525321467,0.369280044891545,-0.5,-0.0390247152791276,CBCsimpleRW,CBCdriftDiffusionLR,0.5,0.0780494305582552,0.992066753676744,3.14228339259112,2.45516103872582,0.5,72.5580865702742
CBC_1016,CBC_1016_MSI_TV_v3_Vset2_Tset3_2023-06-25_14h56.17.212.csv,1,12,0,1,b,1,0,2,tac,A,63,1,0A,1A,1,0,z,2.69494510000368,0,1,0,0,1A,0A,A01,2.60268968544438,0.575003573753021,0.460975284720872,0.5,0.5,0.460975284720872,0.575003573753021,0.5,0.5,0.5,0.5,0.539024715279128,0.460975284720872,0.5,0.5,0.5,0.608174302810891,0.444965918899096,0.555034081100904,0.460975284720872,0.575003573753021,0.0762313719936542,0.299112296970099,-0.460975284720872,-0.0359788584738936,CBCsimpleRW,CBCdriftDiffusionLR,0.5,0.0780494305582552,0.992066753676744,3.14228339259112,2.45516103872582,0.5,72.5580865702742
CBC_1016,CBC_1016_MSI_TV_v3_Vset2_Tset3_2023-06-25_14h56.17.212.csv,1,13,2,3,z,0,1,0,tac,D,63,1,2D,3D,0,1,b,2.34718440000142,1,0,0,0,2D,3D,D23,2.23359222150709,0.575003573753021,0.424996426246979,0.5,0.5,0.460975284720872,0.575003573753021,0.5,0.5,0.5,0.5,0.539024715279128,0.460975284720872,0.5,0.5,0.5,0.608174302810891,0.451192559448226,0.548807440551774,0.5,0.608174302810891,0.110436787315604,0.319646016230984,-0.5,-0.0390247152791276,CBCsimpleRW,CBCdriftDiffusionLR,0.5,0.0780494305582552,0.992066753676744,3.14228339259112,2.45516103872582,0.5,72.5580865702742
CBC_1016,CBC_1016_MSI_TV_v3_Vset2_Tset3_2023-06-25_14h56.17.212.csv,1,14,2,0,b,1,0,3,tac,C,27,1,2C,0C,1,0,b,2.93021090000548,1,0,1,1,2C,0C,C20,2.67414864942653,0.575003573753021,0.424996426246979,0.5,0.5,0.460975284720872,0.575003573753021,0.5,0.5,0.5,0.5,0.539024715279128,0.460975284720872,0.5,0.5,0.460975284720872,0.608174302810891,0.518779493261931,0.481220506738069,0.539024715279128,0.5,0.121735983408538,0.572591041885001,0.460975284720872,0.0359788584738936,CBCsimpleRW,CBCdriftDiffusionLR,0.5,0.0780494305582552,0.992066753676744,3.14228339259112,2.45516103872582,0.5,72.5580865702742
CBC_1016,CBC_1016_MSI_TV_v3_Vset2_Tset3_2023-06-25_14h56.17.212.csv,1,15,0,1,b,1,0,2,tac,A,63,1,0A,1A,1,0,z,2.24476640000285,0,1,0,0,1A,0A,A01,2.30258509299405,0.575003573753021,0.424996426246979,0.5,0.5,0.460975284720872,0.575003573753021,0.5,0.5,0.5,0.5,0.575003573753021,0.460975284720872,0.5,0.5,0.460975284720872,0.608174302810891,0.424996426246979,0.575003573753021,0.424996426246979,0.575003573753021,0.091045695336591,0.239023756297184,-0.424996426246979,-0.0331707290578702,CBCsimpleRW,CBCdriftDiffusionLR,0.5,0.0780494305582552,0.992066753676744,3.14228339259112,2.45516103872582,0.5,72.5580865702742
CBC_1016,CBC_1016_MSI_TV_v3_Vset2_Tset3_2023-06-25_14h56.17.212.csv,1,16,1,3,b,1,0,1,tac,B,27,1,1B,3B,1,0,z,2.67382310000175,0,1,0,0,3B,1B,B13,3.43398720448515,0.575003573753021,0.391825697189109,0.5,0.5,0.460975284720872,0.575003573753021,0.5,0.5,0.5,0.5,0.575003573753021,0.460975284720872,0.5,0.5,0.460975284720872,0.608174302810891,0.465114732832389,0.534885267167611,0.5,0.575003573753021,0.0963104704629498,0.367833968783288,-0.5,-0.0390247152791276,CBCsimpleRW,CBCdriftDiffusionLR,0.5,0.0780494305582552,0.992066753676744,3.14228339259112,2.45516103872582,0.5,72.5580865702742
CBC_1016,CBC_1016_MSI_TV_v3_Vset2_Tset3_2023-06-25_14h56.17.212.csv,1,17,3,2,z,0,1,3,tac,C,63,1,3C,2C,0,1,z,1.78840320000381,0,1,1,1,2C,3C,C32,3.46573590279973,0.575003573753021,0.391825697189109,0.5,0.5,0.460975284720872,0.575003573753021,0.5,0.460975284720872,0.5,0.5,0.575003573753021,0.460975284720872,0.5,0.5,0.460975284720872,0.608174302810891,0.555034081100904,0.444965918899096,0.575003573753021,0.460975284720872,0.389333848920117,0.700257741503886,0.424996426246979,0.0331707290578702,CBCsimpleRW,CBCdriftDiffusionLR,0.5,0.0780494305582552,0.992066753676744,3.14228339259112,2.45516103872582,0.5,72.5580865702742
CBC_1016,CBC_1016_MSI_TV_v3_Vset2_Tset3_2023-06-25_14h56.17.212.csv,1,18,2,3,z,0,1,0,tac,D,63,0,2D,3D,1,0,z,2.29047910000372,0,1,1,0,3D,2D,D23,2.11021320034659,0.575003573753021,0.391825697189109,0.5,0.5,0.460975284720872,0.575003573753021,0.5,0.460975284720872,0.5,0.5,0.608174302810891,0.460975284720872,0.5,0.5,0.460975284720872,0.608174302810891,0.568839299854122,0.431160700145878,0.608174302810891,0.460975284720872,0.271028948494636,0.743197627442539,-0.608174302810891,-0.0474676580145539,CBCsimpleRW,CBCdriftDiffusionLR,0.5,0.0780494305582552,0.992066753676744,3.14228339259112,2.45516103872582,0.5,72.5580865702742
CBC_1016,CBC_1016_MSI_TV_v3_Vset2_Tset3_2023-06-25_14h56.17.212.csv,1,19,1,0,b,1,0,1,tac,B,63,1,1B,0B,1,0,b,3.27940730000046,1,0,1,1,1B,0B,B10,2.83321334405622,0.575003573753021,0.391825697189109,0.5,0.5,0.460975284720872,0.575003573753021,0.5,0.460975284720872,0.5,0.5,0.608174302810891,0.460975284720872,0.5,0.5,0.460975284720872,0.560706644796338,0.555034081100904,0.444965918899096,0.575003573753021,0.460975284720872,0.106872859168753,0.700807149135286,0.424996426246979,0.0331707290578702,CBCsimpleRW,CBCdriftDiffusionLR,0.5,0.0780494305582552,0.992066753676744,3.14228339259112,2.45516103872582,0.5,72.5580865702742
CBC_1016,CBC_1016_MSI_TV_v3_Vset2_Tset3_2023-06-25_14h56.17.212.csv,1,20,2,0,z,0,1,2,tac,A,27,1,2A,0A,0,1,z,2.73082460000296,0,1,1,1,0A,2A,A20,3.55534806148941,0.575003573753021,0.391825697189109,0.5,0.5,0.460975284720872,0.608174302810891,0.5,0.460975284720872,0.5,0.5,0.608174302810891,0.460975284720872,0.5,0.5,0.460975284720872,0.560706644796338,0.534885267167611,0.465114732832389,0.575003573753021,0.5,0.157618512948141,0.631569132331109,0.424996426246979,0.0331707290578702,CBCsimpleRW,CBCdriftDiffusionLR,0.5,0.0780494305582552,0.992066753676744,3.14228339259112,2.45516103872582,0.5,72.5580865702742
CBC_1016,CBC_1016_MSI_TV_v3_Vset2_Tset3_2023-06-25_14h56.17.212.csv,1,21,0,3,z,0,1,0,tac,D,9,1,0D,3D,0,1,z,3.18649170000208,0,1,1,1,3D,0D,D03,3.58351893845611,0.608174302810891,0.391825697189109,0.5,0.5,0.460975284720872,0.608174302810891,0.5,0.460975284720872,0.5,0.5,0.608174302810891,0.460975284720872,0.5,0.5,0.460975284720872,0.560706644796338,0.528616132978027,0.471383867021973,0.560706644796338,0.5,0.103977630860411,0.608140337455175,0.439293355203662,0.0342865962216712,CBCsimpleRW,CBCdriftDiffusionLR,0.5,0.0780494305582552,0.992066753676744,3.14228339259112,2.45516103872582,0.5,72.5580865702742
CBC_1016,CBC_1016_MSI_TV_v3_Vset2_Tset3_2023-06-25_14h56.17.212.csv,1,22,2,3,b,1,0,3,tac,C,63,1,2C,3C,1,0,b,1.36447970000518,1,0,1,1,2C,3C,C23,2.91777073208428,0.608174302810891,0.391825697189109,0.5,0.5,0.460975284720872,0.608174302810891,0.5,0.460975284720872,0.5,0.5,0.608174302810891,0.460975284720872,0.5,0.5,0.460975284720872,0.594993241018009,0.568839299854122,0.431160700145878,0.608174302810891,0.460975284720872,0.467792077966656,0.7428987402947,0.391825697189109,0.0305817725437013,CBCsimpleRW,CBCdriftDiffusionLR,0.5,0.0780494305582552,0.992066753676744,3.14228339259112,2.45516103872582,0.5,72.5580865702742
CBC_1016,CBC_1016_MSI_TV_v3_Vset2_Tset3_2023-06-25_14h56.17.212.csv,1,23,3,1,z,0,1,1,tac,B,27,1,3B,1B,0,1,z,2.98785760000101,0,1,1,1,1B,3B,B31,3.63758615972639,0.608174302810891,0.391825697189109,0.5,0.5,0.460975284720872,0.608174302810891,0.5,0.460975284720872,0.5,0.5,0.638756075354593,0.460975284720872,0.5,0.5,0.460975284720872,0.594993241018009,0.568839299854122,0.431160700145878,0.608174302810891,0.460975284720872,0.143490722675185,0.74279825582986,0.391825697189109,0.0305817725437013,CBCsimpleRW,CBCdriftDiffusionLR,0.5,0.0780494305582552,0.992066753676744,3.14228339259112,2.45516103872582,0.5,72.5580865702742
CBC_1016,CBC_1016_MSI_TV_v3_Vset2_Tset3_2023-06-25_14h56.17.212.csv,1,24,3,2,z,0,1,3,tac,C,63,1,3C,2C,0,1,z,1.84730630000558,0,1,1,1,2C,3C,C32,2.9704144655697,0.608174302810891,0.391825697189109,0.5,0.5,0.460975284720872,0.638756075354593,0.5,0.460975284720872,0.5,0.5,0.638756075354593,0.460975284720872,0.5,0.5,0.460975284720872,0.594993241018009,0.580829190240388,0.419170809759612,0.638756075354593,0.460975284720872,0.426973362826828,0.776101876760188,0.361243924645407,0.0281948826112033,CBCsimpleRW,CBCdriftDiffusionLR,0.5,0.0780494305582552,0.992066753676744,3.14228339259112,2.45516103872582,0.5,72.5580865702742
CBC_1016,CBC_1016_MSI_TV_v3_Vset2_Tset3_2023-06-25_14h56.17.212.csv,1,25,2,3,z,0,1,0,tac,D,63,1,2D,3D,0,1,z,2.09773660000428,0,1,1,1,3D,2D,D23,2.07944154167984,0.608174302810891,0.391825697189109,0.5,0.5,0.460975284720872,0.638756075354593,0.5,0.460975284720872,0.5,0.5,0.666950957965796,0.460975284720872,0.5,0.5,0.460975284720872,0.594993241018009,0.563457363089189,0.436542636910811,0.594993241018009,0.460975284720872,0.314207886014966,0.726716815554891,0.405006758981991,0.0316105469107889,CBCsimpleRW,CBCdriftDiffusionLR,0.5,0.0780494305582552,0.992066753676744,3.14228339259112,2.45516103872582,0.5,72.5580865702742
CBC_1016,CBC_1016_MSI_TV_v3_Vset2_Tset3_2023-06-25_14h56.17.212.csv,1,26,1,0,b,1,0,1,tac,B,63,1,1B,0B,1,0,b,2.75469850000081,1,0,1,1,1B,0B,B10,2.6149597780362,0.608174302810891,0.391825697189109,0.5,0.5,0.460975284720872,0.638756075354593,0.5,0.460975284720872,0.5,0.5,0.666950957965796,0.460975284720872,0.5,0.5,0.460975284720872,0.626603787928798,0.580829190240388,0.419170809759612,0.638756075354593,0.460975284720872,0.182935422200976,0.776695071884166,0.361243924645407,0.0281948826112033,CBCsimpleRW,CBCdriftDiffusionLR,0.5,0.0780494305582552,0.992066753676744,3.14228339259112,2.45516103872582,0.5,72.5580865702742
CBC_1016,CBC_1016_MSI_TV_v3_Vset2_Tset3_2023-06-25_14h56.17.212.csv,1,27,0,3,b,1,0,2,tac,A,9,1,0A,3A,1,0,b,3.30740410000362,1,0,1,1,0A,3A,A03,3.73766961828337,0.608174302810891,0.391825697189109,0.5,0.5,0.460975284720872,0.666950957965796,0.5,0.460975284720872,0.5,0.5,0.666950957965796,0.460975284720872,0.5,0.5,0.460975284720872,0.626603787928798,0.548807440551774,0.451192559448226,0.608174302810891,0.5,0.102322831486098,0.679760712578169,0.391825697189109,0.0305817725437013,CBCsimpleRW,CBCdriftDiffusionLR,0.5,0.0780494305582552,0.992066753676744,3.14228339259112,2.45516103872582,0.5,72.5580865702742
CBC_1016,CBC_1016_MSI_TV_v3_Vset2_Tset3_2023-06-25_14h56.17.212.csv,1,28,2,3,z,0,1,0,tac,D,63,1,2D,3D,0,1,z,1.82640270000411,0,1,1,1,3D,2D,D23,1.96944064646551,0.638756075354593,0.391825697189109,0.5,0.5,0.460975284720872,0.666950957965796,0.5,0.460975284720872,0.5,0.5,0.666950957965796,0.460975284720872,0.5,0.5,0.460975284720872,0.626603787928798,0.57614549938167,0.42385450061833,0.626603787928798,0.460975284720872,0.425146533958053,0.764162882381671,0.373396212071202,0.0291433617247668,CBCsimpleRW,CBCdriftDiffusionLR,0.5,0.0780494305582552,0.992066753676744,3.14228339259112,2.45516103872582,0.5,72.5580865702742
CBC_1016,CBC_1016_MSI_TV_v3_Vset2_Tset3_2023-06-25_14h56.17.212.csv,1,29,2,0,b,1,0,3,tac,C,27,1,2C,0C,1,0,b,2.00218970000424,1,0,1,1,2C,0C,C20,2.68557734525015,0.638756075354593,0.391825697189109,0.5,0.5,0.460975284720872,0.666950957965796,0.5,0.460975284720872,0.5,0.5,0.666950957965796,0.460975284720872,0.5,0.5,0.460975284720872,0.655747149653565,0.571532979525044,0.428467020474956,0.666950957965796,0.5,0.35620995089604,0.751321919960265,0.333049042034204,0.025994288078742,CBCsimpleRW,CBCdriftDiffusionLR,0.5,0.0780494305582552,0.992066753676744,3.14228339259112,2.45516103872582,0.5,72.5580865702742
CBC_1016,CBC_1016_MSI_TV_v3_Vset2_Tset3_2023-06-25_14h56.17.212.csv,1,30,1,0,z,0,1,2,tac,A,63,1,1A,0A,0,1,b,1.58426370000234,1,0,0,0,1A,0A,A10,3.11351530921037,0.638756075354593,0.391825697189109,0.5,0.5,0.460975284720872,0.666950957965796,0.5,0.460975284720872,0.5,0.5,0.692945246044538,0.460975284720872,0.5,0.5,0.460975284720872,0.655747149653565,0.380198551563742,0.619801448436259,0.391825697189109,0.638756075354593,0.101024882643535,0.136080890057874,-0.391825697189109,-0.0305817725437013,CBCsimpleRW,CBCdriftDiffusionLR,0.5,0.0780494305582552,0.992066753676744,3.14228339259112,2.45516103872582,0.5,72.5580865702742
CBC_1016,CBC_1016_MSI_TV_v3_Vset2_Tset3_2023-06-25_14h56.17.212.csv,1,31,1,0,b,1,0,1,tac,B,63,1,1B,0B,1,0,b,1.89512440000544,1,0,1,1,1B,0B,B10,2.4423470353692,0.638756075354593,0.361243924645407,0.5,0.5,0.460975284720872,0.666950957965796,0.5,0.460975284720872,0.5,0.5,0.692945246044538,0.460975284720872,0.5,0.5,0.460975284720872,0.655747149653565,0.591307243971157,0.408692756028843,0.666950957965796,0.460975284720872,0.429922879624993,0.80314862722972,0.333049042034204,0.025994288078742,CBCsimpleRW,CBCdriftDiffusionLR,0.5,0.0780494305582552,0.992066753676744,3.14228339259112,2.45516103872582,0.5,72.5580865702742
CBC_1016,CBC_1016_MSI_TV_v3_Vset2_Tset3_2023-06-25_14h56.17.212.csv,1,32,3,1,b,1,0,0,tac,D,27,1,3D,1D,1,0,b,1.84570010000243,1,0,1,1,3D,1D,D31,3.85014760171006,0.638756075354593,0.361243924645407,0.5,0.5,0.460975284720872,0.692945246044538,0.5,0.460975284720872,0.5,0.5,0.692945246044538,0.460975284720872,0.5,0.5,0.460975284720872,0.655747149653565,0.567379421917783,0.432620578082217,0.655747149653565,0.5,0.400236369598665,0.740296776564363,0.344252850346435,0.0268687389375955,CBCsimpleRW,CBCdriftDiffusionLR,0.5,0.0780494305582552,0.992066753676744,3.14228339259112,2.45516103872582,0.5,72.5580865702742
CBC_1016,CBC_1016_MSI_TV_v3_Vset2_Tset3_2023-06-25_14h56.17.212.csv,1,33,3,2,z,0,1,3,tac,C,63,1,3C,2C,0,1,z,2.17410230000314,0,1,1,1,2C,3C,C32,2.77258872223978,0.638756075354593,0.361243924645407,0.5,0.5,0.460975284720872,0.692945246044538,0.5,0.460975284720872,0.5,0.5,0.692945246044538,0.460975284720872,0.5,0.5,0.460975284720872,0.68261588859116,0.600513837451959,0.399486162548041,0.692945246044538,0.460975284720872,0.339261783981114,0.825087588512098,0.307054753955462,0.023965448696429,CBCsimpleRW,CBCdriftDiffusionLR,0.5,0.0780494305582552,0.992066753676744,3.14228339259112,2.45516103872582,0.5,72.5580865702742
CBC_1016,CBC_1016_MSI_TV_v3_Vset2_Tset3_2023-06-25_14h56.17.212.csv,1,34,1,0,b,1,0,1,tac,B,63,1,1B,0B,1,0,b,2.39900370000032,1,0,1,1,1B,0B,B10,2.28238238567653,0.638756075354593,0.361243924645407,0.5,0.5,0.460975284720872,0.692945246044538,0.5,0.460975284720872,0.5,0.5,0.716910694740967,0.460975284720872,0.5,0.5,0.460975284720872,0.68261588859116,0.600513837451959,0.399486162548041,0.692945246044538,0.460975284720872,0.270045125833528,0.824900722141244,0.307054753955462,0.023965448696429,CBCsimpleRW,CBCdriftDiffusionLR,0.5,0.0780494305582552,0.992066753676744,3.14228339259112,2.45516103872582,0.5,72.5580865702742
CBC_1016,CBC_1016_MSI_TV_v3_Vset2_Tset3_2023-06-25_14h56.17.212.csv,1,35,0,1,b,1,0,2,tac,A,63,1,0A,1A,1,0,b,2.73963930000173,1,0,1,1,0A,1A,A01,2.52572864430826,0.638756075354593,0.361243924645407,0.5,0.5,0.460975284720872,0.716910694740967,0.5,0.460975284720872,0.5,0.5,0.716910694740967,0.460975284720872,0.5,0.5,0.460975284720872,0.68261588859116,0.638756075354593,0.361243924645407,0.638756075354593,0.361243924645407,0.187015422933777,0.894991259131353,0.361243924645407,0.0281948826112033,CBCsimpleRW,CBCdriftDiffusionLR,0.5,0.0780494305582552,0.992066753676744,3.14228339259112,2.45516103872582,0.5,72.5580865702742
CBC_1016,CBC_1016_MSI_TV_v3_Vset2_Tset3_2023-06-25_14h56.17.212.csv,1,36,1,2,z,0,1,3,tac,C,9,1,1C,2C,0,1,z,1.11612090000563,0,1,1,1,2C,1C,C12,3.93182563272433,0.666950957965796,0.361243924645407,0.5,0.5,0.460975284720872,0.716910694740967,0.5,0.460975284720872,0.5,0.5,0.716910694740967,0.460975284720872,0.5,0.5,0.460975284720872,0.68261588859116,0.589123505807934,0.410876494192066,0.716910694740967,0.5,0.0503167331735816,0.79806715904362,0.283089305259033,0.0220949590725996,CBCsimpleRW,CBCdriftDiffusionLR,0.5,0.0780494305582552,0.992066753676744,3.14228339259112,2.45516103872582,0.5,72.5580865702742
CBC_1016,CBC_1016_MSI_TV_v3_Vset2_Tset3_2023-06-25_14h56.17.212.csv,1,37,1,0,z,0,1,2,tac,A,63,1,1A,0A,0,1,b,2.28124340000431,1,0,0,0,1A,0A,A10,2.85263142991332,0.666950957965796,0.361243924645407,0.5,0.5,0.460975284720872,0.716910694740967,0.5,0.460975284720872,0.5,0.5,0.739005653813567,0.460975284720872,0.5,0.5,0.460975284720872,0.68261588859116,0.351337991225936,0.648662008774064,0.361243924645407,0.666950957965796,0.03270960407505,0.0914003515499923,-0.361243924645407,-0.0281948826112033,CBCsimpleRW,CBCdriftDiffusionLR,0.5,0.0780494305582552,0.992066753676744,3.14228339259112,2.45516103872582,0.5,72.5580865702742
CBC_1016,CBC_1016_MSI_TV_v3_Vset2_Tset3_2023-06-25_14h56.17.212.csv,1,38,3,1,b,1,0,0,tac,D,27,1,3D,1D,1,0,b,2.22674390000248,1,0,1,1,3D,1D,D31,3.27714473299218,0.666950957965796,0.333049042034204,0.5,0.5,0.460975284720872,0.716910694740967,0.5,0.460975284720872,0.5,0.5,0.739005653813567,0.460975284720872,0.5,0.5,0.460975284720872,0.68261588859116,0.577208453882989,0.422791546117012,0.68261588859116,0.5,0.297307227746907,0.767030230717024,0.31738411140884,0.0247716491636978,CBCsimpleRW,CBCdriftDiffusionLR,0.5,0.0780494305582552,0.992066753676744,3.14228339259112,2.45516103872582,0.5,72.5580865702742
CBC_1016,CBC_1016_MSI_TV_v3_Vset2_Tset3_2023-06-25_14h56.17.212.csv,1,39,0,1,z,0,1,1,tac,B,63,1,0B,1B,0,1,b,2.59629680000216,1,0,0,0,0B,1B,B01,3.29583686600433,0.666950957965796,0.333049042034204,0.5,0.5,0.460975284720872,0.716910694740967,0.5,0.460975284720872,0.5,0.5,0.739005653813567,0.460975284720872,0.5,0.5,0.460975284720872,0.707387537754858,0.391358155847552,0.608641844152448,0.460975284720872,0.716910694740967,0.0417237558996072,0.157650770667196,-0.460975284720872,-0.0359788584738936,CBCsimpleRW,CBCdriftDiffusionLR,0.5,0.0780494305582552,0.992066753676744,3.14228339259112,2.45516103872582,0.5,72.5580865702742
CBC_1016,CBC_1016_MSI_TV_v3_Vset2_Tset3_2023-06-25_14h56.17.212.csv,1,40,2,3,b,1,0,3,tac,C,63,0,2C,3C,0,1,b,2.04378850000285,1,0,1,0,2C,3C,C23,2.90872089656436,0.666950957965796,0.333049042034204,0.5,0.5,0.424996426246979,0.716910694740967,0.5,0.460975284720872,0.5,0.5,0.739005653813567,0.460975284720872,0.5,0.5,0.460975284720872,0.707387537754858,0.615847827313098,0.384152172686902,0.739005653813567,0.460975284720872,0.406255152369978,0.85658938633587,-0.739005653813567,-0.0576789704594799,CBCsimpleRW,CBCdriftDiffusionLR,0.5,0.0780494305582552,0.992066753676744,3.14228339259112,2.45516103872582,0.5,72.5580865702742
CBC_1016,CBC_1016_MSI_TV_v3_Vset2_Tset3_2023-06-25_14h56.17.212.csv,1,41,2,0,z,0,1,2,tac,A,27,1,2A,0A,0,1,z,2.26194130000295,0,1,1,1,0A,2A,A20,3.3322045101752,0.666950957965796,0.333049042034204,0.5,0.5,0.424996426246979,0.716910694740967,0.5,0.460975284720872,0.5,0.5,0.681326683354087,0.460975284720872,0.5,0.5,0.460975284720872,0.707387537754858,0.571532979525044,0.428467020474956,0.666950957965796,0.5,0.281221719148449,0.750848083204826,0.333049042034204,0.025994288078742,CBCsimpleRW,CBCdriftDiffusionLR,0.5,0.0780494305582552,0.992066753676744,3.14228339259112,2.45516103872582,0.5,72.5580865702742
CBC_1016,CBC_1016_MSI_TV_v3_Vset2_Tset3_2023-06-25_14h56.17.212.csv,1,42,3,2,b,1,0,0,tac,D,63,1,3D,2D,1,0,b,1.96135020000293,1,0,1,1,3D,2D,D32,4.04305126783455,0.692945246044538,0.333049042034204,0.5,0.5,0.424996426246979,0.716910694740967,0.5,0.460975284720872,0.5,0.5,0.681326683354087,0.460975284720872,0.5,0.5,0.460975284720872,0.707387537754858,0.605451940225145,0.394548059774855,0.707387537754858,0.460975284720872,0.427529073335473,0.835782311320754,0.292612462245142,0.0228382360524823,CBCsimpleRW,CBCdriftDiffusionLR,0.5,0.0780494305582552,0.992066753676744,3.14228339259112,2.45516103872582,0.5,72.5580865702742
CBC_1016,CBC_1016_MSI_TV_v3_Vset2_Tset3_2023-06-25_14h56.17.212.csv,1,43,3,1,z,0,1,1,tac,B,27,1,3B,1B,0,1,z,1.85684090000359,0,1,1,1,1B,3B,B31,3.36729582998647,0.692945246044538,0.333049042034204,0.5,0.5,0.424996426246979,0.716910694740967,0.5,0.460975284720872,0.5,0.5,0.681326683354087,0.460975284720872,0.5,0.5,0.460975284720872,0.73022577380734,0.608641844152448,0.391358155847552,0.716910694740967,0.460975284720872,0.48041452207253,0.842615245567954,0.283089305259033,0.0220949590725996,CBCsimpleRW,CBCdriftDiffusionLR,0.5,0.0780494305582552,0.992066753676744,3.14228339259112,2.45516103872582,0.5,72.5580865702742
CBC_1016,CBC_1016_MSI_TV_v3_Vset2_Tset3_2023-06-25_14h56.17.212.csv,1,44,2,3,b,1,0,3,tac,C,63,1,2C,3C,1,0,b,1.44463670000187,1,0,1,1,2C,3C,C23,2.69124308278583,0.692945246044538,0.333049042034204,0.5,0.5,0.424996426246979,0.739005653813567,0.5,0.460975284720872,0.5,0.5,0.681326683354087,0.460975284720872,0.5,0.5,0.460975284720872,0.73022577380734,0.596450590470643,0.403549409529357,0.681326683354087,0.460975284720872,0.589243062325876,0.815687587338194,0.318673316645913,0.0248722708983241,CBCsimpleRW,CBCdriftDiffusionLR,0.5,0.0780494305582552,0.992066753676744,3.14228339259112,2.45516103872582,0.5,72.5580865702742
CBC_1016,CBC_1016_MSI_AV_v3_Vset4_Aset1_2023-06-25_15h20.06.953.csv,2,1,0,1,z,0,1,1,aud,B,63,1,0B,1B,0,1,z,2.35650669999814,0,1,1,1,1B,0B,B01,2.77258872223978,0.5,0.5,0.5,0.5,0.5,0.5,0.5,0.5,0.5,0.5,0.5,0.5,0.5,0.5,0.5,0.5,0.5,0.5,0.5,0.5,0.135682976839671,0.500174264303755,0.5,0.0259192510913366,CBCsimpleRW,CBCdriftDiffusionLR,0.5,0.0518385021826733,0.674514910296697,10.6101364638272,2.58089833865555,0.5,52.2151404234761
CBC_1016,CBC_1016_MSI_AV_v3_Vset4_Aset1_2023-06-25_15h20.06.953.csv,2,2,0,1,b,1,0,2,aud,A,63,1,0A,1A,1,0,b,2.2296920000008,1,0,1,1,0A,1A,A01,2.83321334405622,0.5,0.5,0.5,0.5,0.5,0.525919251091337,0.5,0.5,0.5,0.5,0.5,0.5,0.5,0.5,0.5,0.5,0.5,0.5,0.5,0.5,0.149113628507502,0.500471849632284,0.5,0.0259192510913366,CBCsimpleRW,CBCdriftDiffusionLR,0.5,0.0518385021826733,0.674514910296697,10.6101364638272,2.58089833865555,0.5,52.2151404234761
CBC_1016,CBC_1016_MSI_AV_v3_Vset4_Aset1_2023-06-25_15h20.06.953.csv,2,3,2,3,z,0,1,0,aud,D,63,1,2D,3D,0,1,z,1.77956080000149,0,1,1,1,3D,2D,D23,2.89037175789616,0.525919251091337,0.5,0.5,0.5,0.5,0.525919251091337,0.5,0.5,0.5,0.5,0.5,0.5,0.5,0.5,0.5,0.5,0.5,0.5,0.5,0.5,0.206795434977619,0.499245967117402,0.5,0.0259192510913366,CBCsimpleRW,CBCdriftDiffusionLR,0.5,0.0518385021826733,0.674514910296697,10.6101364638272,2.58089833865555,0.5,52.2151404234761
CBC_1016,CBC_1016_MSI_AV_v3_Vset4_Aset1_2023-06-25_15h20.06.953.csv,2,4,2,1,z,0,1,1,aud,B,9,1,2B,1B,0,1,z,1.22099159999925,0,1,1,1,1B,2B,B21,2.94443897916644,0.525919251091337,0.5,0.5,0.5,0.5,0.525919251091337,0.5,0.5,0.5,0.5,0.5,0.5,0.5,0.5,0.5,0.525919251091337,0.512632208170265,0.487367791829735,0.525919251091337,0.5,0.385274092663093,0.666934834965661,0.474080748908663,0.0245756359370651,CBCsimpleRW,CBCdriftDiffusionLR,0.5,0.0518385021826733,0.674514910296697,10.6101364638272,2.58089833865555,0.5,52.2151404234761
CBC_1016,CBC_1016_MSI_AV_v3_Vset4_Aset1_2023-06-25_15h20.06.953.csv,2,5,0,2,b,1,0,2,aud,A,27,1,0A,2A,1,0,b,2.2657913999974,1,0,1,1,0A,2A,A02,2.99573227355399,0.525919251091337,0.5,0.5,0.5,0.5,0.550494887028402,0.5,0.5,0.5,0.5,0.5,0.5,0.5,0.5,0.5,0.525919251091337,0.512632208170265,0.487367791829735,0.525919251091337,0.5,0.193745449327778,0.666853711203476,0.474080748908663,0.0245756359370651,CBCsimpleRW,CBCdriftDiffusionLR,0.5,0.0518385021826733,0.674514910296697,10.6101364638272,2.58089833865555,0.5,52.2151404234761
CBC_1016,CBC_1016_MSI_AV_v3_Vset4_Aset1_2023-06-25_15h20.06.953.csv,2,6,2,3,b,1,0,3,aud,C,63,1,2C,3C,1,0,b,2.15061939999941,1,0,1,1,2C,3C,C23,3.04452243772342,0.550494887028402,0.5,0.5,0.5,0.5,0.550494887028402,0.5,0.5,0.5,0.5,0.5,0.5,0.5,0.5,0.5,0.525919251091337,0.5,0.5,0.5,0.5,0.158006898369028,0.50023551324165,0.5,0.0259192510913366,CBCsimpleRW,CBCdriftDiffusionLR,0.5,0.0518385021826733,0.674514910296697,10.6101364638272,2.58089833865555,0.5,52.2151404234761
CBC_1016,CBC_1016_MSI_AV_v3_Vset4_Aset1_2023-06-25_15h20.06.953.csv,2,7,1,3,z,0,1,0,aud,D,27,1,1D,3D,0,1,z,1.35020900000018,0,1,1,1,3D,1D,D13,3.09104245335832,0.550494887028402,0.5,0.5,0.5,0.5,0.550494887028402,0.5,0.5,0.5,0.5,0.525919251091337,0.5,0.5,0.5,0.5,0.525919251091337,0.512632208170265,0.487367791829735,0.525919251091337,0.5,0.372317432298512,0.665698054080783,0.474080748908663,0.0245756359370651,CBCsimpleRW,CBCdriftDiffusionLR,0.5,0.0518385021826733,0.674514910296697,10.6101364638272,2.58089833865555,0.5,52.2151404234761
CBC_1016,CBC_1016_MSI_AV_v3_Vset4_Aset1_2023-06-25_15h20.06.953.csv,2,8,1,0,z,0,1,2,aud,A,63,1,1A,0A,0,1,z,1.78558730000077,0,1,1,1,0A,1A,A10,3.13549421592915,0.550494887028402,0.5,0.5,0.5,0.5,0.550494887028402,0.5,0.5,0.5,0.5,0.525919251091337,0.5,0.5,0.5,0.5,0.550494887028402,0.524033856638389,0.475966143361611,0.550494887028402,0.5,0.344799261972289,0.788797987948947,0.449505112971598,0.023301671779901,CBCsimpleRW,CBCdriftDiffusionLR,0.5,0.0518385021826733,0.674514910296697,10.6101364638272,2.58089833865555,0.5,52.2151404234761
CBC_1016,CBC_1016_MSI_AV_v3_Vset4_Aset1_2023-06-25_15h20.06.953.csv,2,9,2,0,b,1,0,3,aud,C,27,1,2C,0C,1,0,b,2.73195439999836,1,0,1,1,2C,0C,C20,3.17805383034795,0.573796558808303,0.5,0.5,0.5,0.5,0.550494887028402,0.5,0.5,0.5,0.5,0.525919251091337,0.5,0.5,0.5,0.5,0.550494887028402,0.512632208170265,0.487367791829735,0.525919251091337,0.5,0.134816402593459,0.666349414843987,0.474080748908663,0.0245756359370651,CBCsimpleRW,CBCdriftDiffusionLR,0.5,0.0518385021826733,0.674514910296697,10.6101364638272,2.58089833865555,0.5,52.2151404234761
CBC_1016,CBC_1016_MSI_AV_v3_Vset4_Aset1_2023-06-25_15h20.06.953.csv,2,10,2,3,z,0,1,0,aud,D,63,1,2D,3D,0,1,z,2.32604640000136,0,1,1,1,3D,2D,D23,2.52572864430826,0.573796558808303,0.5,0.5,0.5,0.5,0.550494887028402,0.5,0.5,0.5,0.5,0.550494887028402,0.5,0.5,0.5,0.5,0.550494887028402,0.524033856638389,0.475966143361611,0.550494887028402,0.5,0.216049188716697,0.788220286011076,0.449505112971598,0.023301671779901,CBCsimpleRW,CBCdriftDiffusionLR,0.5,0.0518385021826733,0.674514910296697,10.6101364638272,2.58089833865555,0.5,52.2151404234761
CBC_1016,CBC_1016_MSI_AV_v3_Vset4_Aset1_2023-06-25_15h20.06.953.csv,2,11,1,0,b,1,0,1,aud,B,63,1,1B,0B,1,0,b,1.06003950000013,1,0,1,1,1B,0B,B10,3.25809653802148,0.573796558808303,0.5,0.5,0.5,0.5,0.550494887028402,0.5,0.5,0.5,0.5,0.550494887028402,0.5,0.5,0.5,0.5,0.573796558808303,0.524033856638389,0.475966143361611,0.550494887028402,0.5,0.454808040241791,0.787803451230476,0.449505112971598,0.023301671779901,CBCsimpleRW,CBCdriftDiffusionLR,0.5,0.0518385021826733,0.674514910296697,10.6101364638272,2.58089833865555,0.5,52.2151404234761
CBC_1016,CBC_1016_MSI_AV_v3_Vset4_Aset1_2023-06-25_15h20.06.953.csv,2,12,0,1,b,1,0,2,aud,A,63,1,0A,1A,1,0,b,1.37840510000024,1,0,1,1,0A,1A,A01,2.60268968544438,0.573796558808303,0.5,0.5,0.5,0.5,0.573796558808303,0.5,0.5,0.5,0.5,0.550494887028402,0.5,0.5,0.5,0.5,0.573796558808303,0.534362448921517,0.465637551078483,0.573796558808303,0.5,0.566983110964664,0.86749594710615,0.426203441191697,0.0220937480164787,CBCsimpleRW,CBCdriftDiffusionLR,0.5,0.0518385021826733,0.674514910296697,10.6101364638272,2.58089833865555,0.5,52.2151404234761
CBC_1016,CBC_1016_MSI_AV_v3_Vset4_Aset1_2023-06-25_15h20.06.953.csv,2,13,2,3,z,0,1,0,aud,D,63,1,2D,3D,0,1,z,2.28112479999982,0,1,1,1,3D,2D,D23,2.23359222150709,0.595890306824781,0.5,0.5,0.5,0.5,0.573796558808303,0.5,0.5,0.5,0.5,0.550494887028402,0.5,0.5,0.5,0.5,0.573796558808303,0.534362448921517,0.465637551078483,0.573796558808303,0.5,0.239698077189319,0.8673176814975,0.426203441191697,0.0220937480164787,CBCsimpleRW,CBCdriftDiffusionLR,0.5,0.0518385021826733,0.674514910296697,10.6101364638272,2.58089833865555,0.5,52.2151404234761
CBC_1016,CBC_1016_MSI_AV_v3_Vset4_Aset1_2023-06-25_15h20.06.953.csv,2,14,2,0,b,1,0,3,aud,C,27,1,2C,0C,1,0,z,2.73422829999981,0,1,0,0,0C,2C,C20,2.67414864942653,0.595890306824781,0.5,0.5,0.5,0.5,0.573796558808303,0.5,0.5,0.5,0.5,0.550494887028402,0.5,0.5,0.5,0.5,0.595890306824781,0.475966143361611,0.524033856638389,0.5,0.550494887028402,0.0405416537325861,0.211085252316412,-0.5,-0.0259192510913366,CBCsimpleRW,CBCdriftDiffusionLR,0.5,0.0518385021826733,0.674514910296697,10.6101364638272,2.58089833865555,0.5,52.2151404234761
CBC_1016,CBC_1016_MSI_AV_v3_Vset4_Aset1_2023-06-25_15h20.06.953.csv,2,15,0,1,b,1,0,2,aud,A,63,1,0A,1A,1,0,b,2.288641799998,1,0,1,1,0A,1A,A01,2.30258509299405,0.595890306824781,0.5,0.5,0.5,0.5,0.573796558808303,0.5,0.5,0.474080748908663,0.5,0.550494887028402,0.5,0.5,0.5,0.5,0.595890306824781,0.543749956646032,0.456250043353968,0.595890306824781,0.5,0.235792484109293,0.916196914582978,0.404109693175219,0.020948441211703,CBCsimpleRW,CBCdriftDiffusionLR,0.5,0.0518385021826733,0.674514910296697,10.6101364638272,2.58089833865555,0.5,52.2151404234761
CBC_1016,CBC_1016_MSI_AV_v3_Vset4_Aset1_2023-06-25_15h20.06.953.csv,2,16,1,3,b,1,0,1,aud,B,27,1,1B,3B,1,0,b,1.2178795999971,1,0,1,1,1B,3B,B13,3.43398720448515,0.616838748036484,0.5,0.5,0.5,0.5,0.573796558808303,0.5,0.5,0.474080748908663,0.5,0.550494887028402,0.5,0.5,0.5,0.5,0.595890306824781,0.534362448921517,0.465637551078483,0.573796558808303,0.5,0.616006935111459,0.867948504824862,0.426203441191697,0.0220937480164787,CBCsimpleRW,CBCdriftDiffusionLR,0.5,0.0518385021826733,0.674514910296697,10.6101364638272,2.58089833865555,0.5,52.2151404234761
CBC_1016,CBC_1016_MSI_AV_v3_Vset4_Aset1_2023-06-25_15h20.06.953.csv,2,17,3,2,z,0,1,3,aud,C,63,1,3C,2C,0,1,b,2.64043820000006,1,0,0,0,3C,2C,C32,3.46573590279973,0.616838748036484,0.5,0.5,0.5,0.5,0.595890306824781,0.5,0.5,0.474080748908663,0.5,0.550494887028402,0.5,0.5,0.5,0.5,0.595890306824781,0.475966143361611,0.524033856638389,0.5,0.550494887028402,0.0439343797618847,0.210833934988783,-0.5,-0.0259192510913366,CBCsimpleRW,CBCdriftDiffusionLR,0.5,0.0518385021826733,0.674514910296697,10.6101364638272,2.58089833865555,0.5,52.2151404234761
CBC_1016,CBC_1016_MSI_AV_v3_Vset4_Aset1_2023-06-25_15h20.06.953.csv,2,18,2,3,z,0,1,0,aud,D,63,0,2D,3D,1,0,z,1.43723390000014,0,1,1,0,3D,2D,D23,2.11021320034659,0.616838748036484,0.5,0.5,0.5,0.5,0.595890306824781,0.5,0.5,0.474080748908663,0.5,0.550494887028402,0.474080748908663,0.5,0.5,0.5,0.595890306824781,0.543749956646032,0.456250043353968,0.595890306824781,0.5,0.61828483643139,0.916407031042715,-0.595890306824781,-0.0308900609709703,CBCsimpleRW,CBCdriftDiffusionLR,0.5,0.0518385021826733,0.674514910296697,10.6101364638272,2.58089833865555,0.5,52.2151404234761
CBC_1016,CBC_1016_MSI_AV_v3_Vset4_Aset1_2023-06-25_15h20.06.953.csv,2,19,1,0,b,1,0,1,aud,B,63,1,1B,0B,1,0,b,1.20338799999809,1,0,1,1,1B,0B,B10,2.83321334405622,0.616838748036484,0.5,0.5,0.5,0.5,0.595890306824781,0.5,0.5,0.474080748908663,0.5,0.550494887028402,0.474080748908663,0.5,0.5,0.5,0.565000245853811,0.543749956646032,0.456250043353968,0.595890306824781,0.5,0.731499735133409,0.916531908288299,0.404109693175219,0.020948441211703,CBCsimpleRW,CBCdriftDiffusionLR,0.5,0.0518385021826733,0.674514910296697,10.6101364638272,2.58089833865555,0.5,52.2151404234761
CBC_1016,CBC_1016_MSI_AV_v3_Vset4_Aset1_2023-06-25_15h20.06.953.csv,2,20,2,0,z,0,1,2,aud,A,27,1,2A,0A,0,1,z,2.16489969999748,0,1,1,1,0A,2A,A20,3.55534806148941,0.616838748036484,0.5,0.5,0.5,0.5,0.616838748036484,0.5,0.5,0.474080748908663,0.5,0.550494887028402,0.474080748908663,0.5,0.5,0.5,0.565000245853811,0.552307796556082,0.447692203443918,0.616838748036484,0.5,0.261357775111604,0.946072642685996,0.383161251963516,0.0198625053962265,CBCsimpleRW,CBCdriftDiffusionLR,0.5,0.0518385021826733,0.674514910296697,10.6101364638272,2.58089833865555,0.5,52.2151404234761
CBC_1016,CBC_1016_MSI_AV_v3_Vset4_Aset1_2023-06-25_15h20.06.953.csv,2,21,0,3,z,0,1,0,aud,D,9,1,0D,3D,0,1,z,2.61754909999945,0,1,1,1,3D,0D,D03,3.58351893845611,0.636701253432711,0.5,0.5,0.5,0.5,0.616838748036484,0.5,0.5,0.474080748908663,0.5,0.550494887028402,0.474080748908663,0.5,0.5,0.5,0.565000245853811,0.530516540304505,0.469483459695495,0.565000245853811,0.5,0.171562889472186,0.841808444993278,0.434999754146189,0.0225497357047695,CBCsimpleRW,CBCdriftDiffusionLR,0.5,0.0518385021826733,0.674514910296697,10.6101364638272,2.58089833865555,0.5,52.2151404234761
CBC_1016,CBC_1016_MSI_AV_v3_Vset4_Aset1_2023-06-25_15h20.06.953.csv,2,22,2,3,b,1,0,3,aud,C,63,1,2C,3C,1,0,b,2.17692729999908,1,0,1,1,2C,3C,C23,2.91777073208428,0.636701253432711,0.5,0.5,0.5,0.5,0.616838748036484,0.5,0.5,0.474080748908663,0.5,0.550494887028402,0.474080748908663,0.5,0.5,0.5,0.587549981558581,0.537290628158384,0.462709371841616,0.550494887028402,0.474080748908663,0.268661671368042,0.885024815629914,0.449505112971598,0.023301671779901,CBCsimpleRW,CBCdriftDiffusionLR,0.5,0.0518385021826733,0.674514910296697,10.6101364638272,2.58089833865555,0.5,52.2151404234761
CBC_1016,CBC_1016_MSI_AV_v3_Vset4_Aset1_2023-06-25_15h20.06.953.csv,2,23,3,1,z,0,1,1,aud,B,27,1,3B,1B,0,1,z,0.92448080000031,0,1,1,1,1B,3B,B31,3.63758615972639,0.636701253432711,0.5,0.5,0.5,0.5,0.616838748036484,0.5,0.5,0.474080748908663,0.5,0.573796558808303,0.474080748908663,0.5,0.5,0.5,0.587549981558581,0.552307796556082,0.447692203443918,0.616838748036484,0.5,0.528259407115519,0.945909312052197,0.383161251963516,0.0198625053962265,CBCsimpleRW,CBCdriftDiffusionLR,0.5,0.0518385021826733,0.674514910296697,10.6101364638272,2.58089833865555,0.5,52.2151404234761
CBC_1016,CBC_1016_MSI_AV_v3_Vset4_Aset1_2023-06-25_15h20.06.953.csv,2,24,3,2,z,0,1,3,aud,C,63,1,3C,2C,0,1,b,2.52253890000065,1,0,0,0,3C,2C,C32,2.9704144655697,0.636701253432711,0.5,0.5,0.5,0.5,0.636701253432711,0.5,0.5,0.474080748908663,0.5,0.573796558808303,0.474080748908663,0.5,0.5,0.5,0.587549981558581,0.452420092903389,0.547579907096611,0.474080748908663,0.573796558808303,0.0127405188965713,0.0689002553354019,-0.474080748908663,-0.0245756359370651,CBCsimpleRW,CBCdriftDiffusionLR,0.5,0.0518385021826733,0.674514910296697,10.6101364638272,2.58089833865555,0.5,52.2151404234761
CBC_1016,CBC_1016_MSI_AV_v3_Vset4_Aset1_2023-06-25_15h20.06.953.csv,2,25,2,3,z,0,1,0,aud,D,63,1,2D,3D,0,1,z,2.13106340000013,0,1,1,1,3D,2D,D23,2.07944154167984,0.636701253432711,0.5,0.5,0.5,0.5,0.636701253432711,0.5,0.5,0.474080748908663,0.5,0.573796558808303,0.449505112971598,0.5,0.5,0.5,0.587549981558581,0.540251015145581,0.459748984854419,0.587549981558581,0.5,0.283568115324989,0.900389028762599,0.412450018441419,0.0213807911812191,CBCsimpleRW,CBCdriftDiffusionLR,0.5,0.0518385021826733,0.674514910296697,10.6101364638272,2.58089833865555,0.5,52.2151404234761
CBC_1016,CBC_1016_MSI_AV_v3_Vset4_Aset1_2023-06-25_15h20.06.953.csv,2,26,1,0,b,1,0,1,aud,B,63,1,1B,0B,1,0,b,2.50460949999979,1,0,1,1,1B,0B,B10,2.6149597780362,0.636701253432711,0.5,0.5,0.5,0.5,0.636701253432711,0.5,0.5,0.474080748908663,0.5,0.573796558808303,0.449505112971598,0.5,0.5,0.5,0.6089307727398,0.560130686501791,0.439869313498209,0.636701253432711,0.5,0.142278997134601,0.96413579817658,0.363298746567289,0.0188328628668909,CBCsimpleRW,CBCdriftDiffusionLR,0.5,0.0518385021826733,0.674514910296697,10.6101364638272,2.58089833865555,0.5,52.2151404234761
CBC_1016,CBC_1016_MSI_AV_v3_Vset4_Aset1_2023-06-25_15h20.06.953.csv,2,27,0,3,b,1,0,2,aud,A,9,1,0A,3A,1,0,b,1.38089369999943,1,0,1,1,0A,3A,A03,3.73766961828337,0.636701253432711,0.5,0.5,0.5,0.5,0.655534116299602,0.5,0.5,0.474080748908663,0.5,0.573796558808303,0.449505112971598,0.5,0.5,0.5,0.6089307727398,0.560130686501791,0.439869313498209,0.636701253432711,0.5,0.779261799126478,0.964320731557346,0.363298746567289,0.0188328628668909,CBCsimpleRW,CBCdriftDiffusionLR,0.5,0.0518385021826733,0.674514910296697,10.6101364638272,2.58089833865555,0.5,52.2151404234761
CBC_1016,CBC_1016_MSI_AV_v3_Vset4_Aset1_2023-06-25_15h20.06.953.csv,2,28,2,3,z,0,1,0,aud,D,63,1,2D,3D,0,1,b,1.89886770000157,1,0,0,0,2D,3D,D23,1.96944064646551,0.655534116299602,0.5,0.5,0.5,0.5,0.655534116299602,0.5,0.5,0.474080748908663,0.5,0.573796558808303,0.449505112971598,0.5,0.5,0.5,0.6089307727398,0.450884773234912,0.549115226765088,0.5,0.6089307727398,0.0254403606149839,0.0635259195928937,-0.5,-0.0259192510913366,CBCsimpleRW,CBCdriftDiffusionLR,0.5,0.0518385021826733,0.674514910296697,10.6101364638272,2.58089833865555,0.5,52.2151404234761
CBC_1016,CBC_1016_MSI_AV_v3_Vset4_Aset1_2023-06-25_15h20.06.953.csv,2,29,2,0,b,1,0,3,aud,C,27,1,2C,0C,1,0,b,1.7141632999992,1,0,1,1,2C,0C,C20,2.68557734525015,0.655534116299602,0.5,0.5,0.5,0.5,0.655534116299602,0.5,0.5,0.474080748908663,0.5,0.573796558808303,0.449505112971598,0.5,0.5,0.474080748908663,0.6089307727398,0.547579907096611,0.452420092903389,0.573796558808303,0.474080748908663,0.470130359963656,0.931487330433636,0.426203441191697,0.0220937480164787,CBCsimpleRW,CBCdriftDiffusionLR,0.5,0.0518385021826733,0.674514910296697,10.6101364638272,2.58089833865555,0.5,52.2151404234761
CBC_1016,CBC_1016_MSI_AV_v3_Vset4_Aset1_2023-06-25_15h20.06.953.csv,2,30,1,0,z,0,1,2,aud,A,63,1,1A,0A,0,1,z,1.6246080000019,0,1,1,1,0A,1A,A10,3.11351530921037,0.655534116299602,0.5,0.5,0.5,0.5,0.655534116299602,0.5,0.5,0.474080748908663,0.5,0.595890306824781,0.449505112971598,0.5,0.5,0.474080748908663,0.6089307727398,0.567299664330843,0.432700335669157,0.655534116299602,0.5,0.553094802308876,0.975574937997582,0.344465883700398,0.0178565954640596,CBCsimpleRW,CBCdriftDiffusionLR,0.5,0.0518385021826733,0.674514910296697,10.6101364638272,2.58089833865555,0.5,52.2151404234761
CBC_1016,CBC_1016_MSI_AV_v3_Vset4_Aset1_2023-06-25_15h20.06.953.csv,2,31,1,0,b,1,0,1,aud,B,63,1,1B,0B,1,0,b,1.02075359999799,1,0,1,1,1B,0B,B10,2.4423470353692,0.673390711763661,0.5,0.5,0.5,0.5,0.655534116299602,0.5,0.5,0.474080748908663,0.5,0.595890306824781,0.449505112971598,0.5,0.5,0.474080748908663,0.6089307727398,0.567299664330843,0.432700335669157,0.655534116299602,0.5,1.01279437371857,0.975589034524812,0.344465883700398,0.0178565954640596,CBCsimpleRW,CBCdriftDiffusionLR,0.5,0.0518385021826733,0.674514910296697,10.6101364638272,2.58089833865555,0.5,52.2151404234761
CBC_1016,CBC_1016_MSI_AV_v3_Vset4_Aset1_2023-06-25_15h20.06.953.csv,2,32,3,1,b,1,0,0,aud,D,27,1,3D,1D,1,0,b,1.69743889999882,1,0,1,1,3D,1D,D31,3.85014760171006,0.673390711763661,0.5,0.5,0.5,0.5,0.673390711763661,0.5,0.5,0.474080748908663,0.5,0.595890306824781,0.449505112971598,0.5,0.5,0.474080748908663,0.6089307727398,0.549115226765088,0.450884773234912,0.6089307727398,0.5,0.483433225848693,0.936543169575102,0.3910692272602,0.0202724429909042,CBCsimpleRW,CBCdriftDiffusionLR,0.5,0.0518385021826733,0.674514910296697,10.6101364638272,2.58089833865555,0.5,52.2151404234761
CBC_1016,CBC_1016_MSI_AV_v3_Vset4_Aset1_2023-06-25_15h20.06.953.csv,2,33,3,2,z,0,1,3,aud,C,63,1,3C,2C,0,1,z,1.67789210000046,0,1,1,1,2C,3C,C32,2.77258872223978,0.673390711763661,0.5,0.5,0.5,0.5,0.673390711763661,0.5,0.5,0.474080748908663,0.5,0.595890306824781,0.449505112971598,0.5,0.5,0.474080748908663,0.629203215730704,0.570014269759139,0.429985730240862,0.595890306824781,0.449505112971598,0.500273263543913,0.978756550794767,0.404109693175219,0.020948441211703,CBCsimpleRW,CBCdriftDiffusionLR,0.5,0.0518385021826733,0.674514910296697,10.6101364638272,2.58089833865555,0.5,52.2151404234761
CBC_1016,CBC_1016_MSI_AV_v3_Vset4_Aset1_2023-06-25_15h20.06.953.csv,2,34,1,0,b,1,0,1,aud,B,63,1,1B,0B,1,0,b,1.47573620000185,1,0,1,1,1B,0B,B10,2.28238238567653,0.673390711763661,0.5,0.5,0.5,0.5,0.673390711763661,0.5,0.5,0.474080748908663,0.5,0.616838748036484,0.449505112971598,0.5,0.5,0.474080748908663,0.629203215730704,0.573884474295457,0.426115525704543,0.673390711763661,0.5,0.716777148962112,0.982814668795656,0.326609288236339,0.0169309363011208,CBCsimpleRW,CBCdriftDiffusionLR,0.5,0.0518385021826733,0.674514910296697,10.6101364638272,2.58089833865555,0.5,52.2151404234761
CBC_1016,CBC_1016_MSI_AV_v3_Vset4_Aset1_2023-06-25_15h20.06.953.csv,2,35,0,1,b,1,0,2,aud,A,63,1,0A,1A,1,0,b,1.51679510000031,1,0,1,1,0A,1A,A01,2.52572864430826,0.673390711763661,0.5,0.5,0.5,0.5,0.690321648064782,0.5,0.5,0.474080748908663,0.5,0.616838748036484,0.449505112971598,0.5,0.5,0.474080748908663,0.629203215730704,0.573884474295457,0.426115525704543,0.673390711763661,0.5,0.664883258005474,0.982841140501518,0.326609288236339,0.0169309363011208,CBCsimpleRW,CBCdriftDiffusionLR,0.5,0.0518385021826733,0.674514910296697,10.6101364638272,2.58089833865555,0.5,52.2151404234761
CBC_1016,CBC_1016_MSI_AV_v3_Vset4_Aset1_2023-06-25_15h20.06.953.csv,2,36,1,2,z,0,1,3,aud,C,9,1,1C,2C,0,1,z,1.2162533999981,0,1,1,1,2C,1C,C12,3.93182563272433,0.690321648064782,0.5,0.5,0.5,0.5,0.690321648064782,0.5,0.5,0.474080748908663,0.5,0.616838748036484,0.449505112971598,0.5,0.5,0.474080748908663,0.629203215730704,0.552307796556082,0.447692203443918,0.616838748036484,0.5,0.83293853999135,0.9460797835344,0.383161251963516,0.0198625053962265,CBCsimpleRW,CBCdriftDiffusionLR,0.5,0.0518385021826733,0.674514910296697,10.6101364638272,2.58089833865555,0.5,52.2151404234761
CBC_1016,CBC_1016_MSI_AV_v3_Vset4_Aset1_2023-06-25_15h20.06.953.csv,2,37,1,0,z,0,1,2,aud,A,63,1,1A,0A,0,1,z,1.7287404000017,0,1,1,1,0A,1A,A10,2.85263142991332,0.690321648064782,0.5,0.5,0.5,0.5,0.690321648064782,0.5,0.5,0.474080748908663,0.5,0.636701253432711,0.449505112971598,0.5,0.5,0.474080748908663,0.629203215730704,0.579945470358456,0.420054529641544,0.690321648064782,0.5,0.420335730798398,0.987641287202839,0.309678351935218,0.0160532619227204,CBCsimpleRW,CBCdriftDiffusionLR,0.5,0.0518385021826733,0.674514910296697,10.6101364638272,2.58089833865555,0.5,52.2151404234761
CBC_1016,CBC_1016_MSI_AV_v3_Vset4_Aset1_2023-06-25_15h20.06.953.csv,2,38,3,1,b,1,0,0,aud,D,27,1,3D,1D,1,0,b,1.07411019999927,1,0,1,1,3D,1D,D31,3.27714473299218,0.706374909987503,0.5,0.5,0.5,0.5,0.690321648064782,0.5,0.5,0.474080748908663,0.5,0.636701253432711,0.449505112971598,0.5,0.5,0.474080748908663,0.629203215730704,0.557209904262935,0.442790095737065,0.629203215730704,0.5,0.905344981271087,0.958253890084499,0.370796784269296,0.0192215499106721,CBCsimpleRW,CBCdriftDiffusionLR,0.5,0.0518385021826733,0.674514910296697,10.6101364638272,2.58089833865555,0.5,52.2151404234761
CBC_1016,CBC_1016_MSI_AV_v3_Vset4_Aset1_2023-06-25_15h20.06.953.csv,2,39,0,1,z,0,1,1,aud,B,63,1,0B,1B,0,1,z,0.830896499999653,0,1,1,1,1B,0B,B01,3.29583686600433,0.706374909987503,0.5,0.5,0.5,0.5,0.690321648064782,0.5,0.5,0.474080748908663,0.5,0.636701253432711,0.449505112971598,0.5,0.5,0.474080748908663,0.648424765641376,0.579945470358456,0.420054529641544,0.690321648064782,0.5,0.289086347991612,0.987607287957963,0.309678351935218,0.0160532619227204,CBCsimpleRW,CBCdriftDiffusionLR,0.5,0.0518385021826733,0.674514910296697,10.6101364638272,2.58089833865555,0.5,52.2151404234761
CBC_1016,CBC_1016_MSI_AV_v3_Vset4_Aset1_2023-06-25_15h20.06.953.csv,2,40,2,3,b,1,0,3,aud,C,63,0,2C,3C,0,1,b,1.30928169999606,1,0,1,0,2C,3C,C23,2.90872089656436,0.706374909987503,0.5,0.5,0.5,0.5,0.706374909987503,0.5,0.5,0.474080748908663,0.5,0.636701253432711,0.449505112971598,0.5,0.5,0.474080748908663,0.648424765641376,0.586169694015324,0.413830305984676,0.636701253432711,0.449505112971598,1.00458380748913,0.991178131420227,-0.636701253432711,-0.0330056393157824,CBCsimpleRW,CBCdriftDiffusionLR,0.5,0.0518385021826733,0.674514910296697,10.6101364638272,2.58089833865555,0.5,52.2151404234761
CBC_1016,CBC_1016_MSI_AV_v3_Vset4_Aset1_2023-06-25_15h20.06.953.csv,2,41,2,0,z,0,1,2,aud,A,27,1,2A,0A,0,1,z,1.64133349999975,0,1,1,1,0A,2A,A20,3.3322045101752,0.706374909987503,0.5,0.5,0.5,0.5,0.706374909987503,0.5,0.5,0.474080748908663,0.5,0.603695614116929,0.449505112971598,0.5,0.5,0.474080748908663,0.648424765641376,0.585535146776901,0.414464853223099,0.706374909987503,0.5,0.482999634894093,0.990838040272108,0.293625090012497,0.0152210848695005,CBCsimpleRW,CBCdriftDiffusionLR,0.5,0.0518385021826733,0.674514910296697,10.6101364638272,2.58089833865555,0.5,52.2151404234761
CBC_1016,CBC_1016_MSI_AV_v3_Vset4_Aset1_2023-06-25_15h20.06.953.csv,2,42,3,2,b,1,0,0,aud,D,63,1,3D,2D,1,0,b,1.56244069999957,1,0,1,1,3D,2D,D32,4.04305126783455,0.721595994857003,0.5,0.5,0.5,0.5,0.706374909987503,0.5,0.5,0.474080748908663,0.5,0.603695614116929,0.449505112971598,0.5,0.5,0.474080748908663,0.648424765641376,0.577658423265118,0.422341576734882,0.648424765641376,0.474080748908663,0.604005598032403,0.985991007449138,0.351575234358624,0.0182251335536734,CBCsimpleRW,CBCdriftDiffusionLR,0.5,0.0518385021826733,0.674514910296697,10.6101364638272,2.58089833865555,0.5,52.2151404234761
CBC_1016,CBC_1016_MSI_AV_v3_Vset4_Aset1_2023-06-25_15h20.06.953.csv,2,43,3,1,z,0,1,1,aud,B,27,1,3B,1B,0,1,z,0.919422999999369,0,1,1,1,1B,3B,B31,3.36729582998647,0.721595994857003,0.5,0.5,0.5,0.5,0.706374909987503,0.5,0.5,0.474080748908663,0.5,0.603695614116929,0.449505112971598,0.5,0.5,0.474080748908663,0.66664989919505,0.585535146776901,0.414464853223099,0.706374909987503,0.5,0.986366630757475,0.990870584480773,0.293625090012497,0.0152210848695005,CBCsimpleRW,CBCdriftDiffusionLR,0.5,0.0518385021826733,0.674514910296697,10.6101364638272,2.58089833865555,0.5,52.2151404234761
CBC_1016,CBC_1016_MSI_AV_v3_Vset4_Aset1_2023-06-25_15h20.06.953.csv,2,44,2,3,b,1,0,3,aud,C,63,1,2C,3C,1,0,b,1.94168569999965,1,0,1,1,2C,3C,C23,2.69124308278583,0.721595994857003,0.5,0.5,0.5,0.5,0.721595994857003,0.5,0.5,0.474080748908663,0.5,0.603695614116929,0.449505112971598,0.5,0.5,0.474080748908663,0.66664989919505,0.573200908990813,0.426799091009187,0.603695614116929,0.449505112971598,0.29620874364315,0.982203819246053,0.396304385883071,0.0205438257726026,CBCsimpleRW,CBCdriftDiffusionLR,0.5,0.0518385021826733,0.674514910296697,10.6101364638272,2.58089833865555,0.5,52.2151404234761
CBC_1016,CBC_1016_MSI_TV_v3_Vset3_Tset2_2023-06-25_16h33.10.466.csv,3,1,1,3,b,1,0,1,tac,B,27,1,1B,3B,1,0,z,1.32172530000025,0,1,0,0,3B,1B,B13,2.77258872223978,0.5,0.5,0.5,0.5,0.5,0.5,0.5,0.5,0.5,0.5,0.5,0.5,0.5,0.5,0.5,0.5,0.5,0.5,0.5,0.5,0.31611206658761,0.500068698487963,-0.5,-0.0285481705408214,CBCsimpleRW,CBCdriftDiffusionLR,0.5,0.0570963410816427,0.88988146268136,3.80407475504028,2.40762814299786,0.5,73.8942822339787
CBC_1016,CBC_1016_MSI_TV_v3_Vset3_Tset2_2023-06-25_16h33.10.466.csv,3,2,3,2,z,0,1,3,tac,C,63,1,3C,2C,0,1,z,1.68228909999743,0,1,1,1,2C,3C,C32,2.83321334405622,0.5,0.5,0.5,0.5,0.5,0.5,0.5,0.471451829459179,0.5,0.5,0.5,0.5,0.5,0.5,0.5,0.5,0.5,0.5,0.5,0.5,0.272221766331678,0.499846343321841,0.5,0.0285481705408214,CBCsimpleRW,CBCdriftDiffusionLR,0.5,0.0570963410816427,0.88988146268136,3.80407475504028,2.40762814299786,0.5,73.8942822339787
CBC_1016,CBC_1016_MSI_TV_v3_Vset3_Tset2_2023-06-25_16h33.10.466.csv,3,3,3,2,b,1,0,0,tac,D,63,1,3D,2D,1,0,b,1.0271576999985,1,0,1,1,3D,2D,D32,2.89037175789616,0.5,0.5,0.5,0.5,0.5,0.5,0.5,0.471451829459179,0.5,0.5,0.528548170540821,0.5,0.5,0.5,0.5,0.5,0.5,0.5,0.5,0.5,0.0482031300485894,0.500382468689727,0.5,0.0285481705408214,CBCsimpleRW,CBCdriftDiffusionLR,0.5,0.0570963410816427,0.88988146268136,3.80407475504028,2.40762814299786,0.5,73.8942822339787
CBC_1016,CBC_1016_MSI_TV_v3_Vset3_Tset2_2023-06-25_16h33.10.466.csv,3,4,0,1,z,0,1,1,tac,B,63,1,0B,1B,0,1,z,2.25734360000206,0,1,1,1,1B,0B,B01,2.94443897916644,0.5,0.5,0.5,0.5,0.5,0.5,0.5,0.471451829459179,0.5,0.5,0.528548170540821,0.5,0.5,0.5,0.5,0.528548170540821,0.5,0.5,0.5,0.5,0.169406657536376,0.500757828827693,0.5,0.0285481705408214,CBCsimpleRW,CBCdriftDiffusionLR,0.5,0.0570963410816427,0.88988146268136,3.80407475504028,2.40762814299786,0.5,73.8942822339787
CBC_1016,CBC_1016_MSI_TV_v3_Vset3_Tset2_2023-06-25_16h33.10.466.csv,3,5,0,3,b,1,0,2,tac,A,9,1,0A,3A,1,0,z,2.43346450000172,0,1,0,0,3A,0A,A03,2.99573227355399,0.5,0.5,0.5,0.5,0.5,0.528548170540821,0.5,0.471451829459179,0.5,0.5,0.528548170540821,0.5,0.5,0.5,0.5,0.528548170540821,0.5,0.5,0.5,0.5,0.145495147083085,0.499550544995321,-0.5,-0.0285481705408214,CBCsimpleRW,CBCdriftDiffusionLR,0.5,0.0570963410816427,0.88988146268136,3.80407475504028,2.40762814299786,0.5,73.8942822339787
CBC_1016,CBC_1016_MSI_TV_v3_Vset3_Tset2_2023-06-25_16h33.10.466.csv,3,6,3,2,b,1,0,0,tac,D,63,1,3D,2D,1,0,b,1.60803919999671,1,0,1,1,3D,2D,D32,2.35137525716348,0.5,0.5,0.5,0.471451829459179,0.5,0.528548170540821,0.5,0.471451829459179,0.5,0.5,0.528548170540821,0.5,0.5,0.5,0.5,0.528548170540821,0.513877896708431,0.48612210329157,0.528548170540821,0.5,0.325045739485783,0.563127952692321,0.471451829459179,0.0269181744583657,CBCsimpleRW,CBCdriftDiffusionLR,0.5,0.0570963410816427,0.88988146268136,3.80407475504028,2.40762814299786,0.5,73.8942822339787
CBC_1016,CBC_1016_MSI_TV_v3_Vset3_Tset2_2023-06-25_16h33.10.466.csv,3,7,0,2,z,0,1,3,tac,C,27,1,0C,2C,0,1,z,1.9523208999999,0,1,1,1,2C,0C,C02,3.09104245335832,0.5,0.5,0.5,0.471451829459179,0.5,0.528548170540821,0.5,0.471451829459179,0.5,0.5,0.528548170540821,0.5,0.5,0.5,0.5,0.555466344999187,0.513877896708431,0.48612210329157,0.528548170540821,0.5,0.246868193063135,0.562727579775029,0.471451829459179,0.0269181744583657,CBCsimpleRW,CBCdriftDiffusionLR,0.5,0.0570963410816427,0.88988146268136,3.80407475504028,2.40762814299786,0.5,73.8942822339787
CBC_1016,CBC_1016_MSI_TV_v3_Vset3_Tset2_2023-06-25_16h33.10.466.csv,3,8,0,1,b,1,0,2,tac,A,63,1,0A,1A,1,0,b,2.15419789999942,1,0,1,1,0A,1A,A01,3.13549421592915,0.5,0.5,0.5,0.471451829459179,0.5,0.528548170540821,0.5,0.471451829459179,0.5,0.5,0.555466344999187,0.5,0.5,0.5,0.5,0.555466344999187,0.5,0.5,0.5,0.5,0.184670693056762,0.500126494934208,0.5,0.0285481705408214,CBCsimpleRW,CBCdriftDiffusionLR,0.5,0.0570963410816427,0.88988146268136,3.80407475504028,2.40762814299786,0.5,73.8942822339787
CBC_1016,CBC_1016_MSI_TV_v3_Vset3_Tset2_2023-06-25_16h33.10.466.csv,3,9,1,0,b,1,0,1,tac,B,63,1,1B,0B,1,0,b,3.35097250000035,1,0,1,1,1B,0B,B10,3.17805383034795,0.528548170540821,0.5,0.5,0.471451829459179,0.5,0.528548170540821,0.5,0.471451829459179,0.5,0.5,0.555466344999187,0.5,0.5,0.5,0.5,0.555466344999187,0.513877896708431,0.48612210329157,0.528548170540821,0.5,0.0746500655243722,0.56283049873073,0.471451829459179,0.0269181744583657,CBCsimpleRW,CBCdriftDiffusionLR,0.5,0.0570963410816427,0.88988146268136,3.80407475504028,2.40762814299786,0.5,73.8942822339787
CBC_1016,CBC_1016_MSI_TV_v3_Vset3_Tset2_2023-06-25_16h33.10.466.csv,3,10,1,3,z,0,1,0,tac,D,27,1,1D,3D,0,1,b,3.19569880000199,1,0,0,0,1D,3D,D13,3.2188758248682,0.528548170540821,0.5,0.5,0.471451829459179,0.5,0.555466344999187,0.5,0.471451829459179,0.5,0.5,0.555466344999187,0.5,0.5,0.5,0.5,0.555466344999187,0.473724247456119,0.526275752543881,0.5,0.555466344999187,0.0570219629493724,0.381242384716125,-0.5,-0.0285481705408214,CBCsimpleRW,CBCdriftDiffusionLR,0.5,0.0570963410816427,0.88988146268136,3.80407475504028,2.40762814299786,0.5,73.8942822339787
CBC_1016,CBC_1016_MSI_TV_v3_Vset3_Tset2_2023-06-25_16h33.10.466.csv,3,11,3,2,z,0,1,3,tac,C,63,1,3C,2C,0,1,z,2.15608829999837,0,1,1,1,2C,3C,C32,2.56494935746154,0.528548170540821,0.5,0.5,0.471451829459179,0.5,0.555466344999187,0.5,0.471451829459179,0.5,0.5,0.555466344999187,0.5,0.5,0.471451829459179,0.5,0.555466344999187,0.526275752543881,0.473724247456119,0.555466344999187,0.5,0.228704540233282,0.618271523642611,0.444533655000813,0.0253812451881957,CBCsimpleRW,CBCdriftDiffusionLR,0.5,0.0570963410816427,0.88988146268136,3.80407475504028,2.40762814299786,0.5,73.8942822339787
CBC_1016,CBC_1016_MSI_TV_v3_Vset3_Tset2_2023-06-25_16h33.10.466.csv,3,12,1,0,b,1,0,1,tac,B,63,1,1B,0B,1,0,z,2.39956979999988,0,1,0,0,0B,1B,B10,2.60268968544438,0.528548170540821,0.5,0.5,0.471451829459179,0.5,0.555466344999187,0.5,0.471451829459179,0.5,0.5,0.580847590187383,0.5,0.5,0.471451829459179,0.5,0.555466344999187,0.473724247456119,0.526275752543881,0.5,0.555466344999187,0.114229354458499,0.381623637671782,-0.5,-0.0285481705408214,CBCsimpleRW,CBCdriftDiffusionLR,0.5,0.0570963410816427,0.88988146268136,3.80407475504028,2.40762814299786,0.5,73.8942822339787
CBC_1016,CBC_1016_MSI_TV_v3_Vset3_Tset2_2023-06-25_16h33.10.466.csv,3,13,0,1,b,1,0,2,tac,A,63,1,0A,1A,1,0,z,2.81628660000206,0,1,0,0,1A,0A,A01,2.63905732961526,0.528548170540821,0.5,0.5,0.471451829459179,0.471451829459179,0.555466344999187,0.5,0.471451829459179,0.5,0.5,0.580847590187383,0.5,0.5,0.471451829459179,0.5,0.555466344999187,0.48612210329157,0.513877896708431,0.5,0.528548170540821,0.0914347047512462,0.436053080529575,-0.5,-0.0285481705408214,CBCsimpleRW,CBCdriftDiffusionLR,0.5,0.0570963410816427,0.88988146268136,3.80407475504028,2.40762814299786,0.5,73.8942822339787
CBC_1016,CBC_1016_MSI_TV_v3_Vset3_Tset2_2023-06-25_16h33.10.466.csv,3,14,1,2,z,0,1,3,tac,C,9,1,1C,2C,0,1,z,2.08858600000167,0,1,1,1,2C,1C,C12,3.36729582998647,0.528548170540821,0.471451829459179,0.5,0.471451829459179,0.471451829459179,0.555466344999187,0.5,0.471451829459179,0.5,0.5,0.580847590187383,0.5,0.5,0.471451829459179,0.5,0.555466344999187,0.537400088098159,0.462599911901841,0.580847590187383,0.5,0.261832220031748,0.6647606032719,0.419152409812617,0.0239320689558537,CBCsimpleRW,CBCdriftDiffusionLR,0.5,0.0570963410816427,0.88988146268136,3.80407475504028,2.40762814299786,0.5,73.8942822339787
CBC_1016,CBC_1016_MSI_TV_v3_Vset3_Tset2_2023-06-25_16h33.10.466.csv,3,15,1,0,z,0,1,2,tac,A,63,1,1A,0A,0,1,z,2.8656482999977,0,1,1,1,0A,1A,A10,3.40119738166216,0.528548170540821,0.471451829459179,0.5,0.471451829459179,0.471451829459179,0.555466344999187,0.5,0.471451829459179,0.5,0.5,0.604779659143237,0.5,0.5,0.471451829459179,0.5,0.555466344999187,0.528548170540821,0.471451829459179,0.528548170540821,0.471451829459179,0.124832551113402,0.627047246920197,0.471451829459179,0.0269181744583657,CBCsimpleRW,CBCdriftDiffusionLR,0.5,0.0570963410816427,0.88988146268136,3.80407475504028,2.40762814299786,0.5,73.8942822339787
CBC_1016,CBC_1016_MSI_TV_v3_Vset3_Tset2_2023-06-25_16h33.10.466.csv,3,16,3,1,b,1,0,0,tac,D,27,1,3D,1D,1,0,b,2.35269060000064,1,0,1,1,3D,1D,D31,3.43398720448515,0.555466344999187,0.471451829459179,0.5,0.471451829459179,0.471451829459179,0.555466344999187,0.5,0.471451829459179,0.5,0.5,0.604779659143237,0.5,0.5,0.471451829459179,0.5,0.555466344999187,0.540906139179161,0.459093860820839,0.555466344999187,0.471451829459179,0.211145279976869,0.678320044617865,0.444533655000813,0.0253812451881957,CBCsimpleRW,CBCdriftDiffusionLR,0.5,0.0570963410816427,0.88988146268136,3.80407475504028,2.40762814299786,0.5,73.8942822339787
CBC_1016,CBC_1016_MSI_TV_v3_Vset3_Tset2_2023-06-25_16h33.10.466.csv,3,17,0,1,z,0,1,1,tac,B,63,1,0B,1B,0,1,b,2.40854229999968,1,0,0,0,0B,1B,B01,2.77258872223978,0.555466344999187,0.471451829459179,0.5,0.471451829459179,0.471451829459179,0.555466344999187,0.5,0.471451829459179,0.5,0.5,0.604779659143237,0.5,0.5,0.471451829459179,0.5,0.580847590187383,0.459093860820839,0.540906139179161,0.471451829459179,0.555466344999187,0.0950489603768622,0.32108192189304,-0.471451829459179,-0.0269181744583657,CBCsimpleRW,CBCdriftDiffusionLR,0.5,0.0570963410816427,0.88988146268136,3.80407475504028,2.40762814299786,0.5,73.8942822339787
CBC_1016,CBC_1016_MSI_TV_v3_Vset3_Tset2_2023-06-25_16h33.10.466.csv,3,18,2,3,b,1,0,3,tac,C,63,0,2C,3C,0,1,b,2.31660499999998,1,0,1,0,2C,3C,C23,3.49650756146648,0.555466344999187,0.471451829459179,0.5,0.471451829459179,0.444533655000813,0.555466344999187,0.5,0.471451829459179,0.5,0.5,0.604779659143237,0.5,0.5,0.471451829459179,0.5,0.580847590187383,0.547421066398205,0.452578933601794,0.604779659143237,0.5,0.226577862960688,0.705334613102252,-0.604779659143237,-0.0345307056976819,CBCsimpleRW,CBCdriftDiffusionLR,0.5,0.0570963410816427,0.88988146268136,3.80407475504028,2.40762814299786,0.5,73.8942822339787
CBC_1016,CBC_1016_MSI_TV_v3_Vset3_Tset2_2023-06-25_16h33.10.466.csv,3,19,2,0,z,0,1,2,tac,A,27,1,2A,0A,0,1,b,2.61403890000292,1,0,0,0,2A,0A,A20,3.52636052461616,0.555466344999187,0.471451829459179,0.5,0.471451829459179,0.444533655000813,0.555466344999187,0.5,0.471451829459179,0.5,0.5,0.570248953445555,0.5,0.5,0.471451829459179,0.5,0.580847590187383,0.473724247456119,0.526275752543881,0.5,0.555466344999187,0.0946153699720475,0.38104601328649,-0.5,-0.0285481705408214,CBCsimpleRW,CBCdriftDiffusionLR,0.5,0.0570963410816427,0.88988146268136,3.80407475504028,2.40762814299786,0.5,73.8942822339787
CBC_1016,CBC_1016_MSI_TV_v3_Vset3_Tset2_2023-06-25_16h33.10.466.csv,3,20,3,2,b,1,0,0,tac,D,63,1,3D,2D,1,0,b,2.836809299999,1,0,1,1,3D,2D,D32,2.4567357728213,0.555466344999187,0.471451829459179,0.471451829459179,0.471451829459179,0.444533655000813,0.555466344999187,0.5,0.471451829459179,0.5,0.5,0.570248953445555,0.5,0.5,0.471451829459179,0.5,0.580847590187383,0.537400088098159,0.462599911901841,0.580847590187383,0.5,0.134357629097909,0.664078963405512,0.419152409812617,0.0239320689558537,CBCsimpleRW,CBCdriftDiffusionLR,0.5,0.0570963410816427,0.88988146268136,3.80407475504028,2.40762814299786,0.5,73.8942822339787
CBC_1016,CBC_1016_MSI_TV_v3_Vset3_Tset2_2023-06-25_16h33.10.466.csv,3,21,3,1,z,0,1,1,tac,B,27,1,3B,1B,0,1,z,3.499053800002,0,1,1,1,1B,3B,B31,3.58351893845611,0.555466344999187,0.471451829459179,0.471451829459179,0.471451829459179,0.444533655000813,0.555466344999187,0.5,0.471451829459179,0.5,0.5,0.570248953445555,0.5,0.5,0.471451829459179,0.5,0.604779659143237,0.540906139179161,0.459093860820839,0.555466344999187,0.471451829459179,0.0753346488832857,0.678597043230687,0.444533655000813,0.0253812451881957,CBCsimpleRW,CBCdriftDiffusionLR,0.5,0.0570963410816427,0.88988146268136,3.80407475504028,2.40762814299786,0.5,73.8942822339787
CBC_1016,CBC_1016_MSI_TV_v3_Vset3_Tset2_2023-06-25_16h33.10.466.csv,3,22,3,2,z,0,1,3,tac,C,63,1,3C,2C,0,1,z,2.34522360000119,0,1,1,1,2C,3C,C32,2.51230562397611,0.555466344999187,0.471451829459179,0.471451829459179,0.471451829459179,0.444533655000813,0.580847590187383,0.5,0.471451829459179,0.5,0.5,0.570248953445555,0.5,0.5,0.471451829459179,0.5,0.604779659143237,0.532818977873978,0.467181022126022,0.570248953445555,0.5,0.202605864566777,0.645891112239975,0.429751046554445,0.0245372123342655,CBCsimpleRW,CBCdriftDiffusionLR,0.5,0.0570963410816427,0.88988146268136,3.80407475504028,2.40762814299786,0.5,73.8942822339787
CBC_1016,CBC_1016_MSI_TV_v3_Vset3_Tset2_2023-06-25_16h33.10.466.csv,3,23,0,1,b,1,0,2,tac,A,63,1,0A,1A,1,0,z,3.02400179999677,0,1,0,0,1A,0A,A01,2.53897387105828,0.555466344999187,0.471451829459179,0.471451829459179,0.471451829459179,0.444533655000813,0.580847590187383,0.5,0.471451829459179,0.5,0.5,0.59478616577982,0.5,0.5,0.471451829459179,0.5,0.604779659143237,0.459093860820839,0.540906139179161,0.471451829459179,0.555466344999187,0.054679539158301,0.321284166755589,-0.471451829459179,-0.0269181744583657,CBCsimpleRW,CBCdriftDiffusionLR,0.5,0.0570963410816427,0.88988146268136,3.80407475504028,2.40762814299786,0.5,73.8942822339787
CBC_1016,CBC_1016_MSI_TV_v3_Vset3_Tset2_2023-06-25_16h33.10.466.csv,3,24,2,1,z,0,1,1,tac,B,9,1,2B,1B,0,1,z,1.60966340000232,0,1,1,1,1B,2B,B21,3.66356164612965,0.555466344999187,0.444533655000813,0.471451829459179,0.471451829459179,0.444533655000813,0.580847590187383,0.5,0.471451829459179,0.5,0.5,0.59478616577982,0.5,0.5,0.471451829459179,0.5,0.604779659143237,0.537400088098159,0.462599911901841,0.580847590187383,0.5,0.392925432833649,0.665045029559098,0.419152409812617,0.0239320689558537,CBCsimpleRW,CBCdriftDiffusionLR,0.5,0.0570963410816427,0.88988146268136,3.80407475504028,2.40762814299786,0.5,73.8942822339787
CBC_1016,CBC_1016_MSI_TV_v3_Vset3_Tset2_2023-06-25_16h33.10.466.csv,3,25,2,3,b,1,0,3,tac,C,63,1,2C,3C,1,0,b,2.18306149999989,1,0,1,1,2C,3C,C23,2.99573227355399,0.555466344999187,0.444533655000813,0.471451829459179,0.471451829459179,0.444533655000813,0.604779659143237,0.5,0.471451829459179,0.5,0.5,0.59478616577982,0.5,0.5,0.471451829459179,0.5,0.604779659143237,0.543289807974648,0.456710192025352,0.59478616577982,0.5,0.249688029146042,0.688482075710112,0.40521383422018,0.0231362272896356,CBCsimpleRW,CBCdriftDiffusionLR,0.5,0.0570963410816427,0.88988146268136,3.80407475504028,2.40762814299786,0.5,73.8942822339787
CBC_1016,CBC_1016_MSI_TV_v3_Vset3_Tset2_2023-06-25_16h33.10.466.csv,3,26,2,3,z,0,1,0,tac,D,63,1,2D,3D,0,1,z,1.63630530000228,0,1,1,1,3D,2D,D23,3.71357206670431,0.555466344999187,0.444533655000813,0.471451829459179,0.471451829459179,0.444533655000813,0.604779659143237,0.5,0.471451829459179,0.5,0.5,0.617922393069456,0.5,0.5,0.471451829459179,0.5,0.604779659143237,0.547421066398205,0.452578933601794,0.604779659143237,0.5,0.414148616353082,0.704191258430906,0.395220340856763,0.0225656353839609,CBCsimpleRW,CBCdriftDiffusionLR,0.5,0.0570963410816427,0.88988146268136,3.80407475504028,2.40762814299786,0.5,73.8942822339787
CBC_1016,CBC_1016_MSI_TV_v3_Vset3_Tset2_2023-06-25_16h33.10.466.csv,3,27,0,1,z,0,1,1,tac,B,63,1,0B,1B,0,1,z,2.62918889999855,0,1,1,1,1B,0B,B01,2.63905732961526,0.555466344999187,0.444533655000813,0.471451829459179,0.471451829459179,0.444533655000813,0.604779659143237,0.5,0.471451829459179,0.5,0.5,0.617922393069456,0.5,0.5,0.471451829459179,0.5,0.627345294527197,0.576357557834449,0.423642442165551,0.604779659143237,0.444533655000813,0.184958664033945,0.801602002132359,0.395220340856763,0.0225656353839609,CBCsimpleRW,CBCdriftDiffusionLR,0.5,0.0570963410816427,0.88988146268136,3.80407475504028,2.40762814299786,0.5,73.8942822339787
CBC_1016,CBC_1016_MSI_TV_v3_Vset3_Tset2_2023-06-25_16h33.10.466.csv,3,28,0,2,b,1,0,2,tac,A,27,1,0A,2A,1,0,b,1.24445460000061,1,0,1,1,0A,2A,A02,3.76120011569356,0.555466344999187,0.444533655000813,0.471451829459179,0.471451829459179,0.444533655000813,0.627345294527197,0.5,0.471451829459179,0.5,0.5,0.617922393069456,0.5,0.5,0.471451829459179,0.5,0.627345294527197,0.540906139179161,0.459093860820839,0.555466344999187,0.471451829459179,0.421819429077953,0.679537489959782,0.444533655000813,0.0253812451881957,CBCsimpleRW,CBCdriftDiffusionLR,0.5,0.0570963410816427,0.88988146268136,3.80407475504028,2.40762814299786,0.5,73.8942822339787
CBC_1016,CBC_1016_MSI_TV_v3_Vset3_Tset2_2023-06-25_16h33.10.466.csv,3,29,1,3,z,0,1,0,tac,D,27,1,1D,3D,0,1,z,2.33787569999913,0,1,1,1,3D,1D,D13,3.09104245335832,0.580847590187383,0.444533655000813,0.471451829459179,0.471451829459179,0.444533655000813,0.627345294527197,0.5,0.471451829459179,0.5,0.5,0.617922393069456,0.5,0.5,0.471451829459179,0.5,0.627345294527197,0.570938238581498,0.429061761418502,0.627345294527197,0.471451829459179,0.245127403995498,0.786328618719818,0.372654705472803,0.0212772201693543,CBCsimpleRW,CBCdriftDiffusionLR,0.5,0.0570963410816427,0.88988146268136,3.80407475504028,2.40762814299786,0.5,73.8942822339787
CBC_1016,CBC_1016_MSI_TV_v3_Vset3_Tset2_2023-06-25_16h33.10.466.csv,3,30,1,0,z,0,1,2,tac,A,63,1,1A,0A,0,1,b,2.28259059999982,1,0,0,0,1A,0A,A10,3.11351530921037,0.580847590187383,0.444533655000813,0.471451829459179,0.471451829459179,0.444533655000813,0.627345294527197,0.5,0.471451829459179,0.5,0.5,0.617922393069456,0.5,0.5,0.471451829459179,0.5,0.648622514696552,0.433530120710589,0.566469879289411,0.444533655000813,0.580847590187383,0.0754059247549133,0.228458602882606,-0.444533655000813,-0.0253812451881957,CBCsimpleRW,CBCdriftDiffusionLR,0.5,0.0570963410816427,0.88988146268136,3.80407475504028,2.40762814299786,0.5,73.8942822339787
CBC_1016,CBC_1016_MSI_TV_v3_Vset3_Tset2_2023-06-25_16h33.10.466.csv,3,31,2,0,b,1,0,3,tac,C,27,1,2C,0C,1,0,b,2.21153259999846,1,0,1,1,2C,0C,C20,3.8286413964891,0.580847590187383,0.419152409812617,0.471451829459179,0.471451829459179,0.444533655000813,0.627345294527197,0.5,0.471451829459179,0.5,0.5,0.617922393069456,0.5,0.5,0.471451829459179,0.5,0.648622514696552,0.552741761771888,0.447258238228112,0.617922393069456,0.5,0.256364146910664,0.72452955260758,0.382077606930544,0.0218152333649642,CBCsimpleRW,CBCdriftDiffusionLR,0.5,0.0570963410816427,0.88988146268136,3.80407475504028,2.40762814299786,0.5,73.8942822339787
CBC_1016,CBC_1016_MSI_TV_v3_Vset3_Tset2_2023-06-25_16h33.10.466.csv,3,32,2,3,z,0,1,0,tac,D,63,1,2D,3D,0,1,z,1.8286528000026,0,1,1,1,3D,2D,D23,3.15700042115011,0.580847590187383,0.419152409812617,0.471451829459179,0.471451829459179,0.444533655000813,0.627345294527197,0.5,0.471451829459179,0.5,0.5,0.63973762643442,0.5,0.5,0.471451829459179,0.5,0.648622514696552,0.564695978354479,0.435304021645521,0.648622514696552,0.5,0.391883368790557,0.766539050278826,0.351377485303448,0.0200623687492956,CBCsimpleRW,CBCdriftDiffusionLR,0.5,0.0570963410816427,0.88988146268136,3.80407475504028,2.40762814299786,0.5,73.8942822339787
CBC_1016,CBC_1016_MSI_TV_v3_Vset3_Tset2_2023-06-25_16h33.10.466.csv,3,33,1,0,b,1,0,1,tac,B,63,1,1B,0B,1,0,b,1.65191690000211,1,0,1,1,1B,0B,B10,2.77258872223978,0.580847590187383,0.419152409812617,0.471451829459179,0.471451829459179,0.444533655000813,0.627345294527197,0.5,0.471451829459179,0.5,0.5,0.63973762643442,0.5,0.5,0.471451829459179,0.5,0.668684883445847,0.585276252326293,0.414723747673707,0.627345294527197,0.444533655000813,0.518023267584199,0.82653460797216,0.372654705472803,0.0212772201693543,CBCsimpleRW,CBCdriftDiffusionLR,0.5,0.0570963410816427,0.88988146268136,3.80407475504028,2.40762814299786,0.5,73.8942822339787
CBC_1016,CBC_1016_MSI_TV_v3_Vset3_Tset2_2023-06-25_16h33.10.466.csv,3,34,0,1,b,1,0,2,tac,A,63,1,0A,1A,1,0,z,2.36914069999693,0,1,0,0,1A,0A,A01,2.50552593699074,0.580847590187383,0.419152409812617,0.471451829459179,0.471451829459179,0.444533655000813,0.648622514696552,0.5,0.471451829459179,0.5,0.5,0.63973762643442,0.5,0.5,0.471451829459179,0.5,0.668684883445847,0.419152409812617,0.580847590187383,0.419152409812617,0.580847590187383,0.0553970437440276,0.185127280257755,-0.419152409812617,-0.0239320689558537,CBCsimpleRW,CBCdriftDiffusionLR,0.5,0.0570963410816427,0.88988146268136,3.80407475504028,2.40762814299786,0.5,73.8942822339787
CBC_1016,CBC_1016_MSI_TV_v3_Vset3_Tset2_2023-06-25_16h33.10.466.csv,3,35,2,3,z,0,1,0,tac,D,63,0,2D,3D,1,0,z,1.42363309999928,0,1,1,0,3D,2D,D23,2.81341071676004,0.580847590187383,0.395220340856763,0.471451829459179,0.471451829459179,0.444533655000813,0.648622514696552,0.5,0.471451829459179,0.5,0.5,0.63973762643442,0.5,0.5,0.471451829459179,0.5,0.668684883445847,0.572168676875704,0.427831323124296,0.668684883445847,0.5,0.565839942975172,0.789212477472919,-0.668684883445847,-0.0381794601813626,CBCsimpleRW,CBCdriftDiffusionLR,0.5,0.0570963410816427,0.88988146268136,3.80407475504028,2.40762814299786,0.5,73.8942822339787
CBC_1016,CBC_1016_MSI_TV_v3_Vset3_Tset2_2023-06-25_16h33.10.466.csv,3,36,2,0,b,1,0,3,tac,C,27,1,2C,0C,1,0,b,1.93160920000082,1,0,1,1,2C,0C,C20,3.23867845216438,0.580847590187383,0.395220340856763,0.471451829459179,0.471451829459179,0.444533655000813,0.648622514696552,0.5,0.471451829459179,0.5,0.5,0.63973762643442,0.5,0.5,0.471451829459179,0.5,0.630505423264485,0.561302541564578,0.438697458435422,0.63973762643442,0.5,0.348620989446246,0.754504519406043,0.36026237356558,0.0205696633599826,CBCsimpleRW,CBCdriftDiffusionLR,0.5,0.0570963410816427,0.88988146268136,3.80407475504028,2.40762814299786,0.5,73.8942822339787
CBC_1016,CBC_1016_MSI_TV_v3_Vset3_Tset2_2023-06-25_16h33.10.466.csv,3,37,0,1,b,1,0,2,tac,A,63,1,0A,1A,1,0,z,2.68393419999848,0,1,0,0,1A,0A,A01,2.34180580614733,0.580847590187383,0.395220340856763,0.471451829459179,0.471451829459179,0.444533655000813,0.648622514696552,0.5,0.471451829459179,0.5,0.5,0.660307289794402,0.5,0.5,0.471451829459179,0.5,0.630505423264485,0.404910691445397,0.595089308554603,0.395220340856763,0.580847590187383,0.0308490947096334,0.149281626786609,-0.395220340856763,-0.0225656353839609,CBCsimpleRW,CBCdriftDiffusionLR,0.5,0.0570963410816427,0.88988146268136,3.80407475504028,2.40762814299786,0.5,73.8942822339787
CBC_1016,CBC_1016_MSI_TV_v3_Vset3_Tset2_2023-06-25_16h33.10.466.csv,3,38,1,3,b,1,0,1,tac,B,27,1,1B,3B,1,0,b,1.91728119999971,1,0,1,1,1B,3B,B13,3.27714473299218,0.580847590187383,0.372654705472803,0.471451829459179,0.471451829459179,0.444533655000813,0.648622514696552,0.5,0.471451829459179,0.5,0.5,0.660307289794402,0.5,0.5,0.471451829459179,0.5,0.630505423264485,0.57908880609658,0.42091119390342,0.648622514696552,0.471451829459179,0.386194283111278,0.809904710628108,0.351377485303448,0.0200623687492956,CBCsimpleRW,CBCdriftDiffusionLR,0.5,0.0570963410816427,0.88988146268136,3.80407475504028,2.40762814299786,0.5,73.8942822339787
CBC_1016,CBC_1016_MSI_TV_v3_Vset3_Tset2_2023-06-25_16h33.10.466.csv,3,39,3,2,z,0,1,3,tac,C,63,1,3C,2C,0,1,z,2.34554909999861,0,1,1,1,2C,3C,C32,2.60268968544438,0.580847590187383,0.372654705472803,0.471451829459179,0.471451829459179,0.444533655000813,0.668684883445847,0.5,0.471451829459179,0.5,0.5,0.660307289794402,0.5,0.5,0.471451829459179,0.5,0.630505423264485,0.569079670189268,0.430920329810732,0.660307289794402,0.5,0.241575508110562,0.779686421659552,0.339692710205598,0.0193952108448464,CBCsimpleRW,CBCdriftDiffusionLR,0.5,0.0570963410816427,0.88988146268136,3.80407475504028,2.40762814299786,0.5,73.8942822339787
CBC_1016,CBC_1016_MSI_TV_v3_Vset3_Tset2_2023-06-25_16h33.10.466.csv,3,40,3,2,b,1,0,0,tac,D,63,1,3D,2D,1,0,b,1.18311269999685,1,0,1,1,3D,2D,D32,2.62103882411258,0.580847590187383,0.372654705472803,0.471451829459179,0.471451829459179,0.444533655000813,0.668684883445847,0.5,0.471451829459179,0.5,0.5,0.679702500639249,0.5,0.5,0.471451829459179,0.5,0.630505423264485,0.557719945689262,0.442280054310738,0.630505423264485,0.5,0.421288299271863,0.741948385266213,0.369494576735515,0.0210967883811082,CBCsimpleRW,CBCdriftDiffusionLR,0.5,0.0570963410816427,0.88988146268136,3.80407475504028,2.40762814299786,0.5,73.8942822339787
CBC_1016,CBC_1016_MSI_TV_v3_Vset3_Tset2_2023-06-25_16h33.10.466.csv,3,41,0,1,z,0,1,1,tac,B,63,1,0B,1B,0,1,b,1.73471960000097,1,0,0,0,0B,1B,B01,2.63905732961526,0.580847590187383,0.372654705472803,0.471451829459179,0.471451829459179,0.444533655000813,0.668684883445847,0.5,0.471451829459179,0.5,0.5,0.679702500639249,0.5,0.5,0.471451829459179,0.5,0.651602211645593,0.399322899905258,0.600677100094742,0.444533655000813,0.668684883445847,0.0811259549654836,0.136483146550654,-0.444533655000813,-0.0253812451881957,CBCsimpleRW,CBCdriftDiffusionLR,0.5,0.0570963410816427,0.88988146268136,3.80407475504028,2.40762814299786,0.5,73.8942822339787
CBC_1016,CBC_1016_MSI_TV_v3_Vset3_Tset2_2023-06-25_16h33.10.466.csv,3,42,2,0,z,0,1,2,tac,A,27,1,2A,0A,0,1,z,1.67711549999876,0,1,1,1,0A,2A,A20,3.3499040872746,0.580847590187383,0.372654705472803,0.471451829459179,0.471451829459179,0.419152409812617,0.668684883445847,0.5,0.471451829459179,0.5,0.5,0.679702500639249,0.5,0.5,0.471451829459179,0.5,0.651602211645593,0.551979388511374,0.448020611488626,0.580847590187383,0.471451829459179,0.413849379037737,0.721630642481698,0.419152409812617,0.0239320689558537,CBCsimpleRW,CBCdriftDiffusionLR,0.5,0.0570963410816427,0.88988146268136,3.80407475504028,2.40762814299786,0.5,73.8942822339787
CBC_1016,CBC_1016_MSI_TV_v3_Vset3_Tset2_2023-06-25_16h33.10.466.csv,3,43,3,0,b,1,0,0,tac,D,9,1,3D,0D,1,0,b,1.41049550000025,1,0,1,1,3D,0D,D30,4.06044301054642,0.604779659143237,0.372654705472803,0.471451829459179,0.471451829459179,0.419152409812617,0.668684883445847,0.5,0.471451829459179,0.5,0.5,0.679702500639249,0.5,0.5,0.471451829459179,0.5,0.651602211645593,0.565822299624173,0.434177700375827,0.651602211645593,0.5,0.543786407813279,0.769259904266809,0.348397788354407,0.0198922389559732,CBCsimpleRW,CBCdriftDiffusionLR,0.5,0.0570963410816427,0.88988146268136,3.80407475504028,2.40762814299786,0.5,73.8942822339787
CBC_1016,CBC_1016_MSI_TV_v3_Vset3_Tset2_2023-06-25_16h33.10.466.csv,3,44,3,2,z,0,1,3,tac,C,63,1,3C,2C,0,1,z,1.77765849999923,0,1,1,1,2C,3C,C32,2.46809953147162,0.604779659143237,0.372654705472803,0.471451829459179,0.471451829459179,0.419152409812617,0.668684883445847,0.5,0.471451829459179,0.5,0.5,0.679702500639249,0.5,0.5,0.471451829459179,0.5,0.671494450601566,0.576164329795806,0.423835670204194,0.679702500639249,0.5,0.437406291422079,0.801436910062907,0.320297499360751,0.0182878152710987,CBCsimpleRW,CBCdriftDiffusionLR,0.5,0.0570963410816427,0.88988146268136,3.80407475504028,2.40762814299786,0.5,73.8942822339787
CBC_1016,CBC_1016_MSI_AV_v3_Vset6_Aset3_2023-06-25_16h41.28.303.csv,4,1,1,0,b,1,0,1,aud,B,63,1,1B,0B,1,0,z,1.80745469999965,0,1,0,0,0B,1B,B10,2.77258872223978,0.5,0.5,0.5,0.5,0.5,0.5,0.5,0.5,0.5,0.5,0.5,0.5,0.5,0.5,0.5,0.5,0.5,0.5,0.5,0.5,0.223538633943058,0.498573424863256,-0.5,-0.195911975903048,CBCsimpleRW,CBCdriftDiffusionLR,0.5,0.391823951806096,0.825790945753161,2.36425103034197,2.61004152443429,0.5,58.418330685698
CBC_1016,CBC_1016_MSI_AV_v3_Vset6_Aset3_2023-06-25_16h41.28.303.csv,4,2,0,1,b,1,0,2,aud,A,63,1,0A,1A,1,0,b,2.09121689999665,1,0,1,1,0A,1A,A01,2.83321334405622,0.5,0.5,0.5,0.5,0.304088024096952,0.5,0.5,0.5,0.5,0.5,0.5,0.5,0.5,0.5,0.5,0.5,0.5,0.5,0.5,0.5,0.184106025156935,0.500194089679413,0.5,0.195911975903048,CBCsimpleRW,CBCdriftDiffusionLR,0.5,0.391823951806096,0.825790945753161,2.36425103034197,2.61004152443429,0.5,58.418330685698
CBC_1016,CBC_1016_MSI_AV_v3_Vset6_Aset3_2023-06-25_16h41.28.303.csv,4,3,1,2,z,0,1,3,aud,C,9,1,1C,2C,0,1,z,2.30214630000046,0,1,1,1,2C,1C,C12,2.89037175789616,0.695911975903048,0.5,0.5,0.5,0.304088024096952,0.5,0.5,0.5,0.5,0.5,0.5,0.5,0.5,0.5,0.5,0.5,0.5,0.5,0.5,0.5,0.158197364722624,0.500065568786219,0.5,0.195911975903048,CBCsimpleRW,CBCdriftDiffusionLR,0.5,0.391823951806096,0.825790945753161,2.36425103034197,2.61004152443429,0.5,58.418330685698
CBC_1016,CBC_1016_MSI_AV_v3_Vset6_Aset3_2023-06-25_16h41.28.303.csv,4,4,1,0,z,0,1,2,aud,A,63,1,1A,0A,0,1,z,1.76446689999648,0,1,1,1,0A,1A,A10,2.94443897916644,0.695911975903048,0.5,0.5,0.5,0.304088024096952,0.5,0.5,0.5,0.5,0.5,0.695911975903048,0.5,0.5,0.5,0.5,0.5,0.581909028361018,0.418090971638982,0.695911975903048,0.5,0.356165674549301,0.733020844784711,0.304088024096952,0.119148971298575,CBCsimpleRW,CBCdriftDiffusionLR,0.5,0.391823951806096,0.825790945753161,2.36425103034197,2.61004152443429,0.5,58.418330685698
CBC_1016,CBC_1016_MSI_AV_v3_Vset6_Aset3_2023-06-25_16h41.28.303.csv,4,5,3,1,b,1,0,0,aud,D,27,1,3D,1D,1,0,b,2.41601329999685,1,0,1,1,3D,1D,D31,2.99573227355399,0.815060947201623,0.5,0.5,0.5,0.304088024096952,0.5,0.5,0.5,0.5,0.5,0.695911975903048,0.5,0.5,0.5,0.5,0.5,0.5,0.5,0.5,0.5,0.145621062817286,0.499750599554252,0.5,0.195911975903048,CBCsimpleRW,CBCdriftDiffusionLR,0.5,0.391823951806096,0.825790945753161,2.36425103034197,2.61004152443429,0.5,58.418330685698
CBC_1016,CBC_1016_MSI_AV_v3_Vset6_Aset3_2023-06-25_16h41.28.303.csv,4,6,0,1,z,0,1,1,aud,B,63,1,0B,1B,0,1,z,2.24398319999818,0,1,1,1,1B,0B,B01,3.04452243772342,0.815060947201623,0.5,0.5,0.5,0.304088024096952,0.5,0.5,0.5,0.5,0.5,0.695911975903048,0.5,0.5,0.5,0.5,0.695911975903048,0.621822468456156,0.378177531543844,0.5,0.304088024096952,0.276192525406657,0.81732642754833,0.5,0.195911975903048,CBCsimpleRW,CBCdriftDiffusionLR,0.5,0.391823951806096,0.825790945753161,2.36425103034197,2.61004152443429,0.5,58.418330685698
CBC_1016,CBC_1016_MSI_AV_v3_Vset6_Aset3_2023-06-25_16h41.28.303.csv,4,7,2,3,b,1,0,3,aud,C,63,1,2C,3C,1,0,z,1.47251479999977,0,1,0,0,3C,2C,C23,3.09104245335832,0.815060947201623,0.5,0.5,0.5,0.304088024096952,0.695911975903048,0.5,0.5,0.5,0.5,0.695911975903048,0.5,0.5,0.5,0.5,0.695911975903048,0.418090971638982,0.581909028361018,0.5,0.695911975903048,0.154046769230213,0.266541818238619,-0.5,-0.195911975903048,CBCsimpleRW,CBCdriftDiffusionLR,0.5,0.391823951806096,0.825790945753161,2.36425103034197,2.61004152443429,0.5,58.418330685698
CBC_1016,CBC_1016_MSI_AV_v3_Vset6_Aset3_2023-06-25_16h41.28.303.csv,4,8,2,0,z,0,1,2,aud,A,27,1,2A,0A,0,1,z,1.8742465999967,0,1,1,1,0A,2A,A20,3.13549421592915,0.815060947201623,0.5,0.5,0.5,0.304088024096952,0.695911975903048,0.5,0.5,0.5,0.5,0.695911975903048,0.304088024096952,0.5,0.5,0.5,0.695911975903048,0.619789484993854,0.380210515006146,0.815060947201623,0.5,0.379181845628617,0.814146376436063,0.184939052798377,0.0724635505107362,CBCsimpleRW,CBCdriftDiffusionLR,0.5,0.391823951806096,0.825790945753161,2.36425103034197,2.61004152443429,0.5,58.418330685698
CBC_1016,CBC_1016_MSI_AV_v3_Vset6_Aset3_2023-06-25_16h41.28.303.csv,4,9,3,2,b,1,0,0,aud,D,63,1,3D,2D,1,0,b,1.6578929999996,1,0,1,1,3D,2D,D32,3.17805383034795,0.88752449771236,0.5,0.5,0.5,0.304088024096952,0.695911975903048,0.5,0.5,0.5,0.5,0.695911975903048,0.304088024096952,0.5,0.5,0.5,0.695911975903048,0.581909028361018,0.418090971638982,0.695911975903048,0.5,0.383732951001888,0.733387247636535,0.304088024096952,0.119148971298575,CBCsimpleRW,CBCdriftDiffusionLR,0.5,0.391823951806096,0.825790945753161,2.36425103034197,2.61004152443429,0.5,58.418330685698
CBC_1016,CBC_1016_MSI_AV_v3_Vset6_Aset3_2023-06-25_16h41.28.303.csv,4,10,3,1,z,0,1,1,aud,B,27,1,3B,1B,0,1,z,1.79971759999898,0,1,1,1,1B,3B,B31,3.2188758248682,0.88752449771236,0.5,0.5,0.5,0.304088024096952,0.695911975903048,0.5,0.5,0.5,0.5,0.695911975903048,0.304088024096952,0.5,0.5,0.5,0.815060947201623,0.581909028361018,0.418090971638982,0.695911975903048,0.5,0.347135444451015,0.733053422016824,0.304088024096952,0.119148971298575,CBCsimpleRW,CBCdriftDiffusionLR,0.5,0.391823951806096,0.825790945753161,2.36425103034197,2.61004152443429,0.5,58.418330685698
CBC_1016,CBC_1016_MSI_AV_v3_Vset6_Aset3_2023-06-25_16h41.28.303.csv,4,11,3,2,z,0,1,3,aud,C,63,1,3C,2C,0,1,z,1.90388789999997,0,1,1,1,2C,3C,C32,3.25809653802148,0.88752449771236,0.5,0.5,0.5,0.304088024096952,0.815060947201623,0.5,0.5,0.5,0.5,0.695911975903048,0.304088024096952,0.5,0.5,0.5,0.815060947201623,0.695911975903048,0.304088024096952,0.695911975903048,0.304088024096952,0.4431154625001,0.918515530821886,0.304088024096952,0.119148971298575,CBCsimpleRW,CBCdriftDiffusionLR,0.5,0.391823951806096,0.825790945753161,2.36425103034197,2.61004152443429,0.5,58.418330685698
CBC_1016,CBC_1016_MSI_AV_v3_Vset6_Aset3_2023-06-25_16h41.28.303.csv,4,12,1,3,b,1,0,1,aud,B,27,1,1B,3B,1,0,b,1.44830409999486,1,0,1,1,1B,3B,B13,3.29583686600433,0.88752449771236,0.5,0.5,0.5,0.304088024096952,0.815060947201623,0.5,0.5,0.5,0.5,0.815060947201623,0.304088024096952,0.5,0.5,0.5,0.815060947201623,0.619789484993854,0.380210515006146,0.815060947201623,0.5,0.511792462686154,0.81454645145204,0.184939052798377,0.0724635505107362,CBCsimpleRW,CBCdriftDiffusionLR,0.5,0.391823951806096,0.825790945753161,2.36425103034197,2.61004152443429,0.5,58.418330685698
CBC_1016,CBC_1016_MSI_AV_v3_Vset6_Aset3_2023-06-25_16h41.28.303.csv,4,13,3,2,z,0,1,3,aud,C,63,1,3C,2C,0,1,z,1.81380869999703,0,1,1,1,2C,3C,C32,2.63905732961526,0.88752449771236,0.5,0.5,0.5,0.304088024096952,0.88752449771236,0.5,0.5,0.5,0.5,0.815060947201623,0.304088024096952,0.5,0.5,0.5,0.815060947201623,0.728286374829875,0.271713625170125,0.815060947201623,0.304088024096952,0.513419252856059,0.943496339591559,0.184939052798377,0.0724635505107362,CBCsimpleRW,CBCdriftDiffusionLR,0.5,0.391823951806096,0.825790945753161,2.36425103034197,2.61004152443429,0.5,58.418330685698
CBC_1016,CBC_1016_MSI_AV_v3_Vset6_Aset3_2023-06-25_16h41.28.303.csv,4,14,3,2,b,1,0,0,aud,D,63,1,3D,2D,1,0,b,1.81109479999941,1,0,1,1,3D,2D,D32,2.67414864942653,0.88752449771236,0.5,0.5,0.5,0.304088024096952,0.88752449771236,0.5,0.5,0.5,0.5,0.88752449771236,0.304088024096952,0.5,0.5,0.5,0.815060947201623,0.619789484993854,0.380210515006146,0.815060947201623,0.5,0.399876837385397,0.814332024560663,0.184939052798377,0.0724635505107362,CBCsimpleRW,CBCdriftDiffusionLR,0.5,0.391823951806096,0.825790945753161,2.36425103034197,2.61004152443429,0.5,58.418330685698
CBC_1016,CBC_1016_MSI_AV_v3_Vset6_Aset3_2023-06-25_16h41.28.303.csv,4,15,0,3,b,1,0,2,aud,A,9,1,0A,3A,1,0,b,2.62561959999948,1,0,1,1,0A,3A,A03,3.40119738166216,0.88752449771236,0.5,0.5,0.5,0.304088024096952,0.88752449771236,0.5,0.5,0.5,0.5,0.88752449771236,0.304088024096952,0.5,0.5,0.5,0.88752449771236,0.639646002053037,0.360353997946963,0.88752449771236,0.5,0.20019195643422,0.848716409565321,0.11247550228764,0.0440705957877189,CBCsimpleRW,CBCdriftDiffusionLR,0.5,0.391823951806096,0.825790945753161,2.36425103034197,2.61004152443429,0.5,58.418330685698
CBC_1016,CBC_1016_MSI_AV_v3_Vset6_Aset3_2023-06-25_16h41.28.303.csv,4,16,0,1,z,0,1,1,aud,B,63,0,0B,1B,1,0,z,2.08172769999874,0,1,1,0,1B,0B,B01,2.7408400239252,0.931595093500078,0.5,0.5,0.5,0.304088024096952,0.88752449771236,0.5,0.5,0.5,0.5,0.88752449771236,0.304088024096952,0.5,0.5,0.5,0.88752449771236,0.744809643628759,0.255190356371241,0.88752449771236,0.304088024096952,0.361862701663052,0.953384142062304,-0.88752449771236,-0.347753356018377,CBCsimpleRW,CBCdriftDiffusionLR,0.5,0.391823951806096,0.825790945753161,2.36425103034197,2.61004152443429,0.5,58.418330685698
CBC_1016,CBC_1016_MSI_AV_v3_Vset6_Aset3_2023-06-25_16h41.28.303.csv,4,17,2,3,z,0,1,0,aud,D,63,1,2D,3D,0,1,z,2.65692349999881,0,1,1,1,3D,2D,D23,3.46573590279973,0.931595093500078,0.5,0.5,0.5,0.304088024096952,0.539771141693982,0.5,0.5,0.5,0.5,0.88752449771236,0.304088024096952,0.5,0.5,0.5,0.88752449771236,0.639646002053037,0.360353997946963,0.88752449771236,0.5,0.194395857028262,0.84912570578055,0.11247550228764,0.0440705957877189,CBCsimpleRW,CBCdriftDiffusionLR,0.5,0.391823951806096,0.825790945753161,2.36425103034197,2.61004152443429,0.5,58.418330685698
CBC_1016,CBC_1016_MSI_AV_v3_Vset6_Aset3_2023-06-25_16h41.28.303.csv,4,18,0,2,z,0,1,3,aud,C,27,1,0C,2C,0,1,z,2.42801319999853,0,1,1,1,2C,0C,C02,3.49650756146648,0.931595093500078,0.5,0.5,0.5,0.304088024096952,0.539771141693982,0.5,0.5,0.5,0.5,0.88752449771236,0.304088024096952,0.5,0.5,0.5,0.931595093500078,0.639646002053037,0.360353997946963,0.88752449771236,0.5,0.240991485502492,0.84789688781432,0.11247550228764,0.0440705957877189,CBCsimpleRW,CBCdriftDiffusionLR,0.5,0.391823951806096,0.825790945753161,2.36425103034197,2.61004152443429,0.5,58.418330685698
CBC_1016,CBC_1016_MSI_AV_v3_Vset6_Aset3_2023-06-25_16h41.28.303.csv,4,19,0,1,b,1,0,2,aud,A,63,1,0A,1A,1,0,b,2.50095179999698,1,0,1,1,0A,1A,A01,2.83321334405622,0.931595093500078,0.5,0.5,0.5,0.304088024096952,0.539771141693982,0.5,0.5,0.5,0.5,0.931595093500078,0.304088024096952,0.5,0.5,0.5,0.931595093500078,0.650739233271916,0.349260766728084,0.931595093500078,0.5,0.226973284003859,0.865570481978462,0.0684049064999216,0.0268026807877258,CBCsimpleRW,CBCdriftDiffusionLR,0.5,0.391823951806096,0.825790945753161,2.36425103034197,2.61004152443429,0.5,58.418330685698
CBC_1016,CBC_1016_MSI_AV_v3_Vset6_Aset3_2023-06-25_16h41.28.303.csv,4,20,1,0,b,1,0,1,aud,B,63,1,1B,0B,1,0,b,1.6871914000003,1,0,1,1,1B,0B,B10,2.86220088092947,0.958397774287804,0.5,0.5,0.5,0.304088024096952,0.539771141693982,0.5,0.5,0.5,0.5,0.931595093500078,0.304088024096952,0.5,0.5,0.5,0.931595093500078,0.639646002053037,0.360353997946963,0.539771141693982,0.304088024096952,0.474822150606189,0.848497163232932,0.460228858306018,0.180328689996672,CBCsimpleRW,CBCdriftDiffusionLR,0.5,0.391823951806096,0.825790945753161,2.36425103034197,2.61004152443429,0.5,58.418330685698
CBC_1016,CBC_1016_MSI_AV_v3_Vset6_Aset3_2023-06-25_16h41.28.303.csv,4,21,1,3,z,0,1,0,aud,D,27,1,1D,3D,0,1,z,2.26932929999748,0,1,1,1,3D,1D,D13,3.58351893845611,0.958397774287804,0.5,0.5,0.5,0.304088024096952,0.720099831690654,0.5,0.5,0.5,0.5,0.931595093500078,0.304088024096952,0.5,0.5,0.5,0.931595093500078,0.650739233271916,0.349260766728084,0.931595093500078,0.5,0.284556598337046,0.865423911916225,0.0684049064999216,0.0268026807877258,CBCsimpleRW,CBCdriftDiffusionLR,0.5,0.391823951806096,0.825790945753161,2.36425103034197,2.61004152443429,0.5,58.418330685698
CBC_1016,CBC_1016_MSI_AV_v3_Vset6_Aset3_2023-06-25_16h41.28.303.csv,4,22,3,2,z,0,1,3,aud,C,63,1,3C,2C,0,1,z,2.02719559999605,0,1,1,1,2C,3C,C32,2.51230562397611,0.958397774287804,0.5,0.5,0.5,0.304088024096952,0.720099831690654,0.5,0.5,0.5,0.5,0.931595093500078,0.304088024096952,0.5,0.5,0.5,0.958397774287804,0.753910998890803,0.246089001109197,0.931595093500078,0.304088024096952,0.388167533802636,0.958343013738115,0.0684049064999216,0.0268026807877258,CBCsimpleRW,CBCdriftDiffusionLR,0.5,0.391823951806096,0.825790945753161,2.36425103034197,2.61004152443429,0.5,58.418330685698
CBC_1016,CBC_1016_MSI_AV_v3_Vset6_Aset3_2023-06-25_16h41.28.303.csv,4,23,0,1,b,1,0,2,aud,A,63,1,0A,1A,1,0,z,2.40883469999972,0,1,0,0,1A,0A,A01,2.53897387105828,0.958397774287804,0.5,0.5,0.5,0.304088024096952,0.720099831690654,0.5,0.5,0.5,0.5,0.958397774287804,0.304088024096952,0.5,0.5,0.5,0.958397774287804,0.342841993326663,0.657158006673337,0.5,0.958397774287804,0.0358156648913114,0.125530437014327,-0.5,-0.195911975903048,CBCsimpleRW,CBCdriftDiffusionLR,0.5,0.391823951806096,0.825790945753161,2.36425103034197,2.61004152443429,0.5,58.418330685698
CBC_1016,CBC_1016_MSI_AV_v3_Vset6_Aset3_2023-06-25_16h41.28.303.csv,4,24,2,3,z,0,1,0,aud,D,63,1,2D,3D,0,1,b,1.62222049999764,1,0,0,0,2D,3D,D23,2.9704144655697,0.958397774287804,0.304088024096952,0.5,0.5,0.304088024096952,0.720099831690654,0.5,0.5,0.5,0.5,0.958397774287804,0.304088024096952,0.5,0.5,0.5,0.958397774287804,0.342841993326663,0.657158006673337,0.5,0.958397774287804,0.0765403428915521,0.125819412221354,-0.5,-0.195911975903048,CBCsimpleRW,CBCdriftDiffusionLR,0.5,0.391823951806096,0.825790945753161,2.36425103034197,2.61004152443429,0.5,58.418330685698
CBC_1016,CBC_1016_MSI_AV_v3_Vset6_Aset3_2023-06-25_16h41.28.303.csv,4,25,2,0,b,1,0,3,aud,C,27,1,2C,0C,1,0,b,2.32586329999685,1,0,1,1,2C,0C,C20,3.68887945411394,0.958397774287804,0.304088024096952,0.5,0.5,0.304088024096952,0.720099831690654,0.5,0.5,0.5,0.5,0.958397774287804,0.304088024096952,0.5,0.5,0.304088024096952,0.958397774287804,0.657158006673337,0.342841993326663,0.958397774287804,0.5,0.271038099063279,0.874391122124809,0.0416022257121959,0.0163007484824818,CBCsimpleRW,CBCdriftDiffusionLR,0.5,0.391823951806096,0.825790945753161,2.36425103034197,2.61004152443429,0.5,58.418330685698
CBC_1016,CBC_1016_MSI_AV_v3_Vset6_Aset3_2023-06-25_16h41.28.303.csv,4,26,0,1,b,1,0,2,aud,A,63,1,0A,1A,1,0,b,1.62972849999642,1,0,1,1,0A,1A,A01,2.32727770558442,0.958397774287804,0.304088024096952,0.5,0.5,0.304088024096952,0.720099831690654,0.5,0.5,0.5,0.5,0.974698522770286,0.304088024096952,0.5,0.5,0.304088024096952,0.958397774287804,0.759135489297379,0.240864510702621,0.958397774287804,0.304088024096952,0.677413384027833,0.960820971861753,0.0416022257121959,0.0163007484824818,CBCsimpleRW,CBCdriftDiffusionLR,0.5,0.391823951806096,0.825790945753161,2.36425103034197,2.61004152443429,0.5,58.418330685698
CBC_1016,CBC_1016_MSI_AV_v3_Vset6_Aset3_2023-06-25_16h41.28.303.csv,4,27,1,3,b,1,0,1,aud,B,27,1,1B,3B,1,0,b,1.62118609999743,1,0,1,1,1B,3B,B13,3.04452243772342,0.974698522770286,0.304088024096952,0.5,0.5,0.304088024096952,0.720099831690654,0.5,0.5,0.5,0.5,0.974698522770286,0.304088024096952,0.5,0.5,0.304088024096952,0.958397774287804,0.590197468261949,0.409802531738051,0.720099831690654,0.5,0.407659571171864,0.752184766341448,0.279900168309346,0.109671590058159,CBCsimpleRW,CBCdriftDiffusionLR,0.5,0.391823951806096,0.825790945753161,2.36425103034197,2.61004152443429,0.5,58.418330685698
CBC_1016,CBC_1016_MSI_AV_v3_Vset6_Aset3_2023-06-25_16h41.28.303.csv,4,28,3,2,z,0,1,3,aud,C,63,1,3C,2C,0,1,z,0.966322799999034,0,1,1,1,2C,3C,C32,2.37490575457367,0.974698522770286,0.304088024096952,0.5,0.5,0.304088024096952,0.829771421748813,0.5,0.5,0.5,0.5,0.974698522770286,0.304088024096952,0.5,0.5,0.304088024096952,0.958397774287804,0.762205799832736,0.237794200167264,0.974698522770286,0.304088024096952,0.104413661000146,0.962104562683219,0.0253014772297141,0.00991372479467854,CBCsimpleRW,CBCdriftDiffusionLR,0.5,0.391823951806096,0.825790945753161,2.36425103034197,2.61004152443429,0.5,58.418330685698
CBC_1016,CBC_1016_MSI_AV_v3_Vset6_Aset3_2023-06-25_16h41.28.303.csv,4,29,3,2,b,1,0,0,aud,D,63,1,3D,2D,1,0,b,1.26502369999798,1,0,1,1,3D,2D,D32,2.68557734525015,0.974698522770286,0.304088024096952,0.5,0.5,0.304088024096952,0.829771421748813,0.5,0.5,0.5,0.5,0.984612247564964,0.304088024096952,0.5,0.5,0.304088024096952,0.958397774287804,0.759135489297379,0.240864510702621,0.958397774287804,0.304088024096952,0.915684837406198,0.960752808850038,0.0416022257121959,0.0163007484824818,CBCsimpleRW,CBCdriftDiffusionLR,0.5,0.391823951806096,0.825790945753161,2.36425103034197,2.61004152443429,0.5,58.418330685698
CBC_1016,CBC_1016_MSI_AV_v3_Vset6_Aset3_2023-06-25_16h41.28.303.csv,4,30,0,1,z,0,1,1,aud,B,63,1,0B,1B,0,1,z,2.32323679999899,0,1,1,1,1B,0B,B01,2.70805020110221,0.974698522770286,0.304088024096952,0.5,0.5,0.304088024096952,0.829771421748813,0.5,0.5,0.5,0.5,0.984612247564964,0.304088024096952,0.5,0.5,0.304088024096952,0.974698522770286,0.731811535185362,0.268188464814638,0.829771421748813,0.304088024096952,0.264969229404842,0.94578942519765,0.170228578251187,0.0666996342407132,CBCsimpleRW,CBCdriftDiffusionLR,0.5,0.391823951806096,0.825790945753161,2.36425103034197,2.61004152443429,0.5,58.418330685698
CBC_1016,CBC_1016_MSI_AV_v3_Vset6_Aset3_2023-06-25_16h41.28.303.csv,4,31,2,0,z,0,1,2,aud,A,27,1,2A,0A,0,1,z,2.11342019999574,0,1,1,1,0A,2A,A20,3.13549421592915,0.974698522770286,0.304088024096952,0.5,0.5,0.304088024096952,0.896471055989527,0.5,0.5,0.5,0.5,0.984612247564964,0.304088024096952,0.5,0.5,0.304088024096952,0.974698522770286,0.660947649787614,0.339052350212386,0.974698522770286,0.5,0.336763136826194,0.879199164108248,0.0253014772297141,0.00991372479467854,CBCsimpleRW,CBCdriftDiffusionLR,0.5,0.391823951806096,0.825790945753161,2.36425103034197,2.61004152443429,0.5,58.418330685698
CBC_1016,CBC_1016_MSI_AV_v3_Vset6_Aset3_2023-06-25_16h41.28.303.csv,4,32,3,0,b,1,0,0,aud,D,9,1,3D,0D,1,0,b,2.3324885999973,1,0,1,1,3D,0D,D30,3.85014760171006,0.984612247564964,0.304088024096952,0.5,0.5,0.304088024096952,0.896471055989527,0.5,0.5,0.5,0.5,0.984612247564964,0.304088024096952,0.5,0.5,0.304088024096952,0.974698522770286,0.660947649787614,0.339052350212386,0.974698522770286,0.5,0.270112002357218,0.879644015216371,0.0253014772297141,0.00991372479467854,CBCsimpleRW,CBCdriftDiffusionLR,0.5,0.391823951806096,0.825790945753161,2.36425103034197,2.61004152443429,0.5,58.418330685698
CBC_1016,CBC_1016_MSI_AV_v3_Vset6_Aset3_2023-06-25_16h41.28.303.csv,4,33,3,2,z,0,1,3,aud,C,63,1,3C,2C,0,1,z,1.26453409999522,0,1,1,1,2C,3C,C32,2.26176309847379,0.984612247564964,0.304088024096952,0.5,0.5,0.304088024096952,0.896471055989527,0.5,0.5,0.5,0.5,0.984612247564964,0.304088024096952,0.5,0.5,0.304088024096952,0.984612247564964,0.764035105149161,0.235964894850839,0.984612247564964,0.304088024096952,0.930830625983296,0.962830790056119,0.0153877524350355,0.0060292899685095,CBCsimpleRW,CBCdriftDiffusionLR,0.5,0.391823951806096,0.825790945753161,2.36425103034197,2.61004152443429,0.5,58.418330685698
CBC_1016,CBC_1016_MSI_AV_v3_Vset6_Aset3_2023-06-25_16h41.28.303.csv,4,34,0,1,z,0,1,1,aud,B,63,1,0B,1B,0,1,z,1.09215079999922,0,1,1,1,1B,0B,B01,2.50552593699074,0.984612247564964,0.304088024096952,0.5,0.5,0.304088024096952,0.896471055989527,0.5,0.5,0.5,0.5,0.990641537533474,0.304088024096952,0.5,0.5,0.304088024096952,0.984612247564964,0.746711320466588,0.253288679533412,0.896471055989527,0.304088024096952,0.591224424862651,0.954397187673882,0.103528944010473,0.0405651199684958,CBCsimpleRW,CBCdriftDiffusionLR,0.5,0.391823951806096,0.825790945753161,2.36425103034197,2.61004152443429,0.5,58.418330685698
CBC_1016,CBC_1016_MSI_AV_v3_Vset6_Aset3_2023-06-25_16h41.28.303.csv,4,35,0,1,b,1,0,2,aud,A,63,0,0A,1A,0,1,b,2.27288259999841,1,0,1,0,0A,1A,A01,2.30258509299405,0.984612247564964,0.304088024096952,0.5,0.5,0.304088024096952,0.937036175958022,0.5,0.5,0.5,0.5,0.990641537533474,0.304088024096952,0.5,0.5,0.304088024096952,0.984612247564964,0.764035105149161,0.235964894850839,0.984612247564964,0.304088024096952,0.266838954202224,0.962916894457403,-0.984612247564964,-0.385794661837587,CBCsimpleRW,CBCdriftDiffusionLR,0.5,0.391823951806096,0.825790945753161,2.36425103034197,2.61004152443429,0.5,58.418330685698
CBC_1016,CBC_1016_MSI_AV_v3_Vset6_Aset3_2023-06-25_16h41.28.303.csv,4,36,2,3,z,0,1,0,aud,D,63,1,2D,3D,0,1,z,2.35554629999751,0,1,1,1,3D,2D,D23,2.83321334405622,0.598817585727378,0.304088024096952,0.5,0.5,0.304088024096952,0.937036175958022,0.5,0.5,0.5,0.5,0.990641537533474,0.304088024096952,0.5,0.5,0.304088024096952,0.984612247564964,0.764035105149161,0.235964894850839,0.984612247564964,0.304088024096952,0.235508769775035,0.963058801181407,0.0153877524350355,0.0060292899685095,CBCsimpleRW,CBCdriftDiffusionLR,0.5,0.391823951806096,0.825790945753161,2.36425103034197,2.61004152443429,0.5,58.418330685698
CBC_1016,CBC_1016_MSI_AV_v3_Vset6_Aset3_2023-06-25_16h41.28.303.csv,4,37,1,2,b,1,0,1,aud,B,9,1,1B,2B,1,0,b,1.19316669999534,1,0,1,1,1B,2B,B12,3.95124371858143,0.598817585727378,0.304088024096952,0.5,0.5,0.304088024096952,0.937036175958022,0.5,0.5,0.5,0.5,0.990641537533474,0.304088024096952,0.5,0.5,0.304088024096952,0.990641537533474,0.652061647183887,0.347938352816113,0.937036175958022,0.5,0.534917685975421,0.867098133841248,0.0629638240419776,0.0246707343569514,CBCsimpleRW,CBCdriftDiffusionLR,0.5,0.391823951806096,0.825790945753161,2.36425103034197,2.61004152443429,0.5,58.418330685698
CBC_1016,CBC_1016_MSI_AV_v3_Vset6_Aset3_2023-06-25_16h41.28.303.csv,4,38,2,0,z,0,1,2,aud,A,27,1,2A,0A,0,1,z,1.90357709999807,0,1,1,1,0A,2A,A20,2.87167962488401,0.598817585727378,0.304088024096952,0.5,0.5,0.304088024096952,0.961706910314974,0.5,0.5,0.5,0.5,0.990641537533474,0.304088024096952,0.5,0.5,0.304088024096952,0.990641537533474,0.544965418742349,0.455034581257651,0.598817585727378,0.5,0.270305761709008,0.63486838916427,0.401182414272622,0.157192878955409,CBCsimpleRW,CBCdriftDiffusionLR,0.5,0.391823951806096,0.825790945753161,2.36425103034197,2.61004152443429,0.5,58.418330685698
CBC_1016,CBC_1016_MSI_AV_v3_Vset6_Aset3_2023-06-25_16h41.28.303.csv,4,39,2,3,b,1,0,3,aud,C,63,1,2C,3C,1,0,b,2.44964350000009,1,0,1,1,2C,3C,C23,3.29583686600433,0.756010464682787,0.304088024096952,0.5,0.5,0.304088024096952,0.961706910314974,0.5,0.5,0.5,0.5,0.990641537533474,0.304088024096952,0.5,0.5,0.304088024096952,0.990641537533474,0.765133945258792,0.234866054741208,0.990641537533474,0.304088024096952,0.203891317877012,0.963407523037601,0.00935846246652605,0.00366686974646326,CBCsimpleRW,CBCdriftDiffusionLR,0.5,0.391823951806096,0.825790945753161,2.36425103034197,2.61004152443429,0.5,58.418330685698
CBC_1016,CBC_1016_MSI_AV_v3_Vset6_Aset3_2023-06-25_16h41.28.303.csv,4,40,1,3,z,0,1,0,aud,D,27,1,1D,3D,0,1,z,2.53475189999517,0,1,1,1,3D,1D,D13,3.31418600467253,0.756010464682787,0.304088024096952,0.5,0.5,0.304088024096952,0.961706910314974,0.5,0.5,0.5,0.5,0.994308407279937,0.304088024096952,0.5,0.5,0.304088024096952,0.990641537533474,0.664573951945994,0.335426048054006,0.990641537533474,0.5,0.220012485564598,0.88458034660199,0.00935846246652605,0.00366686974646326,CBCsimpleRW,CBCdriftDiffusionLR,0.5,0.391823951806096,0.825790945753161,2.36425103034197,2.61004152443429,0.5,58.418330685698
CBC_1016,CBC_1016_MSI_AV_v3_Vset6_Aset3_2023-06-25_16h41.28.303.csv,4,41,0,1,b,1,0,2,aud,A,63,1,0A,1A,1,0,z,2.95999049999591,0,1,0,0,1A,0A,A01,2.23359222150709,0.756010464682787,0.304088024096952,0.5,0.5,0.304088024096952,0.961706910314974,0.5,0.5,0.5,0.5,0.994308407279937,0.304088024096952,0.5,0.5,0.304088024096952,0.994308407279937,0.286848842174072,0.713151157825928,0.304088024096952,0.756010464682787,0.00888446365357047,0.0669983457180598,-0.304088024096952,-0.119148971298575,CBCsimpleRW,CBCdriftDiffusionLR,0.5,0.391823951806096,0.825790945753161,2.36425103034197,2.61004152443429,0.5,58.418330685698
CBC_1016,CBC_1016_MSI_AV_v3_Vset6_Aset3_2023-06-25_16h41.28.303.csv,4,42,0,2,z,0,1,3,aud,C,27,1,0C,2C,0,1,z,1.57874679999804,0,1,1,1,2C,0C,C02,3.3499040872746,0.756010464682787,0.184939052798377,0.5,0.5,0.304088024096952,0.961706910314974,0.5,0.5,0.5,0.5,0.994308407279937,0.304088024096952,0.5,0.5,0.304088024096952,0.994308407279937,0.665397050860377,0.334602949139623,0.994308407279937,0.5,0.566716186951359,0.885107527408932,0.00569159272006281,0.00223010235164582,CBCsimpleRW,CBCdriftDiffusionLR,0.5,0.391823951806096,0.825790945753161,2.36425103034197,2.61004152443429,0.5,58.418330685698
CBC_1016,CBC_1016_MSI_AV_v3_Vset6_Aset3_2023-06-25_16h41.28.303.csv,4,43,3,2,b,1,0,0,aud,D,63,1,3D,2D,1,0,b,1.66788369999631,1,0,1,1,3D,2D,D32,2.67414864942653,0.756010464682787,0.184939052798377,0.5,0.5,0.304088024096952,0.961706910314974,0.5,0.5,0.5,0.5,0.996538509631583,0.304088024096952,0.5,0.5,0.304088024096952,0.994308407279937,0.765797242854033,0.234202757145967,0.994308407279937,0.304088024096952,0.649119887268054,0.963685761764909,0.00569159272006281,0.00223010235164582,CBCsimpleRW,CBCdriftDiffusionLR,0.5,0.391823951806096,0.825790945753161,2.36425103034197,2.61004152443429,0.5,58.418330685698
CBC_1016,CBC_1016_MSI_AV_v3_Vset6_Aset3_2023-06-25_16h41.28.303.csv,4,44,1,0,b,1,0,1,aud,B,63,1,1B,0B,1,0,b,3.03867339999852,1,0,1,1,1B,0B,B10,2.97892515523761,0.756010464682787,0.184939052798377,0.5,0.5,0.304088024096952,0.961706910314974,0.5,0.5,0.5,0.5,0.996538509631583,0.304088024096952,0.5,0.5,0.304088024096952,0.996538509631583,0.759765175361341,0.240234824638659,0.961706910314974,0.304088024096952,0.0868877358836874,0.961040659523329,0.0382930896850263,0.0150041497272523,CBCsimpleRW,CBCdriftDiffusionLR,0.5,0.391823951806096,0.825790945753161,2.36425103034197,2.61004152443429,0.5,58.418330685698
