n,meanAge,sdAge,nMale,nFemale
67,8.353119402985074,1.8244084265150258,36,31
