ID,Task,B0,EPIfilename,B0filename,B0filename_processed,ARTfilename,nscans,run,badScans_pr,logfile,ACC_1st,ACC_2nd,ACC_3rd,ACC_4th,ACC,stimType,modality,version,sessNR
CBC_1001,av1,2,mr5225_cbc_1001_20230608_114505_3_1_epi_msi_av_44slices_v3.nii,^mr5225_cbc_1001_20230608_114129_2_1_b0_msi_46slices_.*.nii$,vdm5_scmr5225_cbc_1001_20230608_114129_2_1_b0_msi_46slices_ec1_typ3_session1.nii,vs8wuamr5225_cbc_1001_20230608_114505_3_1_epi_msi_av_44slices_v3.nii,278,20230608_114505_3_1,0,CBC_1001_MSI_AV_v3_Vset4_Aset2_2023-06-08_11h37.59.527.csv,0.727272727,0.818181818,0.909090909,0.909090909,0.840909091,env,av,v3,1
CBC_1001,tv1,2,mr5225_cbc_1001_20230608_120017_5_1_epi_msi_tv_44slices_v3.nii,^mr5225_cbc_1001_20230608_114129_2_1_b0_msi_46slices_.*.nii$,vdm5_scmr5225_cbc_1001_20230608_114129_2_1_b0_msi_46slices_ec1_typ3_session2.nii,vs8wuamr5225_cbc_1001_20230608_120017_5_1_epi_msi_tv_44slices_v3.nii,278,20230608_120017_5_1,0,CBC_1001_MSI_TV_v3_Vset1_Tset1_2023-06-08_11h53.34.814.csv,0.545454545,0.545454545,0.454545455,0.909090909,0.613636364,vib,tv,v3,2
CBC_1001,av2,9,mr5225_cbc_1001_20230608_125148_10_1_epi_msi_av_44slices_v3.nii,^mr5225_cbc_1001_20230608_124851_9_1_b0_msi_46slices_.*.nii$,vdm5_scmr5225_cbc_1001_20230608_124851_9_1_b0_msi_46slices_ec1_typ3_session1.nii,vs8wuamr5225_cbc_1001_20230608_125148_10_1_epi_msi_av_44slices_v3.nii,278,20230608_125148_10_1,0,CBC_1001_MSI_AV_v3_Vset6_Aset1_2023-06-08_12h45.15.645.csv,0.818181818,0.727272727,0.909090909,1,0.863636364,env,av,v3,3
CBC_1001,tv2,9,mr5225_cbc_1001_20230608_130008_11_1_epi_msi_tv_44slices_v3.nii,^mr5225_cbc_1001_20230608_124851_9_1_b0_msi_46slices_.*.nii$,vdm5_scmr5225_cbc_1001_20230608_124851_9_1_b0_msi_46slices_ec1_typ3_session2.nii,vs8wuamr5225_cbc_1001_20230608_130008_11_1_epi_msi_tv_44slices_v3.nii,278,20230608_130008_11_1,0,CBC_1001_MSI_TV_v3_Vset3_Tset2_2023-06-08_12h53.37.433.csv,1,1,1,0.909090909,0.977272727,vib,tv,v3,4
CBC_1002,tv1,2,mr5215_cbc_1002_20230531_162026_3_1_epi_msi_tv_44slices_v3.nii,^mr5215_cbc_1002_20230531_161723_2_1_b0_msi_46slices_.*.nii$,vdm5_scmr5215_cbc_1002_20230531_161723_2_1_b0_msi_46slices_ec1_typ3_session1.nii,vs8wuamr5215_cbc_1002_20230531_162026_3_1_epi_msi_tv_44slices_v3.nii,278,20230531_162026_3_1,0,CBC_1002_MSI_TV_v3_Vset1_Tset3_2023-05-31_16h13.57.205.csv,0.636363636,0.545454545,0.454545455,0.909090909,0.636363636,vib,tv,v3,1
CBC_1002,av1,2,mr5215_cbc_1002_20230531_162831_4_1_epi_msi_av_44slices_v3.nii,^mr5215_cbc_1002_20230531_161723_2_1_b0_msi_46slices_.*.nii$,vdm5_scmr5215_cbc_1002_20230531_161723_2_1_b0_msi_46slices_ec1_typ3_session2.nii,vs8wuamr5215_cbc_1002_20230531_162831_4_1_epi_msi_av_44slices_v3.nii,278,20230531_162831_4_1,0,CBC_1002_MSI_AV_v3_Vset4_Aset2_2023-05-31_16h22.12.197.csv,0.454545455,0.363636364,0.636363636,0.545454545,0.5,env,av,v3,2
CBC_1002,tv2,8,mr5215_cbc_1002_20230531_171903_9_1_epi_msi_tv_44slices_v3.nii,^mr5215_cbc_1002_20230531_171556_8_1_b0_msi_46slices_.*.nii$,vdm5_scmr5215_cbc_1002_20230531_171556_8_1_b0_msi_46slices_ec1_typ3_session1.nii,vs8wuamr5215_cbc_1002_20230531_171903_9_1_epi_msi_tv_44slices_v3.nii,278,20230531_171903_9_1,0,CBC_1002_MSI_TV_v3_Vset6_Tset1_2023-05-31_17h12.40.954.csv,0.727272727,0.727272727,0.454545455,0.636363636,0.636363636,vib,tv,v3,3
CBC_1002,av2,8,mr5215_cbc_1002_20230531_172705_10_1_epi_msi_av_44slices_v3.nii,^mr5215_cbc_1002_20230531_171556_8_1_b0_msi_46slices_.*.nii$,vdm5_scmr5215_cbc_1002_20230531_171556_8_1_b0_msi_46slices_ec1_typ3_session2.nii,vs8wuamr5215_cbc_1002_20230531_172705_10_1_epi_msi_av_44slices_v3.nii,278,20230531_172705_10_1,0,CBC_1002_MSI_AV_v3_Vset3_Aset1_2023-05-31_17h20.54.856.csv,0.909090909,1,0.727272727,0.818181818,0.863636364,env,av,v3,4
CBC_1003,av1,2,mr5231_cbc_1003_20230614_150255_3_1_epi_msi_av_44slices_v3.nii,^mr5231_cbc_1003_20230614_145937_2_1_b0_msi_46slices_.*.nii$,vdm5_scmr5231_cbc_1003_20230614_145937_2_1_b0_msi_46slices_ec1_typ3.nii,vs8wuamr5231_cbc_1003_20230614_150255_3_1_epi_msi_av_44slices_v3.nii,278,20230614_150255_3_1,0,CBC_1003_MSI_AV_v3_Vset4_Aset3_2023-06-14_14h56.33.053.csv,0.454545455,0.454545455,0.454545455,0.454545455,0.454545455,env,av,v3,1
CBC_1003,tv1,5,mr5231_cbc_1003_20230614_152034_6_1_epi_msi_tv_44slices_v3.nii,^mr5231_cbc_1003_20230614_151738_5_1_b0_msi_46slices_.*.nii$,vdm5_scmr5231_cbc_1003_20230614_151738_5_1_b0_msi_46slices_ec1_typ3.nii,vs8wuamr5231_cbc_1003_20230614_152034_6_1_epi_msi_tv_44slices_v3.nii,278,20230614_152034_6_1,46.04,CBC_1003_MSI_TV_v3_Vset2_Tset1_2023-06-14_15h14.11.996.csv,0.818181818,0.636363636,0.727272727,0.636363636,0.704545455,vib,tv,v3,2
CBC_1003,tv2,10,mr5231_cbc_1003_20230614_162810_12_1_epi_msi_tv_44slices_v3.nii,^mr5231_cbc_1003_20230614_162203_10_1_b0_msi_46slices_.*.nii$,vdm5_scmr5231_cbc_1003_20230614_162203_10_1_b0_msi_46slices_ec1_typ3.nii,vs8wuamr5231_cbc_1003_20230614_162810_12_1_epi_msi_tv_44slices_v3.nii,278,20230614_162810_12_1,14.39,CBC_1003_MSI_TV_v3_Vset5_Tset3_2023-06-14_16h21.52.910.csv,0.818181818,0.636363636,0.454545455,0.545454545,0.613636364,vib,tv,v3,3
CBC_1004,tv1,3,mr5227_cbc_1004_20230610_094238_4_1_epi_msi_tv_44slices_v3.nii,^mr5227_cbc_1004_20230610_093939_3_1_b0_msi_46slices_.*.nii$,vdm5_scmr5227_cbc_1004_20230610_093939_3_1_b0_msi_46slices_ec1_typ3.nii,vs8wuamr5227_cbc_1004_20230610_094238_4_1_epi_msi_tv_44slices_v3.nii,278,20230610_094238_4_1,26.62,CBC_1004_MSI_TV_v3_Vset3_Tset2_2023-06-10_09h36.21.990.csv,0.636363636,0.545454545,0.545454545,0.545454545,0.568181818,vib,tv,v3,1
CBC_1005,av1,2,mr5220_cbc_1005_20230603_125314_3_1_epi_msi_av_44slices_v3.nii,^mr5220_cbc_1005_20230603_125007_2_1_b0_msi_46slices_.*.nii$,vdm5_scmr5220_cbc_1005_20230603_125007_2_1_b0_msi_46slices_ec1_typ3_session1.nii,vs8wuamr5220_cbc_1005_20230603_125314_3_1_epi_msi_av_44slices_v3.nii,278,20230603_125314_3_1,0,CBC_1005_MSI_AV_v3_Vset5_Aset2_2023-06-03_12h46.50.942.csv,0.545454545,0.545454545,0.181818182,0.272727273,0.386363636,env,av,v3,1
CBC_1005,tv1,2,mr5220_cbc_1005_20230603_130152_4_1_epi_msi_tv_44slices_v3.nii,^mr5220_cbc_1005_20230603_125007_2_1_b0_msi_46slices_.*.nii$,vdm5_scmr5220_cbc_1005_20230603_125007_2_1_b0_msi_46slices_ec1_typ3_session2.nii,vs8wuamr5220_cbc_1005_20230603_130152_4_1_epi_msi_tv_44slices_v3.nii,278,20230603_130152_4_1,0,CBC_1005_MSI_TV_v3_Vset2_Tset1_2023-06-03_12h55.30.379.csv,0.636363636,0.545454545,0.181818182,0.545454545,0.477272727,vib,tv,v3,2
CBC_1005,av2,8,mr5220_cbc_1005_20230603_142146_9_1_epi_msi_av_44slices_v3.nii,^mr5220_cbc_1005_20230603_141830_8_1_b0_msi_46slices_.*.nii$,vdm5_scmr5220_cbc_1005_20230603_141830_8_1_b0_msi_46slices_ec1_typ3_session1.nii,vs8wuamr5220_cbc_1005_20230603_142146_9_1_epi_msi_av_44slices_v3.nii,278,20230603_142146_9_1,0,CBC_1005_MSI_AV_v3_Vset6_Aset3_2023-06-03_14h15.22.631.csv,0.636363636,0.454545455,0.636363636,0.545454545,0.568181818,env,av,v3,3
CBC_1005,tv2,8,mr5220_cbc_1005_20230603_142959_10_1_epi_msi_tv_44slices_v3.nii,^mr5220_cbc_1005_20230603_141830_8_1_b0_msi_46slices_.*.nii$,vdm5_scmr5220_cbc_1005_20230603_141830_8_1_b0_msi_46slices_ec1_typ3_session2.nii,vs8wuamr5220_cbc_1005_20230603_142959_10_1_epi_msi_tv_44slices_v3.nii,278,20230603_142959_10_1,0,CBC_1005_MSI_TV_v3_Vset3_Tset2_2023-06-03_14h23.46.710.csv,0.545454545,0.818181818,0.909090909,0.727272727,0.75,vib,tv,v3,4
CBC_1006,av1,2,mr5219_cbc_1006_20230603_120608_3_1_epi_msi_av_44slices_v3.nii,^mr5219_cbc_1006_20230603_120302_2_1_b0_msi_46slices_.*.nii$,vdm5_scmr5219_cbc_1006_20230603_120302_2_1_b0_msi_46slices_ec1_typ3_session1.nii,vs8wuamr5219_cbc_1006_20230603_120608_3_1_epi_msi_av_44slices_v3.nii,278,20230603_120608_3_1,4.32,CBC_1006_MSI_AV_v3_Vset1_Aset3_2023-06-03_11h59.24.512.csv,0.454545455,0.636363636,0.909090909,0.818181818,0.704545455,env,av,v3,1
CBC_1006,tv1,2,mr5219_cbc_1006_20230603_121413_4_1_epi_msi_tv_44slices_v3.nii,^mr5219_cbc_1006_20230603_120302_2_1_b0_msi_46slices_.*.nii$,vdm5_scmr5219_cbc_1006_20230603_120302_2_1_b0_msi_46slices_ec1_typ3_session2.nii,vs8wuamr5219_cbc_1006_20230603_121413_4_1_epi_msi_tv_44slices_v3.nii,278,20230603_121413_4_1,1.44,CBC_1006_MSI_TV_v3_Vset4_Tset3_2023-06-03_12h08.01.236.csv,0.454545455,0.272727273,0.727272727,0.727272727,0.545454545,vib,tv,v3,2
CBC_1006,av2,8,mr5219_cbc_1006_20230603_134028_9_1_epi_msi_av_44slices_v3.nii,^mr5219_cbc_1006_20230603_133513_8_1_b0_msi_46slices_.*.nii$,vdm5_scmr5219_cbc_1006_20230603_133513_8_1_b0_msi_46slices_ec1_typ3_session1.nii,vs8wuamr5219_cbc_1006_20230603_134028_9_1_epi_msi_av_44slices_v3.nii,278,20230603_134028_9_1,4.32,CBC_1006_MSI_AV_v3_Vset2_Aset2_2023-06-03_13h33.59.045.csv,0.272727273,0.181818182,1,0.818181818,0.568181818,env,av,v3,3
CBC_1006,tv2,8,mr5219_cbc_1006_20230603_134847_10_1_epi_msi_tv_44slices_v3.nii,^mr5219_cbc_1006_20230603_133513_8_1_b0_msi_46slices_.*.nii$,vdm5_scmr5219_cbc_1006_20230603_133513_8_1_b0_msi_46slices_ec1_typ3_session2.nii,vs8wuamr5219_cbc_1006_20230603_134847_10_1_epi_msi_tv_44slices_v3.nii,278,20230603_134847_10_1,0.72,CBC_1006_MSI_TV_v3_Vset5_Tset1_2023-06-03_13h42.16.778.csv,0.727272727,0.545454545,0.454545455,0.545454545,0.568181818,vib,tv,v3,4
CBC_1007,av1,9,mr5242_cbc_1007_20230621_160623_10_1_epi_msi_av_44slices_v3.nii,^mr5242_cbc_1007_20230621_160340_9_1_b0_msi_46slices_.*.nii$,vdm5_scmr5242_cbc_1007_20230621_160340_9_1_b0_msi_46slices_ec1_typ3_session1.nii,vs8wuamr5242_cbc_1007_20230621_160623_10_1_epi_msi_av_44slices_v3.nii,278,20230621_160623_10_1,0.72,CBC_1007_MSI_AV_v3_Vset2_Aset1_2023-06-21_15h59.48.192.csv,0.545454545,0.727272727,1,0.909090909,0.795454545,env,av,v3,1
CBC_1007,tv1,9,mr5242_cbc_1007_20230621_161423_11_1_epi_msi_tv_44slices_v3.nii,^mr5242_cbc_1007_20230621_160340_9_1_b0_msi_46slices_.*.nii$,vdm5_scmr5242_cbc_1007_20230621_160340_9_1_b0_msi_46slices_ec1_typ3_session2.nii,vs8wuamr5242_cbc_1007_20230621_161423_11_1_epi_msi_tv_44slices_v3.nii,278,20230621_161423_11_1,0.72,CBC_1007_MSI_TV_v3_Vset5_Tset1_2023-06-21_16h08.10.582.csv,0.818181818,1,1,0.909090909,0.931818182,vib,tv,v3,2
CBC_1007,av2,15,mr5242_cbc_1007_20230621_163049_16_1_epi_msi_av_44slices_v3.nii,^mr5242_cbc_1007_20230621_162754_15_1_b0_msi_46slices_.*.nii$,vdm5_scmr5242_cbc_1007_20230621_162754_15_1_b0_msi_46slices_ec1_typ3.nii,vs8wuamr5242_cbc_1007_20230621_163049_16_1_epi_msi_av_44slices_v3.nii,278,20230621_163049_16_1,2.88,CBC_1007_MSI_AV_v3_Vset4_Aset2_2023-06-21_16h24.09.852.csv,0.909090909,0.818181818,1,1,0.931818182,env,av,v3,3
CBC_1007,tv2,18,mr5242_cbc_1007_20230621_165712_19_1_epi_msi_tv_44slices_v3.nii,^mr5242_cbc_1007_20230621_165427_18_1_b0_msi_46slices_.*.nii$,vdm5_scmr5242_cbc_1007_20230621_165427_18_1_b0_msi_46slices_ec1_typ3.nii,vs8wuamr5242_cbc_1007_20230621_165712_19_1_epi_msi_tv_44slices_v3.nii,278,20230621_165712_19_1,0.72,CBC_1007_MSI_TV_v3_Vset1_Tset3_2023-06-21_16h50.43.207.csv,0.636363636,1,1,0.909090909,0.886363636,vib,tv,v3,4
CBC_1008,tv1,2,mr5238_cbc_1008_20230618_152238_3_1_epi_msi_tv_44slices_v3.nii,^mr5238_cbc_1008_20230618_151926_2_1_b0_msi_46slices_.*.nii$,vdm5_scmr5238_cbc_1008_20230618_151926_2_1_b0_msi_46slices_ec1_typ3.nii,vs8wuamr5238_cbc_1008_20230618_152238_3_1_epi_msi_tv_44slices_v3.nii,278,20230618_152238_3_1,77.7,CBC_1008_MSI_TV_v3_Vset5_Tset1_2023-06-18_15h16.01.203.csv,0.363636364,0.272727273,0.636363636,0.363636364,0.409090909,vib,tv,v3,1
CBC_1008,av1,6,mr5238_cbc_1008_20230618_154126_7_1_epi_msi_av_44slices_v3.nii,^mr5238_cbc_1008_20230618_153833_6_1_b0_msi_46slices_.*.nii$,vdm5_scmr5238_cbc_1008_20230618_153833_6_1_b0_msi_46slices_ec1_typ3.nii,vs8wuamr5238_cbc_1008_20230618_154126_7_1_epi_msi_av_44slices_v3.nii,278,20230618_154126_7_1,32.38,CBC_1008_MSI_AV_v3_Vset2_Aset1_2023-06-18_15h34.41.960.csv,0.454545455,0.272727273,0.181818182,0.545454545,0.363636364,env,av,v3,2
CBC_1008,tv2,11,mr5238_cbc_1008_20230618_172542_12_1_epi_msi_tv_44slices_v3.nii,^mr5238_cbc_1008_20230618_172242_11_1_b0_msi_46slices_.*.nii$,vdm5_scmr5238_cbc_1008_20230618_172242_11_1_b0_msi_46slices_ec1_typ3_session1.nii,vs8wuamr5238_cbc_1008_20230618_172542_12_1_epi_msi_tv_44slices_v3.nii,278,20230618_172542_12_1,6.83,CBC_1008_MSI_TV_v3_Vset4_Tset3_2023-06-18_17h18.54.308.csv,0.181818182,0.363636364,0.454545455,0.454545455,0.363636364,vib,tv,v3,3
CBC_1008,av2,11,mr5238_cbc_1008_20230618_173400_13_1_epi_msi_av_44slices_v3.nii,^mr5238_cbc_1008_20230618_172242_11_1_b0_msi_46slices_.*.nii$,vdm5_scmr5238_cbc_1008_20230618_172242_11_1_b0_msi_46slices_ec1_typ3_session2.nii,vs8wuamr5238_cbc_1008_20230618_173400_13_1_epi_msi_av_44slices_v3.nii,278,20230618_173400_13_1,24.82,CBC_1008_MSI_AV_v3_Vset1_Aset3_2023-06-18_17h27.44.269.csv,0.545454545,0.545454545,0.181818182,0.363636364,0.409090909,env,av,v3,4
CBC_1009,av1,2,mr5237_cbc_1009_20230618_144810_5_1_epi_msi_av_44slices_v3.nii,^mr5237_cbc_1009_20230618_142629_2_1_b0_msi_46slices_.*.nii$,vdm5_scmr5237_cbc_1009_20230618_142629_2_1_b0_msi_46slices_ec1_typ3.nii,vs8wuamr5237_cbc_1009_20230618_144810_5_1_epi_msi_av_44slices_v3.nii,278,20230618_144810_5_1,60.43,CBC_1009_MSI_AV_v3_Vset3_Aset3_2023-06-18_14h41.39.214.csv,0.181818182,0.181818182,0.636363636,0.636363636,0.409090909,env,av,v3,1
CBC_1009,tv1,8,mr5237_cbc_1009_20230618_161939_9_1_epi_msi_tv_44slices_v3.nii,^mr5237_cbc_1009_20230618_161641_8_1_b0_msi_46slices_.*.nii$,vdm5_scmr5237_cbc_1009_20230618_161641_8_1_b0_msi_46slices_ec1_typ3_session1.nii,vs8wuamr5237_cbc_1009_20230618_161939_9_1_epi_msi_tv_44slices_v3.nii,278,20230618_161939_9_1,0,CBC_1009_MSI_TV_v3_Vset6_Tset3_2023-06-18_16h12.59.856.csv,0.454545455,0.454545455,0.363636364,0.454545455,0.431818182,vib,tv,v3,2
CBC_1009,av2,8,mr5237_cbc_1009_20230618_162855_10_1_epi_msi_av_44slices_v3.nii,^mr5237_cbc_1009_20230618_161641_8_1_b0_msi_46slices_.*.nii$,vdm5_scmr5237_cbc_1009_20230618_161641_8_1_b0_msi_46slices_ec1_typ3_session2.nii,vs8wuamr5237_cbc_1009_20230618_162855_10_1_epi_msi_av_44slices_v3.nii,278,20230618_162855_10_1,16.55,CBC_1009_MSI_AV_v3_Vset5_Aset2_2023-06-18_16h22.35.311.csv,0.181818182,0.363636364,0.363636364,0.454545455,0.340909091,env,av,v3,3
CBC_1009,tv2,14,mr5237_cbc_1009_20230618_170604_15_1_epi_msi_tv_44slices_v3.nii,^mr5237_cbc_1009_20230618_170306_14_1_b0_msi_46slices_.*.nii$,vdm5_scmr5237_cbc_1009_20230618_170306_14_1_b0_msi_46slices_ec1_typ3.nii,vs8wuamr5237_cbc_1009_20230618_170604_15_1_epi_msi_tv_44slices_v3.nii,278,20230618_170604_15_1,23.74,CBC_1009_MSI_TV_v3_Vset2_Tset2_2023-06-18_16h59.29.656.csv,0.272727273,0.363636364,0.363636364,0.454545455,0.363636364,vib,tv,v3,4
CBC_1010,tv1,2,mr5462_cbc_1010_20240320_151753_3_1_epi_msi_tv_44slices_v3.nii,^mr5462_cbc_1010_20240320_151451_2_1_b0_msi_46slices_.*.nii$,vdm5_scmr5462_cbc_1010_20240320_151451_2_1_b0_msi_46slices_ec1_typ3_session1.nii,vs8wuamr5462_cbc_1010_20240320_151753_3_1_epi_msi_tv_44slices_v3.nii,291,20240320_151753_3_1,0,CBC_1010_MSI_TV_v3_Vset6_Tset3_2024-03-20_15h09.46.455.csv,0.545454545,0.727272727,0.909090909,1,0.795454545,vib,tv,v3,1
CBC_1010,av1,2,mr5462_cbc_1010_20240320_152635_4_1_epi_msi_av_44slices_v3.nii,^mr5462_cbc_1010_20240320_151451_2_1_b0_msi_46slices_.*.nii$,vdm5_scmr5462_cbc_1010_20240320_151451_2_1_b0_msi_46slices_ec1_typ3_session2.nii,vs8wuamr5462_cbc_1010_20240320_152635_4_1_epi_msi_av_44slices_v3.nii,291,20240320_152635_4_1,0,CBC_1010_MSI_AV_v3_Vset5_Aset6_2024-03-20_15h18.38.614.csv,0.636363636,0.636363636,0.454545455,0.909090909,0.659090909,syll,av,v3,2
CBC_1010,av2,8,mr5462_cbc_1010_20240320_163651_9_1_epi_msi_av_44slices_v3.nii,^mr5462_cbc_1010_20240320_163400_8_1_b0_msi_46slices_.*.nii$,vdm5_scmr5462_cbc_1010_20240320_163400_8_1_b0_msi_46slices_ec1_typ3.nii,vs8wuamr5462_cbc_1010_20240320_163651_9_1_epi_msi_av_44slices_v3.nii,291,20240320_163651_9_1,0.69,CBC_1010_MSI_AV_v3_Vset4_Aset1_2024-03-20_16h28.37.956.csv,0.636363636,0.636363636,0.727272727,0.818181818,0.704545455,env,av,v3,3
CBC_1011,av1,2,mr5463_cbc_1011_20240320_142820_3_1_epi_msi_av_44slices_v3.nii,^mr5463_cbc_1011_20240320_142520_2_1_b0_msi_46slices_.*.nii$,vdm5_scmr5463_cbc_1011_20240320_142520_2_1_b0_msi_46slices_ec1_typ3_session1.nii,vs8wuamr5463_cbc_1011_20240320_142820_3_1_epi_msi_av_44slices_v3.nii,291,20240320_142820_3_1,0,CBC_1011_MSI_AV_v3_Vset1_Aset5_2024-03-20_14h20.09.029.csv,0.727272727,0.636363636,0.909090909,0.727272727,0.75,syll,av,v3,1
CBC_1011,tv1,2,mr5463_cbc_1011_20240320_143654_4_1_epi_msi_tv_44slices_v3.nii,^mr5463_cbc_1011_20240320_142520_2_1_b0_msi_46slices_.*.nii$,vdm5_scmr5463_cbc_1011_20240320_142520_2_1_b0_msi_46slices_ec1_typ3_session2.nii,vs8wuamr5463_cbc_1011_20240320_143654_4_1_epi_msi_tv_44slices_v3.nii,291,20240320_143654_4_1,0,CBC_1011_MSI_TV_v3_Vset2_Tset3_2024-03-20_14h28.58.206.csv,0.636363636,0.727272727,0.909090909,0.818181818,0.772727273,vib,tv,v3,2
CBC_1011,av2,8,mr5463_cbc_1011_20240320_160134_9_1_epi_msi_av_44slices_v3.nii,^mr5463_cbc_1011_20240320_155844_8_1_b0_msi_46slices_.*.nii$,vdm5_scmr5463_cbc_1011_20240320_155844_8_1_b0_msi_46slices_ec1_typ3.nii,vs8wuamr5463_cbc_1011_20240320_160134_9_1_epi_msi_av_44slices_v3.nii,291,20240320_160134_9_1,0,CBC_1011_MSI_AV_v3_Vset3_Aset2_2024-03-20_15h53.25.911.csv,0.727272727,0.909090909,0.909090909,0.909090909,0.863636364,env,av,v3,3
CBC_1012,tv1,2,mr5243_cbc_1012_20230623_154410_4_1_epi_msi_tv_44slices_v3.nii,^mr5243_cbc_1012_20230623_153847_2_1_b0_msi_46slices_.*.nii$,vdm5_scmr5243_cbc_1012_20230623_153847_2_1_b0_msi_46slices_ec1_typ3.nii,vs8wuamr5243_cbc_1012_20230623_154410_4_1_epi_msi_tv_44slices_v3.nii,291,20230623_154410_4_1,29.55,CBC_1012_MSI_TV_v3_Vset2_Tset1_2023-06-23_15h37.46.617.csv,0.272727273,0.363636364,0.545454545,0.545454545,0.431818182,vib,tv,v3,1
CBC_1012,av1,7,mr5243_cbc_1012_20230623_160934_8_1_epi_msi_av_44slices_v3.nii,^mr5243_cbc_1012_20230623_160657_7_1_b0_msi_46slices_.*.nii$,vdm5_scmr5243_cbc_1012_20230623_160657_7_1_b0_msi_46slices_ec1_typ3.nii,vs8wuamr5243_cbc_1012_20230623_160934_8_1_epi_msi_av_44slices_v3.nii,291,20230623_160934_8_1,6.88,CBC_1012_MSI_AV_v3_Vset5_Aset1_2023-06-23_16h03.04.797.csv,0.454545455,0.909090909,0.545454545,0.454545455,0.590909091,env,av,v3,2
CBC_1013,av1,2,mr5244_cbc_1013_20230623_143111_3_1_epi_msi_av_44slices_v3.nii,^mr5244_cbc_1013_20230623_142545_2_1_b0_msi_46slices_.*.nii$,vdm5_scmr5244_cbc_1013_20230623_142545_2_1_b0_msi_46slices_ec1_typ3_session1.nii,vs8wuamr5244_cbc_1013_20230623_143111_3_1_epi_msi_av_44slices_v3.nii,291,20230623_143111_3_1,1.72,CBC_1013_MSI_AV_v3_Vset5_Aset2_2023-06-23_14h24.40.256.csv,0.636363636,0.818181818,0.636363636,0.727272727,0.704545455,env,av,v3,1
CBC_1013,tv1,2,mr5244_cbc_1013_20230623_143938_4_1_epi_msi_tv_44slices_v3.nii,^mr5244_cbc_1013_20230623_142545_2_1_b0_msi_46slices_.*.nii$,vdm5_scmr5244_cbc_1013_20230623_142545_2_1_b0_msi_46slices_ec1_typ3_session2.nii,vs8wuamr5244_cbc_1013_20230623_143938_4_1_epi_msi_tv_44slices_v3.nii,291,20230623_143938_4_1,7.22,CBC_1013_MSI_TV_v3_Vset2_Tset1_2023-06-23_14h33.16.590.csv,0.454545455,0.545454545,0.545454545,0.090909091,0.409090909,vib,tv,v3,2
CBC_1013,tv2,2,mr5244_cbc_1013_20230623_150733_8_1_epi_msi_tv_44slices_v3.nii,^mr5244_cbc_1013_20230623_142545_2_1_b0_msi_46slices_.*.nii$,vdm5_scmr5244_cbc_1013_20230623_142545_2_1_b0_msi_46slices_ec1_typ3_session3.nii,vs8wuamr5244_cbc_1013_20230623_150733_8_1_epi_msi_tv_44slices_v3.nii,291,20230623_150733_8_1,0.69,CBC_1013_MSI_TV_v3_Vset4_Tset2_2023-06-23_15h01.09.889.csv,0.545454545,0.636363636,0.454545455,0.454545455,0.522727273,vib,tv,v3,3
CBC_1013,av2,10,mr5244_cbc_1013_20230623_165630_11_1_epi_msi_av_44slices_v3.nii,^mr5244_cbc_1013_20230623_165322_10_1_b0_msi_46slices_.*.nii$,vdm5_scmr5244_cbc_1013_20230623_165322_10_1_b0_msi_46slices_ec1_typ3_session1.nii,vs8wuamr5244_cbc_1013_20230623_165630_11_1_epi_msi_av_44slices_v3.nii,291,20230623_165630_11_1,0,CBC_1013_MSI_AV_v3_Vset3_Aset1_2023-06-23_16h50.00.877.csv,0.909090909,0.727272727,0.727272727,1,0.840909091,env,av,v3,4
CBC_1013,tv3,10,mr5244_cbc_1013_20230623_170442_12_1_epi_msi_tv_44slices_v3.nii,^mr5244_cbc_1013_20230623_165322_10_1_b0_msi_46slices_.*.nii$,vdm5_scmr5244_cbc_1013_20230623_165322_10_1_b0_msi_46slices_ec1_typ3_session2.nii,vs8wuamr5244_cbc_1013_20230623_170442_12_1_epi_msi_tv_44slices_v3.nii,291,20230623_170442_12_1,0,CBC_1013_MSI_TV_v3_Vset6_Tset3_2023-06-23_16h58.24.978.csv,0.454545455,0.636363636,0.818181818,0.454545455,0.590909091,vib,tv,v3,5
CBC_1014,tv1,2,mr5245_cbc_1014_20230625_104900_3_1_epi_msi_tv_44slices_v3.nii,^mr5245_cbc_1014_20230625_104624_2_1_b0_msi_46slices_.*.nii$,vdm5_scmr5245_cbc_1014_20230625_104624_2_1_b0_msi_46slices_ec1_typ3_session1.nii,vs8wuamr5245_cbc_1014_20230625_104900_3_1_epi_msi_tv_44slices_v3.nii,291,20230625_104900_3_1,7.56,CBC_1014_MSI_TV_v3_Vset4_Tset3_2023-06-25_10h42.28.156.csv,0.454545455,0.636363636,0.727272727,0.454545455,0.568181818,vib,tv,v3,1
CBC_1014,av1,2,mr5245_cbc_1014_20230625_105721_4_1_epi_msi_av_44slices_v3.nii,^mr5245_cbc_1014_20230625_104624_2_1_b0_msi_46slices_.*.nii$,vdm5_scmr5245_cbc_1014_20230625_104624_2_1_b0_msi_46slices_ec1_typ3_session2.nii,vs8wuamr5245_cbc_1014_20230625_105721_4_1_epi_msi_av_44slices_v3.nii,291,20230625_105721_4_1,8.93,CBC_1014_MSI_AV_v3_Vset1_Aset1_2023-06-25_10h51.07.076.csv,0.454545455,0.363636364,0.363636364,0.727272727,0.477272727,env,av,v3,2
CBC_1014,tv2,8,mr5245_cbc_1014_20230625_123547_9_1_epi_msi_tv_44slices_v3.nii,^mr5245_cbc_1014_20230625_123313_8_1_b0_msi_46slices_.*.nii$,vdm5_scmr5245_cbc_1014_20230625_123313_8_1_b0_msi_46slices_ec1_typ3_session1.nii,vs8wuamr5245_cbc_1014_20230625_123547_9_1_epi_msi_tv_44slices_v3.nii,291,20230625_123547_9_1,0,CBC_1014_MSI_TV_v3_Vset3_Tset1_2023-06-25_12h29.13.889.csv,0.545454545,0.363636364,0.363636364,0.545454545,0.454545455,vib,tv,v3,3
CBC_1014,av2,8,mr5245_cbc_1014_20230625_124411_10_1_epi_msi_av_44slices_v3.nii,^mr5245_cbc_1014_20230625_123313_8_1_b0_msi_46slices_.*.nii$,vdm5_scmr5245_cbc_1014_20230625_123313_8_1_b0_msi_46slices_ec1_typ3_session2.nii,vs8wuamr5245_cbc_1014_20230625_124411_10_1_epi_msi_av_44slices_v3.nii,291,20230625_124411_10_1,0,CBC_1014_MSI_AV_v3_Vset6_Aset3_2023-06-25_12h37.50.287.csv,0.363636364,0.727272727,0.818181818,1,0.727272727,env,av,v3,4
CBC_1014,av3,8,mr5245_cbc_1014_20230625_125916_12_1_epi_msi_av_44slices_v3.nii,^mr5245_cbc_1014_20230625_123313_8_1_b0_msi_46slices_.*.nii$,vdm5_scmr5245_cbc_1014_20230625_123313_8_1_b0_msi_46slices_ec1_typ3_session3.nii,vs8wuamr5245_cbc_1014_20230625_125916_12_1_epi_msi_av_44slices_v3.nii,291,20230625_125916_12_1,2.06,CBC_1014_MSI_AV_v3_Vset5_Aset2_2023-06-25_12h52.52.235.csv,0.636363636,0.363636364,0.454545455,0.727272727,0.545454545,env,av,v3,5
CBC_1015,av1,2,mr5246_cbc_1015_20230625_141040_3_1_epi_msi_av_44slices_v3.nii,^mr5246_cbc_1015_20230625_140744_2_1_b0_msi_46slices_.*.nii$,vdm5_scmr5246_cbc_1015_20230625_140744_2_1_b0_msi_46slices_ec1_typ3_session1.nii,vs8wuamr5246_cbc_1015_20230625_141040_3_1_epi_msi_av_44slices_v3.nii,291,20230625_141040_3_1,0,CBC_1015_MSI_AV_v3_Vset1_Aset2_2023-06-25_14h04.10.751.csv,0.727272727,0.909090909,1,1,0.909090909,env,av,v3,1
CBC_1015,tv1,2,mr5246_cbc_1015_20230625_141850_4_1_epi_msi_tv_44slices_v3.nii,^mr5246_cbc_1015_20230625_140744_2_1_b0_msi_46slices_.*.nii$,vdm5_scmr5246_cbc_1015_20230625_140744_2_1_b0_msi_46slices_ec1_typ3_session2.nii,vs8wuamr5246_cbc_1015_20230625_141850_4_1_epi_msi_tv_44slices_v3.nii,291,20230625_141850_4_1,1.37,CBC_1015_MSI_TV_v3_Vset4_Tset3_2023-06-25_14h12.36.349.csv,0.727272727,0.636363636,0.818181818,0.818181818,0.75,vib,tv,v3,2
CBC_1015,av2,8,mr5246_cbc_1015_20230625_155827_9_1_epi_msi_av_44slices_v3.nii,^mr5246_cbc_1015_20230625_155544_8_1_b0_msi_46slices_.*.nii$,vdm5_scmr5246_cbc_1015_20230625_155544_8_1_b0_msi_46slices_ec1_typ3_session1.nii,vs8wuamr5246_cbc_1015_20230625_155827_9_1_epi_msi_av_44slices_v3.nii,291,20230625_155827_9_1,0,CBC_1015_MSI_AV_v3_Vset2_Aset3_2023-06-25_15h52.10.699.csv,0.727272727,0.909090909,1,1,0.909090909,env,av,v3,3
CBC_1015,tv2,8,mr5246_cbc_1015_20230625_160637_10_1_epi_msi_tv_44slices_v3.nii,^mr5246_cbc_1015_20230625_155544_8_1_b0_msi_46slices_.*.nii$,vdm5_scmr5246_cbc_1015_20230625_155544_8_1_b0_msi_46slices_ec1_typ3_session2.nii,vs8wuamr5246_cbc_1015_20230625_160637_10_1_epi_msi_tv_44slices_v3.nii,291,20230625_160637_10_1,0,CBC_1015_MSI_TV_v3_Vset5_Tset2_2023-06-25_16h00.28.888.csv,0.363636364,0.636363636,0.636363636,0.636363636,0.568181818,vib,tv,v3,4
CBC_1016,tv1,2,mr5247_cbc_1016_20230625_150249_3_1_epi_msi_tv_44slices_v3.nii,^mr5247_cbc_1016_20230625_150009_2_1_b0_msi_46slices_.*.nii$,vdm5_scmr5247_cbc_1016_20230625_150009_2_1_b0_msi_46slices_ec1_typ3_session1.nii,vs8wuamr5247_cbc_1016_20230625_150249_3_1_epi_msi_tv_44slices_v3.nii,291,20230625_150249_3_1,1.37,CBC_1016_MSI_TV_v3_Vset2_Tset3_2023-06-25_14h56.17.212.csv,0.727272727,0.636363636,0.909090909,0.818181818,0.772727273,vib,tv,v3,1
CBC_1016,av1,2,mr5247_cbc_1016_20230625_151110_4_1_epi_msi_av_44slices_v3.nii,^mr5247_cbc_1016_20230625_150009_2_1_b0_msi_46slices_.*.nii$,vdm5_scmr5247_cbc_1016_20230625_150009_2_1_b0_msi_46slices_ec1_typ3_session2.nii,vs8wuamr5247_cbc_1016_20230625_151110_4_1_epi_msi_av_44slices_v3.nii,291,20230625_151110_4_1,4.47,CBC_1016_MSI_AV_v3_Vset5_Aset2_2023-06-25_15h04.51.235.csv,0.727272727,0.909090909,0.727272727,0.818181818,0.795454545,env,av,v3,2
CBC_1016,av2,2,mr5247_cbc_1016_20230625_152616_6_1_epi_msi_av_44slices_v3.nii,^mr5247_cbc_1016_20230625_150009_2_1_b0_msi_46slices_.*.nii$,vdm5_scmr5247_cbc_1016_20230625_150009_2_1_b0_msi_46slices_ec1_typ3_session3.nii,vs8wuamr5247_cbc_1016_20230625_152616_6_1_epi_msi_av_44slices_v3.nii,291,20230625_152616_6_1,0,CBC_1016_MSI_AV_v3_Vset4_Aset1_2023-06-25_15h20.06.953.csv,1,0.818181818,0.818181818,1,0.909090909,env,av,v3,3
CBC_1016,tv2,9,mr5247_cbc_1016_20230625_163933_10_1_epi_msi_tv_44slices_v3.nii,^mr5247_cbc_1016_20230625_163644_9_1_b0_msi_46slices_.*.nii$,vdm5_scmr5247_cbc_1016_20230625_163644_9_1_b0_msi_46slices_ec1_typ3_session1.nii,vs8wuamr5247_cbc_1016_20230625_163933_10_1_epi_msi_tv_44slices_v3.nii,291,20230625_163933_10_1,0.69,CBC_1016_MSI_TV_v3_Vset3_Tset2_2023-06-25_16h33.10.466.csv,0.727272727,0.636363636,0.818181818,0.727272727,0.727272727,vib,tv,v3,4
CBC_1016,av3,9,mr5247_cbc_1016_20230625_164742_11_1_epi_msi_av_44slices_v3.nii,^mr5247_cbc_1016_20230625_163644_9_1_b0_msi_46slices_.*.nii$,vdm5_scmr5247_cbc_1016_20230625_163644_9_1_b0_msi_46slices_ec1_typ3_session2.nii,vs8wuamr5247_cbc_1016_20230625_164742_11_1_epi_msi_av_44slices_v3.nii,291,20230625_164742_11_1,0,CBC_1016_MSI_AV_v3_Vset6_Aset3_2023-06-25_16h41.28.303.csv,0.818181818,1,0.818181818,0.909090909,0.886363636,env,av,v3,5
CBC_1017,tv1,2,mr5248_cbc_1017_20230625_095432_4_1_epi_msi_tv_44slices_v3.nii,^mr5248_cbc_1017_20230625_093856_2_1_b0_msi_46slices_.*.nii$,vdm5_scmr5248_cbc_1017_20230625_093856_2_1_b0_msi_46slices_ec1_typ3_session1.nii,vs8wuamr5248_cbc_1017_20230625_095432_4_1_epi_msi_tv_44slices_v3.nii,291,20230625_095432_4_1,0,CBC_1017_MSI_TV_v3_Vset5_Tset1_2023-06-25_09h48.15.887.csv,0.909090909,1,0.909090909,0.909090909,0.931818182,vib,tv,v3,1
CBC_1017,av1,2,mr5248_cbc_1017_20230625_101020_6_1_epi_msi_av_44slices_v3.nii,^mr5248_cbc_1017_20230625_093856_2_1_b0_msi_46slices_.*.nii$,vdm5_scmr5248_cbc_1017_20230625_093856_2_1_b0_msi_46slices_ec1_typ3_session2.nii,vs8wuamr5248_cbc_1017_20230625_101020_6_1_epi_msi_av_44slices_v3.nii,291,20230625_101020_6_1,2.41,CBC_1017_MSI_AV_v3_Vset3_Aset3_2023-06-25_10h04.01.692.csv,0.727272727,0.909090909,1,1,0.909090909,env,av,v3,2
CBC_1017,av2,9,mr5248_cbc_1017_20230625_113818_10_1_epi_msi_av_44slices_v3.nii,^mr5248_cbc_1017_20230625_113523_9_1_b0_msi_46slices_.*.nii$,vdm5_scmr5248_cbc_1017_20230625_113523_9_1_b0_msi_46slices_ec1_typ3_session1.nii,vs8wuamr5248_cbc_1017_20230625_113818_10_1_epi_msi_av_44slices_v3.nii,291,20230625_113818_10_1,0,CBC_1017_MSI_AV_v3_Vset1_Aset2_2023-06-25_11h31.46.540.csv,0.727272727,0.909090909,0.909090909,0.909090909,0.863636364,env,av,v3,3
CBC_1017,tv2,9,mr5248_cbc_1017_20230625_115559_12_1_epi_msi_tv_44slices_v3.nii,^mr5248_cbc_1017_20230625_113523_9_1_b0_msi_46slices_.*.nii$,vdm5_scmr5248_cbc_1017_20230625_113523_9_1_b0_msi_46slices_ec1_typ3_session2.nii,vs8wuamr5248_cbc_1017_20230625_115559_12_1_epi_msi_tv_44slices_v3.nii,291,20230625_115559_12_1,0,CBC_1017_MSI_TV_v3_Vset6_Tset2_2023-06-25_11h49.37.760.csv,0.727272727,0.454545455,0.818181818,1,0.75,vib,tv,v3,4
CBC_1018,tv1,2,mr5289_cbc_1018_20230728_140743_3_1_epi_msi_tv_44slices_v3.nii,^mr5289_cbc_1018_20230728_140226_2_1_b0_msi_46slices_.*.nii$,vdm5_scmr5289_cbc_1018_20230728_140226_2_1_b0_msi_46slices_ec1_typ3_session1.nii,vs8wuamr5289_cbc_1018_20230728_140743_3_1_epi_msi_tv_44slices_v3.nii,291,20230728_140743_3_1,0,CBC_1018_MSI_TV_v3_Vset2_Tset2_2023-07-28_14h00.56.927.csv,0.636363636,0.545454545,0.545454545,0.454545455,0.545454545,vib,tv,v3,1
CBC_1018,av1,2,mr5289_cbc_1018_20230728_141620_4_1_epi_msi_av_44slices_v3.nii,^mr5289_cbc_1018_20230728_140226_2_1_b0_msi_46slices_.*.nii$,vdm5_scmr5289_cbc_1018_20230728_140226_2_1_b0_msi_46slices_ec1_typ3_session2.nii,vs8wuamr5289_cbc_1018_20230728_141620_4_1_epi_msi_av_44slices_v3.nii,291,20230728_141620_4_1,0,CBC_1018_MSI_AV_v3_Vset5_Aset3_2023-07-28_14h09.48.835.csv,0.545454545,0.181818182,0.818181818,0.545454545,0.522727273,env,av,v3,2
CBC_1018,av2,2,mr5289_cbc_1018_20230728_143330_6_1_epi_msi_av_44slices_v3.nii,^mr5289_cbc_1018_20230728_140226_2_1_b0_msi_46slices_.*.nii$,vdm5_scmr5289_cbc_1018_20230728_140226_2_1_b0_msi_46slices_ec1_typ3_session3.nii,vs8wuamr5289_cbc_1018_20230728_143330_6_1_epi_msi_av_44slices_v3.nii,291,20230728_143330_6_1,2.06,CBC_1018_MSI_AV_v3_Vset6_Aset2_2023-07-28_14h27.02.226.csv,0.363636364,0.636363636,0.545454545,0.363636364,0.477272727,env,av,v3,3
CBC_1018,tv2,9,mr5289_cbc_1018_20230728_151834_10_1_epi_msi_tv_44slices_v3.nii,^mr5289_cbc_1018_20230728_151550_9_1_b0_msi_46slices_.*.nii$,vdm5_scmr5289_cbc_1018_20230728_151550_9_1_b0_msi_46slices_ec1_typ3_session1.nii,vs8wuamr5289_cbc_1018_20230728_151834_10_1_epi_msi_tv_44slices_v3.nii,291,20230728_151834_10_1,1.72,CBC_1018_MSI_TV_v3_Vset1_Tset3_2023-07-28_15h11.50.359.csv,0.363636364,0.636363636,0.727272727,0.454545455,0.545454545,vib,tv,v3,4
CBC_1018,av3,9,mr5289_cbc_1018_20230728_152714_11_1_epi_msi_av_44slices_v3.nii,^mr5289_cbc_1018_20230728_151550_9_1_b0_msi_46slices_.*.nii$,vdm5_scmr5289_cbc_1018_20230728_151550_9_1_b0_msi_46slices_ec1_typ3_session2.nii,vs8wuamr5289_cbc_1018_20230728_152714_11_1_epi_msi_av_44slices_v3.nii,291,20230728_152714_11_1,9.96,CBC_1018_MSI_AV_v3_Vset4_Aset1_2023-07-28_15h20.37.012.csv,0.545454545,0.181818182,0.272727273,0.636363636,0.409090909,env,av,v3,5
CBC_1019,av1,2,mr5253_cbc_1019_20230628_161517_3_1_epi_msi_av_44slices_v3.nii,^mr5253_cbc_1019_20230628_161226_2_1_b0_msi_46slices_.*.nii$,vdm5_scmr5253_cbc_1019_20230628_161226_2_1_b0_msi_46slices_ec1_typ3_session1.nii,vs8wuamr5253_cbc_1019_20230628_161517_3_1_epi_msi_av_44slices_v3.nii,291,20230628_161517_3_1,0,CBC_1019_MSI_AV_v3_Vset2_Aset1_2023-06-28_16h08.36.821.csv,0.727272727,0.727272727,0.909090909,0.909090909,0.818181818,env,av,v3,1
CBC_1019,tv1,2,mr5253_cbc_1019_20230628_162341_4_1_epi_msi_tv_44slices_v3.nii,^mr5253_cbc_1019_20230628_161226_2_1_b0_msi_46slices_.*.nii$,vdm5_scmr5253_cbc_1019_20230628_161226_2_1_b0_msi_46slices_ec1_typ3_session2.nii,vs8wuamr5253_cbc_1019_20230628_162341_4_1_epi_msi_tv_44slices_v3.nii,291,20230628_162341_4_1,0,CBC_1019_MSI_TV_v3_Vset5_Tset2_2023-06-28_16h17.24.850.csv,0.454545455,0.727272727,0.818181818,0.909090909,0.727272727,vib,tv,v3,2
CBC_1019,av2,8,mr5253_cbc_1019_20230628_175650_9_1_epi_msi_av_44slices_v3.nii,^mr5253_cbc_1019_20230628_175400_8_1_b0_msi_46slices_.*.nii$,vdm5_scmr5253_cbc_1019_20230628_175400_8_1_b0_msi_46slices_ec1_typ3_session1.nii,vs8wuamr5253_cbc_1019_20230628_175650_9_1_epi_msi_av_44slices_v3.nii,291,20230628_175650_9_1,0,CBC_1019_MSI_AV_v3_Vset4_Aset3_2023-06-28_17h50.15.634.csv,0.727272727,1,1,0.909090909,0.909090909,env,av,v3,3
CBC_1019,tv2,8,mr5253_cbc_1019_20230628_180638_10_1_epi_msi_tv_44slices_v3.nii,^mr5253_cbc_1019_20230628_175400_8_1_b0_msi_46slices_.*.nii$,vdm5_scmr5253_cbc_1019_20230628_175400_8_1_b0_msi_46slices_ec1_typ3_session2.nii,vs8wuamr5253_cbc_1019_20230628_180638_10_1_epi_msi_tv_44slices_v3.nii,291,20230628_180638_10_1,0,CBC_1019_MSI_TV_v3_Vset1_Tset3_2023-06-28_18h00.13.129.csv,0.636363636,0.909090909,1,1,0.886363636,vib,tv,v3,4
CBC_1020,tv1,2,mr5252_cbc_1020_20230628_151003_4_1_epi_msi_tv_44slices_v3.nii,^mr5252_cbc_1020_20230628_145806_2_1_b0_msi_46slices_.*.nii$,vdm5_scmr5252_cbc_1020_20230628_145806_2_1_b0_msi_46slices_ec1_typ3_session1.nii,vs8wuamr5252_cbc_1020_20230628_151003_4_1_epi_msi_tv_44slices_v3.nii,291,20230628_151003_4_1,0,CBC_1020_MSI_TV_v3_Vset1_Tset2_2023-06-28_15h03.37.595.csv,0.181818182,0.454545455,0.545454545,0.363636364,0.386363636,vib,tv,v3,1
CBC_1020,av1,2,mr5252_cbc_1020_20230628_151859_5_1_epi_msi_av_44slices_v3.nii,^mr5252_cbc_1020_20230628_145806_2_1_b0_msi_46slices_.*.nii$,vdm5_scmr5252_cbc_1020_20230628_145806_2_1_b0_msi_46slices_ec1_typ3_session2.nii,vs8wuamr5252_cbc_1020_20230628_151859_5_1_epi_msi_av_44slices_v3.nii,291,20230628_151859_5_1,3.78,CBC_1020_MSI_AV_v3_Vset6_Aset1_2023-06-28_15h13.22.031.csv,1,0.909090909,1,1,0.977272727,env,av,v3,2
CBC_1020,tv2,9,mr5252_cbc_1020_20230628_170222_10_1_epi_msi_tv_44slices_v3.nii,^mr5252_cbc_1020_20230628_165939_9_1_b0_msi_46slices_.*.nii$,vdm5_scmr5252_cbc_1020_20230628_165939_9_1_b0_msi_46slices_ec1_typ3_session1.nii,vs8wuamr5252_cbc_1020_20230628_170222_10_1_epi_msi_tv_44slices_v3.nii,291,20230628_170222_10_1,0,CBC_1020_MSI_TV_v3_Vset5_Tset1_2023-06-28_16h55.43.253.csv,0.727272727,0.545454545,0.727272727,0.818181818,0.704545455,vib,tv,v3,3
CBC_1020,av2,9,mr5252_cbc_1020_20230628_171051_11_1_epi_msi_av_44slices_v3.nii,^mr5252_cbc_1020_20230628_165939_9_1_b0_msi_46slices_.*.nii$,vdm5_scmr5252_cbc_1020_20230628_165939_9_1_b0_msi_46slices_ec1_typ3_session2.nii,vs8wuamr5252_cbc_1020_20230628_171051_11_1_epi_msi_av_44slices_v3.nii,291,20230628_171051_11_1,2.06,CBC_1020_MSI_AV_v3_Vset2_Aset2_2023-06-28_17h04.34.667.csv,0.636363636,1,0.909090909,0.545454545,0.772727273,env,av,v3,4
CBC_1020,av3,9,mr5252_cbc_1020_20230628_172604_13_1_epi_msi_av_44slices_v3.nii,^mr5252_cbc_1020_20230628_165939_9_1_b0_msi_46slices_.*.nii$,vdm5_scmr5252_cbc_1020_20230628_165939_9_1_b0_msi_46slices_ec1_typ3_session3.nii,vs8wuamr5252_cbc_1020_20230628_172604_13_1_epi_msi_av_44slices_v3.nii,291,20230628_172604_13_1,8.24,CBC_1020_MSI_AV_v3_Vset4_Aset3_2023-06-28_17h19.47.712.csv,0.454545455,0.363636364,0.454545455,0.636363636,0.477272727,env,av,v3,5
CBC_1021,av1,2,mr5277_cbc_1021_20230718_144738_3_1_epi_msi_av_44slices_v3.nii,^mr5277_cbc_1021_20230718_144438_2_1_b0_msi_46slices_.*.nii$,vdm5_scmr5277_cbc_1021_20230718_144438_2_1_b0_msi_46slices_ec1_typ3_session1.nii,vs8wuamr5277_cbc_1021_20230718_144738_3_1_epi_msi_av_44slices_v3.nii,291,20230718_144738_3_1,0,CBC_1021_MSI_AV_v3_Vset5_Aset2_2023-07-18_14h40.56.369.csv,0.636363636,0.545454545,0.363636364,0.454545455,0.5,env,av,v3,1
CBC_1021,tv1,2,mr5277_cbc_1021_20230718_145606_4_1_epi_msi_tv_44slices_v3.nii,^mr5277_cbc_1021_20230718_144438_2_1_b0_msi_46slices_.*.nii$,vdm5_scmr5277_cbc_1021_20230718_144438_2_1_b0_msi_46slices_ec1_typ3_session2.nii,vs8wuamr5277_cbc_1021_20230718_145606_4_1_epi_msi_tv_44slices_v3.nii,291,20230718_145606_4_1,5.15,CBC_1021_MSI_TV_v3_Vset2_Tset3_2023-07-18_14h49.36.888.csv,0.727272727,0.545454545,0.818181818,0.636363636,0.681818182,vib,tv,v3,2
CBC_1021,av2,8,mr5277_cbc_1021_20230718_162243_9_1_epi_msi_av_44slices_v3.nii,^mr5277_cbc_1021_20230718_161930_8_1_b0_msi_46slices_.*.nii$,vdm5_scmr5277_cbc_1021_20230718_161930_8_1_b0_msi_46slices_ec1_typ3_session1.nii,vs8wuamr5277_cbc_1021_20230718_162243_9_1_epi_msi_av_44slices_v3.nii,291,20230718_162243_9_1,0.69,CBC_1021_MSI_AV_v3_Vset4_Aset3_2023-07-18_16h15.57.561.csv,0.363636364,0.454545455,0.272727273,0.454545455,0.386363636,env,av,v3,3
CBC_1021,tv2,8,mr5277_cbc_1021_20230718_163103_10_1_epi_msi_tv_44slices_v3.nii,^mr5277_cbc_1021_20230718_161930_8_1_b0_msi_46slices_.*.nii$,vdm5_scmr5277_cbc_1021_20230718_161930_8_1_b0_msi_46slices_ec1_typ3_session2.nii,vs8wuamr5277_cbc_1021_20230718_163103_10_1_epi_msi_tv_44slices_v3.nii,291,20230718_163103_10_1,0.69,CBC_1021_MSI_TV_v3_Vset1_Tset2_2023-07-18_16h24.41.177.csv,0.545454545,0.454545455,0.545454545,0.818181818,0.590909091,vib,tv,v3,4
CBC_1022,tv1,2,mr5278_cbc_1022_20230718_134257_3_1_epi_msi_tv_44slices_v3.nii,^mr5278_cbc_1022_20230718_133928_2_1_b0_msi_46slices_.*.nii$,vdm5_scmr5278_cbc_1022_20230718_133928_2_1_b0_msi_46slices_ec1_typ3_session1.nii,vs8wuamr5278_cbc_1022_20230718_134257_3_1_epi_msi_tv_44slices_v3.nii,291,20230718_134257_3_1,1.37,CBC_1022_MSI_TV_v3_Vset1_Tset1_2023-07-18_13h36.12.008.csv,0.545454545,0.090909091,0.818181818,0.454545455,0.477272727,vib,tv,v3,1
CBC_1022,av1,2,mr5278_cbc_1022_20230718_135126_4_1_epi_msi_av_44slices_v3.nii,^mr5278_cbc_1022_20230718_133928_2_1_b0_msi_46slices_.*.nii$,vdm5_scmr5278_cbc_1022_20230718_133928_2_1_b0_msi_46slices_ec1_typ3_session2.nii,vs8wuamr5278_cbc_1022_20230718_135126_4_1_epi_msi_av_44slices_v3.nii,291,20230718_135126_4_1,0,CBC_1022_MSI_AV_v3_Vset4_Aset1_2023-07-18_13h44.55.295.csv,0.545454545,0.363636364,0.545454545,0.272727273,0.431818182,env,av,v3,2
CBC_1022,tv2,8,mr5278_cbc_1022_20230718_153933_9_1_epi_msi_tv_44slices_v3.nii,^mr5278_cbc_1022_20230718_153646_8_1_b0_msi_46slices_.*.nii$,vdm5_scmr5278_cbc_1022_20230718_153646_8_1_b0_msi_46slices_ec1_typ3.nii,vs8wuamr5278_cbc_1022_20230718_153933_9_1_epi_msi_tv_44slices_v3.nii,291,20230718_153933_9_1,0.69,CBC_1022_MSI_TV_v3_Vset3_Tset3_2023-07-18_15h32.56.687.csv,0.636363636,0.545454545,0.545454545,0.545454545,0.568181818,vib,tv,v3,3
CBC_1023,tv1,3,mr5551_cbc_1023_20240524_142148_4_1_epi_msi_tv_44slices_v3.nii,^mr5551_cbc_1023_20240524_141921_3_1_b0_msi_46slices_.*.nii$,vdm5_scmr5551_cbc_1023_20240524_141921_3_1_b0_msi_46slices_ec1_typ3_session1.nii,vs8wuamr5551_cbc_1023_20240524_142148_4_1_epi_msi_tv_44slices_v3.nii,291,20240524_142148_4_1,0,CBC_1023_MSI_TV_v3_Vset6_Tset3_2024-05-24_14h20.55.260.csv,0.636363636,0.454545455,0.363636364,0.090909091,0.386363636,vib,tv,v3,1
CBC_1023,av1,3,mr5551_cbc_1023_20240524_143014_5_1_epi_msi_av_44slices_v3.nii,^mr5551_cbc_1023_20240524_141921_3_1_b0_msi_46slices_.*.nii$,vdm5_scmr5551_cbc_1023_20240524_141921_3_1_b0_msi_46slices_ec1_typ3_session2.nii,vs8wuamr5551_cbc_1023_20240524_143014_5_1_epi_msi_av_44slices_v3.nii,291,20240524_143014_5_1,0,CBC_1023_MSI_AV_v3_Vset5_Aset1_2024-05-24_14h29.23.210.csv,0.272727273,0.545454545,0.454545455,0.545454545,0.454545455,env,av,v3,2
CBC_1023,av2,9,mr5551_cbc_1023_20240524_152807_10_1_epi_msi_av_44slices_v3.nii,^mr5551_cbc_1023_20240524_152524_9_1_b0_msi_46slices_.*.nii$,vdm5_scmr5551_cbc_1023_20240524_152524_9_1_b0_msi_46slices_ec1_typ3_session1.nii,vs8wuamr5551_cbc_1023_20240524_152807_10_1_epi_msi_av_44slices_v3.nii,291,20240524_152807_10_1,0,CBC_1023_MSI_AV_v3_Vset4_Aset6_2024-05-24_15h26.58.267.csv,0.454545455,0.636363636,0.636363636,0.181818182,0.477272727,syll,av,v3,3
CBC_1023,av3,9,mr5551_cbc_1023_20240524_153632_11_1_epi_msi_av_44slices_v3.nii,^mr5551_cbc_1023_20240524_152524_9_1_b0_msi_46slices_.*.nii$,vdm5_scmr5551_cbc_1023_20240524_152524_9_1_b0_msi_46slices_ec1_typ3_session2.nii,vs8wuamr5551_cbc_1023_20240524_153632_11_1_epi_msi_av_44slices_v3.nii,291,20240524_153632_11_1,0.34,CBC_1023_MSI_AV_v3_Vset3_Aset2_2024-05-24_15h35.45.193.csv,0.636363636,0.727272727,0.545454545,0.454545455,0.590909091,env,av,v3,4
CBC_1024,tv1,2,mr5261_cbc_1024_20230705_150950_3_1_epi_msi_tv_44slices_v3.nii,^mr5261_cbc_1024_20230705_150618_2_1_b0_msi_46slices_.*.nii$,vdm5_scmr5261_cbc_1024_20230705_150618_2_1_b0_msi_46slices_ec1_typ3_session1.nii,vs8wuamr5261_cbc_1024_20230705_150950_3_1_epi_msi_tv_44slices_v3.nii,291,20230705_150950_3_1,0.69,CBC_1o24_MSI_TV_v3_Vset3_Tset1_2023-07-05_15h02.58.307.csv,0.545454545,0.818181818,0.636363636,0.727272727,0.681818182,vib,tv,v3,1
CBC_1024,av1,2,mr5261_cbc_1024_20230705_151831_4_1_epi_msi_av_44slices_v3.nii,^mr5261_cbc_1024_20230705_150618_2_1_b0_msi_46slices_.*.nii$,vdm5_scmr5261_cbc_1024_20230705_150618_2_1_b0_msi_46slices_ec1_typ3_session2.nii,vs8wuamr5261_cbc_1024_20230705_151831_4_1_epi_msi_av_44slices_v3.nii,291,20230705_151831_4_1,3.09,CBC_1024_MSI_AV_v3_Vset6_Aset3_2023-07-05_15h12.04.977.csv,0.727272727,0.545454545,0.636363636,1,0.727272727,env,av,v3,2
CBC_1024,tv2,8,mr5261_cbc_1024_20230705_161423_10_1_epi_msi_tv_44slices_v3.nii,^mr5261_cbc_1024_20230705_160805_8_1_b0_msi_46slices_.*.nii$,vdm5_scmr5261_cbc_1024_20230705_160805_8_1_b0_msi_46slices_ec1_typ3_session1.nii,vs8wuamr5261_cbc_1024_20230705_161423_10_1_epi_msi_tv_44slices_v3.nii,291,20230705_161423_10_1,7.56,CBC_1024_MSI_TV_v3_Vset1_Tset2_2023-07-05_16h07.59.104.csv,0.272727273,0.545454545,0.545454545,0.363636364,0.431818182,vib,tv,v3,3
CBC_1024,av2,8,mr5261_cbc_1024_20230705_162313_11_1_epi_msi_av_44slices_v3.nii,^mr5261_cbc_1024_20230705_160805_8_1_b0_msi_46slices_.*.nii$,vdm5_scmr5261_cbc_1024_20230705_160805_8_1_b0_msi_46slices_ec1_typ3_session2.nii,vs8wuamr5261_cbc_1024_20230705_162313_11_1_epi_msi_av_44slices_v3.nii,291,20230705_162313_11_1,0.69,CBC_1024_MSI_AV_v3_Vset4_Aset2_2023-07-05_16h16.42.189.csv,0.727272727,0.727272727,0.818181818,0.909090909,0.795454545,env,av,v3,4
CBC_1026,tv1,2,mr5279_cbc_1026_20230720_115435_3_1_epi_msi_tv_44slices_v3.nii,^mr5279_cbc_1026_20230720_115042_2_1_b0_msi_46slices_.*.nii$,vdm5_scmr5279_cbc_1026_20230720_115042_2_1_b0_msi_46slices_ec1_typ3_session1.nii,vs8wuamr5279_cbc_1026_20230720_115435_3_1_epi_msi_tv_44slices_v3.nii,291,20230720_115435_3_1,0,CBC_1026_MSI_TV_v3_Vset6_Tset1_2023-07-20_11h47.13.772.csv,0.636363636,0.363636364,0.181818182,0.363636364,0.386363636,vib,tv,v3,1
CBC_1026,av1,2,mr5279_cbc_1026_20230720_120305_4_1_epi_msi_av_44slices_v3.nii,^mr5279_cbc_1026_20230720_115042_2_1_b0_msi_46slices_.*.nii$,vdm5_scmr5279_cbc_1026_20230720_115042_2_1_b0_msi_46slices_ec1_typ3_session2.nii,vs8wuamr5279_cbc_1026_20230720_120305_4_1_epi_msi_av_44slices_v3.nii,291,20230720_120305_4_1,1.37,CBC_1026_MSI_AV_v3_Vset3_Aset2_2023-07-20_11h56.22.418.csv,0.545454545,0.363636364,0.545454545,0.545454545,0.5,env,av,v3,2
CBC_1026,tv2,8,mr5279_cbc_1026_20230720_130218_9_1_epi_msi_tv_44slices_v3.nii,^mr5279_cbc_1026_20230720_125929_8_1_b0_msi_46slices_.*.nii$,vdm5_scmr5279_cbc_1026_20230720_125929_8_1_b0_msi_46slices_ec1_typ3_session1.nii,vs8wuamr5279_cbc_1026_20230720_130218_9_1_epi_msi_tv_44slices_v3.nii,291,20230720_130218_9_1,0,CBC_1026_MSI_TV_v3_Vset4_Tset3_2023-07-20_12h55.31.545.csv,0.272727273,0.363636364,0.363636364,0.090909091,0.272727273,vib,tv,v3,3
CBC_1026,av2,8,mr5279_cbc_1026_20230720_131033_10_1_epi_msi_av_44slices_v3.nii,^mr5279_cbc_1026_20230720_125929_8_1_b0_msi_46slices_.*.nii$,vdm5_scmr5279_cbc_1026_20230720_125929_8_1_b0_msi_46slices_ec1_typ3_session2.nii,vs8wuamr5279_cbc_1026_20230720_131033_10_1_epi_msi_av_44slices_v3.nii,291,20230720_131033_10_1,0,CBC_1026_MSI_AV_v3_Vset1_Aset3_2023-07-20_13h03.59.061.csv,0.454545455,0.636363636,0.727272727,0.636363636,0.613636364,env,av,v3,4
CBC_1027,av1,2,mr5281_cbc_1027_20230721_163418_3_1_epi_msi_av_44slices_v3.nii,^mr5281_cbc_1027_20230721_163125_2_1_b0_msi_46slices_.*.nii$,vdm5_scmr5281_cbc_1027_20230721_163125_2_1_b0_msi_46slices_ec1_typ3_session1.nii,vs8wuamr5281_cbc_1027_20230721_163418_3_1_epi_msi_av_44slices_v3.nii,291,20230721_163418_3_1,0,CBC_1027_MSI_AV_v3_Vset5_Aset1_2023-07-21_16h27.29.899.csv,0.727272727,0.818181818,0.454545455,0.727272727,0.681818182,env,av,v3,1
CBC_1027,tv1,2,mr5281_cbc_1027_20230721_164238_4_1_epi_msi_tv_44slices_v3.nii,^mr5281_cbc_1027_20230721_163125_2_1_b0_msi_46slices_.*.nii$,vdm5_scmr5281_cbc_1027_20230721_163125_2_1_b0_msi_46slices_ec1_typ3_session2.nii,vs8wuamr5281_cbc_1027_20230721_164238_4_1_epi_msi_tv_44slices_v3.nii,291,20230721_164238_4_1,0.69,CBC_1027_MSI_TV_v3_Vset2_Tset2_2023-07-21_16h36.05.936.csv,0.727272727,0.818181818,0.909090909,0.818181818,0.818181818,vib,tv,v3,2
CBC_1027,av2,9,mr5281_cbc_1027_20230721_180338_10_1_epi_msi_av_44slices_v3.nii,^mr5281_cbc_1027_20230721_180044_9_1_b0_msi_46slices_.*.nii$,vdm5_scmr5281_cbc_1027_20230721_180044_9_1_b0_msi_46slices_ec1_typ3_session1.nii,vs8wuamr5281_cbc_1027_20230721_180338_10_1_epi_msi_av_44slices_v3.nii,291,20230721_180338_10_1,0,CBC_1027_MSI_AV_v3_Vset6_Aset2_2023-07-21_17h56.54.977.csv,0.545454545,0.818181818,0.727272727,1,0.772727273,env,av,v3,3
CBC_1027,tv2,9,mr5281_cbc_1027_20230721_181203_11_1_epi_msi_tv_44slices_v3.nii,^mr5281_cbc_1027_20230721_180044_9_1_b0_msi_46slices_.*.nii$,vdm5_scmr5281_cbc_1027_20230721_180044_9_1_b0_msi_46slices_ec1_typ3_session2.nii,vs8wuamr5281_cbc_1027_20230721_181203_11_1_epi_msi_tv_44slices_v3.nii,291,20230721_181203_11_1,3.09,CBC_1027_MSI_TV_v3_Vset3_Tset3_2023-07-21_18h05.28.896.csv,0.727272727,0.636363636,0.727272727,0.909090909,0.75,vib,tv,v3,4
CBC_1028,tv1,2,mr5282_cbc_1028_20230721_135507_3_1_epi_msi_tv_44slices_v3.nii,^mr5282_cbc_1028_20230721_135157_2_1_b0_msi_46slices_.*.nii$,vdm5_scmr5282_cbc_1028_20230721_135157_2_1_b0_msi_46slices_ec1_typ3_session1.nii,vs8wuamr5282_cbc_1028_20230721_135507_3_1_epi_msi_tv_44slices_v3.nii,291,20230721_135507_3_1,0.69,CBC_1028_MSI_TV_v3_Vset6_Tset3_2023-07-21_13h48.20.813.csv,0.636363636,0.727272727,0.636363636,0.272727273,0.568181818,vib,tv,v3,1
CBC_1028,av1,2,mr5282_cbc_1028_20230721_140645_5_1_epi_msi_av_44slices_v3.nii,^mr5282_cbc_1028_20230721_135157_2_1_b0_msi_46slices_.*.nii$,vdm5_scmr5282_cbc_1028_20230721_135157_2_1_b0_msi_46slices_ec1_typ3_session2.nii,vs8wuamr5282_cbc_1028_20230721_140645_5_1_epi_msi_av_44slices_v3.nii,291,20230721_140645_5_1,1.72,CBC_1028_MSI_AV_v3_Vset3_Aset1_2023-07-21_14h00.16.706.csv,0.636363636,0.363636364,0.636363636,0.272727273,0.477272727,env,av,v3,2
CBC_1028,tv2,2,mr5282_cbc_1028_20230721_142159_7_1_epi_msi_tv_44slices_v3.nii,^mr5282_cbc_1028_20230721_135157_2_1_b0_msi_46slices_.*.nii$,vdm5_scmr5282_cbc_1028_20230721_135157_2_1_b0_msi_46slices_ec1_typ3_session3.nii,vs8wuamr5282_cbc_1028_20230721_142159_7_1_epi_msi_tv_44slices_v3.nii,291,20230721_142159_7_1,0.69,CBC_1028_MSI_TV_v3_Vset1_Tset2_2023-07-21_14h15.28.088.csv,0.545454545,0.727272727,0.181818182,0.545454545,0.5,vib,tv,v3,3
CBC_1028,tv3,10,mr5282_cbc_1028_20230721_154733_11_1_epi_msi_tv_44slices_v3.nii,^mr5282_cbc_1028_20230721_154430_10_1_b0_msi_46slices_.*.nii$,vdm5_scmr5282_cbc_1028_20230721_154430_10_1_b0_msi_46slices_ec1_typ3_session1.nii,vs8wuamr5282_cbc_1028_20230721_154733_11_1_epi_msi_tv_44slices_v3.nii,291,20230721_154733_11_1,11,CBC_1028_MSI_TV_v3_Vset5_Tset1_2023-07-21_15h40.51.865.csv,0.727272727,0.090909091,0.363636364,0.636363636,0.454545455,vib,tv,v3,4
CBC_1028,av2,10,mr5282_cbc_1028_20230721_155555_12_1_epi_msi_av_44slices_v3.nii,^mr5282_cbc_1028_20230721_154430_10_1_b0_msi_46slices_.*.nii$,vdm5_scmr5282_cbc_1028_20230721_154430_10_1_b0_msi_46slices_ec1_typ3_session2.nii,vs8wuamr5282_cbc_1028_20230721_155555_12_1_epi_msi_av_44slices_v3.nii,291,20230721_155555_12_1,25.09,CBC_1028_MSI_AV_v3_Vset2_Aset3_2023-07-21_15h49.22.200.csv,0.181818182,0.454545455,0.363636364,0.545454545,0.386363636,env,av,v3,5
CBC_1029,av1,2,mr5283_cbc_1029_20230721_145747_3_1_epi_msi_av_44slices_v3.nii,^mr5283_cbc_1029_20230721_145458_2_1_b0_msi_46slices_.*.nii$,vdm5_scmr5283_cbc_1029_20230721_145458_2_1_b0_msi_46slices_ec1_typ3_session1.nii,vs8wuamr5283_cbc_1029_20230721_145747_3_1_epi_msi_av_44slices_v3.nii,291,20230721_145747_3_1,0,CBC_1029_MSI_AV_v3_Vset2_Aset2_2023-07-21_14h51.03.497.csv,0.636363636,0.636363636,0.454545455,0.727272727,0.613636364,env,av,v3,1
CBC_1029,tv1,2,mr5283_cbc_1029_20230721_150615_4_1_epi_msi_tv_44slices_v3.nii,^mr5283_cbc_1029_20230721_145458_2_1_b0_msi_46slices_.*.nii$,vdm5_scmr5283_cbc_1029_20230721_145458_2_1_b0_msi_46slices_ec1_typ3_session2.nii,vs8wuamr5283_cbc_1029_20230721_150615_4_1_epi_msi_tv_44slices_v3.nii,291,20230721_150615_4_1,0,CBC_1029_MSI_TV_v3_Vset5_Tset2_2023-07-21_14h59.39.665.csv,0.545454545,0.545454545,0.272727273,0.727272727,0.522727273,vib,tv,v3,2
CBC_1029,av2,8,mr5283_cbc_1029_20230721_172307_9_1_epi_msi_av_44slices_v3.nii,^mr5283_cbc_1029_20230721_172018_8_1_b0_msi_46slices_.*.nii$,vdm5_scmr5283_cbc_1029_20230721_172018_8_1_b0_msi_46slices_ec1_typ3_session1.nii,vs8wuamr5283_cbc_1029_20230721_172307_9_1_epi_msi_av_44slices_v3.nii,291,20230721_172307_9_1,0,CBC_1029_MSI_AV_v3_Vset6_Aset1_2023-07-21_17h16.24.897.csv,0.727272727,0.363636364,0.818181818,0.636363636,0.636363636,env,av,v3,3
CBC_1029,tv2,8,mr5283_cbc_1029_20230721_173140_10_1_epi_msi_tv_44slices_v3.nii,^mr5283_cbc_1029_20230721_172018_8_1_b0_msi_46slices_.*.nii$,vdm5_scmr5283_cbc_1029_20230721_172018_8_1_b0_msi_46slices_ec1_typ3_session2.nii,vs8wuamr5283_cbc_1029_20230721_173140_10_1_epi_msi_tv_44slices_v3.nii,291,20230721_173140_10_1,0,CBC_1029_MSI_TV_v3_Vset3_Tset1_2023-07-21_17h25.06.255.csv,0.909090909,0.818181818,0.636363636,0.909090909,0.818181818,vib,tv,v3,4
CBC_1030,tv1,2,mr5340_cbc_1030_20230823_151132_3_1_epi_msi_tv_44slices_v3.nii,^mr5340_cbc_1030_20230823_150746_2_1_b0_msi_46slices_.*.nii$,vdm5_scmr5340_cbc_1030_20230823_150746_2_1_b0_msi_46slices_ec1_typ3_session1.nii,vs8wuamr5340_cbc_1030_20230823_151132_3_1_epi_msi_tv_44slices_v3.nii,291,20230823_151132_3_1,2.06,CBC_1030_MSI_TV_v3_Vset3_Tset1_2023-08-23_15h04.35.874.csv,0.727272727,0.636363636,0.818181818,0.727272727,0.727272727,vib,tv,v3,1
CBC_1030,av1,2,mr5340_cbc_1030_20230823_152003_4_1_epi_msi_av_44slices_v3.nii,^mr5340_cbc_1030_20230823_150746_2_1_b0_msi_46slices_.*.nii$,vdm5_scmr5340_cbc_1030_20230823_150746_2_1_b0_msi_46slices_ec1_typ3_session2.nii,vs8wuamr5340_cbc_1030_20230823_152003_4_1_epi_msi_av_44slices_v3.nii,291,20230823_152003_4_1,0,CBC_1030_MSI_AV_v3_Vset6_Aset3_2023-08-23_15h13.18.002.csv,0.909090909,0.727272727,0.909090909,0.636363636,0.795454545,env,av,v3,2
CBC_1030,tv2,8,mr5340_cbc_1030_20230823_160137_9_1_epi_msi_tv_44slices_v3.nii,^mr5340_cbc_1030_20230823_155840_8_1_b0_msi_46slices_.*.nii$,vdm5_scmr5340_cbc_1030_20230823_155840_8_1_b0_msi_46slices_ec1_typ3_session1.nii,vs8wuamr5340_cbc_1030_20230823_160137_9_1_epi_msi_tv_44slices_v3.nii,291,20230823_160137_9_1,5.15,CBC_1030_MSI_TV_v3_Vset4_Tset3_2023-08-23_15h54.43.458.csv,0.727272727,0.545454545,0.636363636,0.545454545,0.613636364,vib,tv,v3,3
CBC_1030,av2,8,mr5340_cbc_1030_20230823_161015_10_1_epi_msi_av_44slices_v3.nii,^mr5340_cbc_1030_20230823_155840_8_1_b0_msi_46slices_.*.nii$,vdm5_scmr5340_cbc_1030_20230823_155840_8_1_b0_msi_46slices_ec1_typ3_session2.nii,vs8wuamr5340_cbc_1030_20230823_161015_10_1_epi_msi_av_44slices_v3.nii,291,20230823_161015_10_1,82.13,CBC_1030_MSI_AV_v3_Vset1_Aset2_2023-08-23_16h03.31.849.csv,0.636363636,0.545454545,0.545454545,0.636363636,0.590909091,env,av,v3,4
CBC_1031,av1,2,mr_cbc_1031_20231020_103219_3_1_epi_msi_av_44slices_v3.nii,^mr_cbc_1031_20231020_102921_2_1_b0_msi_46slices_.*.nii$,vdm5_scmr_cbc_1031_20231020_102921_2_1_b0_msi_46slices_ec1_typ3_session1.nii,vs8wuamr_cbc_1031_20231020_103219_3_1_epi_msi_av_44slices_v3.nii,291,20231020_103219_3_1,9.62,CBC_1031_MSI_AV_v3_Vset1_Aset1_2023-10-20_10h25.09.885.csv,0.454545455,0.454545455,0.636363636,0.454545455,0.5,env,av,v3,1
CBC_1031,av2,2,mr_cbc_1031_20231020_104046_4_1_epi_msi_av_44slices_v3.nii,^mr_cbc_1031_20231020_102921_2_1_b0_msi_46slices_.*.nii$,vdm5_scmr_cbc_1031_20231020_102921_2_1_b0_msi_46slices_ec1_typ3_session2.nii,vs8wuamr_cbc_1031_20231020_104046_4_1_epi_msi_av_44slices_v3.nii,291,20231020_104046_4_1,6.19,CBC_1031_MSI_AV_v3_Vset2_Aset4_2023-10-20_10h33.42.698.csv,0.727272727,0.909090909,0.818181818,0.818181818,0.818181818,syll,av,v3,2
CBC_1031,tv1,9,mr_cbc_1031_20231020_121849_10_1_epi_msi_tv_44slices_v3.nii,^mr_cbc_1031_20231020_121609_9_1_b0_msi_46slices_.*.nii$,vdm5_scmr_cbc_1031_20231020_121609_9_1_b0_msi_46slices_ec1_typ3_session1.nii,vs8wuamr_cbc_1031_20231020_121849_10_1_epi_msi_tv_44slices_v3.nii,291,20231020_121849_10_1,4.12,CBC_1031_MSI_TV_v3_Vset3_Tset1_2023-10-20_12h11.47.981.csv,0.454545455,0.363636364,0.454545455,0.272727273,0.386363636,vib,tv,v3,3
CBC_1031,av3,9,mr_cbc_1031_20231020_122728_11_1_epi_msi_av_44slices_v3.nii,^mr_cbc_1031_20231020_121609_9_1_b0_msi_46slices_.*.nii$,vdm5_scmr_cbc_1031_20231020_121609_9_1_b0_msi_46slices_ec1_typ3_session2.nii,vs8wuamr_cbc_1031_20231020_122728_11_1_epi_msi_av_44slices_v3.nii,291,20231020_122728_11_1,1.37,CBC_1031_MSI_AV_v3_Vset6_Aset2_2023-10-20_12h20.15.905.csv,0.727272727,0.636363636,0.545454545,0.818181818,0.681818182,env,av,v3,4
CBC_1032,av1,2,mr_cbc_1032_20231020_112841_3_1_epi_msi_av_44slices_v1.nii,^mr_cbc_1032_20231020_112550_2_1_b0_msi_46slices_.*.nii$,vdm5_scmr_cbc_1032_20231020_112550_2_1_b0_msi_46slices_ec1_typ3_session1.nii,vs8wuamr_cbc_1032_20231020_112841_3_1_epi_msi_av_44slices_v1.nii,278,20231020_112841_3_1,0,CBC_1032_MSI_AV_v1_Vset2_Aset2_2023-10-20_11h21.24.835.csv,0.428571429,0.357142857,0.357142857,NA,0.380952381,env,av,v1,1
CBC_1032,tv1,2,mr_cbc_1032_20231020_113812_4_1_epi_msi_tv_44slices_v1.nii,^mr_cbc_1032_20231020_112550_2_1_b0_msi_46slices_.*.nii$,vdm5_scmr_cbc_1032_20231020_112550_2_1_b0_msi_46slices_ec1_typ3_session2.nii,vs8wuamr_cbc_1032_20231020_113812_4_1_epi_msi_tv_44slices_v1.nii,278,20231020_113812_4_1,0,CBC_1032_MSI_TV_v1_Vset3_Aset2_2023-10-20_11h31.15.953.csv,0.571428571,0.714285714,0.357142857,NA,0.547619048,vib,tv,v1,2
CBC_1032,av2,8,mr_cbc_1032_20231020_130939_9_1_epi_msi_av_44slices_v1.nii,^mr_cbc_1032_20231020_130649_8_1_b0_msi_46slices_.*.nii$,vdm5_scmr_cbc_1032_20231020_130649_8_1_b0_msi_46slices_ec1_typ3.nii,vs8wuamr_cbc_1032_20231020_130939_9_1_epi_msi_av_44slices_v1.nii,278,20231020_130939_9_1,0,CBC_1032_MSI_AV_v1_Vset1_Aset5_2023-10-20_13h02.27.968.csv,0.214285714,0.428571429,0.142857143,NA,0.261904762,syll,av,v1,3
CBC_1033,av1,2,mr5361_cbc_1033_20231213_144939_3_1_epi_msi_av_44slices_v3.nii,^mr5361_cbc_1033_20231213_144649_2_1_b0_msi_46slices_.*.nii$,vdm5_scmr5361_cbc_1033_20231213_144649_2_1_b0_msi_46slices_ec1_typ3_session1.nii,vs8wuamr5361_cbc_1033_20231213_144939_3_1_epi_msi_av_44slices_v3.nii,291,20231213_144939_3_1,0,CBC_1033_MSI_AV_v3_Vset3_Aset6_2023-12-13_14h41.58.367.csv,0.727272727,0.818181818,0.727272727,1,0.818181818,syll,av,v3,1
CBC_1033,av2,2,mr5361_cbc_1033_20231213_145824_4_1_epi_msi_av_44slices_v3.nii,^mr5361_cbc_1033_20231213_144649_2_1_b0_msi_46slices_.*.nii$,vdm5_scmr5361_cbc_1033_20231213_144649_2_1_b0_msi_46slices_ec1_typ3_session2.nii,vs8wuamr5361_cbc_1033_20231213_145824_4_1_epi_msi_av_44slices_v3.nii,291,20231213_145824_4_1,0,CBC_1033_MSI_AV_v3_Vset1_Aset1_2023-12-13_14h51.00.395.csv,1,1,1,1,1,env,av,v3,2
CBC_1033,tv1,2,mr5361_cbc_1033_20231213_150847_6_1_epi_msi_tv_44slices_v3.nii,^mr5361_cbc_1033_20231213_144649_2_1_b0_msi_46slices_.*.nii$,vdm5_scmr5361_cbc_1033_20231213_144649_2_1_b0_msi_46slices_ec1_typ3_session3.nii,vs8wuamr5361_cbc_1033_20231213_150847_6_1_epi_msi_tv_44slices_v3.nii,291,20231213_150847_6_1,0,CBC_1033_MSI_TV_v3_Vset2_Tset3_2023-12-13_15h01.20.123.csv,0.363636364,0.818181818,0.727272727,1,0.727272727,vib,tv,v3,3
CBC_1033,av3,2,mr5361_cbc_1033_20231213_151732_7_1_epi_msi_av_44slices_v3.nii,^mr5361_cbc_1033_20231213_144649_2_1_b0_msi_46slices_.*.nii$,vdm5_scmr5361_cbc_1033_20231213_144649_2_1_b0_msi_46slices_ec1_typ3_session4.nii,vs8wuamr5361_cbc_1033_20231213_151732_7_1_epi_msi_av_44slices_v3.nii,291,20231213_151732_7_1,0.69,CBC_1033_MSI_AV_v3_Vset6_Aset2_2023-12-13_15h10.11.385.csv,0.636363636,0.909090909,1,1,0.886363636,env,av,v3,4
CBC_1034,tv1,2,mr5360_cbc_1034_20231213_140352_3_1_epi_msi_tv_44slices_v3.nii,^mr5360_cbc_1034_20231213_140059_2_1_b0_msi_46slices_.*.nii$,vdm5_scmr5360_cbc_1034_20231213_140059_2_1_b0_msi_46slices_ec1_typ3_session1.nii,vs8wuamr5360_cbc_1034_20231213_140352_3_1_epi_msi_tv_44slices_v3.nii,291,20231213_140352_3_1,0,CBC_1034_MSI_TV_v3_Vset1_Tset1_2023-12-13_13h56.17.502.csv,0.272727273,0.454545455,0.363636364,0.727272727,0.454545455,vib,tv,v3,1
CBC_1034,av1,2,mr5360_cbc_1034_20231213_141254_4_1_epi_msi_av_44slices_v3.nii,^mr5360_cbc_1034_20231213_140059_2_1_b0_msi_46slices_.*.nii$,vdm5_scmr5360_cbc_1034_20231213_140059_2_1_b0_msi_46slices_ec1_typ3_session2.nii,vs8wuamr5360_cbc_1034_20231213_141254_4_1_epi_msi_av_44slices_v3.nii,291,20231213_141254_4_1,0,CBC_1034_MSI_AV_v3_Vset2_Aset3_2023-12-13_14h05.28.139.csv,0.363636364,0.454545455,0.545454545,0.545454545,0.477272727,env,av,v3,2
CBC_1034,av2,2,mr5360_cbc_1034_20231213_142210_5_1_epi_msi_av_44slices_v3.nii,^mr5360_cbc_1034_20231213_140059_2_1_b0_msi_46slices_.*.nii$,vdm5_scmr5360_cbc_1034_20231213_140059_2_1_b0_msi_46slices_ec1_typ3_session3.nii,vs8wuamr5360_cbc_1034_20231213_142210_5_1_epi_msi_av_44slices_v3.nii,291,20231213_142210_5_1,0,CBC_1034_MSI_AV_v3_Vset3_Aset6_2023-12-13_14h14.49.002.csv,0.454545455,0.363636364,0.636363636,0.454545455,0.477272727,syll,av,v3,3
CBC_1035,av1,2,mr5625_cbc_1035_20240726_144249_3_1_epi_msi_av_44slices_v3.nii,^mr5625_cbc_1035_20240726_144004_2_1_b0_msi_46slices_.*.nii$,vdm5_scmr5625_cbc_1035_20240726_144004_2_1_b0_msi_46slices_ec1_typ3_session1.nii,vs8wuamr5625_cbc_1035_20240726_144249_3_1_epi_msi_av_44slices_v3.nii,291,20240726_144249_3_1,4.47,CBC_1035_MSI_AV_v3_Vset5_Aset5_2024-07-26_14h41.41.782.csv,0.545454545,0.636363636,0.727272727,0.727272727,0.659090909,syll,av,v3,1
CBC_1035,tv1,2,mr5625_cbc_1035_20240726_145145_4_1_epi_msi_tv_44slices_v3.nii,^mr5625_cbc_1035_20240726_144004_2_1_b0_msi_46slices_.*.nii$,vdm5_scmr5625_cbc_1035_20240726_144004_2_1_b0_msi_46slices_ec1_typ3_session2.nii,vs8wuamr5625_cbc_1035_20240726_145145_4_1_epi_msi_tv_44slices_v3.nii,291,20240726_145145_4_1,12.37,CBC_1035_MSI_TV_v3_Vset6_Tset2_2024-07-26_14h50.42.748.csv,0.454545455,0.454545455,0.727272727,0.818181818,0.613636364,vib,tv,v3,2
CBC_1035,av2,8,mr5625_cbc_1035_20240726_162823_9_1_epi_msi_av_44slices_v3.nii,^mr5625_cbc_1035_20240726_162546_8_1_b0_msi_46slices_.*.nii$,vdm5_scmr5625_cbc_1035_20240726_162546_8_1_b0_msi_46slices_ec1_typ3.nii,vs8wuamr5625_cbc_1035_20240726_162823_9_1_epi_msi_av_44slices_v3.nii,291,20240726_162823_9_1,6.87,CBC_1035_MSI_AV_v3_Vset4_Aset3_2024-07-26_16h27.09.209.csv,0.363636364,0.454545455,0.636363636,0.545454545,0.5,env,av,v3,3
CBC_1036,tv1,2,mr5350_cbc_1036_20231206_145925_3_1_epi_msi_tv_44slices_v3.nii,^mr5350_cbc_1036_20231206_145625_2_1_b0_msi_46slices_.*.nii$,vdm5_scmr5350_cbc_1036_20231206_145625_2_1_b0_msi_46slices_ec1_typ3_session1.nii,vs8wuamr5350_cbc_1036_20231206_145925_3_1_epi_msi_tv_44slices_v3.nii,291,20231206_145925_3_1,3.44,CBC_1036_MSI_TV_v3_Vset2_Tset3_2023-12-06_14h51.37.594.csv,0.545454545,0.454545455,0.636363636,0.909090909,0.636363636,vib,tv,v3,1
CBC_1036,av1,2,mr5350_cbc_1036_20231206_151246_5_1_epi_msi_av_44slices_v3.nii,^mr5350_cbc_1036_20231206_145625_2_1_b0_msi_46slices_.*.nii$,vdm5_scmr5350_cbc_1036_20231206_145625_2_1_b0_msi_46slices_ec1_typ3_session2.nii,vs8wuamr5350_cbc_1036_20231206_151246_5_1_epi_msi_av_44slices_v3.nii,291,20231206_151246_5_1,0.69,CBC_1036_MSI_AV_v3_Vset1_Aset5_2023-12-06_15h05.28.320.csv,0.636363636,1,1,0.909090909,0.886363636,syll,av,v3,2
CBC_1036,av2,9,mr5350_cbc_1036_20231206_160532_10_1_epi_msi_av_44slices_v3.nii,^mr5350_cbc_1036_20231206_160251_9_1_b0_msi_46slices_.*.nii$,vdm5_scmr5350_cbc_1036_20231206_160251_9_1_b0_msi_46slices_ec1_typ3_session1.nii,vs8wuamr5350_cbc_1036_20231206_160532_10_1_epi_msi_av_44slices_v3.nii,291,20231206_160532_10_1,0,CBC_1036_MSI_AV_v3_Vset3_Aset1_2023-12-06_15h58.00.246.csv,0.636363636,0.909090909,0.727272727,0.727272727,0.75,env,av,v3,3
CBC_1036,tv2,9,mr5350_cbc_1036_20231206_161403_11_1_epi_msi_tv_44slices_v3.nii,^mr5350_cbc_1036_20231206_160251_9_1_b0_msi_46slices_.*.nii$,vdm5_scmr5350_cbc_1036_20231206_160251_9_1_b0_msi_46slices_ec1_typ3_session2.nii,vs8wuamr5350_cbc_1036_20231206_161403_11_1_epi_msi_tv_44slices_v3.nii,291,20231206_161403_11_1,6.19,CBC_1036_MSI_TV_v3_Vset6_Tset2_2023-12-06_16h06.44.053.csv,0.363636364,0.818181818,0.454545455,0.636363636,0.568181818,vib,tv,v3,4
CBC_1037,av1,2,mr5373_cbc_1037_20240104_125238_3_1_epi_msi_av_44slices_v3.nii,^mr5373_cbc_1037_20240104_124935_2_1_b0_msi_46slices_.*.nii$,vdm5_scmr5373_cbc_1037_20240104_124935_2_1_b0_msi_46slices_ec1_typ3_session1.nii,vs8wuamr5373_cbc_1037_20240104_125238_3_1_epi_msi_av_44slices_v3.nii,291,20240104_125238_3_1,0,CBC_1037_MSI_AV_v3_Vset3_Aset2_2024-01-04_12h44.35.607.csv,0.636363636,0.545454545,0.818181818,1,0.75,env,av,v3,1
CBC_1037,av2,2,mr5373_cbc_1037_20240104_130106_4_1_epi_msi_av_44slices_v3.nii,^mr5373_cbc_1037_20240104_124935_2_1_b0_msi_46slices_.*.nii$,vdm5_scmr5373_cbc_1037_20240104_124935_2_1_b0_msi_46slices_ec1_typ3_session2.nii,vs8wuamr5373_cbc_1037_20240104_130106_4_1_epi_msi_av_44slices_v3.nii,291,20240104_130106_4_1,0,CBC_1037_MSI_AV_v3_Vset2_Aset4_2024-01-04_12h53.32.791.csv,0.454545455,0.909090909,0.818181818,1,0.795454545,syll,av,v3,2
CBC_1037,tv1,8,mr5373_cbc_1037_20240104_140037_9_1_epi_msi_tv_44slices_v3.nii,^mr5373_cbc_1037_20240104_135633_8_1_b0_msi_46slices_.*.nii$,vdm5_scmr5373_cbc_1037_20240104_135633_8_1_b0_msi_46slices_ec1_typ3.nii,vs8wuamr5373_cbc_1037_20240104_140037_9_1_epi_msi_tv_44slices_v3.nii,291,20240104_140037_9_1,0,CBC_1037_MSI_TV_v3_Vset1_Tset3_2024-01-04_13h52.51.148.csv,0.545454545,0.454545455,0.454545455,0.454545455,0.477272727,vib,tv,v3,3
CBC_1038,av1,2,mr5513_cbc_1038_20240504_093225_3_1_epi_msi_av_44slices_v3.nii,^mr5513_cbc_1038_20240504_092939_2_1_b0_msi_46slices_.*.nii$,vdm5_scmr5513_cbc_1038_20240504_092939_2_1_b0_msi_46slices_ec1_typ3_session1.nii,vs8wuamr5513_cbc_1038_20240504_093225_3_1_epi_msi_av_44slices_v3.nii,291,20240504_093225_3_1,0,CBC_1038_MSI_AV_v3_Vset4_Aset1_2024-05-04_09h31.10.662.csv,0.545454545,0.363636364,0.545454545,0.272727273,0.431818182,env,av,v3,1
CBC_1038,tv1,2,mr5513_cbc_1038_20240504_094057_4_1_epi_msi_tv_44slices_v3.nii,^mr5513_cbc_1038_20240504_092939_2_1_b0_msi_46slices_.*.nii$,vdm5_scmr5513_cbc_1038_20240504_092939_2_1_b0_msi_46slices_ec1_typ3_session2.nii,vs8wuamr5513_cbc_1038_20240504_094057_4_1_epi_msi_tv_44slices_v3.nii,291,20240504_094057_4_1,0,CBC_1038_MSI_TV_v3_Vset6_Tset1_2024-05-04_09h40.02.212.csv,0.454545455,0.545454545,0.727272727,0.636363636,0.590909091,vib,tv,v3,2
CBC_1038,av2,8,mr5513_cbc_1038_20240504_103510_9_1_epi_msi_av_44slices_v3.nii,^mr5513_cbc_1038_20240504_103244_8_1_b0_msi_46slices_.*.nii$,vdm5_scmr5513_cbc_1038_20240504_103244_8_1_b0_msi_46slices_ec1_typ3.nii,vs8wuamr5513_cbc_1038_20240504_103510_9_1_epi_msi_av_44slices_v3.nii,291,20240504_103510_9_1,0,CBC_1038_MSI_AV_v3_Vset5_Aset6_2024-05-04_10h34.21.988.csv,0.636363636,0.454545455,0.090909091,0.545454545,0.431818182,syll,av,v3,3
CBC_1039,av1,2,mr5401_cbc_1039_20240131_143921_3_1_epi_msi_av_44slices_v1.nii,^mr5401_cbc_1039_20240131_143513_2_1_b0_msi_46slices_.*.nii$,vdm5_scmr5401_cbc_1039_20240131_143513_2_1_b0_msi_46slices_ec1_typ3_session1.nii,vs8wuamr5401_cbc_1039_20240131_143921_3_1_epi_msi_av_44slices_v1.nii,278,20240131_143921_3_1,0,CBC_1039_MSI_AV_v1_Vset4_Aset4_2024-01-31_14h31.20.515.csv,0.642857143,0.928571429,0.714285714,NA,0.761904762,syll,av,v1,1
CBC_1039,av2,2,mr5401_cbc_1039_20240131_144859_4_1_epi_msi_av_44slices_v1.nii,^mr5401_cbc_1039_20240131_143513_2_1_b0_msi_46slices_.*.nii$,vdm5_scmr5401_cbc_1039_20240131_143513_2_1_b0_msi_46slices_ec1_typ3_session2.nii,vs8wuamr5401_cbc_1039_20240131_144859_4_1_epi_msi_av_44slices_v1.nii,278,20240131_144859_4_1,0,CBC_1039_MSI_AV_v1_Vset6_Aset3_2024-01-31_14h41.16.850.csv,0.928571429,0.857142857,0.785714286,NA,0.857142857,env,av,v1,2
CBC_1039,tv1,8,mr5401_cbc_1039_20240131_160222_11_1_epi_msi_tv_44slices_v1.nii,^mr5401_cbc_1039_20240131_154301_8_1_b0_msi_46slices_.*.nii$,vdm5_scmr5401_cbc_1039_20240131_154301_8_1_b0_msi_46slices_ec1_typ3.nii,vs8wuamr5401_cbc_1039_20240131_160222_11_1_epi_msi_tv_44slices_v1.nii,278,20240131_160222_11_1,0,CBC_1039_MSI_TV_v1_Vset2_Aset3_2024-01-31_15h54.46.456.csv,0.785714286,0.642857143,0.642857143,NA,0.69047619,vib,tv,v1,3
CBC_1040,tv1,2,mr5369_cbc_1040_20231220_154626_3_1_epi_msi_tv_44slices_v3.nii,^mr5369_cbc_1040_20231220_154342_2_1_b0_msi_46slices_.*.nii$,vdm5_scmr5369_cbc_1040_20231220_154342_2_1_b0_msi_46slices_ec1_typ3_session1.nii,vs8wuamr5369_cbc_1040_20231220_154626_3_1_epi_msi_tv_44slices_v3.nii,291,20231220_154626_3_1,0,CBC_1040_MSI_TV_v3_Vset6_Tset2_2023-12-20_15h38.50.725.csv,0.727272727,0.636363636,0.818181818,1,0.795454545,vib,tv,v3,1
CBC_1040,av1,2,mr5369_cbc_1040_20231220_155443_4_1_epi_msi_av_44slices_v3.nii,^mr5369_cbc_1040_20231220_154342_2_1_b0_msi_46slices_.*.nii$,vdm5_scmr5369_cbc_1040_20231220_154342_2_1_b0_msi_46slices_ec1_typ3_session2.nii,vs8wuamr5369_cbc_1040_20231220_155443_4_1_epi_msi_av_44slices_v3.nii,291,20231220_155443_4_1,0,CBC_1040_MSI_AV_v3_Vset5_Aset3_2023-12-20_15h47.19.244.csv,0.818181818,1,1,0.818181818,0.909090909,env,av,v3,2
CBC_1040,av2,8,mr5369_cbc_1040_20231220_171159_9_1_epi_msi_av_44slices_v3.nii,^mr5369_cbc_1040_20231220_170912_8_1_b0_msi_46slices_.*.nii$,vdm5_scmr5369_cbc_1040_20231220_170912_8_1_b0_msi_46slices_ec1_typ3.nii,vs8wuamr5369_cbc_1040_20231220_171159_9_1_epi_msi_av_44slices_v3.nii,291,20231220_171159_9_1,0,CBC_1040_MSI_AV_v3_Vset4_Aset6_2023-12-20_17h04.24.694.csv,0.636363636,0.909090909,0.454545455,0.727272727,0.681818182,syll,av,v3,3
CBC_1041,av1,2,mr5370_cbc_1041_20231220_150012_3_1_epi_msi_av_44slices_v3.nii,^mr5370_cbc_1041_20231220_145731_2_1_b0_msi_46slices_.*.nii$,vdm5_scmr5370_cbc_1041_20231220_145731_2_1_b0_msi_46slices_ec1_typ3_session1.nii,vs8wuamr5370_cbc_1041_20231220_150012_3_1_epi_msi_av_44slices_v3.nii,291,20231220_150012_3_1,0.69,CBC_1041_MSI_AV_v3_Vset2_Aset5_2023-12-20_14h52.32.934.csv,0.454545455,0.636363636,0.818181818,0.636363636,0.636363636,syll,av,v3,1
CBC_1041,tv1,2,mr5370_cbc_1041_20231220_150845_4_1_epi_msi_tv_44slices_v3.nii,^mr5370_cbc_1041_20231220_145731_2_1_b0_msi_46slices_.*.nii$,vdm5_scmr5370_cbc_1041_20231220_145731_2_1_b0_msi_46slices_ec1_typ3_session2.nii,vs8wuamr5370_cbc_1041_20231220_150845_4_1_epi_msi_tv_44slices_v3.nii,291,20231220_150845_4_1,15.81,CBC_1041_MSI_TV_v3_Vset1_Tset1_2023-12-20_15h01.19.659.csv,0.818181818,0.454545455,0.545454545,0.454545455,0.568181818,vib,tv,v3,2
CBC_1041,av2,8,mr5370_cbc_1041_20231220_163155_9_1_epi_msi_av_44slices_v3.nii,^mr5370_cbc_1041_20231220_162916_8_1_b0_msi_46slices_.*.nii$,vdm5_scmr5370_cbc_1041_20231220_162916_8_1_b0_msi_46slices_ec1_typ3_session1.nii,vs8wuamr5370_cbc_1041_20231220_163155_9_1_epi_msi_av_44slices_v3.nii,291,20231220_163155_9_1,12.03,CBC_1041_MSI_AV_v3_Vset3_Aset3_2023-12-20_16h24.17.405.csv,0.818181818,0.454545455,0.636363636,0.363636364,0.568181818,env,av,v3,3
CBC_1041,tv2,8,mr5370_cbc_1041_20231220_164013_10_1_epi_msi_tv_44slices_v3.nii,^mr5370_cbc_1041_20231220_162916_8_1_b0_msi_46slices_.*.nii$,vdm5_scmr5370_cbc_1041_20231220_162916_8_1_b0_msi_46slices_ec1_typ3_session2.nii,vs8wuamr5370_cbc_1041_20231220_164013_10_1_epi_msi_tv_44slices_v3.nii,291,20231220_164013_10_1,1.37,CBC_1041_MSI_TV_v3_Vset5_Tset2_2023-12-20_16h32.49.956.csv,0.181818182,0.272727273,0.181818182,0.181818182,0.204545455,vib,tv,v3,4
CBC_1042,tv1,3,mr5626_cbc_1042_20240726_154142_4_1_epi_msi_tv_44slices_v3.nii,^mr5626_cbc_1042_20240726_153855_3_1_b0_msi_46slices_.*.nii$,vdm5_scmr5626_cbc_1042_20240726_153855_3_1_b0_msi_46slices_ec1_typ3_session1.nii,vs8wuamr5626_cbc_1042_20240726_154142_4_1_epi_msi_tv_44slices_v3.nii,291,20240726_154142_4_1,0,CBC_1042_MSI_TV_v3_Vset6_Tset2_2024-07-26_15h40.22.663.csv,0.545454545,0.727272727,0.636363636,0.636363636,0.636363636,vib,tv,v3,1
CBC_1042,av1,3,mr5626_cbc_1042_20240726_154959_5_1_epi_msi_av_44slices_v3.nii,^mr5626_cbc_1042_20240726_153855_3_1_b0_msi_46slices_.*.nii$,vdm5_scmr5626_cbc_1042_20240726_153855_3_1_b0_msi_46slices_ec1_typ3_session2.nii,vs8wuamr5626_cbc_1042_20240726_154959_5_1_epi_msi_av_44slices_v3.nii,291,20240726_154959_5_1,0,CBC_1042_MSI_AV_v3_Vset4_Aset5_2024-07-26_15h49.05.781.csv,0.545454545,0.545454545,0.636363636,0.545454545,0.568181818,syll,av,v3,2
CBC_1042,av2,9,mr5626_cbc_1042_20240726_170720_10_1_epi_msi_av_44slices_v3.nii,^mr5626_cbc_1042_20240726_170442_9_1_b0_msi_46slices_.*.nii$,vdm5_scmr5626_cbc_1042_20240726_170442_9_1_b0_msi_46slices_ec1_typ3.nii,vs8wuamr5626_cbc_1042_20240726_170720_10_1_epi_msi_av_44slices_v3.nii,291,20240726_170720_10_1,0.69,CBC_1042_MSI_AV_v3_Vset5_Aset2_2024-07-26_17h06.06.006.csv,0.727272727,0.363636364,0.454545455,0.363636364,0.477272727,env,av,v3,3
CBC_1043,av1,2,mr4566_cbc_1043_20240323_105250_3_1_epi_msi_av_44slices_v3.nii,^mr4566_cbc_1043_20240323_104921_2_1_b0_msi_46slices_.*.nii$,vdm5_scmr4566_cbc_1043_20240323_104921_2_1_b0_msi_46slices_ec1_typ3_session1.nii,vs8wuamr4566_cbc_1043_20240323_105250_3_1_epi_msi_av_44slices_v3.nii,291,20240323_105250_3_1,3.44,CBC_1043_MSI_AV_v3_Vset3_Aset2_2024-03-23_10h44.40.383.csv,0.272727273,0.363636364,0.181818182,0.545454545,0.340909091,env,av,v3,1
CBC_1043,av2,2,mr4566_cbc_1043_20240323_110110_4_1_epi_msi_av_44slices_v3.nii,^mr4566_cbc_1043_20240323_104921_2_1_b0_msi_46slices_.*.nii$,vdm5_scmr4566_cbc_1043_20240323_104921_2_1_b0_msi_46slices_ec1_typ3_session2.nii,vs8wuamr4566_cbc_1043_20240323_110110_4_1_epi_msi_av_44slices_v3.nii,291,20240323_110110_4_1,2.4,CBC_1043_MSI_AV_v3_Vset1_Aset4_2024-03-23_10h53.11.687.csv,0.363636364,0.454545455,0.545454545,0.636363636,0.5,syll,av,v3,2
CBC_1043,tv1,8,mr4566_cbc_1043_20240323_121932_9_1_epi_msi_tv_44slices_v3.nii,^mr4566_cbc_1043_20240323_121654_8_1_b0_msi_46slices_.*.nii$,vdm5_scmr4566_cbc_1043_20240323_121654_8_1_b0_msi_46slices_ec1_typ3.nii,vs8wuamr4566_cbc_1043_20240323_121932_9_1_epi_msi_tv_44slices_v3.nii,291,20240323_121932_9_1,5.49,CBC_1043_MSI_TV_v3_Vset2_Tset1_2024-03-23_12h11.17.995.csv,0.545454545,0.636363636,0.545454545,0.272727273,0.5,vib,tv,v3,3
CBC_1044,av1,2,mr5367_cbc_1044_20231219_142518_3_1_epi_msi_av_44slices_v3.nii,^mr5367_cbc_1044_20231219_142154_2_1_b0_msi_46slices_.*.nii$,vdm5_scmr5367_cbc_1044_20231219_142154_2_1_b0_msi_46slices_ec1_typ3_session1.nii,vs8wuamr5367_cbc_1044_20231219_142518_3_1_epi_msi_av_44slices_v3.nii,291,20231219_142518_3_1,0,CBC_1044_MSI_AV_v3_Vset5_Aset1_2023-12-19_14h17.39.039.csv,0.454545455,0.454545455,1,0.909090909,0.704545455,env,av,v3,1
CBC_1044,tv1,2,mr5367_cbc_1044_20231219_143403_4_1_epi_msi_tv_44slices_v3.nii,^mr5367_cbc_1044_20231219_142154_2_1_b0_msi_46slices_.*.nii$,vdm5_scmr5367_cbc_1044_20231219_142154_2_1_b0_msi_46slices_ec1_typ3_session2.nii,vs8wuamr5367_cbc_1044_20231219_143403_4_1_epi_msi_tv_44slices_v3.nii,291,20231219_143403_4_1,0,CBC_1044_MSI_TV_v3_Vset4_Tset2_2023-12-19_14h26.34.109.csv,0.727272727,1,0.818181818,0.909090909,0.863636364,vib,tv,v3,2
CBC_1044,av2,8,mr5367_cbc_1044_20231219_153212_9_1_epi_msi_av_44slices_v3.nii,^mr5367_cbc_1044_20231219_152907_8_1_b0_msi_46slices_.*.nii$,vdm5_scmr5367_cbc_1044_20231219_152907_8_1_b0_msi_46slices_ec1_typ3.nii,vs8wuamr5367_cbc_1044_20231219_153212_9_1_epi_msi_av_44slices_v3.nii,291,20231219_153212_9_1,0,CBC_1044_MSI_AV_v3_Vset6_Aset6_2023-12-19_15h24.40.008.csv,0.272727273,0.727272727,0.727272727,0.727272727,0.613636364,syll,av,v3,3
CBC_1045,av1,2,mr5457_cbc_1045_20240315_153221_3_1_epi_msi_av_44slices_v3.nii,^mr5457_cbc_1045_20240315_152920_2_1_b0_msi_46slices_.*.nii$,vdm5_scmr5457_cbc_1045_20240315_152920_2_1_b0_msi_46slices_ec1_typ3.nii,vs8wuamr5457_cbc_1045_20240315_153221_3_1_epi_msi_av_44slices_v3.nii,291,20240315_153221_3_1,1.37,CBC_1045_MSI_AV_v3_Vset3_Aset4_2024-03-15_15h23.45.674.csv,0.272727273,0.545454545,0.181818182,0.181818182,0.295454545,syll,av,v3,1
CBC_1045,av2,5,mr5457_cbc_1045_20240315_155217_6_1_epi_msi_av_44slices_v3.nii,^mr5457_cbc_1045_20240315_154947_5_1_b0_msi_46slices_.*.nii$,vdm5_scmr5457_cbc_1045_20240315_154947_5_1_b0_msi_46slices_ec1_typ3.nii,vs8wuamr5457_cbc_1045_20240315_155217_6_1_epi_msi_av_44slices_v3.nii,291,20240315_155217_6_1,0,CBC_1045_MSI_AV_v3_Vset2_Aset3_2024-03-15_15h44.13.048.csv,0.454545455,0.454545455,0.454545455,0.181818182,0.386363636,env,av,v3,2
CBC_1045,tv1,10,mr5457_cbc_1045_20240315_165245_11_1_epi_msi_tv_44slices_v3.nii,^mr5457_cbc_1045_20240315_165022_10_1_b0_msi_46slices_.*.nii$,vdm5_scmr5457_cbc_1045_20240315_165022_10_1_b0_msi_46slices_ec1_typ3.nii,vs8wuamr5457_cbc_1045_20240315_165245_11_1_epi_msi_tv_44slices_v3.nii,291,20240315_165245_11_1,0,CBC_1045_MSI_TV_v3_Vset1_Tset1_2024-03-15_16h44.49.446.csv,0.454545455,0.636363636,0.545454545,0.454545455,0.522727273,vib,tv,v3,3
CBC_1046,tv1,2,mr5392_cbc_1046_20240127_100611_3_1_epi_msi_tv_44slices_v1.nii,^mr5392_cbc_1046_20240127_100308_2_1_b0_msi_46slices_.*.nii$,vdm5_scmr5392_cbc_1046_20240127_100308_2_1_b0_msi_46slices_ec1_typ3_session1.nii,vs8wuamr5392_cbc_1046_20240127_100611_3_1_epi_msi_tv_44slices_v1.nii,278,20240127_100611_3_1,0,CBC_1046_MSI_TV_v1_Vset6_Aset3_2024-01-27_09h58.22.092.csv,0.571428571,0.571428571,0.428571429,NA,0.523809524,vib,tv,v1,1
CBC_1046,av1,2,mr5392_cbc_1046_20240127_101501_4_1_epi_msi_av_44slices_v1.nii,^mr5392_cbc_1046_20240127_100308_2_1_b0_msi_46slices_.*.nii$,vdm5_scmr5392_cbc_1046_20240127_100308_2_1_b0_msi_46slices_ec1_typ3_session2.nii,vs8wuamr5392_cbc_1046_20240127_101501_4_1_epi_msi_av_44slices_v1.nii,278,20240127_101501_4_1,3.96,CBC_1046_MSI_AV_v1_Vset5_Aset2_2024-01-27_10h07.22.626.csv,0.714285714,0.5,0.357142857,NA,0.523809524,env,av,v1,2
CBC_1046,av2,11,mr5393_cbc_1082_20240127_120744_13_1_epi_msi_av_44slices_v3.nii,^mr5393_cbc_1082_20240127_120411_11_1_b0_msi_46slices_.*.nii$,vdm5_scmr5393_cbc_1082_20240127_120411_11_1_b0_msi_46slices_ec1_typ3.nii,vs8wuamr5393_cbc_1082_20240127_120744_13_1_epi_msi_av_44slices_v3.nii,291,20240127_120744_13_1,0.69,CBC_1046_MSI_AV_v1_Vset4_Aset6_2024-01-27_12h00.25.193.csv,0.642857143,0.5,0.5,NA,0.547619048,syll,av,v1,3
CBC_1047,av1,2,mr5380_cbc_1047_20240121_160730_4_1_epi_msi_av_44slices_v1.nii,^mr5380_cbc_1047_20240121_155334_2_1_b0_msi_46slices_.*.nii$,vdm5_scmr5380_cbc_1047_20240121_155334_2_1_b0_msi_46slices_ec1_typ3_session1.nii,vs8wuamr5380_cbc_1047_20240121_160730_4_1_epi_msi_av_44slices_v1.nii,278,20240121_160730_4_1,1.8,CBC_1047_MSI_AV_v1_Vset1_Aset5_2024-01-21_15h59.59.907.csv,0.571428571,0.571428571,0.642857143,NA,0.595238095,syll,av,v1,1
CBC_1047,tv1,2,mr5380_cbc_1047_20240121_161527_5_1_epi_msi_tv_44slices_v1.nii,^mr5380_cbc_1047_20240121_155334_2_1_b0_msi_46slices_.*.nii$,vdm5_scmr5380_cbc_1047_20240121_155334_2_1_b0_msi_46slices_ec1_typ3_session2.nii,vs8wuamr5380_cbc_1047_20240121_161527_5_1_epi_msi_tv_44slices_v1.nii,278,20240121_161527_5_1,0,CBC_1047_MSI_TV_v1_Vset2_Aset3_2024-01-21_16h07.53.122.csv,0.714285714,0.5,0.5,NA,0.571428571,vib,tv,v1,2
CBC_1047,av2,8,mr5380_cbc_1047_20240121_172328_9_1_epi_msi_av_44slices_v1.nii,^mr5380_cbc_1047_20240121_172052_8_1_b0_msi_46slices_.*.nii$,vdm5_scmr5380_cbc_1047_20240121_172052_8_1_b0_msi_46slices_ec1_typ3.nii,vs8wuamr5380_cbc_1047_20240121_172328_9_1_epi_msi_av_44slices_v1.nii,278,20240121_172328_9_1,0.72,CBC_1047_MSI_AV_v1_Vset3_Aset1_2024-01-21_17h15.38.801.csv,0.642857143,0.5,0.714285714,NA,0.619047619,env,av,v1,3
CBC_1048,tv1,2,mr5381_cbc_1048_20240121_145249_3_1_epi_msi_tv_44slices_v3.nii,^mr5381_cbc_1048_20240121_144939_2_1_b0_msi_46slices_.*.nii$,vdm5_scmr5381_cbc_1048_20240121_144939_2_1_b0_msi_46slices_ec1_typ3_session1.nii,vs8wuamr5381_cbc_1048_20240121_145249_3_1_epi_msi_tv_44slices_v3.nii,291,20240121_145249_3_1,5.5,CBC_1048_MSI_TV_v3_Vset6_Tset3_2024-01-21_14h45.03.891.csv,0.909090909,0.545454545,0.727272727,0.545454545,0.681818182,vib,tv,v3,1
CBC_1048,av1,2,mr5381_cbc_1048_20240121_150502_5_1_epi_msi_av_44slices_v3.nii,^mr5381_cbc_1048_20240121_144939_2_1_b0_msi_46slices_.*.nii$,vdm5_scmr5381_cbc_1048_20240121_144939_2_1_b0_msi_46slices_ec1_typ3_session2.nii,vs8wuamr5381_cbc_1048_20240121_150502_5_1_epi_msi_av_44slices_v3.nii,291,20240121_150502_5_1,0,CBC_1048_MSI_AV_v3_Vset5_Aset5_2024-01-21_14h56.50.911.csv,0.545454545,0.545454545,0.636363636,0.636363636,0.590909091,syll,av,v3,2
CBC_1048,av2,11,mr5381_cbc_1048_20240121_164603_12_1_epi_msi_av_44slices_v3.nii,^mr5381_cbc_1048_20240121_164317_11_1_b0_msi_46slices_.*.nii$,vdm5_scmr5381_cbc_1048_20240121_164317_11_1_b0_msi_46slices_ec1_typ3.nii,vs8wuamr5381_cbc_1048_20240121_164603_12_1_epi_msi_av_44slices_v3.nii,291,20240121_164603_12_1,1.37,CBC_1048_MSI_AV_v3_Vset4_Aset3_2024-01-21_16h38.11.911.csv,0.818181818,0.909090909,0.818181818,0.909090909,0.863636364,env,av,v3,3
CBC_1049,av1,2,mr5383_cbc_1049_20240123_152242_3_1_epi_msi_av_44slices_v1.nii,^mr5383_cbc_1049_20240123_151821_2_1_b0_msi_46slices_.*.nii$,vdm5_scmr5383_cbc_1049_20240123_151821_2_1_b0_msi_46slices_ec1_typ3_session1.nii,vs8wuamr5383_cbc_1049_20240123_152242_3_1_epi_msi_av_44slices_v1.nii,278,20240123_152242_3_1,0,CBC_1049_MSI_AV_v1_Vset3_Aset1_2024-01-23_15h14.42.182.csv,0.357142857,0.357142857,0.571428571,NA,0.428571429,env,av,v1,1
CBC_1049,av2,2,mr5383_cbc_1049_20240123_153058_4_1_epi_msi_av_44slices_v1.nii,^mr5383_cbc_1049_20240123_151821_2_1_b0_msi_46slices_.*.nii$,vdm5_scmr5383_cbc_1049_20240123_151821_2_1_b0_msi_46slices_ec1_typ3_session2.nii,vs8wuamr5383_cbc_1049_20240123_153058_4_1_epi_msi_av_44slices_v1.nii,278,20240123_153058_4_1,0,CBC_1049_MSI_AV_v1_Vset1_Aset4_2024-01-23_15h23.03.157.csv,0.357142857,0.714285714,0.642857143,NA,0.571428571,syll,av,v1,2
CBC_1049,tv1,8,mr5383_cbc_1049_20240123_161834_9_1_epi_msi_tv_44slices_v1.nii,^mr5383_cbc_1049_20240123_161557_8_1_b0_msi_46slices_.*.nii$,vdm5_scmr5383_cbc_1049_20240123_161557_8_1_b0_msi_46slices_ec1_typ3.nii,vs8wuamr5383_cbc_1049_20240123_161834_9_1_epi_msi_tv_44slices_v1.nii,278,20240123_161834_9_1,2.16,CBC_1049_MSI_TV_v1_Vset2_Aset3_2024-01-23_16h10.37.518.csv,0.285714286,0.714285714,0.428571429,NA,0.476190476,vib,tv,v1,3
CBC_1050,av1,2,mr5440_cbc_1050_20240302_133331_3_1_epi_msi_av_44slices_v3.nii,^mr5440_cbc_1050_20240302_133041_2_1_b0_msi_46slices_.*.nii$,vdm5_scmr5440_cbc_1050_20240302_133041_2_1_b0_msi_46slices_ec1_typ3_session1.nii,vs8wuamr5440_cbc_1050_20240302_133331_3_1_epi_msi_av_44slices_v3.nii,291,20240302_133331_3_1,0,CBC_1050_MSI_AV_v3_Vset4_Aset2_2024-03-02_13h25.17.329.csv,0.818181818,0.727272727,0.636363636,0.727272727,0.727272727,env,av,v3,1
CBC_1050,tv1,2,mr5440_cbc_1050_20240302_134200_4_1_epi_msi_tv_44slices_v3.nii,^mr5440_cbc_1050_20240302_133041_2_1_b0_msi_46slices_.*.nii$,vdm5_scmr5440_cbc_1050_20240302_133041_2_1_b0_msi_46slices_ec1_typ3_session2.nii,vs8wuamr5440_cbc_1050_20240302_134200_4_1_epi_msi_tv_44slices_v3.nii,291,20240302_134200_4_1,0,CBC_1050_MSI_TV_v3_Vset5_Tset2_2024-03-02_13h34.01.894.csv,0.454545455,0.272727273,0.545454545,0.363636364,0.409090909,vib,tv,v3,2
CBC_1050,av2,8,mr5440_cbc_1050_20240302_143525_9_1_epi_msi_av_44slices_v3.nii,^mr5440_cbc_1050_20240302_143241_8_1_b0_msi_46slices_.*.nii$,vdm5_scmr5440_cbc_1050_20240302_143241_8_1_b0_msi_46slices_ec1_typ3_session1.nii,vs8wuamr5440_cbc_1050_20240302_143525_9_1_epi_msi_av_44slices_v3.nii,291,20240302_143525_9_1,5.5,CBC_1050_MSI_AV_v3_Vset6_Aset6_2024-03-02_14h27.16.655.csv,0.545454545,0.636363636,0.727272727,0.636363636,0.636363636,syll,av,v3,3
CBC_1050,tv2,8,mr5440_cbc_1050_20240302_144431_10_1_epi_msi_tv_44slices_v3.nii,^mr5440_cbc_1050_20240302_143241_8_1_b0_msi_46slices_.*.nii$,vdm5_scmr5440_cbc_1050_20240302_143241_8_1_b0_msi_46slices_ec1_typ3_session2.nii,vs8wuamr5440_cbc_1050_20240302_144431_10_1_epi_msi_tv_44slices_v3.nii,291,20240302_144431_10_1,19.24,CBC_1050_MSI_TV_v3_Vset2_Tset3_2024-03-02_14h36.28.161.csv,0.545454545,0.727272727,0.727272727,0.909090909,0.727272727,vib,tv,v3,4
CBC_1051,av1,2,mr5512_cbc_1051_20240503_161728_3_1_epi_msi_av_44slices_v3.nii,^mr5512_cbc_1051_20240503_161434_2_1_b0_msi_46slices_.*.nii$,vdm5_scmr5512_cbc_1051_20240503_161434_2_1_b0_msi_46slices_ec1_typ3_session1.nii,vs8wuamr5512_cbc_1051_20240503_161728_3_1_epi_msi_av_44slices_v3.nii,291,20240503_161728_3_1,0,CBC_1051_MSI_AV_v3_Vset3_Aset4_2024-05-03_16h16.10.954.csv,0.636363636,0.727272727,0.909090909,0.818181818,0.772727273,syll,av,v3,1
CBC_1051,av2,2,mr5512_cbc_1051_20240503_162601_4_1_epi_msi_av_44slices_v3.nii,^mr5512_cbc_1051_20240503_161434_2_1_b0_msi_46slices_.*.nii$,vdm5_scmr5512_cbc_1051_20240503_161434_2_1_b0_msi_46slices_ec1_typ3_session2.nii,vs8wuamr5512_cbc_1051_20240503_162601_4_1_epi_msi_av_44slices_v3.nii,291,20240503_162601_4_1,0,CBC_1051_MSI_AV_v3_Vset1_Aset1_2024-05-03_16h25.09.705.csv,0.272727273,0.454545455,0.545454545,0.454545455,0.431818182,env,av,v3,2
CBC_1051,tv1,8,mr5512_cbc_1051_20240503_171413_9_1_epi_msi_tv_44slices_v3.nii,^mr5512_cbc_1051_20240503_171148_8_1_b0_msi_46slices_.*.nii$,vdm5_scmr5512_cbc_1051_20240503_171148_8_1_b0_msi_46slices_ec1_typ3_session1.nii,vs8wuamr5512_cbc_1051_20240503_171413_9_1_epi_msi_tv_44slices_v3.nii,291,20240503_171413_9_1,0,CBC_1051_MSI_TV_v3_Vset2_Tset1_2024-05-03_17h13.22.033.csv,0.727272727,0.727272727,1,0.727272727,0.795454545,vib,tv,v3,3
CBC_1051,av3,8,mr5512_cbc_1051_20240503_172246_10_1_epi_msi_av_44slices_v3.nii,^mr5512_cbc_1051_20240503_171148_8_1_b0_msi_46slices_.*.nii$,vdm5_scmr5512_cbc_1051_20240503_171148_8_1_b0_msi_46slices_ec1_typ3_session2.nii,vs8wuamr5512_cbc_1051_20240503_172246_10_1_epi_msi_av_44slices_v3.nii,291,20240503_172246_10_1,0,CBC_1051_MSI_AV_v3_Vset4_Aset2_2024-05-03_17h21.50.264.csv,0.272727273,0.636363636,0.727272727,0.363636364,0.5,env,av,v3,4
CBC_1052,tv1,2,mr5458_cbc_1052_20240316_094238_3_1_epi_msi_tv_44slices_v3.nii,^mr5458_cbc_1052_20240316_093958_2_1_b0_msi_46slices_.*.nii$,vdm5_scmr5458_cbc_1052_20240316_093958_2_1_b0_msi_46slices_ec1_typ3.nii,vs8wuamr5458_cbc_1052_20240316_094238_3_1_epi_msi_tv_44slices_v3.nii,291,20240316_094238_3_1,0,CBC_1052_MSI_TV_v3_Vset6_Tset2_2024-03-16_09h34.30.404.csv,0.454545455,0.454545455,0.727272727,0.545454545,0.545454545,vib,tv,v3,1
CBC_1052,av1,12,mr5458_cbc_1052_20240316_110815_13_1_epi_msi_av_44slices_v3.nii,^mr5458_cbc_1052_20240316_110537_12_1_b0_msi_46slices_.*.nii$,vdm5_scmr5458_cbc_1052_20240316_110537_12_1_b0_msi_46slices_ec1_typ3_session1.nii,vs8wuamr5458_cbc_1052_20240316_110815_13_1_epi_msi_av_44slices_v3.nii,291,20240316_110815_13_1,0,CBC_1052_MSI_AV_v3_Vset5_Aset6_2024-03-16_11h00.02.582.csv,1,0.909090909,1,0.909090909,0.954545455,syll,av,v3,2
CBC_1052,av2,12,mr5458_cbc_1052_20240316_111701_14_1_epi_msi_av_44slices_v3.nii,^mr5458_cbc_1052_20240316_110537_12_1_b0_msi_46slices_.*.nii$,vdm5_scmr5458_cbc_1052_20240316_110537_12_1_b0_msi_46slices_ec1_typ3_session2.nii,vs8wuamr5458_cbc_1052_20240316_111701_14_1_epi_msi_av_44slices_v3.nii,291,20240316_111701_14_1,0,CBC_1052_MSI_AV_v3_Vset3_Aset3_2024-03-16_11h08.56.685.csv,0.545454545,0.636363636,0.454545455,0.727272727,0.590909091,env,av,v3,3
CBC_1053,av1,2,mr5449_cbc_1053_20240308_154231_3_1_epi_msi_av_44slices_v3.nii,^mr5449_cbc_1053_20240308_153903_2_1_b0_msi_46slices_.*.nii$,vdm5_scmr5449_cbc_1053_20240308_153903_2_1_b0_msi_46slices_ec1_typ3.nii,vs8wuamr5449_cbc_1053_20240308_154231_3_1_epi_msi_av_44slices_v3.nii,291,20240308_154231_3_1,38.15,CBC_1053_MSI_AV_v3_Vset1_Aset5_2024-03-08_15h33.40.851.csv,0.818181818,0.272727273,0.363636364,0.363636364,0.454545455,syll,av,v3,1
CBC_1054,tv1,2,mr5441_cbc_1054_20240303_103545_3_1_epi_msi_tv_44slices_v3.nii,^mr5441_cbc_1054_20240303_103258_2_1_b0_msi_46slices_.*.nii$,vdm5_scmr5441_cbc_1054_20240303_103258_2_1_b0_msi_46slices_ec1_typ3_session1.nii,vs8wuamr5441_cbc_1054_20240303_103545_3_1_epi_msi_tv_44slices_v3.nii,291,20240303_103545_3_1,0,CBC_1054_MSI_TV_v3_Vset5_Tset2_2024-03-03_10h27.49.019.csv,0.727272727,0.636363636,0.454545455,0.727272727,0.636363636,vib,tv,v3,1
CBC_1054,av1,2,mr5441_cbc_1054_20240303_104359_4_1_epi_msi_av_44slices_v3.nii,^mr5441_cbc_1054_20240303_103258_2_1_b0_msi_46slices_.*.nii$,vdm5_scmr5441_cbc_1054_20240303_103258_2_1_b0_msi_46slices_ec1_typ3_session2.nii,vs8wuamr5441_cbc_1054_20240303_104359_4_1_epi_msi_av_44slices_v3.nii,291,20240303_104359_4_1,0,CBC_1054_MSI_AV_v3_Vset6_Aset5_2024-03-03_10h36.56.723.csv,0.818181818,1,1,0.909090909,0.931818182,syll,av,v3,2
CBC_1054,av2,8,mr5441_cbc_1054_20240303_115155_9_1_epi_msi_av_44slices_v3.nii,^mr5441_cbc_1054_20240303_114919_8_1_b0_msi_46slices_.*.nii$,vdm5_scmr5441_cbc_1054_20240303_114919_8_1_b0_msi_46slices_ec1_typ3.nii,vs8wuamr5441_cbc_1054_20240303_115155_9_1_epi_msi_av_44slices_v3.nii,291,20240303_115155_9_1,0,CBC_1054_MSI_AV_v3_Vset4_Aset2_2024-03-03_11h43.50.758.csv,0.545454545,0.909090909,0.818181818,0.909090909,0.795454545,env,av,v3,3
CBC_1055,av1,2,mr5442_cbc_1055_20240303_094137_3_1_epi_msi_av_44slices_v1.nii,^mr5442_cbc_1055_20240303_093845_2_1_b0_msi_46slices_.*.nii$,vdm5_scmr5442_cbc_1055_20240303_093845_2_1_b0_msi_46slices_ec1_typ3_session1.nii,vs8wuamr5442_cbc_1055_20240303_094137_3_1_epi_msi_av_44slices_v1.nii,278,20240303_094137_3_1,0,CBC_1055_MSI_AV_v1_Vset1_Aset1_2024-03-03_09h33.19.069.csv,0.857142857,0.714285714,0.928571429,NA,0.833333333,env,av,v1,1
CBC_1055,av2,2,mr5442_cbc_1055_20240303_094927_4_1_epi_msi_av_44slices_v1.nii,^mr5442_cbc_1055_20240303_093845_2_1_b0_msi_46slices_.*.nii$,vdm5_scmr5442_cbc_1055_20240303_093845_2_1_b0_msi_46slices_ec1_typ3_session2.nii,vs8wuamr5442_cbc_1055_20240303_094927_4_1_epi_msi_av_44slices_v1.nii,278,20240303_094927_4_1,0,CBC_1055_MSI_AV_v1_Vset2_Aset4_2024-03-03_09h41.48.625.csv,0.642857143,1,1,NA,0.880952381,syll,av,v1,2
CBC_1055,tv1,8,mr5442_cbc_1055_20240303_111932_9_1_epi_msi_tv_44slices_v1.nii,^mr5442_cbc_1055_20240303_111656_8_1_b0_msi_46slices_.*.nii$,vdm5_scmr5442_cbc_1055_20240303_111656_8_1_b0_msi_46slices_ec1_typ3.nii,vs8wuamr5442_cbc_1055_20240303_111932_9_1_epi_msi_tv_44slices_v1.nii,278,20240303_111932_9_1,1.44,CBC_1055_MSI_TV_v1_Vset3_Aset3_2024-03-03_11h11.32.283.csv,0.857142857,1,0.928571429,NA,0.928571429,vib,tv,v1,3
CBC_1056,av1,2,mr5407_cbc_1056_20240207_145205_3_1_epi_msi_av_44slices_v1.nii,^mr5407_cbc_1056_20240207_144932_2_1_b0_msi_46slices_.*.nii$,vdm5_scmr5407_cbc_1056_20240207_144932_2_1_b0_msi_46slices_ec1_typ3_session1.nii,vs8wuamr5407_cbc_1056_20240207_145205_3_1_epi_msi_av_44slices_v1.nii,278,20240207_145205_3_1,0,CBC_1056_MSI_AV_v1_Vset5_Aset2_2024-02-07_14h44.14.721.csv,0.642857143,0.5,0.785714286,NA,0.642857143,env,av,v1,1
CBC_1056,tv1,2,mr5407_cbc_1056_20240207_150024_4_1_epi_msi_tv_44slices_v1.nii,^mr5407_cbc_1056_20240207_144932_2_1_b0_msi_46slices_.*.nii$,vdm5_scmr5407_cbc_1056_20240207_144932_2_1_b0_msi_46slices_ec1_typ3_session2.nii,vs8wuamr5407_cbc_1056_20240207_150024_4_1_epi_msi_tv_44slices_v1.nii,278,20240207_150024_4_1,0.72,CBC_1056_MSI_TV_v1_Vset6_Aset1_2024-02-07_14h52.41.463.csv,0.928571429,0.928571429,1,NA,0.952380952,vib,tv,v1,2
CBC_1056,av2,8,mr5407_cbc_1056_20240207_163729_9_1_epi_msi_av_44slices_v1.nii,^mr5407_cbc_1056_20240207_163443_8_1_b0_msi_46slices_.*.nii$,vdm5_scmr5407_cbc_1056_20240207_163443_8_1_b0_msi_46slices_ec1_typ3.nii,vs8wuamr5407_cbc_1056_20240207_163729_9_1_epi_msi_av_44slices_v1.nii,278,20240207_163729_9_1,0.72,CBC_1056_MSI_AV_v1_Vset4_Aset6_2024-02-07_16h29.31.675.csv,0.642857143,0.714285714,0.714285714,NA,0.69047619,syll,av,v1,3
CBC_1057,av1,2,mr5408_cbc_1057_20240207_155154_3_1_epi_msi_av_44slices_v1.nii,^mr5408_cbc_1057_20240207_154859_2_1_b0_msi_46slices_.*.nii$,vdm5_scmr5408_cbc_1057_20240207_154859_2_1_b0_msi_46slices_ec1_typ3_session1.nii,vs8wuamr5408_cbc_1057_20240207_155154_3_1_epi_msi_av_44slices_v1.nii,278,20240207_155154_3_1,3.96,CBC_1057_MSI_AV_v1_Vset1_Aset4_2024-02-07_15h44.00.504.csv,0.571428571,0.571428571,0.428571429,NA,0.523809524,syll,av,v1,1
CBC_1057,av2,2,mr5408_cbc_1057_20240207_160005_4_1_epi_msi_av_44slices_v1.nii,^mr5408_cbc_1057_20240207_154859_2_1_b0_msi_46slices_.*.nii$,vdm5_scmr5408_cbc_1057_20240207_154859_2_1_b0_msi_46slices_ec1_typ3_session2.nii,vs8wuamr5408_cbc_1057_20240207_160005_4_1_epi_msi_av_44slices_v1.nii,278,20240207_160005_4_1,10.79,CBC_1057_MSI_AV_v1_Vset3_Aset1_2024-02-07_15h52.15.487.csv,0.5,0.5,0.5,NA,0.5,env,av,v1,2
CBC_1057,tv1,8,mr5408_cbc_1057_20240207_171021_9_1_epi_msi_tv_44slices_v1.nii,^mr5408_cbc_1057_20240207_170734_8_1_b0_msi_46slices_.*.nii$,vdm5_scmr5408_cbc_1057_20240207_170734_8_1_b0_msi_46slices_ec1_typ3.nii,vs8wuamr5408_cbc_1057_20240207_171021_9_1_epi_msi_tv_44slices_v1.nii,278,20240207_171021_9_1,16.91,CBC_1057_MSI_TV_v1_Vset2_Aset3_2024-02-07_17h02.19.501.csv,0.571428571,0.571428571,0.571428571,NA,0.571428571,vib,tv,v1,3
CBC_1058,tv1,3,mr5390_cbc_1058_20240126_141510_4_1_epi_msi_tv_44slices_v3.nii,^mr5390_cbc_1058_20240126_141158_3_1_b0_msi_46slices_.*.nii$,vdm5_scmr5390_cbc_1058_20240126_141158_3_1_b0_msi_46slices_ec1_typ3_session1.nii,vs8wuamr5390_cbc_1058_20240126_141510_4_1_epi_msi_tv_44slices_v3.nii,291,20240126_141510_4_1,1.37,CBC_1058_MSI_TV_v3_Vset4_Tset1_2024-01-26_14h07.19.138.csv,0.727272727,0.818181818,1,1,0.886363636,vib,tv,v3,1
CBC_1058,av1,3,mr5390_cbc_1058_20240126_142322_5_1_epi_msi_av_44slices_v3.nii,^mr5390_cbc_1058_20240126_141158_3_1_b0_msi_46slices_.*.nii$,vdm5_scmr5390_cbc_1058_20240126_141158_3_1_b0_msi_46slices_ec1_typ3_session2.nii,vs8wuamr5390_cbc_1058_20240126_142322_5_1_epi_msi_av_44slices_v3.nii,291,20240126_142322_5_1,1.37,CBC_1058_MSI_AV_v3_Vset5_Aset3_2024-01-26_14h15.51.953.csv,0.909090909,0.909090909,0.909090909,1,0.931818182,env,av,v3,2
CBC_1058,av2,9,mr5390_cbc_1058_20240126_154621_10_1_epi_msi_av_44slices_v3.nii,^mr5390_cbc_1058_20240126_154338_9_1_b0_msi_46slices_.*.nii$,vdm5_scmr5390_cbc_1058_20240126_154338_9_1_b0_msi_46slices_ec1_typ3.nii,vs8wuamr5390_cbc_1058_20240126_154621_10_1_epi_msi_av_44slices_v3.nii,291,20240126_154621_10_1,1.37,CBC_1058_MSI_AV_v3_Vset6_Aset6_2024-01-26_15h38.19.580.csv,0.909090909,0.727272727,0.909090909,1,0.886363636,syll,av,v3,3
CBC_1059,av1,2,mr5391_cbc_1059_20240126_150401_3_1_epi_msi_av_44slices_v3.nii,^mr5391_cbc_1059_20240126_150113_2_1_b0_msi_46slices_.*.nii$,vdm5_scmr5391_cbc_1059_20240126_150113_2_1_b0_msi_46slices_ec1_typ3_session1.nii,vs8wuamr5391_cbc_1059_20240126_150401_3_1_epi_msi_av_44slices_v3.nii,291,20240126_150401_3_1,0,CBC_1059_MSI_AV_v3_Vset2_Aset5_2024-01-26_14h56.07.586.csv,0.545454545,0.818181818,0.636363636,0.909090909,0.727272727,syll,av,v3,1
CBC_1059,tv1,2,mr5391_cbc_1059_20240126_151224_4_1_epi_msi_tv_44slices_v3.nii,^mr5391_cbc_1059_20240126_150113_2_1_b0_msi_46slices_.*.nii$,vdm5_scmr5391_cbc_1059_20240126_150113_2_1_b0_msi_46slices_ec1_typ3_session2.nii,vs8wuamr5391_cbc_1059_20240126_151224_4_1_epi_msi_tv_44slices_v3.nii,291,20240126_151224_4_1,0.69,CBC_1059_MSI_TV_v3_Vset1_Tset3_2024-01-26_15h04.43.497.csv,0.454545455,0.909090909,0.727272727,0.909090909,0.75,vib,tv,v3,2
CBC_1059,av2,8,mr5391_cbc_1059_20240126_162340_9_1_epi_msi_av_44slices_v3.nii,^mr5391_cbc_1059_20240126_162102_8_1_b0_msi_46slices_.*.nii$,vdm5_scmr5391_cbc_1059_20240126_162102_8_1_b0_msi_46slices_ec1_typ3.nii,vs8wuamr5391_cbc_1059_20240126_162340_9_1_epi_msi_av_44slices_v3.nii,291,20240126_162340_9_1,1.37,CBC_1059_MSI_AV_v3_Vset3_Aset2_2024-01-26_16h15.47.111.csv,0.454545455,0.727272727,1,0.909090909,0.772727273,env,av,v3,3
CBC_1061,av1,2,mr5474_cbc_1061_20240326_145612_3_1_epi_msi_av_44slices_v3.nii,^mr5474_cbc_1061_20240326_145322_2_1_b0_msi_46slices_.*.nii$,vdm5_scmr5474_cbc_1061_20240326_145322_2_1_b0_msi_46slices_ec1_typ3.nii,vs8wuamr5474_cbc_1061_20240326_145612_3_1_epi_msi_av_44slices_v3.nii,291,20240326_145612_3_1,7.56,CBC_1061_MSI_AV_v3_Vset3_Aset2_2024-03-26_14h47.50.837.csv,0.272727273,0.454545455,0.272727273,0.818181818,0.454545455,env,av,v3,1
CBC_1061,tv1,14,mr5474_cbc_1061_20240326_162344_15_1_epi_msi_tv_44slices_v3.nii,^mr5474_cbc_1061_20240326_162058_14_1_b0_msi_46slices_.*.nii$,vdm5_scmr5474_cbc_1061_20240326_162058_14_1_b0_msi_46slices_ec1_typ3_session1.nii,vs8wuamr5474_cbc_1061_20240326_162344_15_1_epi_msi_tv_44slices_v3.nii,291,20240326_162344_15_1,8.59,CBC_1061_MSI_TV_v3_Vset2_Tset3_2024-03-26_16h15.33.511.csv,0.454545455,0.727272727,0.454545455,0.454545455,0.522727273,vib,tv,v3,2
CBC_1061,av2,14,mr5474_cbc_1061_20240326_163212_16_1_epi_msi_av_44slices_v3.nii,^mr5474_cbc_1061_20240326_162058_14_1_b0_msi_46slices_.*.nii$,vdm5_scmr5474_cbc_1061_20240326_162058_14_1_b0_msi_46slices_ec1_typ3_session2.nii,vs8wuamr5474_cbc_1061_20240326_163212_16_1_epi_msi_av_44slices_v3.nii,291,20240326_163212_16_1,1.37,CBC_1061_MSI_AV_v3_Vset1_Aset4_2024-03-26_16h24.09.183.csv,0.454545455,0.545454545,0.181818182,0.363636364,0.386363636,syll,av,v3,3
CBC_1062,av1,2,mr5419_cbc_1062_20240217_114354_3_1_epi_msi_av_44slices_v1.nii,^mr5419_cbc_1062_20240217_114107_2_1_b0_msi_46slices_.*.nii$,vdm5_scmr5419_cbc_1062_20240217_114107_2_1_b0_msi_46slices_ec1_typ3_session1.nii,vs8wuamr5419_cbc_1062_20240217_114354_3_1_epi_msi_av_44slices_v1.nii,278,20240217_114354_3_1,1.8,CBC_1062_MSI_AV_v1_Vset5_Aset1_2024-02-17_11h35.47.907.csv,0.428571429,0.785714286,0.714285714,NA,0.642857143,env,av,v1,1
CBC_1062,tv1,2,mr5419_cbc_1062_20240217_115156_4_1_epi_msi_tv_44slices_v1.nii,^mr5419_cbc_1062_20240217_114107_2_1_b0_msi_46slices_.*.nii$,vdm5_scmr5419_cbc_1062_20240217_114107_2_1_b0_msi_46slices_ec1_typ3_session2.nii,vs8wuamr5419_cbc_1062_20240217_115156_4_1_epi_msi_tv_44slices_v1.nii,278,20240217_115156_4_1,4.32,CBC_1062_MSI_TV_v1_Vset4_Aset3_2024-02-17_11h44.12.042.csv,0.714285714,0.642857143,0.5,NA,0.619047619,vib,tv,v1,2
CBC_1062,av2,8,mr5419_cbc_1062_20240217_130134_9_1_epi_msi_av_44slices_v1.nii,^mr5419_cbc_1062_20240217_125858_8_1_b0_msi_46slices_.*.nii$,vdm5_scmr5419_cbc_1062_20240217_125858_8_1_b0_msi_46slices_ec1_typ3.nii,vs8wuamr5419_cbc_1062_20240217_130134_9_1_epi_msi_av_44slices_v1.nii,278,20240217_130134_9_1,8.27,CBC_1062_MSI_AV_v1_Vset6_Aset6_2024-02-17_12h53.36.688.csv,0.714285714,0.5,0.642857143,NA,0.619047619,syll,av,v1,3
CBC_1063,av1,3,mr5420_cbc_1063_20240217_105359_4_1_epi_msi_av_44slices_v1.nii,^mr5420_cbc_1063_20240217_105129_3_1_b0_msi_46slices_.*.nii$,vdm5_scmr5420_cbc_1063_20240217_105129_3_1_b0_msi_46slices_ec1_typ3_session1.nii,vs8wuamr5420_cbc_1063_20240217_105359_4_1_epi_msi_av_44slices_v1.nii,278,20240217_105359_4_1,2.16,CBC_1063_MSI_AV_v1_Vset1_Aset4_2024-02-17_10h46.10.309.csv,0.5,0.5,0.642857143,NA,0.547619048,syll,av,v1,1
CBC_1063,av2,3,mr5420_cbc_1063_20240217_110205_5_1_epi_msi_av_44slices_v1.nii,^mr5420_cbc_1063_20240217_105129_3_1_b0_msi_46slices_.*.nii$,vdm5_scmr5420_cbc_1063_20240217_105129_3_1_b0_msi_46slices_ec1_typ3_session2.nii,vs8wuamr5420_cbc_1063_20240217_110205_5_1_epi_msi_av_44slices_v1.nii,278,20240217_110205_5_1,3.24,CBC_1063_MSI_AV_v1_Vset2_Aset3_2024-02-17_10h54.14.818.csv,0.285714286,0.428571429,0.5,NA,0.404761905,env,av,v1,2
CBC_1063,tv1,9,mr5420_cbc_1063_20240217_122744_10_1_epi_msi_tv_44slices_v1.nii,^mr5420_cbc_1063_20240217_122457_9_1_b0_msi_46slices_.*.nii$,vdm5_scmr5420_cbc_1063_20240217_122457_9_1_b0_msi_46slices_ec1_typ3.nii,vs8wuamr5420_cbc_1063_20240217_122744_10_1_epi_msi_tv_44slices_v1.nii,278,20240217_122744_10_1,0,CBC_1063_MSI_TV_v1_Vset3_Aset2_2024-02-17_12h19.50.763.csv,0.285714286,0.214285714,0.357142857,NA,0.285714286,vib,tv,v1,3
CBC_1064,tv1,2,mr5394_cbc_1064_20240128_095921_3_1_epi_msi_tv_44slices_v3.nii,^mr5394_cbc_1064_20240128_095632_2_1_b0_msi_46slices_.*.nii$,vdm5_scmr5394_cbc_1064_20240128_095632_2_1_b0_msi_46slices_ec1_typ3_session1.nii,vs8wuamr5394_cbc_1064_20240128_095921_3_1_epi_msi_tv_44slices_v3.nii,291,20240128_095921_3_1,1.37,CBC_1064_MSI_TV_v3_Vset4_Tset1_2024-01-28_09h51.20.752.csv,0.636363636,0.545454545,0.363636364,0.727272727,0.568181818,vib,tv,v3,1
CBC_1064,av1,2,mr5394_cbc_1064_20240128_100751_4_1_epi_msi_av_44slices_v3.nii,^mr5394_cbc_1064_20240128_095632_2_1_b0_msi_46slices_.*.nii$,vdm5_scmr5394_cbc_1064_20240128_095632_2_1_b0_msi_46slices_ec1_typ3_session2.nii,vs8wuamr5394_cbc_1064_20240128_100751_4_1_epi_msi_av_44slices_v3.nii,291,20240128_100751_4_1,12.02,CBC_1064_MSI_AV_v3_Vset5_Aset1_2024-01-28_10h00.06.405.csv,0.636363636,0.363636364,0.454545455,0.454545455,0.477272727,env,av,v3,2
CBC_1064,av2,8,mr5394_cbc_1064_20240128_110846_9_1_epi_msi_av_44slices_v3.nii,^mr5394_cbc_1064_20240128_110609_8_1_b0_msi_46slices_.*.nii$,vdm5_scmr5394_cbc_1064_20240128_110609_8_1_b0_msi_46slices_ec1_typ3_session1.nii,vs8wuamr5394_cbc_1064_20240128_110846_9_1_epi_msi_av_44slices_v3.nii,291,20240128_110846_9_1,2.06,CBC_1064_MSI_AV_v3_Vset6_Aset6_2024-01-28_11h00.57.732.csv,0.727272727,0.636363636,0.818181818,1,0.795454545,syll,av,v3,3
CBC_1064,av3,8,mr5394_cbc_1064_20240128_111744_10_1_epi_msi_av_44slices_v3.nii,^mr5394_cbc_1064_20240128_110609_8_1_b0_msi_46slices_.*.nii$,vdm5_scmr5394_cbc_1064_20240128_110609_8_1_b0_msi_46slices_ec1_typ3_session2.nii,vs8wuamr5394_cbc_1064_20240128_111744_10_1_epi_msi_av_44slices_v3.nii,291,20240128_111744_10_1,4.12,CBC_1064_MSI_AV_v3_Vset3_Aset3_2024-01-28_11h09.57.594.csv,0.454545455,1,0.818181818,0.727272727,0.75,env,av,v3,4
CBC_1065,av1,2,mr5521_cbc_1065_20240510_142754_3_1_epi_msi_av_44slices_v1.nii,^mr5521_cbc_1065_20240510_142505_2_1_b0_msi_46slices_.*.nii$,vdm5_scmr5521_cbc_1065_20240510_142505_2_1_b0_msi_46slices_ec1_typ3_session1.nii,vs8wuamr5521_cbc_1065_20240510_142754_3_1_epi_msi_av_44slices_v1.nii,278,20240510_142754_3_1,0.72,CBC_1065_MSI_AV_v1_Vset2_Aset5_2024-05-10_14h26.50.422.csv,0.642857143,0.642857143,0.928571429,NA,0.738095238,syll,av,v1,1
CBC_1065,tv1,2,mr5521_cbc_1065_20240510_143712_4_1_epi_msi_tv_44slices_v1.nii,^mr5521_cbc_1065_20240510_142505_2_1_b0_msi_46slices_.*.nii$,vdm5_scmr5521_cbc_1065_20240510_142505_2_1_b0_msi_46slices_ec1_typ3_session2.nii,vs8wuamr5521_cbc_1065_20240510_143712_4_1_epi_msi_tv_44slices_v1.nii,278,20240510_143712_4_1,0,CBC_1065_MSI_TV_v1_Vset1_Aset2_2024-05-10_14h36.16.298.csv,0.857142857,0.785714286,0.928571429,NA,0.857142857,vib,tv,v1,2
CBC_1065,av2,8,mr5521_cbc_1065_20240510_153005_9_1_epi_msi_av_44slices_v1.nii,^mr5521_cbc_1065_20240510_152732_8_1_b0_msi_46slices_.*.nii$,vdm5_scmr5521_cbc_1065_20240510_152732_8_1_b0_msi_46slices_ec1_typ3.nii,vs8wuamr5521_cbc_1065_20240510_153005_9_1_epi_msi_av_44slices_v1.nii,278,20240510_153005_9_1,0,CBC_1065_MSI_AV_v1_Vset3_Aset1_2024-05-10_15h29.15.145.csv,0.642857143,0.857142857,0.785714286,NA,0.761904762,env,av,v1,3
CBC_1066,tv1,2,mr5727_cbc_1066_20240223_141633_3_1_epi_msi_tv_44slices_v3.nii,^mr5727_cbc_1066_20240223_141345_2_1_b0_msi_46slices_.*.nii$,vdm5_scmr5727_cbc_1066_20240223_141345_2_1_b0_msi_46slices_ec1_typ3_session1.nii,vs8wuamr5727_cbc_1066_20240223_141633_3_1_epi_msi_tv_44slices_v3.nii,291,20240223_141633_3_1,1.03,CBC_1066_MSI_TV_v3_Vset4_Tset3_2024-02-23_14h08.31.160.csv,0.636363636,0.363636364,0.363636364,0.545454545,0.477272727,vib,tv,v3,1
CBC_1066,av1,2,mr5727_cbc_1066_20240223_142450_4_1_epi_msi_av_44slices_v3.nii,^mr5727_cbc_1066_20240223_141345_2_1_b0_msi_46slices_.*.nii$,vdm5_scmr5727_cbc_1066_20240223_141345_2_1_b0_msi_46slices_ec1_typ3_session2.nii,vs8wuamr5727_cbc_1066_20240223_142450_4_1_epi_msi_av_44slices_v3.nii,291,20240223_142450_4_1,13.4,CBC_1066_MSI_AV_v3_Vset5_Aset5_2024-02-23_14h17.04.015.csv,0.636363636,0.272727273,0.181818182,0.272727273,0.340909091,syll,av,v3,2
CBC_1066,av2,8,mr5727_cbc_1066_20240223_151740_9_1_epi_msi_av_44slices_v3.nii,^mr5727_cbc_1066_20240223_151502_8_1_b0_msi_46slices_.*.nii$,vdm5_scmr5727_cbc_1066_20240223_151502_8_1_b0_msi_46slices_ec1_typ3.nii,vs8wuamr5727_cbc_1066_20240223_151740_9_1_epi_msi_av_44slices_v3.nii,291,20240223_151740_9_1,2.06,CBC_1066_MSI_AV_v3_Vset6_Aset2_2024-02-23_15h10.06.061.csv,0.818181818,0.545454545,0.363636364,0.727272727,0.613636364,env,av,v3,3
CBC_1067,av1,2,mr5447_cbc_1067_20240306_143721_3_1_epi_msi_av_44slices_v3.nii,^mr5447_cbc_1067_20240306_143420_2_1_b0_msi_46slices_.*.nii$,vdm5_scmr5447_cbc_1067_20240306_143420_2_1_b0_msi_46slices_ec1_typ3_session1.nii,vs8wuamr5447_cbc_1067_20240306_143721_3_1_epi_msi_av_44slices_v3.nii,291,20240306_143721_3_1,0,CBC_1067_MSI_AV_v3_Vset2_Aset3_2024-03-06_14h29.00.651.csv,0.636363636,0.545454545,0.272727273,0.545454545,0.5,env,av,v3,1
CBC_1067,av2,2,mr5447_cbc_1067_20240306_144556_4_1_epi_msi_av_44slices_v3.nii,^mr5447_cbc_1067_20240306_143420_2_1_b0_msi_46slices_.*.nii$,vdm5_scmr5447_cbc_1067_20240306_143420_2_1_b0_msi_46slices_ec1_typ3_session2.nii,vs8wuamr5447_cbc_1067_20240306_144556_4_1_epi_msi_av_44slices_v3.nii,291,20240306_144556_4_1,0.69,CBC_1067_MSI_AV_v3_Vset3_Aset4_2024-03-06_14h37.59.473.csv,0.272727273,0.545454545,0.727272727,0.272727273,0.454545455,syll,av,v3,2
CBC_1067,tv1,8,mr5447_cbc_1067_20240306_160922_9_1_epi_msi_tv_44slices_v3.nii,^mr5447_cbc_1067_20240306_160620_8_1_b0_msi_46slices_.*.nii$,vdm5_scmr5447_cbc_1067_20240306_160620_8_1_b0_msi_46slices_ec1_typ3.nii,vs8wuamr5447_cbc_1067_20240306_160922_9_1_epi_msi_tv_44slices_v3.nii,291,20240306_160922_9_1,0,CBC_1067_MSI_TV_v3_Vset1_Tset1_2024-03-06_16h00.53.904.csv,0.363636364,0.090909091,0.454545455,0.272727273,0.295454545,vib,tv,v3,3
CBC_1068,av1,2,mr5446_cbc_1068_20240306_153021_3_1_epi_msi_av_44slices_v3.nii,^mr5446_cbc_1068_20240306_152732_2_1_b0_msi_46slices_.*.nii$,vdm5_scmr5446_cbc_1068_20240306_152732_2_1_b0_msi_46slices_ec1_typ3_session1.nii,vs8wuamr5446_cbc_1068_20240306_153021_3_1_epi_msi_av_44slices_v3.nii,291,20240306_153021_3_1,29.9,CBC_1068_MSI_AV_v3_Vset4_Aset3_2024-03-06_15h22.05.706.csv,0.545454545,0.636363636,0.181818182,0.090909091,0.363636364,env,av,v3,1
CBC_1068,tv1,2,mr5446_cbc_1068_20240306_154050_4_1_epi_msi_tv_44slices_v3.nii,^mr5446_cbc_1068_20240306_152732_2_1_b0_msi_46slices_.*.nii$,vdm5_scmr5446_cbc_1068_20240306_152732_2_1_b0_msi_46slices_ec1_typ3_session2.nii,vs8wuamr5446_cbc_1068_20240306_154050_4_1_epi_msi_tv_44slices_v3.nii,291,20240306_154050_4_1,7.9,CBC_1068_MSI_TV_v3_Vset6_Tset1_2024-03-06_15h32.58.127.csv,0.636363636,0.363636364,0.181818182,0.636363636,0.454545455,vib,tv,v3,2
CBC_1068,av2,7,mr5446_cbc_1068_20240306_164333_8_1_epi_msi_av_44slices_v3.nii,^mr5446_cbc_1068_20240306_164049_7_1_b0_msi_46slices_.*.nii$,vdm5_scmr5446_cbc_1068_20240306_164049_7_1_b0_msi_46slices_ec1_typ3.nii,vs8wuamr5446_cbc_1068_20240306_164333_8_1_epi_msi_av_44slices_v3.nii,291,20240306_164333_8_1,3.78,CBC_1068_MSI_AV_v3_Vset5_Aset6_2024-03-06_16h35.16.370.csv,0.363636364,0.545454545,0.636363636,0.636363636,0.545454545,syll,av,v3,3
CBC_1069,av1,3,mr5439_cbc_1069_20240301_154429_4_1_epi_msi_av_44slices_v1.nii,^mr5439_cbc_1069_20240301_154145_3_1_b0_msi_46slices_.*.nii$,vdm5_scmr5439_cbc_1069_20240301_154145_3_1_b0_msi_46slices_ec1_typ3_session1.nii,vs8wuamr5439_cbc_1069_20240301_154429_4_1_epi_msi_av_44slices_v1.nii,278,20240301_154429_4_1,0,CBC_1069_MSI_AV_v1_Vset3_Aset4_2024-03-01_15h36.16.590.csv,0.428571429,0.428571429,0.571428571,NA,0.476190476,syll,av,v1,1
CBC_1069,av2,3,mr5439_cbc_1069_20240301_155230_5_1_epi_msi_av_44slices_v1.nii,^mr5439_cbc_1069_20240301_154145_3_1_b0_msi_46slices_.*.nii$,vdm5_scmr5439_cbc_1069_20240301_154145_3_1_b0_msi_46slices_ec1_typ3_session2.nii,vs8wuamr5439_cbc_1069_20240301_155230_5_1_epi_msi_av_44slices_v1.nii,278,20240301_155230_5_1,0,CBC_1069_MSI_AV_v1_Vset1_Aset3_2024-03-01_15h44.46.693.csv,0.571428571,0.428571429,0.785714286,NA,0.595238095,env,av,v1,2
CBC_1069,tv1,9,mr5439_cbc_1069_20240301_164106_10_1_epi_msi_tv_44slices_v1.nii,^mr5439_cbc_1069_20240301_163831_9_1_b0_msi_46slices_.*.nii$,vdm5_scmr5439_cbc_1069_20240301_163831_9_1_b0_msi_46slices_ec1_typ3.nii,vs8wuamr5439_cbc_1069_20240301_164106_10_1_epi_msi_tv_44slices_v1.nii,278,20240301_164106_10_1,0,CBC_1069_MSI_TV_v1_Vset2_Aset2_2024-03-01_16h33.01.600.csv,0.357142857,0.714285714,0.714285714,NA,0.595238095,vib,tv,v1,3
CBC_1070,tv1,3,mr5431_cbc_1070_20240225_101949_5_1_epi_msi_tv_44slices_v3.nii,^mr5431_cbc_1070_20240225_101453_3_1_b0_msi_46slices_.*.nii$,vdm5_scmr5431_cbc_1070_20240225_101453_3_1_b0_msi_46slices_ec1_typ3_session1.nii,vs8wuamr5431_cbc_1070_20240225_101949_5_1_epi_msi_tv_44slices_v3.nii,291,20240225_101949_5_1,0,CBC_1070_MSI_TV_v3_Vset6_Tset2_2024-02-25_10h11.59.938.csv,0.545454545,0.454545455,0.363636364,0.454545455,0.454545455,vib,tv,v3,1
CBC_1070,av1,3,mr5431_cbc_1070_20240225_102818_6_1_epi_msi_av_44slices_v3.nii,^mr5431_cbc_1070_20240225_101453_3_1_b0_msi_46slices_.*.nii$,vdm5_scmr5431_cbc_1070_20240225_101453_3_1_b0_msi_46slices_ec1_typ3_session2.nii,vs8wuamr5431_cbc_1070_20240225_102818_6_1_epi_msi_av_44slices_v3.nii,291,20240225_102818_6_1,0,CBC_1070_MSI_AV_v3_Vset4_Aset2_2024-02-25_10h20.35.897.csv,0.363636364,0.181818182,0.636363636,0.636363636,0.454545455,env,av,v3,2
CBC_1070,av2,10,mr5431_cbc_1070_20240225_112952_11_1_epi_msi_av_44slices_v3.nii,^mr5431_cbc_1070_20240225_112717_10_1_b0_msi_46slices_.*.nii$,vdm5_scmr5431_cbc_1070_20240225_112717_10_1_b0_msi_46slices_ec1_typ3.nii,vs8wuamr5431_cbc_1070_20240225_112952_11_1_epi_msi_av_44slices_v3.nii,291,20240225_112952_11_1,0.69,CBC_1070_MSI_AV_v3_Vset5_Aset6_2024-02-25_11h21.54.151.csv,0.454545455,0.909090909,0.454545455,0.363636364,0.545454545,syll,av,v3,3
CBC_1071,av1,2,mr5404_cbc_1071_20240202_151948_4_1_epi_msi_av_44slices_v3.nii,^mr5404_cbc_1071_20240202_151319_2_1_b0_msi_46slices_.*.nii$,vdm5_scmr5404_cbc_1071_20240202_151319_2_1_b0_msi_46slices_ec1_typ3_session1.nii,vs8wuamr5404_cbc_1071_20240202_151948_4_1_epi_msi_av_44slices_v3.nii,291,20240202_151948_4_1,3.09,CBC_1071_MSI_AV_v3_Vset1_Aset5_2024-02-02_15h12.14.660.csv,0.727272727,0.818181818,0.727272727,0.727272727,0.75,syll,av,v3,1
CBC_1071,tv1,2,mr5404_cbc_1071_20240202_152837_5_1_epi_msi_tv_44slices_v3.nii,^mr5404_cbc_1071_20240202_151319_2_1_b0_msi_46slices_.*.nii$,vdm5_scmr5404_cbc_1071_20240202_151319_2_1_b0_msi_46slices_ec1_typ3_session2.nii,vs8wuamr5404_cbc_1071_20240202_152837_5_1_epi_msi_tv_44slices_v3.nii,291,20240202_152837_5_1,0,CBC_1071_MSI_TV_v3_Vset2_Tset3_2024-02-02_15h20.49.299.csv,0.727272727,0.909090909,0.727272727,0.727272727,0.772727273,vib,tv,v3,2
CBC_1071,av2,9,mr5404_cbc_1071_20240202_164500_10_1_epi_msi_av_44slices_v3.nii,^mr5404_cbc_1071_20240202_164212_9_1_b0_msi_46slices_.*.nii$,vdm5_scmr5404_cbc_1071_20240202_164212_9_1_b0_msi_46slices_ec1_typ3.nii,vs8wuamr5404_cbc_1071_20240202_164500_10_1_epi_msi_av_44slices_v3.nii,291,20240202_164500_10_1,9.97,CBC_1071_MSI_AV_v3_Vset3_Aset2_2024-02-02_16h36.55.631.csv,0.545454545,0.727272727,0.454545455,0.636363636,0.590909091,env,av,v3,3
CBC_1072,tv1,2,mr5405_cbc_1072_20240202_142148_3_1_epi_msi_tv_44slices_v3.nii,^mr5405_cbc_1072_20240202_141846_2_1_b0_msi_46slices_.*.nii$,vdm5_scmr5405_cbc_1072_20240202_141846_2_1_b0_msi_46slices_ec1_typ3_session1.nii,vs8wuamr5405_cbc_1072_20240202_142148_3_1_epi_msi_tv_44slices_v3.nii,291,20240202_142148_3_1,2.06,CBC_1072_MSI_TV_v3_Vset5_Tset2_2024-02-02_14h13.45.206.csv,0.272727273,0.545454545,0.181818182,0.636363636,0.409090909,vib,tv,v3,1
CBC_1072,av1,2,mr5405_cbc_1072_20240202_143019_4_1_epi_msi_av_44slices_v3.nii,^mr5405_cbc_1072_20240202_141846_2_1_b0_msi_46slices_.*.nii$,vdm5_scmr5405_cbc_1072_20240202_141846_2_1_b0_msi_46slices_ec1_typ3_session2.nii,vs8wuamr5405_cbc_1072_20240202_143019_4_1_epi_msi_av_44slices_v3.nii,291,20240202_143019_4_1,0,CBC_1072_MSI_AV_v3_Vset4_Aset5_2024-02-02_14h22.39.717.csv,0.363636364,0.181818182,0.636363636,0.545454545,0.431818182,syll,av,v3,2
CBC_1072,av2,8,mr5405_cbc_1072_20240202_160741_9_1_epi_msi_av_44slices_v3.nii,^mr5405_cbc_1072_20240202_160500_8_1_b0_msi_46slices_.*.nii$,vdm5_scmr5405_cbc_1072_20240202_160500_8_1_b0_msi_46slices_ec1_typ3.nii,vs8wuamr5405_cbc_1072_20240202_160741_9_1_epi_msi_av_44slices_v3.nii,291,20240202_160741_9_1,3.44,CBC_1072_MSI_AV_v3_Vset6_Aset2_2024-02-02_15h59.48.628.csv,0.636363636,0.545454545,0.636363636,0.727272727,0.636363636,env,av,v3,3
CBC_1073,av1,3,mr5438_cbc_1073_20240301_135707_4_1_epi_msi_av_44slices_v3.nii,^mr5438_cbc_1073_20240301_135409_3_1_b0_msi_46slices_.*.nii$,vdm5_scmr5438_cbc_1073_20240301_135409_3_1_b0_msi_46slices_ec1_typ3.nii,vs8wuamr5438_cbc_1073_20240301_135707_4_1_epi_msi_av_44slices_v3.nii,291,20240301_135707_4_1,0,CBC_1073_MSI_AV_v3_Vset3_Aset3_2024-03-01_13h48.50.767.csv,0.454545455,0.545454545,0.727272727,0.818181818,0.636363636,env,av,v3,1
CBC_1073,av2,7,mr5438_cbc_1073_20240301_141626_8_1_epi_msi_av_44slices_v3.nii,^mr5438_cbc_1073_20240301_141355_7_1_b0_msi_46slices_.*.nii$,vdm5_scmr5438_cbc_1073_20240301_141355_7_1_b0_msi_46slices_ec1_typ3.nii,vs8wuamr5438_cbc_1073_20240301_141626_8_1_epi_msi_av_44slices_v3.nii,291,20240301_141626_8_1,0,CBC_1073_MSI_AV_v3_Vset2_Aset4_2024-03-01_14h08.27.075.csv,0.818181818,0.818181818,0.636363636,0.454545455,0.681818182,syll,av,v3,2
CBC_1073,tv1,12,mr5438_cbc_1073_20240301_150219_13_1_epi_msi_tv_44slices_v3.nii,^mr5438_cbc_1073_20240301_145943_12_1_b0_msi_46slices_.*.nii$,vdm5_scmr5438_cbc_1073_20240301_145943_12_1_b0_msi_46slices_ec1_typ3.nii,vs8wuamr5438_cbc_1073_20240301_150219_13_1_epi_msi_tv_44slices_v3.nii,291,20240301_150219_13_1,0,CBC_1073_MSI_TV_v3_Vset1_Tset3_2024-03-01_14h54.17.972.csv,0.454545455,0.909090909,0.818181818,0.818181818,0.75,vib,tv,v3,3
CBC_1074,av1,2,mr5454_cbc_1074_20240313_163236_3_1_epi_msi_av_44slices_v1.nii,^mr5454_cbc_1074_20240313_162944_2_1_b0_msi_46slices_.*.nii$,vdm5_scmr5454_cbc_1074_20240313_162944_2_1_b0_msi_46slices_ec1_typ3_session1.nii,vs8wuamr5454_cbc_1074_20240313_163236_3_1_epi_msi_av_44slices_v1.nii,278,20240313_163236_3_1,0,CBC_1074_MSI_AV_v1_Vset4_Aset3_2024-03-13_16h24.28.080.csv,1,0.928571429,1,NA,0.976190476,env,av,v1,1
CBC_1074,tv1,2,mr5454_cbc_1074_20240313_164100_4_1_epi_msi_tv_44slices_v1.nii,^mr5454_cbc_1074_20240313_162944_2_1_b0_msi_46slices_.*.nii$,vdm5_scmr5454_cbc_1074_20240313_162944_2_1_b0_msi_46slices_ec1_typ3_session2.nii,vs8wuamr5454_cbc_1074_20240313_164100_4_1_epi_msi_tv_44slices_v1.nii,278,20240313_164100_4_1,0,CBC_1074_MSI_TV_v1_Vset6_Aset2_2024-03-13_16h33.01.840.csv,0.571428571,0.642857143,0.642857143,NA,0.619047619,vib,tv,v1,2
CBC_1074,av2,8,mr5454_cbc_1074_20240313_175241_9_1_epi_msi_av_44slices_v1.nii,^mr5454_cbc_1074_20240313_174950_8_1_b0_msi_46slices_.*.nii$,vdm5_scmr5454_cbc_1074_20240313_174950_8_1_b0_msi_46slices_ec1_typ3.nii,vs8wuamr5454_cbc_1074_20240313_175241_9_1_epi_msi_av_44slices_v1.nii,278,20240313_175241_9_1,0,CBC_1074_MSI_AV_v1_Vset5_Aset6_2024-03-13_17h44.24.484.csv,0.642857143,0.642857143,0.857142857,NA,0.714285714,syll,av,v1,3
CBC_1075,av1,2,mr5453_cbc_1075_20240313_150047_3_1_epi_msi_av_44slices_v3.nii,^mr5453_cbc_1075_20240313_145757_2_1_b0_msi_46slices_.*.nii$,vdm5_scmr5453_cbc_1075_20240313_145757_2_1_b0_msi_46slices_ec1_typ3_session1.nii,vs8wuamr5453_cbc_1075_20240313_150047_3_1_epi_msi_av_44slices_v3.nii,291,20240313_150047_3_1,0,CBC_1075_MSI_AV_v3_Vset1_Aset4_2024-03-13_14h52.46.790.csv,0.636363636,0.454545455,0.454545455,0.909090909,0.613636364,syll,av,v3,1
CBC_1075,av2,2,mr5453_cbc_1075_20240313_150941_4_1_epi_msi_av_44slices_v3.nii,^mr5453_cbc_1075_20240313_145757_2_1_b0_msi_46slices_.*.nii$,vdm5_scmr5453_cbc_1075_20240313_145757_2_1_b0_msi_46slices_ec1_typ3_session2.nii,vs8wuamr5453_cbc_1075_20240313_150941_4_1_epi_msi_av_44slices_v3.nii,291,20240313_150941_4_1,0,CBC_1075_MSI_AV_v3_Vset3_Aset3_2024-03-13_15h01.44.828.csv,0.272727273,0.636363636,0.727272727,0.636363636,0.568181818,env,av,v3,2
CBC_1075,tv1,8,mr5453_cbc_1075_20240313_171800_9_1_epi_msi_tv_44slices_v3.nii,^mr5453_cbc_1075_20240313_171456_8_1_b0_msi_46slices_.*.nii$,vdm5_scmr5453_cbc_1075_20240313_171456_8_1_b0_msi_46slices_ec1_typ3.nii,vs8wuamr5453_cbc_1075_20240313_171800_9_1_epi_msi_tv_44slices_v3.nii,291,20240313_171800_9_1,0,CBC_1075_MSI_TV_v3_Vset2_Tset1_2024-03-13_17h09.54.370.csv,0.272727273,0.545454545,0.727272727,0.636363636,0.545454545,vib,tv,v3,3
CBC_1076,tv1,2,mr5452_cbc_1076_20240313_140611_3_1_epi_msi_tv_44slices_v3.nii,^mr5452_cbc_1076_20240313_140320_2_1_b0_msi_46slices_.*.nii$,vdm5_scmr5452_cbc_1076_20240313_140320_2_1_b0_msi_46slices_ec1_typ3_session1.nii,vs8wuamr5452_cbc_1076_20240313_140611_3_1_epi_msi_tv_44slices_v3.nii,291,20240313_140611_3_1,0,CBC_1076_MSI_TV_v3_Vset6_Tset2_2024-03-13_13h58.04.695.csv,0.454545455,0.454545455,0.363636364,0.545454545,0.454545455,vib,tv,v3,1
CBC_1076,av1,2,mr5452_cbc_1076_20240313_141458_4_1_epi_msi_av_44slices_v3.nii,^mr5452_cbc_1076_20240313_140320_2_1_b0_msi_46slices_.*.nii$,vdm5_scmr5452_cbc_1076_20240313_140320_2_1_b0_msi_46slices_ec1_typ3_session2.nii,vs8wuamr5452_cbc_1076_20240313_141458_4_1_epi_msi_av_44slices_v3.nii,291,20240313_141458_4_1,0,CBC_1076_MSI_AV_v3_Vset5_Aset3_2024-03-13_14h06.57.958.csv,0.363636364,0.272727273,0.545454545,0.818181818,0.5,env,av,v3,2
CBC_1076,av2,8,mr5452_cbc_1076_20240313_154726_9_1_epi_msi_av_44slices_v3.nii,^mr5452_cbc_1076_20240313_154437_8_1_b0_msi_46slices_.*.nii$,vdm5_scmr5452_cbc_1076_20240313_154437_8_1_b0_msi_46slices_ec1_typ3.nii,vs8wuamr5452_cbc_1076_20240313_154726_9_1_epi_msi_av_44slices_v3.nii,291,20240313_154726_9_1,3.09,CBC_1076_MSI_AV_v3_Vset4_Aset6_2024-03-13_15h39.19.345.csv,0.727272727,1,1,0.909090909,0.909090909,syll,av,v3,3
CBC_1077,av1,3,mr5418_cbc_1077_20240216_151552_4_1_epi_msi_av_44slices_v1.nii,^mr5418_cbc_1077_20240216_151315_3_1_b0_msi_46slices_.*.nii$,vdm5_scmr5418_cbc_1077_20240216_151315_3_1_b0_msi_46slices_ec1_typ3_session1.nii,vs8wuamr5418_cbc_1077_20240216_151552_4_1_epi_msi_av_44slices_v1.nii,278,20240216_151552_4_1,0,CBC_1077_MSI_AV_v1_Vset2_Aset5_2024-02-16_15h07.57.044.csv,0.571428571,0.714285714,0.642857143,NA,0.642857143,syll,av,v1,1
CBC_1077,tv1,3,mr5418_cbc_1077_20240216_152424_5_1_epi_msi_tv_44slices_v1.nii,^mr5418_cbc_1077_20240216_151315_3_1_b0_msi_46slices_.*.nii$,vdm5_scmr5418_cbc_1077_20240216_151315_3_1_b0_msi_46slices_ec1_typ3_session2.nii,vs8wuamr5418_cbc_1077_20240216_152424_5_1_epi_msi_tv_44slices_v1.nii,278,20240216_152424_5_1,0,CBC_1077_MSI_TV_v1_Vset1_Aset1_2024-02-16_15h16.11.266.csv,0.357142857,0.357142857,0.5,NA,0.404761905,vib,tv,v1,2
CBC_1077,av2,9,mr5418_cbc_1077_20240216_161545_10_1_epi_msi_av_44slices_v1.nii,^mr5418_cbc_1077_20240216_161306_9_1_b0_msi_46slices_.*.nii$,vdm5_scmr5418_cbc_1077_20240216_161306_9_1_b0_msi_46slices_ec1_typ3.nii,vs8wuamr5418_cbc_1077_20240216_161545_10_1_epi_msi_av_44slices_v1.nii,278,20240216_161545_10_1,0,CBC_1077_MSI_AV_v1_Vset3_Aset2_2024-02-16_16h07.43.793.csv,0.571428571,0.928571429,0.714285714,NA,0.738095238,env,av,v1,3
CBC_1078,tv1,2,mr5465_cbc_1078_20240322_142258_4_1_epi_msi_tv_44slices_v3.nii,^mr5465_cbc_1078_20240322_141804_2_1_b0_msi_46slices_.*.nii$,vdm5_scmr5465_cbc_1078_20240322_141804_2_1_b0_msi_46slices_ec1_typ3_session1.nii,vs8wuamr5465_cbc_1078_20240322_142258_4_1_epi_msi_tv_44slices_v3.nii,291,20240322_142258_4_1,0,CBC_1078_MSI_TV_v3_Vset6_Tset3_2024-03-22_14h14.48.635.csv,0.272727273,0.636363636,0.636363636,0.454545455,0.5,vib,tv,v3,1
CBC_1078,av1,2,mr5465_cbc_1078_20240322_143214_5_1_epi_msi_av_44slices_v3.nii,^mr5465_cbc_1078_20240322_141804_2_1_b0_msi_46slices_.*.nii$,vdm5_scmr5465_cbc_1078_20240322_141804_2_1_b0_msi_46slices_ec1_typ3_session2.nii,vs8wuamr5465_cbc_1078_20240322_143214_5_1_epi_msi_av_44slices_v3.nii,291,20240322_143214_5_1,0,CBC_1078_MSI_AV_v3_Vset4_Aset5_2024-03-22_14h23.27.096.csv,0.272727273,0.545454545,0.363636364,0.545454545,0.431818182,syll,av,v3,2
CBC_1078,av2,9,mr5465_cbc_1078_20240322_153159_11_1_epi_msi_av_44slices_v3.nii,^mr5465_cbc_1078_20240322_152440_9_1_b0_msi_46slices_.*.nii$,vdm5_scmr5465_cbc_1078_20240322_152440_9_1_b0_msi_46slices_ec1_typ3.nii,vs8wuamr5465_cbc_1078_20240322_153159_11_1_epi_msi_av_44slices_v3.nii,291,20240322_153159_11_1,1.03,CBC_1078_MSI_AV_v3_Vset3_Aset3_2024-03-22_15h23.59.201.csv,0.272727273,0.545454545,0.272727273,0.272727273,0.340909091,env,av,v3,3
CBC_1079,av1,2,mr5481_cbc_1079_20240403_145830_3_1_epi_msi_av_44slices_v3.nii,^mr5481_cbc_1079_20240403_145534_2_1_b0_msi_46slices_.*.nii$,vdm5_scmr5481_cbc_1079_20240403_145534_2_1_b0_msi_46slices_ec1_typ3_session1.nii,vs8wuamr5481_cbc_1079_20240403_145830_3_1_epi_msi_av_44slices_v3.nii,291,20240403_145830_3_1,1.37,CBC_1079_MSI_AV_v3_Vset3_Aset3_2024-04-03_14h50.04.808.csv,0.727272727,0.363636364,0.545454545,0.363636364,0.5,env,av,v3,1
CBC_1079,av2,2,mr5481_cbc_1079_20240403_150702_4_1_epi_msi_av_44slices_v3.nii,^mr5481_cbc_1079_20240403_145534_2_1_b0_msi_46slices_.*.nii$,vdm5_scmr5481_cbc_1079_20240403_145534_2_1_b0_msi_46slices_ec1_typ3_session2.nii,vs8wuamr5481_cbc_1079_20240403_150702_4_1_epi_msi_av_44slices_v3.nii,291,20240403_150702_4_1,13.4,CBC_1079_MSI_AV_v3_Vset1_Aset4_2024-04-03_14h58.52.676.csv,0.454545455,0.636363636,0.636363636,0.272727273,0.5,syll,av,v3,2
CBC_1079,tv1,8,mr5481_cbc_1079_20240403_155710_9_1_epi_msi_tv_44slices_v3.nii,^mr5481_cbc_1079_20240403_155344_8_1_b0_msi_46slices_.*.nii$,vdm5_scmr5481_cbc_1079_20240403_155344_8_1_b0_msi_46slices_ec1_typ3.nii,vs8wuamr5481_cbc_1079_20240403_155710_9_1_epi_msi_tv_44slices_v3.nii,291,20240403_155710_9_1,17.87,CBC_1079_MSI_TV_v3_Vset2_Tset3_2024-04-03_15h48.56.869.csv,0.363636364,0.272727273,0.363636364,0.272727273,0.318181818,vib,tv,v3,3
CBC_1080,av1,2,mr5491_cbc_1080_20240412_150810_3_1_epi_msi_av_44slices_v1.nii,^mr5491_cbc_1080_20240412_150528_2_1_b0_msi_46slices_.*.nii$,vdm5_scmr5491_cbc_1080_20240412_150528_2_1_b0_msi_46slices_ec1_typ3_session1.nii,vs8wuamr5491_cbc_1080_20240412_150810_3_1_epi_msi_av_44slices_v1.nii,278,20240412_150810_3_1,0,CBC_1080_MSI_AV_v1_Vset5_Aset1_2024-04-12_14h59.49.236.csv,0.571428571,0.714285714,0.714285714,NA,0.666666667,env,av,v1,1
CBC_1080,tv1,2,mr5491_cbc_1080_20240412_151611_4_1_epi_msi_tv_44slices_v1.nii,^mr5491_cbc_1080_20240412_150528_2_1_b0_msi_46slices_.*.nii$,vdm5_scmr5491_cbc_1080_20240412_150528_2_1_b0_msi_46slices_ec1_typ3_session2.nii,vs8wuamr5491_cbc_1080_20240412_151611_4_1_epi_msi_tv_44slices_v1.nii,278,20240412_151611_4_1,0,CBC_1080_MSI_TV_v1_Vset4_Aset1_2024-04-12_15h08.13.163.csv,0.714285714,0.857142857,1,NA,0.857142857,vib,tv,v1,2
CBC_1080,av2,8,mr5491_cbc_1080_20240412_163045_9_1_epi_msi_av_44slices_v1.nii,^mr5491_cbc_1080_20240412_162806_8_1_b0_msi_46slices_.*.nii$,vdm5_scmr5491_cbc_1080_20240412_162806_8_1_b0_msi_46slices_ec1_typ3.nii,vs8wuamr5491_cbc_1080_20240412_163045_9_1_epi_msi_av_44slices_v1.nii,278,20240412_163045_9_1,0,CBC_1080_MSI_AV_v1_Vset6_Aset6_2024-04-12_16h22.22.970.csv,0.5,0.571428571,0.857142857,NA,0.642857143,syll,av,v1,3
CBC_1081,av1,2,mr5492_cbc_1081_20240412_142204_3_1_epi_msi_av_44slices_v3.nii,^mr5492_cbc_1081_20240412_141928_2_1_b0_msi_46slices_.*.nii$,vdm5_scmr5492_cbc_1081_20240412_141928_2_1_b0_msi_46slices_ec1_typ3_session1.nii,vs8wuamr5492_cbc_1081_20240412_142204_3_1_epi_msi_av_44slices_v3.nii,291,20240412_142204_3_1,2.41,CBC_1081_MSI_AV_v3_Vset3_Aset4_2024-04-12_14h13.44.220.csv,0.272727273,0.727272727,0.818181818,0.454545455,0.568181818,syll,av,v3,1
CBC_1081,av2,2,mr5492_cbc_1081_20240412_143022_4_1_epi_msi_av_44slices_v3.nii,^mr5492_cbc_1081_20240412_141928_2_1_b0_msi_46slices_.*.nii$,vdm5_scmr5492_cbc_1081_20240412_141928_2_1_b0_msi_46slices_ec1_typ3_session2.nii,vs8wuamr5492_cbc_1081_20240412_143022_4_1_epi_msi_av_44slices_v3.nii,291,20240412_143022_4_1,18.56,CBC_1081_MSI_AV_v3_Vset2_Aset1_2024-04-12_14h22.20.772.csv,0.454545455,0.454545455,0.363636364,0.818181818,0.522727273,env,av,v3,2
CBC_1081,tv1,8,mr5492_cbc_1081_20240412_155029_9_1_epi_msi_tv_44slices_v3.nii,^mr5492_cbc_1081_20240412_154745_8_1_b0_msi_46slices_.*.nii$,vdm5_scmr5492_cbc_1081_20240412_154745_8_1_b0_msi_46slices_ec1_typ3_session1.nii,vs8wuamr5492_cbc_1081_20240412_155029_9_1_epi_msi_tv_44slices_v3.nii,291,20240412_155029_9_1,73.89,CBC_1081_MSI_TV_v3_Vset1_Tset2_2024-04-12_15h42.05.623.csv,0.363636364,0.363636364,0.363636364,0.545454545,0.409090909,vib,tv,v3,3
CBC_1081,av3,8,mr5492_cbc_1081_20240412_155924_10_1_epi_msi_av_44slices_v3.nii,^mr5492_cbc_1081_20240412_154745_8_1_b0_msi_46slices_.*.nii$,vdm5_scmr5492_cbc_1081_20240412_154745_8_1_b0_msi_46slices_ec1_typ3_session2.nii,vs8wuamr5492_cbc_1081_20240412_155924_10_1_epi_msi_av_44slices_v3.nii,291,20240412_155924_10_1,23.37,CBC_1081_MSI_AV_v3_Vset4_Aset2_2024-04-12_15h51.25.900.csv,0.909090909,0.727272727,0.909090909,0.818181818,0.840909091,env,av,v3,4
CBC_1082,tv1,2,mr5393_cbc_1082_20240127_110500_3_1_epi_msi_tv_44slices_v3.nii,^mr5393_cbc_1082_20240127_110204_2_1_b0_msi_46slices_.*.nii$,vdm5_scmr5393_cbc_1082_20240127_110204_2_1_b0_msi_46slices_ec1_typ3.nii,vs8wuamr5393_cbc_1082_20240127_110500_3_1_epi_msi_tv_44slices_v3.nii,291,20240127_110500_3_1,48.11,CBC_1082_MSI_TV_v3_Vset6_Tset1_2024-01-27_10h57.15.234.csv,0.818181818,0.818181818,0.454545455,0.636363636,0.681818182,vib,tv,v3,1
CBC_1082,av1,6,mr5393_cbc_1082_20240127_112458_7_1_epi_msi_av_44slices_v3.nii,^mr5393_cbc_1082_20240127_112232_6_1_b0_msi_46slices_.*.nii$,vdm5_scmr5393_cbc_1082_20240127_112232_6_1_b0_msi_46slices_ec1_typ3.nii,vs8wuamr5393_cbc_1082_20240127_112458_7_1_epi_msi_av_44slices_v3.nii,291,20240127_112458_7_1,56.7,CBC_1082_MSI_AV_v3_Vset5_Aset1_2024-01-27_11h17.36.927.csv,0.636363636,0.454545455,0.727272727,0.818181818,0.659090909,env,av,v3,2
CBC_1082,av2,18,mr5393_cbc_1082_20240127_124232_19_1_epi_msi_av_44slices_v3.nii,^mr5393_cbc_1082_20240127_123958_18_1_b0_msi_46slices_.*.nii$,vdm5_scmr5393_cbc_1082_20240127_123958_18_1_b0_msi_46slices_ec1_typ3.nii,vs8wuamr5393_cbc_1082_20240127_124232_19_1_epi_msi_av_44slices_v3.nii,291,20240127_124232_19_1,16.83,CBC_1082_MSI_AV_v3_Vset4_Aset6_2024-01-27_12h35.08.003.csv,0.818181818,0.363636364,0.363636364,0.636363636,0.545454545,syll,av,v3,3
CBC_1083,av1,2,mr5490_cbc_1083_20240410_140711_3_1_epi_msi_av_44slices_v1.nii,^mr5490_cbc_1083_20240410_140423_2_1_b0_msi_46slices_.*.nii$,vdm5_scmr5490_cbc_1083_20240410_140423_2_1_b0_msi_46slices_ec1_typ3_session1.nii,vs8wuamr5490_cbc_1083_20240410_140711_3_1_epi_msi_av_44slices_v1.nii,278,20240410_140711_3_1,0,CBC_1083_MSI_AV_v1_Vset1_Aset5_2024-04-10_13h58.43.891.csv,0.928571429,1,0.928571429,NA,0.952380952,syll,av,v1,1
CBC_1083,tv1,2,mr5490_cbc_1083_20240410_141504_4_1_epi_msi_tv_44slices_v1.nii,^mr5490_cbc_1083_20240410_140423_2_1_b0_msi_46slices_.*.nii$,vdm5_scmr5490_cbc_1083_20240410_140423_2_1_b0_msi_46slices_ec1_typ3_session2.nii,vs8wuamr5490_cbc_1083_20240410_141504_4_1_epi_msi_tv_44slices_v1.nii,278,20240410_141504_4_1,0,CBC_1083_MSI_TV_v1_Vset2_Aset2_2024-04-10_14h07.08.183.csv,0.785714286,0.785714286,0.928571429,NA,0.833333333,vib,tv,v1,2
CBC_1083,av2,8,mr5490_cbc_1083_20240410_150756_9_1_epi_msi_av_44slices_v1.nii,^mr5490_cbc_1083_20240410_150518_8_1_b0_msi_46slices_.*.nii$,vdm5_scmr5490_cbc_1083_20240410_150518_8_1_b0_msi_46slices_ec1_typ3.nii,vs8wuamr5490_cbc_1083_20240410_150756_9_1_epi_msi_av_44slices_v1.nii,278,20240410_150756_9_1,0,CBC_1083_MSI_AV_v1_Vset3_Aset2_2024-04-10_14h59.38.518.csv,0.928571429,0.928571429,0.928571429,NA,0.928571429,env,av,v1,3
CBC_1084,tv1,2,mr5437_cbc_1084_20240229_134154_3_1_epi_msi_tv_44slices_v1.nii,^mr5437_cbc_1084_20240229_133905_2_1_b0_msi_46slices_.*.nii$,vdm5_scmr5437_cbc_1084_20240229_133905_2_1_b0_msi_46slices_ec1_typ3_session1.nii,vs8wuamr5437_cbc_1084_20240229_134154_3_1_epi_msi_tv_44slices_v1.nii,278,20240229_134154_3_1,0,CBC_1084_MSI_TV_v1_Vset6_Aset2_2024-02-29_13h33.49.909.csv,0.714285714,0.428571429,0.714285714,NA,0.619047619,vib,tv,v1,1
CBC_1084,av1,2,mr5437_cbc_1084_20240229_135102_4_1_epi_msi_av_44slices_v1.nii,^mr5437_cbc_1084_20240229_133905_2_1_b0_msi_46slices_.*.nii$,vdm5_scmr5437_cbc_1084_20240229_133905_2_1_b0_msi_46slices_ec1_typ3_session2.nii,vs8wuamr5437_cbc_1084_20240229_135102_4_1_epi_msi_av_44slices_v1.nii,278,20240229_135102_4_1,0,CBC_1084_MSI_AV_v1_Vset5_Aset5_2024-02-29_13h43.13.715.csv,0.714285714,0.428571429,0.785714286,NA,0.642857143,syll,av,v1,2
CBC_1084,av2,8,mr5437_cbc_1084_20240229_143532_9_1_epi_msi_av_44slices_v1.nii,^mr5437_cbc_1084_20240229_143258_8_1_b0_msi_46slices_.*.nii$,vdm5_scmr5437_cbc_1084_20240229_143258_8_1_b0_msi_46slices_ec1_typ3.nii,vs8wuamr5437_cbc_1084_20240229_143532_9_1_epi_msi_av_44slices_v1.nii,278,20240229_143532_9_1,0,CBC_1084_MSI_AV_v1_Vset4_Aset1_2024-02-29_14h27.29.093.csv,0.785714286,0.928571429,0.928571429,NA,0.880952381,env,av,v1,3
CBC_1086,av1,2,mr5500_cbc_1086_20240423_162142_3_1_epi_msi_av_44slices_v1.nii,^mr5500_cbc_1086_20240423_161842_2_1_b0_msi_46slices_.*.nii$,vdm5_scmr5500_cbc_1086_20240423_161842_2_1_b0_msi_46slices_ec1_typ3_session1.nii,vs8wuamr5500_cbc_1086_20240423_162142_3_1_epi_msi_av_44slices_v1.nii,278,20240423_162142_3_1,0,CBC_1086_MSI_AV_v1_Vset4_Aset2_2024-04-23_16h20.43.546.csv,0.857142857,1,1,NA,0.952380952,env,av,v1,1
CBC_1086,tv1,2,mr5500_cbc_1086_20240423_163030_4_1_epi_msi_tv_44slices_v1.nii,^mr5500_cbc_1086_20240423_161842_2_1_b0_msi_46slices_.*.nii$,vdm5_scmr5500_cbc_1086_20240423_161842_2_1_b0_msi_46slices_ec1_typ3_session2.nii,vs8wuamr5500_cbc_1086_20240423_163030_4_1_epi_msi_tv_44slices_v1.nii,278,20240423_163030_4_1,0,CBC_1086_MSI_TV_v1_Vset5_Aset1_2024-04-23_16h29.43.384.csv,0.857142857,0.928571429,1,NA,0.928571429,vib,tv,v1,2
CBC_1086,av2,8,mr5500_cbc_1086_20240423_172243_9_1_epi_msi_av_44slices_v1.nii,^mr5500_cbc_1086_20240423_171954_8_1_b0_msi_46slices_.*.nii$,vdm5_scmr5500_cbc_1086_20240423_171954_8_1_b0_msi_46slices_ec1_typ3.nii,vs8wuamr5500_cbc_1086_20240423_172243_9_1_epi_msi_av_44slices_v1.nii,278,20240423_172243_9_1,0,CBC_1086_MSI_AV_v1_Vset6_Aset6_2024-04-23_17h21.43.903.csv,0.857142857,1,1,NA,0.952380952,syll,av,v1,3
CBC_1087,av1,2,mr5467_cbc_1087_20240323_100014_3_1_epi_msi_av_44slices_v3.nii,^mr5467_cbc_1087_20240323_095725_2_1_b0_msi_46slices_.*.nii$,vdm5_scmr5467_cbc_1087_20240323_095725_2_1_b0_msi_46slices_ec1_typ3_session1.nii,vs8wuamr5467_cbc_1087_20240323_100014_3_1_epi_msi_av_44slices_v3.nii,291,20240323_100014_3_1,0,CBC_1087_MSI_AV_v3_Vset3_Aset4_2024-03-23_09h52.03.887.csv,0.727272727,0.454545455,0.363636364,0.636363636,0.545454545,syll,av,v3,1
CBC_1087,av2,2,mr5467_cbc_1087_20240323_100849_4_1_epi_msi_av_44slices_v3.nii,^mr5467_cbc_1087_20240323_095725_2_1_b0_msi_46slices_.*.nii$,vdm5_scmr5467_cbc_1087_20240323_095725_2_1_b0_msi_46slices_ec1_typ3_session2.nii,vs8wuamr5467_cbc_1087_20240323_100849_4_1_epi_msi_av_44slices_v3.nii,291,20240323_100849_4_1,0.69,CBC_1087_MSI_AV_v3_Vset1_Aset1_2024-03-23_10h00.48.030.csv,0.636363636,0.545454545,0.363636364,0.545454545,0.522727273,env,av,v3,2
CBC_1087,tv1,8,mr5467_cbc_1087_20240323_113616_9_1_epi_msi_tv_44slices_v3.nii,^mr5467_cbc_1087_20240323_113327_8_1_b0_msi_46slices_.*.nii$,vdm5_scmr5467_cbc_1087_20240323_113327_8_1_b0_msi_46slices_ec1_typ3_session1.nii,vs8wuamr5467_cbc_1087_20240323_113616_9_1_epi_msi_tv_44slices_v3.nii,291,20240323_113616_9_1,5.5,CBC_1087_MSI_TV_v3_Vset2_Tset3_2024-03-23_11h27.59.968.csv,0.454545455,0.181818182,0.545454545,0.272727273,0.363636364,vib,tv,v3,3
CBC_1087,av3,8,mr5467_cbc_1087_20240323_114528_10_1_epi_msi_av_44slices_v3.nii,^mr5467_cbc_1087_20240323_113327_8_1_b0_msi_46slices_.*.nii$,vdm5_scmr5467_cbc_1087_20240323_113327_8_1_b0_msi_46slices_ec1_typ3_session2.nii,vs8wuamr5467_cbc_1087_20240323_114528_10_1_epi_msi_av_44slices_v3.nii,291,20240323_114528_10_1,0,CBC_1087_MSI_AV_v3_Vset4_Aset2_2024-03-23_11h37.29.616.csv,0.818181818,0.636363636,0.545454545,0.363636364,0.590909091,env,av,v3,4
CBC_1088,tv1,2,mr5468_cbc_1088_20240323_144344_3_1_epi_msi_tv_44slices_v3.nii,^mr5468_cbc_1088_20240323_144058_2_1_b0_msi_46slices_.*.nii$,vdm5_scmr5468_cbc_1088_20240323_144058_2_1_b0_msi_46slices_ec1_typ3_session1.nii,vs8wuamr5468_cbc_1088_20240323_144344_3_1_epi_msi_tv_44slices_v3.nii,291,20240323_144344_3_1,1.03,CBC_1088_MSI_TV_v3_Vset6_Tset1_2024-03-23_14h35.30.633.csv,0.181818182,0,0.454545455,0.454545455,0.272727273,vib,tv,v3,1
CBC_1088,av1,2,mr5468_cbc_1088_20240323_145229_4_1_epi_msi_av_44slices_v3.nii,^mr5468_cbc_1088_20240323_144058_2_1_b0_msi_46slices_.*.nii$,vdm5_scmr5468_cbc_1088_20240323_144058_2_1_b0_msi_46slices_ec1_typ3_session2.nii,vs8wuamr5468_cbc_1088_20240323_145229_4_1_epi_msi_av_44slices_v3.nii,291,20240323_145229_4_1,2.41,CBC_1088_MSI_AV_v3_Vset4_Aset3_2024-03-23_14h44.13.261.csv,0.636363636,0.454545455,0.363636364,0.545454545,0.5,env,av,v3,2
CBC_1089,av1,2,mr5715_cbc_1089_20241002_141651_3_1_epi_msi_av_44slices_v1.nii,^mr5715_cbc_1089_20241002_141400_2_1_b0_msi_46slices_.*.nii$,vdm5_scmr5715_cbc_1089_20241002_141400_2_1_b0_msi_46slices_ec1_typ3_session1.nii,vs8wuamr5715_cbc_1089_20241002_141651_3_1_epi_msi_av_44slices_v1.nii,278,20241002_141651_3_1,2.88,CBC_1089_MSI_AV_v1_Vset1_Aset5_2024-10-02_14h14.39.095.csv,0.571428571,0.428571429,0.5,NA,0.5,syll,av,v1,1
CBC_1089,tv1,2,mr5715_cbc_1089_20241002_142448_4_1_epi_msi_tv_44slices_v1.nii,^mr5715_cbc_1089_20241002_141400_2_1_b0_msi_46slices_.*.nii$,vdm5_scmr5715_cbc_1089_20241002_141400_2_1_b0_msi_46slices_ec1_typ3_session2.nii,vs8wuamr5715_cbc_1089_20241002_142448_4_1_epi_msi_tv_44slices_v1.nii,278,20241002_142448_4_1,0,CBC_1089_MSI_TV_v1_Vset3_Aset1_2024-10-02_14h23.15.490.csv,0.357142857,0.571428571,0.857142857,NA,0.595238095,vib,tv,v1,2
CBC_1089,av2,8,mr5715_cbc_1089_20241002_152238_9_1_epi_msi_av_44slices_v1.nii,^mr5715_cbc_1089_20241002_152012_8_1_b0_msi_46slices_.*.nii$,vdm5_scmr5715_cbc_1089_20241002_152012_8_1_b0_msi_46slices_ec1_typ3.nii,vs8wuamr5715_cbc_1089_20241002_152238_9_1_epi_msi_av_44slices_v1.nii,278,20241002_152238_9_1,20.86,CBC_1089_MSI_AV_v1_Vset2_Aset1_2024-10-02_15h20.49.443.csv,0.5,0.642857143,0.571428571,NA,0.571428571,env,av,v1,3
CBC_1090,tv1,2,mr5450_cbc_1090_20240310_104803_3_1_epi_msi_tv_44slices_v3.nii,^mr5450_cbc_1090_20240310_104512_2_1_b0_msi_46slices_.*.nii$,vdm5_scmr5450_cbc_1090_20240310_104512_2_1_b0_msi_46slices_ec1_typ3_session1.nii,vs8wuamr5450_cbc_1090_20240310_104803_3_1_epi_msi_tv_44slices_v3.nii,291,20240310_104803_3_1,0,CBC_1090_MSI_TV_v3_Vset5_Tset3_2024-03-10_10h39.49.098.csv,0.818181818,0.909090909,0.909090909,0.909090909,0.886363636,vib,tv,v3,1
CBC_1090,av1,2,mr5450_cbc_1090_20240310_105637_4_1_epi_msi_av_44slices_v3.nii,^mr5450_cbc_1090_20240310_104512_2_1_b0_msi_46slices_.*.nii$,vdm5_scmr5450_cbc_1090_20240310_104512_2_1_b0_msi_46slices_ec1_typ3_session2.nii,vs8wuamr5450_cbc_1090_20240310_105637_4_1_epi_msi_av_44slices_v3.nii,291,20240310_105637_4_1,0,CBC_1090_MSI_AV_v3_Vset6_Aset5_2024-03-10_10h48.39.611.csv,1,1,1,0.818181818,0.954545455,syll,av,v3,2
CBC_1090,av2,8,mr5450_cbc_1090_20240310_115005_9_1_epi_msi_av_44slices_v3.nii,^mr5450_cbc_1090_20240310_114728_8_1_b0_msi_46slices_.*.nii$,vdm5_scmr5450_cbc_1090_20240310_114728_8_1_b0_msi_46slices_ec1_typ3_session1.nii,vs8wuamr5450_cbc_1090_20240310_115005_9_1_epi_msi_av_44slices_v3.nii,291,20240310_115005_9_1,2.75,CBC_1090_MSI_AV_v3_Vset4_Aset1_2024-03-10_11h41.57.568.csv,1,0.818181818,0.818181818,0.818181818,0.863636364,env,av,v3,3
CBC_1090,av3,8,mr5450_cbc_1090_20240310_115839_10_1_epi_msi_av_44slices_v1.nii,^mr5450_cbc_1090_20240310_114728_8_1_b0_msi_46slices_.*.nii$,vdm5_scmr5450_cbc_1090_20240310_114728_8_1_b0_msi_46slices_ec1_typ3_session2.nii,vs8wuamr5450_cbc_1090_20240310_115839_10_1_epi_msi_av_44slices_v1.nii,278,20240310_115839_10_1,0,CBC_1090_MSI_AV_v1_Vset3_Aset4_2024-03-10_11h50.44.464.csv,1,0.857142857,1,NA,0.952380952,syll,av,v1,4
CBC_1091,av1,2,mr5497_cbc_1091_20240422_104055_3_1_epi_msi_av_44slices_v3.nii,^mr5497_cbc_1091_20240422_103801_2_1_b0_msi_46slices_.*.nii$,vdm5_scmr5497_cbc_1091_20240422_103801_2_1_b0_msi_46slices_ec1_typ3.nii,vs8wuamr5497_cbc_1091_20240422_104055_3_1_epi_msi_av_44slices_v3.nii,291,20240422_104055_3_1,32.99,CBC_1091_MSI_AV_v3_Vset1_Aset2_2024-04-22_10h39.49.039.csv,0.363636364,0.454545455,0.363636364,0.181818182,0.340909091,env,av,v3,1
CBC_1091,av2,7,mr5497_cbc_1091_20240422_112441_8_1_epi_msi_av_44slices_v3.nii,^mr5497_cbc_1091_20240422_112218_7_1_b0_msi_46slices_.*.nii$,vdm5_scmr5497_cbc_1091_20240422_112218_7_1_b0_msi_46slices_ec1_typ3.nii,vs8wuamr5497_cbc_1091_20240422_112441_8_1_epi_msi_av_44slices_v3.nii,291,20240422_112441_8_1,34.37,CBC_1091_MSI_AV_v3_Vset2_Aset4_2024-04-22_11h23.57.111.csv,0.272727273,0.454545455,0.545454545,0.181818182,0.363636364,syll,av,v3,2
CBC_1092,av1,2,mr5514_cbc_1092_20240505_130910_3_1_epi_msi_av_44slices_v3.nii,^mr5514_cbc_1092_20240505_130618_2_1_b0_msi_46slices_.*.nii$,vdm5_scmr5514_cbc_1092_20240505_130618_2_1_b0_msi_46slices_ec1_typ3_session1.nii,vs8wuamr5514_cbc_1092_20240505_130910_3_1_epi_msi_av_44slices_v3.nii,291,20240505_130910_3_1,3.78,CBC_1092_MSI_AV_v3_Vset5_Aset1_2024-05-05_13h07.54.302.csv,0.454545455,0.454545455,0.272727273,0.545454545,0.431818182,env,av,v3,1
CBC_1092,tv1,2,mr5514_cbc_1092_20240505_131954_5_1_epi_msi_tv_44slices_v3.nii,^mr5514_cbc_1092_20240505_130618_2_1_b0_msi_46slices_.*.nii$,vdm5_scmr5514_cbc_1092_20240505_130618_2_1_b0_msi_46slices_ec1_typ3_session2.nii,vs8wuamr5514_cbc_1092_20240505_131954_5_1_epi_msi_tv_44slices_v3.nii,291,20240505_131954_5_1,4.12,CBC_1092_MSI_TV_v3_Vset6_Tset2_2024-05-05_13h19.14.301.csv,0.272727273,0.363636364,0.454545455,0.363636364,0.363636364,vib,tv,v3,2
CBC_1092,av2,9,mr5514_cbc_1092_20240505_144152_10_1_epi_msi_av_44slices_v3.nii,^mr5514_cbc_1092_20240505_143917_9_1_b0_msi_46slices_.*.nii$,vdm5_scmr5514_cbc_1092_20240505_143917_9_1_b0_msi_46slices_ec1_typ3.nii,vs8wuamr5514_cbc_1092_20240505_144152_10_1_epi_msi_av_44slices_v3.nii,291,20240505_144152_10_1,14.44,CBC_1092_MSI_AV_v3_Vset4_Aset6_2024-05-05_14h40.46.929.csv,0.454545455,0.545454545,0.545454545,0.727272727,0.568181818,syll,av,v3,3
CBC_1093,av1,2,mr5515_cbc_1093_20240505_135935_3_1_epi_msi_av_44slices_v3.nii,^mr5515_cbc_1093_20240505_135655_2_1_b0_msi_46slices_.*.nii$,vdm5_scmr5515_cbc_1093_20240505_135655_2_1_b0_msi_46slices_ec1_typ3_session1.nii,vs8wuamr5515_cbc_1093_20240505_135935_3_1_epi_msi_av_44slices_v3.nii,291,20240505_135935_3_1,0,CBC_1093_MSI_AV_v3_Vset1_Aset4_2024-05-05_13h58.22.913.csv,0.545454545,0.545454545,0.636363636,0.818181818,0.636363636,syll,av,v3,1
CBC_1093,av2,2,mr5515_cbc_1093_20240505_140750_4_1_epi_msi_av_44slices_v3.nii,^mr5515_cbc_1093_20240505_135655_2_1_b0_msi_46slices_.*.nii$,vdm5_scmr5515_cbc_1093_20240505_135655_2_1_b0_msi_46slices_ec1_typ3_session2.nii,vs8wuamr5515_cbc_1093_20240505_140750_4_1_epi_msi_av_44slices_v3.nii,291,20240505_140750_4_1,0,CBC_1093_MSI_AV_v3_Vset3_Aset3_2024-05-05_14h06.59.630.csv,0.727272727,0.909090909,0.909090909,0.727272727,0.818181818,env,av,v3,2
CBC_1093,tv1,8,mr5515_cbc_1093_20240505_151426_9_1_epi_msi_tv_44slices_v3.nii,^mr5515_cbc_1093_20240505_151142_8_1_b0_msi_46slices_.*.nii$,vdm5_scmr5515_cbc_1093_20240505_151142_8_1_b0_msi_46slices_ec1_typ3.nii,vs8wuamr5515_cbc_1093_20240505_151426_9_1_epi_msi_tv_44slices_v3.nii,291,20240505_151426_9_1,4.81,CBC_1093_MSI_TV_v3_Vset2_Tset2_2024-05-05_15h13.09.552.csv,0.545454545,0.363636364,0.181818182,0.181818182,0.318181818,vib,tv,v3,3
CBC_1094,tv1,2,mr5522_cbc_1094_20240511_101045_4_1_epi_msi_tv_44slices_v3.nii,^mr5522_cbc_1094_20240511_095840_2_1_b0_msi_46slices_.*.nii$,vdm5_scmr5522_cbc_1094_20240511_095840_2_1_b0_msi_46slices_ec1_typ3.nii,vs8wuamr5522_cbc_1094_20240511_101045_4_1_epi_msi_tv_44slices_v3.nii,291,20240511_101045_4_1,14.09,CBC_1094_MSI_TV_v3_Vset3_Tset2_2024-05-11_10h10.00.972.csv,0.363636364,0.636363636,0.545454545,0.272727273,0.454545455,vib,tv,v3,1
CBC_1094,av1,6,mr5522_cbc_1094_20240511_103405_7_1_epi_msi_av_44slices_v3.nii,^mr5522_cbc_1094_20240511_103043_6_1_b0_msi_46slices_.*.nii$,vdm5_scmr5522_cbc_1094_20240511_103043_6_1_b0_msi_46slices_ec1_typ3.nii,vs8wuamr5522_cbc_1094_20240511_103405_7_1_epi_msi_av_44slices_v3.nii,291,20240511_103405_7_1,7.56,CBC_1094_MSI_AV_v3_Vset5_Aset3_2024-05-11_10h32.47.736.csv,0.636363636,0.454545455,0.454545455,0.454545455,0.5,env,av,v3,2
CBC_1095,av1,2,mr5509_cbc_1095_20240501_134512_3_1_epi_msi_av_44slices_v1.nii,^mr5509_cbc_1095_20240501_134223_2_1_b0_msi_46slices_.*.nii$,vdm5_scmr5509_cbc_1095_20240501_134223_2_1_b0_msi_46slices_ec1_typ3_session1.nii,vs8wuamr5509_cbc_1095_20240501_134512_3_1_epi_msi_av_44slices_v1.nii,278,20240501_134512_3_1,0,CBC_1095_MSI_AV_v1_Vset2_Aset5_2024-05-01_13h43.55.290.csv,0.714285714,0.928571429,0.857142857,NA,0.833333333,syll,av,v1,1
CBC_1095,tv1,2,mr5509_cbc_1095_20240501_135319_4_1_epi_msi_tv_44slices_v1.nii,^mr5509_cbc_1095_20240501_134223_2_1_b0_msi_46slices_.*.nii$,vdm5_scmr5509_cbc_1095_20240501_134223_2_1_b0_msi_46slices_ec1_typ3_session2.nii,vs8wuamr5509_cbc_1095_20240501_135319_4_1_epi_msi_tv_44slices_v1.nii,278,20240501_135319_4_1,0,CBC_1095_MSI_TV_v1_Vset1_Aset1_2024-05-01_13h52.28.526.csv,0.714285714,0.642857143,1,NA,0.785714286,vib,tv,v1,2
CBC_1095,av2,8,mr5509_cbc_1095_20240501_144207_9_1_epi_msi_av_44slices_v1.nii,^mr5509_cbc_1095_20240501_143934_8_1_b0_msi_46slices_.*.nii$,vdm5_scmr5509_cbc_1095_20240501_143934_8_1_b0_msi_46slices_ec1_typ3.nii,vs8wuamr5509_cbc_1095_20240501_144207_9_1_epi_msi_av_44slices_v1.nii,278,20240501_144207_9_1,0,CBC_1095_MSI_AV_v1_Vset3_Aset2_2024-05-01_14h41.11.088.csv,1,1,0.928571429,NA,0.976190476,env,av,v1,3
CBC_1097,av1,5,mr5511_cbc_1097_20240522_134632_6_1_epi_msi_av_44slices_v3.nii,^mr5511_cbc_1097_20240522_134402_5_1_b0_msi_46slices_.*.nii$,vdm5_scmr5511_cbc_1097_20240522_134402_5_1_b0_msi_46slices_ec1_typ3_session1.nii,vs8wuamr5511_cbc_1097_20240522_134632_6_1_epi_msi_av_44slices_v3.nii,291,20240522_134632_6_1,0,CBC_1097_MSI_AV_v3_Vset3_Aset1_2024-05-22_13h45.24.772.csv,0.363636364,0.272727273,0.545454545,0.363636364,0.386363636,env,av,v3,1
CBC_1097,av2,5,mr5511_cbc_1097_20240522_135448_7_1_epi_msi_av_44slices_v3.nii,^mr5511_cbc_1097_20240522_134402_5_1_b0_msi_46slices_.*.nii$,vdm5_scmr5511_cbc_1097_20240522_134402_5_1_b0_msi_46slices_ec1_typ3_session2.nii,vs8wuamr5511_cbc_1097_20240522_135448_7_1_epi_msi_av_44slices_v3.nii,291,20240522_135448_7_1,0,CBC_1097_MSI_AV_v3_Vset1_Aset4_2024-05-22_13h53.52.362.csv,0.727272727,0.272727273,0.454545455,0.363636364,0.454545455,syll,av,v3,2
CBC_1098,av1,2,mr5519_cbc_1098_20240508_143555_3_1_epi_msi_av_44slices_v1.nii,^mr5519_cbc_1098_20240508_143303_2_1_b0_msi_46slices_.*.nii$,vdm5_scmr5519_cbc_1098_20240508_143303_2_1_b0_msi_46slices_ec1_typ3_session1.nii,vs8wuamr5519_cbc_1098_20240508_143555_3_1_epi_msi_av_44slices_v1.nii,278,20240508_143555_3_1,3.6,CBC_1098_MSI_AV_v1_Vset5_Aset1_2024-05-08_14h34.35.081.csv,0.714285714,0.785714286,0.785714286,NA,0.761904762,env,av,v1,1
CBC_1098,tv1,2,mr5519_cbc_1098_20240508_144400_4_1_epi_msi_tv_44slices_v1.nii,^mr5519_cbc_1098_20240508_143303_2_1_b0_msi_46slices_.*.nii$,vdm5_scmr5519_cbc_1098_20240508_143303_2_1_b0_msi_46slices_ec1_typ3_session2.nii,vs8wuamr5519_cbc_1098_20240508_144400_4_1_epi_msi_tv_44slices_v1.nii,278,20240508_144400_4_1,2.88,CBC_1098_MSI_TV_v1_Vset4_Aset2_2024-05-08_14h43.06.231.csv,0.785714286,0.714285714,0.714285714,NA,0.738095238,vib,tv,v1,2
CBC_1098,av2,8,mr5519_cbc_1098_20240508_153912_9_1_epi_msi_av_44slices_v1.nii,^mr5519_cbc_1098_20240508_153631_8_1_b0_msi_46slices_.*.nii$,vdm5_scmr5519_cbc_1098_20240508_153631_8_1_b0_msi_46slices_ec1_typ3.nii,vs8wuamr5519_cbc_1098_20240508_153912_9_1_epi_msi_av_44slices_v1.nii,278,20240508_153912_9_1,9.71,CBC_1098_MSI_AV_v1_Vset6_Aset6_2024-05-08_15h38.13.390.csv,0.785714286,0.928571429,0.642857143,NA,0.785714286,syll,av,v1,3
CBC_1100,tv1,2,mr5523_cbc_1100_20240511_141322_3_1_epi_msi_tv_44slices_v3.nii,^mr5523_cbc_1100_20240511_141001_2_1_b0_msi_46slices_.*.nii$,vdm5_scmr5523_cbc_1100_20240511_141001_2_1_b0_msi_46slices_ec1_typ3_session1.nii,vs8wuamr5523_cbc_1100_20240511_141322_3_1_epi_msi_tv_44slices_v3.nii,291,20240511_141322_3_1,7.56,CBC_1100_MSI_TV_v3_Vset4_Tset1_2024-05-11_14h12.18.029.csv,0.454545455,0.545454545,0.181818182,0.454545455,0.409090909,vib,tv,v3,1
CBC_1100,av1,2,mr5523_cbc_1100_20240511_143012_5_1_epi_msi_av_44slices_v3.nii,^mr5523_cbc_1100_20240511_141001_2_1_b0_msi_46slices_.*.nii$,vdm5_scmr5523_cbc_1100_20240511_141001_2_1_b0_msi_46slices_ec1_typ3_session2.nii,vs8wuamr5523_cbc_1100_20240511_143012_5_1_epi_msi_av_44slices_v3.nii,291,20240511_143012_5_1,20.96,CBC_1100_MSI_AV_v3_Vset5_Aset3_2024-05-11_14h29.26.413.csv,0.545454545,0.272727273,0.363636364,0.272727273,0.363636364,env,av,v3,2
CBC_1100,av2,8,mr5523_cbc_1100_20240511_154045_9_1_epi_msi_av_44slices_v3.nii,^mr5523_cbc_1100_20240511_153805_8_1_b0_msi_46slices_.*.nii$,vdm5_scmr5523_cbc_1100_20240511_153805_8_1_b0_msi_46slices_ec1_typ3.nii,vs8wuamr5523_cbc_1100_20240511_154045_9_1_epi_msi_av_44slices_v3.nii,291,20240511_154045_9_1,5.49,CBC_1100_MSI_AV_v3_Vset6_Aset6_2024-05-11_15h39.37.883.csv,0.363636364,0.545454545,0.636363636,0.545454545,0.522727273,syll,av,v3,3
CBC_1101,tv1,2,mr5552_cbc_1101_20240526_100449_4_1_epi_msi_tv_44slices_v1.nii,^mr5552_cbc_1101_20240526_095335_2_1_b0_msi_46slices_.*.nii$,vdm5_scmr5552_cbc_1101_20240526_095335_2_1_b0_msi_46slices_ec1_typ3_session1.nii,vs8wuamr5552_cbc_1101_20240526_100449_4_1_epi_msi_tv_44slices_v1.nii,278,20240526_100449_4_1,0,CBC_1101_MSI_TV_v1_Vset1_Aset1_2024-05-26_10h04.46.542.csv,0.928571429,0.928571429,0.785714286,NA,0.880952381,vib,tv,v1,1
CBC_1101,av1,2,mr5552_cbc_1101_20240526_101924_6_1_epi_msi_av_44slices_v1.nii,^mr5552_cbc_1101_20240526_095335_2_1_b0_msi_46slices_.*.nii$,vdm5_scmr5552_cbc_1101_20240526_095335_2_1_b0_msi_46slices_ec1_typ3_session2.nii,vs8wuamr5552_cbc_1101_20240526_101924_6_1_epi_msi_av_44slices_v1.nii,278,20240526_101924_6_1,3.24,CBC_1101_MSI_AV_v1_Vset4_Aset6_2024-05-26_10h18.58.156.csv,0.857142857,0.571428571,0.571428571,NA,0.666666667,syll,av,v1,2
CBC_1101,av2,9,mr5552_cbc_1101_20240526_123812_10_1_epi_msi_av_44slices_v1.nii,^mr5552_cbc_1101_20240526_123530_9_1_b0_msi_46slices_.*.nii$,vdm5_scmr5552_cbc_1101_20240526_123530_9_1_b0_msi_46slices_ec1_typ3.nii,vs8wuamr5552_cbc_1101_20240526_123812_10_1_epi_msi_av_44slices_v1.nii,278,20240526_123812_10_1,0,CBC_1101_MSI_AV_v1_Vset3_Aset3_2024-05-26_12h37.06.924.csv,0.714285714,0.785714286,0.857142857,NA,0.785714286,env,av,v1,3
CBC_1102,tv1,3,mr5553_cbc_1102_20240526_110727_4_1_epi_msi_tv_44slices_v3.nii,^mr5553_cbc_1102_20240526_110418_3_1_b0_msi_46slices_.*.nii$,vdm5_scmr5553_cbc_1102_20240526_110418_3_1_b0_msi_46slices_ec1_typ3.nii,vs8wuamr5553_cbc_1102_20240526_110727_4_1_epi_msi_tv_44slices_v3.nii,291,20240526_110727_4_1,3.78,CBC_1102_MSI_TV_v3_Vset4_Tset3_2024-05-26_11h06.10.825.csv,0.454545455,0.454545455,0.363636364,0.545454545,0.454545455,vib,tv,v3,1
CBC_1102,av1,7,mr5553_cbc_1102_20240526_142102_9_1_epi_msi_av_44slices_v3.nii,^mr5553_cbc_1102_20240526_141558_7_1_b0_msi_46slices_.*.nii$,vdm5_scmr5553_cbc_1102_20240526_141558_7_1_b0_msi_46slices_ec1_typ3.nii,vs8wuamr5553_cbc_1102_20240526_142102_9_1_epi_msi_av_44slices_v3.nii,291,20240526_142102_9_1,2.06,CBC_1102_MSI_AV_v3_Vset6_Aset3_2024-05-26_14h20.21.975.csv,0.636363636,0.545454545,0.727272727,0.545454545,0.613636364,env,av,v3,2
CBC_1102,av2,2,mr5608_cbc_1102_20240705_141758_3_1_epi_msi_av_44slices_v3.nii,^mr5608_cbc_1102_20240705_141519_2_1_b0_msi_46slices_.*.nii$,vdm5_scmr5608_cbc_1102_20240705_141519_2_1_b0_msi_46slices_ec1_typ3.nii,vs8wuamr5608_cbc_1102_20240705_141758_3_1_epi_msi_av_44slices_v3.nii,291,20240705_141758_3_1,0,CBC_1102_MSI_AV_v3_Vset3_Aset4_2024-07-05_14h16.52.487.csv,0.636363636,0.818181818,0.818181818,0.727272727,0.75,syll,av,v3,3
CBC_1103,av1,12,mr5554_cbc_1103_20240526_131711_14_1_epi_msi_av_44slices_v3.nii,^mr5554_cbc_1103_20240526_130905_12_1_b0_msi_46slices_.*.nii$,vdm5_scmr5554_cbc_1103_20240526_130905_12_1_b0_msi_46slices_ec1_typ3.nii,vs8wuamr5554_cbc_1103_20240526_131711_14_1_epi_msi_av_44slices_v3.nii,291,20240526_131711_14_1,0.69,CBC_1103_MSI_AV_v3_Vset5_Aset3_2024-05-26_13h16.48.710.csv,0.636363636,0.636363636,0.818181818,0.818181818,0.727272727,env,av,v3,1
CBC_1104,av1,2,mr5558_cbc_1104_20240529_151127_5_1_epi_msi_av_44slices_v1.nii,^mr5558_cbc_1104_20240529_145753_2_1_b0_msi_46slices_.*.nii$,vdm5_scmr5558_cbc_1104_20240529_145753_2_1_b0_msi_46slices_ec1_typ3_session1.nii,vs8wuamr5558_cbc_1104_20240529_151127_5_1_epi_msi_av_44slices_v1.nii,278,20240529_151127_5_1,0,CBC_1104_MSI_AV_v1_Vset4_Aset2_2024-05-29_15h10.39.224.csv,1,0.928571429,1,NA,0.976190476,env,av,v1,1
CBC_1104,tv1,2,mr5558_cbc_1104_20240529_151935_6_1_epi_msi_tv_44slices_v1.nii,^mr5558_cbc_1104_20240529_145753_2_1_b0_msi_46slices_.*.nii$,vdm5_scmr5558_cbc_1104_20240529_145753_2_1_b0_msi_46slices_ec1_typ3_session2.nii,vs8wuamr5558_cbc_1104_20240529_151935_6_1_epi_msi_tv_44slices_v1.nii,278,20240529_151935_6_1,0,CBC_1104_MSI_TV_v1_Vset6_Aset3_2024-05-29_15h18.48.519.csv,0.571428571,0.714285714,0.714285714,NA,0.666666667,vib,tv,v1,2
CBC_1104,av2,9,mr5558_cbc_1104_20240529_160332_10_1_epi_msi_av_44slices_v1.nii,^mr5558_cbc_1104_20240529_160053_9_1_b0_msi_46slices_.*.nii$,vdm5_scmr5558_cbc_1104_20240529_160053_9_1_b0_msi_46slices_ec1_typ3.nii,vs8wuamr5558_cbc_1104_20240529_160332_10_1_epi_msi_av_44slices_v1.nii,278,20240529_160332_10_1,0.72,CBC_1104_MSI_AV_v1_Vset5_Aset6_2024-05-29_16h02.31.545.csv,0.857142857,0.857142857,0.928571429,NA,0.880952381,syll,av,v1,3
CBC_1105,av1,2,mr5582_cbc_1105_20240616_133229_3_1_epi_msi_av_44slices_v1.nii,^mr5582_cbc_1105_20240616_132941_2_1_b0_msi_46slices_.*.nii$,vdm5_scmr5582_cbc_1105_20240616_132941_2_1_b0_msi_46slices_ec1_typ3_session1.nii,vs8wuamr5582_cbc_1105_20240616_133229_3_1_epi_msi_av_44slices_v1.nii,278,20240616_133229_3_1,6.84,CBC_1105_MSI_AV_v1_Vset3_Aset4_2024-06-16_13h31.19.240.csv,0.642857143,0.571428571,0.785714286,NA,0.666666667,syll,av,v1,1
CBC_1105,av2,2,mr5582_cbc_1105_20240616_134019_4_1_epi_msi_av_44slices_v1.nii,^mr5582_cbc_1105_20240616_132941_2_1_b0_msi_46slices_.*.nii$,vdm5_scmr5582_cbc_1105_20240616_132941_2_1_b0_msi_46slices_ec1_typ3_session2.nii,vs8wuamr5582_cbc_1105_20240616_134019_4_1_epi_msi_av_44slices_v1.nii,278,20240616_134019_4_1,4.32,CBC_1105_MSI_AV_v1_Vset1_Aset1_2024-06-16_13h39.47.465.csv,0.857142857,0.928571429,0.857142857,NA,0.880952381,env,av,v1,2
CBC_1105,tv1,8,mr5582_cbc_1105_20240616_142706_9_1_epi_msi_tv_44slices_v1.nii,^mr5582_cbc_1105_20240616_142426_8_1_b0_msi_46slices_.*.nii$,vdm5_scmr5582_cbc_1105_20240616_142426_8_1_b0_msi_46slices_ec1_typ3.nii,vs8wuamr5582_cbc_1105_20240616_142706_9_1_epi_msi_tv_44slices_v1.nii,278,20240616_142706_9_1,0.72,CBC_1105_MSI_TV_v1_Vset2_Aset1_2024-06-16_14h26.00.273.csv,0.857142857,0.928571429,1,NA,0.928571429,vib,tv,v1,3
CBC_1106,tv1,2,mr5737_cbc_1106_20241018_141138_3_1_epi_msi_tv_44slices_v1.nii,^mr5737_cbc_1106_20241018_140850_2_1_b0_msi_46slices_.*.nii$,vdm5_scmr5737_cbc_1106_20241018_140850_2_1_b0_msi_46slices_ec1_typ3_session1.nii,vs8wuamr5737_cbc_1106_20241018_141138_3_1_epi_msi_tv_44slices_v1.nii,278,20241018_141138_3_1,0,CBC_1106_MSI_TV_v1_Vset6_Aset2_2024-10-18_14h09.54.931.csv,0.642857143,0.857142857,0.714285714,NA,0.738095238,vib,tv,v1,1
CBC_1106,av1,2,mr5737_cbc_1106_20241018_141934_4_1_epi_msi_av_44slices_v1.nii,^mr5737_cbc_1106_20241018_140850_2_1_b0_msi_46slices_.*.nii$,vdm5_scmr5737_cbc_1106_20241018_140850_2_1_b0_msi_46slices_ec1_typ3_session2.nii,vs8wuamr5737_cbc_1106_20241018_141934_4_1_epi_msi_av_44slices_v1.nii,278,20241018_141934_4_1,0,CBC_1106_MSI_AV_v1_Vset4_Aset3_2024-10-18_14h18.25.602.csv,0.642857143,0.785714286,1,NA,0.80952381,env,av,v1,2
CBC_1106,av2,8,mr5737_cbc_1106_20241018_151427_9_1_epi_msi_av_44slices_v1.nii,^mr5737_cbc_1106_20241018_151200_8_1_b0_msi_46slices_.*.nii$,vdm5_scmr5737_cbc_1106_20241018_151200_8_1_b0_msi_46slices_ec1_typ3.nii,vs8wuamr5737_cbc_1106_20241018_151427_9_1_epi_msi_av_44slices_v1.nii,278,20241018_151427_9_1,0,CBC_1106_MSI_AV_v1_Vset5_Aset6_2024-10-18_15h13.07.740.csv,0.428571429,0.714285714,0.928571429,NA,0.69047619,syll,av,v1,3
CBC_1107,av1,6,mr5505_cbc_1107_20240426_170607_7_1_epi_msi_av_44slices_v1.nii,^mr5505_cbc_1107_20240426_170335_6_1_b0_msi_46slices_.*.nii$,vdm5_scmr5505_cbc_1107_20240426_170335_6_1_b0_msi_46slices_ec1_typ3_session1.nii,vs8wuamr5505_cbc_1107_20240426_170607_7_1_epi_msi_av_44slices_v1.nii,278,20240426_170607_7_1,19.42,CBC_1107_MSI_AV_v1_Vset1_Aset5_2024-04-26_17h05.21.029.csv,0.785714286,0.642857143,0.714285714,NA,0.714285714,syll,av,v1,1
CBC_1107,tv1,6,mr5505_cbc_1107_20240426_171836_9_1_epi_msi_tv_44slices_v1.nii,^mr5505_cbc_1107_20240426_170335_6_1_b0_msi_46slices_.*.nii$,vdm5_scmr5505_cbc_1107_20240426_170335_6_1_b0_msi_46slices_ec1_typ3_session2.nii,vs8wuamr5505_cbc_1107_20240426_171836_9_1_epi_msi_tv_44slices_v1.nii,278,20240426_171836_9_1,9.71,CBC_1107_MSI_TV_v1_Vset2_Aset2_2024-04-26_17h17.51.939.csv,0.857142857,0.857142857,0.714285714,NA,0.80952381,vib,tv,v1,2
CBC_1107,av2,12,mr5505_cbc_1107_20240426_180228_13_1_epi_msi_av_44slices_v1.nii,^mr5505_cbc_1107_20240426_175943_12_1_b0_msi_46slices_.*.nii$,vdm5_scmr5505_cbc_1107_20240426_175943_12_1_b0_msi_46slices_ec1_typ3.nii,vs8wuamr5505_cbc_1107_20240426_180228_13_1_epi_msi_av_44slices_v1.nii,278,20240426_180228_13_1,6.47,CBC_1107_MSI_AV_v1_Vset3_Aset3_2024-04-26_18h01.20.643.csv,0.785714286,0.714285714,0.857142857,NA,0.785714286,env,av,v1,3
CBC_1108,tv1,2,mr5524_cbc_1108_20240511_132046_4_1_epi_msi_tv_44slices_v3.nii,^mr5524_cbc_1108_20240511_131459_2_1_b0_msi_46slices_.*.nii$,vdm5_scmr5524_cbc_1108_20240511_131459_2_1_b0_msi_46slices_ec1_typ3_session1.nii,vs8wuamr5524_cbc_1108_20240511_132046_4_1_epi_msi_tv_44slices_v3.nii,291,20240511_132046_4_1,3.44,CBC_1108_MSI_TV_v3_Vset5_Tset3_2024-05-11_13h20.10.697.csv,0.545454545,0.454545455,0.636363636,0.727272727,0.590909091,vib,tv,v3,1
CBC_1108,av1,2,mr5524_cbc_1108_20240511_132907_5_1_epi_msi_av_44slices_v3.nii,^mr5524_cbc_1108_20240511_131459_2_1_b0_msi_46slices_.*.nii$,vdm5_scmr5524_cbc_1108_20240511_131459_2_1_b0_msi_46slices_ec1_typ3_session2.nii,vs8wuamr5524_cbc_1108_20240511_132907_5_1_epi_msi_av_44slices_v3.nii,291,20240511_132907_5_1,2.41,CBC_1108_MSI_AV_v3_Vset4_Aset5_2024-05-11_13h28.24.347.csv,0.909090909,1,1,1,0.977272727,syll,av,v3,2
CBC_1108,av2,9,mr5524_cbc_1108_20240511_150602_11_1_epi_msi_av_44slices_v3.nii,^mr5524_cbc_1108_20240511_145809_9_1_b0_msi_46slices_.*.nii$,vdm5_scmr5524_cbc_1108_20240511_145809_9_1_b0_msi_46slices_ec1_typ3.nii,vs8wuamr5524_cbc_1108_20240511_150602_11_1_epi_msi_av_44slices_v3.nii,291,20240511_150602_11_1,1.37,CBC_1108_MSI_AV_v3_Vset6_Aset1_2024-05-11_15h05.16.460.csv,0.636363636,0.454545455,0.818181818,0.545454545,0.613636364,env,av,v3,3
CBC_1109,av1,2,mr5568_cbc_1109_20240607_140529_3_1_epi_msi_av_44slices_v3.nii,^mr5568_cbc_1109_20240607_140245_2_1_b0_msi_46slices_.*.nii$,vdm5_scmr5568_cbc_1109_20240607_140245_2_1_b0_msi_46slices_ec1_typ3.nii,vs8wuamr5568_cbc_1109_20240607_140529_3_1_epi_msi_av_44slices_v3.nii,291,20240607_140529_3_1,2.75,CBC_1109_MSI_AV_v3_Vset3_Aset2_2024-06-07_14h04.19.059.csv,0.636363636,1,0.727272727,0.636363636,0.75,env,av,v3,1
CBC_1109,av2,5,mr5568_cbc_1109_20240607_142154_6_1_epi_msi_av_44slices_v3.nii,^mr5568_cbc_1109_20240607_141919_5_1_b0_msi_46slices_.*.nii$,vdm5_scmr5568_cbc_1109_20240607_141919_5_1_b0_msi_46slices_ec1_typ3.nii,vs8wuamr5568_cbc_1109_20240607_142154_6_1_epi_msi_av_44slices_v3.nii,291,20240607_142154_6_1,5.5,CBC_1109_MSI_AV_v3_Vset2_Aset4_2024-06-07_14h20.43.116.csv,0.818181818,0.818181818,0.454545455,1,0.772727273,syll,av,v3,2
CBC_1109,tv1,10,mr5568_cbc_1109_20240607_151108_11_1_epi_msi_tv_44slices_v3.nii,^mr5568_cbc_1109_20240607_150833_10_1_b0_msi_46slices_.*.nii$,vdm5_scmr5568_cbc_1109_20240607_150833_10_1_b0_msi_46slices_ec1_typ3.nii,vs8wuamr5568_cbc_1109_20240607_151108_11_1_epi_msi_tv_44slices_v3.nii,291,20240607_151108_11_1,0,CBC_1109_MSI_TV_v3_Vset1_Tset3_2024-06-07_15h09.59.248.csv,0.636363636,0.454545455,0.727272727,0.727272727,0.636363636,vib,tv,v3,3
CBC_1110,av1,2,mr5663_cbc_1110_20240825_143523_3_1_epi_msi_av_44slices_v3.nii,^mr5663_cbc_1110_20240825_143237_2_1_b0_msi_46slices_.*.nii$,vdm5_scmr5663_cbc_1110_20240825_143237_2_1_b0_msi_46slices_ec1_typ3_session1.nii,vs8wuamr5663_cbc_1110_20240825_143523_3_1_epi_msi_av_44slices_v3.nii,291,20240825_143523_3_1,0,CBC_1110_MSI_AV_v3_Vset4_Aset1_2024-08-25_14h33.39.375.csv,0.454545455,0.272727273,0.454545455,0.727272727,0.477272727,env,av,v3,1
CBC_1110,tv1,2,mr5663_cbc_1110_20240825_144343_4_1_epi_msi_tv_44slices_v3.nii,^mr5663_cbc_1110_20240825_143237_2_1_b0_msi_46slices_.*.nii$,vdm5_scmr5663_cbc_1110_20240825_143237_2_1_b0_msi_46slices_ec1_typ3_session2.nii,vs8wuamr5663_cbc_1110_20240825_144343_4_1_epi_msi_tv_44slices_v3.nii,291,20240825_144343_4_1,0,CBC_1110_MSI_TV_v3_Vset6_Tset1_2024-08-25_14h42.34.932.csv,0.727272727,0.090909091,0.818181818,0.363636364,0.5,vib,tv,v3,2
CBC_1110,av2,8,mr5663_cbc_1110_20240825_155722_10_1_epi_msi_av_44slices_v3.nii,^mr5663_cbc_1110_20240825_154943_8_1_b0_msi_46slices_.*.nii$,vdm5_scmr5663_cbc_1110_20240825_154943_8_1_b0_msi_46slices_ec1_typ3.nii,vs8wuamr5663_cbc_1110_20240825_155722_10_1_epi_msi_av_44slices_v3.nii,291,20240825_155722_10_1,0,CBC_1110_MSI_AV_v3_Vset5_Aset6_2024-08-25_15h56.32.260.csv,0.181818182,0.454545455,0.545454545,0.545454545,0.431818182,syll,av,v3,3
CBC_1111,av1,2,mr5799_cbc_1111_20240604_143709_3_1_epi_msi_av_44slices_v3.nii,^mr5799_cbc_1111_20240604_143423_2_1_b0_msi_46slices_.*.nii$,vdm5_scmr5799_cbc_1111_20240604_143423_2_1_b0_msi_46slices_ec1_typ3_session1.nii,vs8wuamr5799_cbc_1111_20240604_143709_3_1_epi_msi_av_44slices_v3.nii,291,20240604_143709_3_1,0,CBC_1111_MSI_AV_v3_Vset1_Aset4_2024-06-04_14h36.06.518.csv,0.363636364,0.545454545,0.363636364,0.272727273,0.386363636,syll,av,v3,1
CBC_1111,av2,2,mr5799_cbc_1111_20240604_144529_4_1_epi_msi_av_44slices_v3.nii,^mr5799_cbc_1111_20240604_143423_2_1_b0_msi_46slices_.*.nii$,vdm5_scmr5799_cbc_1111_20240604_143423_2_1_b0_msi_46slices_ec1_typ3_session2.nii,vs8wuamr5799_cbc_1111_20240604_144529_4_1_epi_msi_av_44slices_v3.nii,291,20240604_144529_4_1,0,CBC_1111_MSI_AV_v3_Vset3_Aset3_2024-06-04_14h44.38.349.csv,0.818181818,0.818181818,0.818181818,0.454545455,0.727272727,env,av,v3,2
CBC_1111,tv1,9,mr5799_cbc_1111_20240604_154821_12_1_epi_msi_tv_44slices_v3.nii,^mr5799_cbc_1111_20240604_153953_9_1_b0_msi_46slices_.*.nii$,vdm5_scmr5799_cbc_1111_20240604_153953_9_1_b0_msi_46slices_ec1_typ3.nii,vs8wuamr5799_cbc_1111_20240604_154821_12_1_epi_msi_tv_44slices_v3.nii,291,20240604_154821_12_1,0,CBC_1111_MSI_TV_v3_Vset5_Tset2_2024-06-04_15h47.31.612.csv,0.363636364,0.363636364,0.454545455,0.636363636,0.454545455,vib,tv,v3,3
CBC_1112,tv1,2,mr5681_cbc_1112_20240906_170007_3_1_epi_msi_tv_44slices_v3.nii,^mr5681_cbc_1112_20240906_165730_2_1_b0_msi_46slices_.*.nii$,vdm5_scmr5681_cbc_1112_20240906_165730_2_1_b0_msi_46slices_ec1_typ3_session1.nii,vs8wuamr5681_cbc_1112_20240906_170007_3_1_epi_msi_tv_44slices_v3.nii,291,20240906_170007_3_1,0,CBC_1112_MSI_TV_v3_Vset6_Tset1_2024-09-06_16h58.36.381.csv,0.454545455,0.909090909,0.818181818,0.727272727,0.727272727,vib,tv,v3,1
CBC_1112,av1,2,mr5681_cbc_1112_20240906_170835_4_1_epi_msi_av_44slices_v3.nii,^mr5681_cbc_1112_20240906_165730_2_1_b0_msi_46slices_.*.nii$,vdm5_scmr5681_cbc_1112_20240906_165730_2_1_b0_msi_46slices_ec1_typ3_session2.nii,vs8wuamr5681_cbc_1112_20240906_170835_4_1_epi_msi_av_44slices_v3.nii,291,20240906_170835_4_1,0,CBC_1112_MSI_AV_v3_Vset5_Aset3_2024-09-06_17h07.21.236.csv,0.545454545,0.727272727,0.636363636,0.818181818,0.681818182,env,av,v3,2
CBC_1112,av2,9,mr5681_cbc_1112_20240906_180528_10_1_epi_msi_av_44slices_v3.nii,^mr5681_cbc_1112_20240906_180248_9_1_b0_msi_46slices_.*.nii$,vdm5_scmr5681_cbc_1112_20240906_180248_9_1_b0_msi_46slices_ec1_typ3.nii,vs8wuamr5681_cbc_1112_20240906_180528_10_1_epi_msi_av_44slices_v3.nii,291,20240906_180528_10_1,0,CBC_1112_MSI_AV_v3_Vset4_Aset6_2024-09-06_18h03.50.447.csv,0.272727273,0.545454545,0.454545455,0.545454545,0.454545455,syll,av,v3,3
CBC_1114,tv1,2,mr5642_cbc_1114_20240809_162301_3_1_epi_msi_tv_44slices_v3.nii,^mr5642_cbc_1114_20240809_162022_2_1_b0_msi_46slices_.*.nii$,vdm5_scmr5642_cbc_1114_20240809_162022_2_1_b0_msi_46slices_ec1_typ3_session1.nii,vs8wuamr5642_cbc_1114_20240809_162301_3_1_epi_msi_tv_44slices_v3.nii,291,20240809_162301_3_1,9.96,CBC_1114_MSI_TV_v3_Vset6_Tset1_2024-08-09_16h21.37.903.csv,0.636363636,0.545454545,0.363636364,0.454545455,0.5,vib,tv,v3,1
CBC_1114,av1,2,mr5642_cbc_1114_20240809_163137_4_1_epi_msi_av_44slices_v3.nii,^mr5642_cbc_1114_20240809_162022_2_1_b0_msi_46slices_.*.nii$,vdm5_scmr5642_cbc_1114_20240809_162022_2_1_b0_msi_46slices_ec1_typ3_session2.nii,vs8wuamr5642_cbc_1114_20240809_163137_4_1_epi_msi_av_44slices_v3.nii,291,20240809_163137_4_1,15.8,CBC_1114_MSI_AV_v3_Vset4_Aset5_2024-08-09_16h30.19.654.csv,0.272727273,0.545454545,0.636363636,0.272727273,0.431818182,syll,av,v3,2
CBC_1114,av2,8,mr5642_cbc_1114_20240809_172113_9_1_epi_msi_av_44slices_v3.nii,^mr5642_cbc_1114_20240809_171843_8_1_b0_msi_46slices_.*.nii$,vdm5_scmr5642_cbc_1114_20240809_171843_8_1_b0_msi_46slices_ec1_typ3.nii,vs8wuamr5642_cbc_1114_20240809_172113_9_1_epi_msi_av_44slices_v3.nii,291,20240809_172113_9_1,1.72,CBC_1114_MSI_AV_v3_Vset5_Aset2_2024-08-09_17h20.03.010.csv,0.545454545,0.636363636,0.363636364,0.545454545,0.522727273,env,av,v3,3
CBC_1115,av1,2,mr5637_cbc_1115_20240806_150809_3_1_epi_msi_av_44slices_v3.nii,^mr5637_cbc_1115_20240806_150526_2_1_b0_msi_46slices_.*.nii$,vdm5_scmr5637_cbc_1115_20240806_150526_2_1_b0_msi_46slices_ec1_typ3_session1.nii,vs8wuamr5637_cbc_1115_20240806_150809_3_1_epi_msi_av_44slices_v3.nii,291,20240806_150809_3_1,7.9,CBC_1115_MSI_AV_v3_Vset3_Aset2_2024-08-06_15h06.49.385.csv,0.454545455,0.454545455,0.818181818,0.636363636,0.590909091,env,av,v3,1
CBC_1115,av2,2,mr5637_cbc_1115_20240806_151637_4_1_epi_msi_av_44slices_v3.nii,^mr5637_cbc_1115_20240806_150526_2_1_b0_msi_46slices_.*.nii$,vdm5_scmr5637_cbc_1115_20240806_150526_2_1_b0_msi_46slices_ec1_typ3_session2.nii,vs8wuamr5637_cbc_1115_20240806_151637_4_1_epi_msi_av_44slices_v3.nii,291,20240806_151637_4_1,4.12,CBC_1115_MSI_AV_v3_Vset1_Aset4_2024-08-06_15h15.33.516.csv,0.818181818,0.636363636,0.545454545,0.545454545,0.636363636,syll,av,v3,2
CBC_1115,tv1,8,mr5637_cbc_1115_20240806_160336_9_1_epi_msi_tv_44slices_v3.nii,^mr5637_cbc_1115_20240806_160057_8_1_b0_msi_46slices_.*.nii$,vdm5_scmr5637_cbc_1115_20240806_160057_8_1_b0_msi_46slices_ec1_typ3.nii,vs8wuamr5637_cbc_1115_20240806_160336_9_1_epi_msi_tv_44slices_v3.nii,291,20240806_160336_9_1,6.87,CBC_1115_MSI_TV_v3_Vset2_Tset2_2024-08-06_16h02.16.693.csv,0.727272727,0.454545455,0.909090909,0.545454545,0.659090909,vib,tv,v3,3
CBC_1116,av1,2,mr5709_cbc_1116_20240927_135249_3_1_epi_msi_av_44slices_v1.nii,^mr5709_cbc_1116_20240927_134959_2_1_b0_msi_46slices_.*.nii$,vdm5_scmr5709_cbc_1116_20240927_134959_2_1_b0_msi_46slices_ec1_typ3_session1.nii,vs8wuamr5709_cbc_1116_20240927_135249_3_1_epi_msi_av_44slices_v1.nii,278,20240927_135249_3_1,14.39,CBC_1116_MSI_AV_v1_Vset5_Aset1_2024-09-27_13h50.47.660.csv,0.5,0.5,0.357142857,NA,0.452380952,env,av,v1,1
CBC_1116,tv1,2,mr5709_cbc_1116_20240927_140047_4_1_epi_msi_tv_44slices_v1.nii,^mr5709_cbc_1116_20240927_134959_2_1_b0_msi_46slices_.*.nii$,vdm5_scmr5709_cbc_1116_20240927_134959_2_1_b0_msi_46slices_ec1_typ3_session2.nii,vs8wuamr5709_cbc_1116_20240927_140047_4_1_epi_msi_tv_44slices_v1.nii,278,20240927_140047_4_1,11.15,CBC_1116_MSI_TV_v1_Vset4_Aset3_2024-09-27_13h59.22.080.csv,0.714285714,0.714285714,0.357142857,NA,0.595238095,vib,tv,v1,2
CBC_1116,av2,8,mr5709_cbc_1116_20240927_145958_9_1_epi_msi_av_44slices_v1.nii,^mr5709_cbc_1116_20240927_145729_8_1_b0_msi_46slices_.*.nii$,vdm5_scmr5709_cbc_1116_20240927_145729_8_1_b0_msi_46slices_ec1_typ3.nii,vs8wuamr5709_cbc_1116_20240927_145958_9_1_epi_msi_av_44slices_v1.nii,278,20240927_145958_9_1,12.59,CBC_1116_MSI_AV_v1_Vset6_Aset6_2024-09-27_14h58.15.425.csv,0.428571429,0.428571429,0.642857143,NA,0.5,syll,av,v1,3
CBC_1117,av1,2,mr5576_cbc_1117_20240612_144840_3_1_epi_msi_av_44slices_v3.nii,^mr5576_cbc_1117_20240612_144544_2_1_b0_msi_46slices_.*.nii$,vdm5_scmr5576_cbc_1117_20240612_144544_2_1_b0_msi_46slices_ec1_typ3_session1.nii,vs8wuamr5576_cbc_1117_20240612_144840_3_1_epi_msi_av_44slices_v3.nii,291,20240612_144840_3_1,0,CBC_1117_MSI_AV_v3_Vset3_Aset4_2024-06-12_14h47.27.552.csv,0.636363636,0.454545455,0.636363636,0.636363636,0.590909091,syll,av,v3,1
CBC_1117,av2,2,mr5576_cbc_1117_20240612_145702_4_1_epi_msi_av_44slices_v3.nii,^mr5576_cbc_1117_20240612_144544_2_1_b0_msi_46slices_.*.nii$,vdm5_scmr5576_cbc_1117_20240612_144544_2_1_b0_msi_46slices_ec1_typ3_session2.nii,vs8wuamr5576_cbc_1117_20240612_145702_4_1_epi_msi_av_44slices_v3.nii,291,20240612_145702_4_1,0,CBC_1117_MSI_AV_v3_Vset2_Aset3_2024-06-12_14h56.14.456.csv,0.363636364,0.454545455,0.363636364,0.545454545,0.431818182,env,av,v3,2
CBC_1117,tv1,8,mr5576_cbc_1117_20240612_154449_9_1_epi_msi_tv_44slices_v3.nii,^mr5576_cbc_1117_20240612_154222_8_1_b0_msi_46slices_.*.nii$,vdm5_scmr5576_cbc_1117_20240612_154222_8_1_b0_msi_46slices_ec1_typ3.nii,vs8wuamr5576_cbc_1117_20240612_154449_9_1_epi_msi_tv_44slices_v3.nii,291,20240612_154449_9_1,0.69,CBC_1117_MSI_TV_v3_Vset1_Tset2_2024-06-12_15h43.57.296.csv,0.909090909,0.818181818,0.909090909,0.727272727,0.840909091,vib,tv,v3,3
CBC_1118,tv1,2,mr5600_cbc_1118_20240629_141105_3_1_epi_msi_tv_44slices_v3.nii,^mr5600_cbc_1118_20240629_140814_2_1_b0_msi_46slices_.*.nii$,vdm5_scmr5600_cbc_1118_20240629_140814_2_1_b0_msi_46slices_ec1_typ3_session1.nii,vs8wuamr5600_cbc_1118_20240629_141105_3_1_epi_msi_tv_44slices_v3.nii,291,20240629_141105_3_1,0,CBC_1118_MSI_TV_v3_Vset6_Tset1_2024-06-29_14h09.41.802.csv,0.818181818,1,0.909090909,1,0.931818182,vib,tv,v3,1
CBC_1118,av1,2,mr5600_cbc_1118_20240629_141938_4_1_epi_msi_av_44slices_v3.nii,^mr5600_cbc_1118_20240629_140814_2_1_b0_msi_46slices_.*.nii$,vdm5_scmr5600_cbc_1118_20240629_140814_2_1_b0_msi_46slices_ec1_typ3_session2.nii,vs8wuamr5600_cbc_1118_20240629_141938_4_1_epi_msi_av_44slices_v3.nii,291,20240629_141938_4_1,0,CBC_1118_MSI_AV_v3_Vset5_Aset2_2024-06-29_14h18.38.427.csv,0.727272727,0.818181818,1,0.818181818,0.840909091,env,av,v3,2
CBC_1118,av2,8,mr5600_cbc_1118_20240629_150744_9_1_epi_msi_av_44slices_v3.nii,^mr5600_cbc_1118_20240629_150516_8_1_b0_msi_46slices_.*.nii$,vdm5_scmr5600_cbc_1118_20240629_150516_8_1_b0_msi_46slices_ec1_typ3.nii,vs8wuamr5600_cbc_1118_20240629_150744_9_1_epi_msi_av_44slices_v3.nii,291,20240629_150744_9_1,0,CBC_1118_MSI_AV_v3_Vset4_Aset6_2024-06-29_15h06.44.411.csv,0.272727273,0.636363636,0.545454545,0.727272727,0.545454545,syll,av,v3,3
CBC_1119,av1,2,mr5545_cbc_1119_20240522_153104_3_1_epi_msi_av_44slices_v3.nii,^mr5545_cbc_1119_20240522_152815_2_1_b0_msi_46slices_.*.nii$,vdm5_scmr5545_cbc_1119_20240522_152815_2_1_b0_msi_46slices_ec1_typ3_session1.nii,vs8wuamr5545_cbc_1119_20240522_153104_3_1_epi_msi_av_44slices_v3.nii,291,20240522_153104_3_1,0,CBC_1119_MSI_AV_v3_Vset1_Aset5_2024-05-22_15h29.43.380.csv,0.272727273,0.454545455,0.909090909,1,0.659090909,syll,av,v3,1
CBC_1119,tv1,2,mr5545_cbc_1119_20240522_153929_4_1_epi_msi_tv_44slices_v3.nii,^mr5545_cbc_1119_20240522_152815_2_1_b0_msi_46slices_.*.nii$,vdm5_scmr5545_cbc_1119_20240522_152815_2_1_b0_msi_46slices_ec1_typ3_session2.nii,vs8wuamr5545_cbc_1119_20240522_153929_4_1_epi_msi_tv_44slices_v3.nii,291,20240522_153929_4_1,0,CBC_1119_MSI_TV_v3_Vset2_Tset2_2024-05-22_15h38.34.876.csv,0.727272727,1,1,0.909090909,0.909090909,vib,tv,v3,2
CBC_1119,av2,8,mr5545_cbc_1119_20240522_163120_9_1_epi_msi_av_44slices_v3.nii,^mr5545_cbc_1119_20240522_162835_8_1_b0_msi_46slices_.*.nii$,vdm5_scmr5545_cbc_1119_20240522_162835_8_1_b0_msi_46slices_ec1_typ3.nii,vs8wuamr5545_cbc_1119_20240522_163120_9_1_epi_msi_av_44slices_v3.nii,291,20240522_163120_9_1,0,CBC_1119_MSI_AV_v3_Vset3_Aset1_2024-05-22_16h30.20.038.csv,0.454545455,0.545454545,1,1,0.75,env,av,v3,3
CBC_1120,tv1,2,mr5581_cbc_1120_20240614_144509_3_1_epi_msi_tv_44slices_v3.nii,^mr5581_cbc_1120_20240614_144225_2_1_b0_msi_46slices_.*.nii$,vdm5_scmr5581_cbc_1120_20240614_144225_2_1_b0_msi_46slices_ec1_typ3_session1.nii,vs8wuamr5581_cbc_1120_20240614_144509_3_1_epi_msi_tv_44slices_v3.nii,291,20240614_144509_3_1,11.68,CBC_1120_MSI_TV_v3_Vset6_Tset3_2024-06-14_14h44.03.595.csv,0.363636364,0.272727273,0.363636364,0.454545455,0.363636364,vib,tv,v3,1
CBC_1120,av1,2,mr5581_cbc_1120_20240614_145325_4_1_epi_msi_av_44slices_v3.nii,^mr5581_cbc_1120_20240614_144225_2_1_b0_msi_46slices_.*.nii$,vdm5_scmr5581_cbc_1120_20240614_144225_2_1_b0_msi_46slices_ec1_typ3_session2.nii,vs8wuamr5581_cbc_1120_20240614_145325_4_1_epi_msi_av_44slices_v3.nii,291,20240614_145325_4_1,5.84,CBC_1120_MSI_AV_v3_Vset5_Aset5_2024-06-14_14h52.40.106.csv,0.363636364,0.454545455,0.545454545,0.545454545,0.477272727,syll,av,v3,2
CBC_1120,av2,8,mr5581_cbc_1120_20240614_154454_9_1_epi_msi_av_44slices_v3.nii,^mr5581_cbc_1120_20240614_154213_8_1_b0_msi_46slices_.*.nii$,vdm5_scmr5581_cbc_1120_20240614_154213_8_1_b0_msi_46slices_ec1_typ3.nii,vs8wuamr5581_cbc_1120_20240614_154454_9_1_epi_msi_av_44slices_v3.nii,291,20240614_154454_9_1,3.78,CBC_1120_MSI_AV_v3_Vset4_Aset3_2024-06-14_15h43.58.202.csv,0.454545455,0.454545455,0.909090909,0.818181818,0.659090909,env,av,v3,3
CBC_1121,av1,2,mr5629_cbc_1121_20240731_142025_3_1_epi_msi_av_44slices_v3.nii,^mr5629_cbc_1121_20240731_141739_2_1_b0_msi_46slices_.*.nii$,vdm5_scmr5629_cbc_1121_20240731_141739_2_1_b0_msi_46slices_ec1_typ3_session1.nii,vs8wuamr5629_cbc_1121_20240731_142025_3_1_epi_msi_av_44slices_v3.nii,291,20240731_142025_3_1,34.02,CBC_1121_MSI_AV_v3_Vset3_Aset1_2024-07-31_14h19.10.117.csv,0.454545455,0.636363636,0.545454545,0.363636364,0.5,env,av,v3,1
CBC_1121,av2,2,mr5629_cbc_1121_20240731_142853_4_1_epi_msi_av_44slices_v3.nii,^mr5629_cbc_1121_20240731_141739_2_1_b0_msi_46slices_.*.nii$,vdm5_scmr5629_cbc_1121_20240731_141739_2_1_b0_msi_46slices_ec1_typ3_session2.nii,vs8wuamr5629_cbc_1121_20240731_142853_4_1_epi_msi_av_44slices_v3.nii,291,20240731_142853_4_1,1.37,CBC_1121_MSI_AV_v3_Vset1_Aset4_2024-07-31_14h27.50.028.csv,0.545454545,0.545454545,0.636363636,0,0.431818182,syll,av,v3,2
CBC_1121,av3,2,mr5638_cbc_1121_20240807_134530_3_1_epi_msi_av_44slices_v3.nii,^mr5638_cbc_1121_20240807_134239_2_1_b0_msi_46slices_.*.nii$,vdm5_scmr5629_cbc_1121_20240731_141739_2_1_b0_msi_46slices_ec1_typ3_session3.nii,vs8wuamr5638_cbc_1121_20240807_134530_3_1_epi_msi_av_44slices_v3.nii,291,20240807_134530_3_1,2.75,CBC_1121_MSI_AV_v3_Vset6_Aset3_2024-08-07_13h43.57.969.csv,0.272727273,0.181818182,0.545454545,0.545454545,0.386363636,env,av,v3,3
CBC_1121,av4,2,mr5638_cbc_1121_20240807_135420_4_1_epi_msi_av_44slices_v3.nii,^mr5638_cbc_1121_20240807_134239_2_1_b0_msi_46slices_.*.nii$,vdm5_scmr5629_cbc_1121_20240731_141739_2_1_b0_msi_46slices_ec1_typ3_session4.nii,vs8wuamr5638_cbc_1121_20240807_135420_4_1_epi_msi_av_44slices_v3.nii,291,20240807_135420_4_1,5.49,CBC_1121_MSI_AV_v3_Vset4_Aset5_2024-08-07_13h52.54.960.csv,0.545454545,0.363636364,0.363636364,0.727272727,0.5,syll,av,v3,4
CBC_1121,tv1,7,mr5638_cbc_1121_20240807_143309_8_1_epi_msi_tv_44slices_v3.nii,^mr5638_cbc_1121_20240807_143040_7_1_b0_msi_46slices_.*.nii$,vdm5_scmr5638_cbc_1121_20240807_143040_7_1_b0_msi_46slices_ec1_typ3.nii,vs8wuamr5638_cbc_1121_20240807_143309_8_1_epi_msi_tv_44slices_v3.nii,291,20240807_143309_8_1,1.72,CBC_1121_MSI_TV_v3_Vset5_Tset3_2024-08-07_14h31.56.468.csv,0.545454545,0.272727273,0.272727273,0.454545455,0.386363636,vib,tv,v3,5
CBC_1122,av1,2,mr5664_cbc_1122_20240825_134203_3_1_epi_msi_av_44slices_v3.nii,^mr5664_cbc_1122_20240825_133914_2_1_b0_msi_46slices_.*.nii$,vdm5_scmr5664_cbc_1122_20240825_133914_2_1_b0_msi_46slices_ec1_typ3_session1.nii,vs8wuamr5664_cbc_1122_20240825_134203_3_1_epi_msi_av_44slices_v3.nii,291,20240825_134203_3_1,0.69,CBC_1122_MSI_AV_v3_Vset4_Aset2_2024-08-25_13h40.21.283.csv,0.363636364,0.545454545,0.454545455,0.636363636,0.5,env,av,v3,1
CBC_1122,tv1,2,mr5664_cbc_1122_20240825_135154_4_1_epi_msi_tv_44slices_v3.nii,^mr5664_cbc_1122_20240825_133914_2_1_b0_msi_46slices_.*.nii$,vdm5_scmr5664_cbc_1122_20240825_133914_2_1_b0_msi_46slices_ec1_typ3_session2.nii,vs8wuamr5664_cbc_1122_20240825_135154_4_1_epi_msi_tv_44slices_v3.nii,291,20240825_135154_4_1,5.5,CBC_1122_MSI_TV_v3_Vset5_Tset1_2024-08-25_13h49.30.818.csv,0.545454545,0.363636364,0.272727273,0.727272727,0.477272727,vib,tv,v3,2
CBC_1122,av2,8,mr5664_cbc_1122_20240825_151833_9_1_epi_msi_av_44slices_v3.nii,^mr5664_cbc_1122_20240825_151547_8_1_b0_msi_46slices_.*.nii$,vdm5_scmr5664_cbc_1122_20240825_151547_8_1_b0_msi_46slices_ec1_typ3.nii,vs8wuamr5664_cbc_1122_20240825_151833_9_1_epi_msi_av_44slices_v3.nii,291,20240825_151833_9_1,7.22,CBC_1122_MSI_AV_v3_Vset6_Aset6_2024-08-25_15h16.59.202.csv,0.363636364,0.545454545,0.454545455,0.636363636,0.5,syll,av,v3,3
CBC_1123,av1,2,mr5798_cbc_1123_20240531_135141_3_1_epi_msi_av_44slices_v3.nii,^mr5798_cbc_1123_20240531_134854_2_1_b0_msi_46slices_.*.nii$,vdm5_scmr5798_cbc_1123_20240531_134854_2_1_b0_msi_46slices_ec1_typ3_session1.nii,vs8wuamr5798_cbc_1123_20240531_135141_3_1_epi_msi_av_44slices_v3.nii,291,20240531_135141_3_1,35.74,CBC_1123_MSI_AV_v3_Vset3_Aset4_2024-05-31_13h50.29.989.csv,0.636363636,0.272727273,0.545454545,0.818181818,0.568181818,syll,av,v3,1
CBC_1123,av2,2,mr5798_cbc_1123_20240531_140001_4_1_epi_msi_av_44slices_v3.nii,^mr5798_cbc_1123_20240531_134854_2_1_b0_msi_46slices_.*.nii$,vdm5_scmr5798_cbc_1123_20240531_134854_2_1_b0_msi_46slices_ec1_typ3_session2.nii,vs8wuamr5798_cbc_1123_20240531_140001_4_1_epi_msi_av_44slices_v3.nii,291,20240531_140001_4_1,15.12,CBC_1123_MSI_AV_v3_Vset1_Aset1_2024-05-31_13h59.09.589.csv,0.636363636,0.727272727,0.818181818,0.818181818,0.75,env,av,v3,2
CBC_1123,tv1,8,mr5798_cbc_1123_20240531_150157_10_1_epi_msi_tv_44slices_v3.nii,^mr5798_cbc_1123_20240531_145615_8_1_b0_msi_46slices_.*.nii$,vdm5_scmr5798_cbc_1123_20240531_145615_8_1_b0_msi_46slices_ec1_typ3.nii,vs8wuamr5798_cbc_1123_20240531_150157_10_1_epi_msi_tv_44slices_v3.nii,291,20240531_150157_10_1,26.46,CBC_1123_MSI_TV_v3_Vset2_Tset3_2024-05-31_15h01.23.059.csv,0.545454545,0.454545455,0.272727273,0.454545455,0.431818182,vib,tv,v3,3
CBC_1124,tv1,2,mr5678_cbc_1124_20240905_142037_3_1_epi_msi_tv_44slices_v3.nii,^mr5678_cbc_1124_20240905_141745_2_1_b0_msi_46slices_.*.nii$,vdm5_scmr5678_cbc_1124_20240905_141745_2_1_b0_msi_46slices_ec1_typ3_session1.nii,vs8wuamr5678_cbc_1124_20240905_142037_3_1_epi_msi_tv_44slices_v3.nii,291,20240905_142037_3_1,7.56,CBC_1124_MSI_TV_v3_Vset6_Tset1_2024-09-05_14h18.47.507.csv,0.909090909,0.818181818,0.909090909,0.818181818,0.863636364,vib,tv,v3,1
CBC_1124,av1,2,mr5678_cbc_1124_20240905_142938_4_1_epi_msi_av_44slices_v3.nii,^mr5678_cbc_1124_20240905_141745_2_1_b0_msi_46slices_.*.nii$,vdm5_scmr5678_cbc_1124_20240905_141745_2_1_b0_msi_46slices_ec1_typ3_session2.nii,vs8wuamr5678_cbc_1124_20240905_142938_4_1_epi_msi_av_44slices_v3.nii,291,20240905_142938_4_1,3.09,CBC_1124_MSI_AV_v3_Vset4_Aset2_2024-09-05_14h27.55.081.csv,0.818181818,0.545454545,0.454545455,0.909090909,0.681818182,env,av,v3,2
CBC_1124,av2,9,mr5678_cbc_1124_20240905_153240_10_1_epi_msi_av_44slices_v3.nii,^mr5678_cbc_1124_20240905_152952_9_1_b0_msi_46slices_.*.nii$,vdm5_scmr5678_cbc_1124_20240905_152952_9_1_b0_msi_46slices_ec1_typ3.nii,vs8wuamr5678_cbc_1124_20240905_153240_10_1_epi_msi_av_44slices_v3.nii,291,20240905_153240_10_1,18.21,CBC_1124_MSI_AV_v3_Vset5_Aset6_2024-09-05_15h30.56.922.csv,0.818181818,0.818181818,0.727272727,0.727272727,0.772727273,syll,av,v3,3
CBC_1125,av1,2,mr5641_cbc_1125_20240809_141643_3_1_epi_msi_av_44slices_v3.nii,^mr5641_cbc_1125_20240809_141402_2_1_b0_msi_46slices_.*.nii$,vdm5_scmr5641_cbc_1125_20240809_141402_2_1_b0_msi_46slices_ec1_typ3_session1.nii,vs8wuamr5641_cbc_1125_20240809_141643_3_1_epi_msi_av_44slices_v3.nii,291,20240809_141643_3_1,0,CBC_1125_MSI_AV_v3_Vset1_Aset5_2024-08-09_14h15.17.704.csv,0.545454545,0.545454545,0.636363636,0.454545455,0.545454545,syll,av,v3,1
CBC_1125,tv1,2,mr5641_cbc_1125_20240809_142522_4_1_epi_msi_tv_44slices_v3.nii,^mr5641_cbc_1125_20240809_141402_2_1_b0_msi_46slices_.*.nii$,vdm5_scmr5641_cbc_1125_20240809_141402_2_1_b0_msi_46slices_ec1_typ3_session2.nii,vs8wuamr5641_cbc_1125_20240809_142522_4_1_epi_msi_tv_44slices_v3.nii,291,20240809_142522_4_1,0,CBC_1125_MSI_TV_v3_Vset3_Tset2_2024-08-09_14h24.11.046.csv,0.363636364,0.545454545,0.272727273,0.545454545,0.431818182,vib,tv,v3,2
CBC_1125,av2,8,mr5641_cbc_1125_20240809_151507_9_1_epi_msi_av_44slices_v3.nii,^mr5641_cbc_1125_20240809_151241_8_1_b0_msi_46slices_.*.nii$,vdm5_scmr5641_cbc_1125_20240809_151241_8_1_b0_msi_46slices_ec1_typ3.nii,vs8wuamr5641_cbc_1125_20240809_151507_9_1_epi_msi_av_44slices_v3.nii,291,20240809_151507_9_1,0,CBC_1125_MSI_AV_v3_Vset2_Aset3_2024-08-09_15h13.56.801.csv,0.454545455,0.545454545,0.727272727,0.545454545,0.568181818,env,av,v3,3
CBC_1126,tv1,2,mr6009_cbc_1126_20250517_131653_3_1_epi_msi_tv_44slices_v3.nii,^mr6009_cbc_1126_20250517_131330_2_1_b0_msi_46slices_.*.nii$,vdm5_scmr6009_cbc_1126_20250517_131330_2_1_b0_msi_46slices_ec1_typ3_session1.nii,vs8wuamr6009_cbc_1126_20250517_131653_3_1_epi_msi_tv_44slices_v3.nii,291,20250517_131653_3_1,9.62,CBC_1126_MSI_TV_v3_Vset5_Tset3_2025-05-17_13h15.36.029.csv,0.5454545454545454,0.8181818181818182,0.5454545454545454,0.6363636363636364,0.6363636363636364,vib,tv,v3,1
CBC_1126,av1,2,mr6009_cbc_1126_20250517_132538_4_1_epi_msi_av_44slices_v3.nii,^mr6009_cbc_1126_20250517_131330_2_1_b0_msi_46slices_.*.nii$,vdm5_scmr6009_cbc_1126_20250517_131330_2_1_b0_msi_46slices_ec1_typ3_session2.nii,vs8wuamr6009_cbc_1126_20250517_132538_4_1_epi_msi_av_44slices_v3.nii,291,20250517_132538_4_1,28.53,CBC_1126_MSI_AV_v3_Vset6_Aset5_2025-05-17_13h24.23.253.csv,0.6363636363636364,0.7272727272727273,0.5454545454545454,0.4545454545454546,0.5909090909090909,syll,av,v3,2
CBC_1126,av2,10,mr6009_cbc_1126_20250517_141228_11_1_epi_msi_av_44slices_v3.nii,^mr6009_cbc_1126_20250517_140940_10_1_b0_msi_46slices_.*.nii$,vdm5_scmr6009_cbc_1126_20250517_140940_10_1_b0_msi_46slices_ec1_typ3.nii,vs8wuamr6009_cbc_1126_20250517_141228_11_1_epi_msi_av_44slices_v3.nii,291,20250517_141228_11_1,32.989999999999995,CBC_1126_MSI_AV_v3_Vset4_Aset2_2025-05-17_14h11.10.983.csv,0.7272727272727273,0.5454545454545454,0.4545454545454546,0.4545454545454546,0.5454545454545454,env,av,v3,3
CBC_1127,av1,2,mr5593_cbc_1127_20240626_160534_3_1_epi_msi_av_44slices_v3.nii,^mr5593_cbc_1127_20240626_160256_2_1_b0_msi_46slices_.*.nii$,vdm5_scmr5593_cbc_1127_20240626_160256_2_1_b0_msi_46slices_ec1_typ3_session1.nii,vs8wuamr5593_cbc_1127_20240626_160534_3_1_epi_msi_av_44slices_v3.nii,291,20240626_160534_3_1,0,CBC_1127_MSI_AV_v3_Vset1_Aset1_2024-06-26_16h04.31.880.csv,0.727272727,0.545454545,1,0.727272727,0.75,env,av,v3,1
CBC_1127,av2,2,mr5593_cbc_1127_20240626_161401_4_1_epi_msi_av_44slices_v3.nii,^mr5593_cbc_1127_20240626_160256_2_1_b0_msi_46slices_.*.nii$,vdm5_scmr5593_cbc_1127_20240626_160256_2_1_b0_msi_46slices_ec1_typ3_session2.nii,vs8wuamr5593_cbc_1127_20240626_161401_4_1_epi_msi_av_44slices_v3.nii,291,20240626_161401_4_1,0,CBC_1127_MSI_AV_v3_Vset2_Aset4_2024-06-26_16h13.06.551.csv,0.545454545,0.454545455,0.636363636,0.454545455,0.522727273,syll,av,v3,2
CBC_1127,tv1,8,mr5593_cbc_1127_20240626_170739_10_1_epi_msi_tv_44slices_v3.nii,^mr5593_cbc_1127_20240626_170120_8_1_b0_msi_46slices_.*.nii$,vdm5_scmr5593_cbc_1127_20240626_170120_8_1_b0_msi_46slices_ec1_typ3.nii,vs8wuamr5593_cbc_1127_20240626_170739_10_1_epi_msi_tv_44slices_v3.nii,291,20240626_170739_10_1,1.37,CBC_1127_MSI_TV_v3_Vset3_Tset3_2024-06-26_17h06.56.696.csv,0.363636364,0.727272727,1,0.909090909,0.75,vib,tv,v3,3
CBC_1128,av1,2,mr5705_cbc_1128_20240925_155744_3_1_epi_msi_av_44slices_v3.nii,^mr5705_cbc_1128_20240925_155503_2_1_b0_msi_46slices_.*.nii$,vdm5_scmr5705_cbc_1128_20240925_155503_2_1_b0_msi_46slices_ec1_typ3_session1.nii,vs8wuamr5705_cbc_1128_20240925_155744_3_1_epi_msi_av_44slices_v3.nii,291,20240925_155744_3_1,8.25,CBC_1128_MSI_AV_v3_Vset5_Aset2_2024-09-25_15h55.46.909.csv,0.545454545,0.545454545,0.363636364,0.636363636,0.522727273,env,av,v3,1
CBC_1128,tv1,2,mr5705_cbc_1128_20240925_160612_4_1_epi_msi_tv_44slices_v3.nii,^mr5705_cbc_1128_20240925_155503_2_1_b0_msi_46slices_.*.nii$,vdm5_scmr5705_cbc_1128_20240925_155503_2_1_b0_msi_46slices_ec1_typ3_session2.nii,vs8wuamr5705_cbc_1128_20240925_160612_4_1_epi_msi_tv_44slices_v3.nii,291,20240925_160612_4_1,5.84,CBC_1128_MSI_TV_v3_Vset6_Tset1_2024-09-25_16h04.53.379.csv,0.363636364,0.363636364,0.363636364,0.363636364,0.363636364,vib,tv,v3,2
CBC_1128,av2,10,mr5705_cbc_1128_20240925_171410_11_1_epi_msi_av_44slices_v3.nii,^mr5705_cbc_1128_20240925_171138_10_1_b0_msi_46slices_.*.nii$,vdm5_scmr5705_cbc_1128_20240925_171138_10_1_b0_msi_46slices_ec1_typ3.nii,vs8wuamr5705_cbc_1128_20240925_171410_11_1_epi_msi_av_44slices_v3.nii,291,20240925_171410_11_1,6.87,CBC_1128_MSI_AV_v3_Vset4_Aset6_2024-09-25_17h12.21.689.csv,0.363636364,0.545454545,0.272727273,0.454545455,0.409090909,syll,av,v3,3
CBC_1129,av1,2,mr5706_cbc_1129_20240925_141623_3_1_epi_msi_av_44slices_v3.nii,^mr5706_cbc_1129_20240925_141330_2_1_b0_msi_46slices_.*.nii$,vdm5_scmr5706_cbc_1129_20240925_141330_2_1_b0_msi_46slices_ec1_typ3.nii,vs8wuamr5706_cbc_1129_20240925_141623_3_1_epi_msi_av_44slices_v3.nii,291,20240925_141623_3_1,0,CBC_1129_MSI_AV_v3_Vset1_Aset4_2024-09-25_14h14.17.173.csv,0.545454545,0.545454545,0.727272727,0.909090909,0.681818182,syll,av,v3,1
CBC_1129,av2,5,mr5706_cbc_1129_20240925_150551_6_1_epi_msi_av_44slices_v3.nii,^mr5706_cbc_1129_20240925_150321_5_1_b0_msi_46slices_.*.nii$,vdm5_scmr5706_cbc_1129_20240925_150321_5_1_b0_msi_46slices_ec1_typ3_session1.nii,vs8wuamr5706_cbc_1129_20240925_150551_6_1_epi_msi_av_44slices_v3.nii,291,20240925_150551_6_1,0,CBC_1129_MSI_AV_v3_Vset3_Aset1_2024-09-25_15h04.08.990.csv,0.454545455,0.818181818,0.454545455,0.454545455,0.545454545,env,av,v3,2
CBC_1129,tv1,5,mr5706_cbc_1129_20240925_151404_7_1_epi_msi_tv_44slices_v3.nii,^mr5706_cbc_1129_20240925_150321_5_1_b0_msi_46slices_.*.nii$,vdm5_scmr5706_cbc_1129_20240925_150321_5_1_b0_msi_46slices_ec1_typ3_session2.nii,vs8wuamr5706_cbc_1129_20240925_151404_7_1_epi_msi_tv_44slices_v3.nii,291,20240925_151404_7_1,0,CBC_1129_MSI_TV_v3_Vset2_Tset1_2024-09-25_15h12.48.862.csv,0.545454545,0.454545455,0.636363636,0.909090909,0.636363636,vib,tv,v3,3
CBC_1130,tv1,2,mr5601_cbc_1130_20240630_093855_3_1_epi_msi_tv_44slices_v3.nii,^mr5601_cbc_1130_20240630_093603_2_1_b0_msi_46slices_.*.nii$,vdm5_scmr5601_cbc_1130_20240630_093603_2_1_b0_msi_46slices_ec1_typ3_session1.nii,vs8wuamr5601_cbc_1130_20240630_093855_3_1_epi_msi_tv_44slices_v3.nii,291,20240630_093855_3_1,1.37,CBC_1130_MSI_TV_v3_Vset4_Tset2_2024-06-30_09h37.34.134.csv,0.454545455,0.454545455,0.454545455,0.454545455,0.454545455,vib,tv,v3,1
CBC_1130,av1,2,mr5601_cbc_1130_20240630_094726_4_1_epi_msi_av_44slices_v3.nii,^mr5601_cbc_1130_20240630_093603_2_1_b0_msi_46slices_.*.nii$,vdm5_scmr5601_cbc_1130_20240630_093603_2_1_b0_msi_46slices_ec1_typ3_session2.nii,vs8wuamr5601_cbc_1130_20240630_094726_4_1_epi_msi_av_44slices_v3.nii,291,20240630_094726_4_1,6.53,CBC_1130_MSI_AV_v3_Vset5_Aset3_2024-06-30_09h46.27.052.csv,0.545454545,0.636363636,0.545454545,0.636363636,0.590909091,env,av,v3,2
CBC_1130,av2,9,mr5601_cbc_1130_20240630_103811_10_1_epi_msi_av_44slices_v3.nii,^mr5601_cbc_1130_20240630_103525_9_1_b0_msi_46slices_.*.nii$,vdm5_scmr5601_cbc_1130_20240630_103525_9_1_b0_msi_46slices_ec1_typ3.nii,vs8wuamr5601_cbc_1130_20240630_103811_10_1_epi_msi_av_44slices_v3.nii,291,20240630_103811_10_1,7.9,CBC_1130_MSI_AV_v3_Vset6_Aset6_2024-06-30_10h36.59.391.csv,0.363636364,0.454545455,0.454545455,0.090909091,0.340909091,syll,av,v3,3
CBC_1131,av1,3,mr5586_cbc_1131_20240619_141630_4_1_epi_msi_av_44slices_v3.nii,^mr5586_cbc_1131_20240619_141340_3_1_b0_msi_46slices_.*.nii$,vdm5_scmr5586_cbc_1131_20240619_141340_3_1_b0_msi_46slices_ec1_typ3_session1.nii,vs8wuamr5586_cbc_1131_20240619_141630_4_1_epi_msi_av_44slices_v3.nii,291,20240619_141630_4_1,10.31,CBC_1131_MSI_AV_v3_Vset2_Aset5_2024-06-19_14h15.29.825.csv,0.727272727,0.818181818,0.909090909,0.909090909,0.840909091,syll,av,v3,1
CBC_1131,tv1,3,mr5586_cbc_1131_20240619_142449_5_1_epi_msi_tv_44slices_v3.nii,^mr5586_cbc_1131_20240619_141340_3_1_b0_msi_46slices_.*.nii$,vdm5_scmr5586_cbc_1131_20240619_141340_3_1_b0_msi_46slices_ec1_typ3_session2.nii,vs8wuamr5586_cbc_1131_20240619_142449_5_1_epi_msi_tv_44slices_v3.nii,291,20240619_142449_5_1,9.28,CBC_1131_MSI_TV_v3_Vset1_Tset1_2024-06-19_14h24.04.175.csv,0.363636364,0.636363636,0.363636364,0.363636364,0.431818182,vib,tv,v3,2
CBC_1131,av2,9,mr5586_cbc_1131_20240619_152312_12_1_epi_msi_av_44slices_v3.nii,^mr5586_cbc_1131_20240619_151455_9_1_b0_msi_46slices_.*.nii$,vdm5_scmr5586_cbc_1131_20240619_151455_9_1_b0_msi_46slices_ec1_typ3.nii,vs8wuamr5586_cbc_1131_20240619_152312_12_1_epi_msi_av_44slices_v3.nii,291,20240619_152312_12_1,1.03,CBC_1131_MSI_AV_v3_Vset3_Aset2_2024-06-19_15h22.30.967.csv,0.636363636,0.636363636,0.909090909,0.727272727,0.727272727,env,av,v3,3
CBC_1132,tv1,2,mr5589_cbc_1132_20240621_123821_3_1_epi_msi_tv_44slices_v3.nii,^mr5589_cbc_1132_20240621_123536_2_1_b0_msi_46slices_.*.nii$,vdm5_scmr5589_cbc_1132_20240621_123536_2_1_b0_msi_46slices_ec1_typ3_session1.nii,vs8wuamr5589_cbc_1132_20240621_123821_3_1_epi_msi_tv_44slices_v3.nii,291,20240621_123821_3_1,0.69,CBC_1132_MSI_TV_v3_Vset5_Tset2_2024-06-21_12h37.13.607.csv,0.181818182,0.636363636,0.272727273,0.545454545,0.409090909,vib,tv,v3,1
CBC_1132,av1,2,mr5589_cbc_1132_20240621_124659_4_1_epi_msi_av_44slices_v3.nii,^mr5589_cbc_1132_20240621_123536_2_1_b0_msi_46slices_.*.nii$,vdm5_scmr5589_cbc_1132_20240621_123536_2_1_b0_msi_46slices_ec1_typ3_session2.nii,vs8wuamr5589_cbc_1132_20240621_124659_4_1_epi_msi_av_44slices_v3.nii,291,20240621_124659_4_1,0,CBC_1132_MSI_AV_v3_Vset4_Aset5_2024-06-21_12h45.53.789.csv,0.727272727,0.545454545,0.272727273,0.545454545,0.522727273,syll,av,v3,2
CBC_1132,av2,8,mr5589_cbc_1132_20240621_133225_9_1_epi_msi_av_44slices_v3.nii,^mr5589_cbc_1132_20240621_133000_8_1_b0_msi_46slices_.*.nii$,vdm5_scmr5589_cbc_1132_20240621_133000_8_1_b0_msi_46slices_ec1_typ3.nii,vs8wuamr5589_cbc_1132_20240621_133225_9_1_epi_msi_av_44slices_v3.nii,291,20240621_133225_9_1,7.91,CBC_1132_MSI_AV_v3_Vset6_Aset1_2024-06-21_13h31.32.169.csv,0.363636364,0.727272727,0.454545455,0.818181818,0.590909091,env,av,v3,3
CBC_1133,av1,2,mr5734_cbc_1133_20241011_142137_3_1_epi_msi_av_44slices_v1.nii,^mr5734_cbc_1133_20241011_141852_2_1_b0_msi_46slices_.*.nii$,vdm5_scmr5734_cbc_1133_20241011_141852_2_1_b0_msi_46slices_ec1_typ3_session1.nii,vs8wuamr5734_cbc_1133_20241011_142137_3_1_epi_msi_av_44slices_v1.nii,278,20241011_142137_3_1,9.35,CBC_1133_MSI_AV_v1_Vset3_Aset2_2024-10-11_14h20.04.910.csv,0.571428571,0.714285714,0.428571429,NA,0.571428571,env,av,v1,1
CBC_1133,av2,2,mr5734_cbc_1133_20241011_143136_4_1_epi_msi_av_44slices_v1.nii,^mr5734_cbc_1133_20241011_141852_2_1_b0_msi_46slices_.*.nii$,vdm5_scmr5734_cbc_1133_20241011_141852_2_1_b0_msi_46slices_ec1_typ3_session2.nii,vs8wuamr5734_cbc_1133_20241011_143136_4_1_epi_msi_av_44slices_v1.nii,278,20241011_143136_4_1,1.44,CBC_1133_MSI_AV_v1_Vset1_Aset4_2024-10-11_14h30.31.053.csv,0.571428571,0.428571429,0.285714286,NA,0.428571429,syll,av,v1,2
CBC_1133,tv1,8,mr5734_cbc_1133_20241011_151835_9_1_epi_msi_tv_44slices_v1.nii,^mr5734_cbc_1133_20241011_151602_8_1_b0_msi_46slices_.*.nii$,vdm5_scmr5734_cbc_1133_20241011_151602_8_1_b0_msi_46slices_ec1_typ3.nii,vs8wuamr5734_cbc_1133_20241011_151835_9_1_epi_msi_tv_44slices_v1.nii,278,20241011_151835_9_1,5.76,CBC_1133_MSI_TV_v1_Vset2_Aset1_2024-10-11_15h17.15.320.csv,0.571428571,0.714285714,0.571428571,NA,0.619047619,vib,tv,v1,3
CBC_1134,tv1,3,mr5630_cbc_1134_20240802_144935_5_1_epi_msi_tv_44slices_v3.nii,^mr5630_cbc_1134_20240802_143924_3_1_b0_msi_46slices_.*.nii$,vdm5_scmr5630_cbc_1134_20240802_143924_3_1_b0_msi_46slices_ec1_typ3.nii,vs8wuamr5630_cbc_1134_20240802_144935_5_1_epi_msi_tv_44slices_v3.nii,291,20240802_144935_5_1,4.47,CBC_1134_MSI_TV_v3_Vset4_Tset2_2024-08-02_14h48.41.829.csv,0.545454545,0.636363636,0.636363636,0.363636364,0.545454545,vib,tv,v3,1
CBC_1134,av1,9,mr5630_cbc_1134_20240802_154610_10_1_epi_msi_av_44slices_v3.nii,^mr5630_cbc_1134_20240802_154349_9_1_b0_msi_46slices_.*.nii$,vdm5_scmr5630_cbc_1134_20240802_154349_9_1_b0_msi_46slices_ec1_typ3.nii,vs8wuamr5630_cbc_1134_20240802_154610_10_1_epi_msi_av_44slices_v3.nii,291,20240802_154610_10_1,1.37,CBC_1134_MSI_AV_v3_Vset2_Aset2_2024-08-02_15h45.07.110.csv,0.454545455,0.545454545,0.272727273,0.727272727,0.5,env,av,v3,2
CBC_1135,av1,2,mr5693_cbc_1135_20240918_145918_3_1_epi_msi_av_44slices_v3.nii,^mr5693_cbc_1135_20240918_145630_2_1_b0_msi_46slices_.*.nii$,vdm5_scmr5693_cbc_1135_20240918_145630_2_1_b0_msi_46slices_ec1_typ3_session1.nii,vs8wuamr5693_cbc_1135_20240918_145918_3_1_epi_msi_av_44slices_v3.nii,291,20240918_145918_3_1,0,CBC_1135_MSI_AV_v3_Vset1_Aset4_2024-09-18_14h57.33.026.csv,0.363636364,0.272727273,0.545454545,0.727272727,0.477272727,syll,av,v3,1
CBC_1135,av2,2,mr5693_cbc_1135_20240918_150754_4_1_epi_msi_av_44slices_v3.nii,^mr5693_cbc_1135_20240918_145630_2_1_b0_msi_46slices_.*.nii$,vdm5_scmr5693_cbc_1135_20240918_145630_2_1_b0_msi_46slices_ec1_typ3_session2.nii,vs8wuamr5693_cbc_1135_20240918_150754_4_1_epi_msi_av_44slices_v3.nii,291,20240918_150754_4_1,0,CBC_1135_MSI_AV_v3_Vset2_Aset3_2024-09-18_15h07.02.618.csv,0.454545455,0.181818182,0.727272727,0.363636364,0.431818182,env,av,v3,2
CBC_1135,tv1,8,mr5693_cbc_1135_20240918_160403_9_1_epi_msi_tv_44slices_v3.nii,^mr5693_cbc_1135_20240918_160123_8_1_b0_msi_46slices_.*.nii$,vdm5_scmr5693_cbc_1135_20240918_160123_8_1_b0_msi_46slices_ec1_typ3.nii,vs8wuamr5693_cbc_1135_20240918_160403_9_1_epi_msi_tv_44slices_v3.nii,291,20240918_160403_9_1,0,CBC_1135_MSI_TV_v3_Vset3_Tset1_2024-09-18_16h02.33.291.csv,0.363636364,0.454545455,0.636363636,0.363636364,0.454545455,vib,tv,v3,3
CBC_1136,tv1,2,mr5648_cbc_1136_20240814_142127_3_1_epi_msi_tv_44slices_v3.nii,^mr5648_cbc_1136_20240814_141820_2_1_b0_msi_46slices_.*.nii$,vdm5_scmr5648_cbc_1136_20240814_141820_2_1_b0_msi_46slices_ec1_typ3_session1.nii,vs8wuamr5648_cbc_1136_20240814_142127_3_1_epi_msi_tv_44slices_v3.nii,291,20240814_142127_3_1,20.27,CBC_1136_MSI_TV_v3_Vset4_Tset3_2024-08-14_14h20.03.262.csv,0.181818182,0.636363636,0.454545455,0.272727273,0.386363636,vib,tv,v3,1
CBC_1136,av1,2,mr5648_cbc_1136_20240814_143046_4_1_epi_msi_av_44slices_v3.nii,^mr5648_cbc_1136_20240814_141820_2_1_b0_msi_46slices_.*.nii$,vdm5_scmr5648_cbc_1136_20240814_141820_2_1_b0_msi_46slices_ec1_typ3_session2.nii,vs8wuamr5648_cbc_1136_20240814_143046_4_1_epi_msi_av_44slices_v3.nii,291,20240814_143046_4_1,14.78,CBC_1136_MSI_AV_v3_Vset5_Aset1_2024-08-14_14h29.37.435.csv,0.454545455,0.272727273,0.181818182,0.363636364,0.318181818,env,av,v3,2
CBC_1136,av2,8,mr5648_cbc_1136_20240814_152042_9_1_epi_msi_av_44slices_v3.nii,^mr5648_cbc_1136_20240814_151747_8_1_b0_msi_46slices_.*.nii$,vdm5_scmr5648_cbc_1136_20240814_151747_8_1_b0_msi_46slices_ec1_typ3.nii,vs8wuamr5648_cbc_1136_20240814_152042_9_1_epi_msi_av_44slices_v3.nii,291,20240814_152042_9_1,15.46,CBC_1136_MSI_AV_v3_Vset6_Aset6_2024-08-14_15h19.11.102.csv,0.545454545,0.545454545,0.727272727,0.454545455,0.568181818,syll,av,v3,3
CBC_1136,tv2,2,mr5648_cbc_1136_20240911_165647_3_1_epi_msi_tv_44slices_v3.nii,^mr5648_cbc_1136_20240911_165400_2_1_b0_msi_46slices_.*.nii$,vdm5_scmr5648_cbc_1136_20240814_141820_2_1_b0_msi_46slices_ec1_typ3_session3.nii,vs8wuamr5648_cbc_1136_20240911_165647_3_1_epi_msi_tv_44slices_v3.nii,291,20240911_165647_3_1,0,CBC_1136_MSI_TV_v3_Vset1_Tset1_2024-09-11_16h55.09.046.csv,0.818181818,0.636363636,0.909090909,1,0.840909091,vib,tv,v3,4
CBC_1136,av3,2,mr5648_cbc_1136_20240911_170504_4_1_epi_msi_av_44slices_v3.nii,^mr5648_cbc_1136_20240911_165400_2_1_b0_msi_46slices_.*.nii$,vdm5_scmr5648_cbc_1136_20240814_141820_2_1_b0_msi_46slices_ec1_typ3_session4.nii,vs8wuamr5648_cbc_1136_20240911_170504_4_1_epi_msi_av_44slices_v3.nii,291,20240911_170504_4_1,0.69,CBC_1136_MSI_AV_v3_Vset3_Aset3_2024-09-11_17h04.04.997.csv,0.363636364,0.636363636,0.636363636,0.818181818,0.613636364,env,av,v3,5
CBC_1136,av4,7,mr5648_cbc_1136_20240911_172337_8_1_epi_msi_av_44slices_v3.nii,^mr5648_cbc_1136_20240911_172100_7_1_b0_msi_46slices_.*.nii$,vdm5_scmr5648_cbc_1136_20240911_172100_7_1_b0_msi_46slices_ec1_typ3.nii,vs8wuamr5648_cbc_1136_20240911_172337_8_1_epi_msi_av_44slices_v3.nii,291,20240911_172337_8_1,14.78,CBC_1136_MSI_AV_v3_Vset2_Aset5_2024-09-11_17h22.14.947.csv,0.454545455,0.727272727,0.636363636,0.636363636,0.613636364,syll,av,v3,6
CBC_1137,av1,2,mr5675_cbc_1137_20240831_144155_3_1_epi_msi_av_44slices_v3.nii,^mr5675_cbc_1137_20240831_143855_2_1_b0_msi_46slices_.*.nii$,vdm5_scmr5675_cbc_1137_20240831_143855_2_1_b0_msi_46slices_ec1_typ3_session1.nii,vs8wuamr5675_cbc_1137_20240831_144155_3_1_epi_msi_av_44slices_v3.nii,291,20240831_144155_3_1,0,CBC_1137_MSI_AV_v3_Vset2_Aset5_2024-08-31_14h40.05.462.csv,1,1,1,0.727272727,0.931818182,syll,av,v3,1
CBC_1137,tv1,2,mr5675_cbc_1137_20240831_145001_4_1_epi_msi_tv_44slices_v3.nii,^mr5675_cbc_1137_20240831_143855_2_1_b0_msi_46slices_.*.nii$,vdm5_scmr5675_cbc_1137_20240831_143855_2_1_b0_msi_46slices_ec1_typ3_session2.nii,vs8wuamr5675_cbc_1137_20240831_145001_4_1_epi_msi_tv_44slices_v3.nii,291,20240831_145001_4_1,1.37,CBC_1137_MSI_TV_v3_Vset1_Tset3_2024-08-31_14h49.00.820.csv,0.545454545,0.636363636,0.636363636,0.545454545,0.590909091,vib,tv,v3,2
CBC_1137,av2,8,mr5675_cbc_1137_20240831_154539_9_1_epi_msi_av_44slices_v3.nii,^mr5675_cbc_1137_20240831_154258_8_1_b0_msi_46slices_.*.nii$,vdm5_scmr5675_cbc_1137_20240831_154258_8_1_b0_msi_46slices_ec1_typ3.nii,vs8wuamr5675_cbc_1137_20240831_154539_9_1_epi_msi_av_44slices_v3.nii,291,20240831_154539_9_1,9.96,CBC_1137_MSI_AV_v3_Vset3_Aset1_2024-08-31_15h44.06.941.csv,0.545454545,0.272727273,0.545454545,0.727272727,0.522727273,env,av,v3,3
CBC_1138,tv1,2,mr5618_cbc_1138_20240724_142059_3_1_epi_msi_tv_44slices_v3.nii,^mr5618_cbc_1138_20240724_141757_2_1_b0_msi_46slices_.*.nii$,vdm5_scmr5618_cbc_1138_20240724_141757_2_1_b0_msi_46slices_ec1_typ3_session1.nii,vs8wuamr5618_cbc_1138_20240724_142059_3_1_epi_msi_tv_44slices_v3.nii,291,20240724_142059_3_1,2.06,CBC_1138_MSI_TV_v3_Vset4_Tset3_2024-07-24_14h19.30.560.csv,0.363636364,0.454545455,0.272727273,0.545454545,0.409090909,vib,tv,v3,1
CBC_1138,av1,2,mr5618_cbc_1138_20240724_142917_4_1_epi_msi_av_44slices_v3.nii,^mr5618_cbc_1138_20240724_141757_2_1_b0_msi_46slices_.*.nii$,vdm5_scmr5618_cbc_1138_20240724_141757_2_1_b0_msi_46slices_ec1_typ3_session2.nii,vs8wuamr5618_cbc_1138_20240724_142917_4_1_epi_msi_av_44slices_v3.nii,291,20240724_142917_4_1,0.69,CBC_1138_MSI_AV_v3_Vset5_Aset5_2024-07-24_14h28.17.702.csv,0.545454545,0.545454545,0.454545455,0.363636364,0.477272727,syll,av,v3,2
CBC_1138,av2,8,mr5618_cbc_1138_20240724_151637_9_1_epi_msi_av_44slices_v3.nii,^mr5618_cbc_1138_20240724_151407_8_1_b0_msi_46slices_.*.nii$,vdm5_scmr5618_cbc_1138_20240724_151407_8_1_b0_msi_46slices_ec1_typ3.nii,vs8wuamr5618_cbc_1138_20240724_151637_9_1_epi_msi_av_44slices_v3.nii,291,20240724_151637_9_1,3.78,CBC_1138_MSI_AV_v3_Vset6_Aset2_2024-07-24_15h15.32.121.csv,0.272727273,0.272727273,0.454545455,0.272727273,0.318181818,env,av,v3,3
CBC_1139,av1,3,mr5612_cbc_1139_20240708_161344_4_1_epi_msi_av_44slices_v3.nii,^mr5612_cbc_1139_20240708_161110_3_1_b0_msi_46slices_.*.nii$,vdm5_scmr5612_cbc_1139_20240708_161110_3_1_b0_msi_46slices_ec1_typ3_session1.nii,vs8wuamr5612_cbc_1139_20240708_161344_4_1_epi_msi_av_44slices_v3.nii,291,20240708_161344_4_1,0,CBC_1139_MSI_AV_v3_Vset2_Aset3_2024-07-08_16h12.35.623.csv,0.727272727,0.363636364,0.818181818,0.727272727,0.659090909,env,av,v3,1
CBC_1139,av2,3,mr5612_cbc_1139_20240708_162214_5_1_epi_msi_av_44slices_v3.nii,^mr5612_cbc_1139_20240708_161110_3_1_b0_msi_46slices_.*.nii$,vdm5_scmr5612_cbc_1139_20240708_161110_3_1_b0_msi_46slices_ec1_typ3_session2.nii,vs8wuamr5612_cbc_1139_20240708_162214_5_1_epi_msi_av_44slices_v3.nii,291,20240708_162214_5_1,0,CBC_1139_MSI_AV_v3_Vset3_Aset4_2024-07-08_16h21.14.319.csv,0.454545455,0.272727273,0.727272727,0.545454545,0.5,syll,av,v3,2
CBC_1139,tv1,9,mr5612_cbc_1139_20240708_171227_10_1_epi_msi_tv_44slices_v3.nii,^mr5612_cbc_1139_20240708_170948_9_1_b0_msi_46slices_.*.nii$,vdm5_scmr5612_cbc_1139_20240708_170948_9_1_b0_msi_46slices_ec1_typ3.nii,vs8wuamr5612_cbc_1139_20240708_171227_10_1_epi_msi_tv_44slices_v3.nii,291,20240708_171227_10_1,0,CBC_1139_MSI_TV_v3_Vset1_Tset3_2024-07-08_17h11.14.330.csv,0.727272727,0.454545455,0.545454545,0.454545455,0.545454545,vib,tv,v3,3
CBC_1140,av1,2,mr5631_cbc_1140_20240802_165243_4_1_epi_msi_av_44slices_v3.nii,^mr5631_cbc_1140_20240802_164618_2_1_b0_msi_46slices_.*.nii$,vdm5_scmr5631_cbc_1140_20240802_164618_2_1_b0_msi_46slices_ec1_typ3_session1.nii,vs8wuamr5631_cbc_1140_20240802_165243_4_1_epi_msi_av_44slices_v3.nii,291,20240802_165243_4_1,8.25,CBC_1140_MSI_AV_v3_Vset4_Aset3_2024-08-02_16h51.49.877.csv,0.454545455,0.818181818,0.636363636,0.818181818,0.681818182,env,av,v3,1
CBC_1140,tv1,2,mr5631_cbc_1140_20240802_170100_5_1_epi_msi_tv_44slices_v3.nii,^mr5631_cbc_1140_20240802_164618_2_1_b0_msi_46slices_.*.nii$,vdm5_scmr5631_cbc_1140_20240802_164618_2_1_b0_msi_46slices_ec1_typ3_session2.nii,vs8wuamr5631_cbc_1140_20240802_170100_5_1_epi_msi_tv_44slices_v3.nii,291,20240802_170100_5_1,22.34,CBC_1140_MSI_TV_v3_Vset6_Tset2_2024-08-02_17h00.06.557.csv,0.818181818,0.636363636,0.363636364,0.636363636,0.613636364,vib,tv,v3,2
CBC_1140,av2,9,mr5631_cbc_1140_20240802_174613_10_1_epi_msi_av_44slices_v3.nii,^mr5631_cbc_1140_20240802_174335_9_1_b0_msi_46slices_.*.nii$,vdm5_scmr5631_cbc_1140_20240802_174335_9_1_b0_msi_46slices_ec1_typ3_session1.nii,vs8wuamr5631_cbc_1140_20240802_174613_10_1_epi_msi_av_44slices_v3.nii,291,20240802_174613_10_1,25.78,CBC_1140_MSI_AV_v3_Vset5_Aset6_2024-08-02_17h44.56.777.csv,0.363636364,0.545454545,0.545454545,0.636363636,0.522727273,syll,av,v3,3
CBC_1140,tv2,9,mr5631_cbc_1140_20240802_175620_11_1_epi_msi_tv_44slices_v3.nii,^mr5631_cbc_1140_20240802_174335_9_1_b0_msi_46slices_.*.nii$,vdm5_scmr5631_cbc_1140_20240802_174335_9_1_b0_msi_46slices_ec1_typ3_session2.nii,vs8wuamr5631_cbc_1140_20240802_175620_11_1_epi_msi_tv_44slices_v3.nii,291,20240802_175620_11_1,26.46,CBC_1140_MSI_TV_v3_Vset3_Tset3_2024-08-02_17h55.24.175.csv,0.454545455,0.454545455,0.545454545,0.545454545,0.5,vib,tv,v3,4
CBC_1141,av1,2,mr5677_cbc_1141_20240904_142224_3_1_epi_msi_av_44slices_v3.nii,^mr5677_cbc_1141_20240904_141926_2_1_b0_msi_46slices_.*.nii$,vdm5_scmr5677_cbc_1141_20240904_141926_2_1_b0_msi_46slices_ec1_typ3_session1.nii,vs8wuamr5677_cbc_1141_20240904_142224_3_1_epi_msi_av_44slices_v3.nii,291,20240904_142224_3_1,1.03,CBC_1141_MSI_AV_v3_Vset3_Aset4_2024-09-04_14h20.47.285.csv,0.545454545,0.727272727,0.272727273,0.363636364,0.477272727,syll,av,v3,1
CBC_1141,av2,2,mr5677_cbc_1141_20240904_143139_4_1_epi_msi_av_44slices_v3.nii,^mr5677_cbc_1141_20240904_141926_2_1_b0_msi_46slices_.*.nii$,vdm5_scmr5677_cbc_1141_20240904_141926_2_1_b0_msi_46slices_ec1_typ3_session2.nii,vs8wuamr5677_cbc_1141_20240904_143139_4_1_epi_msi_av_44slices_v3.nii,291,20240904_143139_4_1,3.44,CBC_1141_MSI_AV_v3_Vset1_Aset3_2024-09-04_14h30.18.956.csv,0.181818182,0.454545455,0.636363636,0.272727273,0.386363636,env,av,v3,2
CBC_1141,tv1,8,mr5677_cbc_1141_20240904_154036_9_1_epi_msi_tv_44slices_v3.nii,^mr5677_cbc_1141_20240904_153736_8_1_b0_msi_46slices_.*.nii$,vdm5_scmr5677_cbc_1141_20240904_153736_8_1_b0_msi_46slices_ec1_typ3.nii,vs8wuamr5677_cbc_1141_20240904_154036_9_1_epi_msi_tv_44slices_v3.nii,291,20240904_154036_9_1,0.69,CBC_1141_MSI_TV_v3_Vset2_Tset1_2024-09-04_15h39.25.645.csv,0.727272727,0.727272727,0.727272727,1,0.795454545,vib,tv,v3,3
CBC_1142,tv1,3,mr5751_cbc_1142_20241106_145724_4_1_epi_msi_tv_44slices_v3.nii,^mr5751_cbc_1142_20241106_145444_3_1_b0_msi_46slices_.*.nii$,vdm5_scmr5751_cbc_1142_20241106_145444_3_1_b0_msi_46slices_ec1_typ3_session1.nii,vs8wuamr5751_cbc_1142_20241106_145724_4_1_epi_msi_tv_44slices_v3.nii,291,20241106_145724_4_1,0,CBC_1142_MSI_TV_v3_Vset6_Tset2_2024-11-06_14h55.07.235.csv,0.818181818,0.818181818,0.363636364,0.818181818,0.704545455,vib,tv,v3,1
CBC_1142,av1,3,mr5751_cbc_1142_20241106_150548_5_1_epi_msi_av_44slices_v3.nii,^mr5751_cbc_1142_20241106_145444_3_1_b0_msi_46slices_.*.nii$,vdm5_scmr5751_cbc_1142_20241106_145444_3_1_b0_msi_46slices_ec1_typ3_session2.nii,vs8wuamr5751_cbc_1142_20241106_150548_5_1_epi_msi_av_44slices_v3.nii,291,20241106_150548_5_1,0,CBC_1142_MSI_AV_v3_Vset4_Aset2_2024-11-06_15h03.57.589.csv,0.636363636,0.727272727,0.727272727,0.636363636,0.681818182,env,av,v3,2
CBC_1142,av2,9,mr5751_cbc_1142_20241106_160039_10_1_epi_msi_av_44slices_v3.nii,^mr5751_cbc_1142_20241106_155811_9_1_b0_msi_46slices_.*.nii$,vdm5_scmr5751_cbc_1142_20241106_155811_9_1_b0_msi_46slices_ec1_typ3.nii,vs8wuamr5751_cbc_1142_20241106_160039_10_1_epi_msi_av_44slices_v3.nii,291,20241106_160039_10_1,0,CBC_1142_MSI_AV_v3_Vset5_Aset6_2024-11-06_15h58.35.608.csv,1,1,1,0.818181818,0.954545455,syll,av,v3,3
CBC_1143,av1,2,mr5710_cbc_1143_20240927_161546_3_1_epi_msi_av_44slices_v3.nii,^mr5710_cbc_1143_20240927_161257_2_1_b0_msi_46slices_.*.nii$,vdm5_scmr5710_cbc_1143_20240927_161257_2_1_b0_msi_46slices_ec1_typ3_session1.nii,vs8wuamr5710_cbc_1143_20240927_161546_3_1_epi_msi_av_44slices_v3.nii,291,20240927_161546_3_1,1.37,CBC_1143_MSI_AV_v3_Vset1_Aset5_2024-09-27_16h13.44.429.csv,0.818181818,1,1,0.909090909,0.931818182,syll,av,v3,1
CBC_1143,tv1,2,mr5710_cbc_1143_20240927_162359_4_1_epi_msi_tv_44slices_v3.nii,^mr5710_cbc_1143_20240927_161257_2_1_b0_msi_46slices_.*.nii$,vdm5_scmr5710_cbc_1143_20240927_161257_2_1_b0_msi_46slices_ec1_typ3_session2.nii,vs8wuamr5710_cbc_1143_20240927_162359_4_1_epi_msi_tv_44slices_v3.nii,291,20240927_162359_4_1,16.5,CBC_1143_MSI_TV_v3_Vset2_Tset2_2024-09-27_16h22.40.071.csv,1,1,1,1,1,vib,tv,v3,2
CBC_1143,av2,8,mr5710_cbc_1143_20240927_171257_9_1_epi_msi_av_44slices_v3.nii,^mr5710_cbc_1143_20240927_171029_8_1_b0_msi_46slices_.*.nii$,vdm5_scmr5710_cbc_1143_20240927_171029_8_1_b0_msi_46slices_ec1_typ3_session1.nii,vs8wuamr5710_cbc_1143_20240927_171257_9_1_epi_msi_av_44slices_v3.nii,291,20240927_171257_9_1,10.65,CBC_1143_MSI_AV_v3_Vset3_Aset2_2024-09-27_17h11.17.983.csv,0.636363636,1,1,0.909090909,0.886363636,env,av,v3,3
CBC_1143,tv2,8,mr5710_cbc_1143_20240927_172748_11_1_epi_msi_tv_44slices_v3.nii,^mr5710_cbc_1143_20240927_171029_8_1_b0_msi_46slices_.*.nii$,vdm5_scmr5710_cbc_1143_20240927_171029_8_1_b0_msi_46slices_ec1_typ3_session2.nii,vs8wuamr5710_cbc_1143_20240927_172748_11_1_epi_msi_tv_44slices_v3.nii,291,20240927_172748_11_1,1.37,CBC_1143_MSI_TV_v3_Vset6_Tset3_2024-09-27_17h26.52.082.csv,0.636363636,0.727272727,1,1,0.840909091,vib,tv,v3,4
CBC_1144,tv1,2,mr5735_cbc_1144_20241016_135933_3_1_epi_msi_tv_44slices_v3.nii,^mr5735_cbc_1144_20241016_135640_2_1_b0_msi_46slices_.*.nii$,vdm5_scmr5735_cbc_1144_20241016_135640_2_1_b0_msi_46slices_ec1_typ3_session1.nii,vs8wuamr5735_cbc_1144_20241016_135933_3_1_epi_msi_tv_44slices_v3.nii,291,20241016_135933_3_1,0,CBC_1144_MSI_TV_v3_Vset5_Tset2_2024-10-16_13h57.49.373.csv,0.454545455,0.727272727,0.545454545,0.636363636,0.590909091,vib,tv,v3,1
CBC_1144,av1,2,mr5735_cbc_1144_20241016_140743_4_1_epi_msi_av_44slices_v3.nii,^mr5735_cbc_1144_20241016_135640_2_1_b0_msi_46slices_.*.nii$,vdm5_scmr5735_cbc_1144_20241016_135640_2_1_b0_msi_46slices_ec1_typ3_session2.nii,vs8wuamr5735_cbc_1144_20241016_140743_4_1_epi_msi_av_44slices_v3.nii,291,20241016_140743_4_1,1.37,CBC_1144_MSI_AV_v3_Vset4_Aset5_2024-10-16_14h06.45.961.csv,0.818181818,0.818181818,1,1,0.909090909,syll,av,v3,2
CBC_1144,av2,8,mr5735_cbc_1144_20241016_150113_9_1_epi_msi_av_44slices_v3.nii,^mr5735_cbc_1144_20241016_145900_8_1_b0_msi_46slices_.*.nii$,vdm5_scmr5735_cbc_1144_20241016_145900_8_1_b0_msi_46slices_ec1_typ3.nii,vs8wuamr5735_cbc_1144_20241016_150113_9_1_epi_msi_av_44slices_v3.nii,291,20241016_150113_9_1,1.37,CBC_1144_MSI_AV_v3_Vset6_Aset2_2024-10-16_15h00.07.136.csv,0.727272727,1,1,1,0.931818182,env,av,v3,3
CBC_1145,av1,2,mr5662_cbc_1145_20240823_144143_3_1_epi_msi_av_44slices_v3.nii,^mr5662_cbc_1145_20240823_143853_2_1_b0_msi_46slices_.*.nii$,vdm5_scmr5662_cbc_1145_20240823_143853_2_1_b0_msi_46slices_ec1_typ3_session1.nii,vs8wuamr5662_cbc_1145_20240823_144143_3_1_epi_msi_av_44slices_v3.nii,291,20240823_144143_3_1,14.77,CBC_1145_MSI_AV_v3_Vset3_Aset3_2024-08-23_14h40.03.531.csv,0.818181818,0.545454545,0.363636364,0.363636364,0.522727273,env,av,v3,1
CBC_1145,av2,2,mr5662_cbc_1145_20240823_145116_4_1_epi_msi_av_44slices_v3.nii,^mr5662_cbc_1145_20240823_143853_2_1_b0_msi_46slices_.*.nii$,vdm5_scmr5662_cbc_1145_20240823_143853_2_1_b0_msi_46slices_ec1_typ3_session2.nii,vs8wuamr5662_cbc_1145_20240823_145116_4_1_epi_msi_av_44slices_v3.nii,291,20240823_145116_4_1,2.75,CBC_1145_MSI_AV_v3_Vset2_Aset4_2024-08-23_14h49.49.523.csv,0.363636364,0.454545455,0.545454545,0.545454545,0.477272727,syll,av,v3,2
CBC_1145,tv1,8,mr5662_cbc_1145_20240823_153559_9_1_epi_msi_tv_44slices_v3.nii,^mr5662_cbc_1145_20240823_153317_8_1_b0_msi_46slices_.*.nii$,vdm5_scmr5662_cbc_1145_20240823_153317_8_1_b0_msi_46slices_ec1_typ3.nii,vs8wuamr5662_cbc_1145_20240823_153559_9_1_epi_msi_tv_44slices_v3.nii,291,20240823_153559_9_1,4.46,CBC_1145_MSI_TV_v3_Vset1_Tset3_2024-08-23_15h34.26.157.csv,0.545454545,0.363636364,0.272727273,0.363636364,0.386363636,vib,tv,v3,3
CBC_1146,av1,2,mr5687_cbc_1146_20240911_143738_4_1_epi_msi_av_44slices_v3.nii,^mr5687_cbc_1146_20240911_143122_2_1_b0_msi_46slices_.*.nii$,vdm5_scmr5687_cbc_1146_20240911_143122_2_1_b0_msi_46slices_ec1_typ3_session1.nii,vs8wuamr5687_cbc_1146_20240911_143738_4_1_epi_msi_av_44slices_v3.nii,291,20240911_143738_4_1,1.37,CBC_1146_MSI_AV_v3_Vset4_Aset3_2024-09-11_14h37.04.530.csv,0.909090909,0.818181818,0.727272727,0.727272727,0.795454545,env,av,v3,1
CBC_1146,tv1,2,mr5687_cbc_1146_20240911_144601_5_1_epi_msi_tv_44slices_v3.nii,^mr5687_cbc_1146_20240911_143122_2_1_b0_msi_46slices_.*.nii$,vdm5_scmr5687_cbc_1146_20240911_143122_2_1_b0_msi_46slices_ec1_typ3_session2.nii,vs8wuamr5687_cbc_1146_20240911_144601_5_1_epi_msi_tv_44slices_v3.nii,291,20240911_144601_5_1,8.25,CBC_1146_MSI_TV_v3_Vset6_Tset1_2024-09-11_14h45.07.369.csv,0.545454545,0.363636364,0.545454545,0.545454545,0.5,vib,tv,v3,2
CBC_1146,av2,9,mr5687_cbc_1146_20240911_153943_10_1_epi_msi_av_44slices_v3.nii,^mr5687_cbc_1146_20240911_153719_9_1_b0_msi_46slices_.*.nii$,vdm5_scmr5687_cbc_1146_20240911_153719_9_1_b0_msi_46slices_ec1_typ3.nii,vs8wuamr5687_cbc_1146_20240911_153943_10_1_epi_msi_av_44slices_v3.nii,291,20240911_153943_10_1,7.91,CBC_1146_MSI_AV_v3_Vset5_Aset6_2024-09-11_15h38.31.464.csv,0.636363636,0.272727273,0.636363636,0.636363636,0.545454545,syll,av,v3,3
CBC_1147,tv1,2,mr5694_cbc_1147_20240918_165312_3_1_epi_msi_tv_44slices_v3.nii,^mr5694_cbc_1147_20240918_165025_2_1_b0_msi_46slices_.*.nii$,vdm5_scmr5694_cbc_1147_20240918_165025_2_1_b0_msi_46slices_ec1_typ3_session1.nii,vs8wuamr5694_cbc_1147_20240918_165312_3_1_epi_msi_tv_44slices_v3.nii,291,20240918_165312_3_1,0,CBC_1147_MSI_TV_v3_Vset5_Tset2_2024-09-18_16h51.29.869.csv,0.454545455,0.363636364,0.454545455,0.363636364,0.409090909,vib,tv,v3,1
CBC_1147,av1,2,mr5694_cbc_1147_20240918_170125_4_1_epi_msi_av_44slices_v3.nii,^mr5694_cbc_1147_20240918_165025_2_1_b0_msi_46slices_.*.nii$,vdm5_scmr5694_cbc_1147_20240918_165025_2_1_b0_msi_46slices_ec1_typ3_session2.nii,vs8wuamr5694_cbc_1147_20240918_170125_4_1_epi_msi_av_44slices_v3.nii,291,20240918_170125_4_1,0,CBC_1147_MSI_AV_v3_Vset4_Aset5_2024-09-18_17h00.43.373.csv,0.272727273,0.363636364,0.272727273,0.545454545,0.363636364,syll,av,v3,2
CBC_1147,av2,8,mr5694_cbc_1147_20240918_175900_9_1_epi_msi_av_44slices_v3.nii,^mr5694_cbc_1147_20240918_175633_8_1_b0_msi_46slices_.*.nii$,vdm5_scmr5694_cbc_1147_20240918_175633_8_1_b0_msi_46slices_ec1_typ3.nii,vs8wuamr5694_cbc_1147_20240918_175900_9_1_epi_msi_av_44slices_v3.nii,291,20240918_175900_9_1,8.59,CBC_1147_MSI_AV_v3_Vset6_Aset2_2024-09-18_17h57.38.245.csv,0.545454545,0.363636364,0.181818182,0.636363636,0.431818182,env,av,v3,3
CBC_1148,tv1,2,mr5640_cbc_1148_20240809_111011_3_1_epi_msi_tv_44slices_v3.nii,^mr5640_cbc_1148_20240809_110717_2_1_b0_msi_46slices_.*.nii$,vdm5_scmr5640_cbc_1148_20240809_110717_2_1_b0_msi_46slices_ec1_typ3_session1.nii,vs8wuamr5640_cbc_1148_20240809_111011_3_1_epi_msi_tv_44slices_v3.nii,291,20240809_111011_3_1,15.12,CBC_1148_MSI_TV_v3_Vset6_Tset1_2024-08-09_11h08.34.377.csv,0.636363636,0.454545455,0.272727273,0.090909091,0.363636364,vib,tv,v3,1
CBC_1148,av1,2,mr5640_cbc_1148_20240809_112122_5_1_epi_msi_av_44slices_v3.nii,^mr5640_cbc_1148_20240809_110717_2_1_b0_msi_46slices_.*.nii$,vdm5_scmr5640_cbc_1148_20240809_110717_2_1_b0_msi_46slices_ec1_typ3_session2.nii,vs8wuamr5640_cbc_1148_20240809_112122_5_1_epi_msi_av_44slices_v3.nii,291,20240809_112122_5_1,12.03,CBC_1148_MSI_AV_v3_Vset5_Aset3_2024-08-09_11h20.07.574.csv,0.454545455,0.272727273,0.545454545,0.090909091,0.340909091,env,av,v3,2
CBC_1148,av2,11,mr5640_cbc_1148_20240809_121817_12_1_epi_msi_av_44slices_v3.nii,^mr5640_cbc_1148_20240809_121540_11_1_b0_msi_46slices_.*.nii$,vdm5_scmr5640_cbc_1148_20240809_121540_11_1_b0_msi_46slices_ec1_typ3.nii,vs8wuamr5640_cbc_1148_20240809_121817_12_1_epi_msi_av_44slices_v3.nii,291,20240809_121817_12_1,22.68,CBC_1148_MSI_AV_v3_Vset4_Aset6_2024-08-09_12h16.53.846.csv,0.636363636,0.545454545,0.636363636,0.363636364,0.545454545,syll,av,v3,3
CBC_1149,av1,2,mr5749_cbc_1149_20241102_133919_3_1_epi_msi_av_44slices_v1.nii,^mr5749_cbc_1149_20241102_133626_2_1_b0_msi_46slices_.*.nii$,vdm5_scmr5749_cbc_1149_20241102_133626_2_1_b0_msi_46slices_ec1_typ3_session1.nii,vs8wuamr5749_cbc_1149_20241102_133919_3_1_epi_msi_av_44slices_v1.nii,278,20241102_133919_3_1,3.6,CBC_1149_MSI_AV_v1_Vset2_Aset5_2024-11-02_13h36.56.134.csv,0.428571429,0.357142857,0.285714286,NA,0.357142857,syll,av,v1,1
CBC_1149,tv1,2,mr5749_cbc_1149_20241102_134711_4_1_epi_msi_tv_44slices_v1.nii,^mr5749_cbc_1149_20241102_133626_2_1_b0_msi_46slices_.*.nii$,vdm5_scmr5749_cbc_1149_20241102_133626_2_1_b0_msi_46slices_ec1_typ3_session2.nii,vs8wuamr5749_cbc_1149_20241102_134711_4_1_epi_msi_tv_44slices_v1.nii,278,20241102_134711_4_1,45.32,CBC_1149_MSI_TV_v1_Vset1_Aset3_2024-11-02_13h45.43.453.csv,0.428571429,0.428571429,0.357142857,NA,0.404761905,vib,tv,v1,2
CBC_1149,av2,8,mr5749_cbc_1149_20241102_144121_9_1_epi_msi_av_44slices_v1.nii,^mr5749_cbc_1149_20241102_143843_8_1_b0_msi_46slices_.*.nii$,vdm5_scmr5749_cbc_1149_20241102_143843_8_1_b0_msi_46slices_ec1_typ3_session1.nii,vs8wuamr5749_cbc_1149_20241102_144121_9_1_epi_msi_av_44slices_v1.nii,278,20241102_144121_9_1,19.79,CBC_1149_MSI_AV_v1_Vset3_Aset2_2024-11-02_14h39.25.429.csv,0.357142857,0.571428571,0.5,NA,0.476190476,env,av,v1,3
CBC_1149,tv2,8,mr5749_cbc_1149_20241102_145536_11_1_epi_msi_tv_44slices_v1.nii,^mr5749_cbc_1149_20241102_143843_8_1_b0_msi_46slices_.*.nii$,vdm5_scmr5749_cbc_1149_20241102_143843_8_1_b0_msi_46slices_ec1_typ3_session2.nii,vs8wuamr5749_cbc_1149_20241102_145536_11_1_epi_msi_tv_44slices_v1.nii,278,20241102_145536_11_1,10.43,CBC_1149_MSI_TV_v1_Vset5_Aset2_2024-11-02_14h54.25.240.csv,0.571428571,0.571428571,0.571428571,NA,0.571428571,vib,tv,v1,4
CBC_1151,av1,2,mr5936_cbc_1151_20250404_145814_4_1_epi_msi_av_44slices_v3.nii,^mr5936_cbc_1151_20250404_145203_2_1_b0_msi_46slices_.*.nii$,vdm5_scmr5936_cbc_1151_20250404_145203_2_1_b0_msi_46slices_ec1_typ3_session1.nii,vs8wuamr5936_cbc_1151_20250404_145814_4_1_epi_msi_av_44slices_v3.nii,291,20250404_145814_4_1,11.34,CBC_1151_MSI_AV_v3_Vset3_Aset3_2025-04-04_14h57.10.832.csv,0.363636364,0.818181818,0.363636364,0.454545455,0.5,env,av,v3,1
CBC_1151,av2,2,mr5936_cbc_1151_20250404_150641_5_1_epi_msi_av_44slices_v3.nii,^mr5936_cbc_1151_20250404_145203_2_1_b0_msi_46slices_.*.nii$,vdm5_scmr5936_cbc_1151_20250404_145203_2_1_b0_msi_46slices_ec1_typ3_session2.nii,vs8wuamr5936_cbc_1151_20250404_150641_5_1_epi_msi_av_44slices_v3.nii,291,20250404_150641_5_1,3.78,CBC_1151_MSI_AV_v3_Vset1_Aset4_2025-04-04_15h05.31.351.csv,0.545454545,0.181818182,0.636363636,0.363636364,0.431818182,syll,av,v3,2
CBC_1151,tv1,11,mr5936_cbc_1151_20250404_161447_14_1_epi_msi_tv_44slices_v3.nii,^mr5936_cbc_1151_20250404_160739_11_1_b0_msi_46slices_.*.nii$,vdm5_scmr5936_cbc_1151_20250404_160739_11_1_b0_msi_46slices_ec1_typ3.nii,vs8wuamr5936_cbc_1151_20250404_161447_14_1_epi_msi_tv_44slices_v3.nii,291,20250404_161447_14_1,6.87,CBC_1151_MSI_TV_v3_Vset2_Tset3_2025-04-04_16h13.42.044.csv,0.454545455,0.636363636,0.181818182,0.727272727,0.5,vib,tv,v3,3
CBC_1152,av1,2,mr5887_cbc_1152_20250308_094902_3_1_epi_msi_av_44slices_v3.nii,^mr5887_cbc_1152_20250308_094557_2_1_b0_msi_46slices_.*.nii$,vdm5_scmr5887_cbc_1152_20250308_094557_2_1_b0_msi_46slices_ec1_typ3_session1.nii,vs8wuamr5887_cbc_1152_20250308_094902_3_1_epi_msi_av_44slices_v3.nii,291,20250308_094902_3_1,0,CBC_1152_MSI_AV_v3_Vset5_Aset1_2025-03-08_09h47.51.889.csv,0.272727273,0.181818182,0.545454545,0.454545455,0.363636364,env,av,v3,1
CBC_1152,tv1,2,mr5887_cbc_1152_20250308_100024_4_1_epi_msi_tv_44slices_v3.nii,^mr5887_cbc_1152_20250308_094557_2_1_b0_msi_46slices_.*.nii$,vdm5_scmr5887_cbc_1152_20250308_094557_2_1_b0_msi_46slices_ec1_typ3_session2.nii,vs8wuamr5887_cbc_1152_20250308_100024_4_1_epi_msi_tv_44slices_v3.nii,291,20250308_100024_4_1,0,CBC_1152_MSI_TV_v3_Vset4_Tset3_2025-03-08_09h59.28.257.csv,0.454545455,0.363636364,0.545454545,0.545454545,0.477272727,vib,tv,v3,2
CBC_1152,av2,7,mr5887_cbc_1152_20250308_105323_8_1_epi_msi_av_44slices_v3.nii,^mr5887_cbc_1152_20250308_105031_7_1_b0_msi_46slices_.*.nii$,vdm5_scmr5887_cbc_1152_20250308_105031_7_1_b0_msi_46slices_ec1_typ3.nii,vs8wuamr5887_cbc_1152_20250308_105323_8_1_epi_msi_av_44slices_v3.nii,291,20250308_105323_8_1,2.75,CBC_1152_MSI_AV_v3_Vset6_Aset6_2025-03-08_10h52.14.362.csv,0.545454545,0.363636364,0.636363636,0.545454545,0.522727273,syll,av,v3,3
CBC_1153,av1,2,mr5932_cbc_1153_20250402_142712_3_1_epi_msi_av_44slices_v3.nii,^mr5932_cbc_1153_20250402_142422_2_1_b0_msi_46slices_.*.nii$,vdm5_scmr5932_cbc_1153_20250402_142422_2_1_b0_msi_46slices_ec1_typ3_session1.nii,vs8wuamr5932_cbc_1153_20250402_142712_3_1_epi_msi_av_44slices_v3.nii,291,20250402_142712_3_1,0,CBC_1153_MSI_AV_v3_Vset3_Aset4_2025-04-02_14h25.52.175.csv,0.636363636,0.727272727,0.454545455,0.636363636,0.613636364,syll,av,v3,1
CBC_1153,av2,2,mr5932_cbc_1153_20250402_143528_4_1_epi_msi_av_44slices_v3.nii,^mr5932_cbc_1153_20250402_142422_2_1_b0_msi_46slices_.*.nii$,vdm5_scmr5932_cbc_1153_20250402_142422_2_1_b0_msi_46slices_ec1_typ3_session2.nii,vs8wuamr5932_cbc_1153_20250402_143528_4_1_epi_msi_av_44slices_v3.nii,291,20250402_143528_4_1,0,CBC_1153_MSI_AV_v3_Vset2_Aset1_2025-04-02_14h34.37.061.csv,0.636363636,0.454545455,0.363636364,0.272727273,0.431818182,env,av,v3,2
CBC_1153,tv1,8,mr5932_cbc_1153_20250402_153119_9_1_epi_msi_tv_44slices_v3.nii,^mr5932_cbc_1153_20250402_152837_8_1_b0_msi_46slices_.*.nii$,vdm5_scmr5932_cbc_1153_20250402_152837_8_1_b0_msi_46slices_ec1_typ3.nii,vs8wuamr5932_cbc_1153_20250402_153119_9_1_epi_msi_tv_44slices_v3.nii,291,20250402_153119_9_1,3.44,CBC_1153_MSI_TV_v3_Vset1_Tset2_2025-04-02_15h29.59.279.csv,0.636363636,0.545454545,0.545454545,0.636363636,0.590909091,vib,tv,v3,3
CBC_1154,tv1,8,mr5958_cbc_1154_20250416_152318_9_1_epi_msi_tv_44slices_v3.nii,^mr5958_cbc_1154_20250416_152040_8_1_b0_msi_46slices_.*.nii$,vdm5_scmr5958_cbc_1154_20250416_152040_8_1_b0_msi_46slices_ec1_typ3_session1.nii,vs8wuamr5958_cbc_1154_20250416_152318_9_1_epi_msi_tv_44slices_v3.nii,291,20250416_152318_9_1,6.53,CBC_1154_MSI_TV_v3_Vset6_Tset1_2025-04-16_15h22.21.008.csv,0.363636364,0.545454545,0.909090909,0.727272727,0.636363636,vib,tv,v3,1
CBC_1154,av1,8,mr5958_cbc_1154_20250416_153148_10_1_epi_msi_av_44slices_v3.nii,^mr5958_cbc_1154_20250416_152040_8_1_b0_msi_46slices_.*.nii$,vdm5_scmr5958_cbc_1154_20250416_152040_8_1_b0_msi_46slices_ec1_typ3_session2.nii,vs8wuamr5958_cbc_1154_20250416_153148_10_1_epi_msi_av_44slices_v3.nii,291,20250416_153148_10_1,2.06,CBC_1154_MSI_AV_v3_Vset5_Aset1_2025-04-16_15h31.06.464.csv,0.545454545,0.363636364,0.727272727,0.727272727,0.590909091,env,av,v3,2
CBC_1154,av2,8,mr5958_cbc_1154_20250416_154636_12_1_epi_msi_av_44slices_v3.nii,^mr5958_cbc_1154_20250416_152040_8_1_b0_msi_46slices_.*.nii$,vdm5_scmr5958_cbc_1154_20250416_152040_8_1_b0_msi_46slices_ec1_typ3_session3.nii,vs8wuamr5958_cbc_1154_20250416_154636_12_1_epi_msi_av_44slices_v3.nii,291,20250416_154636_12_1,11.34,CBC_1154_MSI_AV_v3_Vset4_Aset6_2025-04-16_15h45.55.334.csv,0.363636364,0.454545455,0.909090909,0.818181818,0.636363636,syll,av,v3,3
CBC_1155,av1,2,mr5928_cbc_1155_20250401_144851_3_1_epi_msi_av_44slices_v3.nii,^mr5928_cbc_1155_20250401_144558_2_1_b0_msi_46slices_.*.nii$,vdm5_scmr5928_cbc_1155_20250401_144558_2_1_b0_msi_46slices_ec1_typ3_session1.nii,vs8wuamr5928_cbc_1155_20250401_144851_3_1_epi_msi_av_44slices_v3.nii,291,20250401_144851_3_1,0,CBC_1155_MSI_AV_v3_Vset1_Aset5_2025-04-01_14h47.26.365.csv,0.454545455,0.636363636,0.909090909,1,0.75,syll,av,v3,1
CBC_1155,tv1,2,mr5928_cbc_1155_20250401_145739_4_1_epi_msi_tv_44slices_v3.nii,^mr5928_cbc_1155_20250401_144558_2_1_b0_msi_46slices_.*.nii$,vdm5_scmr5928_cbc_1155_20250401_144558_2_1_b0_msi_46slices_ec1_typ3_session2.nii,vs8wuamr5928_cbc_1155_20250401_145739_4_1_epi_msi_tv_44slices_v3.nii,291,20250401_145739_4_1,0,CBC_1155_MSI_TV_v3_Vset2_Tset2_2025-04-01_14h56.35.043.csv,0.909090909,1,1,1,0.977272727,vib,tv,v3,2
CBC_1155,av2,8,mr5928_cbc_1155_20250401_155116_9_1_epi_msi_av_44slices_v3.nii,^mr5928_cbc_1155_20250401_154831_8_1_b0_msi_46slices_.*.nii$,vdm5_scmr5928_cbc_1155_20250401_154831_8_1_b0_msi_46slices_ec1_typ3.nii,vs8wuamr5928_cbc_1155_20250401_155116_9_1_epi_msi_av_44slices_v3.nii,291,20250401_155116_9_1,0,CBC_1155_MSI_AV_v3_Vset3_Aset2_2025-04-01_15h50.00.717.csv,0.636363636,0.818181818,0.909090909,1,0.840909091,env,av,v3,3
CBC_1157,av1,2,mr5906_cbc_1157_20250319_142208_3_1_epi_msi_av_44slices_v3.nii,^mr5906_cbc_1157_20250319_141921_2_1_b0_msi_46slices_.*.nii$,vdm5_scmr5906_cbc_1157_20250319_141921_2_1_b0_msi_46slices_ec1_typ3_session1.nii,vs8wuamr5906_cbc_1157_20250319_142208_3_1_epi_msi_av_44slices_v3.nii,291,20250319_142208_3_1,3.44,CBC_1157_MSI_AV_v3_Vset3_Aset2_2025-03-19_14h20.43.183.csv,0.363636364,0.545454545,0.818181818,0.818181818,0.636363636,env,av,v3,1
CBC_1157,av2,2,mr5906_cbc_1157_20250319_143037_4_1_epi_msi_av_44slices_v3.nii,^mr5906_cbc_1157_20250319_141921_2_1_b0_msi_46slices_.*.nii$,vdm5_scmr5906_cbc_1157_20250319_141921_2_1_b0_msi_46slices_ec1_typ3_session2.nii,vs8wuamr5906_cbc_1157_20250319_143037_4_1_epi_msi_av_44slices_v3.nii,291,20250319_143037_4_1,0,CBC_1157_MSI_AV_v3_Vset1_Aset4_2025-03-19_14h29.38.852.csv,0.454545455,0.545454545,0.727272727,0.454545455,0.545454545,syll,av,v3,2
CBC_1157,tv1,18,mr5906_cbc_1157_20250323_124018_19_1_epi_msi_tv_44slices_v3.nii,^mr5906_cbc_1157_20250323_123720_18_1_b0_msi_46slices_.*.nii$,vdm5_scmr5906_cbc_1157_20250323_123720_18_1_b0_msi_46slices_ec1_typ3.nii,vs8wuamr5906_cbc_1157_20250323_124018_19_1_epi_msi_tv_44slices_v3.nii,291,20250323_124018_19_1,0,CBC_1157_MSI_TV_v3_Vset2_Tset1_2025-03-23_12h39.10.398.csv,0.454545455,0.181818182,0.454545455,0.181818182,0.318181818,vib,tv,v3,3
CBC_1158,tv1,2,mr5923_cbc_1158_20250328_142314_5_1_epi_msi_tv_44slices_v3.nii,^mr5923_cbc_1158_20250328_140858_2_1_b0_msi_46slices_.*.nii$,vdm5_scmr5923_cbc_1158_20250328_140858_2_1_b0_msi_46slices_ec1_typ3.nii,vs8wuamr5923_cbc_1158_20250328_142314_5_1_epi_msi_tv_44slices_v3.nii,291,20250328_142314_5_1,4.12,CBC_1158_MSI_TV_v3_Vset5_Tset1_2025-03-28_14h22.06.913.csv,0.636363636,0.909090909,0.909090909,0.909090909,0.840909091,vib,tv,v3,1
CBC_1158,av1,9,mr5923_cbc_1158_20250328_154828_10_1_epi_msi_av_44slices_v3.nii,^mr5923_cbc_1158_20250328_154552_9_1_b0_msi_46slices_.*.nii$,vdm5_scmr5923_cbc_1158_20250328_154552_9_1_b0_msi_46slices_ec1_typ3_session1.nii,vs8wuamr5923_cbc_1158_20250328_154828_10_1_epi_msi_av_44slices_v3.nii,291,20250328_154828_10_1,24.74,CBC_1158_MSI_AV_v3_Vset4_Aset2_2025-03-28_15h47.08.824.csv,0.818181818,0.545454545,0.727272727,0.636363636,0.681818182,env,av,v3,2
CBC_1158,av2,9,mr5923_cbc_1158_20250328_155707_11_1_epi_msi_av_44slices_v3.nii,^mr5923_cbc_1158_20250328_154552_9_1_b0_msi_46slices_.*.nii$,vdm5_scmr5923_cbc_1158_20250328_154552_9_1_b0_msi_46slices_ec1_typ3_session2.nii,vs8wuamr5923_cbc_1158_20250328_155707_11_1_epi_msi_av_44slices_v3.nii,291,20250328_155707_11_1,23.71,CBC_1158_MSI_AV_v3_Vset6_Aset6_2025-03-28_15h55.56.600.csv,0.454545455,0.727272727,0.727272727,0.636363636,0.636363636,syll,av,v3,3
CBC_1159,av1,2,mr5924_cbc_1159_20250328_150219_3_1_epi_msi_av_44slices_v1.nii,^mr5924_cbc_1159_20250328_145938_2_1_b0_msi_46slices_.*.nii$,vdm5_scmr5924_cbc_1159_20250328_145938_2_1_b0_msi_46slices_ec1_typ3_session1.nii,vs8wuamr5924_cbc_1159_20250328_150219_3_1_epi_msi_av_44slices_v1.nii,278,20250328_150219_3_1,0,CBC_1159_MSI_AV_v1_Vset3_Aset4_2025-03-28_15h00.51.269.csv,0.714285714,1,0.785714286,NA,0.833333333,syll,av,v1,1
CBC_1159,av2,2,mr5924_cbc_1159_20250328_151029_4_1_epi_msi_av_44slices_v1.nii,^mr5924_cbc_1159_20250328_145938_2_1_b0_msi_46slices_.*.nii$,vdm5_scmr5924_cbc_1159_20250328_145938_2_1_b0_msi_46slices_ec1_typ3_session2.nii,vs8wuamr5924_cbc_1159_20250328_151029_4_1_epi_msi_av_44slices_v1.nii,278,20250328_151029_4_1,0,CBC_1159_MSI_AV_v1_Vset1_Aset1_2025-03-28_15h09.19.508.csv,0.785714286,1,1,NA,0.928571429,env,av,v1,2
CBC_1159,tv1,9,mr5924_cbc_1159_20250328_162449_10_1_epi_msi_tv_44slices_v1.nii,^mr5924_cbc_1159_20250328_162201_9_1_b0_msi_46slices_.*.nii$,vdm5_scmr5924_cbc_1159_20250328_162201_9_1_b0_msi_46slices_ec1_typ3.nii,vs8wuamr5924_cbc_1159_20250328_162449_10_1_epi_msi_tv_44slices_v1.nii,278,20250328_162449_10_1,0,CBC_1159_MSI_TV_v1_Vset2_Aset2_2025-03-28_16h23.18.541.csv,0.428571429,0.571428571,0.357142857,NA,0.452380952,vib,tv,v1,3
CBC_1160,tv1,2,mr5948_cbc_1160_20250409_142146_3_1_epi_msi_tv_44slices_v3.nii,^mr5948_cbc_1160_20250409_141832_2_1_b0_msi_46slices_.*.nii$,vdm5_scmr5948_cbc_1160_20250409_141832_2_1_b0_msi_46slices_ec1_typ3_session1.nii,vs8wuamr5948_cbc_1160_20250409_142146_3_1_epi_msi_tv_44slices_v3.nii,291,20250409_142146_3_1,0,CBC_1160_MSI_TV_v3_Vset6_Tset2_2025-04-09_14h21.10.128.csv,0.454545455,0.727272727,0.363636364,0.363636364,0.477272727,vib,tv,v3,1
CBC_1160,av1,2,mr5948_cbc_1160_20250409_143036_4_1_epi_msi_av_44slices_v3.nii,^mr5948_cbc_1160_20250409_141832_2_1_b0_msi_46slices_.*.nii$,vdm5_scmr5948_cbc_1160_20250409_141832_2_1_b0_msi_46slices_ec1_typ3_session2.nii,vs8wuamr5948_cbc_1160_20250409_143036_4_1_epi_msi_av_44slices_v3.nii,291,20250409_143036_4_1,0.69,CBC_1160_MSI_AV_v3_Vset4_Aset3_2025-04-09_14h29.47.680.csv,0.363636364,0.363636364,0.454545455,0.636363636,0.454545455,env,av,v3,2
CBC_1160,av2,8,mr5948_cbc_1160_20250409_152145_9_1_epi_msi_av_44slices_v3.nii,^mr5948_cbc_1160_20250409_151851_8_1_b0_msi_46slices_.*.nii$,vdm5_scmr5948_cbc_1160_20250409_151851_8_1_b0_msi_46slices_ec1_typ3.nii,vs8wuamr5948_cbc_1160_20250409_152145_9_1_epi_msi_av_44slices_v3.nii,291,20250409_152145_9_1,3.78,CBC_1160_MSI_AV_v3_Vset5_Aset6_2025-04-09_15h20.56.651.csv,0.545454545,0.727272727,0.363636364,0.636363636,0.568181818,syll,av,v3,3
CBC_1161,av1,2,mr5910_cbc_1161_20250321_141323_3_1_epi_msi_av_44slices_v3.nii,^mr5910_cbc_1161_20250321_141027_2_1_b0_msi_46slices_.*.nii$,vdm5_scmr5910_cbc_1161_20250321_141027_2_1_b0_msi_46slices_ec1_typ3_session1.nii,vs8wuamr5910_cbc_1161_20250321_141323_3_1_epi_msi_av_44slices_v3.nii,291,20250321_141323_3_1,0,CBC_1161_MSI_AV_v3_Vset1_Aset5_2025-03-21_14h11.54.046.csv,0.454545455,0.545454545,0.272727273,0.363636364,0.409090909,syll,av,v3,1
CBC_1161,tv1,2,mr5910_cbc_1161_20250321_142154_4_1_epi_msi_tv_44slices_v3.nii,^mr5910_cbc_1161_20250321_141027_2_1_b0_msi_46slices_.*.nii$,vdm5_scmr5910_cbc_1161_20250321_141027_2_1_b0_msi_46slices_ec1_typ3_session2.nii,vs8wuamr5910_cbc_1161_20250321_142154_4_1_epi_msi_tv_44slices_v3.nii,291,20250321_142154_4_1,0,CBC_1161_MSI_TV_v3_Vset3_Tset3_2025-03-21_14h20.54.501.csv,0.545454545,0.727272727,0.454545455,0.545454545,0.568181818,vib,tv,v3,2
CBC_1161,av2,8,mr5910_cbc_1161_20250321_151402_9_1_epi_msi_av_44slices_v3.nii,^mr5910_cbc_1161_20250321_151112_8_1_b0_msi_46slices_.*.nii$,vdm5_scmr5910_cbc_1161_20250321_151112_8_1_b0_msi_46slices_ec1_typ3.nii,vs8wuamr5910_cbc_1161_20250321_151402_9_1_epi_msi_av_44slices_v3.nii,291,20250321_151402_9_1,2.75,CBC_1161_MSI_AV_v3_Vset2_Aset1_2025-03-21_15h12.29.950.csv,0.818181818,0.454545455,0.636363636,0.636363636,0.636363636,env,av,v3,3
CBC_1162,tv1,2,mr5905_cbc_1162_20250318_152201_3_1_epi_msi_tv_44slices_v3.nii,^mr5905_cbc_1162_20250318_151752_2_1_b0_msi_46slices_.*.nii$,vdm5_scmr5905_cbc_1162_20250318_151752_2_1_b0_msi_46slices_ec1_typ3_session1.nii,vs8wuamr5905_cbc_1162_20250318_152201_3_1_epi_msi_tv_44slices_v3.nii,291,20250318_152201_3_1,0,CBC_1162_MSI_TV_v3_Vset5_Tset2_2025-03-18_15h19.20.840.csv,0.545454545,0.454545455,0.363636364,0.545454545,0.477272727,vib,tv,v3,1
CBC_1162,av1,2,mr5905_cbc_1162_20250318_153111_4_1_epi_msi_av_44slices_v3.nii,^mr5905_cbc_1162_20250318_151752_2_1_b0_msi_46slices_.*.nii$,vdm5_scmr5905_cbc_1162_20250318_151752_2_1_b0_msi_46slices_ec1_typ3_session2.nii,vs8wuamr5905_cbc_1162_20250318_153111_4_1_epi_msi_av_44slices_v3.nii,291,20250318_153111_4_1,0.69,CBC_1162_MSI_AV_v3_Vset6_Aset5_2025-03-18_15h30.06.420.csv,0.454545455,0.363636364,0.181818182,0.363636364,0.340909091,syll,av,v3,2
CBC_1162,av2,8,mr5905_cbc_1162_20250318_162806_9_1_epi_msi_av_44slices_v3.nii,^mr5905_cbc_1162_20250318_162518_8_1_b0_msi_46slices_.*.nii$,vdm5_scmr5905_cbc_1162_20250318_162518_8_1_b0_msi_46slices_ec1_typ3.nii,vs8wuamr5905_cbc_1162_20250318_162806_9_1_epi_msi_av_44slices_v3.nii,291,20250318_162806_9_1,0,CBC_1162_MSI_AV_v3_Vset4_Aset1_2025-03-18_16h26.49.248.csv,0.727272727,0.363636364,0.545454545,0.181818182,0.454545455,env,av,v3,3
CBC_1163,av1,2,mr5955_cbc_1163_20250411_141410_3_1_epi_msi_av_44slices_v3.nii,^mr5955_cbc_1163_20250411_141130_2_1_b0_msi_46slices_.*.nii$,vdm5_scmr5955_cbc_1163_20250411_141130_2_1_b0_msi_46slices_ec1_typ3_session1.nii,vs8wuamr5955_cbc_1163_20250411_141410_3_1_epi_msi_av_44slices_v3.nii,291,20250411_141410_3_1,2.41,CBC_1163_MSI_AV_v3_Vset1_Aset2_2025-04-11_14h13.07.808.csv,0.545454545,0.454545455,0.636363636,0.818181818,0.613636364,env,av,v3,1
CBC_1163,av2,2,mr5955_cbc_1163_20250411_142237_4_1_epi_msi_av_44slices_v3.nii,^mr5955_cbc_1163_20250411_141130_2_1_b0_msi_46slices_.*.nii$,vdm5_scmr5955_cbc_1163_20250411_141130_2_1_b0_msi_46slices_ec1_typ3_session2.nii,vs8wuamr5955_cbc_1163_20250411_142237_4_1_epi_msi_av_44slices_v3.nii,291,20250411_142237_4_1,0,CBC_1163_MSI_AV_v3_Vset2_Aset4_2025-04-11_14h21.45.119.csv,0.363636364,0.636363636,0.545454545,0.090909091,0.409090909,syll,av,v3,2
CBC_1163,tv1,8,mr5955_cbc_1163_20250411_151218_9_1_epi_msi_tv_44slices_v3.nii,^mr5955_cbc_1163_20250411_150954_8_1_b0_msi_46slices_.*.nii$,vdm5_scmr5955_cbc_1163_20250411_150954_8_1_b0_msi_46slices_ec1_typ3_session1.nii,vs8wuamr5955_cbc_1163_20250411_151218_9_1_epi_msi_tv_44slices_v3.nii,291,20250411_151218_9_1,0.69,CBC_1163_MSI_TV_v3_Vset3_Tset3_2025-04-11_15h11.32.978.csv,0.454545455,0.636363636,0.636363636,0.454545455,0.545454545,vib,tv,v3,3
CBC_1163,av3,8,mr5955_cbc_1163_20250411_152049_10_1_epi_msi_av_44slices_v3.nii,^mr5955_cbc_1163_20250411_150954_8_1_b0_msi_46slices_.*.nii$,vdm5_scmr5955_cbc_1163_20250411_150954_8_1_b0_msi_46slices_ec1_typ3_session2.nii,vs8wuamr5955_cbc_1163_20250411_152049_10_1_epi_msi_av_44slices_v3.nii,291,20250411_152049_10_1,1.03,CBC_1163_MSI_AV_v3_Vset5_Aset5_2025-04-11_15h19.46.409.csv,0.636363636,0.272727273,0.636363636,0.636363636,0.545454545,syll,av,v3,4
CBC_1164,av1,2,mr5967_cbc_1164_20250423_151113_3_1_epi_msi_av_44slices_v3.nii,^mr5967_cbc_1164_20250423_150828_2_1_b0_msi_46slices_.*.nii$,vdm5_scmr5967_cbc_1164_20250423_150828_2_1_b0_msi_46slices_ec1_typ3_session1.nii,vs8wuamr5967_cbc_1164_20250423_151113_3_1_epi_msi_av_44slices_v3.nii,291,20250423_151113_3_1,0,CBC_1164_MSI_AV_v3_Vset5_Aset1_2025-04-23_15h10.04.137.csv,0.909090909,1,0.909090909,0.545454545,0.840909091,env,av,v3,1
CBC_1164,tv1,2,mr5967_cbc_1164_20250423_151929_4_1_epi_msi_tv_44slices_v3.nii,^mr5967_cbc_1164_20250423_150828_2_1_b0_msi_46slices_.*.nii$,vdm5_scmr5967_cbc_1164_20250423_150828_2_1_b0_msi_46slices_ec1_typ3_session2.nii,vs8wuamr5967_cbc_1164_20250423_151929_4_1_epi_msi_tv_44slices_v3.nii,291,20250423_151929_4_1,8.25,CBC_1164_MSI_TV_v3_Vset6_Tset2_2025-04-23_15h18.49.986.csv,0.545454545,0.454545455,0.454545455,0.454545455,0.477272727,vib,tv,v3,2
CBC_1164,av2,8,mr5967_cbc_1164_20250423_161156_9_1_epi_msi_av_44slices_v3.nii,^mr5967_cbc_1164_20250423_160916_8_1_b0_msi_46slices_.*.nii$,vdm5_scmr5967_cbc_1164_20250423_160916_8_1_b0_msi_46slices_ec1_typ3.nii,vs8wuamr5967_cbc_1164_20250423_161156_9_1_epi_msi_av_44slices_v3.nii,291,20250423_161156_9_1,9.96,CBC_1164_MSI_AV_v3_Vset4_Aset6_2025-04-23_16h10.56.022.csv,0.272727273,0.636363636,0.545454545,1,0.613636364,syll,av,v3,3
CBC_1165,av1,2,mr5920_cbc_1165_20250326_145834_3_1_epi_msi_av_44slices_v3.nii,^mr5920_cbc_1165_20250326_145517_2_1_b0_msi_46slices_.*.nii$,vdm5_scmr5920_cbc_1165_20250326_145517_2_1_b0_msi_46slices_ec1_typ3_session1.nii,vs8wuamr5920_cbc_1165_20250326_145834_3_1_epi_msi_av_44slices_v3.nii,291,20250326_145834_3_1,12.37,CBC_1165_MSI_AV_v3_Vset1_Aset4_2025-03-26_14h56.46.625.csv,0.454545455,0.272727273,0.636363636,0.636363636,0.5,syll,av,v3,1
CBC_1165,av2,2,mr5920_cbc_1165_20250326_150720_4_1_epi_msi_av_44slices_v3.nii,^mr5920_cbc_1165_20250326_145517_2_1_b0_msi_46slices_.*.nii$,vdm5_scmr5920_cbc_1165_20250326_145517_2_1_b0_msi_46slices_ec1_typ3_session2.nii,vs8wuamr5920_cbc_1165_20250326_150720_4_1_epi_msi_av_44slices_v3.nii,291,20250326_150720_4_1,3.44,CBC_1165_MSI_AV_v3_Vset3_Aset3_2025-03-26_15h06.17.441.csv,0.636363636,0.727272727,0.545454545,0.818181818,0.681818182,env,av,v3,2
CBC_1165,tv1,8,mr5920_cbc_1165_20250326_155935_9_1_epi_msi_tv_44slices_v3.nii,^mr5920_cbc_1165_20250326_155642_8_1_b0_msi_46slices_.*.nii$,vdm5_scmr5920_cbc_1165_20250326_155642_8_1_b0_msi_46slices_ec1_typ3.nii,vs8wuamr5920_cbc_1165_20250326_155935_9_1_epi_msi_tv_44slices_v3.nii,291,20250326_155935_9_1,5.15,CBC_1165_MSI_TV_v3_Vset2_Tset1_2025-03-26_15h58.03.004.csv,0.545454545,0.454545455,0.636363636,0.454545455,0.522727273,vib,tv,v3,3
CBC_1167,av1,2,mr5933_cbc_1167_20250403_110855_3_1_epi_msi_av_44slices_v3.nii,^mr5933_cbc_1167_20250403_110613_2_1_b0_msi_46slices_.*.nii$,vdm5_scmr5933_cbc_1167_20250403_110613_2_1_b0_msi_46slices_ec1_typ3_session1.nii,vs8wuamr5933_cbc_1167_20250403_110855_3_1_epi_msi_av_44slices_v3.nii,291,20250403_110855_3_1,0.69,CBC_1167_MSI_AV_v3_Vset2_Aset5_2025-04-03_11h07.33.189.csv,0.272727273,0.636363636,0.454545455,0.454545455,0.454545455,syll,av,v3,1
CBC_1167,tv1,2,mr5933_cbc_1167_20250403_111733_4_1_epi_msi_tv_44slices_v3.nii,^mr5933_cbc_1167_20250403_110613_2_1_b0_msi_46slices_.*.nii$,vdm5_scmr5933_cbc_1167_20250403_110613_2_1_b0_msi_46slices_ec1_typ3_session2.nii,vs8wuamr5933_cbc_1167_20250403_111733_4_1_epi_msi_tv_44slices_v3.nii,291,20250403_111733_4_1,2.41,CBC_1167_MSI_TV_v3_Vset1_Tset1_2025-04-03_11h16.22.188.csv,0.454545455,0.272727273,0.363636364,0.181818182,0.318181818,vib,tv,v3,2
CBC_1167,av2,8,mr5933_cbc_1167_20250403_120955_9_1_epi_msi_av_44slices_v3.nii,^mr5933_cbc_1167_20250403_120720_8_1_b0_msi_46slices_.*.nii$,vdm5_scmr5933_cbc_1167_20250403_120720_8_1_b0_msi_46slices_ec1_typ3_session1.nii,vs8wuamr5933_cbc_1167_20250403_120955_9_1_epi_msi_av_44slices_v3.nii,291,20250403_120955_9_1,24.39,CBC_1167_MSI_AV_v3_Vset3_Aset2_2025-04-03_12h08.37.280.csv,0.363636364,0.272727273,0.363636364,0.545454545,0.386363636,env,av,v3,3
CBC_1167,av3,8,mr5933_cbc_1167_20250403_122807_12_1_epi_msi_av_44slices_v3.nii,^mr5933_cbc_1167_20250403_120720_8_1_b0_msi_46slices_.*.nii$,vdm5_scmr5933_cbc_1167_20250403_120720_8_1_b0_msi_46slices_ec1_typ3_session2.nii,vs8wuamr5933_cbc_1167_20250403_122807_12_1_epi_msi_av_44slices_v3.nii,291,20250403_122807_12_1,38.49,CBC_1167_MSI_AV_v3_Vset4_Aset1_2025-04-03_12h26.24.342.csv,0.454545455,0.090909091,0.818181818,0.181818182,0.386363636,env,av,v3,4
CBC_1168,tv1,2,mr5890_cbc_1168_20250312_140240_3_1_epi_msi_tv_44slices_v3.nii,^mr5890_cbc_1168_20250312_135949_2_1_b0_msi_46slices_.*.nii$,vdm5_scmr5890_cbc_1168_20250312_135949_2_1_b0_msi_46slices_ec1_typ3_session1.nii,vs8wuamr5890_cbc_1168_20250312_140240_3_1_epi_msi_tv_44slices_v3.nii,291,20250312_140240_3_1,0,CBC_1168_MSI_TV_v3_Vset5_Tset3_2025-03-12_14h01.30.320.csv,0.818181818,0.636363636,0.727272727,0.818181818,0.75,vib,tv,v3,1
CBC_1168,av1,2,mr5890_cbc_1168_20250312_141111_4_1_epi_msi_av_44slices_v3.nii,^mr5890_cbc_1168_20250312_135949_2_1_b0_msi_46slices_.*.nii$,vdm5_scmr5890_cbc_1168_20250312_135949_2_1_b0_msi_46slices_ec1_typ3_session2.nii,vs8wuamr5890_cbc_1168_20250312_141111_4_1_epi_msi_av_44slices_v3.nii,291,20250312_141111_4_1,0,CBC_1168_MSI_AV_v3_Vset4_Aset5_2025-03-12_14h10.12.574.csv,0.818181818,0.909090909,0.909090909,0.818181818,0.863636364,syll,av,v3,2
CBC_1168,av2,8,mr5890_cbc_1168_20250312_150309_9_1_epi_msi_av_44slices_v3.nii,^mr5890_cbc_1168_20250312_150045_8_1_b0_msi_46slices_.*.nii$,vdm5_scmr5890_cbc_1168_20250312_150045_8_1_b0_msi_46slices_ec1_typ3.nii,vs8wuamr5890_cbc_1168_20250312_150309_9_1_epi_msi_av_44slices_v3.nii,291,20250312_150309_9_1,0,CBC_1168_MSI_AV_v3_Vset6_Aset2_2025-03-12_15h02.11.417.csv,0.909090909,0.636363636,0.818181818,1,0.840909091,env,av,v3,3
CBC_1169,av1,2,mr5925_cbc_1169_20250329_103131_3_1_epi_msi_av_44slices_v3.nii,^mr5925_cbc_1169_20250329_102850_2_1_b0_msi_46slices_.*.nii$,vdm5_scmr5925_cbc_1169_20250329_102850_2_1_b0_msi_46slices_ec1_typ3_session1.nii,vs8wuamr5925_cbc_1169_20250329_103131_3_1_epi_msi_av_44slices_v3.nii,291,20250329_103131_3_1,0,CBC_1169_MSI_AV_v3_Vset3_Aset1_2025-03-29_10h30.04.921.csv,0.545454545,0.545454545,0.818181818,0.727272727,0.659090909,env,av,v3,1
CBC_1169,av2,2,mr5925_cbc_1169_20250329_104010_4_1_epi_msi_av_44slices_v3.nii,^mr5925_cbc_1169_20250329_102850_2_1_b0_msi_46slices_.*.nii$,vdm5_scmr5925_cbc_1169_20250329_102850_2_1_b0_msi_46slices_ec1_typ3_session2.nii,vs8wuamr5925_cbc_1169_20250329_104010_4_1_epi_msi_av_44slices_v3.nii,291,20250329_104010_4_1,0,CBC_1169_MSI_AV_v3_Vset1_Aset4_2025-03-29_10h39.04.057.csv,0.272727273,0.363636364,0.363636364,0.272727273,0.318181818,syll,av,v3,2
CBC_1169,tv1,8,mr5925_cbc_1169_20250329_115125_9_1_epi_msi_tv_44slices_v3.nii,^mr5925_cbc_1169_20250329_114847_8_1_b0_msi_46slices_.*.nii$,vdm5_scmr5925_cbc_1169_20250329_114847_8_1_b0_msi_46slices_ec1_typ3.nii,vs8wuamr5925_cbc_1169_20250329_115125_9_1_epi_msi_tv_44slices_v3.nii,291,20250329_115125_9_1,0,CBC_1169_MSI_TV_v3_Vset2_Tset3_2025-03-29_11h50.01.706.csv,0.272727273,0.636363636,0.909090909,0.818181818,0.659090909,vib,tv,v3,3
CBC_1170,av1,2,mr5926_cbc_1170_20250329_094018_3_1_epi_msi_av_44slices_v3.nii,^mr5926_cbc_1170_20250329_093741_2_1_b0_msi_46slices_.*.nii$,vdm5_scmr5926_cbc_1170_20250329_093741_2_1_b0_msi_46slices_ec1_typ3_session1.nii,vs8wuamr5926_cbc_1170_20250329_094018_3_1_epi_msi_av_44slices_v3.nii,291,20250329_094018_3_1,1.72,CBC_1170_MSI_AV_v3_Vset5_Aset1_2025-03-29_09h38.55.911.csv,0.909090909,0.727272727,0.727272727,0.818181818,0.795454545,env,av,v3,1
CBC_1170,tv1,2,mr5926_cbc_1170_20250329_094855_4_1_epi_msi_tv_44slices_v3.nii,^mr5926_cbc_1170_20250329_093741_2_1_b0_msi_46slices_.*.nii$,vdm5_scmr5926_cbc_1170_20250329_093741_2_1_b0_msi_46slices_ec1_typ3_session2.nii,vs8wuamr5926_cbc_1170_20250329_094855_4_1_epi_msi_tv_44slices_v3.nii,291,20250329_094855_4_1,3.78,CBC_1170_MSI_TV_v3_Vset4_Tset1_2025-03-29_09h47.53.390.csv,0.818181818,0.636363636,0.818181818,0.909090909,0.795454545,vib,tv,v3,2
CBC_1170,av2,8,mr5926_cbc_1170_20250329_111736_9_1_epi_msi_av_44slices_v3.nii,^mr5926_cbc_1170_20250329_111448_8_1_b0_msi_46slices_.*.nii$,vdm5_scmr5926_cbc_1170_20250329_111448_8_1_b0_msi_46slices_ec1_typ3.nii,vs8wuamr5926_cbc_1170_20250329_111736_9_1_epi_msi_av_44slices_v3.nii,291,20250329_111736_9_1,15.81,CBC_1170_MSI_AV_v3_Vset6_Aset6_2025-03-29_11h16.02.612.csv,0.636363636,0.363636364,0.909090909,1,0.727272727,syll,av,v3,3
CBC_1171,av1,2,mr5912_cbc_1171_20250323_101140_3_1_epi_msi_av_44slices_v3.nii,^mr5912_cbc_1171_20250323_100842_2_1_b0_msi_46slices_.*.nii$,vdm5_scmr5912_cbc_1171_20250323_100842_2_1_b0_msi_46slices_ec1_typ3_session1.nii,vs8wuamr5912_cbc_1171_20250323_101140_3_1_epi_msi_av_44slices_v3.nii,291,20250323_101140_3_1,6.18,CBC_1171_MSI_AV_v3_Vset1_Aset4_2025-03-23_10h10.00.423.csv,0.454545455,0.636363636,0.454545455,0.818181818,0.590909091,syll,av,v3,1
CBC_1171,av2,2,mr5912_cbc_1171_20250323_102020_4_1_epi_msi_av_44slices_v3.nii,^mr5912_cbc_1171_20250323_100842_2_1_b0_msi_46slices_.*.nii$,vdm5_scmr5912_cbc_1171_20250323_100842_2_1_b0_msi_46slices_ec1_typ3_session2.nii,vs8wuamr5912_cbc_1171_20250323_102020_4_1_epi_msi_av_44slices_v3.nii,291,20250323_102020_4_1,2.06,CBC_1171_MSI_AV_v3_Vset2_Aset2_2025-03-23_10h19.11.382.csv,0.545454545,0.363636364,0.545454545,0.454545455,0.477272727,env,av,v3,2
CBC_1171,tv1,8,mr5912_cbc_1171_20250323_111602_9_1_epi_msi_tv_44slices_v3.nii,^mr5912_cbc_1171_20250323_111325_8_1_b0_msi_46slices_.*.nii$,vdm5_scmr5912_cbc_1171_20250323_111325_8_1_b0_msi_46slices_ec1_typ3.nii,vs8wuamr5912_cbc_1171_20250323_111602_9_1_epi_msi_tv_44slices_v3.nii,291,20250323_111602_9_1,5.16,CBC_1171_MSI_TV_v3_Vset3_Tset2_2025-03-23_11h14.45.280.csv,0.454545455,0.636363636,0.363636364,0.727272727,0.545454545,vib,tv,v3,3
CBC_1173,av1,2,mr5938_cbc_1173_20250405_104848_3_1_epi_msi_av_44slices_v3.nii,^mr5938_cbc_1173_20250405_104544_2_1_b0_msi_46slices_.*.nii$,vdm5_scmr5938_cbc_1173_20250405_104544_2_1_b0_msi_46slices_ec1_typ3.nii,vs8wuamr5938_cbc_1173_20250405_104848_3_1_epi_msi_av_44slices_v3.nii,291,20250405_104848_3_1,10.31,CBC_1173_MSI_AV_v3_Vset2_Aset5_2025-04-05_10h47.01.908.csv,0.545454545,0.272727273,0.181818182,0.545454545,0.386363636,syll,av,v3,1
CBC_1173,av2,11,mr5938_cbc_1173_20250405_115923_12_1_epi_msi_av_44slices_v3.nii,^mr5938_cbc_1173_20250405_115652_11_1_b0_msi_46slices_.*.nii$,vdm5_scmr5938_cbc_1173_20250405_115652_11_1_b0_msi_46slices_ec1_typ3_session1.nii,vs8wuamr5938_cbc_1173_20250405_115923_12_1_epi_msi_av_44slices_v3.nii,291,20250405_115923_12_1,3.09,CBC_1173_MSI_AV_v3_Vset3_Aset3_2025-04-05_11h58.14.400.csv,0.454545455,0.545454545,0.545454545,0.363636364,0.477272727,env,av,v3,2
CBC_1173,tv1,11,mr5938_cbc_1173_20250405_120818_13_1_epi_msi_tv_44slices_v3.nii,^mr5938_cbc_1173_20250405_115652_11_1_b0_msi_46slices_.*.nii$,vdm5_scmr5938_cbc_1173_20250405_115652_11_1_b0_msi_46slices_ec1_typ3_session2.nii,vs8wuamr5938_cbc_1173_20250405_120818_13_1_epi_msi_tv_44slices_v3.nii,291,20250405_120818_13_1,2.06,CBC_1173_MSI_TV_v3_Vset5_Tset3_2025-04-05_12h07.05.788.csv,0.545454545,0.181818182,0.363636364,0.090909091,0.295454545,vib,tv,v3,3
CBC_1174,tv1,2,mr5981_cbc_1174_20250507_144824_3_1_epi_msi_tv_44slices_v3.nii,^mr5981_cbc_1174_20250507_144532_2_1_b0_msi_46slices_.*.nii$,vdm5_scmr5981_cbc_1174_20250507_144532_2_1_b0_msi_46slices_ec1_typ3_session1.nii,vs8wuamr5981_cbc_1174_20250507_144824_3_1_epi_msi_tv_44slices_v3.nii,291,20250507_144824_3_1,1.72,CBC_1174_MSI_TV_v3_Vset4_Tset2_2025-05-07_14h47.08.965.csv,0.6363636363636364,0.6363636363636364,0.5454545454545454,0.4545454545454546,0.5681818181818182,vib,tv,v3,1
CBC_1174,av1,2,mr5981_cbc_1174_20250507_145708_4_1_epi_msi_av_44slices_v3.nii,^mr5981_cbc_1174_20250507_144532_2_1_b0_msi_46slices_.*.nii$,vdm5_scmr5981_cbc_1174_20250507_144532_2_1_b0_msi_46slices_ec1_typ3_session2.nii,vs8wuamr5981_cbc_1174_20250507_145708_4_1_epi_msi_av_44slices_v3.nii,291,20250507_145708_4_1,0,CBC_1174_MSI_AV_v3_Vset5_Aset5_2025-05-07_14h56.11.595.csv,0.8181818181818182,0.6363636363636364,0.9090909090909092,0.2727272727272727,0.6590909090909091,syll,av,v3,2
CBC_1174,av2,8,mr5981_cbc_1174_20250507_155232_9_1_epi_msi_av_44slices_v3.nii,^mr5981_cbc_1174_20250507_154957_8_1_b0_msi_46slices_.*.nii$,vdm5_scmr5981_cbc_1174_20250507_154957_8_1_b0_msi_46slices_ec1_typ3.nii,vs8wuamr5981_cbc_1174_20250507_155232_9_1_epi_msi_av_44slices_v3.nii,291,20250507_155232_9_1,6.53,CBC_1174_MSI_AV_v3_Vset6_Aset3_2025-05-07_15h51.30.205.csv,0.5454545454545454,0.5454545454545454,0.5454545454545454,0.6363636363636364,0.5681818181818182,env,av,v3,3
CBC_1175,av1,2,mr5972_cbc_1175_20250425_141232_3_1_epi_msi_av_44slices_v3.nii,^mr5972_cbc_1175_20250425_140938_2_1_b0_msi_46slices_.*.nii$,vdm5_scmr5972_cbc_1175_20250425_140938_2_1_b0_msi_46slices_ec1_typ3_session1.nii,vs8wuamr5972_cbc_1175_20250425_141232_3_1_epi_msi_av_44slices_v3.nii,291,20250425_141232_3_1,0,CBC_1175_MSI_AV_v3_Vset2_Aset2_2025-04-25_14h11.24.545.csv,0.272727273,0.363636364,0.454545455,0.545454545,0.409090909,env,av,v3,1
CBC_1175,av2,2,mr5972_cbc_1175_20250425_142107_4_1_epi_msi_av_44slices_v3.nii,^mr5972_cbc_1175_20250425_140938_2_1_b0_msi_46slices_.*.nii$,vdm5_scmr5972_cbc_1175_20250425_140938_2_1_b0_msi_46slices_ec1_typ3_session2.nii,vs8wuamr5972_cbc_1175_20250425_142107_4_1_epi_msi_av_44slices_v3.nii,291,20250425_142107_4_1,0,CBC_1175_MSI_AV_v3_Vset3_Aset4_2025-04-25_14h20.20.336.csv,0.272727273,0.272727273,0.272727273,0.363636364,0.295454545,syll,av,v3,2
CBC_1175,tv1,8,mr5972_cbc_1175_20250425_154406_10_1_epi_msi_tv_44slices_v3.nii,^mr5972_cbc_1175_20250425_153620_8_1_b0_msi_46slices_.*.nii$,vdm5_scmr5972_cbc_1175_20250425_153620_8_1_b0_msi_46slices_ec1_typ3.nii,vs8wuamr5972_cbc_1175_20250425_154406_10_1_epi_msi_tv_44slices_v3.nii,291,20250425_154406_10_1,2.75,CBC_1175_MSI_TV_v3_Vset1_Tset3_2025-04-25_15h43.22.159.csv,0.454545455,0.272727273,0.272727273,0.363636364,0.340909091,vib,tv,v3,3
CBC_1176,av1,2,mr5973_cbc_1176_20250425_150007_3_1_epi_msi_av_44slices_v3.nii,^mr5973_cbc_1176_20250425_145722_2_1_b0_msi_46slices_.*.nii$,vdm5_scmr5973_cbc_1176_20250425_145722_2_1_b0_msi_46slices_ec1_typ3.nii,vs8wuamr5973_cbc_1176_20250425_150007_3_1_epi_msi_av_44slices_v3.nii,291,20250425_150007_3_1,0,CBC_1176_MSI_AV_v3_Vset4_Aset2_2025-04-25_14h59.07.699.csv,0.363636364,0.454545455,0.545454545,0.545454545,0.477272727,env,av,v3,1
CBC_1176,av2,9,mr5973_cbc_1176_20250425_161732_10_1_epi_msi_av_44slices_v3.nii,^mr5973_cbc_1176_20250425_161452_9_1_b0_msi_46slices_.*.nii$,vdm5_scmr5973_cbc_1176_20250425_161452_9_1_b0_msi_46slices_ec1_typ3_session1.nii,vs8wuamr5973_cbc_1176_20250425_161732_10_1_epi_msi_av_44slices_v3.nii,291,20250425_161732_10_1,0.69,CBC_1176_MSI_AV_v3_Vset5_Aset6_2025-04-25_16h16.22.975.csv,0.636363636,0.454545455,0.454545455,0.454545455,0.5,syll,av,v3,2
CBC_1176,tv1,9,mr5973_cbc_1176_20250425_162555_11_1_epi_msi_tv_44slices_v3.nii,^mr5973_cbc_1176_20250425_161452_9_1_b0_msi_46slices_.*.nii$,vdm5_scmr5973_cbc_1176_20250425_161452_9_1_b0_msi_46slices_ec1_typ3_session2.nii,vs8wuamr5973_cbc_1176_20250425_162555_11_1_epi_msi_tv_44slices_v3.nii,291,20250425_162555_11_1,0,CBC_1176_MSI_TV_v3_Vset6_Tset1_2025-04-25_16h25.06.779.csv,0.909090909,0.636363636,0.636363636,0.545454545,0.681818182,vib,tv,v3,3
CBC_1177,av1,2,mr5974_cbc_1177_20250426_100106_3_1_epi_msi_av_44slices_v3.nii,^mr5974_cbc_1177_20250426_095801_2_1_b0_msi_46slices_.*.nii$,vdm5_scmr5974_cbc_1177_20250426_095801_2_1_b0_msi_46slices_ec1_typ3_session1.nii,vs8wuamr5974_cbc_1177_20250426_100106_3_1_epi_msi_av_44slices_v3.nii,291,20250426_100106_3_1,0,CBC_1177_MSI_AV_v3_Vset3_Aset4_2025-04-26_09h59.35.245.csv,0.454545455,0.454545455,0.181818182,0.363636364,0.363636364,syll,av,v3,1
CBC_1177,av2,2,mr5974_cbc_1177_20250426_100944_4_1_epi_msi_av_44slices_v3.nii,^mr5974_cbc_1177_20250426_095801_2_1_b0_msi_46slices_.*.nii$,vdm5_scmr5974_cbc_1177_20250426_095801_2_1_b0_msi_46slices_ec1_typ3_session2.nii,vs8wuamr5974_cbc_1177_20250426_100944_4_1_epi_msi_av_44slices_v3.nii,291,20250426_100944_4_1,1.37,CBC_1177_MSI_AV_v3_Vset1_Aset1_2025-04-26_10h08.53.147.csv,0.636363636,0.545454545,0.636363636,0.545454545,0.590909091,env,av,v3,2
CBC_1177,tv1,8,mr5974_cbc_1177_20250426_105943_9_1_epi_msi_tv_44slices_v3.nii,^mr5974_cbc_1177_20250426_105648_8_1_b0_msi_46slices_.*.nii$,vdm5_scmr5974_cbc_1177_20250426_105648_8_1_b0_msi_46slices_ec1_typ3.nii,vs8wuamr5974_cbc_1177_20250426_105943_9_1_epi_msi_tv_44slices_v3.nii,291,20250426_105943_9_1,11.34,CBC_1177_MSI_TV_v3_Vset2_Tset3_2025-04-26_10h58.39.572.csv,0.272727273,0.363636364,0.545454545,0.545454545,0.431818182,vib,tv,v3,3
CBC_1178,tv1,2,mr5975_cbc_1178_20250426_135831_3_1_epi_msi_tv_44slices_v3.nii,^mr5975_cbc_1178_20250426_135540_2_1_b0_msi_46slices_.*.nii$,vdm5_scmr5975_cbc_1178_20250426_135540_2_1_b0_msi_46slices_ec1_typ3.nii,vs8wuamr5975_cbc_1178_20250426_135831_3_1_epi_msi_tv_44slices_v3.nii,291,20250426_135831_3_1,7.91,CBC_1178_MSI_TV_v3_Vset6_Tset1_2025-04-26_13h57.30.906.csv,0.272727273,0.454545455,0.636363636,0.818181818,0.545454545,vib,tv,v3,1
CBC_1179,av1,2,mr5956_cbc_1179_20250413_104445_3_1_epi_msi_av_44slices_v3.nii,^mr5956_cbc_1179_20250413_104148_2_1_b0_msi_46slices_.*.nii$,vdm5_scmr5956_cbc_1179_20250413_104148_2_1_b0_msi_46slices_ec1_typ3_session1.nii,vs8wuamr5956_cbc_1179_20250413_104445_3_1_epi_msi_av_44slices_v3.nii,291,20250413_104445_3_1,0,CBC_1179_MSI_AV_v3_Vset1_Aset5_2025-04-13_10h43.23.074.csv,0.636363636,0.545454545,0.272727273,0.272727273,0.431818182,syll,av,v3,1
CBC_1179,tv1,2,mr5956_cbc_1179_20250413_105322_4_1_epi_msi_tv_44slices_v3.nii,^mr5956_cbc_1179_20250413_104148_2_1_b0_msi_46slices_.*.nii$,vdm5_scmr5956_cbc_1179_20250413_104148_2_1_b0_msi_46slices_ec1_typ3_session2.nii,vs8wuamr5956_cbc_1179_20250413_105322_4_1_epi_msi_tv_44slices_v3.nii,291,20250413_105322_4_1,0,CBC_1179_MSI_TV_v3_Vset2_Tset1_2025-04-13_10h52.35.010.csv,0.454545455,0.545454545,0.454545455,0.363636364,0.454545455,vib,tv,v3,2
CBC_1179,av2,8,mr5956_cbc_1179_20250413_114826_9_1_epi_msi_av_44slices_v3.nii,^mr5956_cbc_1179_20250413_114548_8_1_b0_msi_46slices_.*.nii$,vdm5_scmr5956_cbc_1179_20250413_114548_8_1_b0_msi_46slices_ec1_typ3.nii,vs8wuamr5956_cbc_1179_20250413_114826_9_1_epi_msi_av_44slices_v3.nii,291,20250413_114826_9_1,2.75,CBC_1179_MSI_AV_v3_Vset3_Aset3_2025-04-13_11h47.21.355.csv,0.636363636,0.818181818,0.454545455,0.363636364,0.568181818,env,av,v3,3
CBC_1180,tv1,2,mr5940_cbc_1180_20250427_094358_3_1_epi_msi_tv_44slices_v3.nii,^mr5940_cbc_1180_20250427_094110_2_1_b0_msi_46slices_.*.nii$,vdm5_scmr5940_cbc_1180_20250427_094110_2_1_b0_msi_46slices_ec1_typ3_session1.nii,vs8wuamr5940_cbc_1180_20250427_094358_3_1_epi_msi_tv_44slices_v3.nii,291,20250427_094358_3_1,0,CBC_1180_MSI_TV_v3_Vset5_Tset3_2025-04-27_09h42.42.559.csv,0.363636364,0.454545455,0.363636364,0.454545455,0.409090909,vib,tv,v3,1
CBC_1180,av1,2,mr5940_cbc_1180_20250427_095617_5_1_epi_msi_av_44slices_v3.nii,^mr5940_cbc_1180_20250427_094110_2_1_b0_msi_46slices_.*.nii$,vdm5_scmr5940_cbc_1180_20250427_094110_2_1_b0_msi_46slices_ec1_typ3_session2.nii,vs8wuamr5940_cbc_1180_20250427_095617_5_1_epi_msi_av_44slices_v3.nii,291,20250427_095617_5_1,0.69,CBC_1180_MSI_AV_v3_Vset4_Aset5_2025-04-27_09h55.30.927.csv,0.545454545,0.727272727,0.727272727,0.545454545,0.636363636,syll,av,v3,2
CBC_1180,av2,9,mr5940_cbc_1180_20250427_104811_10_1_epi_msi_av_44slices_v3.nii,^mr5940_cbc_1180_20250427_104539_9_1_b0_msi_46slices_.*.nii$,vdm5_scmr5940_cbc_1180_20250427_104539_9_1_b0_msi_46slices_ec1_typ3.nii,vs8wuamr5940_cbc_1180_20250427_104811_10_1_epi_msi_av_44slices_v3.nii,291,20250427_104811_10_1,2.06,CBC_1180_MSI_AV_v3_Vset6_Aset1_2025-04-27_10h47.11.496.csv,0.818181818,0.454545455,0.363636364,0.545454545,0.545454545,env,av,v3,3
CBC_1181,av1,2,mr6001_cbc_1181_20250515_113233_3_1_epi_msi_av_44slices_v3.nii,^mr6001_cbc_1181_20250515_112936_2_1_b0_msi_46slices_.*.nii$,vdm5_scmr6001_cbc_1181_20250515_112936_2_1_b0_msi_46slices_ec1_typ3_session1.nii,vs8wuamr6001_cbc_1181_20250515_113233_3_1_epi_msi_av_44slices_v3.nii,291,20250515_113233_3_1,1.37,CBC_1181_MSI_AV_v3_Vset3_Aset2_2025-05-15_11h31.07.479.csv,0.7272727272727273,0.7272727272727273,0.6363636363636364,0.3636363636363637,0.6136363636363636,env,av,v3,1
CBC_1181,av2,2,mr6001_cbc_1181_20250515_114039_4_1_epi_msi_av_44slices_v3.nii,^mr6001_cbc_1181_20250515_112936_2_1_b0_msi_46slices_.*.nii$,vdm5_scmr6001_cbc_1181_20250515_112936_2_1_b0_msi_46slices_ec1_typ3_session2.nii,vs8wuamr6001_cbc_1181_20250515_114039_4_1_epi_msi_av_44slices_v3.nii,291,20250515_114039_4_1,0.69,CBC_1181_MSI_AV_v3_Vset2_Aset4_2025-05-15_11h40.12.180.csv,0.3636363636363637,0.7272727272727273,0.6363636363636364,0.9090909090909092,0.6590909090909091,syll,av,v3,2
CBC_1181,tv1,8,mr6001_cbc_1181_20250515_123029_9_1_epi_msi_tv_44slices_v3.nii,^mr6001_cbc_1181_20250515_122740_8_1_b0_msi_46slices_.*.nii$,vdm5_scmr6001_cbc_1181_20250515_122740_8_1_b0_msi_46slices_ec1_typ3.nii,vs8wuamr6001_cbc_1181_20250515_123029_9_1_epi_msi_tv_44slices_v3.nii,291,20250515_123029_9_1,0.69,CBC_1181_MSI_TV_v3_Vset1_Tset2_2025-05-15_12h29.05.384.csv,0.7272727272727273,0.8181818181818182,0.6363636363636364,0.5454545454545454,0.6818181818181818,vib,tv,v3,3
CBC_1182,av1,2,mr5978_cbc_1182_20250502_141705_4_1_epi_msi_av_44slices_v3.nii,^mr5978_cbc_1182_20250502_141108_2_1_b0_msi_46slices_.*.nii$,vdm5_scmr5978_cbc_1182_20250502_141108_2_1_b0_msi_46slices_ec1_typ3.nii,vs8wuamr5978_cbc_1182_20250502_141705_4_1_epi_msi_av_44slices_v3.nii,291,20250502_141705_4_1,23.03,CBC_1182_MSI_AV_v3_Vset4_Aset1_2025-05-02_14h16.13.115.csv,0.636363636,0.454545455,0.545454545,0.181818182,0.454545455,env,av,v3,1
CBC_1182,av2,12,mr5978_cbc_1182_20250502_153756_13_1_epi_msi_av_44slices_v3.nii,^mr5978_cbc_1182_20250502_153509_12_1_b0_msi_46slices_.*.nii$,vdm5_scmr5978_cbc_1182_20250502_153509_12_1_b0_msi_46slices_ec1_typ3.nii,vs8wuamr5978_cbc_1182_20250502_153756_13_1_epi_msi_av_44slices_v3.nii,291,20250502_153756_13_1,41.58,CBC_1182_MSI_AV_v3_Vset5_Aset6_2025-05-02_15h36.38.559.csv,0.363636364,0.363636364,0.727272727,0.363636364,0.454545455,syll,av,v3,2
CBC_1184,tv1,2,mr5939_cbc_1184_05042025_135029_4_1_epi_msi_tv_44sli.nii,^mr5939_cbc_1184_05042025_134229_2_1_b0_msi_46slices_.*.nii$,vdm5_scmr5939_cbc_1184_05042025_134229_2_1_b0_msi_46slices_ec1_typ3_session1.nii,vs8wuamr5939_cbc_1184_05042025_135029_4_1_epi_msi_tv_44sli.nii,291,20250405_135029_4_1,7.21,CBC_1184_MSI_TV_v3_Vset6_Tset3_2025-04-05_13h49.25.636.csv,0.181818182,0.818181818,0.727272727,0.636363636,0.590909091,vib,tv,v3,1
CBC_1184,av1,2,mr5939_cbc_1184_05042025_140003_5_1_epi_msi_av_44sli.nii,^mr5939_cbc_1184_05042025_134229_2_1_b0_msi_46slices_.*.nii$,vdm5_scmr5939_cbc_1184_05042025_134229_2_1_b0_msi_46slices_ec1_typ3_session2.nii,vs8wuamr5939_cbc_1184_05042025_140003_5_1_epi_msi_av_44sli.nii,291,20250405_140003_5_1,4.47,CBC_1184_MSI_AV_v3_Vset5_Aset3_2025-04-05_13h58.51.107.csv,1,0.727272727,0.818181818,0.909090909,0.863636364,env,av,v3,2
CBC_1184,av2,9,mr5939_cbc_1184_20250405_145447_11_1_epi_msi_av_44slices_v3.nii,^mr5939_cbc_1184_20250405_145016_9_1_b0_msi_46slices_.*.nii$,vdm5_scmr5939_cbc_1184_20250405_145016_9_1_b0_msi_46slices_ec1_typ3.nii,vs8wuamr5939_cbc_1184_20250405_145447_11_1_epi_msi_av_44slices_v3.nii,291,20250405_145447_11_1,9.97,CBC_1184_MSI_AV_v3_Vset4_Aset6_2025-04-05_14h53.57.078.csv,1,0.909090909,0.909090909,0.818181818,0.909090909,syll,av,v3,3
CBC_1188,av1,2,mr5959_cbc_1188_20250417_094949_3_1_epi_msi_av_44slices_v3.nii,^mr5959_cbc_1188_20250417_094701_2_1_b0_msi_46slices_.*.nii$,vdm5_scmr5959_cbc_1188_20250417_094701_2_1_b0_msi_46slices_ec1_typ3_session1.nii,vs8wuamr5959_cbc_1188_20250417_094949_3_1_epi_msi_av_44slices_v3.nii,291,20250417_094949_3_1,0,CBC_1188_MSI_AV_v3_Vset5_Aset1_2025-04-17_09h48.50.507.csv,0.818181818,0.818181818,0.818181818,0.818181818,0.818181818,env,av,v3,1
CBC_1188,tv1,2,mr5959_cbc_1188_20250417_095828_4_1_epi_msi_tv_44slices_v3.nii,^mr5959_cbc_1188_20250417_094701_2_1_b0_msi_46slices_.*.nii$,vdm5_scmr5959_cbc_1188_20250417_094701_2_1_b0_msi_46slices_ec1_typ3_session2.nii,vs8wuamr5959_cbc_1188_20250417_095828_4_1_epi_msi_tv_44slices_v3.nii,291,20250417_095828_4_1,1.37,CBC_1188_MSI_TV_v3_Vset4_Tset2_2025-04-17_09h57.42.704.csv,0.727272727,0.818181818,1,0.818181818,0.840909091,vib,tv,v3,2
CBC_1188,av2,8,mr5959_cbc_1188_20250417_104327_9_1_epi_msi_av_44slices_v3.nii,^mr5959_cbc_1188_20250417_104056_8_1_b0_msi_46slices_.*.nii$,vdm5_scmr5959_cbc_1188_20250417_104056_8_1_b0_msi_46slices_ec1_typ3.nii,vs8wuamr5959_cbc_1188_20250417_104327_9_1_epi_msi_av_44slices_v3.nii,291,20250417_104327_9_1,0,CBC_1188_MSI_AV_v3_Vset6_Aset6_2025-04-17_10h42.47.067.csv,0.454545455,0.454545455,0.454545455,0.545454545,0.477272727,syll,av,v3,3
CBC_1189,av1,2,mr5991_cbc_1189_20250510_104047_3_1_epi_msi_av_44slices_v3.nii,^mr5991_cbc_1189_20250510_103754_2_1_b0_msi_46slices_.*.nii$,vdm5_scmr5991_cbc_1189_20250510_103754_2_1_b0_msi_46slices_ec1_typ3_session1.nii,vs8wuamr5991_cbc_1189_20250510_104047_3_1_epi_msi_av_44slices_v3.nii,291,20250510_104047_3_1,0.69,CBC_1189_MSI_AV_v3_Vset3_Aset4_2025-05-10_10h39.21.328.csv,0.4545454545454546,0.9090909090909092,0.8181818181818182,0.8181818181818182,0.75,syll,av,v3,1
CBC_1189,av2,2,mr5991_cbc_1189_20250510_104917_4_1_epi_msi_av_44slices_v3.nii,^mr5991_cbc_1189_20250510_103754_2_1_b0_msi_46slices_.*.nii$,vdm5_scmr5991_cbc_1189_20250510_103754_2_1_b0_msi_46slices_ec1_typ3_session2.nii,vs8wuamr5991_cbc_1189_20250510_104917_4_1_epi_msi_av_44slices_v3.nii,291,20250510_104917_4_1,4.81,CBC_1189_MSI_AV_v3_Vset2_Aset3_2025-05-10_10h48.06.359.csv,0.6363636363636364,0.9090909090909092,0.7272727272727273,0.6363636363636364,0.7272727272727273,env,av,v3,2
CBC_1189,tv1,11,mr5991_cbc_1189_20250510_114910_12_1_epi_msi_tv_44slices_v3.nii,^mr5991_cbc_1189_20250510_114617_11_1_b0_msi_46slices_.*.nii$,vdm5_scmr5991_cbc_1189_20250510_114617_11_1_b0_msi_46slices_ec1_typ3_session1.nii,vs8wuamr5991_cbc_1189_20250510_114910_12_1_epi_msi_tv_44slices_v3.nii,291,20250510_114910_12_1,5.16,CBC_1189_MSI_TV_v3_Vset1_Tset2_2025-05-10_11h47.42.031.csv,0.2727272727272727,0.4545454545454546,0.4545454545454546,0.7272727272727273,0.4772727272727273,vib,tv,v3,3
CBC_1189,av3,11,mr5991_cbc_1189_20250510_115746_13_1_epi_msi_av_44slices_v3.nii,^mr5991_cbc_1189_20250510_114617_11_1_b0_msi_46slices_.*.nii$,vdm5_scmr5991_cbc_1189_20250510_114617_11_1_b0_msi_46slices_ec1_typ3_session2.nii,vs8wuamr5991_cbc_1189_20250510_115746_13_1_epi_msi_av_44slices_v3.nii,291,20250510_115746_13_1,10.65,CBC_1189_MSI_AV_v3_Vset4_Aset2_2025-05-10_11h56.37.909.csv,0.2727272727272727,0.3636363636363637,0.3636363636363637,0.3636363636363637,0.3409090909090909,env,av,v3,4
CBC_1193,av1,2,mr5977_cbc_1193_20250501_141456_4_1_epi_msi_av_44slices_v3.nii,^mr5977_cbc_1193_20250501_140943_2_1_b0_msi_46slices_.*.nii$,vdm5_scmr5977_cbc_1193_20250501_140943_2_1_b0_msi_46slices_ec1_typ3_session1.nii,vs8wuamr5977_cbc_1193_20250501_141456_4_1_epi_msi_av_44slices_v3.nii,291,20250501_141456_4_1,0.69,CBC_1193_MSI_AV_v3_Vset3_Aset1_2025-05-01_14h14.11.910.csv,0.454545455,0.636363636,0.545454545,0.454545455,0.522727273,env,av,v3,1
CBC_1193,av2,2,mr5977_cbc_1193_20250501_142311_5_1_epi_msi_av_44slices_v3.nii,^mr5977_cbc_1193_20250501_140943_2_1_b0_msi_46slices_.*.nii$,vdm5_scmr5977_cbc_1193_20250501_140943_2_1_b0_msi_46slices_ec1_typ3_session2.nii,vs8wuamr5977_cbc_1193_20250501_142311_5_1_epi_msi_av_44slices_v3.nii,291,20250501_142311_5_1,0,CBC_1193_MSI_AV_v3_Vset1_Aset4_2025-05-01_14h22.42.220.csv,0.545454545,0.636363636,0.727272727,0.909090909,0.704545455,syll,av,v3,2
CBC_1193,tv1,9,mr5977_cbc_1193_20250501_151453_10_1_epi_msi_tv_44slices_v3.nii,^mr5977_cbc_1193_20250501_151211_9_1_b0_msi_46slices_.*.nii$,vdm5_scmr5977_cbc_1193_20250501_151211_9_1_b0_msi_46slices_ec1_typ3.nii,vs8wuamr5977_cbc_1193_20250501_151453_10_1_epi_msi_tv_44slices_v3.nii,291,20250501_151453_10_1,11.34,CBC_1193_MSI_TV_v3_Vset2_Tset3_2025-05-01_15h13.55.319.csv,0.545454545,0.545454545,0.545454545,0.636363636,0.568181818,vib,tv,v3,3
CBC_1198,tv1,2,mr5980_cbc_1198_20250506_144239_3_1_epi_msi_tv_44slices_v3.nii,^mr5980_cbc_1198_20250506_143954_2_1_b0_msi_46slices_.*.nii$,vdm5_scmr5980_cbc_1198_20250506_143954_2_1_b0_msi_46slices_ec1_typ3_session1.nii,vs8wuamr5980_cbc_1198_20250506_144239_3_1_epi_msi_tv_44slices_v3.nii,291,20250506_144239_3_1,17.53,CBC_1198_MSI_TV_v3_Vset5_Tset3_2025-05-06_14h41.19.827.csv,0.7272727272727273,0.6363636363636364,0.4545454545454546,0.4545454545454546,0.5681818181818182,vib,tv,v3,1
CBC_1198,av1,2,mr5980_cbc_1198_20250506_145155_4_1_epi_msi_av_44slices_v3.nii,^mr5980_cbc_1198_20250506_143954_2_1_b0_msi_46slices_.*.nii$,vdm5_scmr5980_cbc_1198_20250506_143954_2_1_b0_msi_46slices_ec1_typ3_session2.nii,vs8wuamr5980_cbc_1198_20250506_145155_4_1_epi_msi_av_44slices_v3.nii,291,20250506_145155_4_1,38.49,CBC_1198_MSI_AV_v3_Vset6_Aset5_2025-05-06_14h50.54.429.csv,0.4545454545454546,0.5454545454545454,0.3636363636363637,0.4545454545454546,0.4545454545454546,syll,av,v3,2
CBC_1198,tv2,6,mr5980_cbc_1198_20250506_150920_7_1_epi_msi_tv_44slices_v3.nii,^mr5980_cbc_1198_20250506_150635_6_1_b0_msi_46slices_.*.nii$,vdm5_scmr5980_cbc_1198_20250506_150635_6_1_b0_msi_46slices_ec1_typ3.nii,vs8wuamr5980_cbc_1198_20250506_150920_7_1_epi_msi_tv_44slices_v3.nii,291,20250506_150920_7_1,74.91,CBC_1198_MSI_TV_v3_Vset1_Tset1_2025-05-06_15h08.00.738.csv,0.5454545454545454,0.2727272727272727,0.09090909090909093,0.5454545454545454,0.3636363636363637,vib,tv,v3,3
CBC_1198,av2,11,mr5980_cbc_1198_20250506_160003_12_1_epi_msi_av_44slices_v3.nii,^mr5980_cbc_1198_20250506_155712_11_1_b0_msi_46slices_.*.nii$,vdm5_scmr5980_cbc_1198_20250506_155712_11_1_b0_msi_46slices_ec1_typ3.nii,vs8wuamr5980_cbc_1198_20250506_160003_12_1_epi_msi_av_44slices_v3.nii,291,20250506_160003_12_1,20.62,CBC_1198_MSI_AV_v3_Vset4_Aset2_2025-05-06_15h58.36.141.csv,0.6363636363636364,0.7272727272727273,0.6363636363636364,0.5454545454545454,0.6363636363636364,env,av,v3,4
CBC_1201,av1,2,mr6008_cbc_1201_20250517_102830_3_1_epi_msi_av_44slices_v3.nii,^mr6008_cbc_1201_20250517_102506_2_1_b0_msi_46slices_.*.nii$,vdm5_scmr6008_cbc_1201_20250517_102506_2_1_b0_msi_46slices_ec1_typ3_session1.nii,vs8wuamr6008_cbc_1201_20250517_102830_3_1_epi_msi_av_44slices_v3.nii,291,20250517_102830_3_1,0,CBC_1201_MSI_AV_v3_Vset1_Aset4_2025-05-17_10h27.13.582.csv,0.5454545454545454,0.4545454545454546,0.4545454545454546,0.5454545454545454,0.5,syll,av,v3,1
CBC_1201,av2,2,mr6008_cbc_1201_20250517_103711_4_1_epi_msi_av_44slices_v3.nii,^mr6008_cbc_1201_20250517_102506_2_1_b0_msi_46slices_.*.nii$,vdm5_scmr6008_cbc_1201_20250517_102506_2_1_b0_msi_46slices_ec1_typ3_session2.nii,vs8wuamr6008_cbc_1201_20250517_103711_4_1_epi_msi_av_44slices_v3.nii,291,20250517_103711_4_1,4.8100000000000005,CBC_1201_MSI_AV_v3_Vset3_Aset1_2025-05-17_10h36.08.556.csv,0.3636363636363637,0.5454545454545454,0.5454545454545454,0.5454545454545454,0.5,env,av,v3,2
CBC_1201,tv1,12,mr6008_cbc_1201_20250517_115327_13_1_epi_msi_tv_44slices_v3.nii,^mr6008_cbc_1201_20250517_115045_12_1_b0_msi_46slices_.*.nii$,vdm5_scmr6008_cbc_1201_20250517_115045_12_1_b0_msi_46slices_ec1_typ3.nii,vs8wuamr6008_cbc_1201_20250517_115327_13_1_epi_msi_tv_44slices_v3.nii,291,20250517_115327_13_1,5.5,CBC_1201_MSI_TV_v3_Vset6_Tset2_2025-05-17_11h52.08.982.csv,0.4545454545454546,0.4545454545454546,0.3636363636363637,0.3636363636363637,0.4090909090909091,vib,tv,v3,3
CBC_1202,tv1,2,mr5987_cbc_1202_20250509_140530_3_1_epi_msi_tv_44slices_v3.nii,^mr5987_cbc_1202_20250509_140218_2_1_b0_msi_46slices_.*.nii$,vdm5_scmr5987_cbc_1202_20250509_140218_2_1_b0_msi_46slices_ec1_typ3_session1.nii,vs8wuamr5987_cbc_1202_20250509_140530_3_1_epi_msi_tv_44slices_v3.nii,291,20250509_140530_3_1,0,CBC_1202_MSI_TV_v3_Vset4_Tset1_2025-05-09_14h04.03.744.csv,0.4545454545454546,0.4545454545454546,0.6363636363636364,0.4545454545454546,0.5,vib,tv,v3,1
CBC_1202,av1,2,mr5987_cbc_1202_20250509_141356_4_1_epi_msi_av_44slices_v3.nii,^mr5987_cbc_1202_20250509_140218_2_1_b0_msi_46slices_.*.nii$,vdm5_scmr5987_cbc_1202_20250509_140218_2_1_b0_msi_46slices_ec1_typ3_session2.nii,vs8wuamr5987_cbc_1202_20250509_141356_4_1_epi_msi_av_44slices_v3.nii,291,20250509_141356_4_1,0,CBC_1202_MSI_AV_v3_Vset5_Aset3_2025-05-09_14h12.54.609.csv,0.4545454545454546,0.4545454545454546,0.3636363636363637,0.4545454545454546,0.4318181818181818,env,av,v3,2
CBC_1202,av2,8,mr5987_cbc_1202_20250509_150528_9_1_epi_msi_av_44slices_v3.nii,^mr5987_cbc_1202_20250509_150249_8_1_b0_msi_46slices_.*.nii$,vdm5_scmr5987_cbc_1202_20250509_150249_8_1_b0_msi_46slices_ec1_typ3_session1.nii,vs8wuamr5987_cbc_1202_20250509_150528_9_1_epi_msi_av_44slices_v3.nii,291,20250509_150528_9_1,100,CBC_1202_MSI_AV_v3_Vset6_Aset6_2025-05-09_15h04.16.420.csv,0.5454545454545454,0.5454545454545454,0.3636363636363637,0.7272727272727273,0.5454545454545454,syll,av,v3,3
CBC_1202,av3,8,mr5987_cbc_1202_20250509_153118_13_1_epi_msi_av_44slices_v3.nii,^mr5987_cbc_1202_20250509_150249_8_1_b0_msi_46slices_.*.nii$,vdm5_scmr5987_cbc_1202_20250509_150249_8_1_b0_msi_46slices_ec1_typ3_session2.nii,vs8wuamr5987_cbc_1202_20250509_153118_13_1_epi_msi_av_44slices_v3.nii,291,20250509_153118_13_1,0.69,CBC_1202_MSI_AV_v3_Vset2_Aset5_2025-05-09_15h30.16.456.csv,0.5454545454545454,0.5454545454545454,0.7272727272727273,0.6363636363636364,0.6136363636363636,syll,av,v3,4
