ID,filename,session,trial,visStimLeft,visStimRight,correctKey,leftCorrect,rightCorrect,secondStim,mod2Type,mod2Stim,frequency,rewardAccurate,stimPairLeft,stimPairRight,pCorrectLeft,pCorrectRight,key,reactionTime,choiceLeft,choiceRight,choiceAccurate,reward,chosenPair,otherPair,triplet,surprise,0A belief,1A belief,2A belief,3A belief,0B belief,1B belief,2B belief,3B belief,0C belief,1C belief,2C belief,3C belief,0D belief,1D belief,2D belief,3D belief,beliefPairNorm,beliefOtherPairNorm,beliefPair,beliefOtherPair,lik,corrLik,rewardPE,update2,fit_percModel,fit_respModel,fit_startBelief,fit_alpha1,fit_nonDecisionTime,fit_weight,fit_startingBoundary,fit_startingPoint,fit_NLL
CBC_1027,CBC_1027_MSI_AV_v3_Vset5_Aset1_2023-07-21_16h27.29.899.csv,1,1,0,1,z,0,1,2,aud,B,63,1,0B,1B,0,1,b,2.55251940000016,1,0,0,0,0B,1B,B01,2.77258872223978,0.5,0.5,0.5,0.5,0.5,0.5,0.5,0.5,0.5,0.5,0.5,0.5,0.5,0.5,0.5,0.5,0.5,0.5,0.5,0.5,0.110324316613091,0.500598409407675,-0.5,-0.425928511581812,CBCsimpleRW,CBCdriftDiffusionLR_pwBelief,0.5,0.851857023163624,0.88809435120382,0.403526057943658,2.09529890264827,0.5,67.0376971637357
CBC_1027,CBC_1027_MSI_AV_v3_Vset5_Aset1_2023-07-21_16h27.29.899.csv,1,2,1,0,z,0,1,0,aud,A,63,1,1A,0A,0,1,z,1.74711059999936,0,1,1,1,0A,1A,A10,2.83321334405622,0.5,0.5,0.5,0.5,0.0740714884181879,0.5,0.5,0.5,0.5,0.5,0.5,0.5,0.5,0.5,0.5,0.5,0.5,0.5,0.5,0.5,0.272174213545934,0.500117957003674,0.5,0.425928511581812,CBCsimpleRW,CBCdriftDiffusionLR_pwBelief,0.5,0.851857023163624,0.88809435120382,0.403526057943658,2.09529890264827,0.5,67.0376971637357
CBC_1027,CBC_1027_MSI_AV_v3_Vset5_Aset1_2023-07-21_16h27.29.899.csv,1,3,2,1,b,1,0,1,aud,C,9,1,2C,1C,1,0,b,1.51832549999926,1,0,1,1,2C,1C,C21,2.89037175789616,0.925928511581812,0.5,0.5,0.5,0.0740714884181879,0.5,0.5,0.5,0.5,0.5,0.5,0.5,0.5,0.5,0.5,0.5,0.5,0.5,0.5,0.5,0.348920843033722,0.500288826001315,0.5,0.425928511581812,CBCsimpleRW,CBCdriftDiffusionLR_pwBelief,0.5,0.851857023163624,0.88809435120382,0.403526057943658,2.09529890264827,0.5,67.0376971637357
CBC_1027,CBC_1027_MSI_AV_v3_Vset5_Aset1_2023-07-21_16h27.29.899.csv,1,4,0,1,b,1,0,0,aud,A,63,1,0A,1A,1,0,z,1.06943179999871,0,1,0,0,1A,0A,A01,2.94443897916644,0.925928511581812,0.5,0.5,0.5,0.0740714884181879,0.5,0.5,0.5,0.5,0.5,0.925928511581812,0.5,0.5,0.5,0.5,0.5,0.0740714884181879,0.925928511581812,0.5,0.925928511581812,0.18137368485574,0.327860333584449,-0.5,-0.425928511581812,CBCsimpleRW,CBCdriftDiffusionLR_pwBelief,0.5,0.851857023163624,0.88809435120382,0.403526057943658,2.09529890264827,0.5,67.0376971637357
CBC_1027,CBC_1027_MSI_AV_v3_Vset5_Aset1_2023-07-21_16h27.29.899.csv,1,5,1,3,z,0,1,3,aud,D,27,1,1D,3D,0,1,z,2.33847559999958,0,1,1,1,3D,1D,D13,2.99573227355399,0.925928511581812,0.0740714884181879,0.5,0.5,0.0740714884181879,0.5,0.5,0.5,0.5,0.5,0.925928511581812,0.5,0.5,0.5,0.5,0.5,0.5,0.5,0.5,0.5,0.14034240937458,0.500635813274633,0.5,0.425928511581812,CBCsimpleRW,CBCdriftDiffusionLR_pwBelief,0.5,0.851857023163624,0.88809435120382,0.403526057943658,2.09529890264827,0.5,67.0376971637357
CBC_1027,CBC_1027_MSI_AV_v3_Vset5_Aset1_2023-07-21_16h27.29.899.csv,1,6,1,0,b,1,0,2,aud,B,63,1,1B,0B,1,0,b,2.2439775999992,1,0,1,1,1B,0B,B10,3.04452243772342,0.925928511581812,0.0740714884181879,0.5,0.5,0.0740714884181879,0.5,0.5,0.5,0.5,0.5,0.925928511581812,0.5,0.5,0.5,0.5,0.925928511581812,0.925928511581812,0.0740714884181879,0.5,0.0740714884181879,0.206270098852499,0.672775763999739,0.5,0.425928511581812,CBCsimpleRW,CBCdriftDiffusionLR_pwBelief,0.5,0.851857023163624,0.88809435120382,0.403526057943658,2.09529890264827,0.5,67.0376971637357
CBC_1027,CBC_1027_MSI_AV_v3_Vset5_Aset1_2023-07-21_16h27.29.899.csv,1,7,3,2,z,0,1,1,aud,C,63,1,3C,2C,0,1,z,2.33604809999997,0,1,1,1,2C,3C,C32,3.09104245335832,0.925928511581812,0.0740714884181879,0.5,0.5,0.0740714884181879,0.925928511581812,0.5,0.5,0.5,0.5,0.925928511581812,0.5,0.5,0.5,0.5,0.925928511581812,0.925928511581812,0.0740714884181879,0.925928511581812,0.5,0.184832762922924,0.672099987356699,0.0740714884181879,0.0630983176252164,CBCsimpleRW,CBCdriftDiffusionLR_pwBelief,0.5,0.851857023163624,0.88809435120382,0.403526057943658,2.09529890264827,0.5,67.0376971637357
CBC_1027,CBC_1027_MSI_AV_v3_Vset5_Aset1_2023-07-21_16h27.29.899.csv,1,8,0,2,b,1,0,0,aud,A,27,1,0A,2A,1,0,b,2.55405000000064,1,0,1,1,0A,2A,A02,3.13549421592915,0.925928511581812,0.0740714884181879,0.5,0.5,0.0740714884181879,0.925928511581812,0.5,0.5,0.5,0.5,0.989026829207029,0.5,0.5,0.5,0.5,0.925928511581812,0.925928511581812,0.0740714884181879,0.925928511581812,0.5,0.142957034316226,0.672989246237365,0.0740714884181879,0.0630983176252164,CBCsimpleRW,CBCdriftDiffusionLR_pwBelief,0.5,0.851857023163624,0.88809435120382,0.403526057943658,2.09529890264827,0.5,67.0376971637357
CBC_1027,CBC_1027_MSI_AV_v3_Vset5_Aset1_2023-07-21_16h27.29.899.csv,1,9,2,3,z,0,1,3,aud,D,63,1,2D,3D,0,1,z,1.73897949999991,0,1,1,1,3D,2D,D23,3.17805383034795,0.989026829207029,0.0740714884181879,0.5,0.5,0.0740714884181879,0.925928511581812,0.5,0.5,0.5,0.5,0.989026829207029,0.5,0.5,0.5,0.5,0.925928511581812,0.925928511581812,0.0740714884181879,0.925928511581812,0.5,0.374546351931526,0.673038450110176,0.0740714884181879,0.0630983176252164,CBCsimpleRW,CBCdriftDiffusionLR_pwBelief,0.5,0.851857023163624,0.88809435120382,0.403526057943658,2.09529890264827,0.5,67.0376971637357
CBC_1027,CBC_1027_MSI_AV_v3_Vset5_Aset1_2023-07-21_16h27.29.899.csv,1,10,1,3,b,1,0,2,aud,B,27,1,1B,3B,1,0,b,2.14430709999942,1,0,1,1,1B,3B,B13,3.2188758248682,0.989026829207029,0.0740714884181879,0.5,0.5,0.0740714884181879,0.925928511581812,0.5,0.5,0.5,0.5,0.989026829207029,0.5,0.5,0.5,0.5,0.989026829207029,0.925928511581812,0.0740714884181879,0.925928511581812,0.5,0.231892673419138,0.672162236950637,0.0740714884181879,0.0630983176252164,CBCsimpleRW,CBCdriftDiffusionLR_pwBelief,0.5,0.851857023163624,0.88809435120382,0.403526057943658,2.09529890264827,0.5,67.0376971637357
CBC_1027,CBC_1027_MSI_AV_v3_Vset5_Aset1_2023-07-21_16h27.29.899.csv,1,11,2,3,b,1,0,1,aud,C,63,1,2C,3C,1,0,z,1.65245679999862,0,1,0,0,3C,2C,C23,3.25809653802148,0.989026829207029,0.0740714884181879,0.5,0.5,0.0740714884181879,0.989026829207029,0.5,0.5,0.5,0.5,0.989026829207029,0.5,0.5,0.5,0.5,0.989026829207029,0.0109731707929714,0.989026829207029,0.5,0.989026829207029,0.188235038693922,0.304250798106442,-0.5,-0.425928511581812,CBCsimpleRW,CBCdriftDiffusionLR_pwBelief,0.5,0.851857023163624,0.88809435120382,0.403526057943658,2.09529890264827,0.5,67.0376971637357
CBC_1027,CBC_1027_MSI_AV_v3_Vset5_Aset1_2023-07-21_16h27.29.899.csv,1,12,3,1,z,0,1,2,aud,B,27,1,3B,1B,0,1,z,2.08916800000043,0,1,1,1,1B,3B,B31,3.29583686600433,0.989026829207029,0.0740714884181879,0.5,0.5,0.0740714884181879,0.989026829207029,0.5,0.5,0.5,0.5,0.989026829207029,0.0740714884181879,0.5,0.5,0.5,0.989026829207029,0.989026829207029,0.0109731707929714,0.989026829207029,0.5,0.255414344487866,0.695682482664914,0.0109731707929714,0.00934757260636668,CBCsimpleRW,CBCdriftDiffusionLR_pwBelief,0.5,0.851857023163624,0.88809435120382,0.403526057943658,2.09529890264827,0.5,67.0376971637357
CBC_1027,CBC_1027_MSI_AV_v3_Vset5_Aset1_2023-07-21_16h27.29.899.csv,1,13,2,3,b,1,0,1,aud,C,63,1,2C,3C,1,0,b,1.47864259999915,1,0,1,1,2C,3C,C23,2.63905732961526,0.989026829207029,0.0740714884181879,0.5,0.5,0.0740714884181879,0.998374401813395,0.5,0.5,0.5,0.5,0.989026829207029,0.0740714884181879,0.5,0.5,0.5,0.989026829207029,0.999113227148046,0.000886772851954487,0.989026829207029,0.0740714884181879,0.527753504606943,0.69939970038213,0.0109731707929714,0.00934757260636668,CBCsimpleRW,CBCdriftDiffusionLR_pwBelief,0.5,0.851857023163624,0.88809435120382,0.403526057943658,2.09529890264827,0.5,67.0376971637357
CBC_1027,CBC_1027_MSI_AV_v3_Vset5_Aset1_2023-07-21_16h27.29.899.csv,1,14,2,3,z,0,1,3,aud,D,63,1,2D,3D,0,1,z,1.54143199999999,0,1,1,1,3D,2D,D23,2.67414864942653,0.989026829207029,0.0740714884181879,0.5,0.5,0.0740714884181879,0.998374401813395,0.5,0.5,0.5,0.5,0.998374401813395,0.0740714884181879,0.5,0.5,0.5,0.989026829207029,0.989026829207029,0.0109731707929714,0.989026829207029,0.5,0.489381907217785,0.69587351308413,0.0109731707929714,0.00934757260636668,CBCsimpleRW,CBCdriftDiffusionLR_pwBelief,0.5,0.851857023163624,0.88809435120382,0.403526057943658,2.09529890264827,0.5,67.0376971637357
CBC_1027,CBC_1027_MSI_AV_v3_Vset5_Aset1_2023-07-21_16h27.29.899.csv,1,15,3,0,z,0,1,0,aud,A,9,1,3A,0A,0,1,z,1.70691380000062,0,1,1,1,0A,3A,A30,3.40119738166216,0.989026829207029,0.0740714884181879,0.5,0.5,0.0740714884181879,0.998374401813395,0.5,0.5,0.5,0.5,0.998374401813395,0.0740714884181879,0.5,0.5,0.5,0.998374401813395,0.989026829207029,0.0109731707929714,0.989026829207029,0.5,0.403350131571236,0.695275307695863,0.0109731707929714,0.00934757260636668,CBCsimpleRW,CBCdriftDiffusionLR_pwBelief,0.5,0.851857023163624,0.88809435120382,0.403526057943658,2.09529890264827,0.5,67.0376971637357
CBC_1027,CBC_1027_MSI_AV_v3_Vset5_Aset1_2023-07-21_16h27.29.899.csv,1,16,1,0,b,1,0,2,aud,B,63,0,1B,0B,0,1,b,1.09278499999891,1,0,1,0,1B,0B,B10,2.7408400239252,0.998374401813395,0.0740714884181879,0.5,0.5,0.0740714884181879,0.998374401813395,0.5,0.5,0.5,0.5,0.998374401813395,0.0740714884181879,0.5,0.5,0.5,0.998374401813395,0.999869762269995,0.000130237730004645,0.998374401813395,0.0740714884181879,0.463597360332763,0.699269342387229,-0.998374401813395,-0.850472245931523,CBCsimpleRW,CBCdriftDiffusionLR_pwBelief,0.5,0.851857023163624,0.88809435120382,0.403526057943658,2.09529890264827,0.5,67.0376971637357
CBC_1027,CBC_1027_MSI_AV_v3_Vset5_Aset1_2023-07-21_16h27.29.899.csv,1,17,3,2,b,1,0,3,aud,D,63,1,3D,2D,1,0,z,3.08892840000044,0,1,0,0,2D,3D,D32,3.46573590279973,0.998374401813395,0.0740714884181879,0.5,0.5,0.0740714884181879,0.147902155881872,0.5,0.5,0.5,0.5,0.998374401813395,0.0740714884181879,0.5,0.5,0.5,0.998374401813395,0.00162559818660479,0.998374401813395,0.5,0.998374401813395,0.0330422169128403,0.30047492041565,-0.5,-0.425928511581812,CBCsimpleRW,CBCdriftDiffusionLR_pwBelief,0.5,0.851857023163624,0.88809435120382,0.403526057943658,2.09529890264827,0.5,67.0376971637357
CBC_1027,CBC_1027_MSI_AV_v3_Vset5_Aset1_2023-07-21_16h27.29.899.csv,1,18,2,0,b,1,0,1,aud,C,27,1,2C,0C,1,0,b,1.56955709999966,1,0,1,1,2C,0C,C20,3.49650756146648,0.998374401813395,0.0740714884181879,0.5,0.5,0.0740714884181879,0.147902155881872,0.5,0.5,0.5,0.5,0.998374401813395,0.0740714884181879,0.5,0.5,0.0740714884181879,0.998374401813395,0.998374401813395,0.00162559818660479,0.998374401813395,0.5,0.476765034638593,0.699173190409138,0.00162559818660479,0.00138477723210134,CBCsimpleRW,CBCdriftDiffusionLR_pwBelief,0.5,0.851857023163624,0.88809435120382,0.403526057943658,2.09529890264827,0.5,67.0376971637357
CBC_1027,CBC_1027_MSI_AV_v3_Vset5_Aset1_2023-07-21_16h27.29.899.csv,1,19,1,0,z,0,1,0,aud,A,63,1,1A,0A,0,1,b,1.72540329999902,1,0,0,0,1A,0A,A10,2.83321334405622,0.998374401813395,0.0740714884181879,0.5,0.5,0.0740714884181879,0.147902155881872,0.5,0.5,0.5,0.5,0.999759179045497,0.0740714884181879,0.5,0.5,0.0740714884181879,0.998374401813395,0.000130237730004645,0.999869762269995,0.0740714884181879,0.998374401813395,0.170801606812659,0.300728231123809,-0.0740714884181879,-0.0630983176252164,CBCsimpleRW,CBCdriftDiffusionLR_pwBelief,0.5,0.851857023163624,0.88809435120382,0.403526057943658,2.09529890264827,0.5,67.0376971637357
CBC_1027,CBC_1027_MSI_AV_v3_Vset5_Aset1_2023-07-21_16h27.29.899.csv,1,20,0,1,z,0,1,2,aud,B,63,1,0B,1B,0,1,z,1.17991649999931,0,1,1,1,1B,0B,B01,2.86220088092947,0.998374401813395,0.0109731707929715,0.5,0.5,0.0740714884181879,0.147902155881872,0.5,0.5,0.5,0.5,0.999759179045497,0.0740714884181879,0.5,0.5,0.0740714884181879,0.998374401813395,0.684518565011171,0.315481434988829,0.147902155881872,0.0740714884181879,0.470653654665203,0.576926180279767,0.852097844118128,0.72586553293461,CBCsimpleRW,CBCdriftDiffusionLR_pwBelief,0.5,0.851857023163624,0.88809435120382,0.403526057943658,2.09529890264827,0.5,67.0376971637357
CBC_1027,CBC_1027_MSI_AV_v3_Vset5_Aset1_2023-07-21_16h27.29.899.csv,1,21,3,1,b,1,0,3,aud,D,27,1,3D,1D,1,0,b,2.16403479999826,1,0,1,1,3D,1D,D31,3.58351893845611,0.998374401813395,0.0109731707929715,0.5,0.5,0.0740714884181879,0.873767688816482,0.5,0.5,0.5,0.5,0.999759179045497,0.0740714884181879,0.5,0.5,0.0740714884181879,0.998374401813395,0.998374401813395,0.00162559818660479,0.998374401813395,0.5,0.234316972847868,0.698746845190245,0.00162559818660479,0.00138477723210134,CBCsimpleRW,CBCdriftDiffusionLR_pwBelief,0.5,0.851857023163624,0.88809435120382,0.403526057943658,2.09529890264827,0.5,67.0376971637357
CBC_1027,CBC_1027_MSI_AV_v3_Vset5_Aset1_2023-07-21_16h27.29.899.csv,1,22,2,3,b,1,0,1,aud,C,63,1,2C,3C,1,0,b,1.20522579999852,1,0,1,1,2C,3C,C23,2.51230562397611,0.998374401813395,0.0109731707929715,0.5,0.5,0.0740714884181879,0.873767688816482,0.5,0.5,0.5,0.5,0.999759179045497,0.0740714884181879,0.5,0.5,0.0740714884181879,0.999759179045497,0.999980730780721,1.92692192794164e-05,0.999759179045497,0.0740714884181879,0.616491903579777,0.699410499784787,0.000240820954503396,0.000205145021418685,CBCsimpleRW,CBCdriftDiffusionLR_pwBelief,0.5,0.851857023163624,0.88809435120382,0.403526057943658,2.09529890264827,0.5,67.0376971637357
CBC_1027,CBC_1027_MSI_AV_v3_Vset5_Aset1_2023-07-21_16h27.29.899.csv,1,23,1,0,z,0,1,0,aud,A,63,1,1A,0A,0,1,b,2.17610299999978,1,0,0,0,1A,0A,A10,2.53897387105828,0.998374401813395,0.0109731707929715,0.5,0.5,0.0740714884181879,0.873767688816482,0.5,0.5,0.5,0.5,0.999964324066915,0.0740714884181879,0.5,0.5,0.0740714884181879,0.999759179045497,1.8064917785374e-05,0.999981935082215,0.0109731707929715,0.998374401813395,0.0991114659201232,0.299971706764534,-0.0109731707929715,-0.00934757260636672,CBCsimpleRW,CBCdriftDiffusionLR_pwBelief,0.5,0.851857023163624,0.88809435120382,0.403526057943658,2.09529890264827,0.5,67.0376971637357
CBC_1027,CBC_1027_MSI_AV_v3_Vset5_Aset1_2023-07-21_16h27.29.899.csv,1,24,3,2,b,1,0,3,aud,D,63,1,3D,2D,1,0,z,1.45644879999963,0,1,0,0,2D,3D,D32,2.9704144655697,0.998374401813395,0.00162559818660477,0.5,0.5,0.0740714884181879,0.873767688816482,0.5,0.5,0.5,0.5,0.999964324066915,0.0740714884181879,0.5,0.5,0.0740714884181879,0.999759179045497,1.92692192794164e-05,0.999980730780721,0.0740714884181879,0.999759179045497,0.231858977837597,0.300089982906307,-0.0740714884181879,-0.0630983176252164,CBCsimpleRW,CBCdriftDiffusionLR_pwBelief,0.5,0.851857023163624,0.88809435120382,0.403526057943658,2.09529890264827,0.5,67.0376971637357
CBC_1027,CBC_1027_MSI_AV_v3_Vset5_Aset1_2023-07-21_16h27.29.899.csv,1,25,0,2,z,0,1,1,aud,C,27,1,0C,2C,0,1,b,1.70952559999932,1,0,0,0,0C,2C,C02,3.68887945411394,0.998374401813395,0.00162559818660477,0.5,0.5,0.0740714884181879,0.873767688816482,0.5,0.5,0.5,0.5,0.999964324066915,0.0740714884181879,0.5,0.5,0.0109731707929715,0.999759179045497,3.56759330847334e-05,0.999964324066915,0.5,0.999964324066915,0.173768794433653,0.300196825610979,-0.5,-0.425928511581812,CBCsimpleRW,CBCdriftDiffusionLR_pwBelief,0.5,0.851857023163624,0.88809435120382,0.403526057943658,2.09529890264827,0.5,67.0376971637357
CBC_1027,CBC_1027_MSI_AV_v3_Vset5_Aset1_2023-07-21_16h27.29.899.csv,1,26,1,0,z,0,1,0,aud,A,63,1,1A,0A,0,1,z,3.43591839999863,0,1,1,1,0A,1A,A10,2.32727770558442,0.998374401813395,0.00162559818660477,0.5,0.5,0.0740714884181879,0.873767688816482,0.5,0.5,0.0740714884181879,0.5,0.999964324066915,0.0740714884181879,0.5,0.5,0.0109731707929715,0.999759179045497,0.999997348825057,2.65117494282372e-06,0.998374401813395,0.00162559818660477,0.0506310438604604,0.699269218543067,0.00162559818660479,0.00138477723210134,CBCsimpleRW,CBCdriftDiffusionLR_pwBelief,0.5,0.851857023163624,0.88809435120382,0.403526057943658,2.09529890264827,0.5,67.0376971637357
CBC_1027,CBC_1027_MSI_AV_v3_Vset5_Aset1_2023-07-21_16h27.29.899.csv,1,27,3,1,z,0,1,2,aud,B,27,1,3B,1B,0,1,b,1.76269959999991,1,0,0,0,3B,1B,B31,3.04452243772342,0.999759179045497,0.00162559818660477,0.5,0.5,0.0740714884181879,0.873767688816482,0.5,0.5,0.0740714884181879,0.5,0.999964324066915,0.0740714884181879,0.5,0.5,0.0109731707929715,0.999759179045497,0.126232311183518,0.873767688816482,0.5,0.873767688816482,0.187212402058288,0.346757418057018,-0.5,-0.425928511581812,CBCsimpleRW,CBCdriftDiffusionLR_pwBelief,0.5,0.851857023163624,0.88809435120382,0.403526057943658,2.09529890264827,0.5,67.0376971637357
CBC_1027,CBC_1027_MSI_AV_v3_Vset5_Aset1_2023-07-21_16h27.29.899.csv,1,28,2,3,b,1,0,1,aud,C,63,1,2C,3C,1,0,b,1.36931029999869,1,0,1,1,2C,3C,C23,2.37490575457367,0.999759179045497,0.00162559818660477,0.5,0.5,0.0740714884181879,0.873767688816482,0.5,0.0740714884181879,0.0740714884181879,0.5,0.999964324066915,0.0740714884181879,0.5,0.5,0.0109731707929715,0.999759179045497,0.999997145939272,2.85406072753069e-06,0.999964324066915,0.0740714884181879,0.587730666947917,0.700092977134374,3.56759330847334e-05,3.03907941561456e-05,CBCsimpleRW,CBCdriftDiffusionLR_pwBelief,0.5,0.851857023163624,0.88809435120382,0.403526057943658,2.09529890264827,0.5,67.0376971637357
CBC_1027,CBC_1027_MSI_AV_v3_Vset5_Aset1_2023-07-21_16h27.29.899.csv,1,29,2,3,z,0,1,3,aud,D,63,1,2D,3D,0,1,b,1.80467200000021,1,0,0,0,2D,3D,D23,2.68557734525015,0.999759179045497,0.00162559818660477,0.5,0.5,0.0740714884181879,0.873767688816482,0.5,0.0740714884181879,0.0740714884181879,0.5,0.999994714861071,0.0740714884181879,0.5,0.5,0.0109731707929715,0.999759179045497,2.67252501306766e-06,0.999997327474987,0.0109731707929715,0.999759179045497,0.154930296857878,0.299852151834912,-0.0109731707929715,-0.00934757260636672,CBCsimpleRW,CBCdriftDiffusionLR_pwBelief,0.5,0.851857023163624,0.88809435120382,0.403526057943658,2.09529890264827,0.5,67.0376971637357
CBC_1027,CBC_1027_MSI_AV_v3_Vset5_Aset1_2023-07-21_16h27.29.899.csv,1,30,1,0,b,1,0,2,aud,B,63,1,1B,0B,1,0,b,1.91181460000007,1,0,1,1,1B,0B,B10,2.70805020110221,0.999759179045497,0.00162559818660477,0.5,0.5,0.0740714884181879,0.873767688816482,0.5,0.0740714884181879,0.0740714884181879,0.5,0.999994714861071,0.0740714884181879,0.5,0.5,0.00162559818660477,0.999759179045497,0.988574958859175,0.0114250411408252,0.873767688816482,0.0740714884181879,0.315802474725406,0.695208076029942,0.126232311183518,0.107531880831856,CBCsimpleRW,CBCdriftDiffusionLR_pwBelief,0.5,0.851857023163624,0.88809435120382,0.403526057943658,2.09529890264827,0.5,67.0376971637357
CBC_1027,CBC_1027_MSI_AV_v3_Vset5_Aset1_2023-07-21_16h27.29.899.csv,1,31,0,2,b,1,0,0,aud,A,27,1,0A,2A,1,0,z,2.1145863999991,0,1,0,0,2A,0A,A02,3.13549421592915,0.999759179045497,0.00162559818660477,0.5,0.5,0.0740714884181879,0.981299569648338,0.5,0.0740714884181879,0.0740714884181879,0.5,0.999994714861071,0.0740714884181879,0.5,0.5,0.00162559818660477,0.999759179045497,0.000240820954503396,0.999759179045497,0.5,0.999759179045497,0.106733029719146,0.299951307095039,-0.5,-0.425928511581812,CBCsimpleRW,CBCdriftDiffusionLR_pwBelief,0.5,0.851857023163624,0.88809435120382,0.403526057943658,2.09529890264827,0.5,67.0376971637357
CBC_1027,CBC_1027_MSI_AV_v3_Vset5_Aset1_2023-07-21_16h27.29.899.csv,1,32,0,3,z,0,1,3,aud,D,9,1,0D,3D,0,1,z,2.57882459999928,0,1,1,1,3D,0D,D03,3.85014760171006,0.999759179045497,0.00162559818660477,0.0740714884181879,0.5,0.0740714884181879,0.981299569648338,0.5,0.0740714884181879,0.0740714884181879,0.5,0.999994714861071,0.0740714884181879,0.5,0.5,0.00162559818660477,0.999759179045497,0.999759179045497,0.000240820954503396,0.999759179045497,0.5,0.142289265562962,0.699745452754526,0.000240820954503396,0.000205145021418685,CBCsimpleRW,CBCdriftDiffusionLR_pwBelief,0.5,0.851857023163624,0.88809435120382,0.403526057943658,2.09529890264827,0.5,67.0376971637357
CBC_1027,CBC_1027_MSI_AV_v3_Vset5_Aset1_2023-07-21_16h27.29.899.csv,1,33,2,3,b,1,0,1,aud,C,63,1,2C,3C,1,0,b,1.14365399999951,1,0,1,1,2C,3C,C23,2.26176309847379,0.999759179045497,0.00162559818660477,0.0740714884181879,0.5,0.0740714884181879,0.981299569648338,0.5,0.0740714884181879,0.0740714884181879,0.5,0.999994714861071,0.0740714884181879,0.5,0.5,0.00162559818660477,0.999964324066915,0.999999577202769,4.22797230559269e-07,0.999994714861071,0.0740714884181879,0.565705412907006,0.700413971455581,5.28513892861238e-06,4.50218271473392e-06,CBCsimpleRW,CBCdriftDiffusionLR_pwBelief,0.5,0.851857023163624,0.88809435120382,0.403526057943658,2.09529890264827,0.5,67.0376971637357
CBC_1027,CBC_1027_MSI_AV_v3_Vset5_Aset1_2023-07-21_16h27.29.899.csv,1,34,1,0,b,1,0,2,aud,B,63,1,1B,0B,1,0,b,3.2633208999996,1,0,1,1,1B,0B,B10,2.50552593699074,0.999759179045497,0.00162559818660477,0.0740714884181879,0.5,0.0740714884181879,0.981299569648338,0.5,0.0740714884181879,0.0740714884181879,0.5,0.999999217043786,0.0740714884181879,0.5,0.5,0.00162559818660477,0.999964324066915,0.99847783393705,0.00152216606295019,0.981299569648338,0.0740714884181879,0.0623401310978407,0.699461262214412,0.018700430351662,0.0159300929312455,CBCsimpleRW,CBCdriftDiffusionLR_pwBelief,0.5,0.851857023163624,0.88809435120382,0.403526057943658,2.09529890264827,0.5,67.0376971637357
CBC_1027,CBC_1027_MSI_AV_v3_Vset5_Aset1_2023-07-21_16h27.29.899.csv,1,35,1,0,z,0,1,0,aud,A,63,0,1A,0A,1,0,z,1.05378839999867,0,1,1,0,0A,1A,A10,2.30258509299405,0.999759179045497,0.00162559818660477,0.0740714884181879,0.5,0.0740714884181879,0.997229662579583,0.5,0.0740714884181879,0.0740714884181879,0.5,0.999999217043786,0.0740714884181879,0.5,0.5,0.00162559818660477,0.999964324066915,0.999999607790172,3.92209827783936e-07,0.999759179045497,0.00162559818660477,0.339939835821805,0.699514851518238,-0.999759179045497,-0.851651878142205,CBCsimpleRW,CBCdriftDiffusionLR_pwBelief,0.5,0.851857023163624,0.88809435120382,0.403526057943658,2.09529890264827,0.5,67.0376971637357
CBC_1027,CBC_1027_MSI_AV_v3_Vset5_Aset1_2023-07-21_16h27.29.899.csv,1,36,3,2,b,1,0,3,aud,D,63,1,3D,2D,1,0,b,2.09781900000053,1,0,1,1,3D,2D,D32,2.83321334405622,0.148107300903291,0.00162559818660477,0.0740714884181879,0.5,0.0740714884181879,0.997229662579583,0.5,0.0740714884181879,0.0740714884181879,0.5,0.999999217043786,0.0740714884181879,0.5,0.5,0.00162559818660477,0.999964324066915,0.999999941908769,5.80912308256742e-08,0.999964324066915,0.00162559818660477,0.254038538087611,0.699587829165225,3.56759330847334e-05,3.03907941561456e-05,CBCsimpleRW,CBCdriftDiffusionLR_pwBelief,0.5,0.851857023163624,0.88809435120382,0.403526057943658,2.09529890264827,0.5,67.0376971637357
CBC_1027,CBC_1027_MSI_AV_v3_Vset5_Aset1_2023-07-21_16h27.29.899.csv,1,37,2,1,z,0,1,2,aud,B,9,1,2B,1B,0,1,b,3.03113239999948,1,0,0,0,2B,1B,B21,3.95124371858143,0.148107300903291,0.00162559818660477,0.0740714884181879,0.5,0.0740714884181879,0.997229662579583,0.5,0.0740714884181879,0.0740714884181879,0.5,0.999999217043786,0.0740714884181879,0.5,0.5,0.00162559818660477,0.999994714861071,0.00277033742041655,0.997229662579583,0.5,0.997229662579583,0.0356952034820634,0.302224395628211,-0.5,-0.425928511581812,CBCsimpleRW,CBCdriftDiffusionLR_pwBelief,0.5,0.851857023163624,0.88809435120382,0.403526057943658,2.09529890264827,0.5,67.0376971637357
CBC_1027,CBC_1027_MSI_AV_v3_Vset5_Aset1_2023-07-21_16h27.29.899.csv,1,38,0,2,b,1,0,0,aud,A,27,1,0A,2A,1,0,z,1.49797099999887,0,1,0,0,2A,0A,A02,2.87167962488401,0.148107300903291,0.00162559818660477,0.0740714884181879,0.5,0.0740714884181879,0.997229662579583,0.0740714884181879,0.0740714884181879,0.0740714884181879,0.5,0.999999217043786,0.0740714884181879,0.5,0.5,0.00162559818660477,0.999994714861071,0.315130216911918,0.684869783088082,0.0740714884181879,0.148107300903291,0.302512051804879,0.422556181973599,-0.0740714884181879,-0.0630983176252164,CBCsimpleRW,CBCdriftDiffusionLR_pwBelief,0.5,0.851857023163624,0.88809435120382,0.403526057943658,2.09529890264827,0.5,67.0376971637357
CBC_1027,CBC_1027_MSI_AV_v3_Vset5_Aset1_2023-07-21_16h27.29.899.csv,1,39,3,2,z,0,1,1,aud,C,63,1,3C,2C,0,1,z,1.12535670000034,0,1,1,1,2C,3C,C32,3.29583686600433,0.148107300903291,0.00162559818660477,0.0109731707929715,0.5,0.0740714884181879,0.997229662579583,0.0740714884181879,0.0740714884181879,0.0740714884181879,0.5,0.999999217043786,0.0740714884181879,0.5,0.5,0.00162559818660477,0.999994714861071,0.999999937365819,6.26341809076907e-08,0.999999217043786,0.0740714884181879,0.534714767186957,0.698714234713272,7.82956213862818e-07,6.66966749608642e-07,CBCsimpleRW,CBCdriftDiffusionLR_pwBelief,0.5,0.851857023163624,0.88809435120382,0.403526057943658,2.09529890264827,0.5,67.0376971637357
CBC_1027,CBC_1027_MSI_AV_v3_Vset5_Aset1_2023-07-21_16h27.29.899.csv,1,40,3,1,b,1,0,3,aud,D,27,1,3D,1D,1,0,b,3.56871849999879,1,0,1,1,3D,1D,D31,3.31418600467253,0.148107300903291,0.00162559818660477,0.0109731707929715,0.5,0.0740714884181879,0.997229662579583,0.0740714884181879,0.0740714884181879,0.0740714884181879,0.5,0.999999884010536,0.0740714884181879,0.5,0.5,0.00162559818660477,0.999994714861071,0.999994714861071,5.28513892861238e-06,0.999994714861071,0.5,0.043143941742221,0.699023217462897,5.28513892861238e-06,4.50218271473392e-06,CBCsimpleRW,CBCdriftDiffusionLR_pwBelief,0.5,0.851857023163624,0.88809435120382,0.403526057943658,2.09529890264827,0.5,67.0376971637357
CBC_1027,CBC_1027_MSI_AV_v3_Vset5_Aset1_2023-07-21_16h27.29.899.csv,1,41,1,0,z,0,1,0,aud,A,63,1,1A,0A,0,1,z,1.39482169999974,0,1,1,1,0A,1A,A10,2.23359222150709,0.148107300903291,0.00162559818660477,0.0109731707929715,0.5,0.0740714884181879,0.997229662579583,0.0740714884181879,0.0740714884181879,0.0740714884181879,0.5,0.999999884010536,0.0740714884181879,0.5,0.5,0.00162559818660477,0.999999217043786,0.990721457381482,0.00927854261851799,0.148107300903291,0.00162559818660477,0.570970354275035,0.6966535741184,0.851892699096709,0.725690778707347,CBCsimpleRW,CBCdriftDiffusionLR_pwBelief,0.5,0.851857023163624,0.88809435120382,0.403526057943658,2.09529890264827,0.5,67.0376971637357
CBC_1027,CBC_1027_MSI_AV_v3_Vset5_Aset1_2023-07-21_16h27.29.899.csv,1,42,2,0,b,1,0,1,aud,C,27,1,2C,0C,1,0,b,1.7811443999999,1,0,1,1,2C,0C,C20,3.3499040872746,0.873798079610638,0.00162559818660477,0.0109731707929715,0.5,0.0740714884181879,0.997229662579583,0.0740714884181879,0.0740714884181879,0.0740714884181879,0.5,0.999999884010536,0.0740714884181879,0.5,0.5,0.00162559818660477,0.999999217043786,0.999999990721192,9.2788083883022e-09,0.999999884010536,0.0740714884181879,0.371534878488503,0.699173430522991,1.15989464255506e-07,9.88064397390389e-08,CBCsimpleRW,CBCdriftDiffusionLR_pwBelief,0.5,0.851857023163624,0.88809435120382,0.403526057943658,2.09529890264827,0.5,67.0376971637357
CBC_1027,CBC_1027_MSI_AV_v3_Vset5_Aset1_2023-07-21_16h27.29.899.csv,1,43,2,3,z,0,1,3,aud,D,63,1,2D,3D,0,1,b,2.30787520000013,1,0,0,0,2D,3D,D23,2.67414864942653,0.873798079610638,0.00162559818660477,0.0109731707929715,0.5,0.0740714884181879,0.997229662579583,0.0740714884181879,0.0740714884181879,0.0740714884181879,0.5,0.999999982816975,0.0740714884181879,0.5,0.5,0.00162559818660477,0.999999217043786,1.27484558301739e-09,0.999999998725154,0.00162559818660477,0.999999217043786,0.0847355713526336,0.300559473615294,-0.00162559818660477,-0.00138477723210133,CBCsimpleRW,CBCdriftDiffusionLR_pwBelief,0.5,0.851857023163624,0.88809435120382,0.403526057943658,2.09529890264827,0.5,67.0376971637357
CBC_1027,CBC_1027_MSI_AV_v3_Vset5_Aset1_2023-07-21_16h27.29.899.csv,1,44,0,1,z,0,1,2,aud,B,63,1,0B,1B,0,1,z,1.25900320000073,0,1,1,1,1B,0B,B01,2.97892515523761,0.873798079610638,0.00162559818660477,0.0109731707929715,0.5,0.0740714884181879,0.997229662579583,0.0740714884181879,0.0740714884181879,0.0740714884181879,0.5,0.999999982816975,0.0740714884181879,0.5,0.5,0.000240820954503446,0.999999217043786,0.999777815074536,0.000222184925463597,0.997229662579583,0.0740714884181879,0.624162234615151,0.699810086864778,0.00277033742041655,0.00235993138811483,CBCsimpleRW,CBCdriftDiffusionLR_pwBelief,0.5,0.851857023163624,0.88809435120382,0.403526057943658,2.09529890264827,0.5,67.0376971637357
CBC_1027,CBC_1027_MSI_TV_v3_Vset2_Tset2_2023-07-21_16h36.05.936.csv,2,1,3,1,z,0,1,2,tac,B,27,1,3B,1B,0,1,z,2.00913389999914,0,1,1,1,1B,3B,B31,2.77258872223978,0.5,0.5,0.5,0.5,0.5,0.5,0.5,0.5,0.5,0.5,0.5,0.5,0.5,0.5,0.5,0.5,0.5,0.5,0.5,0.5,0.173618664901781,0.499200529173654,0.5,0.16102281834015,CBCsimpleRW,CBCdriftDiffusionLR_pwBelief,0.5,0.322045636680301,0.667406358199686,0.869709996244239,2.47306841535296,0.5,68.9743611927829
CBC_1027,CBC_1027_MSI_TV_v3_Vset2_Tset2_2023-07-21_16h36.05.936.csv,2,2,2,3,b,1,0,1,tac,C,63,1,2C,3C,1,0,z,2.35133200000018,0,1,0,0,3C,2C,C23,2.83321334405622,0.5,0.5,0.5,0.5,0.5,0.66102281834015,0.5,0.5,0.5,0.5,0.5,0.5,0.5,0.5,0.5,0.5,0.5,0.5,0.5,0.5,0.132044880175149,0.500161607349367,-0.5,-0.16102281834015,CBCsimpleRW,CBCdriftDiffusionLR_pwBelief,0.5,0.322045636680301,0.667406358199686,0.869709996244239,2.47306841535296,0.5,68.9743611927829
CBC_1027,CBC_1027_MSI_TV_v3_Vset2_Tset2_2023-07-21_16h36.05.936.csv,2,3,2,3,z,0,1,3,tac,D,63,1,2D,3D,0,1,z,1.92471239999941,0,1,1,1,3D,2D,D23,2.89037175789616,0.5,0.5,0.5,0.5,0.5,0.66102281834015,0.5,0.5,0.5,0.5,0.5,0.33897718165985,0.5,0.5,0.5,0.5,0.5,0.5,0.5,0.5,0.186159671013431,0.500202037542484,0.5,0.16102281834015,CBCsimpleRW,CBCdriftDiffusionLR_pwBelief,0.5,0.322045636680301,0.667406358199686,0.869709996244239,2.47306841535296,0.5,68.9743611927829
CBC_1027,CBC_1027_MSI_TV_v3_Vset2_Tset2_2023-07-21_16h36.05.936.csv,2,4,1,0,b,1,0,2,tac,B,63,1,1B,0B,1,0,z,2.08881999999903,0,1,0,0,0B,1B,B10,2.94443897916644,0.5,0.5,0.5,0.5,0.5,0.66102281834015,0.5,0.5,0.5,0.5,0.5,0.33897718165985,0.5,0.5,0.5,0.66102281834015,0.33897718165985,0.66102281834015,0.5,0.66102281834015,0.109192655571057,0.333717614288219,-0.5,-0.16102281834015,CBCsimpleRW,CBCdriftDiffusionLR_pwBelief,0.5,0.322045636680301,0.667406358199686,0.869709996244239,2.47306841535296,0.5,68.9743611927829
CBC_1027,CBC_1027_MSI_TV_v3_Vset2_Tset2_2023-07-21_16h36.05.936.csv,2,5,3,0,z,0,1,0,tac,A,9,1,3A,0A,0,1,z,2.4876064,0,1,1,1,0A,3A,A30,2.99573227355399,0.5,0.5,0.5,0.5,0.33897718165985,0.66102281834015,0.5,0.5,0.5,0.5,0.5,0.33897718165985,0.5,0.5,0.5,0.66102281834015,0.5,0.5,0.5,0.5,0.118013294083819,0.498950988902321,0.5,0.16102281834015,CBCsimpleRW,CBCdriftDiffusionLR_pwBelief,0.5,0.322045636680301,0.667406358199686,0.869709996244239,2.47306841535296,0.5,68.9743611927829
CBC_1027,CBC_1027_MSI_TV_v3_Vset2_Tset2_2023-07-21_16h36.05.936.csv,2,6,2,3,z,0,1,3,tac,D,63,1,2D,3D,0,1,b,1.19437369999832,1,0,0,0,2D,3D,D23,2.35137525716348,0.66102281834015,0.5,0.5,0.5,0.33897718165985,0.66102281834015,0.5,0.5,0.5,0.5,0.5,0.33897718165985,0.5,0.5,0.5,0.66102281834015,0.33897718165985,0.66102281834015,0.5,0.66102281834015,0.209282686414143,0.333214546715018,-0.5,-0.16102281834015,CBCsimpleRW,CBCdriftDiffusionLR_pwBelief,0.5,0.322045636680301,0.667406358199686,0.869709996244239,2.47306841535296,0.5,68.9743611927829
CBC_1027,CBC_1027_MSI_TV_v3_Vset2_Tset2_2023-07-21_16h36.05.936.csv,2,7,2,0,b,1,0,1,tac,C,27,1,2C,0C,1,0,b,2.45755070000087,1,0,1,1,2C,0C,C20,3.09104245335832,0.66102281834015,0.5,0.5,0.5,0.33897718165985,0.66102281834015,0.5,0.5,0.5,0.5,0.5,0.33897718165985,0.5,0.5,0.33897718165985,0.66102281834015,0.5,0.5,0.5,0.5,0.120944582927102,0.499095404995019,0.5,0.16102281834015,CBCsimpleRW,CBCdriftDiffusionLR_pwBelief,0.5,0.322045636680301,0.667406358199686,0.869709996244239,2.47306841535296,0.5,68.9743611927829
CBC_1027,CBC_1027_MSI_TV_v3_Vset2_Tset2_2023-07-21_16h36.05.936.csv,2,8,1,0,z,0,1,0,tac,A,63,1,1A,0A,0,1,z,2.56390459999966,0,1,1,1,0A,1A,A10,3.13549421592915,0.66102281834015,0.5,0.5,0.5,0.33897718165985,0.66102281834015,0.5,0.5,0.5,0.5,0.66102281834015,0.33897718165985,0.5,0.5,0.33897718165985,0.66102281834015,0.66102281834015,0.33897718165985,0.66102281834015,0.5,0.145882285091831,0.666177288586462,0.33897718165985,0.10916612228774,CBCsimpleRW,CBCdriftDiffusionLR_pwBelief,0.5,0.322045636680301,0.667406358199686,0.869709996244239,2.47306841535296,0.5,68.9743611927829
CBC_1027,CBC_1027_MSI_TV_v3_Vset2_Tset2_2023-07-21_16h36.05.936.csv,2,9,0,1,z,0,1,2,tac,B,63,1,0B,1B,0,1,z,2.29913029999989,0,1,1,1,1B,0B,B01,3.17805383034795,0.77018894062789,0.5,0.5,0.5,0.33897718165985,0.66102281834015,0.5,0.5,0.5,0.5,0.66102281834015,0.33897718165985,0.5,0.5,0.33897718165985,0.66102281834015,0.791783753811439,0.208216246188561,0.66102281834015,0.33897718165985,0.208990102028459,0.778137518199342,0.33897718165985,0.10916612228774,CBCsimpleRW,CBCdriftDiffusionLR_pwBelief,0.5,0.322045636680301,0.667406358199686,0.869709996244239,2.47306841535296,0.5,68.9743611927829
CBC_1027,CBC_1027_MSI_TV_v3_Vset2_Tset2_2023-07-21_16h36.05.936.csv,2,10,3,1,b,1,0,3,tac,D,27,1,3D,1D,1,0,b,1.49538550000034,1,0,1,1,3D,1D,D31,3.2188758248682,0.77018894062789,0.5,0.5,0.5,0.33897718165985,0.77018894062789,0.5,0.5,0.5,0.5,0.66102281834015,0.33897718165985,0.5,0.5,0.33897718165985,0.66102281834015,0.66102281834015,0.33897718165985,0.66102281834015,0.5,0.354988871288834,0.666095765555222,0.33897718165985,0.10916612228774,CBCsimpleRW,CBCdriftDiffusionLR_pwBelief,0.5,0.322045636680301,0.667406358199686,0.869709996244239,2.47306841535296,0.5,68.9743611927829
CBC_1027,CBC_1027_MSI_TV_v3_Vset2_Tset2_2023-07-21_16h36.05.936.csv,2,11,2,3,b,1,0,1,tac,C,63,1,2C,3C,1,0,b,2.58627850000084,1,0,1,1,2C,3C,C23,2.56494935746154,0.77018894062789,0.5,0.5,0.5,0.33897718165985,0.77018894062789,0.5,0.5,0.5,0.5,0.66102281834015,0.33897718165985,0.5,0.5,0.33897718165985,0.77018894062789,0.791783753811439,0.208216246188561,0.66102281834015,0.33897718165985,0.15977190389547,0.778211213307675,0.33897718165985,0.10916612228774,CBCsimpleRW,CBCdriftDiffusionLR_pwBelief,0.5,0.322045636680301,0.667406358199686,0.869709996244239,2.47306841535296,0.5,68.9743611927829
CBC_1027,CBC_1027_MSI_TV_v3_Vset2_Tset2_2023-07-21_16h36.05.936.csv,2,12,0,1,z,0,1,2,tac,B,63,1,0B,1B,0,1,z,2.11837000000014,0,1,1,1,1B,0B,B01,2.60268968544438,0.77018894062789,0.5,0.5,0.5,0.33897718165985,0.77018894062789,0.5,0.5,0.5,0.5,0.77018894062789,0.33897718165985,0.5,0.5,0.33897718165985,0.77018894062789,0.867293087651304,0.132706912348696,0.77018894062789,0.33897718165985,0.260876606730492,0.828732104209313,0.22981105937211,0.0740096489316654,CBCsimpleRW,CBCdriftDiffusionLR_pwBelief,0.5,0.322045636680301,0.667406358199686,0.869709996244239,2.47306841535296,0.5,68.9743611927829
CBC_1027,CBC_1027_MSI_TV_v3_Vset2_Tset2_2023-07-21_16h36.05.936.csv,2,13,1,0,z,0,1,0,tac,A,63,1,1A,0A,0,1,z,2.29766480000035,0,1,1,1,0A,1A,A10,2.63905732961526,0.77018894062789,0.5,0.5,0.5,0.33897718165985,0.844198589559556,0.5,0.5,0.5,0.5,0.77018894062789,0.33897718165985,0.5,0.5,0.33897718165985,0.77018894062789,0.77018894062789,0.22981105937211,0.77018894062789,0.5,0.205808550142316,0.761510462479391,0.22981105937211,0.0740096489316654,CBCsimpleRW,CBCdriftDiffusionLR_pwBelief,0.5,0.322045636680301,0.667406358199686,0.869709996244239,2.47306841535296,0.5,68.9743611927829
CBC_1027,CBC_1027_MSI_TV_v3_Vset2_Tset2_2023-07-21_16h36.05.936.csv,2,14,2,1,b,1,0,1,tac,C,9,1,2C,1C,1,0,z,2.91122300000097,0,1,0,0,1C,2C,C21,3.36729582998647,0.844198589559556,0.5,0.5,0.5,0.33897718165985,0.844198589559556,0.5,0.5,0.5,0.5,0.77018894062789,0.33897718165985,0.5,0.5,0.33897718165985,0.77018894062789,0.22981105937211,0.77018894062789,0.5,0.77018894062789,0.0367367354056334,0.238566731914049,-0.5,-0.16102281834015,CBCsimpleRW,CBCdriftDiffusionLR_pwBelief,0.5,0.322045636680301,0.667406358199686,0.869709996244239,2.47306841535296,0.5,68.9743611927829
CBC_1027,CBC_1027_MSI_TV_v3_Vset2_Tset2_2023-07-21_16h36.05.936.csv,2,15,0,1,b,1,0,0,tac,A,63,1,0A,1A,1,0,b,2.34309489999941,1,0,1,1,0A,1A,A01,3.40119738166216,0.844198589559556,0.5,0.5,0.5,0.33897718165985,0.844198589559556,0.5,0.5,0.5,0.33897718165985,0.77018894062789,0.33897718165985,0.5,0.5,0.33897718165985,0.77018894062789,0.844198589559556,0.155801410440444,0.844198589559556,0.5,0.206308840969149,0.814535683218012,0.155801410440444,0.0501751644209817,CBCsimpleRW,CBCdriftDiffusionLR_pwBelief,0.5,0.322045636680301,0.667406358199686,0.869709996244239,2.47306841535296,0.5,68.9743611927829
CBC_1027,CBC_1027_MSI_TV_v3_Vset2_Tset2_2023-07-21_16h36.05.936.csv,2,16,1,3,z,0,1,3,tac,D,27,1,1D,3D,0,1,z,1.78185109999868,0,1,1,1,3D,1D,D13,3.43398720448515,0.894373753980538,0.5,0.5,0.5,0.33897718165985,0.844198589559556,0.5,0.5,0.5,0.33897718165985,0.77018894062789,0.33897718165985,0.5,0.5,0.33897718165985,0.77018894062789,0.77018894062789,0.22981105937211,0.77018894062789,0.5,0.33000270143649,0.762331453059201,0.22981105937211,0.0740096489316654,CBCsimpleRW,CBCdriftDiffusionLR_pwBelief,0.5,0.322045636680301,0.667406358199686,0.869709996244239,2.47306841535296,0.5,68.9743611927829
CBC_1027,CBC_1027_MSI_TV_v3_Vset2_Tset2_2023-07-21_16h36.05.936.csv,2,17,1,0,b,1,0,2,tac,B,63,1,1B,0B,1,0,b,2.78130149999924,1,0,1,1,1B,0B,B10,2.77258872223978,0.894373753980538,0.5,0.5,0.5,0.33897718165985,0.844198589559556,0.5,0.5,0.5,0.33897718165985,0.77018894062789,0.33897718165985,0.5,0.5,0.33897718165985,0.844198589559556,0.913541252600571,0.086458747399429,0.844198589559556,0.33897718165985,0.131509995798381,0.854957827438594,0.155801410440444,0.0501751644209817,CBCsimpleRW,CBCdriftDiffusionLR_pwBelief,0.5,0.322045636680301,0.667406358199686,0.869709996244239,2.47306841535296,0.5,68.9743611927829
CBC_1027,CBC_1027_MSI_TV_v3_Vset2_Tset2_2023-07-21_16h36.05.936.csv,2,18,3,2,z,0,1,1,tac,C,63,0,3C,2C,1,0,z,1.44309129999965,0,1,1,0,2C,3C,C32,3.49650756146648,0.894373753980538,0.5,0.5,0.5,0.33897718165985,0.894373753980538,0.5,0.5,0.5,0.33897718165985,0.77018894062789,0.33897718165985,0.5,0.5,0.33897718165985,0.844198589559556,0.867293087651304,0.132706912348696,0.77018894062789,0.33897718165985,0.506432570654119,0.829334998732512,-0.77018894062789,-0.248035987748635,CBCsimpleRW,CBCdriftDiffusionLR_pwBelief,0.5,0.322045636680301,0.667406358199686,0.869709996244239,2.47306841535296,0.5,68.9743611927829
CBC_1027,CBC_1027_MSI_TV_v3_Vset2_Tset2_2023-07-21_16h36.05.936.csv,2,19,0,2,b,1,0,0,tac,A,27,1,0A,2A,1,0,z,3.38169779999953,0,1,0,0,2A,0A,A02,3.52636052461616,0.894373753980538,0.5,0.5,0.5,0.33897718165985,0.894373753980538,0.5,0.5,0.5,0.33897718165985,0.522152952879255,0.33897718165985,0.5,0.5,0.33897718165985,0.844198589559556,0.105626246019462,0.894373753980538,0.5,0.894373753980538,0.0130086370582816,0.155027057274056,-0.5,-0.16102281834015,CBCsimpleRW,CBCdriftDiffusionLR_pwBelief,0.5,0.322045636680301,0.667406358199686,0.869709996244239,2.47306841535296,0.5,68.9743611927829
CBC_1027,CBC_1027_MSI_TV_v3_Vset2_Tset2_2023-07-21_16h36.05.936.csv,2,20,2,3,z,0,1,3,tac,D,63,1,2D,3D,0,1,z,0.943765699999858,0,1,1,1,3D,2D,D23,2.4567357728213,0.894373753980538,0.5,0.33897718165985,0.5,0.33897718165985,0.894373753980538,0.5,0.5,0.5,0.33897718165985,0.522152952879255,0.33897718165985,0.5,0.5,0.33897718165985,0.844198589559556,0.913541252600571,0.086458747399429,0.844198589559556,0.33897718165985,0.484984180526857,0.856239659799458,0.155801410440444,0.0501751644209817,CBCsimpleRW,CBCdriftDiffusionLR_pwBelief,0.5,0.322045636680301,0.667406358199686,0.869709996244239,2.47306841535296,0.5,68.9743611927829
CBC_1027,CBC_1027_MSI_TV_v3_Vset2_Tset2_2023-07-21_16h36.05.936.csv,2,21,1,3,b,1,0,2,tac,B,27,1,1B,3B,1,0,b,2.10556170000018,1,0,1,1,1B,3B,B13,3.58351893845611,0.894373753980538,0.5,0.33897718165985,0.5,0.33897718165985,0.894373753980538,0.5,0.5,0.5,0.33897718165985,0.522152952879255,0.33897718165985,0.5,0.5,0.33897718165985,0.894373753980538,0.894373753980538,0.105626246019462,0.894373753980538,0.5,0.267898019258602,0.844873696936645,0.105626246019462,0.0340164716494878,CBCsimpleRW,CBCdriftDiffusionLR_pwBelief,0.5,0.322045636680301,0.667406358199686,0.869709996244239,2.47306841535296,0.5,68.9743611927829
CBC_1027,CBC_1027_MSI_TV_v3_Vset2_Tset2_2023-07-21_16h36.05.936.csv,2,22,2,3,b,1,0,1,tac,C,63,1,2C,3C,1,0,b,1.81747330000144,1,0,1,1,2C,3C,C23,2.51230562397611,0.894373753980538,0.5,0.33897718165985,0.5,0.33897718165985,0.928390225630025,0.5,0.5,0.5,0.33897718165985,0.522152952879255,0.33897718165985,0.5,0.5,0.33897718165985,0.894373753980538,0.680598891666348,0.319401108333652,0.522152952879255,0.33897718165985,0.282630129363534,0.685380834353044,0.477847047120745,0.153888556525802,CBCsimpleRW,CBCdriftDiffusionLR_pwBelief,0.5,0.322045636680301,0.667406358199686,0.869709996244239,2.47306841535296,0.5,68.9743611927829
CBC_1027,CBC_1027_MSI_TV_v3_Vset2_Tset2_2023-07-21_16h36.05.936.csv,2,23,1,0,z,0,1,0,tac,A,63,1,1A,0A,0,1,z,2.29386429999977,0,1,1,1,0A,1A,A10,2.53897387105828,0.894373753980538,0.5,0.33897718165985,0.5,0.33897718165985,0.928390225630025,0.5,0.5,0.5,0.33897718165985,0.676041509405057,0.33897718165985,0.5,0.5,0.33897718165985,0.894373753980538,0.894373753980538,0.105626246019462,0.894373753980538,0.5,0.220210259526692,0.844710912593529,0.105626246019462,0.0340164716494878,CBCsimpleRW,CBCdriftDiffusionLR_pwBelief,0.5,0.322045636680301,0.667406358199686,0.869709996244239,2.47306841535296,0.5,68.9743611927829
CBC_1027,CBC_1027_MSI_TV_v3_Vset2_Tset2_2023-07-21_16h36.05.936.csv,2,24,1,2,b,1,0,2,tac,B,9,1,1B,2B,1,0,b,1.92397549999987,1,0,1,1,1B,2B,B12,3.66356164612965,0.928390225630025,0.5,0.33897718165985,0.5,0.33897718165985,0.928390225630025,0.5,0.5,0.5,0.33897718165985,0.676041509405057,0.33897718165985,0.5,0.5,0.33897718165985,0.894373753980538,0.928390225630025,0.0716097743699746,0.928390225630025,0.5,0.330004842758311,0.863053907363543,0.0716097743699746,0.0230616153795111,CBCsimpleRW,CBCdriftDiffusionLR_pwBelief,0.5,0.322045636680301,0.667406358199686,0.869709996244239,2.47306841535296,0.5,68.9743611927829
CBC_1027,CBC_1027_MSI_TV_v3_Vset2_Tset2_2023-07-21_16h36.05.936.csv,2,25,3,2,z,0,1,1,tac,C,63,1,3C,2C,0,1,z,2.35015120000025,0,1,1,1,2C,3C,C32,2.99573227355399,0.928390225630025,0.5,0.33897718165985,0.5,0.33897718165985,0.951451841009537,0.5,0.5,0.5,0.33897718165985,0.676041509405057,0.33897718165985,0.5,0.5,0.33897718165985,0.894373753980538,0.802737851533912,0.197262148466088,0.676041509405057,0.33897718165985,0.200654929440204,0.786195955801047,0.323958490594943,0.104329418361638,CBCsimpleRW,CBCdriftDiffusionLR_pwBelief,0.5,0.322045636680301,0.667406358199686,0.869709996244239,2.47306841535296,0.5,68.9743611927829
CBC_1027,CBC_1027_MSI_TV_v3_Vset2_Tset2_2023-07-21_16h36.05.936.csv,2,26,3,2,b,1,0,3,tac,D,63,1,3D,2D,1,0,b,0.93083359999946,1,0,1,1,3D,2D,D32,3.71357206670431,0.928390225630025,0.5,0.33897718165985,0.5,0.33897718165985,0.951451841009537,0.5,0.5,0.5,0.33897718165985,0.780370927766695,0.33897718165985,0.5,0.5,0.33897718165985,0.894373753980538,0.942895494800068,0.057104505199932,0.894373753980538,0.33897718165985,0.480283509840395,0.870482100100256,0.105626246019462,0.0340164716494878,CBCsimpleRW,CBCdriftDiffusionLR_pwBelief,0.5,0.322045636680301,0.667406358199686,0.869709996244239,2.47306841535296,0.5,68.9743611927829
CBC_1027,CBC_1027_MSI_TV_v3_Vset2_Tset2_2023-07-21_16h36.05.936.csv,2,27,1,0,b,1,0,2,tac,B,63,1,1B,0B,1,0,z,1.71299759999965,0,1,0,0,0B,1B,B10,2.63905732961526,0.928390225630025,0.5,0.33897718165985,0.5,0.33897718165985,0.951451841009537,0.5,0.5,0.5,0.33897718165985,0.780370927766695,0.33897718165985,0.5,0.5,0.33897718165985,0.928390225630025,0.0254989489616596,0.97450105103834,0.33897718165985,0.951451841009537,0.055534269416469,0.114866598951939,-0.33897718165985,-0.10916612228774,CBCsimpleRW,CBCdriftDiffusionLR_pwBelief,0.5,0.322045636680301,0.667406358199686,0.869709996244239,2.47306841535296,0.5,68.9743611927829
CBC_1027,CBC_1027_MSI_TV_v3_Vset2_Tset2_2023-07-21_16h36.05.936.csv,2,28,2,0,z,0,1,0,tac,A,27,1,2A,0A,0,1,z,2.80807629999981,0,1,1,1,0A,2A,A20,3.76120011569356,0.928390225630025,0.5,0.33897718165985,0.5,0.22981105937211,0.951451841009537,0.5,0.5,0.5,0.33897718165985,0.780370927766695,0.33897718165985,0.5,0.5,0.33897718165985,0.928390225630025,0.961950539652598,0.038049460347402,0.928390225630025,0.33897718165985,0.123720405118834,0.878811085296806,0.0716097743699746,0.0230616153795111,CBCsimpleRW,CBCdriftDiffusionLR_pwBelief,0.5,0.322045636680301,0.667406358199686,0.869709996244239,2.47306841535296,0.5,68.9743611927829
CBC_1027,CBC_1027_MSI_TV_v3_Vset2_Tset2_2023-07-21_16h36.05.936.csv,2,29,3,1,b,1,0,3,tac,D,27,1,3D,1D,1,0,b,1.05690529999993,1,0,1,1,3D,1D,D31,3.09104245335832,0.951451841009537,0.5,0.33897718165985,0.5,0.22981105937211,0.951451841009537,0.5,0.5,0.5,0.33897718165985,0.780370927766695,0.33897718165985,0.5,0.5,0.33897718165985,0.928390225630025,0.928390225630025,0.0716097743699746,0.928390225630025,0.5,0.643053401280437,0.863369293855473,0.0716097743699746,0.0230616153795111,CBCsimpleRW,CBCdriftDiffusionLR_pwBelief,0.5,0.322045636680301,0.667406358199686,0.869709996244239,2.47306841535296,0.5,68.9743611927829
CBC_1027,CBC_1027_MSI_TV_v3_Vset2_Tset2_2023-07-21_16h36.05.936.csv,2,30,0,1,b,1,0,0,tac,A,63,1,0A,1A,1,0,b,1.91738470000018,1,0,1,1,0A,1A,A01,3.11351530921037,0.951451841009537,0.5,0.33897718165985,0.5,0.22981105937211,0.951451841009537,0.5,0.5,0.5,0.33897718165985,0.780370927766695,0.33897718165985,0.5,0.5,0.33897718165985,0.951451841009537,0.951451841009537,0.0485481589904635,0.951451841009537,0.5,0.336212763895644,0.874638668410019,0.0485481589904635,0.0156347227717403,CBCsimpleRW,CBCdriftDiffusionLR_pwBelief,0.5,0.322045636680301,0.667406358199686,0.869709996244239,2.47306841535296,0.5,68.9743611927829
CBC_1027,CBC_1027_MSI_TV_v3_Vset2_Tset2_2023-07-21_16h36.05.936.csv,2,31,0,2,z,0,1,1,tac,C,27,1,0C,2C,0,1,z,3.1428274000009,0,1,1,1,2C,0C,C02,3.8286413964891,0.967086563781277,0.5,0.33897718165985,0.5,0.22981105937211,0.951451841009537,0.5,0.5,0.5,0.33897718165985,0.780370927766695,0.33897718165985,0.5,0.5,0.33897718165985,0.951451841009537,0.780370927766695,0.219629072233305,0.780370927766695,0.5,0.094908586309597,0.769565971901669,0.219629072233305,0.0707305844008785,CBCsimpleRW,CBCdriftDiffusionLR_pwBelief,0.5,0.322045636680301,0.667406358199686,0.869709996244239,2.47306841535296,0.5,68.9743611927829
CBC_1027,CBC_1027_MSI_TV_v3_Vset2_Tset2_2023-07-21_16h36.05.936.csv,2,32,3,2,b,1,0,3,tac,D,63,1,3D,2D,1,0,b,1.15712560000065,1,0,1,1,3D,2D,D32,3.15700042115011,0.967086563781277,0.5,0.33897718165985,0.5,0.22981105937211,0.951451841009537,0.5,0.5,0.5,0.33897718165985,0.851101512167573,0.33897718165985,0.5,0.5,0.33897718165985,0.951451841009537,0.97450105103834,0.0254989489616596,0.951451841009537,0.33897718165985,0.709729363502574,0.885117266006849,0.0485481589904635,0.0156347227717403,CBCsimpleRW,CBCdriftDiffusionLR_pwBelief,0.5,0.322045636680301,0.667406358199686,0.869709996244239,2.47306841535296,0.5,68.9743611927829
CBC_1027,CBC_1027_MSI_TV_v3_Vset2_Tset2_2023-07-21_16h36.05.936.csv,2,33,0,1,z,0,1,2,tac,B,63,1,0B,1B,0,1,z,2.25980659999914,0,1,1,1,1B,0B,B01,2.77258872223978,0.967086563781277,0.5,0.33897718165985,0.5,0.22981105937211,0.951451841009537,0.5,0.5,0.5,0.33897718165985,0.851101512167573,0.33897718165985,0.5,0.5,0.33897718165985,0.967086563781277,0.985003246154909,0.0149967538450909,0.951451841009537,0.22981105937211,0.228862822509226,0.889593701672517,0.0485481589904635,0.0156347227717403,CBCsimpleRW,CBCdriftDiffusionLR_pwBelief,0.5,0.322045636680301,0.667406358199686,0.869709996244239,2.47306841535296,0.5,68.9743611927829
CBC_1027,CBC_1027_MSI_TV_v3_Vset2_Tset2_2023-07-21_16h36.05.936.csv,2,34,1,0,z,0,1,0,tac,A,63,1,1A,0A,0,1,z,4.4611189999996,0,1,1,1,0A,1A,A10,2.50552593699074,0.967086563781277,0.5,0.33897718165985,0.5,0.22981105937211,0.967086563781277,0.5,0.5,0.5,0.33897718165985,0.851101512167573,0.33897718165985,0.5,0.5,0.33897718165985,0.967086563781277,0.967086563781277,0.0329134362187232,0.967086563781277,0.5,0.018780026584978,0.881811288945852,0.0329134362187232,0.0105996285223952,CBCsimpleRW,CBCdriftDiffusionLR_pwBelief,0.5,0.322045636680301,0.667406358199686,0.869709996244239,2.47306841535296,0.5,68.9743611927829
CBC_1027,CBC_1027_MSI_TV_v3_Vset2_Tset2_2023-07-21_16h36.05.936.csv,2,35,3,2,b,1,0,3,tac,D,63,0,3D,2D,0,1,b,0.853427599999122,1,0,1,0,3D,2D,D32,2.81341071676004,0.977686192303672,0.5,0.33897718165985,0.5,0.22981105937211,0.967086563781277,0.5,0.5,0.5,0.33897718165985,0.851101512167573,0.33897718165985,0.5,0.5,0.33897718165985,0.967086563781277,0.98284670039011,0.0171532996098895,0.967086563781277,0.33897718165985,0.26635863613146,0.88814105722303,-0.967086563781277,-0.311446008157905,CBCsimpleRW,CBCdriftDiffusionLR_pwBelief,0.5,0.322045636680301,0.667406358199686,0.869709996244239,2.47306841535296,0.5,68.9743611927829
CBC_1027,CBC_1027_MSI_TV_v3_Vset2_Tset2_2023-07-21_16h36.05.936.csv,2,36,0,2,z,0,1,1,tac,C,27,1,0C,2C,0,1,z,1.53691359999902,0,1,1,1,2C,0C,C02,3.23867845216438,0.977686192303672,0.5,0.33897718165985,0.5,0.22981105937211,0.967086563781277,0.5,0.5,0.5,0.33897718165985,0.851101512167573,0.33897718165985,0.5,0.5,0.33897718165985,0.655640555623372,0.851101512167573,0.148898487832427,0.851101512167573,0.5,0.455759688876926,0.819093909623372,0.148898487832427,0.0479521083147279,CBCsimpleRW,CBCdriftDiffusionLR_pwBelief,0.5,0.322045636680301,0.667406358199686,0.869709996244239,2.47306841535296,0.5,68.9743611927829
CBC_1027,CBC_1027_MSI_TV_v3_Vset2_Tset2_2023-07-21_16h36.05.936.csv,2,37,1,0,z,0,1,0,tac,A,63,1,1A,0A,0,1,z,0.882762200000798,0,1,1,1,0A,1A,A10,2.34180580614733,0.977686192303672,0.5,0.33897718165985,0.5,0.22981105937211,0.967086563781277,0.5,0.5,0.5,0.33897718165985,0.899053620482301,0.33897718165985,0.5,0.5,0.33897718165985,0.655640555623372,0.977686192303672,0.0223138076963281,0.977686192303672,0.5,0.367852435244898,0.886495281561305,0.0223138076963281,0.00718606440632576,CBCsimpleRW,CBCdriftDiffusionLR_pwBelief,0.5,0.322045636680301,0.667406358199686,0.869709996244239,2.47306841535296,0.5,68.9743611927829
CBC_1027,CBC_1027_MSI_TV_v3_Vset2_Tset2_2023-07-21_16h36.05.936.csv,2,38,3,1,z,0,1,2,tac,B,27,1,3B,1B,0,1,b,3.2334721999996,1,0,0,0,3B,1B,B31,3.27714473299218,0.984872256709998,0.5,0.33897718165985,0.5,0.22981105937211,0.967086563781277,0.5,0.5,0.5,0.33897718165985,0.899053620482301,0.33897718165985,0.5,0.5,0.33897718165985,0.655640555623372,0.0329134362187232,0.967086563781277,0.5,0.967086563781277,0.0101619410450821,0.118162514938516,-0.5,-0.16102281834015,CBCsimpleRW,CBCdriftDiffusionLR_pwBelief,0.5,0.322045636680301,0.667406358199686,0.869709996244239,2.47306841535296,0.5,68.9743611927829
CBC_1027,CBC_1027_MSI_TV_v3_Vset2_Tset2_2023-07-21_16h36.05.936.csv,2,39,2,3,b,1,0,1,tac,C,63,1,2C,3C,1,0,b,1.67772469999909,1,0,1,1,2C,3C,C23,2.60268968544438,0.984872256709998,0.5,0.33897718165985,0.5,0.22981105937211,0.967086563781277,0.5,0.33897718165985,0.5,0.33897718165985,0.899053620482301,0.33897718165985,0.5,0.5,0.33897718165985,0.655640555623372,0.945556427244995,0.054443572755005,0.899053620482301,0.33897718165985,0.435215174786558,0.871140627234914,0.100946379517699,0.0325093410623486,CBCsimpleRW,CBCdriftDiffusionLR_pwBelief,0.5,0.322045636680301,0.667406358199686,0.869709996244239,2.47306841535296,0.5,68.9743611927829
CBC_1027,CBC_1027_MSI_TV_v3_Vset2_Tset2_2023-07-21_16h36.05.936.csv,2,40,2,3,z,0,1,3,tac,D,63,1,2D,3D,0,1,z,1.51670359999844,0,1,1,1,3D,2D,D23,2.62103882411258,0.984872256709998,0.5,0.33897718165985,0.5,0.22981105937211,0.967086563781277,0.5,0.33897718165985,0.5,0.33897718165985,0.93156296154465,0.33897718165985,0.5,0.5,0.33897718165985,0.655640555623372,0.787811240110496,0.212188759889504,0.655640555623372,0.33897718165985,0.42700354813729,0.775461705049651,0.344359444376628,0.110899456511146,CBCsimpleRW,CBCdriftDiffusionLR_pwBelief,0.5,0.322045636680301,0.667406358199686,0.869709996244239,2.47306841535296,0.5,68.9743611927829
CBC_1027,CBC_1027_MSI_TV_v3_Vset2_Tset2_2023-07-21_16h36.05.936.csv,2,41,1,0,b,1,0,2,tac,B,63,1,1B,0B,1,0,b,2.12572010000076,1,0,1,1,1B,0B,B10,2.63905732961526,0.984872256709998,0.5,0.33897718165985,0.5,0.22981105937211,0.967086563781277,0.5,0.33897718165985,0.5,0.33897718165985,0.93156296154465,0.33897718165985,0.5,0.5,0.33897718165985,0.766540012134517,0.989947050776121,0.0100529492238787,0.967086563781277,0.22981105937211,0.267435810608664,0.892133484311549,0.0329134362187232,0.0105996285223952,CBCsimpleRW,CBCdriftDiffusionLR_pwBelief,0.5,0.322045636680301,0.667406358199686,0.869709996244239,2.47306841535296,0.5,68.9743611927829
CBC_1027,CBC_1027_MSI_TV_v3_Vset2_Tset2_2023-07-21_16h36.05.936.csv,2,42,0,2,b,1,0,0,tac,A,27,1,0A,2A,1,0,z,1.13420629999928,0,1,0,0,2A,0A,A02,3.3499040872746,0.984872256709998,0.5,0.33897718165985,0.5,0.22981105937211,0.977686192303672,0.5,0.33897718165985,0.5,0.33897718165985,0.93156296154465,0.33897718165985,0.5,0.5,0.33897718165985,0.766540012134517,0.00781521300334587,0.992184786996654,0.33897718165985,0.984872256709998,0.0878602844291579,0.107330397621969,-0.33897718165985,-0.10916612228774,CBCsimpleRW,CBCdriftDiffusionLR_pwBelief,0.5,0.322045636680301,0.667406358199686,0.869709996244239,2.47306841535296,0.5,68.9743611927829
CBC_1027,CBC_1027_MSI_TV_v3_Vset2_Tset2_2023-07-21_16h36.05.936.csv,2,43,0,3,z,0,1,3,tac,D,9,1,0D,3D,0,1,z,1.04342309999993,0,1,1,1,3D,0D,D03,4.06044301054642,0.984872256709998,0.5,0.22981105937211,0.5,0.22981105937211,0.977686192303672,0.5,0.33897718165985,0.5,0.33897718165985,0.93156296154465,0.33897718165985,0.5,0.5,0.33897718165985,0.766540012134517,0.766540012134517,0.233459987865483,0.766540012134517,0.5,0.477319689804862,0.758959791021594,0.233459987865483,0.0751847704315146,CBCsimpleRW,CBCdriftDiffusionLR_pwBelief,0.5,0.322045636680301,0.667406358199686,0.869709996244239,2.47306841535296,0.5,68.9743611927829
CBC_1027,CBC_1027_MSI_TV_v3_Vset2_Tset2_2023-07-21_16h36.05.936.csv,2,44,2,3,b,1,0,1,tac,C,63,1,2C,3C,1,0,b,1.08015499999965,1,0,1,1,2C,3C,C23,2.46809953147162,0.984872256709998,0.5,0.22981105937211,0.5,0.22981105937211,0.977686192303672,0.5,0.33897718165985,0.5,0.33897718165985,0.93156296154465,0.33897718165985,0.5,0.5,0.33897718165985,0.841724782566032,0.963694502745081,0.0363054972549187,0.93156296154465,0.33897718165985,0.691999328273977,0.880304947027624,0.0684370384553503,0.0220398496218675,CBCsimpleRW,CBCdriftDiffusionLR_pwBelief,0.5,0.322045636680301,0.667406358199686,0.869709996244239,2.47306841535296,0.5,68.9743611927829
CBC_1027,CBC_1027_MSI_AV_v3_Vset6_Aset2_2023-07-21_17h56.54.977.csv,3,1,1,0,b,1,0,2,aud,B,63,1,1B,0B,1,0,z,1.22603029999664,0,1,0,0,0B,1B,B10,2.77258872223978,0.5,0.5,0.5,0.5,0.5,0.5,0.5,0.5,0.5,0.5,0.5,0.5,0.5,0.5,0.5,0.5,0.5,0.5,0.5,0.5,0.325024983035288,0.49939219803847,-0.5,-0.00653046516445888,CBCsimpleRW,CBCdriftDiffusionLR_pwBelief,0.5,0.0130609303289178,0.655058894337485,12.3051753740486,2.34397950402889,0.5,62.2666612745577
CBC_1027,CBC_1027_MSI_AV_v3_Vset6_Aset2_2023-07-21_17h56.54.977.csv,3,2,1,0,z,0,1,0,aud,A,63,1,1A,0A,0,1,z,1.23057979999794,0,1,1,1,0A,1A,A10,2.83321334405622,0.5,0.5,0.5,0.5,0.493469534835541,0.5,0.5,0.5,0.5,0.5,0.5,0.5,0.5,0.5,0.5,0.5,0.5,0.5,0.5,0.5,0.324476264713049,0.499753225354738,0.5,0.00653046516445888,CBCsimpleRW,CBCdriftDiffusionLR_pwBelief,0.5,0.0130609303289178,0.655058894337485,12.3051753740486,2.34397950402889,0.5,62.2666612745577
CBC_1027,CBC_1027_MSI_AV_v3_Vset6_Aset2_2023-07-21_17h56.54.977.csv,3,3,3,2,b,1,0,3,aud,D,63,1,3D,2D,1,0,z,2.45798830000058,0,1,0,0,2D,3D,D32,2.89037175789616,0.506530465164459,0.5,0.5,0.5,0.493469534835541,0.5,0.5,0.5,0.5,0.5,0.5,0.5,0.5,0.5,0.5,0.5,0.5,0.5,0.5,0.5,0.113550807438081,0.501414139208512,-0.5,-0.00653046516445888,CBCsimpleRW,CBCdriftDiffusionLR_pwBelief,0.5,0.0130609303289178,0.655058894337485,12.3051753740486,2.34397950402889,0.5,62.2666612745577
CBC_1027,CBC_1027_MSI_AV_v3_Vset6_Aset2_2023-07-21_17h56.54.977.csv,3,4,1,2,b,1,0,2,aud,B,9,1,1B,2B,1,0,b,1.80080199999793,1,0,1,1,1B,2B,B12,2.94443897916644,0.506530465164459,0.5,0.5,0.5,0.493469534835541,0.5,0.5,0.5,0.5,0.5,0.5,0.5,0.5,0.5,0.493469534835541,0.5,0.5,0.5,0.5,0.5,0.204247010785014,0.500211829563893,0.5,0.00653046516445888,CBCsimpleRW,CBCdriftDiffusionLR_pwBelief,0.5,0.0130609303289178,0.655058894337485,12.3051753740486,2.34397950402889,0.5,62.2666612745577
CBC_1027,CBC_1027_MSI_AV_v3_Vset6_Aset2_2023-07-21_17h56.54.977.csv,3,5,2,0,z,0,1,0,aud,A,27,1,2A,0A,0,1,z,2.45484959999521,0,1,1,1,0A,2A,A20,2.99573227355399,0.506530465164459,0.5,0.5,0.5,0.493469534835541,0.506530465164459,0.5,0.5,0.5,0.5,0.5,0.5,0.5,0.5,0.493469534835541,0.5,0.506530465164459,0.493469534835541,0.506530465164459,0.5,0.134059190741978,0.593671644092959,0.493469534835541,0.00644517121393045,CBCsimpleRW,CBCdriftDiffusionLR_pwBelief,0.5,0.0130609303289178,0.655058894337485,12.3051753740486,2.34397950402889,0.5,62.2666612745577
CBC_1027,CBC_1027_MSI_AV_v3_Vset6_Aset2_2023-07-21_17h56.54.977.csv,3,6,3,2,z,0,1,1,aud,C,63,1,3C,2C,0,1,b,2.2766644000003,1,0,0,0,3C,2C,C32,3.04452243772342,0.512975636378389,0.5,0.5,0.5,0.493469534835541,0.506530465164459,0.5,0.5,0.5,0.5,0.5,0.5,0.5,0.5,0.493469534835541,0.5,0.5,0.5,0.5,0.5,0.133043961563392,0.499205870027539,-0.5,-0.00653046516445888,CBCsimpleRW,CBCdriftDiffusionLR_pwBelief,0.5,0.0130609303289178,0.655058894337485,12.3051753740486,2.34397950402889,0.5,62.2666612745577
CBC_1027,CBC_1027_MSI_AV_v3_Vset6_Aset2_2023-07-21_17h56.54.977.csv,3,7,3,1,b,1,0,3,aud,D,27,1,3D,1D,1,0,b,2.53893879999669,1,0,1,1,3D,1D,D31,3.09104245335832,0.512975636378389,0.5,0.5,0.5,0.493469534835541,0.506530465164459,0.5,0.5,0.5,0.5,0.5,0.493469534835541,0.5,0.5,0.493469534835541,0.5,0.5,0.5,0.5,0.5,0.105143764959393,0.499303686604472,0.5,0.00653046516445888,CBCsimpleRW,CBCdriftDiffusionLR_pwBelief,0.5,0.0130609303289178,0.655058894337485,12.3051753740486,2.34397950402889,0.5,62.2666612745577
CBC_1027,CBC_1027_MSI_AV_v3_Vset6_Aset2_2023-07-21_17h56.54.977.csv,3,8,0,1,b,1,0,0,aud,A,63,1,0A,1A,1,0,z,1.69109689999823,0,1,0,0,1A,0A,A01,3.13549421592915,0.512975636378389,0.5,0.5,0.5,0.493469534835541,0.506530465164459,0.5,0.5,0.5,0.5,0.5,0.493469534835541,0.5,0.5,0.493469534835541,0.506530465164459,0.487024363621611,0.512975636378389,0.5,0.512975636378389,0.146872354938051,0.321200414509805,-0.5,-0.00653046516445888,CBCsimpleRW,CBCdriftDiffusionLR_pwBelief,0.5,0.0130609303289178,0.655058894337485,12.3051753740486,2.34397950402889,0.5,62.2666612745577
CBC_1027,CBC_1027_MSI_AV_v3_Vset6_Aset2_2023-07-21_17h56.54.977.csv,3,9,0,2,z,0,1,1,aud,C,27,1,0C,2C,0,1,z,3.74649379999755,0,1,1,1,2C,0C,C02,3.17805383034795,0.512975636378389,0.493469534835541,0.5,0.5,0.493469534835541,0.506530465164459,0.5,0.5,0.5,0.5,0.5,0.493469534835541,0.5,0.5,0.493469534835541,0.506530465164459,0.5,0.5,0.5,0.5,0.0356195149829725,0.500383211680028,0.5,0.00653046516445888,CBCsimpleRW,CBCdriftDiffusionLR_pwBelief,0.5,0.0130609303289178,0.655058894337485,12.3051753740486,2.34397950402889,0.5,62.2666612745577
CBC_1027,CBC_1027_MSI_AV_v3_Vset6_Aset2_2023-07-21_17h56.54.977.csv,3,10,3,2,b,1,0,3,aud,D,63,1,3D,2D,1,0,z,1.91761699999552,0,1,0,0,2D,3D,D32,2.52572864430826,0.512975636378389,0.493469534835541,0.5,0.5,0.493469534835541,0.506530465164459,0.5,0.5,0.5,0.5,0.506530465164459,0.493469534835541,0.5,0.5,0.493469534835541,0.506530465164459,0.486941297327762,0.513058702672238,0.493469534835541,0.506530465164459,0.118225493662492,0.320104260597709,-0.493469534835541,-0.00644517121393045,CBCsimpleRW,CBCdriftDiffusionLR_pwBelief,0.5,0.0130609303289178,0.655058894337485,12.3051753740486,2.34397950402889,0.5,62.2666612745577
CBC_1027,CBC_1027_MSI_AV_v3_Vset6_Aset2_2023-07-21_17h56.54.977.csv,3,11,0,1,z,0,1,2,aud,B,63,1,0B,1B,0,1,z,2.100308699999,0,1,1,1,1B,0B,B01,3.25809653802148,0.512975636378389,0.493469534835541,0.5,0.5,0.493469534835541,0.506530465164459,0.5,0.5,0.5,0.5,0.506530465164459,0.493469534835541,0.5,0.5,0.487024363621611,0.506530465164459,0.513058702672238,0.486941297327762,0.506530465164459,0.493469534835541,0.211436038882339,0.680839912182487,0.493469534835541,0.00644517121393045,CBCsimpleRW,CBCdriftDiffusionLR_pwBelief,0.5,0.0130609303289178,0.655058894337485,12.3051753740486,2.34397950402889,0.5,62.2666612745577
CBC_1027,CBC_1027_MSI_AV_v3_Vset6_Aset2_2023-07-21_17h56.54.977.csv,3,12,1,0,z,0,1,0,aud,A,63,1,1A,0A,0,1,z,2.31831210000018,0,1,1,1,0A,1A,A10,2.60268968544438,0.512975636378389,0.493469534835541,0.5,0.5,0.493469534835541,0.512975636378389,0.5,0.5,0.5,0.5,0.506530465164459,0.493469534835541,0.5,0.5,0.487024363621611,0.506530465164459,0.519499492233529,0.480500507766471,0.512975636378389,0.493469534835541,0.185940750889595,0.754484260211385,0.487024363621611,0.00636099128174736,CBCsimpleRW,CBCdriftDiffusionLR_pwBelief,0.5,0.0130609303289178,0.655058894337485,12.3051753740486,2.34397950402889,0.5,62.2666612745577
CBC_1027,CBC_1027_MSI_AV_v3_Vset6_Aset2_2023-07-21_17h56.54.977.csv,3,13,3,2,b,1,0,3,aud,D,63,1,3D,2D,1,0,z,1.13531420000072,0,1,0,0,2D,3D,D32,2.23359222150709,0.519336627660137,0.493469534835541,0.5,0.5,0.493469534835541,0.512975636378389,0.5,0.5,0.5,0.5,0.506530465164459,0.493469534835541,0.5,0.5,0.487024363621611,0.506530465164459,0.480500507766471,0.519499492233529,0.487024363621611,0.506530465164459,0.180973233509425,0.244637360678564,-0.487024363621611,-0.00636099128174736,CBCsimpleRW,CBCdriftDiffusionLR_pwBelief,0.5,0.0130609303289178,0.655058894337485,12.3051753740486,2.34397950402889,0.5,62.2666612745577
CBC_1027,CBC_1027_MSI_AV_v3_Vset6_Aset2_2023-07-21_17h56.54.977.csv,3,14,0,2,z,0,1,1,aud,C,27,1,0C,2C,0,1,b,1.79521269999896,1,0,0,0,0C,2C,C02,2.67414864942653,0.519336627660137,0.493469534835541,0.5,0.5,0.493469534835541,0.512975636378389,0.5,0.5,0.5,0.5,0.506530465164459,0.493469534835541,0.5,0.5,0.480663372339863,0.506530465164459,0.493469534835541,0.506530465164459,0.5,0.506530465164459,0.167620699339731,0.407291958588536,-0.5,-0.00653046516445888,CBCsimpleRW,CBCdriftDiffusionLR_pwBelief,0.5,0.0130609303289178,0.655058894337485,12.3051753740486,2.34397950402889,0.5,62.2666612745577
CBC_1027,CBC_1027_MSI_AV_v3_Vset6_Aset2_2023-07-21_17h56.54.977.csv,3,15,1,0,z,0,1,0,aud,A,63,1,1A,0A,0,1,z,1.59153329999754,0,1,1,1,0A,1A,A10,2.30258509299405,0.519336627660137,0.493469534835541,0.5,0.5,0.493469534835541,0.512975636378389,0.5,0.5,0.493469534835541,0.5,0.506530465164459,0.493469534835541,0.5,0.5,0.480663372339863,0.506530465164459,0.525854033727402,0.474145966272598,0.519336627660137,0.493469534835541,0.428420912508534,0.816224320616177,0.480663372339863,0.00627791081779361,CBCsimpleRW,CBCdriftDiffusionLR_pwBelief,0.5,0.0130609303289178,0.655058894337485,12.3051753740486,2.34397950402889,0.5,62.2666612745577
CBC_1027,CBC_1027_MSI_AV_v3_Vset6_Aset2_2023-07-21_17h56.54.977.csv,3,16,3,1,z,0,1,2,aud,B,27,1,3B,1B,0,1,z,2.32547079999858,0,1,1,1,1B,3B,B31,3.43398720448515,0.52561453847793,0.493469534835541,0.5,0.5,0.493469534835541,0.512975636378389,0.5,0.5,0.493469534835541,0.5,0.506530465164459,0.493469534835541,0.5,0.5,0.480663372339863,0.506530465164459,0.512975636378389,0.487024363621611,0.512975636378389,0.5,0.170247416467796,0.678635099952355,0.487024363621611,0.00636099128174736,CBCsimpleRW,CBCdriftDiffusionLR_pwBelief,0.5,0.0130609303289178,0.655058894337485,12.3051753740486,2.34397950402889,0.5,62.2666612745577
CBC_1027,CBC_1027_MSI_AV_v3_Vset6_Aset2_2023-07-21_17h56.54.977.csv,3,17,2,3,b,1,0,1,aud,C,63,1,2C,3C,1,0,b,1.5624071999955,1,0,1,1,2C,3C,C23,3.46573590279973,0.52561453847793,0.493469534835541,0.5,0.5,0.493469534835541,0.519336627660137,0.5,0.5,0.493469534835541,0.5,0.506530465164459,0.493469534835541,0.5,0.5,0.480663372339863,0.506530465164459,0.513058702672238,0.486941297327762,0.506530465164459,0.493469534835541,0.350195364690848,0.67949465601777,0.493469534835541,0.00644517121393045,CBCsimpleRW,CBCdriftDiffusionLR_pwBelief,0.5,0.0130609303289178,0.655058894337485,12.3051753740486,2.34397950402889,0.5,62.2666612745577
CBC_1027,CBC_1027_MSI_AV_v3_Vset6_Aset2_2023-07-21_17h56.54.977.csv,3,18,3,2,b,1,0,3,aud,D,63,0,3D,2D,0,1,b,1.34913479999886,1,0,1,0,3D,2D,D32,2.11021320034659,0.52561453847793,0.493469534835541,0.5,0.5,0.493469534835541,0.519336627660137,0.5,0.5,0.493469534835541,0.5,0.512975636378389,0.493469534835541,0.5,0.5,0.480663372339863,0.506530465164459,0.525854033727402,0.474145966272598,0.506530465164459,0.480663372339863,0.550206722825856,0.816476453708626,-0.506530465164459,-0.0066157591149873,CBCsimpleRW,CBCdriftDiffusionLR_pwBelief,0.5,0.0130609303289178,0.655058894337485,12.3051753740486,2.34397950402889,0.5,62.2666612745577
CBC_1027,CBC_1027_MSI_AV_v3_Vset6_Aset2_2023-07-21_17h56.54.977.csv,3,19,0,1,z,0,1,2,aud,B,63,1,0B,1B,0,1,z,3.097663499997,0,1,1,1,1B,0B,B01,2.83321334405622,0.52561453847793,0.493469534835541,0.5,0.5,0.493469534835541,0.519336627660137,0.5,0.5,0.493469534835541,0.5,0.512975636378389,0.493469534835541,0.5,0.5,0.480663372339863,0.499914706049472,0.525854033727402,0.474145966272598,0.519336627660137,0.493469534835541,0.081976721811122,0.816037739277616,0.480663372339863,0.00627791081779361,CBCsimpleRW,CBCdriftDiffusionLR_pwBelief,0.5,0.0130609303289178,0.655058894337485,12.3051753740486,2.34397950402889,0.5,62.2666612745577
CBC_1027,CBC_1027_MSI_AV_v3_Vset6_Aset2_2023-07-21_17h56.54.977.csv,3,20,0,2,b,1,0,0,aud,A,27,1,0A,2A,1,0,b,1.48560359999829,1,0,1,1,0A,2A,A02,3.55534806148941,0.52561453847793,0.493469534835541,0.5,0.5,0.493469534835541,0.52561453847793,0.5,0.5,0.493469534835541,0.5,0.512975636378389,0.493469534835541,0.5,0.5,0.480663372339863,0.499914706049472,0.52561453847793,0.47438546152207,0.52561453847793,0.5,0.477451437659941,0.813982353452831,0.47438546152207,0.00619591546199125,CBCsimpleRW,CBCdriftDiffusionLR_pwBelief,0.5,0.0130609303289178,0.655058894337485,12.3051753740486,2.34397950402889,0.5,62.2666612745577
CBC_1027,CBC_1027_MSI_AV_v3_Vset6_Aset2_2023-07-21_17h56.54.977.csv,3,21,3,0,b,1,0,3,aud,D,9,1,3D,0D,1,0,b,1.47691279999708,1,0,1,1,3D,0D,D30,3.58351893845611,0.531810453939922,0.493469534835541,0.5,0.5,0.493469534835541,0.52561453847793,0.5,0.5,0.493469534835541,0.5,0.512975636378389,0.493469534835541,0.5,0.5,0.480663372339863,0.499914706049472,0.499914706049472,0.500085293950528,0.499914706049472,0.5,0.269853481754168,0.49773942855487,0.500085293950528,0.00653157918280421,CBCsimpleRW,CBCdriftDiffusionLR_pwBelief,0.5,0.0130609303289178,0.655058894337485,12.3051753740486,2.34397950402889,0.5,62.2666612745577
CBC_1027,CBC_1027_MSI_AV_v3_Vset6_Aset2_2023-07-21_17h56.54.977.csv,3,22,3,2,z,0,1,1,aud,C,63,1,3C,2C,0,1,z,1.3074069999966,0,1,1,1,2C,3C,C32,2.91777073208428,0.531810453939922,0.493469534835541,0.5,0.5,0.493469534835541,0.52561453847793,0.5,0.5,0.493469534835541,0.5,0.512975636378389,0.493469534835541,0.5,0.5,0.480663372339863,0.506446285232276,0.519499492233529,0.480500507766471,0.512975636378389,0.493469534835541,0.503565603174404,0.754665566907944,0.487024363621611,0.00636099128174736,CBCsimpleRW,CBCdriftDiffusionLR_pwBelief,0.5,0.0130609303289178,0.655058894337485,12.3051753740486,2.34397950402889,0.5,62.2666612745577
CBC_1027,CBC_1027_MSI_AV_v3_Vset6_Aset2_2023-07-21_17h56.54.977.csv,3,23,1,3,b,1,0,2,aud,B,27,1,1B,3B,1,0,z,2.2560341999997,0,1,0,0,3B,1B,B13,3.63758615972639,0.531810453939922,0.493469534835541,0.5,0.5,0.493469534835541,0.52561453847793,0.5,0.5,0.493469534835541,0.5,0.519336627660137,0.493469534835541,0.5,0.5,0.480663372339863,0.506446285232276,0.47438546152207,0.52561453847793,0.5,0.52561453847793,0.0470955623068382,0.185511145490428,-0.5,-0.00653046516445888,CBCsimpleRW,CBCdriftDiffusionLR_pwBelief,0.5,0.0130609303289178,0.655058894337485,12.3051753740486,2.34397950402889,0.5,62.2666612745577
CBC_1027,CBC_1027_MSI_AV_v3_Vset6_Aset2_2023-07-21_17h56.54.977.csv,3,24,2,3,b,1,0,1,aud,C,63,1,2C,3C,1,0,b,0.882735799998045,1,0,1,1,2C,3C,C23,2.9704144655697,0.531810453939922,0.493469534835541,0.5,0.5,0.493469534835541,0.52561453847793,0.5,0.493469534835541,0.493469534835541,0.5,0.519336627660137,0.493469534835541,0.5,0.5,0.480663372339863,0.506446285232276,0.525854033727402,0.474145966272598,0.519336627660137,0.493469534835541,0.424018079172327,0.816072071800078,0.480663372339863,0.00627791081779361,CBCsimpleRW,CBCdriftDiffusionLR_pwBelief,0.5,0.0130609303289178,0.655058894337485,12.3051753740486,2.34397950402889,0.5,62.2666612745577
CBC_1027,CBC_1027_MSI_AV_v3_Vset6_Aset2_2023-07-21_17h56.54.977.csv,3,25,3,2,b,1,0,3,aud,D,63,1,3D,2D,1,0,z,2.3183317999974,0,1,0,0,2D,3D,D32,2.07944154167984,0.531810453939922,0.493469534835541,0.5,0.5,0.493469534835541,0.52561453847793,0.5,0.493469534835541,0.493469534835541,0.5,0.52561453847793,0.493469534835541,0.5,0.5,0.480663372339863,0.506446285232276,0.474229936001435,0.525770063998565,0.480663372339863,0.506446285232276,0.0437723425512249,0.184743962462756,-0.480663372339863,-0.00627791081779361,CBCsimpleRW,CBCdriftDiffusionLR_pwBelief,0.5,0.0130609303289178,0.655058894337485,12.3051753740486,2.34397950402889,0.5,62.2666612745577
CBC_1027,CBC_1027_MSI_AV_v3_Vset6_Aset2_2023-07-21_17h56.54.977.csv,3,26,0,1,z,0,1,2,aud,B,63,1,0B,1B,0,1,z,1.10529399999723,0,1,1,1,1B,0B,B01,2.6149597780362,0.531810453939922,0.493469534835541,0.5,0.5,0.493469534835541,0.52561453847793,0.5,0.493469534835541,0.493469534835541,0.5,0.52561453847793,0.493469534835541,0.5,0.5,0.47438546152207,0.506446285232276,0.532123509821083,0.467876490178917,0.52561453847793,0.493469534835541,0.739906921320623,0.865019786081571,0.47438546152207,0.00619591546199125,CBCsimpleRW,CBCdriftDiffusionLR_pwBelief,0.5,0.0130609303289178,0.655058894337485,12.3051753740486,2.34397950402889,0.5,62.2666612745577
CBC_1027,CBC_1027_MSI_AV_v3_Vset6_Aset2_2023-07-21_17h56.54.977.csv,3,27,3,0,z,0,1,0,aud,A,9,1,3A,0A,0,1,z,1.43489769999724,0,1,1,1,0A,3A,A30,3.73766961828337,0.531810453939922,0.493469534835541,0.5,0.5,0.493469534835541,0.531810453939922,0.5,0.493469534835541,0.493469534835541,0.5,0.52561453847793,0.493469534835541,0.5,0.5,0.47438546152207,0.506446285232276,0.531810453939922,0.468189546060078,0.531810453939922,0.5,0.553390795346105,0.862503646877842,0.468189546060078,0.00611499104181831,CBCsimpleRW,CBCdriftDiffusionLR_pwBelief,0.5,0.0130609303289178,0.655058894337485,12.3051753740486,2.34397950402889,0.5,62.2666612745577
CBC_1027,CBC_1027_MSI_AV_v3_Vset6_Aset2_2023-07-21_17h56.54.977.csv,3,28,3,2,b,1,0,3,aud,D,63,1,3D,2D,1,0,z,2.76712479999696,0,1,0,0,2D,3D,D32,1.96944064646551,0.53792544498174,0.493469534835541,0.5,0.5,0.493469534835541,0.531810453939922,0.5,0.493469534835541,0.493469534835541,0.5,0.52561453847793,0.493469534835541,0.5,0.5,0.47438546152207,0.506446285232276,0.467960337669255,0.532039662330745,0.47438546152207,0.506446285232276,0.017577723043109,0.135648950966165,-0.47438546152207,-0.00619591546199125,CBCsimpleRW,CBCdriftDiffusionLR_pwBelief,0.5,0.0130609303289178,0.655058894337485,12.3051753740486,2.34397950402889,0.5,62.2666612745577
CBC_1027,CBC_1027_MSI_AV_v3_Vset6_Aset2_2023-07-21_17h56.54.977.csv,3,29,0,2,z,0,1,1,aud,C,27,1,0C,2C,0,1,z,0.927258699997765,0,1,1,1,2C,0C,C02,2.68557734525015,0.53792544498174,0.493469534835541,0.5,0.5,0.493469534835541,0.531810453939922,0.5,0.493469534835541,0.493469534835541,0.5,0.52561453847793,0.493469534835541,0.5,0.5,0.468189546060078,0.506446285232276,0.532123509821083,0.467876490178917,0.52561453847793,0.493469534835541,0.612429133955066,0.86439669645922,0.47438546152207,0.00619591546199125,CBCsimpleRW,CBCdriftDiffusionLR_pwBelief,0.5,0.0130609303289178,0.655058894337485,12.3051753740486,2.34397950402889,0.5,62.2666612745577
CBC_1027,CBC_1027_MSI_AV_v3_Vset6_Aset2_2023-07-21_17h56.54.977.csv,3,30,0,1,b,1,0,0,aud,A,63,1,0A,1A,1,0,b,1.08457400000043,1,0,1,1,0A,1A,A01,3.11351530921037,0.53792544498174,0.493469534835541,0.5,0.5,0.493469534835541,0.531810453939922,0.5,0.493469534835541,0.493469534835541,0.5,0.531810453939922,0.493469534835541,0.5,0.5,0.468189546060078,0.506446285232276,0.544411912011569,0.455588087988431,0.53792544498174,0.493469534835541,0.93519165374569,0.928403164077977,0.46207455501826,0.00603512356985917,CBCsimpleRW,CBCdriftDiffusionLR_pwBelief,0.5,0.0130609303289178,0.655058894337485,12.3051753740486,2.34397950402889,0.5,62.2666612745577
CBC_1027,CBC_1027_MSI_AV_v3_Vset6_Aset2_2023-07-21_17h56.54.977.csv,3,31,0,1,z,0,1,2,aud,B,63,1,0B,1B,0,1,z,1.29845579999892,0,1,1,1,1B,0B,B01,2.4423470353692,0.543960568551599,0.493469534835541,0.5,0.5,0.493469534835541,0.531810453939922,0.5,0.493469534835541,0.493469534835541,0.5,0.531810453939922,0.493469534835541,0.5,0.5,0.468189546060078,0.506446285232276,0.538309086236394,0.461690913763606,0.531810453939922,0.493469534835541,0.706348721308825,0.901176384242208,0.468189546060078,0.00611499104181831,CBCsimpleRW,CBCdriftDiffusionLR_pwBelief,0.5,0.0130609303289178,0.655058894337485,12.3051753740486,2.34397950402889,0.5,62.2666612745577
CBC_1027,CBC_1027_MSI_AV_v3_Vset6_Aset2_2023-07-21_17h56.54.977.csv,3,32,1,3,z,0,1,3,aud,D,27,1,1D,3D,0,1,z,2.30686659999992,0,1,1,1,3D,1D,D13,3.85014760171006,0.543960568551599,0.493469534835541,0.5,0.5,0.493469534835541,0.53792544498174,0.5,0.493469534835541,0.493469534835541,0.5,0.531810453939922,0.493469534835541,0.5,0.5,0.468189546060078,0.506446285232276,0.506446285232276,0.493553714767724,0.506446285232276,0.5,0.152927798607337,0.591706078511435,0.493553714767724,0.00644627068215979,CBCsimpleRW,CBCdriftDiffusionLR_pwBelief,0.5,0.0130609303289178,0.655058894337485,12.3051753740486,2.34397950402889,0.5,62.2666612745577
CBC_1027,CBC_1027_MSI_AV_v3_Vset6_Aset2_2023-07-21_17h56.54.977.csv,3,33,2,3,b,1,0,1,aud,C,63,1,2C,3C,1,0,b,0.834572099996876,1,0,1,1,2C,3C,C23,2.77258872223978,0.543960568551599,0.493469534835541,0.5,0.5,0.493469534835541,0.53792544498174,0.5,0.493469534835541,0.493469534835541,0.5,0.531810453939922,0.493469534835541,0.5,0.5,0.468189546060078,0.512892555914435,0.538309086236394,0.461690913763606,0.531810453939922,0.493469534835541,0.373829929586599,0.901269113468652,0.468189546060078,0.00611499104181831,CBCsimpleRW,CBCdriftDiffusionLR_pwBelief,0.5,0.0130609303289178,0.655058894337485,12.3051753740486,2.34397950402889,0.5,62.2666612745577
CBC_1027,CBC_1027_MSI_AV_v3_Vset6_Aset2_2023-07-21_17h56.54.977.csv,3,34,0,1,z,0,1,2,aud,B,63,1,0B,1B,0,1,z,0.810980099999142,0,1,1,1,1B,0B,B01,2.28238238567653,0.543960568551599,0.493469534835541,0.5,0.5,0.493469534835541,0.53792544498174,0.5,0.493469534835541,0.493469534835541,0.5,0.53792544498174,0.493469534835541,0.5,0.5,0.468189546060078,0.512892555914435,0.544411912011569,0.455588087988431,0.53792544498174,0.493469534835541,0.304659450640408,0.928510298767794,0.46207455501826,0.00603512356985917,CBCsimpleRW,CBCdriftDiffusionLR_pwBelief,0.5,0.0130609303289178,0.655058894337485,12.3051753740486,2.34397950402889,0.5,62.2666612745577
CBC_1027,CBC_1027_MSI_AV_v3_Vset6_Aset2_2023-07-21_17h56.54.977.csv,3,35,1,0,z,0,1,0,aud,A,63,1,1A,0A,0,1,z,1.64961329999642,0,1,1,1,0A,1A,A10,2.52572864430826,0.543960568551599,0.493469534835541,0.5,0.5,0.493469534835541,0.543960568551599,0.5,0.493469534835541,0.493469534835541,0.5,0.53792544498174,0.493469534835541,0.5,0.5,0.468189546060078,0.512892555914435,0.550433119758539,0.449566880241461,0.543960568551599,0.493469534835541,0.46483367840524,0.948366002693667,0.456039431448401,0.00595629924138683,CBCsimpleRW,CBCdriftDiffusionLR_pwBelief,0.5,0.0130609303289178,0.655058894337485,12.3051753740486,2.34397950402889,0.5,62.2666612745577
CBC_1027,CBC_1027_MSI_AV_v3_Vset6_Aset2_2023-07-21_17h56.54.977.csv,3,36,2,1,b,1,0,1,aud,C,9,1,2C,1C,1,0,b,1.01661779999995,1,0,1,1,2C,1C,C21,3.93182563272433,0.549916867792986,0.493469534835541,0.5,0.5,0.493469534835541,0.543960568551599,0.5,0.493469534835541,0.493469534835541,0.5,0.53792544498174,0.493469534835541,0.5,0.5,0.468189546060078,0.512892555914435,0.53792544498174,0.46207455501826,0.53792544498174,0.5,0.820910357785768,0.899145446805737,0.46207455501826,0.00603512356985917,CBCsimpleRW,CBCdriftDiffusionLR_pwBelief,0.5,0.0130609303289178,0.655058894337485,12.3051753740486,2.34397950402889,0.5,62.2666612745577
CBC_1027,CBC_1027_MSI_AV_v3_Vset6_Aset2_2023-07-21_17h56.54.977.csv,3,37,0,1,b,1,0,0,aud,A,63,1,0A,1A,1,0,b,1.47027249999519,1,0,1,1,0A,1A,A01,2.85263142991332,0.549916867792986,0.493469534835541,0.5,0.5,0.493469534835541,0.543960568551599,0.5,0.493469534835541,0.493469534835541,0.5,0.543960568551599,0.493469534835541,0.5,0.5,0.468189546060078,0.512892555914435,0.556373825915771,0.443626174084229,0.549916867792986,0.493469534835541,0.632331122596945,0.962788530144558,0.450083132207014,0.00587850443197689,CBCsimpleRW,CBCdriftDiffusionLR_pwBelief,0.5,0.0130609303289178,0.655058894337485,12.3051753740486,2.34397950402889,0.5,62.2666612745577
CBC_1027,CBC_1027_MSI_AV_v3_Vset6_Aset2_2023-07-21_17h56.54.977.csv,3,38,1,3,z,0,1,3,aud,D,27,1,1D,3D,0,1,z,2.32207479999852,0,1,1,1,3D,1D,D13,3.27714473299218,0.555795372224963,0.493469534835541,0.5,0.5,0.493469534835541,0.543960568551599,0.5,0.493469534835541,0.493469534835541,0.5,0.543960568551599,0.493469534835541,0.5,0.5,0.468189546060078,0.512892555914435,0.512892555914435,0.487107444085565,0.512892555914435,0.5,0.170597394549736,0.677703522702964,0.487107444085565,0.00636207638989876,CBCsimpleRW,CBCdriftDiffusionLR_pwBelief,0.5,0.0130609303289178,0.655058894337485,12.3051753740486,2.34397950402889,0.5,62.2666612745577
CBC_1027,CBC_1027_MSI_AV_v3_Vset6_Aset2_2023-07-21_17h56.54.977.csv,3,39,1,0,b,1,0,2,aud,B,63,1,1B,0B,1,0,b,1.35388719999537,1,0,1,1,1B,0B,B10,3.29583686600433,0.555795372224963,0.493469534835541,0.5,0.5,0.493469534835541,0.543960568551599,0.5,0.493469534835541,0.493469534835541,0.5,0.543960568551599,0.493469534835541,0.5,0.5,0.468189546060078,0.519254632304334,0.550433119758539,0.449566880241461,0.543960568551599,0.493469534835541,0.748100287027801,0.948319062967081,0.456039431448401,0.00595629924138683,CBCsimpleRW,CBCdriftDiffusionLR_pwBelief,0.5,0.0130609303289178,0.655058894337485,12.3051753740486,2.34397950402889,0.5,62.2666612745577
CBC_1027,CBC_1027_MSI_AV_v3_Vset6_Aset2_2023-07-21_17h56.54.977.csv,3,40,3,2,z,0,1,1,aud,C,63,0,3C,2C,1,0,z,1.6215284999962,0,1,1,0,2C,3C,C32,2.90872089656436,0.555795372224963,0.493469534835541,0.5,0.5,0.493469534835541,0.549916867792986,0.5,0.493469534835541,0.493469534835541,0.5,0.543960568551599,0.493469534835541,0.5,0.5,0.468189546060078,0.519254632304334,0.550433119758539,0.449566880241461,0.543960568551599,0.493469534835541,0.486908982963654,0.948151052343038,-0.543960568551599,-0.00710463108753092,CBCsimpleRW,CBCdriftDiffusionLR_pwBelief,0.5,0.0130609303289178,0.655058894337485,12.3051753740486,2.34397950402889,0.5,62.2666612745577
CBC_1027,CBC_1027_MSI_AV_v3_Vset6_Aset2_2023-07-21_17h56.54.977.csv,3,41,0,2,b,1,0,0,aud,A,27,1,0A,2A,1,0,b,1.19325729999764,1,0,1,1,0A,2A,A02,3.3322045101752,0.555795372224963,0.493469534835541,0.5,0.5,0.493469534835541,0.549916867792986,0.5,0.493469534835541,0.493469534835541,0.5,0.536855937464068,0.493469534835541,0.5,0.5,0.468189546060078,0.519254632304334,0.555795372224963,0.444204627775037,0.555795372224963,0.5,0.99505452648906,0.961579296718409,0.444204627775037,0.0058017256951526,CBCsimpleRW,CBCdriftDiffusionLR_pwBelief,0.5,0.0130609303289178,0.655058894337485,12.3051753740486,2.34397950402889,0.5,62.2666612745577
CBC_1027,CBC_1027_MSI_AV_v3_Vset6_Aset2_2023-07-21_17h56.54.977.csv,3,42,2,3,z,0,1,3,aud,D,63,1,2D,3D,0,1,z,2.38454849999835,0,1,1,1,3D,2D,D23,4.04305126783455,0.561597097920115,0.493469534835541,0.5,0.5,0.493469534835541,0.549916867792986,0.5,0.493469534835541,0.493469534835541,0.5,0.536855937464068,0.493469534835541,0.5,0.5,0.468189546060078,0.519254632304334,0.550940282837782,0.449059717162218,0.519254632304334,0.468189546060078,0.134974788876279,0.949774165393375,0.480745367695666,0.00627898175342304,CBCsimpleRW,CBCdriftDiffusionLR_pwBelief,0.5,0.0130609303289178,0.655058894337485,12.3051753740486,2.34397950402889,0.5,62.2666612745577
CBC_1027,CBC_1027_MSI_AV_v3_Vset6_Aset2_2023-07-21_17h56.54.977.csv,3,43,1,3,b,1,0,2,aud,B,27,1,1B,3B,1,0,b,2.64858509999613,1,0,1,1,1B,3B,B13,3.36729582998647,0.561597097920115,0.493469534835541,0.5,0.5,0.493469534835541,0.549916867792986,0.5,0.493469534835541,0.493469534835541,0.5,0.536855937464068,0.493469534835541,0.5,0.5,0.468189546060078,0.525533614057757,0.556373825915771,0.443626174084229,0.549916867792986,0.493469534835541,0.0713019983732429,0.962676997916481,0.450083132207014,0.00587850443197689,CBCsimpleRW,CBCdriftDiffusionLR_pwBelief,0.5,0.0130609303289178,0.655058894337485,12.3051753740486,2.34397950402889,0.5,62.2666612745577
CBC_1027,CBC_1027_MSI_AV_v3_Vset6_Aset2_2023-07-21_17h56.54.977.csv,3,44,3,2,z,0,1,1,aud,C,63,1,3C,2C,0,1,z,1.52843159999611,0,1,1,1,2C,3C,C32,2.69124308278583,0.561597097920115,0.493469534835541,0.5,0.5,0.493469534835541,0.555795372224963,0.5,0.493469534835541,0.493469534835541,0.5,0.536855937464068,0.493469534835541,0.5,0.5,0.468189546060078,0.525533614057757,0.543344672732846,0.456655327267154,0.536855937464068,0.493469534835541,0.551045661387717,0.924068307516678,0.463144062535932,0.00604909233303373,CBCsimpleRW,CBCdriftDiffusionLR_pwBelief,0.5,0.0130609303289178,0.655058894337485,12.3051753740486,2.34397950402889,0.5,62.2666612745577
CBC_1027,CBC_1027_MSI_TV_v3_Vset3_Tset3_2023-07-21_18h05.28.896.csv,4,1,1,0,z,0,1,0,tac,A,63,1,1A,0A,0,1,b,2.7988779000043,1,0,0,0,1A,0A,A10,2.77258872223978,0.5,0.5,0.5,0.5,0.5,0.5,0.5,0.5,0.5,0.5,0.5,0.5,0.5,0.5,0.5,0.5,0.5,0.5,0.5,0.5,0.143141678071028,0.500567337122194,-0.5,-0.013960823068933,CBCsimpleRW,CBCdriftDiffusionLR_pwBelief,0.5,0.0279216461378661,1.21369413500273,4.5845337507766,2.47423847059952,0.5,69.3509774269449
CBC_1027,CBC_1027_MSI_TV_v3_Vset3_Tset3_2023-07-21_18h05.28.896.csv,4,2,3,2,b,1,0,3,tac,D,63,1,3D,2D,1,0,z,2.39605140000276,0,1,0,0,2D,3D,D32,2.83321334405622,0.5,0.486039176931067,0.5,0.5,0.5,0.5,0.5,0.5,0.5,0.5,0.5,0.5,0.5,0.5,0.5,0.5,0.5,0.5,0.5,0.5,0.197744028319981,0.500456399989932,-0.5,-0.013960823068933,CBCsimpleRW,CBCdriftDiffusionLR_pwBelief,0.5,0.0279216461378661,1.21369413500273,4.5845337507766,2.47423847059952,0.5,69.3509774269449
CBC_1027,CBC_1027_MSI_TV_v3_Vset3_Tset3_2023-07-21_18h05.28.896.csv,4,3,2,0,b,1,0,1,tac,C,27,1,2C,0C,1,0,b,2.95685370000501,1,0,1,1,2C,0C,C20,2.89037175789616,0.5,0.486039176931067,0.5,0.5,0.5,0.5,0.5,0.5,0.5,0.5,0.5,0.5,0.5,0.5,0.486039176931067,0.5,0.5,0.5,0.5,0.5,0.126004701812229,0.500446369941111,0.5,0.013960823068933,CBCsimpleRW,CBCdriftDiffusionLR_pwBelief,0.5,0.0279216461378661,1.21369413500273,4.5845337507766,2.47423847059952,0.5,69.3509774269449
CBC_1027,CBC_1027_MSI_TV_v3_Vset3_Tset3_2023-07-21_18h05.28.896.csv,4,4,1,0,z,0,1,0,tac,A,63,1,1A,0A,0,1,z,2.28536900000472,0,1,1,1,0A,1A,A10,2.2512917986065,0.5,0.486039176931067,0.5,0.5,0.5,0.5,0.5,0.5,0.5,0.5,0.513960823068933,0.5,0.5,0.5,0.486039176931067,0.5,0.513960823068933,0.486039176931067,0.5,0.486039176931067,0.250323568973168,0.578207720294668,0.5,0.013960823068933,CBCsimpleRW,CBCdriftDiffusionLR_pwBelief,0.5,0.0279216461378661,1.21369413500273,4.5845337507766,2.47423847059952,0.5,69.3509774269449
CBC_1027,CBC_1027_MSI_TV_v3_Vset3_Tset3_2023-07-21_18h05.28.896.csv,4,5,3,1,z,0,1,2,tac,B,27,1,3B,1B,0,1,z,2.62197090000336,0,1,1,1,1B,3B,B31,2.99573227355399,0.513960823068933,0.486039176931067,0.5,0.5,0.5,0.5,0.5,0.5,0.5,0.5,0.513960823068933,0.5,0.5,0.5,0.486039176931067,0.5,0.5,0.5,0.5,0.5,0.165009828914241,0.500466396324529,0.5,0.013960823068933,CBCsimpleRW,CBCdriftDiffusionLR_pwBelief,0.5,0.0279216461378661,1.21369413500273,4.5845337507766,2.47423847059952,0.5,69.3509774269449
CBC_1027,CBC_1027_MSI_TV_v3_Vset3_Tset3_2023-07-21_18h05.28.896.csv,4,6,2,3,b,1,0,1,tac,C,63,1,2C,3C,1,0,b,3.11231080000289,1,0,1,1,2C,3C,C23,3.04452243772342,0.513960823068933,0.486039176931067,0.5,0.5,0.5,0.513960823068933,0.5,0.5,0.5,0.5,0.513960823068933,0.5,0.5,0.5,0.486039176931067,0.5,0.513960823068933,0.486039176931067,0.513960823068933,0.5,0.127827011846539,0.577152151856093,0.486039176931067,0.0135710139074089,CBCsimpleRW,CBCdriftDiffusionLR_pwBelief,0.5,0.0279216461378661,1.21369413500273,4.5845337507766,2.47423847059952,0.5,69.3509774269449
CBC_1027,CBC_1027_MSI_TV_v3_Vset3_Tset3_2023-07-21_18h05.28.896.csv,4,7,2,3,z,0,1,3,tac,D,63,0,2D,3D,1,0,z,2.29855720000342,0,1,1,0,3D,2D,D23,3.09104245335832,0.513960823068933,0.486039176931067,0.5,0.5,0.5,0.513960823068933,0.5,0.5,0.5,0.5,0.527531836976342,0.5,0.5,0.5,0.486039176931067,0.5,0.513960823068933,0.486039176931067,0.5,0.486039176931067,0.247948508149542,0.578735242669146,-0.5,-0.013960823068933,CBCsimpleRW,CBCdriftDiffusionLR_pwBelief,0.5,0.0279216461378661,1.21369413500273,4.5845337507766,2.47423847059952,0.5,69.3509774269449
CBC_1027,CBC_1027_MSI_TV_v3_Vset3_Tset3_2023-07-21_18h05.28.896.csv,4,8,1,0,b,1,0,2,tac,B,63,1,1B,0B,1,0,z,1.74061650000294,0,1,0,0,0B,1B,B10,3.13549421592915,0.513960823068933,0.486039176931067,0.5,0.5,0.5,0.513960823068933,0.5,0.5,0.5,0.5,0.527531836976342,0.5,0.5,0.5,0.486039176931067,0.486039176931067,0.486039176931067,0.513960823068933,0.5,0.513960823068933,0.256004610878439,0.420325254580644,-0.5,-0.013960823068933,CBCsimpleRW,CBCdriftDiffusionLR_pwBelief,0.5,0.0279216461378661,1.21369413500273,4.5845337507766,2.47423847059952,0.5,69.3509774269449
CBC_1027,CBC_1027_MSI_TV_v3_Vset3_Tset3_2023-07-21_18h05.28.896.csv,4,9,0,2,b,1,0,0,tac,A,27,1,0A,2A,1,0,b,2.42849310000383,1,0,1,1,0A,2A,A02,3.17805383034795,0.513960823068933,0.486039176931067,0.5,0.5,0.486039176931067,0.513960823068933,0.5,0.5,0.5,0.5,0.527531836976342,0.5,0.5,0.5,0.486039176931067,0.486039176931067,0.513960823068933,0.486039176931067,0.513960823068933,0.5,0.223042306792784,0.57783752636397,0.486039176931067,0.0135710139074089,CBCsimpleRW,CBCdriftDiffusionLR_pwBelief,0.5,0.0279216461378661,1.21369413500273,4.5845337507766,2.47423847059952,0.5,69.3509774269449
CBC_1027,CBC_1027_MSI_TV_v3_Vset3_Tset3_2023-07-21_18h05.28.896.csv,4,10,0,3,z,0,1,3,tac,D,9,1,0D,3D,0,1,z,2.50271930000235,0,1,1,1,3D,0D,D03,3.2188758248682,0.527531836976342,0.486039176931067,0.5,0.5,0.486039176931067,0.513960823068933,0.5,0.5,0.5,0.5,0.527531836976342,0.5,0.5,0.5,0.486039176931067,0.486039176931067,0.486039176931067,0.513960823068933,0.486039176931067,0.5,0.153341163581051,0.42181126101031,0.513960823068933,0.0143506322304571,CBCsimpleRW,CBCdriftDiffusionLR_pwBelief,0.5,0.0279216461378661,1.21369413500273,4.5845337507766,2.47423847059952,0.5,69.3509774269449
CBC_1027,CBC_1027_MSI_TV_v3_Vset3_Tset3_2023-07-21_18h05.28.896.csv,4,11,3,2,z,0,1,1,tac,C,63,1,3C,2C,0,1,z,4.46046890000434,0,1,1,1,2C,3C,C32,3.25809653802148,0.527531836976342,0.486039176931067,0.5,0.5,0.486039176931067,0.513960823068933,0.5,0.5,0.5,0.5,0.527531836976342,0.5,0.5,0.5,0.486039176931067,0.500389809161524,0.527531836976342,0.472468163023658,0.527531836976342,0.5,0.0461767991250033,0.65156341206684,0.472468163023658,0.0131920888593542,CBCsimpleRW,CBCdriftDiffusionLR_pwBelief,0.5,0.0279216461378661,1.21369413500273,4.5845337507766,2.47423847059952,0.5,69.3509774269449
CBC_1027,CBC_1027_MSI_TV_v3_Vset3_Tset3_2023-07-21_18h05.28.896.csv,4,12,1,0,b,1,0,2,tac,B,63,1,1B,0B,1,0,b,2.60820620000231,1,0,1,1,1B,0B,B10,2.60268968544438,0.527531836976342,0.486039176931067,0.5,0.5,0.486039176931067,0.513960823068933,0.5,0.5,0.5,0.5,0.540723925835696,0.5,0.5,0.5,0.486039176931067,0.500389809161524,0.527899894868615,0.472100105131385,0.513960823068933,0.486039176931067,0.218507818298576,0.653056140980752,0.486039176931067,0.0135710139074089,CBCsimpleRW,CBCdriftDiffusionLR_pwBelief,0.5,0.0279216461378661,1.21369413500273,4.5845337507766,2.47423847059952,0.5,69.3509774269449
CBC_1027,CBC_1027_MSI_TV_v3_Vset3_Tset3_2023-07-21_18h05.28.896.csv,4,13,3,2,b,1,0,3,tac,D,63,1,3D,2D,1,0,z,1.51609510000344,0,1,0,0,2D,3D,D32,2.63905732961526,0.527531836976342,0.486039176931067,0.5,0.5,0.486039176931067,0.527531836976342,0.5,0.5,0.5,0.5,0.540723925835696,0.5,0.5,0.5,0.486039176931067,0.500389809161524,0.485649680150562,0.514350319849438,0.486039176931067,0.500389809161524,0.199970148430799,0.418605645006374,-0.486039176931067,-0.0135710139074089,CBCsimpleRW,CBCdriftDiffusionLR_pwBelief,0.5,0.0279216461378661,1.21369413500273,4.5845337507766,2.47423847059952,0.5,69.3509774269449
CBC_1027,CBC_1027_MSI_TV_v3_Vset3_Tset3_2023-07-21_18h05.28.896.csv,4,14,3,2,z,0,1,1,tac,C,63,1,3C,2C,0,1,b,2.43226940000386,1,0,0,0,3C,2C,C32,2.67414864942653,0.527531836976342,0.486039176931067,0.5,0.5,0.486039176931067,0.527531836976342,0.5,0.5,0.5,0.5,0.540723925835696,0.5,0.5,0.5,0.472468163023658,0.500389809161524,0.459276074164304,0.540723925835696,0.5,0.540723925835696,0.111341912268164,0.284860633029409,-0.5,-0.013960823068933,CBCsimpleRW,CBCdriftDiffusionLR_pwBelief,0.5,0.0279216461378661,1.21369413500273,4.5845337507766,2.47423847059952,0.5,69.3509774269449
CBC_1027,CBC_1027_MSI_TV_v3_Vset3_Tset3_2023-07-21_18h05.28.896.csv,4,15,1,3,b,1,0,2,tac,B,27,1,1B,3B,1,0,b,2.56184260000373,1,0,1,1,1B,3B,B13,3.40119738166216,0.527531836976342,0.486039176931067,0.5,0.5,0.486039176931067,0.527531836976342,0.5,0.5,0.5,0.5,0.540723925835696,0.486039176931067,0.5,0.5,0.472468163023658,0.500389809161524,0.527531836976342,0.472468163023658,0.527531836976342,0.5,0.226534618406304,0.651373131537835,0.472468163023658,0.0131920888593542,CBCsimpleRW,CBCdriftDiffusionLR_pwBelief,0.5,0.0279216461378661,1.21369413500273,4.5845337507766,2.47423847059952,0.5,69.3509774269449
CBC_1027,CBC_1027_MSI_TV_v3_Vset3_Tset3_2023-07-21_18h05.28.896.csv,4,16,3,0,z,0,1,0,tac,A,9,1,3A,0A,0,1,z,4.24691310000344,0,1,1,1,0A,3A,A30,3.43398720448515,0.527531836976342,0.486039176931067,0.5,0.5,0.486039176931067,0.540723925835696,0.5,0.5,0.5,0.5,0.540723925835696,0.486039176931067,0.5,0.5,0.472468163023658,0.500389809161524,0.527531836976342,0.472468163023658,0.527531836976342,0.5,0.0552490234161666,0.652034929146416,0.472468163023658,0.0131920888593542,CBCsimpleRW,CBCdriftDiffusionLR_pwBelief,0.5,0.0279216461378661,1.21369413500273,4.5845337507766,2.47423847059952,0.5,69.3509774269449
CBC_1027,CBC_1027_MSI_TV_v3_Vset3_Tset3_2023-07-21_18h05.28.896.csv,4,17,3,2,b,1,0,3,tac,D,63,1,3D,2D,1,0,z,2.43478310000137,0,1,0,0,2D,3D,D32,2.36712361413162,0.540723925835696,0.486039176931067,0.5,0.5,0.486039176931067,0.540723925835696,0.5,0.5,0.5,0.5,0.540723925835696,0.486039176931067,0.5,0.5,0.472468163023658,0.500389809161524,0.472079552449231,0.527920447550769,0.472468163023658,0.500389809161524,0.134535113857759,0.347962100440432,-0.472468163023658,-0.0131920888593542,CBCsimpleRW,CBCdriftDiffusionLR_pwBelief,0.5,0.0279216461378661,1.21369413500273,4.5845337507766,2.47423847059952,0.5,69.3509774269449
CBC_1027,CBC_1027_MSI_TV_v3_Vset3_Tset3_2023-07-21_18h05.28.896.csv,4,18,2,0,b,1,0,1,tac,C,27,1,2C,0C,1,0,z,2.73933170000237,0,1,0,0,0C,2C,C20,2.80336038090653,0.540723925835696,0.486039176931067,0.5,0.5,0.486039176931067,0.540723925835696,0.5,0.5,0.5,0.5,0.540723925835696,0.486039176931067,0.5,0.5,0.459276074164304,0.500389809161524,0.459276074164304,0.540723925835696,0.5,0.540723925835696,0.0850266353763652,0.28433867929311,-0.5,-0.013960823068933,CBCsimpleRW,CBCdriftDiffusionLR_pwBelief,0.5,0.0279216461378661,1.21369413500273,4.5845337507766,2.47423847059952,0.5,69.3509774269449
CBC_1027,CBC_1027_MSI_TV_v3_Vset3_Tset3_2023-07-21_18h05.28.896.csv,4,19,1,0,z,0,1,0,tac,A,63,1,1A,0A,0,1,z,1.46309950000432,0,1,1,1,0A,1A,A10,2.42774823594805,0.540723925835696,0.486039176931067,0.5,0.5,0.486039176931067,0.540723925835696,0.5,0.5,0.486039176931067,0.5,0.540723925835696,0.486039176931067,0.5,0.5,0.459276074164304,0.500389809161524,0.554560669316939,0.445439330683061,0.540723925835696,0.486039176931067,0.331486187602084,0.774989375128148,0.459276074164304,0.012823744022404,CBCsimpleRW,CBCdriftDiffusionLR_pwBelief,0.5,0.0279216461378661,1.21369413500273,4.5845337507766,2.47423847059952,0.5,69.3509774269449
CBC_1027,CBC_1027_MSI_TV_v3_Vset3_Tset3_2023-07-21_18h05.28.896.csv,4,20,0,1,z,0,1,2,tac,B,63,0,0B,1B,1,0,z,2.41613750000397,0,1,1,0,1B,0B,B01,3.55534806148941,0.5535476698581,0.486039176931067,0.5,0.5,0.486039176931067,0.540723925835696,0.5,0.5,0.486039176931067,0.5,0.540723925835696,0.486039176931067,0.5,0.5,0.459276074164304,0.500389809161524,0.554560669316939,0.445439330683061,0.540723925835696,0.486039176931067,0.310478360684026,0.774934800808333,-0.540723925835696,-0.015097902115462,CBCsimpleRW,CBCdriftDiffusionLR_pwBelief,0.5,0.0279216461378661,1.21369413500273,4.5845337507766,2.47423847059952,0.5,69.3509774269449
CBC_1027,CBC_1027_MSI_TV_v3_Vset3_Tset3_2023-07-21_18h05.28.896.csv,4,21,1,3,z,0,1,3,tac,D,27,1,1D,3D,0,1,z,2.58119420000367,0,1,1,1,3D,1D,D13,3.58351893845611,0.5535476698581,0.486039176931067,0.5,0.5,0.486039176931067,0.525626023720234,0.5,0.5,0.486039176931067,0.5,0.540723925835696,0.486039176931067,0.5,0.5,0.459276074164304,0.500389809161524,0.500389809161524,0.499610190838476,0.500389809161524,0.5,0.170699081387819,0.501032120126503,0.499610190838476,0.0139499389554637,CBCsimpleRW,CBCdriftDiffusionLR_pwBelief,0.5,0.0279216461378661,1.21369413500273,4.5845337507766,2.47423847059952,0.5,69.3509774269449
CBC_1027,CBC_1027_MSI_TV_v3_Vset3_Tset3_2023-07-21_18h05.28.896.csv,4,22,2,3,b,1,0,1,tac,C,63,1,2C,3C,1,0,b,3.71788180000294,1,0,1,1,2C,3C,C23,2.91777073208428,0.5535476698581,0.486039176931067,0.5,0.5,0.486039176931067,0.525626023720234,0.5,0.5,0.486039176931067,0.5,0.540723925835696,0.486039176931067,0.5,0.5,0.459276074164304,0.514339748116988,0.554560669316939,0.445439330683061,0.540723925835696,0.486039176931067,0.0925290348010311,0.775540466498521,0.459276074164304,0.012823744022404,CBCsimpleRW,CBCdriftDiffusionLR_pwBelief,0.5,0.0279216461378661,1.21369413500273,4.5845337507766,2.47423847059952,0.5,69.3509774269449
CBC_1027,CBC_1027_MSI_TV_v3_Vset3_Tset3_2023-07-21_18h05.28.896.csv,4,23,1,0,b,1,0,2,tac,B,63,1,1B,0B,1,0,z,2.47834910000165,0,1,0,0,0B,1B,B10,2.53897387105828,0.5535476698581,0.486039176931067,0.5,0.5,0.486039176931067,0.525626023720234,0.5,0.5,0.486039176931067,0.5,0.5535476698581,0.486039176931067,0.5,0.5,0.459276074164304,0.514339748116988,0.460469722679469,0.539530277320531,0.486039176931067,0.525626023720234,0.1087700258158,0.28982326323029,-0.486039176931067,-0.0135710139074089,CBCsimpleRW,CBCdriftDiffusionLR_pwBelief,0.5,0.0279216461378661,1.21369413500273,4.5845337507766,2.47423847059952,0.5,69.3509774269449
CBC_1027,CBC_1027_MSI_TV_v3_Vset3_Tset3_2023-07-21_18h05.28.896.csv,4,24,2,0,z,0,1,0,tac,A,27,1,2A,0A,0,1,z,2.41633090000323,0,1,1,1,0A,2A,A20,3.66356164612965,0.5535476698581,0.486039176931067,0.5,0.5,0.472468163023658,0.525626023720234,0.5,0.5,0.486039176931067,0.5,0.5535476698581,0.486039176931067,0.5,0.5,0.459276074164304,0.514339748116988,0.5535476698581,0.4464523301419,0.5535476698581,0.5,0.308819092402398,0.771428361821484,0.4464523301419,0.0124656839796479,CBCsimpleRW,CBCdriftDiffusionLR_pwBelief,0.5,0.0279216461378661,1.21369413500273,4.5845337507766,2.47423847059952,0.5,69.3509774269449
CBC_1027,CBC_1027_MSI_TV_v3_Vset3_Tset3_2023-07-21_18h05.28.896.csv,4,25,2,3,z,0,1,3,tac,D,63,1,2D,3D,0,1,b,2.23391420000189,1,0,0,0,2D,3D,D23,2.99573227355399,0.566013353837748,0.486039176931067,0.5,0.5,0.472468163023658,0.525626023720234,0.5,0.5,0.486039176931067,0.5,0.5535476698581,0.486039176931067,0.5,0.5,0.459276074164304,0.514339748116988,0.44506464862022,0.55493535137978,0.459276074164304,0.514339748116988,0.105955092535443,0.223719959784838,-0.459276074164304,-0.012823744022404,CBCsimpleRW,CBCdriftDiffusionLR_pwBelief,0.5,0.0279216461378661,1.21369413500273,4.5845337507766,2.47423847059952,0.5,69.3509774269449
CBC_1027,CBC_1027_MSI_TV_v3_Vset3_Tset3_2023-07-21_18h05.28.896.csv,4,26,2,0,b,1,0,1,tac,C,27,1,2C,0C,1,0,b,2.29278140000315,1,0,1,1,2C,0C,C20,2.6149597780362,0.566013353837748,0.486039176931067,0.5,0.5,0.472468163023658,0.525626023720234,0.5,0.5,0.486039176931067,0.5,0.5535476698581,0.486039176931067,0.5,0.5,0.4464523301419,0.514339748116988,0.567307225599064,0.432692774400936,0.5535476698581,0.486039176931067,0.374834298007921,0.821929819043132,0.4464523301419,0.0124656839796479,CBCsimpleRW,CBCdriftDiffusionLR_pwBelief,0.5,0.0279216461378661,1.21369413500273,4.5845337507766,2.47423847059952,0.5,69.3509774269449
CBC_1027,CBC_1027_MSI_TV_v3_Vset3_Tset3_2023-07-21_18h05.28.896.csv,4,27,1,0,b,1,0,2,tac,B,63,1,1B,0B,1,0,z,1.35420070000328,0,1,0,0,0B,1B,B10,2.35137525716348,0.566013353837748,0.486039176931067,0.5,0.5,0.472468163023658,0.525626023720234,0.5,0.5,0.486039176931067,0.5,0.566013353837748,0.486039176931067,0.5,0.5,0.4464523301419,0.514339748116988,0.446991735307002,0.553008264692998,0.472468163023658,0.525626023720234,0.0217794634835591,0.230927890141483,-0.472468163023658,-0.0131920888593542,CBCsimpleRW,CBCdriftDiffusionLR_pwBelief,0.5,0.0279216461378661,1.21369413500273,4.5845337507766,2.47423847059952,0.5,69.3509774269449
CBC_1027,CBC_1027_MSI_TV_v3_Vset3_Tset3_2023-07-21_18h05.28.896.csv,4,28,0,1,b,1,0,0,tac,A,63,1,0A,1A,1,0,b,2.50956410000435,1,0,1,1,0A,1A,A01,3.76120011569356,0.566013353837748,0.486039176931067,0.5,0.5,0.459276074164304,0.525626023720234,0.5,0.5,0.486039176931067,0.5,0.566013353837748,0.486039176931067,0.5,0.5,0.4464523301419,0.514339748116988,0.579680442682741,0.420319557317259,0.566013353837748,0.486039176931067,0.315187285606256,0.858936941871544,0.433986646162252,0.0121176215627017,CBCsimpleRW,CBCdriftDiffusionLR_pwBelief,0.5,0.0279216461378661,1.21369413500273,4.5845337507766,2.47423847059952,0.5,69.3509774269449
CBC_1027,CBC_1027_MSI_TV_v3_Vset3_Tset3_2023-07-21_18h05.28.896.csv,4,29,3,2,z,0,1,1,tac,C,63,0,3C,2C,1,0,z,3.36070140000083,0,1,1,0,2C,3C,C32,2.68557734525015,0.57813097540045,0.486039176931067,0.5,0.5,0.459276074164304,0.525626023720234,0.5,0.5,0.486039176931067,0.5,0.566013353837748,0.486039176931067,0.5,0.5,0.4464523301419,0.514339748116988,0.579680442682741,0.420319557317259,0.566013353837748,0.486039176931067,0.126533113640976,0.859304381405344,-0.566013353837748,-0.0158040245751644,CBCsimpleRW,CBCdriftDiffusionLR_pwBelief,0.5,0.0279216461378661,1.21369413500273,4.5845337507766,2.47423847059952,0.5,69.3509774269449
CBC_1027,CBC_1027_MSI_TV_v3_Vset3_Tset3_2023-07-21_18h05.28.896.csv,4,30,3,1,b,1,0,3,tac,D,27,1,3D,1D,1,0,b,2.33563340000546,1,0,1,1,3D,1D,D31,3.80666248977032,0.57813097540045,0.486039176931067,0.5,0.5,0.459276074164304,0.525626023720234,0.5,0.5,0.486039176931067,0.5,0.550209329262584,0.486039176931067,0.5,0.5,0.4464523301419,0.514339748116988,0.514339748116988,0.485660251883012,0.514339748116988,0.5,0.241236633729326,0.579930235656194,0.485660251883012,0.0135604336963044,CBCsimpleRW,CBCdriftDiffusionLR_pwBelief,0.5,0.0279216461378661,1.21369413500273,4.5845337507766,2.47423847059952,0.5,69.3509774269449
CBC_1027,CBC_1027_MSI_TV_v3_Vset3_Tset3_2023-07-21_18h05.28.896.csv,4,31,1,0,z,0,1,0,tac,A,63,1,1A,0A,0,1,z,2.34392160000425,0,1,1,1,0A,1A,A10,2.4423470353692,0.57813097540045,0.486039176931067,0.5,0.5,0.459276074164304,0.525626023720234,0.5,0.5,0.486039176931067,0.5,0.550209329262584,0.486039176931067,0.5,0.5,0.4464523301419,0.527900181813292,0.59169173907746,0.40830826092254,0.57813097540045,0.486039176931067,0.390688576244091,0.888763860901658,0.42186902459955,0.0117792776213954,CBCsimpleRW,CBCdriftDiffusionLR_pwBelief,0.5,0.0279216461378661,1.21369413500273,4.5845337507766,2.47423847059952,0.5,69.3509774269449
CBC_1027,CBC_1027_MSI_TV_v3_Vset3_Tset3_2023-07-21_18h05.28.896.csv,4,32,3,2,b,1,0,3,tac,D,63,1,3D,2D,1,0,b,2.35856610000337,1,0,1,1,3D,2D,D32,2.46385324059017,0.589910253021845,0.486039176931067,0.5,0.5,0.459276074164304,0.525626023720234,0.5,0.5,0.486039176931067,0.5,0.550209329262584,0.486039176931067,0.5,0.5,0.4464523301419,0.527900181813292,0.580964014051135,0.419035985948865,0.527900181813292,0.4464523301419,0.371740949315628,0.862113938655589,0.472099818186708,0.0131818040651602,CBCsimpleRW,CBCdriftDiffusionLR_pwBelief,0.5,0.0279216461378661,1.21369413500273,4.5845337507766,2.47423847059952,0.5,69.3509774269449
CBC_1027,CBC_1027_MSI_TV_v3_Vset3_Tset3_2023-07-21_18h05.28.896.csv,4,33,2,1,z,0,1,2,tac,B,9,1,2B,1B,0,1,z,2.28106410000328,0,1,1,1,1B,2B,B21,3.87120101090789,0.589910253021845,0.486039176931067,0.5,0.5,0.459276074164304,0.525626023720234,0.5,0.5,0.486039176931067,0.5,0.550209329262584,0.486039176931067,0.5,0.5,0.4464523301419,0.541081985878452,0.525626023720234,0.474373976279766,0.525626023720234,0.5,0.28115076518275,0.641690102721565,0.474373976279766,0.0132453023026961,CBCsimpleRW,CBCdriftDiffusionLR_pwBelief,0.5,0.0279216461378661,1.21369413500273,4.5845337507766,2.47423847059952,0.5,69.3509774269449
CBC_1027,CBC_1027_MSI_TV_v3_Vset3_Tset3_2023-07-21_18h05.28.896.csv,4,34,1,0,z,0,1,0,tac,A,63,1,1A,0A,0,1,z,3.00834490000489,0,1,1,1,0A,1A,A10,2.28238238567653,0.589910253021845,0.486039176931067,0.5,0.5,0.459276074164304,0.53887132602293,0.5,0.5,0.486039176931067,0.5,0.550209329262584,0.486039176931067,0.5,0.5,0.4464523301419,0.541081985878452,0.6033521568445,0.3966478431555,0.589910253021845,0.486039176931067,0.17431520547348,0.912336782256338,0.410089746978155,0.0114503807998911,CBCsimpleRW,CBCdriftDiffusionLR_pwBelief,0.5,0.0279216461378661,1.21369413500273,4.5845337507766,2.47423847059952,0.5,69.3509774269449
CBC_1027,CBC_1027_MSI_TV_v3_Vset3_Tset3_2023-07-21_18h05.28.896.csv,4,35,2,1,b,1,0,1,tac,C,9,1,2C,1C,1,0,z,2.76250290000462,0,1,0,0,1C,2C,C21,3.91202300542815,0.601360633821736,0.486039176931067,0.5,0.5,0.459276074164304,0.53887132602293,0.5,0.5,0.486039176931067,0.5,0.550209329262584,0.486039176931067,0.5,0.5,0.4464523301419,0.541081985878452,0.449790670737416,0.550209329262584,0.5,0.550209329262584,0.0705366985931988,0.241979819889417,-0.5,-0.013960823068933,CBCsimpleRW,CBCdriftDiffusionLR_pwBelief,0.5,0.0279216461378661,1.21369413500273,4.5845337507766,2.47423847059952,0.5,69.3509774269449
CBC_1027,CBC_1027_MSI_TV_v3_Vset3_Tset3_2023-07-21_18h05.28.896.csv,4,36,1,0,b,1,0,2,tac,B,63,1,1B,0B,1,0,b,2.308552100003,1,0,1,1,1B,0B,B10,2.32238772029023,0.601360633821736,0.486039176931067,0.5,0.5,0.459276074164304,0.53887132602293,0.5,0.5,0.486039176931067,0.486039176931067,0.550209329262584,0.486039176931067,0.5,0.5,0.4464523301419,0.541081985878452,0.579094428154797,0.420905571845203,0.53887132602293,0.459276074164304,0.388939555660075,0.856559426371752,0.46112867397707,0.0128754716588112,CBCsimpleRW,CBCdriftDiffusionLR_pwBelief,0.5,0.0279216461378661,1.21369413500273,4.5845337507766,2.47423847059952,0.5,69.3509774269449
CBC_1027,CBC_1027_MSI_TV_v3_Vset3_Tset3_2023-07-21_18h05.28.896.csv,4,37,0,1,b,1,0,0,tac,A,63,0,0A,1A,0,1,b,2.74784640000507,1,0,1,0,0A,1A,A01,3.25809653802148,0.601360633821736,0.486039176931067,0.5,0.5,0.459276074164304,0.551746797681741,0.5,0.5,0.486039176931067,0.486039176931067,0.550209329262584,0.486039176931067,0.5,0.5,0.4464523301419,0.541081985878452,0.614672375524781,0.385327624475219,0.601360633821736,0.486039176931067,0.23436440678629,0.930811044777357,-0.601360633821736,-0.0167909788188134,CBCsimpleRW,CBCdriftDiffusionLR_pwBelief,0.5,0.0279216461378661,1.21369413500273,4.5845337507766,2.47423847059952,0.5,69.3509774269449
CBC_1027,CBC_1027_MSI_TV_v3_Vset3_Tset3_2023-07-21_18h05.28.896.csv,4,38,0,1,z,0,1,2,tac,B,63,1,0B,1B,0,1,z,2.28649310000037,0,1,1,1,1B,0B,B01,3.27714473299218,0.584569655002923,0.486039176931067,0.5,0.5,0.459276074164304,0.551746797681741,0.5,0.5,0.486039176931067,0.486039176931067,0.550209329262584,0.486039176931067,0.5,0.5,0.4464523301419,0.541081985878452,0.59169777263952,0.40830222736048,0.551746797681741,0.459276074164304,0.41719987879502,0.888782608383331,0.448253202318259,0.0125159672952957,CBCsimpleRW,CBCdriftDiffusionLR_pwBelief,0.5,0.0279216461378661,1.21369413500273,4.5845337507766,2.47423847059952,0.5,69.3509774269449
CBC_1027,CBC_1027_MSI_TV_v3_Vset3_Tset3_2023-07-21_18h05.28.896.csv,4,39,1,3,z,0,1,3,tac,D,27,1,1D,3D,0,1,z,2.27200960000482,0,1,1,1,3D,1D,D13,3.29583686600433,0.584569655002923,0.486039176931067,0.5,0.5,0.459276074164304,0.564262764977037,0.5,0.5,0.486039176931067,0.486039176931067,0.550209329262584,0.486039176931067,0.5,0.5,0.4464523301419,0.541081985878452,0.541081985878452,0.458918014121548,0.541081985878452,0.5,0.322415297199251,0.717882009282325,0.458918014121548,0.0128137463965941,CBCsimpleRW,CBCdriftDiffusionLR_pwBelief,0.5,0.0279216461378661,1.21369413500273,4.5845337507766,2.47423847059952,0.5,69.3509774269449
CBC_1027,CBC_1027_MSI_TV_v3_Vset3_Tset3_2023-07-21_18h05.28.896.csv,4,40,3,2,z,0,1,1,tac,C,63,1,3C,2C,0,1,z,2.50871330000518,0,1,1,1,2C,3C,C32,2.62103882411258,0.584569655002923,0.486039176931067,0.5,0.5,0.459276074164304,0.564262764977037,0.5,0.5,0.486039176931067,0.486039176931067,0.550209329262584,0.486039176931067,0.5,0.5,0.4464523301419,0.553895732275046,0.563990731646694,0.436009268353306,0.550209329262584,0.486039176931067,0.298407541796239,0.809871066369339,0.449790670737416,0.0125588959444436,CBCsimpleRW,CBCdriftDiffusionLR_pwBelief,0.5,0.0279216461378661,1.21369413500273,4.5845337507766,2.47423847059952,0.5,69.3509774269449
CBC_1027,CBC_1027_MSI_TV_v3_Vset3_Tset3_2023-07-21_18h05.28.896.csv,4,41,0,2,b,1,0,0,tac,A,27,1,0A,2A,1,0,b,2.46007040000404,1,0,1,1,0A,2A,A02,3.3322045101752,0.584569655002923,0.486039176931067,0.5,0.5,0.459276074164304,0.564262764977037,0.5,0.5,0.486039176931067,0.486039176931067,0.562768225207027,0.486039176931067,0.5,0.5,0.4464523301419,0.553895732275046,0.584569655002923,0.415430344997077,0.584569655002923,0.5,0.3368356138854,0.872045392726346,0.415430344997077,0.01159949908794,CBCsimpleRW,CBCdriftDiffusionLR_pwBelief,0.5,0.0279216461378661,1.21369413500273,4.5845337507766,2.47423847059952,0.5,69.3509774269449
CBC_1027,CBC_1027_MSI_TV_v3_Vset3_Tset3_2023-07-21_18h05.28.896.csv,4,42,2,3,z,0,1,3,tac,D,63,1,2D,3D,0,1,z,1.80908380000255,0,1,1,1,3D,2D,D23,2.94443897916644,0.596169154090863,0.486039176931067,0.5,0.5,0.459276074164304,0.564262764977037,0.5,0.5,0.486039176931067,0.486039176931067,0.562768225207027,0.486039176931067,0.5,0.5,0.4464523301419,0.553895732275046,0.606217234256281,0.393782765743719,0.553895732275046,0.4464523301419,0.746342024854723,0.917180642639319,0.446104267724954,0.012455965504008,CBCsimpleRW,CBCdriftDiffusionLR_pwBelief,0.5,0.0279216461378661,1.21369413500273,4.5845337507766,2.47423847059952,0.5,69.3509774269449
CBC_1027,CBC_1027_MSI_TV_v3_Vset3_Tset3_2023-07-21_18h05.28.896.csv,4,43,1,3,b,1,0,2,tac,B,27,1,1B,3B,1,0,b,2.30724050000572,1,0,1,1,1B,3B,B13,3.36729582998647,0.596169154090863,0.486039176931067,0.5,0.5,0.459276074164304,0.564262764977037,0.5,0.5,0.486039176931067,0.486039176931067,0.562768225207027,0.486039176931067,0.5,0.5,0.4464523301419,0.566351697779054,0.564262764977037,0.435737235022963,0.564262764977037,0.5,0.363541259223098,0.811379290648639,0.435737235022963,0.0121665008854034,CBCsimpleRW,CBCdriftDiffusionLR_pwBelief,0.5,0.0279216461378661,1.21369413500273,4.5845337507766,2.47423847059952,0.5,69.3509774269449
CBC_1027,CBC_1027_MSI_TV_v3_Vset3_Tset3_2023-07-21_18h05.28.896.csv,4,44,3,2,z,0,1,1,tac,C,63,1,3C,2C,0,1,z,2.4167095000048,0,1,1,1,2C,3C,C32,2.46809953147162,0.596169154090863,0.486039176931067,0.5,0.5,0.459276074164304,0.57642926586244,0.5,0.5,0.486039176931067,0.486039176931067,0.562768225207027,0.486039176931067,0.5,0.5,0.4464523301419,0.566351697779054,0.576461038241647,0.423538961758353,0.562768225207027,0.486039176931067,0.344220248525085,0.850020593247197,0.437231774792973,0.0122082308960005,CBCsimpleRW,CBCdriftDiffusionLR_pwBelief,0.5,0.0279216461378661,1.21369413500273,4.5845337507766,2.47423847059952,0.5,69.3509774269449
