ID,filename,session,trial,visStimLeft,visStimRight,correctKey,leftCorrect,rightCorrect,secondStim,mod2Type,mod2Stim,frequency,rewardAccurate,stimPairLeft,stimPairRight,pCorrectLeft,pCorrectRight,key,reactionTime,choiceLeft,choiceRight,choiceAccurate,reward,chosenPair,otherPair,triplet,surprise,0A belief,1A belief,2A belief,3A belief,0B belief,1B belief,2B belief,3B belief,0C belief,1C belief,2C belief,3C belief,0D belief,1D belief,2D belief,3D belief,beliefPairNorm,beliefOtherPairNorm,beliefPair,beliefOtherPair,lik,corrLik,rewardPE,update2,rewardPEOP,update2OP,fit_percModel,fit_respModel,fit_startBelief,fit_alpha1,fit_alpha2,fit_nonDecisionTime,fit_weight,fit_startingBoundary,fit_startingPoint,fit_NLL
CBC_1024,CBC_1024_MSI_TV_v3_Vset3_Tset1_2023-07-05_15h02.58.307.csv,1,1,0,1,z,0,1,2,tac,B,63,1,0B,1B,0,1,b,1.60864320000019,1,0,0,0,0B,1B,B01,2.77258872223978,0.5,0.5,0.5,0.5,0.5,0.5,0.5,0.5,0.5,0.5,0.5,0.5,0.5,0.5,0.5,0.5,0.5,0.5,0.5,0.5,0.0202441345160513,0.499524062585835,-0.5,-0.241327333199396,-0.5,0.00661456241548153,CBCbothPairsRW,CBCdriftDiffusionLR,0.5,0.482654666398793,0.0132291248309631,1.47292559133673,0.796161670519812,2.6027156554495,0.5,83.2470485214796
CBC_1024,CBC_1024_MSI_TV_v3_Vset3_Tset1_2023-07-05_15h02.58.307.csv,1,2,0,1,b,1,0,3,tac,A,63,1,0A,1A,1,0,b,3.02417049999985,1,0,1,1,0A,1A,A01,2.83321334405622,0.5,0.5,0.5,0.5,0.258672666800604,0.506614562415482,0.5,0.5,0.5,0.5,0.5,0.5,0.5,0.5,0.5,0.5,0.5,0.5,0.5,0.5,0.149889009070362,0.500462069124543,0.5,0.241327333199396,0.5,-0.00661456241548153,CBCbothPairsRW,CBCdriftDiffusionLR,0.5,0.482654666398793,0.0132291248309631,1.47292559133673,0.796161670519812,2.6027156554495,0.5,83.2470485214796
CBC_1024,CBC_1024_MSI_TV_v3_Vset3_Tset1_2023-07-05_15h02.58.307.csv,1,3,2,3,z,0,1,0,tac,D,63,1,2D,3D,0,1,b,2.47436069999912,1,0,0,0,2D,3D,D23,2.89037175789616,0.741327333199396,0.493385437584518,0.5,0.5,0.258672666800604,0.506614562415482,0.5,0.5,0.5,0.5,0.5,0.5,0.5,0.5,0.5,0.5,0.5,0.5,0.5,0.5,0.221802864347299,0.500368152594201,-0.5,-0.241327333199396,-0.5,0.00661456241548153,CBCbothPairsRW,CBCdriftDiffusionLR,0.5,0.482654666398793,0.0132291248309631,1.47292559133673,0.796161670519812,2.6027156554495,0.5,83.2470485214796
CBC_1024,CBC_1024_MSI_TV_v3_Vset3_Tset1_2023-07-05_15h02.58.307.csv,1,4,2,1,z,0,1,2,tac,B,9,1,2B,1B,0,1,b,2.57942209999965,1,0,0,0,2B,1B,B21,2.94443897916644,0.741327333199396,0.493385437584518,0.5,0.5,0.258672666800604,0.506614562415482,0.5,0.5,0.5,0.5,0.5,0.5,0.5,0.5,0.258672666800604,0.506614562415482,0.496714451259473,0.503285548740527,0.5,0.506614562415482,0.205513885775068,0.498480238938321,-0.5,-0.241327333199396,-0.493385437584518,0.00652705754358493,CBCbothPairsRW,CBCdriftDiffusionLR,0.5,0.482654666398793,0.0132291248309631,1.47292559133673,0.796161670519812,2.6027156554495,0.5,83.2470485214796
CBC_1024,CBC_1024_MSI_TV_v3_Vset3_Tset1_2023-07-05_15h02.58.307.csv,1,5,0,2,b,1,0,3,tac,A,27,1,0A,2A,1,0,b,3.19657709999956,1,0,1,1,0A,2A,A02,2.99573227355399,0.741327333199396,0.493385437584518,0.5,0.5,0.258672666800604,0.513141619959066,0.258672666800604,0.5,0.5,0.5,0.5,0.5,0.5,0.5,0.258672666800604,0.506614562415482,0.597205357017878,0.402794642982122,0.741327333199396,0.5,0.15847345593467,0.600101542795794,0.258672666800604,0.124849569701131,0.5,-0.00661456241548153,CBCbothPairsRW,CBCdriftDiffusionLR,0.5,0.482654666398793,0.0132291248309631,1.47292559133673,0.796161670519812,2.6027156554495,0.5,83.2470485214796
CBC_1024,CBC_1024_MSI_TV_v3_Vset3_Tset1_2023-07-05_15h02.58.307.csv,1,6,2,3,b,1,0,1,tac,C,63,1,2C,3C,1,0,z,5.15493020000031,0,1,0,0,3C,2C,C23,3.04452243772342,0.866176902900528,0.493385437584518,0.493385437584518,0.5,0.258672666800604,0.513141619959066,0.258672666800604,0.5,0.5,0.5,0.5,0.5,0.5,0.5,0.258672666800604,0.506614562415482,0.5,0.5,0.5,0.5,0.03175409367821,0.500453318974024,-0.5,-0.241327333199396,-0.5,0.00661456241548153,CBCbothPairsRW,CBCdriftDiffusionLR,0.5,0.482654666398793,0.0132291248309631,1.47292559133673,0.796161670519812,2.6027156554495,0.5,83.2470485214796
CBC_1024,CBC_1024_MSI_TV_v3_Vset3_Tset1_2023-07-05_15h02.58.307.csv,1,7,1,3,z,0,1,0,tac,D,27,1,1D,3D,0,1,z,2.69876219999969,0,1,1,1,3D,1D,D13,3.09104245335832,0.866176902900528,0.493385437584518,0.493385437584518,0.5,0.258672666800604,0.513141619959066,0.258672666800604,0.5,0.5,0.5,0.506614562415482,0.258672666800604,0.5,0.5,0.258672666800604,0.506614562415482,0.503285548740527,0.496714451259473,0.506614562415482,0.5,0.190512527338167,0.502860861875969,0.493385437584518,0.238134783783378,0.5,-0.00661456241548153,CBCbothPairsRW,CBCdriftDiffusionLR,0.5,0.482654666398793,0.0132291248309631,1.47292559133673,0.796161670519812,2.6027156554495,0.5,83.2470485214796
CBC_1024,CBC_1024_MSI_TV_v3_Vset3_Tset1_2023-07-05_15h02.58.307.csv,1,8,1,0,z,0,1,3,tac,A,63,1,1A,0A,0,1,b,3.71164169999975,1,0,0,0,1A,0A,A10,3.13549421592915,0.866176902900528,0.493385437584518,0.493385437584518,0.5,0.258672666800604,0.513141619959066,0.258672666800604,0.5,0.5,0.5,0.506614562415482,0.258672666800604,0.5,0.493385437584518,0.258672666800604,0.74474934619886,0.362900194343788,0.637099805656212,0.493385437584518,0.866176902900528,0.0647925262062457,0.361694306045491,-0.493385437584518,-0.238134783783378,-0.133823097099472,0.00177036245679501,CBCbothPairsRW,CBCdriftDiffusionLR,0.5,0.482654666398793,0.0132291248309631,1.47292559133673,0.796161670519812,2.6027156554495,0.5,83.2470485214796
CBC_1024,CBC_1024_MSI_TV_v3_Vset3_Tset1_2023-07-05_15h02.58.307.csv,1,9,2,0,b,1,0,1,tac,C,27,1,2C,0C,1,0,b,3.97409349999998,1,0,1,1,2C,0C,C20,3.17805383034795,0.867947265357323,0.25525065380114,0.493385437584518,0.5,0.258672666800604,0.513141619959066,0.258672666800604,0.5,0.5,0.5,0.506614562415482,0.258672666800604,0.5,0.493385437584518,0.258672666800604,0.74474934619886,0.503285548740527,0.496714451259473,0.506614562415482,0.5,0.0754045233748695,0.502781133523229,0.493385437584518,0.238134783783378,0.5,-0.00661456241548153,CBCbothPairsRW,CBCdriftDiffusionLR,0.5,0.482654666398793,0.0132291248309631,1.47292559133673,0.796161670519812,2.6027156554495,0.5,83.2470485214796
CBC_1024,CBC_1024_MSI_TV_v3_Vset3_Tset1_2023-07-05_15h02.58.307.csv,1,10,2,3,z,0,1,0,tac,D,63,1,2D,3D,0,1,z,3.86099769999964,0,1,1,1,3D,2D,D23,2.52572864430826,0.867947265357323,0.25525065380114,0.493385437584518,0.5,0.258672666800604,0.513141619959066,0.258672666800604,0.5,0.493385437584518,0.5,0.74474934619886,0.258672666800604,0.5,0.493385437584518,0.258672666800604,0.74474934619886,0.742209495656398,0.257790504343602,0.74474934619886,0.258672666800604,0.112622664738015,0.731852104741657,0.25525065380114,0.123197919158463,0.258672666800604,-0.0034220129994633,CBCbothPairsRW,CBCdriftDiffusionLR,0.5,0.482654666398793,0.0132291248309631,1.47292559133673,0.796161670519812,2.6027156554495,0.5,83.2470485214796
CBC_1024,CBC_1024_MSI_TV_v3_Vset3_Tset1_2023-07-05_15h02.58.307.csv,1,11,1,0,b,1,0,2,tac,B,63,1,1B,0B,1,0,b,3.76205759999993,1,0,1,1,1B,0B,B10,3.25809653802148,0.867947265357323,0.25525065380114,0.493385437584518,0.5,0.258672666800604,0.513141619959066,0.258672666800604,0.5,0.493385437584518,0.5,0.74474934619886,0.258672666800604,0.5,0.493385437584518,0.25525065380114,0.867947265357323,0.664851154949986,0.335148845050014,0.513141619959066,0.258672666800604,0.113708679080448,0.663721896400918,0.486858380040934,0.234984469002114,0.258672666800604,-0.0034220129994633,CBCbothPairsRW,CBCdriftDiffusionLR,0.5,0.482654666398793,0.0132291248309631,1.47292559133673,0.796161670519812,2.6027156554495,0.5,83.2470485214796
CBC_1024,CBC_1024_MSI_TV_v3_Vset3_Tset1_2023-07-05_15h02.58.307.csv,1,12,0,1,b,1,0,3,tac,A,63,1,0A,1A,1,0,b,2.69777209999938,1,0,1,1,0A,1A,A01,2.60268968544438,0.867947265357323,0.25525065380114,0.493385437584518,0.5,0.25525065380114,0.74812608896118,0.258672666800604,0.5,0.493385437584518,0.5,0.74474934619886,0.258672666800604,0.5,0.493385437584518,0.25525065380114,0.867947265357323,0.772746504024524,0.227253495975475,0.867947265357323,0.25525065380114,0.297172511853709,0.755861965517732,0.132052734642677,0.0637358685860096,0.25525065380114,-0.00337674276232022,CBCbothPairsRW,CBCdriftDiffusionLR,0.5,0.482654666398793,0.0132291248309631,1.47292559133673,0.796161670519812,2.6027156554495,0.5,83.2470485214796
CBC_1024,CBC_1024_MSI_TV_v3_Vset3_Tset1_2023-07-05_15h02.58.307.csv,1,13,2,3,z,0,1,0,tac,D,63,1,2D,3D,0,1,z,3.30536570000004,0,1,1,1,3D,2D,D23,2.23359222150709,0.931683133943333,0.25187391103882,0.493385437584518,0.5,0.25525065380114,0.74812608896118,0.258672666800604,0.5,0.493385437584518,0.5,0.74474934619886,0.258672666800604,0.5,0.493385437584518,0.25525065380114,0.867947265357323,0.772746504024524,0.227253495975475,0.867947265357323,0.25525065380114,0.180610234466705,0.755489885647038,0.132052734642677,0.0637358685860096,0.25525065380114,-0.00337674276232022,CBCbothPairsRW,CBCdriftDiffusionLR,0.5,0.482654666398793,0.0132291248309631,1.47292559133673,0.796161670519812,2.6027156554495,0.5,83.2470485214796
CBC_1024,CBC_1024_MSI_TV_v3_Vset3_Tset1_2023-07-05_15h02.58.307.csv,1,14,2,0,b,1,0,1,tac,C,27,1,2C,0C,1,0,z,4.11698030000025,0,1,0,0,0C,2C,C20,2.67414864942653,0.931683133943333,0.25187391103882,0.493385437584518,0.5,0.25525065380114,0.74812608896118,0.258672666800604,0.5,0.493385437584518,0.5,0.74474934619886,0.258672666800604,0.5,0.493385437584518,0.25187391103882,0.931683133943333,0.39849089456713,0.60150910543287,0.493385437584518,0.74474934619886,0.0530260884949653,0.397228048552408,-0.493385437584518,-0.238134783783378,-0.25525065380114,0.00337674276232022,CBCbothPairsRW,CBCdriftDiffusionLR,0.5,0.482654666398793,0.0132291248309631,1.47292559133673,0.796161670519812,2.6027156554495,0.5,83.2470485214796
CBC_1024,CBC_1024_MSI_TV_v3_Vset3_Tset1_2023-07-05_15h02.58.307.csv,1,15,0,1,b,1,0,3,tac,A,63,1,0A,1A,1,0,b,2.39689079999971,1,0,1,1,0A,1A,A01,2.30258509299405,0.931683133943333,0.25187391103882,0.493385437584518,0.5,0.25525065380114,0.74812608896118,0.258672666800604,0.5,0.25525065380114,0.5,0.74812608896118,0.258672666800604,0.5,0.493385437584518,0.25187391103882,0.931683133943333,0.78718903993122,0.21281096006878,0.931683133943333,0.25187391103882,0.384181720443694,0.766877864281328,0.0683168660566674,0.0329734541959918,0.25187391103882,-0.00333207141079543,CBCbothPairsRW,CBCdriftDiffusionLR,0.5,0.482654666398793,0.0132291248309631,1.47292559133673,0.796161670519812,2.6027156554495,0.5,83.2470485214796
CBC_1024,CBC_1024_MSI_TV_v3_Vset3_Tset1_2023-07-05_15h02.58.307.csv,1,16,1,3,b,1,0,2,tac,B,27,1,1B,3B,1,0,b,3.16773919999923,1,0,1,1,1B,3B,B13,3.43398720448515,0.964656588139324,0.248541839628025,0.493385437584518,0.5,0.25525065380114,0.74812608896118,0.258672666800604,0.5,0.25525065380114,0.5,0.74812608896118,0.258672666800604,0.5,0.493385437584518,0.25187391103882,0.931683133943333,0.599399448163004,0.400600551836996,0.74812608896118,0.5,0.162470441710607,0.602258461888952,0.25187391103882,0.121568118507001,0.5,-0.00661456241548153,CBCbothPairsRW,CBCdriftDiffusionLR,0.5,0.482654666398793,0.0132291248309631,1.47292559133673,0.796161670519812,2.6027156554495,0.5,83.2470485214796
CBC_1024,CBC_1024_MSI_TV_v3_Vset3_Tset1_2023-07-05_15h02.58.307.csv,1,17,3,2,z,0,1,1,tac,C,63,1,3C,2C,0,1,b,2.64555329999985,1,0,0,0,3C,2C,C32,3.46573590279973,0.964656588139324,0.248541839628025,0.493385437584518,0.5,0.25525065380114,0.869694207468181,0.258672666800604,0.493385437584518,0.25525065380114,0.5,0.74812608896118,0.258672666800604,0.5,0.493385437584518,0.25187391103882,0.931683133943333,0.25692589042274,0.743074109577259,0.258672666800604,0.74812608896118,0.108814441700516,0.267278649434304,-0.258672666800604,-0.124849569701131,-0.25187391103882,0.00333207141079543,CBCbothPairsRW,CBCdriftDiffusionLR,0.5,0.482654666398793,0.0132291248309631,1.47292559133673,0.796161670519812,2.6027156554495,0.5,83.2470485214796
CBC_1024,CBC_1024_MSI_TV_v3_Vset3_Tset1_2023-07-05_15h02.58.307.csv,1,18,2,3,z,0,1,0,tac,D,63,0,2D,3D,1,0,z,1.89740309999979,0,1,1,0,3D,2D,D23,2.11021320034659,0.964656588139324,0.248541839628025,0.493385437584518,0.5,0.25525065380114,0.869694207468181,0.258672666800604,0.493385437584518,0.25525065380114,0.5,0.751458160371975,0.133823097099472,0.5,0.493385437584518,0.25187391103882,0.931683133943333,0.78718903993122,0.21281096006878,0.931683133943333,0.25187391103882,0.441967654812243,0.765848341271863,-0.931683133943333,-0.449681212202801,-0.74812608896118,0.00989705342016762,CBCbothPairsRW,CBCdriftDiffusionLR,0.5,0.482654666398793,0.0132291248309631,1.47292559133673,0.796161670519812,2.6027156554495,0.5,83.2470485214796
CBC_1024,CBC_1024_MSI_TV_v3_Vset3_Tset1_2023-07-05_15h02.58.307.csv,1,19,1,0,b,1,0,2,tac,B,63,1,1B,0B,1,0,b,2.49657580000076,1,0,1,1,1B,0B,B10,2.83321334405622,0.964656588139324,0.248541839628025,0.493385437584518,0.5,0.25525065380114,0.869694207468181,0.258672666800604,0.493385437584518,0.25525065380114,0.5,0.751458160371975,0.133823097099472,0.5,0.493385437584518,0.261770964458988,0.482001921740531,0.773099409056253,0.226900590943747,0.869694207468181,0.25525065380114,0.350169495147589,0.758053574267448,0.130305792531819,0.0628926988242755,0.25525065380114,-0.00337674276232022,CBCbothPairsRW,CBCdriftDiffusionLR,0.5,0.482654666398793,0.0132291248309631,1.47292559133673,0.796161670519812,2.6027156554495,0.5,83.2470485214796
CBC_1024,CBC_1024_MSI_TV_v3_Vset3_Tset1_2023-07-05_15h02.58.307.csv,1,20,2,0,z,0,1,3,tac,A,27,1,2A,0A,0,1,z,2.05859719999989,0,1,1,1,0A,2A,A20,3.55534806148941,0.964656588139324,0.248541839628025,0.493385437584518,0.5,0.25187391103882,0.932586906292456,0.258672666800604,0.493385437584518,0.25525065380114,0.5,0.751458160371975,0.133823097099472,0.5,0.493385437584518,0.261770964458988,0.482001921740531,0.6616109625924,0.3383890374076,0.964656588139324,0.493385437584518,0.373923451375979,0.661285035080253,0.0353434118606756,0.0170586626610095,0.493385437584518,-0.00652705754358493,CBCbothPairsRW,CBCdriftDiffusionLR,0.5,0.482654666398793,0.0132291248309631,1.47292559133673,0.796161670519812,2.6027156554495,0.5,83.2470485214796
CBC_1024,CBC_1024_MSI_TV_v3_Vset3_Tset1_2023-07-05_15h02.58.307.csv,1,21,0,3,z,0,1,0,tac,D,9,1,0D,3D,0,1,z,2.47658630000024,0,1,1,1,3D,0D,D03,3.58351893845611,0.981715250800334,0.248541839628025,0.486858380040934,0.5,0.25187391103882,0.932586906292456,0.258672666800604,0.493385437584518,0.25525065380114,0.5,0.751458160371975,0.133823097099472,0.5,0.493385437584518,0.261770964458988,0.482001921740531,0.49083602696644,0.50916397303356,0.482001921740531,0.5,0.217112893742871,0.490490774856466,0.517998078259469,0.25001418965754,0.5,-0.00661456241548153,CBCbothPairsRW,CBCdriftDiffusionLR,0.5,0.482654666398793,0.0132291248309631,1.47292559133673,0.796161670519812,2.6027156554495,0.5,83.2470485214796
CBC_1024,CBC_1024_MSI_TV_v3_Vset3_Tset1_2023-07-05_15h02.58.307.csv,1,22,2,3,b,1,0,1,tac,C,63,1,2C,3C,1,0,b,3.57492009999896,1,0,1,1,2C,3C,C23,2.91777073208428,0.981715250800334,0.248541839628025,0.486858380040934,0.5,0.25187391103882,0.932586906292456,0.258672666800604,0.493385437584518,0.25525065380114,0.5,0.751458160371975,0.133823097099472,0.493385437584518,0.493385437584518,0.261770964458988,0.732016111398071,0.848835501745853,0.151164498254147,0.751458160371975,0.133823097099472,0.149394478044439,0.809051494884035,0.248541839628025,0.119959878691806,0.133823097099472,-0.00177036245679501,CBCbothPairsRW,CBCdriftDiffusionLR,0.5,0.482654666398793,0.0132291248309631,1.47292559133673,0.796161670519812,2.6027156554495,0.5,83.2470485214796
CBC_1024,CBC_1024_MSI_TV_v3_Vset3_Tset1_2023-07-05_15h02.58.307.csv,1,23,3,1,z,0,1,2,tac,B,27,1,3B,1B,0,1,z,2.9683028999998,0,1,1,1,1B,3B,B31,3.63758615972639,0.981715250800334,0.248541839628025,0.486858380040934,0.5,0.25187391103882,0.932586906292456,0.258672666800604,0.493385437584518,0.25525065380114,0.5,0.871418039063782,0.132052734642677,0.493385437584518,0.493385437584518,0.261770964458988,0.732016111398071,0.654000696645288,0.345999303354712,0.932586906292456,0.493385437584518,0.205298546897279,0.654842795105704,0.0674130937075437,0.0325372442543251,0.493385437584518,-0.00652705754358493,CBCbothPairsRW,CBCdriftDiffusionLR,0.5,0.482654666398793,0.0132291248309631,1.47292559133673,0.796161670519812,2.6027156554495,0.5,83.2470485214796
CBC_1024,CBC_1024_MSI_TV_v3_Vset3_Tset1_2023-07-05_15h02.58.307.csv,1,24,3,2,z,0,1,1,tac,C,63,1,3C,2C,0,1,z,4.71947979999914,0,1,1,1,2C,3C,C32,2.9704144655697,0.981715250800334,0.248541839628025,0.486858380040934,0.5,0.25187391103882,0.965124150546781,0.258672666800604,0.486858380040934,0.25525065380114,0.5,0.871418039063782,0.132052734642677,0.493385437584518,0.493385437584518,0.261770964458988,0.732016111398071,0.868404005275687,0.131595994724313,0.871418039063782,0.132052734642677,0.0535204443968918,0.820942665421762,0.128581960936218,0.062060683460573,0.132052734642677,-0.00174694211085801,CBCbothPairsRW,CBCdriftDiffusionLR,0.5,0.482654666398793,0.0132291248309631,1.47292559133673,0.796161670519812,2.6027156554495,0.5,83.2470485214796
CBC_1024,CBC_1024_MSI_TV_v3_Vset3_Tset1_2023-07-05_15h02.58.307.csv,1,25,2,3,z,0,1,0,tac,D,63,1,2D,3D,0,1,z,3.03678779999973,0,1,1,1,3D,2D,D23,2.07944154167984,0.981715250800334,0.248541839628025,0.486858380040934,0.5,0.25187391103882,0.965124150546781,0.258672666800604,0.486858380040934,0.25525065380114,0.5,0.933478722524355,0.130305792531819,0.493385437584518,0.493385437584518,0.261770964458988,0.732016111398071,0.736592504754369,0.263407495245631,0.732016111398071,0.261770964458988,0.21674050882138,0.726929755487576,0.267983888601929,0.129343674353415,0.261770964458988,-0.00346300076594954,CBCbothPairsRW,CBCdriftDiffusionLR,0.5,0.482654666398793,0.0132291248309631,1.47292559133673,0.796161670519812,2.6027156554495,0.5,83.2470485214796
CBC_1024,CBC_1024_MSI_TV_v3_Vset3_Tset1_2023-07-05_15h02.58.307.csv,1,26,1,0,b,1,0,2,tac,B,63,1,1B,0B,1,0,z,3.6252285999999,0,1,0,0,0B,1B,B10,2.6149597780362,0.981715250800334,0.248541839628025,0.486858380040934,0.5,0.25187391103882,0.965124150546781,0.258672666800604,0.486858380040934,0.25525065380114,0.5,0.933478722524355,0.130305792531819,0.493385437584518,0.493385437584518,0.258307963693038,0.861359785751486,0.206963280377504,0.793036719622496,0.25187391103882,0.965124150546781,0.0415982092516087,0.228541784529345,-0.25187391103882,-0.121568118507001,-0.0348758494532186,0.000461376966002504,CBCbothPairsRW,CBCdriftDiffusionLR,0.5,0.482654666398793,0.0132291248309631,1.47292559133673,0.796161670519812,2.6027156554495,0.5,83.2470485214796
CBC_1024,CBC_1024_MSI_TV_v3_Vset3_Tset1_2023-07-05_15h02.58.307.csv,1,27,0,3,b,1,0,3,tac,A,9,1,0A,3A,1,0,z,3.09589289999985,0,1,0,0,3A,0A,A03,3.73766961828337,0.981715250800334,0.248541839628025,0.486858380040934,0.5,0.130305792531819,0.965585527512784,0.258672666800604,0.486858380040934,0.25525065380114,0.5,0.933478722524355,0.130305792531819,0.493385437584518,0.493385437584518,0.258307963693038,0.861359785751486,0.337446752829148,0.662553247170852,0.5,0.981715250800334,0.096040632302586,0.337380435581313,-0.5,-0.241327333199396,-0.0182847491996661,0.000241891229665234,CBCbothPairsRW,CBCdriftDiffusionLR,0.5,0.482654666398793,0.0132291248309631,1.47292559133673,0.796161670519812,2.6027156554495,0.5,83.2470485214796
CBC_1024,CBC_1024_MSI_TV_v3_Vset3_Tset1_2023-07-05_15h02.58.307.csv,1,28,2,3,z,0,1,0,tac,D,63,1,2D,3D,0,1,z,1.70505909999974,0,1,1,1,3D,2D,D23,1.96944064646551,0.981957142029999,0.248541839628025,0.486858380040934,0.258672666800604,0.130305792531819,0.965585527512784,0.258672666800604,0.486858380040934,0.25525065380114,0.5,0.933478722524355,0.130305792531819,0.493385437584518,0.493385437584518,0.258307963693038,0.861359785751486,0.769299451715755,0.230700548284245,0.861359785751486,0.258307963693038,0.206734090946701,0.7531005324548,0.138640214248514,0.0669153463575735,0.258307963693038,-0.00341718829652707,CBCbothPairsRW,CBCdriftDiffusionLR,0.5,0.482654666398793,0.0132291248309631,1.47292559133673,0.796161670519812,2.6027156554495,0.5,83.2470485214796
CBC_1024,CBC_1024_MSI_TV_v3_Vset3_Tset1_2023-07-05_15h02.58.307.csv,1,29,2,0,b,1,0,1,tac,C,27,1,2C,0C,1,0,b,2.59607629999937,1,0,1,1,2C,0C,C20,2.68557734525015,0.981957142029999,0.248541839628025,0.486858380040934,0.258672666800604,0.130305792531819,0.965585527512784,0.258672666800604,0.486858380040934,0.25525065380114,0.5,0.933478722524355,0.130305792531819,0.493385437584518,0.493385437584518,0.254890775396511,0.92827513210906,0.785274378773956,0.214725621226044,0.933478722524355,0.25525065380114,0.32793929822531,0.765770954458192,0.0665212774756452,0.0321068049884291,0.25525065380114,-0.00337674276232022,CBCbothPairsRW,CBCdriftDiffusionLR,0.5,0.482654666398793,0.0132291248309631,1.47292559133673,0.796161670519812,2.6027156554495,0.5,83.2470485214796
CBC_1024,CBC_1024_MSI_TV_v3_Vset3_Tset1_2023-07-05_15h02.58.307.csv,1,30,1,0,z,0,1,3,tac,A,63,1,1A,0A,0,1,b,3.05066319999969,1,0,0,0,1A,0A,A10,3.11351530921037,0.981957142029999,0.248541839628025,0.486858380040934,0.258672666800604,0.130305792531819,0.965585527512784,0.258672666800604,0.486858380040934,0.25187391103882,0.5,0.965585527512784,0.130305792531819,0.493385437584518,0.493385437584518,0.254890775396511,0.92827513210906,0.201984595950766,0.798015404049234,0.248541839628025,0.981957142029999,0.0662503515177594,0.225049540908758,-0.248541839628025,-0.119959878691806,-0.0180428579700008,0.000238691220392478,CBCbothPairsRW,CBCdriftDiffusionLR,0.5,0.482654666398793,0.0132291248309631,1.47292559133673,0.796161670519812,2.6027156554495,0.5,83.2470485214796
CBC_1024,CBC_1024_MSI_TV_v3_Vset3_Tset1_2023-07-05_15h02.58.307.csv,1,31,1,0,b,1,0,2,tac,B,63,1,1B,0B,1,0,b,2.11603370000012,1,0,1,1,1B,0B,B10,2.4423470353692,0.982195833250392,0.128581960936218,0.486858380040934,0.258672666800604,0.130305792531819,0.965585527512784,0.258672666800604,0.486858380040934,0.25187391103882,0.5,0.965585527512784,0.130305792531819,0.493385437584518,0.493385437584518,0.254890775396511,0.92827513210906,0.88109606295037,0.11890393704963,0.965585527512784,0.130305792531819,0.527703001947915,0.828962309173958,0.0344144724872162,0.0166103057376078,0.130305792531819,-0.00172383159560101,CBCbothPairsRW,CBCdriftDiffusionLR,0.5,0.482654666398793,0.0132291248309631,1.47292559133673,0.796161670519812,2.6027156554495,0.5,83.2470485214796
CBC_1024,CBC_1024_MSI_TV_v3_Vset3_Tset1_2023-07-05_15h02.58.307.csv,1,32,3,1,b,1,0,0,tac,D,27,1,3D,1D,1,0,b,4.7946138999996,1,0,1,1,3D,1D,D31,3.85014760171006,0.982195833250392,0.128581960936218,0.486858380040934,0.258672666800604,0.128581960936218,0.982195833250392,0.258672666800604,0.486858380040934,0.25187391103882,0.5,0.965585527512784,0.130305792531819,0.493385437584518,0.493385437584518,0.254890775396511,0.92827513210906,0.652951310529164,0.347048689470836,0.92827513210906,0.493385437584518,0.051330377639404,0.653676287245192,0.0717248678909401,0.0346183421843992,0.493385437584518,-0.00652705754358493,CBCbothPairsRW,CBCdriftDiffusionLR,0.5,0.482654666398793,0.0132291248309631,1.47292559133673,0.796161670519812,2.6027156554495,0.5,83.2470485214796
CBC_1024,CBC_1024_MSI_TV_v3_Vset3_Tset1_2023-07-05_15h02.58.307.csv,1,33,3,2,z,0,1,1,tac,C,63,1,3C,2C,0,1,b,2.80866679999963,1,0,0,0,3C,2C,C32,2.77258872223978,0.982195833250392,0.128581960936218,0.486858380040934,0.258672666800604,0.128581960936218,0.982195833250392,0.258672666800604,0.486858380040934,0.25187391103882,0.5,0.965585527512784,0.130305792531819,0.493385437584518,0.486858380040934,0.254890775396511,0.962893474293459,0.11890393704963,0.88109606295037,0.130305792531819,0.965585527512784,0.06203507274947,0.170578540526253,-0.130305792531819,-0.0628926988242755,-0.0344144724872161,0.000455273352525125,CBCbothPairsRW,CBCdriftDiffusionLR,0.5,0.482654666398793,0.0132291248309631,1.47292559133673,0.796161670519812,2.6027156554495,0.5,83.2470485214796
CBC_1024,CBC_1024_MSI_TV_v3_Vset3_Tset1_2023-07-05_15h02.58.307.csv,1,34,1,0,b,1,0,2,tac,B,63,1,1B,0B,1,0,b,1.93156409999938,1,0,1,1,1B,0B,B10,2.28238238567653,0.982195833250392,0.128581960936218,0.486858380040934,0.258672666800604,0.128581960936218,0.982195833250392,0.258672666800604,0.486858380040934,0.25187391103882,0.5,0.966040800865309,0.0674130937075436,0.493385437584518,0.486858380040934,0.254890775396511,0.962893474293459,0.884241509319715,0.115758490680285,0.982195833250392,0.128581960936218,0.536395348012241,0.830705884893915,0.0178041667496084,0.00859326416304072,0.128581960936218,-0.00170102681223524,CBCbothPairsRW,CBCdriftDiffusionLR,0.5,0.482654666398793,0.0132291248309631,1.47292559133673,0.796161670519812,2.6027156554495,0.5,83.2470485214796
CBC_1024,CBC_1024_MSI_TV_v3_Vset3_Tset1_2023-07-05_15h02.58.307.csv,1,35,0,1,b,1,0,3,tac,A,63,1,0A,1A,1,0,b,3.21657129999949,1,0,1,1,0A,1A,A01,2.52572864430826,0.982195833250392,0.128581960936218,0.486858380040934,0.258672666800604,0.126880934123983,0.990789097413432,0.258672666800604,0.486858380040934,0.25187391103882,0.5,0.966040800865309,0.0674130937075436,0.493385437584518,0.486858380040934,0.254890775396511,0.962893474293459,0.884241509319715,0.115758490680285,0.982195833250392,0.128581960936218,0.208264339906261,0.830803072790277,0.0178041667496084,0.00859326416304072,0.128581960936218,-0.00170102681223524,CBCbothPairsRW,CBCdriftDiffusionLR,0.5,0.482654666398793,0.0132291248309631,1.47292559133673,0.796161670519812,2.6027156554495,0.5,83.2470485214796
CBC_1024,CBC_1024_MSI_TV_v3_Vset3_Tset1_2023-07-05_15h02.58.307.csv,1,36,1,2,z,0,1,1,tac,C,9,1,1C,2C,0,1,b,4.14358640000046,1,0,0,0,1C,2C,C12,3.93182563272433,0.990789097413432,0.126880934123983,0.486858380040934,0.258672666800604,0.126880934123983,0.990789097413432,0.258672666800604,0.486858380040934,0.25187391103882,0.5,0.966040800865309,0.0674130937075436,0.493385437584518,0.486858380040934,0.254890775396511,0.962893474293459,0.34105462801914,0.65894537198086,0.5,0.966040800865309,0.0436850014637216,0.340448514277864,-0.5,-0.241327333199396,-0.0339591991346909,0.000449250484512359,CBCbothPairsRW,CBCdriftDiffusionLR,0.5,0.482654666398793,0.0132291248309631,1.47292559133673,0.796161670519812,2.6027156554495,0.5,83.2470485214796
CBC_1024,CBC_1024_MSI_TV_v3_Vset3_Tset1_2023-07-05_15h02.58.307.csv,1,37,1,0,z,0,1,3,tac,A,63,1,1A,0A,0,1,b,3.05263090000062,1,0,0,0,1A,0A,A10,2.85263142991332,0.990789097413432,0.126880934123983,0.486858380040934,0.258672666800604,0.126880934123983,0.990789097413432,0.258672666800604,0.486858380040934,0.25187391103882,0.258672666800604,0.966490051349821,0.0674130937075436,0.493385437584518,0.486858380040934,0.254890775396511,0.962893474293459,0.113522712915055,0.886477287084945,0.126880934123983,0.990789097413432,0.0490070557424062,0.168328302696165,-0.126880934123983,-0.0612396749319782,-0.00921090258656765,0.000121852180123544,CBCbothPairsRW,CBCdriftDiffusionLR,0.5,0.482654666398793,0.0132291248309631,1.47292559133673,0.796161670519812,2.6027156554495,0.5,83.2470485214796
CBC_1024,CBC_1024_MSI_TV_v3_Vset3_Tset1_2023-07-05_15h02.58.307.csv,1,38,3,1,b,1,0,0,tac,D,27,1,3D,1D,1,0,b,2.61811339999986,1,0,1,1,3D,1D,D31,3.27714473299218,0.990910949593556,0.0656412591920047,0.486858380040934,0.258672666800604,0.126880934123983,0.990789097413432,0.258672666800604,0.486858380040934,0.25187391103882,0.258672666800604,0.966490051349821,0.0674130937075436,0.493385437584518,0.486858380040934,0.254890775396511,0.962893474293459,0.664178129115442,0.335821870884558,0.962893474293459,0.486858380040934,0.271406409301167,0.664532560414829,0.0371065257065409,0.0179096377861088,0.486858380040934,-0.00644071028456196,CBCbothPairsRW,CBCdriftDiffusionLR,0.5,0.482654666398793,0.0132291248309631,1.47292559133673,0.796161670519812,2.6027156554495,0.5,83.2470485214796
CBC_1024,CBC_1024_MSI_TV_v3_Vset3_Tset1_2023-07-05_15h02.58.307.csv,1,39,0,1,z,0,1,2,tac,B,63,1,0B,1B,0,1,z,2.19094229999973,0,1,1,1,1B,0B,B01,3.29583686600433,0.990910949593556,0.0656412591920047,0.486858380040934,0.258672666800604,0.126880934123983,0.990789097413432,0.258672666800604,0.486858380040934,0.25187391103882,0.258672666800604,0.966490051349821,0.0674130937075436,0.493385437584518,0.480417669756372,0.254890775396511,0.980803112079568,0.886477287084945,0.113522712915055,0.990789097413432,0.126880934123983,0.509841279295882,0.83210527204069,0.00921090258656765,0.00444568511515159,0.126880934123983,-0.00167852371619537,CBCbothPairsRW,CBCdriftDiffusionLR,0.5,0.482654666398793,0.0132291248309631,1.47292559133673,0.796161670519812,2.6027156554495,0.5,83.2470485214796
CBC_1024,CBC_1024_MSI_TV_v3_Vset3_Tset1_2023-07-05_15h02.58.307.csv,1,40,2,3,b,1,0,1,tac,C,63,0,2C,3C,0,1,b,2.82566680000036,1,0,1,0,2C,3C,C23,2.90872089656436,0.990910949593556,0.0656412591920047,0.486858380040934,0.258672666800604,0.125202410407787,0.995234782528584,0.258672666800604,0.486858380040934,0.25187391103882,0.258672666800604,0.966490051349821,0.0674130937075436,0.493385437584518,0.480417669756372,0.254890775396511,0.980803112079568,0.93479747689151,0.0652025231084903,0.966490051349821,0.0674130937075436,0.307673910189258,0.857924602275656,-0.966490051349821,-0.466480933312,-0.932586906292456,0.0123373085990646,CBCbothPairsRW,CBCdriftDiffusionLR,0.5,0.482654666398793,0.0132291248309631,1.47292559133673,0.796161670519812,2.6027156554495,0.5,83.2470485214796
CBC_1024,CBC_1024_MSI_TV_v3_Vset3_Tset1_2023-07-05_15h02.58.307.csv,1,41,2,0,z,0,1,3,tac,A,27,1,2A,0A,0,1,z,2.55977339999936,0,1,1,1,0A,2A,A20,3.3322045101752,0.990910949593556,0.0656412591920047,0.486858380040934,0.258672666800604,0.125202410407787,0.995234782528584,0.258672666800604,0.486858380040934,0.25187391103882,0.258672666800604,0.500009118037821,0.0797504023066082,0.493385437584518,0.480417669756372,0.254890775396511,0.980803112079568,0.670545077450381,0.329454922549619,0.990910949593556,0.486858380040934,0.285775635289086,0.669460090768705,0.00908905040644414,0.00438687259180411,0.486858380040934,-0.00644071028456196,CBCbothPairsRW,CBCdriftDiffusionLR,0.5,0.482654666398793,0.0132291248309631,1.47292559133673,0.796161670519812,2.6027156554495,0.5,83.2470485214796
CBC_1024,CBC_1024_MSI_TV_v3_Vset3_Tset1_2023-07-05_15h02.58.307.csv,1,42,3,2,b,1,0,0,tac,D,63,1,3D,2D,1,0,b,2.15758559999904,1,0,1,1,3D,2D,D32,4.04305126783455,0.99529782218536,0.0656412591920047,0.480417669756372,0.258672666800604,0.125202410407787,0.995234782528584,0.258672666800604,0.486858380040934,0.25187391103882,0.258672666800604,0.500009118037821,0.0797504023066082,0.493385437584518,0.480417669756372,0.254890775396511,0.980803112079568,0.793726603344192,0.206273396655808,0.980803112079568,0.254890775396511,0.45402827178202,0.771980150370847,0.0191968879204322,0.00926546753513121,0.254890775396511,-0.00337198188598141,CBCbothPairsRW,CBCdriftDiffusionLR,0.5,0.482654666398793,0.0132291248309631,1.47292559133673,0.796161670519812,2.6027156554495,0.5,83.2470485214796
CBC_1024,CBC_1024_MSI_TV_v3_Vset3_Tset1_2023-07-05_15h02.58.307.csv,1,43,3,1,z,0,1,2,tac,B,27,1,3B,1B,0,1,b,2.94464609999977,1,0,0,0,3B,1B,B31,3.36729582998647,0.99529782218536,0.0656412591920047,0.480417669756372,0.258672666800604,0.125202410407787,0.995234782528584,0.258672666800604,0.486858380040934,0.25187391103882,0.258672666800604,0.500009118037821,0.0797504023066082,0.493385437584518,0.480417669756372,0.25151879351053,0.990068579614699,0.328493776461976,0.671506223538024,0.486858380040934,0.995234782528584,0.105551439995827,0.330364512481887,-0.486858380040934,-0.234984469002114,-0.00476521747141612,6.30396567760499e-05,CBCbothPairsRW,CBCdriftDiffusionLR,0.5,0.482654666398793,0.0132291248309631,1.47292559133673,0.796161670519812,2.6027156554495,0.5,83.2470485214796
CBC_1024,CBC_1024_MSI_TV_v3_Vset3_Tset1_2023-07-05_15h02.58.307.csv,1,44,2,3,b,1,0,1,tac,C,63,1,2C,3C,1,0,b,3.09665009999935,1,0,1,1,2C,3C,C23,2.69124308278583,0.99529782218536,0.0656412591920047,0.480417669756372,0.258672666800604,0.125202410407787,0.99529782218536,0.258672666800604,0.25187391103882,0.25187391103882,0.258672666800604,0.500009118037821,0.0797504023066082,0.493385437584518,0.480417669756372,0.25151879351053,0.990068579614699,0.862442272169624,0.137557727830376,0.500009118037821,0.0797504023066082,0.229877518101792,0.818543483504214,0.499990881962179,0.241322932335894,0.0797504023066081,-0.00105502802743364,CBCbothPairsRW,CBCdriftDiffusionLR,0.5,0.482654666398793,0.0132291248309631,1.47292559133673,0.796161670519812,2.6027156554495,0.5,83.2470485214796
CBC_1024,CBC_1024_MSI_AV_v3_Vset6_Aset3_2023-07-05_15h12.04.977.csv,2,1,1,0,b,1,0,2,aud,B,63,1,1B,0B,1,0,b,2.51695930000005,1,0,1,1,1B,0B,B10,2.77258872223978,0.5,0.5,0.5,0.5,0.5,0.5,0.5,0.5,0.5,0.5,0.5,0.5,0.5,0.5,0.5,0.5,0.5,0.5,0.5,0.5,0.1739614757924,0.499767693466628,0.5,0.00684657116698739,0.5,-0.0744652903467115,CBCbothPairsRW,CBCdriftDiffusionLR,0.5,0.0136931423339748,0.148930580693423,1.17570867723418,1.92120979266575,2.64919142518824,0.5,77.0842600483284
CBC_1024,CBC_1024_MSI_AV_v3_Vset6_Aset3_2023-07-05_15h12.04.977.csv,2,2,0,1,b,1,0,3,aud,A,63,1,0A,1A,1,0,b,1.8277920999999,1,0,1,1,0A,1A,A01,2.83321334405622,0.5,0.5,0.5,0.5,0.425534709653289,0.506846571166987,0.5,0.5,0.5,0.5,0.5,0.5,0.5,0.5,0.5,0.5,0.5,0.5,0.5,0.5,0.261637500272158,0.500535038670253,0.5,0.00684657116698739,0.5,-0.0744652903467115,CBCbothPairsRW,CBCdriftDiffusionLR,0.5,0.0136931423339748,0.148930580693423,1.17570867723418,1.92120979266575,2.64919142518824,0.5,77.0842600483284
CBC_1024,CBC_1024_MSI_AV_v3_Vset6_Aset3_2023-07-05_15h12.04.977.csv,2,3,1,2,z,0,1,1,aud,C,9,1,1C,2C,0,1,z,2.34975050000048,0,1,1,1,2C,1C,C12,2.89037175789616,0.506846571166987,0.425534709653289,0.5,0.5,0.425534709653289,0.506846571166987,0.5,0.5,0.5,0.5,0.5,0.5,0.5,0.5,0.5,0.5,0.5,0.5,0.5,0.5,0.195609183801147,0.500867074796595,0.5,0.00684657116698739,0.5,-0.0744652903467115,CBCbothPairsRW,CBCdriftDiffusionLR,0.5,0.0136931423339748,0.148930580693423,1.17570867723418,1.92120979266575,2.64919142518824,0.5,77.0842600483284
CBC_1024,CBC_1024_MSI_AV_v3_Vset6_Aset3_2023-07-05_15h12.04.977.csv,2,4,1,0,z,0,1,3,aud,A,63,1,1A,0A,0,1,b,1.78842370000075,1,0,0,0,1A,0A,A10,2.94443897916644,0.506846571166987,0.425534709653289,0.5,0.5,0.425534709653289,0.506846571166987,0.5,0.5,0.5,0.425534709653289,0.506846571166987,0.5,0.5,0.5,0.5,0.5,0.45639559524288,0.54360440475712,0.425534709653289,0.506846571166987,0.208747223452513,0.390276033981682,-0.425534709653289,-0.00582690734732911,-0.493153428833013,0.0734456265270532,CBCbothPairsRW,CBCdriftDiffusionLR,0.5,0.0136931423339748,0.148930580693423,1.17570867723418,1.92120979266575,2.64919142518824,0.5,77.0842600483284
CBC_1024,CBC_1024_MSI_AV_v3_Vset6_Aset3_2023-07-05_15h12.04.977.csv,2,5,3,1,b,1,0,0,aud,D,27,1,3D,1D,1,0,b,1.88471000000027,1,0,1,1,3D,1D,D31,2.99573227355399,0.580292197694041,0.419707802305959,0.5,0.5,0.425534709653289,0.506846571166987,0.5,0.5,0.5,0.425534709653289,0.506846571166987,0.5,0.5,0.5,0.5,0.5,0.5,0.5,0.5,0.5,0.256735067443398,0.499883128300901,0.5,0.00684657116698739,0.5,-0.0744652903467115,CBCbothPairsRW,CBCdriftDiffusionLR,0.5,0.0136931423339748,0.148930580693423,1.17570867723418,1.92120979266575,2.64919142518824,0.5,77.0842600483284
CBC_1024,CBC_1024_MSI_AV_v3_Vset6_Aset3_2023-07-05_15h12.04.977.csv,2,6,0,1,z,0,1,2,aud,B,63,1,0B,1B,0,1,z,2.08697530000063,0,1,1,1,1B,0B,B01,3.04452243772342,0.580292197694041,0.419707802305959,0.5,0.5,0.425534709653289,0.506846571166987,0.5,0.5,0.5,0.425534709653289,0.506846571166987,0.5,0.5,0.425534709653289,0.5,0.506846571166987,0.54360440475712,0.45639559524288,0.506846571166987,0.425534709653289,0.285746616710258,0.609565873645915,0.493153428833013,0.00675282009349815,0.425534709653289,-0.0633751314138714,CBCbothPairsRW,CBCdriftDiffusionLR,0.5,0.0136931423339748,0.148930580693423,1.17570867723418,1.92120979266575,2.64919142518824,0.5,77.0842600483284
CBC_1024,CBC_1024_MSI_AV_v3_Vset6_Aset3_2023-07-05_15h12.04.977.csv,2,7,2,3,b,1,0,1,aud,C,63,1,2C,3C,1,0,z,1.90472300000056,0,1,0,0,3C,2C,C23,3.09104245335832,0.580292197694041,0.419707802305959,0.5,0.5,0.362159578239417,0.513599391260485,0.5,0.5,0.5,0.425534709653289,0.506846571166987,0.5,0.5,0.425534709653289,0.5,0.506846571166987,0.496599992807717,0.503400007192284,0.5,0.506846571166987,0.250078144829224,0.490701199420033,-0.5,-0.00684657116698739,-0.493153428833013,0.0734456265270532,CBCbothPairsRW,CBCdriftDiffusionLR,0.5,0.0136931423339748,0.148930580693423,1.17570867723418,1.92120979266575,2.64919142518824,0.5,77.0842600483284
CBC_1024,CBC_1024_MSI_AV_v3_Vset6_Aset3_2023-07-05_15h12.04.977.csv,2,8,2,0,z,0,1,3,aud,A,27,1,2A,0A,0,1,b,2.55976890000056,1,0,0,0,2A,0A,A20,3.13549421592915,0.580292197694041,0.419707802305959,0.5,0.5,0.362159578239417,0.513599391260485,0.5,0.5,0.5,0.425534709653289,0.580292197694041,0.493153428833013,0.5,0.425534709653289,0.5,0.506846571166987,0.462837740629142,0.537162259370858,0.5,0.580292197694041,0.137568343314302,0.40563299051716,-0.5,-0.00684657116698739,-0.419707802305959,0.0625073267189869,CBCbothPairsRW,CBCdriftDiffusionLR,0.5,0.0136931423339748,0.148930580693423,1.17570867723418,1.92120979266575,2.64919142518824,0.5,77.0842600483284
CBC_1024,CBC_1024_MSI_AV_v3_Vset6_Aset3_2023-07-05_15h12.04.977.csv,2,9,3,2,b,1,0,0,aud,D,63,1,3D,2D,1,0,b,1.67244860000028,1,0,1,1,3D,2D,D32,3.17805383034795,0.642799524413027,0.419707802305959,0.493153428833013,0.5,0.362159578239417,0.513599391260485,0.5,0.5,0.5,0.425534709653289,0.580292197694041,0.493153428833013,0.5,0.425534709653289,0.5,0.506846571166987,0.503400007192284,0.496599992807717,0.506846571166987,0.5,0.262496487304844,0.50844523046836,0.493153428833013,0.00675282009349815,0.5,-0.0744652903467115,CBCbothPairsRW,CBCdriftDiffusionLR,0.5,0.0136931423339748,0.148930580693423,1.17570867723418,1.92120979266575,2.64919142518824,0.5,77.0842600483284
CBC_1024,CBC_1024_MSI_AV_v3_Vset6_Aset3_2023-07-05_15h12.04.977.csv,2,10,3,1,z,0,1,2,aud,B,27,1,3B,1B,0,1,z,2.97769440000047,0,1,1,1,1B,3B,B31,3.2188758248682,0.642799524413027,0.419707802305959,0.493153428833013,0.5,0.362159578239417,0.513599391260485,0.5,0.5,0.5,0.425534709653289,0.580292197694041,0.493153428833013,0.5,0.425534709653289,0.425534709653289,0.513599391260485,0.506708464595452,0.493291535404548,0.513599391260485,0.5,0.13033556328467,0.516941990259372,0.486400608739515,0.00666035276680215,0.5,-0.0744652903467115,CBCbothPairsRW,CBCdriftDiffusionLR,0.5,0.0136931423339748,0.148930580693423,1.17570867723418,1.92120979266575,2.64919142518824,0.5,77.0842600483284
CBC_1024,CBC_1024_MSI_AV_v3_Vset6_Aset3_2023-07-05_15h12.04.977.csv,2,11,3,2,z,0,1,1,aud,C,63,1,3C,2C,0,1,z,3.49576490000072,0,1,1,1,2C,3C,C32,3.25809653802148,0.642799524413027,0.419707802305959,0.493153428833013,0.5,0.362159578239417,0.520259744027288,0.5,0.425534709653289,0.5,0.425534709653289,0.580292197694041,0.493153428833013,0.5,0.425534709653289,0.425534709653289,0.513599391260485,0.540588347796875,0.459411652203125,0.580292197694041,0.493153428833013,0.10460676836286,0.601319871224649,0.419707802305959,0.00574711867565525,0.493153428833013,-0.0734456265270532,CBCbothPairsRW,CBCdriftDiffusionLR,0.5,0.0136931423339748,0.148930580693423,1.17570867723418,1.92120979266575,2.64919142518824,0.5,77.0842600483284
CBC_1024,CBC_1024_MSI_AV_v3_Vset6_Aset3_2023-07-05_15h12.04.977.csv,2,12,1,3,b,1,0,2,aud,B,27,1,1B,3B,1,0,b,2.32929349999995,1,0,1,1,1B,3B,B13,3.29583686600433,0.642799524413027,0.419707802305959,0.493153428833013,0.5,0.362159578239417,0.520259744027288,0.5,0.425534709653289,0.5,0.425534709653289,0.586039316369696,0.419707802305959,0.5,0.425534709653289,0.425534709653289,0.513599391260485,0.550076966514963,0.449923033485037,0.520259744027288,0.425534709653289,0.250066565192812,0.624711582202776,0.479740255972712,0.00656915160837185,0.425534709653289,-0.0633751314138714,CBCbothPairsRW,CBCdriftDiffusionLR,0.5,0.0136931423339748,0.148930580693423,1.17570867723418,1.92120979266575,2.64919142518824,0.5,77.0842600483284
CBC_1024,CBC_1024_MSI_AV_v3_Vset6_Aset3_2023-07-05_15h12.04.977.csv,2,13,3,2,z,0,1,1,aud,C,63,1,3C,2C,0,1,b,3.50138030000016,1,0,0,0,3C,2C,C32,2.63905732961526,0.642799524413027,0.419707802305959,0.493153428833013,0.5,0.362159578239417,0.526828895635659,0.5,0.362159578239417,0.5,0.425534709653289,0.586039316369696,0.419707802305959,0.5,0.425534709653289,0.425534709653289,0.513599391260485,0.417309475227352,0.582690524772648,0.419707802305959,0.586039316369696,0.0509545784445666,0.301305369554183,-0.419707802305959,-0.00574711867565525,-0.413960683630304,0.0616514049973075,CBCbothPairsRW,CBCdriftDiffusionLR,0.5,0.0136931423339748,0.148930580693423,1.17570867723418,1.92120979266575,2.64919142518824,0.5,77.0842600483284
CBC_1024,CBC_1024_MSI_AV_v3_Vset6_Aset3_2023-07-05_15h12.04.977.csv,2,14,3,2,b,1,0,0,aud,D,63,1,3D,2D,1,0,b,3.25212519999968,1,0,1,1,3D,2D,D32,2.67414864942653,0.642799524413027,0.419707802305959,0.493153428833013,0.5,0.362159578239417,0.526828895635659,0.5,0.362159578239417,0.5,0.425534709653289,0.647690721367003,0.413960683630304,0.5,0.425534709653289,0.425534709653289,0.513599391260485,0.546886105786975,0.453113894213025,0.513599391260485,0.425534709653289,0.127569837480847,0.616965060328804,0.486400608739515,0.00666035276680215,0.425534709653289,-0.0633751314138714,CBCbothPairsRW,CBCdriftDiffusionLR,0.5,0.0136931423339748,0.148930580693423,1.17570867723418,1.92120979266575,2.64919142518824,0.5,77.0842600483284
CBC_1024,CBC_1024_MSI_AV_v3_Vset6_Aset3_2023-07-05_15h12.04.977.csv,2,15,0,3,b,1,0,3,aud,A,9,1,0A,3A,1,0,b,2.4294187000005,1,0,1,1,0A,3A,A03,3.40119738166216,0.642799524413027,0.419707802305959,0.493153428833013,0.5,0.362159578239417,0.526828895635659,0.5,0.362159578239417,0.5,0.425534709653289,0.647690721367003,0.413960683630304,0.5,0.425534709653289,0.362159578239417,0.520259744027288,0.562477941827274,0.437522058172726,0.642799524413027,0.5,0.244953424163343,0.65347188669271,0.357200475586973,0.0048911969539759,0.5,-0.0744652903467115,CBCbothPairsRW,CBCdriftDiffusionLR,0.5,0.0136931423339748,0.148930580693423,1.17570867723418,1.92120979266575,2.64919142518824,0.5,77.0842600483284
CBC_1024,CBC_1024_MSI_AV_v3_Vset6_Aset3_2023-07-05_15h12.04.977.csv,2,16,0,1,z,0,1,2,aud,B,63,0,0B,1B,1,0,z,1.73242870000013,0,1,1,0,1B,0B,B01,2.7408400239252,0.647690721367003,0.419707802305959,0.493153428833013,0.425534709653289,0.362159578239417,0.526828895635659,0.5,0.362159578239417,0.5,0.425534709653289,0.647690721367003,0.413960683630304,0.5,0.425534709653289,0.362159578239417,0.520259744027288,0.592616114964041,0.407383885035959,0.526828895635659,0.362159578239417,0.407627196548839,0.720400063742203,-0.526828895635659,-0.00721394305358983,-0.637840421760583,0.0949939444025414,CBCbothPairsRW,CBCdriftDiffusionLR,0.5,0.0136931423339748,0.148930580693423,1.17570867723418,1.92120979266575,2.64919142518824,0.5,77.0842600483284
CBC_1024,CBC_1024_MSI_AV_v3_Vset6_Aset3_2023-07-05_15h12.04.977.csv,2,17,2,3,z,0,1,0,aud,D,63,1,2D,3D,0,1,b,2.74843070000043,1,0,0,0,2D,3D,D23,3.46573590279973,0.647690721367003,0.419707802305959,0.493153428833013,0.425534709653289,0.457153522641959,0.51961495258207,0.5,0.362159578239417,0.5,0.425534709653289,0.647690721367003,0.413960683630304,0.5,0.425534709653289,0.362159578239417,0.520259744027288,0.410416645579704,0.589583354420296,0.362159578239417,0.520259744027288,0.0857676859824529,0.287503141308936,-0.362159578239417,-0.00495910265244462,-0.479740255972712,0.0714479949040274,CBCbothPairsRW,CBCdriftDiffusionLR,0.5,0.0136931423339748,0.148930580693423,1.17570867723418,1.92120979266575,2.64919142518824,0.5,77.0842600483284
CBC_1024,CBC_1024_MSI_AV_v3_Vset6_Aset3_2023-07-05_15h12.04.977.csv,2,18,0,2,z,0,1,1,aud,C,27,1,0C,2C,0,1,z,2.50214380000125,0,1,1,1,2C,0C,C02,3.49650756146648,0.647690721367003,0.419707802305959,0.493153428833013,0.425534709653289,0.457153522641959,0.51961495258207,0.5,0.362159578239417,0.5,0.425534709653289,0.647690721367003,0.413960683630304,0.5,0.425534709653289,0.357200475586973,0.591707738931315,0.564342561378858,0.435657438621142,0.647690721367003,0.5,0.234504176730387,0.658697538159934,0.352309278632997,0.0048242210979016,0.5,-0.0744652903467115,CBCbothPairsRW,CBCdriftDiffusionLR,0.5,0.0136931423339748,0.148930580693423,1.17570867723418,1.92120979266575,2.64919142518824,0.5,77.0842600483284
CBC_1024,CBC_1024_MSI_AV_v3_Vset6_Aset3_2023-07-05_15h12.04.977.csv,2,19,0,1,b,1,0,3,aud,A,63,1,0A,1A,1,0,z,3.66726830000061,0,1,0,0,1A,0A,A01,2.83321334405622,0.647690721367003,0.419707802305959,0.493153428833013,0.425534709653289,0.457153522641959,0.51961495258207,0.5,0.362159578239417,0.425534709653289,0.425534709653289,0.652514942464905,0.413960683630304,0.5,0.425534709653289,0.357200475586973,0.591707738931315,0.393206279564382,0.606793720435618,0.419707802305959,0.647690721367003,0.0367342757001681,0.253227842892247,-0.419707802305959,-0.00574711867565525,-0.352309278632997,0.0524696254504931,CBCbothPairsRW,CBCdriftDiffusionLR,0.5,0.0136931423339748,0.148930580693423,1.17570867723418,1.92120979266575,2.64919142518824,0.5,77.0842600483284
CBC_1024,CBC_1024_MSI_AV_v3_Vset6_Aset3_2023-07-05_15h12.04.977.csv,2,20,1,0,b,1,0,2,aud,B,63,1,1B,0B,1,0,z,2.14851430000181,0,1,0,0,0B,1B,B10,2.86220088092947,0.700160346817497,0.413960683630304,0.493153428833013,0.425534709653289,0.457153522641959,0.51961495258207,0.5,0.362159578239417,0.425534709653289,0.425534709653289,0.652514942464905,0.413960683630304,0.5,0.425534709653289,0.357200475586973,0.591707738931315,0.468026491679215,0.531973508320785,0.457153522641959,0.51961495258207,0.188219709802011,0.41952955248761,-0.457153522641959,-0.0062598682540143,-0.48038504741793,0.0715440240683899,CBCbothPairsRW,CBCdriftDiffusionLR,0.5,0.0136931423339748,0.148930580693423,1.17570867723418,1.92120979266575,2.64919142518824,0.5,77.0842600483284
CBC_1024,CBC_1024_MSI_AV_v3_Vset6_Aset3_2023-07-05_15h12.04.977.csv,2,21,1,3,z,0,1,0,aud,D,27,1,1D,3D,0,1,z,3.08576850000009,0,1,1,1,3D,1D,D13,3.58351893845611,0.700160346817497,0.413960683630304,0.493153428833013,0.425534709653289,0.450893654387944,0.591158976650459,0.5,0.362159578239417,0.425534709653289,0.425534709653289,0.652514942464905,0.413960683630304,0.5,0.425534709653289,0.357200475586973,0.591707738931315,0.581678182772082,0.418321817227918,0.591707738931315,0.425534709653289,0.161147294215051,0.696505626797386,0.408292261068685,0.0055908040446739,0.425534709653289,-0.0633751314138714,CBCbothPairsRW,CBCdriftDiffusionLR,0.5,0.0136931423339748,0.148930580693423,1.17570867723418,1.92120979266575,2.64919142518824,0.5,77.0842600483284
CBC_1024,CBC_1024_MSI_AV_v3_Vset6_Aset3_2023-07-05_15h12.04.977.csv,2,22,3,2,z,0,1,1,aud,C,63,1,3C,2C,0,1,b,3.14713800000118,1,0,0,0,3C,2C,C32,2.51230562397611,0.700160346817497,0.413960683630304,0.493153428833013,0.425534709653289,0.450893654387944,0.591158976650459,0.5,0.362159578239417,0.425534709653289,0.425534709653289,0.652514942464905,0.413960683630304,0.5,0.362159578239417,0.357200475586973,0.597298542975989,0.388157660148295,0.611842339851705,0.413960683630304,0.652514942464905,0.0527673259370396,0.242474106729887,-0.413960683630304,-0.00566842256161926,-0.347485057535095,0.0517511514009892,CBCbothPairsRW,CBCdriftDiffusionLR,0.5,0.0136931423339748,0.148930580693423,1.17570867723418,1.92120979266575,2.64919142518824,0.5,77.0842600483284
CBC_1024,CBC_1024_MSI_AV_v3_Vset6_Aset3_2023-07-05_15h12.04.977.csv,2,23,0,1,b,1,0,3,aud,A,63,1,0A,1A,1,0,b,2.65558060000058,1,0,1,1,0A,1A,A01,2.53897387105828,0.700160346817497,0.413960683630304,0.493153428833013,0.425534709653289,0.450893654387944,0.591158976650459,0.5,0.362159578239417,0.425534709653289,0.425534709653289,0.704266093865894,0.408292261068685,0.5,0.362159578239417,0.357200475586973,0.597298542975989,0.628441908628257,0.371558091371743,0.700160346817497,0.413960683630304,0.253738849649985,0.78717460002739,0.299839653182503,0.00410574704839766,0.413960683630304,-0.0616514049973075,CBCbothPairsRW,CBCdriftDiffusionLR,0.5,0.0136931423339748,0.148930580693423,1.17570867723418,1.92120979266575,2.64919142518824,0.5,77.0842600483284
CBC_1024,CBC_1024_MSI_AV_v3_Vset6_Aset3_2023-07-05_15h12.04.977.csv,2,24,2,3,z,0,1,0,aud,D,63,1,2D,3D,0,1,b,4.77649889999975,1,0,0,0,2D,3D,D23,2.9704144655697,0.704266093865894,0.352309278632997,0.493153428833013,0.425534709653289,0.450893654387944,0.591158976650459,0.5,0.362159578239417,0.425534709653289,0.425534709653289,0.704266093865894,0.408292261068685,0.5,0.362159578239417,0.357200475586973,0.597298542975989,0.374228227206302,0.625771772793698,0.357200475586973,0.597298542975989,0.0123042472849412,0.217276279060926,-0.357200475586973,-0.0048911969539759,-0.402701457024011,0.0599745618406735,CBCbothPairsRW,CBCdriftDiffusionLR,0.5,0.0136931423339748,0.148930580693423,1.17570867723418,1.92120979266575,2.64919142518824,0.5,77.0842600483284
CBC_1024,CBC_1024_MSI_AV_v3_Vset6_Aset3_2023-07-05_15h12.04.977.csv,2,25,2,0,b,1,0,1,aud,C,27,1,2C,0C,1,0,b,4.09002860000055,1,0,1,1,2C,0C,C20,3.68887945411394,0.704266093865894,0.352309278632997,0.493153428833013,0.425534709653289,0.450893654387944,0.591158976650459,0.5,0.362159578239417,0.425534709653289,0.425534709653289,0.704266093865894,0.408292261068685,0.5,0.362159578239417,0.352309278632997,0.657273104816662,0.623354215780514,0.376645784219487,0.704266093865894,0.425534709653289,0.0778909730598047,0.777913989977671,0.295733906134106,0.00404952646967665,0.425534709653289,-0.0633751314138714,CBCbothPairsRW,CBCdriftDiffusionLR,0.5,0.0136931423339748,0.148930580693423,1.17570867723418,1.92120979266575,2.64919142518824,0.5,77.0842600483284
CBC_1024,CBC_1024_MSI_AV_v3_Vset6_Aset3_2023-07-05_15h12.04.977.csv,2,26,0,1,b,1,0,3,aud,A,63,1,0A,1A,NaN,NaN,[],NaN,NaN,NaN,NaN,NaN,,,A01,2.32727770558442,0.704266093865894,0.352309278632997,0.493153428833013,0.425534709653289,0.450893654387944,0.591158976650459,0.5,0.362159578239417,0.362159578239417,0.425534709653289,0.708315620335571,0.408292261068685,0.5,0.362159578239417,0.352309278632997,0.657273104816662,0,0,0,0,NaN,0,0,0,0,0,CBCbothPairsRW,CBCdriftDiffusionLR,0.5,0.0136931423339748,0.148930580693423,1.17570867723418,1.92120979266575,2.64919142518824,0.5,77.0842600483284
CBC_1024,CBC_1024_MSI_AV_v3_Vset6_Aset3_2023-07-05_15h12.04.977.csv,2,27,1,3,b,1,0,2,aud,B,27,1,1B,3B,1,0,b,2.61020760000156,1,0,1,1,1B,3B,B13,3.04452243772342,0.704266093865894,0.352309278632997,0.493153428833013,0.425534709653289,0.450893654387944,0.591158976650459,0.5,0.362159578239417,0.362159578239417,0.425534709653289,0.708315620335571,0.408292261068685,0.5,0.362159578239417,0.352309278632997,0.657273104816662,0.620106441459904,0.379893558540096,0.591158976650459,0.362159578239417,0.257776903189964,0.771941514382625,0.408841023349541,0.00559831832469317,0.362159578239417,-0.0539366362908815,CBCbothPairsRW,CBCdriftDiffusionLR,0.5,0.0136931423339748,0.148930580693423,1.17570867723418,1.92120979266575,2.64919142518824,0.5,77.0842600483284
CBC_1024,CBC_1024_MSI_AV_v3_Vset6_Aset3_2023-07-05_15h12.04.977.csv,2,28,3,2,z,0,1,1,aud,C,63,1,3C,2C,0,1,z,3.1248072999997,0,1,1,1,2C,3C,C32,2.37490575457367,0.704266093865894,0.352309278632997,0.493153428833013,0.425534709653289,0.450893654387944,0.596757294975153,0.5,0.308222941948536,0.362159578239417,0.425534709653289,0.708315620335571,0.408292261068685,0.5,0.362159578239417,0.352309278632997,0.657273104816662,0.634345890022545,0.365654109977455,0.708315620335571,0.408292261068685,0.173715851664008,0.79686273659635,0.291684379664429,0.00399407572734217,0.408292261068685,-0.0608072035335899,CBCbothPairsRW,CBCdriftDiffusionLR,0.5,0.0136931423339748,0.148930580693423,1.17570867723418,1.92120979266575,2.64919142518824,0.5,77.0842600483284
CBC_1024,CBC_1024_MSI_AV_v3_Vset6_Aset3_2023-07-05_15h12.04.977.csv,2,29,3,2,b,1,0,0,aud,D,63,1,3D,2D,1,0,b,2.3231053999998,1,0,1,1,3D,2D,D32,2.68557734525015,0.704266093865894,0.352309278632997,0.493153428833013,0.425534709653289,0.450893654387944,0.596757294975153,0.5,0.308222941948536,0.362159578239417,0.425534709653289,0.712309696062913,0.347485057535095,0.5,0.362159578239417,0.352309278632997,0.657273104816662,0.651034641245239,0.348965358754761,0.657273104816662,0.352309278632997,0.353479797899208,0.823013844918637,0.342726895183338,0.0046930081574267,0.352309278632997,-0.0524696254504931,CBCbothPairsRW,CBCdriftDiffusionLR,0.5,0.0136931423339748,0.148930580693423,1.17570867723418,1.92120979266575,2.64919142518824,0.5,77.0842600483284
CBC_1024,CBC_1024_MSI_AV_v3_Vset6_Aset3_2023-07-05_15h12.04.977.csv,2,30,0,1,z,0,1,2,aud,B,63,1,0B,1B,0,1,b,2.91412849999961,1,0,0,0,0B,1B,B01,2.70805020110221,0.704266093865894,0.352309278632997,0.493153428833013,0.425534709653289,0.450893654387944,0.596757294975153,0.5,0.308222941948536,0.362159578239417,0.425534709653289,0.712309696062913,0.347485057535095,0.5,0.362159578239417,0.299839653182504,0.661966112974089,0.430385382328015,0.569614617671985,0.450893654387944,0.596757294975153,0.0869763347276318,0.330128563656171,-0.450893654387944,-0.00617415098702015,-0.403242705024847,0.0600551702197372,CBCbothPairsRW,CBCdriftDiffusionLR,0.5,0.0136931423339748,0.148930580693423,1.17570867723418,1.92120979266575,2.64919142518824,0.5,77.0842600483284
CBC_1024,CBC_1024_MSI_AV_v3_Vset6_Aset3_2023-07-05_15h12.04.977.csv,2,31,2,0,z,0,1,3,aud,A,27,1,2A,0A,0,1,b,2.9635816,1,0,0,0,2A,0A,A20,3.13549421592915,0.704266093865894,0.352309278632997,0.493153428833013,0.425534709653289,0.444719503400924,0.65681246519489,0.5,0.308222941948536,0.362159578239417,0.425534709653289,0.712309696062913,0.347485057535095,0.5,0.362159578239417,0.299839653182504,0.661966112974089,0.411846825180766,0.588153174819234,0.493153428833013,0.704266093865894,0.0735103296502369,0.290146007696375,-0.493153428833013,-0.00675282009349815,-0.295733906134106,0.0440438223712866,CBCbothPairsRW,CBCdriftDiffusionLR,0.5,0.0136931423339748,0.148930580693423,1.17570867723418,1.92120979266575,2.64919142518824,0.5,77.0842600483284
CBC_1024,CBC_1024_MSI_AV_v3_Vset6_Aset3_2023-07-05_15h12.04.977.csv,2,32,3,0,b,1,0,0,aud,D,9,1,3D,0D,1,0,b,1.93329410000024,1,0,1,1,3D,0D,D30,3.85014760171006,0.748309916237181,0.352309278632997,0.486400608739514,0.425534709653289,0.444719503400924,0.65681246519489,0.5,0.308222941948536,0.362159578239417,0.425534709653289,0.712309696062913,0.347485057535095,0.5,0.362159578239417,0.299839653182504,0.661966112974089,0.569694852184429,0.430305147815571,0.661966112974089,0.5,0.349381073422356,0.670554359491285,0.338033887025911,0.00462874612875255,0.5,-0.0744652903467115,CBCbothPairsRW,CBCdriftDiffusionLR,0.5,0.0136931423339748,0.148930580693423,1.17570867723418,1.92120979266575,2.64919142518824,0.5,77.0842600483284
CBC_1024,CBC_1024_MSI_AV_v3_Vset6_Aset3_2023-07-05_15h12.04.977.csv,2,33,3,2,z,0,1,1,aud,C,63,1,3C,2C,0,1,z,1.3307818000003,0,1,1,1,2C,3C,C32,2.26176309847379,0.748309916237181,0.352309278632997,0.486400608739514,0.425534709653289,0.444719503400924,0.65681246519489,0.5,0.308222941948536,0.362159578239417,0.425534709653289,0.712309696062913,0.347485057535095,0.425534709653289,0.362159578239417,0.299839653182504,0.666594859102842,0.672120421095328,0.327879578904672,0.712309696062913,0.347485057535095,0.0699989951651493,0.851620448241082,0.287690303937087,0.003939384279915,0.347485057535095,-0.0517511514009892,CBCbothPairsRW,CBCdriftDiffusionLR,0.5,0.0136931423339748,0.148930580693423,1.17570867723418,1.92120979266575,2.64919142518824,0.5,77.0842600483284
CBC_1024,CBC_1024_MSI_AV_v3_Vset6_Aset3_2023-07-05_15h12.04.977.csv,2,34,0,1,z,0,1,2,aud,B,63,1,0B,1B,0,1,z,2.96343859999888,0,1,1,1,1B,0B,B01,2.50552593699074,0.748309916237181,0.352309278632997,0.486400608739514,0.425534709653289,0.444719503400924,0.65681246519489,0.5,0.308222941948536,0.362159578239417,0.425534709653289,0.716249080342828,0.295733906134106,0.425534709653289,0.362159578239417,0.299839653182504,0.666594859102842,0.596271814091938,0.403728185908062,0.65681246519489,0.444719503400924,0.183943369266543,0.727210089059636,0.34318753480511,0.0046993157613323,0.444719503400924,-0.0662323338871903,CBCbothPairsRW,CBCdriftDiffusionLR,0.5,0.0136931423339748,0.148930580693423,1.17570867723418,1.92120979266575,2.64919142518824,0.5,77.0842600483284
CBC_1024,CBC_1024_MSI_AV_v3_Vset6_Aset3_2023-07-05_15h12.04.977.csv,2,35,0,1,b,1,0,3,aud,A,63,0,0A,1A,0,1,b,2.72545360000095,1,0,1,0,0A,1A,A01,2.30258509299405,0.748309916237181,0.352309278632997,0.486400608739514,0.425534709653289,0.378487169513734,0.661511780956222,0.5,0.308222941948536,0.362159578239417,0.425534709653289,0.716249080342828,0.295733906134106,0.425534709653289,0.362159578239417,0.299839653182504,0.666594859102842,0.67989902386306,0.32010097613694,0.748309916237181,0.352309278632997,0.259511483948416,0.861457575059129,-0.748309916237181,-0.0102467141929605,-0.647690721367003,0.0964609552429298,CBCbothPairsRW,CBCdriftDiffusionLR,0.5,0.0136931423339748,0.148930580693423,1.17570867723418,1.92120979266575,2.64919142518824,0.5,77.0842600483284
CBC_1024,CBC_1024_MSI_AV_v3_Vset6_Aset3_2023-07-05_15h12.04.977.csv,2,36,2,3,z,0,1,0,aud,D,63,1,2D,3D,0,1,z,3.36673520000022,0,1,1,1,3D,2D,D23,2.83321334405622,0.73806320204422,0.448770233875926,0.486400608739514,0.425534709653289,0.378487169513734,0.661511780956222,0.5,0.308222941948536,0.362159578239417,0.425534709653289,0.716249080342828,0.295733906134106,0.425534709653289,0.362159578239417,0.299839653182504,0.666594859102842,0.689746538052054,0.310253461947946,0.666594859102842,0.299839653182504,0.140663003029431,0.873839505848816,0.333405140897158,0.00456536404918371,0.299839653182504,-0.0446552936633848,CBCbothPairsRW,CBCdriftDiffusionLR,0.5,0.0136931423339748,0.148930580693423,1.17570867723418,1.92120979266575,2.64919142518824,0.5,77.0842600483284
CBC_1024,CBC_1024_MSI_AV_v3_Vset6_Aset3_2023-07-05_15h12.04.977.csv,2,37,1,2,b,1,0,2,aud,B,9,1,1B,2B,1,0,b,2.07367059999979,1,0,1,1,1B,2B,B12,3.95124371858143,0.73806320204422,0.448770233875926,0.486400608739514,0.425534709653289,0.378487169513734,0.661511780956222,0.5,0.308222941948536,0.362159578239417,0.425534709653289,0.716249080342828,0.295733906134106,0.425534709653289,0.362159578239417,0.255184359519119,0.671160223152025,0.569526535849364,0.430473464150636,0.661511780956222,0.5,0.322456435957336,0.670415720213902,0.338488219043778,0.00463496736174009,0.5,-0.0744652903467115,CBCbothPairsRW,CBCdriftDiffusionLR,0.5,0.0136931423339748,0.148930580693423,1.17570867723418,1.92120979266575,2.64919142518824,0.5,77.0842600483284
CBC_1024,CBC_1024_MSI_AV_v3_Vset6_Aset3_2023-07-05_15h12.04.977.csv,2,38,2,0,z,0,1,3,aud,A,27,1,2A,0A,0,1,z,4.28148839999903,0,1,1,1,0A,2A,A20,2.87167962488401,0.73806320204422,0.448770233875926,0.486400608739514,0.425534709653289,0.378487169513734,0.666146748317962,0.425534709653289,0.308222941948536,0.362159578239417,0.425534709653289,0.716249080342828,0.295733906134106,0.425534709653289,0.362159578239417,0.255184359519119,0.671160223152025,0.602764406382752,0.397235593617248,0.73806320204422,0.486400608739514,0.0667550901393853,0.73974364408518,0.26193679795578,0.00358673785691409,0.486400608739515,-0.0724399251092103,CBCbothPairsRW,CBCdriftDiffusionLR,0.5,0.0136931423339748,0.148930580693423,1.17570867723418,1.92120979266575,2.64919142518824,0.5,77.0842600483284
CBC_1024,CBC_1024_MSI_AV_v3_Vset6_Aset3_2023-07-05_15h12.04.977.csv,2,39,2,3,b,1,0,1,aud,C,63,1,2C,3C,1,0,b,3.49000290000095,1,0,1,1,2C,3C,C23,3.29583686600433,0.741649939901134,0.448770233875926,0.413960683630304,0.425534709653289,0.378487169513734,0.666146748317962,0.425534709653289,0.308222941948536,0.362159578239417,0.425534709653289,0.716249080342828,0.295733906134106,0.425534709653289,0.362159578239417,0.255184359519119,0.671160223152025,0.707767907083439,0.292232092916561,0.716249080342828,0.295733906134106,0.12104451051465,0.892594439951901,0.283750919657172,0.0038854417302619,0.295733906134106,-0.0440438223712866,CBCbothPairsRW,CBCdriftDiffusionLR,0.5,0.0136931423339748,0.148930580693423,1.17570867723418,1.92120979266575,2.64919142518824,0.5,77.0842600483284
CBC_1024,CBC_1024_MSI_AV_v3_Vset6_Aset3_2023-07-05_15h12.04.977.csv,2,40,1,3,z,0,1,0,aud,D,27,1,1D,3D,0,1,z,2.3335657000016,0,1,1,1,3D,1D,D13,3.31418600467253,0.741649939901134,0.448770233875926,0.413960683630304,0.425534709653289,0.378487169513734,0.666146748317962,0.425534709653289,0.308222941948536,0.362159578239417,0.425534709653289,0.72013452207309,0.251690083762819,0.425534709653289,0.362159578239417,0.255184359519119,0.671160223152025,0.649518399094121,0.350481600905878,0.671160223152025,0.362159578239417,0.348926397717281,0.820578551240094,0.328839776847975,0.00450284986945182,0.362159578239417,-0.0539366362908815,CBCbothPairsRW,CBCdriftDiffusionLR,0.5,0.0136931423339748,0.148930580693423,1.17570867723418,1.92120979266575,2.64919142518824,0.5,77.0842600483284
CBC_1024,CBC_1024_MSI_AV_v3_Vset6_Aset3_2023-07-05_15h12.04.977.csv,2,41,0,1,b,1,0,3,aud,A,63,1,0A,1A,1,0,b,2.64001709999957,1,0,1,1,0A,1A,A01,2.23359222150709,0.741649939901134,0.448770233875926,0.413960683630304,0.425534709653289,0.378487169513734,0.666146748317962,0.425534709653289,0.308222941948536,0.362159578239417,0.425534709653289,0.72013452207309,0.251690083762819,0.425534709653289,0.308222941948536,0.255184359519119,0.675663073021477,0.623015264894216,0.376984735105784,0.741649939901134,0.448770233875926,0.253841881459816,0.778132513662979,0.258350060098866,0.00353762414492471,0.448770233875927,-0.0668356115290649,CBCbothPairsRW,CBCdriftDiffusionLR,0.5,0.0136931423339748,0.148930580693423,1.17570867723418,1.92120979266575,2.64919142518824,0.5,77.0842600483284
CBC_1024,CBC_1024_MSI_AV_v3_Vset6_Aset3_2023-07-05_15h12.04.977.csv,2,42,0,2,z,0,1,1,aud,C,27,1,0C,2C,0,1,z,1.94651059999978,0,1,1,1,2C,0C,C02,3.3499040872746,0.745187564046059,0.381934622346861,0.413960683630304,0.425534709653289,0.378487169513734,0.666146748317962,0.425534709653289,0.308222941948536,0.362159578239417,0.425534709653289,0.72013452207309,0.251690083762819,0.425534709653289,0.308222941948536,0.255184359519119,0.675663073021477,0.66537785049845,0.33462214950155,0.72013452207309,0.362159578239417,0.496621313937981,0.84327246308385,0.27986547792691,0.00383223782361906,0.362159578239417,-0.0539366362908815,CBCbothPairsRW,CBCdriftDiffusionLR,0.5,0.0136931423339748,0.148930580693423,1.17570867723418,1.92120979266575,2.64919142518824,0.5,77.0842600483284
CBC_1024,CBC_1024_MSI_AV_v3_Vset6_Aset3_2023-07-05_15h12.04.977.csv,2,43,3,2,b,1,0,0,aud,D,63,1,3D,2D,1,0,b,2.09360389999983,1,0,1,1,3D,2D,D32,2.67414864942653,0.745187564046059,0.381934622346861,0.413960683630304,0.425534709653289,0.378487169513734,0.666146748317962,0.425534709653289,0.308222941948536,0.308222941948536,0.425534709653289,0.723966759896709,0.251690083762819,0.425534709653289,0.308222941948536,0.255184359519119,0.675663073021477,0.72585801862005,0.27414198137995,0.675663073021477,0.255184359519119,0.515686224414293,0.908953042271001,0.324336926978523,0.0044411917052809,0.255184359519119,-0.0380047548470616,CBCbothPairsRW,CBCdriftDiffusionLR,0.5,0.0136931423339748,0.148930580693423,1.17570867723418,1.92120979266575,2.64919142518824,0.5,77.0842600483284
CBC_1024,CBC_1024_MSI_AV_v3_Vset6_Aset3_2023-07-05_15h12.04.977.csv,2,44,1,0,b,1,0,2,aud,B,63,1,1B,0B,1,0,b,2.02538670000013,1,0,1,1,1B,0B,B10,2.97892515523761,0.745187564046059,0.381934622346861,0.413960683630304,0.425534709653289,0.378487169513734,0.666146748317962,0.425534709653289,0.308222941948536,0.308222941948536,0.425534709653289,0.723966759896709,0.251690083762819,0.425534709653289,0.308222941948536,0.217179604672057,0.680104264726758,0.637684395410649,0.362315604589351,0.666146748317962,0.378487169513734,0.429328288924823,0.802114403565698,0.333853251682038,0.00457150009394245,0.378487169513734,-0.0563683139406904,CBCbothPairsRW,CBCdriftDiffusionLR,0.5,0.0136931423339748,0.148930580693423,1.17570867723418,1.92120979266575,2.64919142518824,0.5,77.0842600483284
CBC_1024,CBC_1024_MSI_TV_v3_Vset1_Tset2_2023-07-05_16h07.59.104.csv,3,1,1,3,b,1,0,2,tac,B,27,1,1B,3B,1,0,z,1.50069830000029,0,1,0,0,3B,1B,B13,2.77258872223978,0.5,0.5,0.5,0.5,0.5,0.5,0.5,0.5,0.5,0.5,0.5,0.5,0.5,0.5,0.5,0.5,0.5,0.5,0.5,0.5,0.29174462911807,0.499991093010237,-0.5,-0.492892655419321,-0.5,0.478648537753283,CBCbothPairsRW,CBCdriftDiffusionLR,0.5,0.985785310838641,0.957297075506566,0.937050654788505,0.0775909104769212,2.51395555729741,0.5,79.0029215596993
CBC_1024,CBC_1024_MSI_TV_v3_Vset1_Tset2_2023-07-05_16h07.59.104.csv,3,2,3,2,z,0,1,1,tac,C,63,1,3C,2C,0,1,b,1.47710430000006,1,0,0,0,3C,2C,C32,2.83321334405622,0.5,0.5,0.5,0.5,0.5,0.978648537753283,0.5,0.00710734458067946,0.5,0.5,0.5,0.5,0.5,0.5,0.5,0.5,0.5,0.5,0.5,0.5,0.293021501910998,0.500712622970631,-0.5,-0.492892655419321,-0.5,0.478648537753283,CBCbothPairsRW,CBCdriftDiffusionLR,0.5,0.985785310838641,0.957297075506566,0.937050654788505,0.0775909104769212,2.51395555729741,0.5,79.0029215596993
CBC_1024,CBC_1024_MSI_TV_v3_Vset1_Tset2_2023-07-05_16h07.59.104.csv,3,3,3,2,b,1,0,0,tac,D,63,1,3D,2D,1,0,z,1.19340860000011,0,1,0,0,2D,3D,D32,2.89037175789616,0.5,0.5,0.5,0.5,0.5,0.978648537753283,0.5,0.00710734458067946,0.5,0.5,0.978648537753283,0.00710734458067946,0.5,0.5,0.5,0.5,0.5,0.5,0.5,0.5,0.17761702274675,0.500973704169584,-0.5,-0.492892655419321,-0.5,0.478648537753283,CBCbothPairsRW,CBCdriftDiffusionLR,0.5,0.985785310838641,0.957297075506566,0.937050654788505,0.0775909104769212,2.51395555729741,0.5,79.0029215596993
CBC_1024,CBC_1024_MSI_TV_v3_Vset1_Tset2_2023-07-05_16h07.59.104.csv,3,4,0,1,z,0,1,2,tac,B,63,1,0B,1B,0,1,b,2.08075540000027,1,0,0,0,0B,1B,B01,2.94443897916644,0.5,0.5,0.5,0.5,0.5,0.978648537753283,0.5,0.00710734458067946,0.5,0.5,0.978648537753283,0.00710734458067946,0.5,0.5,0.00710734458067946,0.978648537753283,0.338146616477043,0.661853383522957,0.5,0.978648537753283,0.196639901587183,0.484191175435747,-0.5,-0.492892655419321,-0.0213514622467171,0.0204396923665712,CBCbothPairsRW,CBCdriftDiffusionLR,0.5,0.985785310838641,0.957297075506566,0.937050654788505,0.0775909104769212,2.51395555729741,0.5,79.0029215596993
CBC_1024,CBC_1024_MSI_TV_v3_Vset1_Tset2_2023-07-05_16h07.59.104.csv,3,5,0,3,b,1,0,3,tac,A,9,1,0A,3A,1,0,z,1.53118989999894,0,1,0,0,3A,0A,A03,2.99573227355399,0.5,0.5,0.5,0.5,0.00710734458067946,0.999088230119854,0.5,0.00710734458067946,0.5,0.5,0.978648537753283,0.00710734458067946,0.5,0.5,0.00710734458067946,0.978648537753283,0.5,0.5,0.5,0.5,0.290090712227807,0.500712792898321,-0.5,-0.492892655419321,-0.5,0.478648537753283,CBCbothPairsRW,CBCdriftDiffusionLR,0.5,0.985785310838641,0.957297075506566,0.937050654788505,0.0775909104769212,2.51395555729741,0.5,79.0029215596993
CBC_1024,CBC_1024_MSI_TV_v3_Vset1_Tset2_2023-07-05_16h07.59.104.csv,3,6,3,2,b,1,0,0,tac,D,63,1,3D,2D,1,0,z,2.76604700000098,0,1,0,0,2D,3D,D32,2.35137525716348,0.978648537753283,0.5,0.5,0.00710734458067946,0.00710734458067946,0.999088230119854,0.5,0.00710734458067946,0.5,0.5,0.978648537753283,0.00710734458067946,0.5,0.5,0.00710734458067946,0.978648537753283,0.00721004531451691,0.992789954685483,0.00710734458067946,0.978648537753283,0.107705241884334,0.452202108385501,-0.00710734458067946,-0.00700631588670244,-0.0213514622467171,0.0204396923665712,CBCbothPairsRW,CBCdriftDiffusionLR,0.5,0.985785310838641,0.957297075506566,0.937050654788505,0.0775909104769212,2.51395555729741,0.5,79.0029215596993
CBC_1024,CBC_1024_MSI_TV_v3_Vset1_Tset2_2023-07-05_16h07.59.104.csv,3,7,0,2,z,0,1,1,tac,C,27,1,0C,2C,0,1,z,2.84138929999972,0,1,1,1,2C,0C,C02,3.09104245335832,0.978648537753283,0.5,0.5,0.00710734458067946,0.00710734458067946,0.999088230119854,0.5,0.00710734458067946,0.5,0.5,0.978648537753283,0.00710734458067946,0.5,0.5,0.000101028693977027,0.999088230119854,0.661853383522957,0.338146616477043,0.978648537753283,0.5,0.11583162306128,0.515456138943469,0.0213514622467171,0.0210479578477396,0.5,-0.478648537753283,CBCbothPairsRW,CBCdriftDiffusionLR,0.5,0.985785310838641,0.957297075506566,0.937050654788505,0.0775909104769212,2.51395555729741,0.5,79.0029215596993
CBC_1024,CBC_1024_MSI_TV_v3_Vset1_Tset2_2023-07-05_16h07.59.104.csv,3,8,0,1,b,1,0,3,tac,A,63,1,0A,1A,NaN,NaN,None,NaN,NaN,NaN,NaN,NaN,,,A01,3.13549421592915,0.978648537753283,0.5,0.5,0.00710734458067946,0.00710734458067946,0.999088230119854,0.5,0.00710734458067946,0.0213514622467171,0.5,0.999696495601022,0.00710734458067946,0.5,0.5,0.000101028693977027,0.999088230119854,0,0,0,0,NaN,0,0,0,0,0,CBCbothPairsRW,CBCdriftDiffusionLR,0.5,0.985785310838641,0.957297075506566,0.937050654788505,0.0775909104769212,2.51395555729741,0.5,79.0029215596993
CBC_1024,CBC_1024_MSI_TV_v3_Vset1_Tset2_2023-07-05_16h07.59.104.csv,3,9,1,0,b,1,0,2,tac,B,63,1,1B,0B,1,0,b,2.34376419999899,1,0,1,1,1B,0B,B10,3.17805383034795,0.978648537753283,0.5,0.5,0.00710734458067946,0.00710734458067946,0.999088230119854,0.5,0.00710734458067946,0.0213514622467171,0.5,0.999696495601022,0.00710734458067946,0.5,0.5,0.000101028693977027,0.999088230119854,0.992936418366981,0.00706358163301878,0.999088230119854,0.00710734458067946,0.181464980108533,0.547448225932319,0.000911769880145963,0.000898809354712999,0.00710734458067952,-0.00680384018170194,CBCbothPairsRW,CBCdriftDiffusionLR,0.5,0.985785310838641,0.957297075506566,0.937050654788505,0.0775909104769212,2.51395555729741,0.5,79.0029215596993
CBC_1024,CBC_1024_MSI_TV_v3_Vset1_Tset2_2023-07-05_16h07.59.104.csv,3,10,1,3,z,0,1,0,tac,D,27,1,1D,3D,0,1,b,1.37915319999956,1,0,0,0,1D,3D,D13,3.2188758248682,0.978648537753283,0.5,0.5,0.00710734458067946,0.000303504398977522,0.999987039474567,0.5,0.00710734458067946,0.0213514622467171,0.5,0.999696495601022,0.00710734458067946,0.5,0.5,0.000101028693977027,0.999088230119854,0.33353607209632,0.66646392790368,0.5,0.999088230119854,0.276549964901515,0.483806206014838,-0.5,-0.492892655419321,-0.000911769880145963,0.000872834639798702,CBCbothPairsRW,CBCdriftDiffusionLR,0.5,0.985785310838641,0.957297075506566,0.937050654788505,0.0775909104769212,2.51395555729741,0.5,79.0029215596993
CBC_1024,CBC_1024_MSI_TV_v3_Vset1_Tset2_2023-07-05_16h07.59.104.csv,3,11,3,2,z,0,1,1,tac,C,63,1,3C,2C,0,1,z,2.47562469999866,0,1,1,1,2C,3C,C32,2.56494935746154,0.978648537753283,0.5,0.5,0.00710734458067946,0.000303504398977522,0.999987039474567,0.5,0.00710734458067946,0.0213514622467171,0.5,0.999696495601022,0.00710734458067946,0.5,0.00710734458067946,0.000101028693977027,0.999961064759653,0.992940685864491,0.00705931413550903,0.999696495601022,0.00710734458067946,0.16411637500566,0.548866745668126,0.000303504398977528,0.000299190178286957,0.00710734458067952,-0.00680384018170194,CBCbothPairsRW,CBCdriftDiffusionLR,0.5,0.985785310838641,0.957297075506566,0.937050654788505,0.0775909104769212,2.51395555729741,0.5,79.0029215596993
CBC_1024,CBC_1024_MSI_TV_v3_Vset1_Tset2_2023-07-05_16h07.59.104.csv,3,12,1,0,b,1,0,2,tac,B,63,1,1B,0B,1,0,b,2.3251694999999,1,0,1,1,1B,0B,B10,2.60268968544438,0.978648537753283,0.5,0.5,0.00710734458067946,0.000303504398977522,0.999987039474567,0.5,0.00710734458067946,0.0213514622467171,0.5,0.999995685779309,0.000303504398977522,0.5,0.00710734458067946,0.000101028693977027,0.999961064759653,0.999696583756753,0.000303416243246912,0.999987039474567,0.000303504398977522,0.184607730552934,0.548885099141711,1.29605254329812e-05,1.27762955925835e-05,0.000303504398977528,-0.000290543873544565,CBCbothPairsRW,CBCdriftDiffusionLR,0.5,0.985785310838641,0.957297075506566,0.937050654788505,0.0775909104769212,2.51395555729741,0.5,79.0029215596993
CBC_1024,CBC_1024_MSI_TV_v3_Vset1_Tset2_2023-07-05_16h07.59.104.csv,3,13,0,1,b,1,0,3,tac,A,63,1,0A,1A,1,0,b,2.58341680000012,1,0,1,1,0A,1A,A01,2.63905732961526,0.978648537753283,0.5,0.5,0.00710734458067946,1.29605254329564e-05,0.99999981577016,0.5,0.00710734458067946,0.0213514622467171,0.5,0.999995685779309,0.000303504398977522,0.5,0.00710734458067946,0.000101028693977027,0.999961064759653,0.661853383522957,0.338146616477043,0.978648537753283,0.5,0.141866878577714,0.516139872199176,0.0213514622467171,0.0210479578477396,0.5,-0.478648537753283,CBCbothPairsRW,CBCdriftDiffusionLR,0.5,0.985785310838641,0.957297075506566,0.937050654788505,0.0775909104769212,2.51395555729741,0.5,79.0029215596993
CBC_1024,CBC_1024_MSI_TV_v3_Vset1_Tset2_2023-07-05_16h07.59.104.csv,3,14,1,2,z,0,1,1,tac,C,9,1,1C,2C,0,1,z,2.07400810000036,0,1,1,1,2C,1C,C12,3.36729582998647,0.999696495601022,0.0213514622467171,0.5,0.00710734458067946,1.29605254329564e-05,0.99999981577016,0.5,0.00710734458067946,0.0213514622467171,0.5,0.999995685779309,0.000303504398977522,0.5,0.00710734458067946,0.000101028693977027,0.999961064759653,0.6666657079482,0.3333342920518,0.999995685779309,0.5,0.210895496280858,0.516608559061359,4.31422069058218e-06,4.25289538449205e-06,0.5,-0.478648537753283,CBCbothPairsRW,CBCdriftDiffusionLR,0.5,0.985785310838641,0.957297075506566,0.937050654788505,0.0775909104769212,2.51395555729741,0.5,79.0029215596993
CBC_1024,CBC_1024_MSI_TV_v3_Vset1_Tset2_2023-07-05_16h07.59.104.csv,3,15,1,0,z,0,1,3,tac,A,63,1,1A,0A,NaN,NaN,None,NaN,NaN,NaN,NaN,NaN,,,A10,3.40119738166216,0.999696495601022,0.0213514622467171,0.5,0.00710734458067946,1.29605254329564e-05,0.99999981577016,0.5,0.00710734458067946,0.0213514622467171,0.0213514622467171,0.999999938674694,0.000303504398977522,0.5,0.00710734458067946,0.000101028693977027,0.999961064759653,0,0,0,0,NaN,0,0,0,0,0,CBCbothPairsRW,CBCdriftDiffusionLR,0.5,0.985785310838641,0.957297075506566,0.937050654788505,0.0775909104769212,2.51395555729741,0.5,79.0029215596993
CBC_1024,CBC_1024_MSI_TV_v3_Vset1_Tset2_2023-07-05_16h07.59.104.csv,3,16,3,1,b,1,0,0,tac,D,27,1,3D,1D,1,0,z,1.17544989999988,0,1,0,0,1D,3D,D31,3.43398720448515,0.999696495601022,0.0213514622467171,0.5,0.00710734458067946,1.29605254329564e-05,0.99999981577016,0.5,0.00710734458067946,0.0213514622467171,0.0213514622467171,0.999999938674694,0.000303504398977522,0.5,0.00710734458067946,0.000101028693977027,0.999961064759653,0.00705745956755315,0.992942540432447,0.00710734458067946,0.999961064759653,0.142179556524211,0.451805477391851,-0.00710734458067946,-0.00700631588670244,-3.89352403472598e-05,3.72725917185771e-05,CBCbothPairsRW,CBCdriftDiffusionLR,0.5,0.985785310838641,0.957297075506566,0.937050654788505,0.0775909104769212,2.51395555729741,0.5,79.0029215596993
CBC_1024,CBC_1024_MSI_TV_v3_Vset1_Tset2_2023-07-05_16h07.59.104.csv,3,17,0,1,z,0,1,2,tac,B,63,1,0B,1B,0,1,b,2.68032099999982,1,0,0,0,0B,1B,B01,2.77258872223978,0.999696495601022,0.0213514622467171,0.5,0.00710734458067946,1.29605254329564e-05,0.99999981577016,0.5,0.00710734458067946,0.0213514622467171,0.0213514622467171,0.999999938674694,0.000303504398977522,0.5,0.000101028693977027,0.000101028693977027,0.999998337351371,1.2960359847568e-05,0.999987039640152,1.29605254329564e-05,0.99999981577016,0.114919187480203,0.45115840509628,-1.29605254329564e-05,-1.27762955925591e-05,-1.84229840383132e-07,1.76362687419814e-07,CBCbothPairsRW,CBCdriftDiffusionLR,0.5,0.985785310838641,0.957297075506566,0.937050654788505,0.0775909104769212,2.51395555729741,0.5,79.0029215596993
CBC_1024,CBC_1024_MSI_TV_v3_Vset1_Tset2_2023-07-05_16h07.59.104.csv,3,18,2,3,b,1,0,1,tac,C,63,0,2C,3C,0,1,b,3.205063899999,1,0,1,0,2C,3C,C23,3.49650756146648,0.999696495601022,0.0213514622467171,0.5,0.00710734458067946,1.84229840397362e-07,0.999999992132847,0.5,0.00710734458067946,0.0213514622467171,0.0213514622467171,0.999999938674694,0.000303504398977522,0.5,0.000101028693977027,0.000101028693977027,0.999998337351371,0.999696587669393,0.000303412330607332,0.999999938674694,0.000303504398977522,0.0924259870139097,0.54738194450434,-0.999999938674694,-0.985785250385055,-0.999696495601022,0.957006531633021,CBCbothPairsRW,CBCdriftDiffusionLR,0.5,0.985785310838641,0.957297075506566,0.937050654788505,0.0775909104769212,2.51395555729741,0.5,79.0029215596993
CBC_1024,CBC_1024_MSI_TV_v3_Vset1_Tset2_2023-07-05_16h07.59.104.csv,3,19,2,0,z,0,1,3,tac,A,27,1,2A,0A,0,1,b,3.22414710000157,1,0,0,0,2A,0A,A20,3.52636052461616,0.999696495601022,0.0213514622467171,0.5,0.00710734458067946,1.84229840397362e-07,0.999999992132847,0.5,0.00710734458067946,0.0213514622467171,0.0213514622467171,0.0142146882896388,0.957310036031999,0.5,0.000101028693977027,0.000101028693977027,0.999998337351371,0.333400792404745,0.666599207595255,0.5,0.999696495601022,0.0806471330036995,0.483948911669263,-0.5,-0.492892655419321,-0.000303504398977528,0.000290543873544565,CBCbothPairsRW,CBCdriftDiffusionLR,0.5,0.985785310838641,0.957297075506566,0.937050654788505,0.0775909104769212,2.51395555729741,0.5,79.0029215596993
CBC_1024,CBC_1024_MSI_TV_v3_Vset1_Tset2_2023-07-05_16h07.59.104.csv,3,20,3,2,b,1,0,0,tac,D,63,1,3D,2D,1,0,b,2.99300829999993,1,0,1,1,3D,2D,D32,2.4567357728213,0.999987039474567,0.0213514622467171,0.00710734458067946,0.00710734458067946,1.84229840397362e-07,0.999999992132847,0.5,0.00710734458067946,0.0213514622467171,0.0213514622467171,0.0142146882896388,0.957310036031999,0.5,0.000101028693977027,0.000101028693977027,0.999998337351371,0.999898981343847,0.000101018656152659,0.999998337351371,0.000101028693977027,0.109306091971719,0.54826781939865,1.66264862866417e-06,1.63901459522314e-06,0.00010102869397699,-9.67144732864203e-05,CBCbothPairsRW,CBCdriftDiffusionLR,0.5,0.985785310838641,0.957297075506566,0.937050654788505,0.0775909104769212,2.51395555729741,0.5,79.0029215596993
CBC_1024,CBC_1024_MSI_TV_v3_Vset1_Tset2_2023-07-05_16h07.59.104.csv,3,21,3,1,z,0,1,2,tac,B,27,1,3B,1B,0,1,z,2.86166960000082,0,1,1,1,1B,3B,B31,3.58351893845611,0.999987039474567,0.0213514622467171,0.00710734458067946,0.00710734458067946,1.84229840397362e-07,0.999999992132847,0.5,0.00710734458067946,0.0213514622467171,0.0213514622467171,0.0142146882896388,0.957310036031999,0.5,0.000101028693977027,4.31422069060698e-06,0.999999976365967,0.992942813222002,0.00705718677799798,0.999999992132847,0.00710734458067946,0.121005414363739,0.547566852487587,7.86715292910856e-09,7.7553237956364e-09,0.00710734458067952,-0.00680384018170194,CBCbothPairsRW,CBCdriftDiffusionLR,0.5,0.985785310838641,0.957297075506566,0.937050654788505,0.0775909104769212,2.51395555729741,0.5,79.0029215596993
CBC_1024,CBC_1024_MSI_TV_v3_Vset1_Tset2_2023-07-05_16h07.59.104.csv,3,22,3,2,z,0,1,1,tac,C,63,1,3C,2C,0,1,b,3.94050980000065,1,0,0,0,3C,2C,C32,2.51230562397611,0.999987039474567,0.0213514622467171,0.00710734458067946,0.00710734458067946,1.84229840397362e-07,0.999999999888171,0.5,0.000303504398977522,0.0213514622467171,0.0213514622467171,0.0142146882896388,0.957310036031999,0.5,0.000101028693977027,4.31422069060698e-06,0.999999976365967,0.985368680864438,0.014631319135562,0.957310036031999,0.0142146882896388,0.0519485547267075,0.54750409080121,-0.957310036031999,-0.943702171438755,-0.985785311710361,0.943689395977657,CBCbothPairsRW,CBCdriftDiffusionLR,0.5,0.985785310838641,0.957297075506566,0.937050654788505,0.0775909104769212,2.51395555729741,0.5,79.0029215596993
CBC_1024,CBC_1024_MSI_TV_v3_Vset1_Tset2_2023-07-05_16h07.59.104.csv,3,23,0,1,b,1,0,3,tac,A,63,1,0A,1A,1,0,b,1.91039469999851,1,0,1,1,0A,1A,A01,2.53897387105828,0.999987039474567,0.0213514622467171,0.00710734458067946,0.00710734458067946,1.84229840397362e-07,0.999999999888171,0.5,0.000303504398977522,0.0213514622467171,0.0213514622467171,0.957904084267296,0.0136078645932441,0.5,0.000101028693977027,4.31422069060698e-06,0.999999976365967,0.979094627089126,0.0209053729108744,0.999987039474567,0.0213514622467171,0.253232936857883,0.547473222131894,1.29605254329812e-05,1.27762955925835e-05,0.0213514622467171,-0.0204396923665712,CBCbothPairsRW,CBCdriftDiffusionLR,0.5,0.985785310838641,0.957297075506566,0.937050654788505,0.0775909104769212,2.51395555729741,0.5,79.0029215596993
CBC_1024,CBC_1024_MSI_TV_v3_Vset1_Tset2_2023-07-05_16h07.59.104.csv,3,24,2,1,z,0,1,2,tac,B,9,1,2B,1B,0,1,z,2.14553010000054,0,1,1,1,1B,2B,B21,3.66356164612965,0.99999981577016,0.000911769880145973,0.00710734458067946,0.00710734458067946,1.84229840397362e-07,0.999999999888171,0.5,0.000303504398977522,0.0213514622467171,0.0213514622467171,0.957904084267296,0.0136078645932441,0.5,0.000101028693977027,4.31422069060698e-06,0.999999976365967,0.666666666641816,0.333333333358184,0.999999999888171,0.5,0.19933113002822,0.515883359228835,1.11829101534511e-10,1.10239485617004e-10,0.5,-0.478648537753283,CBCbothPairsRW,CBCdriftDiffusionLR,0.5,0.985785310838641,0.957297075506566,0.937050654788505,0.0775909104769212,2.51395555729741,0.5,79.0029215596993
CBC_1024,CBC_1024_MSI_TV_v3_Vset1_Tset2_2023-07-05_16h07.59.104.csv,3,25,2,3,b,1,0,1,tac,C,63,1,2C,3C,1,0,b,2.85020760000043,1,0,1,1,2C,3C,C23,2.99573227355399,0.99999981577016,0.000911769880145973,0.00710734458067946,0.00710734458067946,1.84229840397362e-07,0.99999999999841,0.0213514622467171,0.000303504398977522,0.0213514622467171,0.0213514622467171,0.957904084267296,0.0136078645932441,0.5,0.000101028693977027,4.31422069060698e-06,0.999999976365967,0.985993106302805,0.0140068936971948,0.957904084267296,0.0136078645932441,0.121911795341868,0.546716753723399,0.0420959157327041,0.041497535375601,0.0136078645932441,-0.013026768979002,CBCbothPairsRW,CBCdriftDiffusionLR,0.5,0.985785310838641,0.957297075506566,0.937050654788505,0.0775909104769212,2.51395555729741,0.5,79.0029215596993
CBC_1024,CBC_1024_MSI_TV_v3_Vset1_Tset2_2023-07-05_16h07.59.104.csv,3,26,2,3,z,0,1,0,tac,D,63,1,2D,3D,0,1,z,2.71748449999905,0,1,1,1,3D,2D,D23,3.71357206670431,0.99999981577016,0.000911769880145973,0.00710734458067946,0.00710734458067946,1.84229840397362e-07,0.99999999999841,0.0213514622467171,0.000303504398977522,0.0213514622467171,0.0213514622467171,0.999401619642897,0.000581095614242182,0.5,0.000101028693977027,4.31422069060698e-06,0.999999976365967,0.99999568579782,4.31420218014867e-06,0.999999976365967,4.31422069060698e-06,0.13578800540039,0.548838230912008,2.3634033397002e-08,2.32980829586344e-08,4.31422069058218e-06,-4.12999085018424e-06,CBCbothPairsRW,CBCdriftDiffusionLR,0.5,0.985785310838641,0.957297075506566,0.937050654788505,0.0775909104769212,2.51395555729741,0.5,79.0029215596993
CBC_1024,CBC_1024_MSI_TV_v3_Vset1_Tset2_2023-07-05_16h07.59.104.csv,3,27,0,1,z,0,1,2,tac,B,63,1,0B,1B,NaN,NaN,None,NaN,NaN,NaN,NaN,NaN,,,B01,2.63905732961526,0.99999981577016,0.000911769880145973,0.00710734458067946,0.00710734458067946,1.84229840397362e-07,0.99999999999841,0.0213514622467171,0.000303504398977522,0.0213514622467171,0.0213514622467171,0.999401619642897,0.000581095614242182,0.5,0.000101028693977027,1.84229840422744e-07,0.99999999966405,0,0,0,0,NaN,0,0,0,0,0,CBCbothPairsRW,CBCdriftDiffusionLR,0.5,0.985785310838641,0.957297075506566,0.937050654788505,0.0775909104769212,2.51395555729741,0.5,79.0029215596993
CBC_1024,CBC_1024_MSI_TV_v3_Vset1_Tset2_2023-07-05_16h07.59.104.csv,3,28,0,2,b,1,0,3,tac,A,27,1,0A,2A,1,0,b,2.79423400000087,1,0,1,1,0A,2A,A02,3.76120011569356,0.99999981577016,0.000911769880145973,0.00710734458067946,0.00710734458067946,1.84229840397362e-07,0.99999999999841,0.0213514622467171,0.000303504398977522,0.0213514622467171,0.0213514622467171,0.999401619642897,0.000581095614242182,0.5,0.000101028693977027,1.84229840422744e-07,0.99999999966405,0.992942811986161,0.00705718801383909,0.99999981577016,0.00710734458067946,0.127572931698354,0.547573854566102,1.84229840383132e-07,1.81611070467839e-07,0.00710734458067952,-0.00680384018170194,CBCbothPairsRW,CBCdriftDiffusionLR,0.5,0.985785310838641,0.957297075506566,0.937050654788505,0.0775909104769212,2.51395555729741,0.5,79.0029215596993
CBC_1024,CBC_1024_MSI_TV_v3_Vset1_Tset2_2023-07-05_16h07.59.104.csv,3,29,1,3,z,0,1,0,tac,D,27,1,1D,3D,0,1,b,3.09056559999954,1,0,0,0,1D,3D,D13,3.09104245335832,0.99999999738123,0.000911769880145973,0.000303504398977522,0.00710734458067946,1.84229840397362e-07,0.99999999999841,0.0213514622467171,0.000303504398977522,0.0213514622467171,0.0213514622467171,0.999401619642897,0.000581095614242182,0.5,0.000101028693977027,1.84229840422744e-07,0.99999999966405,0.00010101848824503,0.999898981511755,0.000101028693977027,0.99999999966405,0.0834775617728253,0.451977909720111,-0.000101028693977027,-9.95926024957658e-05,-3.35950489649406e-10,3.21604421256375e-10,CBCbothPairsRW,CBCdriftDiffusionLR,0.5,0.985785310838641,0.957297075506566,0.937050654788505,0.0775909104769212,2.51395555729741,0.5,79.0029215596993
CBC_1024,CBC_1024_MSI_TV_v3_Vset1_Tset2_2023-07-05_16h07.59.104.csv,3,30,1,0,z,0,1,3,tac,A,63,1,1A,0A,0,1,z,2.33426919999874,0,1,1,1,0A,1A,A10,3.11351530921037,0.99999999738123,0.000911769880145973,0.000303504398977522,0.00710734458067946,1.84229840397362e-07,0.99999999999841,0.0213514622467171,0.000303504398977522,0.0213514622467171,0.0213514622467171,0.999401619642897,0.000581095614242182,0.5,1.43609148126149e-06,1.84229840422744e-07,0.999999999985654,0.999089060684499,0.000910939315500999,0.99999999738123,0.000911769880145973,0.18347705768724,0.549406408965305,2.61876986762388e-09,2.58154486797048e-09,0.000911769880145963,-0.000872834639798702,CBCbothPairsRW,CBCdriftDiffusionLR,0.5,0.985785310838641,0.957297075506566,0.937050654788505,0.0775909104769212,2.51395555729741,0.5,79.0029215596993
CBC_1024,CBC_1024_MSI_TV_v3_Vset1_Tset2_2023-07-05_16h07.59.104.csv,3,31,2,0,b,1,0,1,tac,C,27,1,2C,0C,1,0,z,2.98370900000009,0,1,0,0,0C,2C,C20,3.8286413964891,0.999999999962775,3.89352403472711e-05,0.000303504398977522,0.00710734458067946,1.84229840397362e-07,0.99999999999841,0.0213514622467171,0.000303504398977522,0.0213514622467171,0.0213514622467171,0.999401619642897,0.000581095614242182,0.5,1.43609148126149e-06,1.84229840422744e-07,0.999999999985654,0.0209173625096398,0.97908263749036,0.0213514622467171,0.999401619642897,0.0911692175661485,0.453917874817298,-0.0213514622467171,-0.0210479578477396,-0.000598380357103134,0.000572827765895405,CBCbothPairsRW,CBCdriftDiffusionLR,0.5,0.985785310838641,0.957297075506566,0.937050654788505,0.0775909104769212,2.51395555729741,0.5,79.0029215596993
CBC_1024,CBC_1024_MSI_TV_v3_Vset1_Tset2_2023-07-05_16h07.59.104.csv,3,32,2,3,z,0,1,0,tac,D,63,1,2D,3D,0,1,b,3.58088070000122,1,0,0,0,2D,3D,D23,3.15700042115011,0.999999999962775,3.89352403472711e-05,0.000303504398977522,0.00710734458067946,1.84229840397362e-07,0.99999999999841,0.0213514622467171,0.000303504398977522,0.000303504398977573,0.0213514622467171,0.999974447408792,0.000581095614242182,0.5,1.43609148126149e-06,1.84229840422744e-07,0.999999999985654,1.84229806484759e-07,0.999999815770193,1.84229840422744e-07,0.999999999985654,0.0567461676778333,0.451252401153231,-1.84229840422744e-07,-1.81611070506888e-07,-1.43460798796013e-11,1.3733460313726e-11,CBCbothPairsRW,CBCdriftDiffusionLR,0.5,0.985785310838641,0.957297075506566,0.937050654788505,0.0775909104769212,2.51395555729741,0.5,79.0029215596993
CBC_1024,CBC_1024_MSI_TV_v3_Vset1_Tset2_2023-07-05_16h07.59.104.csv,3,33,1,0,b,1,0,2,tac,B,63,1,1B,0B,1,0,z,1.82309560000067,0,1,0,0,0B,1B,B10,2.77258872223978,0.999999999962775,3.89352403472711e-05,0.000303504398977522,0.00710734458067946,1.84229840397362e-07,0.99999999999841,0.0213514622467171,0.000303504398977522,0.000303504398977573,0.0213514622467171,0.999974447408792,0.000581095614242182,0.5,1.43609148126149e-06,2.61876991585606e-09,0.999999999999387,1.84229806457027e-07,0.999999815770193,1.84229840397362e-07,0.99999999999841,0.222252417555802,0.450919411914645,-1.84229840397362e-07,-1.81611070481867e-07,-1.5896173266583e-12,1.52173601798455e-12,CBCbothPairsRW,CBCdriftDiffusionLR,0.5,0.985785310838641,0.957297075506566,0.937050654788505,0.0775909104769212,2.51395555729741,0.5,79.0029215596993
CBC_1024,CBC_1024_MSI_TV_v3_Vset1_Tset2_2023-07-05_16h07.59.104.csv,3,34,0,1,b,1,0,3,tac,A,63,1,0A,1A,1,0,z,1.68818660000034,0,1,0,0,1A,0A,A01,2.50552593699074,0.999999999962775,3.89352403472711e-05,0.000303504398977522,0.00710734458067946,2.61876991549527e-09,0.999999999999932,0.0213514622467171,0.000303504398977522,0.000303504398977573,0.0213514622467171,0.999974447408792,0.000581095614242182,0.5,1.43609148126149e-06,2.61876991585606e-09,0.999999999999387,3.89337244548011e-05,0.999961066275545,3.89352403472711e-05,0.999999999962775,0.243653345134228,0.451937787233891,-3.89352403472711e-05,-3.83817880083118e-05,-3.72250008595643e-11,3.56353844585903e-11,CBCbothPairsRW,CBCdriftDiffusionLR,0.5,0.985785310838641,0.957297075506566,0.937050654788505,0.0775909104769212,2.51395555729741,0.5,79.0029215596993
CBC_1024,CBC_1024_MSI_TV_v3_Vset1_Tset2_2023-07-05_16h07.59.104.csv,3,35,2,3,z,0,1,0,tac,D,63,0,2D,3D,NaN,NaN,None,NaN,NaN,NaN,NaN,NaN,,,D23,2.81341071676004,0.99999999999841,5.53452338959258e-07,0.000303504398977522,0.00710734458067946,2.61876991549527e-09,0.999999999999932,0.0213514622467171,0.000303504398977522,0.000303504398977573,0.0213514622467171,0.999974447408792,0.000581095614242182,0.5,1.43609148126149e-06,2.61876991585606e-09,0.999999999999387,0,0,0,0,NaN,0,0,0,0,0,CBCbothPairsRW,CBCdriftDiffusionLR,0.5,0.985785310838641,0.957297075506566,0.937050654788505,0.0775909104769212,2.51395555729741,0.5,79.0029215596993
CBC_1024,CBC_1024_MSI_TV_v3_Vset1_Tset2_2023-07-05_16h07.59.104.csv,3,36,2,0,b,1,0,1,tac,C,27,1,2C,0C,1,0,z,4.04563690000032,0,1,0,0,0C,2C,C20,3.23867845216438,0.99999999999841,5.53452338959258e-07,0.000303504398977522,0.00710734458067946,2.61876991549527e-09,0.999999999999932,0.0213514622467171,0.000303504398977522,0.000303504398977573,0.0213514622467171,0.999974447408792,0.000581095614242182,0.5,1.43609148126149e-06,2.61876991585606e-09,0.999999999999387,0.000303420062822598,0.999696579937177,0.000303504398977573,0.999974447408792,0.0393949024626134,0.450982161694513,-0.000303504398977573,-0.000299190178287001,-2.55525912077337e-05,2.44614208347782e-05,CBCbothPairsRW,CBCdriftDiffusionLR,0.5,0.985785310838641,0.957297075506566,0.937050654788505,0.0775909104769212,2.51395555729741,0.5,79.0029215596993
CBC_1024,CBC_1024_MSI_TV_v3_Vset1_Tset2_2023-07-05_16h07.59.104.csv,3,37,0,1,b,1,0,3,tac,A,63,1,0A,1A,1,0,b,2.64080209999884,1,0,1,1,0A,1A,A01,2.34180580614733,0.99999999999841,5.53452338959258e-07,0.000303504398977522,0.00710734458067946,2.61876991549527e-09,0.999999999999932,0.0213514622467171,0.000303504398977522,4.31422069057129e-06,0.0213514622467171,0.999998908829627,0.000581095614242182,0.5,1.43609148126149e-06,2.61876991585606e-09,0.999999999999387,0.999999446547967,5.53452032650815e-07,0.99999999999841,5.53452338959258e-07,0.144275403189671,0.549141616749826,1.5896173266583e-12,1.56702141047434e-12,5.53452338958316e-07,-5.29818305517064e-07,CBCbothPairsRW,CBCdriftDiffusionLR,0.5,0.985785310838641,0.957297075506566,0.937050654788505,0.0775909104769212,2.51395555729741,0.5,79.0029215596993
CBC_1024,CBC_1024_MSI_TV_v3_Vset1_Tset2_2023-07-05_16h07.59.104.csv,3,38,1,3,b,1,0,2,tac,B,27,1,1B,3B,1,0,b,3.23164170000018,1,0,1,1,1B,3B,B13,3.27714473299218,0.999999999999977,2.36340334421934e-08,0.000303504398977522,0.00710734458067946,2.61876991549527e-09,0.999999999999932,0.0213514622467171,0.000303504398977522,4.31422069057129e-06,0.0213514622467171,0.999998908829627,0.000581095614242182,0.5,1.43609148126149e-06,2.61876991585606e-09,0.999999999999387,0.999696587687994,0.000303412312006144,0.999999999999932,0.000303504398977522,0.090682789770978,0.548411235852468,6.78346268045971e-14,6.68703786701929e-14,0.000303504398977528,-0.000290543873544565,CBCbothPairsRW,CBCdriftDiffusionLR,0.5,0.985785310838641,0.957297075506566,0.937050654788505,0.0775909104769212,2.51395555729741,0.5,79.0029215596993
CBC_1024,CBC_1024_MSI_TV_v3_Vset1_Tset2_2023-07-05_16h07.59.104.csv,3,39,3,2,z,0,1,1,tac,C,63,1,3C,2C,0,1,b,2.71336660000088,1,0,0,0,3C,2C,C32,2.60268968544438,0.999999999999977,2.36340334421934e-08,0.000303504398977522,0.00710734458067946,2.61876991549527e-09,0.999999999999999,0.0213514622467171,1.29605254329564e-05,4.31422069057129e-06,0.0213514622467171,0.999998908829627,0.000581095614242182,0.5,1.43609148126149e-06,2.61876991585606e-09,0.999999999999387,0.000580758771573853,0.999419241228426,0.000581095614242182,0.999998908829627,0.111883451094165,0.45076667245554,-0.000581095614242182,-0.0005728355207127,-1.09117037294659e-06,1.04457420690118e-06,CBCbothPairsRW,CBCdriftDiffusionLR,0.5,0.985785310838641,0.957297075506566,0.937050654788505,0.0775909104769212,2.51395555729741,0.5,79.0029215596993
CBC_1024,CBC_1024_MSI_TV_v3_Vset1_Tset2_2023-07-05_16h07.59.104.csv,3,40,3,2,b,1,0,0,tac,D,63,1,3D,2D,1,0,b,2.71648230000028,1,0,1,1,3D,2D,D32,2.62103882411258,0.999999999999977,2.36340334421934e-08,0.000303504398977522,0.00710734458067946,2.61876991549527e-09,0.999999999999999,0.0213514622467171,1.29605254329564e-05,4.31422069057129e-06,0.0213514622467171,0.999999953403834,8.26009352948153e-06,0.5,1.43609148126149e-06,2.61876991585606e-09,0.999999999999387,0.99999999738123,2.6187699089997e-09,0.999999999999387,2.61876991585606e-09,0.135852646918216,0.548666044720331,6.12621064988161e-13,6.03912846975654e-13,2.61876986762388e-09,-2.50694073570106e-09,CBCbothPairsRW,CBCdriftDiffusionLR,0.5,0.985785310838641,0.957297075506566,0.937050654788505,0.0775909104769212,2.51395555729741,0.5,79.0029215596993
CBC_1024,CBC_1024_MSI_TV_v3_Vset1_Tset2_2023-07-05_16h07.59.104.csv,3,41,0,1,z,0,1,2,tac,B,63,1,0B,1B,0,1,b,3.05525690000104,1,0,0,0,0B,1B,B01,2.63905732961526,0.999999999999977,2.36340334421934e-08,0.000303504398977522,0.00710734458067946,2.61876991549527e-09,0.999999999999999,0.0213514622467171,1.29605254329564e-05,4.31422069057129e-06,0.0213514622467171,0.999999953403834,8.26009352948153e-06,0.5,1.43609148126149e-06,1.11829180154997e-10,0.999999999999991,2.61876990863732e-09,0.99999999738123,2.61876991549527e-09,0.999999999999999,0.0858333138514117,0.452046670855957,-2.61876991549527e-09,-2.58154491516139e-09,-9.99200722162641e-16,9.56531929170345e-16,CBCbothPairsRW,CBCdriftDiffusionLR,0.5,0.985785310838641,0.957297075506566,0.937050654788505,0.0775909104769212,2.51395555729741,0.5,79.0029215596993
CBC_1024,CBC_1024_MSI_TV_v3_Vset1_Tset2_2023-07-05_16h07.59.104.csv,3,42,2,0,z,0,1,3,tac,A,27,1,2A,0A,0,1,b,1.13864899999862,1,0,0,0,2A,0A,A20,3.3499040872746,0.999999999999977,2.36340334421934e-08,0.000303504398977522,0.00710734458067946,3.72250003338835e-11,1,0.0213514622467171,1.29605254329564e-05,4.31422069057129e-06,0.0213514622467171,0.999999953403834,8.26009352948153e-06,0.5,1.43609148126149e-06,1.11829180154997e-10,0.999999999999991,0.000303412312006131,0.999696587687994,0.000303504398977522,0.999999999999977,0.099683852178473,0.450930516950937,-0.000303504398977522,-0.000299190178286951,-2.26485497023532e-14,2.16813903945278e-14,CBCbothPairsRW,CBCdriftDiffusionLR,0.5,0.985785310838641,0.957297075506566,0.937050654788505,0.0775909104769212,2.51395555729741,0.5,79.0029215596993
CBC_1024,CBC_1024_MSI_TV_v3_Vset1_Tset2_2023-07-05_16h07.59.104.csv,3,43,3,0,b,1,0,0,tac,D,9,1,3D,0D,1,0,b,1.58696549999877,1,0,1,1,3D,0D,D30,4.06044301054642,0.999999999999999,2.36340334421934e-08,4.31422069057053e-06,0.00710734458067946,3.72250003338835e-11,1,0.0213514622467171,1.29605254329564e-05,4.31422069057129e-06,0.0213514622467171,0.999999953403834,8.26009352948153e-06,0.5,1.43609148126149e-06,1.11829180154997e-10,0.999999999999991,0.666666666666665,0.333333333333335,0.999999999999991,0.5,0.292934646638093,0.515984558309863,8.65973959207622e-15,8.53664408555654e-15,0.5,-0.478648537753283,CBCbothPairsRW,CBCdriftDiffusionLR,0.5,0.985785310838641,0.957297075506566,0.937050654788505,0.0775909104769212,2.51395555729741,0.5,79.0029215596993
CBC_1024,CBC_1024_MSI_TV_v3_Vset1_Tset2_2023-07-05_16h07.59.104.csv,3,44,3,2,z,0,1,1,tac,C,63,1,3C,2C,0,1,b,2.51286450000043,1,0,0,0,3C,2C,C32,2.46809953147162,0.999999999999999,2.36340334421934e-08,4.31422069057053e-06,0.00710734458067946,3.72250003338835e-11,1,0.0213514622467171,1.29605254329564e-05,4.31422069057129e-06,0.0213514622467171,0.999999953403834,8.26009352948153e-06,0.0213514622467171,1.43609148126149e-06,1.11829180154997e-10,1,8.26002568578234e-06,0.999991739974314,8.26009352948153e-06,0.999999953403834,0.13121437605798,0.451809972908853,-8.26009352948153e-06,-8.1426788675162e-06,-4.65961660367498e-08,4.46063734767989e-08,CBCbothPairsRW,CBCdriftDiffusionLR,0.5,0.985785310838641,0.957297075506566,0.937050654788505,0.0775909104769212,2.51395555729741,0.5,79.0029215596993
CBC_1024,CBC_1024_MSI_AV_v3_Vset4_Aset2_2023-07-05_16h16.42.189.csv,4,1,0,1,b,1,0,3,aud,A,63,1,0A,1A,1,0,b,2.53505729999961,1,0,1,1,0A,1A,A01,2.77258872223978,0.5,0.5,0.5,0.5,0.5,0.5,0.5,0.5,0.5,0.5,0.5,0.5,0.5,0.5,0.5,0.5,0.5,0.5,0.5,0.5,0.167162703031925,0.501333230176663,0.5,0.211396907008995,0.5,-0.000355898198941162,CBCbothPairsRW,CBCdriftDiffusionLR,0.5,0.42279381401799,0.000711796397882325,1.14936647348061,1.23694749323829,2.81767941499131,0.5,78.0789933265541
CBC_1024,CBC_1024_MSI_AV_v3_Vset4_Aset2_2023-07-05_16h16.42.189.csv,4,2,2,3,z,0,1,0,aud,D,63,1,2D,3D,0,1,b,2.72335829999975,1,0,0,0,2D,3D,D23,2.83321334405622,0.711396907008995,0.499644101801059,0.5,0.5,0.5,0.5,0.5,0.5,0.5,0.5,0.5,0.5,0.5,0.5,0.5,0.5,0.5,0.5,0.5,0.5,0.148639545158784,0.500201124497831,-0.5,-0.211396907008995,-0.5,0.000355898198941162,CBCbothPairsRW,CBCdriftDiffusionLR,0.5,0.42279381401799,0.000711796397882325,1.14936647348061,1.23694749323829,2.81767941499131,0.5,78.0789933265541
CBC_1024,CBC_1024_MSI_AV_v3_Vset4_Aset2_2023-07-05_16h16.42.189.csv,4,3,0,2,z,0,1,1,aud,C,27,1,0C,2C,0,1,b,3.28447140000026,1,0,0,0,0C,2C,C02,2.89037175789616,0.711396907008995,0.499644101801059,0.5,0.5,0.5,0.5,0.5,0.5,0.5,0.5,0.5,0.5,0.5,0.5,0.288603092991005,0.500355898198941,0.5,0.5,0.5,0.5,0.10491196567389,0.499821941926552,-0.5,-0.211396907008995,-0.5,0.000355898198941162,CBCbothPairsRW,CBCdriftDiffusionLR,0.5,0.42279381401799,0.000711796397882325,1.14936647348061,1.23694749323829,2.81767941499131,0.5,78.0789933265541
CBC_1024,CBC_1024_MSI_AV_v3_Vset4_Aset2_2023-07-05_16h16.42.189.csv,4,4,0,1,b,1,0,3,aud,A,63,1,0A,1A,1,0,b,2.35016159999941,1,0,1,1,0A,1A,A01,2.2512917986065,0.711396907008995,0.499644101801059,0.5,0.5,0.5,0.5,0.5,0.5,0.288603092991005,0.5,0.500355898198941,0.5,0.5,0.5,0.288603092991005,0.500355898198941,0.587425943327881,0.412574056672119,0.711396907008995,0.499644101801059,0.24516675811742,0.64708890878173,0.288603092991005,0.122019602423056,0.499644101801059,-0.000355644871885143,CBCbothPairsRW,CBCdriftDiffusionLR,0.5,0.42279381401799,0.000711796397882325,1.14936647348061,1.23694749323829,2.81767941499131,0.5,78.0789933265541
CBC_1024,CBC_1024_MSI_AV_v3_Vset4_Aset2_2023-07-05_16h16.42.189.csv,4,5,1,3,b,1,0,2,aud,B,27,1,1B,3B,1,0,b,2.3592091999999,1,0,1,1,1B,3B,B13,2.99573227355399,0.833416509432051,0.499288456929174,0.5,0.5,0.5,0.5,0.5,0.5,0.288603092991005,0.5,0.500355898198941,0.5,0.5,0.5,0.288603092991005,0.500355898198941,0.5,0.5,0.5,0.5,0.185083033176171,0.499744007880285,0.5,0.211396907008995,0.5,-0.000355898198941162,CBCbothPairsRW,CBCdriftDiffusionLR,0.5,0.42279381401799,0.000711796397882325,1.14936647348061,1.23694749323829,2.81767941499131,0.5,78.0789933265541
CBC_1024,CBC_1024_MSI_AV_v3_Vset4_Aset2_2023-07-05_16h16.42.189.csv,4,6,3,2,z,0,1,1,aud,C,63,1,3C,2C,0,1,z,2.44541799999934,0,1,1,1,2C,3C,C32,3.04452243772342,0.833416509432051,0.499288456929174,0.5,0.5,0.5,0.711396907008995,0.5,0.499644101801059,0.288603092991005,0.5,0.500355898198941,0.5,0.5,0.5,0.288603092991005,0.500355898198941,0.500177885790238,0.499822114209762,0.500355898198941,0.5,0.175962827516159,0.499986822003319,0.499644101801059,0.211246435452062,0.5,-0.000355898198941162,CBCbothPairsRW,CBCdriftDiffusionLR,0.5,0.42279381401799,0.000711796397882325,1.14936647348061,1.23694749323829,2.81767941499131,0.5,78.0789933265541
CBC_1024,CBC_1024_MSI_AV_v3_Vset4_Aset2_2023-07-05_16h16.42.189.csv,4,7,3,2,b,1,0,0,aud,D,63,1,3D,2D,1,0,b,2.93909239999994,1,0,1,1,3D,2D,D32,3.09104245335832,0.833416509432051,0.499288456929174,0.5,0.5,0.5,0.711396907008995,0.5,0.499644101801059,0.288603092991005,0.5,0.711602333651004,0.499644101801059,0.5,0.5,0.288603092991005,0.500355898198941,0.634197599350861,0.365802400649139,0.500355898198941,0.288603092991005,0.18806297786048,0.718085754566147,0.499644101801059,0.211246435452062,0.288603092991005,-0.000205426642008695,CBCbothPairsRW,CBCdriftDiffusionLR,0.5,0.42279381401799,0.000711796397882325,1.14936647348061,1.23694749323829,2.81767941499131,0.5,78.0789933265541
CBC_1024,CBC_1024_MSI_AV_v3_Vset4_Aset2_2023-07-05_16h16.42.189.csv,4,8,0,1,z,0,1,2,aud,B,63,1,0B,1B,0,1,b,4.10465170000134,1,0,0,0,0B,1B,B01,3.13549421592915,0.833416509432051,0.499288456929174,0.5,0.5,0.5,0.711396907008995,0.5,0.499644101801059,0.288603092991005,0.5,0.711602333651004,0.499644101801059,0.5,0.5,0.288397666348996,0.711602333651004,0.412746637462141,0.587253362537859,0.5,0.711396907008995,0.0433341010104768,0.351883379795606,-0.5,-0.211396907008995,-0.288603092991005,0.000205426642008695,CBCbothPairsRW,CBCdriftDiffusionLR,0.5,0.42279381401799,0.000711796397882325,1.14936647348061,1.23694749323829,2.81767941499131,0.5,78.0789933265541
CBC_1024,CBC_1024_MSI_AV_v3_Vset4_Aset2_2023-07-05_16h16.42.189.csv,4,9,2,0,z,0,1,3,aud,A,27,1,2A,0A,0,1,z,1.93385620000117,0,1,1,1,0A,2A,A20,3.17805383034795,0.833416509432051,0.499288456929174,0.5,0.5,0.288603092991005,0.711602333651004,0.5,0.499644101801059,0.288603092991005,0.5,0.711602333651004,0.499644101801059,0.5,0.5,0.288397666348996,0.711602333651004,0.625023391818534,0.374976608181466,0.833416509432051,0.5,0.339426174201088,0.704318972897925,0.166583490567949,0.0704304693296532,0.5,-0.000355898198941162,CBCbothPairsRW,CBCdriftDiffusionLR,0.5,0.42279381401799,0.000711796397882325,1.14936647348061,1.23694749323829,2.81767941499131,0.5,78.0789933265541
CBC_1024,CBC_1024_MSI_AV_v3_Vset4_Aset2_2023-07-05_16h16.42.189.csv,4,10,3,0,b,1,0,0,aud,D,9,1,3D,0D,1,0,b,2.13825300000099,1,0,1,1,3D,0D,D30,3.2188758248682,0.903846978761704,0.499288456929174,0.499644101801059,0.5,0.288603092991005,0.711602333651004,0.5,0.499644101801059,0.288603092991005,0.5,0.711602333651004,0.499644101801059,0.5,0.5,0.288397666348996,0.711602333651004,0.587323343548443,0.412676656451557,0.711602333651004,0.5,0.277414251692367,0.647878958121982,0.288397666348996,0.12193274930958,0.5,-0.000355898198941162,CBCbothPairsRW,CBCdriftDiffusionLR,0.5,0.42279381401799,0.000711796397882325,1.14936647348061,1.23694749323829,2.81767941499131,0.5,78.0789933265541
CBC_1024,CBC_1024_MSI_AV_v3_Vset4_Aset2_2023-07-05_16h16.42.189.csv,4,11,2,3,b,1,0,1,aud,C,63,1,2C,3C,1,0,b,3.34102150000035,1,0,1,1,2C,3C,C23,3.25809653802148,0.903846978761704,0.499288456929174,0.499644101801059,0.5,0.288603092991005,0.711602333651004,0.5,0.499644101801059,0.288603092991005,0.5,0.711602333651004,0.499644101801059,0.499644101801059,0.5,0.288397666348996,0.833535082960583,0.587495915631255,0.412504084368745,0.711602333651004,0.499644101801059,0.130598654975553,0.648038467985052,0.288397666348996,0.12193274930958,0.499644101801059,-0.000355644871885143,CBCbothPairsRW,CBCdriftDiffusionLR,0.5,0.42279381401799,0.000711796397882325,1.14936647348061,1.23694749323829,2.81767941499131,0.5,78.0789933265541
CBC_1024,CBC_1024_MSI_AV_v3_Vset4_Aset2_2023-07-05_16h16.42.189.csv,4,12,0,1,z,0,1,2,aud,B,63,1,0B,1B,0,1,z,2.22444759999962,0,1,1,1,1B,0B,B01,2.60268968544438,0.903846978761704,0.499288456929174,0.499644101801059,0.5,0.288603092991005,0.711602333651004,0.5,0.499644101801059,0.288603092991005,0.5,0.833535082960583,0.499288456929174,0.499644101801059,0.5,0.288397666348996,0.833535082960583,0.711456181596682,0.288543818403318,0.711602333651004,0.288603092991005,0.360988283208272,0.814133972357317,0.288397666348996,0.12193274930958,0.288603092991005,-0.000205426642008695,CBCbothPairsRW,CBCdriftDiffusionLR,0.5,0.42279381401799,0.000711796397882325,1.14936647348061,1.23694749323829,2.81767941499131,0.5,78.0789933265541
CBC_1024,CBC_1024_MSI_AV_v3_Vset4_Aset2_2023-07-05_16h16.42.189.csv,4,13,2,3,z,0,1,0,aud,D,63,1,2D,3D,0,1,b,2.8987075999994,1,0,0,0,2D,3D,D23,2.63905732961526,0.903846978761704,0.499288456929174,0.499644101801059,0.5,0.288397666348996,0.833535082960584,0.5,0.499644101801059,0.288603092991005,0.5,0.833535082960583,0.499288456929174,0.499644101801059,0.5,0.288397666348996,0.833535082960583,0.257054325695076,0.742945674304924,0.288397666348996,0.833535082960583,0.0416907869841741,0.155340441378465,-0.288397666348996,-0.12193274930958,-0.166464917039417,0.000118489128322437,CBCbothPairsRW,CBCdriftDiffusionLR,0.5,0.42279381401799,0.000711796397882325,1.14936647348061,1.23694749323829,2.81767941499131,0.5,78.0789933265541
CBC_1024,CBC_1024_MSI_AV_v3_Vset4_Aset2_2023-07-05_16h16.42.189.csv,4,14,2,3,b,1,0,1,aud,C,63,1,2C,3C,1,0,z,3.01412060000075,0,1,0,0,3C,2C,C23,2.67414864942653,0.903846978761704,0.499288456929174,0.499644101801059,0.5,0.288397666348996,0.833535082960584,0.5,0.499644101801059,0.288603092991005,0.5,0.833535082960583,0.499288456929174,0.499644101801059,0.5,0.166464917039417,0.833653572088906,0.374609572824976,0.625390427175024,0.499288456929174,0.833535082960583,0.073280915222279,0.294333820570803,-0.499288456929174,-0.211096071000242,-0.166464917039417,0.000118489128322437,CBCbothPairsRW,CBCdriftDiffusionLR,0.5,0.42279381401799,0.000711796397882325,1.14936647348061,1.23694749323829,2.81767941499131,0.5,78.0789933265541
CBC_1024,CBC_1024_MSI_AV_v3_Vset4_Aset2_2023-07-05_16h16.42.189.csv,4,15,3,1,z,0,1,2,aud,B,27,1,3B,1B,0,1,z,2.25662399999965,0,1,1,1,1B,3B,B31,3.40119738166216,0.903846978761704,0.499288456929174,0.499644101801059,0.5,0.288397666348996,0.833535082960584,0.5,0.499644101801059,0.288603092991005,0.5,0.833653572088906,0.288192385928931,0.499644101801059,0.5,0.166464917039417,0.833653572088906,0.62522359521358,0.37477640478642,0.833535082960584,0.499644101801059,0.287772879426136,0.704630326502256,0.166464917039416,0.0703803371752832,0.499644101801059,-0.000355644871885143,CBCbothPairsRW,CBCdriftDiffusionLR,0.5,0.42279381401799,0.000711796397882325,1.14936647348061,1.23694749323829,2.81767941499131,0.5,78.0789933265541
CBC_1024,CBC_1024_MSI_AV_v3_Vset4_Aset2_2023-07-05_16h16.42.189.csv,4,16,0,3,b,1,0,3,aud,A,9,1,0A,3A,1,0,b,2.08950209999966,1,0,1,1,0A,3A,A03,3.43398720448515,0.903846978761704,0.499288456929174,0.499644101801059,0.5,0.288397666348996,0.903915420135867,0.5,0.499288456929174,0.288603092991005,0.5,0.833653572088906,0.288192385928931,0.499644101801059,0.5,0.166464917039417,0.833653572088906,0.64383582572437,0.35616417427563,0.903846978761704,0.5,0.333787445492836,0.731978110539054,0.0961530212382963,0.0406529025786921,0.5,-0.000355898198941162,CBCbothPairsRW,CBCdriftDiffusionLR,0.5,0.42279381401799,0.000711796397882325,1.14936647348061,1.23694749323829,2.81767941499131,0.5,78.0789933265541
CBC_1024,CBC_1024_MSI_AV_v3_Vset4_Aset2_2023-07-05_16h16.42.189.csv,4,17,2,3,z,0,1,0,aud,D,63,1,2D,3D,0,1,z,2.31216360000144,0,1,1,1,3D,2D,D23,2.36712361413162,0.944499881340396,0.499288456929174,0.499644101801059,0.499644101801059,0.288397666348996,0.903915420135867,0.5,0.499288456929174,0.288603092991005,0.5,0.833653572088906,0.288192385928931,0.499644101801059,0.5,0.166464917039417,0.833653572088906,0.833554804906664,0.166445195093336,0.833653572088906,0.166464917039417,0.409620360605988,0.910912580889661,0.166346427911094,0.0703302407048001,0.166464917039417,-0.000118489128322437,CBCbothPairsRW,CBCdriftDiffusionLR,0.5,0.42279381401799,0.000711796397882325,1.14936647348061,1.23694749323829,2.81767941499131,0.5,78.0789933265541
CBC_1024,CBC_1024_MSI_AV_v3_Vset4_Aset2_2023-07-05_16h16.42.189.csv,4,18,0,2,z,0,1,1,aud,C,27,1,0C,2C,0,1,z,1.79260939999949,0,1,1,1,2C,0C,C02,2.80336038090653,0.944499881340396,0.499288456929174,0.499644101801059,0.499644101801059,0.288397666348996,0.903915420135867,0.5,0.499288456929174,0.288603092991005,0.5,0.833653572088906,0.288192385928931,0.499644101801059,0.5,0.166346427911094,0.903983812793706,0.742836819801418,0.257163180198582,0.833653572088906,0.288603092991005,0.482606016416096,0.843974865817286,0.166346427911094,0.0703302407048001,0.288603092991005,-0.000205426642008695,CBCbothPairsRW,CBCdriftDiffusionLR,0.5,0.42279381401799,0.000711796397882325,1.14936647348061,1.23694749323829,2.81767941499131,0.5,78.0789933265541
CBC_1024,CBC_1024_MSI_AV_v3_Vset4_Aset2_2023-07-05_16h16.42.189.csv,4,19,0,1,b,1,0,3,aud,A,63,1,0A,1A,1,0,b,4.18584790000023,1,0,1,1,0A,1A,A01,2.42774823594805,0.944499881340396,0.499288456929174,0.499644101801059,0.499644101801059,0.288397666348996,0.903915420135867,0.5,0.499288456929174,0.288397666348996,0.5,0.903983812793706,0.288192385928931,0.499644101801059,0.5,0.166346427911094,0.903983812793706,0.654181680447989,0.345818319552012,0.944499881340396,0.499288456929174,0.0822618092017396,0.745785387789333,0.0555001186596042,0.0234651068465451,0.499288456929174,-0.00035539172514641,CBCbothPairsRW,CBCdriftDiffusionLR,0.5,0.42279381401799,0.000711796397882325,1.14936647348061,1.23694749323829,2.81767941499131,0.5,78.0789933265541
CBC_1024,CBC_1024_MSI_AV_v3_Vset4_Aset2_2023-07-05_16h16.42.189.csv,4,20,1,0,b,1,0,2,aud,B,63,0,1B,0B,0,1,b,1.33021300000109,1,0,1,0,1B,0B,B10,3.55534806148941,0.967964988186941,0.498933065204027,0.499644101801059,0.499644101801059,0.288397666348996,0.903915420135867,0.5,0.499288456929174,0.288397666348996,0.5,0.903983812793706,0.288192385928931,0.499644101801059,0.5,0.166346427911094,0.903983812793706,0.758119180592708,0.241880819407292,0.903915420135867,0.288397666348996,0.071731727594709,0.858334077905163,-0.903915420135867,-0.382169848028917,-0.711602333651004,0.000506515977817441,CBCbothPairsRW,CBCdriftDiffusionLR,0.5,0.42279381401799,0.000711796397882325,1.14936647348061,1.23694749323829,2.81767941499131,0.5,78.0789933265541
CBC_1024,CBC_1024_MSI_AV_v3_Vset4_Aset2_2023-07-05_16h16.42.189.csv,4,21,3,1,b,1,0,0,aud,D,27,1,3D,1D,1,0,b,2.48484989999997,1,0,1,1,3D,1D,D31,3.58351893845611,0.967964988186941,0.498933065204027,0.499644101801059,0.499644101801059,0.288904182326814,0.52174557210695,0.5,0.499288456929174,0.288397666348996,0.5,0.903983812793706,0.288192385928931,0.499644101801059,0.5,0.166346427911094,0.903983812793706,0.643870537933711,0.356129462066289,0.903983812793706,0.5,0.26086399126788,0.731925465742997,0.096016187206294,0.0405950499964144,0.5,-0.000355898198941162,CBCbothPairsRW,CBCdriftDiffusionLR,0.5,0.42279381401799,0.000711796397882325,1.14936647348061,1.23694749323829,2.81767941499131,0.5,78.0789933265541
CBC_1024,CBC_1024_MSI_AV_v3_Vset4_Aset2_2023-07-05_16h16.42.189.csv,4,22,3,2,z,0,1,1,aud,C,63,1,3C,2C,0,1,b,1.74199819999922,1,0,0,0,3C,2C,C32,2.91777073208428,0.967964988186941,0.498933065204027,0.499644101801059,0.499644101801059,0.288904182326814,0.52174557210695,0.5,0.499288456929174,0.288397666348996,0.5,0.903983812793706,0.288192385928931,0.499644101801059,0.499644101801059,0.166346427911094,0.94457886279012,0.241736402922417,0.758263597077583,0.288192385928931,0.903983812793706,0.0830843680173024,0.141662958570152,-0.288192385928931,-0.121845958017837,-0.096016187206294,6.83439761918351e-05,CBCbothPairsRW,CBCdriftDiffusionLR,0.5,0.42279381401799,0.000711796397882325,1.14936647348061,1.23694749323829,2.81767941499131,0.5,78.0789933265541
CBC_1024,CBC_1024_MSI_AV_v3_Vset4_Aset2_2023-07-05_16h16.42.189.csv,4,23,0,1,z,0,1,2,aud,B,63,1,0B,1B,0,1,z,1.82625910000024,0,1,1,1,1B,0B,B01,2.53897387105828,0.967964988186941,0.498933065204027,0.499644101801059,0.499644101801059,0.288904182326814,0.52174557210695,0.5,0.499288456929174,0.288397666348996,0.5,0.904052156769898,0.166346427911094,0.499644101801059,0.499644101801059,0.166346427911094,0.94457886279012,0.643614050646802,0.356385949353198,0.52174557210695,0.288904182326814,0.367813696220673,0.730781578261383,0.47825442789305,0.202203013639894,0.288904182326814,-0.000205640956313365,CBCbothPairsRW,CBCdriftDiffusionLR,0.5,0.42279381401799,0.000711796397882325,1.14936647348061,1.23694749323829,2.81767941499131,0.5,78.0789933265541
CBC_1024,CBC_1024_MSI_AV_v3_Vset4_Aset2_2023-07-05_16h16.42.189.csv,4,24,0,2,b,1,0,3,aud,A,27,1,0A,2A,1,0,b,2.6952753000005,1,0,1,1,0A,2A,A02,3.66356164612965,0.967964988186941,0.498933065204027,0.499644101801059,0.499644101801059,0.2886985413705,0.723948585746844,0.5,0.499288456929174,0.288397666348996,0.5,0.904052156769898,0.166346427911094,0.499644101801059,0.499644101801059,0.166346427911094,0.94457886279012,0.659552325473029,0.340447674526971,0.967964988186941,0.499644101801059,0.233519885652375,0.7520134773911,0.0320350118130591,0.0135442048265546,0.499644101801059,-0.000355644871885143,CBCbothPairsRW,CBCdriftDiffusionLR,0.5,0.42279381401799,0.000711796397882325,1.14936647348061,1.23694749323829,2.81767941499131,0.5,78.0789933265541
CBC_1024,CBC_1024_MSI_AV_v3_Vset4_Aset2_2023-07-05_16h16.42.189.csv,4,25,3,2,b,1,0,0,aud,D,63,1,3D,2D,1,0,b,2.11651969999912,1,0,1,1,3D,2D,D32,2.99573227355399,0.981509193013495,0.498933065204027,0.499288456929174,0.499644101801059,0.2886985413705,0.723948585746844,0.5,0.499288456929174,0.288397666348996,0.5,0.904052156769898,0.166346427911094,0.499644101801059,0.499644101801059,0.166346427911094,0.94457886279012,0.850263173137326,0.149736826862675,0.94457886279012,0.166346427911094,0.498198228717512,0.919420210914187,0.0554211372098796,0.0234317139781793,0.166346427911094,-0.000118404788187709,CBCbothPairsRW,CBCdriftDiffusionLR,0.5,0.42279381401799,0.000711796397882325,1.14936647348061,1.23694749323829,2.81767941499131,0.5,78.0789933265541
CBC_1024,CBC_1024_MSI_AV_v3_Vset4_Aset2_2023-07-05_16h16.42.189.csv,4,26,0,2,z,0,1,1,aud,C,27,1,0C,2C,0,1,z,3.72633179999866,0,1,1,1,2C,0C,C02,2.6149597780362,0.981509193013495,0.498933065204027,0.499288456929174,0.499644101801059,0.2886985413705,0.723948585746844,0.5,0.499288456929174,0.288397666348996,0.5,0.904052156769898,0.166346427911094,0.499644101801059,0.499644101801059,0.166228023122906,0.9680105767683,0.758146916744319,0.241853083255681,0.904052156769898,0.288397666348996,0.115945013680357,0.858088209186049,0.0959478432301022,0.0405661545860551,0.288397666348996,-0.000205280420064884,CBCbothPairsRW,CBCdriftDiffusionLR,0.5,0.42279381401799,0.000711796397882325,1.14936647348061,1.23694749323829,2.81767941499131,0.5,78.0789933265541
CBC_1024,CBC_1024_MSI_AV_v3_Vset4_Aset2_2023-07-05_16h16.42.189.csv,4,27,0,1,z,0,1,2,aud,B,63,1,0B,1B,0,1,z,2.01000980000026,0,1,1,1,1B,0B,B01,2.35137525716348,0.981509193013495,0.498933065204027,0.499288456929174,0.499644101801059,0.2886985413705,0.723948585746844,0.5,0.499288456929174,0.288192385928931,0.5,0.944618311355953,0.166346427911094,0.499644101801059,0.499644101801059,0.166228023122906,0.9680105767683,0.71490706521597,0.28509293478403,0.723948585746844,0.2886985413705,0.416297520030662,0.817601442716026,0.276051414253156,0.116712830297152,0.2886985413705,-0.000205494581821404,CBCbothPairsRW,CBCdriftDiffusionLR,0.5,0.42279381401799,0.000711796397882325,1.14936647348061,1.23694749323829,2.81767941499131,0.5,78.0789933265541
CBC_1024,CBC_1024_MSI_AV_v3_Vset4_Aset2_2023-07-05_16h16.42.189.csv,4,28,1,0,z,0,1,3,aud,A,63,1,1A,0A,0,1,b,2.81331160000082,1,0,0,0,1A,0A,A10,3.76120011569356,0.981509193013495,0.498933065204027,0.499288456929174,0.499644101801059,0.288493046788679,0.840661416043996,0.5,0.499288456929174,0.288192385928931,0.5,0.944618311355953,0.166346427911094,0.499644101801059,0.499644101801059,0.166228023122906,0.9680105767683,0.33701622770803,0.66298377229197,0.498933065204027,0.981509193013495,0.0692709447548296,0.241965388897826,-0.498933065204027,-0.210945813577297,-0.0184908069865045,1.31616898069312e-05,CBCbothPairsRW,CBCdriftDiffusionLR,0.5,0.42279381401799,0.000711796397882325,1.14936647348061,1.23694749323829,2.81767941499131,0.5,78.0789933265541
CBC_1024,CBC_1024_MSI_AV_v3_Vset4_Aset2_2023-07-05_16h16.42.189.csv,4,29,2,3,b,1,0,1,aud,C,63,1,2C,3C,1,0,b,3.31570259999899,1,0,1,1,2C,3C,C23,2.68557734525015,0.981522354703302,0.28798725162673,0.499288456929174,0.499644101801059,0.288493046788679,0.840661416043996,0.5,0.499288456929174,0.288192385928931,0.5,0.944618311355953,0.166346427911094,0.499644101801059,0.499644101801059,0.166228023122906,0.9680105767683,0.850268490050512,0.149731509949488,0.944618311355953,0.166346427911094,0.154708347376966,0.919951155821981,0.0553816886440471,0.0234150353685735,0.166346427911094,-0.000118404788187709,CBCbothPairsRW,CBCdriftDiffusionLR,0.5,0.42279381401799,0.000711796397882325,1.14936647348061,1.23694749323829,2.81767941499131,0.5,78.0789933265541
CBC_1024,CBC_1024_MSI_AV_v3_Vset4_Aset2_2023-07-05_16h16.42.189.csv,4,30,1,3,z,0,1,0,aud,D,27,1,1D,3D,0,1,z,4.05458290000024,0,1,1,1,3D,1D,D13,3.80666248977032,0.981522354703302,0.28798725162673,0.499288456929174,0.499644101801059,0.288493046788679,0.840661416043996,0.5,0.499288456929174,0.288192385928931,0.5,0.968033346724526,0.166228023122906,0.499644101801059,0.499644101801059,0.166228023122906,0.9680105767683,0.659562900526368,0.340437099473632,0.9680105767683,0.499644101801059,0.0904650556674861,0.753168635613042,0.0319894232317003,0.0135249302563663,0.499644101801059,-0.000355644871885143,CBCbothPairsRW,CBCdriftDiffusionLR,0.5,0.42279381401799,0.000711796397882325,1.14936647348061,1.23694749323829,2.81767941499131,0.5,78.0789933265541
CBC_1024,CBC_1024_MSI_AV_v3_Vset4_Aset2_2023-07-05_16h16.42.189.csv,4,31,0,1,b,1,0,3,aud,A,63,1,0A,1A,1,0,b,1.81486849999965,1,0,1,1,0A,1A,A01,2.4423470353692,0.981522354703302,0.28798725162673,0.499288456929174,0.499644101801059,0.288493046788679,0.840661416043996,0.5,0.499288456929174,0.288192385928931,0.5,0.968033346724526,0.166228023122906,0.499644101801059,0.499288456929174,0.166228023122906,0.981535507024666,0.77315078972954,0.22684921027046,0.981522354703302,0.28798725162673,0.518082527183606,0.869984311192331,0.0184776452966976,0.00781223412906235,0.28798725162673,-0.000204988288343937,CBCbothPairsRW,CBCdriftDiffusionLR,0.5,0.42279381401799,0.000711796397882325,1.14936647348061,1.23694749323829,2.81767941499131,0.5,78.0789933265541
CBC_1024,CBC_1024_MSI_AV_v3_Vset4_Aset2_2023-07-05_16h16.42.189.csv,4,32,2,3,z,0,1,0,aud,D,63,1,2D,3D,0,1,z,2.67559279999841,0,1,1,1,3D,2D,D23,2.46385324059017,0.989334588832365,0.287782263338386,0.499288456929174,0.499644101801059,0.288493046788679,0.840661416043996,0.5,0.499288456929174,0.288192385928931,0.5,0.968033346724526,0.166228023122906,0.499644101801059,0.499288456929174,0.166228023122906,0.981535507024666,0.855172238220939,0.144827761779061,0.981535507024666,0.166228023122906,0.292742146153941,0.922629152049083,0.018464492975334,0.00780667340894986,0.166228023122906,-0.000118320508085985,CBCbothPairsRW,CBCdriftDiffusionLR,0.5,0.42279381401799,0.000711796397882325,1.14936647348061,1.23694749323829,2.81767941499131,0.5,78.0789933265541
CBC_1024,CBC_1024_MSI_AV_v3_Vset4_Aset2_2023-07-05_16h16.42.189.csv,4,33,1,2,b,1,0,2,aud,B,9,1,1B,2B,1,0,z,2.9577117000008,0,1,0,0,2B,1B,B12,3.87120101090789,0.989334588832365,0.287782263338386,0.499288456929174,0.499644101801059,0.288493046788679,0.840661416043996,0.5,0.499288456929174,0.288192385928931,0.5,0.968033346724526,0.166228023122906,0.499644101801059,0.499288456929174,0.16610970261482,0.989342180433616,0.372950242332917,0.627049757667083,0.5,0.840661416043996,0.0755666795970196,0.29227037230951,-0.5,-0.211396907008995,-0.159338583956004,0.000113416630103554,CBCbothPairsRW,CBCdriftDiffusionLR,0.5,0.42279381401799,0.000711796397882325,1.14936647348061,1.23694749323829,2.81767941499131,0.5,78.0789933265541
CBC_1024,CBC_1024_MSI_AV_v3_Vset4_Aset2_2023-07-05_16h16.42.189.csv,4,34,0,1,b,1,0,3,aud,A,63,1,0A,1A,1,0,b,3.21706989999984,1,0,1,1,0A,1A,A01,2.28238238567653,0.989334588832365,0.287782263338386,0.499288456929174,0.499644101801059,0.288493046788679,0.8407748326741,0.288603092991005,0.499288456929174,0.288192385928931,0.5,0.968033346724526,0.166228023122906,0.499644101801059,0.499288456929174,0.16610970261482,0.989342180433616,0.774662543330131,0.225337456669869,0.989334588832365,0.287782263338386,0.176849681321863,0.871615237358459,0.0106654111676352,0.00450926986563455,0.287782263338386,-0.000204842378418686,CBCbothPairsRW,CBCdriftDiffusionLR,0.5,0.42279381401799,0.000711796397882325,1.14936647348061,1.23694749323829,2.81767941499131,0.5,78.0789933265541
CBC_1024,CBC_1024_MSI_AV_v3_Vset4_Aset2_2023-07-05_16h16.42.189.csv,4,35,1,2,z,0,1,1,aud,C,9,1,1C,2C,0,1,b,3.85207239999909,1,0,0,0,1C,2C,C12,3.91202300542815,0.993843858697999,0.287577420959968,0.499288456929174,0.499644101801059,0.288493046788679,0.8407748326741,0.288603092991005,0.499288456929174,0.288192385928931,0.5,0.968033346724526,0.166228023122906,0.499644101801059,0.499288456929174,0.16610970261482,0.989342180433616,0.34059171824373,0.65940828175627,0.5,0.968033346724526,0.0343712920823963,0.248124132642793,-0.5,-0.211396907008995,-0.0319666532754737,2.27537486538354e-05,CBCbothPairsRW,CBCdriftDiffusionLR,0.5,0.42279381401799,0.000711796397882325,1.14936647348061,1.23694749323829,2.81767941499131,0.5,78.0789933265541
CBC_1024,CBC_1024_MSI_AV_v3_Vset4_Aset2_2023-07-05_16h16.42.189.csv,4,36,0,1,z,0,1,2,aud,B,63,1,0B,1B,0,1,z,1.85112690000096,0,1,1,1,1B,0B,B01,2.32238772029023,0.993843858697999,0.287577420959968,0.499288456929174,0.499644101801059,0.288493046788679,0.8407748326741,0.288603092991005,0.499288456929174,0.288192385928931,0.288603092991005,0.96805610047318,0.166228023122906,0.499644101801059,0.499288456929174,0.16610970261482,0.989342180433616,0.744530901803456,0.255469098196544,0.8407748326741,0.288493046788679,0.47916087779933,0.845963150313892,0.1592251673259,0.0673194157813701,0.288493046788679,-0.000205348311518279,CBCbothPairsRW,CBCdriftDiffusionLR,0.5,0.42279381401799,0.000711796397882325,1.14936647348061,1.23694749323829,2.81767941499131,0.5,78.0789933265541
CBC_1024,CBC_1024_MSI_AV_v3_Vset4_Aset2_2023-07-05_16h16.42.189.csv,4,37,1,0,z,0,1,3,aud,A,63,0,1A,0A,1,0,z,4.30748139999923,0,1,1,0,0A,1A,A10,3.25809653802148,0.993843858697999,0.287577420959968,0.499288456929174,0.499644101801059,0.288287698477161,0.90809424845547,0.288603092991005,0.499288456929174,0.288192385928931,0.288603092991005,0.96805610047318,0.166228023122906,0.499644101801059,0.499288456929174,0.16610970261482,0.989342180433616,0.775579330915492,0.224420669084508,0.993843858697999,0.287577420959968,0.0698023231533967,0.871639145887171,-0.993843858697999,-0.420191035557283,-0.712422579040032,0.000507099825530731,CBCbothPairsRW,CBCdriftDiffusionLR,0.5,0.42279381401799,0.000711796397882325,1.14936647348061,1.23694749323829,2.81767941499131,0.5,78.0789933265541
CBC_1024,CBC_1024_MSI_AV_v3_Vset4_Aset2_2023-07-05_16h16.42.189.csv,4,38,1,0,b,1,0,2,aud,B,63,1,1B,0B,1,0,b,4.27294239999901,1,0,1,1,1B,0B,B10,3.27714473299218,0.573652823140716,0.288084520785498,0.499288456929174,0.499644101801059,0.288287698477161,0.90809424845547,0.288603092991005,0.499288456929174,0.288192385928931,0.288603092991005,0.96805610047318,0.166228023122906,0.499644101801059,0.499288456929174,0.16610970261482,0.989342180433616,0.759033727300639,0.240966272699361,0.90809424845547,0.288287698477161,0.0737536490658399,0.858766136613065,0.0919057515445304,0.0388571832257018,0.288287698477161,-0.000205202145329829,CBCbothPairsRW,CBCdriftDiffusionLR,0.5,0.42279381401799,0.000711796397882325,1.14936647348061,1.23694749323829,2.81767941499131,0.5,78.0789933265541
CBC_1024,CBC_1024_MSI_AV_v3_Vset4_Aset2_2023-07-05_16h16.42.189.csv,4,39,3,1,b,1,0,0,aud,D,27,1,3D,1D,1,0,b,1.4897501000014,1,0,1,1,3D,1D,D31,3.29583686600433,0.573652823140716,0.288084520785498,0.499288456929174,0.499644101801059,0.288082496331831,0.946951431681171,0.288603092991005,0.499288456929174,0.288192385928931,0.288603092991005,0.96805610047318,0.166228023122906,0.499644101801059,0.499288456929174,0.16610970261482,0.989342180433616,0.664598830362851,0.335401169637149,0.989342180433616,0.499288456929174,0.264646696902782,0.759193219164191,0.0106578195663842,0.00450606018358715,0.499288456929174,-0.00035539172514641,CBCbothPairsRW,CBCdriftDiffusionLR,0.5,0.42279381401799,0.000711796397882325,1.14936647348061,1.23694749323829,2.81767941499131,0.5,78.0789933265541
CBC_1024,CBC_1024_MSI_AV_v3_Vset4_Aset2_2023-07-05_16h16.42.189.csv,4,40,2,3,b,1,0,1,aud,C,63,1,2C,3C,1,0,b,4.69300899999871,1,0,1,1,2C,3C,C23,2.62103882411258,0.573652823140716,0.288084520785498,0.499288456929174,0.499644101801059,0.288082496331831,0.946951431681171,0.288603092991005,0.499288456929174,0.288192385928931,0.288603092991005,0.96805610047318,0.166228023122906,0.499644101801059,0.498933065204027,0.16610970261482,0.993848240617203,0.85345115948912,0.14654884051088,0.96805610047318,0.166228023122906,0.0387876579217962,0.921218408202414,0.0319438995268199,0.0135056831155516,0.166228023122906,-0.000118320508085985,CBCbothPairsRW,CBCdriftDiffusionLR,0.5,0.42279381401799,0.000711796397882325,1.14936647348061,1.23694749323829,2.81767941499131,0.5,78.0789933265541
CBC_1024,CBC_1024_MSI_AV_v3_Vset4_Aset2_2023-07-05_16h16.42.189.csv,4,41,2,0,z,0,1,3,aud,A,27,1,2A,0A,0,1,z,2.70453730000008,0,1,1,1,0A,2A,A20,3.3322045101752,0.573652823140716,0.288084520785498,0.499288456929174,0.499644101801059,0.288082496331831,0.946951431681171,0.288603092991005,0.499288456929174,0.288192385928931,0.288603092991005,0.981561783588732,0.16610970261482,0.499644101801059,0.498933065204027,0.16610970261482,0.993848240617203,0.534654443627473,0.465345556372527,0.573652823140716,0.499288456929174,0.168760396040987,0.56048566291311,0.426347176859284,0.180256949000139,0.499288456929174,-0.00035539172514641,CBCbothPairsRW,CBCdriftDiffusionLR,0.5,0.42279381401799,0.000711796397882325,1.14936647348061,1.23694749323829,2.81767941499131,0.5,78.0789933265541
CBC_1024,CBC_1024_MSI_AV_v3_Vset4_Aset2_2023-07-05_16h16.42.189.csv,4,42,3,2,b,1,0,0,aud,D,63,1,3D,2D,1,0,b,2.80603049999991,1,0,1,1,3D,2D,D32,2.94443897916644,0.753909772140855,0.288084520785498,0.498933065204027,0.499644101801059,0.288082496331831,0.946951431681171,0.288603092991005,0.499288456929174,0.288192385928931,0.288603092991005,0.981561783588732,0.16610970261482,0.499644101801059,0.498933065204027,0.16610970261482,0.993848240617203,0.856796788552536,0.143203211447464,0.993848240617203,0.16610970261482,0.256781360925263,0.923581576979063,0.00615175938279711,0.00260092581237374,0.16610970261482,-0.000118236287974533,CBCbothPairsRW,CBCdriftDiffusionLR,0.5,0.42279381401799,0.000711796397882325,1.14936647348061,1.23694749323829,2.81767941499131,0.5,78.0789933265541
CBC_1024,CBC_1024_MSI_AV_v3_Vset4_Aset2_2023-07-05_16h16.42.189.csv,4,43,3,1,z,0,1,2,aud,B,27,1,3B,1B,0,1,z,2.00983619999897,0,1,1,1,1B,3B,B31,3.36729582998647,0.753909772140855,0.288084520785498,0.498933065204027,0.499644101801059,0.288082496331831,0.946951431681171,0.288603092991005,0.499288456929174,0.288192385928931,0.288603092991005,0.981561783588732,0.16610970261482,0.499644101801059,0.498933065204027,0.165991466326846,0.996449166429577,0.654767884041058,0.345232115958942,0.946951431681171,0.499288456929174,0.357474448669155,0.745954617689928,0.0530485683188286,0.0224286065277115,0.499288456929174,-0.00035539172514641,CBCbothPairsRW,CBCdriftDiffusionLR,0.5,0.42279381401799,0.000711796397882325,1.14936647348061,1.23694749323829,2.81767941499131,0.5,78.0789933265541
CBC_1024,CBC_1024_MSI_AV_v3_Vset4_Aset2_2023-07-05_16h16.42.189.csv,4,44,2,3,b,1,0,1,aud,C,63,1,2C,3C,1,0,b,2.37233220000053,1,0,1,1,2C,3C,C23,2.46809953147162,0.753909772140855,0.288084520785498,0.498933065204027,0.499644101801059,0.288082496331831,0.969380038208883,0.288603092991005,0.498933065204027,0.288192385928931,0.288603092991005,0.981561783588732,0.16610970261482,0.499644101801059,0.498933065204027,0.165991466326846,0.996449166429577,0.855263719094125,0.144736280905875,0.981561783588732,0.16610970261482,0.395324911194239,0.922597182036628,0.0184382164112682,0.00779556384020917,0.16610970261482,-0.000118236287974533,CBCbothPairsRW,CBCdriftDiffusionLR,0.5,0.42279381401799,0.000711796397882325,1.14936647348061,1.23694749323829,2.81767941499131,0.5,78.0789933265541
