ID,filename,session,trial,visStimLeft,visStimRight,correctKey,leftCorrect,rightCorrect,secondStim,mod2Type,mod2Stim,frequency,rewardAccurate,stimPairLeft,stimPairRight,pCorrectLeft,pCorrectRight,key,reactionTime,choiceLeft,choiceRight,choiceAccurate,reward,chosenPair,otherPair,triplet,surprise,0A belief,1A belief,2A belief,3A belief,0B belief,1B belief,2B belief,3B belief,0C belief,1C belief,2C belief,3C belief,0D belief,1D belief,2D belief,3D belief,beliefPairNorm,beliefOtherPairNorm,beliefPair,beliefOtherPair,lik,corrLik,rewardPE,update2,fit_percModel,fit_respModel,fit_startBelief,fit_alpha1,fit_alpha12,fit_nonDecisionTime,fit_weight,fit_startingBoundary,fit_startingPoint,fit_NLL
CBC_1024,CBC_1024_MSI_TV_v3_Vset3_Tset1_2023-07-05_15h02.58.307.csv,1,1,0,1,z,0,1,2,tac,B,63,1,0B,1B,0,1,b,1.60864320000019,1,0,0,0,0B,1B,B01,2.77258872223978,0.5,0.5,0.5,0.5,0.5,0.5,0.5,0.5,0.5,0.5,0.5,0.5,0.5,0.5,0.5,0.5,0.5,0.5,0.5,0.5,0.0653628211807378,0.499695833507164,-0.5,-0.224219482907126,CBCsimpleAsymRW,CBCdriftDiffusionLR,0.5,0.78141106200328,0.448438965814252,1.40645440837882,0.799017361253342,2.69975170986194,0.5,82.9923416862509
CBC_1024,CBC_1024_MSI_TV_v3_Vset3_Tset1_2023-07-05_15h02.58.307.csv,1,2,0,1,b,1,0,3,tac,A,63,1,0A,1A,1,0,b,3.02417049999985,1,0,1,1,0A,1A,A01,2.83321334405622,0.5,0.5,0.5,0.5,0.275780517092874,0.5,0.5,0.5,0.5,0.5,0.5,0.5,0.5,0.5,0.5,0.5,0.5,0.5,0.5,0.5,0.143972755965225,0.499603321102492,0.5,0.39070553100164,CBCsimpleAsymRW,CBCdriftDiffusionLR,0.5,0.78141106200328,0.448438965814252,1.40645440837882,0.799017361253342,2.69975170986194,0.5,82.9923416862509
CBC_1024,CBC_1024_MSI_TV_v3_Vset3_Tset1_2023-07-05_15h02.58.307.csv,1,3,2,3,z,0,1,0,tac,D,63,1,2D,3D,0,1,b,2.47436069999912,1,0,0,0,2D,3D,D23,2.89037175789616,0.89070553100164,0.5,0.5,0.5,0.275780517092874,0.5,0.5,0.5,0.5,0.5,0.5,0.5,0.5,0.5,0.5,0.5,0.5,0.5,0.5,0.5,0.207206502322067,0.499924163180468,-0.5,-0.224219482907126,CBCsimpleAsymRW,CBCdriftDiffusionLR,0.5,0.78141106200328,0.448438965814252,1.40645440837882,0.799017361253342,2.69975170986194,0.5,82.9923416862509
CBC_1024,CBC_1024_MSI_TV_v3_Vset3_Tset1_2023-07-05_15h02.58.307.csv,1,4,2,1,z,0,1,2,tac,B,9,1,2B,1B,0,1,b,2.57942209999965,1,0,0,0,2B,1B,B21,2.94443897916644,0.89070553100164,0.5,0.5,0.5,0.275780517092874,0.5,0.5,0.5,0.5,0.5,0.5,0.5,0.5,0.5,0.275780517092874,0.5,0.5,0.5,0.5,0.5,0.193110869021777,0.498249938257749,-0.5,-0.224219482907126,CBCsimpleAsymRW,CBCdriftDiffusionLR,0.5,0.78141106200328,0.448438965814252,1.40645440837882,0.799017361253342,2.69975170986194,0.5,82.9923416862509
CBC_1024,CBC_1024_MSI_TV_v3_Vset3_Tset1_2023-07-05_15h02.58.307.csv,1,5,0,2,b,1,0,3,tac,A,27,1,0A,2A,1,0,b,3.19657709999956,1,0,1,1,0A,2A,A02,2.99573227355399,0.89070553100164,0.5,0.5,0.5,0.275780517092874,0.5,0.275780517092874,0.5,0.5,0.5,0.5,0.5,0.5,0.5,0.275780517092874,0.5,0.640470258545761,0.359529741454239,0.89070553100164,0.5,0.166197265636803,0.6478726876757,0.10929446899836,0.085403907091093,CBCsimpleAsymRW,CBCdriftDiffusionLR,0.5,0.78141106200328,0.448438965814252,1.40645440837882,0.799017361253342,2.69975170986194,0.5,82.9923416862509
CBC_1024,CBC_1024_MSI_TV_v3_Vset3_Tset1_2023-07-05_15h02.58.307.csv,1,6,2,3,b,1,0,1,tac,C,63,1,2C,3C,1,0,z,5.15493020000031,0,1,0,0,3C,2C,C23,3.04452243772342,0.976109438092733,0.5,0.5,0.5,0.275780517092874,0.5,0.275780517092874,0.5,0.5,0.5,0.5,0.5,0.5,0.5,0.275780517092874,0.5,0.5,0.5,0.5,0.5,0.0340255405833212,0.49943034904939,-0.5,-0.224219482907126,CBCsimpleAsymRW,CBCdriftDiffusionLR,0.5,0.78141106200328,0.448438965814252,1.40645440837882,0.799017361253342,2.69975170986194,0.5,82.9923416862509
CBC_1024,CBC_1024_MSI_TV_v3_Vset3_Tset1_2023-07-05_15h02.58.307.csv,1,7,1,3,z,0,1,0,tac,D,27,1,1D,3D,0,1,z,2.69876219999969,0,1,1,1,3D,1D,D13,3.09104245335832,0.976109438092733,0.5,0.5,0.5,0.275780517092874,0.5,0.275780517092874,0.5,0.5,0.5,0.5,0.275780517092874,0.5,0.5,0.275780517092874,0.5,0.5,0.5,0.5,0.5,0.179127454747517,0.499816046145659,0.5,0.39070553100164,CBCsimpleAsymRW,CBCdriftDiffusionLR,0.5,0.78141106200328,0.448438965814252,1.40645440837882,0.799017361253342,2.69975170986194,0.5,82.9923416862509
CBC_1024,CBC_1024_MSI_TV_v3_Vset3_Tset1_2023-07-05_15h02.58.307.csv,1,8,1,0,z,0,1,3,tac,A,63,1,1A,0A,0,1,b,3.71164169999975,1,0,0,0,1A,0A,A10,3.13549421592915,0.976109438092733,0.5,0.5,0.5,0.275780517092874,0.5,0.275780517092874,0.5,0.5,0.5,0.5,0.275780517092874,0.5,0.5,0.275780517092874,0.89070553100164,0.338728272509419,0.661271727490581,0.5,0.976109438092733,0.0592007321888547,0.332735088693692,-0.5,-0.224219482907126,CBCsimpleAsymRW,CBCdriftDiffusionLR,0.5,0.78141106200328,0.448438965814252,1.40645440837882,0.799017361253342,2.69975170986194,0.5,82.9923416862509
CBC_1024,CBC_1024_MSI_TV_v3_Vset3_Tset1_2023-07-05_15h02.58.307.csv,1,9,2,0,b,1,0,1,tac,C,27,1,2C,0C,1,0,b,3.97409349999998,1,0,1,1,2C,0C,C20,3.17805383034795,0.976109438092733,0.275780517092874,0.5,0.5,0.275780517092874,0.5,0.275780517092874,0.5,0.5,0.5,0.5,0.275780517092874,0.5,0.5,0.275780517092874,0.89070553100164,0.5,0.5,0.5,0.5,0.07584950075382,0.500507260075332,0.5,0.39070553100164,CBCsimpleAsymRW,CBCdriftDiffusionLR,0.5,0.78141106200328,0.448438965814252,1.40645440837882,0.799017361253342,2.69975170986194,0.5,82.9923416862509
CBC_1024,CBC_1024_MSI_TV_v3_Vset3_Tset1_2023-07-05_15h02.58.307.csv,1,10,2,3,z,0,1,0,tac,D,63,1,2D,3D,0,1,z,3.86099769999964,0,1,1,1,3D,2D,D23,2.52572864430826,0.976109438092733,0.275780517092874,0.5,0.5,0.275780517092874,0.5,0.275780517092874,0.5,0.5,0.5,0.89070553100164,0.275780517092874,0.5,0.5,0.275780517092874,0.89070553100164,0.763580098070295,0.236419901929705,0.89070553100164,0.275780517092874,0.116230133772779,0.757827340134698,0.10929446899836,0.085403907091093,CBCsimpleAsymRW,CBCdriftDiffusionLR,0.5,0.78141106200328,0.448438965814252,1.40645440837882,0.799017361253342,2.69975170986194,0.5,82.9923416862509
CBC_1024,CBC_1024_MSI_TV_v3_Vset3_Tset1_2023-07-05_15h02.58.307.csv,1,11,1,0,b,1,0,2,tac,B,63,1,1B,0B,1,0,b,3.76205759999993,1,0,1,1,1B,0B,B10,3.25809653802148,0.976109438092733,0.275780517092874,0.5,0.5,0.275780517092874,0.5,0.275780517092874,0.5,0.5,0.5,0.89070553100164,0.275780517092874,0.5,0.5,0.275780517092874,0.976109438092733,0.64451218996022,0.35548781003978,0.5,0.275780517092874,0.112197139607106,0.651042033591191,0.5,0.39070553100164,CBCsimpleAsymRW,CBCdriftDiffusionLR,0.5,0.78141106200328,0.448438965814252,1.40645440837882,0.799017361253342,2.69975170986194,0.5,82.9923416862509
CBC_1024,CBC_1024_MSI_TV_v3_Vset3_Tset1_2023-07-05_15h02.58.307.csv,1,12,0,1,b,1,0,3,tac,A,63,1,0A,1A,1,0,b,2.69777209999938,1,0,1,1,0A,1A,A01,2.60268968544438,0.976109438092733,0.275780517092874,0.5,0.5,0.275780517092874,0.89070553100164,0.275780517092874,0.5,0.5,0.5,0.89070553100164,0.275780517092874,0.5,0.5,0.275780517092874,0.976109438092733,0.779708658935612,0.220291341064388,0.976109438092733,0.275780517092874,0.288147857294264,0.769709588733405,0.0238905619072669,0.0186683493518125,CBCsimpleAsymRW,CBCdriftDiffusionLR,0.5,0.78141106200328,0.448438965814252,1.40645440837882,0.799017361253342,2.69975170986194,0.5,82.9923416862509
CBC_1024,CBC_1024_MSI_TV_v3_Vset3_Tset1_2023-07-05_15h02.58.307.csv,1,13,2,3,z,0,1,0,tac,D,63,1,2D,3D,0,1,z,3.30536570000004,0,1,1,1,3D,2D,D23,2.23359222150709,0.994777787444546,0.275780517092874,0.5,0.5,0.275780517092874,0.89070553100164,0.275780517092874,0.5,0.5,0.5,0.89070553100164,0.275780517092874,0.5,0.5,0.275780517092874,0.976109438092733,0.779708658935612,0.220291341064388,0.976109438092733,0.275780517092874,0.180279633861616,0.770134872817811,0.0238905619072669,0.0186683493518125,CBCsimpleAsymRW,CBCdriftDiffusionLR,0.5,0.78141106200328,0.448438965814252,1.40645440837882,0.799017361253342,2.69975170986194,0.5,82.9923416862509
CBC_1024,CBC_1024_MSI_TV_v3_Vset3_Tset1_2023-07-05_15h02.58.307.csv,1,14,2,0,b,1,0,1,tac,C,27,1,2C,0C,1,0,z,4.11698030000025,0,1,0,0,0C,2C,C20,2.67414864942653,0.994777787444546,0.275780517092874,0.5,0.5,0.275780517092874,0.89070553100164,0.275780517092874,0.5,0.5,0.5,0.89070553100164,0.275780517092874,0.5,0.5,0.275780517092874,0.994777787444546,0.359529741454239,0.640470258545761,0.5,0.89070553100164,0.0474569121705775,0.353006682882524,-0.5,-0.224219482907126,CBCsimpleAsymRW,CBCdriftDiffusionLR,0.5,0.78141106200328,0.448438965814252,1.40645440837882,0.799017361253342,2.69975170986194,0.5,82.9923416862509
CBC_1024,CBC_1024_MSI_TV_v3_Vset3_Tset1_2023-07-05_15h02.58.307.csv,1,15,0,1,b,1,0,3,tac,A,63,1,0A,1A,1,0,b,2.39689079999971,1,0,1,1,0A,1A,A01,2.30258509299405,0.994777787444546,0.275780517092874,0.5,0.5,0.275780517092874,0.89070553100164,0.275780517092874,0.5,0.275780517092874,0.5,0.89070553100164,0.275780517092874,0.5,0.5,0.275780517092874,0.994777787444546,0.782945405883377,0.217054594116623,0.994777787444546,0.275780517092874,0.361933521763418,0.772661627084994,0.00522221255545441,0.00408069465896449,CBCsimpleAsymRW,CBCdriftDiffusionLR,0.5,0.78141106200328,0.448438965814252,1.40645440837882,0.799017361253342,2.69975170986194,0.5,82.9923416862509
CBC_1024,CBC_1024_MSI_TV_v3_Vset3_Tset1_2023-07-05_15h02.58.307.csv,1,16,1,3,b,1,0,2,tac,B,27,1,1B,3B,1,0,b,3.16773919999923,1,0,1,1,1B,3B,B13,3.43398720448515,0.99885848210351,0.275780517092874,0.5,0.5,0.275780517092874,0.89070553100164,0.275780517092874,0.5,0.275780517092874,0.5,0.89070553100164,0.275780517092874,0.5,0.5,0.275780517092874,0.994777787444546,0.640470258545761,0.359529741454239,0.89070553100164,0.5,0.169317072310248,0.646818412010444,0.10929446899836,0.085403907091093,CBCsimpleAsymRW,CBCdriftDiffusionLR,0.5,0.78141106200328,0.448438965814252,1.40645440837882,0.799017361253342,2.69975170986194,0.5,82.9923416862509
CBC_1024,CBC_1024_MSI_TV_v3_Vset3_Tset1_2023-07-05_15h02.58.307.csv,1,17,3,2,z,0,1,1,tac,C,63,1,3C,2C,0,1,b,2.64555329999985,1,0,0,0,3C,2C,C32,3.46573590279973,0.99885848210351,0.275780517092874,0.5,0.5,0.275780517092874,0.976109438092733,0.275780517092874,0.5,0.275780517092874,0.5,0.89070553100164,0.275780517092874,0.5,0.5,0.275780517092874,0.994777787444546,0.236419901929705,0.763580098070295,0.275780517092874,0.89070553100164,0.0944635102128409,0.243675949543394,-0.275780517092874,-0.123670729876848,CBCsimpleAsymRW,CBCdriftDiffusionLR,0.5,0.78141106200328,0.448438965814252,1.40645440837882,0.799017361253342,2.69975170986194,0.5,82.9923416862509
CBC_1024,CBC_1024_MSI_TV_v3_Vset3_Tset1_2023-07-05_15h02.58.307.csv,1,18,2,3,z,0,1,0,tac,D,63,0,2D,3D,1,0,z,1.89740309999979,0,1,1,0,3D,2D,D23,2.11021320034659,0.99885848210351,0.275780517092874,0.5,0.5,0.275780517092874,0.976109438092733,0.275780517092874,0.5,0.275780517092874,0.5,0.89070553100164,0.152109787216026,0.5,0.5,0.275780517092874,0.994777787444546,0.782945405883377,0.217054594116623,0.994777787444546,0.275780517092874,0.42858254740268,0.772239669326418,-0.994777787444546,-0.446097122216622,CBCsimpleAsymRW,CBCdriftDiffusionLR,0.5,0.78141106200328,0.448438965814252,1.40645440837882,0.799017361253342,2.69975170986194,0.5,82.9923416862509
CBC_1024,CBC_1024_MSI_TV_v3_Vset3_Tset1_2023-07-05_15h02.58.307.csv,1,19,1,0,b,1,0,2,tac,B,63,1,1B,0B,1,0,b,2.49657580000076,1,0,1,1,1B,0B,B10,2.83321334405622,0.99885848210351,0.275780517092874,0.5,0.5,0.275780517092874,0.976109438092733,0.275780517092874,0.5,0.275780517092874,0.5,0.89070553100164,0.152109787216026,0.5,0.5,0.275780517092874,0.548680665227923,0.779708658935612,0.220291341064388,0.976109438092733,0.275780517092874,0.334568471106898,0.768883116182823,0.0238905619072669,0.0186683493518125,CBCsimpleAsymRW,CBCdriftDiffusionLR,0.5,0.78141106200328,0.448438965814252,1.40645440837882,0.799017361253342,2.69975170986194,0.5,82.9923416862509
CBC_1024,CBC_1024_MSI_TV_v3_Vset3_Tset1_2023-07-05_15h02.58.307.csv,1,20,2,0,z,0,1,3,tac,A,27,1,2A,0A,0,1,z,2.05859719999989,0,1,1,1,0A,2A,A20,3.55534806148941,0.99885848210351,0.275780517092874,0.5,0.5,0.275780517092874,0.994777787444546,0.275780517092874,0.5,0.275780517092874,0.5,0.89070553100164,0.152109787216026,0.5,0.5,0.275780517092874,0.548680665227923,0.666412802829593,0.333587197170407,0.99885848210351,0.5,0.354108738954087,0.672521234609375,0.00114151789648986,0.000891994711791894,CBCsimpleAsymRW,CBCdriftDiffusionLR,0.5,0.78141106200328,0.448438965814252,1.40645440837882,0.799017361253342,2.69975170986194,0.5,82.9923416862509
CBC_1024,CBC_1024_MSI_TV_v3_Vset3_Tset1_2023-07-05_15h02.58.307.csv,1,21,0,3,z,0,1,0,tac,D,9,1,0D,3D,0,1,z,2.47658630000024,0,1,1,1,3D,0D,D03,3.58351893845611,0.999750476815302,0.275780517092874,0.5,0.5,0.275780517092874,0.994777787444546,0.275780517092874,0.5,0.275780517092874,0.5,0.89070553100164,0.152109787216026,0.5,0.5,0.275780517092874,0.548680665227923,0.523210433281586,0.476789566718414,0.548680665227923,0.5,0.21667706179844,0.52326950861331,0.451319334772077,0.352665920686862,CBCsimpleAsymRW,CBCdriftDiffusionLR,0.5,0.78141106200328,0.448438965814252,1.40645440837882,0.799017361253342,2.69975170986194,0.5,82.9923416862509
CBC_1024,CBC_1024_MSI_TV_v3_Vset3_Tset1_2023-07-05_15h02.58.307.csv,1,22,2,3,b,1,0,1,tac,C,63,1,2C,3C,1,0,b,3.57492009999896,1,0,1,1,2C,3C,C23,2.91777073208428,0.999750476815302,0.275780517092874,0.5,0.5,0.275780517092874,0.994777787444546,0.275780517092874,0.5,0.275780517092874,0.5,0.89070553100164,0.152109787216026,0.5,0.5,0.275780517092874,0.901346585914786,0.854135449912641,0.145864550087359,0.89070553100164,0.152109787216026,0.150595682691383,0.821503454571226,0.10929446899836,0.085403907091093,CBCsimpleAsymRW,CBCdriftDiffusionLR,0.5,0.78141106200328,0.448438965814252,1.40645440837882,0.799017361253342,2.69975170986194,0.5,82.9923416862509
CBC_1024,CBC_1024_MSI_TV_v3_Vset3_Tset1_2023-07-05_15h02.58.307.csv,1,23,3,1,z,0,1,2,tac,B,27,1,3B,1B,0,1,z,2.9683028999998,0,1,1,1,1B,3B,B31,3.63758615972639,0.999750476815302,0.275780517092874,0.5,0.5,0.275780517092874,0.994777787444546,0.275780517092874,0.5,0.275780517092874,0.5,0.976109438092733,0.152109787216026,0.5,0.5,0.275780517092874,0.901346585914786,0.66550212064979,0.33449787935021,0.994777787444546,0.5,0.202394144804217,0.671132314545684,0.00522221255545441,0.00408069465896449,CBCsimpleAsymRW,CBCdriftDiffusionLR,0.5,0.78141106200328,0.448438965814252,1.40645440837882,0.799017361253342,2.69975170986194,0.5,82.9923416862509
CBC_1024,CBC_1024_MSI_TV_v3_Vset3_Tset1_2023-07-05_15h02.58.307.csv,1,24,3,2,z,0,1,1,tac,C,63,1,3C,2C,0,1,z,4.71947979999914,0,1,1,1,2C,3C,C32,2.9704144655697,0.999750476815302,0.275780517092874,0.5,0.5,0.275780517092874,0.99885848210351,0.275780517092874,0.5,0.275780517092874,0.5,0.976109438092733,0.152109787216026,0.5,0.5,0.275780517092874,0.901346585914786,0.86517710051041,0.13482289948959,0.976109438092733,0.152109787216026,0.0572114107089532,0.82852360956902,0.0238905619072669,0.0186683493518125,CBCsimpleAsymRW,CBCdriftDiffusionLR,0.5,0.78141106200328,0.448438965814252,1.40645440837882,0.799017361253342,2.69975170986194,0.5,82.9923416862509
CBC_1024,CBC_1024_MSI_TV_v3_Vset3_Tset1_2023-07-05_15h02.58.307.csv,1,25,2,3,z,0,1,0,tac,D,63,1,2D,3D,0,1,z,3.03678779999973,0,1,1,1,3D,2D,D23,2.07944154167984,0.999750476815302,0.275780517092874,0.5,0.5,0.275780517092874,0.99885848210351,0.275780517092874,0.5,0.275780517092874,0.5,0.994777787444546,0.152109787216026,0.5,0.5,0.275780517092874,0.901346585914786,0.765717299017046,0.234282700982954,0.901346585914786,0.275780517092874,0.21880412009231,0.75889412634529,0.0986534140852143,0.0770888690705767,CBCsimpleAsymRW,CBCdriftDiffusionLR,0.5,0.78141106200328,0.448438965814252,1.40645440837882,0.799017361253342,2.69975170986194,0.5,82.9923416862509
CBC_1024,CBC_1024_MSI_TV_v3_Vset3_Tset1_2023-07-05_15h02.58.307.csv,1,26,1,0,b,1,0,2,tac,B,63,1,1B,0B,1,0,z,3.6252285999999,0,1,0,0,0B,1B,B10,2.6149597780362,0.999750476815302,0.275780517092874,0.5,0.5,0.275780517092874,0.99885848210351,0.275780517092874,0.5,0.275780517092874,0.5,0.994777787444546,0.152109787216026,0.5,0.5,0.275780517092874,0.978435454985362,0.216359704407871,0.783640295592129,0.275780517092874,0.99885848210351,0.0415943269641332,0.228055124120443,-0.275780517092874,-0.123670729876848,CBCsimpleAsymRW,CBCdriftDiffusionLR,0.5,0.78141106200328,0.448438965814252,1.40645440837882,0.799017361253342,2.69975170986194,0.5,82.9923416862509
CBC_1024,CBC_1024_MSI_TV_v3_Vset3_Tset1_2023-07-05_15h02.58.307.csv,1,27,0,3,b,1,0,3,tac,A,9,1,0A,3A,1,0,z,3.09589289999985,0,1,0,0,3A,0A,A03,3.73766961828337,0.999750476815302,0.275780517092874,0.5,0.5,0.152109787216026,0.99885848210351,0.275780517092874,0.5,0.275780517092874,0.5,0.994777787444546,0.152109787216026,0.5,0.5,0.275780517092874,0.978435454985362,0.333388792155441,0.666611207844559,0.5,0.999750476815302,0.0903343240644418,0.327917879196367,-0.5,-0.224219482907126,CBCsimpleAsymRW,CBCdriftDiffusionLR,0.5,0.78141106200328,0.448438965814252,1.40645440837882,0.799017361253342,2.69975170986194,0.5,82.9923416862509
CBC_1024,CBC_1024_MSI_TV_v3_Vset3_Tset1_2023-07-05_15h02.58.307.csv,1,28,2,3,z,0,1,0,tac,D,63,1,2D,3D,0,1,z,1.70505909999974,0,1,1,1,3D,2D,D23,1.96944064646551,0.999750476815302,0.275780517092874,0.5,0.275780517092874,0.152109787216026,0.99885848210351,0.275780517092874,0.5,0.275780517092874,0.5,0.994777787444546,0.152109787216026,0.5,0.5,0.275780517092874,0.978435454985362,0.780117202114796,0.219882797885204,0.978435454985362,0.275780517092874,0.277340387400898,0.770136828883297,0.0215645450146377,0.0168507740215056,CBCsimpleAsymRW,CBCdriftDiffusionLR,0.5,0.78141106200328,0.448438965814252,1.40645440837882,0.799017361253342,2.69975170986194,0.5,82.9923416862509
CBC_1024,CBC_1024_MSI_TV_v3_Vset3_Tset1_2023-07-05_15h02.58.307.csv,1,29,2,0,b,1,0,1,tac,C,27,1,2C,0C,1,0,b,2.59607629999937,1,0,1,1,2C,0C,C20,2.68557734525015,0.999750476815302,0.275780517092874,0.5,0.275780517092874,0.152109787216026,0.99885848210351,0.275780517092874,0.5,0.275780517092874,0.5,0.994777787444546,0.152109787216026,0.5,0.5,0.275780517092874,0.995286229006868,0.782945405883377,0.217054594116623,0.994777787444546,0.275780517092874,0.312520437373016,0.772174231870819,0.00522221255545441,0.00408069465896449,CBCsimpleAsymRW,CBCdriftDiffusionLR,0.5,0.78141106200328,0.448438965814252,1.40645440837882,0.799017361253342,2.69975170986194,0.5,82.9923416862509
CBC_1024,CBC_1024_MSI_TV_v3_Vset3_Tset1_2023-07-05_15h02.58.307.csv,1,30,1,0,z,0,1,3,tac,A,63,1,1A,0A,0,1,b,3.05066319999969,1,0,0,0,1A,0A,A10,3.11351530921037,0.999750476815302,0.275780517092874,0.5,0.275780517092874,0.152109787216026,0.99885848210351,0.275780517092874,0.5,0.275780517092874,0.5,0.99885848210351,0.152109787216026,0.5,0.5,0.275780517092874,0.995286229006868,0.216208401371646,0.783791598628354,0.275780517092874,0.999750476815302,0.0647773320007613,0.22709640848018,-0.275780517092874,-0.123670729876848,CBCsimpleAsymRW,CBCdriftDiffusionLR,0.5,0.78141106200328,0.448438965814252,1.40645440837882,0.799017361253342,2.69975170986194,0.5,82.9923416862509
CBC_1024,CBC_1024_MSI_TV_v3_Vset3_Tset1_2023-07-05_15h02.58.307.csv,1,31,1,0,b,1,0,2,tac,B,63,1,1B,0B,1,0,b,2.11603370000012,1,0,1,1,1B,0B,B10,2.4423470353692,0.999750476815302,0.152109787216026,0.5,0.275780517092874,0.152109787216026,0.99885848210351,0.275780517092874,0.5,0.275780517092874,0.5,0.99885848210351,0.152109787216026,0.5,0.5,0.275780517092874,0.995286229006868,0.867841893412097,0.132158106587903,0.99885848210351,0.152109787216026,0.488081944011117,0.830277198316041,0.00114151789648986,0.000891994711791894,CBCsimpleAsymRW,CBCdriftDiffusionLR,0.5,0.78141106200328,0.448438965814252,1.40645440837882,0.799017361253342,2.69975170986194,0.5,82.9923416862509
CBC_1024,CBC_1024_MSI_TV_v3_Vset3_Tset1_2023-07-05_15h02.58.307.csv,1,32,3,1,b,1,0,0,tac,D,27,1,3D,1D,1,0,b,4.7946138999996,1,0,1,1,3D,1D,D31,3.85014760171006,0.999750476815302,0.152109787216026,0.5,0.275780517092874,0.152109787216026,0.999750476815302,0.275780517092874,0.5,0.275780517092874,0.5,0.99885848210351,0.152109787216026,0.5,0.5,0.275780517092874,0.995286229006868,0.665615859826324,0.334384140173676,0.995286229006868,0.5,0.0551824095882298,0.671191947340243,0.00471377099313208,0.0036833927977836,CBCsimpleAsymRW,CBCdriftDiffusionLR,0.5,0.78141106200328,0.448438965814252,1.40645440837882,0.799017361253342,2.69975170986194,0.5,82.9923416862509
CBC_1024,CBC_1024_MSI_TV_v3_Vset3_Tset1_2023-07-05_15h02.58.307.csv,1,33,3,2,z,0,1,1,tac,C,63,1,3C,2C,0,1,b,2.80866679999963,1,0,0,0,3C,2C,C32,2.77258872223978,0.999750476815302,0.152109787216026,0.5,0.275780517092874,0.152109787216026,0.999750476815302,0.275780517092874,0.5,0.275780517092874,0.5,0.99885848210351,0.152109787216026,0.5,0.5,0.275780517092874,0.998969621804652,0.132158106587903,0.867841893412097,0.152109787216026,0.99885848210351,0.0589912967160111,0.169433963929027,-0.152109787216026,-0.0682119556693806,CBCsimpleAsymRW,CBCdriftDiffusionLR,0.5,0.78141106200328,0.448438965814252,1.40645440837882,0.799017361253342,2.69975170986194,0.5,82.9923416862509
CBC_1024,CBC_1024_MSI_TV_v3_Vset3_Tset1_2023-07-05_15h02.58.307.csv,1,34,1,0,b,1,0,2,tac,B,63,1,1B,0B,1,0,b,1.93156409999938,1,0,1,1,1B,0B,B10,2.28238238567653,0.999750476815302,0.152109787216026,0.5,0.275780517092874,0.152109787216026,0.999750476815302,0.275780517092874,0.5,0.275780517092874,0.5,0.99885848210351,0.0838978315466452,0.5,0.5,0.275780517092874,0.998969621804652,0.867944235975581,0.132055764024419,0.999750476815302,0.152109787216026,0.504669547148954,0.830599995436535,0.000249523184697953,0.000194980176749268,CBCsimpleAsymRW,CBCdriftDiffusionLR,0.5,0.78141106200328,0.448438965814252,1.40645440837882,0.799017361253342,2.69975170986194,0.5,82.9923416862509
CBC_1024,CBC_1024_MSI_TV_v3_Vset3_Tset1_2023-07-05_15h02.58.307.csv,1,35,0,1,b,1,0,3,tac,A,63,1,0A,1A,1,0,b,3.21657129999949,1,0,1,1,0A,1A,A01,2.52572864430826,0.999750476815302,0.152109787216026,0.5,0.275780517092874,0.152109787216026,0.999945456992051,0.275780517092874,0.5,0.275780517092874,0.5,0.99885848210351,0.0838978315466452,0.5,0.5,0.275780517092874,0.998969621804652,0.867944235975581,0.132055764024419,0.999750476815302,0.152109787216026,0.204541115336646,0.829599385965605,0.000249523184697953,0.000194980176749268,CBCsimpleAsymRW,CBCdriftDiffusionLR,0.5,0.78141106200328,0.448438965814252,1.40645440837882,0.799017361253342,2.69975170986194,0.5,82.9923416862509
CBC_1024,CBC_1024_MSI_TV_v3_Vset3_Tset1_2023-07-05_15h02.58.307.csv,1,36,1,2,z,0,1,1,tac,C,9,1,1C,2C,0,1,b,4.14358640000046,1,0,0,0,1C,2C,C12,3.93182563272433,0.999945456992051,0.152109787216026,0.5,0.275780517092874,0.152109787216026,0.999945456992051,0.275780517092874,0.5,0.275780517092874,0.5,0.99885848210351,0.0838978315466452,0.5,0.5,0.275780517092874,0.998969621804652,0.333587197170407,0.666412802829593,0.5,0.99885848210351,0.0427773695786142,0.327497026152169,-0.5,-0.224219482907126,CBCsimpleAsymRW,CBCdriftDiffusionLR,0.5,0.78141106200328,0.448438965814252,1.40645440837882,0.799017361253342,2.69975170986194,0.5,82.9923416862509
CBC_1024,CBC_1024_MSI_TV_v3_Vset3_Tset1_2023-07-05_15h02.58.307.csv,1,37,1,0,z,0,1,3,tac,A,63,1,1A,0A,0,1,b,3.05263090000062,1,0,0,0,1A,0A,A10,2.85263142991332,0.999945456992051,0.152109787216026,0.5,0.275780517092874,0.152109787216026,0.999945456992051,0.275780517092874,0.5,0.275780517092874,0.275780517092874,0.99885848210351,0.0838978315466452,0.5,0.5,0.275780517092874,0.998969621804652,0.132033414179357,0.867966585820643,0.152109787216026,0.999945456992051,0.0481334583184648,0.169917602140619,-0.152109787216026,-0.0682119556693806,CBCsimpleAsymRW,CBCdriftDiffusionLR,0.5,0.78141106200328,0.448438965814252,1.40645440837882,0.799017361253342,2.69975170986194,0.5,82.9923416862509
CBC_1024,CBC_1024_MSI_TV_v3_Vset3_Tset1_2023-07-05_15h02.58.307.csv,1,38,3,1,b,1,0,0,tac,D,27,1,3D,1D,1,0,b,2.61811339999986,1,0,1,1,3D,1D,D31,3.27714473299218,0.999945456992051,0.0838978315466452,0.5,0.275780517092874,0.152109787216026,0.999945456992051,0.275780517092874,0.5,0.275780517092874,0.275780517092874,0.99885848210351,0.0838978315466452,0.5,0.5,0.275780517092874,0.998969621804652,0.666437536340439,0.333562463659561,0.998969621804652,0.5,0.259140792945983,0.671967825070983,0.00103037819534846,0.000805148919892262,CBCsimpleAsymRW,CBCdriftDiffusionLR,0.5,0.78141106200328,0.448438965814252,1.40645440837882,0.799017361253342,2.69975170986194,0.5,82.9923416862509
CBC_1024,CBC_1024_MSI_TV_v3_Vset3_Tset1_2023-07-05_15h02.58.307.csv,1,39,0,1,z,0,1,2,tac,B,63,1,0B,1B,0,1,z,2.19094229999973,0,1,1,1,1B,0B,B01,3.29583686600433,0.999945456992051,0.0838978315466452,0.5,0.275780517092874,0.152109787216026,0.999945456992051,0.275780517092874,0.5,0.275780517092874,0.275780517092874,0.99885848210351,0.0838978315466452,0.5,0.5,0.275780517092874,0.999774770724544,0.867966585820643,0.132033414179357,0.999945456992051,0.152109787216026,0.468318571719542,0.830159598451831,5.45430079487152e-05,4.26205097660589e-05,CBCsimpleAsymRW,CBCdriftDiffusionLR,0.5,0.78141106200328,0.448438965814252,1.40645440837882,0.799017361253342,2.69975170986194,0.5,82.9923416862509
CBC_1024,CBC_1024_MSI_TV_v3_Vset3_Tset1_2023-07-05_15h02.58.307.csv,1,40,2,3,b,1,0,1,tac,C,63,0,2C,3C,0,1,b,2.82566680000036,1,0,1,0,2C,3C,C23,2.90872089656436,0.999945456992051,0.0838978315466452,0.5,0.275780517092874,0.152109787216026,0.999988077501817,0.275780517092874,0.5,0.275780517092874,0.275780517092874,0.99885848210351,0.0838978315466452,0.5,0.5,0.275780517092874,0.999774770724544,0.9225145764666,0.0774854235334,0.99885848210351,0.0838978315466452,0.296292572259579,0.860505955604918,-0.99885848210351,-0.447927064709292,CBCsimpleAsymRW,CBCdriftDiffusionLR,0.5,0.78141106200328,0.448438965814252,1.40645440837882,0.799017361253342,2.69975170986194,0.5,82.9923416862509
CBC_1024,CBC_1024_MSI_TV_v3_Vset3_Tset1_2023-07-05_15h02.58.307.csv,1,41,2,0,z,0,1,3,tac,A,27,1,2A,0A,0,1,z,2.55977339999936,0,1,1,1,0A,2A,A20,3.3322045101752,0.999945456992051,0.0838978315466452,0.5,0.275780517092874,0.152109787216026,0.999988077501817,0.275780517092874,0.5,0.275780517092874,0.275780517092874,0.550931417394218,0.0838978315466452,0.5,0.5,0.275780517092874,0.999774770724544,0.666654545557486,0.333345454442514,0.999945456992051,0.5,0.269982768129937,0.672544615189668,5.45430079487152e-05,4.26205097660589e-05,CBCsimpleAsymRW,CBCdriftDiffusionLR,0.5,0.78141106200328,0.448438965814252,1.40645440837882,0.799017361253342,2.69975170986194,0.5,82.9923416862509
CBC_1024,CBC_1024_MSI_TV_v3_Vset3_Tset1_2023-07-05_15h02.58.307.csv,1,42,3,2,b,1,0,0,tac,D,63,1,3D,2D,1,0,b,2.15758559999904,1,0,1,1,3D,2D,D32,4.04305126783455,0.999988077501817,0.0838978315466452,0.5,0.275780517092874,0.152109787216026,0.999988077501817,0.275780517092874,0.5,0.275780517092874,0.275780517092874,0.550931417394218,0.0838978315466452,0.5,0.5,0.275780517092874,0.999774770724544,0.783795716479873,0.216204283520127,0.999774770724544,0.275780517092874,0.419832641215266,0.772809815623828,0.000225229275456207,0.000175996647328464,CBCsimpleAsymRW,CBCdriftDiffusionLR,0.5,0.78141106200328,0.448438965814252,1.40645440837882,0.799017361253342,2.69975170986194,0.5,82.9923416862509
CBC_1024,CBC_1024_MSI_TV_v3_Vset3_Tset1_2023-07-05_15h02.58.307.csv,1,43,3,1,z,0,1,2,tac,B,27,1,3B,1B,0,1,b,2.94464609999977,1,0,0,0,3B,1B,B31,3.36729582998647,0.999988077501817,0.0838978315466452,0.5,0.275780517092874,0.152109787216026,0.999988077501817,0.275780517092874,0.5,0.275780517092874,0.275780517092874,0.550931417394218,0.0838978315466452,0.5,0.5,0.275780517092874,0.999950767371872,0.333335982798433,0.666664017201567,0.5,0.999988077501817,0.100365894128378,0.327229836391239,-0.5,-0.224219482907126,CBCsimpleAsymRW,CBCdriftDiffusionLR,0.5,0.78141106200328,0.448438965814252,1.40645440837882,0.799017361253342,2.69975170986194,0.5,82.9923416862509
CBC_1024,CBC_1024_MSI_TV_v3_Vset3_Tset1_2023-07-05_15h02.58.307.csv,1,44,2,3,b,1,0,1,tac,C,63,1,2C,3C,1,0,b,3.09665009999935,1,0,1,1,2C,3C,C23,2.69124308278583,0.999988077501817,0.0838978315466452,0.5,0.275780517092874,0.152109787216026,0.999988077501817,0.275780517092874,0.275780517092874,0.275780517092874,0.275780517092874,0.550931417394218,0.0838978315466452,0.5,0.5,0.275780517092874,0.999950767371872,0.867841893412097,0.132158106587903,0.550931417394218,0.0838978315466452,0.226565856769245,0.83025586068402,0.449068582605782,0.350907158046292,CBCsimpleAsymRW,CBCdriftDiffusionLR,0.5,0.78141106200328,0.448438965814252,1.40645440837882,0.799017361253342,2.69975170986194,0.5,82.9923416862509
CBC_1024,CBC_1024_MSI_AV_v3_Vset6_Aset3_2023-07-05_15h12.04.977.csv,2,1,1,0,b,1,0,2,aud,B,63,1,1B,0B,1,0,b,2.51695930000005,1,0,1,1,1B,0B,B10,2.77258872223978,0.5,0.5,0.5,0.5,0.5,0.5,0.5,0.5,0.5,0.5,0.5,0.5,0.5,0.5,0.5,0.5,0.5,0.5,0.5,0.5,0.174132659817779,0.499854967992967,0.5,0.0896059091385757,CBCsimpleAsymRW,CBCdriftDiffusionLR,0.5,0.179211818277151,0.0121799803913155,1.17692247934678,2.17226224966211,2.64982735940722,0.5,77.258608050759
CBC_1024,CBC_1024_MSI_AV_v3_Vset6_Aset3_2023-07-05_15h12.04.977.csv,2,2,0,1,b,1,0,3,aud,A,63,1,0A,1A,1,0,b,1.8277920999999,1,0,1,1,0A,1A,A01,2.83321334405622,0.5,0.5,0.5,0.5,0.5,0.589605909138576,0.5,0.5,0.5,0.5,0.5,0.5,0.5,0.5,0.5,0.5,0.5,0.5,0.5,0.5,0.261971080057712,0.501232453688785,0.5,0.0896059091385757,CBCsimpleAsymRW,CBCdriftDiffusionLR,0.5,0.179211818277151,0.0121799803913155,1.17692247934678,2.17226224966211,2.64982735940722,0.5,77.258608050759
CBC_1024,CBC_1024_MSI_AV_v3_Vset6_Aset3_2023-07-05_15h12.04.977.csv,2,3,1,2,z,0,1,1,aud,C,9,1,1C,2C,0,1,z,2.34975050000048,0,1,1,1,2C,1C,C12,2.89037175789616,0.589605909138576,0.5,0.5,0.5,0.5,0.589605909138576,0.5,0.5,0.5,0.5,0.5,0.5,0.5,0.5,0.5,0.5,0.5,0.5,0.5,0.5,0.195026784015207,0.499012211144045,0.5,0.0896059091385757,CBCsimpleAsymRW,CBCdriftDiffusionLR,0.5,0.179211818277151,0.0121799803913155,1.17692247934678,2.17226224966211,2.64982735940722,0.5,77.258608050759
CBC_1024,CBC_1024_MSI_AV_v3_Vset6_Aset3_2023-07-05_15h12.04.977.csv,2,4,1,0,z,0,1,3,aud,A,63,1,1A,0A,0,1,b,1.78842370000075,1,0,0,0,1A,0A,A10,2.94443897916644,0.589605909138576,0.5,0.5,0.5,0.5,0.589605909138576,0.5,0.5,0.5,0.5,0.589605909138576,0.5,0.5,0.5,0.5,0.5,0.458881505511742,0.541118494488258,0.5,0.589605909138576,0.205699733971446,0.383944049914307,-0.5,-0.00608999019565776,CBCsimpleAsymRW,CBCdriftDiffusionLR,0.5,0.179211818277151,0.0121799803913155,1.17692247934678,2.17226224966211,2.64982735940722,0.5,77.258608050759
CBC_1024,CBC_1024_MSI_AV_v3_Vset6_Aset3_2023-07-05_15h12.04.977.csv,2,5,3,1,b,1,0,0,aud,D,27,1,3D,1D,1,0,b,1.88471000000027,1,0,1,1,3D,1D,D31,2.99573227355399,0.589605909138576,0.493910009804342,0.5,0.5,0.5,0.589605909138576,0.5,0.5,0.5,0.5,0.589605909138576,0.5,0.5,0.5,0.5,0.5,0.5,0.5,0.5,0.5,0.256647268944602,0.499663967290284,0.5,0.0896059091385757,CBCsimpleAsymRW,CBCdriftDiffusionLR,0.5,0.179211818277151,0.0121799803913155,1.17692247934678,2.17226224966211,2.64982735940722,0.5,77.258608050759
CBC_1024,CBC_1024_MSI_AV_v3_Vset6_Aset3_2023-07-05_15h12.04.977.csv,2,6,0,1,z,0,1,2,aud,B,63,1,0B,1B,0,1,z,2.08697530000063,0,1,1,1,1B,0B,B01,3.04452243772342,0.589605909138576,0.493910009804342,0.5,0.5,0.5,0.589605909138576,0.5,0.5,0.5,0.5,0.589605909138576,0.5,0.5,0.5,0.5,0.589605909138576,0.541118494488258,0.458881505511742,0.589605909138576,0.5,0.289604199321893,0.61650146147009,0.410394090861424,0.0735474712334743,CBCsimpleAsymRW,CBCdriftDiffusionLR,0.5,0.179211818277151,0.0121799803913155,1.17692247934678,2.17226224966211,2.64982735940722,0.5,77.258608050759
CBC_1024,CBC_1024_MSI_AV_v3_Vset6_Aset3_2023-07-05_15h12.04.977.csv,2,7,2,3,b,1,0,1,aud,C,63,1,2C,3C,1,0,z,1.90472300000056,0,1,0,0,3C,2C,C23,3.09104245335832,0.589605909138576,0.493910009804342,0.5,0.5,0.5,0.66315338037205,0.5,0.5,0.5,0.5,0.589605909138576,0.5,0.5,0.5,0.5,0.589605909138576,0.458881505511742,0.541118494488258,0.5,0.589605909138576,0.198254080018901,0.382633314388689,-0.5,-0.00608999019565776,CBCsimpleAsymRW,CBCdriftDiffusionLR,0.5,0.179211818277151,0.0121799803913155,1.17692247934678,2.17226224966211,2.64982735940722,0.5,77.258608050759
CBC_1024,CBC_1024_MSI_AV_v3_Vset6_Aset3_2023-07-05_15h12.04.977.csv,2,8,2,0,z,0,1,3,aud,A,27,1,2A,0A,0,1,b,2.55976890000056,1,0,0,0,2A,0A,A20,3.13549421592915,0.589605909138576,0.493910009804342,0.5,0.5,0.5,0.66315338037205,0.5,0.5,0.5,0.5,0.589605909138576,0.493910009804342,0.5,0.5,0.5,0.589605909138576,0.458881505511742,0.541118494488258,0.5,0.589605909138576,0.13070956938709,0.384363037971192,-0.5,-0.00608999019565776,CBCsimpleAsymRW,CBCdriftDiffusionLR,0.5,0.179211818277151,0.0121799803913155,1.17692247934678,2.17226224966211,2.64982735940722,0.5,77.258608050759
CBC_1024,CBC_1024_MSI_AV_v3_Vset6_Aset3_2023-07-05_15h12.04.977.csv,2,9,3,2,b,1,0,0,aud,D,63,1,3D,2D,1,0,b,1.67244860000028,1,0,1,1,3D,2D,D32,3.17805383034795,0.589605909138576,0.493910009804342,0.493910009804342,0.5,0.5,0.66315338037205,0.5,0.5,0.5,0.5,0.589605909138576,0.493910009804342,0.5,0.5,0.5,0.589605909138576,0.541118494488258,0.458881505511742,0.589605909138576,0.5,0.324399628268908,0.616727523617031,0.410394090861424,0.0735474712334743,CBCsimpleAsymRW,CBCdriftDiffusionLR,0.5,0.179211818277151,0.0121799803913155,1.17692247934678,2.17226224966211,2.64982735940722,0.5,77.258608050759
CBC_1024,CBC_1024_MSI_AV_v3_Vset6_Aset3_2023-07-05_15h12.04.977.csv,2,10,3,1,z,0,1,2,aud,B,27,1,3B,1B,0,1,z,2.97769440000047,0,1,1,1,1B,3B,B31,3.2188758248682,0.589605909138576,0.493910009804342,0.493910009804342,0.5,0.5,0.66315338037205,0.5,0.5,0.5,0.5,0.589605909138576,0.493910009804342,0.5,0.5,0.5,0.66315338037205,0.570134078241626,0.429865921758374,0.66315338037205,0.5,0.173718830397569,0.691224803684413,0.33684661962795,0.0603668951840369,CBCsimpleAsymRW,CBCdriftDiffusionLR,0.5,0.179211818277151,0.0121799803913155,1.17692247934678,2.17226224966211,2.64982735940722,0.5,77.258608050759
CBC_1024,CBC_1024_MSI_AV_v3_Vset6_Aset3_2023-07-05_15h12.04.977.csv,2,11,3,2,z,0,1,1,aud,C,63,1,3C,2C,0,1,z,3.49576490000072,0,1,1,1,2C,3C,C32,3.25809653802148,0.589605909138576,0.493910009804342,0.493910009804342,0.5,0.5,0.723520275556087,0.5,0.5,0.5,0.5,0.589605909138576,0.493910009804342,0.5,0.5,0.5,0.66315338037205,0.544159895420639,0.455840104579361,0.589605909138576,0.493910009804342,0.108174743177287,0.623325059057081,0.410394090861424,0.0735474712334743,CBCsimpleAsymRW,CBCdriftDiffusionLR,0.5,0.179211818277151,0.0121799803913155,1.17692247934678,2.17226224966211,2.64982735940722,0.5,77.258608050759
CBC_1024,CBC_1024_MSI_AV_v3_Vset6_Aset3_2023-07-05_15h12.04.977.csv,2,12,1,3,b,1,0,2,aud,B,27,1,1B,3B,1,0,b,2.32929349999995,1,0,1,1,1B,3B,B13,3.29583686600433,0.589605909138576,0.493910009804342,0.493910009804342,0.5,0.5,0.723520275556087,0.5,0.5,0.5,0.5,0.66315338037205,0.493910009804342,0.5,0.5,0.5,0.66315338037205,0.591343102366856,0.408656897633144,0.723520275556087,0.5,0.306464118883585,0.7417022914188,0.276479724443913,0.0495484341343594,CBCsimpleAsymRW,CBCdriftDiffusionLR,0.5,0.179211818277151,0.0121799803913155,1.17692247934678,2.17226224966211,2.64982735940722,0.5,77.258608050759
CBC_1024,CBC_1024_MSI_AV_v3_Vset6_Aset3_2023-07-05_15h12.04.977.csv,2,13,3,2,z,0,1,1,aud,C,63,1,3C,2C,0,1,b,3.50138030000016,1,0,0,0,3C,2C,C32,2.63905732961526,0.589605909138576,0.493910009804342,0.493910009804342,0.5,0.5,0.773068709690446,0.5,0.5,0.5,0.5,0.66315338037205,0.493910009804342,0.5,0.5,0.5,0.66315338037205,0.426865125971228,0.573134874028772,0.493910009804342,0.66315338037205,0.0510061183166881,0.301233935636876,-0.493910009804342,-0.00601581423449134,CBCsimpleAsymRW,CBCdriftDiffusionLR,0.5,0.179211818277151,0.0121799803913155,1.17692247934678,2.17226224966211,2.64982735940722,0.5,77.258608050759
CBC_1024,CBC_1024_MSI_AV_v3_Vset6_Aset3_2023-07-05_15h12.04.977.csv,2,14,3,2,b,1,0,0,aud,D,63,1,3D,2D,1,0,b,3.25212519999968,1,0,1,1,3D,2D,D32,2.67414864942653,0.589605909138576,0.493910009804342,0.493910009804342,0.5,0.5,0.773068709690446,0.5,0.5,0.5,0.5,0.66315338037205,0.487894195569851,0.5,0.5,0.5,0.66315338037205,0.570134078241626,0.429865921758374,0.66315338037205,0.5,0.141524390126004,0.691633614434985,0.33684661962795,0.0603668951840369,CBCsimpleAsymRW,CBCdriftDiffusionLR,0.5,0.179211818277151,0.0121799803913155,1.17692247934678,2.17226224966211,2.64982735940722,0.5,77.258608050759
CBC_1024,CBC_1024_MSI_AV_v3_Vset6_Aset3_2023-07-05_15h12.04.977.csv,2,15,0,3,b,1,0,3,aud,A,9,1,0A,3A,1,0,b,2.4294187000005,1,0,1,1,0A,3A,A03,3.40119738166216,0.589605909138576,0.493910009804342,0.493910009804342,0.5,0.5,0.773068709690446,0.5,0.5,0.5,0.5,0.66315338037205,0.487894195569851,0.5,0.5,0.5,0.723520275556087,0.541118494488258,0.458881505511742,0.589605909138576,0.5,0.229745620848379,0.615989510648914,0.410394090861424,0.0735474712334743,CBCsimpleAsymRW,CBCdriftDiffusionLR,0.5,0.179211818277151,0.0121799803913155,1.17692247934678,2.17226224966211,2.64982735940722,0.5,77.258608050759
CBC_1024,CBC_1024_MSI_AV_v3_Vset6_Aset3_2023-07-05_15h12.04.977.csv,2,16,0,1,z,0,1,2,aud,B,63,0,0B,1B,1,0,z,1.73242870000013,0,1,1,0,1B,0B,B01,2.7408400239252,0.66315338037205,0.493910009804342,0.493910009804342,0.5,0.5,0.773068709690446,0.5,0.5,0.5,0.5,0.66315338037205,0.487894195569851,0.5,0.5,0.5,0.723520275556087,0.607248221408585,0.392751778591415,0.773068709690446,0.5,0.459824186444475,0.775432554829376,-0.773068709690446,-0.00941596172516922,CBCsimpleAsymRW,CBCdriftDiffusionLR,0.5,0.179211818277151,0.0121799803913155,1.17692247934678,2.17226224966211,2.64982735940722,0.5,77.258608050759
CBC_1024,CBC_1024_MSI_AV_v3_Vset6_Aset3_2023-07-05_15h12.04.977.csv,2,17,2,3,z,0,1,0,aud,D,63,1,2D,3D,0,1,b,2.74843070000043,1,0,0,0,2D,3D,D23,3.46573590279973,0.66315338037205,0.493910009804342,0.493910009804342,0.5,0.5,0.763652747965277,0.5,0.5,0.5,0.5,0.66315338037205,0.487894195569851,0.5,0.5,0.5,0.723520275556087,0.408656897633144,0.591343102366856,0.5,0.723520275556087,0.0776849039151211,0.259863470285665,-0.5,-0.00608999019565776,CBCsimpleAsymRW,CBCdriftDiffusionLR,0.5,0.179211818277151,0.0121799803913155,1.17692247934678,2.17226224966211,2.64982735940722,0.5,77.258608050759
CBC_1024,CBC_1024_MSI_AV_v3_Vset6_Aset3_2023-07-05_15h12.04.977.csv,2,18,0,2,z,0,1,1,aud,C,27,1,0C,2C,0,1,z,2.50214380000125,0,1,1,1,2C,0C,C02,3.49650756146648,0.66315338037205,0.493910009804342,0.493910009804342,0.5,0.5,0.763652747965277,0.5,0.5,0.5,0.5,0.66315338037205,0.487894195569851,0.5,0.5,0.493910009804342,0.723520275556087,0.570134078241626,0.429865921758374,0.66315338037205,0.5,0.247685127817611,0.691307103741643,0.33684661962795,0.0603668951840369,CBCsimpleAsymRW,CBCdriftDiffusionLR,0.5,0.179211818277151,0.0121799803913155,1.17692247934678,2.17226224966211,2.64982735940722,0.5,77.258608050759
CBC_1024,CBC_1024_MSI_AV_v3_Vset6_Aset3_2023-07-05_15h12.04.977.csv,2,19,0,1,b,1,0,3,aud,A,63,1,0A,1A,1,0,z,3.66726830000061,0,1,0,0,1A,0A,A01,2.83321334405622,0.66315338037205,0.493910009804342,0.493910009804342,0.5,0.5,0.763652747965277,0.5,0.5,0.5,0.5,0.723520275556087,0.487894195569851,0.5,0.5,0.493910009804342,0.723520275556087,0.426865125971228,0.573134874028772,0.493910009804342,0.66315338037205,0.0450259760208679,0.301297326028612,-0.493910009804342,-0.00601581423449134,CBCsimpleAsymRW,CBCdriftDiffusionLR,0.5,0.179211818277151,0.0121799803913155,1.17692247934678,2.17226224966211,2.64982735940722,0.5,77.258608050759
CBC_1024,CBC_1024_MSI_AV_v3_Vset6_Aset3_2023-07-05_15h12.04.977.csv,2,20,1,0,b,1,0,2,aud,B,63,1,1B,0B,1,0,z,2.14851430000181,0,1,0,0,0B,1B,B10,2.86220088092947,0.66315338037205,0.487894195569851,0.493910009804342,0.5,0.5,0.763652747965277,0.5,0.5,0.5,0.5,0.723520275556087,0.487894195569851,0.5,0.5,0.493910009804342,0.723520275556087,0.395678322866069,0.604321677133931,0.5,0.763652747965277,0.110682099720556,0.231059040278775,-0.5,-0.00608999019565776,CBCsimpleAsymRW,CBCdriftDiffusionLR,0.5,0.179211818277151,0.0121799803913155,1.17692247934678,2.17226224966211,2.64982735940722,0.5,77.258608050759
CBC_1024,CBC_1024_MSI_AV_v3_Vset6_Aset3_2023-07-05_15h12.04.977.csv,2,21,1,3,z,0,1,0,aud,D,27,1,1D,3D,0,1,z,3.08576850000009,0,1,1,1,3D,1D,D13,3.58351893845611,0.66315338037205,0.487894195569851,0.493910009804342,0.5,0.493910009804342,0.763652747965277,0.5,0.5,0.5,0.5,0.723520275556087,0.487894195569851,0.5,0.5,0.493910009804342,0.723520275556087,0.591343102366856,0.408656897633144,0.723520275556087,0.5,0.170281856001826,0.741159705893347,0.276479724443913,0.0495484341343594,CBCsimpleAsymRW,CBCdriftDiffusionLR,0.5,0.179211818277151,0.0121799803913155,1.17692247934678,2.17226224966211,2.64982735940722,0.5,77.258608050759
CBC_1024,CBC_1024_MSI_AV_v3_Vset6_Aset3_2023-07-05_15h12.04.977.csv,2,22,3,2,z,0,1,1,aud,C,63,1,3C,2C,0,1,b,3.14713800000118,1,0,0,0,3C,2C,C32,2.51230562397611,0.66315338037205,0.487894195569851,0.493910009804342,0.5,0.493910009804342,0.763652747965277,0.5,0.5,0.5,0.5,0.723520275556087,0.487894195569851,0.5,0.5,0.493910009804342,0.773068709690446,0.40274753785662,0.59725246214338,0.487894195569851,0.723520275556087,0.0536609950823584,0.245988898548283,-0.487894195569851,-0.00594254173507744,CBCsimpleAsymRW,CBCdriftDiffusionLR,0.5,0.179211818277151,0.0121799803913155,1.17692247934678,2.17226224966211,2.64982735940722,0.5,77.258608050759
CBC_1024,CBC_1024_MSI_AV_v3_Vset6_Aset3_2023-07-05_15h12.04.977.csv,2,23,0,1,b,1,0,3,aud,A,63,1,0A,1A,1,0,b,2.65558060000058,1,0,1,1,0A,1A,A01,2.53897387105828,0.66315338037205,0.487894195569851,0.493910009804342,0.5,0.493910009804342,0.763652747965277,0.5,0.5,0.5,0.5,0.723520275556087,0.481951653834773,0.5,0.5,0.493910009804342,0.773068709690446,0.576130295769393,0.423869704230607,0.66315338037205,0.487894195569851,0.225504518244083,0.704407020918102,0.33684661962795,0.0603668951840369,CBCsimpleAsymRW,CBCdriftDiffusionLR,0.5,0.179211818277151,0.0121799803913155,1.17692247934678,2.17226224966211,2.64982735940722,0.5,77.258608050759
CBC_1024,CBC_1024_MSI_AV_v3_Vset6_Aset3_2023-07-05_15h12.04.977.csv,2,24,2,3,z,0,1,0,aud,D,63,1,2D,3D,0,1,b,4.77649889999975,1,0,0,0,2D,3D,D23,2.9704144655697,0.723520275556087,0.487894195569851,0.493910009804342,0.5,0.493910009804342,0.763652747965277,0.5,0.5,0.5,0.5,0.723520275556087,0.481951653834773,0.5,0.5,0.493910009804342,0.773068709690446,0.389832916847483,0.610167083152517,0.493910009804342,0.773068709690446,0.0125132303830445,0.219482153964594,-0.493910009804342,-0.00601581423449134,CBCsimpleAsymRW,CBCdriftDiffusionLR,0.5,0.179211818277151,0.0121799803913155,1.17692247934678,2.17226224966211,2.64982735940722,0.5,77.258608050759
CBC_1024,CBC_1024_MSI_AV_v3_Vset6_Aset3_2023-07-05_15h12.04.977.csv,2,25,2,0,b,1,0,1,aud,C,27,1,2C,0C,1,0,b,4.09002860000055,1,0,1,1,2C,0C,C20,3.68887945411394,0.723520275556087,0.487894195569851,0.493910009804342,0.5,0.493910009804342,0.763652747965277,0.5,0.5,0.5,0.5,0.723520275556087,0.481951653834773,0.5,0.5,0.487894195569851,0.773068709690446,0.591343102366856,0.408656897633144,0.723520275556087,0.5,0.0776775095953175,0.741122954655339,0.276479724443913,0.0495484341343594,CBCsimpleAsymRW,CBCdriftDiffusionLR,0.5,0.179211818277151,0.0121799803913155,1.17692247934678,2.17226224966211,2.64982735940722,0.5,77.258608050759
CBC_1024,CBC_1024_MSI_AV_v3_Vset6_Aset3_2023-07-05_15h12.04.977.csv,2,26,0,1,b,1,0,3,aud,A,63,1,0A,1A,NaN,NaN,[],NaN,NaN,NaN,NaN,NaN,,,A01,2.32727770558442,0.723520275556087,0.487894195569851,0.493910009804342,0.5,0.493910009804342,0.763652747965277,0.5,0.5,0.5,0.5,0.773068709690446,0.481951653834773,0.5,0.5,0.487894195569851,0.773068709690446,0,0,0,0,NaN,0,0,0,CBCsimpleAsymRW,CBCdriftDiffusionLR,0.5,0.179211818277151,0.0121799803913155,1.17692247934678,2.17226224966211,2.64982735940722,0.5,77.258608050759
CBC_1024,CBC_1024_MSI_AV_v3_Vset6_Aset3_2023-07-05_15h12.04.977.csv,2,27,1,3,b,1,0,2,aud,B,27,1,1B,3B,1,0,b,2.61020760000156,1,0,1,1,1B,3B,B13,3.04452243772342,0.723520275556087,0.487894195569851,0.493910009804342,0.5,0.493910009804342,0.763652747965277,0.5,0.5,0.5,0.5,0.773068709690446,0.481951653834773,0.5,0.5,0.487894195569851,0.773068709690446,0.604321677133931,0.395678322866069,0.763652747965277,0.5,0.257097620528365,0.769361634477137,0.236347252034723,0.0423562207819509,CBCsimpleAsymRW,CBCdriftDiffusionLR,0.5,0.179211818277151,0.0121799803913155,1.17692247934678,2.17226224966211,2.64982735940722,0.5,77.258608050759
CBC_1024,CBC_1024_MSI_AV_v3_Vset6_Aset3_2023-07-05_15h12.04.977.csv,2,28,3,2,z,0,1,1,aud,C,63,1,3C,2C,0,1,z,3.1248072999997,0,1,1,1,2C,3C,C32,2.37490575457367,0.723520275556087,0.487894195569851,0.493910009804342,0.5,0.493910009804342,0.806008968747228,0.5,0.5,0.5,0.5,0.773068709690446,0.481951653834773,0.5,0.5,0.487894195569851,0.773068709690446,0.615981008880986,0.384018991119014,0.773068709690446,0.481951653834773,0.17317656444658,0.791104946920676,0.226931290309554,0.0406687691603552,CBCsimpleAsymRW,CBCdriftDiffusionLR,0.5,0.179211818277151,0.0121799803913155,1.17692247934678,2.17226224966211,2.64982735940722,0.5,77.258608050759
CBC_1024,CBC_1024_MSI_AV_v3_Vset6_Aset3_2023-07-05_15h12.04.977.csv,2,29,3,2,b,1,0,0,aud,D,63,1,3D,2D,1,0,b,2.3231053999998,1,0,1,1,3D,2D,D32,2.68557734525015,0.723520275556087,0.487894195569851,0.493910009804342,0.5,0.493910009804342,0.806008968747228,0.5,0.5,0.5,0.5,0.813737478850801,0.481951653834773,0.5,0.5,0.487894195569851,0.773068709690446,0.613078074275995,0.386921925724006,0.773068709690446,0.487894195569851,0.332217202892019,0.786156965169255,0.226931290309554,0.0406687691603552,CBCsimpleAsymRW,CBCdriftDiffusionLR,0.5,0.179211818277151,0.0121799803913155,1.17692247934678,2.17226224966211,2.64982735940722,0.5,77.258608050759
CBC_1024,CBC_1024_MSI_AV_v3_Vset6_Aset3_2023-07-05_15h12.04.977.csv,2,30,0,1,z,0,1,2,aud,B,63,1,0B,1B,0,1,b,2.91412849999961,1,0,0,0,0B,1B,B01,2.70805020110221,0.723520275556087,0.487894195569851,0.493910009804342,0.5,0.493910009804342,0.806008968747228,0.5,0.5,0.5,0.5,0.813737478850801,0.481951653834773,0.5,0.5,0.487894195569851,0.813737478850801,0.379954457126766,0.620045542873234,0.493910009804342,0.806008968747228,0.0520686503065024,0.200197402849659,-0.493910009804342,-0.00601581423449134,CBCsimpleAsymRW,CBCdriftDiffusionLR,0.5,0.179211818277151,0.0121799803913155,1.17692247934678,2.17226224966211,2.64982735940722,0.5,77.258608050759
CBC_1024,CBC_1024_MSI_AV_v3_Vset6_Aset3_2023-07-05_15h12.04.977.csv,2,31,2,0,z,0,1,3,aud,A,27,1,2A,0A,0,1,b,2.9635816,1,0,0,0,2A,0A,A20,3.13549421592915,0.723520275556087,0.487894195569851,0.493910009804342,0.5,0.487894195569851,0.806008968747228,0.5,0.5,0.5,0.5,0.813737478850801,0.481951653834773,0.5,0.5,0.487894195569851,0.813737478850801,0.405698803244505,0.594301196755495,0.493910009804342,0.723520275556087,0.0638889870136082,0.252981458166416,-0.493910009804342,-0.00601581423449134,CBCsimpleAsymRW,CBCdriftDiffusionLR,0.5,0.179211818277151,0.0121799803913155,1.17692247934678,2.17226224966211,2.64982735940722,0.5,77.258608050759
CBC_1024,CBC_1024_MSI_AV_v3_Vset6_Aset3_2023-07-05_15h12.04.977.csv,2,32,3,0,b,1,0,0,aud,D,9,1,3D,0D,1,0,b,1.93329410000024,1,0,1,1,3D,0D,D30,3.85014760171006,0.723520275556087,0.487894195569851,0.487894195569851,0.5,0.487894195569851,0.806008968747228,0.5,0.5,0.5,0.5,0.813737478850801,0.481951653834773,0.5,0.5,0.487894195569851,0.813737478850801,0.619406458254219,0.380593541745781,0.813737478850801,0.5,0.45220365922574,0.798255318348569,0.186262521149199,0.0333804450920342,CBCsimpleAsymRW,CBCdriftDiffusionLR,0.5,0.179211818277151,0.0121799803913155,1.17692247934678,2.17226224966211,2.64982735940722,0.5,77.258608050759
CBC_1024,CBC_1024_MSI_AV_v3_Vset6_Aset3_2023-07-05_15h12.04.977.csv,2,33,3,2,z,0,1,1,aud,C,63,1,3C,2C,0,1,z,1.3307818000003,0,1,1,1,2C,3C,C32,2.26176309847379,0.723520275556087,0.487894195569851,0.487894195569851,0.5,0.487894195569851,0.806008968747228,0.5,0.5,0.5,0.5,0.813737478850801,0.481951653834773,0.5,0.5,0.487894195569851,0.847117923942836,0.628034501735897,0.371965498264103,0.813737478850801,0.481951653834773,0.0595658137176856,0.813890352175108,0.186262521149199,0.0333804450920342,CBCsimpleAsymRW,CBCdriftDiffusionLR,0.5,0.179211818277151,0.0121799803913155,1.17692247934678,2.17226224966211,2.64982735940722,0.5,77.258608050759
CBC_1024,CBC_1024_MSI_AV_v3_Vset6_Aset3_2023-07-05_15h12.04.977.csv,2,34,0,1,z,0,1,2,aud,B,63,1,0B,1B,0,1,z,2.96343859999888,0,1,1,1,1B,0B,B01,2.50552593699074,0.723520275556087,0.487894195569851,0.487894195569851,0.5,0.487894195569851,0.806008968747228,0.5,0.5,0.5,0.5,0.847117923942836,0.481951653834773,0.5,0.5,0.487894195569851,0.847117923942836,0.622928354281164,0.377071645718836,0.806008968747228,0.487894195569851,0.200490670637068,0.804765436840067,0.193991031252772,0.034765485440269,CBCsimpleAsymRW,CBCdriftDiffusionLR,0.5,0.179211818277151,0.0121799803913155,1.17692247934678,2.17226224966211,2.64982735940722,0.5,77.258608050759
CBC_1024,CBC_1024_MSI_AV_v3_Vset6_Aset3_2023-07-05_15h12.04.977.csv,2,35,0,1,b,1,0,3,aud,A,63,0,0A,1A,0,1,b,2.72545360000095,1,0,1,0,0A,1A,A01,2.30258509299405,0.723520275556087,0.487894195569851,0.487894195569851,0.5,0.487894195569851,0.840774454187497,0.5,0.5,0.5,0.5,0.847117923942836,0.481951653834773,0.5,0.5,0.487894195569851,0.847117923942836,0.59725246214338,0.40274753785662,0.723520275556087,0.487894195569851,0.229473893016463,0.753568314122452,-0.723520275556087,-0.00881246276899234,CBCsimpleAsymRW,CBCdriftDiffusionLR,0.5,0.179211818277151,0.0121799803913155,1.17692247934678,2.17226224966211,2.64982735940722,0.5,77.258608050759
CBC_1024,CBC_1024_MSI_AV_v3_Vset6_Aset3_2023-07-05_15h12.04.977.csv,2,36,2,3,z,0,1,0,aud,D,63,1,2D,3D,0,1,z,3.36673520000022,0,1,1,1,3D,2D,D23,2.83321334405622,0.714707812787094,0.487894195569851,0.487894195569851,0.5,0.487894195569851,0.840774454187497,0.5,0.5,0.5,0.5,0.847117923942836,0.481951653834773,0.5,0.5,0.487894195569851,0.847117923942836,0.634539500848918,0.365460499151082,0.847117923942836,0.487894195569851,0.143288905017448,0.825115900570585,0.152882076057164,0.0273982748321902,CBCsimpleAsymRW,CBCdriftDiffusionLR,0.5,0.179211818277151,0.0121799803913155,1.17692247934678,2.17226224966211,2.64982735940722,0.5,77.258608050759
CBC_1024,CBC_1024_MSI_AV_v3_Vset6_Aset3_2023-07-05_15h12.04.977.csv,2,37,1,2,b,1,0,2,aud,B,9,1,1B,2B,1,0,b,2.07367059999979,1,0,1,1,1B,2B,B12,3.95124371858143,0.714707812787094,0.487894195569851,0.487894195569851,0.5,0.487894195569851,0.840774454187497,0.5,0.5,0.5,0.5,0.847117923942836,0.481951653834773,0.5,0.5,0.487894195569851,0.874516198775026,0.627081200392502,0.372918799607498,0.840774454187497,0.5,0.42346131473756,0.811968843735829,0.159225545812503,0.0285350995812305,CBCsimpleAsymRW,CBCdriftDiffusionLR,0.5,0.179211818277151,0.0121799803913155,1.17692247934678,2.17226224966211,2.64982735940722,0.5,77.258608050759
CBC_1024,CBC_1024_MSI_AV_v3_Vset6_Aset3_2023-07-05_15h12.04.977.csv,2,38,2,0,z,0,1,3,aud,A,27,1,2A,0A,0,1,z,4.28148839999903,0,1,1,1,0A,2A,A20,2.87167962488401,0.714707812787094,0.487894195569851,0.487894195569851,0.5,0.487894195569851,0.869309553768728,0.5,0.5,0.5,0.5,0.847117923942836,0.481951653834773,0.5,0.5,0.487894195569851,0.874516198775026,0.594301196755495,0.405698803244505,0.714707812787094,0.487894195569851,0.0669458065482059,0.747850803913544,0.285292187212906,0.0511277316106903,CBCsimpleAsymRW,CBCdriftDiffusionLR,0.5,0.179211818277151,0.0121799803913155,1.17692247934678,2.17226224966211,2.64982735940722,0.5,77.258608050759
CBC_1024,CBC_1024_MSI_AV_v3_Vset6_Aset3_2023-07-05_15h12.04.977.csv,2,39,2,3,b,1,0,1,aud,C,63,1,2C,3C,1,0,b,3.49000290000095,1,0,1,1,2C,3C,C23,3.29583686600433,0.765835544397785,0.487894195569851,0.487894195569851,0.5,0.487894195569851,0.869309553768728,0.5,0.5,0.5,0.5,0.847117923942836,0.481951653834773,0.5,0.5,0.487894195569851,0.874516198775026,0.637376656652796,0.362623343347204,0.847117923942836,0.481951653834773,0.128568866974878,0.830451910504556,0.152882076057164,0.0273982748321902,CBCsimpleAsymRW,CBCdriftDiffusionLR,0.5,0.179211818277151,0.0121799803913155,1.17692247934678,2.17226224966211,2.64982735940722,0.5,77.258608050759
CBC_1024,CBC_1024_MSI_AV_v3_Vset6_Aset3_2023-07-05_15h12.04.977.csv,2,40,1,3,z,0,1,0,aud,D,27,1,1D,3D,0,1,z,2.3335657000016,0,1,1,1,3D,1D,D13,3.31418600467253,0.765835544397785,0.487894195569851,0.487894195569851,0.5,0.487894195569851,0.869309553768728,0.5,0.5,0.5,0.5,0.874516198775026,0.481951653834773,0.5,0.5,0.487894195569851,0.874516198775026,0.636235643897393,0.363764356102607,0.874516198775026,0.5,0.353516627709336,0.827696368548155,0.125483801224974,0.0224881801818563,CBCsimpleAsymRW,CBCdriftDiffusionLR,0.5,0.179211818277151,0.0121799803913155,1.17692247934678,2.17226224966211,2.64982735940722,0.5,77.258608050759
CBC_1024,CBC_1024_MSI_AV_v3_Vset6_Aset3_2023-07-05_15h12.04.977.csv,2,41,0,1,b,1,0,3,aud,A,63,1,0A,1A,1,0,b,2.64001709999957,1,0,1,1,0A,1A,A01,2.23359222150709,0.765835544397785,0.487894195569851,0.487894195569851,0.5,0.487894195569851,0.869309553768728,0.5,0.5,0.5,0.5,0.874516198775026,0.481951653834773,0.5,0.5,0.487894195569851,0.897004378956882,0.61084579872657,0.38915420127343,0.765835544397785,0.487894195569851,0.255440971877177,0.7819139690559,0.234164455602215,0.0419650378643523,CBCsimpleAsymRW,CBCdriftDiffusionLR,0.5,0.179211818277151,0.0121799803913155,1.17692247934678,2.17226224966211,2.64982735940722,0.5,77.258608050759
CBC_1024,CBC_1024_MSI_AV_v3_Vset6_Aset3_2023-07-05_15h12.04.977.csv,2,42,0,2,z,0,1,1,aud,C,27,1,0C,2C,0,1,z,1.94651059999978,0,1,1,1,2C,0C,C02,3.3499040872746,0.807800582262137,0.487894195569851,0.487894195569851,0.5,0.487894195569851,0.869309553768728,0.5,0.5,0.5,0.5,0.874516198775026,0.481951653834773,0.5,0.5,0.487894195569851,0.897004378956882,0.636235643897393,0.363764356102607,0.874516198775026,0.5,0.47914634707499,0.827730422941134,0.125483801224974,0.0224881801818563,CBCsimpleAsymRW,CBCdriftDiffusionLR,0.5,0.179211818277151,0.0121799803913155,1.17692247934678,2.17226224966211,2.64982735940722,0.5,77.258608050759
CBC_1024,CBC_1024_MSI_AV_v3_Vset6_Aset3_2023-07-05_15h12.04.977.csv,2,43,3,2,b,1,0,0,aud,D,63,1,3D,2D,1,0,b,2.09360389999983,1,0,1,1,3D,2D,D32,2.67414864942653,0.807800582262137,0.487894195569851,0.487894195569851,0.5,0.487894195569851,0.869309553768728,0.5,0.5,0.5,0.5,0.897004378956882,0.481951653834773,0.5,0.5,0.487894195569851,0.897004378956882,0.647704023569682,0.352295976430318,0.897004378956882,0.487894195569851,0.447258921451746,0.845542672152652,0.102995621043118,0.0184580325217216,CBCsimpleAsymRW,CBCdriftDiffusionLR,0.5,0.179211818277151,0.0121799803913155,1.17692247934678,2.17226224966211,2.64982735940722,0.5,77.258608050759
CBC_1024,CBC_1024_MSI_AV_v3_Vset6_Aset3_2023-07-05_15h12.04.977.csv,2,44,1,0,b,1,0,2,aud,B,63,1,1B,0B,1,0,b,2.02538670000013,1,0,1,1,1B,0B,B10,2.97892515523761,0.807800582262137,0.487894195569851,0.487894195569851,0.5,0.487894195569851,0.869309553768728,0.5,0.5,0.5,0.5,0.897004378956882,0.481951653834773,0.5,0.5,0.487894195569851,0.915462411478604,0.640515143133356,0.359484856866644,0.869309553768728,0.487894195569851,0.46075437322799,0.834791069592326,0.130690446231272,0.0234212725005586,CBCsimpleAsymRW,CBCdriftDiffusionLR,0.5,0.179211818277151,0.0121799803913155,1.17692247934678,2.17226224966211,2.64982735940722,0.5,77.258608050759
CBC_1024,CBC_1024_MSI_TV_v3_Vset1_Tset2_2023-07-05_16h07.59.104.csv,3,1,1,3,b,1,0,2,tac,B,27,1,1B,3B,1,0,z,1.50069830000029,0,1,0,0,3B,1B,B13,2.77258872223978,0.5,0.5,0.5,0.5,0.5,0.5,0.5,0.5,0.5,0.5,0.5,0.5,0.5,0.5,0.5,0.5,0.5,0.5,0.5,0.5,0.29960017572925,0.499597387077547,-0.5,-0.5,CBCsimpleAsymRW,CBCdriftDiffusionLR,0.5,0.0882775882625045,1,0.931550743057087,0.0243571386160529,2.4730420947527,0.5,73.7876163550732
CBC_1024,CBC_1024_MSI_TV_v3_Vset1_Tset2_2023-07-05_16h07.59.104.csv,3,2,3,2,z,0,1,1,tac,C,63,1,3C,2C,0,1,b,1.47710430000006,1,0,0,0,3C,2C,C32,2.83321334405622,0.5,0.5,0.5,0.5,0.5,0.5,0.5,0,0.5,0.5,0.5,0.5,0.5,0.5,0.5,0.5,0.5,0.5,0.5,0.5,0.301267124784427,0.499651280192919,-0.5,-0.5,CBCsimpleAsymRW,CBCdriftDiffusionLR,0.5,0.0882775882625045,1,0.931550743057087,0.0243571386160529,2.4730420947527,0.5,73.7876163550732
CBC_1024,CBC_1024_MSI_TV_v3_Vset1_Tset2_2023-07-05_16h07.59.104.csv,3,3,3,2,b,1,0,0,tac,D,63,1,3D,2D,1,0,z,1.19340860000011,0,1,0,0,2D,3D,D32,2.89037175789616,0.5,0.5,0.5,0.5,0.5,0.5,0.5,0,0.5,0.5,0.5,0,0.5,0.5,0.5,0.5,0.5,0.5,0.5,0.5,0.19895503958421,0.500761597660836,-0.5,-0.5,CBCsimpleAsymRW,CBCdriftDiffusionLR,0.5,0.0882775882625045,1,0.931550743057087,0.0243571386160529,2.4730420947527,0.5,73.7876163550732
CBC_1024,CBC_1024_MSI_TV_v3_Vset1_Tset2_2023-07-05_16h07.59.104.csv,3,4,0,1,z,0,1,2,tac,B,63,1,0B,1B,0,1,b,2.08075540000027,1,0,0,0,0B,1B,B01,2.94443897916644,0.5,0.5,0.5,0.5,0.5,0.5,0.5,0,0.5,0.5,0.5,0,0.5,0.5,0,0.5,0.5,0.5,0.5,0.5,0.202891312659153,0.500075627730916,-0.5,-0.5,CBCsimpleAsymRW,CBCdriftDiffusionLR,0.5,0.0882775882625045,1,0.931550743057087,0.0243571386160529,2.4730420947527,0.5,73.7876163550732
CBC_1024,CBC_1024_MSI_TV_v3_Vset1_Tset2_2023-07-05_16h07.59.104.csv,3,5,0,3,b,1,0,3,tac,A,9,1,0A,3A,1,0,z,1.53118989999894,0,1,0,0,3A,0A,A03,2.99573227355399,0.5,0.5,0.5,0.5,0,0.5,0.5,0,0.5,0.5,0.5,0,0.5,0.5,0,0.5,0.5,0.5,0.5,0.5,0.296431618763823,0.499294740238696,-0.5,-0.5,CBCsimpleAsymRW,CBCdriftDiffusionLR,0.5,0.0882775882625045,1,0.931550743057087,0.0243571386160529,2.4730420947527,0.5,73.7876163550732
CBC_1024,CBC_1024_MSI_TV_v3_Vset1_Tset2_2023-07-05_16h07.59.104.csv,3,6,3,2,b,1,0,0,tac,D,63,1,3D,2D,1,0,z,2.76604700000098,0,1,0,0,2D,3D,D32,2.35137525716348,0.5,0.5,0.5,0,0,0.5,0.5,0,0.5,0.5,0.5,0,0.5,0.5,0,0.5,0,1,0,0.5,0.11367492624508,0.486225296875221,0,0,CBCsimpleAsymRW,CBCdriftDiffusionLR,0.5,0.0882775882625045,1,0.931550743057087,0.0243571386160529,2.4730420947527,0.5,73.7876163550732
CBC_1024,CBC_1024_MSI_TV_v3_Vset1_Tset2_2023-07-05_16h07.59.104.csv,3,7,0,2,z,0,1,1,tac,C,27,1,0C,2C,0,1,z,2.84138929999972,0,1,1,1,2C,0C,C02,3.09104245335832,0.5,0.5,0.5,0,0,0.5,0.5,0,0.5,0.5,0.5,0,0.5,0.5,0,0.5,0.5,0.5,0.5,0.5,0.11016111333085,0.500686967507338,0.5,0.0441387941312523,CBCsimpleAsymRW,CBCdriftDiffusionLR,0.5,0.0882775882625045,1,0.931550743057087,0.0243571386160529,2.4730420947527,0.5,73.7876163550732
CBC_1024,CBC_1024_MSI_TV_v3_Vset1_Tset2_2023-07-05_16h07.59.104.csv,3,8,0,1,b,1,0,3,tac,A,63,1,0A,1A,NaN,NaN,None,NaN,NaN,NaN,NaN,NaN,,,A01,3.13549421592915,0.5,0.5,0.5,0,0,0.5,0.5,0,0.5,0.5,0.544138794131252,0,0.5,0.5,0,0.5,0,0,0,0,NaN,0,0,0,CBCsimpleAsymRW,CBCdriftDiffusionLR,0.5,0.0882775882625045,1,0.931550743057087,0.0243571386160529,2.4730420947527,0.5,73.7876163550732
CBC_1024,CBC_1024_MSI_TV_v3_Vset1_Tset2_2023-07-05_16h07.59.104.csv,3,9,1,0,b,1,0,2,tac,B,63,1,1B,0B,1,0,b,2.34376419999899,1,0,1,1,1B,0B,B10,3.17805383034795,0.5,0.5,0.5,0,0,0.5,0.5,0,0.5,0.5,0.544138794131252,0,0.5,0.5,0,0.5,1,0,0.5,0,0.16923989881309,0.514973138985207,0.5,0.0441387941312523,CBCsimpleAsymRW,CBCdriftDiffusionLR,0.5,0.0882775882625045,1,0.931550743057087,0.0243571386160529,2.4730420947527,0.5,73.7876163550732
CBC_1024,CBC_1024_MSI_TV_v3_Vset1_Tset2_2023-07-05_16h07.59.104.csv,3,10,1,3,z,0,1,0,tac,D,27,1,1D,3D,0,1,b,1.37915319999956,1,0,0,0,1D,3D,D13,3.2188758248682,0.5,0.5,0.5,0,0,0.544138794131252,0.5,0,0.5,0.5,0.544138794131252,0,0.5,0.5,0,0.5,0.5,0.5,0.5,0.5,0.298187599132792,0.499402260840264,-0.5,-0.5,CBCsimpleAsymRW,CBCdriftDiffusionLR,0.5,0.0882775882625045,1,0.931550743057087,0.0243571386160529,2.4730420947527,0.5,73.7876163550732
CBC_1024,CBC_1024_MSI_TV_v3_Vset1_Tset2_2023-07-05_16h07.59.104.csv,3,11,3,2,z,0,1,1,tac,C,63,1,3C,2C,0,1,z,2.47562469999866,0,1,1,1,2C,3C,C32,2.56494935746154,0.5,0.5,0.5,0,0,0.544138794131252,0.5,0,0.5,0.5,0.544138794131252,0,0.5,0,0,0.5,1,0,0.544138794131252,0,0.151977362731462,0.514282860567521,0.455861205868748,0.0402423278365301,CBCsimpleAsymRW,CBCdriftDiffusionLR,0.5,0.0882775882625045,1,0.931550743057087,0.0243571386160529,2.4730420947527,0.5,73.7876163550732
CBC_1024,CBC_1024_MSI_TV_v3_Vset1_Tset2_2023-07-05_16h07.59.104.csv,3,12,1,0,b,1,0,2,tac,B,63,1,1B,0B,1,0,b,2.3251694999999,1,0,1,1,1B,0B,B10,2.60268968544438,0.5,0.5,0.5,0,0,0.544138794131252,0.5,0,0.5,0.5,0.584381121967782,0,0.5,0,0,0.5,1,0,0.544138794131252,0,0.171705617122548,0.514714997245185,0.455861205868748,0.0402423278365301,CBCsimpleAsymRW,CBCdriftDiffusionLR,0.5,0.0882775882625045,1,0.931550743057087,0.0243571386160529,2.4730420947527,0.5,73.7876163550732
CBC_1024,CBC_1024_MSI_TV_v3_Vset1_Tset2_2023-07-05_16h07.59.104.csv,3,13,0,1,b,1,0,3,tac,A,63,1,0A,1A,1,0,b,2.58341680000012,1,0,1,1,0A,1A,A01,2.63905732961526,0.5,0.5,0.5,0,0,0.584381121967782,0.5,0,0.5,0.5,0.584381121967782,0,0.5,0,0,0.5,0.5,0.5,0.5,0.5,0.135447841016596,0.499960281635527,0.5,0.0441387941312523,CBCsimpleAsymRW,CBCdriftDiffusionLR,0.5,0.0882775882625045,1,0.931550743057087,0.0243571386160529,2.4730420947527,0.5,73.7876163550732
CBC_1024,CBC_1024_MSI_TV_v3_Vset1_Tset2_2023-07-05_16h07.59.104.csv,3,14,1,2,z,0,1,1,tac,C,9,1,1C,2C,0,1,z,2.07400810000036,0,1,1,1,2C,1C,C12,3.36729582998647,0.544138794131252,0.5,0.5,0,0,0.584381121967782,0.5,0,0.5,0.5,0.584381121967782,0,0.5,0,0,0.5,0.538907502287876,0.461092497712124,0.584381121967782,0.5,0.204388578547897,0.501070792908283,0.415618878032218,0.0366898321890522,CBCsimpleAsymRW,CBCdriftDiffusionLR,0.5,0.0882775882625045,1,0.931550743057087,0.0243571386160529,2.4730420947527,0.5,73.7876163550732
CBC_1024,CBC_1024_MSI_TV_v3_Vset1_Tset2_2023-07-05_16h07.59.104.csv,3,15,1,0,z,0,1,3,tac,A,63,1,1A,0A,NaN,NaN,None,NaN,NaN,NaN,NaN,NaN,,,A10,3.40119738166216,0.544138794131252,0.5,0.5,0,0,0.584381121967782,0.5,0,0.5,0.5,0.621070954156835,0,0.5,0,0,0.5,0,0,0,0,NaN,0,0,0,CBCsimpleAsymRW,CBCdriftDiffusionLR,0.5,0.0882775882625045,1,0.931550743057087,0.0243571386160529,2.4730420947527,0.5,73.7876163550732
CBC_1024,CBC_1024_MSI_TV_v3_Vset1_Tset2_2023-07-05_16h07.59.104.csv,3,16,3,1,b,1,0,0,tac,D,27,1,3D,1D,1,0,z,1.17544989999988,0,1,0,0,1D,3D,D31,3.43398720448515,0.544138794131252,0.5,0.5,0,0,0.584381121967782,0.5,0,0.5,0.5,0.621070954156835,0,0.5,0,0,0.5,0,1,0,0.5,0.173120044750278,0.48545090765119,0,0,CBCsimpleAsymRW,CBCdriftDiffusionLR,0.5,0.0882775882625045,1,0.931550743057087,0.0243571386160529,2.4730420947527,0.5,73.7876163550732
CBC_1024,CBC_1024_MSI_TV_v3_Vset1_Tset2_2023-07-05_16h07.59.104.csv,3,17,0,1,z,0,1,2,tac,B,63,1,0B,1B,0,1,b,2.68032099999982,1,0,0,0,0B,1B,B01,2.77258872223978,0.544138794131252,0.5,0.5,0,0,0.584381121967782,0.5,0,0.5,0.5,0.621070954156835,0,0.5,0,0,0.5,0,1,0,0.584381121967782,0.12167104712587,0.485645745558198,0,0,CBCsimpleAsymRW,CBCdriftDiffusionLR,0.5,0.0882775882625045,1,0.931550743057087,0.0243571386160529,2.4730420947527,0.5,73.7876163550732
CBC_1024,CBC_1024_MSI_TV_v3_Vset1_Tset2_2023-07-05_16h07.59.104.csv,3,18,2,3,b,1,0,1,tac,C,63,0,2C,3C,0,1,b,3.205063899999,1,0,1,0,2C,3C,C23,3.49650756146648,0.544138794131252,0.5,0.5,0,0,0.584381121967782,0.5,0,0.5,0.5,0.621070954156835,0,0.5,0,0,0.5,1,0,0.621070954156835,0,0.084283005748705,0.513798398050528,-0.621070954156835,-0.621070954156835,CBCsimpleAsymRW,CBCdriftDiffusionLR,0.5,0.0882775882625045,1,0.931550743057087,0.0243571386160529,2.4730420947527,0.5,73.7876163550732
CBC_1024,CBC_1024_MSI_TV_v3_Vset1_Tset2_2023-07-05_16h07.59.104.csv,3,19,2,0,z,0,1,3,tac,A,27,1,2A,0A,0,1,b,3.22414710000157,1,0,0,0,2A,0A,A20,3.52636052461616,0.544138794131252,0.5,0.5,0,0,0.584381121967782,0.5,0,0.5,0.5,0,0,0.5,0,0,0.5,0.47886354075754,0.52113645924246,0.5,0.544138794131252,0.0804582407089976,0.498002482128191,-0.5,-0.5,CBCsimpleAsymRW,CBCdriftDiffusionLR,0.5,0.0882775882625045,1,0.931550743057087,0.0243571386160529,2.4730420947527,0.5,73.7876163550732
CBC_1024,CBC_1024_MSI_TV_v3_Vset1_Tset2_2023-07-05_16h07.59.104.csv,3,20,3,2,b,1,0,0,tac,D,63,1,3D,2D,1,0,b,2.99300829999993,1,0,1,1,3D,2D,D32,2.4567357728213,0.544138794131252,0.5,0,0,0,0.584381121967782,0.5,0,0.5,0.5,0,0,0.5,0,0,0.5,1,0,0.5,0,0.100283215654204,0.515184673519888,0.5,0.0441387941312523,CBCsimpleAsymRW,CBCdriftDiffusionLR,0.5,0.0882775882625045,1,0.931550743057087,0.0243571386160529,2.4730420947527,0.5,73.7876163550732
CBC_1024,CBC_1024_MSI_TV_v3_Vset1_Tset2_2023-07-05_16h07.59.104.csv,3,21,3,1,z,0,1,2,tac,B,27,1,3B,1B,0,1,z,2.86166960000082,0,1,1,1,1B,3B,B31,3.58351893845611,0.544138794131252,0.5,0,0,0,0.584381121967782,0.5,0,0.5,0.5,0,0,0.5,0,0,0.544138794131252,1,0,0.584381121967782,0,0.11149037948175,0.51514984957946,0.415618878032218,0.0366898321890522,CBCsimpleAsymRW,CBCdriftDiffusionLR,0.5,0.0882775882625045,1,0.931550743057087,0.0243571386160529,2.4730420947527,0.5,73.7876163550732
CBC_1024,CBC_1024_MSI_TV_v3_Vset1_Tset2_2023-07-05_16h07.59.104.csv,3,22,3,2,z,0,1,1,tac,C,63,1,3C,2C,0,1,b,3.94050980000065,1,0,0,0,3C,2C,C32,2.51230562397611,0.544138794131252,0.5,0,0,0,0.621070954156835,0.5,0,0.5,0.5,0,0,0.5,0,0,0.544138794131252,NaN,NaN,0,0,NaN,NaN,0,0,CBCsimpleAsymRW,CBCdriftDiffusionLR,0.5,0.0882775882625045,1,0.931550743057087,0.0243571386160529,2.4730420947527,0.5,73.7876163550732
CBC_1024,CBC_1024_MSI_TV_v3_Vset1_Tset2_2023-07-05_16h07.59.104.csv,3,23,0,1,b,1,0,3,tac,A,63,1,0A,1A,1,0,b,1.91039469999851,1,0,1,1,0A,1A,A01,2.53897387105828,0.544138794131252,0.5,0,0,0,0.621070954156835,0.5,0,0.5,0.5,0,0,0.5,0,0,0.544138794131252,0.52113645924246,0.47886354075754,0.544138794131252,0.5,0.231693379500319,0.499528229622963,0.455861205868748,0.0402423278365301,CBCsimpleAsymRW,CBCdriftDiffusionLR,0.5,0.0882775882625045,1,0.931550743057087,0.0243571386160529,2.4730420947527,0.5,73.7876163550732
CBC_1024,CBC_1024_MSI_TV_v3_Vset1_Tset2_2023-07-05_16h07.59.104.csv,3,24,2,1,z,0,1,2,tac,B,9,1,2B,1B,0,1,z,2.14553010000054,0,1,1,1,1B,2B,B21,3.66356164612965,0.584381121967782,0.5,0,0,0,0.621070954156835,0.5,0,0.5,0.5,0,0,0.5,0,0,0.544138794131252,0.553997899824232,0.446002100175768,0.621070954156835,0.5,0.193263909679038,0.501595180090743,0.378929045843165,0.0334509422896467,CBCsimpleAsymRW,CBCdriftDiffusionLR,0.5,0.0882775882625045,1,0.931550743057087,0.0243571386160529,2.4730420947527,0.5,73.7876163550732
CBC_1024,CBC_1024_MSI_TV_v3_Vset1_Tset2_2023-07-05_16h07.59.104.csv,3,25,2,3,b,1,0,1,tac,C,63,1,2C,3C,1,0,b,2.85020760000043,1,0,1,1,2C,3C,C23,2.99573227355399,0.584381121967782,0.5,0,0,0,0.654521896446481,0.5,0,0.5,0.5,0,0,0.5,0,0,0.544138794131252,NaN,NaN,0,0,NaN,NaN,1,0.0882775882625045,CBCsimpleAsymRW,CBCdriftDiffusionLR,0.5,0.0882775882625045,1,0.931550743057087,0.0243571386160529,2.4730420947527,0.5,73.7876163550732
CBC_1024,CBC_1024_MSI_TV_v3_Vset1_Tset2_2023-07-05_16h07.59.104.csv,3,26,2,3,z,0,1,0,tac,D,63,1,2D,3D,0,1,z,2.71748449999905,0,1,1,1,3D,2D,D23,3.71357206670431,0.584381121967782,0.5,0,0,0,0.654521896446481,0.5,0,0.5,0.5,0.0882775882625045,0,0.5,0,0,0.544138794131252,1,0,0.544138794131252,0,0.124959430434604,0.513953099923718,0.455861205868748,0.0402423278365301,CBCsimpleAsymRW,CBCdriftDiffusionLR,0.5,0.0882775882625045,1,0.931550743057087,0.0243571386160529,2.4730420947527,0.5,73.7876163550732
CBC_1024,CBC_1024_MSI_TV_v3_Vset1_Tset2_2023-07-05_16h07.59.104.csv,3,27,0,1,z,0,1,2,tac,B,63,1,0B,1B,NaN,NaN,None,NaN,NaN,NaN,NaN,NaN,,,B01,2.63905732961526,0.584381121967782,0.5,0,0,0,0.654521896446481,0.5,0,0.5,0.5,0.0882775882625045,0,0.5,0,0,0.584381121967782,0,0,0,0,NaN,0,0,0,CBCsimpleAsymRW,CBCdriftDiffusionLR,0.5,0.0882775882625045,1,0.931550743057087,0.0243571386160529,2.4730420947527,0.5,73.7876163550732
CBC_1024,CBC_1024_MSI_TV_v3_Vset1_Tset2_2023-07-05_16h07.59.104.csv,3,28,0,2,b,1,0,3,tac,A,27,1,0A,2A,1,0,b,2.79423400000087,1,0,1,1,0A,2A,A02,3.76120011569356,0.584381121967782,0.5,0,0,0,0.654521896446481,0.5,0,0.5,0.5,0.0882775882625045,0,0.5,0,0,0.584381121967782,1,0,0.584381121967782,0,0.117863164334,0.515751949224205,0.415618878032218,0.0366898321890522,CBCsimpleAsymRW,CBCdriftDiffusionLR,0.5,0.0882775882625045,1,0.931550743057087,0.0243571386160529,2.4730420947527,0.5,73.7876163550732
CBC_1024,CBC_1024_MSI_TV_v3_Vset1_Tset2_2023-07-05_16h07.59.104.csv,3,29,1,3,z,0,1,0,tac,D,27,1,1D,3D,0,1,b,3.09056559999954,1,0,0,0,1D,3D,D13,3.09104245335832,0.621070954156835,0.5,0,0,0,0.654521896446481,0.5,0,0.5,0.5,0.0882775882625045,0,0.5,0,0,0.584381121967782,0,1,0,0.584381121967782,0.0874310621507201,0.485944389674155,0,0,CBCsimpleAsymRW,CBCdriftDiffusionLR,0.5,0.0882775882625045,1,0.931550743057087,0.0243571386160529,2.4730420947527,0.5,73.7876163550732
CBC_1024,CBC_1024_MSI_TV_v3_Vset1_Tset2_2023-07-05_16h07.59.104.csv,3,30,1,0,z,0,1,3,tac,A,63,1,1A,0A,0,1,z,2.33426919999874,0,1,1,1,0A,1A,A10,3.11351530921037,0.621070954156835,0.5,0,0,0,0.654521896446481,0.5,0,0.5,0.5,0.0882775882625045,0,0.5,0,0,0.584381121967782,0.553997899824232,0.446002100175768,0.621070954156835,0.5,0.165899247952263,0.500982804538789,0.378929045843165,0.0334509422896467,CBCsimpleAsymRW,CBCdriftDiffusionLR,0.5,0.0882775882625045,1,0.931550743057087,0.0243571386160529,2.4730420947527,0.5,73.7876163550732
CBC_1024,CBC_1024_MSI_TV_v3_Vset1_Tset2_2023-07-05_16h07.59.104.csv,3,31,2,0,b,1,0,1,tac,C,27,1,2C,0C,1,0,z,2.98370900000009,0,1,0,0,0C,2C,C20,3.8286413964891,0.654521896446481,0.5,0,0,0,0.654521896446481,0.5,0,0.5,0.5,0.0882775882625045,0,0.5,0,0,0.584381121967782,0.849938889354539,0.150061110645461,0.5,0.0882775882625045,0.100066006563284,0.510180324280558,-0.5,-0.5,CBCsimpleAsymRW,CBCdriftDiffusionLR,0.5,0.0882775882625045,1,0.931550743057087,0.0243571386160529,2.4730420947527,0.5,73.7876163550732
CBC_1024,CBC_1024_MSI_TV_v3_Vset1_Tset2_2023-07-05_16h07.59.104.csv,3,32,2,3,z,0,1,0,tac,D,63,1,2D,3D,0,1,b,3.58088070000122,1,0,0,0,2D,3D,D23,3.15700042115011,0.654521896446481,0.5,0,0,0,0.654521896446481,0.5,0,0,0.5,0.0882775882625045,0,0.5,0,0,0.584381121967782,0,1,0,0.584381121967782,0.0587453944788617,0.485045289069756,0,0,CBCsimpleAsymRW,CBCdriftDiffusionLR,0.5,0.0882775882625045,1,0.931550743057087,0.0243571386160529,2.4730420947527,0.5,73.7876163550732
CBC_1024,CBC_1024_MSI_TV_v3_Vset1_Tset2_2023-07-05_16h07.59.104.csv,3,33,1,0,b,1,0,2,tac,B,63,1,1B,0B,1,0,z,1.82309560000067,0,1,0,0,0B,1B,B10,2.77258872223978,0.654521896446481,0.5,0,0,0,0.654521896446481,0.5,0,0,0.5,0.0882775882625045,0,0.5,0,0,0.584381121967782,0,1,0,0.654521896446481,0.239846780491665,0.483821315061931,0,0,CBCsimpleAsymRW,CBCdriftDiffusionLR,0.5,0.0882775882625045,1,0.931550743057087,0.0243571386160529,2.4730420947527,0.5,73.7876163550732
CBC_1024,CBC_1024_MSI_TV_v3_Vset1_Tset2_2023-07-05_16h07.59.104.csv,3,34,0,1,b,1,0,3,tac,A,63,1,0A,1A,1,0,z,1.68818660000034,0,1,0,0,1A,0A,A01,2.50552593699074,0.654521896446481,0.5,0,0,0,0.654521896446481,0.5,0,0,0.5,0.0882775882625045,0,0.5,0,0,0.584381121967782,0.433079702982643,0.566920297017357,0.5,0.654521896446481,0.271255723442607,0.497474903761282,-0.5,-0.5,CBCsimpleAsymRW,CBCdriftDiffusionLR,0.5,0.0882775882625045,1,0.931550743057087,0.0243571386160529,2.4730420947527,0.5,73.7876163550732
CBC_1024,CBC_1024_MSI_TV_v3_Vset1_Tset2_2023-07-05_16h07.59.104.csv,3,35,2,3,z,0,1,0,tac,D,63,0,2D,3D,NaN,NaN,None,NaN,NaN,NaN,NaN,NaN,,,D23,2.81341071676004,0.654521896446481,0,0,0,0,0.654521896446481,0.5,0,0,0.5,0.0882775882625045,0,0.5,0,0,0.584381121967782,0,0,0,0,NaN,0,0,0,CBCsimpleAsymRW,CBCdriftDiffusionLR,0.5,0.0882775882625045,1,0.931550743057087,0.0243571386160529,2.4730420947527,0.5,73.7876163550732
CBC_1024,CBC_1024_MSI_TV_v3_Vset1_Tset2_2023-07-05_16h07.59.104.csv,3,36,2,0,b,1,0,1,tac,C,27,1,2C,0C,1,0,z,4.04563690000032,0,1,0,0,0C,2C,C20,3.23867845216438,0.654521896446481,0,0,0,0,0.654521896446481,0.5,0,0,0.5,0.0882775882625045,0,0.5,0,0,0.584381121967782,0,1,0,0.0882775882625045,0.0403807461393654,0.4851756726407,0,0,CBCsimpleAsymRW,CBCdriftDiffusionLR,0.5,0.0882775882625045,1,0.931550743057087,0.0243571386160529,2.4730420947527,0.5,73.7876163550732
CBC_1024,CBC_1024_MSI_TV_v3_Vset1_Tset2_2023-07-05_16h07.59.104.csv,3,37,0,1,b,1,0,3,tac,A,63,1,0A,1A,1,0,b,2.64080209999884,1,0,1,1,0A,1A,A01,2.34180580614733,0.654521896446481,0,0,0,0,0.654521896446481,0.5,0,0,0.5,0.0882775882625045,0,0.5,0,0,0.584381121967782,1,0,0.654521896446481,0,0.133245951552984,0.515158219620379,0.345478103553519,0.0304979737792084,CBCsimpleAsymRW,CBCdriftDiffusionLR,0.5,0.0882775882625045,1,0.931550743057087,0.0243571386160529,2.4730420947527,0.5,73.7876163550732
CBC_1024,CBC_1024_MSI_TV_v3_Vset1_Tset2_2023-07-05_16h07.59.104.csv,3,38,1,3,b,1,0,2,tac,B,27,1,1B,3B,1,0,b,3.23164170000018,1,0,1,1,1B,3B,B13,3.27714473299218,0.68501987022569,0,0,0,0,0.654521896446481,0.5,0,0,0.5,0.0882775882625045,0,0.5,0,0,0.584381121967782,1,0,0.654521896446481,0,0.0827203148188034,0.51522786600179,0.345478103553519,0.0304979737792084,CBCsimpleAsymRW,CBCdriftDiffusionLR,0.5,0.0882775882625045,1,0.931550743057087,0.0243571386160529,2.4730420947527,0.5,73.7876163550732
CBC_1024,CBC_1024_MSI_TV_v3_Vset1_Tset2_2023-07-05_16h07.59.104.csv,3,39,3,2,z,0,1,1,tac,C,63,1,3C,2C,0,1,b,2.71336660000088,1,0,0,0,3C,2C,C32,2.60268968544438,0.68501987022569,0,0,0,0,0.68501987022569,0.5,0,0,0.5,0.0882775882625045,0,0.5,0,0,0.584381121967782,0,1,0,0.0882775882625045,0.118216078609079,0.484611767678449,0,0,CBCsimpleAsymRW,CBCdriftDiffusionLR,0.5,0.0882775882625045,1,0.931550743057087,0.0243571386160529,2.4730420947527,0.5,73.7876163550732
CBC_1024,CBC_1024_MSI_TV_v3_Vset1_Tset2_2023-07-05_16h07.59.104.csv,3,40,3,2,b,1,0,0,tac,D,63,1,3D,2D,1,0,b,2.71648230000028,1,0,1,1,3D,2D,D32,2.62103882411258,0.68501987022569,0,0,0,0,0.68501987022569,0.5,0,0,0.5,0.0882775882625045,0,0.5,0,0,0.584381121967782,1,0,0.584381121967782,0,0.125286835650036,0.514887802295894,0.415618878032218,0.0366898321890522,CBCsimpleAsymRW,CBCdriftDiffusionLR,0.5,0.0882775882625045,1,0.931550743057087,0.0243571386160529,2.4730420947527,0.5,73.7876163550732
CBC_1024,CBC_1024_MSI_TV_v3_Vset1_Tset2_2023-07-05_16h07.59.104.csv,3,41,0,1,z,0,1,2,tac,B,63,1,0B,1B,0,1,b,3.05525690000104,1,0,0,0,0B,1B,B01,2.63905732961526,0.68501987022569,0,0,0,0,0.68501987022569,0.5,0,0,0.5,0.0882775882625045,0,0.5,0,0,0.621070954156835,0,1,0,0.68501987022569,0.0896324311450489,0.484202460726627,0,0,CBCsimpleAsymRW,CBCdriftDiffusionLR,0.5,0.0882775882625045,1,0.931550743057087,0.0243571386160529,2.4730420947527,0.5,73.7876163550732
CBC_1024,CBC_1024_MSI_TV_v3_Vset1_Tset2_2023-07-05_16h07.59.104.csv,3,42,2,0,z,0,1,3,tac,A,27,1,2A,0A,0,1,b,1.13864899999862,1,0,0,0,2A,0A,A20,3.3499040872746,0.68501987022569,0,0,0,0,0.68501987022569,0.5,0,0,0.5,0.0882775882625045,0,0.5,0,0,0.621070954156835,0,1,0,0.68501987022569,0.126471355644469,0.484289103300189,0,0,CBCsimpleAsymRW,CBCdriftDiffusionLR,0.5,0.0882775882625045,1,0.931550743057087,0.0243571386160529,2.4730420947527,0.5,73.7876163550732
CBC_1024,CBC_1024_MSI_TV_v3_Vset1_Tset2_2023-07-05_16h07.59.104.csv,3,43,3,0,b,1,0,0,tac,D,9,1,3D,0D,1,0,b,1.58696549999877,1,0,1,1,3D,0D,D30,4.06044301054642,0.68501987022569,0,0,0,0,0.68501987022569,0.5,0,0,0.5,0.0882775882625045,0,0.5,0,0,0.621070954156835,0.553997899824232,0.446002100175768,0.621070954156835,0.5,0.289821271802393,0.500553196505916,0.378929045843165,0.0334509422896467,CBCsimpleAsymRW,CBCdriftDiffusionLR,0.5,0.0882775882625045,1,0.931550743057087,0.0243571386160529,2.4730420947527,0.5,73.7876163550732
CBC_1024,CBC_1024_MSI_TV_v3_Vset1_Tset2_2023-07-05_16h07.59.104.csv,3,44,3,2,z,0,1,1,tac,C,63,1,3C,2C,0,1,b,2.51286450000043,1,0,0,0,3C,2C,C32,2.46809953147162,0.68501987022569,0,0,0,0,0.68501987022569,0.5,0,0,0.5,0.0882775882625045,0,0.5,0,0,0.654521896446481,0,1,0,0.0882775882625045,0.13942444569313,0.486186132657314,0,0,CBCsimpleAsymRW,CBCdriftDiffusionLR,0.5,0.0882775882625045,1,0.931550743057087,0.0243571386160529,2.4730420947527,0.5,73.7876163550732
CBC_1024,CBC_1024_MSI_AV_v3_Vset4_Aset2_2023-07-05_16h16.42.189.csv,4,1,0,1,b,1,0,3,aud,A,63,1,0A,1A,1,0,b,2.53505729999961,1,0,1,1,0A,1A,A01,2.77258872223978,0.5,0.5,0.5,0.5,0.5,0.5,0.5,0.5,0.5,0.5,0.5,0.5,0.5,0.5,0.5,0.5,0.5,0.5,0.5,0.5,0.168656523064973,0.500735533269896,0.5,0.497897785417218,CBCsimpleAsymRW,CBCdriftDiffusionLR,0.5,0.995795570834435,0.262982882625012,1.16679593644414,1.36475785237327,2.8214642034063,0.5,77.8113116914458
CBC_1024,CBC_1024_MSI_AV_v3_Vset4_Aset2_2023-07-05_16h16.42.189.csv,4,2,2,3,z,0,1,0,aud,D,63,1,2D,3D,0,1,b,2.72335829999975,1,0,0,0,2D,3D,D23,2.83321334405622,0.997897785417218,0.5,0.5,0.5,0.5,0.5,0.5,0.5,0.5,0.5,0.5,0.5,0.5,0.5,0.5,0.5,0.5,0.5,0.5,0.5,0.150169713221042,0.500018557616811,-0.5,-0.131491441312506,CBCsimpleAsymRW,CBCdriftDiffusionLR,0.5,0.995795570834435,0.262982882625012,1.16679593644414,1.36475785237327,2.8214642034063,0.5,77.8113116914458
CBC_1024,CBC_1024_MSI_AV_v3_Vset4_Aset2_2023-07-05_16h16.42.189.csv,4,3,0,2,z,0,1,1,aud,C,27,1,0C,2C,0,1,b,3.28447140000026,1,0,0,0,0C,2C,C02,2.89037175789616,0.997897785417218,0.5,0.5,0.5,0.5,0.5,0.5,0.5,0.5,0.5,0.5,0.5,0.5,0.5,0.368508558687494,0.5,0.5,0.5,0.5,0.5,0.106096490785068,0.499601304098262,-0.5,-0.131491441312506,CBCsimpleAsymRW,CBCdriftDiffusionLR,0.5,0.995795570834435,0.262982882625012,1.16679593644414,1.36475785237327,2.8214642034063,0.5,77.8113116914458
CBC_1024,CBC_1024_MSI_AV_v3_Vset4_Aset2_2023-07-05_16h16.42.189.csv,4,4,0,1,b,1,0,3,aud,A,63,1,0A,1A,1,0,b,2.35016159999941,1,0,1,1,0A,1A,A01,2.2512917986065,0.997897785417218,0.5,0.5,0.5,0.5,0.5,0.5,0.5,0.368508558687494,0.5,0.5,0.5,0.5,0.5,0.368508558687494,0.5,0.666198852239619,0.333801147760381,0.997897785417218,0.5,0.315307349911135,0.78213865855552,0.00210221458278237,0.00209337597047824,CBCsimpleAsymRW,CBCdriftDiffusionLR,0.5,0.995795570834435,0.262982882625012,1.16679593644414,1.36475785237327,2.8214642034063,0.5,77.8113116914458
CBC_1024,CBC_1024_MSI_AV_v3_Vset4_Aset2_2023-07-05_16h16.42.189.csv,4,5,1,3,b,1,0,2,aud,B,27,1,1B,3B,1,0,b,2.3592091999999,1,0,1,1,1B,3B,B13,2.99573227355399,0.999991161387696,0.5,0.5,0.5,0.5,0.5,0.5,0.5,0.368508558687494,0.5,0.5,0.5,0.5,0.5,0.368508558687494,0.5,0.5,0.5,0.5,0.5,0.187264411661133,0.500933301861165,0.5,0.497897785417218,CBCsimpleAsymRW,CBCdriftDiffusionLR,0.5,0.995795570834435,0.262982882625012,1.16679593644414,1.36475785237327,2.8214642034063,0.5,77.8113116914458
CBC_1024,CBC_1024_MSI_AV_v3_Vset4_Aset2_2023-07-05_16h16.42.189.csv,4,6,3,2,z,0,1,1,aud,C,63,1,3C,2C,0,1,z,2.44541799999934,0,1,1,1,2C,3C,C32,3.04452243772342,0.999991161387696,0.5,0.5,0.5,0.5,0.997897785417218,0.5,0.5,0.368508558687494,0.5,0.5,0.5,0.5,0.5,0.368508558687494,0.5,0.5,0.5,0.5,0.5,0.177619558034559,0.499794407871851,0.5,0.497897785417218,CBCsimpleAsymRW,CBCdriftDiffusionLR,0.5,0.995795570834435,0.262982882625012,1.16679593644414,1.36475785237327,2.8214642034063,0.5,77.8113116914458
CBC_1024,CBC_1024_MSI_AV_v3_Vset4_Aset2_2023-07-05_16h16.42.189.csv,4,7,3,2,b,1,0,0,aud,D,63,1,3D,2D,1,0,b,2.93909239999994,1,0,1,1,3D,2D,D32,3.09104245335832,0.999991161387696,0.5,0.5,0.5,0.5,0.997897785417218,0.5,0.5,0.368508558687494,0.5,0.997897785417218,0.5,0.5,0.5,0.368508558687494,0.5,0.575699565650348,0.424300434349652,0.5,0.368508558687494,0.169430932125866,0.641700619499013,0.5,0.497897785417218,CBCsimpleAsymRW,CBCdriftDiffusionLR,0.5,0.995795570834435,0.262982882625012,1.16679593644414,1.36475785237327,2.8214642034063,0.5,77.8113116914458
CBC_1024,CBC_1024_MSI_AV_v3_Vset4_Aset2_2023-07-05_16h16.42.189.csv,4,8,0,1,z,0,1,2,aud,B,63,1,0B,1B,0,1,b,4.10465170000134,1,0,0,0,0B,1B,B01,3.13549421592915,0.999991161387696,0.5,0.5,0.5,0.5,0.997897785417218,0.5,0.5,0.368508558687494,0.5,0.997897785417218,0.5,0.5,0.5,0.368508558687494,0.997897785417218,0.333801147760381,0.666198852239619,0.5,0.997897785417218,0.0249124829522329,0.217706614087194,-0.5,-0.131491441312506,CBCsimpleAsymRW,CBCdriftDiffusionLR,0.5,0.995795570834435,0.262982882625012,1.16679593644414,1.36475785237327,2.8214642034063,0.5,77.8113116914458
CBC_1024,CBC_1024_MSI_AV_v3_Vset4_Aset2_2023-07-05_16h16.42.189.csv,4,9,2,0,z,0,1,3,aud,A,27,1,2A,0A,0,1,z,1.93385620000117,0,1,1,1,0A,2A,A20,3.17805383034795,0.999991161387696,0.5,0.5,0.5,0.368508558687494,0.997897785417218,0.5,0.5,0.368508558687494,0.5,0.997897785417218,0.5,0.5,0.5,0.368508558687494,0.997897785417218,0.666664702519026,0.333335297480975,0.999991161387696,0.5,0.401551187860147,0.782865748535907,8.83861230416283e-06,8.80145098480809e-06,CBCsimpleAsymRW,CBCdriftDiffusionLR,0.5,0.995795570834435,0.262982882625012,1.16679593644414,1.36475785237327,2.8214642034063,0.5,77.8113116914458
CBC_1024,CBC_1024_MSI_AV_v3_Vset4_Aset2_2023-07-05_16h16.42.189.csv,4,10,3,0,b,1,0,0,aud,D,9,1,3D,0D,1,0,b,2.13825300000099,1,0,1,1,3D,0D,D30,3.2188758248682,0.999999962838681,0.5,0.5,0.5,0.368508558687494,0.997897785417218,0.5,0.5,0.368508558687494,0.5,0.997897785417218,0.5,0.5,0.5,0.368508558687494,0.997897785417218,0.666198852239619,0.333801147760381,0.997897785417218,0.5,0.361744652593323,0.782297737676597,0.00210221458278237,0.00209337597047824,CBCsimpleAsymRW,CBCdriftDiffusionLR,0.5,0.995795570834435,0.262982882625012,1.16679593644414,1.36475785237327,2.8214642034063,0.5,77.8113116914458
CBC_1024,CBC_1024_MSI_AV_v3_Vset4_Aset2_2023-07-05_16h16.42.189.csv,4,11,2,3,b,1,0,1,aud,C,63,1,2C,3C,1,0,b,3.34102150000035,1,0,1,1,2C,3C,C23,3.25809653802148,0.999999962838681,0.5,0.5,0.5,0.368508558687494,0.997897785417218,0.5,0.5,0.368508558687494,0.5,0.997897785417218,0.5,0.5,0.5,0.368508558687494,0.999991161387696,0.666198852239619,0.333801147760381,0.997897785417218,0.5,0.155433938070152,0.782280350745136,0.00210221458278237,0.00209337597047824,CBCsimpleAsymRW,CBCdriftDiffusionLR,0.5,0.995795570834435,0.262982882625012,1.16679593644414,1.36475785237327,2.8214642034063,0.5,77.8113116914458
CBC_1024,CBC_1024_MSI_AV_v3_Vset4_Aset2_2023-07-05_16h16.42.189.csv,4,12,0,1,z,0,1,2,aud,B,63,1,0B,1B,0,1,z,2.22444759999962,0,1,1,1,1B,0B,B01,2.60268968544438,0.999999962838681,0.5,0.5,0.5,0.368508558687494,0.997897785417218,0.5,0.5,0.368508558687494,0.5,0.999991161387696,0.5,0.5,0.5,0.368508558687494,0.999991161387696,0.730308220334746,0.269691779665255,0.997897785417218,0.368508558687494,0.396460032362595,0.854130163264556,0.00210221458278237,0.00209337597047824,CBCsimpleAsymRW,CBCdriftDiffusionLR,0.5,0.995795570834435,0.262982882625012,1.16679593644414,1.36475785237327,2.8214642034063,0.5,77.8113116914458
CBC_1024,CBC_1024_MSI_AV_v3_Vset4_Aset2_2023-07-05_16h16.42.189.csv,4,13,2,3,z,0,1,0,aud,D,63,1,2D,3D,0,1,b,2.8987075999994,1,0,0,0,2D,3D,D23,2.63905732961526,0.999999962838681,0.5,0.5,0.5,0.368508558687494,0.999991161387696,0.5,0.5,0.368508558687494,0.5,0.999991161387696,0.5,0.5,0.5,0.368508558687494,0.999991161387696,0.269279235707295,0.730720764292705,0.368508558687494,0.999991161387696,0.039197980019304,0.144230356886442,-0.368508558687494,-0.0969114430356257,CBCsimpleAsymRW,CBCdriftDiffusionLR,0.5,0.995795570834435,0.262982882625012,1.16679593644414,1.36475785237327,2.8214642034063,0.5,77.8113116914458
CBC_1024,CBC_1024_MSI_AV_v3_Vset4_Aset2_2023-07-05_16h16.42.189.csv,4,14,2,3,b,1,0,1,aud,C,63,1,2C,3C,1,0,z,3.01412060000075,0,1,0,0,3C,2C,C23,2.67414864942653,0.999999962838681,0.5,0.5,0.5,0.368508558687494,0.999991161387696,0.5,0.5,0.368508558687494,0.5,0.999991161387696,0.5,0.5,0.5,0.271597115651868,0.999991161387696,0.333335297480975,0.666664702519026,0.5,0.999991161387696,0.0546249182826025,0.217142069265343,-0.5,-0.131491441312506,CBCsimpleAsymRW,CBCdriftDiffusionLR,0.5,0.995795570834435,0.262982882625012,1.16679593644414,1.36475785237327,2.8214642034063,0.5,77.8113116914458
CBC_1024,CBC_1024_MSI_AV_v3_Vset4_Aset2_2023-07-05_16h16.42.189.csv,4,15,3,1,z,0,1,2,aud,B,27,1,3B,1B,0,1,z,2.25662399999965,0,1,1,1,1B,3B,B31,3.40119738166216,0.999999962838681,0.5,0.5,0.5,0.368508558687494,0.999991161387696,0.5,0.5,0.368508558687494,0.5,0.999991161387696,0.368508558687494,0.5,0.5,0.271597115651868,0.999991161387696,0.666664702519026,0.333335297480975,0.999991161387696,0.5,0.336215059635193,0.78302021226688,8.83861230416283e-06,8.80145098480809e-06,CBCsimpleAsymRW,CBCdriftDiffusionLR,0.5,0.995795570834435,0.262982882625012,1.16679593644414,1.36475785237327,2.8214642034063,0.5,77.8113116914458
CBC_1024,CBC_1024_MSI_AV_v3_Vset4_Aset2_2023-07-05_16h16.42.189.csv,4,16,0,3,b,1,0,3,aud,A,9,1,0A,3A,1,0,b,2.08950209999966,1,0,1,1,0A,3A,A03,3.43398720448515,0.999999962838681,0.5,0.5,0.5,0.368508558687494,0.999999962838681,0.5,0.5,0.368508558687494,0.5,0.999991161387696,0.368508558687494,0.5,0.5,0.271597115651868,0.999991161387696,0.666666658408596,0.333333341591404,0.999999962838681,0.5,0.373248569885114,0.783698186758708,3.71613193550502e-08,3.70050772201229e-08,CBCsimpleAsymRW,CBCdriftDiffusionLR,0.5,0.995795570834435,0.262982882625012,1.16679593644414,1.36475785237327,2.8214642034063,0.5,77.8113116914458
CBC_1024,CBC_1024_MSI_AV_v3_Vset4_Aset2_2023-07-05_16h16.42.189.csv,4,17,2,3,z,0,1,0,aud,D,63,1,2D,3D,0,1,z,2.31216360000144,0,1,1,1,3D,2D,D23,2.36712361413162,0.999999999843758,0.5,0.5,0.5,0.368508558687494,0.999999962838681,0.5,0.5,0.368508558687494,0.5,0.999991161387696,0.368508558687494,0.5,0.5,0.271597115651868,0.999991161387696,0.786411120206153,0.213588879793847,0.999991161387696,0.271597115651868,0.408047554944813,0.901179674601701,8.83861230416283e-06,8.80145098480809e-06,CBCsimpleAsymRW,CBCdriftDiffusionLR,0.5,0.995795570834435,0.262982882625012,1.16679593644414,1.36475785237327,2.8214642034063,0.5,77.8113116914458
CBC_1024,CBC_1024_MSI_AV_v3_Vset4_Aset2_2023-07-05_16h16.42.189.csv,4,18,0,2,z,0,1,1,aud,C,27,1,0C,2C,0,1,z,1.79260939999949,0,1,1,1,2C,0C,C02,2.80336038090653,0.999999999843758,0.5,0.5,0.5,0.368508558687494,0.999999962838681,0.5,0.5,0.368508558687494,0.5,0.999991161387696,0.368508558687494,0.5,0.5,0.271597115651868,0.999999962838681,0.730720764292705,0.269279235707295,0.999991161387696,0.368508558687494,0.496727453968181,0.854553040104245,8.83861230416283e-06,8.80145098480809e-06,CBCsimpleAsymRW,CBCdriftDiffusionLR,0.5,0.995795570834435,0.262982882625012,1.16679593644414,1.36475785237327,2.8214642034063,0.5,77.8113116914458
CBC_1024,CBC_1024_MSI_AV_v3_Vset4_Aset2_2023-07-05_16h16.42.189.csv,4,19,0,1,b,1,0,3,aud,A,63,1,0A,1A,1,0,b,4.18584790000023,1,0,1,1,0A,1A,A01,2.42774823594805,0.999999999843758,0.5,0.5,0.5,0.368508558687494,0.999999962838681,0.5,0.5,0.368508558687494,0.5,0.999999962838681,0.368508558687494,0.5,0.5,0.271597115651868,0.999999962838681,0.666666666631946,0.333333333368054,0.999999999843758,0.5,0.0844245307303039,0.783332301063056,1.56242130344708e-10,1.55585221374997e-10,CBCsimpleAsymRW,CBCdriftDiffusionLR,0.5,0.995795570834435,0.262982882625012,1.16679593644414,1.36475785237327,2.8214642034063,0.5,77.8113116914458
CBC_1024,CBC_1024_MSI_AV_v3_Vset4_Aset2_2023-07-05_16h16.42.189.csv,4,20,1,0,b,1,0,2,aud,B,63,0,1B,0B,0,1,b,1.33021300000109,1,0,1,0,1B,0B,B10,3.55534806148941,0.999999999999343,0.5,0.5,0.5,0.368508558687494,0.999999962838681,0.5,0.5,0.368508558687494,0.5,0.999999962838681,0.368508558687494,0.5,0.5,0.271597115651868,0.999999962838681,0.730722496140156,0.269277503859844,0.999999962838681,0.368508558687494,0.0453884774307396,0.854868899832157,-0.999999962838681,-0.262982872852221,CBCsimpleAsymRW,CBCdriftDiffusionLR,0.5,0.995795570834435,0.262982882625012,1.16679593644414,1.36475785237327,2.8214642034063,0.5,77.8113116914458
CBC_1024,CBC_1024_MSI_AV_v3_Vset4_Aset2_2023-07-05_16h16.42.189.csv,4,21,3,1,b,1,0,0,aud,D,27,1,3D,1D,1,0,b,2.48484989999997,1,0,1,1,3D,1D,D31,3.58351893845611,0.999999999999343,0.5,0.5,0.5,0.368508558687494,0.737017089986459,0.5,0.5,0.368508558687494,0.5,0.999999962838681,0.368508558687494,0.5,0.5,0.271597115651868,0.999999962838681,0.666666658408596,0.333333341591404,0.999999962838681,0.5,0.287922271764843,0.783496350905921,3.71613193550502e-08,3.70050772201229e-08,CBCsimpleAsymRW,CBCdriftDiffusionLR,0.5,0.995795570834435,0.262982882625012,1.16679593644414,1.36475785237327,2.8214642034063,0.5,77.8113116914458
CBC_1024,CBC_1024_MSI_AV_v3_Vset4_Aset2_2023-07-05_16h16.42.189.csv,4,22,3,2,z,0,1,1,aud,C,63,1,3C,2C,0,1,b,1.74199819999922,1,0,0,0,3C,2C,C32,2.91777073208428,0.999999999999343,0.5,0.5,0.5,0.368508558687494,0.737017089986459,0.5,0.5,0.368508558687494,0.5,0.999999962838681,0.368508558687494,0.5,0.5,0.271597115651868,0.999999999843758,0.269277503859844,0.730722496140156,0.368508558687494,0.999999962838681,0.0840182295280292,0.144893191933945,-0.368508558687494,-0.0969114430356257,CBCsimpleAsymRW,CBCdriftDiffusionLR,0.5,0.995795570834435,0.262982882625012,1.16679593644414,1.36475785237327,2.8214642034063,0.5,77.8113116914458
CBC_1024,CBC_1024_MSI_AV_v3_Vset4_Aset2_2023-07-05_16h16.42.189.csv,4,23,0,1,z,0,1,2,aud,B,63,1,0B,1B,0,1,z,1.82625910000024,0,1,1,1,1B,0B,B01,2.53897387105828,0.999999999999343,0.5,0.5,0.5,0.368508558687494,0.737017089986459,0.5,0.5,0.368508558687494,0.5,0.999999962838681,0.271597115651868,0.5,0.5,0.271597115651868,0.999999999843758,0.666666658408596,0.333333341591404,0.737017089986459,0.368508558687494,0.411887374499891,0.782509710271222,0.262982910013541,0.261877216996635,CBCsimpleAsymRW,CBCdriftDiffusionLR,0.5,0.995795570834435,0.262982882625012,1.16679593644414,1.36475785237327,2.8214642034063,0.5,77.8113116914458
CBC_1024,CBC_1024_MSI_AV_v3_Vset4_Aset2_2023-07-05_16h16.42.189.csv,4,24,0,2,b,1,0,3,aud,A,27,1,0A,2A,1,0,b,2.6952753000005,1,0,1,1,0A,2A,A02,3.66356164612965,0.999999999999343,0.5,0.5,0.5,0.368508558687494,0.998894306983094,0.5,0.5,0.368508558687494,0.5,0.999999962838681,0.271597115651868,0.5,0.5,0.271597115651868,0.999999999843758,0.666666666666521,0.333333333333479,0.999999999999343,0.5,0.247961284833281,0.78353792865659,6.56918963670705e-13,6.54156994420435e-13,CBCsimpleAsymRW,CBCdriftDiffusionLR,0.5,0.995795570834435,0.262982882625012,1.16679593644414,1.36475785237327,2.8214642034063,0.5,77.8113116914458
CBC_1024,CBC_1024_MSI_AV_v3_Vset4_Aset2_2023-07-05_16h16.42.189.csv,4,25,3,2,b,1,0,0,aud,D,63,1,3D,2D,1,0,b,2.11651969999912,1,0,1,1,3D,2D,D32,2.99573227355399,0.999999999999997,0.5,0.5,0.5,0.368508558687494,0.998894306983094,0.5,0.5,0.368508558687494,0.5,0.999999962838681,0.271597115651868,0.5,0.5,0.271597115651868,0.999999999843758,0.786412604792668,0.213587395207332,0.999999999843758,0.271597115651868,0.480693228136155,0.901036995084582,1.56242130344708e-10,1.55585221374997e-10,CBCsimpleAsymRW,CBCdriftDiffusionLR,0.5,0.995795570834435,0.262982882625012,1.16679593644414,1.36475785237327,2.8214642034063,0.5,77.8113116914458
CBC_1024,CBC_1024_MSI_AV_v3_Vset4_Aset2_2023-07-05_16h16.42.189.csv,4,26,0,2,z,0,1,1,aud,C,27,1,0C,2C,0,1,z,3.72633179999866,0,1,1,1,2C,0C,C02,2.6149597780362,0.999999999999997,0.5,0.5,0.5,0.368508558687494,0.998894306983094,0.5,0.5,0.368508558687494,0.5,0.999999962838681,0.271597115651868,0.5,0.5,0.271597115651868,0.999999999999343,0.730722496140156,0.269277503859844,0.999999962838681,0.368508558687494,0.118181353941896,0.855238453095259,3.71613193550502e-08,3.70050772201229e-08,CBCsimpleAsymRW,CBCdriftDiffusionLR,0.5,0.995795570834435,0.262982882625012,1.16679593644414,1.36475785237327,2.8214642034063,0.5,77.8113116914458
CBC_1024,CBC_1024_MSI_AV_v3_Vset4_Aset2_2023-07-05_16h16.42.189.csv,4,27,0,1,z,0,1,2,aud,B,63,1,0B,1B,0,1,z,2.01000980000026,0,1,1,1,1B,0B,B01,2.35137525716348,0.999999999999997,0.5,0.5,0.5,0.368508558687494,0.998894306983094,0.5,0.5,0.368508558687494,0.5,0.999999999843758,0.271597115651868,0.5,0.5,0.271597115651868,0.999999999999343,0.730504763490624,0.269495236509376,0.998894306983094,0.368508558687494,0.458406603750598,0.85457572121339,0.001105693016906,0.00110104420893755,CBCsimpleAsymRW,CBCdriftDiffusionLR,0.5,0.995795570834435,0.262982882625012,1.16679593644414,1.36475785237327,2.8214642034063,0.5,77.8113116914458
CBC_1024,CBC_1024_MSI_AV_v3_Vset4_Aset2_2023-07-05_16h16.42.189.csv,4,28,1,0,z,0,1,3,aud,A,63,1,1A,0A,0,1,b,2.81331160000082,1,0,0,0,1A,0A,A10,3.76120011569356,0.999999999999997,0.5,0.5,0.5,0.368508558687494,0.999995351192032,0.5,0.5,0.368508558687494,0.5,0.999999999843758,0.271597115651868,0.5,0.5,0.271597115651868,0.999999999999343,0.333333333333334,0.666666666666666,0.5,0.999999999999997,0.0633354086380163,0.217869628797005,-0.5,-0.131491441312506,CBCsimpleAsymRW,CBCdriftDiffusionLR,0.5,0.995795570834435,0.262982882625012,1.16679593644414,1.36475785237327,2.8214642034063,0.5,77.8113116914458
CBC_1024,CBC_1024_MSI_AV_v3_Vset4_Aset2_2023-07-05_16h16.42.189.csv,4,29,2,3,b,1,0,1,aud,C,63,1,2C,3C,1,0,b,3.31570259999899,1,0,1,1,2C,3C,C23,2.68557734525015,0.999999999999997,0.368508558687494,0.5,0.5,0.368508558687494,0.999995351192032,0.5,0.5,0.368508558687494,0.5,0.999999999843758,0.271597115651868,0.5,0.5,0.271597115651868,0.999999999999343,0.786412604792668,0.213587395207332,0.999999999843758,0.271597115651868,0.162772494965384,0.900428921110518,1.56242130344708e-10,1.55585221374997e-10,CBCsimpleAsymRW,CBCdriftDiffusionLR,0.5,0.995795570834435,0.262982882625012,1.16679593644414,1.36475785237327,2.8214642034063,0.5,77.8113116914458
CBC_1024,CBC_1024_MSI_AV_v3_Vset4_Aset2_2023-07-05_16h16.42.189.csv,4,30,1,3,z,0,1,0,aud,D,27,1,1D,3D,0,1,z,4.05458290000024,0,1,1,1,3D,1D,D13,3.80666248977032,0.999999999999997,0.368508558687494,0.5,0.5,0.368508558687494,0.999995351192032,0.5,0.5,0.368508558687494,0.5,0.999999999999343,0.271597115651868,0.5,0.5,0.271597115651868,0.999999999999343,0.666666666666521,0.333333333333479,0.999999999999343,0.5,0.0928453509447477,0.783787154106804,6.56918963670705e-13,6.54156994420435e-13,CBCsimpleAsymRW,CBCdriftDiffusionLR,0.5,0.995795570834435,0.262982882625012,1.16679593644414,1.36475785237327,2.8214642034063,0.5,77.8113116914458
CBC_1024,CBC_1024_MSI_AV_v3_Vset4_Aset2_2023-07-05_16h16.42.189.csv,4,31,0,1,b,1,0,3,aud,A,63,1,0A,1A,1,0,b,1.81486849999965,1,0,1,1,0A,1A,A01,2.4423470353692,0.999999999999997,0.368508558687494,0.5,0.5,0.368508558687494,0.999995351192032,0.5,0.5,0.368508558687494,0.5,0.999999999999343,0.271597115651868,0.5,0.5,0.271597115651868,0.999999999999997,0.730722503452282,0.269277496547718,0.999999999999997,0.368508558687494,0.496604975489793,0.855234769486891,2.77555756156289e-15,2.76388792640035e-15,CBCsimpleAsymRW,CBCdriftDiffusionLR,0.5,0.995795570834435,0.262982882625012,1.16679593644414,1.36475785237327,2.8214642034063,0.5,77.8113116914458
CBC_1024,CBC_1024_MSI_AV_v3_Vset4_Aset2_2023-07-05_16h16.42.189.csv,4,32,2,3,z,0,1,0,aud,D,63,1,2D,3D,0,1,z,2.67559279999841,0,1,1,1,3D,2D,D23,2.46385324059017,1,0.368508558687494,0.5,0.5,0.368508558687494,0.999995351192032,0.5,0.5,0.368508558687494,0.5,0.999999999999343,0.271597115651868,0.5,0.5,0.271597115651868,0.999999999999997,0.786412604818911,0.213587395181089,0.999999999999997,0.271597115651868,0.29376979537709,0.900771949794498,2.77555756156289e-15,2.76388792640035e-15,CBCsimpleAsymRW,CBCdriftDiffusionLR,0.5,0.995795570834435,0.262982882625012,1.16679593644414,1.36475785237327,2.8214642034063,0.5,77.8113116914458
CBC_1024,CBC_1024_MSI_AV_v3_Vset4_Aset2_2023-07-05_16h16.42.189.csv,4,33,1,2,b,1,0,2,aud,B,9,1,1B,2B,1,0,z,2.9577117000008,0,1,0,0,2B,1B,B12,3.87120101090789,1,0.368508558687494,0.5,0.5,0.368508558687494,0.999995351192032,0.5,0.5,0.368508558687494,0.5,0.999999999999343,0.271597115651868,0.5,0.5,0.271597115651868,1,0.333334366404972,0.666665633595028,0.5,0.999995351192032,0.0568861892738635,0.217113998527297,-0.5,-0.131491441312506,CBCsimpleAsymRW,CBCdriftDiffusionLR,0.5,0.995795570834435,0.262982882625012,1.16679593644414,1.36475785237327,2.8214642034063,0.5,77.8113116914458
CBC_1024,CBC_1024_MSI_AV_v3_Vset4_Aset2_2023-07-05_16h16.42.189.csv,4,34,0,1,b,1,0,3,aud,A,63,1,0A,1A,1,0,b,3.21706989999984,1,0,1,1,0A,1A,A01,2.28238238567653,1,0.368508558687494,0.5,0.5,0.368508558687494,0.999995351192032,0.368508558687494,0.5,0.368508558687494,0.5,0.999999999999343,0.271597115651868,0.5,0.5,0.271597115651868,1,0.730722503452282,0.269277496547718,1,0.368508558687494,0.179262055389684,0.855591782529591,0,0,CBCsimpleAsymRW,CBCdriftDiffusionLR,0.5,0.995795570834435,0.262982882625012,1.16679593644414,1.36475785237327,2.8214642034063,0.5,77.8113116914458
CBC_1024,CBC_1024_MSI_AV_v3_Vset4_Aset2_2023-07-05_16h16.42.189.csv,4,35,1,2,z,0,1,1,aud,C,9,1,1C,2C,0,1,b,3.85207239999909,1,0,0,0,1C,2C,C12,3.91202300542815,1,0.368508558687494,0.5,0.5,0.368508558687494,0.999995351192032,0.368508558687494,0.5,0.368508558687494,0.5,0.999999999999343,0.271597115651868,0.5,0.5,0.271597115651868,1,0.333333333333479,0.666666666666521,0.5,0.999999999999343,0.0298249483247567,0.217241240096264,-0.5,-0.131491441312506,CBCsimpleAsymRW,CBCdriftDiffusionLR,0.5,0.995795570834435,0.262982882625012,1.16679593644414,1.36475785237327,2.8214642034063,0.5,77.8113116914458
CBC_1024,CBC_1024_MSI_AV_v3_Vset4_Aset2_2023-07-05_16h16.42.189.csv,4,36,0,1,z,0,1,2,aud,B,63,1,0B,1B,0,1,z,1.85112690000096,0,1,1,1,1B,0B,B01,2.32238772029023,1,0.368508558687494,0.5,0.5,0.368508558687494,0.999995351192032,0.368508558687494,0.5,0.368508558687494,0.368508558687494,0.999999999999343,0.271597115651868,0.5,0.5,0.271597115651868,1,0.73072158871659,0.26927841128341,0.999995351192032,0.368508558687494,0.493060068564335,0.855355522633275,4.6488079684659e-06,4.62926238465817e-06,CBCsimpleAsymRW,CBCdriftDiffusionLR,0.5,0.995795570834435,0.262982882625012,1.16679593644414,1.36475785237327,2.8214642034063,0.5,77.8113116914458
CBC_1024,CBC_1024_MSI_AV_v3_Vset4_Aset2_2023-07-05_16h16.42.189.csv,4,37,1,0,z,0,1,3,aud,A,63,0,1A,0A,1,0,z,4.30748139999923,0,1,1,0,0A,1A,A10,3.25809653802148,1,0.368508558687494,0.5,0.5,0.368508558687494,0.999999980454416,0.368508558687494,0.5,0.368508558687494,0.368508558687494,0.999999999999343,0.271597115651868,0.5,0.5,0.271597115651868,1,0.730722503452282,0.269277496547718,1,0.368508558687494,0.0733948788742972,0.855821428952318,-1,-0.262982882625012,CBCsimpleAsymRW,CBCdriftDiffusionLR,0.5,0.995795570834435,0.262982882625012,1.16679593644414,1.36475785237327,2.8214642034063,0.5,77.8113116914458
CBC_1024,CBC_1024_MSI_AV_v3_Vset4_Aset2_2023-07-05_16h16.42.189.csv,4,38,1,0,b,1,0,2,aud,B,63,1,1B,0B,1,0,b,4.27294239999901,1,0,1,1,1B,0B,B10,3.27714473299218,0.737017117374988,0.368508558687494,0.5,0.5,0.368508558687494,0.999999980454416,0.368508558687494,0.5,0.368508558687494,0.368508558687494,0.999999999999343,0.271597115651868,0.5,0.5,0.271597115651868,1,0.730722499606354,0.269277500393646,0.999999980454416,0.368508558687494,0.0755667077004028,0.855267415160458,1.95455838181147e-08,1.94634057954518e-08,CBCsimpleAsymRW,CBCdriftDiffusionLR,0.5,0.995795570834435,0.262982882625012,1.16679593644414,1.36475785237327,2.8214642034063,0.5,77.8113116914458
CBC_1024,CBC_1024_MSI_AV_v3_Vset4_Aset2_2023-07-05_16h16.42.189.csv,4,39,3,1,b,1,0,0,aud,D,27,1,3D,1D,1,0,b,1.4897501000014,1,0,1,1,3D,1D,D31,3.29583686600433,0.737017117374988,0.368508558687494,0.5,0.5,0.368508558687494,0.999999999917822,0.368508558687494,0.5,0.368508558687494,0.368508558687494,0.999999999999343,0.271597115651868,0.5,0.5,0.271597115651868,1,0.666666666666667,0.333333333333333,1,0.5,0.258738076650824,0.783188095725655,0,0,CBCsimpleAsymRW,CBCdriftDiffusionLR,0.5,0.995795570834435,0.262982882625012,1.16679593644414,1.36475785237327,2.8214642034063,0.5,77.8113116914458
CBC_1024,CBC_1024_MSI_AV_v3_Vset4_Aset2_2023-07-05_16h16.42.189.csv,4,40,2,3,b,1,0,1,aud,C,63,1,2C,3C,1,0,b,4.69300899999871,1,0,1,1,2C,3C,C23,2.62103882411258,0.737017117374988,0.368508558687494,0.5,0.5,0.368508558687494,0.999999999917822,0.368508558687494,0.5,0.368508558687494,0.368508558687494,0.999999999999343,0.271597115651868,0.5,0.5,0.271597115651868,1,0.786412604818801,0.213587395181199,0.999999999999343,0.271597115651868,0.0454595790126408,0.900871105643538,6.56918963670705e-13,6.54156994420435e-13,CBCsimpleAsymRW,CBCdriftDiffusionLR,0.5,0.995795570834435,0.262982882625012,1.16679593644414,1.36475785237327,2.8214642034063,0.5,77.8113116914458
CBC_1024,CBC_1024_MSI_AV_v3_Vset4_Aset2_2023-07-05_16h16.42.189.csv,4,41,2,0,z,0,1,3,aud,A,27,1,2A,0A,0,1,z,2.70453730000008,0,1,1,1,0A,2A,A20,3.3322045101752,0.737017117374988,0.368508558687494,0.5,0.5,0.368508558687494,0.999999999917822,0.368508558687494,0.5,0.368508558687494,0.368508558687494,0.999999999999997,0.271597115651868,0.5,0.5,0.271597115651868,1,0.595801874543963,0.404198125456037,0.737017117374988,0.5,0.208829145503485,0.677694350044297,0.262982882625012,0.261877189723259,CBCsimpleAsymRW,CBCdriftDiffusionLR,0.5,0.995795570834435,0.262982882625012,1.16679593644414,1.36475785237327,2.8214642034063,0.5,77.8113116914458
CBC_1024,CBC_1024_MSI_AV_v3_Vset4_Aset2_2023-07-05_16h16.42.189.csv,4,42,3,2,b,1,0,0,aud,D,63,1,3D,2D,1,0,b,2.80603049999991,1,0,1,1,3D,2D,D32,2.94443897916644,0.998894307098247,0.368508558687494,0.5,0.5,0.368508558687494,0.999999999917822,0.368508558687494,0.5,0.368508558687494,0.368508558687494,0.999999999999997,0.271597115651868,0.5,0.5,0.271597115651868,1,0.786412604818911,0.213587395181089,1,0.271597115651868,0.260542710630686,0.900550380520998,0,0,CBCsimpleAsymRW,CBCdriftDiffusionLR,0.5,0.995795570834435,0.262982882625012,1.16679593644414,1.36475785237327,2.8214642034063,0.5,77.8113116914458
CBC_1024,CBC_1024_MSI_AV_v3_Vset4_Aset2_2023-07-05_16h16.42.189.csv,4,43,3,1,z,0,1,2,aud,B,27,1,3B,1B,0,1,z,2.00983619999897,0,1,1,1,1B,3B,B31,3.36729582998647,0.998894307098247,0.368508558687494,0.5,0.5,0.368508558687494,0.999999999917822,0.368508558687494,0.5,0.368508558687494,0.368508558687494,0.999999999999997,0.271597115651868,0.5,0.5,0.271597115651868,1,0.666666666648405,0.333333333351595,0.999999999917822,0.5,0.388779181535559,0.783064524071718,8.21780421489393e-11,8.18325303917593e-11,CBCsimpleAsymRW,CBCdriftDiffusionLR,0.5,0.995795570834435,0.262982882625012,1.16679593644414,1.36475785237327,2.8214642034063,0.5,77.8113116914458
CBC_1024,CBC_1024_MSI_AV_v3_Vset4_Aset2_2023-07-05_16h16.42.189.csv,4,44,2,3,b,1,0,1,aud,C,63,1,2C,3C,1,0,b,2.37233220000053,1,0,1,1,2C,3C,C23,2.46809953147162,0.998894307098247,0.368508558687494,0.5,0.5,0.368508558687494,0.999999999999654,0.368508558687494,0.5,0.368508558687494,0.368508558687494,0.999999999999997,0.271597115651868,0.5,0.5,0.271597115651868,1,0.786412604818911,0.213587395181089,0.999999999999997,0.271597115651868,0.386794141947701,0.900967540499818,2.77555756156289e-15,2.76388792640035e-15,CBCsimpleAsymRW,CBCdriftDiffusionLR,0.5,0.995795570834435,0.262982882625012,1.16679593644414,1.36475785237327,2.8214642034063,0.5,77.8113116914458
