ID,filename,session,trial,visStimLeft,visStimRight,correctKey,leftCorrect,rightCorrect,secondStim,mod2Type,mod2Stim,frequency,rewardAccurate,stimPairLeft,stimPairRight,pCorrectLeft,pCorrectRight,key,reactionTime,choiceLeft,choiceRight,choiceAccurate,reward,chosenPair,otherPair,triplet,surprise,0A belief,1A belief,2A belief,3A belief,0B belief,1B belief,2B belief,3B belief,0C belief,1C belief,2C belief,3C belief,0D belief,1D belief,2D belief,3D belief,beliefPairNorm,beliefOtherPairNorm,beliefPair,beliefOtherPair,lik,corrLik,rewardPE,update2,rewardPEOP,update2OP,fit_percModel,fit_respModel,fit_startBelief,fit_alpha1,fit_alpha12,fit_alpha2,fit_alpha22,fit_nonDecisionTime,fit_weight,fit_startingBoundary,fit_startingPoint,fit_NLL
CBC_1029,CBC_1029_MSI_AV_v3_Vset2_Aset2_2023-07-21_14h51.03.497.csv,1,1,0,1,b,1,0,0,aud,A,63,1,0A,1A,1,0,z,2.53555319999941,0,1,0,0,1A,0A,A01,2.77258872223978,0.5,0.5,0.5,0.5,0.5,0.5,0.5,0.5,0.5,0.5,0.5,0.5,0.5,0.5,0.5,0.5,0.5,0.5,0.5,0.5,0.167407718854305,0.499366319053811,-0.5,-0.016042697834855,-0.5,0.496689869217108,CBCbothPairsAsymRW,CBCdriftDiffusionLR,0.5,0.00455451587953393,0.03208539566971,0.000598538290898176,0.993379738434217,1.15144145950254,0.998801035094012,2.44674569379064,0.5,79.3378831385069
CBC_1029,CBC_1029_MSI_AV_v3_Vset2_Aset2_2023-07-21_14h51.03.497.csv,1,2,3,2,z,0,1,1,aud,C,63,1,3C,2C,0,1,z,3.65741829999934,0,1,1,1,2C,3C,C32,2.83321334405622,0.996689869217108,0.483957302165145,0.5,0.5,0.5,0.5,0.5,0.5,0.5,0.5,0.5,0.5,0.5,0.5,0.5,0.5,0.5,0.5,0.5,0.5,0.0665671224834896,0.50047664064856,0.5,0.00227725793976696,0.5,-0.000299269145449088,CBCbothPairsAsymRW,CBCdriftDiffusionLR,0.5,0.00455451587953393,0.03208539566971,0.000598538290898176,0.993379738434217,1.15144145950254,0.998801035094012,2.44674569379064,0.5,79.3378831385069
CBC_1029,CBC_1029_MSI_AV_v3_Vset2_Aset2_2023-07-21_14h51.03.497.csv,1,3,0,2,b,1,0,0,aud,A,27,1,0A,2A,1,0,b,2.44632450000063,1,0,1,1,0A,2A,A02,2.89037175789616,0.996689869217108,0.483957302165145,0.5,0.5,0.5,0.5,0.5,0.5,0.5,0.5,0.502277257939767,0.499700730854551,0.5,0.5,0.5,0.5,0.665929455204009,0.334070544795991,0.996689869217108,0.5,0.252048114606993,0.692493469424741,0.00331013078289155,1.50760432140136e-05,0.5,-0.000299269145449088,CBCbothPairsAsymRW,CBCdriftDiffusionLR,0.5,0.00455451587953393,0.03208539566971,0.000598538290898176,0.993379738434217,1.15144145950254,0.998801035094012,2.44674569379064,0.5,79.3378831385069
CBC_1029,CBC_1029_MSI_AV_v3_Vset2_Aset2_2023-07-21_14h51.03.497.csv,1,4,1,0,b,1,0,3,aud,B,63,1,1B,0B,1,0,b,2.63816149999911,1,0,1,1,1B,0B,B10,2.94443897916644,0.996704945260322,0.483957302165145,0.499700730854551,0.5,0.5,0.5,0.5,0.5,0.5,0.5,0.502277257939767,0.499700730854551,0.5,0.5,0.5,0.5,0.5,0.5,0.5,0.5,0.154200680061443,0.500488017604976,0.5,0.00227725793976696,0.5,-0.000299269145449088,CBCbothPairsAsymRW,CBCdriftDiffusionLR,0.5,0.00455451587953393,0.03208539566971,0.000598538290898176,0.993379738434217,1.15144145950254,0.998801035094012,2.44674569379064,0.5,79.3378831385069
CBC_1029,CBC_1029_MSI_AV_v3_Vset2_Aset2_2023-07-21_14h51.03.497.csv,1,5,0,1,z,0,1,3,aud,B,63,1,0B,1B,0,1,z,1.47881809999853,0,1,1,1,1B,0B,B01,2.99573227355399,0.996704945260322,0.483957302165145,0.499700730854551,0.5,0.499700730854551,0.502277257939767,0.5,0.5,0.5,0.5,0.502277257939767,0.499700730854551,0.5,0.5,0.5,0.5,0.50128572040206,0.49871427959794,0.502277257939767,0.499700730854551,0.26605653445088,0.502062801481724,0.497722742060233,0.0022668861323185,0.499700730854551,-0.000299090021406252,CBCbothPairsAsymRW,CBCdriftDiffusionLR,0.5,0.00455451587953393,0.03208539566971,0.000598538290898176,0.993379738434217,1.15144145950254,0.998801035094012,2.44674569379064,0.5,79.3378831385069
CBC_1029,CBC_1029_MSI_AV_v3_Vset2_Aset2_2023-07-21_14h51.03.497.csv,1,6,3,2,z,0,1,1,aud,C,63,1,3C,2C,0,1,b,2.46306419999928,1,0,0,0,3C,2C,C32,2.35137525716348,0.996704945260322,0.483957302165145,0.499700730854551,0.5,0.499401640833145,0.504544144072085,0.5,0.5,0.5,0.5,0.502277257939767,0.499700730854551,0.5,0.5,0.5,0.5,0.49871427959794,0.50128572040206,0.499700730854551,0.502277257939767,0.177612089159276,0.499174466202522,-0.499700730854551,-0.0160330956659115,-0.497722742060233,0.494427687320555,CBCbothPairsAsymRW,CBCdriftDiffusionLR,0.5,0.00455451587953393,0.03208539566971,0.000598538290898176,0.993379738434217,1.15144145950254,0.998801035094012,2.44674569379064,0.5,79.3378831385069
CBC_1029,CBC_1029_MSI_AV_v3_Vset2_Aset2_2023-07-21_14h51.03.497.csv,1,7,3,1,b,1,0,2,aud,D,27,1,3D,1D,1,0,z,2.91480769999907,0,1,0,0,1D,3D,D31,3.09104245335832,0.996704945260322,0.483957302165145,0.499700730854551,0.5,0.499401640833145,0.504544144072085,0.5,0.5,0.5,0.5,0.996704945260322,0.483667635188639,0.5,0.5,0.5,0.5,0.5,0.5,0.5,0.5,0.122745598678449,0.500369499230339,-0.5,-0.016042697834855,-0.5,0.496689869217108,CBCbothPairsAsymRW,CBCdriftDiffusionLR,0.5,0.00455451587953393,0.03208539566971,0.000598538290898176,0.993379738434217,1.15144145950254,0.998801035094012,2.44674569379064,0.5,79.3378831385069
CBC_1029,CBC_1029_MSI_AV_v3_Vset2_Aset2_2023-07-21_14h51.03.497.csv,1,8,1,2,z,0,1,1,aud,C,9,1,1C,2C,0,1,z,2.15106249999917,0,1,1,1,2C,1C,C12,3.13549421592915,0.996704945260322,0.483957302165145,0.499700730854551,0.5,0.499401640833145,0.504544144072085,0.5,0.5,0.5,0.5,0.996704945260322,0.483667635188639,0.5,0.483957302165145,0.5,0.996689869217108,0.665932820237301,0.334067179762699,0.996704945260322,0.5,0.325498519492873,0.692279068497598,0.00329505473967751,1.50073791357947e-05,0.5,-0.000299269145449088,CBCbothPairsAsymRW,CBCdriftDiffusionLR,0.5,0.00455451587953393,0.03208539566971,0.000598538290898176,0.993379738434217,1.15144145950254,0.998801035094012,2.44674569379064,0.5,79.3378831385069
CBC_1029,CBC_1029_MSI_AV_v3_Vset2_Aset2_2023-07-21_14h51.03.497.csv,1,9,3,1,z,0,1,3,aud,B,27,1,3B,1B,0,1,z,3.11267210000005,0,1,1,1,1B,3B,B31,3.17805383034795,0.996704945260322,0.483957302165145,0.499700730854551,0.5,0.499401640833145,0.504544144072085,0.5,0.5,0.5,0.499700730854551,0.996719952639458,0.483667635188639,0.5,0.483957302165145,0.5,0.996689869217108,0.50226179411771,0.49773820588229,0.504544144072085,0.5,0.104958249956631,0.503652474640016,0.495455855927915,0.00225656156343176,0.5,-0.000299269145449088,CBCbothPairsAsymRW,CBCdriftDiffusionLR,0.5,0.00455451587953393,0.03208539566971,0.000598538290898176,0.993379738434217,1.15144145950254,0.998801035094012,2.44674569379064,0.5,79.3378831385069
CBC_1029,CBC_1029_MSI_AV_v3_Vset2_Aset2_2023-07-21_14h51.03.497.csv,1,10,3,2,b,1,0,2,aud,D,63,1,3D,2D,1,0,b,1.73663420000048,1,0,1,1,3D,2D,D32,3.2188758248682,0.996704945260322,0.483957302165145,0.499700730854551,0.5,0.499401640833145,0.506800705635517,0.5,0.499700730854551,0.5,0.499700730854551,0.996719952639458,0.483667635188639,0.5,0.483957302165145,0.5,0.996689869217108,0.665929455204009,0.334070544795991,0.996689869217108,0.5,0.440159579115381,0.691563760855972,0.00331013078289155,1.50760432140136e-05,0.5,-0.000299269145449088,CBCbothPairsAsymRW,CBCdriftDiffusionLR,0.5,0.00455451587953393,0.03208539566971,0.000598538290898176,0.993379738434217,1.15144145950254,0.998801035094012,2.44674569379064,0.5,79.3378831385069
CBC_1029,CBC_1029_MSI_AV_v3_Vset2_Aset2_2023-07-21_14h51.03.497.csv,1,11,1,0,b,1,0,3,aud,B,63,1,1B,0B,1,0,z,1.93121780000001,0,1,0,0,0B,1B,B10,2.56494935746154,0.996704945260322,0.483957302165145,0.499700730854551,0.5,0.499401640833145,0.506800705635517,0.5,0.499700730854551,0.5,0.499700730854551,0.996719952639458,0.483667635188639,0.5,0.483957302165145,0.499700730854551,0.996704945260322,0.496323271940112,0.503676728059888,0.499401640833145,0.506800705635517,0.268708100829396,0.495573425547865,-0.499401640833145,-0.0160234992442339,-0.493199294364483,0.48993418603173,CBCbothPairsAsymRW,CBCdriftDiffusionLR,0.5,0.00455451587953393,0.03208539566971,0.000598538290898176,0.993379738434217,1.15144145950254,0.998801035094012,2.44674569379064,0.5,79.3378831385069
CBC_1029,CBC_1029_MSI_AV_v3_Vset2_Aset2_2023-07-21_14h51.03.497.csv,1,12,0,2,z,0,1,1,aud,C,27,1,0C,2C,0,1,z,2.61304679999921,0,1,1,1,2C,0C,C02,3.29583686600433,0.996704945260322,0.483957302165145,0.499700730854551,0.5,0.483378141588911,0.996734891667247,0.5,0.499700730854551,0.5,0.499700730854551,0.996719952639458,0.483667635188639,0.5,0.483957302165145,0.499700730854551,0.996704945260322,0.665936169877169,0.334063830122831,0.996719952639458,0.5,0.217709210353866,0.692321810467653,0.00328004736054166,1.49390277892103e-05,0.5,-0.000299269145449088,CBCbothPairsAsymRW,CBCdriftDiffusionLR,0.5,0.00455451587953393,0.03208539566971,0.000598538290898176,0.993379738434217,1.15144145950254,0.998801035094012,2.44674569379064,0.5,79.3378831385069
CBC_1029,CBC_1029_MSI_AV_v3_Vset2_Aset2_2023-07-21_14h51.03.497.csv,1,13,3,2,b,1,0,2,aud,D,63,0,3D,2D,0,1,b,2.77919079999992,1,0,1,0,3D,2D,D32,2.63905732961526,0.996704945260322,0.483957302165145,0.499700730854551,0.5,0.483378141588911,0.996734891667247,0.5,0.499700730854551,0.499700730854551,0.499700730854551,0.996734891667248,0.483667635188639,0.5,0.483957302165145,0.499700730854551,0.996704945260322,0.666066001465641,0.333933998534359,0.996704945260322,0.499700730854551,0.18846723315601,0.693631336093655,-0.996704945260322,-0.0319796725346341,-0.500299269145449,0.496987157122536,CBCbothPairsAsymRW,CBCdriftDiffusionLR,0.5,0.00455451587953393,0.03208539566971,0.000598538290898176,0.993379738434217,1.15144145950254,0.998801035094012,2.44674569379064,0.5,79.3378831385069
CBC_1029,CBC_1029_MSI_AV_v3_Vset2_Aset2_2023-07-21_14h51.03.497.csv,1,14,1,0,z,0,1,0,aud,A,63,1,1A,0A,0,1,z,3.11643209999966,0,1,1,1,0A,1A,A10,3.36729582998647,0.996704945260322,0.483957302165145,0.499700730854551,0.5,0.483378141588911,0.996734891667247,0.5,0.499700730854551,0.499700730854551,0.499700730854551,0.996734891667248,0.483667635188639,0.5,0.483957302165145,0.996687887977087,0.964725272725688,0.673148077485844,0.326851922514156,0.996704945260322,0.483957302165145,0.141243035506971,0.701388127415105,0.00329505473967751,1.50073791357947e-05,0.483957302165145,-0.000289666976505618,CBCbothPairsAsymRW,CBCdriftDiffusionLR,0.5,0.00455451587953393,0.03208539566971,0.000598538290898176,0.993379738434217,1.15144145950254,0.998801035094012,2.44674569379064,0.5,79.3378831385069
CBC_1029,CBC_1029_MSI_AV_v3_Vset2_Aset2_2023-07-21_14h51.03.497.csv,1,15,2,3,b,1,0,1,aud,C,63,1,2C,3C,1,0,z,3.12212129999898,0,1,0,0,3C,2C,C23,3.40119738166216,0.996719952639458,0.483667635188639,0.499700730854551,0.5,0.483378141588911,0.996734891667247,0.5,0.499700730854551,0.499700730854551,0.499700730854551,0.996734891667248,0.483667635188639,0.5,0.483957302165145,0.996687887977087,0.964725272725688,0.326713597426684,0.673286402573316,0.483667635188639,0.996734891667248,0.0602006775262708,0.300267432201679,-0.483667635188639,-0.0155186674476605,-0.0032651083327524,0.00324349246154896,CBCbothPairsAsymRW,CBCdriftDiffusionLR,0.5,0.00455451587953393,0.03208539566971,0.000598538290898176,0.993379738434217,1.15144145950254,0.998801035094012,2.44674569379064,0.5,79.3378831385069
CBC_1029,CBC_1029_MSI_AV_v3_Vset2_Aset2_2023-07-21_14h51.03.497.csv,1,16,0,2,b,1,0,0,aud,A,27,1,0A,2A,1,0,b,3.35502400000041,1,0,1,1,0A,2A,A02,2.7408400239252,0.996719952639458,0.483667635188639,0.499700730854551,0.5,0.483378141588911,0.996734891667247,0.5,0.499700730854551,0.499700730854551,0.499700730854551,0.999978384128797,0.468148967740979,0.5,0.483957302165145,0.996687887977087,0.964725272725688,0.666069350439748,0.333930649560252,0.996719952639458,0.499700730854551,0.113494279497167,0.693146870441014,0.00328004736054166,1.49390277892103e-05,0.499700730854551,-0.000299090021406252,CBCbothPairsAsymRW,CBCdriftDiffusionLR,0.5,0.00455451587953393,0.03208539566971,0.000598538290898176,0.993379738434217,1.15144145950254,0.998801035094012,2.44674569379064,0.5,79.3378831385069
CBC_1029,CBC_1029_MSI_AV_v3_Vset2_Aset2_2023-07-21_14h51.03.497.csv,1,17,2,3,z,0,1,2,aud,D,63,1,2D,3D,0,1,z,1.76026009999805,0,1,1,1,3D,2D,D23,3.46573590279973,0.996734891667248,0.483667635188639,0.499401640833145,0.5,0.483378141588911,0.996734891667247,0.5,0.499700730854551,0.499700730854551,0.499700730854551,0.999978384128797,0.468148967740979,0.5,0.483957302165145,0.996687887977087,0.964725272725688,0.491852146225034,0.508147853774966,0.964725272725688,0.996687887977087,0.294465880264089,0.489882445366674,0.0352747272743116,0.000160659305517081,0.996687887977087,-0.000596555865028719,CBCbothPairsAsymRW,CBCdriftDiffusionLR,0.5,0.00455451587953393,0.03208539566971,0.000598538290898176,0.993379738434217,1.15144145950254,0.998801035094012,2.44674569379064,0.5,79.3378831385069
CBC_1029,CBC_1029_MSI_AV_v3_Vset2_Aset2_2023-07-21_14h51.03.497.csv,1,18,3,2,b,1,0,2,aud,D,63,1,3D,2D,1,0,z,1.54740149999998,0,1,0,0,2D,3D,D32,2.39789527279837,0.996734891667248,0.483667635188639,0.499401640833145,0.5,0.483378141588911,0.996734891667247,0.5,0.499700730854551,0.499700730854551,0.499700730854551,0.999978384128797,0.468148967740979,0.5,0.483957302165145,0.996091332112058,0.964885932031206,0.507956594054263,0.492043405945737,0.996091332112058,0.964885932031206,0.301326464548199,0.509016934309738,-0.996091332112058,-0.0319599845139839,-0.0351140679687945,0.0348816036542024,CBCbothPairsAsymRW,CBCdriftDiffusionLR,0.5,0.00455451587953393,0.03208539566971,0.000598538290898176,0.993379738434217,1.15144145950254,0.998801035094012,2.44674569379064,0.5,79.3378831385069
CBC_1029,CBC_1029_MSI_AV_v3_Vset2_Aset2_2023-07-21_14h51.03.497.csv,1,19,3,1,z,0,1,3,aud,B,27,1,3B,1B,0,1,z,2.85014949999822,0,1,1,1,1B,3B,B31,2.83321334405622,0.996734891667248,0.483667635188639,0.499401640833145,0.5,0.483378141588911,0.996734891667247,0.5,0.499700730854551,0.499700730854551,0.499700730854551,0.999978384128797,0.468148967740979,0.5,0.483957302165145,0.964131347598074,0.999767535685408,0.666072684094185,0.333927315905815,0.996734891667247,0.499700730854551,0.176735764502764,0.692173760251517,0.00326510833275251,1.48709877499198e-05,0.499700730854551,-0.000299090021406252,CBCbothPairsAsymRW,CBCdriftDiffusionLR,0.5,0.00455451587953393,0.03208539566971,0.000598538290898176,0.993379738434217,1.15144145950254,0.998801035094012,2.44674569379064,0.5,79.3378831385069
CBC_1029,CBC_1029_MSI_AV_v3_Vset2_Aset2_2023-07-21_14h51.03.497.csv,1,20,0,3,z,0,1,2,aud,D,9,1,0D,3D,0,1,b,2.49632679999922,1,0,0,0,0D,3D,D03,3.55534806148941,0.996734891667248,0.483667635188639,0.499401640833145,0.5,0.483378141588911,0.996749762654997,0.5,0.499401640833145,0.499700730854551,0.499700730854551,0.999978384128797,0.468148967740979,0.5,0.483957302165145,0.964131347598074,0.999767535685408,0.333385000077025,0.666614999922975,0.5,0.999767535685408,0.10717381913455,0.307643644994014,-0.5,-0.016042697834855,-0.000232464314592118,0.000230925340024808,CBCbothPairsAsymRW,CBCdriftDiffusionLR,0.5,0.00455451587953393,0.03208539566971,0.000598538290898176,0.993379738434217,1.15144145950254,0.998801035094012,2.44674569379064,0.5,79.3378831385069
CBC_1029,CBC_1029_MSI_AV_v3_Vset2_Aset2_2023-07-21_14h51.03.497.csv,1,21,1,0,b,1,0,3,aud,B,63,1,1B,0B,1,0,z,1.91469479999978,0,1,0,0,0B,1B,B10,2.484906649788,0.996734891667248,0.483667635188639,0.499401640833145,0.5,0.483378141588911,0.996749762654997,0.5,0.499401640833145,0.499700730854551,0.499700730854551,0.999978384128797,0.468148967740979,0.483957302165145,0.483957302165145,0.964131347598074,0.999998461025433,0.326578628916421,0.673421371083579,0.483378141588911,0.996749762654997,0.171743374777588,0.300467232901792,-0.483378141588911,-0.0155093789309693,-0.00325023734500263,0.00322871992362783,CBCbothPairsAsymRW,CBCdriftDiffusionLR,0.5,0.00455451587953393,0.03208539566971,0.000598538290898176,0.993379738434217,1.15144145950254,0.998801035094012,2.44674569379064,0.5,79.3378831385069
CBC_1029,CBC_1029_MSI_AV_v3_Vset2_Aset2_2023-07-21_14h51.03.497.csv,1,22,1,0,z,0,1,0,aud,A,63,1,1A,0A,0,1,z,2.38374779999867,0,1,1,1,0A,1A,A10,2.91777073208428,0.996734891667248,0.483667635188639,0.499401640833145,0.5,0.467868762657941,0.999978482578625,0.5,0.499401640833145,0.499700730854551,0.499700730854551,0.999978384128797,0.468148967740979,0.483957302165145,0.483957302165145,0.964131347598074,0.999998461025433,0.673286402573316,0.326713597426684,0.996734891667248,0.483667635188639,0.269217368670124,0.699668242043946,0.0032651083327524,1.48709877499193e-05,0.483667635188639,-0.000289493599728571,CBCbothPairsAsymRW,CBCdriftDiffusionLR,0.5,0.00455451587953393,0.03208539566971,0.000598538290898176,0.993379738434217,1.15144145950254,0.998801035094012,2.44674569379064,0.5,79.3378831385069
CBC_1029,CBC_1029_MSI_AV_v3_Vset2_Aset2_2023-07-21_14h51.03.497.csv,1,23,2,3,b,1,0,1,aud,C,63,1,2C,3C,1,0,z,1.66331419999915,0,1,0,0,3C,2C,C23,2.94443897916644,0.996749762654997,0.483378141588911,0.499401640833145,0.5,0.467868762657941,0.999978482578625,0.5,0.499401640833145,0.499700730854551,0.499700730854551,0.999978384128797,0.468148967740979,0.483957302165145,0.483957302165145,0.964131347598074,0.999998461025433,0.3188749035598,0.6811250964402,0.468148967740979,0.999978384128797,0.191961602229842,0.292244877893593,-0.468148967740979,-0.0150207448623356,-2.16158712034176e-05,2.14727684820787e-05,CBCbothPairsAsymRW,CBCdriftDiffusionLR,0.5,0.00455451587953393,0.03208539566971,0.000598538290898176,0.993379738434217,1.15144145950254,0.998801035094012,2.44674569379064,0.5,79.3378831385069
CBC_1029,CBC_1029_MSI_AV_v3_Vset2_Aset2_2023-07-21_14h51.03.497.csv,1,24,0,2,b,1,0,0,aud,A,27,1,0A,2A,1,0,b,3.37110229999962,1,0,1,1,0A,2A,A02,2.56494935746154,0.996749762654997,0.483378141588911,0.499401640833145,0.5,0.467868762657941,0.999978482578625,0.5,0.499401640833145,0.499700730854551,0.499700730854551,0.999999856897279,0.453128222878643,0.483957302165145,0.483957302165145,0.964131347598074,0.999998461025433,0.666209155257393,0.333790844742607,0.996749762654997,0.499401640833145,0.111784751011619,0.692041595049291,0.00325023734500252,1.48032576000681e-05,0.499401640833145,-0.000298911004576015,CBCbothPairsAsymRW,CBCdriftDiffusionLR,0.5,0.00455451587953393,0.03208539566971,0.000598538290898176,0.993379738434217,1.15144145950254,0.998801035094012,2.44674569379064,0.5,79.3378831385069
CBC_1029,CBC_1029_MSI_AV_v3_Vset2_Aset2_2023-07-21_14h51.03.497.csv,1,25,1,0,b,1,0,3,aud,B,63,1,1B,0B,1,0,b,3.08375579999847,1,0,1,1,1B,0B,B10,2.30258509299405,0.996764565912598,0.483378141588911,0.499102729828569,0.5,0.467868762657941,0.999978482578625,0.5,0.499401640833145,0.499700730854551,0.499700730854551,0.999999856897279,0.453128222878643,0.483957302165145,0.483957302165145,0.964131347598074,0.999998461025433,0.681255141380507,0.318744858619493,0.999978482578625,0.467868762657941,0.146386917151101,0.707885184839927,2.15174213747948e-05,9.80014373381259e-08,0.467868762657941,-0.000280037369565929,CBCbothPairsAsymRW,CBCdriftDiffusionLR,0.5,0.00455451587953393,0.03208539566971,0.000598538290898176,0.993379738434217,1.15144145950254,0.998801035094012,2.44674569379064,0.5,79.3378831385069
CBC_1029,CBC_1029_MSI_AV_v3_Vset2_Aset2_2023-07-21_14h51.03.497.csv,1,26,2,3,z,0,1,2,aud,D,63,1,2D,3D,0,1,b,2.9254959000009,1,0,0,0,2D,3D,D23,3.02042488614436,0.996764565912598,0.483378141588911,0.499102729828569,0.5,0.467588725288376,0.999978580580063,0.5,0.499401640833145,0.499700730854551,0.499700730854551,0.999999856897279,0.453128222878643,0.483957302165145,0.483957302165145,0.964131347598074,0.999998461025433,0.490869464617388,0.509130535382612,0.964131347598074,0.999998461025433,0.118947176108512,0.48919650689966,-0.964131347598074,-0.0309345357652549,-1.53897456733887e-06,1.52878615316e-06,CBCbothPairsAsymRW,CBCdriftDiffusionLR,0.5,0.00455451587953393,0.03208539566971,0.000598538290898176,0.993379738434217,1.15144145950254,0.998801035094012,2.44674569379064,0.5,79.3378831385069
CBC_1029,CBC_1029_MSI_AV_v3_Vset2_Aset2_2023-07-21_14h51.03.497.csv,1,27,1,2,b,1,0,3,aud,B,9,1,1B,2B,1,0,z,2.30609030000051,0,1,0,0,2B,1B,B12,3.73766961828337,0.996764565912598,0.483378141588911,0.499102729828569,0.5,0.467588725288376,0.999978580580063,0.5,0.499401640833145,0.499700730854551,0.499700730854551,0.999999856897279,0.453128222878643,0.483957302165145,0.483957302165145,0.933196811832819,0.999999989811586,0.333338093272401,0.666661906727599,0.5,0.999978580580063,0.126056254361042,0.306369896407061,-0.5,-0.016042697834855,-2.14194199374962e-05,2.12776177749226e-05,CBCbothPairsAsymRW,CBCdriftDiffusionLR,0.5,0.00455451587953393,0.03208539566971,0.000598538290898176,0.993379738434217,1.15144145950254,0.998801035094012,2.44674569379064,0.5,79.3378831385069
CBC_1029,CBC_1029_MSI_AV_v3_Vset2_Aset2_2023-07-21_14h51.03.497.csv,1,28,1,3,z,0,1,2,aud,D,27,1,1D,3D,0,1,b,1.56901309999921,1,0,0,0,1D,3D,D13,3.76120011569356,0.996764565912598,0.483378141588911,0.499102729828569,0.5,0.467588725288376,0.999999858197837,0.483957302165145,0.499401640833145,0.499700730854551,0.499700730854551,0.999999856897279,0.453128222878643,0.483957302165145,0.483957302165145,0.933196811832819,0.999999989811586,0.326126166016868,0.673873833983132,0.483957302165145,0.999999989811586,0.192145981062146,0.299490928628425,-0.483957302165145,-0.0155279615272141,-1.01884142233999e-08,1.01209642563004e-08,CBCbothPairsAsymRW,CBCdriftDiffusionLR,0.5,0.00455451587953393,0.03208539566971,0.000598538290898176,0.993379738434217,1.15144145950254,0.998801035094012,2.44674569379064,0.5,79.3378831385069
CBC_1029,CBC_1029_MSI_AV_v3_Vset2_Aset2_2023-07-21_14h51.03.497.csv,1,29,1,0,z,0,1,0,aud,A,63,1,1A,0A,0,1,z,2.70835799999986,0,1,1,1,0A,1A,A10,2.68557734525015,0.996764565912598,0.483378141588911,0.499102729828569,0.5,0.467588725288376,0.999999858197837,0.483957302165145,0.499401640833145,0.499700730854551,0.499700730854551,0.999999856897279,0.453128222878643,0.483957302165145,0.468429340637931,0.933196811832819,0.99999999993255,0.673424637273755,0.326575362726245,0.996764565912598,0.483378141588911,0.202462198834476,0.70058677061419,0.00323543408740246,1.47358359282598e-05,0.483378141588911,-0.000289320326724163,CBCbothPairsAsymRW,CBCdriftDiffusionLR,0.5,0.00455451587953393,0.03208539566971,0.000598538290898176,0.993379738434217,1.15144145950254,0.998801035094012,2.44674569379064,0.5,79.3378831385069
CBC_1029,CBC_1029_MSI_AV_v3_Vset2_Aset2_2023-07-21_14h51.03.497.csv,1,30,0,1,b,1,0,0,aud,A,63,1,0A,1A,1,0,b,1.60033680000015,1,0,1,1,0A,1A,A01,3.11351530921037,0.996779301748526,0.483088821262187,0.499102729828569,0.5,0.467588725288376,0.999999858197837,0.483957302165145,0.499401640833145,0.499700730854551,0.499700730854551,0.999999856897279,0.453128222878643,0.483957302165145,0.468429340637931,0.933196811832819,0.99999999993255,0.673559546455147,0.326440453544853,0.996779301748526,0.483088821262187,0.455667910335256,0.700089605631347,0.0032206982514742,1.46687213295264e-05,0.483088821262187,-0.000289147157430284,CBCbothPairsAsymRW,CBCdriftDiffusionLR,0.5,0.00455451587953393,0.03208539566971,0.000598538290898176,0.993379738434217,1.15144145950254,0.998801035094012,2.44674569379064,0.5,79.3378831385069
CBC_1029,CBC_1029_MSI_AV_v3_Vset2_Aset2_2023-07-21_14h51.03.497.csv,1,31,0,2,z,0,1,1,aud,C,27,1,0C,2C,0,1,z,3.12533649999932,0,1,1,1,2C,0C,C02,3.13549421592915,0.996793970469855,0.482799674104756,0.499102729828569,0.5,0.467588725288376,0.999999858197837,0.483957302165145,0.499401640833145,0.499700730854551,0.499700730854551,0.999999856897279,0.453128222878643,0.483957302165145,0.468429340637931,0.933196811832819,0.99999999993255,0.666799669923686,0.333200330076313,0.999999856897279,0.499700730854551,0.139066629373669,0.694191622761876,1.43102721339439e-07,6.51763616744992e-10,0.499700730854551,-0.000299090021406252,CBCbothPairsAsymRW,CBCdriftDiffusionLR,0.5,0.00455451587953393,0.03208539566971,0.000598538290898176,0.993379738434217,1.15144145950254,0.998801035094012,2.44674569379064,0.5,79.3378831385069
CBC_1029,CBC_1029_MSI_AV_v3_Vset2_Aset2_2023-07-21_14h51.03.497.csv,1,32,1,0,z,0,1,0,aud,A,63,1,1A,0A,0,1,b,2.80590060000031,1,0,0,0,1A,0A,A10,2.46385324059017,0.996793970469855,0.482799674104756,0.499102729828569,0.5,0.467588725288376,0.999999858197837,0.483957302165145,0.499401640833145,0.499401640833145,0.499700730854551,0.999999857549042,0.453128222878643,0.483957302165145,0.468429340637931,0.933196811832819,0.99999999993255,0.326305587939696,0.673694412060304,0.482799674104756,0.996793970469855,0.0795007504303641,0.299856089639126,-0.482799674104756,-0.0154908185728582,-0.00320602953014471,0.00318480477606752,CBCbothPairsAsymRW,CBCdriftDiffusionLR,0.5,0.00455451587953393,0.03208539566971,0.000598538290898176,0.993379738434217,1.15144145950254,0.998801035094012,2.44674569379064,0.5,79.3378831385069
CBC_1029,CBC_1029_MSI_AV_v3_Vset2_Aset2_2023-07-21_14h51.03.497.csv,1,33,1,0,b,1,0,3,aud,B,63,1,1B,0B,1,0,z,3.53142479999769,0,1,0,0,0B,1B,B10,2.26176309847379,0.999978775245923,0.467308855531898,0.499102729828569,0.5,0.467588725288376,0.999999858197837,0.483957302165145,0.499401640833145,0.499401640833145,0.499700730854551,0.999999857549042,0.453128222878643,0.483957302165145,0.468429340637931,0.933196811832819,0.99999999993255,0.318610222612684,0.681389777387316,0.467588725288376,0.999999858197837,0.0405473118150048,0.292031219696817,-0.467588725288376,-0.0150027692615729,-1.4180216256765e-07,1.40863395160859e-07,CBCbothPairsAsymRW,CBCdriftDiffusionLR,0.5,0.00455451587953393,0.03208539566971,0.000598538290898176,0.993379738434217,1.15144145950254,0.998801035094012,2.44674569379064,0.5,79.3378831385069
CBC_1029,CBC_1029_MSI_AV_v3_Vset2_Aset2_2023-07-21_14h51.03.497.csv,1,34,3,2,b,1,0,2,aud,D,63,1,3D,2D,1,0,b,2.17426460000024,1,0,1,1,3D,2D,D32,2.50552593699074,0.999978775245923,0.467308855531898,0.499102729828569,0.5,0.452585956026803,0.999999999061233,0.483957302165145,0.499401640833145,0.499401640833145,0.499700730854551,0.999999857549042,0.453128222878643,0.483957302165145,0.468429340637931,0.933196811832819,0.99999999993255,0.517277906650055,0.482722093349945,0.99999999993255,0.933196811832819,0.234702734856445,0.521305191607127,6.74499345265644e-11,3.07201797874761e-13,0.933196811832819,-0.000558554024826043,CBCbothPairsAsymRW,CBCdriftDiffusionLR,0.5,0.00455451587953393,0.03208539566971,0.000598538290898176,0.993379738434217,1.15144145950254,0.998801035094012,2.44674569379064,0.5,79.3378831385069
CBC_1029,CBC_1029_MSI_AV_v3_Vset2_Aset2_2023-07-21_14h51.03.497.csv,1,35,3,1,z,0,1,3,aud,B,27,1,3B,1B,0,1,z,1.66122990000076,0,1,1,1,1B,3B,B31,2.81341071676004,0.999978775245923,0.467308855531898,0.499102729828569,0.5,0.452585956026803,0.999999999061233,0.483957302165145,0.499401640833145,0.499401640833145,0.499700730854551,0.999999857549042,0.453128222878643,0.483957302165145,0.468429340637931,0.932638257807993,0.999999999932857,0.666932709992018,0.333067290007982,0.999999999061233,0.499401640833145,0.451536084095856,0.693320550214565,9.38767397151707e-10,4.27563101751618e-12,0.499401640833145,-0.000298911004576015,CBCbothPairsAsymRW,CBCdriftDiffusionLR,0.5,0.00455451587953393,0.03208539566971,0.000598538290898176,0.993379738434217,1.15144145950254,0.998801035094012,2.44674569379064,0.5,79.3378831385069
CBC_1029,CBC_1029_MSI_AV_v3_Vset2_Aset2_2023-07-21_14h51.03.497.csv,1,36,3,2,z,0,1,1,aud,C,63,1,3C,2C,0,1,z,3.17819379999855,0,1,1,1,2C,3C,C32,2.83321334405622,0.999978775245923,0.467308855531898,0.499102729828569,0.5,0.452585956026803,0.999999999065508,0.483957302165145,0.499102729828569,0.499401640833145,0.499700730854551,0.999999857549042,0.453128222878643,0.483957302165145,0.468429340637931,0.932638257807993,0.999999999932857,0.688170486152,0.311829513848,0.999999857549042,0.453128222878643,0.135365192592181,0.713928743336934,1.42450957696383e-07,6.48795148882991e-10,0.453128222878643,-0.000271214592079511,CBCbothPairsAsymRW,CBCdriftDiffusionLR,0.5,0.00455451587953393,0.03208539566971,0.000598538290898176,0.993379738434217,1.15144145950254,0.998801035094012,2.44674569379064,0.5,79.3378831385069
CBC_1029,CBC_1029_MSI_AV_v3_Vset2_Aset2_2023-07-21_14h51.03.497.csv,1,37,2,0,b,1,0,1,aud,C,27,1,2C,0C,1,0,b,3.27878699999928,1,0,1,1,2C,0C,C20,3.95124371858143,0.999978775245923,0.467308855531898,0.499102729828569,0.5,0.452585956026803,0.999999999065508,0.483957302165145,0.499102729828569,0.499401640833145,0.499700730854551,0.999999858197837,0.452857008286564,0.483957302165145,0.468429340637931,0.932638257807993,0.999999999932857,0.66693267870154,0.33306732129846,0.999999858197837,0.499401640833145,0.121410265130442,0.693503840392006,1.4180216256765e-07,6.45840201166614e-10,0.499401640833145,-0.000298911004576015,CBCbothPairsAsymRW,CBCdriftDiffusionLR,0.5,0.00455451587953393,0.03208539566971,0.000598538290898176,0.993379738434217,1.15144145950254,0.998801035094012,2.44674569379064,0.5,79.3378831385069
CBC_1029,CBC_1029_MSI_AV_v3_Vset2_Aset2_2023-07-21_14h51.03.497.csv,1,38,1,0,b,1,0,3,aud,B,63,1,1B,0B,1,0,z,3.41732169999887,0,1,0,0,0B,1B,B10,2.17853244432407,0.999978775245923,0.467308855531898,0.499102729828569,0.5,0.452585956026803,0.999999999065508,0.483957302165145,0.499102729828569,0.499102729828569,0.499700730854551,0.999999858843678,0.452857008286564,0.483957302165145,0.468429340637931,0.932638257807993,0.999999999932857,0.31157258160192,0.68842741839808,0.452585956026803,0.999999999065508,0.0435508470289905,0.284702368881429,-0.452585956026803,-0.0145213994736739,-9.34491817261573e-10,9.28305237000218e-10,CBCbothPairsAsymRW,CBCdriftDiffusionLR,0.5,0.00455451587953393,0.03208539566971,0.000598538290898176,0.993379738434217,1.15144145950254,0.998801035094012,2.44674569379064,0.5,79.3378831385069
CBC_1029,CBC_1029_MSI_AV_v3_Vset2_Aset2_2023-07-21_14h51.03.497.csv,1,39,3,0,z,0,1,0,aud,A,9,1,3A,0A,0,1,z,2.13409820000015,0,1,1,1,0A,3A,A30,3.98898404656427,0.999978775245923,0.467308855531898,0.499102729828569,0.5,0.438064556553129,0.999999999993813,0.483957302165145,0.499102729828569,0.499102729828569,0.499700730854551,0.999999858843678,0.452857008286564,0.483957302165145,0.468429340637931,0.932638257807993,0.999999999932857,0.666661949987909,0.333338050012091,0.999978775245923,0.5,0.331246175994951,0.694066425956126,2.12247540771759e-05,9.66684794837003e-08,0.5,-0.000299269145449088,CBCbothPairsAsymRW,CBCdriftDiffusionLR,0.5,0.00455451587953393,0.03208539566971,0.000598538290898176,0.993379738434217,1.15144145950254,0.998801035094012,2.44674569379064,0.5,79.3378831385069
CBC_1029,CBC_1029_MSI_AV_v3_Vset2_Aset2_2023-07-21_14h51.03.497.csv,1,40,3,2,z,0,1,1,aud,C,63,0,3C,2C,1,0,z,1.28888779999943,0,1,1,0,2C,3C,C32,2.62103882411258,0.999978871914402,0.467308855531898,0.499102729828569,0.499700730854551,0.438064556553129,0.999999999993813,0.483957302165145,0.499102729828569,0.499102729828569,0.499700730854551,0.999999858843678,0.452857008286564,0.483957302165145,0.468429340637931,0.932638257807993,0.999999999932857,0.688298951856785,0.311701048143215,0.999999858843678,0.452857008286564,0.0648925897234847,0.714912251970581,-0.999999858843678,-0.0320853911406536,-0.547142991713436,0.543520761994408,CBCbothPairsAsymRW,CBCdriftDiffusionLR,0.5,0.00455451587953393,0.03208539566971,0.000598538290898176,0.993379738434217,1.15144145950254,0.998801035094012,2.44674569379064,0.5,79.3378831385069
CBC_1029,CBC_1029_MSI_AV_v3_Vset2_Aset2_2023-07-21_14h51.03.497.csv,1,41,1,0,z,0,1,0,aud,A,63,1,1A,0A,0,1,z,2.89447569999902,0,1,1,1,0A,1A,A10,2.41591377830105,0.999978871914402,0.467308855531898,0.499102729828569,0.499700730854551,0.438064556553129,0.999999999993813,0.483957302165145,0.499102729828569,0.499102729828569,0.499700730854551,0.967914467703024,0.996377770280972,0.483957302165145,0.468429340637931,0.932638257807993,0.999999999932857,0.681515188336501,0.318484811663499,0.999978871914402,0.467308855531898,0.17337173339559,0.708564561879571,2.11280855977325e-05,9.62282013590247e-08,0.467308855531898,-0.000279702243711645,CBCbothPairsAsymRW,CBCdriftDiffusionLR,0.5,0.00455451587953393,0.03208539566971,0.000598538290898176,0.993379738434217,1.15144145950254,0.998801035094012,2.44674569379064,0.5,79.3378831385069
CBC_1029,CBC_1029_MSI_AV_v3_Vset2_Aset2_2023-07-21_14h51.03.497.csv,1,42,3,2,b,1,0,2,aud,D,63,1,3D,2D,1,0,z,2.655018200001,0,1,0,0,2D,3D,D32,2.43361335540045,0.999978968142604,0.467029153288187,0.499102729828569,0.499700730854551,0.438064556553129,0.999999999993813,0.483957302165145,0.499102729828569,0.499102729828569,0.499700730854551,0.967914467703024,0.996377770280972,0.483957302165145,0.468429340637931,0.932638257807993,0.999999999932857,0.482572594262,0.517427405738,0.932638257807993,0.999999999932857,0.145493380114086,0.478828056272048,-0.932638257807993,-0.0299240675184785,-6.71427358156507e-11,6.66982333423088e-11,CBCbothPairsAsymRW,CBCdriftDiffusionLR,0.5,0.00455451587953393,0.03208539566971,0.000598538290898176,0.993379738434217,1.15144145950254,0.998801035094012,2.44674569379064,0.5,79.3378831385069
CBC_1029,CBC_1029_MSI_AV_v3_Vset2_Aset2_2023-07-21_14h51.03.497.csv,1,43,2,3,b,1,0,1,aud,C,63,1,2C,3C,1,0,z,2.09896939999817,0,1,0,0,3C,2C,C23,2.96183072187831,0.999978968142604,0.467029153288187,0.499102729828569,0.499700730854551,0.438064556553129,0.999999999993813,0.483957302165145,0.499102729828569,0.499102729828569,0.499700730854551,0.967914467703024,0.996377770280972,0.483957302165145,0.468429340637931,0.902714190289515,0.999999999999555,0.507245180230198,0.492754819769802,0.996377770280972,0.967914467703024,0.242340321046612,0.507158000936569,-0.996377770280972,-0.0319691749959684,-0.032085532296976,0.0318731176806926,CBCbothPairsAsymRW,CBCdriftDiffusionLR,0.5,0.00455451587953393,0.03208539566971,0.000598538290898176,0.993379738434217,1.15144145950254,0.998801035094012,2.44674569379064,0.5,79.3378831385069
CBC_1029,CBC_1029_MSI_AV_v3_Vset2_Aset2_2023-07-21_14h51.03.497.csv,1,44,1,3,z,0,1,2,aud,D,27,1,1D,3D,0,1,z,2.28387180000027,0,1,1,1,3D,1D,D13,3.38439026334577,0.999978968142604,0.467029153288187,0.499102729828569,0.499700730854551,0.438064556553129,0.999999999993813,0.483957302165145,0.499102729828569,0.499102729828569,0.499700730854551,0.999787585383717,0.964408595285004,0.483957302165145,0.468429340637931,0.902714190289515,0.999999999999555,0.680999740556415,0.319000259443585,0.999999999999555,0.468429340637931,0.298116384050454,0.708657477385681,4.44533299059913e-13,2.02463396954998e-15,0.468429340637931,-0.000280372896951987,CBCbothPairsAsymRW,CBCdriftDiffusionLR,0.5,0.00455451587953393,0.03208539566971,0.000598538290898176,0.993379738434217,1.15144145950254,0.998801035094012,2.44674569379064,0.5,79.3378831385069
CBC_1029,CBC_1029_MSI_TV_v3_Vset5_Tset2_2023-07-21_14h59.39.665.csv,2,1,0,1,z,0,1,3,tac,B,63,1,0B,1B,0,1,z,2.3680848999993,0,1,1,1,1B,0B,B01,2.77258872223978,0.5,0.5,0.5,0.5,0.5,0.5,0.5,0.5,0.5,0.5,0.5,0.5,0.5,0.5,0.5,0.5,0.5,0.5,0.5,0.5,0.1723297807253,0.49952260478653,0.5,0.00372139465457233,0.5,-0.109086243334004,CBCbothPairsAsymRW,CBCdriftDiffusionLR,0.5,0.00744278930914466,0.000637945789223271,0.218172486668009,0.00118179375894967,1.0429207311363,1.126088285914,2.30017775755138,0.5,78.4989268951129
CBC_1029,CBC_1029_MSI_TV_v3_Vset5_Tset2_2023-07-21_14h59.39.665.csv,2,2,1,0,z,0,1,0,tac,A,63,1,1A,0A,0,1,z,1.6776933000001,0,1,1,1,0A,1A,A10,2.83321334405622,0.5,0.5,0.5,0.5,0.390913756665996,0.503721394654572,0.5,0.5,0.5,0.5,0.5,0.5,0.5,0.5,0.5,0.5,0.5,0.5,0.5,0.5,0.319713650752381,0.49981497357417,0.5,0.00372139465457233,0.5,-0.109086243334004,CBCbothPairsAsymRW,CBCdriftDiffusionLR,0.5,0.00744278930914466,0.000637945789223271,0.218172486668009,0.00118179375894967,1.0429207311363,1.126088285914,2.30017775755138,0.5,78.4989268951129
CBC_1029,CBC_1029_MSI_TV_v3_Vset5_Tset2_2023-07-21_14h59.39.665.csv,2,3,2,1,b,1,0,1,tac,C,9,1,2C,1C,1,0,b,2.97678300000007,1,0,1,1,2C,1C,C21,2.89037175789616,0.503721394654572,0.390913756665996,0.5,0.5,0.390913756665996,0.503721394654572,0.5,0.5,0.5,0.5,0.5,0.5,0.5,0.5,0.5,0.5,0.5,0.5,0.5,0.5,0.0977398333924038,0.499766306232844,0.5,0.00372139465457233,0.5,-0.109086243334004,CBCbothPairsAsymRW,CBCdriftDiffusionLR,0.5,0.00744278930914466,0.000637945789223271,0.218172486668009,0.00118179375894967,1.0429207311363,1.126088285914,2.30017775755138,0.5,78.4989268951129
CBC_1029,CBC_1029_MSI_TV_v3_Vset5_Tset2_2023-07-21_14h59.39.665.csv,2,4,0,1,b,1,0,0,tac,A,63,1,0A,1A,1,0,z,2.43210160000126,0,1,0,0,1A,0A,A01,2.94443897916644,0.503721394654572,0.390913756665996,0.5,0.5,0.390913756665996,0.503721394654572,0.5,0.5,0.5,0.390913756665996,0.503721394654572,0.5,0.5,0.5,0.5,0.5,0.436953272056177,0.563046727943823,0.390913756665996,0.503721394654572,0.136450137370253,0.420128855426284,-0.390913756665996,-0.000249381785014522,-0.496278605345428,0.000586498958497471,CBCbothPairsAsymRW,CBCdriftDiffusionLR,0.5,0.00744278930914466,0.000637945789223271,0.218172486668009,0.00118179375894967,1.0429207311363,1.126088285914,2.30017775755138,0.5,78.4989268951129
CBC_1029,CBC_1029_MSI_TV_v3_Vset5_Tset2_2023-07-21_14h59.39.665.csv,2,5,1,3,z,0,1,2,tac,D,27,1,1D,3D,0,1,z,3.96560479999971,0,1,1,1,3D,1D,D13,2.99573227355399,0.50430789361307,0.390664374880981,0.5,0.5,0.390913756665996,0.503721394654572,0.5,0.5,0.5,0.390913756665996,0.503721394654572,0.5,0.5,0.5,0.5,0.5,0.5,0.5,0.5,0.5,0.0389051551912566,0.500316754180241,0.5,0.00372139465457233,0.5,-0.109086243334004,CBCbothPairsAsymRW,CBCdriftDiffusionLR,0.5,0.00744278930914466,0.000637945789223271,0.218172486668009,0.00118179375894967,1.0429207311363,1.126088285914,2.30017775755138,0.5,78.4989268951129
CBC_1029,CBC_1029_MSI_TV_v3_Vset5_Tset2_2023-07-21_14h59.39.665.csv,2,6,1,0,b,1,0,3,tac,B,63,1,1B,0B,1,0,z,2.63812340000186,0,1,0,0,0B,1B,B10,3.04452243772342,0.50430789361307,0.390664374880981,0.5,0.5,0.390913756665996,0.503721394654572,0.5,0.5,0.5,0.390913756665996,0.503721394654572,0.5,0.5,0.390913756665996,0.5,0.503721394654572,0.436953272056177,0.563046727943823,0.390913756665996,0.503721394654572,0.112183520812471,0.419429116417593,-0.390913756665996,-0.000249381785014522,-0.496278605345428,0.000586498958497471,CBCbothPairsAsymRW,CBCdriftDiffusionLR,0.5,0.00744278930914466,0.000637945789223271,0.218172486668009,0.00118179375894967,1.0429207311363,1.126088285914,2.30017775755138,0.5,78.4989268951129
CBC_1029,CBC_1029_MSI_TV_v3_Vset5_Tset2_2023-07-21_14h59.39.665.csv,2,7,3,2,z,0,1,1,tac,C,63,1,3C,2C,0,1,b,3.02134149999983,1,0,0,0,3C,2C,C32,3.09104245335832,0.50430789361307,0.390664374880981,0.5,0.5,0.390664374880981,0.50430789361307,0.5,0.5,0.5,0.390913756665996,0.503721394654572,0.5,0.5,0.390913756665996,0.5,0.503721394654572,0.498146201388956,0.501853798611044,0.5,0.503721394654572,0.0933373504749282,0.49751096214631,-0.5,-0.000318972894611635,-0.496278605345428,0.000586498958497471,CBCbothPairsAsymRW,CBCdriftDiffusionLR,0.5,0.00744278930914466,0.000637945789223271,0.218172486668009,0.00118179375894967,1.0429207311363,1.126088285914,2.30017775755138,0.5,78.4989268951129
CBC_1029,CBC_1029_MSI_TV_v3_Vset5_Tset2_2023-07-21_14h59.39.665.csv,2,8,0,2,b,1,0,0,tac,A,27,1,0A,2A,1,0,z,2.58301200000096,0,1,0,0,2A,0A,A02,3.13549421592915,0.50430789361307,0.390664374880981,0.5,0.5,0.390664374880981,0.50430789361307,0.5,0.5,0.5,0.390913756665996,0.50430789361307,0.499681027105388,0.5,0.390913756665996,0.5,0.503721394654572,0.497855292365784,0.502144707634216,0.5,0.50430789361307,0.140378710947806,0.497170213173498,-0.5,-0.000318972894611635,-0.49569210638693,0.000585805837688689,CBCbothPairsAsymRW,CBCdriftDiffusionLR,0.5,0.00744278930914466,0.000637945789223271,0.218172486668009,0.00118179375894967,1.0429207311363,1.126088285914,2.30017775755138,0.5,78.4989268951129
CBC_1029,CBC_1029_MSI_TV_v3_Vset5_Tset2_2023-07-21_14h59.39.665.csv,2,9,2,3,z,0,1,2,tac,D,63,1,2D,3D,0,1,z,2.00281109999924,0,1,1,1,3D,2D,D23,3.17805383034795,0.504893699450758,0.390664374880981,0.499681027105388,0.5,0.390664374880981,0.50430789361307,0.5,0.5,0.5,0.390913756665996,0.50430789361307,0.499681027105388,0.5,0.390913756665996,0.5,0.503721394654572,0.501853798611044,0.498146201388956,0.503721394654572,0.5,0.24284566380961,0.501773295725028,0.496278605345428,0.00369369709822217,0.5,-0.109086243334004,CBCbothPairsAsymRW,CBCdriftDiffusionLR,0.5,0.00744278930914466,0.000637945789223271,0.218172486668009,0.00118179375894967,1.0429207311363,1.126088285914,2.30017775755138,0.5,78.4989268951129
CBC_1029,CBC_1029_MSI_TV_v3_Vset5_Tset2_2023-07-21_14h59.39.665.csv,2,10,1,3,b,1,0,3,tac,B,27,1,1B,3B,1,0,z,2.6222226000009,0,1,0,0,3B,1B,B13,3.2188758248682,0.504893699450758,0.390664374880981,0.499681027105388,0.5,0.390664374880981,0.50430789361307,0.5,0.5,0.5,0.390913756665996,0.50430789361307,0.499681027105388,0.5,0.390913756665996,0.390913756665996,0.507415091752795,0.497855292365784,0.502144707634216,0.5,0.50430789361307,0.135228094525523,0.496765131418831,-0.5,-0.000318972894611635,-0.49569210638693,0.000585805837688689,CBCbothPairsAsymRW,CBCdriftDiffusionLR,0.5,0.00744278930914466,0.000637945789223271,0.218172486668009,0.00118179375894967,1.0429207311363,1.126088285914,2.30017775755138,0.5,78.4989268951129
CBC_1029,CBC_1029_MSI_TV_v3_Vset5_Tset2_2023-07-21_14h59.39.665.csv,2,11,2,3,b,1,0,1,tac,C,63,1,2C,3C,1,0,b,2.50660470000003,1,0,1,1,2C,3C,C23,3.25809653802148,0.504893699450758,0.390664374880981,0.499681027105388,0.5,0.390664374880981,0.504893699450758,0.5,0.499681027105388,0.5,0.390913756665996,0.50430789361307,0.499681027105388,0.5,0.390913756665996,0.390913756665996,0.507415091752795,0.502304241815921,0.497695758184079,0.50430789361307,0.499681027105388,0.152171387234743,0.501875357344156,0.49569210638693,0.00368933191004404,0.499681027105388,-0.109016652224407,CBCbothPairsAsymRW,CBCdriftDiffusionLR,0.5,0.00744278930914466,0.000637945789223271,0.218172486668009,0.00118179375894967,1.0429207311363,1.126088285914,2.30017775755138,0.5,78.4989268951129
CBC_1029,CBC_1029_MSI_TV_v3_Vset5_Tset2_2023-07-21_14h59.39.665.csv,2,12,3,1,z,0,1,3,tac,B,27,1,3B,1B,0,1,z,2.74678689999928,0,1,1,1,1B,3B,B31,3.29583686600433,0.504893699450758,0.390664374880981,0.499681027105388,0.5,0.390664374880981,0.504893699450758,0.5,0.499681027105388,0.5,0.390913756665996,0.507997225523114,0.390664374880981,0.5,0.390913756665996,0.390913756665996,0.507415091752795,0.50259446719471,0.49740553280529,0.504893699450758,0.499681027105388,0.12207771878226,0.50370195320255,0.495106300549242,0.00368497188061806,0.499681027105388,-0.109016652224407,CBCbothPairsAsymRW,CBCdriftDiffusionLR,0.5,0.00744278930914466,0.000637945789223271,0.218172486668009,0.00118179375894967,1.0429207311363,1.126088285914,2.30017775755138,0.5,78.4989268951129
CBC_1029,CBC_1029_MSI_TV_v3_Vset5_Tset2_2023-07-21_14h59.39.665.csv,2,13,2,3,b,1,0,1,tac,C,63,1,2C,3C,1,0,z,1.66885670000011,0,1,0,0,3C,2C,C23,2.63905732961526,0.504893699450758,0.390664374880981,0.499681027105388,0.5,0.390664374880981,0.508578671331376,0.5,0.390664374880981,0.5,0.390913756665996,0.507997225523114,0.390664374880981,0.5,0.390913756665996,0.390913756665996,0.507415091752795,0.434718001420461,0.565281998579539,0.390664374880981,0.507997225523114,0.270197692047911,0.416617872122409,-0.390664374880981,-0.000249222692954863,-0.492002774476886,0.000581445808262705,CBCbothPairsAsymRW,CBCdriftDiffusionLR,0.5,0.00744278930914466,0.000637945789223271,0.218172486668009,0.00118179375894967,1.0429207311363,1.126088285914,2.30017775755138,0.5,78.4989268951129
CBC_1029,CBC_1029_MSI_TV_v3_Vset5_Tset2_2023-07-21_14h59.39.665.csv,2,14,2,3,z,0,1,2,tac,D,63,1,2D,3D,0,1,b,2.83338230000118,1,0,0,0,2D,3D,D23,2.67414864942653,0.504893699450758,0.390664374880981,0.499681027105388,0.5,0.390664374880981,0.508578671331376,0.5,0.390664374880981,0.5,0.390913756665996,0.508578671331377,0.390415152188026,0.5,0.390913756665996,0.390913756665996,0.507415091752795,0.435156632622975,0.564843367377025,0.390913756665996,0.507415091752795,0.0925928366132882,0.416302265329046,-0.390913756665996,-0.000249381785014522,-0.492584908247205,0.000582133770319342,CBCbothPairsAsymRW,CBCdriftDiffusionLR,0.5,0.00744278930914466,0.000637945789223271,0.218172486668009,0.00118179375894967,1.0429207311363,1.126088285914,2.30017775755138,0.5,78.4989268951129
CBC_1029,CBC_1029_MSI_TV_v3_Vset5_Tset2_2023-07-21_14h59.39.665.csv,2,15,3,0,z,0,1,0,tac,A,9,1,3A,0A,0,1,z,3.57798109999931,0,1,1,1,0A,3A,A30,3.40119738166216,0.504893699450758,0.390664374880981,0.499681027105388,0.5,0.390664374880981,0.508578671331376,0.5,0.390664374880981,0.5,0.390913756665996,0.508578671331377,0.390415152188026,0.5,0.390913756665996,0.390664374880981,0.507997225523114,0.502434933890735,0.497565066109264,0.504893699450758,0.5,0.0561839444620842,0.503319359467782,0.495106300549242,0.00368497188061806,0.5,-0.109086243334004,CBCbothPairsAsymRW,CBCdriftDiffusionLR,0.5,0.00744278930914466,0.000637945789223271,0.218172486668009,0.00118179375894967,1.0429207311363,1.126088285914,2.30017775755138,0.5,78.4989268951129
CBC_1029,CBC_1029_MSI_TV_v3_Vset5_Tset2_2023-07-21_14h59.39.665.csv,2,16,1,0,b,1,0,3,tac,B,63,0,1B,0B,0,1,b,2.35829010000089,1,0,1,0,1B,0B,B10,2.7408400239252,0.508578671331376,0.390664374880981,0.499681027105388,0.390913756665996,0.390664374880981,0.508578671331376,0.5,0.390664374880981,0.5,0.390913756665996,0.508578671331377,0.390415152188026,0.5,0.390913756665996,0.390664374880981,0.507997225523114,0.565563084945196,0.434436915054804,0.508578671331376,0.390664374880981,0.20327563608347,0.583865167712598,-0.508578671331376,-0.000324445621864618,-0.609335625119019,0.000720109038871351,CBCbothPairsAsymRW,CBCdriftDiffusionLR,0.5,0.00744278930914466,0.000637945789223271,0.218172486668009,0.00118179375894967,1.0429207311363,1.126088285914,2.30017775755138,0.5,78.4989268951129
CBC_1029,CBC_1029_MSI_TV_v3_Vset5_Tset2_2023-07-21_14h59.39.665.csv,2,17,3,2,b,1,0,2,tac,D,63,1,3D,2D,1,0,z,2.32812980000017,0,1,0,0,2D,3D,D32,3.46573590279973,0.508578671331376,0.390664374880981,0.499681027105388,0.390913756665996,0.391384483919852,0.508254225709512,0.5,0.390664374880981,0.5,0.390913756665996,0.508578671331377,0.390415152188026,0.5,0.390913756665996,0.390664374880981,0.507997225523114,0.434718001420461,0.565281998579539,0.390664374880981,0.507997225523114,0.149509239837508,0.417405179836794,-0.390664374880981,-0.000249222692954863,-0.492002774476886,0.000581445808262705,CBCbothPairsAsymRW,CBCdriftDiffusionLR,0.5,0.00744278930914466,0.000637945789223271,0.218172486668009,0.00118179375894967,1.0429207311363,1.126088285914,2.30017775755138,0.5,78.4989268951129
CBC_1029,CBC_1029_MSI_TV_v3_Vset5_Tset2_2023-07-21_14h59.39.665.csv,2,18,2,0,b,1,0,1,tac,C,27,1,2C,0C,1,0,z,2.75275570000122,0,1,0,0,0C,2C,C20,3.49650756146648,0.508578671331376,0.390664374880981,0.499681027105388,0.390913756665996,0.391384483919852,0.508254225709512,0.5,0.390664374880981,0.5,0.390913756665996,0.508578671331377,0.390415152188026,0.5,0.390913756665996,0.390415152188026,0.508578671331377,0.495747148152532,0.504252851847468,0.5,0.508578671331377,0.119160339540189,0.494414366236957,-0.5,-0.000318972894611635,-0.491421328668623,0.000580758659235332,CBCbothPairsAsymRW,CBCdriftDiffusionLR,0.5,0.00744278930914466,0.000637945789223271,0.218172486668009,0.00118179375894967,1.0429207311363,1.126088285914,2.30017775755138,0.5,78.4989268951129
CBC_1029,CBC_1029_MSI_TV_v3_Vset5_Tset2_2023-07-21_14h59.39.665.csv,2,19,1,0,z,0,1,0,tac,A,63,1,1A,0A,0,1,z,3.79615569999987,0,1,1,1,0A,1A,A10,2.83321334405622,0.508578671331376,0.390664374880981,0.499681027105388,0.390913756665996,0.391384483919852,0.508254225709512,0.5,0.390664374880981,0.499681027105388,0.390913756665996,0.509159429990612,0.390415152188026,0.5,0.390913756665996,0.390415152188026,0.508578671331377,0.565563084945196,0.434436915054804,0.508578671331376,0.390664374880981,0.0523841839195923,0.584297312273456,0.491421328668624,0.0036575454113005,0.390664374880981,-0.0852322181203868,CBCbothPairsAsymRW,CBCdriftDiffusionLR,0.5,0.00744278930914466,0.000637945789223271,0.218172486668009,0.00118179375894967,1.0429207311363,1.126088285914,2.30017775755138,0.5,78.4989268951129
CBC_1029,CBC_1029_MSI_TV_v3_Vset5_Tset2_2023-07-21_14h59.39.665.csv,2,20,0,1,z,0,1,3,tac,B,63,1,0B,1B,0,1,z,2.90896859999884,0,1,1,1,1B,0B,B01,2.86220088092947,0.512236216742677,0.305432156760594,0.499681027105388,0.390913756665996,0.391384483919852,0.508254225709512,0.5,0.390664374880981,0.499681027105388,0.390913756665996,0.509159429990612,0.390415152188026,0.5,0.390913756665996,0.390415152188026,0.508578671331377,0.564953708938229,0.435046291061771,0.508254225709512,0.391384483919852,0.120923899673029,0.583884119212953,0.491745774290488,0.00365996019170631,0.391384483919852,-0.0853893261000695,CBCbothPairsAsymRW,CBCdriftDiffusionLR,0.5,0.00744278930914466,0.000637945789223271,0.218172486668009,0.00118179375894967,1.0429207311363,1.126088285914,2.30017775755138,0.5,78.4989268951129
CBC_1029,CBC_1029_MSI_TV_v3_Vset5_Tset2_2023-07-21_14h59.39.665.csv,2,21,3,1,b,1,0,2,tac,D,27,1,3D,1D,1,0,b,1.62863050000124,1,0,1,1,3D,1D,D31,3.58351893845611,0.512236216742677,0.305432156760594,0.499681027105388,0.390913756665996,0.305995157819783,0.511914185901218,0.5,0.390664374880981,0.499681027105388,0.390913756665996,0.509159429990612,0.390415152188026,0.5,0.390913756665996,0.390415152188026,0.508578671331377,0.56540628414591,0.43459371585409,0.508578671331377,0.390913756665996,0.389636746548079,0.584225234554292,0.491421328668623,0.00365754541130049,0.390913756665996,-0.0852866263645532,CBCbothPairsAsymRW,CBCdriftDiffusionLR,0.5,0.00744278930914466,0.000637945789223271,0.218172486668009,0.00118179375894967,1.0429207311363,1.126088285914,2.30017775755138,0.5,78.4989268951129
CBC_1029,CBC_1029_MSI_TV_v3_Vset5_Tset2_2023-07-21_14h59.39.665.csv,2,22,2,3,b,1,0,1,tac,C,63,1,2C,3C,1,0,z,2.30075710000165,0,1,0,0,3C,2C,C23,2.51230562397611,0.512236216742677,0.305432156760594,0.499681027105388,0.390913756665996,0.305995157819783,0.511914185901218,0.5,0.390664374880981,0.499681027105388,0.390913756665996,0.509159429990612,0.390415152188026,0.5,0.305627130301442,0.390415152188026,0.512236216742677,0.433999759355692,0.566000240644308,0.390415152188026,0.509159429990612,0.152661475752919,0.415350156476358,-0.390415152188026,-0.000249063702387314,-0.490840570009388,0.000580072322276392,CBCbothPairsAsymRW,CBCdriftDiffusionLR,0.5,0.00744278930914466,0.000637945789223271,0.218172486668009,0.00118179375894967,1.0429207311363,1.126088285914,2.30017775755138,0.5,78.4989268951129
CBC_1029,CBC_1029_MSI_TV_v3_Vset5_Tset2_2023-07-21_14h59.39.665.csv,2,23,1,0,z,0,1,0,tac,A,63,1,1A,0A,0,1,b,2.62020790000133,1,0,0,0,1A,0A,A10,2.53897387105828,0.512236216742677,0.305432156760594,0.499681027105388,0.390913756665996,0.305995157819783,0.511914185901218,0.5,0.390664374880981,0.499681027105388,0.390913756665996,0.509739502312888,0.390166088485639,0.5,0.305627130301442,0.390415152188026,0.512236216742677,0.37354038221141,0.62645961778859,0.305432156760594,0.512236216742677,0.0925561079768277,0.343137650385438,-0.305432156760594,-0.000194849158298803,-0.487763783257323,0.000576436194895183,CBCbothPairsAsymRW,CBCdriftDiffusionLR,0.5,0.00744278930914466,0.000637945789223271,0.218172486668009,0.00118179375894967,1.0429207311363,1.126088285914,2.30017775755138,0.5,78.4989268951129
CBC_1029,CBC_1029_MSI_TV_v3_Vset5_Tset2_2023-07-21_14h59.39.665.csv,2,24,3,2,b,1,0,2,tac,D,63,1,3D,2D,1,0,z,2.30871280000065,0,1,0,0,2D,3D,D32,2.9704144655697,0.512812652937572,0.305237307602295,0.499681027105388,0.390913756665996,0.305995157819783,0.511914185901218,0.5,0.390664374880981,0.499681027105388,0.390913756665996,0.509739502312888,0.390166088485639,0.5,0.305627130301442,0.390415152188026,0.512236216742677,0.432520423306419,0.567479576693581,0.390415152188026,0.512236216742677,0.150865304139856,0.413541884031166,-0.390415152188026,-0.000249063702387314,-0.487763783257323,0.000576436194895183,CBCbothPairsAsymRW,CBCdriftDiffusionLR,0.5,0.00744278930914466,0.000637945789223271,0.218172486668009,0.00118179375894967,1.0429207311363,1.126088285914,2.30017775755138,0.5,78.4989268951129
CBC_1029,CBC_1029_MSI_TV_v3_Vset5_Tset2_2023-07-21_14h59.39.665.csv,2,25,0,2,z,0,1,1,tac,C,27,1,0C,2C,0,1,b,2.83827010000095,1,0,0,0,0C,2C,C02,3.68887945411394,0.512812652937572,0.305237307602295,0.499681027105388,0.390913756665996,0.305995157819783,0.511914185901218,0.5,0.390664374880981,0.499681027105388,0.390913756665996,0.509739502312888,0.390166088485639,0.5,0.305627130301442,0.390166088485639,0.512812652937572,0.495017698315836,0.504982301684164,0.499681027105388,0.509739502312888,0.109827364607422,0.493528937284525,-0.499681027105388,-0.000318769407196642,-0.490260497687112,0.000579386796426186,CBCbothPairsAsymRW,CBCdriftDiffusionLR,0.5,0.00744278930914466,0.000637945789223271,0.218172486668009,0.00118179375894967,1.0429207311363,1.126088285914,2.30017775755138,0.5,78.4989268951129
CBC_1029,CBC_1029_MSI_TV_v3_Vset5_Tset2_2023-07-21_14h59.39.665.csv,2,26,1,0,z,0,1,0,tac,A,63,1,1A,0A,0,1,z,1.22012259999974,0,1,1,1,0A,1A,A10,2.32727770558442,0.512812652937572,0.305237307602295,0.499681027105388,0.390913756665996,0.305995157819783,0.511914185901218,0.5,0.390664374880981,0.499362257698192,0.390913756665996,0.510318889109315,0.390166088485639,0.5,0.305627130301442,0.390166088485639,0.512812652937572,0.626872046542419,0.373127953457581,0.512812652937572,0.305237307602295,0.203670986154983,0.660032172303052,0.487187347062428,0.00362603277826679,0.305237307602295,-0.0665943824234407,CBCbothPairsAsymRW,CBCdriftDiffusionLR,0.5,0.00744278930914466,0.000637945789223271,0.218172486668009,0.00118179375894967,1.0429207311363,1.126088285914,2.30017775755138,0.5,78.4989268951129
CBC_1029,CBC_1029_MSI_TV_v3_Vset5_Tset2_2023-07-21_14h59.39.665.csv,2,27,3,1,z,0,1,3,tac,B,27,1,3B,1B,0,1,b,2.69081310000001,1,0,0,0,3B,1B,B31,3.04452243772342,0.516438685715839,0.238642925178855,0.499681027105388,0.390913756665996,0.305995157819783,0.511914185901218,0.5,0.390664374880981,0.499362257698192,0.390913756665996,0.510318889109315,0.390166088485639,0.5,0.305627130301442,0.390166088485639,0.512812652937572,0.432831436348788,0.567168563651212,0.390664374880981,0.511914185901218,0.105310793921168,0.413980668991339,-0.390664374880981,-0.000249222692954863,-0.488085814098782,0.000576816768933808,CBCbothPairsAsymRW,CBCdriftDiffusionLR,0.5,0.00744278930914466,0.000637945789223271,0.218172486668009,0.00118179375894967,1.0429207311363,1.126088285914,2.30017775755138,0.5,78.4989268951129
CBC_1029,CBC_1029_MSI_TV_v3_Vset5_Tset2_2023-07-21_14h59.39.665.csv,2,28,2,3,b,1,0,1,tac,C,63,1,2C,3C,1,0,z,1.75138180000067,0,1,0,0,3C,2C,C23,2.37490575457367,0.516438685715839,0.238642925178855,0.499681027105388,0.390913756665996,0.305995157819783,0.512491002670152,0.5,0.390415152188026,0.499362257698192,0.390913756665996,0.510318889109315,0.390166088485639,0.5,0.305627130301442,0.390166088485639,0.512812652937572,0.433284394735499,0.566715605264501,0.390166088485639,0.510318889109315,0.252188191082633,0.414692443525118,-0.390166088485639,-0.000248904813247127,-0.489681110890685,0.000578702080726152,CBCbothPairsAsymRW,CBCdriftDiffusionLR,0.5,0.00744278930914466,0.000637945789223271,0.218172486668009,0.00118179375894967,1.0429207311363,1.126088285914,2.30017775755138,0.5,78.4989268951129
CBC_1029,CBC_1029_MSI_TV_v3_Vset5_Tset2_2023-07-21_14h59.39.665.csv,2,29,2,3,z,0,1,2,tac,D,63,1,2D,3D,0,1,b,2.08804070000042,1,0,0,0,2D,3D,D23,2.68557734525015,0.516438685715839,0.238642925178855,0.499681027105388,0.390913756665996,0.305995157819783,0.512491002670152,0.5,0.390415152188026,0.499362257698192,0.390913756665996,0.510897591190041,0.389917183672392,0.5,0.305627130301442,0.390166088485639,0.512812652937572,0.432087789653483,0.567912210346518,0.390166088485639,0.512812652937572,0.184960463370159,0.412001964044996,-0.390166088485639,-0.000248904813247127,-0.487187347062428,0.000575754966197623,CBCbothPairsAsymRW,CBCdriftDiffusionLR,0.5,0.00744278930914466,0.000637945789223271,0.218172486668009,0.00118179375894967,1.0429207311363,1.126088285914,2.30017775755138,0.5,78.4989268951129
CBC_1029,CBC_1029_MSI_TV_v3_Vset5_Tset2_2023-07-21_14h59.39.665.csv,2,30,1,0,b,1,0,3,tac,B,63,1,1B,0B,1,0,b,1.40769470000123,1,0,1,1,1B,0B,B10,2.70805020110221,0.516438685715839,0.238642925178855,0.499681027105388,0.390913756665996,0.305995157819783,0.512491002670152,0.5,0.390415152188026,0.499362257698192,0.390913756665996,0.510897591190041,0.389917183672392,0.5,0.305627130301442,0.389917183672392,0.51338840790377,0.626144982541161,0.373855017458839,0.512491002670152,0.305995157819783,0.464372877266063,0.657964875432184,0.487508997329848,0.00362842675343843,0.305995157819783,-0.0667597244899118,CBCbothPairsAsymRW,CBCdriftDiffusionLR,0.5,0.00744278930914466,0.000637945789223271,0.218172486668009,0.00118179375894967,1.0429207311363,1.126088285914,2.30017775755138,0.5,78.4989268951129
CBC_1029,CBC_1029_MSI_TV_v3_Vset5_Tset2_2023-07-21_14h59.39.665.csv,2,31,0,2,b,1,0,0,tac,A,27,1,0A,2A,1,0,z,2.67088409999997,0,1,0,0,2A,0A,A02,3.13549421592915,0.516438685715839,0.238642925178855,0.499681027105388,0.390913756665996,0.239235433329871,0.51611942942359,0.5,0.390415152188026,0.499362257698192,0.390913756665996,0.510897591190041,0.389917183672392,0.5,0.305627130301442,0.389917183672392,0.51338840790377,0.491754092357915,0.508245907642085,0.499681027105388,0.516438685715839,0.127075206612534,0.488515153811453,-0.499681027105388,-0.000318769407196642,-0.483561314284161,0.00057146974329052,CBCbothPairsAsymRW,CBCdriftDiffusionLR,0.5,0.00744278930914466,0.000637945789223271,0.218172486668009,0.00118179375894967,1.0429207311363,1.126088285914,2.30017775755138,0.5,78.4989268951129
CBC_1029,CBC_1029_MSI_TV_v3_Vset5_Tset2_2023-07-21_14h59.39.665.csv,2,32,0,3,z,0,1,2,tac,D,9,1,0D,3D,0,1,z,1.98345370000061,0,1,1,1,3D,0D,D03,3.85014760171006,0.517010155459129,0.238642925178855,0.499362257698192,0.390913756665996,0.239235433329871,0.51611942942359,0.5,0.390415152188026,0.499362257698192,0.390913756665996,0.510897591190041,0.389917183672392,0.5,0.305627130301442,0.389917183672392,0.51338840790377,0.506605763298331,0.493394236701669,0.51338840790377,0.5,0.250771317261001,0.509039527537657,0.48661159209623,0.00362174755535968,0.5,-0.109086243334004,CBCbothPairsAsymRW,CBCdriftDiffusionLR,0.5,0.00744278930914466,0.000637945789223271,0.218172486668009,0.00118179375894967,1.0429207311363,1.126088285914,2.30017775755138,0.5,78.4989268951129
CBC_1029,CBC_1029_MSI_TV_v3_Vset5_Tset2_2023-07-21_14h59.39.665.csv,2,33,2,3,b,1,0,1,tac,C,63,1,2C,3C,1,0,z,2.60129090000009,0,1,0,0,3C,2C,C23,2.26176309847379,0.517010155459129,0.238642925178855,0.499362257698192,0.390913756665996,0.239235433329871,0.51611942942359,0.5,0.390415152188026,0.499362257698192,0.390913756665996,0.510897591190041,0.389917183672392,0.390913756665996,0.305627130301442,0.389917183672392,0.51701015545913,0.432849454242064,0.567150545757936,0.389917183672392,0.510897591190041,0.114635090582081,0.414113979045083,-0.389917183672392,-0.000248746025469599,-0.489102408809959,0.000578018174218859,CBCbothPairsAsymRW,CBCdriftDiffusionLR,0.5,0.00744278930914466,0.000637945789223271,0.218172486668009,0.00118179375894967,1.0429207311363,1.126088285914,2.30017775755138,0.5,78.4989268951129
CBC_1029,CBC_1029_MSI_TV_v3_Vset5_Tset2_2023-07-21_14h59.39.665.csv,2,34,1,0,b,1,0,3,tac,B,63,1,1B,0B,1,0,b,1.50153540000065,1,0,1,1,1B,0B,B10,2.50552593699074,0.517010155459129,0.238642925178855,0.499362257698192,0.390913756665996,0.239235433329871,0.51611942942359,0.5,0.390415152188026,0.499362257698192,0.390913756665996,0.51147560936426,0.389668437646922,0.390913756665996,0.305627130301442,0.389917183672392,0.51701015545913,0.683280739786599,0.316719260213401,0.51611942942359,0.239235433329871,0.540711194631984,0.721654921909125,0.48388057057641,0.00360142113758892,0.239235433329871,-0.0521945893886766,CBCbothPairsAsymRW,CBCdriftDiffusionLR,0.5,0.00744278930914466,0.000637945789223271,0.218172486668009,0.00118179375894967,1.0429207311363,1.126088285914,2.30017775755138,0.5,78.4989268951129
CBC_1029,CBC_1029_MSI_TV_v3_Vset5_Tset2_2023-07-21_14h59.39.665.csv,2,35,1,0,z,0,1,0,tac,A,63,0,1A,0A,1,0,z,1.8739673,0,1,1,0,0A,1A,A10,2.30258509299405,0.517010155459129,0.238642925178855,0.499362257698192,0.390913756665996,0.187040843941194,0.519720850561179,0.5,0.390415152188026,0.499362257698192,0.390913756665996,0.51147560936426,0.389668437646922,0.390913756665996,0.305627130301442,0.389917183672392,0.51701015545913,0.684189833544551,0.315810166455449,0.517010155459129,0.238642925178855,0.408078179724075,0.72229191456297,-0.517010155459129,-0.00032982445166082,-0.761357074821145,0.000899767039355805,CBCbothPairsAsymRW,CBCdriftDiffusionLR,0.5,0.00744278930914466,0.000637945789223271,0.218172486668009,0.00118179375894967,1.0429207311363,1.126088285914,2.30017775755138,0.5,78.4989268951129
CBC_1029,CBC_1029_MSI_TV_v3_Vset5_Tset2_2023-07-21_14h59.39.665.csv,2,36,3,2,b,1,0,2,tac,D,63,1,3D,2D,1,0,z,3.48104240000066,0,1,0,0,2D,3D,D32,2.83321334405622,0.516680331007469,0.239542692218211,0.499362257698192,0.390913756665996,0.187040843941194,0.519720850561179,0.5,0.390415152188026,0.499362257698192,0.390913756665996,0.51147560936426,0.389668437646922,0.390913756665996,0.305627130301442,0.389917183672392,0.51701015545913,0.429932109054931,0.570067890945069,0.389917183672392,0.51701015545913,0.0496229526637486,0.411638195876095,-0.389917183672392,-0.000248746025469599,-0.48298984454087,0.000570794383914471,CBCbothPairsAsymRW,CBCdriftDiffusionLR,0.5,0.00744278930914466,0.000637945789223271,0.218172486668009,0.00118179375894967,1.0429207311363,1.126088285914,2.30017775755138,0.5,78.4989268951129
CBC_1029,CBC_1029_MSI_TV_v3_Vset5_Tset2_2023-07-21_14h59.39.665.csv,2,37,2,1,z,0,1,3,tac,B,9,1,2B,1B,0,1,z,1.40838729999996,0,1,1,1,1B,2B,B21,3.95124371858143,0.516680331007469,0.239542692218211,0.499362257698192,0.390913756665996,0.187040843941194,0.519720850561179,0.5,0.390415152188026,0.499362257698192,0.390913756665996,0.51147560936426,0.389668437646922,0.390913756665996,0.305627130301442,0.389668437646922,0.517580949843044,0.509669729980674,0.490330270019326,0.519720850561179,0.5,0.347959865568838,0.511621596885812,0.480279149438821,0.00357461651884834,0.5,-0.109086243334004,CBCbothPairsAsymRW,CBCdriftDiffusionLR,0.5,0.00744278930914466,0.000637945789223271,0.218172486668009,0.00118179375894967,1.0429207311363,1.126088285914,2.30017775755138,0.5,78.4989268951129
CBC_1029,CBC_1029_MSI_TV_v3_Vset5_Tset2_2023-07-21_14h59.39.665.csv,2,38,0,2,b,1,0,0,tac,A,27,1,0A,2A,1,0,z,1.41790330000003,0,1,0,0,2A,0A,A02,2.87167962488401,0.516680331007469,0.239542692218211,0.499362257698192,0.390913756665996,0.187040843941194,0.523295467080028,0.390913756665996,0.390415152188026,0.499362257698192,0.390913756665996,0.51147560936426,0.389668437646922,0.390913756665996,0.305627130301442,0.389668437646922,0.517580949843044,0.491477683365941,0.508522316634059,0.499362257698192,0.516680331007469,0.335773698852347,0.490108020578582,-0.499362257698192,-0.000318566049595587,-0.483319668992531,0.000571184168392993,CBCbothPairsAsymRW,CBCdriftDiffusionLR,0.5,0.00744278930914466,0.000637945789223271,0.218172486668009,0.00118179375894967,1.0429207311363,1.126088285914,2.30017775755138,0.5,78.4989268951129
CBC_1029,CBC_1029_MSI_TV_v3_Vset5_Tset2_2023-07-21_14h59.39.665.csv,2,39,3,2,z,0,1,1,tac,C,63,1,3C,2C,0,1,b,2.08560050000051,1,0,0,0,3C,2C,C32,3.29583686600433,0.517251515175862,0.239542692218211,0.499043691648596,0.390913756665996,0.187040843941194,0.523295467080028,0.390913756665996,0.390415152188026,0.499362257698192,0.390913756665996,0.51147560936426,0.389668437646922,0.390913756665996,0.305627130301442,0.389668437646922,0.517580949843044,0.432415260289776,0.567584739710224,0.389668437646922,0.51147560936426,0.185904413311094,0.413196731277074,-0.389668437646922,-0.000248587338990065,-0.48852439063574,0.000577335075948007,CBCbothPairsAsymRW,CBCdriftDiffusionLR,0.5,0.00744278930914466,0.000637945789223271,0.218172486668009,0.00118179375894967,1.0429207311363,1.126088285914,2.30017775755138,0.5,78.4989268951129
CBC_1029,CBC_1029_MSI_TV_v3_Vset5_Tset2_2023-07-21_14h59.39.665.csv,2,40,3,1,b,1,0,2,tac,D,27,1,3D,1D,1,0,b,1.20068580000043,1,0,1,1,3D,1D,D31,3.31418600467253,0.517251515175862,0.239542692218211,0.499043691648596,0.390913756665996,0.187040843941194,0.523295467080028,0.390913756665996,0.390415152188026,0.499362257698192,0.390913756665996,0.512052944440208,0.389419850307932,0.390913756665996,0.305627130301442,0.389668437646922,0.517580949843044,0.628736479059098,0.371263520940902,0.517580949843044,0.305627130301442,0.153756991369684,0.661710455745767,0.482419050156956,0.00359054334903591,0.305627130301442,-0.0666794310110732,CBCbothPairsAsymRW,CBCdriftDiffusionLR,0.5,0.00744278930914466,0.000637945789223271,0.218172486668009,0.00118179375894967,1.0429207311363,1.126088285914,2.30017775755138,0.5,78.4989268951129
CBC_1029,CBC_1029_MSI_TV_v3_Vset5_Tset2_2023-07-21_14h59.39.665.csv,2,41,1,0,z,0,1,0,tac,A,63,1,1A,0A,0,1,z,1.45253080000111,0,1,1,1,0A,1A,A10,2.23359222150709,0.517251515175862,0.239542692218211,0.499043691648596,0.390913756665996,0.187040843941194,0.523295467080028,0.390913756665996,0.390415152188026,0.499362257698192,0.390913756665996,0.512052944440208,0.389419850307932,0.390913756665996,0.238947699290369,0.389668437646922,0.52117149319208,0.683477106619187,0.316522893380813,0.517251515175862,0.239542692218211,0.540585058143293,0.720975596697719,0.482748484824138,0.00359299526185488,0.23954269221821,-0.0522616248243965,CBCbothPairsAsymRW,CBCdriftDiffusionLR,0.5,0.00744278930914466,0.000637945789223271,0.218172486668009,0.00118179375894967,1.0429207311363,1.126088285914,2.30017775755138,0.5,78.4989268951129
CBC_1029,CBC_1029_MSI_TV_v3_Vset5_Tset2_2023-07-21_14h59.39.665.csv,2,42,2,0,b,1,0,1,tac,C,27,1,2C,0C,1,0,b,2.41656329999932,1,0,1,1,2C,0C,C20,3.3499040872746,0.520844510437716,0.187281067393814,0.499043691648596,0.390913756665996,0.187040843941194,0.523295467080028,0.390913756665996,0.390415152188026,0.499362257698192,0.390913756665996,0.512052944440208,0.389419850307932,0.390913756665996,0.238947699290369,0.389668437646922,0.52117149319208,0.506273727503395,0.493726272496605,0.512052944440208,0.499362257698192,0.167771728741903,0.508783816020099,0.487947055559792,0.00363168712854904,0.499362257698192,-0.108947105510166,CBCbothPairsAsymRW,CBCdriftDiffusionLR,0.5,0.00744278930914466,0.000637945789223271,0.218172486668009,0.00118179375894967,1.0429207311363,1.126088285914,2.30017775755138,0.5,78.4989268951129
CBC_1029,CBC_1029_MSI_TV_v3_Vset5_Tset2_2023-07-21_14h59.39.665.csv,2,43,2,3,z,0,1,2,tac,D,63,1,2D,3D,0,1,z,1.81117629999972,0,1,1,1,3D,2D,D23,2.67414864942653,0.520844510437716,0.187281067393814,0.499043691648596,0.390913756665996,0.187040843941194,0.523295467080028,0.390913756665996,0.390415152188026,0.390415152188026,0.390913756665996,0.515684631568757,0.389419850307932,0.390913756665996,0.238947699290369,0.389668437646922,0.52117149319208,0.572187796720784,0.427812203279216,0.52117149319208,0.389668437646922,0.342775766177949,0.592449071988505,0.47882850680792,0.00356381969138369,0.389668437646922,-0.0850149320174669,CBCbothPairsAsymRW,CBCdriftDiffusionLR,0.5,0.00744278930914466,0.000637945789223271,0.218172486668009,0.00118179375894967,1.0429207311363,1.126088285914,2.30017775755138,0.5,78.4989268951129
CBC_1029,CBC_1029_MSI_TV_v3_Vset5_Tset2_2023-07-21_14h59.39.665.csv,2,44,0,1,z,0,1,3,tac,B,63,1,0B,1B,0,1,z,1.64933500000006,0,1,1,1,1B,0B,B01,2.97892515523761,0.520844510437716,0.187281067393814,0.499043691648596,0.390913756665996,0.187040843941194,0.523295467080028,0.390913756665996,0.390415152188026,0.390415152188026,0.390913756665996,0.515684631568757,0.389419850307932,0.390913756665996,0.238947699290369,0.304653505629455,0.524735312883464,0.736686917113538,0.263313082886462,0.523295467080028,0.187040843941194,0.552017523983275,0.772559741956657,0.476704532919972,0.00354801140123757,0.187040843941194,-0.0408071660311334,CBCbothPairsAsymRW,CBCdriftDiffusionLR,0.5,0.00744278930914466,0.000637945789223271,0.218172486668009,0.00118179375894967,1.0429207311363,1.126088285914,2.30017775755138,0.5,78.4989268951129
CBC_1029,CBC_1029_MSI_AV_v3_Vset6_Aset1_2023-07-21_17h16.24.897.csv,3,1,0,1,z,0,1,3,aud,B,63,1,0B,1B,0,1,b,2.53984019999916,1,0,0,0,0B,1B,B01,2.77258872223978,0.5,0.5,0.5,0.5,0.5,0.5,0.5,0.5,0.5,0.5,0.5,0.5,0.5,0.5,0.5,0.5,0.5,0.5,0.5,0.5,0.119289901518289,0.499825997801468,-0.5,-0.00439639119658647,-0.5,0.024103801414627,CBCbothPairsAsymRW,CBCdriftDiffusionLR,0.5,0.425211304726678,0.00879278239317294,0.299494026721105,0.048207602829254,0.811311739246531,0.758310293785099,2.31477661256769,0.5,69.7083100852651
CBC_1029,CBC_1029_MSI_AV_v3_Vset6_Aset1_2023-07-21_17h16.24.897.csv,3,2,2,3,z,0,1,2,aud,D,63,1,2D,3D,0,1,z,2.62739710000096,0,1,1,1,3D,2D,D23,2.83321334405622,0.5,0.5,0.5,0.5,0.495603608803414,0.524103801414627,0.5,0.5,0.5,0.5,0.5,0.5,0.5,0.5,0.5,0.5,0.5,0.5,0.5,0.5,0.110048957167675,0.499827431384615,0.5,0.212605652363339,0.5,-0.149747013360553,CBCbothPairsAsymRW,CBCdriftDiffusionLR,0.5,0.425211304726678,0.00879278239317294,0.299494026721105,0.048207602829254,0.811311739246531,0.758310293785099,2.31477661256769,0.5,69.7083100852651
CBC_1029,CBC_1029_MSI_AV_v3_Vset6_Aset1_2023-07-21_17h16.24.897.csv,3,3,1,3,b,1,0,3,aud,B,27,1,1B,3B,1,0,z,1.92127389999951,0,1,0,0,3B,1B,B13,2.89037175789616,0.5,0.5,0.5,0.5,0.495603608803414,0.524103801414627,0.5,0.5,0.5,0.5,0.5,0.5,0.5,0.5,0.350252986639447,0.712605652363339,0.4882317586453,0.5117682413547,0.5,0.524103801414627,0.207059569677368,0.491188528661061,-0.5,-0.00439639119658647,-0.475896198585373,0.0229418149293554,CBCbothPairsAsymRW,CBCdriftDiffusionLR,0.5,0.425211304726678,0.00879278239317294,0.299494026721105,0.048207602829254,0.811311739246531,0.758310293785099,2.31477661256769,0.5,69.7083100852651
CBC_1029,CBC_1029_MSI_AV_v3_Vset6_Aset1_2023-07-21_17h16.24.897.csv,3,4,3,2,z,0,1,1,aud,C,63,1,3C,2C,0,1,z,1.84123919999911,0,1,1,1,2C,3C,C32,2.94443897916644,0.5,0.5,0.5,0.5,0.495603608803414,0.547045616343982,0.5,0.495603608803414,0.5,0.5,0.5,0.5,0.5,0.5,0.350252986639447,0.712605652363339,0.5,0.5,0.5,0.5,0.226735985477004,0.499996587087851,0.5,0.212605652363339,0.5,-0.149747013360553,CBCbothPairsAsymRW,CBCdriftDiffusionLR,0.5,0.425211304726678,0.00879278239317294,0.299494026721105,0.048207602829254,0.811311739246531,0.758310293785099,2.31477661256769,0.5,69.7083100852651
CBC_1029,CBC_1029_MSI_AV_v3_Vset6_Aset1_2023-07-21_17h16.24.897.csv,3,5,2,0,b,1,0,1,aud,C,27,1,2C,0C,1,0,b,1.39579419999791,1,0,1,1,2C,0C,C20,2.99573227355399,0.5,0.5,0.5,0.5,0.495603608803414,0.547045616343982,0.5,0.495603608803414,0.5,0.5,0.712605652363339,0.350252986639447,0.5,0.5,0.350252986639447,0.712605652363339,0.587664795207319,0.412335204792681,0.712605652363339,0.5,0.380353541638731,0.575344537430229,0.287394347636661,0.122203325529657,0.5,-0.149747013360553,CBCbothPairsAsymRW,CBCdriftDiffusionLR,0.5,0.425211304726678,0.00879278239317294,0.299494026721105,0.048207602829254,0.811311739246531,0.758310293785099,2.31477661256769,0.5,69.7083100852651
CBC_1029,CBC_1029_MSI_AV_v3_Vset6_Aset1_2023-07-21_17h16.24.897.csv,3,6,3,0,z,0,1,0,aud,A,9,1,3A,0A,0,1,z,2.74288069999966,0,1,1,1,0A,3A,A30,3.04452243772342,0.5,0.5,0.5,0.5,0.495603608803414,0.547045616343982,0.5,0.495603608803414,0.350252986639447,0.5,0.834808977892996,0.350252986639447,0.5,0.5,0.350252986639447,0.712605652363339,0.5,0.5,0.5,0.5,0.0990724854501906,0.500468805280079,0.5,0.212605652363339,0.5,-0.149747013360553,CBCbothPairsAsymRW,CBCdriftDiffusionLR,0.5,0.425211304726678,0.00879278239317294,0.299494026721105,0.048207602829254,0.811311739246531,0.758310293785099,2.31477661256769,0.5,69.7083100852651
CBC_1029,CBC_1029_MSI_AV_v3_Vset6_Aset1_2023-07-21_17h16.24.897.csv,3,7,3,2,z,0,1,1,aud,C,63,1,3C,2C,0,1,z,1.36125170000014,0,1,1,1,2C,3C,C32,2.39789527279837,0.712605652363339,0.5,0.5,0.350252986639447,0.495603608803414,0.547045616343982,0.5,0.495603608803414,0.350252986639447,0.5,0.834808977892996,0.350252986639447,0.5,0.5,0.350252986639447,0.712605652363339,0.704443314255186,0.295556685744814,0.834808977892996,0.350252986639447,0.466507083859136,0.671601076886015,0.165191022107004,0.0702410900392526,0.350252986639447,-0.104898677339742,CBCbothPairsAsymRW,CBCdriftDiffusionLR,0.5,0.425211304726678,0.00879278239317294,0.299494026721105,0.048207602829254,0.811311739246531,0.758310293785099,2.31477661256769,0.5,69.7083100852651
CBC_1029,CBC_1029_MSI_AV_v3_Vset6_Aset1_2023-07-21_17h16.24.897.csv,3,8,0,1,b,1,0,0,aud,A,63,1,0A,1A,1,0,b,2.09805450000204,1,0,1,1,0A,1A,A01,3.13549421592915,0.712605652363339,0.5,0.5,0.350252986639447,0.495603608803414,0.547045616343982,0.5,0.495603608803414,0.350252986639447,0.5,0.905050067932249,0.245354309299706,0.5,0.5,0.350252986639447,0.712605652363339,0.587664795207319,0.412335204792681,0.712605652363339,0.5,0.206714007699918,0.576491638613586,0.287394347636661,0.122203325529657,0.5,-0.149747013360553,CBCbothPairsAsymRW,CBCdriftDiffusionLR,0.5,0.425211304726678,0.00879278239317294,0.299494026721105,0.048207602829254,0.811311739246531,0.758310293785099,2.31477661256769,0.5,69.7083100852651
CBC_1029,CBC_1029_MSI_AV_v3_Vset6_Aset1_2023-07-21_17h16.24.897.csv,3,9,3,2,b,1,0,2,aud,D,63,1,3D,2D,1,0,z,2.1090675000014,0,1,0,0,2D,3D,D32,3.17805383034795,0.834808977892996,0.350252986639447,0.5,0.350252986639447,0.495603608803414,0.547045616343982,0.5,0.495603608803414,0.350252986639447,0.5,0.905050067932249,0.245354309299706,0.5,0.5,0.350252986639447,0.712605652363339,0.329538636453167,0.670461363546833,0.350252986639447,0.712605652363339,0.126231272950465,0.355506753630303,-0.350252986639447,-0.00307969829407957,-0.287394347636661,0.0138545925662407,CBCbothPairsAsymRW,CBCdriftDiffusionLR,0.5,0.425211304726678,0.00879278239317294,0.299494026721105,0.048207602829254,0.811311739246531,0.758310293785099,2.31477661256769,0.5,69.7083100852651
CBC_1029,CBC_1029_MSI_AV_v3_Vset6_Aset1_2023-07-21_17h16.24.897.csv,3,10,2,3,b,1,0,1,aud,C,63,1,2C,3C,1,0,b,1.56771060000028,1,0,1,1,2C,3C,C23,3.2188758248682,0.834808977892996,0.350252986639447,0.5,0.350252986639447,0.495603608803414,0.547045616343982,0.5,0.495603608803414,0.350252986639447,0.5,0.905050067932249,0.245354309299706,0.5,0.5,0.347173288345368,0.72646024492958,0.786723421645817,0.213276578354183,0.905050067932249,0.245354309299706,0.443872568639476,0.731252778978039,0.0949499320677514,0.040373784498238,0.245354309299706,-0.0734821500655444,CBCbothPairsAsymRW,CBCdriftDiffusionLR,0.5,0.425211304726678,0.00879278239317294,0.299494026721105,0.048207602829254,0.811311739246531,0.758310293785099,2.31477661256769,0.5,69.7083100852651
CBC_1029,CBC_1029_MSI_AV_v3_Vset6_Aset1_2023-07-21_17h16.24.897.csv,3,11,1,3,z,0,1,2,aud,D,27,1,1D,3D,0,1,z,3.08530520000204,0,1,1,1,3D,1D,D13,3.25809653802148,0.834808977892996,0.350252986639447,0.5,0.350252986639447,0.495603608803414,0.547045616343982,0.5,0.495603608803414,0.350252986639447,0.5,0.945423852430487,0.171872159234161,0.5,0.5,0.347173288345368,0.72646024492958,0.592322700986766,0.407677299013234,0.72646024492958,0.5,0.0830781100138361,0.580639957190143,0.27353975507042,0.116312196148109,0.5,-0.149747013360553,CBCbothPairsAsymRW,CBCdriftDiffusionLR,0.5,0.425211304726678,0.00879278239317294,0.299494026721105,0.048207602829254,0.811311739246531,0.758310293785099,2.31477661256769,0.5,69.7083100852651
CBC_1029,CBC_1029_MSI_AV_v3_Vset6_Aset1_2023-07-21_17h16.24.897.csv,3,12,1,0,z,0,1,0,aud,A,63,0,1A,0A,1,0,z,1.64243630000055,0,1,1,0,0A,1A,A10,3.29583686600433,0.834808977892996,0.350252986639447,0.5,0.350252986639447,0.495603608803414,0.547045616343982,0.5,0.495603608803414,0.350252986639447,0.5,0.945423852430487,0.171872159234161,0.5,0.350252986639447,0.347173288345368,0.842772441077689,0.704443314255186,0.295556685744814,0.834808977892996,0.350252986639447,0.3734828204916,0.673323431391196,-0.834808977892996,-0.00734029368248023,-0.649747013360553,0.0313227459595795,CBCbothPairsAsymRW,CBCdriftDiffusionLR,0.5,0.425211304726678,0.00879278239317294,0.299494026721105,0.048207602829254,0.811311739246531,0.758310293785099,2.31477661256769,0.5,69.7083100852651
CBC_1029,CBC_1029_MSI_AV_v3_Vset6_Aset1_2023-07-21_17h16.24.897.csv,3,13,2,3,b,1,0,1,aud,C,63,1,2C,3C,1,0,z,2.30276040000172,0,1,0,0,3C,2C,C23,2.63905732961526,0.827468684210516,0.381575732599027,0.5,0.350252986639447,0.495603608803414,0.547045616343982,0.5,0.495603608803414,0.350252986639447,0.5,0.945423852430487,0.171872159234161,0.5,0.350252986639447,0.347173288345368,0.842772441077689,0.153828669788314,0.846171330211686,0.171872159234161,0.945423852430487,0.0657041379890232,0.228377121711294,-0.171872159234161,-0.00151123449559075,-0.0545761475695133,0.00263098524598185,CBCbothPairsAsymRW,CBCdriftDiffusionLR,0.5,0.425211304726678,0.00879278239317294,0.299494026721105,0.048207602829254,0.811311739246531,0.758310293785099,2.31477661256769,0.5,69.7083100852651
CBC_1029,CBC_1029_MSI_AV_v3_Vset6_Aset1_2023-07-21_17h16.24.897.csv,3,14,0,2,b,1,0,0,aud,A,27,1,0A,2A,1,0,b,2.21084630000041,1,0,1,1,0A,2A,A02,3.36729582998647,0.827468684210516,0.381575732599027,0.5,0.350252986639447,0.495603608803414,0.547045616343982,0.5,0.495603608803414,0.350252986639447,0.5,0.948054837676468,0.17036092473857,0.5,0.350252986639447,0.347173288345368,0.842772441077689,0.623343280374735,0.376656719625265,0.827468684210516,0.5,0.196042030347606,0.607517740662438,0.172531315789484,0.0733622658930571,0.5,-0.149747013360553,CBCbothPairsAsymRW,CBCdriftDiffusionLR,0.5,0.425211304726678,0.00879278239317294,0.299494026721105,0.048207602829254,0.811311739246531,0.758310293785099,2.31477661256769,0.5,69.7083100852651
CBC_1029,CBC_1029_MSI_AV_v3_Vset6_Aset1_2023-07-21_17h16.24.897.csv,3,15,0,1,z,0,1,3,aud,B,63,1,0B,1B,0,1,b,1.822737100003,1,0,0,0,0B,1B,B01,2.70805020110221,0.900830950103573,0.381575732599027,0.350252986639447,0.350252986639447,0.495603608803414,0.547045616343982,0.5,0.495603608803414,0.350252986639447,0.5,0.948054837676468,0.17036092473857,0.5,0.350252986639447,0.347173288345368,0.842772441077689,0.475331105466799,0.524668894533201,0.495603608803414,0.547045616343982,0.220686449338681,0.478431038851619,-0.495603608803414,-0.00435773468547962,-0.452954383656018,0.0218358450270588,CBCbothPairsAsymRW,CBCdriftDiffusionLR,0.5,0.425211304726678,0.00879278239317294,0.299494026721105,0.048207602829254,0.811311739246531,0.758310293785099,2.31477661256769,0.5,69.7083100852651
CBC_1029,CBC_1029_MSI_AV_v3_Vset6_Aset1_2023-07-21_17h16.24.897.csv,3,16,3,2,b,1,0,2,aud,D,63,1,3D,2D,1,0,z,1.75301889999901,0,1,0,0,2D,3D,D32,2.7408400239252,0.900830950103573,0.381575732599027,0.350252986639447,0.350252986639447,0.491245874117934,0.568881461371041,0.5,0.495603608803414,0.350252986639447,0.5,0.948054837676468,0.17036092473857,0.5,0.350252986639447,0.347173288345368,0.842772441077689,0.291755564779996,0.708244435220004,0.347173288345368,0.842772441077689,0.162673609648692,0.325168830444403,-0.347173288345368,-0.0030526191771431,-0.157227558922311,0.00757956371433989,CBCbothPairsAsymRW,CBCdriftDiffusionLR,0.5,0.425211304726678,0.00879278239317294,0.299494026721105,0.048207602829254,0.811311739246531,0.758310293785099,2.31477661256769,0.5,69.7083100852651
CBC_1029,CBC_1029_MSI_AV_v3_Vset6_Aset1_2023-07-21_17h16.24.897.csv,3,17,1,2,b,1,0,3,aud,B,9,1,1B,2B,1,0,z,1.4667748000029,0,1,0,0,2B,1B,B12,3.46573590279973,0.900830950103573,0.381575732599027,0.350252986639447,0.350252986639447,0.491245874117934,0.568881461371041,0.5,0.495603608803414,0.350252986639447,0.5,0.948054837676468,0.17036092473857,0.5,0.350252986639447,0.344120669168225,0.850352004792029,0.467778718286176,0.532221281713824,0.5,0.568881461371041,0.295273089850534,0.471419972911012,-0.5,-0.00439639119658647,-0.431118538628959,0.0207831912825532,CBCbothPairsAsymRW,CBCdriftDiffusionLR,0.5,0.425211304726678,0.00879278239317294,0.299494026721105,0.048207602829254,0.811311739246531,0.758310293785099,2.31477661256769,0.5,69.7083100852651
CBC_1029,CBC_1029_MSI_AV_v3_Vset6_Aset1_2023-07-21_17h16.24.897.csv,3,18,1,3,z,0,1,2,aud,D,27,1,1D,3D,0,1,z,1.7553869000003,0,1,1,1,3D,1D,D13,2.80336038090653,0.900830950103573,0.381575732599027,0.350252986639447,0.350252986639447,0.491245874117934,0.589664652653594,0.495603608803414,0.495603608803414,0.350252986639447,0.5,0.948054837676468,0.17036092473857,0.5,0.350252986639447,0.344120669168225,0.850352004792029,0.708269589799188,0.291730410200812,0.850352004792029,0.350252986639447,0.337429612530622,0.675860415755181,0.149647995207971,0.063632019292113,0.350252986639447,-0.104898677339742,CBCbothPairsAsymRW,CBCdriftDiffusionLR,0.5,0.425211304726678,0.00879278239317294,0.299494026721105,0.048207602829254,0.811311739246531,0.758310293785099,2.31477661256769,0.5,69.7083100852651
CBC_1029,CBC_1029_MSI_AV_v3_Vset6_Aset1_2023-07-21_17h16.24.897.csv,3,19,0,1,b,1,0,0,aud,A,63,1,0A,1A,1,0,z,2.32253599999967,0,1,0,0,1A,0A,A01,2.83321334405622,0.900830950103573,0.381575732599027,0.350252986639447,0.350252986639447,0.491245874117934,0.589664652653594,0.495603608803414,0.495603608803414,0.350252986639447,0.5,0.948054837676468,0.17036092473857,0.5,0.245354309299706,0.344120669168225,0.913984024084142,0.297546587791384,0.702453412208616,0.381575732599027,0.900830950103573,0.095200270885755,0.329620211573323,-0.381575732599027,-0.00335511238325879,-0.0991690498964272,0.00478070217036143,CBCbothPairsAsymRW,CBCdriftDiffusionLR,0.5,0.425211304726678,0.00879278239317294,0.299494026721105,0.048207602829254,0.811311739246531,0.758310293785099,2.31477661256769,0.5,69.7083100852651
CBC_1029,CBC_1029_MSI_AV_v3_Vset6_Aset1_2023-07-21_17h16.24.897.csv,3,20,1,0,z,0,1,0,aud,A,63,1,1A,0A,0,1,z,2.43662190000032,0,1,1,1,0A,1A,A10,2.86220088092947,0.905611652273934,0.378220620215768,0.350252986639447,0.350252986639447,0.491245874117934,0.589664652653594,0.495603608803414,0.495603608803414,0.350252986639447,0.5,0.948054837676468,0.17036092473857,0.5,0.245354309299706,0.344120669168225,0.913984024084142,0.705397170393376,0.294602829606623,0.905611652273934,0.378220620215768,0.173886031068167,0.672659203691526,0.0943883477260657,0.0401349924875958,0.378220620215768,-0.113274816537374,CBCbothPairsAsymRW,CBCdriftDiffusionLR,0.5,0.425211304726678,0.00879278239317294,0.299494026721105,0.048207602829254,0.811311739246531,0.758310293785099,2.31477661256769,0.5,69.7083100852651
CBC_1029,CBC_1029_MSI_AV_v3_Vset6_Aset1_2023-07-21_17h16.24.897.csv,3,21,2,0,b,1,0,1,aud,C,27,1,2C,0C,1,0,z,2.90278970000145,0,1,0,0,0C,2C,C20,2.89037175789616,0.94574664476153,0.264945803678394,0.350252986639447,0.350252986639447,0.491245874117934,0.589664652653594,0.495603608803414,0.495603608803414,0.350252986639447,0.5,0.948054837676468,0.17036092473857,0.5,0.245354309299706,0.344120669168225,0.913984024084142,0.269776535332826,0.730223464667174,0.350252986639447,0.948054837676468,0.0502242481610004,0.308388097746141,-0.350252986639447,-0.00307969829407957,-0.0519451623235315,0.00250415175419393,CBCbothPairsAsymRW,CBCdriftDiffusionLR,0.5,0.425211304726678,0.00879278239317294,0.299494026721105,0.048207602829254,0.811311739246531,0.758310293785099,2.31477661256769,0.5,69.7083100852651
CBC_1029,CBC_1029_MSI_AV_v3_Vset6_Aset1_2023-07-21_17h16.24.897.csv,3,22,0,1,z,0,1,3,aud,B,63,1,0B,1B,0,1,b,1.70822370000315,1,0,0,0,0B,1B,B01,2.51230562397611,0.94574664476153,0.264945803678394,0.350252986639447,0.350252986639447,0.491245874117934,0.589664652653594,0.495603608803414,0.495603608803414,0.347173288345368,0.5,0.950558989430662,0.17036092473857,0.5,0.245354309299706,0.344120669168225,0.913984024084142,0.454474132641848,0.545525867358151,0.491245874117934,0.589664652653594,0.234930648464493,0.458987472848011,-0.491245874117934,-0.00431941807266302,-0.410335347346406,0.0197812834516795,CBCbothPairsAsymRW,CBCdriftDiffusionLR,0.5,0.425211304726678,0.00879278239317294,0.299494026721105,0.048207602829254,0.811311739246531,0.758310293785099,2.31477661256769,0.5,69.7083100852651
CBC_1029,CBC_1029_MSI_AV_v3_Vset6_Aset1_2023-07-21_17h16.24.897.csv,3,23,2,0,b,1,0,1,aud,C,27,1,2C,0C,1,0,b,2.39700210000228,1,0,1,1,2C,0C,C20,2.53897387105828,0.94574664476153,0.264945803678394,0.350252986639447,0.350252986639447,0.486926456045271,0.609445936105274,0.495603608803414,0.495603608803414,0.347173288345368,0.5,0.950558989430662,0.17036092473857,0.5,0.245354309299706,0.344120669168225,0.913984024084142,0.732476956695313,0.267523043304688,0.950558989430662,0.347173288345368,0.185670653612381,0.694260197915428,0.0494410105693376,0.0210228766111935,0.347173288345368,-0.103976326096562,CBCbothPairsAsymRW,CBCdriftDiffusionLR,0.5,0.425211304726678,0.00879278239317294,0.299494026721105,0.048207602829254,0.811311739246531,0.758310293785099,2.31477661256769,0.5,69.7083100852651
CBC_1029,CBC_1029_MSI_AV_v3_Vset6_Aset1_2023-07-21_17h16.24.897.csv,3,24,3,2,b,1,0,2,aud,D,63,1,3D,2D,1,0,b,2.27793079999901,1,0,1,1,3D,2D,D32,2.56494935746154,0.94574664476153,0.264945803678394,0.350252986639447,0.350252986639447,0.486926456045271,0.609445936105274,0.495603608803414,0.495603608803414,0.243196962248806,0.5,0.971581866041856,0.17036092473857,0.5,0.245354309299706,0.344120669168225,0.913984024084142,0.726476921186402,0.273523078813598,0.913984024084142,0.344120669168225,0.207438640435055,0.689485885660209,0.0860159759158581,0.0365749653465205,0.344120669168225,-0.103062084887153,CBCbothPairsAsymRW,CBCdriftDiffusionLR,0.5,0.425211304726678,0.00879278239317294,0.299494026721105,0.048207602829254,0.811311739246531,0.758310293785099,2.31477661256769,0.5,69.7083100852651
CBC_1029,CBC_1029_MSI_AV_v3_Vset6_Aset1_2023-07-21_17h16.24.897.csv,3,25,1,0,z,0,1,0,aud,A,63,1,1A,0A,0,1,z,4.2087317000005,0,1,1,1,0A,1A,A10,2.59026716544583,0.94574664476153,0.264945803678394,0.350252986639447,0.350252986639447,0.486926456045271,0.609445936105274,0.495603608803414,0.495603608803414,0.243196962248806,0.5,0.971581866041856,0.17036092473857,0.5,0.245354309299706,0.241058584281072,0.950558989430662,0.781161760759474,0.218838239240526,0.94574664476153,0.264945803678394,0.0308553625864828,0.728872086741107,0.05425335523847,0.0230691399667498,0.264945803678394,-0.0793496856065016,CBCbothPairsAsymRW,CBCdriftDiffusionLR,0.5,0.425211304726678,0.00879278239317294,0.299494026721105,0.048207602829254,0.811311739246531,0.758310293785099,2.31477661256769,0.5,69.7083100852651
CBC_1029,CBC_1029_MSI_AV_v3_Vset6_Aset1_2023-07-21_17h16.24.897.csv,3,26,3,2,z,0,1,1,aud,C,63,1,3C,2C,0,1,z,1.09646770000109,0,1,1,1,2C,3C,C32,2.6149597780362,0.96881578472828,0.185596118071892,0.350252986639447,0.350252986639447,0.486926456045271,0.609445936105274,0.495603608803414,0.495603608803414,0.243196962248806,0.5,0.971581866041856,0.17036092473857,0.5,0.245354309299706,0.241058584281072,0.950558989430662,0.850814834058243,0.149185165941757,0.971581866041856,0.17036092473857,0.515549765500913,0.774715064734212,0.0284181339581441,0.01208371181824,0.17036092473857,-0.0510220793458857,CBCbothPairsAsymRW,CBCdriftDiffusionLR,0.5,0.425211304726678,0.00879278239317294,0.299494026721105,0.048207602829254,0.811311739246531,0.758310293785099,2.31477661256769,0.5,69.7083100852651
CBC_1029,CBC_1029_MSI_AV_v3_Vset6_Aset1_2023-07-21_17h16.24.897.csv,3,27,2,0,z,0,1,0,aud,A,27,1,2A,0A,0,1,z,1.61070090000067,0,1,1,1,0A,2A,A20,3.73766961828337,0.96881578472828,0.185596118071892,0.350252986639447,0.350252986639447,0.486926456045271,0.609445936105274,0.495603608803414,0.495603608803414,0.243196962248806,0.5,0.983665577860096,0.119338845392685,0.5,0.245354309299706,0.241058584281072,0.950558989430662,0.734469502847623,0.265530497152377,0.96881578472828,0.350252986639447,0.399853120366995,0.695336434949177,0.0311842152717202,0.0132598808625657,0.350252986639447,-0.104898677339742,CBCbothPairsAsymRW,CBCdriftDiffusionLR,0.5,0.425211304726678,0.00879278239317294,0.299494026721105,0.048207602829254,0.811311739246531,0.758310293785099,2.31477661256769,0.5,69.7083100852651
CBC_1029,CBC_1029_MSI_AV_v3_Vset6_Aset1_2023-07-21_17h16.24.897.csv,3,28,3,2,b,1,0,2,aud,D,63,1,3D,2D,1,0,z,1.71500110000125,0,1,0,0,2D,3D,D32,2.37490575457367,0.982075665590846,0.185596118071892,0.245354309299706,0.350252986639447,0.486926456045271,0.609445936105274,0.495603608803414,0.495603608803414,0.243196962248806,0.5,0.983665577860096,0.119338845392685,0.5,0.245354309299706,0.241058584281072,0.950558989430662,0.202295257806752,0.797704742193248,0.241058584281072,0.950558989430662,0.137343550924881,0.260002806357219,-0.241058584281072,-0.0021195756755898,-0.0494410105693376,0.00238343260100357,CBCbothPairsAsymRW,CBCdriftDiffusionLR,0.5,0.425211304726678,0.00879278239317294,0.299494026721105,0.048207602829254,0.811311739246531,0.758310293785099,2.31477661256769,0.5,69.7083100852651
CBC_1029,CBC_1029_MSI_AV_v3_Vset6_Aset1_2023-07-21_17h16.24.897.csv,3,29,3,2,b,1,0,2,aud,D,63,1,3D,2D,1,0,b,2.32758959999774,1,0,1,1,3D,2D,D32,2.17475172148416,0.982075665590846,0.185596118071892,0.245354309299706,0.350252986639447,0.486926456045271,0.609445936105274,0.495603608803414,0.495603608803414,0.243196962248806,0.5,0.983665577860096,0.119338845392685,0.5,0.245354309299706,0.238939008605482,0.952942422031666,0.79952787042101,0.20047212957899,0.952942422031666,0.238939008605482,0.209860200145557,0.740855846959981,0.047057577968334,0.0200094141251927,0.238939008605482,-0.0715608058280046,CBCbothPairsAsymRW,CBCdriftDiffusionLR,0.5,0.425211304726678,0.00879278239317294,0.299494026721105,0.048207602829254,0.811311739246531,0.758310293785099,2.31477661256769,0.5,69.7083100852651
CBC_1029,CBC_1029_MSI_AV_v3_Vset6_Aset1_2023-07-21_17h16.24.897.csv,3,30,3,1,z,0,1,3,aud,B,27,1,3B,1B,0,1,z,2.3555465999998,0,1,1,1,1B,3B,B31,3.80666248977032,0.982075665590846,0.185596118071892,0.245354309299706,0.350252986639447,0.486926456045271,0.609445936105274,0.495603608803414,0.495603608803414,0.243196962248806,0.5,0.983665577860096,0.119338845392685,0.5,0.245354309299706,0.167378202777477,0.972951836156859,0.551510055737486,0.448489944262514,0.609445936105274,0.495603608803414,0.15384355653282,0.544322842272182,0.390554063894726,0.166068003074983,0.495603608803413,-0.148430320458046,CBCbothPairsAsymRW,CBCdriftDiffusionLR,0.5,0.425211304726678,0.00879278239317294,0.299494026721105,0.048207602829254,0.811311739246531,0.758310293785099,2.31477661256769,0.5,69.7083100852651
CBC_1029,CBC_1029_MSI_AV_v3_Vset6_Aset1_2023-07-21_17h16.24.897.csv,3,31,0,3,z,0,1,2,aud,D,9,1,0D,3D,0,1,z,1.63751120000234,0,1,1,1,3D,0D,D03,3.8286413964891,0.982075665590846,0.185596118071892,0.245354309299706,0.350252986639447,0.486926456045271,0.775513939180257,0.495603608803414,0.347173288345368,0.243196962248806,0.5,0.983665577860096,0.119338845392685,0.5,0.245354309299706,0.167378202777477,0.972951836156859,0.660545587624527,0.339454412375473,0.972951836156859,0.5,0.351770552958603,0.637040618717673,0.0270481638431413,0.0115011850382031,0.5,-0.149747013360553,CBCbothPairsAsymRW,CBCdriftDiffusionLR,0.5,0.425211304726678,0.00879278239317294,0.299494026721105,0.048207602829254,0.811311739246531,0.758310293785099,2.31477661256769,0.5,69.7083100852651
CBC_1029,CBC_1029_MSI_AV_v3_Vset6_Aset1_2023-07-21_17h16.24.897.csv,3,32,1,0,b,1,0,3,aud,B,63,1,1B,0B,1,0,z,2.51423480000085,0,1,0,0,0B,1B,B10,3.85014760171006,0.982075665590846,0.185596118071892,0.245354309299706,0.350252986639447,0.486926456045271,0.775513939180257,0.495603608803414,0.347173288345368,0.243196962248806,0.5,0.983665577860096,0.119338845392685,0.350252986639447,0.245354309299706,0.167378202777477,0.984453021195062,0.385702531293198,0.614297468706802,0.486926456045271,0.775513939180257,0.0975706358078861,0.401510416288574,-0.486926456045271,-0.00428143836948495,-0.224486060819743,0.0108219348607019,CBCbothPairsAsymRW,CBCdriftDiffusionLR,0.5,0.425211304726678,0.00879278239317294,0.299494026721105,0.048207602829254,0.811311739246531,0.758310293785099,2.31477661256769,0.5,69.7083100852651
CBC_1029,CBC_1029_MSI_AV_v3_Vset6_Aset1_2023-07-21_17h16.24.897.csv,3,33,1,0,z,0,1,0,aud,A,63,1,1A,0A,0,1,z,2.68172290000075,0,1,1,1,0A,1A,A10,2.484906649788,0.982075665590846,0.185596118071892,0.245354309299706,0.350252986639447,0.482645017675786,0.786335874040959,0.495603608803414,0.347173288345368,0.243196962248806,0.5,0.983665577860096,0.119338845392685,0.350252986639447,0.245354309299706,0.167378202777477,0.984453021195062,0.841054549173299,0.158945450826701,0.982075665590846,0.185596118071892,0.148387362042093,0.768352527649826,0.0179243344091544,0.00762162962047384,0.185596118071892,-0.0555849287451567,CBCbothPairsAsymRW,CBCdriftDiffusionLR,0.5,0.425211304726678,0.00879278239317294,0.299494026721105,0.048207602829254,0.811311739246531,0.758310293785099,2.31477661256769,0.5,69.7083100852651
CBC_1029,CBC_1029_MSI_AV_v3_Vset6_Aset1_2023-07-21_17h16.24.897.csv,3,34,1,0,b,1,0,3,aud,B,63,1,1B,0B,1,0,z,1.42032830000244,0,1,0,0,0B,1B,B10,3.19867311755068,0.989697295211319,0.130011189326735,0.245354309299706,0.350252986639447,0.482645017675786,0.786335874040959,0.495603608803414,0.347173288345368,0.243196962248806,0.5,0.983665577860096,0.119338845392685,0.350252986639447,0.245354309299706,0.167378202777477,0.984453021195062,0.380340650380352,0.619659349619648,0.482645017675786,0.786335874040959,0.259077598939499,0.395871038615788,-0.482645017675786,-0.00424379261357229,-0.213664125959041,0.0103002353230932,CBCbothPairsAsymRW,CBCdriftDiffusionLR,0.5,0.425211304726678,0.00879278239317294,0.299494026721105,0.048207602829254,0.811311739246531,0.758310293785099,2.31477661256769,0.5,69.7083100852651
CBC_1029,CBC_1029_MSI_AV_v3_Vset6_Aset1_2023-07-21_17h16.24.897.csv,3,35,3,2,z,0,1,1,aud,C,63,1,3C,2C,0,1,z,1.1278117000038,0,1,1,1,2C,3C,C32,2.52572864430826,0.989697295211319,0.130011189326735,0.245354309299706,0.350252986639447,0.478401225062214,0.796636109364052,0.495603608803414,0.347173288345368,0.243196962248806,0.5,0.983665577860096,0.119338845392685,0.350252986639447,0.245354309299706,0.167378202777477,0.984453021195062,0.891805651113572,0.108194348886428,0.983665577860096,0.119338845392685,0.587790175662098,0.798289334178979,0.0163344221399041,0.00694558095006496,0.119338845392685,-0.0357412713509026,CBCbothPairsAsymRW,CBCdriftDiffusionLR,0.5,0.425211304726678,0.00879278239317294,0.299494026721105,0.048207602829254,0.811311739246531,0.758310293785099,2.31477661256769,0.5,69.7083100852651
CBC_1029,CBC_1029_MSI_AV_v3_Vset6_Aset1_2023-07-21_17h16.24.897.csv,3,36,0,2,b,1,0,0,aud,A,27,1,0A,2A,1,0,b,2.53960160000133,1,0,1,1,0A,2A,A02,3.23867845216438,0.989697295211319,0.130011189326735,0.245354309299706,0.350252986639447,0.478401225062214,0.796636109364052,0.495603608803414,0.347173288345368,0.243196962248806,0.5,0.990611158810161,0.0835975740417822,0.350252986639447,0.245354309299706,0.167378202777477,0.984453021195062,0.801340844055787,0.198659155944213,0.989697295211319,0.245354309299706,0.169205276737516,0.742929268483433,0.0103027047886806,0.00438082654540865,0.245354309299706,-0.0734821500655444,CBCbothPairsAsymRW,CBCdriftDiffusionLR,0.5,0.425211304726678,0.00879278239317294,0.299494026721105,0.048207602829254,0.811311739246531,0.758310293785099,2.31477661256769,0.5,69.7083100852651
CBC_1029,CBC_1029_MSI_AV_v3_Vset6_Aset1_2023-07-21_17h16.24.897.csv,3,37,1,0,b,1,0,3,aud,B,63,1,1B,0B,1,0,z,1.33412409999801,0,1,0,0,0B,1B,B10,2.85263142991332,0.994078121756728,0.130011189326735,0.171872159234161,0.350252986639447,0.478401225062214,0.796636109364052,0.495603608803414,0.347173288345368,0.243196962248806,0.5,0.990611158810161,0.0835975740417822,0.350252986639447,0.245354309299706,0.167378202777477,0.984453021195062,0.375205660371884,0.624794339628116,0.478401225062214,0.796636109364052,0.269667050519909,0.391765328625195,-0.478401225062214,-0.0042064778685994,-0.203363890635948,0.00980368566958963,CBCbothPairsAsymRW,CBCdriftDiffusionLR,0.5,0.425211304726678,0.00879278239317294,0.299494026721105,0.048207602829254,0.811311739246531,0.758310293785099,2.31477661256769,0.5,69.7083100852651
CBC_1029,CBC_1029_MSI_AV_v3_Vset6_Aset1_2023-07-21_17h16.24.897.csv,3,38,3,1,z,0,1,3,aud,B,27,1,3B,1B,0,1,z,1.78639560000374,0,1,1,1,1B,3B,B31,3.27714473299218,0.994078121756728,0.130011189326735,0.171872159234161,0.350252986639447,0.474194747193614,0.806439795033641,0.495603608803414,0.347173288345368,0.243196962248806,0.5,0.990611158810161,0.0835975740417822,0.350252986639447,0.245354309299706,0.167378202777477,0.984453021195062,0.699055694368103,0.300944305631897,0.806439795033641,0.347173288345368,0.3235300266591,0.668385130463717,0.193560204966359,0.0823039872969085,0.347173288345368,-0.103976326096562,CBCbothPairsAsymRW,CBCdriftDiffusionLR,0.5,0.425211304726678,0.00879278239317294,0.299494026721105,0.048207602829254,0.811311739246531,0.758310293785099,2.31477661256769,0.5,69.7083100852651
CBC_1029,CBC_1029_MSI_AV_v3_Vset6_Aset1_2023-07-21_17h16.24.897.csv,3,39,3,2,z,0,1,1,aud,C,63,1,3C,2C,0,1,z,0.938702899999043,0,1,1,1,2C,3C,C32,2.37954613413017,0.994078121756728,0.130011189326735,0.171872159234161,0.350252986639447,0.474194747193614,0.88874378233055,0.495603608803414,0.243196962248806,0.243196962248806,0.5,0.990611158810161,0.0835975740417822,0.350252986639447,0.245354309299706,0.167378202777477,0.984453021195062,0.922177532647834,0.0778224673521662,0.990611158810161,0.0835975740417822,0.10813081935545,0.814986373324894,0.00938884118983918,0.00399224141220309,0.0835975740417823,-0.0250369740738891,CBCbothPairsAsymRW,CBCdriftDiffusionLR,0.5,0.425211304726678,0.00879278239317294,0.299494026721105,0.048207602829254,0.811311739246531,0.758310293785099,2.31477661256769,0.5,69.7083100852651
CBC_1029,CBC_1029_MSI_AV_v3_Vset6_Aset1_2023-07-21_17h16.24.897.csv,3,40,3,1,b,1,0,2,aud,D,27,1,3D,1D,1,0,b,2.16352660000121,1,0,1,1,3D,1D,D31,4.00733318523247,0.994078121756728,0.130011189326735,0.171872159234161,0.350252986639447,0.474194747193614,0.88874378233055,0.495603608803414,0.243196962248806,0.243196962248806,0.5,0.994603400222364,0.0585605999678931,0.350252986639447,0.245354309299706,0.167378202777477,0.984453021195062,0.800493700748233,0.199506299251767,0.984453021195062,0.245354309299706,0.248462923855978,0.741641089452004,0.0155469788049383,0.00661075114220581,0.245354309299706,-0.0734821500655444,CBCbothPairsAsymRW,CBCdriftDiffusionLR,0.5,0.425211304726678,0.00879278239317294,0.299494026721105,0.048207602829254,0.811311739246531,0.758310293785099,2.31477661256769,0.5,69.7083100852651
CBC_1029,CBC_1029_MSI_AV_v3_Vset6_Aset1_2023-07-21_17h16.24.897.csv,3,41,1,2,z,0,1,1,aud,C,9,1,1C,2C,0,1,z,1.77853020000111,0,1,1,1,2C,1C,C12,4.02535169073515,0.994078121756728,0.130011189326735,0.171872159234161,0.350252986639447,0.474194747193614,0.88874378233055,0.495603608803414,0.243196962248806,0.243196962248806,0.5,0.994603400222364,0.0585605999678931,0.350252986639447,0.171872159234161,0.167378202777477,0.991063772337268,0.665463092131591,0.334536907868409,0.994603400222364,0.5,0.310941645094038,0.640668264578869,0.00539659977763607,0.00229469523253633,0.5,-0.149747013360553,CBCbothPairsAsymRW,CBCdriftDiffusionLR,0.5,0.425211304726678,0.00879278239317294,0.299494026721105,0.048207602829254,0.811311739246531,0.758310293785099,2.31477661256769,0.5,69.7083100852651
CBC_1029,CBC_1029_MSI_AV_v3_Vset6_Aset1_2023-07-21_17h16.24.897.csv,3,42,0,1,z,0,1,3,aud,B,63,0,0B,1B,1,0,b,1.32587620000049,1,0,0,1,0B,1B,B01,2.65675690671466,0.994078121756728,0.130011189326735,0.171872159234161,0.350252986639447,0.474194747193614,0.88874378233055,0.495603608803414,0.243196962248806,0.243196962248806,0.350252986639447,0.9968980954549,0.0585605999678931,0.350252986639447,0.171872159234161,0.167378202777477,0.991063772337268,0.347920861375287,0.652079138624713,0.474194747193614,0.88874378233055,0.256523913597712,0.368740825041049,0.525805252806386,0.223578337577944,0.88874378233055,-0.266173454093522,CBCbothPairsAsymRW,CBCdriftDiffusionLR,0.5,0.425211304726678,0.00879278239317294,0.299494026721105,0.048207602829254,0.811311739246531,0.758310293785099,2.31477661256769,0.5,69.7083100852651
CBC_1029,CBC_1029_MSI_AV_v3_Vset6_Aset1_2023-07-21_17h16.24.897.csv,3,43,3,2,b,1,0,2,aud,D,63,1,3D,2D,1,0,b,1.67314799999804,1,0,1,1,3D,2D,D32,2.26868354131836,0.994078121756728,0.130011189326735,0.171872159234161,0.350252986639447,0.697773084771558,0.622570328237028,0.495603608803414,0.243196962248806,0.243196962248806,0.350252986639447,0.9968980954549,0.0585605999678931,0.350252986639447,0.171872159234161,0.167378202777477,0.991063772337268,0.85551438365232,0.14448561634768,0.991063772337268,0.167378202777477,0.434256666675171,0.776968569692555,0.0089362276627325,0.00379978502380512,0.167378202777477,-0.0501287719351684,CBCbothPairsAsymRW,CBCdriftDiffusionLR,0.5,0.425211304726678,0.00879278239317294,0.299494026721105,0.048207602829254,0.811311739246531,0.758310293785099,2.31477661256769,0.5,69.7083100852651
CBC_1029,CBC_1029_MSI_AV_v3_Vset6_Aset1_2023-07-21_17h16.24.897.csv,3,44,0,1,b,1,0,0,aud,A,63,1,0A,1A,1,0,z,2.65657139999894,0,1,0,0,1A,0A,A01,2.97892515523761,0.994078121756728,0.130011189326735,0.171872159234161,0.350252986639447,0.697773084771558,0.622570328237028,0.495603608803414,0.243196962248806,0.243196962248806,0.350252986639447,0.9968980954549,0.0585605999678931,0.350252986639447,0.171872159234161,0.117249430842309,0.994863557361073,0.115659127833377,0.884340872166623,0.130011189326735,0.994078121756728,0.0398643046237186,0.205852780696017,-0.130011189326735,-0.00114316009642759,-0.00592187824327195,0.000285479554354854,CBCbothPairsAsymRW,CBCdriftDiffusionLR,0.5,0.425211304726678,0.00879278239317294,0.299494026721105,0.048207602829254,0.811311739246531,0.758310293785099,2.31477661256769,0.5,69.7083100852651
CBC_1029,CBC_1029_MSI_TV_v3_Vset3_Tset1_2023-07-21_17h25.06.255.csv,4,1,1,0,z,0,1,0,tac,A,63,1,1A,0A,0,1,z,2.36152779999975,0,1,1,1,0A,1A,A10,2.77258872223978,0.5,0.5,0.5,0.5,0.5,0.5,0.5,0.5,0.5,0.5,0.5,0.5,0.5,0.5,0.5,0.5,0.5,0.5,0.5,0.5,0.13094957880138,0.500380791125444,0.5,0.125158780770465,0.5,-0.00490307642189586,CBCbothPairsAsymRW,CBCdriftDiffusionLR,0.5,0.25031756154093,0.0161059858608986,0.00980615284379172,0.977387952629651,0.595991282141929,1.55492407488766,3.18047846854126,0.5,92.255009077756
CBC_1029,CBC_1029_MSI_TV_v3_Vset3_Tset1_2023-07-21_17h25.06.255.csv,4,2,3,2,z,0,1,1,tac,C,63,1,3C,2C,0,1,z,3.99804819999554,0,1,1,1,2C,3C,C32,2.83321334405622,0.625158780770465,0.495096923578104,0.5,0.5,0.5,0.5,0.5,0.5,0.5,0.5,0.5,0.5,0.5,0.5,0.5,0.5,0.5,0.5,0.5,0.5,0.0589653182247473,0.499111326553623,0.5,0.125158780770465,0.5,-0.00490307642189586,CBCbothPairsAsymRW,CBCdriftDiffusionLR,0.5,0.25031756154093,0.0161059858608986,0.00980615284379172,0.977387952629651,0.595991282141929,1.55492407488766,3.18047846854126,0.5,92.255009077756
CBC_1029,CBC_1029_MSI_TV_v3_Vset3_Tset1_2023-07-21_17h25.06.255.csv,4,3,0,2,b,1,0,0,tac,A,27,1,0A,2A,1,0,z,2.6808839999976,0,1,0,0,2A,0A,A02,2.89037175789616,0.625158780770465,0.495096923578104,0.5,0.5,0.5,0.5,0.5,0.5,0.5,0.5,0.625158780770465,0.495096923578104,0.5,0.5,0.5,0.5,0.444381725090942,0.555618274909058,0.5,0.625158780770465,0.0827919325631562,0.366649086030322,-0.5,-0.00805299293044931,-0.374841219229535,0.366365291823958,CBCbothPairsAsymRW,CBCdriftDiffusionLR,0.5,0.25031756154093,0.0161059858608986,0.00980615284379172,0.977387952629651,0.595991282141929,1.55492407488766,3.18047846854126,0.5,92.255009077756
CBC_1029,CBC_1029_MSI_TV_v3_Vset3_Tset1_2023-07-21_17h25.06.255.csv,4,4,1,0,b,1,0,3,tac,B,63,1,1B,0B,1,0,b,3.40184409999711,1,0,1,1,1B,0B,B10,2.94443897916644,0.991524072594422,0.495096923578104,0.491947007069551,0.5,0.5,0.5,0.5,0.5,0.5,0.5,0.625158780770465,0.495096923578104,0.5,0.5,0.5,0.5,0.5,0.5,0.5,0.5,0.0789249660856964,0.499479805873812,0.5,0.125158780770465,0.5,-0.00490307642189586,CBCbothPairsAsymRW,CBCdriftDiffusionLR,0.5,0.25031756154093,0.0161059858608986,0.00980615284379172,0.977387952629651,0.595991282141929,1.55492407488766,3.18047846854126,0.5,92.255009077756
CBC_1029,CBC_1029_MSI_TV_v3_Vset3_Tset1_2023-07-21_17h25.06.255.csv,4,5,2,3,z,0,1,2,tac,D,63,1,2D,3D,0,1,z,4.34453979999671,0,1,1,1,3D,2D,D23,2.99573227355399,0.991524072594422,0.495096923578104,0.491947007069551,0.5,0.495096923578104,0.625158780770465,0.5,0.5,0.5,0.5,0.625158780770465,0.495096923578104,0.5,0.5,0.5,0.5,0.5,0.5,0.5,0.5,0.0497808922102494,0.498968500760753,0.5,0.125158780770465,0.5,-0.00490307642189586,CBCbothPairsAsymRW,CBCdriftDiffusionLR,0.5,0.25031756154093,0.0161059858608986,0.00980615284379172,0.977387952629651,0.595991282141929,1.55492407488766,3.18047846854126,0.5,92.255009077756
CBC_1029,CBC_1029_MSI_TV_v3_Vset3_Tset1_2023-07-21_17h25.06.255.csv,4,6,1,2,b,1,0,3,tac,B,9,1,1B,2B,1,0,b,4.59496989999752,1,0,1,1,1B,2B,B12,3.04452243772342,0.991524072594422,0.495096923578104,0.491947007069551,0.5,0.495096923578104,0.625158780770465,0.5,0.5,0.5,0.5,0.625158780770465,0.495096923578104,0.5,0.5,0.495096923578104,0.625158780770465,0.555618274909058,0.444381725090942,0.625158780770465,0.5,0.0547288439719174,0.633855675413965,0.374841219229535,0.0938293399625663,0.5,-0.00490307642189586,CBCbothPairsAsymRW,CBCdriftDiffusionLR,0.5,0.25031756154093,0.0161059858608986,0.00980615284379172,0.977387952629651,0.595991282141929,1.55492407488766,3.18047846854126,0.5,92.255009077756
CBC_1029,CBC_1029_MSI_TV_v3_Vset3_Tset1_2023-07-21_17h25.06.255.csv,4,7,1,3,z,0,1,2,tac,D,27,1,1D,3D,0,1,z,2.71557499999835,0,1,1,1,3D,1D,D13,3.09104245335832,0.991524072594422,0.495096923578104,0.491947007069551,0.5,0.495096923578104,0.718988120733031,0.495096923578104,0.5,0.5,0.5,0.625158780770465,0.495096923578104,0.5,0.5,0.495096923578104,0.625158780770465,0.555618274909058,0.444381725090942,0.625158780770465,0.5,0.140659894111908,0.633784735292834,0.374841219229535,0.0938293399625663,0.5,-0.00490307642189586,CBCbothPairsAsymRW,CBCdriftDiffusionLR,0.5,0.25031756154093,0.0161059858608986,0.00980615284379172,0.977387952629651,0.595991282141929,1.55492407488766,3.18047846854126,0.5,92.255009077756
CBC_1029,CBC_1029_MSI_TV_v3_Vset3_Tset1_2023-07-21_17h25.06.255.csv,4,8,1,0,z,0,1,0,tac,A,63,1,1A,0A,0,1,z,3.01213839999764,0,1,1,1,0A,1A,A10,2.4423470353692,0.991524072594422,0.495096923578104,0.491947007069551,0.5,0.495096923578104,0.718988120733031,0.495096923578104,0.5,0.5,0.5,0.625158780770465,0.495096923578104,0.5,0.495096923578104,0.495096923578104,0.718988120733031,0.666964932654128,0.333035067345872,0.991524072594422,0.495096923578104,0.157533227324686,0.83929186107478,0.00847592740557757,0.00212167347996212,0.495096923578104,-0.00485499610509796,CBCbothPairsAsymRW,CBCdriftDiffusionLR,0.5,0.25031756154093,0.0161059858608986,0.00980615284379172,0.977387952629651,0.595991282141929,1.55492407488766,3.18047846854126,0.5,92.255009077756
CBC_1029,CBC_1029_MSI_TV_v3_Vset3_Tset1_2023-07-21_17h25.06.255.csv,4,9,0,1,b,1,0,0,tac,A,63,1,0A,1A,1,0,b,1.86994769999728,1,0,1,1,0A,1A,A01,3.17805383034795,0.993645746074384,0.490241927473006,0.491947007069551,0.5,0.495096923578104,0.718988120733031,0.495096923578104,0.5,0.5,0.5,0.625158780770465,0.495096923578104,0.5,0.495096923578104,0.495096923578104,0.718988120733031,0.669623290082981,0.330376709917019,0.993645746074384,0.490241927473006,0.316523138283861,0.84254015624506,0.00635425392561551,0.00159058134807195,0.490241927473006,-0.00480738727123535,CBCbothPairsAsymRW,CBCdriftDiffusionLR,0.5,0.25031756154093,0.0161059858608986,0.00980615284379172,0.977387952629651,0.595991282141929,1.55492407488766,3.18047846854126,0.5,92.255009077756
CBC_1029,CBC_1029_MSI_TV_v3_Vset3_Tset1_2023-07-21_17h25.06.255.csv,4,10,2,0,b,1,0,1,tac,C,27,1,2C,0C,1,0,b,2.85564269999668,1,0,1,1,2C,0C,C20,3.2188758248682,0.995236327422456,0.485434540201771,0.491947007069551,0.5,0.495096923578104,0.718988120733031,0.495096923578104,0.5,0.5,0.5,0.625158780770465,0.495096923578104,0.5,0.495096923578104,0.495096923578104,0.718988120733031,0.555618274909058,0.444381725090942,0.625158780770465,0.5,0.131345725220959,0.634756750966689,0.374841219229535,0.0938293399625663,0.5,-0.00490307642189586,CBCbothPairsAsymRW,CBCdriftDiffusionLR,0.5,0.25031756154093,0.0161059858608986,0.00980615284379172,0.977387952629651,0.595991282141929,1.55492407488766,3.18047846854126,0.5,92.255009077756
CBC_1029,CBC_1029_MSI_TV_v3_Vset3_Tset1_2023-07-21_17h25.06.255.csv,4,11,0,1,z,0,1,3,tac,B,63,1,0B,1B,0,1,z,2.18382369999745,0,1,1,1,1B,0B,B01,3.25809653802148,0.995236327422456,0.485434540201771,0.491947007069551,0.5,0.495096923578104,0.718988120733031,0.495096923578104,0.5,0.495096923578104,0.5,0.718988120733031,0.495096923578104,0.5,0.495096923578104,0.495096923578104,0.718988120733031,0.592205730646308,0.407794269353692,0.718988120733031,0.495096923578104,0.210387275007318,0.713727170212016,0.281011879266969,0.0703422083821418,0.495096923578104,-0.00485499610509796,CBCbothPairsAsymRW,CBCdriftDiffusionLR,0.5,0.25031756154093,0.0161059858608986,0.00980615284379172,0.977387952629651,0.595991282141929,1.55492407488766,3.18047846854126,0.5,92.255009077756
CBC_1029,CBC_1029_MSI_TV_v3_Vset3_Tset1_2023-07-21_17h25.06.255.csv,4,12,0,1,b,1,0,0,tac,A,63,1,0A,1A,1,0,b,2.59030409999832,1,0,1,1,0A,1A,A01,2.60268968544438,0.995236327422456,0.485434540201771,0.491947007069551,0.5,0.490241927473006,0.789330329115173,0.495096923578104,0.5,0.495096923578104,0.5,0.718988120733031,0.495096923578104,0.5,0.495096923578104,0.495096923578104,0.718988120733031,0.672152298788277,0.327847701211723,0.995236327422456,0.485434540201771,0.206344325682683,0.84568256134604,0.00476367257754351,0.00119243090359009,0.485434540201771,-0.00476024529687432,CBCbothPairsAsymRW,CBCdriftDiffusionLR,0.5,0.25031756154093,0.0161059858608986,0.00980615284379172,0.977387952629651,0.595991282141929,1.55492407488766,3.18047846854126,0.5,92.255009077756
CBC_1029,CBC_1029_MSI_TV_v3_Vset3_Tset1_2023-07-21_17h25.06.255.csv,4,13,3,2,z,0,1,1,tac,C,63,1,3C,2C,0,1,z,3.0384812999946,0,1,1,1,2C,3C,C32,2.63905732961526,0.996428758326047,0.480674294904897,0.491947007069551,0.5,0.490241927473006,0.789330329115173,0.495096923578104,0.5,0.495096923578104,0.5,0.718988120733031,0.495096923578104,0.5,0.495096923578104,0.495096923578104,0.718988120733031,0.592205730646308,0.407794269353692,0.718988120733031,0.495096923578104,0.134710426554814,0.7140708924613,0.281011879266969,0.0703422083821418,0.495096923578104,-0.00485499610509796,CBCbothPairsAsymRW,CBCdriftDiffusionLR,0.5,0.25031756154093,0.0161059858608986,0.00980615284379172,0.977387952629651,0.595991282141929,1.55492407488766,3.18047846854126,0.5,92.255009077756
CBC_1029,CBC_1029_MSI_TV_v3_Vset3_Tset1_2023-07-21_17h25.06.255.csv,4,14,0,2,b,1,0,0,tac,A,27,1,0A,2A,1,0,b,1.78168219999861,1,0,1,1,0A,2A,A02,2.67414864942653,0.996428758326047,0.480674294904897,0.491947007069551,0.5,0.490241927473006,0.789330329115173,0.495096923578104,0.5,0.495096923578104,0.5,0.789330329115173,0.490241927473006,0.5,0.495096923578104,0.495096923578104,0.718988120733031,0.669473920156987,0.330526079843013,0.996428758326047,0.491947007069551,0.33201679796603,0.843073946607909,0.0035712416739534,0.000893944507497362,0.491947007069551,-0.0048241075423699,CBCbothPairsAsymRW,CBCdriftDiffusionLR,0.5,0.25031756154093,0.0161059858608986,0.00980615284379172,0.977387952629651,0.595991282141929,1.55492407488766,3.18047846854126,0.5,92.255009077756
CBC_1029,CBC_1029_MSI_TV_v3_Vset3_Tset1_2023-07-21_17h25.06.255.csv,4,15,1,0,b,1,0,3,tac,B,63,1,1B,0B,1,0,b,2.44466389999798,1,0,1,1,1B,0B,B10,2.70805020110221,0.997322702833544,0.480674294904897,0.487122899527181,0.5,0.490241927473006,0.789330329115173,0.495096923578104,0.5,0.495096923578104,0.5,0.789330329115173,0.490241927473006,0.5,0.495096923578104,0.495096923578104,0.718988120733031,0.616870462024415,0.383129537975585,0.789330329115173,0.490241927473006,0.198080507057914,0.759624870116637,0.210669670884827,0.0527343183065201,0.490241927473006,-0.00480738727123535,CBCbothPairsAsymRW,CBCdriftDiffusionLR,0.5,0.25031756154093,0.0161059858608986,0.00980615284379172,0.977387952629651,0.595991282141929,1.55492407488766,3.18047846854126,0.5,92.255009077756
CBC_1029,CBC_1029_MSI_TV_v3_Vset3_Tset1_2023-07-21_17h25.06.255.csv,4,16,0,1,z,0,1,3,tac,B,63,1,0B,1B,0,1,z,2.12040609999531,0,1,1,1,1B,0B,B01,2.7408400239252,0.997322702833544,0.480674294904897,0.487122899527181,0.5,0.485434540201771,0.842064647421693,0.495096923578104,0.5,0.495096923578104,0.5,0.789330329115173,0.490241927473006,0.5,0.495096923578104,0.495096923578104,0.718988120733031,0.63432403972253,0.36567596027747,0.842064647421693,0.485434540201771,0.249268645820721,0.790803685721114,0.157935352578307,0.0395339923385088,0.485434540201771,-0.00476024529687432,CBCbothPairsAsymRW,CBCdriftDiffusionLR,0.5,0.25031756154093,0.0161059858608986,0.00980615284379172,0.977387952629651,0.595991282141929,1.55492407488766,3.18047846854126,0.5,92.255009077756
CBC_1029,CBC_1029_MSI_TV_v3_Vset3_Tset1_2023-07-21_17h25.06.255.csv,4,17,3,2,z,0,1,1,tac,C,63,1,3C,2C,0,1,z,2.60835829999633,0,1,1,1,2C,3C,C32,2.36712361413162,0.997322702833544,0.480674294904897,0.487122899527181,0.5,0.480674294904897,0.881598639760202,0.495096923578104,0.5,0.495096923578104,0.5,0.789330329115173,0.490241927473006,0.5,0.495096923578104,0.495096923578104,0.718988120733031,0.616870462024415,0.383129537975585,0.789330329115173,0.490241927473006,0.181440310284797,0.760824730427116,0.210669670884827,0.0527343183065201,0.490241927473006,-0.00480738727123535,CBCbothPairsAsymRW,CBCdriftDiffusionLR,0.5,0.25031756154093,0.0161059858608986,0.00980615284379172,0.977387952629651,0.595991282141929,1.55492407488766,3.18047846854126,0.5,92.255009077756
CBC_1029,CBC_1029_MSI_TV_v3_Vset3_Tset1_2023-07-21_17h25.06.255.csv,4,18,3,1,b,1,0,2,tac,D,27,1,3D,1D,1,0,b,3.77117749999888,1,0,1,1,3D,1D,D31,3.49650756146648,0.997322702833544,0.480674294904897,0.487122899527181,0.5,0.480674294904897,0.881598639760202,0.495096923578104,0.5,0.495096923578104,0.5,0.842064647421693,0.485434540201771,0.5,0.495096923578104,0.495096923578104,0.718988120733031,0.592205730646308,0.407794269353692,0.718988120733031,0.495096923578104,0.091330949042506,0.713055354154395,0.281011879266969,0.0703422083821418,0.495096923578104,-0.00485499610509796,CBCbothPairsAsymRW,CBCdriftDiffusionLR,0.5,0.25031756154093,0.0161059858608986,0.00980615284379172,0.977387952629651,0.595991282141929,1.55492407488766,3.18047846854126,0.5,92.255009077756
CBC_1029,CBC_1029_MSI_TV_v3_Vset3_Tset1_2023-07-21_17h25.06.255.csv,4,19,1,2,z,0,1,1,tac,C,9,1,1C,2C,0,1,z,3.17852579999817,0,1,1,1,2C,1C,C12,3.52636052461616,0.997322702833544,0.480674294904897,0.487122899527181,0.5,0.480674294904897,0.881598639760202,0.495096923578104,0.5,0.495096923578104,0.5,0.842064647421693,0.485434540201771,0.5,0.490241927473006,0.495096923578104,0.789330329115173,0.627439705709725,0.372560294290275,0.842064647421693,0.5,0.135025963677784,0.778754276253093,0.157935352578307,0.0395339923385088,0.5,-0.00490307642189586,CBCbothPairsAsymRW,CBCdriftDiffusionLR,0.5,0.25031756154093,0.0161059858608986,0.00980615284379172,0.977387952629651,0.595991282141929,1.55492407488766,3.18047846854126,0.5,92.255009077756
CBC_1029,CBC_1029_MSI_TV_v3_Vset3_Tset1_2023-07-21_17h25.06.255.csv,4,20,3,1,z,0,1,3,tac,B,27,1,3B,1B,0,1,z,2.63280769999983,0,1,1,1,1B,3B,B31,3.55534806148941,0.997322702833544,0.480674294904897,0.487122899527181,0.5,0.480674294904897,0.881598639760202,0.495096923578104,0.5,0.495096923578104,0.495096923578104,0.881598639760202,0.485434540201771,0.5,0.490241927473006,0.495096923578104,0.789330329115173,0.638100396445973,0.361899603554027,0.881598639760202,0.5,0.188365596039088,0.79640309559277,0.118401360239798,0.0296379397783555,0.5,-0.00490307642189586,CBCbothPairsAsymRW,CBCdriftDiffusionLR,0.5,0.25031756154093,0.0161059858608986,0.00980615284379172,0.977387952629651,0.595991282141929,1.55492407488766,3.18047846854126,0.5,92.255009077756
CBC_1029,CBC_1029_MSI_TV_v3_Vset3_Tset1_2023-07-21_17h25.06.255.csv,4,21,3,2,b,1,0,2,tac,D,63,1,3D,2D,1,0,z,4.60329399999682,0,1,0,0,2D,3D,D32,3.58351893845611,0.997322702833544,0.480674294904897,0.487122899527181,0.5,0.480674294904897,0.911236579538557,0.495096923578104,0.495096923578104,0.495096923578104,0.495096923578104,0.881598639760202,0.485434540201771,0.5,0.490241927473006,0.495096923578104,0.789330329115173,0.385461241607845,0.614538758392155,0.495096923578104,0.789330329115173,0.019555541353447,0.245670134101424,-0.495096923578104,-0.00797402405092335,-0.210669670884827,0.205905998307284,CBCbothPairsAsymRW,CBCdriftDiffusionLR,0.5,0.25031756154093,0.0161059858608986,0.00980615284379172,0.977387952629651,0.595991282141929,1.55492407488766,3.18047846854126,0.5,92.255009077756
CBC_1029,CBC_1029_MSI_TV_v3_Vset3_Tset1_2023-07-21_17h25.06.255.csv,4,22,1,0,b,1,0,3,tac,B,63,0,1B,0B,0,1,z,2.46265619999758,0,1,0,1,0B,1B,B10,2.51230562397611,0.997322702833544,0.480674294904897,0.487122899527181,0.5,0.480674294904897,0.911236579538557,0.495096923578104,0.495096923578104,0.495096923578104,0.495096923578104,0.881598639760202,0.485434540201771,0.5,0.490241927473006,0.487122899527181,0.995236327422456,0.345334104166038,0.654665895833962,0.480674294904897,0.911236579538557,0.0467599309430853,0.178050448038194,0.519325705095103,0.12999634414493,0.911236579538557,-0.00893572517580906,CBCbothPairsAsymRW,CBCdriftDiffusionLR,0.5,0.25031756154093,0.0161059858608986,0.00980615284379172,0.977387952629651,0.595991282141929,1.55492407488766,3.18047846854126,0.5,92.255009077756
CBC_1029,CBC_1029_MSI_TV_v3_Vset3_Tset1_2023-07-21_17h25.06.255.csv,4,23,3,0,z,0,1,0,tac,A,9,1,3A,0A,0,1,z,1.34490409999853,0,1,1,1,0A,3A,A30,3.63758615972639,0.997322702833544,0.480674294904897,0.487122899527181,0.5,0.610670639049827,0.902300854362748,0.495096923578104,0.495096923578104,0.495096923578104,0.495096923578104,0.881598639760202,0.485434540201771,0.5,0.490241927473006,0.487122899527181,0.995236327422456,0.666070647927934,0.333929352072066,0.997322702833544,0.5,0.372132677834192,0.837812734995081,0.00267729716645604,0.000670174498227716,0.5,-0.00490307642189586,CBCbothPairsAsymRW,CBCdriftDiffusionLR,0.5,0.25031756154093,0.0161059858608986,0.00980615284379172,0.977387952629651,0.595991282141929,1.55492407488766,3.18047846854126,0.5,92.255009077756
CBC_1029,CBC_1029_MSI_TV_v3_Vset3_Tset1_2023-07-21_17h25.06.255.csv,4,24,2,3,z,0,1,2,tac,D,63,1,2D,3D,0,1,b,2.48271679999743,1,0,0,0,2D,3D,D23,2.9704144655697,0.997992877331772,0.480674294904897,0.487122899527181,0.495096923578104,0.610670639049827,0.902300854362748,0.495096923578104,0.495096923578104,0.495096923578104,0.495096923578104,0.881598639760202,0.485434540201771,0.5,0.490241927473006,0.487122899527181,0.995236327422456,0.328613260990435,0.671386739009565,0.487122899527181,0.995236327422456,0.0403718632392458,0.154716648835861,-0.487122899527181,-0.00784559453230471,-0.00476367257754351,0.00465595618756326,CBCbothPairsAsymRW,CBCdriftDiffusionLR,0.5,0.25031756154093,0.0161059858608986,0.00980615284379172,0.977387952629651,0.595991282141929,1.55492407488766,3.18047846854126,0.5,92.255009077756
CBC_1029,CBC_1029_MSI_TV_v3_Vset3_Tset1_2023-07-21_17h25.06.255.csv,4,25,1,3,b,1,0,3,tac,B,27,1,1B,3B,1,0,b,2.66518200000064,1,0,1,1,1B,3B,B13,3.68887945411394,0.997992877331772,0.480674294904897,0.487122899527181,0.495096923578104,0.610670639049827,0.902300854362748,0.495096923578104,0.495096923578104,0.495096923578104,0.495096923578104,0.881598639760202,0.485434540201771,0.5,0.490241927473006,0.479277304994876,0.99989228361002,0.645700793722702,0.354299206277298,0.902300854362748,0.495096923578104,0.187874762685547,0.808321867146298,0.0976991456372518,0.024455811900549,0.495096923578104,-0.00485499610509796,CBCbothPairsAsymRW,CBCdriftDiffusionLR,0.5,0.25031756154093,0.0161059858608986,0.00980615284379172,0.977387952629651,0.595991282141929,1.55492407488766,3.18047846854126,0.5,92.255009077756
CBC_1029,CBC_1029_MSI_TV_v3_Vset3_Tset1_2023-07-21_17h25.06.255.csv,4,26,2,3,b,1,0,1,tac,C,63,1,2C,3C,1,0,z,3.01885649999531,0,1,0,0,3C,2C,C23,3.71357206670431,0.997992877331772,0.480674294904897,0.487122899527181,0.495096923578104,0.610670639049827,0.926756666263297,0.495096923578104,0.490241927473006,0.495096923578104,0.495096923578104,0.881598639760202,0.485434540201771,0.5,0.490241927473006,0.479277304994876,0.99989228361002,0.355100773936792,0.644899226063208,0.485434540201771,0.881598639760202,0.0365425828160166,0.193502406196144,-0.485434540201771,-0.00781840184088154,-0.118401360239798,0.115724063073342,CBCbothPairsAsymRW,CBCdriftDiffusionLR,0.5,0.25031756154093,0.0161059858608986,0.00980615284379172,0.977387952629651,0.595991282141929,1.55492407488766,3.18047846854126,0.5,92.255009077756
CBC_1029,CBC_1029_MSI_TV_v3_Vset3_Tset1_2023-07-21_17h25.06.255.csv,4,27,2,0,b,1,0,1,tac,C,27,1,2C,0C,1,0,b,2.38424549999763,1,0,1,1,2C,0C,C20,3.04452243772342,0.997992877331772,0.480674294904897,0.487122899527181,0.495096923578104,0.610670639049827,0.926756666263297,0.495096923578104,0.490241927473006,0.495096923578104,0.495096923578104,0.997322702833544,0.477616138360889,0.5,0.490241927473006,0.479277304994876,0.99989228361002,0.668258903316282,0.331741096683718,0.997322702833544,0.495096923578104,0.23288847988815,0.840826807086024,0.00267729716645604,0.000670174498227716,0.495096923578104,-0.00485499610509796,CBCbothPairsAsymRW,CBCdriftDiffusionLR,0.5,0.25031756154093,0.0161059858608986,0.00980615284379172,0.977387952629651,0.595991282141929,1.55492407488766,3.18047846854126,0.5,92.255009077756
CBC_1029,CBC_1029_MSI_TV_v3_Vset3_Tset1_2023-07-21_17h25.06.255.csv,4,28,0,1,z,0,1,3,tac,B,63,1,0B,1B,0,1,z,2.35138580000057,0,1,1,1,1B,0B,B01,2.66258782702545,0.997992877331772,0.480674294904897,0.487122899527181,0.495096923578104,0.610670639049827,0.926756666263297,0.495096923578104,0.490241927473006,0.490241927473006,0.495096923578104,0.997992877331772,0.477616138360889,0.5,0.490241927473006,0.479277304994876,0.99989228361002,0.602797064329846,0.397202935670154,0.926756666263297,0.610670639049827,0.200290442814357,0.735676402368039,0.0732433337367028,0.0183340927001,0.610670639049827,-0.00598832962373856,CBCbothPairsAsymRW,CBCdriftDiffusionLR,0.5,0.25031756154093,0.0161059858608986,0.00980615284379172,0.977387952629651,0.595991282141929,1.55492407488766,3.18047846854126,0.5,92.255009077756
CBC_1029,CBC_1029_MSI_TV_v3_Vset3_Tset1_2023-07-21_17h25.06.255.csv,4,29,2,3,b,1,0,1,tac,C,63,1,2C,3C,1,0,z,3.90295699999842,0,1,0,0,3C,2C,C23,3.09104245335832,0.997992877331772,0.480674294904897,0.487122899527181,0.495096923578104,0.604682309426088,0.945090758963397,0.495096923578104,0.490241927473006,0.490241927473006,0.495096923578104,0.997992877331772,0.477616138360889,0.5,0.490241927473006,0.479277304994876,0.99989228361002,0.32367390906506,0.67632609093494,0.477616138360889,0.997992877331772,0.0156843966530365,0.148418297018795,-0.477616138360889,-0.00769247877137748,-0.00200712266822833,0.00196173751537625,CBCbothPairsAsymRW,CBCdriftDiffusionLR,0.5,0.25031756154093,0.0161059858608986,0.00980615284379172,0.977387952629651,0.595991282141929,1.55492407488766,3.18047846854126,0.5,92.255009077756
CBC_1029,CBC_1029_MSI_TV_v3_Vset3_Tset1_2023-07-21_17h25.06.255.csv,4,30,1,0,z,0,1,0,tac,A,63,1,1A,0A,0,1,z,0.866024599999946,0,1,1,1,0A,1A,A10,2.70805020110221,0.997992877331772,0.480674294904897,0.487122899527181,0.495096923578104,0.604682309426088,0.945090758963397,0.495096923578104,0.490241927473006,0.490241927473006,0.495096923578104,0.999954614847148,0.469923659589512,0.5,0.490241927473006,0.479277304994876,0.99989228361002,0.674927323788614,0.325072676211386,0.997992877331772,0.480674294904897,0.0956040771630999,0.849734913909478,0.00200712266822833,0.000502418052024441,0.480674294904897,-0.00471356560391923,CBCbothPairsAsymRW,CBCdriftDiffusionLR,0.5,0.25031756154093,0.0161059858608986,0.00980615284379172,0.977387952629651,0.595991282141929,1.55492407488766,3.18047846854126,0.5,92.255009077756
CBC_1029,CBC_1029_MSI_TV_v3_Vset3_Tset1_2023-07-21_17h25.06.255.csv,4,31,2,3,z,0,1,2,tac,D,63,1,2D,3D,0,1,z,3.73478819999946,0,1,1,1,3D,2D,D23,2.73002910782099,0.998495295383796,0.475960729300977,0.487122899527181,0.495096923578104,0.604682309426088,0.945090758963397,0.495096923578104,0.490241927473006,0.490241927473006,0.495096923578104,0.999954614847148,0.469923659589512,0.5,0.490241927473006,0.479277304994876,0.99989228361002,0.675982180348289,0.324017819651711,0.99989228361002,0.479277304994876,0.10020480117407,0.851329301441672,0.000107716389980195,2.69633040778342e-05,0.479277304994876,-0.00469986650734033,CBCbothPairsAsymRW,CBCdriftDiffusionLR,0.5,0.25031756154093,0.0161059858608986,0.00980615284379172,0.977387952629651,0.595991282141929,1.55492407488766,3.18047846854126,0.5,92.255009077756
CBC_1029,CBC_1029_MSI_TV_v3_Vset3_Tset1_2023-07-21_17h25.06.255.csv,4,32,2,3,b,1,0,1,tac,C,63,1,2C,3C,1,0,z,4.09980469999937,0,1,0,0,3C,2C,C23,2.75153531304195,0.998495295383796,0.475960729300977,0.487122899527181,0.495096923578104,0.604682309426088,0.945090758963397,0.495096923578104,0.490241927473006,0.490241927473006,0.495096923578104,0.999954614847148,0.469923659589512,0.5,0.490241927473006,0.474577438487536,0.999919246914098,0.319702432345708,0.680297567654292,0.469923659589512,0.999954614847148,0.013293220224666,0.143961297878817,-0.469923659589512,-0.00756858381705041,-4.53851528521287e-05,4.43589016259259e-05,CBCbothPairsAsymRW,CBCdriftDiffusionLR,0.5,0.25031756154093,0.0161059858608986,0.00980615284379172,0.977387952629651,0.595991282141929,1.55492407488766,3.18047846854126,0.5,92.255009077756
CBC_1029,CBC_1029_MSI_TV_v3_Vset3_Tset1_2023-07-21_17h25.06.255.csv,4,33,3,1,b,1,0,2,tac,D,27,1,3D,1D,1,0,b,3.25502969999798,1,0,1,1,3D,1D,D31,3.17805383034795,0.998495295383796,0.475960729300977,0.487122899527181,0.495096923578104,0.604682309426088,0.945090758963397,0.495096923578104,0.490241927473006,0.490241927473006,0.495096923578104,0.999998973748774,0.462355075772461,0.5,0.490241927473006,0.474577438487536,0.999919246914098,0.671014158804238,0.328985841195762,0.999919246914098,0.490241927473006,0.135711539225566,0.843757869878916,8.07530859023853e-05,2.02139155499903e-05,0.490241927473006,-0.00480738727123535,CBCbothPairsAsymRW,CBCdriftDiffusionLR,0.5,0.25031756154093,0.0161059858608986,0.00980615284379172,0.977387952629651,0.595991282141929,1.55492407488766,3.18047846854126,0.5,92.255009077756
CBC_1029,CBC_1029_MSI_TV_v3_Vset3_Tset1_2023-07-21_17h25.06.255.csv,4,34,0,2,z,0,1,1,tac,C,27,1,0C,2C,0,1,z,1.8960511999976,0,1,1,1,2C,0C,C02,3.89182029811063,0.998495295383796,0.475960729300977,0.487122899527181,0.495096923578104,0.604682309426088,0.945090758963397,0.495096923578104,0.490241927473006,0.490241927473006,0.495096923578104,0.999998973748774,0.462355075772461,0.5,0.485434540201771,0.474577438487536,0.999939460829648,0.671031759314162,0.328968240685838,0.999998973748774,0.490241927473006,0.313485072749116,0.844712298991133,1.02625122622158e-06,2.56888704476174e-07,0.490241927473006,-0.00480738727123535,CBCbothPairsAsymRW,CBCdriftDiffusionLR,0.5,0.25031756154093,0.0161059858608986,0.00980615284379172,0.977387952629651,0.595991282141929,1.55492407488766,3.18047846854126,0.5,92.255009077756
CBC_1029,CBC_1029_MSI_TV_v3_Vset3_Tset1_2023-07-21_17h25.06.255.csv,4,35,2,3,z,0,1,2,tac,D,63,0,2D,3D,1,0,b,2.9911744999954,1,0,0,1,2D,3D,D23,2.52572864430826,0.998495295383796,0.475960729300977,0.487122899527181,0.495096923578104,0.604682309426088,0.945090758963397,0.495096923578104,0.490241927473006,0.485434540201771,0.495096923578104,0.999999230637478,0.462355075772461,0.5,0.485434540201771,0.474577438487536,0.999939460829648,0.321852831057618,0.678147168942382,0.474577438487536,0.999939460829648,0.0276957942453692,0.146563566112324,0.525422561512464,0.131522494376389,0.999939460829648,-0.0098055591874342,CBCbothPairsAsymRW,CBCdriftDiffusionLR,0.5,0.25031756154093,0.0161059858608986,0.00980615284379172,0.977387952629651,0.595991282141929,1.55492407488766,3.18047846854126,0.5,92.255009077756
CBC_1029,CBC_1029_MSI_TV_v3_Vset3_Tset1_2023-07-21_17h25.06.255.csv,4,36,1,0,z,0,1,0,tac,A,63,1,1A,0A,0,1,z,0.915139999997336,0,1,1,1,0A,1A,A10,2.54553127160444,0.998495295383796,0.475960729300977,0.487122899527181,0.495096923578104,0.604682309426088,0.945090758963397,0.495096923578104,0.490241927473006,0.485434540201771,0.495096923578104,0.999999230637478,0.462355075772461,0.5,0.485434540201771,0.606099932863925,0.990133901642213,0.677195710599281,0.322804289400719,0.998495295383796,0.475960729300977,0.153235150144248,0.852327308229347,0.00150470461620389,0.000376653990367538,0.475960729300977,-0.00466734365916796,CBCbothPairsAsymRW,CBCdriftDiffusionLR,0.5,0.25031756154093,0.0161059858608986,0.00980615284379172,0.977387952629651,0.595991282141929,1.55492407488766,3.18047846854126,0.5,92.255009077756
CBC_1029,CBC_1029_MSI_TV_v3_Vset3_Tset1_2023-07-21_17h25.06.255.csv,4,37,2,3,b,1,0,1,tac,C,63,1,2C,3C,1,0,b,3.15939409999555,1,0,1,1,2C,3C,C23,2.56494935746154,0.998871949374164,0.471293385641809,0.487122899527181,0.495096923578104,0.604682309426088,0.945090758963397,0.495096923578104,0.490241927473006,0.485434540201771,0.495096923578104,0.999999230637478,0.462355075772461,0.5,0.485434540201771,0.606099932863925,0.990133901642213,0.683828280365559,0.316171719634441,0.999999230637478,0.462355075772461,0.145154190485968,0.859859367373021,7.69362521690908e-07,1.92584950370649e-07,0.462355075772461,-0.00453392454112766,CBCbothPairsAsymRW,CBCdriftDiffusionLR,0.5,0.25031756154093,0.0161059858608986,0.00980615284379172,0.977387952629651,0.595991282141929,1.55492407488766,3.18047846854126,0.5,92.255009077756
CBC_1029,CBC_1029_MSI_TV_v3_Vset3_Tset1_2023-07-21_17h25.06.255.csv,4,38,0,2,b,1,0,0,tac,A,27,1,0A,2A,1,0,b,1.16449740000098,1,0,1,1,0A,2A,A02,2.87167962488401,0.998871949374164,0.471293385641809,0.487122899527181,0.495096923578104,0.604682309426088,0.945090758963397,0.495096923578104,0.490241927473006,0.485434540201771,0.495096923578104,0.999999423222429,0.457821151231334,0.5,0.485434540201771,0.606099932863925,0.990133901642213,0.672190721328994,0.327809278671006,0.998871949374164,0.487122899527181,0.345381579066713,0.845590765058482,0.00112805062583632,0.000282370881954067,0.487122899527181,-0.00477680160647453,CBCbothPairsAsymRW,CBCdriftDiffusionLR,0.5,0.25031756154093,0.0161059858608986,0.00980615284379172,0.977387952629651,0.595991282141929,1.55492407488766,3.18047846854126,0.5,92.255009077756
CBC_1029,CBC_1029_MSI_TV_v3_Vset3_Tset1_2023-07-21_17h25.06.255.csv,4,39,2,3,z,0,1,2,tac,D,63,1,2D,3D,0,1,z,2.38760069999989,0,1,1,1,3D,2D,D23,2.37954613413017,0.999154320256118,0.471293385641809,0.482346097920706,0.495096923578104,0.604682309426088,0.945090758963397,0.495096923578104,0.490241927473006,0.485434540201771,0.495096923578104,0.999999423222429,0.457821151231334,0.5,0.485434540201771,0.606099932863925,0.990133901642213,0.620293769144765,0.379706230855235,0.990133901642213,0.606099932863925,0.206626355845436,0.76655047387698,0.00986609835778662,0.00246965768284412,0.606099932863925,-0.00594350858027555,CBCbothPairsAsymRW,CBCdriftDiffusionLR,0.5,0.25031756154093,0.0161059858608986,0.00980615284379172,0.977387952629651,0.595991282141929,1.55492407488766,3.18047846854126,0.5,92.255009077756
CBC_1029,CBC_1029_MSI_TV_v3_Vset3_Tset1_2023-07-21_17h25.06.255.csv,4,40,3,2,b,1,0,2,tac,D,63,1,3D,2D,1,0,b,2.37364089999755,1,0,1,1,3D,2D,D32,3.31418600467253,0.999154320256118,0.471293385641809,0.482346097920706,0.495096923578104,0.604682309426088,0.945090758963397,0.495096923578104,0.490241927473006,0.485434540201771,0.495096923578104,0.999999423222429,0.457821151231334,0.5,0.485434540201771,0.600156424283649,0.992603559325058,0.623197198284779,0.37680280171522,0.992603559325058,0.600156424283649,0.209829193987079,0.771320395941873,0.00739644067494249,0.00185145899383375,0.600156424283649,-0.00588522562670898,CBCbothPairsAsymRW,CBCdriftDiffusionLR,0.5,0.25031756154093,0.0161059858608986,0.00980615284379172,0.977387952629651,0.595991282141929,1.55492407488766,3.18047846854126,0.5,92.255009077756
CBC_1029,CBC_1029_MSI_TV_v3_Vset3_Tset1_2023-07-21_17h25.06.255.csv,4,41,3,1,z,0,1,3,tac,B,27,1,3B,1B,0,1,z,1.61297369999738,0,1,1,1,1B,3B,B31,3.3322045101752,0.999154320256118,0.471293385641809,0.482346097920706,0.495096923578104,0.604682309426088,0.945090758963397,0.495096923578104,0.490241927473006,0.485434540201771,0.495096923578104,0.999999423222429,0.457821151231334,0.5,0.485434540201771,0.59427119865694,0.994455018318891,0.658447179454846,0.341552820545154,0.945090758963397,0.490241927473006,0.345686112459709,0.82797391327312,0.0549092410366028,0.0137447473223456,0.490241927473006,-0.00480738727123535,CBCbothPairsAsymRW,CBCdriftDiffusionLR,0.5,0.25031756154093,0.0161059858608986,0.00980615284379172,0.977387952629651,0.595991282141929,1.55492407488766,3.18047846854126,0.5,92.255009077756
CBC_1029,CBC_1029_MSI_TV_v3_Vset3_Tset1_2023-07-21_17h25.06.255.csv,4,42,3,0,b,1,0,2,tac,D,9,1,3D,0D,1,0,b,2.30805249999685,1,0,1,1,3D,0D,D30,4.04305126783455,0.999154320256118,0.471293385641809,0.482346097920706,0.495096923578104,0.604682309426088,0.958835506285743,0.495096923578104,0.485434540201771,0.485434540201771,0.495096923578104,0.999999423222429,0.457821151231334,0.5,0.485434540201771,0.59427119865694,0.994455018318891,0.66542987652954,0.33457012347046,0.994455018318891,0.5,0.242375296321929,0.836721310434346,0.00554498168110873,0.00138800629320426,0.5,-0.00490307642189586,CBCbothPairsAsymRW,CBCdriftDiffusionLR,0.5,0.25031756154093,0.0161059858608986,0.00980615284379172,0.977387952629651,0.595991282141929,1.55492407488766,3.18047846854126,0.5,92.255009077756
CBC_1029,CBC_1029_MSI_TV_v3_Vset3_Tset1_2023-07-21_17h25.06.255.csv,4,43,0,1,z,0,1,3,tac,B,63,1,0B,1B,0,1,z,1.42423599999893,0,1,1,1,1B,0B,B01,2.67414864942653,0.999154320256118,0.471293385641809,0.482346097920706,0.495096923578104,0.604682309426088,0.958835506285743,0.495096923578104,0.485434540201771,0.485434540201771,0.495096923578104,0.999999423222429,0.457821151231334,0.495096923578104,0.485434540201771,0.59427119865694,0.995843024612096,0.613255248293547,0.386744751706453,0.958835506285743,0.604682309426088,0.30417494115251,0.754097775311509,0.0411644937142572,0.0103041956886198,0.604682309426088,-0.00592960714816918,CBCbothPairsAsymRW,CBCdriftDiffusionLR,0.5,0.25031756154093,0.0161059858608986,0.00980615284379172,0.977387952629651,0.595991282141929,1.55492407488766,3.18047846854126,0.5,92.255009077756
CBC_1029,CBC_1029_MSI_TV_v3_Vset3_Tset1_2023-07-21_17h25.06.255.csv,4,44,0,1,b,1,0,0,tac,A,63,1,0A,1A,1,0,b,2.74813119999453,1,0,1,1,0A,1A,A01,2.97892515523761,0.999154320256118,0.471293385641809,0.482346097920706,0.495096923578104,0.598752702277919,0.969139701974363,0.495096923578104,0.485434540201771,0.485434540201771,0.495096923578104,0.999999423222429,0.457821151231334,0.495096923578104,0.485434540201771,0.59427119865694,0.995843024612096,0.679489869818924,0.320510130181076,0.999154320256118,0.471293385641809,0.188705366438907,0.855096873416847,0.000845679743882277,0.00021168849133317,0.471293385641809,-0.00462157497387165,CBCbothPairsAsymRW,CBCdriftDiffusionLR,0.5,0.25031756154093,0.0161059858608986,0.00980615284379172,0.977387952629651,0.595991282141929,1.55492407488766,3.18047846854126,0.5,92.255009077756
