ID,filename,session,trial,visStimLeft,visStimRight,correctKey,leftCorrect,rightCorrect,secondStim,mod2Type,mod2Stim,frequency,rewardAccurate,stimPairLeft,stimPairRight,pCorrectLeft,pCorrectRight,key,reactionTime,choiceLeft,choiceRight,choiceAccurate,reward,chosenPair,otherPair,triplet,surprise,0A belief,1A belief,2A belief,3A belief,0B belief,1B belief,2B belief,3B belief,0C belief,1C belief,2C belief,3C belief,0D belief,1D belief,2D belief,3D belief,beliefPairNorm,beliefOtherPairNorm,beliefPair,beliefOtherPair,lik,corrLik,rewardPE,update2,fit_percModel,fit_respModel,fit_startBelief,fit_alpha1,fit_nonDecisionTime,fit_weight,fit_startingBoundary,fit_startingPoint,fit_NLL
CBC_1007,CBC_1007_MSI_AV_v3_Vset2_Aset1_2023-06-21_15h59.48.192.csv,1,1,0,1,z,0,1,3,aud,B,63,1,0B,1B,0,1,b,2.25464279999869,1,0,0,0,0B,1B,B01,2.77258872223978,0.5,0.5,0.5,0.5,0.5,0.5,0.5,0.5,0.5,0.5,0.5,0.5,0.5,0.5,0.5,0.5,0.5,0.5,0.5,0.5,0.156827886592401,0.50007042837424,-0.5,-0.0842081061600297,CBCsimpleRW,CBCdriftDiffusionLR_pwBelief,0.5,0.168416212320059,0.836004180964648,2.55263014397778,2.27233794388479,0.5,41.2204631333176
CBC_1007,CBC_1007_MSI_AV_v3_Vset2_Aset1_2023-06-21_15h59.48.192.csv,1,2,0,1,b,1,0,0,aud,A,63,1,0A,1A,1,0,z,1.56986979999965,0,1,0,0,1A,0A,A01,2.83321334405622,0.5,0.5,0.5,0.5,0.41579189383997,0.5,0.5,0.5,0.5,0.5,0.5,0.5,0.5,0.5,0.5,0.5,0.5,0.5,0.5,0.5,0.297902886843133,0.499147416652294,-0.5,-0.0842081061600297,CBCsimpleRW,CBCdriftDiffusionLR_pwBelief,0.5,0.168416212320059,0.836004180964648,2.55263014397778,2.27233794388479,0.5,41.2204631333176
CBC_1007,CBC_1007_MSI_AV_v3_Vset2_Aset1_2023-06-21_15h59.48.192.csv,1,3,2,3,z,0,1,2,aud,D,63,1,2D,3D,0,1,z,2.18656360000023,0,1,1,1,3D,2D,D23,2.89037175789616,0.5,0.41579189383997,0.5,0.5,0.41579189383997,0.5,0.5,0.5,0.5,0.5,0.5,0.5,0.5,0.5,0.5,0.5,0.5,0.5,0.5,0.5,0.167413193203653,0.500216615722774,0.5,0.0842081061600297,CBCsimpleRW,CBCdriftDiffusionLR_pwBelief,0.5,0.168416212320059,0.836004180964648,2.55263014397778,2.27233794388479,0.5,41.2204631333176
CBC_1007,CBC_1007_MSI_AV_v3_Vset2_Aset1_2023-06-21_15h59.48.192.csv,1,4,2,1,z,0,1,3,aud,B,9,1,2B,1B,0,1,b,2.28754330000083,1,0,0,0,2B,1B,B21,2.94443897916644,0.5,0.41579189383997,0.5,0.5,0.41579189383997,0.5,0.5,0.5,0.5,0.5,0.5,0.5,0.5,0.5,0.5,0.58420810616003,0.5,0.5,0.5,0.5,0.151881947784401,0.499762886821664,-0.5,-0.0842081061600297,CBCsimpleRW,CBCdriftDiffusionLR_pwBelief,0.5,0.168416212320059,0.836004180964648,2.55263014397778,2.27233794388479,0.5,41.2204631333176
CBC_1007,CBC_1007_MSI_AV_v3_Vset2_Aset1_2023-06-21_15h59.48.192.csv,1,5,0,2,b,1,0,0,aud,A,27,1,0A,2A,1,0,z,2.41652909999902,0,1,0,0,2A,0A,A02,2.99573227355399,0.5,0.41579189383997,0.5,0.5,0.41579189383997,0.5,0.41579189383997,0.5,0.5,0.5,0.5,0.5,0.5,0.5,0.5,0.58420810616003,0.5,0.5,0.5,0.5,0.134291942614927,0.499841079147658,-0.5,-0.0842081061600297,CBCsimpleRW,CBCdriftDiffusionLR_pwBelief,0.5,0.168416212320059,0.836004180964648,2.55263014397778,2.27233794388479,0.5,41.2204631333176
CBC_1007,CBC_1007_MSI_AV_v3_Vset2_Aset1_2023-06-21_15h59.48.192.csv,1,6,2,3,b,1,0,1,aud,C,63,1,2C,3C,1,0,b,2.19427229999928,1,0,1,1,2C,3C,C23,3.04452243772342,0.5,0.41579189383997,0.41579189383997,0.5,0.41579189383997,0.5,0.41579189383997,0.5,0.5,0.5,0.5,0.5,0.5,0.5,0.5,0.58420810616003,0.5,0.5,0.5,0.5,0.165801166656257,0.499060460531348,0.5,0.0842081061600297,CBCsimpleRW,CBCdriftDiffusionLR_pwBelief,0.5,0.168416212320059,0.836004180964648,2.55263014397778,2.27233794388479,0.5,41.2204631333176
CBC_1007,CBC_1007_MSI_AV_v3_Vset2_Aset1_2023-06-21_15h59.48.192.csv,1,7,1,3,z,0,1,2,aud,D,27,1,1D,3D,0,1,z,1.58380880000186,0,1,1,1,3D,1D,D13,3.09104245335832,0.5,0.41579189383997,0.41579189383997,0.5,0.41579189383997,0.5,0.41579189383997,0.5,0.5,0.5,0.58420810616003,0.5,0.5,0.5,0.5,0.58420810616003,0.58420810616003,0.41579189383997,0.58420810616003,0.5,0.448406687088613,0.726538776374576,0.41579189383997,0.0700260958739121,CBCsimpleRW,CBCdriftDiffusionLR_pwBelief,0.5,0.168416212320059,0.836004180964648,2.55263014397778,2.27233794388479,0.5,41.2204631333176
CBC_1007,CBC_1007_MSI_AV_v3_Vset2_Aset1_2023-06-21_15h59.48.192.csv,1,8,1,0,z,0,1,0,aud,A,63,1,1A,0A,0,1,b,1.65568639999947,1,0,0,0,1A,0A,A10,3.13549421592915,0.5,0.41579189383997,0.41579189383997,0.5,0.41579189383997,0.5,0.41579189383997,0.5,0.5,0.5,0.58420810616003,0.5,0.5,0.5,0.5,0.654234202033942,0.41579189383997,0.58420810616003,0.41579189383997,0.5,0.157006894628917,0.273114875722313,-0.41579189383997,-0.0700260958739121,CBCsimpleRW,CBCdriftDiffusionLR_pwBelief,0.5,0.168416212320059,0.836004180964648,2.55263014397778,2.27233794388479,0.5,41.2204631333176
CBC_1007,CBC_1007_MSI_AV_v3_Vset2_Aset1_2023-06-21_15h59.48.192.csv,1,9,2,0,b,1,0,1,aud,C,27,1,2C,0C,1,0,b,3.50904509999964,1,0,1,1,2C,0C,C20,3.17805383034795,0.5,0.345765797966058,0.41579189383997,0.5,0.41579189383997,0.5,0.41579189383997,0.5,0.5,0.5,0.58420810616003,0.5,0.5,0.5,0.5,0.654234202033942,0.58420810616003,0.41579189383997,0.58420810616003,0.5,0.0602005877955419,0.72543584289067,0.41579189383997,0.0700260958739121,CBCsimpleRW,CBCdriftDiffusionLR_pwBelief,0.5,0.168416212320059,0.836004180964648,2.55263014397778,2.27233794388479,0.5,41.2204631333176
CBC_1007,CBC_1007_MSI_AV_v3_Vset2_Aset1_2023-06-21_15h59.48.192.csv,1,10,2,3,z,0,1,2,aud,D,63,1,2D,3D,0,1,z,1.15311800000018,0,1,1,1,3D,2D,D23,2.52572864430826,0.5,0.345765797966058,0.41579189383997,0.5,0.41579189383997,0.5,0.41579189383997,0.5,0.5,0.5,0.654234202033942,0.5,0.5,0.5,0.5,0.654234202033942,0.654234202033942,0.345765797966058,0.654234202033942,0.5,0.735409015361762,0.856912399830531,0.345765797966058,0.0582325660432664,CBCsimpleRW,CBCdriftDiffusionLR_pwBelief,0.5,0.168416212320059,0.836004180964648,2.55263014397778,2.27233794388479,0.5,41.2204631333176
CBC_1007,CBC_1007_MSI_AV_v3_Vset2_Aset1_2023-06-21_15h59.48.192.csv,1,11,1,0,b,1,0,3,aud,B,63,0,1B,0B,0,1,b,2.48599909999939,1,0,1,0,1B,0B,B10,3.25809653802148,0.5,0.345765797966058,0.41579189383997,0.5,0.41579189383997,0.5,0.41579189383997,0.5,0.5,0.5,0.654234202033942,0.5,0.5,0.5,0.5,0.712466768077208,0.58420810616003,0.41579189383997,0.5,0.41579189383997,0.175907747275018,0.726534431319127,-0.5,-0.0842081061600297,CBCsimpleRW,CBCdriftDiffusionLR_pwBelief,0.5,0.168416212320059,0.836004180964648,2.55263014397778,2.27233794388479,0.5,41.2204631333176
CBC_1007,CBC_1007_MSI_AV_v3_Vset2_Aset1_2023-06-21_15h59.48.192.csv,1,12,0,1,b,1,0,0,aud,A,63,1,0A,1A,NaN,NaN,[],NaN,NaN,NaN,NaN,NaN,,,A01,2.60268968544438,0.5,0.345765797966058,0.41579189383997,0.5,0.41579189383997,0.41579189383997,0.41579189383997,0.5,0.5,0.5,0.654234202033942,0.5,0.5,0.5,0.5,0.712466768077208,0,0,0,0,NaN,0,0,0,CBCsimpleRW,CBCdriftDiffusionLR_pwBelief,0.5,0.168416212320059,0.836004180964648,2.55263014397778,2.27233794388479,0.5,41.2204631333176
CBC_1007,CBC_1007_MSI_AV_v3_Vset2_Aset1_2023-06-21_15h59.48.192.csv,1,13,2,3,z,0,1,2,aud,D,63,1,2D,3D,0,1,z,1.0379326000002,0,1,1,1,3D,2D,D23,2.23359222150709,0.5,0.345765797966058,0.41579189383997,0.5,0.41579189383997,0.41579189383997,0.41579189383997,0.5,0.5,0.5,0.654234202033942,0.5,0.5,0.5,0.5,0.712466768077208,0.712466768077208,0.287533231922792,0.712466768077208,0.5,0.621810900622868,0.921487616965022,0.287533231922792,0.0484252578365818,CBCsimpleRW,CBCdriftDiffusionLR_pwBelief,0.5,0.168416212320059,0.836004180964648,2.55263014397778,2.27233794388479,0.5,41.2204631333176
CBC_1007,CBC_1007_MSI_AV_v3_Vset2_Aset1_2023-06-21_15h59.48.192.csv,1,14,2,0,b,1,0,1,aud,C,27,1,2C,0C,1,0,b,1.70076030000018,1,0,1,1,2C,0C,C20,2.67414864942653,0.5,0.345765797966058,0.41579189383997,0.5,0.41579189383997,0.41579189383997,0.41579189383997,0.5,0.5,0.5,0.654234202033942,0.5,0.5,0.5,0.5,0.76089202591379,0.654234202033942,0.345765797966058,0.654234202033942,0.5,0.496033901617591,0.856666158796204,0.345765797966058,0.0582325660432664,CBCsimpleRW,CBCdriftDiffusionLR_pwBelief,0.5,0.168416212320059,0.836004180964648,2.55263014397778,2.27233794388479,0.5,41.2204631333176
CBC_1007,CBC_1007_MSI_AV_v3_Vset2_Aset1_2023-06-21_15h59.48.192.csv,1,15,0,1,b,1,0,0,aud,A,63,1,0A,1A,1,0,b,1.61453559999973,1,0,1,1,0A,1A,A01,2.30258509299405,0.5,0.345765797966058,0.41579189383997,0.5,0.41579189383997,0.41579189383997,0.41579189383997,0.5,0.5,0.5,0.712466768077208,0.5,0.5,0.5,0.5,0.76089202591379,0.654234202033942,0.345765797966058,0.5,0.345765797966058,0.55159717819744,0.857128077456139,0.5,0.0842081061600297,CBCsimpleRW,CBCdriftDiffusionLR_pwBelief,0.5,0.168416212320059,0.836004180964648,2.55263014397778,2.27233794388479,0.5,41.2204631333176
CBC_1007,CBC_1007_MSI_AV_v3_Vset2_Aset1_2023-06-21_15h59.48.192.csv,1,16,1,3,b,1,0,3,aud,B,27,1,1B,3B,1,0,z,1.10762390000127,0,1,0,0,3B,1B,B13,3.43398720448515,0.58420810616003,0.345765797966058,0.41579189383997,0.5,0.41579189383997,0.41579189383997,0.41579189383997,0.5,0.5,0.5,0.712466768077208,0.5,0.5,0.5,0.5,0.76089202591379,0.58420810616003,0.41579189383997,0.5,0.41579189383997,0.47367740234059,0.727348351310354,-0.5,-0.0842081061600297,CBCsimpleRW,CBCdriftDiffusionLR_pwBelief,0.5,0.168416212320059,0.836004180964648,2.55263014397778,2.27233794388479,0.5,41.2204631333176
CBC_1007,CBC_1007_MSI_AV_v3_Vset2_Aset1_2023-06-21_15h59.48.192.csv,1,17,3,2,z,0,1,1,aud,C,63,1,3C,2C,0,1,z,2.65874840000106,0,1,1,1,2C,3C,C32,3.46573590279973,0.58420810616003,0.345765797966058,0.41579189383997,0.5,0.41579189383997,0.41579189383997,0.41579189383997,0.41579189383997,0.5,0.5,0.712466768077208,0.5,0.5,0.5,0.5,0.76089202591379,0.712466768077208,0.287533231922792,0.712466768077208,0.5,0.125106802477264,0.921597551561241,0.287533231922792,0.0484252578365818,CBCsimpleRW,CBCdriftDiffusionLR_pwBelief,0.5,0.168416212320059,0.836004180964648,2.55263014397778,2.27233794388479,0.5,41.2204631333176
CBC_1007,CBC_1007_MSI_AV_v3_Vset2_Aset1_2023-06-21_15h59.48.192.csv,1,18,2,3,z,0,1,2,aud,D,63,0,2D,3D,1,0,z,1.24820399999953,0,1,1,0,3D,2D,D23,2.11021320034659,0.58420810616003,0.345765797966058,0.41579189383997,0.5,0.41579189383997,0.41579189383997,0.41579189383997,0.41579189383997,0.5,0.5,0.76089202591379,0.5,0.5,0.5,0.5,0.76089202591379,0.76089202591379,0.23910797408621,0.76089202591379,0.5,1.12699173675949,0.953700213567395,-0.76089202591379,-0.128146552988937,CBCsimpleRW,CBCdriftDiffusionLR_pwBelief,0.5,0.168416212320059,0.836004180964648,2.55263014397778,2.27233794388479,0.5,41.2204631333176
CBC_1007,CBC_1007_MSI_AV_v3_Vset2_Aset1_2023-06-21_15h59.48.192.csv,1,19,1,0,b,1,0,3,aud,B,63,1,1B,0B,1,0,z,2.7564556999987,0,1,0,0,0B,1B,B10,2.83321334405622,0.58420810616003,0.345765797966058,0.41579189383997,0.5,0.41579189383997,0.41579189383997,0.41579189383997,0.41579189383997,0.5,0.5,0.76089202591379,0.5,0.5,0.5,0.5,0.632745472924853,0.5,0.5,0.41579189383997,0.41579189383997,0.0971424296408586,0.500349252409469,-0.41579189383997,-0.0700260958739121,CBCsimpleRW,CBCdriftDiffusionLR_pwBelief,0.5,0.168416212320059,0.836004180964648,2.55263014397778,2.27233794388479,0.5,41.2204631333176
CBC_1007,CBC_1007_MSI_AV_v3_Vset2_Aset1_2023-06-21_15h59.48.192.csv,1,20,2,0,z,0,1,0,aud,A,27,1,2A,0A,0,1,z,2.09992280000006,0,1,1,1,0A,2A,A20,3.55534806148941,0.58420810616003,0.345765797966058,0.41579189383997,0.5,0.345765797966058,0.41579189383997,0.41579189383997,0.41579189383997,0.5,0.5,0.76089202591379,0.5,0.5,0.5,0.5,0.632745472924853,0.663771008077805,0.336228991922195,0.58420810616003,0.41579189383997,0.302136571402338,0.869768225902585,0.41579189383997,0.0700260958739121,CBCsimpleRW,CBCdriftDiffusionLR_pwBelief,0.5,0.168416212320059,0.836004180964648,2.55263014397778,2.27233794388479,0.5,41.2204631333176
CBC_1007,CBC_1007_MSI_AV_v3_Vset2_Aset1_2023-06-21_15h59.48.192.csv,1,21,0,3,z,0,1,2,aud,D,9,1,0D,3D,0,1,z,1.40507149999939,0,1,1,1,3D,0D,D03,3.58351893845611,0.654234202033942,0.345765797966058,0.41579189383997,0.5,0.345765797966058,0.41579189383997,0.41579189383997,0.41579189383997,0.5,0.5,0.76089202591379,0.5,0.5,0.5,0.5,0.632745472924853,0.632745472924853,0.367254527075147,0.632745472924853,0.5,0.643008600437231,0.823148260895075,0.367254527075147,0.061851616407391,CBCsimpleRW,CBCdriftDiffusionLR_pwBelief,0.5,0.168416212320059,0.836004180964648,2.55263014397778,2.27233794388479,0.5,41.2204631333176
CBC_1007,CBC_1007_MSI_AV_v3_Vset2_Aset1_2023-06-21_15h59.48.192.csv,1,22,2,3,b,1,0,1,aud,C,63,1,2C,3C,1,0,b,1.32206819999919,1,0,1,1,2C,3C,C23,2.91777073208428,0.654234202033942,0.345765797966058,0.41579189383997,0.5,0.345765797966058,0.41579189383997,0.41579189383997,0.41579189383997,0.5,0.5,0.76089202591379,0.5,0.5,0.5,0.5,0.694597089332244,0.76089202591379,0.23910797408621,0.76089202591379,0.5,1.04521261701306,0.953594749459498,0.23910797408621,0.0402696593311224,CBCsimpleRW,CBCdriftDiffusionLR_pwBelief,0.5,0.168416212320059,0.836004180964648,2.55263014397778,2.27233794388479,0.5,41.2204631333176
CBC_1007,CBC_1007_MSI_AV_v3_Vset2_Aset1_2023-06-21_15h59.48.192.csv,1,23,3,1,z,0,1,3,aud,B,27,1,3B,1B,0,1,z,2.25454490000084,0,1,1,1,1B,3B,B31,3.63758615972639,0.654234202033942,0.345765797966058,0.41579189383997,0.5,0.345765797966058,0.41579189383997,0.41579189383997,0.41579189383997,0.5,0.5,0.801161685244912,0.5,0.5,0.5,0.5,0.694597089332244,0.5,0.5,0.41579189383997,0.41579189383997,0.156740991997349,0.499746618742796,0.58420810616003,0.0983901164461474,CBCsimpleRW,CBCdriftDiffusionLR_pwBelief,0.5,0.168416212320059,0.836004180964648,2.55263014397778,2.27233794388479,0.5,41.2204631333176
CBC_1007,CBC_1007_MSI_AV_v3_Vset2_Aset1_2023-06-21_15h59.48.192.csv,1,24,3,2,z,0,1,1,aud,C,63,1,3C,2C,0,1,z,1.90126140000029,0,1,1,1,2C,3C,C32,2.9704144655697,0.654234202033942,0.345765797966058,0.41579189383997,0.5,0.345765797966058,0.514182010286118,0.41579189383997,0.41579189383997,0.5,0.5,0.801161685244912,0.5,0.5,0.5,0.5,0.694597089332244,0.801161685244912,0.198838314755088,0.801161685244912,0.5,0.357887708191959,0.970440985773654,0.198838314755088,0.0334875958351556,CBCsimpleRW,CBCdriftDiffusionLR_pwBelief,0.5,0.168416212320059,0.836004180964648,2.55263014397778,2.27233794388479,0.5,41.2204631333176
CBC_1007,CBC_1007_MSI_AV_v3_Vset2_Aset1_2023-06-21_15h59.48.192.csv,1,25,2,3,z,0,1,2,aud,D,63,1,2D,3D,0,1,z,1.29213069999969,0,1,1,1,3D,2D,D23,2.07944154167984,0.654234202033942,0.345765797966058,0.41579189383997,0.5,0.345765797966058,0.514182010286118,0.41579189383997,0.41579189383997,0.5,0.5,0.834649281080068,0.5,0.5,0.5,0.5,0.694597089332244,0.694597089332244,0.305402910667756,0.694597089332244,0.5,0.882578515090708,0.905386251623081,0.305402910667756,0.0514348014461849,CBCsimpleRW,CBCdriftDiffusionLR_pwBelief,0.5,0.168416212320059,0.836004180964648,2.55263014397778,2.27233794388479,0.5,41.2204631333176
CBC_1007,CBC_1007_MSI_AV_v3_Vset2_Aset1_2023-06-21_15h59.48.192.csv,1,26,1,0,b,1,0,3,aud,B,63,1,1B,0B,1,0,b,1.45747579999988,1,0,1,1,1B,0B,B10,2.6149597780362,0.654234202033942,0.345765797966058,0.41579189383997,0.5,0.345765797966058,0.514182010286118,0.41579189383997,0.41579189383997,0.5,0.5,0.834649281080068,0.5,0.5,0.5,0.5,0.746031890778429,0.666955451597507,0.333044548402493,0.514182010286118,0.345765797966058,0.687856490904623,0.874104886106903,0.485817989713882,0.0818196257045577,CBCsimpleRW,CBCdriftDiffusionLR_pwBelief,0.5,0.168416212320059,0.836004180964648,2.55263014397778,2.27233794388479,0.5,41.2204631333176
CBC_1007,CBC_1007_MSI_AV_v3_Vset2_Aset1_2023-06-21_15h59.48.192.csv,1,27,0,3,b,1,0,0,aud,A,9,1,0A,3A,1,0,b,1.81029519999902,1,0,1,1,0A,3A,A03,3.73766961828337,0.654234202033942,0.345765797966058,0.41579189383997,0.5,0.345765797966058,0.596001635990675,0.41579189383997,0.41579189383997,0.5,0.5,0.834649281080068,0.5,0.5,0.5,0.5,0.746031890778429,0.654234202033942,0.345765797966058,0.654234202033942,0.5,0.432841041824892,0.856680168533122,0.345765797966058,0.0582325660432664,CBCsimpleRW,CBCdriftDiffusionLR_pwBelief,0.5,0.168416212320059,0.836004180964648,2.55263014397778,2.27233794388479,0.5,41.2204631333176
CBC_1007,CBC_1007_MSI_AV_v3_Vset2_Aset1_2023-06-21_15h59.48.192.csv,1,28,2,3,z,0,1,2,aud,D,63,1,2D,3D,0,1,z,0.982733799999551,0,1,1,1,3D,2D,D23,1.96944064646551,0.712466768077208,0.345765797966058,0.41579189383997,0.5,0.345765797966058,0.596001635990675,0.41579189383997,0.41579189383997,0.5,0.5,0.834649281080068,0.5,0.5,0.5,0.5,0.746031890778429,0.746031890778429,0.253968109221571,0.746031890778429,0.5,0.368163365209285,0.945632260030098,0.253968109221571,0.0427723470051842,CBCsimpleRW,CBCdriftDiffusionLR_pwBelief,0.5,0.168416212320059,0.836004180964648,2.55263014397778,2.27233794388479,0.5,41.2204631333176
CBC_1007,CBC_1007_MSI_AV_v3_Vset2_Aset1_2023-06-21_15h59.48.192.csv,1,29,2,0,b,1,0,1,aud,C,27,1,2C,0C,1,0,b,2.22869250000076,1,0,1,1,2C,0C,C20,2.68557734525015,0.712466768077208,0.345765797966058,0.41579189383997,0.5,0.345765797966058,0.596001635990675,0.41579189383997,0.41579189383997,0.5,0.5,0.834649281080068,0.5,0.5,0.5,0.5,0.788804237783613,0.834649281080068,0.165350718919932,0.834649281080068,0.5,0.146656124384118,0.979821045553933,0.165350718919932,0.0278477417848937,CBCsimpleRW,CBCdriftDiffusionLR_pwBelief,0.5,0.168416212320059,0.836004180964648,2.55263014397778,2.27233794388479,0.5,41.2204631333176
CBC_1007,CBC_1007_MSI_AV_v3_Vset2_Aset1_2023-06-21_15h59.48.192.csv,1,30,1,0,z,0,1,0,aud,A,63,0,1A,0A,1,0,z,1.40140400000018,0,1,1,0,0A,1A,A10,3.11351530921037,0.712466768077208,0.345765797966058,0.41579189383997,0.5,0.345765797966058,0.596001635990675,0.41579189383997,0.41579189383997,0.5,0.5,0.862497022864962,0.5,0.5,0.5,0.5,0.788804237783613,0.824204683851346,0.175795316148654,0.712466768077208,0.345765797966058,1.02869667772368,0.977283838907477,-0.712466768077208,-0.119990954483478,CBCsimpleRW,CBCdriftDiffusionLR_pwBelief,0.5,0.168416212320059,0.836004180964648,2.55263014397778,2.27233794388479,0.5,41.2204631333176
CBC_1007,CBC_1007_MSI_AV_v3_Vset2_Aset1_2023-06-21_15h59.48.192.csv,1,31,1,0,b,1,0,3,aud,B,63,1,1B,0B,1,0,b,2.32691349999914,1,0,1,1,1B,0B,B10,2.4423470353692,0.592475813593731,0.345765797966058,0.41579189383997,0.5,0.345765797966058,0.596001635990675,0.41579189383997,0.41579189383997,0.5,0.5,0.862497022864962,0.5,0.5,0.5,0.5,0.788804237783613,0.73624383774011,0.26375616225989,0.596001635990675,0.345765797966058,0.194684135353704,0.939486024848233,0.403998364009325,0.0680398742499511,CBCsimpleRW,CBCdriftDiffusionLR_pwBelief,0.5,0.168416212320059,0.836004180964648,2.55263014397778,2.27233794388479,0.5,41.2204631333176
CBC_1007,CBC_1007_MSI_AV_v3_Vset2_Aset1_2023-06-21_15h59.48.192.csv,1,32,3,1,b,1,0,2,aud,D,27,1,3D,1D,1,0,b,1.18379920000007,1,0,1,1,3D,1D,D31,3.85014760171006,0.592475813593731,0.345765797966058,0.41579189383997,0.5,0.345765797966058,0.664041510240626,0.41579189383997,0.41579189383997,0.5,0.5,0.862497022864962,0.5,0.5,0.5,0.5,0.788804237783613,0.788804237783613,0.211195762216387,0.788804237783613,0.5,1.26359605770632,0.966079085133024,0.211195762216387,0.0355687903305318,CBCsimpleRW,CBCdriftDiffusionLR_pwBelief,0.5,0.168416212320059,0.836004180964648,2.55263014397778,2.27233794388479,0.5,41.2204631333176
CBC_1007,CBC_1007_MSI_AV_v3_Vset2_Aset1_2023-06-21_15h59.48.192.csv,1,33,3,2,z,0,1,1,aud,C,63,1,3C,2C,0,1,z,1.52717080000184,0,1,1,1,2C,3C,C32,2.77258872223978,0.592475813593731,0.345765797966058,0.41579189383997,0.5,0.345765797966058,0.664041510240626,0.41579189383997,0.41579189383997,0.5,0.5,0.862497022864962,0.5,0.5,0.5,0.5,0.824373028114145,0.862497022864962,0.137502977135038,0.862497022864962,0.5,0.775885299345623,0.985313352871182,0.137502977135038,0.0231577305918149,CBCsimpleRW,CBCdriftDiffusionLR_pwBelief,0.5,0.168416212320059,0.836004180964648,2.55263014397778,2.27233794388479,0.5,41.2204631333176
CBC_1007,CBC_1007_MSI_AV_v3_Vset2_Aset1_2023-06-21_15h59.48.192.csv,1,34,1,0,b,1,0,3,aud,B,63,1,1B,0B,1,0,z,1.65293300000121,0,1,0,0,0B,1B,B10,2.28238238567653,0.592475813593731,0.345765797966058,0.41579189383997,0.5,0.345765797966058,0.664041510240626,0.41579189383997,0.41579189383997,0.5,0.5,0.885654753456777,0.5,0.5,0.5,0.5,0.824373028114145,0.21097459664343,0.78902540335657,0.345765797966058,0.664041510240626,0.021338723994272,0.0338632801275835,-0.345765797966058,-0.0582325660432664,CBCsimpleRW,CBCdriftDiffusionLR_pwBelief,0.5,0.168416212320059,0.836004180964648,2.55263014397778,2.27233794388479,0.5,41.2204631333176
CBC_1007,CBC_1007_MSI_AV_v3_Vset2_Aset1_2023-06-21_15h59.48.192.csv,1,35,0,1,b,1,0,0,aud,A,63,1,0A,1A,1,0,b,1.66228700000102,1,0,1,1,0A,1A,A01,2.52572864430826,0.592475813593731,0.345765797966058,0.41579189383997,0.5,0.287533231922792,0.664041510240626,0.41579189383997,0.41579189383997,0.5,0.5,0.885654753456777,0.5,0.5,0.5,0.5,0.824373028114145,0.73339445730331,0.26660554269669,0.592475813593731,0.345765797966058,0.591639582999678,0.937398706274279,0.407524186406269,0.0686336799033578,CBCsimpleRW,CBCdriftDiffusionLR_pwBelief,0.5,0.168416212320059,0.836004180964648,2.55263014397778,2.27233794388479,0.5,41.2204631333176
CBC_1007,CBC_1007_MSI_AV_v3_Vset2_Aset1_2023-06-21_15h59.48.192.csv,1,36,1,2,z,0,1,1,aud,C,9,1,1C,2C,0,1,z,1.73870859999988,0,1,1,1,2C,1C,C12,3.93182563272433,0.661109493497088,0.345765797966058,0.41579189383997,0.5,0.287533231922792,0.664041510240626,0.41579189383997,0.41579189383997,0.5,0.5,0.885654753456777,0.5,0.5,0.5,0.5,0.824373028114145,0.885654753456777,0.114345246543223,0.885654753456777,0.5,0.416397275101222,0.988758157581021,0.114345246543223,0.0192575933196131,CBCsimpleRW,CBCdriftDiffusionLR_pwBelief,0.5,0.168416212320059,0.836004180964648,2.55263014397778,2.27233794388479,0.5,41.2204631333176
CBC_1007,CBC_1007_MSI_AV_v3_Vset2_Aset1_2023-06-21_15h59.48.192.csv,1,37,1,0,z,0,1,0,aud,A,63,1,1A,0A,0,1,z,1.44983950000096,0,1,1,1,0A,1A,A10,2.85263142991332,0.661109493497088,0.345765797966058,0.41579189383997,0.5,0.287533231922792,0.664041510240626,0.41579189383997,0.41579189383997,0.5,0.5,0.90491234677639,0.5,0.5,0.5,0.5,0.824373028114145,0.786834008087034,0.213165991912966,0.661109493497088,0.345765797966058,0.899634666830761,0.965360846020503,0.338890506502912,0.0570746554964469,CBCsimpleRW,CBCdriftDiffusionLR_pwBelief,0.5,0.168416212320059,0.836004180964648,2.55263014397778,2.27233794388479,0.5,41.2204631333176
CBC_1007,CBC_1007_MSI_AV_v3_Vset2_Aset1_2023-06-21_15h59.48.192.csv,1,38,3,1,b,1,0,2,aud,D,27,1,3D,1D,1,0,b,1.0958456999997,1,0,1,1,3D,1D,D31,3.27714473299218,0.718184148993535,0.345765797966058,0.41579189383997,0.5,0.287533231922792,0.664041510240626,0.41579189383997,0.41579189383997,0.5,0.5,0.90491234677639,0.5,0.5,0.5,0.5,0.824373028114145,0.824373028114145,0.175626971885855,0.824373028114145,0.5,1.31279996565352,0.97736095920751,0.175626971885855,0.0295784293862573,CBCsimpleRW,CBCdriftDiffusionLR_pwBelief,0.5,0.168416212320059,0.836004180964648,2.55263014397778,2.27233794388479,0.5,41.2204631333176
CBC_1007,CBC_1007_MSI_AV_v3_Vset2_Aset1_2023-06-21_15h59.48.192.csv,1,39,0,1,z,0,1,3,aud,B,63,1,0B,1B,0,1,z,1.69739569999911,0,1,1,1,1B,0B,B01,3.29583686600433,0.718184148993535,0.345765797966058,0.41579189383997,0.5,0.287533231922792,0.664041510240626,0.41579189383997,0.41579189383997,0.5,0.5,0.90491234677639,0.5,0.5,0.5,0.5,0.853951457500402,0.830440428845672,0.169559571154328,0.664041510240626,0.287533231922792,0.530848371758868,0.978819500551703,0.335958489759374,0.0565808563420412,CBCsimpleRW,CBCdriftDiffusionLR_pwBelief,0.5,0.168416212320059,0.836004180964648,2.55263014397778,2.27233794388479,0.5,41.2204631333176
CBC_1007,CBC_1007_MSI_AV_v3_Vset2_Aset1_2023-06-21_15h59.48.192.csv,1,40,2,3,b,1,0,1,aud,C,63,0,2C,3C,0,1,b,1.71795400000155,1,0,1,0,2C,3C,C23,2.90872089656436,0.718184148993535,0.345765797966058,0.41579189383997,0.5,0.287533231922792,0.720622366582668,0.41579189383997,0.41579189383997,0.5,0.5,0.90491234677639,0.5,0.5,0.5,0.5,0.853951457500402,0.90491234677639,0.0950876532236103,0.90491234677639,0.5,0.415259034767741,0.990957325768425,-0.90491234677639,-0.152401909925736,CBCsimpleRW,CBCdriftDiffusionLR_pwBelief,0.5,0.168416212320059,0.836004180964648,2.55263014397778,2.27233794388479,0.5,41.2204631333176
CBC_1007,CBC_1007_MSI_AV_v3_Vset2_Aset1_2023-06-21_15h59.48.192.csv,1,41,2,0,z,0,1,0,aud,A,27,1,2A,0A,0,1,z,2.24971390000064,0,1,1,1,0A,2A,A20,3.3322045101752,0.718184148993535,0.345765797966058,0.41579189383997,0.5,0.287533231922792,0.720622366582668,0.41579189383997,0.41579189383997,0.5,0.5,0.752510436850654,0.5,0.5,0.5,0.5,0.853951457500402,0.781690405841002,0.218309594158998,0.718184148993535,0.41579189383997,0.187051942239732,0.963343748787752,0.281815851006465,0.047462358198263,CBCsimpleRW,CBCdriftDiffusionLR_pwBelief,0.5,0.168416212320059,0.836004180964648,2.55263014397778,2.27233794388479,0.5,41.2204631333176
CBC_1007,CBC_1007_MSI_AV_v3_Vset2_Aset1_2023-06-21_15h59.48.192.csv,1,42,3,2,b,1,0,2,aud,D,63,1,3D,2D,1,0,b,0.987982900000134,1,0,1,1,3D,2D,D32,4.04305126783455,0.765646507191798,0.345765797966058,0.41579189383997,0.5,0.287533231922792,0.720622366582668,0.41579189383997,0.41579189383997,0.5,0.5,0.752510436850654,0.5,0.5,0.5,0.5,0.853951457500402,0.853951457500402,0.146048542499598,0.853951457500402,0.5,0.665160726665709,0.983774434430854,0.146048542499598,0.0245969423426475,CBCsimpleRW,CBCdriftDiffusionLR_pwBelief,0.5,0.168416212320059,0.836004180964648,2.55263014397778,2.27233794388479,0.5,41.2204631333176
CBC_1007,CBC_1007_MSI_AV_v3_Vset2_Aset1_2023-06-21_15h59.48.192.csv,1,43,3,1,z,0,1,3,aud,B,27,1,3B,1B,0,1,z,1.40980610000042,0,1,1,1,1B,3B,B31,3.36729582998647,0.765646507191798,0.345765797966058,0.41579189383997,0.5,0.287533231922792,0.720622366582668,0.41579189383997,0.41579189383997,0.5,0.5,0.752510436850654,0.5,0.5,0.5,0.5,0.87854839984305,0.783744624657804,0.216255375342196,0.720622366582668,0.41579189383997,0.961426043717431,0.964179782000629,0.279377633417332,0.0470517228270892,CBCsimpleRW,CBCdriftDiffusionLR_pwBelief,0.5,0.168416212320059,0.836004180964648,2.55263014397778,2.27233794388479,0.5,41.2204631333176
CBC_1007,CBC_1007_MSI_AV_v3_Vset2_Aset1_2023-06-21_15h59.48.192.csv,1,44,2,3,b,1,0,1,aud,C,63,1,2C,3C,1,0,b,1.42296840000199,1,0,1,1,2C,3C,C23,2.69124308278583,0.765646507191798,0.345765797966058,0.41579189383997,0.5,0.287533231922792,0.767674089409757,0.41579189383997,0.41579189383997,0.5,0.5,0.752510436850654,0.5,0.5,0.5,0.5,0.87854839984305,0.752510436850654,0.247489563149346,0.752510436850654,0.5,0.891129494520149,0.949265483631953,0.247489563149346,0.041681254814359,CBCsimpleRW,CBCdriftDiffusionLR_pwBelief,0.5,0.168416212320059,0.836004180964648,2.55263014397778,2.27233794388479,0.5,41.2204631333176
CBC_1007,CBC_1007_MSI_TV_v3_Vset5_Tset1_2023-06-21_16h08.10.582.csv,2,1,1,0,b,1,0,3,tac,B,63,1,1B,0B,1,0,b,1.9304147999992,1,0,1,1,1B,0B,B10,2.77258872223978,0.5,0.5,0.5,0.5,0.5,0.5,0.5,0.5,0.5,0.5,0.5,0.5,0.5,0.5,0.5,0.5,0.5,0.5,0.5,0.5,0.200762134606377,0.498851328611757,0.5,0.328781614381594,CBCsimpleRW,CBCdriftDiffusionLR_pwBelief,0.5,0.657563228763189,0.909154597986744,0.922452324186774,2.88389409503493,0.5,63.1370998657568
CBC_1007,CBC_1007_MSI_TV_v3_Vset5_Tset1_2023-06-21_16h08.10.582.csv,2,2,3,2,b,1,0,2,tac,D,63,1,3D,2D,1,0,b,2.32277090000025,1,0,1,1,3D,2D,D32,2.83321334405622,0.5,0.5,0.5,0.5,0.5,0.828781614381594,0.5,0.5,0.5,0.5,0.5,0.5,0.5,0.5,0.5,0.5,0.5,0.5,0.5,0.5,0.162784836350187,0.500329492968318,0.5,0.328781614381594,CBCsimpleRW,CBCdriftDiffusionLR_pwBelief,0.5,0.657563228763189,0.909154597986744,0.922452324186774,2.88389409503493,0.5,63.1370998657568
CBC_1007,CBC_1007_MSI_TV_v3_Vset5_Tset1_2023-06-21_16h08.10.582.csv,2,3,3,1,z,0,1,3,tac,B,27,1,3B,1B,0,1,z,2.27965330000006,0,1,1,1,1B,3B,B31,2.89037175789616,0.5,0.5,0.5,0.5,0.5,0.828781614381594,0.5,0.5,0.5,0.5,0.5,0.5,0.5,0.5,0.5,0.828781614381594,0.828781614381594,0.171218385618406,0.828781614381594,0.5,0.311021273809204,0.852351578623573,0.171218385618406,0.11258691447086,CBCsimpleRW,CBCdriftDiffusionLR_pwBelief,0.5,0.657563228763189,0.909154597986744,0.922452324186774,2.88389409503493,0.5,63.1370998657568
CBC_1007,CBC_1007_MSI_TV_v3_Vset5_Tset1_2023-06-21_16h08.10.582.csv,2,4,2,3,b,1,0,1,tac,C,63,1,2C,3C,1,0,z,2.61729469999955,0,1,0,0,3C,2C,C23,2.94443897916644,0.5,0.5,0.5,0.5,0.5,0.941368528852454,0.5,0.5,0.5,0.5,0.5,0.5,0.5,0.5,0.5,0.828781614381594,0.5,0.5,0.5,0.5,0.136634729260883,0.498770214017801,-0.5,-0.328781614381594,CBCsimpleRW,CBCdriftDiffusionLR_pwBelief,0.5,0.657563228763189,0.909154597986744,0.922452324186774,2.88389409503493,0.5,63.1370998657568
CBC_1007,CBC_1007_MSI_TV_v3_Vset5_Tset1_2023-06-21_16h08.10.582.csv,2,5,0,2,z,0,1,1,tac,C,27,1,0C,2C,0,1,z,2.80312450000019,0,1,1,1,2C,0C,C02,2.99573227355399,0.5,0.5,0.5,0.5,0.5,0.941368528852454,0.5,0.5,0.5,0.5,0.5,0.171218385618406,0.5,0.5,0.5,0.828781614381594,0.5,0.5,0.5,0.5,0.12275593147774,0.500078681140125,0.5,0.328781614381594,CBCsimpleRW,CBCdriftDiffusionLR_pwBelief,0.5,0.657563228763189,0.909154597986744,0.922452324186774,2.88389409503493,0.5,63.1370998657568
CBC_1007,CBC_1007_MSI_TV_v3_Vset5_Tset1_2023-06-21_16h08.10.582.csv,2,6,0,3,b,1,0,0,tac,A,9,1,0A,3A,1,0,b,1.4679443999994,1,0,1,1,0A,3A,A03,3.04452243772342,0.5,0.5,0.5,0.5,0.5,0.941368528852454,0.5,0.5,0.5,0.5,0.828781614381594,0.171218385618406,0.5,0.5,0.5,0.828781614381594,0.5,0.5,0.5,0.5,0.215117834326592,0.501932138305645,0.5,0.328781614381594,CBCsimpleRW,CBCdriftDiffusionLR_pwBelief,0.5,0.657563228763189,0.909154597986744,0.922452324186774,2.88389409503493,0.5,63.1370998657568
CBC_1007,CBC_1007_MSI_TV_v3_Vset5_Tset1_2023-06-21_16h08.10.582.csv,2,7,2,3,b,1,0,1,tac,C,63,1,2C,3C,1,0,b,3.32831929999884,1,0,1,1,2C,3C,C23,2.39789527279837,0.828781614381594,0.5,0.5,0.5,0.5,0.941368528852454,0.5,0.5,0.5,0.5,0.828781614381594,0.171218385618406,0.5,0.5,0.5,0.828781614381594,0.959067365930763,0.040932634069237,0.828781614381594,0.171218385618406,0.12796482813097,0.92022074998366,0.171218385618406,0.11258691447086,CBCsimpleRW,CBCdriftDiffusionLR_pwBelief,0.5,0.657563228763189,0.909154597986744,0.922452324186774,2.88389409503493,0.5,63.1370998657568
CBC_1007,CBC_1007_MSI_TV_v3_Vset5_Tset1_2023-06-21_16h08.10.582.csv,2,8,1,0,z,0,1,0,tac,A,63,1,1A,0A,0,1,z,1.5676465000015,0,1,1,1,0A,1A,A10,3.13549421592915,0.828781614381594,0.5,0.5,0.5,0.5,0.941368528852454,0.5,0.5,0.5,0.5,0.941368528852454,0.171218385618406,0.5,0.5,0.5,0.828781614381594,0.828781614381594,0.171218385618406,0.828781614381594,0.5,0.471580115353019,0.85180915981181,0.171218385618406,0.11258691447086,CBCsimpleRW,CBCdriftDiffusionLR_pwBelief,0.5,0.657563228763189,0.909154597986744,0.922452324186774,2.88389409503493,0.5,63.1370998657568
CBC_1007,CBC_1007_MSI_TV_v3_Vset5_Tset1_2023-06-21_16h08.10.582.csv,2,9,2,3,z,0,1,2,tac,D,63,1,2D,3D,0,1,b,2.34338740000021,1,0,0,0,2D,3D,D23,3.17805383034795,0.941368528852454,0.5,0.5,0.5,0.5,0.941368528852454,0.5,0.5,0.5,0.5,0.941368528852454,0.171218385618406,0.5,0.5,0.5,0.828781614381594,0.171218385618406,0.828781614381594,0.5,0.828781614381594,0.0513710943162863,0.147773556229115,-0.5,-0.328781614381594,CBCsimpleRW,CBCdriftDiffusionLR_pwBelief,0.5,0.657563228763189,0.909154597986744,0.922452324186774,2.88389409503493,0.5,63.1370998657568
CBC_1007,CBC_1007_MSI_TV_v3_Vset5_Tset1_2023-06-21_16h08.10.582.csv,2,10,3,2,z,0,1,1,tac,C,63,1,3C,2C,0,1,z,2.82642490000035,0,1,1,1,2C,3C,C32,3.2188758248682,0.941368528852454,0.5,0.5,0.5,0.5,0.941368528852454,0.5,0.5,0.5,0.5,0.941368528852454,0.171218385618406,0.5,0.5,0.171218385618406,0.828781614381594,0.987296337945448,0.0127036620545516,0.941368528852454,0.171218385618406,0.203959149154782,0.930302344565701,0.0586314711475462,0.0385538994749162,CBCsimpleRW,CBCdriftDiffusionLR_pwBelief,0.5,0.657563228763189,0.909154597986744,0.922452324186774,2.88389409503493,0.5,63.1370998657568
CBC_1007,CBC_1007_MSI_TV_v3_Vset5_Tset1_2023-06-21_16h08.10.582.csv,2,11,3,1,b,1,0,2,tac,D,27,1,3D,1D,1,0,b,2.46974649999902,1,0,1,1,3D,1D,D31,3.25809653802148,0.941368528852454,0.5,0.5,0.5,0.5,0.941368528852454,0.5,0.5,0.5,0.5,0.97992242832737,0.171218385618406,0.5,0.5,0.171218385618406,0.828781614381594,0.828781614381594,0.171218385618406,0.828781614381594,0.5,0.268827357517282,0.851947808720819,0.171218385618406,0.11258691447086,CBCsimpleRW,CBCdriftDiffusionLR_pwBelief,0.5,0.657563228763189,0.909154597986744,0.922452324186774,2.88389409503493,0.5,63.1370998657568
CBC_1007,CBC_1007_MSI_TV_v3_Vset5_Tset1_2023-06-21_16h08.10.582.csv,2,12,0,1,b,1,0,0,tac,A,63,0,0A,1A,0,1,b,1.11930349999966,1,0,1,0,0A,1A,A01,3.29583686600433,0.941368528852454,0.5,0.5,0.5,0.5,0.941368528852454,0.5,0.5,0.5,0.5,0.97992242832737,0.171218385618406,0.5,0.5,0.171218385618406,0.941368528852454,0.941368528852454,0.0586314711475462,0.941368528852454,0.5,0.128319956606734,0.913217702681089,-0.941368528852454,-0.619009329288272,CBCsimpleRW,CBCdriftDiffusionLR_pwBelief,0.5,0.657563228763189,0.909154597986744,0.922452324186774,2.88389409503493,0.5,63.1370998657568
CBC_1007,CBC_1007_MSI_TV_v3_Vset5_Tset1_2023-06-21_16h08.10.582.csv,2,13,3,2,z,0,1,1,tac,C,63,1,3C,2C,0,1,z,2.6729336999997,0,1,1,1,2C,3C,C32,2.63905732961526,0.322359199564181,0.5,0.5,0.5,0.5,0.941368528852454,0.5,0.5,0.5,0.5,0.97992242832737,0.171218385618406,0.5,0.5,0.171218385618406,0.941368528852454,0.99578502147628,0.00421497852372039,0.97992242832737,0.171218385618406,0.236975450663636,0.933371938059846,0.02007757167263,0.0132022728547789,CBCsimpleRW,CBCdriftDiffusionLR_pwBelief,0.5,0.657563228763189,0.909154597986744,0.922452324186774,2.88389409503493,0.5,63.1370998657568
CBC_1007,CBC_1007_MSI_TV_v3_Vset5_Tset1_2023-06-21_16h08.10.582.csv,2,14,2,0,z,0,1,0,tac,A,27,1,2A,0A,0,1,z,1.45980270000109,0,1,1,1,0A,2A,A20,3.36729582998647,0.322359199564181,0.5,0.5,0.5,0.5,0.941368528852454,0.5,0.5,0.5,0.5,0.993124701182149,0.171218385618406,0.5,0.5,0.171218385618406,0.941368528852454,0.322359199564181,0.677640800435819,0.322359199564181,0.5,0.129266938297761,0.280648482237719,0.677640800435819,0.445591672676248,CBCsimpleRW,CBCdriftDiffusionLR_pwBelief,0.5,0.657563228763189,0.909154597986744,0.922452324186774,2.88389409503493,0.5,63.1370998657568
CBC_1007,CBC_1007_MSI_TV_v3_Vset5_Tset1_2023-06-21_16h08.10.582.csv,2,15,1,0,b,1,0,3,tac,B,63,1,1B,0B,1,0,b,2.8562482999987,1,0,1,1,1B,0B,B10,2.70805020110221,0.76795087224043,0.5,0.5,0.5,0.5,0.941368528852454,0.5,0.5,0.5,0.5,0.993124701182149,0.171218385618406,0.5,0.5,0.171218385618406,0.941368528852454,0.941368528852454,0.0586314711475462,0.941368528852454,0.5,0.201746620921078,0.913157415759968,0.0586314711475462,0.0385538994749162,CBCsimpleRW,CBCdriftDiffusionLR_pwBelief,0.5,0.657563228763189,0.909154597986744,0.922452324186774,2.88389409503493,0.5,63.1370998657568
CBC_1007,CBC_1007_MSI_TV_v3_Vset5_Tset1_2023-06-21_16h08.10.582.csv,2,16,2,3,z,0,1,2,tac,D,63,1,2D,3D,0,1,z,2.28313389999857,0,1,1,1,3D,2D,D23,2.7408400239252,0.76795087224043,0.5,0.5,0.5,0.5,0.97992242832737,0.5,0.5,0.5,0.5,0.993124701182149,0.171218385618406,0.5,0.5,0.171218385618406,0.941368528852454,0.987296337945448,0.0127036620545516,0.941368528852454,0.171218385618406,0.349145678482445,0.930272599211808,0.0586314711475462,0.0385538994749162,CBCsimpleRW,CBCdriftDiffusionLR_pwBelief,0.5,0.657563228763189,0.909154597986744,0.922452324186774,2.88389409503493,0.5,63.1370998657568
CBC_1007,CBC_1007_MSI_TV_v3_Vset5_Tset1_2023-06-21_16h08.10.582.csv,2,17,2,1,z,0,1,3,tac,B,9,1,2B,1B,0,1,z,3.7552745999983,0,1,1,1,1B,2B,B21,3.46573590279973,0.76795087224043,0.5,0.5,0.5,0.5,0.97992242832737,0.5,0.5,0.5,0.5,0.993124701182149,0.171218385618406,0.5,0.5,0.171218385618406,0.97992242832737,0.97992242832737,0.02007757167263,0.97992242832737,0.5,0.0818798531429503,0.928036520635652,0.02007757167263,0.0132022728547789,CBCsimpleRW,CBCdriftDiffusionLR_pwBelief,0.5,0.657563228763189,0.909154597986744,0.922452324186774,2.88389409503493,0.5,63.1370998657568
CBC_1007,CBC_1007_MSI_TV_v3_Vset5_Tset1_2023-06-21_16h08.10.582.csv,2,18,3,1,b,1,0,2,tac,D,27,1,3D,1D,1,0,b,2.19291499999963,1,0,1,1,3D,1D,D31,2.80336038090653,0.76795087224043,0.5,0.5,0.5,0.5,0.993124701182149,0.5,0.5,0.5,0.5,0.993124701182149,0.171218385618406,0.5,0.5,0.171218385618406,0.97992242832737,0.97992242832737,0.02007757167263,0.97992242832737,0.5,0.379778776988857,0.92804944427664,0.02007757167263,0.0132022728547789,CBCsimpleRW,CBCdriftDiffusionLR_pwBelief,0.5,0.657563228763189,0.909154597986744,0.922452324186774,2.88389409503493,0.5,63.1370998657568
CBC_1007,CBC_1007_MSI_TV_v3_Vset5_Tset1_2023-06-21_16h08.10.582.csv,2,19,1,0,z,0,1,0,tac,A,63,1,1A,0A,0,1,z,1.25046350000048,0,1,1,1,0A,1A,A10,2.83321334405622,0.76795087224043,0.5,0.5,0.5,0.5,0.993124701182149,0.5,0.5,0.5,0.5,0.993124701182149,0.171218385618406,0.5,0.5,0.171218385618406,0.993124701182149,0.76795087224043,0.23204912775957,0.76795087224043,0.5,0.268589394361062,0.80648405080185,0.23204912775957,0.152586973681265,CBCsimpleRW,CBCdriftDiffusionLR_pwBelief,0.5,0.657563228763189,0.909154597986744,0.922452324186774,2.88389409503493,0.5,63.1370998657568
CBC_1007,CBC_1007_MSI_TV_v3_Vset5_Tset1_2023-06-21_16h08.10.582.csv,2,20,0,1,b,1,0,0,tac,A,63,1,0A,1A,1,0,b,1.16299900000013,1,0,1,1,0A,1A,A01,2.86220088092947,0.920537845921694,0.5,0.5,0.5,0.5,0.993124701182149,0.5,0.5,0.5,0.5,0.993124701182149,0.171218385618406,0.5,0.5,0.171218385618406,0.993124701182149,0.920537845921694,0.0794621540783056,0.920537845921694,0.5,0.21215330876057,0.903373714688212,0.0794621540783056,0.0522513906002086,CBCsimpleRW,CBCdriftDiffusionLR_pwBelief,0.5,0.657563228763189,0.909154597986744,0.922452324186774,2.88389409503493,0.5,63.1370998657568
CBC_1007,CBC_1007_MSI_TV_v3_Vset5_Tset1_2023-06-21_16h08.10.582.csv,2,21,0,2,z,0,1,1,tac,C,27,1,0C,2C,0,1,z,2.35411759999988,0,1,1,1,2C,0C,C02,2.89037175789616,0.972789236521903,0.5,0.5,0.5,0.5,0.993124701182149,0.5,0.5,0.5,0.5,0.993124701182149,0.171218385618406,0.5,0.5,0.171218385618406,0.993124701182149,0.993124701182149,0.00687529881785109,0.993124701182149,0.5,0.326131161610149,0.932038715713206,0.00687529881785109,0.0045209436893779,CBCsimpleRW,CBCdriftDiffusionLR_pwBelief,0.5,0.657563228763189,0.909154597986744,0.922452324186774,2.88389409503493,0.5,63.1370998657568
CBC_1007,CBC_1007_MSI_TV_v3_Vset5_Tset1_2023-06-21_16h08.10.582.csv,2,22,1,0,b,1,0,3,tac,B,63,1,1B,0B,1,0,b,2.45332170000074,1,0,1,1,1B,0B,B10,2.51230562397611,0.972789236521903,0.5,0.5,0.5,0.5,0.993124701182149,0.5,0.5,0.5,0.5,0.997645644871527,0.171218385618406,0.5,0.5,0.171218385618406,0.993124701182149,0.993124701182149,0.00687529881785109,0.993124701182149,0.5,0.29553678613857,0.932326744894533,0.00687529881785109,0.0045209436893779,CBCsimpleRW,CBCdriftDiffusionLR_pwBelief,0.5,0.657563228763189,0.909154597986744,0.922452324186774,2.88389409503493,0.5,63.1370998657568
CBC_1007,CBC_1007_MSI_TV_v3_Vset5_Tset1_2023-06-21_16h08.10.582.csv,2,23,0,2,z,0,1,1,tac,C,27,1,0C,2C,0,1,z,2.32233039999846,0,1,1,1,2C,0C,C02,2.53897387105828,0.972789236521903,0.5,0.5,0.5,0.5,0.997645644871527,0.5,0.5,0.5,0.5,0.997645644871527,0.171218385618406,0.5,0.5,0.171218385618406,0.993124701182149,0.997645644871527,0.00235435512847315,0.997645644871527,0.5,0.337050338159036,0.93380142905752,0.00235435512847315,0.00154813735993398,CBCsimpleRW,CBCdriftDiffusionLR_pwBelief,0.5,0.657563228763189,0.909154597986744,0.922452324186774,2.88389409503493,0.5,63.1370998657568
CBC_1007,CBC_1007_MSI_TV_v3_Vset5_Tset1_2023-06-21_16h08.10.582.csv,2,24,2,3,z,0,1,2,tac,D,63,1,2D,3D,0,1,z,2.23030269999981,0,1,1,1,3D,2D,D23,2.56494935746154,0.972789236521903,0.5,0.5,0.5,0.5,0.997645644871527,0.5,0.5,0.5,0.5,0.999193782231461,0.171218385618406,0.5,0.5,0.171218385618406,0.993124701182149,0.99857183824718,0.00142816175282026,0.993124701182149,0.171218385618406,0.369476945435256,0.934202295744289,0.00687529881785109,0.0045209436893779,CBCsimpleRW,CBCdriftDiffusionLR_pwBelief,0.5,0.657563228763189,0.909154597986744,0.922452324186774,2.88389409503493,0.5,63.1370998657568
CBC_1007,CBC_1007_MSI_TV_v3_Vset5_Tset1_2023-06-21_16h08.10.582.csv,2,25,0,1,b,1,0,0,tac,A,63,1,0A,1A,1,0,b,1.71789379999973,1,0,1,1,0A,1A,A01,2.59026716544583,0.972789236521903,0.5,0.5,0.5,0.5,0.997645644871527,0.5,0.5,0.5,0.5,0.999193782231461,0.171218385618406,0.5,0.5,0.171218385618406,0.997645644871527,0.972789236521903,0.027210763478097,0.972789236521903,0.5,0.564949223660368,0.924945278368984,0.027210763478097,0.0178927974897689,CBCsimpleRW,CBCdriftDiffusionLR_pwBelief,0.5,0.657563228763189,0.909154597986744,0.922452324186774,2.88389409503493,0.5,63.1370998657568
CBC_1007,CBC_1007_MSI_TV_v3_Vset5_Tset1_2023-06-21_16h08.10.582.csv,2,26,2,3,b,1,0,1,tac,C,63,1,2C,3C,1,0,b,2.45411289999902,1,0,1,1,2C,3C,C23,2.6149597780362,0.990682034011672,0.5,0.5,0.5,0.5,0.997645644871527,0.5,0.5,0.5,0.5,0.999193782231461,0.171218385618406,0.5,0.5,0.171218385618406,0.997645644871527,0.999833336481835,0.0001666635181653,0.999193782231461,0.171218385618406,0.295400977205115,0.934476074202706,0.000806217768539175,0.000530139158966873,CBCsimpleRW,CBCdriftDiffusionLR_pwBelief,0.5,0.657563228763189,0.909154597986744,0.922452324186774,2.88389409503493,0.5,63.1370998657568
CBC_1007,CBC_1007_MSI_TV_v3_Vset5_Tset1_2023-06-21_16h08.10.582.csv,2,27,0,2,b,1,0,0,tac,A,27,1,0A,2A,1,0,b,1.33100589999958,1,0,1,1,0A,2A,A02,3.73766961828337,0.990682034011672,0.5,0.5,0.5,0.5,0.997645644871527,0.5,0.5,0.5,0.5,0.999723921390428,0.171218385618406,0.5,0.5,0.171218385618406,0.997645644871527,0.990682034011672,0.00931796598832813,0.990682034011672,0.5,0.555011752904284,0.931792972661926,0.00931796598832813,0.00612715180079062,CBCsimpleRW,CBCdriftDiffusionLR_pwBelief,0.5,0.657563228763189,0.909154597986744,0.922452324186774,2.88389409503493,0.5,63.1370998657568
CBC_1007,CBC_1007_MSI_TV_v3_Vset5_Tset1_2023-06-21_16h08.10.582.csv,2,28,2,3,z,0,1,2,tac,D,63,1,2D,3D,0,1,z,2.27456990000064,0,1,1,1,3D,2D,D23,2.37490575457367,0.996809185812462,0.5,0.5,0.5,0.5,0.997645644871527,0.5,0.5,0.5,0.5,0.999723921390428,0.171218385618406,0.5,0.5,0.171218385618406,0.997645644871527,0.9995127024045,0.000487297595499792,0.997645644871527,0.171218385618406,0.353617257959364,0.934245756177735,0.00235435512847315,0.00154813735993398,CBCsimpleRW,CBCdriftDiffusionLR_pwBelief,0.5,0.657563228763189,0.909154597986744,0.922452324186774,2.88389409503493,0.5,63.1370998657568
CBC_1007,CBC_1007_MSI_TV_v3_Vset5_Tset1_2023-06-21_16h08.10.582.csv,2,29,2,3,z,0,1,2,tac,D,63,1,2D,3D,0,1,z,2.10770809999849,0,1,1,1,3D,2D,D23,2.17475172148416,0.996809185812462,0.5,0.5,0.5,0.5,0.997645644871527,0.5,0.5,0.5,0.5,0.999723921390428,0.171218385618406,0.5,0.5,0.171218385618406,0.999193782231461,0.999833336481835,0.000166663518165237,0.999193782231461,0.171218385618406,0.416973352865286,0.93463387540153,0.000806217768539175,0.000530139158966873,CBCsimpleRW,CBCdriftDiffusionLR_pwBelief,0.5,0.657563228763189,0.909154597986744,0.922452324186774,2.88389409503493,0.5,63.1370998657568
CBC_1007,CBC_1007_MSI_TV_v3_Vset5_Tset1_2023-06-21_16h08.10.582.csv,2,30,1,3,b,1,0,3,tac,B,27,1,1B,3B,1,0,b,2.41728309999962,1,0,1,1,1B,3B,B13,3.80666248977032,0.996809185812462,0.5,0.5,0.5,0.5,0.997645644871527,0.5,0.5,0.5,0.5,0.999723921390428,0.171218385618406,0.5,0.5,0.171218385618406,0.999723921390428,0.997645644871527,0.00235435512847315,0.997645644871527,0.5,0.306527396327001,0.934010491903647,0.00235435512847315,0.00154813735993398,CBCsimpleRW,CBCdriftDiffusionLR_pwBelief,0.5,0.657563228763189,0.909154597986744,0.922452324186774,2.88389409503493,0.5,63.1370998657568
CBC_1007,CBC_1007_MSI_TV_v3_Vset5_Tset1_2023-06-21_16h08.10.582.csv,2,31,3,0,b,1,0,2,tac,D,9,1,3D,0D,1,0,b,2.39995979999912,1,0,1,1,3D,0D,D30,3.8286413964891,0.996809185812462,0.5,0.5,0.5,0.5,0.999193782231461,0.5,0.5,0.5,0.5,0.999723921390428,0.171218385618406,0.5,0.5,0.171218385618406,0.999723921390428,0.999723921390428,0.00027607860957235,0.999723921390428,0.5,0.311988332626272,0.934692680321201,0.00027607860957235,0.000181539141902846,CBCsimpleRW,CBCdriftDiffusionLR_pwBelief,0.5,0.657563228763189,0.909154597986744,0.922452324186774,2.88389409503493,0.5,63.1370998657568
CBC_1007,CBC_1007_MSI_TV_v3_Vset5_Tset1_2023-06-21_16h08.10.582.csv,2,32,0,1,z,0,1,3,tac,B,63,1,0B,1B,0,1,z,2.39064770000005,0,1,1,1,1B,0B,B01,3.85014760171006,0.996809185812462,0.5,0.5,0.5,0.5,0.999193782231461,0.5,0.5,0.5,0.5,0.999723921390428,0.171218385618406,0.5,0.5,0.171218385618406,0.999905460532331,0.999193782231461,0.000806217768539175,0.999193782231461,0.5,0.314863913764228,0.934232326568462,0.000806217768539175,0.000530139158966873,CBCsimpleRW,CBCdriftDiffusionLR_pwBelief,0.5,0.657563228763189,0.909154597986744,0.922452324186774,2.88389409503493,0.5,63.1370998657568
CBC_1007,CBC_1007_MSI_TV_v3_Vset5_Tset1_2023-06-21_16h08.10.582.csv,2,33,0,1,b,1,0,0,tac,A,63,1,0A,1A,1,0,b,1.45166550000067,1,0,1,1,0A,1A,A01,2.484906649788,0.996809185812462,0.5,0.5,0.5,0.5,0.999723921390428,0.5,0.5,0.5,0.5,0.999723921390428,0.171218385618406,0.5,0.5,0.171218385618406,0.999905460532331,0.996809185812462,0.00319081418753753,0.996809185812462,0.5,0.632557825834594,0.933626977798945,0.00319081418753753,0.00209816207954057,CBCsimpleRW,CBCdriftDiffusionLR_pwBelief,0.5,0.657563228763189,0.909154597986744,0.922452324186774,2.88389409503493,0.5,63.1370998657568
CBC_1007,CBC_1007_MSI_TV_v3_Vset5_Tset1_2023-06-21_16h08.10.582.csv,2,34,0,1,z,0,1,3,tac,B,63,1,0B,1B,0,1,z,3.16768039999988,0,1,1,1,1B,0B,B01,3.19867311755068,0.998907347892003,0.5,0.5,0.5,0.5,0.999723921390428,0.5,0.5,0.5,0.5,0.999723921390428,0.171218385618406,0.5,0.5,0.171218385618406,0.999905460532331,0.999723921390428,0.00027607860957235,0.999723921390428,0.5,0.143107487818113,0.934546702782614,0.00027607860957235,0.000181539141902846,CBCsimpleRW,CBCdriftDiffusionLR_pwBelief,0.5,0.657563228763189,0.909154597986744,0.922452324186774,2.88389409503493,0.5,63.1370998657568
CBC_1007,CBC_1007_MSI_TV_v3_Vset5_Tset1_2023-06-21_16h08.10.582.csv,2,35,2,3,b,1,0,1,tac,C,63,1,2C,3C,1,0,b,2.68631269999969,1,0,1,1,2C,3C,C23,2.52572864430826,0.998907347892003,0.5,0.5,0.5,0.5,0.999905460532331,0.5,0.5,0.5,0.5,0.999723921390428,0.171218385618406,0.5,0.5,0.171218385618406,0.999905460532331,0.999942952293577,5.7047706423452e-05,0.999723921390428,0.171218385618406,0.233478326860639,0.934643679500417,0.00027607860957235,0.000181539141902846,CBCsimpleRW,CBCdriftDiffusionLR_pwBelief,0.5,0.657563228763189,0.909154597986744,0.922452324186774,2.88389409503493,0.5,63.1370998657568
CBC_1007,CBC_1007_MSI_TV_v3_Vset5_Tset1_2023-06-21_16h08.10.582.csv,2,36,2,0,z,0,1,0,tac,A,27,1,2A,0A,0,1,z,1.59397660000104,0,1,1,1,0A,2A,A20,3.23867845216438,0.998907347892003,0.5,0.5,0.5,0.5,0.999905460532331,0.5,0.5,0.5,0.5,0.999905460532331,0.171218385618406,0.5,0.5,0.171218385618406,0.999905460532331,0.998907347892003,0.00109265210799692,0.998907347892003,0.5,0.627470788279835,0.934272319049323,0.00109265210799692,0.000718487848049357,CBCsimpleRW,CBCdriftDiffusionLR_pwBelief,0.5,0.657563228763189,0.909154597986744,0.922452324186774,2.88389409503493,0.5,63.1370998657568
CBC_1007,CBC_1007_MSI_TV_v3_Vset5_Tset1_2023-06-21_16h08.10.582.csv,2,37,0,1,z,0,1,3,tac,B,63,1,0B,1B,0,1,z,2.4108995000006,0,1,1,1,1B,0B,B01,2.85263142991332,0.999625835740052,0.5,0.5,0.5,0.5,0.999905460532331,0.5,0.5,0.5,0.5,0.999905460532331,0.171218385618406,0.5,0.5,0.171218385618406,0.999905460532331,0.999905460532331,9.45394676694633e-05,0.999905460532331,0.5,0.308583482312293,0.934839956123292,9.45394676694633e-05,6.21656776062854e-05,CBCsimpleRW,CBCdriftDiffusionLR_pwBelief,0.5,0.657563228763189,0.909154597986744,0.922452324186774,2.88389409503493,0.5,63.1370998657568
CBC_1007,CBC_1007_MSI_TV_v3_Vset5_Tset1_2023-06-21_16h08.10.582.csv,2,38,1,3,b,1,0,3,tac,B,27,1,1B,3B,1,0,b,2.31569940000009,1,0,1,1,1B,3B,B13,3.27714473299218,0.999625835740052,0.5,0.5,0.5,0.5,0.999967626209937,0.5,0.5,0.5,0.5,0.999905460532331,0.171218385618406,0.5,0.5,0.171218385618406,0.999905460532331,0.999967626209937,3.2373790063156e-05,0.999967626209937,0.5,0.339466370821629,0.934438329009954,3.2373790063156e-05,2.12878139212305e-05,CBCsimpleRW,CBCdriftDiffusionLR_pwBelief,0.5,0.657563228763189,0.909154597986744,0.922452324186774,2.88389409503493,0.5,63.1370998657568
CBC_1007,CBC_1007_MSI_TV_v3_Vset5_Tset1_2023-06-21_16h08.10.582.csv,2,39,2,3,b,1,0,1,tac,C,63,1,2C,3C,1,0,b,2.6873470999999,1,0,1,1,2C,3C,C23,2.37954613413017,0.999625835740052,0.5,0.5,0.5,0.5,0.999988914023858,0.5,0.5,0.5,0.5,0.999905460532331,0.171218385618406,0.5,0.5,0.171218385618406,0.999905460532331,0.999980467581572,1.95324184281143e-05,0.999905460532331,0.171218385618406,0.233133689443933,0.935017827555658,9.45394676694633e-05,6.21656776062854e-05,CBCsimpleRW,CBCdriftDiffusionLR_pwBelief,0.5,0.657563228763189,0.909154597986744,0.922452324186774,2.88389409503493,0.5,63.1370998657568
CBC_1007,CBC_1007_MSI_TV_v3_Vset5_Tset1_2023-06-21_16h08.10.582.csv,2,40,1,3,z,0,1,2,tac,D,27,1,1D,3D,0,1,z,2.27222960000108,0,1,1,1,3D,1D,D13,4.00733318523247,0.999625835740052,0.5,0.5,0.5,0.5,0.999988914023858,0.5,0.5,0.5,0.5,0.999967626209937,0.171218385618406,0.5,0.5,0.171218385618406,0.999905460532331,0.999905460532331,9.45394676694633e-05,0.999905460532331,0.5,0.354645386494224,0.934793051693635,9.45394676694633e-05,6.21656776062854e-05,CBCsimpleRW,CBCdriftDiffusionLR_pwBelief,0.5,0.657563228763189,0.909154597986744,0.922452324186774,2.88389409503493,0.5,63.1370998657568
CBC_1007,CBC_1007_MSI_TV_v3_Vset5_Tset1_2023-06-21_16h08.10.582.csv,2,41,2,1,b,1,0,1,tac,C,9,1,2C,1C,1,0,z,3.89634430000115,0,1,0,0,1C,2C,C21,4.02535169073515,0.999625835740052,0.5,0.5,0.5,0.5,0.999988914023858,0.5,0.5,0.5,0.5,0.999967626209937,0.171218385618406,0.5,0.5,0.171218385618406,0.999967626209937,3.2373790063156e-05,0.999967626209937,0.5,0.999967626209937,0.00482115342362353,0.0658791875370168,-0.5,-0.328781614381594,CBCsimpleRW,CBCdriftDiffusionLR_pwBelief,0.5,0.657563228763189,0.909154597986744,0.922452324186774,2.88389409503493,0.5,63.1370998657568
CBC_1007,CBC_1007_MSI_TV_v3_Vset5_Tset1_2023-06-21_16h08.10.582.csv,2,42,1,0,b,1,0,3,tac,B,63,0,1B,0B,0,1,b,2.33222729999943,1,0,1,0,1B,0B,B10,2.65675690671466,0.999625835740052,0.5,0.5,0.5,0.5,0.999988914023858,0.5,0.5,0.5,0.171218385618406,0.999967626209937,0.171218385618406,0.5,0.5,0.171218385618406,0.999967626209937,0.999988914023858,1.10859761419668e-05,0.999988914023858,0.5,0.333927181093992,0.934550859986222,-0.999988914023858,-0.657555939032923,CBCsimpleRW,CBCdriftDiffusionLR_pwBelief,0.5,0.657563228763189,0.909154597986744,0.922452324186774,2.88389409503493,0.5,63.1370998657568
CBC_1007,CBC_1007_MSI_TV_v3_Vset5_Tset1_2023-06-21_16h08.10.582.csv,2,43,2,3,z,0,1,2,tac,D,63,1,2D,3D,0,1,z,2.17503729999953,0,1,1,1,3D,2D,D23,2.26868354131836,0.999625835740052,0.5,0.5,0.5,0.5,0.342432974990935,0.5,0.5,0.5,0.171218385618406,0.999967626209937,0.171218385618406,0.5,0.5,0.171218385618406,0.999967626209937,0.999993311711609,6.68828839082965e-06,0.999967626209937,0.171218385618406,0.39053822711831,0.934824882212663,3.2373790063156e-05,2.12878139212305e-05,CBCsimpleRW,CBCdriftDiffusionLR_pwBelief,0.5,0.657563228763189,0.909154597986744,0.922452324186774,2.88389409503493,0.5,63.1370998657568
CBC_1007,CBC_1007_MSI_TV_v3_Vset5_Tset1_2023-06-21_16h08.10.582.csv,2,44,1,0,z,0,1,0,tac,A,63,1,1A,0A,0,1,z,2.29483830000027,0,1,1,1,0A,1A,A10,2.97892515523761,0.999625835740052,0.5,0.5,0.5,0.5,0.342432974990935,0.5,0.5,0.5,0.171218385618406,0.999967626209937,0.171218385618406,0.5,0.5,0.171218385618406,0.999988914023858,0.999625835740052,0.000374164259947518,0.999625835740052,0.5,0.346657773990749,0.93457410097878,0.000374164259947518,0.000246036658858879,CBCsimpleRW,CBCdriftDiffusionLR_pwBelief,0.5,0.657563228763189,0.909154597986744,0.922452324186774,2.88389409503493,0.5,63.1370998657568
CBC_1007,CBC_1007_MSI_AV_v3_Vset4_Aset2_2023-06-21_16h24.09.852.csv,3,1,1,0,b,1,0,3,aud,B,63,1,1B,0B,1,0,z,1.66126739999891,0,1,0,0,0B,1B,B10,2.77258872223978,0.5,0.5,0.5,0.5,0.5,0.5,0.5,0.5,0.5,0.5,0.5,0.5,0.5,0.5,0.5,0.5,0.5,0.5,0.5,0.5,0.246057692653948,0.500469907666764,-0.5,-0.13864932512774,CBCsimpleRW,CBCdriftDiffusionLR_pwBelief,0.5,0.277298650255479,0.845291569904192,2.39983993840837,2.63674119258948,0.5,36.6800407098369
CBC_1007,CBC_1007_MSI_AV_v3_Vset4_Aset2_2023-06-21_16h24.09.852.csv,3,2,0,1,b,1,0,0,aud,A,63,1,0A,1A,1,0,b,3.03942339999958,1,0,1,1,0A,1A,A01,2.83321334405622,0.5,0.5,0.5,0.5,0.36135067487226,0.5,0.5,0.5,0.5,0.5,0.5,0.5,0.5,0.5,0.5,0.5,0.5,0.5,0.5,0.5,0.0949822900844262,0.498849039343897,0.5,0.13864932512774,CBCsimpleRW,CBCdriftDiffusionLR_pwBelief,0.5,0.277298650255479,0.845291569904192,2.39983993840837,2.63674119258948,0.5,36.6800407098369
CBC_1007,CBC_1007_MSI_AV_v3_Vset4_Aset2_2023-06-21_16h24.09.852.csv,3,3,1,2,z,0,1,1,aud,C,9,1,1C,2C,0,1,z,1.82182579999971,0,1,1,1,2C,1C,C12,2.89037175789616,0.63864932512774,0.5,0.5,0.5,0.36135067487226,0.5,0.5,0.5,0.5,0.5,0.5,0.5,0.5,0.5,0.5,0.5,0.5,0.5,0.5,0.5,0.222766914231448,0.498830016369237,0.5,0.13864932512774,CBCsimpleRW,CBCdriftDiffusionLR_pwBelief,0.5,0.277298650255479,0.845291569904192,2.39983993840837,2.63674119258948,0.5,36.6800407098369
CBC_1007,CBC_1007_MSI_AV_v3_Vset4_Aset2_2023-06-21_16h24.09.852.csv,3,4,1,0,z,0,1,0,aud,A,63,1,1A,0A,0,1,z,1.9362899000007,0,1,1,1,0A,1A,A10,2.94443897916644,0.63864932512774,0.5,0.5,0.5,0.36135067487226,0.5,0.5,0.5,0.5,0.5,0.63864932512774,0.5,0.5,0.5,0.5,0.5,0.63864932512774,0.36135067487226,0.63864932512774,0.5,0.391109152778016,0.852738511185145,0.36135067487226,0.100202054410984,CBCsimpleRW,CBCdriftDiffusionLR_pwBelief,0.5,0.277298650255479,0.845291569904192,2.39983993840837,2.63674119258948,0.5,36.6800407098369
CBC_1007,CBC_1007_MSI_AV_v3_Vset4_Aset2_2023-06-21_16h24.09.852.csv,3,5,3,1,b,1,0,2,aud,D,27,1,3D,1D,1,0,b,1.6795431999999,1,0,1,1,3D,1D,D31,2.99573227355399,0.738851379538724,0.5,0.5,0.5,0.36135067487226,0.5,0.5,0.5,0.5,0.5,0.63864932512774,0.5,0.5,0.5,0.5,0.5,0.5,0.5,0.5,0.5,0.243677834254852,0.500618766387871,0.5,0.13864932512774,CBCsimpleRW,CBCdriftDiffusionLR_pwBelief,0.5,0.277298650255479,0.845291569904192,2.39983993840837,2.63674119258948,0.5,36.6800407098369
CBC_1007,CBC_1007_MSI_AV_v3_Vset4_Aset2_2023-06-21_16h24.09.852.csv,3,6,0,1,z,0,1,3,aud,B,63,1,0B,1B,0,1,z,1.41934960000071,0,1,1,1,1B,0B,B01,3.04452243772342,0.738851379538724,0.5,0.5,0.5,0.36135067487226,0.5,0.5,0.5,0.5,0.5,0.63864932512774,0.5,0.5,0.5,0.5,0.63864932512774,0.63864932512774,0.36135067487226,0.5,0.36135067487226,0.563125132122445,0.852333918087122,0.5,0.13864932512774,CBCsimpleRW,CBCdriftDiffusionLR_pwBelief,0.5,0.277298650255479,0.845291569904192,2.39983993840837,2.63674119258948,0.5,36.6800407098369
CBC_1007,CBC_1007_MSI_AV_v3_Vset4_Aset2_2023-06-21_16h24.09.852.csv,3,7,2,3,b,1,0,1,aud,C,63,1,2C,3C,1,0,b,1.80670350000037,1,0,1,1,2C,3C,C23,3.09104245335832,0.738851379538724,0.5,0.5,0.5,0.36135067487226,0.63864932512774,0.5,0.5,0.5,0.5,0.63864932512774,0.5,0.5,0.5,0.5,0.63864932512774,0.63864932512774,0.36135067487226,0.63864932512774,0.5,0.437917441698496,0.852266339840092,0.36135067487226,0.100202054410984,CBCsimpleRW,CBCdriftDiffusionLR_pwBelief,0.5,0.277298650255479,0.845291569904192,2.39983993840837,2.63674119258948,0.5,36.6800407098369
CBC_1007,CBC_1007_MSI_AV_v3_Vset4_Aset2_2023-06-21_16h24.09.852.csv,3,8,2,0,z,0,1,0,aud,A,27,1,2A,0A,0,1,z,2.3398130000005,0,1,1,1,0A,2A,A20,3.13549421592915,0.738851379538724,0.5,0.5,0.5,0.36135067487226,0.63864932512774,0.5,0.5,0.5,0.5,0.738851379538724,0.5,0.5,0.5,0.5,0.63864932512774,0.738851379538724,0.261148620461276,0.738851379538724,0.5,0.26529209864705,0.953722668430942,0.261148620461276,0.0724161599699923,CBCsimpleRW,CBCdriftDiffusionLR_pwBelief,0.5,0.277298650255479,0.845291569904192,2.39983993840837,2.63674119258948,0.5,36.6800407098369
CBC_1007,CBC_1007_MSI_AV_v3_Vset4_Aset2_2023-06-21_16h24.09.852.csv,3,9,3,2,b,1,0,2,aud,D,63,1,3D,2D,1,0,b,1.4915861999998,1,0,1,1,3D,2D,D32,3.17805383034795,0.811267539508716,0.5,0.5,0.5,0.36135067487226,0.63864932512774,0.5,0.5,0.5,0.5,0.738851379538724,0.5,0.5,0.5,0.5,0.63864932512774,0.63864932512774,0.36135067487226,0.63864932512774,0.5,0.549604342482882,0.852442395158704,0.36135067487226,0.100202054410984,CBCsimpleRW,CBCdriftDiffusionLR_pwBelief,0.5,0.277298650255479,0.845291569904192,2.39983993840837,2.63674119258948,0.5,36.6800407098369
CBC_1007,CBC_1007_MSI_AV_v3_Vset4_Aset2_2023-06-21_16h24.09.852.csv,3,10,3,1,z,0,1,3,aud,B,27,1,3B,1B,0,1,z,1.90983140000026,0,1,1,1,1B,3B,B31,3.2188758248682,0.811267539508716,0.5,0.5,0.5,0.36135067487226,0.63864932512774,0.5,0.5,0.5,0.5,0.738851379538724,0.5,0.5,0.5,0.5,0.738851379538724,0.63864932512774,0.36135067487226,0.63864932512774,0.5,0.400327209531635,0.852545438183476,0.36135067487226,0.100202054410984,CBCsimpleRW,CBCdriftDiffusionLR_pwBelief,0.5,0.277298650255479,0.845291569904192,2.39983993840837,2.63674119258948,0.5,36.6800407098369
CBC_1007,CBC_1007_MSI_AV_v3_Vset4_Aset2_2023-06-21_16h24.09.852.csv,3,11,3,2,z,0,1,1,aud,C,63,0,3C,2C,1,0,z,3.43603809999877,0,1,1,0,2C,3C,C32,3.25809653802148,0.811267539508716,0.5,0.5,0.5,0.36135067487226,0.738851379538724,0.5,0.5,0.5,0.5,0.738851379538724,0.5,0.5,0.5,0.5,0.738851379538724,0.738851379538724,0.261148620461276,0.738851379538724,0.5,0.0594079973266359,0.953522423528725,-0.738851379538724,-0.204882490285487,CBCsimpleRW,CBCdriftDiffusionLR_pwBelief,0.5,0.277298650255479,0.845291569904192,2.39983993840837,2.63674119258948,0.5,36.6800407098369
CBC_1007,CBC_1007_MSI_AV_v3_Vset4_Aset2_2023-06-21_16h24.09.852.csv,3,12,1,3,b,1,0,3,aud,B,27,1,1B,3B,1,0,b,2.72216000000117,1,0,1,1,1B,3B,B13,3.29583686600433,0.811267539508716,0.5,0.5,0.5,0.36135067487226,0.738851379538724,0.5,0.5,0.5,0.5,0.533968889253237,0.5,0.5,0.5,0.5,0.738851379538724,0.738851379538724,0.261148620461276,0.738851379538724,0.5,0.15755818004754,0.95350679247774,0.261148620461276,0.0724161599699923,CBCsimpleRW,CBCdriftDiffusionLR_pwBelief,0.5,0.277298650255479,0.845291569904192,2.39983993840837,2.63674119258948,0.5,36.6800407098369
CBC_1007,CBC_1007_MSI_AV_v3_Vset4_Aset2_2023-06-21_16h24.09.852.csv,3,13,3,2,z,0,1,1,aud,C,63,1,3C,2C,0,1,b,2.11386549999952,1,0,0,0,3C,2C,C32,2.63905732961526,0.811267539508716,0.5,0.5,0.5,0.36135067487226,0.811267539508716,0.5,0.5,0.5,0.5,0.533968889253237,0.5,0.5,0.5,0.5,0.738851379538724,0.466031110746763,0.533968889253237,0.5,0.533968889253237,0.145676488829927,0.395170000071611,-0.5,-0.13864932512774,CBCsimpleRW,CBCdriftDiffusionLR_pwBelief,0.5,0.277298650255479,0.845291569904192,2.39983993840837,2.63674119258948,0.5,36.6800407098369
CBC_1007,CBC_1007_MSI_AV_v3_Vset4_Aset2_2023-06-21_16h24.09.852.csv,3,14,3,2,b,1,0,2,aud,D,63,1,3D,2D,1,0,b,1.10017619999962,1,0,1,1,3D,2D,D32,2.67414864942653,0.811267539508716,0.5,0.5,0.5,0.36135067487226,0.811267539508716,0.5,0.5,0.5,0.5,0.533968889253237,0.36135067487226,0.5,0.5,0.5,0.738851379538724,0.738851379538724,0.261148620461276,0.738851379538724,0.5,0.51896199129611,0.953806723862473,0.261148620461276,0.0724161599699923,CBCsimpleRW,CBCdriftDiffusionLR_pwBelief,0.5,0.277298650255479,0.845291569904192,2.39983993840837,2.63674119258948,0.5,36.6800407098369
CBC_1007,CBC_1007_MSI_AV_v3_Vset4_Aset2_2023-06-21_16h24.09.852.csv,3,15,0,3,b,1,0,0,aud,A,9,1,0A,3A,1,0,b,1.65734789999988,1,0,1,1,0A,3A,A03,3.40119738166216,0.811267539508716,0.5,0.5,0.5,0.36135067487226,0.811267539508716,0.5,0.5,0.5,0.5,0.533968889253237,0.36135067487226,0.5,0.5,0.5,0.811267539508716,0.811267539508716,0.188732460491284,0.811267539508716,0.5,0.713444937342562,0.980907931594887,0.188732460491284,0.0523352565536286,CBCsimpleRW,CBCdriftDiffusionLR_pwBelief,0.5,0.277298650255479,0.845291569904192,2.39983993840837,2.63674119258948,0.5,36.6800407098369
CBC_1007,CBC_1007_MSI_AV_v3_Vset4_Aset2_2023-06-21_16h24.09.852.csv,3,16,0,1,z,0,1,3,aud,B,63,0,0B,1B,1,0,z,2.12121760000082,0,1,1,0,1B,0B,B01,2.7408400239252,0.863602796062345,0.5,0.5,0.5,0.36135067487226,0.811267539508716,0.5,0.5,0.5,0.5,0.533968889253237,0.36135067487226,0.5,0.5,0.5,0.811267539508716,0.883682473909106,0.116317526090894,0.811267539508716,0.36135067487226,0.237229966616759,0.992293621094376,-0.811267539508716,-0.224963393701851,CBCsimpleRW,CBCdriftDiffusionLR_pwBelief,0.5,0.277298650255479,0.845291569904192,2.39983993840837,2.63674119258948,0.5,36.6800407098369
CBC_1007,CBC_1007_MSI_AV_v3_Vset4_Aset2_2023-06-21_16h24.09.852.csv,3,17,2,3,z,0,1,2,aud,D,63,1,2D,3D,0,1,z,1.52937220000058,0,1,1,1,3D,2D,D23,3.46573590279973,0.863602796062345,0.5,0.5,0.5,0.36135067487226,0.586304145806866,0.5,0.5,0.5,0.5,0.533968889253237,0.36135067487226,0.5,0.5,0.5,0.811267539508716,0.811267539508716,0.188732460491284,0.811267539508716,0.5,0.871976758111462,0.980965923780638,0.188732460491284,0.0523352565536286,CBCsimpleRW,CBCdriftDiffusionLR_pwBelief,0.5,0.277298650255479,0.845291569904192,2.39983993840837,2.63674119258948,0.5,36.6800407098369
CBC_1007,CBC_1007_MSI_AV_v3_Vset4_Aset2_2023-06-21_16h24.09.852.csv,3,18,0,2,z,0,1,1,aud,C,27,1,0C,2C,0,1,b,3.39959239999916,1,0,0,0,0C,2C,C02,3.49650756146648,0.863602796062345,0.5,0.5,0.5,0.36135067487226,0.586304145806866,0.5,0.5,0.5,0.5,0.533968889253237,0.36135067487226,0.5,0.5,0.5,0.863602796062345,0.466031110746763,0.533968889253237,0.5,0.533968889253237,0.0574820668368391,0.394155488404761,-0.5,-0.13864932512774,CBCsimpleRW,CBCdriftDiffusionLR_pwBelief,0.5,0.277298650255479,0.845291569904192,2.39983993840837,2.63674119258948,0.5,36.6800407098369
CBC_1007,CBC_1007_MSI_AV_v3_Vset4_Aset2_2023-06-21_16h24.09.852.csv,3,19,0,1,b,1,0,0,aud,A,63,1,0A,1A,1,0,b,0.991809699999067,1,0,1,1,0A,1A,A01,2.83321334405622,0.863602796062345,0.5,0.5,0.5,0.36135067487226,0.586304145806866,0.5,0.5,0.36135067487226,0.5,0.533968889253237,0.36135067487226,0.5,0.5,0.5,0.863602796062345,0.863602796062345,0.136397203937655,0.863602796062345,0.5,0.198955484840313,0.990079387029115,0.136397203937655,0.0378227605505331,CBCsimpleRW,CBCdriftDiffusionLR_pwBelief,0.5,0.277298650255479,0.845291569904192,2.39983993840837,2.63674119258948,0.5,36.6800407098369
CBC_1007,CBC_1007_MSI_AV_v3_Vset4_Aset2_2023-06-21_16h24.09.852.csv,3,20,1,0,b,1,0,3,aud,B,63,1,1B,0B,1,0,b,1.87979779999841,1,0,1,1,1B,0B,B10,2.86220088092947,0.901425556612878,0.5,0.5,0.5,0.36135067487226,0.586304145806866,0.5,0.5,0.36135067487226,0.5,0.533968889253237,0.36135067487226,0.5,0.5,0.5,0.863602796062345,0.714678108034741,0.285321891965259,0.586304145806866,0.36135067487226,0.483170695905103,0.938297212926811,0.413695854193134,0.114717301984044,CBCsimpleRW,CBCdriftDiffusionLR_pwBelief,0.5,0.277298650255479,0.845291569904192,2.39983993840837,2.63674119258948,0.5,36.6800407098369
CBC_1007,CBC_1007_MSI_AV_v3_Vset4_Aset2_2023-06-21_16h24.09.852.csv,3,21,1,3,z,0,1,2,aud,D,27,1,1D,3D,0,1,z,1.30866839999908,0,1,1,1,3D,1D,D13,3.58351893845611,0.901425556612878,0.5,0.5,0.5,0.36135067487226,0.701021447790909,0.5,0.5,0.36135067487226,0.5,0.533968889253237,0.36135067487226,0.5,0.5,0.5,0.863602796062345,0.863602796062345,0.136397203937655,0.863602796062345,0.5,1.25933832183278,0.990044910013204,0.136397203937655,0.0378227605505331,CBCsimpleRW,CBCdriftDiffusionLR_pwBelief,0.5,0.277298650255479,0.845291569904192,2.39983993840837,2.63674119258948,0.5,36.6800407098369
CBC_1007,CBC_1007_MSI_AV_v3_Vset4_Aset2_2023-06-21_16h24.09.852.csv,3,22,3,2,z,0,1,1,aud,C,63,1,3C,2C,0,1,z,2.35934300000008,0,1,1,1,2C,3C,C32,2.51230562397611,0.901425556612878,0.5,0.5,0.5,0.36135067487226,0.701021447790909,0.5,0.5,0.36135067487226,0.5,0.533968889253237,0.36135067487226,0.5,0.5,0.5,0.901425556612878,0.669426381581692,0.330573618418308,0.533968889253237,0.36135067487226,0.273025276233753,0.894868999848061,0.466031110746763,0.129229797987139,CBCsimpleRW,CBCdriftDiffusionLR_pwBelief,0.5,0.277298650255479,0.845291569904192,2.39983993840837,2.63674119258948,0.5,36.6800407098369
CBC_1007,CBC_1007_MSI_AV_v3_Vset4_Aset2_2023-06-21_16h24.09.852.csv,3,23,0,1,b,1,0,0,aud,A,63,1,0A,1A,1,0,b,1.25399389999984,1,0,1,1,0A,1A,A01,2.53897387105828,0.901425556612878,0.5,0.5,0.5,0.36135067487226,0.701021447790909,0.5,0.5,0.36135067487226,0.5,0.663198687240376,0.36135067487226,0.5,0.5,0.5,0.901425556612878,0.901425556612878,0.0985744433871221,0.901425556612878,0.5,1.42598188975245,0.993822816275326,0.0985744433871221,0.0273345601009341,CBCsimpleRW,CBCdriftDiffusionLR_pwBelief,0.5,0.277298650255479,0.845291569904192,2.39983993840837,2.63674119258948,0.5,36.6800407098369
CBC_1007,CBC_1007_MSI_AV_v3_Vset4_Aset2_2023-06-21_16h24.09.852.csv,3,24,2,3,z,0,1,2,aud,D,63,1,2D,3D,0,1,z,1.41416439999921,0,1,1,1,3D,2D,D23,2.9704144655697,0.928760116713812,0.5,0.5,0.5,0.36135067487226,0.701021447790909,0.5,0.5,0.36135067487226,0.5,0.663198687240376,0.36135067487226,0.5,0.5,0.5,0.901425556612878,0.901425556612878,0.0985744433871221,0.901425556612878,0.5,1.17356577158152,0.993812500875561,0.0985744433871221,0.0273345601009341,CBCsimpleRW,CBCdriftDiffusionLR_pwBelief,0.5,0.277298650255479,0.845291569904192,2.39983993840837,2.63674119258948,0.5,36.6800407098369
CBC_1007,CBC_1007_MSI_AV_v3_Vset4_Aset2_2023-06-21_16h24.09.852.csv,3,25,2,0,b,1,0,1,aud,C,27,1,2C,0C,1,0,b,2.15954239999883,1,0,1,1,2C,0C,C20,3.68887945411394,0.928760116713812,0.5,0.5,0.5,0.36135067487226,0.701021447790909,0.5,0.5,0.36135067487226,0.5,0.663198687240376,0.36135067487226,0.5,0.5,0.5,0.928760116713812,0.776795386141503,0.223204613858497,0.663198687240376,0.36135067487226,0.320694507950505,0.970773827894924,0.336801312759624,0.0933945494325172,CBCsimpleRW,CBCdriftDiffusionLR_pwBelief,0.5,0.277298650255479,0.845291569904192,2.39983993840837,2.63674119258948,0.5,36.6800407098369
CBC_1007,CBC_1007_MSI_AV_v3_Vset4_Aset2_2023-06-21_16h24.09.852.csv,3,26,0,1,b,1,0,0,aud,A,63,1,0A,1A,1,0,b,1.21733180000047,1,0,1,1,0A,1A,A01,2.32727770558442,0.928760116713812,0.5,0.5,0.5,0.36135067487226,0.701021447790909,0.5,0.5,0.36135067487226,0.5,0.756593236672893,0.36135067487226,0.5,0.5,0.5,0.928760116713812,0.928760116713812,0.0712398832861879,0.928760116713812,0.5,1.5382036775979,0.995632644085005,0.0712398832861879,0.0197547234796178,CBCsimpleRW,CBCdriftDiffusionLR_pwBelief,0.5,0.277298650255479,0.845291569904192,2.39983993840837,2.63674119258948,0.5,36.6800407098369
CBC_1007,CBC_1007_MSI_AV_v3_Vset4_Aset2_2023-06-21_16h24.09.852.csv,3,27,1,3,b,1,0,3,aud,B,27,1,1B,3B,1,0,b,1.20220560000053,1,0,1,1,1B,3B,B13,3.04452243772342,0.94851484019343,0.5,0.5,0.5,0.36135067487226,0.701021447790909,0.5,0.5,0.36135067487226,0.5,0.756593236672893,0.36135067487226,0.5,0.5,0.5,0.928760116713812,0.701021447790909,0.298978552209091,0.701021447790909,0.5,0.652133401562127,0.926926142519411,0.298978552209091,0.0829063489829182,CBCsimpleRW,CBCdriftDiffusionLR_pwBelief,0.5,0.277298650255479,0.845291569904192,2.39983993840837,2.63674119258948,0.5,36.6800407098369
CBC_1007,CBC_1007_MSI_AV_v3_Vset4_Aset2_2023-06-21_16h24.09.852.csv,3,28,3,2,z,0,1,1,aud,C,63,1,3C,2C,0,1,z,1.49521320000167,0,1,1,1,2C,3C,C32,2.37490575457367,0.94851484019343,0.5,0.5,0.5,0.36135067487226,0.783927796773827,0.5,0.5,0.36135067487226,0.5,0.756593236672893,0.36135067487226,0.5,0.5,0.5,0.928760116713812,0.84600412737977,0.15399587262023,0.756593236672893,0.36135067487226,0.960470088008183,0.987599633787654,0.243406763327107,0.0674963669336616,CBCsimpleRW,CBCdriftDiffusionLR_pwBelief,0.5,0.277298650255479,0.845291569904192,2.39983993840837,2.63674119258948,0.5,36.6800407098369
CBC_1007,CBC_1007_MSI_AV_v3_Vset4_Aset2_2023-06-21_16h24.09.852.csv,3,29,3,2,b,1,0,2,aud,D,63,0,3D,2D,0,1,b,1.14039719999892,1,0,1,0,3D,2D,D32,2.68557734525015,0.94851484019343,0.5,0.5,0.5,0.36135067487226,0.783927796773827,0.5,0.5,0.36135067487226,0.5,0.824089603606555,0.36135067487226,0.5,0.5,0.5,0.928760116713812,0.928760116713812,0.0712398832861879,0.928760116713812,0.5,1.39266188912833,0.995616193666199,-0.928760116713812,-0.257543926775862,CBCsimpleRW,CBCdriftDiffusionLR_pwBelief,0.5,0.277298650255479,0.845291569904192,2.39983993840837,2.63674119258948,0.5,36.6800407098369
CBC_1007,CBC_1007_MSI_AV_v3_Vset4_Aset2_2023-06-21_16h24.09.852.csv,3,30,0,1,z,0,1,3,aud,B,63,1,0B,1B,0,1,z,1.63441539999985,0,1,1,1,1B,0B,B01,2.70805020110221,0.94851484019343,0.5,0.5,0.5,0.36135067487226,0.783927796773827,0.5,0.5,0.36135067487226,0.5,0.824089603606555,0.36135067487226,0.5,0.5,0.5,0.671216189937951,0.865088280539175,0.134911719460825,0.783927796773827,0.36135067487226,0.747984935556369,0.990247664368241,0.216072203226173,0.0599165303123453,CBCsimpleRW,CBCdriftDiffusionLR_pwBelief,0.5,0.277298650255479,0.845291569904192,2.39983993840837,2.63674119258948,0.5,36.6800407098369
CBC_1007,CBC_1007_MSI_AV_v3_Vset4_Aset2_2023-06-21_16h24.09.852.csv,3,31,2,0,z,0,1,0,aud,A,27,1,2A,0A,0,1,z,1.90010190000066,0,1,1,1,0A,2A,A20,3.13549421592915,0.94851484019343,0.5,0.5,0.5,0.36135067487226,0.843844327086173,0.5,0.5,0.36135067487226,0.5,0.824089603606555,0.36135067487226,0.5,0.5,0.5,0.671216189937951,0.94851484019343,0.0514851598065701,0.94851484019343,0.5,0.314952969659105,0.996572842096639,0.0514851598065701,0.0142767653225495,CBCsimpleRW,CBCdriftDiffusionLR_pwBelief,0.5,0.277298650255479,0.845291569904192,2.39983993840837,2.63674119258948,0.5,36.6800407098369
CBC_1007,CBC_1007_MSI_AV_v3_Vset4_Aset2_2023-06-21_16h24.09.852.csv,3,32,3,0,b,1,0,2,aud,D,9,1,3D,0D,1,0,b,1.42563370000062,1,0,1,1,3D,0D,D30,3.85014760171006,0.962791605515979,0.5,0.5,0.5,0.36135067487226,0.843844327086173,0.5,0.5,0.36135067487226,0.5,0.824089603606555,0.36135067487226,0.5,0.5,0.5,0.671216189937951,0.671216189937951,0.328783810062049,0.671216189937951,0.5,0.646780253572168,0.897413290988141,0.328783810062049,0.0911713067560602,CBCsimpleRW,CBCdriftDiffusionLR_pwBelief,0.5,0.277298650255479,0.845291569904192,2.39983993840837,2.63674119258948,0.5,36.6800407098369
CBC_1007,CBC_1007_MSI_AV_v3_Vset4_Aset2_2023-06-21_16h24.09.852.csv,3,33,3,2,z,0,1,1,aud,C,63,1,3C,2C,0,1,z,1.79726230000051,0,1,1,1,2C,3C,C32,2.26176309847379,0.962791605515979,0.5,0.5,0.5,0.36135067487226,0.843844327086173,0.5,0.5,0.36135067487226,0.5,0.824089603606555,0.36135067487226,0.5,0.5,0.5,0.762387496694011,0.89223831942723,0.10776168057277,0.824089603606555,0.36135067487226,0.502285218787694,0.993060864568075,0.175910396393445,0.0487797154858087,CBCsimpleRW,CBCdriftDiffusionLR_pwBelief,0.5,0.277298650255479,0.845291569904192,2.39983993840837,2.63674119258948,0.5,36.6800407098369
CBC_1007,CBC_1007_MSI_AV_v3_Vset4_Aset2_2023-06-21_16h24.09.852.csv,3,34,0,1,z,0,1,3,aud,B,63,1,0B,1B,0,1,z,2.18018439999832,0,1,1,1,1B,0B,B01,2.50552593699074,0.962791605515979,0.5,0.5,0.5,0.36135067487226,0.843844327086173,0.5,0.5,0.36135067487226,0.5,0.872869319092364,0.36135067487226,0.5,0.5,0.5,0.762387496694011,0.905220142242029,0.0947798577579715,0.843844327086173,0.36135067487226,0.1816972965946,0.994124708958108,0.156155672913827,0.0433017573287404,CBCsimpleRW,CBCdriftDiffusionLR_pwBelief,0.5,0.277298650255479,0.845291569904192,2.39983993840837,2.63674119258948,0.5,36.6800407098369
CBC_1007,CBC_1007_MSI_AV_v3_Vset4_Aset2_2023-06-21_16h24.09.852.csv,3,35,0,1,b,1,0,0,aud,A,63,0,0A,1A,0,1,b,1.18391060000067,1,0,1,0,0A,1A,A01,2.30258509299405,0.962791605515979,0.5,0.5,0.5,0.36135067487226,0.887146084414913,0.5,0.5,0.36135067487226,0.5,0.872869319092364,0.36135067487226,0.5,0.5,0.5,0.762387496694011,0.962791605515979,0.0372083944840206,0.962791605515979,0.5,1.66368999021992,0.997156547203839,-0.962791605515979,-0.266980812686887,CBCsimpleRW,CBCdriftDiffusionLR_pwBelief,0.5,0.277298650255479,0.845291569904192,2.39983993840837,2.63674119258948,0.5,36.6800407098369
CBC_1007,CBC_1007_MSI_AV_v3_Vset4_Aset2_2023-06-21_16h24.09.852.csv,3,36,2,3,z,0,1,2,aud,D,63,1,2D,3D,0,1,z,1.71770680000009,0,1,1,1,3D,2D,D23,2.83321334405622,0.695810792829092,0.5,0.5,0.5,0.36135067487226,0.887146084414913,0.5,0.5,0.36135067487226,0.5,0.872869319092364,0.36135067487226,0.5,0.5,0.5,0.762387496694011,0.762387496694011,0.237612503305989,0.762387496694011,0.5,0.627071136719203,0.965052446038836,0.237612503305989,0.0658896264505764,CBCsimpleRW,CBCdriftDiffusionLR_pwBelief,0.5,0.277298650255479,0.845291569904192,2.39983993840837,2.63674119258948,0.5,36.6800407098369
CBC_1007,CBC_1007_MSI_AV_v3_Vset4_Aset2_2023-06-21_16h24.09.852.csv,3,37,1,2,b,1,0,3,aud,B,9,1,1B,2B,1,0,b,1.89318139999887,1,0,1,1,1B,2B,B12,3.95124371858143,0.695810792829092,0.5,0.5,0.5,0.36135067487226,0.887146084414913,0.5,0.5,0.36135067487226,0.5,0.872869319092364,0.36135067487226,0.5,0.5,0.5,0.828277123144587,0.887146084414913,0.112853915585087,0.887146084414913,0.5,0.404754466200979,0.992579058321072,0.112853915585087,0.0312942384677904,CBCsimpleRW,CBCdriftDiffusionLR_pwBelief,0.5,0.277298650255479,0.845291569904192,2.39983993840837,2.63674119258948,0.5,36.6800407098369
CBC_1007,CBC_1007_MSI_AV_v3_Vset4_Aset2_2023-06-21_16h24.09.852.csv,3,38,2,0,z,0,1,0,aud,A,27,1,2A,0A,0,1,z,2.02267620000021,0,1,1,1,0A,2A,A20,2.87167962488401,0.695810792829092,0.5,0.5,0.5,0.36135067487226,0.918440322882703,0.5,0.5,0.36135067487226,0.5,0.872869319092364,0.36135067487226,0.5,0.5,0.5,0.828277123144587,0.695810792829092,0.304189207170908,0.695810792829092,0.5,0.40063747994372,0.922639289232324,0.304189207170908,0.084351256570777,CBCsimpleRW,CBCdriftDiffusionLR_pwBelief,0.5,0.277298650255479,0.845291569904192,2.39983993840837,2.63674119258948,0.5,36.6800407098369
CBC_1007,CBC_1007_MSI_AV_v3_Vset4_Aset2_2023-06-21_16h24.09.852.csv,3,39,2,3,b,1,0,1,aud,C,63,1,2C,3C,1,0,b,1.32778390000021,1,0,1,1,2C,3C,C23,3.29583686600433,0.780162049399869,0.5,0.5,0.5,0.36135067487226,0.918440322882703,0.5,0.5,0.36135067487226,0.5,0.872869319092364,0.36135067487226,0.5,0.5,0.5,0.828277123144587,0.923866341101284,0.0761336588987163,0.872869319092364,0.36135067487226,1.39539740776603,0.995343432331584,0.127130680907636,0.0352531662217476,CBCsimpleRW,CBCdriftDiffusionLR_pwBelief,0.5,0.277298650255479,0.845291569904192,2.39983993840837,2.63674119258948,0.5,36.6800407098369
CBC_1007,CBC_1007_MSI_AV_v3_Vset4_Aset2_2023-06-21_16h24.09.852.csv,3,40,1,3,z,0,1,2,aud,D,27,1,1D,3D,0,1,z,1.52682789999926,0,1,1,1,3D,1D,D13,3.31418600467253,0.780162049399869,0.5,0.5,0.5,0.36135067487226,0.918440322882703,0.5,0.5,0.36135067487226,0.5,0.908122485314111,0.36135067487226,0.5,0.5,0.5,0.828277123144587,0.828277123144587,0.171722876855413,0.828277123144587,0.5,0.894621718357056,0.984558330730081,0.171722876855413,0.0476185219699939,CBCsimpleRW,CBCdriftDiffusionLR_pwBelief,0.5,0.277298650255479,0.845291569904192,2.39983993840837,2.63674119258948,0.5,36.6800407098369
CBC_1007,CBC_1007_MSI_AV_v3_Vset4_Aset2_2023-06-21_16h24.09.852.csv,3,41,0,1,b,1,0,0,aud,A,63,1,0A,1A,1,0,b,1.16805919999933,1,0,1,1,0A,1A,A01,2.23359222150709,0.780162049399869,0.5,0.5,0.5,0.36135067487226,0.918440322882703,0.5,0.5,0.36135067487226,0.5,0.908122485314111,0.36135067487226,0.5,0.5,0.5,0.875895645114581,0.780162049399869,0.219837950600131,0.780162049399869,0.5,0.854512841774321,0.972005906981237,0.219837950600131,0.0609607669763469,CBCsimpleRW,CBCdriftDiffusionLR_pwBelief,0.5,0.277298650255479,0.845291569904192,2.39983993840837,2.63674119258948,0.5,36.6800407098369
CBC_1007,CBC_1007_MSI_AV_v3_Vset4_Aset2_2023-06-21_16h24.09.852.csv,3,42,0,2,z,0,1,1,aud,C,27,1,0C,2C,0,1,z,2.77161019999949,0,1,1,1,2C,0C,C02,3.3499040872746,0.841122816376216,0.5,0.5,0.5,0.36135067487226,0.918440322882703,0.5,0.5,0.36135067487226,0.5,0.908122485314111,0.36135067487226,0.5,0.5,0.5,0.875895645114581,0.945855303257311,0.0541446967426887,0.908122485314111,0.36135067487226,0.023486275458656,0.996469159956821,0.0918775146858888,0.0254775108112249,CBCsimpleRW,CBCdriftDiffusionLR_pwBelief,0.5,0.277298650255479,0.845291569904192,2.39983993840837,2.63674119258948,0.5,36.6800407098369
CBC_1007,CBC_1007_MSI_AV_v3_Vset4_Aset2_2023-06-21_16h24.09.852.csv,3,43,3,2,b,1,0,2,aud,D,63,1,3D,2D,1,0,b,1.18890570000076,1,0,1,1,3D,2D,D32,2.67414864942653,0.841122816376216,0.5,0.5,0.5,0.36135067487226,0.918440322882703,0.5,0.5,0.36135067487226,0.5,0.933599996125336,0.36135067487226,0.5,0.5,0.5,0.875895645114581,0.875895645114581,0.124104354885419,0.875895645114581,0.5,1.28452246501909,0.991495484096891,0.124104354885419,0.0344139701005537,CBCsimpleRW,CBCdriftDiffusionLR_pwBelief,0.5,0.277298650255479,0.845291569904192,2.39983993840837,2.63674119258948,0.5,36.6800407098369
CBC_1007,CBC_1007_MSI_AV_v3_Vset4_Aset2_2023-06-21_16h24.09.852.csv,3,44,1,0,b,1,0,3,aud,B,63,1,1B,0B,1,0,b,1.1392792000006,1,0,1,1,1B,0B,B10,2.97892515523761,0.841122816376216,0.5,0.5,0.5,0.36135067487226,0.918440322882703,0.5,0.5,0.36135067487226,0.5,0.933599996125336,0.36135067487226,0.5,0.5,0.5,0.910309615215135,0.952158979478783,0.0478410205212165,0.918440322882703,0.36135067487226,1.50340714140703,0.996753529336833,0.0815596771172965,0.022616388379899,CBCsimpleRW,CBCdriftDiffusionLR_pwBelief,0.5,0.277298650255479,0.845291569904192,2.39983993840837,2.63674119258948,0.5,36.6800407098369
CBC_1007,CBC_1007_MSI_TV_v3_Vset1_Tset3_2023-06-21_16h50.43.207.csv,4,1,0,1,b,1,0,0,tac,A,63,1,0A,1A,1,0,z,2.03404790000059,0,1,0,0,1A,0A,A01,2.77258872223978,0.5,0.5,0.5,0.5,0.5,0.5,0.5,0.5,0.5,0.5,0.5,0.5,0.5,0.5,0.5,0.5,0.5,0.5,0.5,0.5,0.272431891518584,0.500794751012774,-0.5,-0.148742801419016,CBCsimpleRW,CBCdriftDiffusionLR_pwBelief,0.5,0.297485602838032,1.37687200634778,1.75465399285962,2.58193030285429,0.5,41.8765349604246
CBC_1007,CBC_1007_MSI_TV_v3_Vset1_Tset3_2023-06-21_16h50.43.207.csv,4,2,2,3,z,0,1,2,tac,D,63,1,2D,3D,0,1,b,2.42155249999996,1,0,0,0,2D,3D,D23,2.83321334405622,0.5,0.351257198580984,0.5,0.5,0.5,0.5,0.5,0.5,0.5,0.5,0.5,0.5,0.5,0.5,0.5,0.5,0.5,0.5,0.5,0.5,0.21565365306715,0.498891391781386,-0.5,-0.148742801419016,CBCsimpleRW,CBCdriftDiffusionLR_pwBelief,0.5,0.297485602838032,1.37687200634778,1.75465399285962,2.58193030285429,0.5,41.8765349604246
CBC_1007,CBC_1007_MSI_TV_v3_Vset1_Tset3_2023-06-21_16h50.43.207.csv,4,3,0,2,z,0,1,1,tac,C,27,1,0C,2C,0,1,z,2.58686540000053,0,1,1,1,2C,0C,C02,2.89037175789616,0.5,0.351257198580984,0.5,0.5,0.5,0.5,0.5,0.5,0.5,0.5,0.5,0.5,0.5,0.5,0.351257198580984,0.5,0.5,0.5,0.5,0.5,0.191876580665123,0.499732522626001,0.5,0.148742801419016,CBCsimpleRW,CBCdriftDiffusionLR_pwBelief,0.5,0.297485602838032,1.37687200634778,1.75465399285962,2.58193030285429,0.5,41.8765349604246
CBC_1007,CBC_1007_MSI_TV_v3_Vset1_Tset3_2023-06-21_16h50.43.207.csv,4,4,0,1,b,1,0,0,tac,A,63,1,0A,1A,1,0,z,2.51520960000198,0,1,0,0,1A,0A,A01,2.2512917986065,0.5,0.351257198580984,0.5,0.5,0.5,0.5,0.5,0.5,0.5,0.5,0.648742801419016,0.5,0.5,0.5,0.351257198580984,0.5,0.351257198580984,0.648742801419016,0.351257198580984,0.5,0.0883836307567283,0.206562740733668,-0.351257198580984,-0.104493959471062,CBCsimpleRW,CBCdriftDiffusionLR_pwBelief,0.5,0.297485602838032,1.37687200634778,1.75465399285962,2.58193030285429,0.5,41.8765349604246
CBC_1007,CBC_1007_MSI_TV_v3_Vset1_Tset3_2023-06-21_16h50.43.207.csv,4,5,1,3,b,1,0,3,tac,B,27,1,1B,3B,1,0,z,2.33534440000039,0,1,0,0,3B,1B,B13,2.99573227355399,0.5,0.246763239109921,0.5,0.5,0.5,0.5,0.5,0.5,0.5,0.5,0.648742801419016,0.5,0.5,0.5,0.351257198580984,0.5,0.5,0.5,0.5,0.5,0.229117902417743,0.499336642161983,-0.5,-0.148742801419016,CBCsimpleRW,CBCdriftDiffusionLR_pwBelief,0.5,0.297485602838032,1.37687200634778,1.75465399285962,2.58193030285429,0.5,41.8765349604246
CBC_1007,CBC_1007_MSI_TV_v3_Vset1_Tset3_2023-06-21_16h50.43.207.csv,4,6,3,2,z,0,1,1,tac,C,63,1,3C,2C,0,1,z,2.55173960000138,0,1,1,1,2C,3C,C32,3.04452243772342,0.5,0.246763239109921,0.5,0.5,0.5,0.5,0.5,0.351257198580984,0.5,0.5,0.648742801419016,0.5,0.5,0.5,0.351257198580984,0.5,0.648742801419016,0.351257198580984,0.648742801419016,0.5,0.329349567834989,0.794045221443237,0.351257198580984,0.104493959471062,CBCsimpleRW,CBCdriftDiffusionLR_pwBelief,0.5,0.297485602838032,1.37687200634778,1.75465399285962,2.58193030285429,0.5,41.8765349604246
CBC_1007,CBC_1007_MSI_TV_v3_Vset1_Tset3_2023-06-21_16h50.43.207.csv,4,7,3,2,b,1,0,2,tac,D,63,1,3D,2D,1,0,b,2.32430040000145,1,0,1,1,3D,2D,D32,3.09104245335832,0.5,0.246763239109921,0.5,0.5,0.5,0.5,0.5,0.351257198580984,0.5,0.5,0.753236760890079,0.5,0.5,0.5,0.351257198580984,0.5,0.648742801419016,0.351257198580984,0.5,0.351257198580984,0.398644193266439,0.793885402339642,0.5,0.148742801419016,CBCsimpleRW,CBCdriftDiffusionLR_pwBelief,0.5,0.297485602838032,1.37687200634778,1.75465399285962,2.58193030285429,0.5,41.8765349604246
CBC_1007,CBC_1007_MSI_TV_v3_Vset1_Tset3_2023-06-21_16h50.43.207.csv,4,8,0,1,z,0,1,3,tac,B,63,1,0B,1B,0,1,z,3.3468842000002,0,1,1,1,1B,0B,B01,3.13549421592915,0.5,0.246763239109921,0.5,0.5,0.5,0.5,0.5,0.351257198580984,0.5,0.5,0.753236760890079,0.5,0.5,0.5,0.351257198580984,0.648742801419016,0.5,0.5,0.5,0.5,0.109614201087441,0.499945685786795,0.5,0.148742801419016,CBCsimpleRW,CBCdriftDiffusionLR_pwBelief,0.5,0.297485602838032,1.37687200634778,1.75465399285962,2.58193030285429,0.5,41.8765349604246
CBC_1007,CBC_1007_MSI_TV_v3_Vset1_Tset3_2023-06-21_16h50.43.207.csv,4,9,2,0,z,0,1,0,tac,A,27,1,2A,0A,0,1,z,2.69209190000038,0,1,1,1,0A,2A,A20,3.17805383034795,0.5,0.246763239109921,0.5,0.5,0.5,0.648742801419016,0.5,0.351257198580984,0.5,0.5,0.753236760890079,0.5,0.5,0.5,0.351257198580984,0.648742801419016,0.5,0.5,0.5,0.5,0.177987986908172,0.500573278324135,0.5,0.148742801419016,CBCsimpleRW,CBCdriftDiffusionLR_pwBelief,0.5,0.297485602838032,1.37687200634778,1.75465399285962,2.58193030285429,0.5,41.8765349604246
CBC_1007,CBC_1007_MSI_TV_v3_Vset1_Tset3_2023-06-21_16h50.43.207.csv,4,10,3,0,b,1,0,2,tac,D,9,1,3D,0D,1,0,b,2.17954090000057,1,0,1,1,3D,0D,D30,3.2188758248682,0.648742801419016,0.246763239109921,0.5,0.5,0.5,0.648742801419016,0.5,0.351257198580984,0.5,0.5,0.753236760890079,0.5,0.5,0.5,0.351257198580984,0.648742801419016,0.648742801419016,0.351257198580984,0.648742801419016,0.5,0.445989080712578,0.794122754213223,0.351257198580984,0.104493959471062,CBCsimpleRW,CBCdriftDiffusionLR_pwBelief,0.5,0.297485602838032,1.37687200634778,1.75465399285962,2.58193030285429,0.5,41.8765349604246
CBC_1007,CBC_1007_MSI_TV_v3_Vset1_Tset3_2023-06-21_16h50.43.207.csv,4,11,2,3,b,1,0,1,tac,C,63,1,2C,3C,1,0,b,2.83385510000153,1,0,1,1,2C,3C,C23,3.25809653802148,0.648742801419016,0.246763239109921,0.5,0.5,0.5,0.648742801419016,0.5,0.351257198580984,0.5,0.5,0.753236760890079,0.5,0.5,0.5,0.351257198580984,0.753236760890079,0.753236760890079,0.246763239109921,0.753236760890079,0.5,0.283798833798805,0.908261300556113,0.246763239109921,0.0734085109448805,CBCsimpleRW,CBCdriftDiffusionLR_pwBelief,0.5,0.297485602838032,1.37687200634778,1.75465399285962,2.58193030285429,0.5,41.8765349604246
CBC_1007,CBC_1007_MSI_TV_v3_Vset1_Tset3_2023-06-21_16h50.43.207.csv,4,12,0,1,z,0,1,3,tac,B,63,1,0B,1B,0,1,z,1.85968610000054,0,1,1,1,1B,0B,B01,2.60268968544438,0.648742801419016,0.246763239109921,0.5,0.5,0.5,0.648742801419016,0.5,0.351257198580984,0.5,0.5,0.826645271834959,0.5,0.5,0.5,0.351257198580984,0.753236760890079,0.648742801419016,0.351257198580984,0.648742801419016,0.5,0.502105535176314,0.793858244108777,0.351257198580984,0.104493959471062,CBCsimpleRW,CBCdriftDiffusionLR_pwBelief,0.5,0.297485602838032,1.37687200634778,1.75465399285962,2.58193030285429,0.5,41.8765349604246
CBC_1007,CBC_1007_MSI_TV_v3_Vset1_Tset3_2023-06-21_16h50.43.207.csv,4,13,2,3,z,0,1,2,tac,D,63,1,2D,3D,0,1,z,2.11237790000087,0,1,1,1,3D,2D,D23,2.63905732961526,0.648742801419016,0.246763239109921,0.5,0.5,0.5,0.753236760890079,0.5,0.351257198580984,0.5,0.5,0.826645271834959,0.5,0.5,0.5,0.351257198580984,0.753236760890079,0.849344345508958,0.150655654491042,0.753236760890079,0.351257198580984,0.736203164002878,0.959473005283677,0.246763239109921,0.0734085109448805,CBCsimpleRW,CBCdriftDiffusionLR_pwBelief,0.5,0.297485602838032,1.37687200634778,1.75465399285962,2.58193030285429,0.5,41.8765349604246
CBC_1007,CBC_1007_MSI_TV_v3_Vset1_Tset3_2023-06-21_16h50.43.207.csv,4,14,2,3,b,1,0,1,tac,C,63,1,2C,3C,1,0,b,2.50117239999963,1,0,1,1,2C,3C,C23,2.67414864942653,0.648742801419016,0.246763239109921,0.5,0.5,0.5,0.753236760890079,0.5,0.351257198580984,0.5,0.5,0.826645271834959,0.5,0.5,0.5,0.351257198580984,0.826645271834959,0.826645271834959,0.173354728165041,0.826645271834959,0.5,0.428569446029789,0.950931031478311,0.173354728165041,0.0515705358130004,CBCsimpleRW,CBCdriftDiffusionLR_pwBelief,0.5,0.297485602838032,1.37687200634778,1.75465399285962,2.58193030285429,0.5,41.8765349604246
CBC_1007,CBC_1007_MSI_TV_v3_Vset1_Tset3_2023-06-21_16h50.43.207.csv,4,15,3,1,z,0,1,3,tac,B,27,1,3B,1B,0,1,z,1.75963670000056,0,1,1,1,1B,3B,B31,3.40119738166216,0.648742801419016,0.246763239109921,0.5,0.5,0.5,0.753236760890079,0.5,0.351257198580984,0.5,0.5,0.87821580764796,0.5,0.5,0.5,0.351257198580984,0.826645271834959,0.849344345508958,0.150655654491042,0.753236760890079,0.351257198580984,0.900592562808154,0.959552920218673,0.246763239109921,0.0734085109448805,CBCsimpleRW,CBCdriftDiffusionLR_pwBelief,0.5,0.297485602838032,1.37687200634778,1.75465399285962,2.58193030285429,0.5,41.8765349604246
CBC_1007,CBC_1007_MSI_TV_v3_Vset1_Tset3_2023-06-21_16h50.43.207.csv,4,16,0,3,b,1,0,0,tac,A,9,1,0A,3A,1,0,b,2.71860960000049,1,0,1,1,0A,3A,A03,3.43398720448515,0.648742801419016,0.246763239109921,0.5,0.5,0.5,0.826645271834959,0.5,0.351257198580984,0.5,0.5,0.87821580764796,0.5,0.5,0.5,0.351257198580984,0.826645271834959,0.648742801419016,0.351257198580984,0.648742801419016,0.5,0.284776955374401,0.793408418091284,0.351257198580984,0.104493959471062,CBCsimpleRW,CBCdriftDiffusionLR_pwBelief,0.5,0.297485602838032,1.37687200634778,1.75465399285962,2.58193030285429,0.5,41.8765349604246
CBC_1007,CBC_1007_MSI_TV_v3_Vset1_Tset3_2023-06-21_16h50.43.207.csv,4,17,2,3,z,0,1,2,tac,D,63,1,2D,3D,0,1,z,1.94528710000122,0,1,1,1,3D,2D,D23,2.36712361413162,0.753236760890079,0.246763239109921,0.5,0.5,0.5,0.826645271834959,0.5,0.351257198580984,0.5,0.5,0.87821580764796,0.5,0.5,0.5,0.351257198580984,0.826645271834959,0.898032611889257,0.101967388110743,0.826645271834959,0.351257198580984,0.967774400361838,0.973668412027596,0.173354728165041,0.0515705358130004,CBCsimpleRW,CBCdriftDiffusionLR_pwBelief,0.5,0.297485602838032,1.37687200634778,1.75465399285962,2.58193030285429,0.5,41.8765349604246
CBC_1007,CBC_1007_MSI_TV_v3_Vset1_Tset3_2023-06-21_16h50.43.207.csv,4,18,0,2,z,0,1,1,tac,C,27,1,0C,2C,0,1,z,2.88618900000074,0,1,1,1,2C,0C,C02,2.80336038090653,0.753236760890079,0.246763239109921,0.5,0.5,0.5,0.826645271834959,0.5,0.351257198580984,0.5,0.5,0.87821580764796,0.5,0.5,0.5,0.351257198580984,0.87821580764796,0.87821580764796,0.12178419235204,0.87821580764796,0.5,0.226171119223457,0.968586634446752,0.12178419235204,0.0362290438779896,CBCsimpleRW,CBCdriftDiffusionLR_pwBelief,0.5,0.297485602838032,1.37687200634778,1.75465399285962,2.58193030285429,0.5,41.8765349604246
CBC_1007,CBC_1007_MSI_TV_v3_Vset1_Tset3_2023-06-21_16h50.43.207.csv,4,19,0,1,b,1,0,0,tac,A,63,1,0A,1A,1,0,b,3.09496350000154,1,0,1,1,0A,1A,A01,2.42774823594805,0.753236760890079,0.246763239109921,0.5,0.5,0.5,0.826645271834959,0.5,0.351257198580984,0.5,0.5,0.914444851525949,0.5,0.5,0.5,0.351257198580984,0.87821580764796,0.903077837635262,0.0969221623647383,0.753236760890079,0.246763239109921,0.147243019002732,0.974645674280523,0.246763239109921,0.0734085109448805,CBCsimpleRW,CBCdriftDiffusionLR_pwBelief,0.5,0.297485602838032,1.37687200634778,1.75465399285962,2.58193030285429,0.5,41.8765349604246
CBC_1007,CBC_1007_MSI_TV_v3_Vset1_Tset3_2023-06-21_16h50.43.207.csv,4,20,1,0,b,1,0,3,tac,B,63,0,1B,0B,0,1,b,1.88815800000157,1,0,1,0,1B,0B,B10,3.55534806148941,0.826645271834959,0.246763239109921,0.5,0.5,0.5,0.826645271834959,0.5,0.351257198580984,0.5,0.5,0.914444851525949,0.5,0.5,0.5,0.351257198580984,0.87821580764796,0.826645271834959,0.173354728165041,0.826645271834959,0.5,0.866494695605481,0.950701561150132,-0.826645271834959,-0.245915067025032,CBCsimpleRW,CBCdriftDiffusionLR_pwBelief,0.5,0.297485602838032,1.37687200634778,1.75465399285962,2.58193030285429,0.5,41.8765349604246
CBC_1007,CBC_1007_MSI_TV_v3_Vset1_Tset3_2023-06-21_16h50.43.207.csv,4,21,3,1,b,1,0,2,tac,D,27,1,3D,1D,1,0,b,2.2149129999998,1,0,1,1,3D,1D,D31,3.58351893845611,0.826645271834959,0.246763239109921,0.5,0.5,0.5,0.580730204809927,0.5,0.351257198580984,0.5,0.5,0.914444851525949,0.5,0.5,0.5,0.351257198580984,0.87821580764796,0.87821580764796,0.12178419235204,0.87821580764796,0.5,0.657910968023647,0.968503459409047,0.12178419235204,0.0362290438779896,CBCsimpleRW,CBCdriftDiffusionLR_pwBelief,0.5,0.297485602838032,1.37687200634778,1.75465399285962,2.58193030285429,0.5,41.8765349604246
CBC_1007,CBC_1007_MSI_TV_v3_Vset1_Tset3_2023-06-21_16h50.43.207.csv,4,22,3,2,z,0,1,1,tac,C,63,1,3C,2C,0,1,z,2.16772760000094,0,1,1,1,2C,3C,C32,2.91777073208428,0.826645271834959,0.246763239109921,0.5,0.5,0.5,0.580730204809927,0.5,0.351257198580984,0.5,0.5,0.914444851525949,0.5,0.5,0.5,0.351257198580984,0.914444851525949,0.914444851525949,0.0855551484740508,0.914444851525949,0.5,0.722701494215502,0.97714175261103,0.0855551484740508,0.0254514249197004,CBCsimpleRW,CBCdriftDiffusionLR_pwBelief,0.5,0.297485602838032,1.37687200634778,1.75465399285962,2.58193030285429,0.5,41.8765349604246
CBC_1007,CBC_1007_MSI_TV_v3_Vset1_Tset3_2023-06-21_16h50.43.207.csv,4,23,0,1,z,0,1,3,tac,B,63,1,0B,1B,0,1,z,1.51004510000166,0,1,1,1,1B,0B,B01,2.53897387105828,0.826645271834959,0.246763239109921,0.5,0.5,0.5,0.580730204809927,0.5,0.351257198580984,0.5,0.5,0.93989627644565,0.5,0.5,0.5,0.351257198580984,0.914444851525949,0.580730204809927,0.419269795190073,0.580730204809927,0.5,0.0292417707247184,0.676968341516487,0.419269795190073,0.124726727773897,CBCsimpleRW,CBCdriftDiffusionLR_pwBelief,0.5,0.297485602838032,1.37687200634778,1.75465399285962,2.58193030285429,0.5,41.8765349604246
CBC_1007,CBC_1007_MSI_TV_v3_Vset1_Tset3_2023-06-21_16h50.43.207.csv,4,24,0,2,b,1,0,0,tac,A,27,1,0A,2A,1,0,b,3.10006939999948,1,0,1,1,0A,2A,A02,3.66356164612965,0.826645271834959,0.246763239109921,0.5,0.5,0.5,0.705456932583824,0.5,0.351257198580984,0.5,0.5,0.93989627644565,0.5,0.5,0.5,0.351257198580984,0.914444851525949,0.826645271834959,0.173354728165041,0.826645271834959,0.5,0.186355120330049,0.950670842505878,0.173354728165041,0.0515705358130004,CBCsimpleRW,CBCdriftDiffusionLR_pwBelief,0.5,0.297485602838032,1.37687200634778,1.75465399285962,2.58193030285429,0.5,41.8765349604246
CBC_1007,CBC_1007_MSI_TV_v3_Vset1_Tset3_2023-06-21_16h50.43.207.csv,4,25,3,2,b,1,0,2,tac,D,63,1,3D,2D,1,0,b,2.65758939999978,1,0,1,1,3D,2D,D32,2.99573227355399,0.87821580764796,0.246763239109921,0.5,0.5,0.5,0.705456932583824,0.5,0.351257198580984,0.5,0.5,0.93989627644565,0.5,0.5,0.5,0.351257198580984,0.914444851525949,0.951785211683884,0.0482147883161163,0.914444851525949,0.351257198580984,0.28229707199169,0.983592740556202,0.0855551484740508,0.0254514249197004,CBCsimpleRW,CBCdriftDiffusionLR_pwBelief,0.5,0.297485602838032,1.37687200634778,1.75465399285962,2.58193030285429,0.5,41.8765349604246
CBC_1007,CBC_1007_MSI_TV_v3_Vset1_Tset3_2023-06-21_16h50.43.207.csv,4,26,0,2,z,0,1,1,tac,C,27,1,0C,2C,0,1,z,2.15694570000051,0,1,1,1,2C,0C,C02,2.6149597780362,0.87821580764796,0.246763239109921,0.5,0.5,0.5,0.705456932583824,0.5,0.351257198580984,0.5,0.5,0.93989627644565,0.5,0.5,0.5,0.351257198580984,0.93989627644565,0.93989627644565,0.0601037235543505,0.93989627644565,0.5,0.743478192024424,0.98175503611511,0.0601037235543505,0.0178799924343764,CBCsimpleRW,CBCdriftDiffusionLR_pwBelief,0.5,0.297485602838032,1.37687200634778,1.75465399285962,2.58193030285429,0.5,41.8765349604246
CBC_1007,CBC_1007_MSI_TV_v3_Vset1_Tset3_2023-06-21_16h50.43.207.csv,4,27,0,1,z,0,1,3,tac,B,63,1,0B,1B,0,1,z,1.56764789999943,0,1,1,1,1B,0B,B01,2.35137525716348,0.87821580764796,0.246763239109921,0.5,0.5,0.5,0.705456932583824,0.5,0.351257198580984,0.5,0.5,0.957776268880026,0.5,0.5,0.5,0.351257198580984,0.93989627644565,0.705456932583824,0.294543067416176,0.705456932583824,0.5,0.18907720205295,0.865400323111754,0.294543067416176,0.0876223219720643,CBCsimpleRW,CBCdriftDiffusionLR_pwBelief,0.5,0.297485602838032,1.37687200634778,1.75465399285962,2.58193030285429,0.5,41.8765349604246
CBC_1007,CBC_1007_MSI_TV_v3_Vset1_Tset3_2023-06-21_16h50.43.207.csv,4,28,1,0,z,0,1,0,tac,A,63,1,1A,0A,0,1,z,2.45552660000067,0,1,1,1,0A,1A,A10,3.76120011569356,0.87821580764796,0.246763239109921,0.5,0.5,0.5,0.793079254555889,0.5,0.351257198580984,0.5,0.5,0.957776268880026,0.5,0.5,0.5,0.351257198580984,0.93989627644565,0.956544590627251,0.0434554093727491,0.87821580764796,0.246763239109921,0.41833289209088,0.984231264133566,0.12178419235204,0.0362290438779896,CBCsimpleRW,CBCdriftDiffusionLR_pwBelief,0.5,0.297485602838032,1.37687200634778,1.75465399285962,2.58193030285429,0.5,41.8765349604246
CBC_1007,CBC_1007_MSI_TV_v3_Vset1_Tset3_2023-06-21_16h50.43.207.csv,4,29,2,3,b,1,0,1,tac,C,63,1,2C,3C,1,0,b,2.3321360000009,1,0,1,1,2C,3C,C23,2.68557734525015,0.914444851525949,0.246763239109921,0.5,0.5,0.5,0.793079254555889,0.5,0.351257198580984,0.5,0.5,0.957776268880026,0.5,0.5,0.5,0.351257198580984,0.93989627644565,0.957776268880026,0.042223731119974,0.957776268880026,0.5,0.533210576359927,0.984458376005884,0.042223731119974,0.0125609521062965,CBCsimpleRW,CBCdriftDiffusionLR_pwBelief,0.5,0.297485602838032,1.37687200634778,1.75465399285962,2.58193030285429,0.5,41.8765349604246
CBC_1007,CBC_1007_MSI_TV_v3_Vset1_Tset3_2023-06-21_16h50.43.207.csv,4,30,1,3,z,0,1,2,tac,D,27,1,1D,3D,0,1,z,2.17157860000043,0,1,1,1,3D,1D,D13,3.80666248977032,0.914444851525949,0.246763239109921,0.5,0.5,0.5,0.793079254555889,0.5,0.351257198580984,0.5,0.5,0.970337220986322,0.5,0.5,0.5,0.351257198580984,0.93989627644565,0.93989627644565,0.0601037235543505,0.93989627644565,0.5,0.724558801157147,0.981728739990905,0.0601037235543505,0.0178799924343764,CBCsimpleRW,CBCdriftDiffusionLR_pwBelief,0.5,0.297485602838032,1.37687200634778,1.75465399285962,2.58193030285429,0.5,41.8765349604246
CBC_1007,CBC_1007_MSI_TV_v3_Vset1_Tset3_2023-06-21_16h50.43.207.csv,4,31,0,1,b,1,0,0,tac,A,63,1,0A,1A,1,0,b,2.9246734999997,1,0,1,1,0A,1A,A01,2.4423470353692,0.914444851525949,0.246763239109921,0.5,0.5,0.5,0.793079254555889,0.5,0.351257198580984,0.5,0.5,0.970337220986322,0.5,0.5,0.5,0.351257198580984,0.957776268880026,0.970261013313648,0.0297389866863516,0.914444851525949,0.246763239109921,0.152975496347767,0.986138472200361,0.0855551484740508,0.0254514249197004,CBCsimpleRW,CBCdriftDiffusionLR_pwBelief,0.5,0.297485602838032,1.37687200634778,1.75465399285962,2.58193030285429,0.5,41.8765349604246
CBC_1007,CBC_1007_MSI_TV_v3_Vset1_Tset3_2023-06-21_16h50.43.207.csv,4,32,2,3,z,0,1,2,tac,D,63,1,2D,3D,0,1,z,2.01514750000024,0,1,1,1,3D,2D,D23,2.46385324059017,0.93989627644565,0.246763239109921,0.5,0.5,0.5,0.793079254555889,0.5,0.351257198580984,0.5,0.5,0.970337220986322,0.5,0.5,0.5,0.351257198580984,0.957776268880026,0.976686871021452,0.0233131289785482,0.957776268880026,0.351257198580984,0.970851397079283,0.98680573168376,0.042223731119974,0.0125609521062965,CBCsimpleRW,CBCdriftDiffusionLR_pwBelief,0.5,0.297485602838032,1.37687200634778,1.75465399285962,2.58193030285429,0.5,41.8765349604246
CBC_1007,CBC_1007_MSI_TV_v3_Vset1_Tset3_2023-06-21_16h50.43.207.csv,4,33,1,2,b,1,0,3,tac,B,9,1,1B,2B,1,0,b,1.98820850000084,1,0,1,1,1B,2B,B12,3.87120101090789,0.93989627644565,0.246763239109921,0.5,0.5,0.5,0.793079254555889,0.5,0.351257198580984,0.5,0.5,0.970337220986322,0.5,0.5,0.5,0.351257198580984,0.970337220986322,0.793079254555889,0.206920745444111,0.793079254555889,0.5,0.752122074549692,0.934167970914366,0.206920745444111,0.0615559426981366,CBCsimpleRW,CBCdriftDiffusionLR_pwBelief,0.5,0.297485602838032,1.37687200634778,1.75465399285962,2.58193030285429,0.5,41.8765349604246
CBC_1007,CBC_1007_MSI_TV_v3_Vset1_Tset3_2023-06-21_16h50.43.207.csv,4,34,0,1,b,1,0,0,tac,A,63,1,0A,1A,NaN,NaN,None,NaN,NaN,NaN,NaN,NaN,,,A01,2.28238238567653,0.93989627644565,0.246763239109921,0.5,0.5,0.5,0.854635197254025,0.5,0.351257198580984,0.5,0.5,0.970337220986322,0.5,0.5,0.5,0.351257198580984,0.970337220986322,0,0,0,0,NaN,0,0,0,CBCsimpleRW,CBCdriftDiffusionLR_pwBelief,0.5,0.297485602838032,1.37687200634778,1.75465399285962,2.58193030285429,0.5,41.8765349604246
CBC_1007,CBC_1007_MSI_TV_v3_Vset1_Tset3_2023-06-21_16h50.43.207.csv,4,35,1,2,z,0,1,1,tac,C,9,1,1C,2C,0,1,z,2.00856659999954,0,1,1,1,2C,1C,C12,3.91202300542815,0.93989627644565,0.246763239109921,0.5,0.5,0.5,0.854635197254025,0.5,0.351257198580984,0.5,0.5,0.970337220986322,0.5,0.5,0.5,0.351257198580984,0.970337220986322,0.970337220986322,0.0296627790136775,0.970337220986322,0.5,0.976646319493919,0.98606506457844,0.0296627790136775,0.0088242496967352,CBCsimpleRW,CBCdriftDiffusionLR_pwBelief,0.5,0.297485602838032,1.37687200634778,1.75465399285962,2.58193030285429,0.5,41.8765349604246
CBC_1007,CBC_1007_MSI_TV_v3_Vset1_Tset3_2023-06-21_16h50.43.207.csv,4,36,0,1,z,0,1,3,tac,B,63,1,0B,1B,0,1,z,2.20235330000105,0,1,1,1,1B,0B,B01,2.32238772029023,0.93989627644565,0.246763239109921,0.5,0.5,0.5,0.854635197254025,0.5,0.351257198580984,0.5,0.5,0.979161470683058,0.5,0.5,0.5,0.351257198580984,0.970337220986322,0.854635197254025,0.145364802745975,0.854635197254025,0.5,0.657888379736286,0.961395289591523,0.145364802745975,0.043243935976318,CBCsimpleRW,CBCdriftDiffusionLR_pwBelief,0.5,0.297485602838032,1.37687200634778,1.75465399285962,2.58193030285429,0.5,41.8765349604246
CBC_1007,CBC_1007_MSI_TV_v3_Vset1_Tset3_2023-06-21_16h50.43.207.csv,4,37,1,0,z,0,1,0,tac,A,63,0,1A,0A,1,0,z,1.96928800000205,0,1,1,0,0A,1A,A10,3.25809653802148,0.93989627644565,0.246763239109921,0.5,0.5,0.5,0.897879133230343,0.5,0.351257198580984,0.5,0.5,0.979161470683058,0.5,0.5,0.5,0.351257198580984,0.970337220986322,0.979480526628188,0.0205194733718121,0.93989627644565,0.246763239109921,1.04959034415996,0.987153413009279,-0.93989627644565,-0.279605610403656,CBCsimpleRW,CBCdriftDiffusionLR_pwBelief,0.5,0.297485602838032,1.37687200634778,1.75465399285962,2.58193030285429,0.5,41.8765349604246
CBC_1007,CBC_1007_MSI_TV_v3_Vset1_Tset3_2023-06-21_16h50.43.207.csv,4,38,1,0,b,1,0,3,tac,B,63,1,1B,0B,1,0,b,1.56602320000093,1,0,1,1,1B,0B,B10,3.27714473299218,0.660290666041993,0.246763239109921,0.5,0.5,0.5,0.897879133230343,0.5,0.351257198580984,0.5,0.5,0.979161470683058,0.5,0.5,0.5,0.351257198580984,0.970337220986322,0.897879133230343,0.102120866769657,0.897879133230343,0.5,0.385280588969701,0.973485023589036,0.102120866769657,0.0303794876133138,CBCsimpleRW,CBCdriftDiffusionLR_pwBelief,0.5,0.297485602838032,1.37687200634778,1.75465399285962,2.58193030285429,0.5,41.8765349604246
CBC_1007,CBC_1007_MSI_TV_v3_Vset1_Tset3_2023-06-21_16h50.43.207.csv,4,39,3,1,b,1,0,2,tac,D,27,1,3D,1D,1,0,b,1.96836520000033,1,0,1,1,3D,1D,D31,3.29583686600433,0.660290666041993,0.246763239109921,0.5,0.5,0.5,0.928258620843657,0.5,0.351257198580984,0.5,0.5,0.979161470683058,0.5,0.5,0.5,0.351257198580984,0.970337220986322,0.970337220986322,0.0296627790136775,0.970337220986322,0.5,1.04082599492871,0.986056759672691,0.0296627790136775,0.0088242496967352,CBCsimpleRW,CBCdriftDiffusionLR_pwBelief,0.5,0.297485602838032,1.37687200634778,1.75465399285962,2.58193030285429,0.5,41.8765349604246
CBC_1007,CBC_1007_MSI_TV_v3_Vset1_Tset3_2023-06-21_16h50.43.207.csv,4,40,2,3,b,1,0,1,tac,C,63,1,2C,3C,1,0,b,2.20886940000128,1,0,1,1,2C,3C,C23,2.62103882411258,0.660290666041993,0.246763239109921,0.5,0.5,0.5,0.928258620843657,0.5,0.351257198580984,0.5,0.5,0.979161470683058,0.5,0.5,0.5,0.351257198580984,0.979161470683058,0.979161470683058,0.0208385293169423,0.979161470683058,0.5,0.673300091779774,0.987118690214425,0.0208385293169423,0.00619916245610859,CBCsimpleRW,CBCdriftDiffusionLR_pwBelief,0.5,0.297485602838032,1.37687200634778,1.75465399285962,2.58193030285429,0.5,41.8765349604246
CBC_1007,CBC_1007_MSI_TV_v3_Vset1_Tset3_2023-06-21_16h50.43.207.csv,4,41,2,0,z,0,1,0,tac,A,27,1,2A,0A,0,1,z,2.26000190000195,0,1,1,1,0A,2A,A20,3.3322045101752,0.660290666041993,0.246763239109921,0.5,0.5,0.5,0.928258620843657,0.5,0.351257198580984,0.5,0.5,0.985360633139166,0.5,0.5,0.5,0.351257198580984,0.979161470683058,0.660290666041993,0.339709333958007,0.660290666041993,0.5,0.433612517431493,0.810466838780407,0.339709333958007,0.101058636002204,CBCsimpleRW,CBCdriftDiffusionLR_pwBelief,0.5,0.297485602838032,1.37687200634778,1.75465399285962,2.58193030285429,0.5,41.8765349604246
CBC_1007,CBC_1007_MSI_TV_v3_Vset1_Tset3_2023-06-21_16h50.43.207.csv,4,42,3,2,b,1,0,2,tac,D,63,1,3D,2D,1,0,b,2.15760820000105,1,0,1,1,3D,2D,D32,2.94443897916644,0.761349302044197,0.246763239109921,0.5,0.5,0.5,0.928258620843657,0.5,0.351257198580984,0.5,0.5,0.985360633139166,0.5,0.5,0.5,0.351257198580984,0.979161470683058,0.988608270339068,0.0113917296609319,0.979161470683058,0.351257198580984,0.74504897559583,0.988184330376785,0.0208385293169423,0.00619916245610859,CBCsimpleRW,CBCdriftDiffusionLR_pwBelief,0.5,0.297485602838032,1.37687200634778,1.75465399285962,2.58193030285429,0.5,41.8765349604246
CBC_1007,CBC_1007_MSI_TV_v3_Vset1_Tset3_2023-06-21_16h50.43.207.csv,4,43,3,1,z,0,1,3,tac,B,27,1,3B,1B,0,1,z,2.22163330000149,0,1,1,1,1B,3B,B31,3.36729582998647,0.761349302044197,0.246763239109921,0.5,0.5,0.5,0.928258620843657,0.5,0.351257198580984,0.5,0.5,0.985360633139166,0.5,0.5,0.5,0.351257198580984,0.985360633139166,0.959834802713992,0.040165197286008,0.928258620843657,0.351257198580984,0.660538986885636,0.984725673663947,0.071741379156343,0.0213420274267566,CBCsimpleRW,CBCdriftDiffusionLR_pwBelief,0.5,0.297485602838032,1.37687200634778,1.75465399285962,2.58193030285429,0.5,41.8765349604246
CBC_1007,CBC_1007_MSI_TV_v3_Vset1_Tset3_2023-06-21_16h50.43.207.csv,4,44,2,3,b,1,0,1,tac,C,63,1,2C,3C,1,0,b,3.06092380000155,1,0,1,1,2C,3C,C23,2.46809953147162,0.761349302044197,0.246763239109921,0.5,0.5,0.5,0.949600648270414,0.5,0.351257198580984,0.5,0.5,0.985360633139166,0.5,0.5,0.5,0.351257198580984,0.985360633139166,0.985360633139166,0.0146393668608337,0.985360633139166,0.5,0.106087546877346,0.987852457171604,0.0146393668608337,0.00435500087576222,CBCsimpleRW,CBCdriftDiffusionLR_pwBelief,0.5,0.297485602838032,1.37687200634778,1.75465399285962,2.58193030285429,0.5,41.8765349604246
