ID,filename,session,trial,visStimLeft,visStimRight,correctKey,leftCorrect,rightCorrect,secondStim,mod2Type,mod2Stim,frequency,rewardAccurate,stimPairLeft,stimPairRight,pCorrectLeft,pCorrectRight,key,reactionTime,choiceLeft,choiceRight,choiceAccurate,reward,chosenPair,otherPair,triplet,surprise,0A belief,1A belief,2A belief,3A belief,0B belief,1B belief,2B belief,3B belief,0C belief,1C belief,2C belief,3C belief,0D belief,1D belief,2D belief,3D belief,beliefPairNorm,beliefOtherPairNorm,beliefPair,beliefOtherPair,lik,corrLik,rewardPE,update2,fit_percModel,fit_respModel,fit_startBelief,fit_alpha1,fit_alpha12,fit_nonDecisionTime,fit_weight,fit_startingBoundary,fit_startingPoint,fit_NLL
CBC_1007,CBC_1007_MSI_AV_v3_Vset2_Aset1_2023-06-21_15h59.48.192.csv,1,1,0,1,z,0,1,3,aud,B,63,1,0B,1B,0,1,b,2.25464279999869,1,0,0,0,0B,1B,B01,2.77258872223978,0.5,0.5,0.5,0.5,0.5,0.5,0.5,0.5,0.5,0.5,0.5,0.5,0.5,0.5,0.5,0.5,0.5,0.5,0.5,0.5,0.159285026511708,0.499707979935607,-0.5,-0.00048420048946235,CBCsimpleAsymRW,CBCdriftDiffusionLR,0.5,0.354451209884506,0.000968400978924699,0.839619438719281,5.34274730498376,2.31755708628604,0.5,39.4932059483106
CBC_1007,CBC_1007_MSI_AV_v3_Vset2_Aset1_2023-06-21_15h59.48.192.csv,1,2,0,1,b,1,0,0,aud,A,63,1,0A,1A,1,0,z,1.56986979999965,0,1,0,0,1A,0A,A01,2.83321334405622,0.5,0.5,0.5,0.5,0.499515799510538,0.5,0.5,0.5,0.5,0.5,0.5,0.5,0.5,0.5,0.5,0.5,0.5,0.5,0.5,0.5,0.295047604312137,0.500355131271243,-0.5,-0.00048420048946235,CBCsimpleAsymRW,CBCdriftDiffusionLR,0.5,0.354451209884506,0.000968400978924699,0.839619438719281,5.34274730498376,2.31755708628604,0.5,39.4932059483106
CBC_1007,CBC_1007_MSI_AV_v3_Vset2_Aset1_2023-06-21_15h59.48.192.csv,1,3,2,3,z,0,1,2,aud,D,63,1,2D,3D,0,1,z,2.18656360000023,0,1,1,1,3D,2D,D23,2.89037175789616,0.5,0.499515799510538,0.5,0.5,0.499515799510538,0.5,0.5,0.5,0.5,0.5,0.5,0.5,0.5,0.5,0.5,0.5,0.5,0.5,0.5,0.5,0.169672349008126,0.500049807453685,0.5,0.177225604942253,CBCsimpleAsymRW,CBCdriftDiffusionLR,0.5,0.354451209884506,0.000968400978924699,0.839619438719281,5.34274730498376,2.31755708628604,0.5,39.4932059483106
CBC_1007,CBC_1007_MSI_AV_v3_Vset2_Aset1_2023-06-21_15h59.48.192.csv,1,4,2,1,z,0,1,3,aud,B,9,1,2B,1B,0,1,b,2.28754330000083,1,0,0,0,2B,1B,B21,2.94443897916644,0.5,0.499515799510538,0.5,0.5,0.499515799510538,0.5,0.5,0.5,0.5,0.5,0.5,0.5,0.5,0.5,0.5,0.677225604942253,0.5,0.5,0.5,0.5,0.154673847734914,0.500123912382461,-0.5,-0.00048420048946235,CBCsimpleAsymRW,CBCdriftDiffusionLR,0.5,0.354451209884506,0.000968400978924699,0.839619438719281,5.34274730498376,2.31755708628604,0.5,39.4932059483106
CBC_1007,CBC_1007_MSI_AV_v3_Vset2_Aset1_2023-06-21_15h59.48.192.csv,1,5,0,2,b,1,0,0,aud,A,27,1,0A,2A,1,0,z,2.41652909999902,0,1,0,0,2A,0A,A02,2.99573227355399,0.5,0.499515799510538,0.5,0.5,0.499515799510538,0.5,0.499515799510538,0.5,0.5,0.5,0.5,0.5,0.5,0.5,0.5,0.677225604942253,0.5,0.5,0.5,0.5,0.13754797492621,0.500683964334804,-0.5,-0.00048420048946235,CBCsimpleAsymRW,CBCdriftDiffusionLR,0.5,0.354451209884506,0.000968400978924699,0.839619438719281,5.34274730498376,2.31755708628604,0.5,39.4932059483106
CBC_1007,CBC_1007_MSI_AV_v3_Vset2_Aset1_2023-06-21_15h59.48.192.csv,1,6,2,3,b,1,0,1,aud,C,63,1,2C,3C,1,0,b,2.19427229999928,1,0,1,1,2C,3C,C23,3.04452243772342,0.5,0.499515799510538,0.499515799510538,0.5,0.499515799510538,0.5,0.499515799510538,0.5,0.5,0.5,0.5,0.5,0.5,0.5,0.5,0.677225604942253,0.5,0.5,0.5,0.5,0.168399223055842,0.499821104847857,0.5,0.177225604942253,CBCsimpleAsymRW,CBCdriftDiffusionLR,0.5,0.354451209884506,0.000968400978924699,0.839619438719281,5.34274730498376,2.31755708628604,0.5,39.4932059483106
CBC_1007,CBC_1007_MSI_AV_v3_Vset2_Aset1_2023-06-21_15h59.48.192.csv,1,7,1,3,z,0,1,2,aud,D,27,1,1D,3D,0,1,z,1.58380880000186,0,1,1,1,3D,1D,D13,3.09104245335832,0.5,0.499515799510538,0.499515799510538,0.5,0.499515799510538,0.5,0.499515799510538,0.5,0.5,0.5,0.677225604942253,0.5,0.5,0.5,0.5,0.677225604942253,0.575272574856604,0.424727425143396,0.677225604942253,0.5,0.581727522740343,0.865620958040369,0.322774395057747,0.114407774847958,CBCsimpleAsymRW,CBCdriftDiffusionLR,0.5,0.354451209884506,0.000968400978924699,0.839619438719281,5.34274730498376,2.31755708628604,0.5,39.4932059483106
CBC_1007,CBC_1007_MSI_AV_v3_Vset2_Aset1_2023-06-21_15h59.48.192.csv,1,8,1,0,z,0,1,0,aud,A,63,1,1A,0A,0,1,b,1.65568639999947,1,0,0,0,1A,0A,A10,3.13549421592915,0.5,0.499515799510538,0.499515799510538,0.5,0.499515799510538,0.5,0.499515799510538,0.5,0.5,0.5,0.677225604942253,0.5,0.5,0.5,0.5,0.791633379790211,0.499757782473424,0.500242217526576,0.499515799510538,0.5,0.274057412298339,0.499569231783424,-0.499515799510538,-0.000483731589234359,CBCsimpleAsymRW,CBCdriftDiffusionLR,0.5,0.354451209884506,0.000968400978924699,0.839619438719281,5.34274730498376,2.31755708628604,0.5,39.4932059483106
CBC_1007,CBC_1007_MSI_AV_v3_Vset2_Aset1_2023-06-21_15h59.48.192.csv,1,9,2,0,b,1,0,1,aud,C,27,1,2C,0C,1,0,b,3.50904509999964,1,0,1,1,2C,0C,C20,3.17805383034795,0.5,0.499032067921303,0.499515799510538,0.5,0.499515799510538,0.5,0.499515799510538,0.5,0.5,0.5,0.677225604942253,0.5,0.5,0.5,0.5,0.791633379790211,0.575272574856604,0.424727425143396,0.677225604942253,0.5,0.053956487877493,0.865562305987659,0.322774395057747,0.114407774847958,CBCsimpleAsymRW,CBCdriftDiffusionLR,0.5,0.354451209884506,0.000968400978924699,0.839619438719281,5.34274730498376,2.31755708628604,0.5,39.4932059483106
CBC_1007,CBC_1007_MSI_AV_v3_Vset2_Aset1_2023-06-21_15h59.48.192.csv,1,10,2,3,z,0,1,2,aud,D,63,1,2D,3D,0,1,z,1.15311800000018,0,1,1,1,3D,2D,D23,2.52572864430826,0.5,0.499032067921303,0.499515799510538,0.5,0.499515799510538,0.5,0.499515799510538,0.5,0.5,0.5,0.791633379790211,0.5,0.5,0.5,0.5,0.791633379790211,0.612893249877755,0.387106750122245,0.791633379790211,0.5,0.99441407489202,0.942098441056492,0.208366620209789,0.0738558006329051,CBCsimpleAsymRW,CBCdriftDiffusionLR,0.5,0.354451209884506,0.000968400978924699,0.839619438719281,5.34274730498376,2.31755708628604,0.5,39.4932059483106
CBC_1007,CBC_1007_MSI_AV_v3_Vset2_Aset1_2023-06-21_15h59.48.192.csv,1,11,1,0,b,1,0,3,aud,B,63,0,1B,0B,0,1,b,2.48599909999939,1,0,1,0,1B,0B,B10,3.25809653802148,0.5,0.499032067921303,0.499515799510538,0.5,0.499515799510538,0.5,0.499515799510538,0.5,0.5,0.5,0.791633379790211,0.5,0.5,0.5,0.5,0.865489180423116,0.500242217526576,0.499757782473424,0.5,0.499515799510538,0.129402394711831,0.502073815869354,-0.5,-0.00048420048946235,CBCsimpleAsymRW,CBCdriftDiffusionLR,0.5,0.354451209884506,0.000968400978924699,0.839619438719281,5.34274730498376,2.31755708628604,0.5,39.4932059483106
CBC_1007,CBC_1007_MSI_AV_v3_Vset2_Aset1_2023-06-21_15h59.48.192.csv,1,12,0,1,b,1,0,0,aud,A,63,1,0A,1A,NaN,NaN,[],NaN,NaN,NaN,NaN,NaN,,,A01,2.60268968544438,0.5,0.499032067921303,0.499515799510538,0.5,0.499515799510538,0.499515799510538,0.499515799510538,0.5,0.5,0.5,0.791633379790211,0.5,0.5,0.5,0.5,0.865489180423116,0,0,0,0,NaN,0,0,0,CBCsimpleAsymRW,CBCdriftDiffusionLR,0.5,0.354451209884506,0.000968400978924699,0.839619438719281,5.34274730498376,2.31755708628604,0.5,39.4932059483106
CBC_1007,CBC_1007_MSI_AV_v3_Vset2_Aset1_2023-06-21_15h59.48.192.csv,1,13,2,3,z,0,1,2,aud,D,63,1,2D,3D,0,1,z,1.0379326000002,0,1,1,1,3D,2D,D23,2.23359222150709,0.5,0.499032067921303,0.499515799510538,0.5,0.499515799510538,0.499515799510538,0.499515799510538,0.5,0.5,0.5,0.791633379790211,0.5,0.5,0.5,0.5,0.865489180423116,0.633830859176,0.366169140824,0.865489180423116,0.5,0.758322138436282,0.964842134213824,0.134510819576884,0.047677522741583,CBCsimpleAsymRW,CBCdriftDiffusionLR,0.5,0.354451209884506,0.000968400978924699,0.839619438719281,5.34274730498376,2.31755708628604,0.5,39.4932059483106
CBC_1007,CBC_1007_MSI_AV_v3_Vset2_Aset1_2023-06-21_15h59.48.192.csv,1,14,2,0,b,1,0,1,aud,C,27,1,2C,0C,1,0,b,1.70076030000018,1,0,1,1,2C,0C,C20,2.67414864942653,0.5,0.499032067921303,0.499515799510538,0.5,0.499515799510538,0.499515799510538,0.499515799510538,0.5,0.5,0.5,0.791633379790211,0.5,0.5,0.5,0.5,0.913166703164699,0.612893249877755,0.387106750122245,0.791633379790211,0.5,0.570314972036537,0.942443509628277,0.208366620209789,0.0738558006329051,CBCsimpleAsymRW,CBCdriftDiffusionLR,0.5,0.354451209884506,0.000968400978924699,0.839619438719281,5.34274730498376,2.31755708628604,0.5,39.4932059483106
CBC_1007,CBC_1007_MSI_AV_v3_Vset2_Aset1_2023-06-21_15h59.48.192.csv,1,15,0,1,b,1,0,0,aud,A,63,1,0A,1A,1,0,b,1.61453559999973,1,0,1,1,0A,1A,A01,2.30258509299405,0.5,0.499032067921303,0.499515799510538,0.5,0.499515799510538,0.499515799510538,0.499515799510538,0.5,0.5,0.5,0.865489180423116,0.5,0.5,0.5,0.5,0.913166703164699,0.500484434939466,0.499515565060534,0.5,0.499032067921303,0.286314142894557,0.503876648291796,0.5,0.177225604942253,CBCsimpleAsymRW,CBCdriftDiffusionLR,0.5,0.354451209884506,0.000968400978924699,0.839619438719281,5.34274730498376,2.31755708628604,0.5,39.4932059483106
CBC_1007,CBC_1007_MSI_AV_v3_Vset2_Aset1_2023-06-21_15h59.48.192.csv,1,16,1,3,b,1,0,3,aud,B,27,1,1B,3B,1,0,z,1.10762390000127,0,1,0,0,3B,1B,B13,3.43398720448515,0.677225604942253,0.499032067921303,0.499515799510538,0.5,0.499515799510538,0.499515799510538,0.499515799510538,0.5,0.5,0.5,0.865489180423116,0.5,0.5,0.5,0.5,0.913166703164699,0.500242217526576,0.499757782473424,0.5,0.499515799510538,0.27304974767908,0.501733220897937,-0.5,-0.00048420048946235,CBCsimpleAsymRW,CBCdriftDiffusionLR,0.5,0.354451209884506,0.000968400978924699,0.839619438719281,5.34274730498376,2.31755708628604,0.5,39.4932059483106
CBC_1007,CBC_1007_MSI_AV_v3_Vset2_Aset1_2023-06-21_15h59.48.192.csv,1,17,3,2,z,0,1,1,aud,C,63,1,3C,2C,0,1,z,2.65874840000106,0,1,1,1,2C,3C,C32,3.46573590279973,0.677225604942253,0.499032067921303,0.499515799510538,0.5,0.499515799510538,0.499515799510538,0.499515799510538,0.499515799510538,0.5,0.5,0.865489180423116,0.5,0.5,0.5,0.5,0.913166703164699,0.633830859176,0.366169140824,0.865489180423116,0.5,0.0898066377081375,0.964882932086165,0.134510819576884,0.047677522741583,CBCsimpleAsymRW,CBCdriftDiffusionLR,0.5,0.354451209884506,0.000968400978924699,0.839619438719281,5.34274730498376,2.31755708628604,0.5,39.4932059483106
CBC_1007,CBC_1007_MSI_AV_v3_Vset2_Aset1_2023-06-21_15h59.48.192.csv,1,18,2,3,z,0,1,2,aud,D,63,0,2D,3D,1,0,z,1.24820399999953,0,1,1,0,3D,2D,D23,2.11021320034659,0.677225604942253,0.499032067921303,0.499515799510538,0.5,0.499515799510538,0.499515799510538,0.499515799510538,0.499515799510538,0.5,0.5,0.913166703164699,0.5,0.5,0.5,0.5,0.913166703164699,0.646184700729022,0.353815299270978,0.913166703164699,0.5,1.26968207345676,0.973846755900008,-0.913166703164699,-0.000884311529266135,CBCsimpleAsymRW,CBCdriftDiffusionLR,0.5,0.354451209884506,0.000968400978924699,0.839619438719281,5.34274730498376,2.31755708628604,0.5,39.4932059483106
CBC_1007,CBC_1007_MSI_AV_v3_Vset2_Aset1_2023-06-21_15h59.48.192.csv,1,19,1,0,b,1,0,3,aud,B,63,1,1B,0B,1,0,z,2.7564556999987,0,1,0,0,0B,1B,B10,2.83321334405622,0.677225604942253,0.499032067921303,0.499515799510538,0.5,0.499515799510538,0.499515799510538,0.499515799510538,0.499515799510538,0.5,0.5,0.913166703164699,0.5,0.5,0.5,0.5,0.912282391635433,0.5,0.5,0.499515799510538,0.499515799510538,0.10049256931482,0.4998841304196,-0.499515799510538,-0.000483731589234359,CBCsimpleAsymRW,CBCdriftDiffusionLR,0.5,0.354451209884506,0.000968400978924699,0.839619438719281,5.34274730498376,2.31755708628604,0.5,39.4932059483106
CBC_1007,CBC_1007_MSI_AV_v3_Vset2_Aset1_2023-06-21_15h59.48.192.csv,1,20,2,0,z,0,1,0,aud,A,27,1,2A,0A,0,1,z,2.09992280000006,0,1,1,1,0A,2A,A20,3.55534806148941,0.677225604942253,0.499032067921303,0.499515799510538,0.5,0.499032067921303,0.499515799510538,0.499515799510538,0.499515799510538,0.5,0.5,0.913166703164699,0.5,0.5,0.5,0.5,0.912282391635433,0.575509285540248,0.424490714459753,0.677225604942253,0.499515799510538,0.310485777606101,0.866775245143032,0.322774395057747,0.114407774847958,CBCsimpleAsymRW,CBCdriftDiffusionLR,0.5,0.354451209884506,0.000968400978924699,0.839619438719281,5.34274730498376,2.31755708628604,0.5,39.4932059483106
CBC_1007,CBC_1007_MSI_AV_v3_Vset2_Aset1_2023-06-21_15h59.48.192.csv,1,21,0,3,z,0,1,2,aud,D,9,1,0D,3D,0,1,z,1.40507149999939,0,1,1,1,3D,0D,D03,3.58351893845611,0.791633379790211,0.499032067921303,0.499515799510538,0.5,0.499032067921303,0.499515799510538,0.499515799510538,0.499515799510538,0.5,0.5,0.913166703164699,0.5,0.5,0.5,0.5,0.912282391635433,0.645963156546194,0.354036843453806,0.912282391635433,0.5,1.01543043527588,0.973713555033781,0.0877176083645671,0.0310916124129961,CBCsimpleAsymRW,CBCdriftDiffusionLR,0.5,0.354451209884506,0.000968400978924699,0.839619438719281,5.34274730498376,2.31755708628604,0.5,39.4932059483106
CBC_1007,CBC_1007_MSI_AV_v3_Vset2_Aset1_2023-06-21_15h59.48.192.csv,1,22,2,3,b,1,0,1,aud,C,63,1,2C,3C,1,0,b,1.32206819999919,1,0,1,1,2C,3C,C23,2.91777073208428,0.791633379790211,0.499032067921303,0.499515799510538,0.5,0.499032067921303,0.499515799510538,0.499515799510538,0.499515799510538,0.5,0.5,0.913166703164699,0.5,0.5,0.5,0.5,0.943374004048429,0.646184700729022,0.353815299270978,0.913166703164699,0.5,1.16466417434742,0.974044631897324,0.0868332968353009,0.0307781671215329,CBCsimpleAsymRW,CBCdriftDiffusionLR,0.5,0.354451209884506,0.000968400978924699,0.839619438719281,5.34274730498376,2.31755708628604,0.5,39.4932059483106
CBC_1007,CBC_1007_MSI_AV_v3_Vset2_Aset1_2023-06-21_15h59.48.192.csv,1,23,3,1,z,0,1,3,aud,B,27,1,3B,1B,0,1,z,2.25454490000084,0,1,1,1,1B,3B,B31,3.63758615972639,0.791633379790211,0.499032067921303,0.499515799510538,0.5,0.499032067921303,0.499515799510538,0.499515799510538,0.499515799510538,0.5,0.5,0.943944870286232,0.5,0.5,0.5,0.5,0.943374004048429,0.5,0.5,0.499515799510538,0.499515799510538,0.159456899110802,0.500202213816075,0.500484200489462,0.17739723039157,CBCsimpleAsymRW,CBCdriftDiffusionLR,0.5,0.354451209884506,0.000968400978924699,0.839619438719281,5.34274730498376,2.31755708628604,0.5,39.4932059483106
CBC_1007,CBC_1007_MSI_AV_v3_Vset2_Aset1_2023-06-21_15h59.48.192.csv,1,24,3,2,z,0,1,1,aud,C,63,1,3C,2C,0,1,z,1.90126140000029,0,1,1,1,2C,3C,C32,2.9704144655697,0.791633379790211,0.499032067921303,0.499515799510538,0.5,0.499032067921303,0.676913029902107,0.499515799510538,0.499515799510538,0.5,0.5,0.943944870286232,0.5,0.5,0.5,0.5,0.943374004048429,0.65372639199107,0.34627360800893,0.943944870286232,0.5,0.35270424587551,0.978295809151585,0.056055129713768,0.019868808547278,CBCsimpleAsymRW,CBCdriftDiffusionLR,0.5,0.354451209884506,0.000968400978924699,0.839619438719281,5.34274730498376,2.31755708628604,0.5,39.4932059483106
CBC_1007,CBC_1007_MSI_AV_v3_Vset2_Aset1_2023-06-21_15h59.48.192.csv,1,25,2,3,z,0,1,2,aud,D,63,1,2D,3D,0,1,z,1.29213069999969,0,1,1,1,3D,2D,D23,2.07944154167984,0.791633379790211,0.499032067921303,0.499515799510538,0.5,0.499032067921303,0.676913029902107,0.499515799510538,0.499515799510538,0.5,0.5,0.96381367883351,0.5,0.5,0.5,0.5,0.943374004048429,0.653589437943609,0.346410562056391,0.943374004048429,0.5,1.25487497324694,0.978259211980652,0.056625995951571,0.0200711527759495,CBCsimpleAsymRW,CBCdriftDiffusionLR,0.5,0.354451209884506,0.000968400978924699,0.839619438719281,5.34274730498376,2.31755708628604,0.5,39.4932059483106
CBC_1007,CBC_1007_MSI_AV_v3_Vset2_Aset1_2023-06-21_15h59.48.192.csv,1,26,1,0,b,1,0,3,aud,B,63,1,1B,0B,1,0,b,1.45747579999988,1,0,1,1,1B,0B,B10,2.6149597780362,0.791633379790211,0.499032067921303,0.499515799510538,0.5,0.499032067921303,0.676913029902107,0.499515799510538,0.499515799510538,0.5,0.5,0.96381367883351,0.5,0.5,0.5,0.5,0.963445156824378,0.575633191681333,0.424366808318667,0.676913029902107,0.499032067921303,0.669741704005806,0.867159799504648,0.323086970097893,0.114518567449117,CBCsimpleAsymRW,CBCdriftDiffusionLR,0.5,0.354451209884506,0.000968400978924699,0.839619438719281,5.34274730498376,2.31755708628604,0.5,39.4932059483106
CBC_1007,CBC_1007_MSI_AV_v3_Vset2_Aset1_2023-06-21_15h59.48.192.csv,1,27,0,3,b,1,0,0,aud,A,9,1,0A,3A,1,0,b,1.81029519999902,1,0,1,1,0A,3A,A03,3.73766961828337,0.791633379790211,0.499032067921303,0.499515799510538,0.5,0.499032067921303,0.791431597351225,0.499515799510538,0.499515799510538,0.5,0.5,0.96381367883351,0.5,0.5,0.5,0.5,0.963445156824378,0.612893249877755,0.387106750122245,0.791633379790211,0.5,0.477623857162548,0.942430142853261,0.208366620209789,0.0738558006329051,CBCsimpleAsymRW,CBCdriftDiffusionLR,0.5,0.354451209884506,0.000968400978924699,0.839619438719281,5.34274730498376,2.31755708628604,0.5,39.4932059483106
CBC_1007,CBC_1007_MSI_AV_v3_Vset2_Aset1_2023-06-21_15h59.48.192.csv,1,28,2,3,z,0,1,2,aud,D,63,1,2D,3D,0,1,z,0.982733799999551,0,1,1,1,3D,2D,D23,1.96944064646551,0.865489180423116,0.499032067921303,0.499515799510538,0.5,0.499032067921303,0.791431597351225,0.499515799510538,0.499515799510538,0.5,0.5,0.96381367883351,0.5,0.5,0.5,0.5,0.963445156824378,0.658340459382174,0.341659540617826,0.963445156824378,0.5,0.453504106680446,0.980574627717148,0.0365548431756215,0.0129569083907374,CBCsimpleAsymRW,CBCdriftDiffusionLR,0.5,0.354451209884506,0.000968400978924699,0.839619438719281,5.34274730498376,2.31755708628604,0.5,39.4932059483106
CBC_1007,CBC_1007_MSI_AV_v3_Vset2_Aset1_2023-06-21_15h59.48.192.csv,1,29,2,0,b,1,0,1,aud,C,27,1,2C,0C,1,0,b,2.22869250000076,1,0,1,1,2C,0C,C20,2.68557734525015,0.865489180423116,0.499032067921303,0.499515799510538,0.5,0.499032067921303,0.791431597351225,0.499515799510538,0.499515799510538,0.5,0.5,0.96381367883351,0.5,0.5,0.5,0.5,0.976402065215116,0.658426473785624,0.341573526214376,0.96381367883351,0.5,0.158404381702949,0.980652616836979,0.03618632116649,0.0128262853187317,CBCsimpleAsymRW,CBCdriftDiffusionLR,0.5,0.354451209884506,0.000968400978924699,0.839619438719281,5.34274730498376,2.31755708628604,0.5,39.4932059483106
CBC_1007,CBC_1007_MSI_AV_v3_Vset2_Aset1_2023-06-21_15h59.48.192.csv,1,30,1,0,z,0,1,0,aud,A,63,0,1A,0A,1,0,z,1.40140400000018,0,1,1,0,0A,1A,A10,3.11351530921037,0.865489180423116,0.499032067921303,0.499515799510538,0.5,0.499032067921303,0.791431597351225,0.499515799510538,0.499515799510538,0.5,0.5,0.976639964152242,0.5,0.5,0.5,0.5,0.976402065215116,0.634280471244562,0.365719528755438,0.865489180423116,0.499032067921303,0.982377176740068,0.965236576585419,-0.865489180423116,-0.000838140569570481,CBCsimpleAsymRW,CBCdriftDiffusionLR,0.5,0.354451209884506,0.000968400978924699,0.839619438719281,5.34274730498376,2.31755708628604,0.5,39.4932059483106
CBC_1007,CBC_1007_MSI_AV_v3_Vset2_Aset1_2023-06-21_15h59.48.192.csv,1,31,1,0,b,1,0,3,aud,B,63,1,1B,0B,1,0,b,2.32691349999914,1,0,1,1,1B,0B,B10,2.4423470353692,0.864651039853546,0.499032067921303,0.499515799510538,0.5,0.499032067921303,0.791431597351225,0.499515799510538,0.499515799510538,0.5,0.5,0.976639964152242,0.5,0.5,0.5,0.5,0.976402065215116,0.613292430193364,0.386707569806636,0.791431597351225,0.499032067921303,0.204048866731066,0.94288632793868,0.208568402648775,0.0739273226625373,CBCsimpleAsymRW,CBCdriftDiffusionLR,0.5,0.354451209884506,0.000968400978924699,0.839619438719281,5.34274730498376,2.31755708628604,0.5,39.4932059483106
CBC_1007,CBC_1007_MSI_AV_v3_Vset2_Aset1_2023-06-21_15h59.48.192.csv,1,32,3,1,b,1,0,2,aud,D,27,1,3D,1D,1,0,b,1.18379920000007,1,0,1,1,3D,1D,D31,3.85014760171006,0.864651039853546,0.499032067921303,0.499515799510538,0.5,0.499032067921303,0.865358920013762,0.499515799510538,0.499515799510538,0.5,0.5,0.976639964152242,0.5,0.5,0.5,0.5,0.976402065215116,0.661338864405376,0.338661135594625,0.976402065215116,0.5,1.43999543818147,0.981988111764473,0.0235979347848841,0.00836431653527786,CBCsimpleAsymRW,CBCdriftDiffusionLR,0.5,0.354451209884506,0.000968400978924699,0.839619438719281,5.34274730498376,2.31755708628604,0.5,39.4932059483106
CBC_1007,CBC_1007_MSI_AV_v3_Vset2_Aset1_2023-06-21_15h59.48.192.csv,1,33,3,2,z,0,1,1,aud,C,63,1,3C,2C,0,1,z,1.52717080000184,0,1,1,1,2C,3C,C32,2.77258872223978,0.864651039853546,0.499032067921303,0.499515799510538,0.5,0.499032067921303,0.865358920013762,0.499515799510538,0.499515799510538,0.5,0.5,0.976639964152242,0.5,0.5,0.5,0.5,0.984766381750394,0.66139342552126,0.33860657447874,0.976639964152242,0.5,0.809452773612942,0.981970981745427,0.0233600358477584,0.00827999296918339,CBCsimpleAsymRW,CBCdriftDiffusionLR,0.5,0.354451209884506,0.000968400978924699,0.839619438719281,5.34274730498376,2.31755708628604,0.5,39.4932059483106
CBC_1007,CBC_1007_MSI_AV_v3_Vset2_Aset1_2023-06-21_15h59.48.192.csv,1,34,1,0,b,1,0,3,aud,B,63,1,1B,0B,1,0,z,1.65293300000121,0,1,0,0,0B,1B,B10,2.28238238567653,0.864651039853546,0.499032067921303,0.499515799510538,0.5,0.499032067921303,0.865358920013762,0.499515799510538,0.499515799510538,0.5,0.5,0.984919957121425,0.5,0.5,0.5,0.5,0.984766381750394,0.365754444535406,0.634245555464594,0.499032067921303,0.865358920013762,0.0226141098779946,0.0347751274006569,-0.499032067921303,-0.000483263143089807,CBCsimpleAsymRW,CBCdriftDiffusionLR,0.5,0.354451209884506,0.000968400978924699,0.839619438719281,5.34274730498376,2.31755708628604,0.5,39.4932059483106
CBC_1007,CBC_1007_MSI_AV_v3_Vset2_Aset1_2023-06-21_15h59.48.192.csv,1,35,0,1,b,1,0,0,aud,A,63,1,0A,1A,1,0,b,1.66228700000102,1,0,1,1,0A,1A,A01,2.52572864430826,0.864651039853546,0.499032067921303,0.499515799510538,0.5,0.498548804778213,0.865358920013762,0.499515799510538,0.499515799510538,0.5,0.5,0.984919957121425,0.5,0.5,0.5,0.5,0.984766381750394,0.634055694408663,0.365944305591337,0.864651039853546,0.499032067921303,0.616683826221432,0.965121121608598,0.135348960146454,0.0479746026805205,CBCsimpleAsymRW,CBCdriftDiffusionLR,0.5,0.354451209884506,0.000968400978924699,0.839619438719281,5.34274730498376,2.31755708628604,0.5,39.4932059483106
CBC_1007,CBC_1007_MSI_AV_v3_Vset2_Aset1_2023-06-21_15h59.48.192.csv,1,36,1,2,z,0,1,1,aud,C,9,1,1C,2C,0,1,z,1.73870859999988,0,1,1,1,2C,1C,C12,3.93182563272433,0.912625642534066,0.499032067921303,0.499515799510538,0.5,0.498548804778213,0.865358920013762,0.499515799510538,0.499515799510538,0.5,0.5,0.984919957121425,0.5,0.5,0.5,0.5,0.984766381750394,0.663281513860673,0.336718486139327,0.984919957121425,0.5,0.490608239242408,0.982670307331885,0.015080042878575,0.00534513944342114,CBCsimpleAsymRW,CBCdriftDiffusionLR,0.5,0.354451209884506,0.000968400978924699,0.839619438719281,5.34274730498376,2.31755708628604,0.5,39.4932059483106
CBC_1007,CBC_1007_MSI_AV_v3_Vset2_Aset1_2023-06-21_15h59.48.192.csv,1,37,1,0,z,0,1,0,aud,A,63,1,1A,0A,0,1,z,1.44983950000096,0,1,1,1,0A,1A,A10,2.85263142991332,0.912625642534066,0.499032067921303,0.499515799510538,0.5,0.498548804778213,0.865358920013762,0.499515799510538,0.499515799510538,0.5,0.5,0.990265096564846,0.5,0.5,0.5,0.5,0.984766381750394,0.6464921600858,0.3535078399142,0.912625642534066,0.499032067921303,0.936918196990859,0.974089083653905,0.0873743574659338,0.0309699467166816,CBCsimpleAsymRW,CBCdriftDiffusionLR,0.5,0.354451209884506,0.000968400978924699,0.839619438719281,5.34274730498376,2.31755708628604,0.5,39.4932059483106
CBC_1007,CBC_1007_MSI_AV_v3_Vset2_Aset1_2023-06-21_15h59.48.192.csv,1,38,3,1,b,1,0,2,aud,D,27,1,3D,1D,1,0,b,1.0958456999997,1,0,1,1,3D,1D,D31,3.27714473299218,0.943595589250748,0.499032067921303,0.499515799510538,0.5,0.498548804778213,0.865358920013762,0.499515799510538,0.499515799510538,0.5,0.5,0.990265096564846,0.5,0.5,0.5,0.5,0.984766381750394,0.66324668571055,0.33675331428945,0.984766381750394,0.5,1.32636514614207,0.98276538330139,0.0152336182496063,0.00539957441949166,CBCsimpleAsymRW,CBCdriftDiffusionLR,0.5,0.354451209884506,0.000968400978924699,0.839619438719281,5.34274730498376,2.31755708628604,0.5,39.4932059483106
CBC_1007,CBC_1007_MSI_AV_v3_Vset2_Aset1_2023-06-21_15h59.48.192.csv,1,39,0,1,z,0,1,3,aud,B,63,1,0B,1B,0,1,z,1.69739569999911,0,1,1,1,1B,0B,B01,3.29583686600433,0.943595589250748,0.499032067921303,0.499515799510538,0.5,0.498548804778213,0.865358920013762,0.499515799510538,0.499515799510538,0.5,0.5,0.990265096564846,0.5,0.5,0.5,0.5,0.990165956169885,0.634470282911366,0.365529717088634,0.865358920013762,0.498548804778213,0.576662614441288,0.965583348941687,0.134641079986238,0.0477236937012786,CBCsimpleAsymRW,CBCdriftDiffusionLR,0.5,0.354451209884506,0.000968400978924699,0.839619438719281,5.34274730498376,2.31755708628604,0.5,39.4932059483106
CBC_1007,CBC_1007_MSI_AV_v3_Vset2_Aset1_2023-06-21_15h59.48.192.csv,1,40,2,3,b,1,0,1,aud,C,63,0,2C,3C,0,1,b,1.71795400000155,1,0,1,0,2C,3C,C23,2.90872089656436,0.943595589250748,0.499032067921303,0.499515799510538,0.5,0.498548804778213,0.913082613715041,0.499515799510538,0.499515799510538,0.5,0.5,0.990265096564846,0.5,0.5,0.5,0.5,0.990165956169885,0.664489223325077,0.335510776674923,0.990265096564846,0.5,0.513011300612867,0.983210333917467,-0.990265096564846,-0.000958973688908359,CBCsimpleAsymRW,CBCdriftDiffusionLR,0.5,0.354451209884506,0.000968400978924699,0.839619438719281,5.34274730498376,2.31755708628604,0.5,39.4932059483106
CBC_1007,CBC_1007_MSI_AV_v3_Vset2_Aset1_2023-06-21_15h59.48.192.csv,1,41,2,0,z,0,1,0,aud,A,27,1,2A,0A,0,1,z,2.24971390000064,0,1,1,1,0A,2A,A20,3.3322045101752,0.943595589250748,0.499032067921303,0.499515799510538,0.5,0.498548804778213,0.913082613715041,0.499515799510538,0.499515799510538,0.5,0.5,0.989306122875938,0.5,0.5,0.5,0.5,0.990165956169885,0.653861924033942,0.346138075966058,0.943595589250748,0.499515799510538,0.160399606935732,0.978231534857832,0.0564044107492523,0.0199926116328951,CBCsimpleAsymRW,CBCdriftDiffusionLR,0.5,0.354451209884506,0.000968400978924699,0.839619438719281,5.34274730498376,2.31755708628604,0.5,39.4932059483106
CBC_1007,CBC_1007_MSI_AV_v3_Vset2_Aset1_2023-06-21_15h59.48.192.csv,1,42,3,2,b,1,0,2,aud,D,63,1,3D,2D,1,0,b,0.987982900000134,1,0,1,1,3D,2D,D32,4.04305126783455,0.963588200883643,0.499032067921303,0.499515799510538,0.5,0.498548804778213,0.913082613715041,0.499515799510538,0.499515799510538,0.5,0.5,0.989306122875938,0.5,0.5,0.5,0.5,0.990165956169885,0.66446690187103,0.33553309812897,0.990165956169885,0.5,0.534867835002701,0.983326071859249,0.00983404383011466,0.0034856887336414,CBCsimpleAsymRW,CBCdriftDiffusionLR,0.5,0.354451209884506,0.000968400978924699,0.839619438719281,5.34274730498376,2.31755708628604,0.5,39.4932059483106
CBC_1007,CBC_1007_MSI_AV_v3_Vset2_Aset1_2023-06-21_15h59.48.192.csv,1,43,3,1,z,0,1,3,aud,B,27,1,3B,1B,0,1,z,1.40980610000042,0,1,1,1,1B,3B,B31,3.36729582998647,0.963588200883643,0.499032067921303,0.499515799510538,0.5,0.498548804778213,0.913082613715041,0.499515799510538,0.499515799510538,0.5,0.5,0.989306122875938,0.5,0.5,0.5,0.5,0.993651644903527,0.646385133358655,0.353614866641344,0.913082613715041,0.499515799510538,1.00913310028458,0.974195721993713,0.0869173862849595,0.0308079727287029,CBCsimpleAsymRW,CBCdriftDiffusionLR,0.5,0.354451209884506,0.000968400978924699,0.839619438719281,5.34274730498376,2.31755708628604,0.5,39.4932059483106
CBC_1007,CBC_1007_MSI_AV_v3_Vset2_Aset1_2023-06-21_15h59.48.192.csv,1,44,2,3,b,1,0,1,aud,C,63,1,2C,3C,1,0,b,1.42296840000199,1,0,1,1,2C,3C,C23,2.69124308278583,0.963588200883643,0.499032067921303,0.499515799510538,0.5,0.498548804778213,0.943890586443743,0.499515799510538,0.499515799510538,0.5,0.5,0.989306122875938,0.5,0.5,0.5,0.5,0.993651644903527,0.664273185801136,0.335726814198864,0.989306122875938,0.5,1.02145727572751,0.983241819028969,0.0106938771240622,0.0037904576849801,CBCsimpleAsymRW,CBCdriftDiffusionLR,0.5,0.354451209884506,0.000968400978924699,0.839619438719281,5.34274730498376,2.31755708628604,0.5,39.4932059483106
CBC_1007,CBC_1007_MSI_TV_v3_Vset5_Tset1_2023-06-21_16h08.10.582.csv,2,1,1,0,b,1,0,3,tac,B,63,1,1B,0B,1,0,b,1.9304147999992,1,0,1,1,1B,0B,B10,2.77258872223978,0.5,0.5,0.5,0.5,0.5,0.5,0.5,0.5,0.5,0.5,0.5,0.5,0.5,0.5,0.5,0.5,0.5,0.5,0.5,0.5,0.194027579815112,0.499702892861842,0.5,0.336082855502831,CBCsimpleAsymRW,CBCdriftDiffusionLR,0.5,0.672165711005662,0.0106975901565871,0.909728067364636,3.09209915093154,2.98059506287287,0.5,60.6876157538018
CBC_1007,CBC_1007_MSI_TV_v3_Vset5_Tset1_2023-06-21_16h08.10.582.csv,2,2,3,2,b,1,0,2,tac,D,63,1,3D,2D,1,0,b,2.32277090000025,1,0,1,1,3D,2D,D32,2.83321334405622,0.5,0.5,0.5,0.5,0.5,0.836082855502831,0.5,0.5,0.5,0.5,0.5,0.5,0.5,0.5,0.5,0.5,0.5,0.5,0.5,0.5,0.160836365845357,0.501349689365129,0.5,0.336082855502831,CBCsimpleAsymRW,CBCdriftDiffusionLR,0.5,0.672165711005662,0.0106975901565871,0.909728067364636,3.09209915093154,2.98059506287287,0.5,60.6876157538018
CBC_1007,CBC_1007_MSI_TV_v3_Vset5_Tset1_2023-06-21_16h08.10.582.csv,2,3,3,1,z,0,1,3,tac,B,27,1,3B,1B,0,1,z,2.27965330000006,0,1,1,1,1B,3B,B31,2.89037175789616,0.5,0.5,0.5,0.5,0.5,0.836082855502831,0.5,0.5,0.5,0.5,0.5,0.5,0.5,0.5,0.5,0.836082855502831,0.625771711731286,0.374228288268714,0.836082855502831,0.5,0.345549982235218,0.910337103271537,0.163917144497169,0.110179483976958,CBCsimpleAsymRW,CBCdriftDiffusionLR,0.5,0.672165711005662,0.0106975901565871,0.909728067364636,3.09209915093154,2.98059506287287,0.5,60.6876157538018
CBC_1007,CBC_1007_MSI_TV_v3_Vset5_Tset1_2023-06-21_16h08.10.582.csv,2,4,2,3,b,1,0,1,tac,C,63,1,2C,3C,1,0,z,2.61729469999955,0,1,0,0,3C,2C,C23,2.94443897916644,0.5,0.5,0.5,0.5,0.5,0.946262339479788,0.5,0.5,0.5,0.5,0.5,0.5,0.5,0.5,0.5,0.836082855502831,0.5,0.5,0.5,0.5,0.136803641532349,0.500168477555276,-0.5,-0.00534879507829356,CBCsimpleAsymRW,CBCdriftDiffusionLR,0.5,0.672165711005662,0.0106975901565871,0.909728067364636,3.09209915093154,2.98059506287287,0.5,60.6876157538018
CBC_1007,CBC_1007_MSI_TV_v3_Vset5_Tset1_2023-06-21_16h08.10.582.csv,2,5,0,2,z,0,1,1,tac,C,27,1,0C,2C,0,1,z,2.80312450000019,0,1,1,1,2C,0C,C02,2.99573227355399,0.5,0.5,0.5,0.5,0.5,0.946262339479788,0.5,0.5,0.5,0.5,0.5,0.494651204921706,0.5,0.5,0.5,0.836082855502831,0.5,0.5,0.5,0.5,0.123592831545422,0.50057602373799,0.5,0.336082855502831,CBCsimpleAsymRW,CBCdriftDiffusionLR,0.5,0.672165711005662,0.0106975901565871,0.909728067364636,3.09209915093154,2.98059506287287,0.5,60.6876157538018
CBC_1007,CBC_1007_MSI_TV_v3_Vset5_Tset1_2023-06-21_16h08.10.582.csv,2,6,0,3,b,1,0,0,tac,A,9,1,0A,3A,1,0,b,1.4679443999994,1,0,1,1,0A,3A,A03,3.04452243772342,0.5,0.5,0.5,0.5,0.5,0.946262339479788,0.5,0.5,0.5,0.5,0.836082855502831,0.494651204921706,0.5,0.5,0.5,0.836082855502831,0.5,0.5,0.5,0.5,0.195211383108261,0.500569078672288,0.5,0.336082855502831,CBCsimpleAsymRW,CBCdriftDiffusionLR,0.5,0.672165711005662,0.0106975901565871,0.909728067364636,3.09209915093154,2.98059506287287,0.5,60.6876157538018
CBC_1007,CBC_1007_MSI_TV_v3_Vset5_Tset1_2023-06-21_16h08.10.582.csv,2,7,2,3,b,1,0,1,tac,C,63,1,2C,3C,1,0,b,3.32831929999884,1,0,1,1,2C,3C,C23,2.39789527279837,0.836082855502831,0.5,0.5,0.5,0.5,0.946262339479788,0.5,0.5,0.5,0.5,0.836082855502831,0.494651204921706,0.5,0.5,0.5,0.836082855502831,0.628286958579913,0.371713041420087,0.836082855502831,0.494651204921706,0.140567349848243,0.914209304800713,0.163917144497169,0.110179483976958,CBCsimpleAsymRW,CBCdriftDiffusionLR,0.5,0.672165711005662,0.0106975901565871,0.909728067364636,3.09209915093154,2.98059506287287,0.5,60.6876157538018
CBC_1007,CBC_1007_MSI_TV_v3_Vset5_Tset1_2023-06-21_16h08.10.582.csv,2,8,1,0,z,0,1,0,tac,A,63,1,1A,0A,0,1,z,1.5676465000015,0,1,1,1,0A,1A,A10,3.13549421592915,0.836082855502831,0.5,0.5,0.5,0.5,0.946262339479788,0.5,0.5,0.5,0.5,0.946262339479788,0.494651204921706,0.5,0.5,0.5,0.836082855502831,0.625771711731286,0.374228288268714,0.836082855502831,0.5,0.538359680366869,0.910499655241492,0.163917144497169,0.110179483976958,CBCsimpleAsymRW,CBCdriftDiffusionLR,0.5,0.672165711005662,0.0106975901565871,0.909728067364636,3.09209915093154,2.98059506287287,0.5,60.6876157538018
CBC_1007,CBC_1007_MSI_TV_v3_Vset5_Tset1_2023-06-21_16h08.10.582.csv,2,9,2,3,z,0,1,2,tac,D,63,1,2D,3D,0,1,b,2.34338740000021,1,0,0,0,2D,3D,D23,3.17805383034795,0.946262339479788,0.5,0.5,0.5,0.5,0.946262339479788,0.5,0.5,0.5,0.5,0.946262339479788,0.494651204921706,0.5,0.5,0.5,0.836082855502831,0.374228288268714,0.625771711731286,0.5,0.836082855502831,0.0322622192376408,0.089616165469353,-0.5,-0.00534879507829356,CBCsimpleAsymRW,CBCdriftDiffusionLR,0.5,0.672165711005662,0.0106975901565871,0.909728067364636,3.09209915093154,2.98059506287287,0.5,60.6876157538018
CBC_1007,CBC_1007_MSI_TV_v3_Vset5_Tset1_2023-06-21_16h08.10.582.csv,2,10,3,2,z,0,1,1,tac,C,63,1,3C,2C,0,1,z,2.82642490000035,0,1,1,1,2C,3C,C32,3.2188758248682,0.946262339479788,0.5,0.5,0.5,0.5,0.946262339479788,0.5,0.5,0.5,0.5,0.946262339479788,0.494651204921706,0.5,0.5,0.494651204921706,0.836082855502831,0.656710003980727,0.343289996019274,0.946262339479788,0.494651204921706,0.210083608461977,0.94713966187907,0.0537376605202117,0.036120612791349,CBCsimpleAsymRW,CBCdriftDiffusionLR,0.5,0.672165711005662,0.0106975901565871,0.909728067364636,3.09209915093154,2.98059506287287,0.5,60.6876157538018
CBC_1007,CBC_1007_MSI_TV_v3_Vset5_Tset1_2023-06-21_16h08.10.582.csv,2,11,3,1,b,1,0,2,tac,D,27,1,3D,1D,1,0,b,2.46974649999902,1,0,1,1,3D,1D,D31,3.25809653802148,0.946262339479788,0.5,0.5,0.5,0.5,0.946262339479788,0.5,0.5,0.5,0.5,0.982382952271137,0.494651204921706,0.5,0.5,0.494651204921706,0.836082855502831,0.625771711731286,0.374228288268714,0.836082855502831,0.5,0.29479417227672,0.910601920542157,0.163917144497169,0.110179483976958,CBCsimpleAsymRW,CBCdriftDiffusionLR,0.5,0.672165711005662,0.0106975901565871,0.909728067364636,3.09209915093154,2.98059506287287,0.5,60.6876157538018
CBC_1007,CBC_1007_MSI_TV_v3_Vset5_Tset1_2023-06-21_16h08.10.582.csv,2,12,0,1,b,1,0,0,tac,A,63,0,0A,1A,0,1,b,1.11930349999966,1,0,1,0,0A,1A,A01,3.29583686600433,0.946262339479788,0.5,0.5,0.5,0.5,0.946262339479788,0.5,0.5,0.5,0.5,0.982382952271137,0.494651204921706,0.5,0.5,0.494651204921706,0.946262339479788,0.654281255653904,0.345718744346096,0.946262339479788,0.5,0.116581658800104,0.944884166062688,-0.946262339479788,-0.0101227266883681,CBCsimpleAsymRW,CBCdriftDiffusionLR,0.5,0.672165711005662,0.0106975901565871,0.909728067364636,3.09209915093154,2.98059506287287,0.5,60.6876157538018
CBC_1007,CBC_1007_MSI_TV_v3_Vset5_Tset1_2023-06-21_16h08.10.582.csv,2,13,3,2,z,0,1,1,tac,C,63,1,3C,2C,0,1,z,2.6729336999997,0,1,1,1,2C,3C,C32,2.63905732961526,0.93613961279142,0.5,0.5,0.5,0.5,0.946262339479788,0.5,0.5,0.5,0.5,0.982382952271137,0.494651204921706,0.5,0.5,0.494651204921706,0.946262339479788,0.665105100980326,0.334894899019674,0.982382952271137,0.494651204921706,0.242435239778052,0.954267530475993,0.0176170477288627,0.0118415754124917,CBCsimpleAsymRW,CBCdriftDiffusionLR,0.5,0.672165711005662,0.0106975901565871,0.909728067364636,3.09209915093154,2.98059506287287,0.5,60.6876157538018
CBC_1007,CBC_1007_MSI_TV_v3_Vset5_Tset1_2023-06-21_16h08.10.582.csv,2,14,2,0,z,0,1,0,tac,A,27,1,2A,0A,0,1,z,1.45980270000109,0,1,1,1,0A,2A,A20,3.36729582998647,0.93613961279142,0.5,0.5,0.5,0.5,0.946262339479788,0.5,0.5,0.5,0.5,0.994224527683629,0.494651204921706,0.5,0.5,0.494651204921706,0.946262339479788,0.651844433823428,0.348155566176572,0.93613961279142,0.5,0.615181483878975,0.942526099382013,0.0638603872085798,0.0429247625731519,CBCsimpleAsymRW,CBCdriftDiffusionLR,0.5,0.672165711005662,0.0106975901565871,0.909728067364636,3.09209915093154,2.98059506287287,0.5,60.6876157538018
CBC_1007,CBC_1007_MSI_TV_v3_Vset5_Tset1_2023-06-21_16h08.10.582.csv,2,15,1,0,b,1,0,3,tac,B,63,1,1B,0B,1,0,b,2.8562482999987,1,0,1,1,1B,0B,B10,2.70805020110221,0.979064375364572,0.5,0.5,0.5,0.5,0.946262339479788,0.5,0.5,0.5,0.5,0.994224527683629,0.494651204921706,0.5,0.5,0.494651204921706,0.946262339479788,0.654281255653904,0.345718744346096,0.946262339479788,0.5,0.204843965012611,0.94506030307961,0.0537376605202117,0.036120612791349,CBCsimpleAsymRW,CBCdriftDiffusionLR,0.5,0.672165711005662,0.0106975901565871,0.909728067364636,3.09209915093154,2.98059506287287,0.5,60.6876157538018
CBC_1007,CBC_1007_MSI_TV_v3_Vset5_Tset1_2023-06-21_16h08.10.582.csv,2,16,2,3,z,0,1,2,tac,D,63,1,2D,3D,0,1,z,2.28313389999857,0,1,1,1,3D,2D,D23,2.7408400239252,0.979064375364572,0.5,0.5,0.5,0.5,0.982382952271137,0.5,0.5,0.5,0.5,0.994224527683629,0.494651204921706,0.5,0.5,0.494651204921706,0.946262339479788,0.656710003980727,0.343289996019274,0.946262339479788,0.494651204921706,0.364316483439859,0.947347894082336,0.0537376605202117,0.036120612791349,CBCsimpleAsymRW,CBCdriftDiffusionLR,0.5,0.672165711005662,0.0106975901565871,0.909728067364636,3.09209915093154,2.98059506287287,0.5,60.6876157538018
CBC_1007,CBC_1007_MSI_TV_v3_Vset5_Tset1_2023-06-21_16h08.10.582.csv,2,17,2,1,z,0,1,3,tac,B,9,1,2B,1B,0,1,z,3.7552745999983,0,1,1,1,1B,2B,B21,3.46573590279973,0.979064375364572,0.5,0.5,0.5,0.5,0.982382952271137,0.5,0.5,0.5,0.5,0.994224527683629,0.494651204921706,0.5,0.5,0.494651204921706,0.982382952271137,0.662705241426342,0.337294758573658,0.982382952271137,0.5,0.0772954665333815,0.95243732140995,0.0176170477288627,0.0118415754124917,CBCsimpleAsymRW,CBCdriftDiffusionLR,0.5,0.672165711005662,0.0106975901565871,0.909728067364636,3.09209915093154,2.98059506287287,0.5,60.6876157538018
CBC_1007,CBC_1007_MSI_TV_v3_Vset5_Tset1_2023-06-21_16h08.10.582.csv,2,18,3,1,b,1,0,2,tac,D,27,1,3D,1D,1,0,b,2.19291499999963,1,0,1,1,3D,1D,D31,2.80336038090653,0.979064375364572,0.5,0.5,0.5,0.5,0.994224527683629,0.5,0.5,0.5,0.5,0.994224527683629,0.494651204921706,0.5,0.5,0.494651204921706,0.982382952271137,0.662705241426342,0.337294758573658,0.982382952271137,0.5,0.401458068531981,0.952359100959678,0.0176170477288627,0.0118415754124917,CBCsimpleAsymRW,CBCdriftDiffusionLR,0.5,0.672165711005662,0.0106975901565871,0.909728067364636,3.09209915093154,2.98059506287287,0.5,60.6876157538018
CBC_1007,CBC_1007_MSI_TV_v3_Vset5_Tset1_2023-06-21_16h08.10.582.csv,2,19,1,0,z,0,1,0,tac,A,63,1,1A,0A,0,1,z,1.25046350000048,0,1,1,1,0A,1A,A10,2.83321334405622,0.979064375364572,0.5,0.5,0.5,0.5,0.994224527683629,0.5,0.5,0.5,0.5,0.994224527683629,0.494651204921706,0.5,0.5,0.494651204921706,0.994224527683629,0.661948453138319,0.338051546861681,0.979064375364572,0.5,0.430862983817681,0.951951600687749,0.0209356246354279,0.01407220901842,CBCsimpleAsymRW,CBCdriftDiffusionLR,0.5,0.672165711005662,0.0106975901565871,0.909728067364636,3.09209915093154,2.98059506287287,0.5,60.6876157538018
CBC_1007,CBC_1007_MSI_TV_v3_Vset5_Tset1_2023-06-21_16h08.10.582.csv,2,20,0,1,b,1,0,0,tac,A,63,1,0A,1A,1,0,b,1.16299900000013,1,0,1,1,0A,1A,A01,2.86220088092947,0.993136584382992,0.5,0.5,0.5,0.5,0.994224527683629,0.5,0.5,0.5,0.5,0.994224527683629,0.494651204921706,0.5,0.5,0.494651204921706,0.994224527683629,0.665134452380581,0.334865547619419,0.993136584382992,0.5,0.233416659479384,0.954499275185508,0.00686341561700787,0.00461335263813346,CBCsimpleAsymRW,CBCdriftDiffusionLR,0.5,0.672165711005662,0.0106975901565871,0.909728067364636,3.09209915093154,2.98059506287287,0.5,60.6876157538018
CBC_1007,CBC_1007_MSI_TV_v3_Vset5_Tset1_2023-06-21_16h08.10.582.csv,2,21,0,2,z,0,1,1,tac,C,27,1,0C,2C,0,1,z,2.35411759999988,0,1,1,1,2C,0C,C02,2.89037175789616,0.997749937021126,0.5,0.5,0.5,0.5,0.994224527683629,0.5,0.5,0.5,0.5,0.994224527683629,0.494651204921706,0.5,0.5,0.494651204921706,0.994224527683629,0.665378267632169,0.334621732367831,0.994224527683629,0.5,0.340288955737497,0.954799655316487,0.00577547231637099,0.00388207445592702,CBCsimpleAsymRW,CBCdriftDiffusionLR,0.5,0.672165711005662,0.0106975901565871,0.909728067364636,3.09209915093154,2.98059506287287,0.5,60.6876157538018
CBC_1007,CBC_1007_MSI_TV_v3_Vset5_Tset1_2023-06-21_16h08.10.582.csv,2,22,1,0,b,1,0,3,tac,B,63,1,1B,0B,1,0,b,2.45332170000074,1,0,1,1,1B,0B,B10,2.51230562397611,0.997749937021126,0.5,0.5,0.5,0.5,0.994224527683629,0.5,0.5,0.5,0.5,0.998106602139556,0.494651204921706,0.5,0.5,0.494651204921706,0.994224527683629,0.665378267632169,0.334621732367831,0.994224527683629,0.5,0.306308424396769,0.954648634845949,0.00577547231637099,0.00388207445592702,CBCsimpleAsymRW,CBCdriftDiffusionLR,0.5,0.672165711005662,0.0106975901565871,0.909728067364636,3.09209915093154,2.98059506287287,0.5,60.6876157538018
CBC_1007,CBC_1007_MSI_TV_v3_Vset5_Tset1_2023-06-21_16h08.10.582.csv,2,23,0,2,z,0,1,1,tac,C,27,1,0C,2C,0,1,z,2.32233039999846,0,1,1,1,2C,0C,C02,2.53897387105828,0.997749937021126,0.5,0.5,0.5,0.5,0.998106602139556,0.5,0.5,0.5,0.5,0.998106602139556,0.494651204921706,0.5,0.5,0.494651204921706,0.994224527683629,0.666245379810814,0.333754620189186,0.998106602139556,0.5,0.35196885172841,0.955387210808026,0.00189339786044396,0.00127267711908191,CBCsimpleAsymRW,CBCdriftDiffusionLR,0.5,0.672165711005662,0.0106975901565871,0.909728067364636,3.09209915093154,2.98059506287287,0.5,60.6876157538018
CBC_1007,CBC_1007_MSI_TV_v3_Vset5_Tset1_2023-06-21_16h08.10.582.csv,2,24,2,3,z,0,1,2,tac,D,63,1,2D,3D,0,1,z,2.23030269999981,0,1,1,1,3D,2D,D23,2.56494935746154,0.997749937021126,0.5,0.5,0.5,0.5,0.998106602139556,0.5,0.5,0.5,0.5,0.999379279258638,0.494651204921706,0.5,0.5,0.494651204921706,0.994224527683629,0.667768643084717,0.332231356915283,0.994224527683629,0.494651204921706,0.388204599520554,0.956484957584884,0.00577547231637099,0.00388207445592702,CBCsimpleAsymRW,CBCdriftDiffusionLR,0.5,0.672165711005662,0.0106975901565871,0.909728067364636,3.09209915093154,2.98059506287287,0.5,60.6876157538018
CBC_1007,CBC_1007_MSI_TV_v3_Vset5_Tset1_2023-06-21_16h08.10.582.csv,2,25,0,1,b,1,0,0,tac,A,63,1,0A,1A,1,0,b,1.71789379999973,1,0,1,1,0A,1A,A01,2.59026716544583,0.997749937021126,0.5,0.5,0.5,0.5,0.998106602139556,0.5,0.5,0.5,0.5,0.999379279258638,0.494651204921706,0.5,0.5,0.494651204921706,0.998106602139556,0.66616590150259,0.33383409849741,0.997749937021126,0.5,0.625670105564772,0.955518629032546,0.00225006297887442,0.00151241518200264,CBCsimpleAsymRW,CBCdriftDiffusionLR,0.5,0.672165711005662,0.0106975901565871,0.909728067364636,3.09209915093154,2.98059506287287,0.5,60.6876157538018
CBC_1007,CBC_1007_MSI_TV_v3_Vset5_Tset1_2023-06-21_16h08.10.582.csv,2,26,2,3,b,1,0,1,tac,C,63,1,2C,3C,1,0,b,2.45411289999902,1,0,1,1,2C,3C,C23,2.6149597780362,0.999262352203128,0.5,0.5,0.5,0.5,0.998106602139556,0.5,0.5,0.5,0.5,0.999379279258638,0.494651204921706,0.5,0.5,0.494651204921706,0.998106602139556,0.668914918296943,0.331085081703057,0.999379279258638,0.494651204921706,0.305304273576487,0.957524959589027,0.000620720741361991,0.000417227198453544,CBCsimpleAsymRW,CBCdriftDiffusionLR,0.5,0.672165711005662,0.0106975901565871,0.909728067364636,3.09209915093154,2.98059506287287,0.5,60.6876157538018
CBC_1007,CBC_1007_MSI_TV_v3_Vset5_Tset1_2023-06-21_16h08.10.582.csv,2,27,0,2,b,1,0,0,tac,A,27,1,0A,2A,1,0,b,1.33100589999958,1,0,1,1,0A,2A,A02,3.73766961828337,0.999262352203128,0.5,0.5,0.5,0.5,0.998106602139556,0.5,0.5,0.5,0.5,0.999796506457092,0.494651204921706,0.5,0.5,0.494651204921706,0.998106602139556,0.666502664283364,0.333497335716636,0.999262352203128,0.5,0.577939341275911,0.955573435548317,0.000737647796871799,0.000495821555856093,CBCsimpleAsymRW,CBCdriftDiffusionLR,0.5,0.672165711005662,0.0106975901565871,0.909728067364636,3.09209915093154,2.98059506287287,0.5,60.6876157538018
CBC_1007,CBC_1007_MSI_TV_v3_Vset5_Tset1_2023-06-21_16h08.10.582.csv,2,28,2,3,z,0,1,2,tac,D,63,1,2D,3D,0,1,z,2.27456990000064,0,1,1,1,3D,2D,D23,2.37490575457367,0.999758173758984,0.5,0.5,0.5,0.5,0.998106602139556,0.5,0.5,0.5,0.5,0.999796506457092,0.494651204921706,0.5,0.5,0.494651204921706,0.998106602139556,0.668632645843931,0.331367354156069,0.998106602139556,0.494651204921706,0.370598909878524,0.95724913341989,0.00189339786044396,0.00127267711908191,CBCsimpleAsymRW,CBCdriftDiffusionLR,0.5,0.672165711005662,0.0106975901565871,0.909728067364636,3.09209915093154,2.98059506287287,0.5,60.6876157538018
CBC_1007,CBC_1007_MSI_TV_v3_Vset5_Tset1_2023-06-21_16h08.10.582.csv,2,29,2,3,z,0,1,2,tac,D,63,1,2D,3D,0,1,z,2.10770809999849,0,1,1,1,3D,2D,D23,2.17475172148416,0.999758173758984,0.5,0.5,0.5,0.5,0.998106602139556,0.5,0.5,0.5,0.5,0.999796506457092,0.494651204921706,0.5,0.5,0.494651204921706,0.999379279258638,0.668914918296943,0.331085081703057,0.999379279258638,0.494651204921706,0.441963783017058,0.957455258725733,0.000620720741361991,0.000417227198453544,CBCsimpleAsymRW,CBCdriftDiffusionLR,0.5,0.672165711005662,0.0106975901565871,0.909728067364636,3.09209915093154,2.98059506287287,0.5,60.6876157538018
CBC_1007,CBC_1007_MSI_TV_v3_Vset5_Tset1_2023-06-21_16h08.10.582.csv,2,30,1,3,b,1,0,3,tac,B,27,1,1B,3B,1,0,b,2.41728309999962,1,0,1,1,1B,3B,B13,3.80666248977032,0.999758173758984,0.5,0.5,0.5,0.5,0.998106602139556,0.5,0.5,0.5,0.5,0.999796506457092,0.494651204921706,0.5,0.5,0.494651204921706,0.999796506457092,0.666245379810814,0.333754620189186,0.998106602139556,0.5,0.318157297377851,0.955447136519084,0.00189339786044396,0.00127267711908191,CBCsimpleAsymRW,CBCdriftDiffusionLR,0.5,0.672165711005662,0.0106975901565871,0.909728067364636,3.09209915093154,2.98059506287287,0.5,60.6876157538018
CBC_1007,CBC_1007_MSI_TV_v3_Vset5_Tset1_2023-06-21_16h08.10.582.csv,2,31,3,0,b,1,0,2,tac,D,9,1,3D,0D,1,0,b,2.39995979999912,1,0,1,1,3D,0D,D30,3.8286413964891,0.999758173758984,0.5,0.5,0.5,0.5,0.999379279258638,0.5,0.5,0.5,0.5,0.999796506457092,0.494651204921706,0.5,0.5,0.494651204921706,0.999796506457092,0.666621439743763,0.333378560256238,0.999796506457092,0.5,0.324072091241206,0.955644449520662,0.000203493542908495,0.00013678138195415,CBCsimpleAsymRW,CBCdriftDiffusionLR,0.5,0.672165711005662,0.0106975901565871,0.909728067364636,3.09209915093154,2.98059506287287,0.5,60.6876157538018
CBC_1007,CBC_1007_MSI_TV_v3_Vset5_Tset1_2023-06-21_16h08.10.582.csv,2,32,0,1,z,0,1,3,tac,B,63,1,0B,1B,0,1,z,2.39064770000005,0,1,1,1,1B,0B,B01,3.85014760171006,0.999758173758984,0.5,0.5,0.5,0.5,0.999379279258638,0.5,0.5,0.5,0.5,0.999796506457092,0.494651204921706,0.5,0.5,0.494651204921706,0.999933287839046,0.666528671619883,0.333471328380117,0.999379279258638,0.5,0.327323264853328,0.95550080955847,0.000620720741361991,0.000417227198453544,CBCsimpleAsymRW,CBCdriftDiffusionLR,0.5,0.672165711005662,0.0106975901565871,0.909728067364636,3.09209915093154,2.98059506287287,0.5,60.6876157538018
CBC_1007,CBC_1007_MSI_TV_v3_Vset5_Tset1_2023-06-21_16h08.10.582.csv,2,33,0,1,b,1,0,0,tac,A,63,1,0A,1A,1,0,b,1.45166550000067,1,0,1,1,0A,1A,A01,2.484906649788,0.999758173758984,0.5,0.5,0.5,0.5,0.999796506457092,0.5,0.5,0.5,0.5,0.999796506457092,0.494651204921706,0.5,0.5,0.494651204921706,0.999933287839046,0.666612918836906,0.333387081163094,0.999758173758984,0.5,0.667780535375758,0.955481495985978,0.000241826241015652,0.000162547307232113,CBCsimpleAsymRW,CBCdriftDiffusionLR,0.5,0.672165711005662,0.0106975901565871,0.909728067364636,3.09209915093154,2.98059506287287,0.5,60.6876157538018
CBC_1007,CBC_1007_MSI_TV_v3_Vset5_Tset1_2023-06-21_16h08.10.582.csv,2,34,0,1,z,0,1,3,tac,B,63,1,0B,1B,0,1,z,3.16768039999988,0,1,1,1,1B,0B,B01,3.19867311755068,0.999920721066216,0.5,0.5,0.5,0.5,0.999796506457092,0.5,0.5,0.5,0.5,0.999796506457092,0.494651204921706,0.5,0.5,0.494651204921706,0.999933287839046,0.666621439743763,0.333378560256238,0.999796506457092,0.5,0.141098904807948,0.955892667652515,0.000203493542908495,0.00013678138195415,CBCsimpleAsymRW,CBCdriftDiffusionLR,0.5,0.672165711005662,0.0106975901565871,0.909728067364636,3.09209915093154,2.98059506287287,0.5,60.6876157538018
CBC_1007,CBC_1007_MSI_TV_v3_Vset5_Tset1_2023-06-21_16h08.10.582.csv,2,35,2,3,b,1,0,1,tac,C,63,1,2C,3C,1,0,b,2.68631269999969,1,0,1,1,2C,3C,C23,2.52572864430826,0.999920721066216,0.5,0.5,0.5,0.5,0.999933287839046,0.5,0.5,0.5,0.5,0.999796506457092,0.494651204921706,0.5,0.5,0.494651204921706,0.999933287839046,0.669007352244305,0.330992647755695,0.999796506457092,0.494651204921706,0.236826449125587,0.95758503785909,0.000203493542908495,0.00013678138195415,CBCsimpleAsymRW,CBCdriftDiffusionLR,0.5,0.672165711005662,0.0106975901565871,0.909728067364636,3.09209915093154,2.98059506287287,0.5,60.6876157538018
CBC_1007,CBC_1007_MSI_TV_v3_Vset5_Tset1_2023-06-21_16h08.10.582.csv,2,36,2,0,z,0,1,0,tac,A,27,1,2A,0A,0,1,z,1.59397660000104,0,1,1,1,0A,2A,A20,3.23867845216438,0.999920721066216,0.5,0.5,0.5,0.5,0.999933287839046,0.5,0.5,0.5,0.5,0.999933287839046,0.494651204921706,0.5,0.5,0.494651204921706,0.999933287839046,0.666649048194643,0.333350951805357,0.999920721066216,0.5,0.668822699474522,0.955554063248345,7.92789337835664e-05,5.32885808944017e-05,CBCsimpleAsymRW,CBCdriftDiffusionLR,0.5,0.672165711005662,0.0106975901565871,0.909728067364636,3.09209915093154,2.98059506287287,0.5,60.6876157538018
CBC_1007,CBC_1007_MSI_TV_v3_Vset5_Tset1_2023-06-21_16h08.10.582.csv,2,37,0,1,z,0,1,3,tac,B,63,1,0B,1B,0,1,z,2.4108995000006,0,1,1,1,1B,0B,B01,2.85263142991332,0.999974009647111,0.5,0.5,0.5,0.5,0.999933287839046,0.5,0.5,0.5,0.5,0.999933287839046,0.494651204921706,0.5,0.5,0.494651204921706,0.999933287839046,0.666651841082646,0.333348158917354,0.999933287839046,0.5,0.320300258896082,0.955682782906451,6.67121609543297e-05,4.48416271005912e-05,CBCsimpleAsymRW,CBCdriftDiffusionLR,0.5,0.672165711005662,0.0106975901565871,0.909728067364636,3.09209915093154,2.98059506287287,0.5,60.6876157538018
CBC_1007,CBC_1007_MSI_TV_v3_Vset5_Tset1_2023-06-21_16h08.10.582.csv,2,38,1,3,b,1,0,3,tac,B,27,1,1B,3B,1,0,b,2.31569940000009,1,0,1,1,1B,3B,B13,3.27714473299218,0.999974009647111,0.5,0.5,0.5,0.5,0.999978129466146,0.5,0.5,0.5,0.5,0.999933287839046,0.494651204921706,0.5,0.5,0.494651204921706,0.999933287839046,0.666661806477169,0.333338193522831,0.999978129466146,0.5,0.354484456225842,0.955691991882217,2.18705338537184e-05,1.4700622937858e-05,CBCsimpleAsymRW,CBCdriftDiffusionLR,0.5,0.672165711005662,0.0106975901565871,0.909728067364636,3.09209915093154,2.98059506287287,0.5,60.6876157538018
CBC_1007,CBC_1007_MSI_TV_v3_Vset5_Tset1_2023-06-21_16h08.10.582.csv,2,39,2,3,b,1,0,1,tac,C,63,1,2C,3C,1,0,b,2.6873470999999,1,0,1,1,2C,3C,C23,2.37954613413017,0.999974009647111,0.5,0.5,0.5,0.5,0.999992830089084,0.5,0.5,0.5,0.5,0.999933287839046,0.494651204921706,0.5,0.5,0.494651204921706,0.999933287839046,0.669037644029076,0.330962355970924,0.999933287839046,0.494651204921706,0.236602952446927,0.957522228088274,6.67121609543297e-05,4.48416271005912e-05,CBCsimpleAsymRW,CBCdriftDiffusionLR,0.5,0.672165711005662,0.0106975901565871,0.909728067364636,3.09209915093154,2.98059506287287,0.5,60.6876157538018
CBC_1007,CBC_1007_MSI_TV_v3_Vset5_Tset1_2023-06-21_16h08.10.582.csv,2,40,1,3,z,0,1,2,tac,D,27,1,1D,3D,0,1,z,2.27222960000108,0,1,1,1,3D,1D,D13,4.00733318523247,0.999974009647111,0.5,0.5,0.5,0.5,0.999992830089084,0.5,0.5,0.5,0.5,0.999978129466146,0.494651204921706,0.5,0.5,0.494651204921706,0.999933287839046,0.666651841082646,0.333348158917354,0.999933287839046,0.5,0.37117558598049,0.95573835970534,6.67121609543297e-05,4.48416271005912e-05,CBCsimpleAsymRW,CBCdriftDiffusionLR,0.5,0.672165711005662,0.0106975901565871,0.909728067364636,3.09209915093154,2.98059506287287,0.5,60.6876157538018
CBC_1007,CBC_1007_MSI_TV_v3_Vset5_Tset1_2023-06-21_16h08.10.582.csv,2,41,2,1,b,1,0,1,tac,C,9,1,2C,1C,1,0,z,3.89634430000115,0,1,0,0,1C,2C,C21,4.02535169073515,0.999974009647111,0.5,0.5,0.5,0.5,0.999992830089084,0.5,0.5,0.5,0.5,0.999978129466146,0.494651204921706,0.5,0.5,0.494651204921706,0.999978129466146,0.333338193522831,0.666661806477169,0.5,0.999978129466146,0.00297009417578691,0.0443226864588946,-0.5,-0.00534879507829356,CBCsimpleAsymRW,CBCdriftDiffusionLR,0.5,0.672165711005662,0.0106975901565871,0.909728067364636,3.09209915093154,2.98059506287287,0.5,60.6876157538018
CBC_1007,CBC_1007_MSI_TV_v3_Vset5_Tset1_2023-06-21_16h08.10.582.csv,2,42,1,0,b,1,0,3,tac,B,63,0,1B,0B,0,1,b,2.33222729999943,1,0,1,0,1B,0B,B10,2.65675690671466,0.999974009647111,0.5,0.5,0.5,0.5,0.999992830089084,0.5,0.5,0.5,0.494651204921706,0.999978129466146,0.494651204921706,0.5,0.5,0.494651204921706,0.999978129466146,0.666665073345514,0.333334926654486,0.999992830089084,0.5,0.348329323440844,0.955828844888957,-0.999992830089084,-0.0106975134558187,CBCsimpleAsymRW,CBCdriftDiffusionLR,0.5,0.672165711005662,0.0106975901565871,0.909728067364636,3.09209915093154,2.98059506287287,0.5,60.6876157538018
CBC_1007,CBC_1007_MSI_TV_v3_Vset5_Tset1_2023-06-21_16h08.10.582.csv,2,43,2,3,z,0,1,2,tac,D,63,1,2D,3D,0,1,z,2.17503729999953,0,1,1,1,3D,2D,D23,2.26868354131836,0.999974009647111,0.5,0.5,0.5,0.5,0.989295316633265,0.5,0.5,0.5,0.494651204921706,0.999978129466146,0.494651204921706,0.5,0.5,0.494651204921706,0.999978129466146,0.669047573508051,0.330952426491949,0.999978129466146,0.494651204921706,0.412011888219603,0.957550851513647,2.18705338537184e-05,1.4700622937858e-05,CBCsimpleAsymRW,CBCdriftDiffusionLR,0.5,0.672165711005662,0.0106975901565871,0.909728067364636,3.09209915093154,2.98059506287287,0.5,60.6876157538018
CBC_1007,CBC_1007_MSI_TV_v3_Vset5_Tset1_2023-06-21_16h08.10.582.csv,2,44,1,0,z,0,1,0,tac,A,63,1,1A,0A,0,1,z,2.29483830000027,0,1,1,1,0A,1A,A10,2.97892515523761,0.999974009647111,0.5,0.5,0.5,0.5,0.989295316633265,0.5,0.5,0.5,0.494651204921706,0.999978129466146,0.494651204921706,0.5,0.5,0.494651204921706,0.999992830089084,0.666660890932616,0.333339109067384,0.999974009647111,0.5,0.362400018985351,0.955669392120902,2.59903528891936e-05,1.74698240290529e-05,CBCsimpleAsymRW,CBCdriftDiffusionLR,0.5,0.672165711005662,0.0106975901565871,0.909728067364636,3.09209915093154,2.98059506287287,0.5,60.6876157538018
CBC_1007,CBC_1007_MSI_AV_v3_Vset4_Aset2_2023-06-21_16h24.09.852.csv,3,1,1,0,b,1,0,3,aud,B,63,1,1B,0B,1,0,z,1.66126739999891,0,1,0,0,0B,1B,B10,2.77258872223978,0.5,0.5,0.5,0.5,0.5,0.5,0.5,0.5,0.5,0.5,0.5,0.5,0.5,0.5,0.5,0.5,0.5,0.5,0.5,0.5,0.249617603646775,0.499852465897558,-0.5,-0.0718104805531785,CBCsimpleAsymRW,CBCdriftDiffusionLR,0.5,0.132103208404686,0.143620961106357,0.846999487633931,8.10345172216673,2.60163245821027,0.5,38.346009709533
CBC_1007,CBC_1007_MSI_AV_v3_Vset4_Aset2_2023-06-21_16h24.09.852.csv,3,2,0,1,b,1,0,0,aud,A,63,1,0A,1A,1,0,b,3.03942339999958,1,0,1,1,0A,1A,A01,2.83321334405622,0.5,0.5,0.5,0.5,0.428189519446821,0.5,0.5,0.5,0.5,0.5,0.5,0.5,0.5,0.5,0.5,0.5,0.5,0.5,0.5,0.5,0.0937839900740884,0.499629130402671,0.5,0.0660516042023432,CBCsimpleAsymRW,CBCdriftDiffusionLR,0.5,0.132103208404686,0.143620961106357,0.846999487633931,8.10345172216673,2.60163245821027,0.5,38.346009709533
CBC_1007,CBC_1007_MSI_AV_v3_Vset4_Aset2_2023-06-21_16h24.09.852.csv,3,3,1,2,z,0,1,1,aud,C,9,1,1C,2C,0,1,z,1.82182579999971,0,1,1,1,2C,1C,C12,2.89037175789616,0.566051604202343,0.5,0.5,0.5,0.428189519446821,0.5,0.5,0.5,0.5,0.5,0.5,0.5,0.5,0.5,0.5,0.5,0.5,0.5,0.5,0.5,0.226012137404829,0.500673006286459,0.5,0.0660516042023432,CBCsimpleAsymRW,CBCdriftDiffusionLR,0.5,0.132103208404686,0.143620961106357,0.846999487633931,8.10345172216673,2.60163245821027,0.5,38.346009709533
CBC_1007,CBC_1007_MSI_AV_v3_Vset4_Aset2_2023-06-21_16h24.09.852.csv,3,4,1,0,z,0,1,0,aud,A,63,1,1A,0A,0,1,z,1.9362899000007,0,1,1,1,0A,1A,A10,2.94443897916644,0.566051604202343,0.5,0.5,0.5,0.428189519446821,0.5,0.5,0.5,0.5,0.5,0.566051604202343,0.5,0.5,0.5,0.5,0.5,0.530979552932508,0.469020447067492,0.566051604202343,0.5,0.349754836631369,0.787245029787344,0.433948395797657,0.0573259753669372,CBCsimpleAsymRW,CBCdriftDiffusionLR,0.5,0.132103208404686,0.143620961106357,0.846999487633931,8.10345172216673,2.60163245821027,0.5,38.346009709533
CBC_1007,CBC_1007_MSI_AV_v3_Vset4_Aset2_2023-06-21_16h24.09.852.csv,3,5,3,1,b,1,0,2,aud,D,27,1,3D,1D,1,0,b,1.6795431999999,1,0,1,1,3D,1D,D31,2.99573227355399,0.62337757956928,0.5,0.5,0.5,0.428189519446821,0.5,0.5,0.5,0.5,0.5,0.566051604202343,0.5,0.5,0.5,0.5,0.5,0.5,0.5,0.5,0.5,0.247146734489428,0.500195046416684,0.5,0.0660516042023432,CBCsimpleAsymRW,CBCdriftDiffusionLR,0.5,0.132103208404686,0.143620961106357,0.846999487633931,8.10345172216673,2.60163245821027,0.5,38.346009709533
CBC_1007,CBC_1007_MSI_AV_v3_Vset4_Aset2_2023-06-21_16h24.09.852.csv,3,6,0,1,z,0,1,3,aud,B,63,1,0B,1B,0,1,z,1.41934960000071,0,1,1,1,1B,0B,B01,3.04452243772342,0.62337757956928,0.5,0.5,0.5,0.428189519446821,0.5,0.5,0.5,0.5,0.5,0.566051604202343,0.5,0.5,0.5,0.5,0.566051604202343,0.538683091679367,0.461316908320633,0.5,0.428189519446821,0.551591963800587,0.836008397915501,0.5,0.0660516042023432,CBCsimpleAsymRW,CBCdriftDiffusionLR,0.5,0.132103208404686,0.143620961106357,0.846999487633931,8.10345172216673,2.60163245821027,0.5,38.346009709533
CBC_1007,CBC_1007_MSI_AV_v3_Vset4_Aset2_2023-06-21_16h24.09.852.csv,3,7,2,3,b,1,0,1,aud,C,63,1,2C,3C,1,0,b,1.80670350000037,1,0,1,1,2C,3C,C23,3.09104245335832,0.62337757956928,0.5,0.5,0.5,0.428189519446821,0.566051604202343,0.5,0.5,0.5,0.5,0.566051604202343,0.5,0.5,0.5,0.5,0.566051604202343,0.530979552932508,0.469020447067492,0.566051604202343,0.5,0.387701719580424,0.786223573716598,0.433948395797657,0.0573259753669372,CBCsimpleAsymRW,CBCdriftDiffusionLR,0.5,0.132103208404686,0.143620961106357,0.846999487633931,8.10345172216673,2.60163245821027,0.5,38.346009709533
CBC_1007,CBC_1007_MSI_AV_v3_Vset4_Aset2_2023-06-21_16h24.09.852.csv,3,8,2,0,z,0,1,0,aud,A,27,1,2A,0A,0,1,z,2.3398130000005,0,1,1,1,0A,2A,A20,3.13549421592915,0.62337757956928,0.5,0.5,0.5,0.428189519446821,0.566051604202343,0.5,0.5,0.5,0.5,0.62337757956928,0.5,0.5,0.5,0.5,0.566051604202343,0.554913673645056,0.445086326354944,0.62337757956928,0.5,0.27528895398847,0.910146922323891,0.37662242043072,0.0497530300960368,CBCsimpleAsymRW,CBCdriftDiffusionLR,0.5,0.132103208404686,0.143620961106357,0.846999487633931,8.10345172216673,2.60163245821027,0.5,38.346009709533
CBC_1007,CBC_1007_MSI_AV_v3_Vset4_Aset2_2023-06-21_16h24.09.852.csv,3,9,3,2,b,1,0,2,aud,D,63,1,3D,2D,1,0,b,1.4915861999998,1,0,1,1,3D,2D,D32,3.17805383034795,0.673130609665317,0.5,0.5,0.5,0.428189519446821,0.566051604202343,0.5,0.5,0.5,0.5,0.62337757956928,0.5,0.5,0.5,0.5,0.566051604202343,0.530979552932508,0.469020447067492,0.566051604202343,0.5,0.478237418457451,0.787040932057335,0.433948395797657,0.0573259753669372,CBCsimpleAsymRW,CBCdriftDiffusionLR,0.5,0.132103208404686,0.143620961106357,0.846999487633931,8.10345172216673,2.60163245821027,0.5,38.346009709533
CBC_1007,CBC_1007_MSI_AV_v3_Vset4_Aset2_2023-06-21_16h24.09.852.csv,3,10,3,1,z,0,1,3,aud,B,27,1,3B,1B,0,1,z,1.90983140000026,0,1,1,1,1B,3B,B31,3.2188758248682,0.673130609665317,0.5,0.5,0.5,0.428189519446821,0.566051604202343,0.5,0.5,0.5,0.5,0.62337757956928,0.5,0.5,0.5,0.5,0.62337757956928,0.530979552932508,0.469020447067492,0.566051604202343,0.5,0.357480351549451,0.787294975289191,0.433948395797657,0.0573259753669372,CBCsimpleAsymRW,CBCdriftDiffusionLR,0.5,0.132103208404686,0.143620961106357,0.846999487633931,8.10345172216673,2.60163245821027,0.5,38.346009709533
CBC_1007,CBC_1007_MSI_AV_v3_Vset4_Aset2_2023-06-21_16h24.09.852.csv,3,11,3,2,z,0,1,1,aud,C,63,0,3C,2C,1,0,z,3.43603809999877,0,1,1,0,2C,3C,C32,3.25809653802148,0.673130609665317,0.5,0.5,0.5,0.428189519446821,0.62337757956928,0.5,0.5,0.5,0.5,0.62337757956928,0.5,0.5,0.5,0.5,0.62337757956928,0.554913673645056,0.445086326354944,0.62337757956928,0.5,0.0802453271513272,0.910112158303434,-0.62337757956928,-0.0895300871098946,CBCsimpleAsymRW,CBCdriftDiffusionLR,0.5,0.132103208404686,0.143620961106357,0.846999487633931,8.10345172216673,2.60163245821027,0.5,38.346009709533
CBC_1007,CBC_1007_MSI_AV_v3_Vset4_Aset2_2023-06-21_16h24.09.852.csv,3,12,1,3,b,1,0,3,aud,B,27,1,1B,3B,1,0,b,2.72216000000117,1,0,1,1,1B,3B,B13,3.29583686600433,0.673130609665317,0.5,0.5,0.5,0.428189519446821,0.62337757956928,0.5,0.5,0.5,0.5,0.533847492459386,0.5,0.5,0.5,0.5,0.62337757956928,0.554913673645056,0.445086326354944,0.62337757956928,0.5,0.1790682187821,0.910324776680996,0.37662242043072,0.0497530300960368,CBCsimpleAsymRW,CBCdriftDiffusionLR,0.5,0.132103208404686,0.143620961106357,0.846999487633931,8.10345172216673,2.60163245821027,0.5,38.346009709533
CBC_1007,CBC_1007_MSI_AV_v3_Vset4_Aset2_2023-06-21_16h24.09.852.csv,3,13,3,2,z,0,1,1,aud,C,63,1,3C,2C,0,1,b,2.11386549999952,1,0,0,0,3C,2C,C32,2.63905732961526,0.673130609665317,0.5,0.5,0.5,0.428189519446821,0.673130609665317,0.5,0.5,0.5,0.5,0.533847492459386,0.5,0.5,0.5,0.5,0.62337757956928,0.483630326181443,0.516369673818557,0.5,0.533847492459386,0.124498896628647,0.333733974509865,-0.5,-0.0718104805531785,CBCsimpleAsymRW,CBCdriftDiffusionLR,0.5,0.132103208404686,0.143620961106357,0.846999487633931,8.10345172216673,2.60163245821027,0.5,38.346009709533
CBC_1007,CBC_1007_MSI_AV_v3_Vset4_Aset2_2023-06-21_16h24.09.852.csv,3,14,3,2,b,1,0,2,aud,D,63,1,3D,2D,1,0,b,1.10017619999962,1,0,1,1,3D,2D,D32,2.67414864942653,0.673130609665317,0.5,0.5,0.5,0.428189519446821,0.673130609665317,0.5,0.5,0.5,0.5,0.533847492459386,0.428189519446821,0.5,0.5,0.5,0.62337757956928,0.554913673645056,0.445086326354944,0.62337757956928,0.5,0.415407210358806,0.91040084481509,0.37662242043072,0.0497530300960368,CBCsimpleAsymRW,CBCdriftDiffusionLR,0.5,0.132103208404686,0.143620961106357,0.846999487633931,8.10345172216673,2.60163245821027,0.5,38.346009709533
CBC_1007,CBC_1007_MSI_AV_v3_Vset4_Aset2_2023-06-21_16h24.09.852.csv,3,15,0,3,b,1,0,0,aud,A,9,1,0A,3A,1,0,b,1.65734789999988,1,0,1,1,0A,3A,A03,3.40119738166216,0.673130609665317,0.5,0.5,0.5,0.428189519446821,0.673130609665317,0.5,0.5,0.5,0.5,0.533847492459386,0.428189519446821,0.5,0.5,0.5,0.673130609665317,0.573789997566729,0.426210002433271,0.673130609665317,0.5,0.66421274748484,0.957343585003052,0.326869390334683,0.0431804951924954,CBCsimpleAsymRW,CBCdriftDiffusionLR,0.5,0.132103208404686,0.143620961106357,0.846999487633931,8.10345172216673,2.60163245821027,0.5,38.346009709533
CBC_1007,CBC_1007_MSI_AV_v3_Vset4_Aset2_2023-06-21_16h24.09.852.csv,3,16,0,1,z,0,1,3,aud,B,63,0,0B,1B,1,0,z,2.12121760000082,0,1,1,0,1B,0B,B01,2.7408400239252,0.716311104857812,0.5,0.5,0.5,0.428189519446821,0.673130609665317,0.5,0.5,0.5,0.5,0.533847492459386,0.428189519446821,0.5,0.5,0.5,0.673130609665317,0.611203402055296,0.388796597944704,0.673130609665317,0.428189519446821,0.240763822079382,0.990900164465207,-0.673130609665317,-0.0966756651102409,CBCsimpleAsymRW,CBCdriftDiffusionLR,0.5,0.132103208404686,0.143620961106357,0.846999487633931,8.10345172216673,2.60163245821027,0.5,38.346009709533
CBC_1007,CBC_1007_MSI_AV_v3_Vset4_Aset2_2023-06-21_16h24.09.852.csv,3,17,2,3,z,0,1,2,aud,D,63,1,2D,3D,0,1,z,1.52937220000058,0,1,1,1,3D,2D,D23,3.46573590279973,0.716311104857812,0.5,0.5,0.5,0.428189519446821,0.576454944555076,0.5,0.5,0.5,0.5,0.533847492459386,0.428189519446821,0.5,0.5,0.5,0.673130609665317,0.573789997566729,0.426210002433271,0.673130609665317,0.5,0.774551616148882,0.957256798496713,0.326869390334683,0.0431804951924954,CBCsimpleAsymRW,CBCdriftDiffusionLR,0.5,0.132103208404686,0.143620961106357,0.846999487633931,8.10345172216673,2.60163245821027,0.5,38.346009709533
CBC_1007,CBC_1007_MSI_AV_v3_Vset4_Aset2_2023-06-21_16h24.09.852.csv,3,18,0,2,z,0,1,1,aud,C,27,1,0C,2C,0,1,b,3.39959239999916,1,0,0,0,0C,2C,C02,3.49650756146648,0.716311104857812,0.5,0.5,0.5,0.428189519446821,0.576454944555076,0.5,0.5,0.5,0.5,0.533847492459386,0.428189519446821,0.5,0.5,0.5,0.716311104857812,0.483630326181443,0.516369673818557,0.5,0.533847492459386,0.0466164085266708,0.333325317140864,-0.5,-0.0718104805531785,CBCsimpleAsymRW,CBCdriftDiffusionLR,0.5,0.132103208404686,0.143620961106357,0.846999487633931,8.10345172216673,2.60163245821027,0.5,38.346009709533
CBC_1007,CBC_1007_MSI_AV_v3_Vset4_Aset2_2023-06-21_16h24.09.852.csv,3,19,0,1,b,1,0,0,aud,A,63,1,0A,1A,1,0,b,0.991809699999067,1,0,1,1,0A,1A,A01,2.83321334405622,0.716311104857812,0.5,0.5,0.5,0.428189519446821,0.576454944555076,0.5,0.5,0.428189519446821,0.5,0.533847492459386,0.428189519446821,0.5,0.5,0.5,0.716311104857812,0.588920961090419,0.411079038909581,0.716311104857812,0.5,0.153218006967146,0.976998107272702,0.283688895142188,0.0374762132370636,CBCsimpleAsymRW,CBCdriftDiffusionLR,0.5,0.132103208404686,0.143620961106357,0.846999487633931,8.10345172216673,2.60163245821027,0.5,38.346009709533
CBC_1007,CBC_1007_MSI_AV_v3_Vset4_Aset2_2023-06-21_16h24.09.852.csv,3,20,1,0,b,1,0,3,aud,B,63,1,1B,0B,1,0,b,1.87979779999841,1,0,1,1,1B,0B,B10,2.86220088092947,0.753787318094876,0.5,0.5,0.5,0.428189519446821,0.576454944555076,0.5,0.5,0.428189519446821,0.5,0.533847492459386,0.428189519446821,0.5,0.5,0.5,0.716311104857812,0.573789997566729,0.426210002433271,0.576454944555076,0.428189519446821,0.491328023911152,0.95749435403197,0.423545055444924,0.0559516607282152,CBCsimpleAsymRW,CBCdriftDiffusionLR,0.5,0.132103208404686,0.143620961106357,0.846999487633931,8.10345172216673,2.60163245821027,0.5,38.346009709533
CBC_1007,CBC_1007_MSI_AV_v3_Vset4_Aset2_2023-06-21_16h24.09.852.csv,3,21,1,3,z,0,1,2,aud,D,27,1,1D,3D,0,1,z,1.30866839999908,0,1,1,1,3D,1D,D13,3.58351893845611,0.753787318094876,0.5,0.5,0.5,0.428189519446821,0.632406605283291,0.5,0.5,0.428189519446821,0.5,0.533847492459386,0.428189519446821,0.5,0.5,0.5,0.716311104857812,0.588920961090419,0.411079038909581,0.716311104857812,0.5,1.06855361362058,0.977031760751759,0.283688895142188,0.0374762132370636,CBCsimpleAsymRW,CBCdriftDiffusionLR,0.5,0.132103208404686,0.143620961106357,0.846999487633931,8.10345172216673,2.60163245821027,0.5,38.346009709533
CBC_1007,CBC_1007_MSI_AV_v3_Vset4_Aset2_2023-06-21_16h24.09.852.csv,3,22,3,2,z,0,1,1,aud,C,63,1,3C,2C,0,1,z,2.35934300000008,0,1,1,1,2C,3C,C32,2.51230562397611,0.753787318094876,0.5,0.5,0.5,0.428189519446821,0.632406605283291,0.5,0.5,0.428189519446821,0.5,0.533847492459386,0.428189519446821,0.5,0.5,0.5,0.753787318094876,0.554913673645056,0.445086326354944,0.533847492459386,0.428189519446821,0.269305110231215,0.910405345081025,0.466152507540614,0.0615802418520049,CBCsimpleAsymRW,CBCdriftDiffusionLR,0.5,0.132103208404686,0.143620961106357,0.846999487633931,8.10345172216673,2.60163245821027,0.5,38.346009709533
CBC_1007,CBC_1007_MSI_AV_v3_Vset4_Aset2_2023-06-21_16h24.09.852.csv,3,23,0,1,b,1,0,0,aud,A,63,1,0A,1A,1,0,b,1.25399389999984,1,0,1,1,0A,1A,A01,2.53897387105828,0.753787318094876,0.5,0.5,0.5,0.428189519446821,0.632406605283291,0.5,0.5,0.428189519446821,0.5,0.595427734311391,0.428189519446821,0.5,0.5,0.5,0.753787318094876,0.601208280875143,0.398791719124857,0.753787318094876,0.5,1.221100413558,0.98616891855017,0.246212681905124,0.0325254852295893,CBCsimpleAsymRW,CBCdriftDiffusionLR,0.5,0.132103208404686,0.143620961106357,0.846999487633931,8.10345172216673,2.60163245821027,0.5,38.346009709533
CBC_1007,CBC_1007_MSI_AV_v3_Vset4_Aset2_2023-06-21_16h24.09.852.csv,3,24,2,3,z,0,1,2,aud,D,63,1,2D,3D,0,1,z,1.41416439999921,0,1,1,1,3D,2D,D23,2.9704144655697,0.786312803324465,0.5,0.5,0.5,0.428189519446821,0.632406605283291,0.5,0.5,0.428189519446821,0.5,0.595427734311391,0.428189519446821,0.5,0.5,0.5,0.753787318094876,0.601208280875143,0.398791719124857,0.753787318094876,0.5,1.07637570051852,0.986168704193129,0.246212681905124,0.0325254852295893,CBCsimpleAsymRW,CBCdriftDiffusionLR,0.5,0.132103208404686,0.143620961106357,0.846999487633931,8.10345172216673,2.60163245821027,0.5,38.346009709533
CBC_1007,CBC_1007_MSI_AV_v3_Vset4_Aset2_2023-06-21_16h24.09.852.csv,3,25,2,0,b,1,0,1,aud,C,27,1,2C,0C,1,0,b,2.15954239999883,1,0,1,1,2C,0C,C20,3.68887945411394,0.786312803324465,0.5,0.5,0.5,0.428189519446821,0.632406605283291,0.5,0.5,0.428189519446821,0.5,0.595427734311391,0.428189519446821,0.5,0.5,0.5,0.786312803324465,0.581689818264861,0.418310181735139,0.595427734311391,0.428189519446821,0.315432264424802,0.969022013695743,0.404572265688609,0.0534452943290185,CBCsimpleAsymRW,CBCdriftDiffusionLR,0.5,0.132103208404686,0.143620961106357,0.846999487633931,8.10345172216673,2.60163245821027,0.5,38.346009709533
CBC_1007,CBC_1007_MSI_AV_v3_Vset4_Aset2_2023-06-21_16h24.09.852.csv,3,26,0,1,b,1,0,0,aud,A,63,1,0A,1A,1,0,b,1.21733180000047,1,0,1,1,0A,1A,A01,2.32727770558442,0.786312803324465,0.5,0.5,0.5,0.428189519446821,0.632406605283291,0.5,0.5,0.428189519446821,0.5,0.648873028640409,0.428189519446821,0.5,0.5,0.5,0.786312803324465,0.611292059981247,0.388707940018753,0.786312803324465,0.5,1.34184292636795,0.99094533547341,0.213687196675535,0.0282287642758413,CBCsimpleAsymRW,CBCdriftDiffusionLR,0.5,0.132103208404686,0.143620961106357,0.846999487633931,8.10345172216673,2.60163245821027,0.5,38.346009709533
CBC_1007,CBC_1007_MSI_AV_v3_Vset4_Aset2_2023-06-21_16h24.09.852.csv,3,27,1,3,b,1,0,3,aud,B,27,1,1B,3B,1,0,b,1.20220560000053,1,0,1,1,1B,3B,B13,3.04452243772342,0.814541567600307,0.5,0.5,0.5,0.428189519446821,0.632406605283291,0.5,0.5,0.428189519446821,0.5,0.648873028640409,0.428189519446821,0.5,0.5,0.5,0.786312803324465,0.55846248364569,0.44153751635431,0.632406605283291,0.5,0.662259920799273,0.921669158774614,0.367593394716709,0.0485602668304475,CBCsimpleAsymRW,CBCdriftDiffusionLR,0.5,0.132103208404686,0.143620961106357,0.846999487633931,8.10345172216673,2.60163245821027,0.5,38.346009709533
CBC_1007,CBC_1007_MSI_AV_v3_Vset4_Aset2_2023-06-21_16h24.09.852.csv,3,28,3,2,z,0,1,1,aud,C,63,1,3C,2C,0,1,z,1.49521320000167,0,1,1,1,2C,3C,C32,2.37490575457367,0.814541567600307,0.5,0.5,0.5,0.428189519446821,0.680966872113739,0.5,0.5,0.428189519446821,0.5,0.648873028640409,0.428189519446821,0.5,0.5,0.5,0.786312803324465,0.602446932903527,0.397553067096473,0.648873028640409,0.428189519446821,0.95645646061894,0.986885840216109,0.351126971359591,0.0463849994740224,CBCsimpleAsymRW,CBCdriftDiffusionLR,0.5,0.132103208404686,0.143620961106357,0.846999487633931,8.10345172216673,2.60163245821027,0.5,38.346009709533
CBC_1007,CBC_1007_MSI_AV_v3_Vset4_Aset2_2023-06-21_16h24.09.852.csv,3,29,3,2,b,1,0,2,aud,D,63,0,3D,2D,0,1,b,1.14039719999892,1,0,1,0,3D,2D,D32,2.68557734525015,0.814541567600307,0.5,0.5,0.5,0.428189519446821,0.680966872113739,0.5,0.5,0.428189519446821,0.5,0.695258028114432,0.428189519446821,0.5,0.5,0.5,0.786312803324465,0.611292059981247,0.388707940018753,0.786312803324465,0.5,1.18303880700279,0.990899978889759,-0.786312803324465,-0.112931000543694,CBCsimpleAsymRW,CBCdriftDiffusionLR,0.5,0.132103208404686,0.143620961106357,0.846999487633931,8.10345172216673,2.60163245821027,0.5,38.346009709533
CBC_1007,CBC_1007_MSI_AV_v3_Vset4_Aset2_2023-06-21_16h24.09.852.csv,3,30,0,1,z,0,1,3,aud,B,63,1,0B,1B,0,1,z,1.63441539999985,0,1,1,1,1B,0B,B01,2.70805020110221,0.814541567600307,0.5,0.5,0.5,0.428189519446821,0.680966872113739,0.5,0.5,0.428189519446821,0.5,0.695258028114432,0.428189519446821,0.5,0.5,0.5,0.673381802780772,0.613950275448201,0.386049724551799,0.680966872113739,0.428189519446821,0.731307650032947,0.991872431235987,0.319033127886261,0.0421452997811577,CBCsimpleAsymRW,CBCdriftDiffusionLR,0.5,0.132103208404686,0.143620961106357,0.846999487633931,8.10345172216673,2.60163245821027,0.5,38.346009709533
CBC_1007,CBC_1007_MSI_AV_v3_Vset4_Aset2_2023-06-21_16h24.09.852.csv,3,31,2,0,z,0,1,0,aud,A,27,1,2A,0A,0,1,z,1.90010190000066,0,1,1,1,0A,2A,A20,3.13549421592915,0.814541567600307,0.5,0.5,0.5,0.428189519446821,0.723112171894897,0.5,0.5,0.428189519446821,0.5,0.695258028114432,0.428189519446821,0.5,0.5,0.5,0.673381802780772,0.619639262596504,0.380360737403496,0.814541567600307,0.5,0.368071718587444,0.993602702478783,0.185458432399693,0.0244996539457031,CBCsimpleAsymRW,CBCdriftDiffusionLR,0.5,0.132103208404686,0.143620961106357,0.846999487633931,8.10345172216673,2.60163245821027,0.5,38.346009709533
CBC_1007,CBC_1007_MSI_AV_v3_Vset4_Aset2_2023-06-21_16h24.09.852.csv,3,32,3,0,b,1,0,2,aud,D,9,1,3D,0D,1,0,b,1.42563370000062,1,0,1,1,3D,0D,D30,3.85014760171006,0.83904122154601,0.5,0.5,0.5,0.428189519446821,0.723112171894897,0.5,0.5,0.428189519446821,0.5,0.695258028114432,0.428189519446821,0.5,0.5,0.5,0.673381802780772,0.573881238983713,0.426118761016287,0.673381802780772,0.5,0.856440960696019,0.95747341206278,0.326618197219228,0.0431473117760147,CBCsimpleAsymRW,CBCdriftDiffusionLR,0.5,0.132103208404686,0.143620961106357,0.846999487633931,8.10345172216673,2.60163245821027,0.5,38.346009709533
CBC_1007,CBC_1007_MSI_AV_v3_Vset4_Aset2_2023-06-21_16h24.09.852.csv,3,33,3,2,z,0,1,1,aud,C,63,1,3C,2C,0,1,z,1.79726230000051,0,1,1,1,2C,3C,C32,2.26176309847379,0.83904122154601,0.5,0.5,0.5,0.428189519446821,0.723112171894897,0.5,0.5,0.428189519446821,0.5,0.695258028114432,0.428189519446821,0.5,0.5,0.5,0.716529114556786,0.618861138309196,0.381138861690804,0.695258028114432,0.428189519446821,0.481665338861484,0.993416814853887,0.304741971885568,0.0402573922216543,CBCsimpleAsymRW,CBCdriftDiffusionLR,0.5,0.132103208404686,0.143620961106357,0.846999487633931,8.10345172216673,2.60163245821027,0.5,38.346009709533
CBC_1007,CBC_1007_MSI_AV_v3_Vset4_Aset2_2023-06-21_16h24.09.852.csv,3,34,0,1,z,0,1,3,aud,B,63,1,0B,1B,0,1,z,2.18018439999832,0,1,1,1,1B,0B,B01,2.50552593699074,0.83904122154601,0.5,0.5,0.5,0.428189519446821,0.723112171894897,0.5,0.5,0.428189519446821,0.5,0.735515420336086,0.428189519446821,0.5,0.5,0.5,0.716529114556786,0.628082263174813,0.371917736825187,0.723112171894897,0.428189519446821,0.147853799228993,0.995495032122371,0.276887828105103,0.0365777704608895,CBCsimpleAsymRW,CBCdriftDiffusionLR,0.5,0.132103208404686,0.143620961106357,0.846999487633931,8.10345172216673,2.60163245821027,0.5,38.346009709533
CBC_1007,CBC_1007_MSI_AV_v3_Vset4_Aset2_2023-06-21_16h24.09.852.csv,3,35,0,1,b,1,0,0,aud,A,63,0,0A,1A,0,1,b,1.18391060000067,1,0,1,0,0A,1A,A01,2.30258509299405,0.83904122154601,0.5,0.5,0.5,0.428189519446821,0.759689942355786,0.5,0.5,0.428189519446821,0.5,0.735515420336086,0.428189519446821,0.5,0.5,0.5,0.716529114556786,0.626598500513137,0.373401499486862,0.83904122154601,0.5,1.52777292883576,0.995202341752771,-0.83904122154601,-0.12050390664629,CBCsimpleAsymRW,CBCdriftDiffusionLR,0.5,0.132103208404686,0.143620961106357,0.846999487633931,8.10345172216673,2.60163245821027,0.5,38.346009709533
CBC_1007,CBC_1007_MSI_AV_v3_Vset4_Aset2_2023-06-21_16h24.09.852.csv,3,36,2,3,z,0,1,2,aud,D,63,1,2D,3D,0,1,z,1.71770680000009,0,1,1,1,3D,2D,D23,2.83321334405622,0.71853731489972,0.5,0.5,0.5,0.428189519446821,0.759689942355786,0.5,0.5,0.428189519446821,0.5,0.735515420336086,0.428189519446821,0.5,0.5,0.5,0.716529114556786,0.588994629049907,0.411005370950093,0.716529114556786,0.5,0.637142952522041,0.976994078092002,0.283470885443214,0.0374474134563658,CBCsimpleAsymRW,CBCdriftDiffusionLR,0.5,0.132103208404686,0.143620961106357,0.846999487633931,8.10345172216673,2.60163245821027,0.5,38.346009709533
CBC_1007,CBC_1007_MSI_AV_v3_Vset4_Aset2_2023-06-21_16h24.09.852.csv,3,37,1,2,b,1,0,3,aud,B,9,1,1B,2B,1,0,b,1.89318139999887,1,0,1,1,1B,2B,B12,3.95124371858143,0.71853731489972,0.5,0.5,0.5,0.428189519446821,0.759689942355786,0.5,0.5,0.428189519446821,0.5,0.735515420336086,0.428189519446821,0.5,0.5,0.5,0.753976528013152,0.603076929339505,0.396923070660495,0.759689942355786,0.5,0.438610272433506,0.987236528424422,0.240310057644214,0.0317457296267158,CBCsimpleAsymRW,CBCdriftDiffusionLR,0.5,0.132103208404686,0.143620961106357,0.846999487633931,8.10345172216673,2.60163245821027,0.5,38.346009709533
CBC_1007,CBC_1007_MSI_AV_v3_Vset4_Aset2_2023-06-21_16h24.09.852.csv,3,38,2,0,z,0,1,0,aud,A,27,1,2A,0A,0,1,z,2.02267620000021,0,1,1,1,0A,2A,A20,2.87167962488401,0.71853731489972,0.5,0.5,0.5,0.428189519446821,0.791435671982502,0.5,0.5,0.428189519446821,0.5,0.735515420336086,0.428189519446821,0.5,0.5,0.5,0.753976528013152,0.589671983051953,0.410328016948047,0.71853731489972,0.5,0.375751906735258,0.977688419889106,0.28146268510028,0.0371821237479449,CBCsimpleAsymRW,CBCdriftDiffusionLR,0.5,0.132103208404686,0.143620961106357,0.846999487633931,8.10345172216673,2.60163245821027,0.5,38.346009709533
CBC_1007,CBC_1007_MSI_AV_v3_Vset4_Aset2_2023-06-21_16h24.09.852.csv,3,39,2,3,b,1,0,1,aud,C,63,1,2C,3C,1,0,b,1.32778390000021,1,0,1,1,2C,3C,C23,3.29583686600433,0.755719438647665,0.5,0.5,0.5,0.428189519446821,0.791435671982502,0.5,0.5,0.428189519446821,0.5,0.735515420336086,0.428189519446821,0.5,0.5,0.5,0.753976528013152,0.632046316202197,0.367953683797803,0.735515420336086,0.428189519446821,1.44102733183992,0.996183838230989,0.264484579663914,0.0349392615471679,CBCsimpleAsymRW,CBCdriftDiffusionLR,0.5,0.132103208404686,0.143620961106357,0.846999487633931,8.10345172216673,2.60163245821027,0.5,38.346009709533
CBC_1007,CBC_1007_MSI_AV_v3_Vset4_Aset2_2023-06-21_16h24.09.852.csv,3,40,1,3,z,0,1,2,aud,D,27,1,1D,3D,0,1,z,1.52682789999926,0,1,1,1,3D,1D,D13,3.31418600467253,0.755719438647665,0.5,0.5,0.5,0.428189519446821,0.791435671982502,0.5,0.5,0.428189519446821,0.5,0.770454681883254,0.428189519446821,0.5,0.5,0.5,0.753976528013152,0.601268453730774,0.398731546269226,0.753976528013152,0.5,0.902494220302606,0.986173448194524,0.246023471986848,0.0325004899923231,CBCsimpleAsymRW,CBCdriftDiffusionLR,0.5,0.132103208404686,0.143620961106357,0.846999487633931,8.10345172216673,2.60163245821027,0.5,38.346009709533
CBC_1007,CBC_1007_MSI_AV_v3_Vset4_Aset2_2023-06-21_16h24.09.852.csv,3,41,0,1,b,1,0,0,aud,A,63,1,0A,1A,1,0,b,1.16805919999933,1,0,1,1,0A,1A,A01,2.23359222150709,0.755719438647665,0.5,0.5,0.5,0.428189519446821,0.791435671982502,0.5,0.5,0.428189519446821,0.5,0.770454681883254,0.428189519446821,0.5,0.5,0.5,0.786477018005475,0.601821884243131,0.398178115756869,0.755719438647665,0.5,1.13123363134482,0.98655989600832,0.244280561352335,0.0322702459055413,CBCsimpleAsymRW,CBCdriftDiffusionLR,0.5,0.132103208404686,0.143620961106357,0.846999487633931,8.10345172216673,2.60163245821027,0.5,38.346009709533
CBC_1007,CBC_1007_MSI_AV_v3_Vset4_Aset2_2023-06-21_16h24.09.852.csv,3,42,0,2,z,0,1,1,aud,C,27,1,0C,2C,0,1,z,2.77161019999949,0,1,1,1,2C,0C,C02,3.3499040872746,0.787989684553206,0.5,0.5,0.5,0.428189519446821,0.791435671982502,0.5,0.5,0.428189519446821,0.5,0.770454681883254,0.428189519446821,0.5,0.5,0.5,0.786477018005475,0.642771792520515,0.357228207479485,0.770454681883254,0.428189519446821,0.0133879882275362,0.997576523960562,0.229545318116746,0.0303236729974965,CBCsimpleAsymRW,CBCdriftDiffusionLR,0.5,0.132103208404686,0.143620961106357,0.846999487633931,8.10345172216673,2.60163245821027,0.5,38.346009709533
CBC_1007,CBC_1007_MSI_AV_v3_Vset4_Aset2_2023-06-21_16h24.09.852.csv,3,43,3,2,b,1,0,2,aud,D,63,1,3D,2D,1,0,b,1.18890570000076,1,0,1,1,3D,2D,D32,2.67414864942653,0.787989684553206,0.5,0.5,0.5,0.428189519446821,0.791435671982502,0.5,0.5,0.428189519446821,0.5,0.80077835488075,0.428189519446821,0.5,0.5,0.5,0.786477018005475,0.611341677307855,0.388658322692145,0.786477018005475,0.5,1.31000286509699,0.990939715260814,0.213522981994525,0.0282070709896128,CBCsimpleAsymRW,CBCdriftDiffusionLR,0.5,0.132103208404686,0.143620961106357,0.846999487633931,8.10345172216673,2.60163245821027,0.5,38.346009709533
CBC_1007,CBC_1007_MSI_AV_v3_Vset4_Aset2_2023-06-21_16h24.09.852.csv,3,44,1,0,b,1,0,3,aud,B,63,1,1B,0B,1,0,b,1.1392792000006,1,0,1,1,1B,0B,B10,2.97892515523761,0.787989684553206,0.5,0.5,0.5,0.428189519446821,0.791435671982502,0.5,0.5,0.428189519446821,0.5,0.80077835488075,0.428189519446821,0.5,0.5,0.5,0.814684088995088,0.648917124329803,0.351082875670197,0.791435671982502,0.428189519446821,1.7907170220686,0.99812779175263,0.208564328017498,0.0275520168898789,CBCsimpleAsymRW,CBCdriftDiffusionLR,0.5,0.132103208404686,0.143620961106357,0.846999487633931,8.10345172216673,2.60163245821027,0.5,38.346009709533
CBC_1007,CBC_1007_MSI_TV_v3_Vset1_Tset3_2023-06-21_16h50.43.207.csv,4,1,0,1,b,1,0,0,tac,A,63,1,0A,1A,1,0,z,2.03404790000059,0,1,0,0,1A,0A,A01,2.77258872223978,0.5,0.5,0.5,0.5,0.5,0.5,0.5,0.5,0.5,0.5,0.5,0.5,0.5,0.5,0.5,0.5,0.5,0.5,0.5,0.5,0.207633592320718,0.500277119773946,-0.5,-0.0154140496968728,CBCsimpleAsymRW,CBCdriftDiffusionLR,0.5,0.854015781485896,0.0308280993937456,1.33196830098107,4.710438014459,2.98252960408082,0.5,36.9863262898266
CBC_1007,CBC_1007_MSI_TV_v3_Vset1_Tset3_2023-06-21_16h50.43.207.csv,4,2,2,3,z,0,1,2,tac,D,63,1,2D,3D,0,1,b,2.42155249999996,1,0,0,0,2D,3D,D23,2.83321334405622,0.5,0.484585950303127,0.5,0.5,0.5,0.5,0.5,0.5,0.5,0.5,0.5,0.5,0.5,0.5,0.5,0.5,0.5,0.5,0.5,0.5,0.188668487059423,0.500806424638384,-0.5,-0.0154140496968728,CBCsimpleAsymRW,CBCdriftDiffusionLR,0.5,0.854015781485896,0.0308280993937456,1.33196830098107,4.710438014459,2.98252960408082,0.5,36.9863262898266
CBC_1007,CBC_1007_MSI_TV_v3_Vset1_Tset3_2023-06-21_16h50.43.207.csv,4,3,0,2,z,0,1,1,tac,C,27,1,0C,2C,0,1,z,2.58686540000053,0,1,1,1,2C,0C,C02,2.89037175789616,0.5,0.484585950303127,0.5,0.5,0.5,0.5,0.5,0.5,0.5,0.5,0.5,0.5,0.5,0.5,0.484585950303127,0.5,0.5,0.5,0.5,0.5,0.174179154895359,0.500403644615526,0.5,0.427007890742948,CBCsimpleAsymRW,CBCdriftDiffusionLR,0.5,0.854015781485896,0.0308280993937456,1.33196830098107,4.710438014459,2.98252960408082,0.5,36.9863262898266
CBC_1007,CBC_1007_MSI_TV_v3_Vset1_Tset3_2023-06-21_16h50.43.207.csv,4,4,0,1,b,1,0,0,tac,A,63,1,0A,1A,1,0,z,2.51520960000198,0,1,0,0,1A,0A,A01,2.2512917986065,0.5,0.484585950303127,0.5,0.5,0.5,0.5,0.5,0.5,0.5,0.5,0.927007890742948,0.5,0.5,0.5,0.484585950303127,0.5,0.492172318885859,0.507827681114141,0.484585950303127,0.5,0.160961393793599,0.44507909162411,-0.484585950303127,-0.0149388638407575,CBCsimpleAsymRW,CBCdriftDiffusionLR,0.5,0.854015781485896,0.0308280993937456,1.33196830098107,4.710438014459,2.98252960408082,0.5,36.9863262898266
CBC_1007,CBC_1007_MSI_TV_v3_Vset1_Tset3_2023-06-21_16h50.43.207.csv,4,5,1,3,b,1,0,3,tac,B,27,1,1B,3B,1,0,z,2.33534440000039,0,1,0,0,3B,1B,B13,2.99573227355399,0.5,0.46964708646237,0.5,0.5,0.5,0.5,0.5,0.5,0.5,0.5,0.927007890742948,0.5,0.5,0.5,0.484585950303127,0.5,0.5,0.5,0.5,0.5,0.195266287065589,0.499798035508341,-0.5,-0.0154140496968728,CBCsimpleAsymRW,CBCdriftDiffusionLR,0.5,0.854015781485896,0.0308280993937456,1.33196830098107,4.710438014459,2.98252960408082,0.5,36.9863262898266
CBC_1007,CBC_1007_MSI_TV_v3_Vset1_Tset3_2023-06-21_16h50.43.207.csv,4,6,3,2,z,0,1,1,tac,C,63,1,3C,2C,0,1,z,2.55173960000138,0,1,1,1,2C,3C,C32,3.04452243772342,0.5,0.46964708646237,0.5,0.5,0.5,0.5,0.5,0.484585950303127,0.5,0.5,0.927007890742948,0.5,0.5,0.5,0.484585950303127,0.5,0.649616513515084,0.350383486484916,0.927007890742948,0.5,0.431462395043029,0.985265750955697,0.0729921092570518,0.062336413229465,CBCsimpleAsymRW,CBCdriftDiffusionLR,0.5,0.854015781485896,0.0308280993937456,1.33196830098107,4.710438014459,2.98252960408082,0.5,36.9863262898266
CBC_1007,CBC_1007_MSI_TV_v3_Vset1_Tset3_2023-06-21_16h50.43.207.csv,4,7,3,2,b,1,0,2,tac,D,63,1,3D,2D,1,0,b,2.32430040000145,1,0,1,1,3D,2D,D32,3.09104245335832,0.5,0.46964708646237,0.5,0.5,0.5,0.5,0.5,0.484585950303127,0.5,0.5,0.989344303972413,0.5,0.5,0.5,0.484585950303127,0.5,0.507827681114141,0.492172318885859,0.5,0.484585950303127,0.218442539603283,0.554855250102397,0.5,0.427007890742948,CBCsimpleAsymRW,CBCdriftDiffusionLR,0.5,0.854015781485896,0.0308280993937456,1.33196830098107,4.710438014459,2.98252960408082,0.5,36.9863262898266
CBC_1007,CBC_1007_MSI_TV_v3_Vset1_Tset3_2023-06-21_16h50.43.207.csv,4,8,0,1,z,0,1,3,tac,B,63,1,0B,1B,0,1,z,3.3468842000002,0,1,1,1,1B,0B,B01,3.13549421592915,0.5,0.46964708646237,0.5,0.5,0.5,0.5,0.5,0.484585950303127,0.5,0.5,0.989344303972413,0.5,0.5,0.5,0.484585950303127,0.927007890742948,0.5,0.5,0.5,0.5,0.115751988752245,0.501342989175737,0.5,0.427007890742948,CBCsimpleAsymRW,CBCdriftDiffusionLR,0.5,0.854015781485896,0.0308280993937456,1.33196830098107,4.710438014459,2.98252960408082,0.5,36.9863262898266
CBC_1007,CBC_1007_MSI_TV_v3_Vset1_Tset3_2023-06-21_16h50.43.207.csv,4,9,2,0,z,0,1,0,tac,A,27,1,2A,0A,0,1,z,2.69209190000038,0,1,1,1,0A,2A,A20,3.17805383034795,0.5,0.46964708646237,0.5,0.5,0.5,0.927007890742948,0.5,0.484585950303127,0.5,0.5,0.989344303972413,0.5,0.5,0.5,0.484585950303127,0.927007890742948,0.5,0.5,0.5,0.5,0.164224514192527,0.498014270467398,0.5,0.427007890742948,CBCsimpleAsymRW,CBCdriftDiffusionLR,0.5,0.854015781485896,0.0308280993937456,1.33196830098107,4.710438014459,2.98252960408082,0.5,36.9863262898266
CBC_1007,CBC_1007_MSI_TV_v3_Vset1_Tset3_2023-06-21_16h50.43.207.csv,4,10,3,0,b,1,0,2,tac,D,9,1,3D,0D,1,0,b,2.17954090000057,1,0,1,1,3D,0D,D30,3.2188758248682,0.927007890742948,0.46964708646237,0.5,0.5,0.5,0.927007890742948,0.5,0.484585950303127,0.5,0.5,0.989344303972413,0.5,0.5,0.5,0.484585950303127,0.927007890742948,0.649616513515084,0.350383486484916,0.927007890742948,0.5,0.723806885313678,0.985282010468931,0.0729921092570518,0.062336413229465,CBCsimpleAsymRW,CBCdriftDiffusionLR,0.5,0.854015781485896,0.0308280993937456,1.33196830098107,4.710438014459,2.98252960408082,0.5,36.9863262898266
CBC_1007,CBC_1007_MSI_TV_v3_Vset1_Tset3_2023-06-21_16h50.43.207.csv,4,11,2,3,b,1,0,1,tac,C,63,1,2C,3C,1,0,b,2.83385510000153,1,0,1,1,2C,3C,C23,3.25809653802148,0.927007890742948,0.46964708646237,0.5,0.5,0.5,0.927007890742948,0.5,0.484585950303127,0.5,0.5,0.989344303972413,0.5,0.5,0.5,0.484585950303127,0.989344303972413,0.664281792553684,0.335718207446316,0.989344303972413,0.5,0.254761538865518,0.990164994682961,0.0106556960275868,0.00910013257027567,CBCsimpleAsymRW,CBCdriftDiffusionLR,0.5,0.854015781485896,0.0308280993937456,1.33196830098107,4.710438014459,2.98252960408082,0.5,36.9863262898266
CBC_1007,CBC_1007_MSI_TV_v3_Vset1_Tset3_2023-06-21_16h50.43.207.csv,4,12,0,1,z,0,1,3,tac,B,63,1,0B,1B,0,1,z,1.85968610000054,0,1,1,1,1B,0B,B01,2.60268968544438,0.927007890742948,0.46964708646237,0.5,0.5,0.5,0.927007890742948,0.5,0.484585950303127,0.5,0.5,0.998444436542689,0.5,0.5,0.5,0.484585950303127,0.989344303972413,0.649616513515084,0.350383486484916,0.927007890742948,0.5,0.913125565315476,0.985222830982683,0.0729921092570518,0.062336413229465,CBCsimpleAsymRW,CBCdriftDiffusionLR,0.5,0.854015781485896,0.0308280993937456,1.33196830098107,4.710438014459,2.98252960408082,0.5,36.9863262898266
CBC_1007,CBC_1007_MSI_TV_v3_Vset1_Tset3_2023-06-21_16h50.43.207.csv,4,13,2,3,z,0,1,2,tac,D,63,1,2D,3D,0,1,z,2.11237790000087,0,1,1,1,3D,2D,D23,2.63905732961526,0.927007890742948,0.46964708646237,0.5,0.5,0.5,0.989344303972413,0.5,0.484585950303127,0.5,0.5,0.998444436542689,0.5,0.5,0.5,0.484585950303127,0.989344303972413,0.671228710519068,0.328771289480932,0.989344303972413,0.484585950303127,0.833390203871446,0.991905272083713,0.0106556960275868,0.00910013257027567,CBCsimpleAsymRW,CBCdriftDiffusionLR,0.5,0.854015781485896,0.0308280993937456,1.33196830098107,4.710438014459,2.98252960408082,0.5,36.9863262898266
CBC_1007,CBC_1007_MSI_TV_v3_Vset1_Tset3_2023-06-21_16h50.43.207.csv,4,14,2,3,b,1,0,1,tac,C,63,1,2C,3C,1,0,b,2.50117239999963,1,0,1,1,2C,3C,C23,2.67414864942653,0.927007890742948,0.46964708646237,0.5,0.5,0.5,0.989344303972413,0.5,0.484585950303127,0.5,0.5,0.998444436542689,0.5,0.5,0.5,0.484585950303127,0.998444436542689,0.666320627040644,0.333679372959356,0.998444436542689,0.5,0.447113462322815,0.990745048105298,0.00155556345731112,0.00132847574164645,CBCsimpleAsymRW,CBCdriftDiffusionLR,0.5,0.854015781485896,0.0308280993937456,1.33196830098107,4.710438014459,2.98252960408082,0.5,36.9863262898266
CBC_1007,CBC_1007_MSI_TV_v3_Vset1_Tset3_2023-06-21_16h50.43.207.csv,4,15,3,1,z,0,1,3,tac,B,27,1,3B,1B,0,1,z,1.75963670000056,0,1,1,1,1B,3B,B31,3.40119738166216,0.927007890742948,0.46964708646237,0.5,0.5,0.5,0.989344303972413,0.5,0.484585950303127,0.5,0.5,0.999772912284335,0.5,0.5,0.5,0.484585950303127,0.998444436542689,0.671228710519068,0.328771289480932,0.989344303972413,0.484585950303127,1.00334419686397,0.991908844150581,0.0106556960275868,0.00910013257027567,CBCsimpleAsymRW,CBCdriftDiffusionLR,0.5,0.854015781485896,0.0308280993937456,1.33196830098107,4.710438014459,2.98252960408082,0.5,36.9863262898266
CBC_1007,CBC_1007_MSI_TV_v3_Vset1_Tset3_2023-06-21_16h50.43.207.csv,4,16,0,3,b,1,0,0,tac,A,9,1,0A,3A,1,0,b,2.71860960000049,1,0,1,1,0A,3A,A03,3.43398720448515,0.927007890742948,0.46964708646237,0.5,0.5,0.5,0.998444436542689,0.5,0.484585950303127,0.5,0.5,0.999772912284335,0.5,0.5,0.5,0.484585950303127,0.998444436542689,0.649616513515084,0.350383486484916,0.927007890742948,0.5,0.335535224166337,0.985291513326078,0.0729921092570518,0.062336413229465,CBCsimpleAsymRW,CBCdriftDiffusionLR,0.5,0.854015781485896,0.0308280993937456,1.33196830098107,4.710438014459,2.98252960408082,0.5,36.9863262898266
CBC_1007,CBC_1007_MSI_TV_v3_Vset1_Tset3_2023-06-21_16h50.43.207.csv,4,17,2,3,z,0,1,2,tac,D,63,1,2D,3D,0,1,z,1.94528710000122,0,1,1,1,3D,2D,D23,2.36712361413162,0.989344303972413,0.46964708646237,0.5,0.5,0.5,0.998444436542689,0.5,0.484585950303127,0.5,0.5,0.999772912284335,0.5,0.5,0.5,0.484585950303127,0.998444436542689,0.673246108372891,0.326753891627109,0.998444436542689,0.484585950303127,1.01855965218054,0.992384491970923,0.00155556345731112,0.00132847574164645,CBCsimpleAsymRW,CBCdriftDiffusionLR,0.5,0.854015781485896,0.0308280993937456,1.33196830098107,4.710438014459,2.98252960408082,0.5,36.9863262898266
CBC_1007,CBC_1007_MSI_TV_v3_Vset1_Tset3_2023-06-21_16h50.43.207.csv,4,18,0,2,z,0,1,1,tac,C,27,1,0C,2C,0,1,z,2.88618900000074,0,1,1,1,2C,0C,C02,2.80336038090653,0.989344303972413,0.46964708646237,0.5,0.5,0.5,0.998444436542689,0.5,0.484585950303127,0.5,0.5,0.999772912284335,0.5,0.5,0.5,0.484585950303127,0.999772912284335,0.666616195088869,0.333383804911131,0.999772912284335,0.5,0.227527641430848,0.990835728714096,0.000227087715664709,0.000193936492959243,CBCsimpleAsymRW,CBCdriftDiffusionLR,0.5,0.854015781485896,0.0308280993937456,1.33196830098107,4.710438014459,2.98252960408082,0.5,36.9863262898266
CBC_1007,CBC_1007_MSI_TV_v3_Vset1_Tset3_2023-06-21_16h50.43.207.csv,4,19,0,1,b,1,0,0,tac,A,63,1,0A,1A,1,0,b,3.09496350000154,1,0,1,1,0A,1A,A01,2.42774823594805,0.989344303972413,0.46964708646237,0.5,0.5,0.5,0.998444436542689,0.5,0.484585950303127,0.5,0.5,0.999966848777295,0.5,0.5,0.5,0.484585950303127,0.999772912284335,0.678101536759299,0.321898463240701,0.989344303972413,0.46964708646237,0.13570568522392,0.993305120393045,0.0106556960275868,0.00910013257027567,CBCsimpleAsymRW,CBCdriftDiffusionLR,0.5,0.854015781485896,0.0308280993937456,1.33196830098107,4.710438014459,2.98252960408082,0.5,36.9863262898266
CBC_1007,CBC_1007_MSI_TV_v3_Vset1_Tset3_2023-06-21_16h50.43.207.csv,4,20,1,0,b,1,0,3,tac,B,63,0,1B,0B,0,1,b,1.88815800000157,1,0,1,0,1B,0B,B10,3.55534806148941,0.998444436542689,0.46964708646237,0.5,0.5,0.5,0.998444436542689,0.5,0.484585950303127,0.5,0.5,0.999966848777295,0.5,0.5,0.5,0.484585950303127,0.999772912284335,0.666320627040644,0.333679372959356,0.998444436542689,0.5,1.01546374289126,0.990745357552906,-0.998444436542689,-0.0307801443288704,CBCsimpleAsymRW,CBCdriftDiffusionLR,0.5,0.854015781485896,0.0308280993937456,1.33196830098107,4.710438014459,2.98252960408082,0.5,36.9863262898266
CBC_1007,CBC_1007_MSI_TV_v3_Vset1_Tset3_2023-06-21_16h50.43.207.csv,4,21,3,1,b,1,0,2,tac,D,27,1,3D,1D,1,0,b,2.2149129999998,1,0,1,1,3D,1D,D31,3.58351893845611,0.998444436542689,0.46964708646237,0.5,0.5,0.5,0.967664292213819,0.5,0.484585950303127,0.5,0.5,0.999966848777295,0.5,0.5,0.5,0.484585950303127,0.999772912284335,0.666616195088869,0.333383804911131,0.999772912284335,0.5,0.712454496017671,0.990806593864354,0.000227087715664709,0.000193936492959243,CBCsimpleAsymRW,CBCdriftDiffusionLR,0.5,0.854015781485896,0.0308280993937456,1.33196830098107,4.710438014459,2.98252960408082,0.5,36.9863262898266
CBC_1007,CBC_1007_MSI_TV_v3_Vset1_Tset3_2023-06-21_16h50.43.207.csv,4,22,3,2,z,0,1,1,tac,C,63,1,3C,2C,0,1,z,2.16772760000094,0,1,1,1,2C,3C,C32,2.91777073208428,0.998444436542689,0.46964708646237,0.5,0.5,0.5,0.967664292213819,0.5,0.484585950303127,0.5,0.5,0.999966848777295,0.5,0.5,0.5,0.484585950303127,0.999966848777295,0.666659299565469,0.333340700434531,0.999966848777295,0.5,0.763663011620147,0.990803982727771,3.31512227054187e-05,2.83116673659811e-05,CBCsimpleAsymRW,CBCdriftDiffusionLR,0.5,0.854015781485896,0.0308280993937456,1.33196830098107,4.710438014459,2.98252960408082,0.5,36.9863262898266
CBC_1007,CBC_1007_MSI_TV_v3_Vset1_Tset3_2023-06-21_16h50.43.207.csv,4,23,0,1,z,0,1,3,tac,B,63,1,0B,1B,0,1,z,1.51004510000166,0,1,1,1,1B,0B,B01,2.53897387105828,0.998444436542689,0.46964708646237,0.5,0.5,0.5,0.967664292213819,0.5,0.484585950303127,0.5,0.5,0.999995160444661,0.5,0.5,0.5,0.484585950303127,0.999966848777295,0.659322637572791,0.340677362427209,0.967664292213819,0.5,0.11798553436527,0.98876212965061,0.0323357077861814,0.0276152047549153,CBCsimpleAsymRW,CBCdriftDiffusionLR,0.5,0.854015781485896,0.0308280993937456,1.33196830098107,4.710438014459,2.98252960408082,0.5,36.9863262898266
CBC_1007,CBC_1007_MSI_TV_v3_Vset1_Tset3_2023-06-21_16h50.43.207.csv,4,24,0,2,b,1,0,0,tac,A,27,1,0A,2A,1,0,b,3.10006939999948,1,0,1,1,0A,2A,A02,3.66356164612965,0.998444436542689,0.46964708646237,0.5,0.5,0.5,0.995279496968734,0.5,0.484585950303127,0.5,0.5,0.999995160444661,0.5,0.5,0.5,0.484585950303127,0.999966848777295,0.666320627040644,0.333679372959356,0.998444436542689,0.5,0.156544292992423,0.990696619816916,0.00155556345731112,0.00132847574164645,CBCsimpleAsymRW,CBCdriftDiffusionLR,0.5,0.854015781485896,0.0308280993937456,1.33196830098107,4.710438014459,2.98252960408082,0.5,36.9863262898266
CBC_1007,CBC_1007_MSI_TV_v3_Vset1_Tset3_2023-06-21_16h50.43.207.csv,4,25,3,2,b,1,0,2,tac,D,63,1,3D,2D,1,0,b,2.65758939999978,1,0,1,1,3D,2D,D32,2.99573227355399,0.999772912284335,0.46964708646237,0.5,0.5,0.5,0.995279496968734,0.5,0.484585950303127,0.5,0.5,0.999995160444661,0.5,0.5,0.5,0.484585950303127,0.999966848777295,0.67358119522371,0.32641880477629,0.999966848777295,0.484585950303127,0.326866774780866,0.992432847843568,3.31512227054187e-05,2.83116673659811e-05,CBCsimpleAsymRW,CBCdriftDiffusionLR,0.5,0.854015781485896,0.0308280993937456,1.33196830098107,4.710438014459,2.98252960408082,0.5,36.9863262898266
CBC_1007,CBC_1007_MSI_TV_v3_Vset1_Tset3_2023-06-21_16h50.43.207.csv,4,26,0,2,z,0,1,1,tac,C,27,1,0C,2C,0,1,z,2.15694570000051,0,1,1,1,2C,0C,C02,2.6149597780362,0.999772912284335,0.46964708646237,0.5,0.5,0.5,0.995279496968734,0.5,0.484585950303127,0.5,0.5,0.999995160444661,0.5,0.5,0.5,0.484585950303127,0.999995160444661,0.666665591206455,0.333334408793545,0.999995160444661,0.5,0.775750189646687,0.990850091803206,4.83955533947533e-06,4.13305663528627e-06,CBCsimpleAsymRW,CBCdriftDiffusionLR,0.5,0.854015781485896,0.0308280993937456,1.33196830098107,4.710438014459,2.98252960408082,0.5,36.9863262898266
CBC_1007,CBC_1007_MSI_TV_v3_Vset1_Tset3_2023-06-21_16h50.43.207.csv,4,27,0,1,z,0,1,3,tac,B,63,1,0B,1B,0,1,z,1.56764789999943,0,1,1,1,1B,0B,B01,2.35137525716348,0.999772912284335,0.46964708646237,0.5,0.5,0.5,0.995279496968734,0.5,0.484585950303127,0.5,0.5,0.999999293501296,0.5,0.5,0.5,0.484585950303127,0.999995160444661,0.665614354364109,0.334385645635891,0.995279496968734,0.5,0.356438284698357,0.990509742673053,0.00472050303126614,0.0040313840852533,CBCsimpleAsymRW,CBCdriftDiffusionLR,0.5,0.854015781485896,0.0308280993937456,1.33196830098107,4.710438014459,2.98252960408082,0.5,36.9863262898266
CBC_1007,CBC_1007_MSI_TV_v3_Vset1_Tset3_2023-06-21_16h50.43.207.csv,4,28,1,0,z,0,1,0,tac,A,63,1,1A,0A,0,1,z,2.45552660000067,0,1,1,1,0A,1A,A10,3.76120011569356,0.999772912284335,0.46964708646237,0.5,0.5,0.5,0.999310881053987,0.5,0.484585950303127,0.5,0.5,0.999999293501296,0.5,0.5,0.5,0.484585950303127,0.999995160444661,0.680386079634863,0.319613920365137,0.999772912284335,0.46964708646237,0.461578045531487,0.993754179990118,0.000227087715664709,0.000193936492959243,CBCsimpleAsymRW,CBCdriftDiffusionLR,0.5,0.854015781485896,0.0308280993937456,1.33196830098107,4.710438014459,2.98252960408082,0.5,36.9863262898266
CBC_1007,CBC_1007_MSI_TV_v3_Vset1_Tset3_2023-06-21_16h50.43.207.csv,4,29,2,3,b,1,0,1,tac,C,63,1,2C,3C,1,0,b,2.3321360000009,1,0,1,1,2C,3C,C23,2.68557734525015,0.999966848777295,0.46964708646237,0.5,0.5,0.5,0.999310881053987,0.5,0.484585950303127,0.5,0.5,0.999999293501296,0.5,0.5,0.5,0.484585950303127,0.999995160444661,0.666666509666881,0.333333490333119,0.999999293501296,0.5,0.592710566157908,0.990813168111036,7.06498704206027e-07,6.03361042991283e-07,CBCsimpleAsymRW,CBCdriftDiffusionLR,0.5,0.854015781485896,0.0308280993937456,1.33196830098107,4.710438014459,2.98252960408082,0.5,36.9863262898266
CBC_1007,CBC_1007_MSI_TV_v3_Vset1_Tset3_2023-06-21_16h50.43.207.csv,4,30,1,3,z,0,1,2,tac,D,27,1,1D,3D,0,1,z,2.17157860000043,0,1,1,1,3D,1D,D13,3.80666248977032,0.999966848777295,0.46964708646237,0.5,0.5,0.5,0.999310881053987,0.5,0.484585950303127,0.5,0.5,0.999999896862339,0.5,0.5,0.5,0.484585950303127,0.999995160444661,0.666665591206455,0.333334408793545,0.999995160444661,0.5,0.759753574756487,0.99086743128631,4.83955533947533e-06,4.13305663528627e-06,CBCsimpleAsymRW,CBCdriftDiffusionLR,0.5,0.854015781485896,0.0308280993937456,1.33196830098107,4.710438014459,2.98252960408082,0.5,36.9863262898266
CBC_1007,CBC_1007_MSI_TV_v3_Vset1_Tset3_2023-06-21_16h50.43.207.csv,4,31,0,1,b,1,0,0,tac,A,63,1,0A,1A,1,0,b,2.9246734999997,1,0,1,1,0A,1A,A01,2.4423470353692,0.999966848777295,0.46964708646237,0.5,0.5,0.5,0.999310881053987,0.5,0.484585950303127,0.5,0.5,0.999999896862339,0.5,0.5,0.5,0.484585950303127,0.999999293501296,0.680428257244458,0.319571742755542,0.999966848777295,0.46964708646237,0.183926189723664,0.993758379069092,3.31512227054187e-05,2.83116673659811e-05,CBCsimpleAsymRW,CBCdriftDiffusionLR,0.5,0.854015781485896,0.0308280993937456,1.33196830098107,4.710438014459,2.98252960408082,0.5,36.9863262898266
CBC_1007,CBC_1007_MSI_TV_v3_Vset1_Tset3_2023-06-21_16h50.43.207.csv,4,32,2,3,z,0,1,2,tac,D,63,1,2D,3D,0,1,z,2.01514750000024,0,1,1,1,3D,2D,D23,2.46385324059017,0.999995160444661,0.46964708646237,0.5,0.5,0.5,0.999310881053987,0.5,0.484585950303127,0.5,0.5,0.999999896862339,0.5,0.5,0.5,0.484585950303127,0.999999293501296,0.673588328911771,0.326411671088229,0.999999293501296,0.484585950303127,0.950686122633749,0.992419757317888,7.06498704206027e-07,6.03361042991283e-07,CBCsimpleAsymRW,CBCdriftDiffusionLR,0.5,0.854015781485896,0.0308280993937456,1.33196830098107,4.710438014459,2.98252960408082,0.5,36.9863262898266
CBC_1007,CBC_1007_MSI_TV_v3_Vset1_Tset3_2023-06-21_16h50.43.207.csv,4,33,1,2,b,1,0,3,tac,B,9,1,1B,2B,1,0,b,1.98820850000084,1,0,1,1,1B,2B,B12,3.87120101090789,0.999995160444661,0.46964708646237,0.5,0.5,0.5,0.999310881053987,0.5,0.484585950303127,0.5,0.5,0.999999896862339,0.5,0.5,0.5,0.484585950303127,0.999999896862339,0.66651345873745,0.33348654126255,0.999310881053987,0.5,0.950903967378697,0.990772778908472,0.000689118946012868,0.000588518455215916,CBCsimpleAsymRW,CBCdriftDiffusionLR,0.5,0.854015781485896,0.0308280993937456,1.33196830098107,4.710438014459,2.98252960408082,0.5,36.9863262898266
CBC_1007,CBC_1007_MSI_TV_v3_Vset1_Tset3_2023-06-21_16h50.43.207.csv,4,34,0,1,b,1,0,0,tac,A,63,1,0A,1A,NaN,NaN,None,NaN,NaN,NaN,NaN,NaN,,,A01,2.28238238567653,0.999995160444661,0.46964708646237,0.5,0.5,0.5,0.999899399509203,0.5,0.484585950303127,0.5,0.5,0.999999896862339,0.5,0.5,0.5,0.484585950303127,0.999999896862339,0,0,0,0,NaN,0,0,0,CBCsimpleAsymRW,CBCdriftDiffusionLR,0.5,0.854015781485896,0.0308280993937456,1.33196830098107,4.710438014459,2.98252960408082,0.5,36.9863262898266
CBC_1007,CBC_1007_MSI_TV_v3_Vset1_Tset3_2023-06-21_16h50.43.207.csv,4,35,1,2,z,0,1,1,tac,C,9,1,1C,2C,0,1,z,2.00856659999954,0,1,1,1,2C,1C,C12,3.91202300542815,0.999995160444661,0.46964708646237,0.5,0.5,0.5,0.999899399509203,0.5,0.484585950303127,0.5,0.5,0.999999896862339,0.5,0.5,0.5,0.484585950303127,0.999999896862339,0.666666643747185,0.333333356252815,0.999999896862339,0.5,0.932791796993077,0.990813151004087,1.03137661189301e-07,8.80811903212084e-08,CBCsimpleAsymRW,CBCdriftDiffusionLR,0.5,0.854015781485896,0.0308280993937456,1.33196830098107,4.710438014459,2.98252960408082,0.5,36.9863262898266
CBC_1007,CBC_1007_MSI_TV_v3_Vset1_Tset3_2023-06-21_16h50.43.207.csv,4,36,0,1,z,0,1,3,tac,B,63,1,0B,1B,0,1,z,2.20235330000105,0,1,1,1,1B,0B,B01,2.32238772029023,0.999995160444661,0.46964708646237,0.5,0.5,0.5,0.999899399509203,0.5,0.484585950303127,0.5,0.5,0.999999984943529,0.5,0.5,0.5,0.484585950303127,0.999999896862339,0.666644309502617,0.333355690497383,0.999899399509203,0.5,0.726069156872032,0.990835179294402,0.000100600490796965,8.59144067658347e-05,CBCsimpleAsymRW,CBCdriftDiffusionLR,0.5,0.854015781485896,0.0308280993937456,1.33196830098107,4.710438014459,2.98252960408082,0.5,36.9863262898266
CBC_1007,CBC_1007_MSI_TV_v3_Vset1_Tset3_2023-06-21_16h50.43.207.csv,4,37,1,0,z,0,1,0,tac,A,63,0,1A,0A,1,0,z,1.96928800000205,0,1,1,0,0A,1A,A10,3.25809653802148,0.999995160444661,0.46964708646237,0.5,0.5,0.5,0.999985313915969,0.5,0.484585950303127,0.5,0.5,0.999999984943529,0.5,0.5,0.5,0.484585950303127,0.999999896862339,0.680434413578695,0.319565586421305,0.999995160444661,0.46964708646237,1.02610943262659,0.993751754472018,-0.999995160444661,-0.0308279501994526,CBCsimpleAsymRW,CBCdriftDiffusionLR,0.5,0.854015781485896,0.0308280993937456,1.33196830098107,4.710438014459,2.98252960408082,0.5,36.9863262898266
CBC_1007,CBC_1007_MSI_TV_v3_Vset1_Tset3_2023-06-21_16h50.43.207.csv,4,38,1,0,b,1,0,3,tac,B,63,1,1B,0B,1,0,b,1.56602320000093,1,0,1,1,1B,0B,B10,3.27714473299218,0.969167210245208,0.46964708646237,0.5,0.5,0.5,0.999985313915969,0.5,0.484585950303127,0.5,0.5,0.999999984943529,0.5,0.5,0.5,0.484585950303127,0.999999896862339,0.666663403060484,0.333336596939516,0.999985313915969,0.5,0.35352987551438,0.990809131858519,1.46860840311014e-05,1.25421475307886e-05,CBCsimpleAsymRW,CBCdriftDiffusionLR,0.5,0.854015781485896,0.0308280993937456,1.33196830098107,4.710438014459,2.98252960408082,0.5,36.9863262898266
CBC_1007,CBC_1007_MSI_TV_v3_Vset1_Tset3_2023-06-21_16h50.43.207.csv,4,39,3,1,b,1,0,2,tac,D,27,1,3D,1D,1,0,b,1.96836520000033,1,0,1,1,3D,1D,D31,3.29583686600433,0.969167210245208,0.46964708646237,0.5,0.5,0.5,0.9999978560635,0.5,0.484585950303127,0.5,0.5,0.999999984943529,0.5,0.5,0.5,0.484585950303127,0.999999896862339,0.666666643747185,0.333333356252815,0.999999896862339,0.5,0.968904954872875,0.990835508780201,1.03137661189301e-07,8.80811903212084e-08,CBCsimpleAsymRW,CBCdriftDiffusionLR,0.5,0.854015781485896,0.0308280993937456,1.33196830098107,4.710438014459,2.98252960408082,0.5,36.9863262898266
CBC_1007,CBC_1007_MSI_TV_v3_Vset1_Tset3_2023-06-21_16h50.43.207.csv,4,40,2,3,b,1,0,1,tac,C,63,1,2C,3C,1,0,b,2.20886940000128,1,0,1,1,2C,3C,C23,2.62103882411258,0.969167210245208,0.46964708646237,0.5,0.5,0.5,0.9999978560635,0.5,0.484585950303127,0.5,0.5,0.999999984943529,0.5,0.5,0.5,0.484585950303127,0.999999984943529,0.666666663320784,0.333333336679216,0.999999984943529,0.5,0.719097388096887,0.990856015915162,1.5056470847874e-08,1.28584637175667e-08,CBCsimpleAsymRW,CBCdriftDiffusionLR,0.5,0.854015781485896,0.0308280993937456,1.33196830098107,4.710438014459,2.98252960408082,0.5,36.9863262898266
CBC_1007,CBC_1007_MSI_TV_v3_Vset1_Tset3_2023-06-21_16h50.43.207.csv,4,41,2,0,z,0,1,0,tac,A,27,1,2A,0A,0,1,z,2.26000190000195,0,1,1,1,0A,2A,A20,3.3322045101752,0.969167210245208,0.46964708646237,0.5,0.5,0.5,0.9999978560635,0.5,0.484585950303127,0.5,0.5,0.999999997801993,0.5,0.5,0.5,0.484585950303127,0.999999984943529,0.659671141233442,0.340328858766558,0.969167210245208,0.5,0.662067997389486,0.988862388155128,0.0308327897547921,0.0263316890378291,CBCsimpleAsymRW,CBCdriftDiffusionLR,0.5,0.854015781485896,0.0308280993937456,1.33196830098107,4.710438014459,2.98252960408082,0.5,36.9863262898266
CBC_1007,CBC_1007_MSI_TV_v3_Vset1_Tset3_2023-06-21_16h50.43.207.csv,4,42,3,2,b,1,0,2,tac,D,63,1,3D,2D,1,0,b,2.15760820000105,1,0,1,1,3D,2D,D32,2.94443897916644,0.995498899283037,0.46964708646237,0.5,0.5,0.5,0.9999978560635,0.5,0.484585950303127,0.5,0.5,0.999999997801993,0.5,0.5,0.5,0.484585950303127,0.999999984943529,0.673588480937201,0.326411519062799,0.999999984943529,0.484585950303127,0.78363867360833,0.992476952280509,1.5056470847874e-08,1.28584637175667e-08,CBCsimpleAsymRW,CBCdriftDiffusionLR,0.5,0.854015781485896,0.0308280993937456,1.33196830098107,4.710438014459,2.98252960408082,0.5,36.9863262898266
CBC_1007,CBC_1007_MSI_TV_v3_Vset1_Tset3_2023-06-21_16h50.43.207.csv,4,43,3,1,z,0,1,3,tac,B,27,1,3B,1B,0,1,z,2.22163330000149,0,1,1,1,1B,3B,B31,3.36729582998647,0.995498899283037,0.46964708646237,0.5,0.5,0.5,0.9999978560635,0.5,0.484585950303127,0.5,0.5,0.999999997801993,0.5,0.5,0.5,0.484585950303127,0.999999997801993,0.673588012865974,0.326411987134026,0.9999978560635,0.484585950303127,0.708327693997601,0.992428572008533,2.14393650033173e-06,1.83095560578694e-06,CBCsimpleAsymRW,CBCdriftDiffusionLR,0.5,0.854015781485896,0.0308280993937456,1.33196830098107,4.710438014459,2.98252960408082,0.5,36.9863262898266
CBC_1007,CBC_1007_MSI_TV_v3_Vset1_Tset3_2023-06-21_16h50.43.207.csv,4,44,2,3,b,1,0,1,tac,C,63,1,2C,3C,1,0,b,3.06092380000155,1,0,1,1,2C,3C,C23,2.46809953147162,0.995498899283037,0.46964708646237,0.5,0.5,0.5,0.999999687019105,0.5,0.484585950303127,0.5,0.5,0.999999997801993,0.5,0.5,0.5,0.484585950303127,0.999999997801993,0.666666666178221,0.333333333821779,0.999999997801993,0.5,0.166898051389699,0.990817537058128,2.19800710965501e-09,1.87713275946358e-09,CBCsimpleAsymRW,CBCdriftDiffusionLR,0.5,0.854015781485896,0.0308280993937456,1.33196830098107,4.710438014459,2.98252960408082,0.5,36.9863262898266
