ID,filename,session,trial,visStimLeft,visStimRight,correctKey,leftCorrect,rightCorrect,secondStim,mod2Type,mod2Stim,frequency,rewardAccurate,stimPairLeft,stimPairRight,pCorrectLeft,pCorrectRight,key,reactionTime,choiceLeft,choiceRight,choiceAccurate,reward,chosenPair,otherPair,triplet,surprise,0A belief,1A belief,2A belief,3A belief,0B belief,1B belief,2B belief,3B belief,0C belief,1C belief,2C belief,3C belief,0D belief,1D belief,2D belief,3D belief,beliefPairNorm,beliefOtherPairNorm,beliefPair,beliefOtherPair,lik,corrLik,rewardPE,update2,rewardPEOP,update2OP,fit_percModel,fit_respModel,fit_startBelief,fit_alpha1,fit_alpha12,fit_alpha2,fit_alpha22,fit_nonDecisionTime,fit_weight,fit_startingBoundary,fit_startingPoint,fit_NLL
CBC_1019,CBC_1019_MSI_AV_v3_Vset2_Aset1_2023-06-28_16h08.36.821.csv,1,1,1,0,b,1,0,0,aud,B,63,1,1B,0B,1,0,b,2.33564939999997,1,0,1,1,1B,0B,B10,2.77258872223978,0.5,0.5,0.5,0.5,0.5,0.5,0.5,0.5,0.5,0.5,0.5,0.5,0.5,0.5,0.5,0.5,0.5,0.5,0.5,0.5,0.152768743631538,0.49984526210368,0.5,0.151990993525388,0.5,-0.135714518036921,CBCbothPairsAsymRW,CBCdriftDiffusionLR,0.5,0.303981987050776,0.0609286389179907,0.271429036073842,0.0896754200037831,0.873714937814322,1.30956168372029,2.32106375580473,0.5,62.8612330132487
CBC_1019,CBC_1019_MSI_AV_v3_Vset2_Aset1_2023-06-28_16h08.36.821.csv,1,2,0,1,b,1,0,3,aud,A,63,1,0A,1A,1,0,b,1.82308010000088,1,0,1,1,0A,1A,A01,2.83321334405622,0.5,0.5,0.5,0.5,0.364285481963079,0.651990993525388,0.5,0.5,0.5,0.5,0.5,0.5,0.5,0.5,0.5,0.5,0.5,0.5,0.5,0.5,0.243610071203129,0.499806893916568,0.5,0.151990993525388,0.5,-0.135714518036921,CBCbothPairsAsymRW,CBCdriftDiffusionLR,0.5,0.303981987050776,0.0609286389179907,0.271429036073842,0.0896754200037831,0.873714937814322,1.30956168372029,2.32106375580473,0.5,62.8612330132487
CBC_1019,CBC_1019_MSI_AV_v3_Vset2_Aset1_2023-06-28_16h08.36.821.csv,1,3,1,2,z,0,1,1,aud,C,9,1,1C,2C,0,1,z,1.29270270000052,0,1,1,1,2C,1C,C12,2.89037175789616,0.651990993525388,0.364285481963079,0.5,0.5,0.364285481963079,0.651990993525388,0.5,0.5,0.5,0.5,0.5,0.5,0.5,0.5,0.5,0.5,0.5,0.5,0.5,0.5,0.342078313023413,0.499864859330388,0.5,0.151990993525388,0.5,-0.135714518036921,CBCbothPairsAsymRW,CBCdriftDiffusionLR,0.5,0.303981987050776,0.0609286389179907,0.271429036073842,0.0896754200037831,0.873714937814322,1.30956168372029,2.32106375580473,0.5,62.8612330132487
CBC_1019,CBC_1019_MSI_AV_v3_Vset2_Aset1_2023-06-28_16h08.36.821.csv,1,4,1,0,z,0,1,3,aud,A,63,1,1A,0A,0,1,z,2.29409770000166,0,1,1,1,0A,1A,A10,2.94443897916644,0.651990993525388,0.364285481963079,0.5,0.5,0.364285481963079,0.651990993525388,0.5,0.5,0.5,0.364285481963079,0.651990993525388,0.5,0.5,0.5,0.5,0.5,0.641548839563577,0.358451160436423,0.651990993525388,0.364285481963079,0.22160897484746,0.703533735854676,0.348009006474612,0.105788469299719,0.364285481963079,-0.0988776572249336,CBCbothPairsAsymRW,CBCdriftDiffusionLR,0.5,0.303981987050776,0.0609286389179907,0.271429036073842,0.0896754200037831,0.873714937814322,1.30956168372029,2.32106375580473,0.5,62.8612330132487
CBC_1019,CBC_1019_MSI_AV_v3_Vset2_Aset1_2023-06-28_16h08.36.821.csv,1,5,3,1,b,1,0,2,aud,D,27,1,3D,1D,1,0,b,1.74243840000054,1,0,1,1,3D,1D,D31,2.99573227355399,0.757779462825107,0.265407824738145,0.5,0.5,0.364285481963079,0.651990993525388,0.5,0.5,0.5,0.364285481963079,0.651990993525388,0.5,0.5,0.5,0.5,0.5,0.5,0.5,0.5,0.5,0.261505569823491,0.499471627522582,0.5,0.151990993525388,0.5,-0.135714518036921,CBCbothPairsAsymRW,CBCdriftDiffusionLR,0.5,0.303981987050776,0.0609286389179907,0.271429036073842,0.0896754200037831,0.873714937814322,1.30956168372029,2.32106375580473,0.5,62.8612330132487
CBC_1019,CBC_1019_MSI_AV_v3_Vset2_Aset1_2023-06-28_16h08.36.821.csv,1,6,0,1,z,0,1,0,aud,B,63,1,0B,1B,0,1,z,1.7200969000005,0,1,1,1,1B,0B,B01,3.04452243772342,0.757779462825107,0.265407824738145,0.5,0.5,0.364285481963079,0.651990993525388,0.5,0.5,0.5,0.364285481963079,0.651990993525388,0.5,0.5,0.364285481963079,0.5,0.651990993525388,0.641548839563577,0.358451160436423,0.651990993525388,0.364285481963079,0.387765256200175,0.703486860702805,0.348009006474612,0.105788469299719,0.364285481963079,-0.0988776572249336,CBCbothPairsAsymRW,CBCdriftDiffusionLR,0.5,0.303981987050776,0.0609286389179907,0.271429036073842,0.0896754200037831,0.873714937814322,1.30956168372029,2.32106375580473,0.5,62.8612330132487
CBC_1019,CBC_1019_MSI_AV_v3_Vset2_Aset1_2023-06-28_16h08.36.821.csv,1,7,2,3,b,1,0,1,aud,C,63,1,2C,3C,1,0,z,2.26871410000058,0,1,0,0,3C,2C,C23,3.09104245335832,0.757779462825107,0.265407824738145,0.5,0.5,0.265407824738145,0.757779462825107,0.5,0.5,0.5,0.364285481963079,0.651990993525388,0.5,0.5,0.364285481963079,0.5,0.651990993525388,0.434031171085697,0.565968828914303,0.5,0.651990993525388,0.13044153545603,0.401764423915043,-0.5,-0.0304643194589954,-0.348009006474612,0.0312078538207101,CBCbothPairsAsymRW,CBCdriftDiffusionLR,0.5,0.303981987050776,0.0609286389179907,0.271429036073842,0.0896754200037831,0.873714937814322,1.30956168372029,2.32106375580473,0.5,62.8612330132487
CBC_1019,CBC_1019_MSI_AV_v3_Vset2_Aset1_2023-06-28_16h08.36.821.csv,1,8,2,0,z,0,1,3,aud,A,27,1,2A,0A,0,1,b,1.8902577000008,1,0,0,0,2A,0A,A20,3.13549421592915,0.757779462825107,0.265407824738145,0.5,0.5,0.265407824738145,0.757779462825107,0.5,0.5,0.5,0.364285481963079,0.683198847346098,0.469535680541005,0.5,0.364285481963079,0.5,0.651990993525388,0.397525969200472,0.602474030799528,0.5,0.757779462825107,0.161947599767645,0.349047123704393,-0.5,-0.0304643194589954,-0.242220537174893,0.0217212284047005,CBCbothPairsAsymRW,CBCdriftDiffusionLR,0.5,0.303981987050776,0.0609286389179907,0.271429036073842,0.0896754200037831,0.873714937814322,1.30956168372029,2.32106375580473,0.5,62.8612330132487
CBC_1019,CBC_1019_MSI_AV_v3_Vset2_Aset1_2023-06-28_16h08.36.821.csv,1,9,3,2,b,1,0,2,aud,D,63,1,3D,2D,1,0,b,1.84180440000091,1,0,1,1,3D,2D,D32,3.17805383034795,0.779500691229807,0.265407824738145,0.469535680541005,0.5,0.265407824738145,0.757779462825107,0.5,0.5,0.5,0.364285481963079,0.683198847346098,0.469535680541005,0.5,0.364285481963079,0.5,0.651990993525388,0.565968828914303,0.434031171085697,0.651990993525388,0.5,0.288781748726331,0.599179464658823,0.348009006474612,0.105788469299719,0.5,-0.135714518036921,CBCbothPairsAsymRW,CBCdriftDiffusionLR,0.5,0.303981987050776,0.0609286389179907,0.271429036073842,0.0896754200037831,0.873714937814322,1.30956168372029,2.32106375580473,0.5,62.8612330132487
CBC_1019,CBC_1019_MSI_AV_v3_Vset2_Aset1_2023-06-28_16h08.36.821.csv,1,10,3,1,z,0,1,0,aud,B,27,1,3B,1B,0,1,z,1.40432519999922,0,1,1,1,1B,3B,B31,3.2188758248682,0.779500691229807,0.265407824738145,0.469535680541005,0.5,0.265407824738145,0.757779462825107,0.5,0.5,0.5,0.364285481963079,0.683198847346098,0.469535680541005,0.5,0.364285481963079,0.364285481963079,0.757779462825107,0.602474030799528,0.397525969200472,0.757779462825107,0.5,0.451612785975637,0.651629034511594,0.242220537174893,0.0736306801949304,0.5,-0.135714518036921,CBCbothPairsAsymRW,CBCdriftDiffusionLR,0.5,0.303981987050776,0.0609286389179907,0.271429036073842,0.0896754200037831,0.873714937814322,1.30956168372029,2.32106375580473,0.5,62.8612330132487
CBC_1019,CBC_1019_MSI_AV_v3_Vset2_Aset1_2023-06-28_16h08.36.821.csv,1,11,3,2,z,0,1,1,aud,C,63,1,3C,2C,0,1,b,1.7543998000001,1,0,0,0,3C,2C,C32,3.25809653802148,0.779500691229807,0.265407824738145,0.469535680541005,0.5,0.265407824738145,0.831410143020037,0.5,0.364285481963079,0.5,0.364285481963079,0.683198847346098,0.469535680541005,0.5,0.364285481963079,0.364285481963079,0.757779462825107,0.407323342176309,0.592676657823691,0.469535680541005,0.683198847346098,0.19081359369776,0.363523451578356,-0.469535680541005,-0.0286081699387959,-0.316801152653902,0.0284092764219213,CBCbothPairsAsymRW,CBCdriftDiffusionLR,0.5,0.303981987050776,0.0609286389179907,0.271429036073842,0.0896754200037831,0.873714937814322,1.30956168372029,2.32106375580473,0.5,62.8612330132487
CBC_1019,CBC_1019_MSI_AV_v3_Vset2_Aset1_2023-06-28_16h08.36.821.csv,1,12,1,3,b,1,0,0,aud,B,27,1,1B,3B,1,0,b,1.27241620000132,1,0,1,1,1B,3B,B13,3.29583686600433,0.779500691229807,0.265407824738145,0.469535680541005,0.5,0.265407824738145,0.831410143020037,0.5,0.364285481963079,0.5,0.364285481963079,0.711608123768019,0.440927510602209,0.5,0.364285481963079,0.364285481963079,0.757779462825107,0.695335941395434,0.304664058604566,0.831410143020037,0.364285481963079,0.583363822307732,0.765973388034483,0.168589856979963,0.0512482797213752,0.364285481963079,-0.0988776572249336,CBCbothPairsAsymRW,CBCdriftDiffusionLR,0.5,0.303981987050776,0.0609286389179907,0.271429036073842,0.0896754200037831,0.873714937814322,1.30956168372029,2.32106375580473,0.5,62.8612330132487
CBC_1019,CBC_1019_MSI_AV_v3_Vset2_Aset1_2023-06-28_16h08.36.821.csv,1,13,3,2,z,0,1,1,aud,C,63,1,3C,2C,0,1,b,1.64404560000003,1,0,0,0,3C,2C,C32,2.63905732961526,0.779500691229807,0.265407824738145,0.469535680541005,0.5,0.265407824738145,0.882658422741412,0.5,0.265407824738145,0.5,0.364285481963079,0.711608123768019,0.440927510602209,0.5,0.364285481963079,0.364285481963079,0.757779462825107,0.38257169449094,0.61742830550906,0.440927510602209,0.711608123768019,0.191969803786583,0.328216351265721,-0.440927510602209,-0.0268651130824905,-0.288391876231981,0.0258616626267819,CBCbothPairsAsymRW,CBCdriftDiffusionLR,0.5,0.303981987050776,0.0609286389179907,0.271429036073842,0.0896754200037831,0.873714937814322,1.30956168372029,2.32106375580473,0.5,62.8612330132487
CBC_1019,CBC_1019_MSI_AV_v3_Vset2_Aset1_2023-06-28_16h08.36.821.csv,1,14,3,2,b,1,0,2,aud,D,63,1,3D,2D,1,0,b,1.30003730000135,1,0,1,1,3D,2D,D32,2.67414864942653,0.779500691229807,0.265407824738145,0.469535680541005,0.5,0.265407824738145,0.882658422741412,0.5,0.265407824738145,0.5,0.364285481963079,0.737469786394801,0.414062397519718,0.5,0.364285481963079,0.364285481963079,0.757779462825107,0.675343674485931,0.324656325514069,0.757779462825107,0.364285481963079,0.558767057988592,0.744186706448082,0.242220537174893,0.0736306801949304,0.364285481963079,-0.0988776572249336,CBCbothPairsAsymRW,CBCdriftDiffusionLR,0.5,0.303981987050776,0.0609286389179907,0.271429036073842,0.0896754200037831,0.873714937814322,1.30956168372029,2.32106375580473,0.5,62.8612330132487
CBC_1019,CBC_1019_MSI_AV_v3_Vset2_Aset1_2023-06-28_16h08.36.821.csv,1,15,0,3,b,1,0,3,aud,A,9,1,0A,3A,1,0,b,1.01821670000027,1,0,1,1,0A,3A,A03,3.40119738166216,0.779500691229807,0.265407824738145,0.469535680541005,0.5,0.265407824738145,0.882658422741412,0.5,0.265407824738145,0.5,0.364285481963079,0.737469786394801,0.414062397519718,0.5,0.364285481963079,0.265407824738145,0.831410143020037,0.609222563592819,0.390777436407181,0.779500691229807,0.5,0.11039118085987,0.659610065064767,0.220499308770193,0.0670278180232858,0.5,-0.135714518036921,CBCbothPairsAsymRW,CBCdriftDiffusionLR,0.5,0.303981987050776,0.0609286389179907,0.271429036073842,0.0896754200037831,0.873714937814322,1.30956168372029,2.32106375580473,0.5,62.8612330132487
CBC_1019,CBC_1019_MSI_AV_v3_Vset2_Aset1_2023-06-28_16h08.36.821.csv,1,16,0,1,z,0,1,0,aud,B,63,0,0B,1B,1,0,z,1.20072680000158,0,1,1,0,1B,0B,B01,2.7408400239252,0.846528509253093,0.265407824738145,0.469535680541005,0.364285481963079,0.265407824738145,0.882658422741412,0.5,0.265407824738145,0.5,0.364285481963079,0.737469786394801,0.414062397519718,0.5,0.364285481963079,0.265407824738145,0.831410143020037,0.768821855602134,0.231178144397866,0.882658422741412,0.265407824738145,0.659394001182573,0.836828023850285,-0.882658422741412,-0.0537791763271347,-0.734592175261855,0.0658748618480995,CBCbothPairsAsymRW,CBCdriftDiffusionLR,0.5,0.303981987050776,0.0609286389179907,0.271429036073842,0.0896754200037831,0.873714937814322,1.30956168372029,2.32106375580473,0.5,62.8612330132487
CBC_1019,CBC_1019_MSI_AV_v3_Vset2_Aset1_2023-06-28_16h08.36.821.csv,1,17,2,3,z,0,1,2,aud,D,63,1,2D,3D,0,1,b,1.70221719999972,1,0,0,0,2D,3D,D23,3.46573590279973,0.846528509253093,0.265407824738145,0.469535680541005,0.364285481963079,0.331282686586245,0.828879246414278,0.5,0.265407824738145,0.5,0.364285481963079,0.737469786394801,0.414062397519718,0.5,0.364285481963079,0.265407824738145,0.831410143020037,0.24197982941565,0.75802017058435,0.265407824738145,0.831410143020037,0.102300695764111,0.172192232814472,-0.265407824738145,-0.0161709375194798,-0.168589856979963,0.0151183662330559,CBCbothPairsAsymRW,CBCdriftDiffusionLR,0.5,0.303981987050776,0.0609286389179907,0.271429036073842,0.0896754200037831,0.873714937814322,1.30956168372029,2.32106375580473,0.5,62.8612330132487
CBC_1019,CBC_1019_MSI_AV_v3_Vset2_Aset1_2023-06-28_16h08.36.821.csv,1,18,0,2,z,0,1,1,aud,C,27,1,0C,2C,0,1,z,1.3793551000017,0,1,1,1,2C,0C,C02,3.49650756146648,0.846528509253093,0.265407824738145,0.469535680541005,0.364285481963079,0.331282686586245,0.828879246414278,0.5,0.265407824738145,0.5,0.364285481963079,0.737469786394801,0.414062397519718,0.5,0.364285481963079,0.249236887218665,0.846528509253093,0.595949731058338,0.404050268941662,0.737469786394801,0.5,0.447483723960591,0.641438456736918,0.262530213605199,0.079804455992573,0.5,-0.135714518036921,CBCbothPairsAsymRW,CBCdriftDiffusionLR,0.5,0.303981987050776,0.0609286389179907,0.271429036073842,0.0896754200037831,0.873714937814322,1.30956168372029,2.32106375580473,0.5,62.8612330132487
CBC_1019,CBC_1019_MSI_AV_v3_Vset2_Aset1_2023-06-28_16h08.36.821.csv,1,19,0,1,b,1,0,3,aud,A,63,1,0A,1A,1,0,b,2.16458899999998,1,0,1,1,0A,1A,A01,2.83321334405622,0.846528509253093,0.265407824738145,0.469535680541005,0.364285481963079,0.331282686586245,0.828879246414278,0.5,0.265407824738145,0.364285481963079,0.364285481963079,0.817274242387374,0.414062397519718,0.5,0.364285481963079,0.249236887218665,0.846528509253093,0.761310232767125,0.238689767232875,0.846528509253093,0.265407824738145,0.292201640060001,0.830105926690855,0.153471490746907,0.0466525687128895,0.265407824738145,-0.0720393900351301,CBCbothPairsAsymRW,CBCdriftDiffusionLR,0.5,0.303981987050776,0.0609286389179907,0.271429036073842,0.0896754200037831,0.873714937814322,1.30956168372029,2.32106375580473,0.5,62.8612330132487
CBC_1019,CBC_1019_MSI_AV_v3_Vset2_Aset1_2023-06-28_16h08.36.821.csv,1,20,1,0,b,1,0,0,aud,B,63,1,1B,0B,1,0,b,2.21095310000055,1,0,1,1,1B,0B,B10,2.86220088092947,0.893181077965983,0.193368434703015,0.469535680541005,0.364285481963079,0.331282686586245,0.828879246414278,0.5,0.265407824738145,0.364285481963079,0.364285481963079,0.817274242387374,0.414062397519718,0.5,0.364285481963079,0.249236887218665,0.846528509253093,0.714451338935549,0.285548661064451,0.828879246414278,0.331282686586245,0.266402654062136,0.787165140857706,0.171120753585722,0.052017626700614,0.331282686586245,-0.0899197402880572,CBCbothPairsAsymRW,CBCdriftDiffusionLR,0.5,0.303981987050776,0.0609286389179907,0.271429036073842,0.0896754200037831,0.873714937814322,1.30956168372029,2.32106375580473,0.5,62.8612330132487
CBC_1019,CBC_1019_MSI_AV_v3_Vset2_Aset1_2023-06-28_16h08.36.821.csv,1,21,1,3,z,0,1,2,aud,D,27,1,1D,3D,0,1,b,3.91199170000073,1,0,0,0,1D,3D,D13,3.58351893845611,0.893181077965983,0.193368434703015,0.469535680541005,0.364285481963079,0.241362946298187,0.880896873114892,0.5,0.265407824738145,0.364285481963079,0.364285481963079,0.817274242387374,0.414062397519718,0.5,0.364285481963079,0.249236887218665,0.846528509253093,0.300859987253022,0.699140012746977,0.364285481963079,0.846528509253093,0.0130442792824545,0.229825247013021,-0.364285481963079,-0.0221954185935947,-0.153471490746907,0.0137626203913356,CBCbothPairsAsymRW,CBCdriftDiffusionLR,0.5,0.303981987050776,0.0609286389179907,0.271429036073842,0.0896754200037831,0.873714937814322,1.30956168372029,2.32106375580473,0.5,62.8612330132487
CBC_1019,CBC_1019_MSI_AV_v3_Vset2_Aset1_2023-06-28_16h08.36.821.csv,1,22,3,2,z,0,1,1,aud,C,63,1,3C,2C,0,1,z,2.28224399999999,0,1,1,1,2C,3C,C32,2.51230562397611,0.893181077965983,0.193368434703015,0.469535680541005,0.364285481963079,0.241362946298187,0.880896873114892,0.5,0.265407824738145,0.364285481963079,0.364285481963079,0.817274242387374,0.414062397519718,0.5,0.342090063369484,0.249236887218665,0.860291129644429,0.663729329494361,0.336270670505639,0.817274242387374,0.414062397519718,0.231680591004476,0.729384480488418,0.182725757612626,0.0555453388844444,0.414062397519718,-0.112388557433201,CBCbothPairsAsymRW,CBCdriftDiffusionLR,0.5,0.303981987050776,0.0609286389179907,0.271429036073842,0.0896754200037831,0.873714937814322,1.30956168372029,2.32106375580473,0.5,62.8612330132487
CBC_1019,CBC_1019_MSI_AV_v3_Vset2_Aset1_2023-06-28_16h08.36.821.csv,1,23,0,1,b,1,0,3,aud,A,63,1,0A,1A,1,0,b,2.19420220000029,1,0,1,1,0A,1A,A01,2.53897387105828,0.893181077965983,0.193368434703015,0.469535680541005,0.364285481963079,0.241362946298187,0.880896873114892,0.5,0.265407824738145,0.364285481963079,0.364285481963079,0.872819581271819,0.301673840086517,0.5,0.342090063369484,0.249236887218665,0.860291129644429,0.822034401149355,0.177965598850645,0.893181077965983,0.193368434703015,0.289414235537274,0.876457169783156,0.106818922034017,0.0324710281745225,0.193368434703015,-0.0524858078385471,CBCbothPairsAsymRW,CBCdriftDiffusionLR,0.5,0.303981987050776,0.0609286389179907,0.271429036073842,0.0896754200037831,0.873714937814322,1.30956168372029,2.32106375580473,0.5,62.8612330132487
CBC_1019,CBC_1019_MSI_AV_v3_Vset2_Aset1_2023-06-28_16h08.36.821.csv,1,24,2,3,z,0,1,2,aud,D,63,1,2D,3D,0,1,b,3.39748259999942,1,0,0,0,2D,3D,D23,2.9704144655697,0.925652106140505,0.140882626864468,0.469535680541005,0.364285481963079,0.241362946298187,0.880896873114892,0.5,0.265407824738145,0.364285481963079,0.364285481963079,0.872819581271819,0.301673840086517,0.5,0.342090063369484,0.249236887218665,0.860291129644429,0.224633252545816,0.775366747454184,0.249236887218665,0.860291129644429,0.0129549319671454,0.157704934300723,-0.249236887218665,-0.01518566430639,-0.139708870355571,0.0125284516273899,CBCbothPairsAsymRW,CBCdriftDiffusionLR,0.5,0.303981987050776,0.0609286389179907,0.271429036073842,0.0896754200037831,0.873714937814322,1.30956168372029,2.32106375580473,0.5,62.8612330132487
CBC_1019,CBC_1019_MSI_AV_v3_Vset2_Aset1_2023-06-28_16h08.36.821.csv,1,25,2,0,b,1,0,1,aud,C,27,1,2C,0C,1,0,b,1.55273440000019,1,0,1,1,2C,0C,C20,3.68887945411394,0.925652106140505,0.140882626864468,0.469535680541005,0.364285481963079,0.241362946298187,0.880896873114892,0.5,0.265407824738145,0.364285481963079,0.364285481963079,0.872819581271819,0.301673840086517,0.5,0.342090063369484,0.234051222912275,0.872819581271819,0.705533917215963,0.294466082784037,0.872819581271819,0.364285481963079,0.518393844253033,0.776630126710487,0.127180418728181,0.0386605563989423,0.364285481963079,-0.0988776572249336,CBCbothPairsAsymRW,CBCdriftDiffusionLR,0.5,0.303981987050776,0.0609286389179907,0.271429036073842,0.0896754200037831,0.873714937814322,1.30956168372029,2.32106375580473,0.5,62.8612330132487
CBC_1019,CBC_1019_MSI_AV_v3_Vset2_Aset1_2023-06-28_16h08.36.821.csv,1,26,0,1,b,1,0,3,aud,A,63,1,0A,1A,1,0,b,3.03605740000057,1,0,1,1,0A,1A,A01,2.32727770558442,0.925652106140505,0.140882626864468,0.469535680541005,0.364285481963079,0.241362946298187,0.880896873114892,0.5,0.265407824738145,0.265407824738145,0.364285481963079,0.911480137670761,0.301673840086517,0.5,0.342090063369484,0.234051222912275,0.872819581271819,0.867906198921877,0.132093801078123,0.925652106140505,0.140882626864468,0.0900447110095586,0.903882690900636,0.0743478938594948,0.0226004205084494,0.140882626864468,-0.0382396356093734,CBCbothPairsAsymRW,CBCdriftDiffusionLR,0.5,0.303981987050776,0.0609286389179907,0.271429036073842,0.0896754200037831,0.873714937814322,1.30956168372029,2.32106375580473,0.5,62.8612330132487
CBC_1019,CBC_1019_MSI_AV_v3_Vset2_Aset1_2023-06-28_16h08.36.821.csv,1,27,1,3,b,1,0,0,aud,B,27,1,1B,3B,1,0,b,1.71545060000062,1,0,1,1,1B,3B,B13,3.04452243772342,0.948252526648955,0.102642991255095,0.469535680541005,0.364285481963079,0.241362946298187,0.880896873114892,0.5,0.265407824738145,0.265407824738145,0.364285481963079,0.911480137670761,0.301673840086517,0.5,0.342090063369484,0.234051222912275,0.872819581271819,0.768466599469374,0.231533400530626,0.880896873114892,0.265407824738145,0.492499052276243,0.83670271876921,0.119103126885108,0.0362052051744959,0.265407824738145,-0.0720393900351301,CBCbothPairsAsymRW,CBCdriftDiffusionLR,0.5,0.303981987050776,0.0609286389179907,0.271429036073842,0.0896754200037831,0.873714937814322,1.30956168372029,2.32106375580473,0.5,62.8612330132487
CBC_1019,CBC_1019_MSI_AV_v3_Vset2_Aset1_2023-06-28_16h08.36.821.csv,1,28,3,2,z,0,1,1,aud,C,63,1,3C,2C,0,1,z,1.62914259999889,0,1,1,1,2C,3C,C32,2.37490575457367,0.948252526648955,0.102642991255095,0.469535680541005,0.364285481963079,0.241362946298187,0.917102078289388,0.5,0.193368434703015,0.265407824738145,0.364285481963079,0.911480137670761,0.301673840086517,0.5,0.342090063369484,0.234051222912275,0.872819581271819,0.751330955824575,0.248669044175425,0.911480137670761,0.301673840086517,0.525831271319661,0.821771458612218,0.088519862329239,0.0269084436443032,0.301673840086517,-0.0818830396233778,CBCbothPairsAsymRW,CBCdriftDiffusionLR,0.5,0.303981987050776,0.0609286389179907,0.271429036073842,0.0896754200037831,0.873714937814322,1.30956168372029,2.32106375580473,0.5,62.8612330132487
CBC_1019,CBC_1019_MSI_AV_v3_Vset2_Aset1_2023-06-28_16h08.36.821.csv,1,29,3,2,b,1,0,2,aud,D,63,1,3D,2D,1,0,b,3.26159550000011,1,0,1,1,3D,2D,D32,2.68557734525015,0.948252526648955,0.102642991255095,0.469535680541005,0.364285481963079,0.241362946298187,0.917102078289388,0.5,0.193368434703015,0.265407824738145,0.364285481963079,0.938388581315064,0.219790800463139,0.5,0.342090063369484,0.234051222912275,0.872819581271819,0.788546936076427,0.211453063923573,0.872819581271819,0.234051222912275,0.079597590095546,0.852153889267515,0.127180418728181,0.0386605563989423,0.234051222912275,-0.0635282978269829,CBCbothPairsAsymRW,CBCdriftDiffusionLR,0.5,0.303981987050776,0.0609286389179907,0.271429036073842,0.0896754200037831,0.873714937814322,1.30956168372029,2.32106375580473,0.5,62.8612330132487
CBC_1019,CBC_1019_MSI_AV_v3_Vset2_Aset1_2023-06-28_16h08.36.821.csv,1,30,0,1,z,0,1,0,aud,B,63,1,0B,1B,0,1,z,2.85401860000093,0,1,1,1,1B,0B,B01,2.70805020110221,0.948252526648955,0.102642991255095,0.469535680541005,0.364285481963079,0.241362946298187,0.917102078289388,0.5,0.193368434703015,0.265407824738145,0.364285481963079,0.938388581315064,0.219790800463139,0.5,0.342090063369484,0.170522925085292,0.911480137670761,0.791652798163574,0.208347201836426,0.917102078289388,0.241362946298187,0.12931071257465,0.855638916787015,0.0828979217106123,0.0251994749639716,0.241362946298187,-0.0655129118576596,CBCbothPairsAsymRW,CBCdriftDiffusionLR,0.5,0.303981987050776,0.0609286389179907,0.271429036073842,0.0896754200037831,0.873714937814322,1.30956168372029,2.32106375580473,0.5,62.8612330132487
CBC_1019,CBC_1019_MSI_AV_v3_Vset2_Aset1_2023-06-28_16h08.36.821.csv,1,31,2,0,z,0,1,3,aud,A,27,1,2A,0A,0,1,z,3.63621179999973,0,1,1,1,0A,2A,A20,3.13549421592915,0.948252526648955,0.102642991255095,0.469535680541005,0.364285481963079,0.175850034440528,0.942301553253359,0.5,0.193368434703015,0.265407824738145,0.364285481963079,0.938388581315064,0.219790800463139,0.5,0.342090063369484,0.170522925085292,0.911480137670761,0.668825232034043,0.331174767965957,0.948252526648955,0.469535680541005,0.0592094273869498,0.736227086939022,0.0517474733510453,0.0157302997741078,0.469535680541005,-0.127445617171521,CBCbothPairsAsymRW,CBCdriftDiffusionLR,0.5,0.303981987050776,0.0609286389179907,0.271429036073842,0.0896754200037831,0.873714937814322,1.30956168372029,2.32106375580473,0.5,62.8612330132487
CBC_1019,CBC_1019_MSI_AV_v3_Vset2_Aset1_2023-06-28_16h08.36.821.csv,1,32,3,0,b,1,0,2,aud,D,9,1,3D,0D,1,0,b,1.32957109999916,1,0,1,1,3D,0D,D30,3.85014760171006,0.963982826423063,0.102642991255095,0.342090063369484,0.364285481963079,0.175850034440528,0.942301553253359,0.5,0.193368434703015,0.265407824738145,0.364285481963079,0.938388581315064,0.219790800463139,0.5,0.342090063369484,0.170522925085292,0.911480137670761,0.645761929866682,0.354238070133318,0.911480137670761,0.5,0.516777721799343,0.707598225610654,0.0885198623292391,0.0269084436443032,0.5,-0.135714518036921,CBCbothPairsAsymRW,CBCdriftDiffusionLR,0.5,0.303981987050776,0.0609286389179907,0.271429036073842,0.0896754200037831,0.873714937814322,1.30956168372029,2.32106375580473,0.5,62.8612330132487
CBC_1019,CBC_1019_MSI_AV_v3_Vset2_Aset1_2023-06-28_16h08.36.821.csv,1,33,3,2,z,0,1,1,aud,C,63,1,3C,2C,0,1,z,2.26220810000086,0,1,1,1,2C,3C,C32,2.26176309847379,0.963982826423063,0.102642991255095,0.342090063369484,0.364285481963079,0.175850034440528,0.942301553253359,0.5,0.193368434703015,0.265407824738145,0.364285481963079,0.938388581315064,0.219790800463139,0.364285481963079,0.342090063369484,0.170522925085292,0.938388581315064,0.810227324090604,0.189772675909396,0.938388581315064,0.219790800463139,0.265349553618245,0.868022996676702,0.0616114186849358,0.0187287614768641,0.219790800463139,-0.0596576051076081,CBCbothPairsAsymRW,CBCdriftDiffusionLR,0.5,0.303981987050776,0.0609286389179907,0.271429036073842,0.0896754200037831,0.873714937814322,1.30956168372029,2.32106375580473,0.5,62.8612330132487
CBC_1019,CBC_1019_MSI_AV_v3_Vset2_Aset1_2023-06-28_16h08.36.821.csv,1,34,0,1,z,0,1,0,aud,B,63,1,0B,1B,0,1,z,1.16145420000066,0,1,1,1,1B,0B,B01,2.50552593699074,0.963982826423063,0.102642991255095,0.342090063369484,0.364285481963079,0.175850034440528,0.942301553253359,0.5,0.193368434703015,0.265407824738145,0.364285481963079,0.957117342791928,0.160133195355531,0.364285481963079,0.342090063369484,0.170522925085292,0.938388581315064,0.842731489740844,0.157268510259156,0.942301553253359,0.175850034440528,0.729316463909533,0.889393105800056,0.0576984467466407,0.0175392884917872,0.175850034440528,-0.0477308053417445,CBCbothPairsAsymRW,CBCdriftDiffusionLR,0.5,0.303981987050776,0.0609286389179907,0.271429036073842,0.0896754200037831,0.873714937814322,1.30956168372029,2.32106375580473,0.5,62.8612330132487
CBC_1019,CBC_1019_MSI_AV_v3_Vset2_Aset1_2023-06-28_16h08.36.821.csv,1,35,0,1,b,1,0,3,aud,A,63,0,0A,1A,0,1,b,2.13040080000064,1,0,1,0,0A,1A,A01,2.30258509299405,0.963982826423063,0.102642991255095,0.342090063369484,0.364285481963079,0.128119229098783,0.959840841745147,0.5,0.193368434703015,0.265407824738145,0.364285481963079,0.957117342791928,0.160133195355531,0.364285481963079,0.342090063369484,0.170522925085292,0.938388581315064,0.903768510424275,0.0962314895757249,0.963982826423063,0.102642991255095,0.3115853452522,0.920809469506308,-0.963982826423063,-0.0587341615542749,-0.897357008744905,0.0804708666525379,CBCbothPairsAsymRW,CBCdriftDiffusionLR,0.5,0.303981987050776,0.0609286389179907,0.271429036073842,0.0896754200037831,0.873714937814322,1.30956168372029,2.32106375580473,0.5,62.8612330132487
CBC_1019,CBC_1019_MSI_AV_v3_Vset2_Aset1_2023-06-28_16h08.36.821.csv,1,36,2,3,z,0,1,2,aud,D,63,1,2D,3D,0,1,z,1.07953320000161,0,1,1,1,3D,2D,D23,2.83321334405622,0.905248664868788,0.183113857907633,0.342090063369484,0.364285481963079,0.128119229098783,0.959840841745147,0.5,0.193368434703015,0.265407824738145,0.364285481963079,0.957117342791928,0.160133195355531,0.364285481963079,0.342090063369484,0.170522925085292,0.938388581315064,0.846224947526401,0.153775052473599,0.938388581315064,0.170522925085292,0.494213776529739,0.890966170875247,0.0616114186849359,0.0187287614768641,0.170522925085292,-0.046284873184393,CBCbothPairsAsymRW,CBCdriftDiffusionLR,0.5,0.303981987050776,0.0609286389179907,0.271429036073842,0.0896754200037831,0.873714937814322,1.30956168372029,2.32106375580473,0.5,62.8612330132487
CBC_1019,CBC_1019_MSI_AV_v3_Vset2_Aset1_2023-06-28_16h08.36.821.csv,1,37,1,2,b,1,0,0,aud,B,9,1,1B,2B,1,0,b,1.31924910000089,1,0,1,1,1B,2B,B12,3.95124371858143,0.905248664868788,0.183113857907633,0.342090063369484,0.364285481963079,0.128119229098783,0.959840841745147,0.5,0.193368434703015,0.265407824738145,0.364285481963079,0.957117342791928,0.160133195355531,0.364285481963079,0.342090063369484,0.1242380519009,0.957117342791928,0.657496909456046,0.342503090543954,0.959840841745147,0.5,0.533803052151439,0.722749200725449,0.0401591582548535,0.0122076607245969,0.5,-0.135714518036921,CBCbothPairsAsymRW,CBCdriftDiffusionLR,0.5,0.303981987050776,0.0609286389179907,0.271429036073842,0.0896754200037831,0.873714937814322,1.30956168372029,2.32106375580473,0.5,62.8612330132487
CBC_1019,CBC_1019_MSI_AV_v3_Vset2_Aset1_2023-06-28_16h08.36.821.csv,1,38,2,0,z,0,1,3,aud,A,27,1,2A,0A,0,1,z,3.46773170000051,0,1,1,1,0A,2A,A20,2.87167962488401,0.905248664868788,0.183113857907633,0.342090063369484,0.364285481963079,0.128119229098783,0.972048502469743,0.364285481963079,0.193368434703015,0.265407824738145,0.364285481963079,0.957117342791928,0.160133195355531,0.364285481963079,0.342090063369484,0.1242380519009,0.957117342791928,0.725744053619943,0.274255946380057,0.905248664868788,0.342090063369484,0.0683776434487938,0.797784937756302,0.0947513351312124,0.0288026991288999,0.342090063369484,-0.0928531761508187,CBCbothPairsAsymRW,CBCdriftDiffusionLR,0.5,0.303981987050776,0.0609286389179907,0.271429036073842,0.0896754200037831,0.873714937814322,1.30956168372029,2.32106375580473,0.5,62.8612330132487
CBC_1019,CBC_1019_MSI_AV_v3_Vset2_Aset1_2023-06-28_16h08.36.821.csv,1,39,2,3,b,1,0,1,aud,C,63,1,2C,3C,1,0,b,1.51156579999952,1,0,1,1,2C,3C,C23,3.29583686600433,0.934051363997688,0.183113857907633,0.249236887218665,0.364285481963079,0.128119229098783,0.972048502469743,0.364285481963079,0.193368434703015,0.265407824738145,0.364285481963079,0.957117342791928,0.160133195355531,0.364285481963079,0.342090063369484,0.1242380519009,0.957117342791928,0.856672080354464,0.143327919645536,0.957117342791928,0.160133195355531,0.708273202957883,0.89783500592698,0.0428826572080717,0.0130355553481269,0.160133195355531,-0.0434647988587761,CBCbothPairsAsymRW,CBCdriftDiffusionLR,0.5,0.303981987050776,0.0609286389179907,0.271429036073842,0.0896754200037831,0.873714937814322,1.30956168372029,2.32106375580473,0.5,62.8612330132487
CBC_1019,CBC_1019_MSI_AV_v3_Vset2_Aset1_2023-06-28_16h08.36.821.csv,1,40,1,3,z,0,1,2,aud,D,27,1,1D,3D,0,1,z,1.56012740000006,0,1,1,1,3D,1D,D13,3.31418600467253,0.934051363997688,0.183113857907633,0.249236887218665,0.364285481963079,0.128119229098783,0.972048502469743,0.364285481963079,0.193368434703015,0.265407824738145,0.364285481963079,0.970152898140055,0.116668396496755,0.364285481963079,0.342090063369484,0.1242380519009,0.957117342791928,0.736693262563666,0.263306737436334,0.957117342791928,0.342090063369484,0.548441379662514,0.808117357932937,0.0428826572080718,0.013035555348127,0.342090063369484,-0.0928531761508187,CBCbothPairsAsymRW,CBCdriftDiffusionLR,0.5,0.303981987050776,0.0609286389179907,0.271429036073842,0.0896754200037831,0.873714937814322,1.30956168372029,2.32106375580473,0.5,62.8612330132487
CBC_1019,CBC_1019_MSI_AV_v3_Vset2_Aset1_2023-06-28_16h08.36.821.csv,1,41,0,1,b,1,0,3,aud,A,63,1,0A,1A,1,0,b,1.51582469999994,1,0,1,1,0A,1A,A01,2.23359222150709,0.934051363997688,0.183113857907633,0.249236887218665,0.364285481963079,0.128119229098783,0.972048502469743,0.364285481963079,0.193368434703015,0.265407824738145,0.364285481963079,0.970152898140055,0.116668396496755,0.364285481963079,0.249236887218665,0.1242380519009,0.970152898140055,0.836090620870445,0.163909379129555,0.934051363997688,0.183113857907633,0.68226524293719,0.885201062702858,0.0659486360023125,0.0200471974152713,0.183113857907633,-0.0497024179436312,CBCbothPairsAsymRW,CBCdriftDiffusionLR,0.5,0.303981987050776,0.0609286389179907,0.271429036073842,0.0896754200037831,0.873714937814322,1.30956168372029,2.32106375580473,0.5,62.8612330132487
CBC_1019,CBC_1019_MSI_AV_v3_Vset2_Aset1_2023-06-28_16h08.36.821.csv,1,42,0,2,z,0,1,1,aud,C,27,1,0C,2C,0,1,b,2.40622590000021,1,0,0,0,0C,2C,C02,3.3499040872746,0.954098561412959,0.133411439964001,0.249236887218665,0.364285481963079,0.128119229098783,0.972048502469743,0.364285481963079,0.193368434703015,0.265407824738145,0.364285481963079,0.970152898140055,0.116668396496755,0.364285481963079,0.249236887218665,0.1242380519009,0.970152898140055,0.214807592879681,0.785192407120319,0.265407824738145,0.970152898140055,0.0392635532748636,0.150120580550543,-0.265407824738145,-0.0161709375194798,-0.0298471018599448,0.00267655139518624,CBCbothPairsAsymRW,CBCdriftDiffusionLR,0.5,0.303981987050776,0.0609286389179907,0.271429036073842,0.0896754200037831,0.873714937814322,1.30956168372029,2.32106375580473,0.5,62.8612330132487
CBC_1019,CBC_1019_MSI_AV_v3_Vset2_Aset1_2023-06-28_16h08.36.821.csv,1,43,3,2,b,1,0,2,aud,D,63,1,3D,2D,1,0,b,1.23239319999993,1,0,1,1,3D,2D,D32,2.67414864942653,0.954098561412959,0.133411439964001,0.249236887218665,0.364285481963079,0.128119229098783,0.972048502469743,0.364285481963079,0.193368434703015,0.249236887218665,0.364285481963079,0.972829449535241,0.116668396496755,0.364285481963079,0.249236887218665,0.1242380519009,0.970152898140055,0.886477449492569,0.113522550507431,0.970152898140055,0.1242380519009,0.889064061075633,0.913122811550273,0.0298471018599449,0.00907298133109296,0.1242380519009,-0.0337218146711532,CBCbothPairsAsymRW,CBCdriftDiffusionLR,0.5,0.303981987050776,0.0609286389179907,0.271429036073842,0.0896754200037831,0.873714937814322,1.30956168372029,2.32106375580473,0.5,62.8612330132487
CBC_1019,CBC_1019_MSI_AV_v3_Vset2_Aset1_2023-06-28_16h08.36.821.csv,1,44,1,0,b,1,0,0,aud,B,63,1,1B,0B,1,0,b,1.85909689999971,1,0,1,1,1B,0B,B10,2.97892515523761,0.954098561412959,0.133411439964001,0.249236887218665,0.364285481963079,0.128119229098783,0.972048502469743,0.364285481963079,0.193368434703015,0.249236887218665,0.364285481963079,0.972829449535241,0.116668396496755,0.364285481963079,0.249236887218665,0.0905162372297464,0.979225879471148,0.883545730871308,0.116454269128692,0.972048502469743,0.128119229098783,0.460533308541013,0.911604998462318,0.0279514975302566,0.00849675176029226,0.128119229098783,-0.0347752788568065,CBCbothPairsAsymRW,CBCdriftDiffusionLR,0.5,0.303981987050776,0.0609286389179907,0.271429036073842,0.0896754200037831,0.873714937814322,1.30956168372029,2.32106375580473,0.5,62.8612330132487
CBC_1019,CBC_1019_MSI_TV_v3_Vset5_Tset2_2023-06-28_16h17.24.850.csv,2,1,0,1,b,1,0,3,tac,A,63,1,0A,1A,1,0,z,1.9776379,0,1,0,0,1A,0A,A01,2.77258872223978,0.5,0.5,0.5,0.5,0.5,0.5,0.5,0.5,0.5,0.5,0.5,0.5,0.5,0.5,0.5,0.5,0.5,0.5,0.5,0.5,0.222967450861904,0.499754527342957,-0.5,-0.00575445179889128,-0.5,0.181087434363497,CBCbothPairsAsymRW,CBCdriftDiffusionLR,0.5,0.22449840902654,0.0115089035977826,0.198890122620532,0.362174868726995,0.963662256009489,2.17569496766939,2.53501020549189,0.5,66.7731872286499
CBC_1019,CBC_1019_MSI_TV_v3_Vset5_Tset2_2023-06-28_16h17.24.850.csv,2,2,2,3,z,0,1,2,tac,D,63,1,2D,3D,0,1,z,2.3704644,0,1,1,1,3D,2D,D23,2.83321334405622,0.681087434363497,0.494245548201109,0.5,0.5,0.5,0.5,0.5,0.5,0.5,0.5,0.5,0.5,0.5,0.5,0.5,0.5,0.5,0.5,0.5,0.5,0.166436652353514,0.501678416344716,0.5,0.11224920451327,0.5,-0.0994450613102658,CBCbothPairsAsymRW,CBCdriftDiffusionLR,0.5,0.22449840902654,0.0115089035977826,0.198890122620532,0.362174868726995,0.963662256009489,2.17569496766939,2.53501020549189,0.5,66.7731872286499
CBC_1019,CBC_1019_MSI_TV_v3_Vset5_Tset2_2023-06-28_16h17.24.850.csv,2,3,0,2,z,0,1,1,tac,C,27,1,0C,2C,0,1,b,2.7995421,1,0,0,0,0C,2C,C02,2.89037175789616,0.681087434363497,0.494245548201109,0.5,0.5,0.5,0.5,0.5,0.5,0.5,0.5,0.5,0.5,0.5,0.5,0.400554938689734,0.61224920451327,0.5,0.5,0.5,0.5,0.119463731709911,0.500375870190503,-0.5,-0.00575445179889128,-0.5,0.181087434363497,CBCbothPairsAsymRW,CBCdriftDiffusionLR,0.5,0.22449840902654,0.0115089035977826,0.198890122620532,0.362174868726995,0.963662256009489,2.17569496766939,2.53501020549189,0.5,66.7731872286499
CBC_1019,CBC_1019_MSI_TV_v3_Vset5_Tset2_2023-06-28_16h17.24.850.csv,2,4,0,1,b,1,0,3,tac,A,63,1,0A,1A,1,0,z,2.4092744,0,1,0,0,1A,0A,A01,2.2512917986065,0.681087434363497,0.494245548201109,0.5,0.5,0.5,0.5,0.5,0.5,0.494245548201109,0.5,0.681087434363497,0.5,0.5,0.5,0.400554938689734,0.61224920451327,0.420515339510555,0.579484660489445,0.494245548201109,0.681087434363497,0.0952244685170054,0.293702660233155,-0.494245548201109,-0.00568822436787975,-0.318912565636503,0.115502116594789,CBCbothPairsAsymRW,CBCdriftDiffusionLR,0.5,0.22449840902654,0.0115089035977826,0.198890122620532,0.362174868726995,0.963662256009489,2.17569496766939,2.53501020549189,0.5,66.7731872286499
CBC_1019,CBC_1019_MSI_TV_v3_Vset5_Tset2_2023-06-28_16h17.24.850.csv,2,5,1,3,b,1,0,0,tac,B,27,1,1B,3B,1,0,b,1.8230413,1,0,1,1,1B,3B,B13,2.99573227355399,0.796589550958287,0.488557323833229,0.5,0.5,0.5,0.5,0.5,0.5,0.494245548201109,0.5,0.681087434363497,0.5,0.5,0.5,0.400554938689734,0.61224920451327,0.5,0.5,0.5,0.5,0.249119703818134,0.500586775212203,0.5,0.11224920451327,0.5,-0.0994450613102658,CBCbothPairsAsymRW,CBCdriftDiffusionLR,0.5,0.22449840902654,0.0115089035977826,0.198890122620532,0.362174868726995,0.963662256009489,2.17569496766939,2.53501020549189,0.5,66.7731872286499
CBC_1019,CBC_1019_MSI_TV_v3_Vset5_Tset2_2023-06-28_16h17.24.850.csv,2,6,3,2,z,0,1,1,tac,C,63,1,3C,2C,0,1,z,2.070941,0,1,1,1,2C,3C,C32,3.04452243772342,0.796589550958287,0.488557323833229,0.5,0.5,0.5,0.61224920451327,0.5,0.400554938689734,0.494245548201109,0.5,0.681087434363497,0.5,0.5,0.5,0.400554938689734,0.61224920451327,0.576661316129016,0.423338683870984,0.681087434363497,0.5,0.299092548187912,0.700292973284337,0.318912565636503,0.071595363603967,0.5,-0.0994450613102658,CBCbothPairsAsymRW,CBCdriftDiffusionLR,0.5,0.22449840902654,0.0115089035977826,0.198890122620532,0.362174868726995,0.963662256009489,2.17569496766939,2.53501020549189,0.5,66.7731872286499
CBC_1019,CBC_1019_MSI_TV_v3_Vset5_Tset2_2023-06-28_16h17.24.850.csv,2,7,3,2,b,1,0,2,tac,D,63,0,3D,2D,0,1,b,2.282703,1,0,1,0,3D,2D,D32,3.09104245335832,0.796589550958287,0.488557323833229,0.5,0.5,0.5,0.61224920451327,0.5,0.400554938689734,0.494245548201109,0.5,0.752682797967464,0.400554938689734,0.5,0.5,0.400554938689734,0.61224920451327,0.604508984903068,0.395491015096932,0.61224920451327,0.400554938689734,0.275495156872035,0.760216634490308,-0.61224920451327,-0.00704631707256229,-0.599445061310266,0.217103936389091,CBCbothPairsAsymRW,CBCdriftDiffusionLR,0.5,0.22449840902654,0.0115089035977826,0.198890122620532,0.362174868726995,0.963662256009489,2.17569496766939,2.53501020549189,0.5,66.7731872286499
CBC_1019,CBC_1019_MSI_TV_v3_Vset5_Tset2_2023-06-28_16h17.24.850.csv,2,8,0,1,z,0,1,0,tac,B,63,1,0B,1B,0,1,b,3.191994,1,0,0,0,0B,1B,B01,3.13549421592915,0.796589550958287,0.488557323833229,0.5,0.5,0.5,0.61224920451327,0.5,0.400554938689734,0.494245548201109,0.5,0.752682797967464,0.400554938689734,0.5,0.5,0.617658875078825,0.605202887440708,0.449539543810062,0.550460456189938,0.5,0.61224920451327,0.0632956533769124,0.363967516148439,-0.5,-0.00575445179889128,-0.38775079548673,0.140433593454194,CBCbothPairsAsymRW,CBCdriftDiffusionLR,0.5,0.22449840902654,0.0115089035977826,0.198890122620532,0.362174868726995,0.963662256009489,2.17569496766939,2.53501020549189,0.5,66.7731872286499
CBC_1019,CBC_1019_MSI_TV_v3_Vset5_Tset2_2023-06-28_16h17.24.850.csv,2,9,2,0,z,0,1,3,tac,A,27,1,2A,0A,0,1,z,2.9685056,0,1,1,1,0A,2A,A20,3.17805383034795,0.796589550958287,0.488557323833229,0.5,0.5,0.494245548201109,0.752682797967464,0.5,0.400554938689734,0.494245548201109,0.5,0.752682797967464,0.400554938689734,0.5,0.5,0.617658875078825,0.605202887440708,0.6143729527741,0.3856270472259,0.796589550958287,0.5,0.153744517900568,0.779675587418756,0.203410449041713,0.0456653221892388,0.5,-0.0994450613102658,CBCbothPairsAsymRW,CBCdriftDiffusionLR,0.5,0.22449840902654,0.0115089035977826,0.198890122620532,0.362174868726995,0.963662256009489,2.17569496766939,2.53501020549189,0.5,66.7731872286499
CBC_1019,CBC_1019_MSI_TV_v3_Vset5_Tset2_2023-06-28_16h17.24.850.csv,2,10,3,0,b,1,0,2,tac,D,9,1,3D,0D,1,0,z,2.3677922,0,1,0,0,0D,3D,D30,3.2188758248682,0.842254873147525,0.488557323833229,0.400554938689734,0.5,0.494245548201109,0.752682797967464,0.5,0.400554938689734,0.494245548201109,0.5,0.752682797967464,0.400554938689734,0.5,0.5,0.617658875078825,0.605202887440708,0.452405622245376,0.547594377754624,0.5,0.605202887440708,0.123655795760763,0.370472894252048,-0.5,-0.00575445179889128,-0.394797112559292,0.142985592414958,CBCbothPairsAsymRW,CBCdriftDiffusionLR,0.5,0.22449840902654,0.0115089035977826,0.198890122620532,0.362174868726995,0.963662256009489,2.17569496766939,2.53501020549189,0.5,66.7731872286499
CBC_1019,CBC_1019_MSI_TV_v3_Vset5_Tset2_2023-06-28_16h17.24.850.csv,2,11,2,3,b,1,0,1,tac,C,63,1,2C,3C,1,0,z,3.0427023,0,1,0,0,3C,2C,C23,3.25809653802148,0.842254873147525,0.488557323833229,0.400554938689734,0.5,0.494245548201109,0.752682797967464,0.5,0.400554938689734,0.494245548201109,0.5,0.752682797967464,0.400554938689734,0.494245548201109,0.5,0.617658875078825,0.748188479855666,0.347330759268069,0.652669240731931,0.400554938689734,0.752682797967464,0.0270711403287072,0.157026505962421,-0.400554938689734,-0.00460994817499585,-0.247317202032536,0.0895720751800612,CBCbothPairsAsymRW,CBCdriftDiffusionLR,0.5,0.22449840902654,0.0115089035977826,0.198890122620532,0.362174868726995,0.963662256009489,2.17569496766939,2.53501020549189,0.5,66.7731872286499
CBC_1019,CBC_1019_MSI_TV_v3_Vset5_Tset2_2023-06-28_16h17.24.850.csv,2,12,0,1,z,0,1,0,tac,B,63,1,0B,1B,0,1,z,2.5909941,0,1,1,1,1B,0B,B01,2.60268968544438,0.842254873147525,0.488557323833229,0.400554938689734,0.5,0.494245548201109,0.752682797967464,0.5,0.400554938689734,0.494245548201109,0.5,0.842254873147525,0.395944990514738,0.494245548201109,0.5,0.617658875078825,0.748188479855666,0.603629551192919,0.396370448807081,0.752682797967464,0.494245548201109,0.210354606706209,0.758580675107309,0.247317202032536,0.0555223183811998,0.494245548201109,-0.0983005576863704,CBCbothPairsAsymRW,CBCdriftDiffusionLR,0.5,0.22449840902654,0.0115089035977826,0.198890122620532,0.362174868726995,0.963662256009489,2.17569496766939,2.53501020549189,0.5,66.7731872286499
CBC_1019,CBC_1019_MSI_TV_v3_Vset5_Tset2_2023-06-28_16h17.24.850.csv,2,13,2,3,z,0,1,2,tac,D,63,1,2D,3D,0,1,b,2.4005722,1,0,0,0,2D,3D,D23,2.63905732961526,0.842254873147525,0.488557323833229,0.400554938689734,0.5,0.395944990514738,0.808205116348664,0.5,0.400554938689734,0.494245548201109,0.5,0.842254873147525,0.395944990514738,0.494245548201109,0.5,0.617658875078825,0.748188479855666,0.452216620581624,0.547783379418376,0.617658875078825,0.748188479855666,0.120801536534262,0.371393245928858,-0.617658875078825,-0.00710857644959702,-0.251811520144334,0.0911998042522191,CBCbothPairsAsymRW,CBCdriftDiffusionLR,0.5,0.22449840902654,0.0115089035977826,0.198890122620532,0.362174868726995,0.963662256009489,2.17569496766939,2.53501020549189,0.5,66.7731872286499
CBC_1019,CBC_1019_MSI_TV_v3_Vset5_Tset2_2023-06-28_16h17.24.850.csv,2,14,2,3,b,1,0,1,tac,C,63,1,2C,3C,1,0,b,3.7807509,1,0,1,1,2C,3C,C23,2.67414864942653,0.842254873147525,0.488557323833229,0.400554938689734,0.5,0.395944990514738,0.808205116348664,0.5,0.400554938689734,0.494245548201109,0.5,0.842254873147525,0.395944990514738,0.494245548201109,0.5,0.610550298629228,0.839388284107885,0.680225299537961,0.319774700462039,0.842254873147525,0.395944990514738,0.0637953017848419,0.879784206866144,0.157745126852475,0.0354135300100703,0.395944990514738,-0.0787495477144615,CBCbothPairsAsymRW,CBCdriftDiffusionLR,0.5,0.22449840902654,0.0115089035977826,0.198890122620532,0.362174868726995,0.963662256009489,2.17569496766939,2.53501020549189,0.5,66.7731872286499
CBC_1019,CBC_1019_MSI_TV_v3_Vset5_Tset2_2023-06-28_16h17.24.850.csv,2,15,3,1,z,0,1,0,tac,B,27,1,3B,1B,0,1,z,3.5569678,0,1,1,1,1B,3B,B31,3.40119738166216,0.842254873147525,0.488557323833229,0.400554938689734,0.5,0.395944990514738,0.808205116348664,0.5,0.400554938689734,0.494245548201109,0.5,0.877668403157596,0.317195442800277,0.494245548201109,0.5,0.610550298629228,0.839388284107885,0.66862328299142,0.331376717008579,0.808205116348664,0.400554938689734,0.0841231431446883,0.865448654539565,0.191794883651336,0.0430576462391554,0.400554938689734,-0.0796664208722608,CBCbothPairsAsymRW,CBCdriftDiffusionLR,0.5,0.22449840902654,0.0115089035977826,0.198890122620532,0.362174868726995,0.963662256009489,2.17569496766939,2.53501020549189,0.5,66.7731872286499
CBC_1019,CBC_1019_MSI_TV_v3_Vset5_Tset2_2023-06-28_16h17.24.850.csv,2,16,0,3,b,1,0,3,tac,A,9,1,0A,3A,1,0,b,2.8166803,1,0,1,1,0A,3A,A03,3.43398720448515,0.842254873147525,0.488557323833229,0.400554938689734,0.5,0.395944990514738,0.851262762587819,0.5,0.320888517817473,0.494245548201109,0.5,0.877668403157596,0.317195442800277,0.494245548201109,0.5,0.610550298629228,0.839388284107885,0.627492505333564,0.372507494666436,0.842254873147525,0.5,0.178963064916724,0.803277104793412,0.157745126852475,0.0354135300100703,0.5,-0.0994450613102658,CBCbothPairsAsymRW,CBCdriftDiffusionLR,0.5,0.22449840902654,0.0115089035977826,0.198890122620532,0.362174868726995,0.963662256009489,2.17569496766939,2.53501020549189,0.5,66.7731872286499
CBC_1019,CBC_1019_MSI_TV_v3_Vset5_Tset2_2023-06-28_16h17.24.850.csv,2,17,2,3,z,0,1,2,tac,D,63,1,2D,3D,0,1,b,2.2796864,1,0,0,0,2D,3D,D23,2.36712361413162,0.877668403157596,0.488557323833229,0.400554938689734,0.400554938689734,0.395944990514738,0.851262762587819,0.5,0.320888517817473,0.494245548201109,0.5,0.877668403157596,0.317195442800277,0.494245548201109,0.5,0.610550298629228,0.839388284107885,0.421087007338383,0.578912992661617,0.610550298629228,0.839388284107885,0.106249436469172,0.294553999301358,-0.610550298629228,-0.00702676452852114,-0.160611715892115,0.0581695271192441,CBCbothPairsAsymRW,CBCdriftDiffusionLR,0.5,0.22449840902654,0.0115089035977826,0.198890122620532,0.362174868726995,0.963662256009489,2.17569496766939,2.53501020549189,0.5,66.7731872286499
CBC_1019,CBC_1019_MSI_TV_v3_Vset5_Tset2_2023-06-28_16h17.24.850.csv,2,18,0,2,z,0,1,1,tac,C,27,1,0C,2C,0,1,z,2.8807155,0,1,1,1,2C,0C,C02,2.80336038090653,0.877668403157596,0.488557323833229,0.400554938689734,0.400554938689734,0.395944990514738,0.851262762587819,0.5,0.320888517817473,0.494245548201109,0.5,0.877668403157596,0.317195442800277,0.494245548201109,0.5,0.603523534100707,0.897557811227129,0.639740125310613,0.360259874689387,0.877668403157596,0.494245548201109,0.17008924993557,0.823907976357328,0.122331596842404,0.0274632488647959,0.494245548201109,-0.0983005576863704,CBCbothPairsAsymRW,CBCdriftDiffusionLR,0.5,0.22449840902654,0.0115089035977826,0.198890122620532,0.362174868726995,0.963662256009489,2.17569496766939,2.53501020549189,0.5,66.7731872286499
CBC_1019,CBC_1019_MSI_TV_v3_Vset5_Tset2_2023-06-28_16h17.24.850.csv,2,19,0,1,b,1,0,3,tac,A,63,1,0A,1A,1,0,b,2.8169973,1,0,1,1,0A,1A,A01,2.42774823594805,0.877668403157596,0.488557323833229,0.400554938689734,0.400554938689734,0.395944990514738,0.851262762587819,0.5,0.320888517817473,0.395944990514738,0.5,0.905131652022392,0.317195442800277,0.494245548201109,0.5,0.603523534100707,0.897557811227129,0.642403656891091,0.357596343108909,0.877668403157596,0.488557323833229,0.180988254170716,0.827810391511911,0.122331596842404,0.0274632488647959,0.488557323833229,-0.0971692260443497,CBCbothPairsAsymRW,CBCdriftDiffusionLR,0.5,0.22449840902654,0.0115089035977826,0.198890122620532,0.362174868726995,0.963662256009489,2.17569496766939,2.53501020549189,0.5,66.7731872286499
CBC_1019,CBC_1019_MSI_TV_v3_Vset5_Tset2_2023-06-28_16h17.24.850.csv,2,20,1,0,b,1,0,0,tac,B,63,0,1B,0B,0,1,b,1.3914311,1,0,1,0,1B,0B,B10,3.55534806148941,0.905131652022392,0.391388097788879,0.400554938689734,0.400554938689734,0.395944990514738,0.851262762587819,0.5,0.320888517817473,0.395944990514738,0.5,0.905131652022392,0.317195442800277,0.494245548201109,0.5,0.603523534100707,0.897557811227129,0.682534854734679,0.317465145265321,0.851262762587819,0.395944990514738,0.659534162005977,0.881621557011098,-0.851262762587819,-0.00979710107100528,-0.604055009485262,0.218773543764208,CBCbothPairsAsymRW,CBCdriftDiffusionLR,0.5,0.22449840902654,0.0115089035977826,0.198890122620532,0.362174868726995,0.963662256009489,2.17569496766939,2.53501020549189,0.5,66.7731872286499
CBC_1019,CBC_1019_MSI_TV_v3_Vset5_Tset2_2023-06-28_16h17.24.850.csv,2,21,3,1,b,1,0,2,tac,D,27,1,3D,1D,1,0,b,2.8472677,1,0,1,1,3D,1D,D31,3.58351893845611,0.905131652022392,0.391388097788879,0.400554938689734,0.400554938689734,0.614718534278946,0.841465661516814,0.5,0.320888517817473,0.395944990514738,0.5,0.905131652022392,0.317195442800277,0.494245548201109,0.5,0.603523534100707,0.897557811227129,0.642233046831191,0.357766953168809,0.897557811227129,0.5,0.175766142271612,0.826994809792694,0.102442188772871,0.022998108396706,0.5,-0.0994450613102658,CBCbothPairsAsymRW,CBCdriftDiffusionLR,0.5,0.22449840902654,0.0115089035977826,0.198890122620532,0.362174868726995,0.963662256009489,2.17569496766939,2.53501020549189,0.5,66.7731872286499
CBC_1019,CBC_1019_MSI_TV_v3_Vset5_Tset2_2023-06-28_16h17.24.850.csv,2,22,3,2,z,0,1,1,tac,C,63,1,3C,2C,NaN,NaN,None,NaN,NaN,NaN,NaN,NaN,,,C32,2.91777073208428,0.905131652022392,0.391388097788879,0.400554938689734,0.400554938689734,0.614718534278946,0.841465661516814,0.5,0.320888517817473,0.395944990514738,0.5,0.905131652022392,0.317195442800277,0.494245548201109,0.400554938689734,0.603523534100707,0.920555919623835,0,0,0,0,NaN,0,0,0,0,0,CBCbothPairsAsymRW,CBCdriftDiffusionLR,0.5,0.22449840902654,0.0115089035977826,0.198890122620532,0.362174868726995,0.963662256009489,2.17569496766939,2.53501020549189,0.5,66.7731872286499
CBC_1019,CBC_1019_MSI_TV_v3_Vset5_Tset2_2023-06-28_16h17.24.850.csv,2,23,0,1,z,0,1,0,tac,B,63,1,0B,1B,0,1,z,1.1478389,0,1,1,1,1B,0B,B01,2.53897387105828,0.905131652022392,0.391388097788879,0.400554938689734,0.400554938689734,0.614718534278946,0.841465661516814,0.5,0.320888517817473,0.395944990514738,0.5,0.905131652022392,0.317195442800277,0.494245548201109,0.400554938689734,0.603523534100707,0.920555919623835,0.57785660903769,0.42214339096231,0.841465661516814,0.614718534278946,0.124257087267873,0.703005137125616,0.158534338483186,0.0355907067655503,0.614718534278946,-0.122261444659853,CBCbothPairsAsymRW,CBCdriftDiffusionLR,0.5,0.22449840902654,0.0115089035977826,0.198890122620532,0.362174868726995,0.963662256009489,2.17569496766939,2.53501020549189,0.5,66.7731872286499
CBC_1019,CBC_1019_MSI_TV_v3_Vset5_Tset2_2023-06-28_16h17.24.850.csv,2,24,0,2,b,1,0,3,tac,A,27,1,0A,2A,1,0,b,2.2034248,1,0,1,1,0A,2A,A02,3.66356164612965,0.905131652022392,0.391388097788879,0.400554938689734,0.400554938689734,0.492457089619093,0.877056368282364,0.5,0.320888517817473,0.395944990514738,0.5,0.905131652022392,0.317195442800277,0.494245548201109,0.400554938689734,0.603523534100707,0.920555919623835,0.693222752275284,0.306777247724716,0.905131652022392,0.400554938689734,0.352893775374782,0.894012215612894,0.0948683479776083,0.0212977931879493,0.400554938689734,-0.0796664208722608,CBCbothPairsAsymRW,CBCdriftDiffusionLR,0.5,0.22449840902654,0.0115089035977826,0.198890122620532,0.362174868726995,0.963662256009489,2.17569496766939,2.53501020549189,0.5,66.7731872286499
CBC_1019,CBC_1019_MSI_TV_v3_Vset5_Tset2_2023-06-28_16h17.24.850.csv,2,25,3,2,b,1,0,2,tac,D,63,1,3D,2D,1,0,b,3.1931317,1,0,1,1,3D,2D,D32,2.99573227355399,0.926429445210341,0.391388097788879,0.320888517817473,0.400554938689734,0.492457089619093,0.877056368282364,0.5,0.320888517817473,0.395944990514738,0.5,0.905131652022392,0.317195442800277,0.494245548201109,0.400554938689734,0.603523534100707,0.920555919623835,0.60400782739652,0.39599217260348,0.920555919623835,0.603523534100707,0.124608375808452,0.758664814123288,0.0794440803761649,0.0178350696510256,0.603523534100707,-0.120034869701666,CBCbothPairsAsymRW,CBCdriftDiffusionLR,0.5,0.22449840902654,0.0115089035977826,0.198890122620532,0.362174868726995,0.963662256009489,2.17569496766939,2.53501020549189,0.5,66.7731872286499
CBC_1019,CBC_1019_MSI_TV_v3_Vset5_Tset2_2023-06-28_16h17.24.850.csv,2,26,0,2,z,0,1,1,tac,C,27,1,0C,2C,0,1,z,2.9534942,0,1,1,1,2C,0C,C02,2.6149597780362,0.926429445210341,0.391388097788879,0.320888517817473,0.400554938689734,0.492457089619093,0.877056368282364,0.5,0.320888517817473,0.395944990514738,0.5,0.905131652022392,0.317195442800277,0.494245548201109,0.400554938689734,0.483488664399041,0.938390989274861,0.695678964966556,0.304321035033445,0.905131652022392,0.395944990514738,0.151723999953782,0.896419030946749,0.0948683479776083,0.0212977931879493,0.395944990514738,-0.0787495477144615,CBCbothPairsAsymRW,CBCdriftDiffusionLR,0.5,0.22449840902654,0.0115089035977826,0.198890122620532,0.362174868726995,0.963662256009489,2.17569496766939,2.53501020549189,0.5,66.7731872286499
CBC_1019,CBC_1019_MSI_TV_v3_Vset5_Tset2_2023-06-28_16h17.24.850.csv,2,27,0,1,z,0,1,0,tac,B,63,1,0B,1B,0,1,z,2.6121374,0,1,1,1,1B,0B,B01,2.35137525716348,0.926429445210341,0.391388097788879,0.320888517817473,0.400554938689734,0.492457089619093,0.877056368282364,0.5,0.320888517817473,0.317195442800277,0.5,0.926429445210341,0.317195442800277,0.494245548201109,0.400554938689734,0.483488664399041,0.938390989274861,0.640414567102029,0.359585432897971,0.877056368282364,0.492457089619093,0.219878870163778,0.825102084180212,0.122943631717636,0.0276006497205541,0.492457089619093,-0.0979448509396916,CBCbothPairsAsymRW,CBCdriftDiffusionLR,0.5,0.22449840902654,0.0115089035977826,0.198890122620532,0.362174868726995,0.963662256009489,2.17569496766939,2.53501020549189,0.5,66.7731872286499
CBC_1019,CBC_1019_MSI_TV_v3_Vset5_Tset2_2023-06-28_16h17.24.850.csv,2,28,1,0,z,0,1,3,tac,A,63,1,1A,0A,0,1,z,1.5995394,0,1,1,1,0A,1A,A10,3.76120011569356,0.926429445210341,0.391388097788879,0.320888517817473,0.400554938689734,0.394512238679402,0.904657018002918,0.5,0.320888517817473,0.317195442800277,0.5,0.926429445210341,0.317195442800277,0.494245548201109,0.400554938689734,0.483488664399041,0.938390989274861,0.70300281714408,0.29699718285592,0.926429445210341,0.391388097788879,0.673315883918023,0.903427901968217,0.073570554789659,0.0165164725014784,0.391388097788879,-0.0778432267614468,CBCbothPairsAsymRW,CBCdriftDiffusionLR,0.5,0.22449840902654,0.0115089035977826,0.198890122620532,0.362174868726995,0.963662256009489,2.17569496766939,2.53501020549189,0.5,66.7731872286499
CBC_1019,CBC_1019_MSI_TV_v3_Vset5_Tset2_2023-06-28_16h17.24.850.csv,2,29,2,3,b,1,0,1,tac,C,63,0,2C,3C,0,1,z,1.7286652,0,1,0,1,3C,2C,C23,2.68557734525015,0.942945917711819,0.313544871027432,0.320888517817473,0.400554938689734,0.394512238679402,0.904657018002918,0.5,0.320888517817473,0.317195442800277,0.5,0.926429445210341,0.317195442800277,0.494245548201109,0.400554938689734,0.483488664399041,0.938390989274861,0.255057168651299,0.744942831348701,0.317195442800277,0.926429445210341,0.0442422870264655,0.0627316124485981,0.682804557199723,0.153288536767409,0.926429445210341,-0.184257665957156,CBCbothPairsAsymRW,CBCdriftDiffusionLR,0.5,0.22449840902654,0.0115089035977826,0.198890122620532,0.362174868726995,0.963662256009489,2.17569496766939,2.53501020549189,0.5,66.7731872286499
CBC_1019,CBC_1019_MSI_TV_v3_Vset5_Tset2_2023-06-28_16h17.24.850.csv,2,30,1,3,z,0,1,2,tac,D,27,1,1D,3D,0,1,z,2.018582,0,1,1,1,3D,1D,D13,3.80666248977032,0.942945917711819,0.313544871027432,0.320888517817473,0.400554938689734,0.394512238679402,0.904657018002918,0.5,0.320888517817473,0.317195442800277,0.5,0.742171779253185,0.470483979567686,0.494245548201109,0.400554938689734,0.483488664399041,0.938390989274861,0.700843080871354,0.299156919128646,0.938390989274861,0.400554938689734,0.438005539605169,0.901608117387914,0.0616090107251392,0.0138311248894928,0.400554938689734,-0.0796664208722608,CBCbothPairsAsymRW,CBCdriftDiffusionLR,0.5,0.22449840902654,0.0115089035977826,0.198890122620532,0.362174868726995,0.963662256009489,2.17569496766939,2.53501020549189,0.5,66.7731872286499
CBC_1019,CBC_1019_MSI_TV_v3_Vset5_Tset2_2023-06-28_16h17.24.850.csv,2,31,0,1,b,1,0,3,tac,A,63,1,0A,1A,1,0,b,1.3902008,1,0,1,1,0A,1A,A01,2.4423470353692,0.942945917711819,0.313544871027432,0.320888517817473,0.400554938689734,0.394512238679402,0.904657018002918,0.5,0.320888517817473,0.317195442800277,0.5,0.742171779253185,0.470483979567686,0.494245548201109,0.320888517817473,0.483488664399041,0.952222114164354,0.750459872975241,0.249540127024759,0.942945917711819,0.313544871027432,0.852980653189746,0.940627684002055,0.0570540822881807,0.0128085507021659,0.313544871027432,-0.0623609778456848,CBCbothPairsAsymRW,CBCdriftDiffusionLR,0.5,0.22449840902654,0.0115089035977826,0.198890122620532,0.362174868726995,0.963662256009489,2.17569496766939,2.53501020549189,0.5,66.7731872286499
CBC_1019,CBC_1019_MSI_TV_v3_Vset5_Tset2_2023-06-28_16h17.24.850.csv,2,32,2,3,z,0,1,2,tac,D,63,1,2D,3D,0,1,b,3.4218016,1,0,0,0,2D,3D,D23,2.46385324059017,0.955754468413985,0.251183893181748,0.320888517817473,0.400554938689734,0.394512238679402,0.904657018002918,0.5,0.320888517817473,0.317195442800277,0.5,0.742171779253185,0.470483979567686,0.494245548201109,0.320888517817473,0.483488664399041,0.952222114164354,0.336759096343088,0.663240903656912,0.483488664399041,0.952222114164354,0.0161821129875333,0.141760927275038,-0.483488664399041,-0.0055644244291892,-0.0477778858356465,0.0173039495305786,CBCbothPairsAsymRW,CBCdriftDiffusionLR,0.5,0.22449840902654,0.0115089035977826,0.198890122620532,0.362174868726995,0.963662256009489,2.17569496766939,2.53501020549189,0.5,66.7731872286499
CBC_1019,CBC_1019_MSI_TV_v3_Vset5_Tset2_2023-06-28_16h17.24.850.csv,2,33,1,2,b,1,0,0,tac,B,9,1,1B,2B,1,0,b,1.6670956,1,0,1,1,1B,2B,B12,3.87120101090789,0.955754468413985,0.251183893181748,0.320888517817473,0.400554938689734,0.394512238679402,0.904657018002918,0.5,0.320888517817473,0.317195442800277,0.5,0.742171779253185,0.470483979567686,0.494245548201109,0.320888517817473,0.477924239969851,0.969526063694932,0.644041218894219,0.355958781105781,0.904657018002918,0.5,0.526843507315923,0.830184399241416,0.0953429819970816,0.0214043477701909,0.5,-0.0994450613102658,CBCbothPairsAsymRW,CBCdriftDiffusionLR,0.5,0.22449840902654,0.0115089035977826,0.198890122620532,0.362174868726995,0.963662256009489,2.17569496766939,2.53501020549189,0.5,66.7731872286499
CBC_1019,CBC_1019_MSI_TV_v3_Vset5_Tset2_2023-06-28_16h17.24.850.csv,2,34,0,1,b,1,0,3,tac,A,63,1,0A,1A,1,0,b,1.4035191,1,0,1,1,0A,1A,A01,2.28238238567653,0.955754468413985,0.251183893181748,0.320888517817473,0.400554938689734,0.394512238679402,0.926061365773109,0.400554938689734,0.320888517817473,0.317195442800277,0.5,0.742171779253185,0.470483979567686,0.494245548201109,0.320888517817473,0.477924239969851,0.969526063694932,0.791883412463873,0.208116587536127,0.955754468413985,0.251183893181748,0.979419934434587,0.961608753544705,0.0442455315860147,0.00993305144759385,0.251183893181748,-0.0499579953152203,CBCbothPairsAsymRW,CBCdriftDiffusionLR,0.5,0.22449840902654,0.0115089035977826,0.198890122620532,0.362174868726995,0.963662256009489,2.17569496766939,2.53501020549189,0.5,66.7731872286499
CBC_1019,CBC_1019_MSI_TV_v3_Vset5_Tset2_2023-06-28_16h17.24.850.csv,2,35,1,2,z,0,1,1,tac,C,9,1,1C,2C,0,1,z,1.1644528,0,1,1,1,2C,1C,C12,3.91202300542815,0.965687519861579,0.201225897866527,0.320888517817473,0.400554938689734,0.394512238679402,0.926061365773109,0.400554938689734,0.320888517817473,0.317195442800277,0.5,0.742171779253185,0.470483979567686,0.494245548201109,0.320888517817473,0.477924239969851,0.969526063694932,0.597479182548642,0.402520817451358,0.742171779253185,0.5,0.172702965870924,0.744989044351134,0.257828220746815,0.0578820253598036,0.5,-0.0994450613102658,CBCbothPairsAsymRW,CBCdriftDiffusionLR,0.5,0.22449840902654,0.0115089035977826,0.198890122620532,0.362174868726995,0.963662256009489,2.17569496766939,2.53501020549189,0.5,66.7731872286499
CBC_1019,CBC_1019_MSI_TV_v3_Vset5_Tset2_2023-06-28_16h17.24.850.csv,2,36,0,1,z,0,1,0,tac,B,63,1,0B,1B,0,1,z,1.3694181,0,1,1,1,1B,0B,B01,2.32238772029023,0.965687519861579,0.201225897866527,0.320888517817473,0.400554938689734,0.394512238679402,0.926061365773109,0.400554938689734,0.320888517817473,0.317195442800277,0.400554938689734,0.800053804612989,0.470483979567686,0.494245548201109,0.320888517817473,0.477924239969851,0.969526063694932,0.701256910368915,0.298743089631085,0.926061365773109,0.394512238679402,0.70138606082052,0.901908351712683,0.0739386342268907,0.0165991057495323,0.394512238679402,-0.0784645875262466,CBCbothPairsAsymRW,CBCdriftDiffusionLR,0.5,0.22449840902654,0.0115089035977826,0.198890122620532,0.362174868726995,0.963662256009489,2.17569496766939,2.53501020549189,0.5,66.7731872286499
CBC_1019,CBC_1019_MSI_TV_v3_Vset5_Tset2_2023-06-28_16h17.24.850.csv,2,37,1,0,z,0,1,3,tac,A,63,0,1A,0A,1,0,z,1.2886122,0,1,1,0,0A,1A,A10,3.25809653802148,0.965687519861579,0.201225897866527,0.320888517817473,0.400554938689734,0.316047651153155,0.942660471522642,0.400554938689734,0.320888517817473,0.317195442800277,0.400554938689734,0.800053804612989,0.470483979567686,0.494245548201109,0.320888517817473,0.477924239969851,0.969526063694932,0.827557130795274,0.172442869204726,0.965687519861579,0.201225897866527,1.00974562306139,0.973819866763869,-0.965687519861579,-0.0111140045716686,-0.798774102133473,0.289295905582713,CBCbothPairsAsymRW,CBCdriftDiffusionLR,0.5,0.22449840902654,0.0115089035977826,0.198890122620532,0.362174868726995,0.963662256009489,2.17569496766939,2.53501020549189,0.5,66.7731872286499
CBC_1019,CBC_1019_MSI_TV_v3_Vset5_Tset2_2023-06-28_16h17.24.850.csv,2,38,1,0,b,1,0,0,tac,B,63,1,1B,0B,1,0,b,1.7449358,1,0,1,1,1B,0B,B10,3.27714473299218,0.95457351528991,0.490521803449241,0.320888517817473,0.400554938689734,0.316047651153155,0.942660471522642,0.400554938689734,0.320888517817473,0.317195442800277,0.400554938689734,0.800053804612989,0.470483979567686,0.494245548201109,0.320888517817473,0.477924239969851,0.969526063694932,0.74891108950557,0.25108891049443,0.942660471522642,0.316047651153155,0.653644610212063,0.939958831836371,0.0573395284773585,0.012872632917499,0.316047651153155,-0.062858756091782,CBCbothPairsAsymRW,CBCdriftDiffusionLR,0.5,0.22449840902654,0.0115089035977826,0.198890122620532,0.362174868726995,0.963662256009489,2.17569496766939,2.53501020549189,0.5,66.7731872286499
CBC_1019,CBC_1019_MSI_TV_v3_Vset5_Tset2_2023-06-28_16h17.24.850.csv,2,39,3,1,b,1,0,2,tac,D,27,1,3D,1D,1,0,b,1.8735198,1,0,1,1,3D,1D,D31,3.29583686600433,0.95457351528991,0.490521803449241,0.320888517817473,0.400554938689734,0.253188895061373,0.955533104440141,0.400554938689734,0.320888517817473,0.317195442800277,0.400554938689734,0.800053804612989,0.470483979567686,0.494245548201109,0.320888517817473,0.477924239969851,0.969526063694932,0.751329129091689,0.248670870908311,0.969526063694932,0.320888517817473,0.557782166258185,0.941043634104221,0.0304739363050679,0.00684135021726387,0.320888517817473,-0.0638215566562379,CBCbothPairsAsymRW,CBCdriftDiffusionLR,0.5,0.22449840902654,0.0115089035977826,0.198890122620532,0.362174868726995,0.963662256009489,2.17569496766939,2.53501020549189,0.5,66.7731872286499
CBC_1019,CBC_1019_MSI_TV_v3_Vset5_Tset2_2023-06-28_16h17.24.850.csv,2,40,2,3,b,1,0,1,tac,C,63,1,2C,3C,1,0,z,2.1863712,0,1,0,0,3C,2C,C23,2.62103882411258,0.95457351528991,0.490521803449241,0.320888517817473,0.400554938689734,0.253188895061373,0.955533104440141,0.400554938689734,0.320888517817473,0.317195442800277,0.400554938689734,0.800053804612989,0.470483979567686,0.494245548201109,0.257066961161235,0.477924239969851,0.976367413912196,0.370303020835452,0.629696979164547,0.470483979567686,0.800053804612989,0.0768008912397646,0.192944798536587,-0.470483979567686,-0.0054147547651456,-0.199946195387011,0.0724154870667528,CBCbothPairsAsymRW,CBCdriftDiffusionLR,0.5,0.22449840902654,0.0115089035977826,0.198890122620532,0.362174868726995,0.963662256009489,2.17569496766939,2.53501020549189,0.5,66.7731872286499
CBC_1019,CBC_1019_MSI_TV_v3_Vset5_Tset2_2023-06-28_16h17.24.850.csv,2,41,2,0,z,0,1,3,tac,A,27,1,2A,0A,0,1,z,1.4287192,0,1,1,1,0A,2A,A20,3.3322045101752,0.95457351528991,0.490521803449241,0.320888517817473,0.400554938689734,0.253188895061373,0.955533104440141,0.400554938689734,0.320888517817473,0.317195442800277,0.400554938689734,0.872469291679742,0.46506922480254,0.494245548201109,0.257066961161235,0.477924239969851,0.976367413912196,0.748413900619449,0.251586099380551,0.95457351528991,0.320888517817473,0.851488413478777,0.939660117366185,0.0454264847100896,0.0101981735450836,0.320888517817473,-0.0638215566562379,CBCbothPairsAsymRW,CBCdriftDiffusionLR,0.5,0.22449840902654,0.0115089035977826,0.198890122620532,0.362174868726995,0.963662256009489,2.17569496766939,2.53501020549189,0.5,66.7731872286499
CBC_1019,CBC_1019_MSI_TV_v3_Vset5_Tset2_2023-06-28_16h17.24.850.csv,2,42,3,2,b,1,0,2,tac,D,63,1,3D,2D,1,0,b,2.3927048,1,0,1,1,3D,2D,D32,2.94443897916644,0.964771688834994,0.490521803449241,0.257066961161235,0.400554938689734,0.253188895061373,0.955533104440141,0.400554938689734,0.320888517817473,0.317195442800277,0.400554938689734,0.872469291679742,0.46506922480254,0.494245548201109,0.257066961161235,0.477924239969851,0.976367413912196,0.671369742998873,0.328630257001127,0.976367413912196,0.477924239969851,0.282086593525855,0.868948799430398,0.0236325860878041,0.00530547797789476,0.477924239969851,-0.0950544106909281,CBCbothPairsAsymRW,CBCdriftDiffusionLR,0.5,0.22449840902654,0.0115089035977826,0.198890122620532,0.362174868726995,0.963662256009489,2.17569496766939,2.53501020549189,0.5,66.7731872286499
CBC_1019,CBC_1019_MSI_TV_v3_Vset5_Tset2_2023-06-28_16h17.24.850.csv,2,43,3,1,z,0,1,0,tac,B,27,1,3B,1B,0,1,z,1.6080262,0,1,1,1,1B,3B,B31,3.36729582998647,0.964771688834994,0.490521803449241,0.257066961161235,0.400554938689734,0.253188895061373,0.955533104440141,0.400554938689734,0.320888517817473,0.317195442800277,0.400554938689734,0.872469291679742,0.46506922480254,0.494245548201109,0.257066961161235,0.382869829278923,0.981672891890091,0.748603038195235,0.251396961804765,0.955533104440141,0.320888517817473,0.759513995387162,0.939533158166574,0.0444668955598595,0.00998274730753779,0.320888517817473,-0.0638215566562379,CBCbothPairsAsymRW,CBCdriftDiffusionLR,0.5,0.22449840902654,0.0115089035977826,0.198890122620532,0.362174868726995,0.963662256009489,2.17569496766939,2.53501020549189,0.5,66.7731872286499
CBC_1019,CBC_1019_MSI_TV_v3_Vset5_Tset2_2023-06-28_16h17.24.850.csv,2,44,2,3,b,1,0,1,tac,C,63,1,2C,3C,1,0,b,2.1314321,1,0,1,1,2C,3C,C23,2.46809953147162,0.964771688834994,0.490521803449241,0.257066961161235,0.400554938689734,0.253188895061373,0.965515851747678,0.400554938689734,0.257066961161235,0.317195442800277,0.400554938689734,0.872469291679742,0.46506922480254,0.494245548201109,0.257066961161235,0.382869829278923,0.981672891890091,0.652294704734433,0.347705295265567,0.872469291679742,0.46506922480254,0.356349257753938,0.842432462394621,0.127530708320258,0.0286304411199258,0.465069224802541,-0.0924976751480129,CBCbothPairsAsymRW,CBCdriftDiffusionLR,0.5,0.22449840902654,0.0115089035977826,0.198890122620532,0.362174868726995,0.963662256009489,2.17569496766939,2.53501020549189,0.5,66.7731872286499
CBC_1019,CBC_1019_MSI_AV_v3_Vset4_Aset3_2023-06-28_17h50.15.634.csv,3,1,1,3,b,1,0,0,aud,B,27,1,1B,3B,1,0,b,2.297013899999,1,0,1,1,1B,3B,B13,2.77258872223978,0.5,0.5,0.5,0.5,0.5,0.5,0.5,0.5,0.5,0.5,0.5,0.5,0.5,0.5,0.5,0.5,0.5,0.5,0.5,0.5,0.176108769228307,0.500356840045326,0.5,0.303927400609528,0.5,-0.0143991756901925,CBCbothPairsAsymRW,CBCdriftDiffusionLR,0.5,0.607854801219057,0.0391758103495371,0.028798351380385,0.234025275490168,0.968900141972257,3.82530451843838,2.60792453887783,0.5,49.1737329287686
CBC_1019,CBC_1019_MSI_AV_v3_Vset4_Aset3_2023-06-28_17h50.15.634.csv,3,2,3,2,z,0,1,1,aud,C,63,1,3C,2C,0,1,b,2.95673379999789,1,0,0,0,3C,2C,C32,2.83321334405622,0.5,0.5,0.5,0.5,0.5,0.803927400609528,0.5,0.485600824309807,0.5,0.5,0.5,0.5,0.5,0.5,0.5,0.5,0.5,0.5,0.5,0.5,0.109009363544687,0.499201267804482,-0.5,-0.0195879051747685,-0.5,0.117012637745084,CBCbothPairsAsymRW,CBCdriftDiffusionLR,0.5,0.607854801219057,0.0391758103495371,0.028798351380385,0.234025275490168,0.968900141972257,3.82530451843838,2.60792453887783,0.5,49.1737329287686
CBC_1019,CBC_1019_MSI_AV_v3_Vset4_Aset3_2023-06-28_17h50.15.634.csv,3,3,3,2,b,1,0,2,aud,D,63,1,3D,2D,1,0,b,2.13012530000015,1,0,1,1,3D,2D,D32,2.89037175789616,0.5,0.5,0.5,0.5,0.5,0.803927400609528,0.5,0.485600824309807,0.5,0.5,0.617012637745084,0.480412094825231,0.5,0.5,0.5,0.5,0.5,0.5,0.5,0.5,0.198098687726483,0.499746679252032,0.5,0.303927400609528,0.5,-0.0143991756901925,CBCbothPairsAsymRW,CBCdriftDiffusionLR,0.5,0.607854801219057,0.0391758103495371,0.028798351380385,0.234025275490168,0.968900141972257,3.82530451843838,2.60792453887783,0.5,49.1737329287686
CBC_1019,CBC_1019_MSI_AV_v3_Vset4_Aset3_2023-06-28_17h50.15.634.csv,3,4,0,1,z,0,1,0,aud,B,63,0,0B,1B,1,0,z,1.77212379999946,0,1,1,0,1B,0B,B01,2.94443897916644,0.5,0.5,0.5,0.5,0.5,0.803927400609528,0.5,0.485600824309807,0.5,0.5,0.617012637745084,0.480412094825231,0.5,0.5,0.485600824309807,0.803927400609528,0.616543068451302,0.383456931548698,0.803927400609528,0.5,0.582775665500928,0.911163505620361,-0.803927400609528,-0.0314945073810752,-0.5,0.117012637745084,CBCbothPairsAsymRW,CBCdriftDiffusionLR,0.5,0.607854801219057,0.0391758103495371,0.028798351380385,0.234025275490168,0.968900141972257,3.82530451843838,2.60792453887783,0.5,49.1737329287686
CBC_1019,CBC_1019_MSI_AV_v3_Vset4_Aset3_2023-06-28_17h50.15.634.csv,3,5,0,3,b,1,0,3,aud,A,9,1,0A,3A,1,0,b,2.37205799999902,1,0,1,1,0A,3A,A03,2.99573227355399,0.5,0.5,0.5,0.5,0.617012637745084,0.772432893228453,0.5,0.485600824309807,0.5,0.5,0.617012637745084,0.480412094825231,0.5,0.5,0.485600824309807,0.803927400609528,0.5,0.5,0.5,0.5,0.166552400866397,0.499448034354879,0.5,0.303927400609528,0.5,-0.0143991756901925,CBCbothPairsAsymRW,CBCdriftDiffusionLR,0.5,0.607854801219057,0.0391758103495371,0.028798351380385,0.234025275490168,0.968900141972257,3.82530451843838,2.60792453887783,0.5,49.1737329287686
CBC_1019,CBC_1019_MSI_AV_v3_Vset4_Aset3_2023-06-28_17h50.15.634.csv,3,6,3,2,b,1,0,2,aud,D,63,1,3D,2D,1,0,z,2.69385499999953,0,1,0,0,2D,3D,D32,2.35137525716348,0.803927400609528,0.5,0.5,0.485600824309807,0.617012637745084,0.772432893228453,0.5,0.485600824309807,0.5,0.5,0.617012637745084,0.480412094825231,0.5,0.5,0.485600824309807,0.803927400609528,0.376572466523704,0.623427533476296,0.485600824309807,0.803927400609528,0.0179166444119004,0.0786765576376769,-0.485600824309807,-0.0190238057987399,-0.196072599390472,0.0458859440884286,CBCbothPairsAsymRW,CBCdriftDiffusionLR,0.5,0.607854801219057,0.0391758103495371,0.028798351380385,0.234025275490168,0.968900141972257,3.82530451843838,2.60792453887783,0.5,49.1737329287686
CBC_1019,CBC_1019_MSI_AV_v3_Vset4_Aset3_2023-06-28_17h50.15.634.csv,3,7,0,2,z,0,1,1,aud,C,27,1,0C,2C,0,1,b,2.56736900000033,1,0,0,0,0C,2C,C02,3.09104245335832,0.803927400609528,0.5,0.5,0.485600824309807,0.617012637745084,0.772432893228453,0.5,0.485600824309807,0.5,0.5,0.617012637745084,0.480412094825231,0.5,0.5,0.466577018511068,0.849813344697957,0.447622509454639,0.552377490545361,0.5,0.617012637745084,0.0753954699832278,0.259742868128244,-0.5,-0.0195879051747685,-0.382987362254916,0.0896287229609596,CBCbothPairsAsymRW,CBCdriftDiffusionLR,0.5,0.607854801219057,0.0391758103495371,0.028798351380385,0.234025275490168,0.968900141972257,3.82530451843838,2.60792453887783,0.5,49.1737329287686
CBC_1019,CBC_1019_MSI_AV_v3_Vset4_Aset3_2023-06-28_17h50.15.634.csv,3,8,0,1,b,1,0,3,aud,A,63,1,0A,1A,1,0,b,2.02084709999872,1,0,1,1,0A,1A,A01,3.13549421592915,0.803927400609528,0.5,0.5,0.485600824309807,0.617012637745084,0.772432893228453,0.5,0.485600824309807,0.480412094825231,0.5,0.706641360706044,0.480412094825231,0.5,0.5,0.466577018511068,0.849813344697957,0.616543068451302,0.383456931548698,0.803927400609528,0.5,0.450277701543391,0.910927938450206,0.196072599390472,0.119183670926999,0.5,-0.0143991756901925,CBCbothPairsAsymRW,CBCdriftDiffusionLR,0.5,0.607854801219057,0.0391758103495371,0.028798351380385,0.234025275490168,0.968900141972257,3.82530451843838,2.60792453887783,0.5,49.1737329287686
CBC_1019,CBC_1019_MSI_AV_v3_Vset4_Aset3_2023-06-28_17h50.15.634.csv,3,9,1,0,b,1,0,0,aud,B,63,1,1B,0B,1,0,b,2.56008249999832,1,0,1,1,1B,0B,B10,3.17805383034795,0.923111071536527,0.485600824309807,0.5,0.485600824309807,0.617012637745084,0.772432893228453,0.5,0.485600824309807,0.480412094825231,0.5,0.706641360706044,0.480412094825231,0.5,0.5,0.466577018511068,0.849813344697957,0.555928876670132,0.444071123329868,0.772432893228453,0.617012637745084,0.219835987435534,0.753248459925446,0.227567106771547,0.138327758450614,0.617012637745084,-0.0177689467479211,CBCbothPairsAsymRW,CBCdriftDiffusionLR,0.5,0.607854801219057,0.0391758103495371,0.028798351380385,0.234025275490168,0.968900141972257,3.82530451843838,2.60792453887783,0.5,49.1737329287686
CBC_1019,CBC_1019_MSI_AV_v3_Vset4_Aset3_2023-06-28_17h50.15.634.csv,3,10,1,3,z,0,1,2,aud,D,27,1,1D,3D,0,1,z,2.27822620000006,0,1,1,1,3D,1D,D13,3.2188758248682,0.923111071536527,0.485600824309807,0.5,0.485600824309807,0.599243690997163,0.910760651679068,0.5,0.485600824309807,0.480412094825231,0.5,0.706641360706044,0.480412094825231,0.5,0.5,0.466577018511068,0.849813344697957,0.629578413960722,0.370421586039278,0.849813344697957,0.5,0.341437575078392,0.930017854787799,0.150186655302043,0.0912916795043784,0.5,-0.0143991756901925,CBCbothPairsAsymRW,CBCdriftDiffusionLR,0.5,0.607854801219057,0.0391758103495371,0.028798351380385,0.234025275490168,0.968900141972257,3.82530451843838,2.60792453887783,0.5,49.1737329287686
CBC_1019,CBC_1019_MSI_AV_v3_Vset4_Aset3_2023-06-28_17h50.15.634.csv,3,11,3,2,z,0,1,1,aud,C,63,1,3C,2C,0,1,z,1.78860539999914,0,1,1,1,2C,3C,C32,2.56494935746154,0.923111071536527,0.485600824309807,0.5,0.485600824309807,0.599243690997163,0.910760651679068,0.5,0.485600824309807,0.480412094825231,0.5,0.706641360706044,0.480412094825231,0.5,0.485600824309807,0.466577018511068,0.941105024202335,0.595290260445584,0.404709739554416,0.706641360706044,0.480412094825231,0.516976963751185,0.870309338904389,0.293358639293956,0.178319457373921,0.480412094825232,-0.0138350763141639,CBCbothPairsAsymRW,CBCdriftDiffusionLR,0.5,0.607854801219057,0.0391758103495371,0.028798351380385,0.234025275490168,0.968900141972257,3.82530451843838,2.60792453887783,0.5,49.1737329287686
CBC_1019,CBC_1019_MSI_AV_v3_Vset4_Aset3_2023-06-28_17h50.15.634.csv,3,12,1,0,b,1,0,0,aud,B,63,1,1B,0B,1,0,b,2.32751249999819,1,0,1,1,1B,0B,B10,2.60268968544438,0.923111071536527,0.485600824309807,0.5,0.485600824309807,0.599243690997163,0.910760651679068,0.5,0.485600824309807,0.480412094825231,0.5,0.884960818079965,0.466577018511068,0.5,0.485600824309807,0.466577018511068,0.941105024202335,0.603151014827478,0.396848985172522,0.910760651679068,0.599243690997163,0.315607022379006,0.886804273383168,0.0892393483209324,0.0542445663345385,0.599243690997163,-0.0172572303758152,CBCbothPairsAsymRW,CBCdriftDiffusionLR,0.5,0.607854801219057,0.0391758103495371,0.028798351380385,0.234025275490168,0.968900141972257,3.82530451843838,2.60792453887783,0.5,49.1737329287686
CBC_1019,CBC_1019_MSI_AV_v3_Vset4_Aset3_2023-06-28_17h50.15.634.csv,3,13,0,1,b,1,0,3,aud,A,63,1,0A,1A,1,0,b,3.24049319999904,1,0,1,1,0A,1A,A01,2.63905732961526,0.923111071536527,0.485600824309807,0.5,0.485600824309807,0.581986460621348,0.965005218013606,0.5,0.485600824309807,0.480412094825231,0.5,0.884960818079965,0.466577018511068,0.5,0.485600824309807,0.466577018511068,0.941105024202335,0.655287340341465,0.344712659658535,0.923111071536527,0.485600824309807,0.0840323584549362,0.956978820177583,0.0768889284634728,0.0467373043271105,0.485600824309808,-0.0139845031690784,CBCbothPairsAsymRW,CBCdriftDiffusionLR,0.5,0.607854801219057,0.0391758103495371,0.028798351380385,0.234025275490168,0.968900141972257,3.82530451843838,2.60792453887783,0.5,49.1737329287686
CBC_1019,CBC_1019_MSI_AV_v3_Vset4_Aset3_2023-06-28_17h50.15.634.csv,3,14,1,2,z,0,1,1,aud,C,9,1,1C,2C,0,1,z,2.15195540000059,0,1,1,1,2C,1C,C12,3.36729582998647,0.969848375863638,0.471616321140729,0.5,0.485600824309807,0.581986460621348,0.965005218013606,0.5,0.485600824309807,0.480412094825231,0.5,0.884960818079965,0.466577018511068,0.5,0.485600824309807,0.466577018511068,0.941105024202335,0.638978956319376,0.361021043680624,0.884960818079965,0.5,0.400064288286601,0.941362027878731,0.115039181920035,0.0699271190584061,0.5,-0.0143991756901925,CBCbothPairsAsymRW,CBCdriftDiffusionLR,0.5,0.607854801219057,0.0391758103495371,0.028798351380385,0.234025275490168,0.968900141972257,3.82530451843838,2.60792453887783,0.5,49.1737329287686
CBC_1019,CBC_1019_MSI_AV_v3_Vset4_Aset3_2023-06-28_17h50.15.634.csv,3,15,1,0,z,0,1,3,aud,A,63,1,1A,0A,0,1,z,1.28130299999975,0,1,1,1,0A,1A,A10,3.40119738166216,0.969848375863638,0.471616321140729,0.5,0.485600824309807,0.581986460621348,0.965005218013606,0.5,0.485600824309807,0.480412094825231,0.485600824309807,0.954887937138371,0.466577018511068,0.5,0.485600824309807,0.466577018511068,0.941105024202335,0.672821455758968,0.327178544241032,0.969848375863638,0.471616321140729,0.836260960252479,0.969164442299055,0.0301516241363623,0.0183278094958402,0.471616321140729,-0.0135817725329352,CBCbothPairsAsymRW,CBCdriftDiffusionLR,0.5,0.607854801219057,0.0391758103495371,0.028798351380385,0.234025275490168,0.968900141972257,3.82530451843838,2.60792453887783,0.5,49.1737329287686
CBC_1019,CBC_1019_MSI_AV_v3_Vset4_Aset3_2023-06-28_17h50.15.634.csv,3,16,3,1,b,1,0,2,aud,D,27,1,3D,1D,1,0,b,1.73045949999869,1,0,1,1,3D,1D,D31,3.43398720448515,0.988176185359478,0.458034548607794,0.5,0.485600824309807,0.581986460621348,0.965005218013606,0.5,0.485600824309807,0.480412094825231,0.485600824309807,0.954887937138371,0.466577018511068,0.5,0.485600824309807,0.466577018511068,0.941105024202335,0.659634938192605,0.340365061807395,0.941105024202335,0.485600824309807,0.713774269292898,0.960249462479083,0.0588949757976647,0.0357995938062906,0.485600824309808,-0.0139845031690784,CBCbothPairsAsymRW,CBCdriftDiffusionLR,0.5,0.607854801219057,0.0391758103495371,0.028798351380385,0.234025275490168,0.968900141972257,3.82530451843838,2.60792453887783,0.5,49.1737329287686
CBC_1019,CBC_1019_MSI_AV_v3_Vset4_Aset3_2023-06-28_17h50.15.634.csv,3,17,0,1,z,0,1,0,aud,B,63,1,0B,1B,0,1,z,1.68995349999932,0,1,1,1,1B,0B,B01,2.77258872223978,0.988176185359478,0.458034548607794,0.5,0.485600824309807,0.581986460621348,0.965005218013606,0.5,0.485600824309807,0.480412094825231,0.485600824309807,0.954887937138371,0.466577018511068,0.5,0.471616321140729,0.466577018511068,0.976904618008626,0.623794705130615,0.376205294869385,0.965005218013606,0.581986460621348,0.650936048930766,0.922408788777106,0.0349947819863938,0.0212717462480436,0.581986460621348,-0.0167602505916002,CBCbothPairsAsymRW,CBCdriftDiffusionLR,0.5,0.607854801219057,0.0391758103495371,0.028798351380385,0.234025275490168,0.968900141972257,3.82530451843838,2.60792453887783,0.5,49.1737329287686
CBC_1019,CBC_1019_MSI_AV_v3_Vset4_Aset3_2023-06-28_17h50.15.634.csv,3,18,2,3,b,1,0,1,aud,C,63,0,2C,3C,0,1,b,3.29556589999993,1,0,1,0,2C,3C,C23,3.49650756146648,0.988176185359478,0.458034548607794,0.5,0.485600824309807,0.565226210029748,0.98627696426165,0.5,0.485600824309807,0.480412094825231,0.485600824309807,0.954887937138371,0.466577018511068,0.5,0.471616321140729,0.466577018511068,0.976904618008626,0.671763263204827,0.328236736795174,0.954887937138371,0.466577018511068,0.0636574931442753,0.968463725357711,-0.954887937138371,-0.0374085087303935,-0.533422981488932,0.124834460195734,CBCbothPairsAsymRW,CBCdriftDiffusionLR,0.5,0.607854801219057,0.0391758103495371,0.028798351380385,0.234025275490168,0.968900141972257,3.82530451843838,2.60792453887783,0.5,49.1737329287686
CBC_1019,CBC_1019_MSI_AV_v3_Vset4_Aset3_2023-06-28_17h50.15.634.csv,3,19,2,0,z,0,1,3,aud,A,27,1,2A,0A,0,1,z,1.8467729999993,0,1,1,1,0A,2A,A20,3.52636052461616,0.988176185359478,0.458034548607794,0.5,0.485600824309807,0.565226210029748,0.98627696426165,0.5,0.485600824309807,0.480412094825231,0.485600824309807,0.917479428407977,0.591411478706802,0.5,0.471616321140729,0.466577018511068,0.976904618008626,0.664018276250522,0.335981723749478,0.988176185359478,0.5,0.617246348822591,0.96360415265113,0.0118238146405221,0.00718716249796551,0.5,-0.0143991756901925,CBCbothPairsAsymRW,CBCdriftDiffusionLR,0.5,0.607854801219057,0.0391758103495371,0.028798351380385,0.234025275490168,0.968900141972257,3.82530451843838,2.60792453887783,0.5,49.1737329287686
CBC_1019,CBC_1019_MSI_AV_v3_Vset4_Aset3_2023-06-28_17h50.15.634.csv,3,20,3,2,b,1,0,2,aud,D,63,1,3D,2D,1,0,b,1.22781899999791,1,0,1,1,3D,2D,D32,2.4567357728213,0.995363347857443,0.458034548607794,0.485600824309807,0.485600824309807,0.565226210029748,0.98627696426165,0.5,0.485600824309807,0.480412094825231,0.485600824309807,0.917479428407977,0.591411478706802,0.5,0.471616321140729,0.466577018511068,0.976904618008626,0.676769688850349,0.323230311149651,0.976904618008626,0.466577018511068,0.681187304171903,0.971410838997937,0.0230953819913741,0.0140386388294449,0.466577018511068,-0.0134366489250941,CBCbothPairsAsymRW,CBCdriftDiffusionLR,0.5,0.607854801219057,0.0391758103495371,0.028798351380385,0.234025275490168,0.968900141972257,3.82530451843838,2.60792453887783,0.5,49.1737329287686
CBC_1019,CBC_1019_MSI_AV_v3_Vset4_Aset3_2023-06-28_17h50.15.634.csv,3,21,3,1,z,0,1,0,aud,B,27,1,3B,1B,0,1,z,1.72134630000073,0,1,1,1,1B,3B,B31,3.58351893845611,0.995363347857443,0.458034548607794,0.485600824309807,0.485600824309807,0.565226210029748,0.98627696426165,0.5,0.485600824309807,0.480412094825231,0.485600824309807,0.917479428407977,0.591411478706802,0.5,0.471616321140729,0.453140369585973,0.990943256838071,0.670080744420288,0.329919255579712,0.98627696426165,0.485600824309807,0.742701047527874,0.967479027299011,0.0137230357383502,0.00834161316085688,0.485600824309808,-0.0139845031690784,CBCbothPairsAsymRW,CBCdriftDiffusionLR,0.5,0.607854801219057,0.0391758103495371,0.028798351380385,0.234025275490168,0.968900141972257,3.82530451843838,2.60792453887783,0.5,49.1737329287686
CBC_1019,CBC_1019_MSI_AV_v3_Vset4_Aset3_2023-06-28_17h50.15.634.csv,3,22,3,2,z,0,1,1,aud,C,63,1,3C,2C,0,1,z,2.22151159999885,0,1,1,1,2C,3C,C32,2.51230562397611,0.995363347857443,0.458034548607794,0.485600824309807,0.485600824309807,0.565226210029748,0.994618577422507,0.5,0.471616321140729,0.480412094825231,0.485600824309807,0.917479428407977,0.591411478706802,0.5,0.471616321140729,0.453140369585973,0.990943256838071,0.608048881520754,0.391951118479246,0.917479428407977,0.591411478706802,0.355719586414159,0.896014373347776,0.0825205715920229,0.050160525641552,0.591411478706802,-0.0170316755741916,CBCbothPairsAsymRW,CBCdriftDiffusionLR,0.5,0.607854801219057,0.0391758103495371,0.028798351380385,0.234025275490168,0.968900141972257,3.82530451843838,2.60792453887783,0.5,49.1737329287686
CBC_1019,CBC_1019_MSI_AV_v3_Vset4_Aset3_2023-06-28_17h50.15.634.csv,3,23,0,1,b,1,0,3,aud,A,63,0,0A,1A,0,1,b,1.16619289999835,1,0,1,0,0A,1A,A01,2.53897387105828,0.995363347857443,0.458034548607794,0.485600824309807,0.485600824309807,0.565226210029748,0.994618577422507,0.5,0.471616321140729,0.480412094825231,0.485600824309807,0.967639954049529,0.57437980313261,0.5,0.471616321140729,0.453140369585973,0.990943256838071,0.684852613505383,0.315147386494617,0.995363347857443,0.458034548607794,0.414447897079241,0.975620416687442,-0.995363347857443,-0.0389941657445435,-0.541965451392206,0.126833614068215,CBCbothPairsAsymRW,CBCdriftDiffusionLR,0.5,0.607854801219057,0.0391758103495371,0.028798351380385,0.234025275490168,0.968900141972257,3.82530451843838,2.60792453887783,0.5,49.1737329287686
CBC_1019,CBC_1019_MSI_AV_v3_Vset4_Aset3_2023-06-28_17h50.15.634.csv,3,24,2,1,z,0,1,0,aud,B,9,1,2B,1B,0,1,z,1.42438859999857,0,1,1,1,1B,2B,B21,3.66356164612965,0.9563691821129,0.584868162676008,0.485600824309807,0.485600824309807,0.565226210029748,0.994618577422507,0.5,0.471616321140729,0.480412094825231,0.485600824309807,0.967639954049529,0.57437980313261,0.5,0.471616321140729,0.453140369585973,0.990943256838071,0.665466489208064,0.334533510791936,0.994618577422507,0.5,0.947467319768329,0.964567136431952,0.0053814225774933,0.00327112355111793,0.5,-0.0143991756901925,CBCbothPairsAsymRW,CBCdriftDiffusionLR,0.5,0.607854801219057,0.0391758103495371,0.028798351380385,0.234025275490168,0.968900141972257,3.82530451843838,2.60792453887783,0.5,49.1737329287686
CBC_1019,CBC_1019_MSI_AV_v3_Vset4_Aset3_2023-06-28_17h50.15.634.csv,3,25,2,3,b,1,0,1,aud,C,63,1,2C,3C,1,0,b,2.03215799999998,1,0,1,1,2C,3C,C23,2.99573227355399,0.9563691821129,0.584868162676008,0.485600824309807,0.485600824309807,0.565226210029748,0.997889700973625,0.485600824309807,0.471616321140729,0.480412094825231,0.485600824309807,0.967639954049529,0.57437980313261,0.5,0.471616321140729,0.453140369585973,0.990943256838071,0.627514627839644,0.372485372160356,0.967639954049529,0.57437980313261,0.456567263142211,0.927167750345754,0.0323600459504709,0.019670209298663,0.57437980313261,-0.0165411913964093,CBCbothPairsAsymRW,CBCdriftDiffusionLR,0.5,0.607854801219057,0.0391758103495371,0.028798351380385,0.234025275490168,0.968900141972257,3.82530451843838,2.60792453887783,0.5,49.1737329287686
CBC_1019,CBC_1019_MSI_AV_v3_Vset4_Aset3_2023-06-28_17h50.15.634.csv,3,26,2,3,z,0,1,2,aud,D,63,1,2D,3D,0,1,z,1.4924749999991,0,1,1,1,3D,2D,D23,3.71357206670431,0.9563691821129,0.584868162676008,0.485600824309807,0.485600824309807,0.565226210029748,0.997889700973625,0.485600824309807,0.471616321140729,0.480412094825231,0.485600824309807,0.987310163348192,0.557838611736201,0.5,0.471616321140729,0.453140369585973,0.990943256838071,0.686209052374566,0.313790947625434,0.990943256838071,0.453140369585973,1.01963909548636,0.976207802032373,0.00905674316192917,0.00550518481438651,0.453140369585973,-0.0130496955879744,CBCbothPairsAsymRW,CBCdriftDiffusionLR,0.5,0.607854801219057,0.0391758103495371,0.028798351380385,0.234025275490168,0.968900141972257,3.82530451843838,2.60792453887783,0.5,49.1737329287686
CBC_1019,CBC_1019_MSI_AV_v3_Vset4_Aset3_2023-06-28_17h50.15.634.csv,3,27,0,1,z,0,1,0,aud,B,63,1,0B,1B,0,1,z,2.31944780000049,0,1,1,1,1B,0B,B01,2.63905732961526,0.9563691821129,0.584868162676008,0.485600824309807,0.485600824309807,0.565226210029748,0.997889700973625,0.485600824309807,0.471616321140729,0.480412094825231,0.485600824309807,0.987310163348192,0.557838611736201,0.5,0.471616321140729,0.440090673997999,0.996448441652457,0.638397763050773,0.361602236949227,0.997889700973625,0.565226210029748,0.323046927495122,0.940653180205976,0.00211029902637538,0.00128275539519018,0.565226210029748,-0.01627758300584,CBCbothPairsAsymRW,CBCdriftDiffusionLR,0.5,0.607854801219057,0.0391758103495371,0.028798351380385,0.234025275490168,0.968900141972257,3.82530451843838,2.60792453887783,0.5,49.1737329287686
CBC_1019,CBC_1019_MSI_AV_v3_Vset4_Aset3_2023-06-28_17h50.15.634.csv,3,28,0,2,b,1,0,3,aud,A,27,1,0A,2A,1,0,b,2.3355317000005,1,0,1,1,0A,2A,A02,3.76120011569356,0.9563691821129,0.584868162676008,0.485600824309807,0.485600824309807,0.548948627023908,0.999172456368815,0.485600824309807,0.471616321140729,0.480412094825231,0.485600824309807,0.987310163348192,0.557838611736201,0.5,0.471616321140729,0.440090673997999,0.996448441652457,0.663237916082246,0.336762083917754,0.9563691821129,0.485600824309807,0.300501541977122,0.962919131927698,0.0436308178871001,0.0265212021337881,0.485600824309808,-0.0139845031690784,CBCbothPairsAsymRW,CBCdriftDiffusionLR,0.5,0.607854801219057,0.0391758103495371,0.028798351380385,0.234025275490168,0.968900141972257,3.82530451843838,2.60792453887783,0.5,49.1737329287686
CBC_1019,CBC_1019_MSI_AV_v3_Vset4_Aset3_2023-06-28_17h50.15.634.csv,3,29,1,3,z,0,1,2,aud,D,27,1,1D,3D,0,1,z,1.38920909999979,0,1,1,1,3D,1D,D13,3.09104245335832,0.982890384246688,0.584868162676008,0.471616321140729,0.485600824309807,0.548948627023908,0.999172456368815,0.485600824309807,0.471616321140729,0.480412094825231,0.485600824309807,0.987310163348192,0.557838611736201,0.5,0.471616321140729,0.440090673997999,0.996448441652457,0.678749648453235,0.321250351546765,0.996448441652457,0.471616321140729,1.01395690870131,0.972496018127128,0.00355155834754262,0.0021588317933634,0.471616321140729,-0.0135817725329352,CBCbothPairsAsymRW,CBCdriftDiffusionLR,0.5,0.607854801219057,0.0391758103495371,0.028798351380385,0.234025275490168,0.968900141972257,3.82530451843838,2.60792453887783,0.5,49.1737329287686
CBC_1019,CBC_1019_MSI_AV_v3_Vset4_Aset3_2023-06-28_17h50.15.634.csv,3,30,1,0,z,0,1,3,aud,A,63,1,1A,0A,0,1,z,1.2232382000002,0,1,1,1,0A,1A,A10,3.11351530921037,0.982890384246688,0.584868162676008,0.471616321140729,0.485600824309807,0.548948627023908,0.999172456368815,0.485600824309807,0.471616321140729,0.480412094825231,0.485600824309807,0.987310163348192,0.557838611736201,0.5,0.458034548607794,0.440090673997999,0.998607273445821,0.62693989847861,0.37306010152139,0.982890384246688,0.584868162676008,0.451615487325751,0.926602961045919,0.017109615753312,0.0104001620826639,0.584868162676008,-0.0168432388599439,CBCbothPairsAsymRW,CBCdriftDiffusionLR,0.5,0.607854801219057,0.0391758103495371,0.028798351380385,0.234025275490168,0.968900141972257,3.82530451843838,2.60792453887783,0.5,49.1737329287686
CBC_1019,CBC_1019_MSI_AV_v3_Vset4_Aset3_2023-06-28_17h50.15.634.csv,3,31,2,0,b,1,0,1,aud,C,27,1,2C,0C,1,0,b,1.86285029999999,1,0,1,1,2C,0C,C20,3.8286413964891,0.993290546329352,0.568024923816065,0.471616321140729,0.485600824309807,0.548948627023908,0.999172456368815,0.485600824309807,0.471616321140729,0.480412094825231,0.485600824309807,0.987310163348192,0.557838611736201,0.5,0.458034548607794,0.440090673997999,0.998607273445821,0.672681876867424,0.327318123132576,0.987310163348192,0.480412094825231,0.609349266084676,0.969064128830626,0.0126898366518079,0.00771357813548699,0.480412094825232,-0.0138350763141639,CBCbothPairsAsymRW,CBCdriftDiffusionLR,0.5,0.607854801219057,0.0391758103495371,0.028798351380385,0.234025275490168,0.968900141972257,3.82530451843838,2.60792453887783,0.5,49.1737329287686
CBC_1019,CBC_1019_MSI_AV_v3_Vset4_Aset3_2023-06-28_17h50.15.634.csv,3,32,2,3,z,0,1,2,aud,D,63,1,2D,3D,0,1,z,1.36424269999952,0,1,1,1,3D,2D,D23,3.15700042115011,0.993290546329352,0.568024923816065,0.471616321140729,0.485600824309807,0.548948627023908,0.999172456368815,0.485600824309807,0.471616321140729,0.466577018511068,0.485600824309807,0.995023741483679,0.557838611736201,0.5,0.458034548607794,0.440090673997999,0.998607273445821,0.694104885059493,0.305895114940507,0.998607273445821,0.440090673997999,1.09244345651539,0.979616276624814,0.00139272655417921,0.000846575522743107,0.440090673997999,-0.0126738858690248,CBCbothPairsAsymRW,CBCdriftDiffusionLR,0.5,0.607854801219057,0.0391758103495371,0.028798351380385,0.234025275490168,0.968900141972257,3.82530451843838,2.60792453887783,0.5,49.1737329287686
CBC_1019,CBC_1019_MSI_AV_v3_Vset4_Aset3_2023-06-28_17h50.15.634.csv,3,33,1,0,b,1,0,0,aud,B,63,1,1B,0B,1,0,b,1.77653400000054,1,0,1,1,1B,0B,B10,2.77258872223978,0.993290546329352,0.568024923816065,0.471616321140729,0.485600824309807,0.548948627023908,0.999172456368815,0.485600824309807,0.471616321140729,0.466577018511068,0.485600824309807,0.995023741483679,0.557838611736201,0.5,0.458034548607794,0.427416788128974,0.999453848968564,0.645409759667583,0.354590240332417,0.999172456368815,0.548948627023908,0.647452330721013,0.948163558003518,0.000827543631185201,0.000503026369434177,0.548948627023908,-0.0158088154508144,CBCbothPairsAsymRW,CBCdriftDiffusionLR,0.5,0.607854801219057,0.0391758103495371,0.028798351380385,0.234025275490168,0.968900141972257,3.82530451843838,2.60792453887783,0.5,49.1737329287686
CBC_1019,CBC_1019_MSI_AV_v3_Vset4_Aset3_2023-06-28_17h50.15.634.csv,3,34,0,1,b,1,0,3,aud,A,63,1,0A,1A,1,0,b,1.4633963999986,1,0,1,1,0A,1A,A01,2.50552593699074,0.993290546329352,0.568024923816065,0.471616321140729,0.485600824309807,0.533139811573093,0.999675482738249,0.485600824309807,0.471616321140729,0.466577018511068,0.485600824309807,0.995023741483679,0.557838611736201,0.5,0.458034548607794,0.427416788128974,0.999453848968564,0.636188243389941,0.363811756610059,0.993290546329352,0.568024923816065,0.797358294897731,0.937996284693366,0.00670945367064812,0.00407837362726029,0.568024923816065,-0.0163581813488714,CBCbothPairsAsymRW,CBCdriftDiffusionLR,0.5,0.607854801219057,0.0391758103495371,0.028798351380385,0.234025275490168,0.968900141972257,3.82530451843838,2.60792453887783,0.5,49.1737329287686
CBC_1019,CBC_1019_MSI_AV_v3_Vset4_Aset3_2023-06-28_17h50.15.634.csv,3,35,2,3,z,0,1,2,aud,D,63,0,2D,3D,1,0,z,2.88611739999942,0,1,1,0,3D,2D,D23,2.81341071676004,0.997368919956612,0.551666742467193,0.471616321140729,0.485600824309807,0.533139811573093,0.999675482738249,0.485600824309807,0.471616321140729,0.466577018511068,0.485600824309807,0.995023741483679,0.557838611736201,0.5,0.458034548607794,0.427416788128974,0.999453848968564,0.700451619777948,0.299548380222052,0.999453848968564,0.427416788128974,0.0889783829687988,0.982034410361165,-0.999453848968564,-0.0391544144403074,-0.572583211871026,0.133998943899162,CBCbothPairsAsymRW,CBCdriftDiffusionLR,0.5,0.607854801219057,0.0391758103495371,0.028798351380385,0.234025275490168,0.968900141972257,3.82530451843838,2.60792453887783,0.5,49.1737329287686
CBC_1019,CBC_1019_MSI_AV_v3_Vset4_Aset3_2023-06-28_17h50.15.634.csv,3,36,2,0,b,1,0,1,aud,C,27,1,2C,0C,1,0,b,2.18244529999902,1,0,1,1,2C,0C,C20,3.23867845216438,0.997368919956612,0.551666742467193,0.471616321140729,0.485600824309807,0.533139811573093,0.999675482738249,0.485600824309807,0.471616321140729,0.466577018511068,0.485600824309807,0.995023741483679,0.557838611736201,0.5,0.458034548607794,0.561415732028137,0.960299434528257,0.68077669957373,0.31922330042627,0.995023741483679,0.466577018511068,0.363251296036848,0.973570220062144,0.00497625851632089,0.00302484263125287,0.466577018511068,-0.0134366489250941,CBCbothPairsAsymRW,CBCdriftDiffusionLR,0.5,0.607854801219057,0.0391758103495371,0.028798351380385,0.234025275490168,0.968900141972257,3.82530451843838,2.60792453887783,0.5,49.1737329287686
CBC_1019,CBC_1019_MSI_AV_v3_Vset4_Aset3_2023-06-28_17h50.15.634.csv,3,37,0,1,b,1,0,3,aud,A,63,1,0A,1A,1,0,b,1.42742510000062,1,0,1,1,0A,1A,A01,2.34180580614733,0.997368919956612,0.551666742467193,0.471616321140729,0.485600824309807,0.533139811573093,0.999675482738249,0.485600824309807,0.471616321140729,0.453140369585973,0.485600824309807,0.998048584114932,0.557838611736201,0.5,0.458034548607794,0.561415732028137,0.960299434528257,0.64386440167298,0.35613559832702,0.997368919956612,0.551666742467193,0.835326644553528,0.94646936977783,0.00263108004338786,0.00159931463676495,0.551666742467193,-0.0158870926944426,CBCbothPairsAsymRW,CBCdriftDiffusionLR,0.5,0.607854801219057,0.0391758103495371,0.028798351380385,0.234025275490168,0.968900141972257,3.82530451843838,2.60792453887783,0.5,49.1737329287686
CBC_1019,CBC_1019_MSI_AV_v3_Vset4_Aset3_2023-06-28_17h50.15.634.csv,3,38,1,3,b,1,0,0,aud,B,27,1,1B,3B,1,0,b,1.31735229999867,1,0,1,1,1B,3B,B13,3.27714473299218,0.998968234593377,0.53577964977275,0.471616321140729,0.485600824309807,0.533139811573093,0.999675482738249,0.485600824309807,0.471616321140729,0.453140369585973,0.485600824309807,0.998048584114932,0.557838611736201,0.5,0.458034548607794,0.561415732028137,0.960299434528257,0.679454259245284,0.320545740754716,0.999675482738249,0.471616321140729,0.949651658654059,0.972764933823487,0.000324517261750978,0.000197259375633794,0.471616321140729,-0.0135817725329352,CBCbothPairsAsymRW,CBCdriftDiffusionLR,0.5,0.607854801219057,0.0391758103495371,0.028798351380385,0.234025275490168,0.968900141972257,3.82530451843838,2.60792453887783,0.5,49.1737329287686
CBC_1019,CBC_1019_MSI_AV_v3_Vset4_Aset3_2023-06-28_17h50.15.634.csv,3,39,3,2,z,0,1,1,aud,C,63,1,3C,2C,0,1,z,3.5346101999985,0,1,1,1,2C,3C,C32,2.60268968544438,0.998968234593377,0.53577964977275,0.471616321140729,0.485600824309807,0.533139811573093,0.999872742113883,0.485600824309807,0.458034548607794,0.453140369585973,0.485600824309807,0.998048584114932,0.557838611736201,0.5,0.458034548607794,0.561415732028137,0.960299434528257,0.641465902397223,0.358534097602777,0.998048584114932,0.557838611736201,0.0654644603722921,0.943961301228332,0.00195141588506798,0.0011861775149137,0.557838611736201,-0.0160648323543253,CBCbothPairsAsymRW,CBCdriftDiffusionLR,0.5,0.607854801219057,0.0391758103495371,0.028798351380385,0.234025275490168,0.968900141972257,3.82530451843838,2.60792453887783,0.5,49.1737329287686
CBC_1019,CBC_1019_MSI_AV_v3_Vset4_Aset3_2023-06-28_17h50.15.634.csv,3,40,3,2,b,1,0,2,aud,D,63,1,3D,2D,1,0,b,1.61539710000034,1,0,1,1,3D,2D,D32,2.62103882411258,0.998968234593377,0.53577964977275,0.471616321140729,0.485600824309807,0.533139811573093,0.999872742113883,0.485600824309807,0.458034548607794,0.453140369585973,0.485600824309807,0.999234761629846,0.541773779381876,0.5,0.458034548607794,0.561415732028137,0.960299434528257,0.631063851917434,0.368936148082566,0.960299434528257,0.561415732028137,0.71817485597314,0.932027287202951,0.0397005654717434,0.0241321793331107,0.561415732028137,-0.0161678475214223,CBCbothPairsAsymRW,CBCdriftDiffusionLR,0.5,0.607854801219057,0.0391758103495371,0.028798351380385,0.234025275490168,0.968900141972257,3.82530451843838,2.60792453887783,0.5,49.1737329287686
CBC_1019,CBC_1019_MSI_AV_v3_Vset4_Aset3_2023-06-28_17h50.15.634.csv,3,41,0,1,z,0,1,0,aud,B,63,1,0B,1B,0,1,z,1.59898009999779,0,1,1,1,1B,0B,B01,2.63905732961526,0.998968234593377,0.53577964977275,0.471616321140729,0.485600824309807,0.533139811573093,0.999872742113883,0.485600824309807,0.458034548607794,0.453140369585973,0.485600824309807,0.999234761629846,0.541773779381876,0.5,0.458034548607794,0.545247884506714,0.984431613861367,0.652227367420532,0.347772632579468,0.999872742113883,0.533139811573093,0.803808919340912,0.95428917206954,0.000127257886117227,7.73543170693443e-05,0.533139811573093,-0.0153535476285542,CBCbothPairsAsymRW,CBCdriftDiffusionLR,0.5,0.607854801219057,0.0391758103495371,0.028798351380385,0.234025275490168,0.968900141972257,3.82530451843838,2.60792453887783,0.5,49.1737329287686
CBC_1019,CBC_1019_MSI_AV_v3_Vset4_Aset3_2023-06-28_17h50.15.634.csv,3,42,2,0,z,0,1,3,aud,A,27,1,2A,0A,0,1,z,2.31304269999782,0,1,1,1,0A,2A,A20,3.3499040872746,0.998968234593377,0.53577964977275,0.471616321140729,0.485600824309807,0.517786263944539,0.999950096430952,0.485600824309807,0.458034548607794,0.453140369585973,0.485600824309807,0.999234761629846,0.541773779381876,0.5,0.458034548607794,0.545247884506714,0.984431613861367,0.679300099200823,0.320699900799177,0.998968234593377,0.471616321140729,0.293791901673788,0.972822533972943,0.00103176540662286,0.00062716355614744,0.471616321140729,-0.0135817725329352,CBCbothPairsAsymRW,CBCdriftDiffusionLR,0.5,0.607854801219057,0.0391758103495371,0.028798351380385,0.234025275490168,0.968900141972257,3.82530451843838,2.60792453887783,0.5,49.1737329287686
CBC_1019,CBC_1019_MSI_AV_v3_Vset4_Aset3_2023-06-28_17h50.15.634.csv,3,43,3,0,b,1,0,2,aud,D,9,1,3D,0D,1,0,b,1.58661599999868,1,0,1,1,3D,0D,D30,4.06044301054642,0.999595398149525,0.53577964977275,0.458034548607794,0.485600824309807,0.517786263944539,0.999950096430952,0.485600824309807,0.458034548607794,0.453140369585973,0.485600824309807,0.999234761629846,0.541773779381876,0.5,0.458034548607794,0.545247884506714,0.984431613861367,0.663170741359126,0.336829258640874,0.984431613861367,0.5,0.852109991676413,0.963006971412973,0.0155683861386327,0.00946331826160007,0.5,-0.0143991756901925,CBCbothPairsAsymRW,CBCdriftDiffusionLR,0.5,0.607854801219057,0.0391758103495371,0.028798351380385,0.234025275490168,0.968900141972257,3.82530451843838,2.60792453887783,0.5,49.1737329287686
CBC_1019,CBC_1019_MSI_AV_v3_Vset4_Aset3_2023-06-28_17h50.15.634.csv,3,44,3,2,z,0,1,1,aud,C,63,1,3C,2C,0,1,b,3.68961820000004,1,0,0,0,3C,2C,C32,2.46809953147162,0.999595398149525,0.53577964977275,0.458034548607794,0.485600824309807,0.517786263944539,0.999950096430952,0.485600824309807,0.458034548607794,0.453140369585973,0.485600824309807,0.999234761629846,0.541773779381876,0.485600824309807,0.458034548607794,0.545247884506714,0.993894932122967,0.351570912790778,0.648429087209222,0.541773779381876,0.999234761629846,0.0025105977593953,0.0490350871481361,-0.541773779381876,-0.0212244268334163,-0.000765238370154298,0.000179085120391007,CBCbothPairsAsymRW,CBCdriftDiffusionLR,0.5,0.607854801219057,0.0391758103495371,0.028798351380385,0.234025275490168,0.968900141972257,3.82530451843838,2.60792453887783,0.5,49.1737329287686
CBC_1019,CBC_1019_MSI_TV_v3_Vset1_Tset3_2023-06-28_18h00.13.129.csv,4,1,0,1,z,0,1,0,tac,B,63,1,0B,1B,0,1,b,2.3024619,1,0,0,0,0B,1B,B01,2.77258872223978,0.5,0.5,0.5,0.5,0.5,0.5,0.5,0.5,0.5,0.5,0.5,0.5,0.5,0.5,0.5,0.5,0.5,0.5,0.5,0.5,0.13466542915075,0.499259486891946,-0.5,-0.000680628834284991,-0.5,0.108739336752942,CBCbothPairsAsymRW,CBCdriftDiffusionLR,0.5,0.639301580338898,0.00136125766856998,0.161739111418133,0.217478673505883,0.762524657064468,2.94581231540976,3.50407189657578,0.5,58.7655496870465
CBC_1019,CBC_1019_MSI_TV_v3_Vset1_Tset3_2023-06-28_18h00.13.129.csv,4,2,0,1,b,1,0,3,tac,A,63,1,0A,1A,1,0,b,2.6774856,1,0,1,1,0A,1A,A01,2.83321334405622,0.5,0.5,0.5,0.5,0.499319371165715,0.608739336752942,0.5,0.5,0.5,0.5,0.5,0.5,0.5,0.5,0.5,0.5,0.5,0.5,0.5,0.5,0.117908050028428,0.500640195711549,0.5,0.319650790169449,0.5,-0.0808695557090667,CBCbothPairsAsymRW,CBCdriftDiffusionLR,0.5,0.639301580338898,0.00136125766856998,0.161739111418133,0.217478673505883,0.762524657064468,2.94581231540976,3.50407189657578,0.5,58.7655496870465
CBC_1019,CBC_1019_MSI_TV_v3_Vset1_Tset3_2023-06-28_18h00.13.129.csv,4,3,2,3,z,0,1,2,tac,D,63,1,2D,3D,0,1,b,2.57605,1,0,0,0,2D,3D,D23,2.89037175789616,0.819650790169449,0.419130444290933,0.5,0.5,0.499319371165715,0.608739336752942,0.5,0.5,0.5,0.5,0.5,0.5,0.5,0.5,0.5,0.5,0.5,0.5,0.5,0.5,0.122101366767706,0.498964738746754,-0.5,-0.000680628834284991,-0.5,0.108739336752942,CBCbothPairsAsymRW,CBCdriftDiffusionLR,0.5,0.639301580338898,0.00136125766856998,0.161739111418133,0.217478673505883,0.762524657064468,2.94581231540976,3.50407189657578,0.5,58.7655496870465
CBC_1019,CBC_1019_MSI_TV_v3_Vset1_Tset3_2023-06-28_18h00.13.129.csv,4,4,2,1,z,0,1,0,tac,B,9,1,2B,1B,0,1,b,2.5355877,1,0,0,0,2B,1B,B21,2.94443897916644,0.819650790169449,0.419130444290933,0.5,0.5,0.499319371165715,0.608739336752942,0.5,0.5,0.5,0.5,0.5,0.5,0.5,0.5,0.499319371165715,0.608739336752942,0.450962623428066,0.549037376571934,0.5,0.608739336752942,0.0691802768534975,0.264992577496373,-0.5,-0.000680628834284991,-0.391260663247058,0.0850908500380024,CBCbothPairsAsymRW,CBCdriftDiffusionLR,0.5,0.639301580338898,0.00136125766856998,0.161739111418133,0.217478673505883,0.762524657064468,2.94581231540976,3.50407189657578,0.5,58.7655496870465
CBC_1019,CBC_1019_MSI_TV_v3_Vset1_Tset3_2023-06-28_18h00.13.129.csv,4,5,0,2,b,1,0,3,tac,A,27,1,0A,2A,1,0,b,2.6058723,1,0,1,1,0A,2A,A02,2.99573227355399,0.819650790169449,0.419130444290933,0.5,0.5,0.499319371165715,0.693830186790944,0.499319371165715,0.5,0.5,0.5,0.5,0.5,0.5,0.5,0.499319371165715,0.608739336752942,0.621111885261859,0.378888114738141,0.819650790169449,0.5,0.264042036202037,0.923865508317294,0.180349209830551,0.115297534857543,0.5,-0.0808695557090667,CBCbothPairsAsymRW,CBCdriftDiffusionLR,0.5,0.639301580338898,0.00136125766856998,0.161739111418133,0.217478673505883,0.762524657064468,2.94581231540976,3.50407189657578,0.5,58.7655496870465
CBC_1019,CBC_1019_MSI_TV_v3_Vset1_Tset3_2023-06-28_18h00.13.129.csv,4,6,2,3,b,1,0,1,tac,C,63,1,2C,3C,1,0,z,2.5756628,0,1,0,0,3C,2C,C23,3.04452243772342,0.934948325026992,0.419130444290933,0.419130444290933,0.5,0.499319371165715,0.693830186790944,0.499319371165715,0.5,0.5,0.5,0.5,0.5,0.5,0.5,0.499319371165715,0.608739336752942,0.5,0.5,0.5,0.5,0.1221986957908,0.499290525991564,-0.5,-0.000680628834284991,-0.5,0.108739336752942,CBCbothPairsAsymRW,CBCdriftDiffusionLR,0.5,0.639301580338898,0.00136125766856998,0.161739111418133,0.217478673505883,0.762524657064468,2.94581231540976,3.50407189657578,0.5,58.7655496870465
CBC_1019,CBC_1019_MSI_TV_v3_Vset1_Tset3_2023-06-28_18h00.13.129.csv,4,7,1,3,z,0,1,2,tac,D,27,1,1D,3D,0,1,z,2.9212902,0,1,1,1,3D,1D,D13,3.09104245335832,0.934948325026992,0.419130444290933,0.419130444290933,0.5,0.499319371165715,0.693830186790944,0.499319371165715,0.5,0.5,0.5,0.608739336752942,0.499319371165715,0.5,0.5,0.499319371165715,0.608739336752942,0.549037376571934,0.450962623428066,0.608739336752942,0.5,0.162638892612734,0.734294691607932,0.391260663247058,0.25013356033829,0.5,-0.0808695557090667,CBCbothPairsAsymRW,CBCdriftDiffusionLR,0.5,0.639301580338898,0.00136125766856998,0.161739111418133,0.217478673505883,0.762524657064468,2.94581231540976,3.50407189657578,0.5,58.7655496870465
CBC_1019,CBC_1019_MSI_TV_v3_Vset1_Tset3_2023-06-28_18h00.13.129.csv,4,8,1,0,z,0,1,3,tac,A,63,1,1A,0A,0,1,z,1.3729785,0,1,1,1,0A,1A,A10,3.13549421592915,0.934948325026992,0.419130444290933,0.419130444290933,0.5,0.499319371165715,0.693830186790944,0.499319371165715,0.5,0.5,0.5,0.608739336752942,0.499319371165715,0.5,0.419130444290933,0.499319371165715,0.858872897091231,0.690468195951365,0.309531804048635,0.934948325026992,0.419130444290933,0.576443645962638,0.980741695450507,0.0650516749730083,0.0415876386139365,0.419130444290933,-0.067789785627903,CBCbothPairsAsymRW,CBCdriftDiffusionLR,0.5,0.639301580338898,0.00136125766856998,0.161739111418133,0.217478673505883,0.762524657064468,2.94581231540976,3.50407189657578,0.5,58.7655496870465
CBC_1019,CBC_1019_MSI_TV_v3_Vset1_Tset3_2023-06-28_18h00.13.129.csv,4,9,2,0,b,1,0,1,tac,C,27,1,2C,0C,1,0,b,2.5243611,1,0,1,1,2C,0C,C20,3.17805383034795,0.976535963640928,0.35134065866303,0.419130444290933,0.5,0.499319371165715,0.693830186790944,0.499319371165715,0.5,0.5,0.5,0.608739336752942,0.499319371165715,0.5,0.419130444290933,0.499319371165715,0.858872897091231,0.549037376571934,0.450962623428066,0.608739336752942,0.5,0.192255535953636,0.733528392847491,0.391260663247058,0.25013356033829,0.5,-0.0808695557090667,CBCbothPairsAsymRW,CBCdriftDiffusionLR,0.5,0.639301580338898,0.00136125766856998,0.161739111418133,0.217478673505883,0.762524657064468,2.94581231540976,3.50407189657578,0.5,58.7655496870465
CBC_1019,CBC_1019_MSI_TV_v3_Vset1_Tset3_2023-06-28_18h00.13.129.csv,4,10,2,3,z,0,1,2,tac,D,63,1,2D,3D,0,1,z,2.4674078,0,1,1,1,3D,2D,D23,2.52572864430826,0.976535963640928,0.35134065866303,0.419130444290933,0.5,0.499319371165715,0.693830186790944,0.499319371165715,0.5,0.419130444290933,0.5,0.858872897091231,0.499319371165715,0.5,0.419130444290933,0.499319371165715,0.858872897091231,0.632364737426666,0.367635262573334,0.858872897091231,0.499319371165715,0.297404192428424,0.939081481980608,0.141127102908769,0.0902227799182261,0.499319371165715,-0.0807594714062039,CBCbothPairsAsymRW,CBCdriftDiffusionLR,0.5,0.639301580338898,0.00136125766856998,0.161739111418133,0.217478673505883,0.762524657064468,2.94581231540976,3.50407189657578,0.5,58.7655496870465
CBC_1019,CBC_1019_MSI_TV_v3_Vset1_Tset3_2023-06-28_18h00.13.129.csv,4,11,1,0,b,1,0,0,tac,B,63,0,1B,0B,0,1,b,2.037069,1,0,1,0,1B,0B,B10,3.25809653802148,0.976535963640928,0.35134065866303,0.419130444290933,0.5,0.499319371165715,0.693830186790944,0.499319371165715,0.5,0.419130444290933,0.5,0.858872897091231,0.499319371165715,0.5,0.419130444290933,0.418559899759511,0.949095677009457,0.581511498004634,0.418488501995366,0.693830186790944,0.499319371165715,0.29205231947225,0.843761816110216,-0.693830186790944,-0.000944481662454516,-0.500680628834285,0.108887359008972,CBCbothPairsAsymRW,CBCdriftDiffusionLR,0.5,0.639301580338898,0.00136125766856998,0.161739111418133,0.217478673505883,0.762524657064468,2.94581231540976,3.50407189657578,0.5,58.7655496870465
CBC_1019,CBC_1019_MSI_TV_v3_Vset1_Tset3_2023-06-28_18h00.13.129.csv,4,12,0,1,b,1,0,3,tac,A,63,1,0A,1A,1,0,b,1.6263769,1,0,1,1,0A,1A,A01,2.60268968544438,0.976535963640928,0.35134065866303,0.419130444290933,0.5,0.608206730174687,0.69288570512849,0.499319371165715,0.5,0.419130444290933,0.5,0.858872897091231,0.499319371165715,0.5,0.419130444290933,0.418559899759511,0.949095677009457,0.735411669456587,0.264588330543413,0.976535963640928,0.35134065866303,0.729140945490367,0.99232500612488,0.0234640363590718,0.0150005955254839,0.35134065866303,-0.0568255259372202,CBCbothPairsAsymRW,CBCdriftDiffusionLR,0.5,0.639301580338898,0.00136125766856998,0.161739111418133,0.217478673505883,0.762524657064468,2.94581231540976,3.50407189657578,0.5,58.7655496870465
CBC_1019,CBC_1019_MSI_TV_v3_Vset1_Tset3_2023-06-28_18h00.13.129.csv,4,13,2,3,z,0,1,2,tac,D,63,1,2D,3D,0,1,z,2.2609267,0,1,1,1,3D,2D,D23,2.23359222150709,0.991536559166412,0.29451513272581,0.419130444290933,0.5,0.608206730174687,0.69288570512849,0.499319371165715,0.5,0.419130444290933,0.5,0.858872897091231,0.499319371165715,0.5,0.419130444290933,0.418559899759511,0.949095677009457,0.693958108408886,0.306041891591114,0.949095677009457,0.418559899759511,0.380563655008447,0.982109291211043,0.0509043229905427,0.0325432141339356,0.418559899759511,-0.0676975062623663,CBCbothPairsAsymRW,CBCdriftDiffusionLR,0.5,0.639301580338898,0.00136125766856998,0.161739111418133,0.217478673505883,0.762524657064468,2.94581231540976,3.50407189657578,0.5,58.7655496870465
CBC_1019,CBC_1019_MSI_TV_v3_Vset1_Tset3_2023-06-28_18h00.13.129.csv,4,14,2,0,b,1,0,1,tac,C,27,1,2C,0C,1,0,b,3.5527193,1,0,1,1,2C,0C,C20,2.67414864942653,0.991536559166412,0.29451513272581,0.419130444290933,0.5,0.608206730174687,0.69288570512849,0.499319371165715,0.5,0.419130444290933,0.5,0.858872897091231,0.499319371165715,0.5,0.419130444290933,0.350862393497145,0.981638891143393,0.672042763332964,0.327957236667036,0.858872897091231,0.419130444290933,0.117339262508084,0.972155199989835,0.141127102908769,0.0902227799182261,0.419130444290933,-0.067789785627903,CBCbothPairsAsymRW,CBCdriftDiffusionLR,0.5,0.639301580338898,0.00136125766856998,0.161739111418133,0.217478673505883,0.762524657064468,2.94581231540976,3.50407189657578,0.5,58.7655496870465
CBC_1019,CBC_1019_MSI_TV_v3_Vset1_Tset3_2023-06-28_18h00.13.129.csv,4,15,0,1,b,1,0,3,tac,A,63,1,0A,1A,1,0,b,1.7953932,1,0,1,1,0A,1A,A01,2.30258509299405,0.991536559166412,0.29451513272581,0.419130444290933,0.5,0.608206730174687,0.69288570512849,0.499319371165715,0.5,0.35134065866303,0.5,0.949095677009457,0.499319371165715,0.5,0.419130444290933,0.350862393497145,0.981638891143393,0.770992772232602,0.229007227767398,0.991536559166412,0.29451513272581,0.662315435613243,0.996272005639911,0.00846344083358785,0.00541069110001747,0.29451513272581,-0.0476346158662661,CBCbothPairsAsymRW,CBCdriftDiffusionLR,0.5,0.639301580338898,0.00136125766856998,0.161739111418133,0.217478673505883,0.762524657064468,2.94581231540976,3.50407189657578,0.5,58.7655496870465
CBC_1019,CBC_1019_MSI_TV_v3_Vset1_Tset3_2023-06-28_18h00.13.129.csv,4,16,1,3,b,1,0,0,tac,B,27,1,1B,3B,1,0,b,3.3852924,1,0,1,1,1B,3B,B13,3.43398720448515,0.99694725026643,0.246880516859544,0.419130444290933,0.5,0.608206730174687,0.69288570512849,0.499319371165715,0.5,0.35134065866303,0.5,0.949095677009457,0.499319371165715,0.5,0.419130444290933,0.350862393497145,0.981638891143393,0.580848359695832,0.419151640304168,0.69288570512849,0.5,0.152508495007949,0.841768497768081,0.30711429487151,0.196338654056023,0.5,-0.0808695557090667,CBCbothPairsAsymRW,CBCdriftDiffusionLR,0.5,0.639301580338898,0.00136125766856998,0.161739111418133,0.217478673505883,0.762524657064468,2.94581231540976,3.50407189657578,0.5,58.7655496870465
CBC_1019,CBC_1019_MSI_TV_v3_Vset1_Tset3_2023-06-28_18h00.13.129.csv,4,17,3,2,z,0,1,1,tac,C,63,1,3C,2C,0,1,b,2.3441867,1,0,0,0,3C,2C,C32,3.46573590279973,0.99694725026643,0.246880516859544,0.419130444290933,0.5,0.608206730174687,0.889224359184512,0.499319371165715,0.419130444290933,0.35134065866303,0.5,0.949095677009457,0.499319371165715,0.5,0.419130444290933,0.350862393497145,0.981638891143393,0.344735006581709,0.655264993418291,0.499319371165715,0.949095677009457,0.0137490346782418,0.0387669916263736,-0.499319371165715,-0.000679702323064871,-0.0509043229905427,0.0110706046396983,CBCbothPairsAsymRW,CBCdriftDiffusionLR,0.5,0.639301580338898,0.00136125766856998,0.161739111418133,0.217478673505883,0.762524657064468,2.94581231540976,3.50407189657578,0.5,58.7655496870465
CBC_1019,CBC_1019_MSI_TV_v3_Vset1_Tset3_2023-06-28_18h00.13.129.csv,4,18,2,3,z,0,1,2,tac,D,63,0,2D,3D,1,0,z,2.4753489,0,1,1,0,3D,2D,D23,2.11021320034659,0.99694725026643,0.246880516859544,0.419130444290933,0.5,0.608206730174687,0.889224359184512,0.499319371165715,0.419130444290933,0.35134065866303,0.5,0.960166281649156,0.49863966884265,0.5,0.419130444290933,0.350862393497145,0.981638891143393,0.736688889127942,0.263311110872058,0.981638891143393,0.350862393497145,0.276236821401297,0.992530422667737,-0.981638891143393,-0.00133626346833548,-0.649137606502855,0.141173585585025,CBCbothPairsAsymRW,CBCdriftDiffusionLR,0.5,0.639301580338898,0.00136125766856998,0.161739111418133,0.217478673505883,0.762524657064468,2.94581231540976,3.50407189657578,0.5,58.7655496870465
CBC_1019,CBC_1019_MSI_TV_v3_Vset1_Tset3_2023-06-28_18h00.13.129.csv,4,19,1,0,b,1,0,0,tac,B,63,1,1B,0B,1,0,b,1.6834246,1,0,1,1,1B,0B,B10,2.83321334405622,0.99694725026643,0.246880516859544,0.419130444290933,0.5,0.608206730174687,0.889224359184512,0.499319371165715,0.419130444290933,0.35134065866303,0.5,0.960166281649156,0.49863966884265,0.5,0.419130444290933,0.49203597908217,0.980302627675057,0.593833242479987,0.406166757520013,0.889224359184512,0.608206730174687,0.342420353521394,0.87454616851053,0.110775640815488,0.0708190422363953,0.608206730174687,-0.0983708160969823,CBCbothPairsAsymRW,CBCdriftDiffusionLR,0.5,0.639301580338898,0.00136125766856998,0.161739111418133,0.217478673505883,0.762524657064468,2.94581231540976,3.50407189657578,0.5,58.7655496870465
CBC_1019,CBC_1019_MSI_TV_v3_Vset1_Tset3_2023-06-28_18h00.13.129.csv,4,20,2,0,z,0,1,3,tac,A,27,1,2A,0A,0,1,z,1.2793285,0,1,1,1,0A,2A,A20,3.55534806148941,0.99694725026643,0.246880516859544,0.419130444290933,0.5,0.509835914077705,0.960043401420908,0.499319371165715,0.419130444290933,0.35134065866303,0.5,0.960166281649156,0.49863966884265,0.5,0.419130444290933,0.49203597908217,0.980302627675057,0.704020163652147,0.295979836347853,0.99694725026643,0.419130444290933,0.544734926653052,0.985298851243025,0.00305274973357039,0.0019516277290507,0.419130444290933,-0.067789785627903,CBCbothPairsAsymRW,CBCdriftDiffusionLR,0.5,0.639301580338898,0.00136125766856998,0.161739111418133,0.217478673505883,0.762524657064468,2.94581231540976,3.50407189657578,0.5,58.7655496870465
CBC_1019,CBC_1019_MSI_TV_v3_Vset1_Tset3_2023-06-28_18h00.13.129.csv,4,21,0,3,z,0,1,2,tac,D,9,1,0D,3D,0,1,z,2.1857573,0,1,1,1,3D,0D,D03,3.58351893845611,0.99889887799548,0.246880516859544,0.35134065866303,0.5,0.509835914077705,0.960043401420908,0.499319371165715,0.419130444290933,0.35134065866303,0.5,0.960166281649156,0.49863966884265,0.5,0.419130444290933,0.49203597908217,0.980302627675057,0.662231228498667,0.337768771501333,0.980302627675057,0.5,0.38976904164111,0.96601894397483,0.0196973723249426,0.0125925612558595,0.5,-0.0808695557090667,CBCbothPairsAsymRW,CBCdriftDiffusionLR,0.5,0.639301580338898,0.00136125766856998,0.161739111418133,0.217478673505883,0.762524657064468,2.94581231540976,3.50407189657578,0.5,58.7655496870465
CBC_1019,CBC_1019_MSI_TV_v3_Vset1_Tset3_2023-06-28_18h00.13.129.csv,4,22,2,3,b,1,0,1,tac,C,63,1,2C,3C,1,0,b,2.6993144,1,0,1,1,2C,3C,C23,2.91777073208428,0.99889887799548,0.246880516859544,0.35134065866303,0.5,0.509835914077705,0.960043401420908,0.499319371165715,0.419130444290933,0.35134065866303,0.5,0.960166281649156,0.49863966884265,0.419130444290933,0.419130444290933,0.49203597908217,0.992895188930917,0.658186430707563,0.341813569292437,0.960166281649156,0.49863966884265,0.257723745227677,0.963513560696894,0.0398337183508445,0.0254657590924694,0.49863966884265,-0.0806495369564426,CBCbothPairsAsymRW,CBCdriftDiffusionLR,0.5,0.639301580338898,0.00136125766856998,0.161739111418133,0.217478673505883,0.762524657064468,2.94581231540976,3.50407189657578,0.5,58.7655496870465
CBC_1019,CBC_1019_MSI_TV_v3_Vset1_Tset3_2023-06-28_18h00.13.129.csv,4,23,3,1,z,0,1,0,tac,B,27,1,3B,1B,0,1,z,2.304894,0,1,1,1,1B,3B,B31,3.63758615972639,0.99889887799548,0.246880516859544,0.35134065866303,0.5,0.509835914077705,0.960043401420908,0.499319371165715,0.419130444290933,0.35134065866303,0.5,0.985632040741625,0.417990131886208,0.419130444290933,0.419130444290933,0.49203597908217,0.992895188930917,0.696100353415124,0.303899646584876,0.960043401420908,0.419130444290933,0.364405545055114,0.982869968531004,0.0399565985790923,0.0255443166165806,0.419130444290933,-0.067789785627903,CBCbothPairsAsymRW,CBCdriftDiffusionLR,0.5,0.639301580338898,0.00136125766856998,0.161739111418133,0.217478673505883,0.762524657064468,2.94581231540976,3.50407189657578,0.5,58.7655496870465
CBC_1019,CBC_1019_MSI_TV_v3_Vset1_Tset3_2023-06-28_18h00.13.129.csv,4,24,3,2,z,0,1,1,tac,C,63,1,3C,2C,0,1,z,2.3873498,0,1,1,1,2C,3C,C32,2.9704144655697,0.99889887799548,0.246880516859544,0.35134065866303,0.5,0.509835914077705,0.985587718037488,0.499319371165715,0.35134065866303,0.35134065866303,0.5,0.985632040741625,0.417990131886208,0.419130444290933,0.419130444290933,0.49203597908217,0.992895188930917,0.702206092182446,0.297793907817554,0.985632040741625,0.417990131886208,0.333457689012153,0.984858634220509,0.0143679592583751,0.00918545906012409,0.417990131886208,-0.0676053525128236,CBCbothPairsAsymRW,CBCdriftDiffusionLR,0.5,0.639301580338898,0.00136125766856998,0.161739111418133,0.217478673505883,0.762524657064468,2.94581231540976,3.50407189657578,0.5,58.7655496870465
CBC_1019,CBC_1019_MSI_TV_v3_Vset1_Tset3_2023-06-28_18h00.13.129.csv,4,25,2,3,z,0,1,2,tac,D,63,1,2D,3D,0,1,z,2.3175106,0,1,1,1,3D,2D,D23,2.07944154167984,0.99889887799548,0.246880516859544,0.35134065866303,0.5,0.509835914077705,0.985587718037488,0.499319371165715,0.35134065866303,0.35134065866303,0.5,0.994817499801749,0.350384779373384,0.419130444290933,0.419130444290933,0.49203597908217,0.992895188930917,0.668647281651082,0.331352718348918,0.992895188930917,0.49203597908217,0.355084159920468,0.970089849120196,0.00710481106908312,0.00454211694447413,0.49203597908217,-0.0795814620425015,CBCbothPairsAsymRW,CBCdriftDiffusionLR,0.5,0.639301580338898,0.00136125766856998,0.161739111418133,0.217478673505883,0.762524657064468,2.94581231540976,3.50407189657578,0.5,58.7655496870465
CBC_1019,CBC_1019_MSI_TV_v3_Vset1_Tset3_2023-06-28_18h00.13.129.csv,4,26,1,0,b,1,0,0,tac,B,63,1,1B,0B,1,0,b,3.5240417,1,0,1,1,1B,0B,B10,2.6149597780362,0.99889887799548,0.246880516859544,0.35134065866303,0.5,0.509835914077705,0.985587718037488,0.499319371165715,0.35134065866303,0.35134065866303,0.5,0.994817499801749,0.350384779373384,0.419130444290933,0.419130444290933,0.412454517039668,0.997437305875391,0.659069240896929,0.340930759103071,0.985587718037488,0.509835914077705,0.129451850705734,0.963915135917311,0.0144122819625117,0.00921379463492349,0.509835914077705,-0.0824604077119798,CBCbothPairsAsymRW,CBCdriftDiffusionLR,0.5,0.639301580338898,0.00136125766856998,0.161739111418133,0.217478673505883,0.762524657064468,2.94581231540976,3.50407189657578,0.5,58.7655496870465
CBC_1019,CBC_1019_MSI_TV_v3_Vset1_Tset3_2023-06-28_18h00.13.129.csv,4,27,0,3,b,1,0,3,tac,A,9,1,0A,3A,1,0,b,1.144349,1,0,1,1,0A,3A,A03,3.73766961828337,0.99889887799548,0.246880516859544,0.35134065866303,0.5,0.427375506365725,0.994801512672412,0.499319371165715,0.35134065866303,0.35134065866303,0.5,0.994817499801749,0.350384779373384,0.419130444290933,0.419130444290933,0.412454517039668,0.997437305875391,0.666421793130792,0.333578206869208,0.99889887799548,0.5,0.246738020621157,0.968795142263675,0.00110112200451973,0.000703949037635397,0.5,-0.0808695557090667,CBCbothPairsAsymRW,CBCdriftDiffusionLR,0.5,0.639301580338898,0.00136125766856998,0.161739111418133,0.217478673505883,0.762524657064468,2.94581231540976,3.50407189657578,0.5,58.7655496870465
CBC_1019,CBC_1019_MSI_TV_v3_Vset1_Tset3_2023-06-28_18h00.13.129.csv,4,28,2,3,z,0,1,2,tac,D,63,1,2D,3D,0,1,z,2.4462701,0,1,1,1,3D,2D,D23,1.96944064646551,0.999602827033116,0.246880516859544,0.35134065866303,0.419130444290933,0.427375506365725,0.994801512672412,0.499319371165715,0.35134065866303,0.35134065866303,0.5,0.994817499801749,0.350384779373384,0.419130444290933,0.419130444290933,0.412454517039668,0.997437305875391,0.70745662161024,0.29254337838976,0.997437305875391,0.412454517039668,0.310577354153628,0.986353107490596,0.00256269412460897,0.00163833440378772,0.412454517039668,-0.0667100270863914,CBCbothPairsAsymRW,CBCdriftDiffusionLR,0.5,0.639301580338898,0.00136125766856998,0.161739111418133,0.217478673505883,0.762524657064468,2.94581231540976,3.50407189657578,0.5,58.7655496870465
CBC_1019,CBC_1019_MSI_TV_v3_Vset1_Tset3_2023-06-28_18h00.13.129.csv,4,29,2,0,b,1,0,1,tac,C,27,1,2C,0C,1,0,b,2.1984098,1,0,1,1,2C,0C,C20,2.68557734525015,0.999602827033116,0.246880516859544,0.35134065866303,0.419130444290933,0.427375506365725,0.994801512672412,0.499319371165715,0.35134065866303,0.35134065866303,0.5,0.994817499801749,0.350384779373384,0.419130444290933,0.419130444290933,0.345744489953277,0.999075640279179,0.739004918215765,0.260995081784235,0.994817499801749,0.35134065866303,0.395704807687897,0.99288375826975,0.00518250019825095,0.00331318056684848,0.35134065866303,-0.0568255259372202,CBCbothPairsAsymRW,CBCdriftDiffusionLR,0.5,0.639301580338898,0.00136125766856998,0.161739111418133,0.217478673505883,0.762524657064468,2.94581231540976,3.50407189657578,0.5,58.7655496870465
CBC_1019,CBC_1019_MSI_TV_v3_Vset1_Tset3_2023-06-28_18h00.13.129.csv,4,30,1,0,z,0,1,3,tac,A,63,0,1A,0A,1,0,z,1.8848253,0,1,1,0,0A,1A,A10,3.11351530921037,0.999602827033116,0.246880516859544,0.35134065866303,0.419130444290933,0.427375506365725,0.994801512672412,0.499319371165715,0.35134065866303,0.29451513272581,0.5,0.998130680368598,0.350384779373384,0.419130444290933,0.419130444290933,0.345744489953277,0.999075640279179,0.801938374813291,0.198061625186709,0.999602827033116,0.246880516859544,0.572436261424784,0.998039749579686,-0.999602827033116,-0.00136071701382306,-0.753119483140456,0.163787426184823,CBCbothPairsAsymRW,CBCdriftDiffusionLR,0.5,0.639301580338898,0.00136125766856998,0.161739111418133,0.217478673505883,0.762524657064468,2.94581231540976,3.50407189657578,0.5,58.7655496870465
CBC_1019,CBC_1019_MSI_TV_v3_Vset1_Tset3_2023-06-28_18h00.13.129.csv,4,31,1,0,b,1,0,0,tac,B,63,1,1B,0B,1,0,b,1.6043737,1,0,1,1,1B,0B,B10,2.4423470353692,0.998242110019293,0.410667943044367,0.35134065866303,0.419130444290933,0.427375506365725,0.994801512672412,0.499319371165715,0.35134065866303,0.29451513272581,0.5,0.998130680368598,0.350384779373384,0.419130444290933,0.419130444290933,0.345744489953277,0.999075640279179,0.699492045895403,0.300507954104597,0.994801512672412,0.427375506365725,0.639726980546372,0.983889656470641,0.00519848732758821,0.00332340116389887,0.427375506365725,-0.0691233346414672,CBCbothPairsAsymRW,CBCdriftDiffusionLR,0.5,0.639301580338898,0.00136125766856998,0.161739111418133,0.217478673505883,0.762524657064468,2.94581231540976,3.50407189657578,0.5,58.7655496870465
CBC_1019,CBC_1019_MSI_TV_v3_Vset1_Tset3_2023-06-28_18h00.13.129.csv,4,32,3,1,b,1,0,2,tac,D,27,1,3D,1D,1,0,b,2.2580061,1,0,1,1,3D,1D,D31,3.85014760171006,0.998242110019293,0.410667943044367,0.35134065866303,0.419130444290933,0.358252171724258,0.998124913836311,0.499319371165715,0.35134065866303,0.29451513272581,0.5,0.998130680368598,0.350384779373384,0.419130444290933,0.419130444290933,0.345744489953277,0.999075640279179,0.704464358987728,0.295535641012273,0.999075640279179,0.419130444290933,0.381578763398032,0.985501389433065,0.000924359720821277,0.000590944630322665,0.419130444290933,-0.067789785627903,CBCbothPairsAsymRW,CBCdriftDiffusionLR,0.5,0.639301580338898,0.00136125766856998,0.161739111418133,0.217478673505883,0.762524657064468,2.94581231540976,3.50407189657578,0.5,58.7655496870465
CBC_1019,CBC_1019_MSI_TV_v3_Vset1_Tset3_2023-06-28_18h00.13.129.csv,4,33,3,2,z,0,1,1,tac,C,63,1,3C,2C,0,1,z,2.3263371,0,1,1,1,2C,3C,C32,2.77258872223978,0.998242110019293,0.410667943044367,0.35134065866303,0.419130444290933,0.358252171724258,0.998124913836311,0.499319371165715,0.35134065866303,0.29451513272581,0.5,0.998130680368598,0.350384779373384,0.419130444290933,0.35134065866303,0.345744489953277,0.999666584909501,0.740169994461595,0.259830005538405,0.998130680368598,0.350384779373384,0.33316429737116,0.993087727032455,0.00186931963140247,0.00119505899451412,0.350384779373384,-0.0566709228702899,CBCbothPairsAsymRW,CBCdriftDiffusionLR,0.5,0.639301580338898,0.00136125766856998,0.161739111418133,0.217478673505883,0.762524657064468,2.94581231540976,3.50407189657578,0.5,58.7655496870465
CBC_1019,CBC_1019_MSI_TV_v3_Vset1_Tset3_2023-06-28_18h00.13.129.csv,4,34,1,0,b,1,0,0,tac,B,63,1,1B,0B,1,0,b,2.2942504,1,0,1,1,1B,0B,B10,2.28238238567653,0.998242110019293,0.410667943044367,0.35134065866303,0.419130444290933,0.358252171724258,0.998124913836311,0.499319371165715,0.35134065866303,0.29451513272581,0.5,0.999325739363112,0.293713856503094,0.419130444290933,0.35134065866303,0.345744489953277,0.999666584909501,0.735875682700583,0.264124317299417,0.998124913836311,0.358252171724258,0.351426192058483,0.992432029358698,0.00187508616368937,0.00119874554771821,0.358252171724258,-0.057943387918298,CBCbothPairsAsymRW,CBCdriftDiffusionLR,0.5,0.639301580338898,0.00136125766856998,0.161739111418133,0.217478673505883,0.762524657064468,2.94581231540976,3.50407189657578,0.5,58.7655496870465
CBC_1019,CBC_1019_MSI_TV_v3_Vset1_Tset3_2023-06-28_18h00.13.129.csv,4,35,0,1,b,1,0,3,tac,A,63,1,0A,1A,1,0,b,0.9883907,1,0,1,1,0A,1A,A01,2.52572864430826,0.998242110019293,0.410667943044367,0.35134065866303,0.419130444290933,0.30030878380596,0.999323659384029,0.499319371165715,0.35134065866303,0.29451513272581,0.5,0.999325739363112,0.293713856503094,0.419130444290933,0.35134065866303,0.345744489953277,0.999666584909501,0.708520822779727,0.291479177220273,0.998242110019293,0.410667943044367,0.0528441870675133,0.986655098445534,0.00175788998070736,0.00112382184272813,0.410667943044367,-0.0664210681959085,CBCbothPairsAsymRW,CBCdriftDiffusionLR,0.5,0.639301580338898,0.00136125766856998,0.161739111418133,0.217478673505883,0.762524657064468,2.94581231540976,3.50407189657578,0.5,58.7655496870465
CBC_1019,CBC_1019_MSI_TV_v3_Vset1_Tset3_2023-06-28_18h00.13.129.csv,4,36,1,2,z,0,1,1,tac,C,9,1,1C,2C,0,1,z,2.569847,0,1,1,1,2C,1C,C12,3.93182563272433,0.999365931862021,0.344246874848458,0.35134065866303,0.419130444290933,0.30030878380596,0.999323659384029,0.499319371165715,0.35134065866303,0.29451513272581,0.5,0.999325739363112,0.293713856503094,0.419130444290933,0.35134065866303,0.345744489953277,0.999666584909501,0.666516763587083,0.333483236412917,0.999325739363112,0.5,0.28667544459227,0.968781390789059,0.000674260636888357,0.000431055890723038,0.5,-0.0808695557090667,CBCbothPairsAsymRW,CBCdriftDiffusionLR,0.5,0.639301580338898,0.00136125766856998,0.161739111418133,0.217478673505883,0.762524657064468,2.94581231540976,3.50407189657578,0.5,58.7655496870465
CBC_1019,CBC_1019_MSI_TV_v3_Vset1_Tset3_2023-06-28_18h00.13.129.csv,4,37,1,0,z,0,1,3,tac,A,63,1,1A,0A,0,1,z,1.873662,0,1,1,1,0A,1A,A10,2.85263142991332,0.999365931862021,0.344246874848458,0.35134065866303,0.419130444290933,0.30030878380596,0.999323659384029,0.499319371165715,0.35134065866303,0.29451513272581,0.419130444290933,0.999756795253835,0.293713856503094,0.419130444290933,0.35134065866303,0.345744489953277,0.999666584909501,0.743790120837516,0.256209879162484,0.999365931862021,0.344246874848458,0.59005869492812,0.993481584677481,0.000634068137979282,0.000405360762652697,0.344246874848458,-0.055678183646459,CBCbothPairsAsymRW,CBCdriftDiffusionLR,0.5,0.639301580338898,0.00136125766856998,0.161739111418133,0.217478673505883,0.762524657064468,2.94581231540976,3.50407189657578,0.5,58.7655496870465
CBC_1019,CBC_1019_MSI_TV_v3_Vset1_Tset3_2023-06-28_18h00.13.129.csv,4,38,3,1,b,1,0,2,tac,D,27,1,3D,1D,1,0,b,2.7315329,1,0,1,1,3D,1D,D31,3.27714473299218,0.999771292624673,0.288568691201999,0.35134065866303,0.419130444290933,0.30030878380596,0.999323659384029,0.499319371165715,0.35134065866303,0.29451513272581,0.419130444290933,0.999756795253835,0.293713856503094,0.419130444290933,0.35134065866303,0.345744489953277,0.999666584909501,0.739941691405026,0.260058308594974,0.999666584909501,0.35134065866303,0.191746518331976,0.993016381482969,0.000333415090498668,0.000213152794264635,0.35134065866303,-0.0568255259372202,CBCbothPairsAsymRW,CBCdriftDiffusionLR,0.5,0.639301580338898,0.00136125766856998,0.161739111418133,0.217478673505883,0.762524657064468,2.94581231540976,3.50407189657578,0.5,58.7655496870465
CBC_1019,CBC_1019_MSI_TV_v3_Vset1_Tset3_2023-06-28_18h00.13.129.csv,4,39,0,1,z,0,1,0,tac,B,63,1,0B,1B,0,1,z,1.2661621,0,1,1,1,1B,0B,B01,3.29583686600433,0.999771292624673,0.288568691201999,0.35134065866303,0.419130444290933,0.30030878380596,0.999323659384029,0.499319371165715,0.35134065866303,0.29451513272581,0.419130444290933,0.999756795253835,0.293713856503094,0.419130444290933,0.29451513272581,0.345744489953277,0.999879737703766,0.768927910826201,0.231072089173799,0.999323659384029,0.30030878380596,0.792797266964231,0.996146102173646,0.000676340615971105,0.000432385624637711,0.30030878380596,-0.0485716758438363,CBCbothPairsAsymRW,CBCdriftDiffusionLR,0.5,0.639301580338898,0.00136125766856998,0.161739111418133,0.217478673505883,0.762524657064468,2.94581231540976,3.50407189657578,0.5,58.7655496870465
CBC_1019,CBC_1019_MSI_TV_v3_Vset1_Tset3_2023-06-28_18h00.13.129.csv,4,40,2,3,b,1,0,1,tac,C,63,0,2C,3C,0,1,b,2.5286731,1,0,1,0,2C,3C,C23,2.90872089656436,0.999771292624673,0.288568691201999,0.35134065866303,0.419130444290933,0.251737107962123,0.999756045008667,0.499319371165715,0.35134065866303,0.29451513272581,0.419130444290933,0.999756795253835,0.293713856503094,0.419130444290933,0.29451513272581,0.345744489953277,0.999879737703766,0.772925766731436,0.227074233268564,0.999756795253835,0.293713856503094,0.212131670809994,0.99645449045752,-0.999756795253835,-0.00136092660424423,-0.706286143496906,0.153602173603293,CBCbothPairsAsymRW,CBCdriftDiffusionLR,0.5,0.639301580338898,0.00136125766856998,0.161739111418133,0.217478673505883,0.762524657064468,2.94581231540976,3.50407189657578,0.5,58.7655496870465
CBC_1019,CBC_1019_MSI_TV_v3_Vset1_Tset3_2023-06-28_18h00.13.129.csv,4,41,2,0,z,0,1,3,tac,A,27,1,2A,0A,0,1,z,1.836847,0,1,1,1,0A,2A,A20,3.3322045101752,0.999771292624673,0.288568691201999,0.35134065866303,0.419130444290933,0.251737107962123,0.999756045008667,0.499319371165715,0.35134065866303,0.29451513272581,0.419130444290933,0.99839586864959,0.447316030106387,0.419130444290933,0.29451513272581,0.345744489953277,0.999879737703766,0.739961845257769,0.260038154742231,0.999771292624673,0.35134065866303,0.611974850657295,0.992991010912174,0.000228707375326542,0.00014621298648142,0.35134065866303,-0.0568255259372202,CBCbothPairsAsymRW,CBCdriftDiffusionLR,0.5,0.639301580338898,0.00136125766856998,0.161739111418133,0.217478673505883,0.762524657064468,2.94581231540976,3.50407189657578,0.5,58.7655496870465
CBC_1019,CBC_1019_MSI_TV_v3_Vset1_Tset3_2023-06-28_18h00.13.129.csv,4,42,3,2,b,1,0,2,tac,D,63,1,3D,2D,1,0,b,2.5341692,1,0,1,1,3D,2D,D32,4.04305126783455,0.999917505611155,0.288568691201999,0.29451513272581,0.419130444290933,0.251737107962123,0.999756045008667,0.499319371165715,0.35134065866303,0.29451513272581,0.419130444290933,0.99839586864959,0.447316030106387,0.419130444290933,0.29451513272581,0.345744489953277,0.999879737703766,0.743060147961756,0.256939852038244,0.999879737703766,0.345744489953277,0.248609444390985,0.993395916254336,0.000120262296234075,7.68838760376287e-05,0.345744489953277,-0.0559204065827588,CBCbothPairsAsymRW,CBCdriftDiffusionLR,0.5,0.639301580338898,0.00136125766856998,0.161739111418133,0.217478673505883,0.762524657064468,2.94581231540976,3.50407189657578,0.5,58.7655496870465
CBC_1019,CBC_1019_MSI_TV_v3_Vset1_Tset3_2023-06-28_18h00.13.129.csv,4,43,3,1,z,0,1,0,tac,B,27,1,3B,1B,0,1,z,1.4314789,0,1,1,1,1B,3B,B31,3.36729582998647,0.999917505611155,0.288568691201999,0.29451513272581,0.419130444290933,0.251737107962123,0.999756045008667,0.499319371165715,0.35134065866303,0.29451513272581,0.419130444290933,0.99839586864959,0.447316030106387,0.419130444290933,0.29451513272581,0.289824083370518,0.999956621579804,0.739958910632941,0.260041089367059,0.999756045008667,0.35134065866303,0.786652760725404,0.993025373819121,0.000243954991333339,0.000155960811490966,0.35134065866303,-0.0568255259372202,CBCbothPairsAsymRW,CBCdriftDiffusionLR,0.5,0.639301580338898,0.00136125766856998,0.161739111418133,0.217478673505883,0.762524657064468,2.94581231540976,3.50407189657578,0.5,58.7655496870465
CBC_1019,CBC_1019_MSI_TV_v3_Vset1_Tset3_2023-06-28_18h00.13.129.csv,4,44,2,3,b,1,0,1,tac,C,63,1,2C,3C,1,0,b,2.9462026,1,0,1,1,2C,3C,C23,2.69124308278583,0.999917505611155,0.288568691201999,0.29451513272581,0.419130444290933,0.251737107962123,0.999912005820158,0.499319371165715,0.29451513272581,0.29451513272581,0.419130444290933,0.99839586864959,0.447316030106387,0.419130444290933,0.29451513272581,0.289824083370518,0.999956621579804,0.690591167928203,0.309408832071797,0.99839586864959,0.447316030106387,0.191791665479724,0.98068793999661,0.0016041313504096,0.00102552370738803,0.447316030106387,-0.0723484972324941,CBCbothPairsAsymRW,CBCdriftDiffusionLR,0.5,0.639301580338898,0.00136125766856998,0.161739111418133,0.217478673505883,0.762524657064468,2.94581231540976,3.50407189657578,0.5,58.7655496870465
