ID,filename,session,trial,visStimLeft,visStimRight,correctKey,leftCorrect,rightCorrect,secondStim,mod2Type,mod2Stim,frequency,rewardAccurate,stimPairLeft,stimPairRight,pCorrectLeft,pCorrectRight,key,reactionTime,choiceLeft,choiceRight,choiceAccurate,reward,chosenPair,otherPair,triplet,surprise,0A belief,1A belief,2A belief,3A belief,0B belief,1B belief,2B belief,3B belief,0C belief,1C belief,2C belief,3C belief,0D belief,1D belief,2D belief,3D belief,beliefPairNorm,beliefOtherPairNorm,beliefPair,beliefOtherPair,lik,corrLik,rewardPE,update2,rewardPEOP,update2OP,fit_percModel,fit_respModel,fit_startBelief,fit_alpha1,fit_alpha12,fit_alpha2,fit_alpha22,fit_nonDecisionTime,fit_weight,fit_startingBoundary,fit_startingPoint,fit_NLL
CBC_1019,CBC_1019_MSI_AV_v3_Vset2_Aset1_2023-06-28_16h08.36.821.csv,1,1,1,0,b,1,0,0,aud,B,63,1,1B,0B,1,0,b,2.33564939999997,1,0,1,1,1B,0B,B10,2.77258872223978,0.5,0.5,0.5,0.5,0.5,0.5,0.5,0.5,0.5,0.5,0.5,0.5,0.5,0.5,0.5,0.5,0.5,0.5,0.5,0.5,0.151559018858985,0.499798839180308,0.5,0.121269979240842,0.5,-0.495248515961323,CBCbothPairsAsymRW,CBCdriftDiffusionLR_pwBelief,0.5,0.242539958481684,0.00390063671511065,0.990497031922646,0.192552078508108,0.882078110484075,0.717944030279263,2.27158209196421,0.5,62.6452015314171
CBC_1019,CBC_1019_MSI_AV_v3_Vset2_Aset1_2023-06-28_16h08.36.821.csv,1,2,0,1,b,1,0,3,aud,A,63,1,0A,1A,1,0,b,1.82308010000088,1,0,1,1,0A,1A,A01,2.83321334405622,0.5,0.5,0.5,0.5,0.00475148403867715,0.621269979240842,0.5,0.5,0.5,0.5,0.5,0.5,0.5,0.5,0.5,0.5,0.5,0.5,0.5,0.5,0.246763784660864,0.499531253202836,0.5,0.121269979240842,0.5,-0.495248515961323,CBCbothPairsAsymRW,CBCdriftDiffusionLR_pwBelief,0.5,0.242539958481684,0.00390063671511065,0.990497031922646,0.192552078508108,0.882078110484075,0.717944030279263,2.27158209196421,0.5,62.6452015314171
CBC_1019,CBC_1019_MSI_AV_v3_Vset2_Aset1_2023-06-28_16h08.36.821.csv,1,3,1,2,z,0,1,1,aud,C,9,1,1C,2C,0,1,z,1.29270270000052,0,1,1,1,2C,1C,C12,2.89037175789616,0.621269979240842,0.00475148403867715,0.5,0.5,0.00475148403867715,0.621269979240842,0.5,0.5,0.5,0.5,0.5,0.5,0.5,0.5,0.5,0.5,0.5,0.5,0.5,0.5,0.358538610206459,0.500795516952498,0.5,0.121269979240842,0.5,-0.495248515961323,CBCbothPairsAsymRW,CBCdriftDiffusionLR_pwBelief,0.5,0.242539958481684,0.00390063671511065,0.990497031922646,0.192552078508108,0.882078110484075,0.717944030279263,2.27158209196421,0.5,62.6452015314171
CBC_1019,CBC_1019_MSI_AV_v3_Vset2_Aset1_2023-06-28_16h08.36.821.csv,1,4,1,0,z,0,1,3,aud,A,63,1,1A,0A,0,1,z,2.29409770000166,0,1,1,1,0A,1A,A10,2.94443897916644,0.621269979240842,0.00475148403867715,0.5,0.5,0.00475148403867715,0.621269979240842,0.5,0.5,0.5,0.00475148403867715,0.621269979240842,0.5,0.5,0.5,0.5,0.5,0.997098083039985,0.00290191696001539,0.621269979240842,0.00475148403867715,0.247705761343501,0.835327280686881,0.378730020759158,0.0918571635106935,0.00475148403867709,-0.00470633083753748,CBCbothPairsAsymRW,CBCdriftDiffusionLR_pwBelief,0.5,0.242539958481684,0.00390063671511065,0.990497031922646,0.192552078508108,0.882078110484075,0.717944030279263,2.27158209196421,0.5,62.6452015314171
CBC_1019,CBC_1019_MSI_AV_v3_Vset2_Aset1_2023-06-28_16h08.36.821.csv,1,5,3,1,b,1,0,2,aud,D,27,1,3D,1D,1,0,b,1.74243840000054,1,0,1,1,3D,1D,D31,2.99573227355399,0.713127142751535,4.51532011396623e-05,0.5,0.5,0.00475148403867715,0.621269979240842,0.5,0.5,0.5,0.00475148403867715,0.621269979240842,0.5,0.5,0.5,0.5,0.5,0.5,0.5,0.5,0.5,0.266407102442946,0.500226938706305,0.5,0.121269979240842,0.5,-0.495248515961323,CBCbothPairsAsymRW,CBCdriftDiffusionLR_pwBelief,0.5,0.242539958481684,0.00390063671511065,0.990497031922646,0.192552078508108,0.882078110484075,0.717944030279263,2.27158209196421,0.5,62.6452015314171
CBC_1019,CBC_1019_MSI_AV_v3_Vset2_Aset1_2023-06-28_16h08.36.821.csv,1,6,0,1,z,0,1,0,aud,B,63,1,0B,1B,0,1,z,1.7200969000005,0,1,1,1,1B,0B,B01,3.04452243772342,0.713127142751535,4.51532011396623e-05,0.5,0.5,0.00475148403867715,0.621269979240842,0.5,0.5,0.5,0.00475148403867715,0.621269979240842,0.5,0.5,0.00475148403867715,0.5,0.621269979240842,0.997098083039985,0.00290191696001539,0.621269979240842,0.00475148403867715,0.493756555158958,0.834788783862006,0.378730020759158,0.0918571635106935,0.00475148403867709,-0.00470633083753748,CBCbothPairsAsymRW,CBCdriftDiffusionLR_pwBelief,0.5,0.242539958481684,0.00390063671511065,0.990497031922646,0.192552078508108,0.882078110484075,0.717944030279263,2.27158209196421,0.5,62.6452015314171
CBC_1019,CBC_1019_MSI_AV_v3_Vset2_Aset1_2023-06-28_16h08.36.821.csv,1,7,2,3,b,1,0,1,aud,C,63,1,2C,3C,1,0,z,2.26871410000058,0,1,0,0,3C,2C,C23,3.09104245335832,0.713127142751535,4.51532011396623e-05,0.5,0.5,4.51532011396623e-05,0.713127142751535,0.5,0.5,0.5,0.00475148403867715,0.621269979240842,0.5,0.5,0.00475148403867715,0.5,0.621269979240842,0.378730020759158,0.621269979240842,0.5,0.621269979240842,0.129552841248885,0.401401693559188,-0.5,-0.00195031835755533,-0.378730020759158,0.0729252526905949,CBCbothPairsAsymRW,CBCdriftDiffusionLR_pwBelief,0.5,0.242539958481684,0.00390063671511065,0.990497031922646,0.192552078508108,0.882078110484075,0.717944030279263,2.27158209196421,0.5,62.6452015314171
CBC_1019,CBC_1019_MSI_AV_v3_Vset2_Aset1_2023-06-28_16h08.36.821.csv,1,8,2,0,z,0,1,3,aud,A,27,1,2A,0A,0,1,b,1.8902577000008,1,0,0,0,2A,0A,A20,3.13549421592915,0.713127142751535,4.51532011396623e-05,0.5,0.5,4.51532011396623e-05,0.713127142751535,0.5,0.5,0.5,0.00475148403867715,0.694195231931437,0.498049681642445,0.5,0.00475148403867715,0.5,0.621269979240842,0.286872857248465,0.713127142751535,0.5,0.713127142751535,0.156231793534032,0.332921940167088,-0.5,-0.00195031835755533,-0.286872857248465,0.0552379649307517,CBCbothPairsAsymRW,CBCdriftDiffusionLR_pwBelief,0.5,0.242539958481684,0.00390063671511065,0.990497031922646,0.192552078508108,0.882078110484075,0.717944030279263,2.27158209196421,0.5,62.6452015314171
CBC_1019,CBC_1019_MSI_AV_v3_Vset2_Aset1_2023-06-28_16h08.36.821.csv,1,9,3,2,b,1,0,2,aud,D,63,1,3D,2D,1,0,b,1.84180440000091,1,0,1,1,3D,2D,D32,3.17805383034795,0.768365107682287,4.51532011396623e-05,0.498049681642445,0.5,4.51532011396623e-05,0.713127142751535,0.5,0.5,0.5,0.00475148403867715,0.694195231931437,0.498049681642445,0.5,0.00475148403867715,0.5,0.621269979240842,0.621269979240842,0.378730020759158,0.621269979240842,0.5,0.29176324506242,0.59815693520977,0.378730020759158,0.0918571635106935,0.5,-0.495248515961323,CBCbothPairsAsymRW,CBCdriftDiffusionLR_pwBelief,0.5,0.242539958481684,0.00390063671511065,0.990497031922646,0.192552078508108,0.882078110484075,0.717944030279263,2.27158209196421,0.5,62.6452015314171
CBC_1019,CBC_1019_MSI_AV_v3_Vset2_Aset1_2023-06-28_16h08.36.821.csv,1,10,3,1,z,0,1,0,aud,B,27,1,3B,1B,0,1,z,1.40432519999922,0,1,1,1,1B,3B,B31,3.2188758248682,0.768365107682287,4.51532011396623e-05,0.498049681642445,0.5,4.51532011396623e-05,0.713127142751535,0.5,0.5,0.5,0.00475148403867715,0.694195231931437,0.498049681642445,0.5,0.00475148403867715,0.00475148403867715,0.713127142751535,0.713127142751535,0.286872857248465,0.713127142751535,0.5,0.482197401754197,0.667052684573354,0.286872857248465,0.0695781308865646,0.5,-0.495248515961323,CBCbothPairsAsymRW,CBCdriftDiffusionLR_pwBelief,0.5,0.242539958481684,0.00390063671511065,0.990497031922646,0.192552078508108,0.882078110484075,0.717944030279263,2.27158209196421,0.5,62.6452015314171
CBC_1019,CBC_1019_MSI_AV_v3_Vset2_Aset1_2023-06-28_16h08.36.821.csv,1,11,3,2,z,0,1,1,aud,C,63,1,3C,2C,0,1,b,1.7543998000001,1,0,0,0,3C,2C,C32,3.25809653802148,0.768365107682287,4.51532011396623e-05,0.498049681642445,0.5,4.51532011396623e-05,0.7827052736381,0.5,0.00475148403867715,0.5,0.00475148403867715,0.694195231931437,0.498049681642445,0.5,0.00475148403867715,0.00475148403867715,0.713127142751535,0.304151154856136,0.695848845143864,0.498049681642445,0.694195231931437,0.185197242866979,0.346193973567133,-0.498049681642445,-0.00194271087416369,-0.305804768068563,0.0588833437092919,CBCbothPairsAsymRW,CBCdriftDiffusionLR_pwBelief,0.5,0.242539958481684,0.00390063671511065,0.990497031922646,0.192552078508108,0.882078110484075,0.717944030279263,2.27158209196421,0.5,62.6452015314171
CBC_1019,CBC_1019_MSI_AV_v3_Vset2_Aset1_2023-06-28_16h08.36.821.csv,1,12,1,3,b,1,0,0,aud,B,27,1,1B,3B,1,0,b,1.27241620000132,1,0,1,1,1B,3B,B13,3.29583686600433,0.768365107682287,4.51532011396623e-05,0.498049681642445,0.5,4.51532011396623e-05,0.7827052736381,0.5,0.00475148403867715,0.5,0.00475148403867715,0.753078575640729,0.496106970768281,0.5,0.00475148403867715,0.00475148403867715,0.713127142751535,0.998676349197268,0.001323650802732,0.7827052736381,0.00475148403867715,0.727042765723267,0.836047444875278,0.2172947263619,0.0527026539101041,0.00475148403867709,-0.00470633083753748,CBCbothPairsAsymRW,CBCdriftDiffusionLR_pwBelief,0.5,0.242539958481684,0.00390063671511065,0.990497031922646,0.192552078508108,0.882078110484075,0.717944030279263,2.27158209196421,0.5,62.6452015314171
CBC_1019,CBC_1019_MSI_AV_v3_Vset2_Aset1_2023-06-28_16h08.36.821.csv,1,13,3,2,z,0,1,1,aud,C,63,1,3C,2C,0,1,b,1.64404560000003,1,0,0,0,3C,2C,C32,2.63905732961526,0.768365107682287,4.51532011396623e-05,0.498049681642445,0.5,4.51532011396623e-05,0.835407927548204,0.5,4.51532011396623e-05,0.5,0.00475148403867715,0.753078575640729,0.496106970768281,0.5,0.00475148403867715,0.00475148403867715,0.713127142751535,0.244037136880173,0.755962863119827,0.496106970768281,0.753078575640729,0.182080121797249,0.302402874821023,-0.496106970768281,-0.00193513306480108,-0.246921424359271,0.0475452334885604,CBCbothPairsAsymRW,CBCdriftDiffusionLR_pwBelief,0.5,0.242539958481684,0.00390063671511065,0.990497031922646,0.192552078508108,0.882078110484075,0.717944030279263,2.27158209196421,0.5,62.6452015314171
CBC_1019,CBC_1019_MSI_AV_v3_Vset2_Aset1_2023-06-28_16h08.36.821.csv,1,14,3,2,b,1,0,2,aud,D,63,1,3D,2D,1,0,b,1.30003730000135,1,0,1,1,3D,2D,D32,2.67414864942653,0.768365107682287,4.51532011396623e-05,0.498049681642445,0.5,4.51532011396623e-05,0.835407927548204,0.5,4.51532011396623e-05,0.5,0.00475148403867715,0.800623809129289,0.49417183770348,0.5,0.00475148403867715,0.00475148403867715,0.713127142751535,0.998083155185512,0.00191684481448839,0.713127142751535,0.00475148403867715,0.725463617466219,0.835409768183984,0.286872857248465,0.0695781308865646,0.00475148403867709,-0.00470633083753748,CBCbothPairsAsymRW,CBCdriftDiffusionLR_pwBelief,0.5,0.242539958481684,0.00390063671511065,0.990497031922646,0.192552078508108,0.882078110484075,0.717944030279263,2.27158209196421,0.5,62.6452015314171
CBC_1019,CBC_1019_MSI_AV_v3_Vset2_Aset1_2023-06-28_16h08.36.821.csv,1,15,0,3,b,1,0,3,aud,A,9,1,0A,3A,1,0,b,1.01821670000027,1,0,1,1,0A,3A,A03,3.40119738166216,0.768365107682287,4.51532011396623e-05,0.498049681642445,0.5,4.51532011396623e-05,0.835407927548204,0.5,4.51532011396623e-05,0.5,0.00475148403867715,0.800623809129289,0.49417183770348,0.5,0.00475148403867715,4.51532011396623e-05,0.7827052736381,0.768365107682287,0.231634892317713,0.768365107682287,0.5,0.120867409024038,0.704879652966417,0.231634892317713,0.0561807171656474,0.5,-0.495248515961323,CBCbothPairsAsymRW,CBCdriftDiffusionLR_pwBelief,0.5,0.242539958481684,0.00390063671511065,0.990497031922646,0.192552078508108,0.882078110484075,0.717944030279263,2.27158209196421,0.5,62.6452015314171
CBC_1019,CBC_1019_MSI_AV_v3_Vset2_Aset1_2023-06-28_16h08.36.821.csv,1,16,0,1,z,0,1,0,aud,B,63,0,0B,1B,1,0,z,1.20072680000158,0,1,1,0,1B,0B,B01,2.7408400239252,0.824545824847935,4.51532011396623e-05,0.498049681642445,0.00475148403867715,4.51532011396623e-05,0.835407927548204,0.5,4.51532011396623e-05,0.5,0.00475148403867715,0.800623809129289,0.49417183770348,0.5,0.00475148403867715,4.51532011396623e-05,0.7827052736381,0.999991103593615,8.89640638529013e-06,0.835407927548204,4.51532011396623e-05,0.692732295904296,0.836251998124092,-0.835407927548204,-0.00325862283428902,-0.99995484679886,0.192543384165378,CBCbothPairsAsymRW,CBCdriftDiffusionLR_pwBelief,0.5,0.242539958481684,0.00390063671511065,0.990497031922646,0.192552078508108,0.882078110484075,0.717944030279263,2.27158209196421,0.5,62.6452015314171
CBC_1019,CBC_1019_MSI_AV_v3_Vset2_Aset1_2023-06-28_16h08.36.821.csv,1,17,2,3,z,0,1,2,aud,D,63,1,2D,3D,0,1,b,1.70221719999972,1,0,0,0,2D,3D,D23,3.46573590279973,0.824545824847935,4.51532011396623e-05,0.498049681642445,0.00475148403867715,0.192588537366517,0.832149304713915,0.5,4.51532011396623e-05,0.5,0.00475148403867715,0.800623809129289,0.49417183770348,0.5,0.00475148403867715,4.51532011396623e-05,0.7827052736381,1.25358456852424e-05,0.999987464154315,4.51532011396623e-05,0.7827052736381,0.0988627411187301,0.163531436994482,-4.51532011396623e-05,-1.76126234170143e-07,-0.2172947263619,0.0418405512098345,CBCbothPairsAsymRW,CBCdriftDiffusionLR_pwBelief,0.5,0.242539958481684,0.00390063671511065,0.990497031922646,0.192552078508108,0.882078110484075,0.717944030279263,2.27158209196421,0.5,62.6452015314171
CBC_1019,CBC_1019_MSI_AV_v3_Vset2_Aset1_2023-06-28_16h08.36.821.csv,1,18,0,2,z,0,1,1,aud,C,27,1,0C,2C,0,1,z,1.3793551000017,0,1,1,1,2C,0C,C02,3.49650756146648,0.824545824847935,4.51532011396623e-05,0.498049681642445,0.00475148403867715,0.192588537366517,0.832149304713915,0.5,4.51532011396623e-05,0.5,0.00475148403867715,0.800623809129289,0.49417183770348,0.5,0.00475148403867715,4.49770749054921e-05,0.824545824847935,0.800623809129289,0.199376190870711,0.800623809129289,0.5,0.550027055929201,0.72679737546826,0.199376190870711,0.0483566930560185,0.5,-0.495248515961323,CBCbothPairsAsymRW,CBCdriftDiffusionLR_pwBelief,0.5,0.242539958481684,0.00390063671511065,0.990497031922646,0.192552078508108,0.882078110484075,0.717944030279263,2.27158209196421,0.5,62.6452015314171
CBC_1019,CBC_1019_MSI_AV_v3_Vset2_Aset1_2023-06-28_16h08.36.821.csv,1,19,0,1,b,1,0,3,aud,A,63,1,0A,1A,1,0,b,2.16458899999998,1,0,1,1,0A,1A,A01,2.83321334405622,0.824545824847935,4.51532011396623e-05,0.498049681642445,0.00475148403867715,0.192588537366517,0.832149304713915,0.5,4.51532011396623e-05,0.00475148403867715,0.00475148403867715,0.848980502185308,0.49417183770348,0.5,0.00475148403867715,4.49770749054921e-05,0.824545824847935,0.999990391559775,9.60844022523943e-06,0.824545824847935,4.51532011396623e-05,0.289998515260237,0.836466402530523,0.175454175152065,0.04255464835682,4.5153201139625e-05,-4.47241117106047e-05,CBCbothPairsAsymRW,CBCdriftDiffusionLR_pwBelief,0.5,0.242539958481684,0.00390063671511065,0.990497031922646,0.192552078508108,0.882078110484075,0.717944030279263,2.27158209196421,0.5,62.6452015314171
CBC_1019,CBC_1019_MSI_AV_v3_Vset2_Aset1_2023-06-28_16h08.36.821.csv,1,20,1,0,b,1,0,0,aud,B,63,1,1B,0B,1,0,b,2.21095310000055,1,0,1,1,1B,0B,B10,2.86220088092947,0.867100473204755,4.29089429057508e-07,0.498049681642445,0.00475148403867715,0.192588537366517,0.832149304713915,0.5,4.51532011396623e-05,0.00475148403867715,0.00475148403867715,0.848980502185308,0.49417183770348,0.5,0.00475148403867715,4.49770749054921e-05,0.824545824847935,0.954096105052156,0.0459038949478435,0.832149304713915,0.192588537366517,0.270020804796175,0.814555592414618,0.167850695286085,0.0407105006658088,0.192588537366517,-0.190758374643859,CBCbothPairsAsymRW,CBCdriftDiffusionLR_pwBelief,0.5,0.242539958481684,0.00390063671511065,0.990497031922646,0.192552078508108,0.882078110484075,0.717944030279263,2.27158209196421,0.5,62.6452015314171
CBC_1019,CBC_1019_MSI_AV_v3_Vset2_Aset1_2023-06-28_16h08.36.821.csv,1,21,1,3,z,0,1,2,aud,D,27,1,1D,3D,0,1,b,3.91199170000073,1,0,0,0,1D,3D,D13,3.58351893845611,0.867100473204755,4.29089429057508e-07,0.498049681642445,0.00475148403867715,0.00183016272265843,0.872859805379724,0.5,4.51532011396623e-05,0.00475148403867715,0.00475148403867715,0.848980502185308,0.49417183770348,0.5,0.00475148403867715,4.49770749054921e-05,0.824545824847935,0.00101485892388247,0.998985141076118,0.00475148403867715,0.824545824847935,0.00688432165437699,0.164810827221608,-0.00475148403867715,-1.85338130925263e-05,-0.175454175152065,0.0337840661084559,CBCbothPairsAsymRW,CBCdriftDiffusionLR_pwBelief,0.5,0.242539958481684,0.00390063671511065,0.990497031922646,0.192552078508108,0.882078110484075,0.717944030279263,2.27158209196421,0.5,62.6452015314171
CBC_1019,CBC_1019_MSI_AV_v3_Vset2_Aset1_2023-06-28_16h08.36.821.csv,1,22,3,2,z,0,1,1,aud,C,63,1,3C,2C,0,1,z,2.28224399999999,0,1,1,1,2C,3C,C32,2.51230562397611,0.867100473204755,4.29089429057508e-07,0.498049681642445,0.00475148403867715,0.00183016272265843,0.872859805379724,0.5,4.51532011396623e-05,0.00475148403867715,0.00475148403867715,0.848980502185308,0.49417183770348,0.5,0.00473295022558462,4.49770749054921e-05,0.85832989095639,0.851945356713905,0.148054643286095,0.848980502185308,0.49417183770348,0.236832889056943,0.758883241961125,0.151019497814692,0.0366282627299003,0.49417183770348,-0.489475738505056,CBCbothPairsAsymRW,CBCdriftDiffusionLR_pwBelief,0.5,0.242539958481684,0.00390063671511065,0.990497031922646,0.192552078508108,0.882078110484075,0.717944030279263,2.27158209196421,0.5,62.6452015314171
CBC_1019,CBC_1019_MSI_AV_v3_Vset2_Aset1_2023-06-28_16h08.36.821.csv,1,23,0,1,b,1,0,3,aud,A,63,1,0A,1A,1,0,b,2.19420220000029,1,0,1,1,0A,1A,A01,2.53897387105828,0.867100473204755,4.29089429057508e-07,0.498049681642445,0.00475148403867715,0.00183016272265843,0.872859805379724,0.5,4.51532011396623e-05,0.00475148403867715,0.00475148403867715,0.885608764915208,0.00469609919842373,0.5,0.00473295022558462,4.49770749054921e-05,0.85832989095639,0.999999934233916,6.57660842451335e-08,0.867100473204755,4.29089429057508e-07,0.279741608445939,0.836340446001983,0.132899526795245,0.0322334457111543,4.2908942909925e-07,-4.25011805952189e-07,CBCbothPairsAsymRW,CBCdriftDiffusionLR_pwBelief,0.5,0.242539958481684,0.00390063671511065,0.990497031922646,0.192552078508108,0.882078110484075,0.717944030279263,2.27158209196421,0.5,62.6452015314171
CBC_1019,CBC_1019_MSI_AV_v3_Vset2_Aset1_2023-06-28_16h08.36.821.csv,1,24,2,3,z,0,1,2,aud,D,63,1,2D,3D,0,1,b,3.39748259999942,1,0,0,0,2D,3D,D23,2.9704144655697,0.899333918915909,4.07762310531857e-09,0.498049681642445,0.00475148403867715,0.00183016272265843,0.872859805379724,0.5,4.51532011396623e-05,0.00475148403867715,0.00475148403867715,0.885608764915208,0.00469609919842373,0.5,0.00473295022558462,4.49770749054921e-05,0.85832989095639,7.42388966017984e-06,0.99999257611034,4.49770749054921e-05,0.85832989095639,0.0126719339803567,0.163410587250215,-4.49770749054921e-05,-1.75439229714644e-07,-0.14167010904361,0.0272788739588174,CBCbothPairsAsymRW,CBCdriftDiffusionLR_pwBelief,0.5,0.242539958481684,0.00390063671511065,0.990497031922646,0.192552078508108,0.882078110484075,0.717944030279263,2.27158209196421,0.5,62.6452015314171
CBC_1019,CBC_1019_MSI_AV_v3_Vset2_Aset1_2023-06-28_16h08.36.821.csv,1,25,2,0,b,1,0,1,aud,C,27,1,2C,0C,1,0,b,1.55273440000019,1,0,1,1,2C,0C,C20,3.68887945411394,0.899333918915909,4.07762310531857e-09,0.498049681642445,0.00475148403867715,0.00183016272265843,0.872859805379724,0.5,4.51532011396623e-05,0.00475148403867715,0.00475148403867715,0.885608764915208,0.00469609919842373,0.5,0.00473295022558462,4.48016356757775e-05,0.885608764915208,0.999383716063717,0.00061628393628288,0.885608764915208,0.00475148403867715,0.598155467343148,0.835809805537525,0.114391235084792,0.027744445408134,0.00475148403867709,-0.00470633083753748,CBCbothPairsAsymRW,CBCdriftDiffusionLR_pwBelief,0.5,0.242539958481684,0.00390063671511065,0.990497031922646,0.192552078508108,0.882078110484075,0.717944030279263,2.27158209196421,0.5,62.6452015314171
CBC_1019,CBC_1019_MSI_AV_v3_Vset2_Aset1_2023-06-28_16h08.36.821.csv,1,26,0,1,b,1,0,3,aud,A,63,1,0A,1A,1,0,b,3.03605740000057,1,0,1,1,0A,1A,A01,2.32727770558442,0.899333918915909,4.07762310531857e-09,0.498049681642445,0.00475148403867715,0.00183016272265843,0.872859805379724,0.5,4.51532011396623e-05,4.51532011396623e-05,0.00475148403867715,0.913353210323342,0.00469609919842373,0.5,0.00473295022558462,4.48016356757775e-05,0.885608764915208,0.999999999543575,4.5642478685437e-10,0.899333918915909,4.07762310531857e-09,0.100691242157437,0.836167888787672,0.100666081084091,0.0244155471266493,4.07762312804039e-09,-4.03887360562314e-09,CBCbothPairsAsymRW,CBCdriftDiffusionLR_pwBelief,0.5,0.242539958481684,0.00390063671511065,0.990497031922646,0.192552078508108,0.882078110484075,0.717944030279263,2.27158209196421,0.5,62.6452015314171
CBC_1019,CBC_1019_MSI_AV_v3_Vset2_Aset1_2023-06-28_16h08.36.821.csv,1,27,1,3,b,1,0,0,aud,B,27,1,1B,3B,1,0,b,1.71545060000062,1,0,1,1,1B,3B,B13,3.04452243772342,0.923749466042558,3.8749499695432e-11,0.498049681642445,0.00475148403867715,0.00183016272265843,0.872859805379724,0.5,4.51532011396623e-05,4.51532011396623e-05,0.00475148403867715,0.913353210323342,0.00469609919842373,0.5,0.00473295022558462,4.48016356757775e-05,0.885608764915208,0.999993422760205,6.57723979458069e-06,0.872859805379724,4.51532011396623e-05,0.497286425063926,0.835759591587077,0.127140194620276,0.030836577524555,4.5153201139625e-05,-4.47241117106047e-05,CBCbothPairsAsymRW,CBCdriftDiffusionLR_pwBelief,0.5,0.242539958481684,0.00390063671511065,0.990497031922646,0.192552078508108,0.882078110484075,0.717944030279263,2.27158209196421,0.5,62.6452015314171
CBC_1019,CBC_1019_MSI_AV_v3_Vset2_Aset1_2023-06-28_16h08.36.821.csv,1,28,3,2,z,0,1,1,aud,C,63,1,3C,2C,0,1,z,1.62914259999889,0,1,1,1,2C,3C,C32,2.37490575457367,0.923749466042558,3.8749499695432e-11,0.498049681642445,0.00475148403867715,0.00183016272265843,0.903696382904279,0.5,4.29089429057508e-07,4.51532011396623e-05,0.00475148403867715,0.913353210323342,0.00469609919842373,0.5,0.00473295022558462,4.48016356757775e-05,0.885608764915208,0.999552594906718,0.000447405093281785,0.913353210323342,0.00469609919842373,0.550032067481041,0.836249761736462,0.0866467896766582,0.0210153087707479,0.00469609919842373,-0.00465147231765302,CBCbothPairsAsymRW,CBCdriftDiffusionLR_pwBelief,0.5,0.242539958481684,0.00390063671511065,0.990497031922646,0.192552078508108,0.882078110484075,0.717944030279263,2.27158209196421,0.5,62.6452015314171
CBC_1019,CBC_1019_MSI_AV_v3_Vset2_Aset1_2023-06-28_16h08.36.821.csv,1,29,3,2,b,1,0,2,aud,D,63,1,3D,2D,1,0,b,3.26159550000011,1,0,1,1,3D,2D,D32,2.68557734525015,0.923749466042558,3.8749499695432e-11,0.498049681642445,0.00475148403867715,0.00183016272265843,0.903696382904279,0.5,4.29089429057508e-07,4.51532011396623e-05,0.00475148403867715,0.93436851909409,4.46268807707097e-05,0.5,0.00473295022558462,4.48016356757775e-05,0.885608764915208,0.999994212891068,5.78710893217593e-06,0.885608764915208,4.48016356757775e-05,0.0765857810501912,0.836109565013125,0.114391235084792,0.027744445408134,4.4801635675773e-05,-4.43758871621329e-05,CBCbothPairsAsymRW,CBCdriftDiffusionLR_pwBelief,0.5,0.242539958481684,0.00390063671511065,0.990497031922646,0.192552078508108,0.882078110484075,0.717944030279263,2.27158209196421,0.5,62.6452015314171
CBC_1019,CBC_1019_MSI_AV_v3_Vset2_Aset1_2023-06-28_16h08.36.821.csv,1,30,0,1,z,0,1,0,aud,B,63,1,0B,1B,0,1,z,2.85401860000093,0,1,1,1,1B,0B,B01,2.70805020110221,0.923749466042558,3.8749499695432e-11,0.498049681642445,0.00475148403867715,0.00183016272265843,0.903696382904279,0.5,4.29089429057508e-07,4.51532011396623e-05,0.00475148403867715,0.93436851909409,4.46268807707097e-05,0.5,0.00473295022558462,4.25748513644591e-07,0.913353210323342,0.999804646827184,0.00019535317281628,0.903696382904279,0.00183016272265843,0.125527887515651,0.836705724977016,0.0963036170957211,0.0233574752920322,0.00183016272265846,-0.00181277074472867,CBCbothPairsAsymRW,CBCdriftDiffusionLR_pwBelief,0.5,0.242539958481684,0.00390063671511065,0.990497031922646,0.192552078508108,0.882078110484075,0.717944030279263,2.27158209196421,0.5,62.6452015314171
CBC_1019,CBC_1019_MSI_AV_v3_Vset2_Aset1_2023-06-28_16h08.36.821.csv,1,31,2,0,z,0,1,3,aud,A,27,1,2A,0A,0,1,z,3.63621179999973,0,1,1,1,0A,2A,A20,3.13549421592915,0.923749466042558,3.8749499695432e-11,0.498049681642445,0.00475148403867715,1.73919779297594e-05,0.927053858196311,0.5,4.29089429057508e-07,4.51532011396623e-05,0.00475148403867715,0.93436851909409,4.46268807707097e-05,0.5,0.00473295022558462,4.25748513644591e-07,0.913353210323342,0.924297149058065,0.0757028509419348,0.923749466042558,0.498049681642445,0.05233378723682,0.800182029508428,0.0762505339574419,0.0184938013402442,0.498049681642445,-0.49331673141686,CBCbothPairsAsymRW,CBCdriftDiffusionLR_pwBelief,0.5,0.242539958481684,0.00390063671511065,0.990497031922646,0.192552078508108,0.882078110484075,0.717944030279263,2.27158209196421,0.5,62.6452015314171
CBC_1019,CBC_1019_MSI_AV_v3_Vset2_Aset1_2023-06-28_16h08.36.821.csv,1,32,3,0,b,1,0,2,aud,D,9,1,3D,0D,1,0,b,1.32957109999916,1,0,1,1,3D,0D,D30,3.85014760171006,0.942243267382802,3.8749499695432e-11,0.00473295022558462,0.00475148403867715,1.73919779297594e-05,0.927053858196311,0.5,4.29089429057508e-07,4.51532011396623e-05,0.00475148403867715,0.93436851909409,4.46268807707097e-05,0.5,0.00473295022558462,4.25748513644591e-07,0.913353210323342,0.913353210323342,0.0866467896766582,0.913353210323342,0.5,0.650928899781533,0.794792934607919,0.0866467896766582,0.0210153087707479,0.5,-0.495248515961323,CBCbothPairsAsymRW,CBCdriftDiffusionLR_pwBelief,0.5,0.242539958481684,0.00390063671511065,0.990497031922646,0.192552078508108,0.882078110484075,0.717944030279263,2.27158209196421,0.5,62.6452015314171
CBC_1019,CBC_1019_MSI_AV_v3_Vset2_Aset1_2023-06-28_16h08.36.821.csv,1,33,3,2,z,0,1,1,aud,C,63,1,3C,2C,0,1,z,2.26220810000086,0,1,1,1,2C,3C,C32,2.26176309847379,0.942243267382802,3.8749499695432e-11,0.00473295022558462,0.00475148403867715,1.73919779297594e-05,0.927053858196311,0.5,4.29089429057508e-07,4.51532011396623e-05,0.00475148403867715,0.93436851909409,4.46268807707097e-05,0.00475148403867715,0.00473295022558462,4.25748513644591e-07,0.93436851909409,0.999996865209234,3.1347907662944e-06,0.93436851909409,4.46268807707097e-05,0.257578062731266,0.836286573320445,0.0656314809059103,0.0159182566540109,4.46268807706707e-05,-4.42027929473151e-05,CBCbothPairsAsymRW,CBCdriftDiffusionLR_pwBelief,0.5,0.242539958481684,0.00390063671511065,0.990497031922646,0.192552078508108,0.882078110484075,0.717944030279263,2.27158209196421,0.5,62.6452015314171
CBC_1019,CBC_1019_MSI_AV_v3_Vset2_Aset1_2023-06-28_16h08.36.821.csv,1,34,0,1,z,0,1,0,aud,B,63,1,0B,1B,0,1,z,1.16145420000066,0,1,1,1,1B,0B,B01,2.50552593699074,0.942243267382802,3.8749499695432e-11,0.00473295022558462,0.00475148403867715,1.73919779297594e-05,0.927053858196311,0.5,4.29089429057508e-07,4.51532011396623e-05,0.00475148403867715,0.950286775748101,4.24087823394608e-07,0.00475148403867715,0.00473295022558462,4.25748513644591e-07,0.93436851909409,0.999998631473235,1.3685267646993e-06,0.927053858196311,1.73919779297594e-05,0.641182947019264,0.836187168728334,0.072946141803689,0.0176923542044657,1.73919779297149e-05,-1.72267025186468e-05,CBCbothPairsAsymRW,CBCdriftDiffusionLR_pwBelief,0.5,0.242539958481684,0.00390063671511065,0.990497031922646,0.192552078508108,0.882078110484075,0.717944030279263,2.27158209196421,0.5,62.6452015314171
CBC_1019,CBC_1019_MSI_AV_v3_Vset2_Aset1_2023-06-28_16h08.36.821.csv,1,35,0,1,b,1,0,3,aud,A,63,0,0A,1A,0,1,b,2.13040080000064,1,0,1,0,0A,1A,A01,2.30258509299405,0.942243267382802,3.8749499695432e-11,0.00473295022558462,0.00475148403867715,1.65275411112582e-07,0.944746212400777,0.5,4.29089429057508e-07,4.51532011396623e-05,0.00475148403867715,0.950286775748101,4.24087823394608e-07,0.00475148403867715,0.00473295022558462,4.25748513644591e-07,0.93436851909409,0.999999999997625,2.37532216118552e-12,0.942243267382802,3.8749499695432e-11,0.302249246309143,0.836342465763924,-0.942243267382802,-0.00367534868331918,-0.999999999961251,0.192552078500647,CBCbothPairsAsymRW,CBCdriftDiffusionLR_pwBelief,0.5,0.242539958481684,0.00390063671511065,0.990497031922646,0.192552078508108,0.882078110484075,0.717944030279263,2.27158209196421,0.5,62.6452015314171
CBC_1019,CBC_1019_MSI_AV_v3_Vset2_Aset1_2023-06-28_16h08.36.821.csv,1,36,2,3,z,0,1,2,aud,D,63,1,2D,3D,0,1,z,1.07953320000161,0,1,1,1,3D,2D,D23,2.83321334405622,0.938567918699483,0.192552078539397,0.00473295022558462,0.00475148403867715,1.65275411112582e-07,0.944746212400777,0.5,4.29089429057508e-07,4.51532011396623e-05,0.00475148403867715,0.950286775748101,4.24087823394608e-07,0.00475148403867715,0.00473295022558462,4.25748513644591e-07,0.93436851909409,0.999999970094758,2.99052418117999e-08,0.93436851909409,4.25748513644591e-07,0.422743224397944,0.836077739651856,0.0656314809059103,0.0159182566540109,4.25748513666058e-07,-4.21702639131708e-07,CBCbothPairsAsymRW,CBCdriftDiffusionLR_pwBelief,0.5,0.242539958481684,0.00390063671511065,0.990497031922646,0.192552078508108,0.882078110484075,0.717944030279263,2.27158209196421,0.5,62.6452015314171
CBC_1019,CBC_1019_MSI_AV_v3_Vset2_Aset1_2023-06-28_16h08.36.821.csv,1,37,1,2,b,1,0,0,aud,B,9,1,1B,2B,1,0,b,1.31924910000089,1,0,1,1,1B,2B,B12,3.95124371858143,0.938567918699483,0.192552078539397,0.00473295022558462,0.00475148403867715,1.65275411112582e-07,0.944746212400777,0.5,4.29089429057508e-07,4.51532011396623e-05,0.00475148403867715,0.950286775748101,4.24087823394608e-07,0.00475148403867715,0.00473295022558462,4.04587451288237e-09,0.950286775748101,0.944746212400777,0.0552537875992232,0.944746212400777,0.5,0.676498557536444,0.809648806097562,0.0552537875992232,0.0134012513502714,0.5,-0.495248515961323,CBCbothPairsAsymRW,CBCdriftDiffusionLR_pwBelief,0.5,0.242539958481684,0.00390063671511065,0.990497031922646,0.192552078508108,0.882078110484075,0.717944030279263,2.27158209196421,0.5,62.6452015314171
CBC_1019,CBC_1019_MSI_AV_v3_Vset2_Aset1_2023-06-28_16h08.36.821.csv,1,38,2,0,z,0,1,3,aud,A,27,1,2A,0A,0,1,z,3.46773170000051,0,1,1,1,0A,2A,A20,2.87167962488401,0.938567918699483,0.192552078539397,0.00473295022558462,0.00475148403867715,1.65275411112582e-07,0.958147463751048,0.00475148403867715,4.29089429057508e-07,4.51532011396623e-05,0.00475148403867715,0.950286775748101,4.24087823394608e-07,0.00475148403867715,0.00473295022558462,4.04587451288237e-09,0.950286775748101,0.999688837911405,0.000311162088595471,0.938567918699483,0.00473295022558462,0.0596849672805488,0.835742268626188,0.0614320813005169,0.0148997344480708,0.00473295022558462,-0.00468797315067918,CBCbothPairsAsymRW,CBCdriftDiffusionLR_pwBelief,0.5,0.242539958481684,0.00390063671511065,0.990497031922646,0.192552078508108,0.882078110484075,0.717944030279263,2.27158209196421,0.5,62.6452015314171
CBC_1019,CBC_1019_MSI_AV_v3_Vset2_Aset1_2023-06-28_16h08.36.821.csv,1,39,2,3,b,1,0,1,aud,C,63,1,2C,3C,1,0,b,1.51156579999952,1,0,1,1,2C,3C,C23,3.29583686600433,0.953467653147554,0.192552078539397,4.49770749054376e-05,0.00475148403867715,1.65275411112582e-07,0.958147463751048,0.00475148403867715,4.29089429057508e-07,4.51532011396623e-05,0.00475148403867715,0.950286775748101,4.24087823394608e-07,0.00475148403867715,0.00473295022558462,4.04587451288237e-09,0.950286775748101,0.999999977814296,2.21857044957474e-08,0.950286775748101,4.24087823394608e-07,0.625306593643866,0.836337292224531,0.0497132242518994,0.0120574433460463,4.24087823414077e-07,-4.20057730366178e-07,CBCbothPairsAsymRW,CBCdriftDiffusionLR_pwBelief,0.5,0.242539958481684,0.00390063671511065,0.990497031922646,0.192552078508108,0.882078110484075,0.717944030279263,2.27158209196421,0.5,62.6452015314171
CBC_1019,CBC_1019_MSI_AV_v3_Vset2_Aset1_2023-06-28_16h08.36.821.csv,1,40,1,3,z,0,1,2,aud,D,27,1,1D,3D,0,1,z,1.56012740000006,0,1,1,1,3D,1D,D13,3.31418600467253,0.953467653147554,0.192552078539397,4.49770749054376e-05,0.00475148403867715,1.65275411112582e-07,0.958147463751048,0.00475148403867715,4.29089429057508e-07,4.51532011396623e-05,0.00475148403867715,0.962344219094147,4.03009302843043e-09,0.00475148403867715,0.00473295022558462,4.04587451288237e-09,0.950286775748101,0.999751285258122,0.00024871474187835,0.950286775748101,0.00473295022558462,0.593696005290797,0.836045746607478,0.0497132242518994,0.0120574433460463,0.00473295022558462,-0.00468797315067918,CBCbothPairsAsymRW,CBCdriftDiffusionLR_pwBelief,0.5,0.242539958481684,0.00390063671511065,0.990497031922646,0.192552078508108,0.882078110484075,0.717944030279263,2.27158209196421,0.5,62.6452015314171
CBC_1019,CBC_1019_MSI_AV_v3_Vset2_Aset1_2023-06-28_16h08.36.821.csv,1,41,0,1,b,1,0,3,aud,A,63,1,0A,1A,1,0,b,1.51582469999994,1,0,1,1,0A,1A,A01,2.23359222150709,0.953467653147554,0.192552078539397,4.49770749054376e-05,0.00475148403867715,1.65275411112582e-07,0.958147463751048,0.00475148403867715,4.29089429057508e-07,4.51532011396623e-05,0.00475148403867715,0.962344219094147,4.03009302843043e-09,0.00475148403867715,4.49770749054359e-05,4.04587451288237e-09,0.962344219094147,0.988495771512909,0.0115042284870911,0.953467653147554,0.192552078539397,0.615258863775797,0.830907777860442,0.0465323468524461,0.0112859534736476,0.192552078539397,-0.190722262283809,CBCbothPairsAsymRW,CBCdriftDiffusionLR_pwBelief,0.5,0.242539958481684,0.00390063671511065,0.990497031922646,0.192552078508108,0.882078110484075,0.717944030279263,2.27158209196421,0.5,62.6452015314171
CBC_1019,CBC_1019_MSI_AV_v3_Vset2_Aset1_2023-06-28_16h08.36.821.csv,1,42,0,2,z,0,1,1,aud,C,27,1,0C,2C,0,1,b,2.40622590000021,1,0,0,0,0C,2C,C02,3.3499040872746,0.964753606621201,0.00182981625558812,4.49770749054376e-05,0.00475148403867715,1.65275411112582e-07,0.958147463751048,0.00475148403867715,4.29089429057508e-07,4.51532011396623e-05,0.00475148403867715,0.962344219094147,4.03009302843043e-09,0.00475148403867715,4.49770749054359e-05,4.04587451288237e-09,0.962344219094147,1.76688630507571e-06,0.999998233113695,4.51532011396623e-05,0.962344219094147,0.0422892069023555,0.163554099853218,-4.51532011396623e-05,-1.76126234170143e-07,-0.0376557809058531,0.00725069888126795,CBCbothPairsAsymRW,CBCdriftDiffusionLR_pwBelief,0.5,0.242539958481684,0.00390063671511065,0.990497031922646,0.192552078508108,0.882078110484075,0.717944030279263,2.27158209196421,0.5,62.6452015314171
CBC_1019,CBC_1019_MSI_AV_v3_Vset2_Aset1_2023-06-28_16h08.36.821.csv,1,43,3,2,b,1,0,2,aud,D,63,1,3D,2D,1,0,b,1.23239319999993,1,0,1,1,3D,2D,D32,2.67414864942653,0.964753606621201,0.00182981625558812,4.49770749054376e-05,0.00475148403867715,1.65275411112582e-07,0.958147463751048,0.00475148403867715,4.29089429057508e-07,4.49770749054921e-05,0.00475148403867715,0.969594917975415,4.03009302843043e-09,0.00475148403867715,4.49770749054359e-05,4.04587451288237e-09,0.962344219094147,0.999999999841688,1.58311919129517e-10,0.962344219094147,4.04587451288237e-09,0.715874930254881,0.836308522344889,0.0376557809058531,0.00913303153750099,4.04587452429439e-09,-4.00742670784504e-09,CBCbothPairsAsymRW,CBCdriftDiffusionLR_pwBelief,0.5,0.242539958481684,0.00390063671511065,0.990497031922646,0.192552078508108,0.882078110484075,0.717944030279263,2.27158209196421,0.5,62.6452015314171
CBC_1019,CBC_1019_MSI_AV_v3_Vset2_Aset1_2023-06-28_16h08.36.821.csv,1,44,1,0,b,1,0,0,aud,B,63,1,1B,0B,1,0,b,1.85909689999971,1,0,1,1,1B,0B,B10,2.97892515523761,0.964753606621201,0.00182981625558812,4.49770749054376e-05,0.00475148403867715,1.65275411112582e-07,0.958147463751048,0.00475148403867715,4.29089429057508e-07,4.49770749054921e-05,0.00475148403867715,0.969594917975415,4.03009302843043e-09,0.00475148403867715,4.49770749054359e-05,3.84478050373286e-11,0.971477250631648,0.999999992780656,7.21934412251102e-09,0.958147463751048,1.65275411112582e-07,0.41944718462146,0.836171501508247,0.0418525362489518,0.0101509124041739,1.65275411134758e-07,-1.63704804178772e-07,CBCbothPairsAsymRW,CBCdriftDiffusionLR_pwBelief,0.5,0.242539958481684,0.00390063671511065,0.990497031922646,0.192552078508108,0.882078110484075,0.717944030279263,2.27158209196421,0.5,62.6452015314171
CBC_1019,CBC_1019_MSI_TV_v3_Vset5_Tset2_2023-06-28_16h17.24.850.csv,2,1,0,1,b,1,0,3,tac,A,63,1,0A,1A,1,0,z,1.9776379,0,1,0,0,1A,0A,A01,2.77258872223978,0.5,0.5,0.5,0.5,0.5,0.5,0.5,0.5,0.5,0.5,0.5,0.5,0.5,0.5,0.5,0.5,0.5,0.5,0.5,0.5,0.223991536569135,0.500322700152114,-0.5,-0.00234619000539982,-0.5,0.0238888362627308,CBCbothPairsAsymRW,CBCdriftDiffusionLR_pwBelief,0.5,0.147281275981563,0.00469238001079963,0.0161364062955572,0.0477776725254615,0.967828160104609,1.82586957417288,2.53306688027789,0.5,66.0293447080285
CBC_1019,CBC_1019_MSI_TV_v3_Vset5_Tset2_2023-06-28_16h17.24.850.csv,2,2,2,3,z,0,1,2,tac,D,63,1,2D,3D,0,1,z,2.3704644,0,1,1,1,3D,2D,D23,2.83321334405622,0.523888836262731,0.4976538099946,0.5,0.5,0.5,0.5,0.5,0.5,0.5,0.5,0.5,0.5,0.5,0.5,0.5,0.5,0.5,0.5,0.5,0.5,0.166250621511324,0.499580468761041,0.5,0.0736406379907816,0.5,-0.00806820314777862,CBCbothPairsAsymRW,CBCdriftDiffusionLR_pwBelief,0.5,0.147281275981563,0.00469238001079963,0.0161364062955572,0.0477776725254615,0.967828160104609,1.82586957417288,2.53306688027789,0.5,66.0293447080285
CBC_1019,CBC_1019_MSI_TV_v3_Vset5_Tset2_2023-06-28_16h17.24.850.csv,2,3,0,2,z,0,1,1,tac,C,27,1,0C,2C,0,1,b,2.7995421,1,0,0,0,0C,2C,C02,2.89037175789616,0.523888836262731,0.4976538099946,0.5,0.5,0.5,0.5,0.5,0.5,0.5,0.5,0.5,0.5,0.5,0.5,0.491931796852221,0.573640637990782,0.5,0.5,0.5,0.5,0.119399019283402,0.498819659795226,-0.5,-0.00234619000539982,-0.5,0.0238888362627308,CBCbothPairsAsymRW,CBCdriftDiffusionLR_pwBelief,0.5,0.147281275981563,0.00469238001079963,0.0161364062955572,0.0477776725254615,0.967828160104609,1.82586957417288,2.53306688027789,0.5,66.0293447080285
CBC_1019,CBC_1019_MSI_TV_v3_Vset5_Tset2_2023-06-28_16h17.24.850.csv,2,4,0,1,b,1,0,3,tac,A,63,1,0A,1A,1,0,z,2.4092744,0,1,0,0,1A,0A,A01,2.2512917986065,0.523888836262731,0.4976538099946,0.5,0.5,0.5,0.5,0.5,0.5,0.4976538099946,0.5,0.523888836262731,0.5,0.5,0.5,0.491931796852221,0.573640637990782,0.473770854070207,0.526229145929793,0.4976538099946,0.523888836262731,0.142063355198226,0.439460312525399,-0.4976538099946,-0.00233518079031694,-0.476111163737269,0.0227474832667556,CBCbothPairsAsymRW,CBCdriftDiffusionLR_pwBelief,0.5,0.147281275981563,0.00469238001079963,0.0161364062955572,0.0477776725254615,0.967828160104609,1.82586957417288,2.53306688027789,0.5,66.0293447080285
CBC_1019,CBC_1019_MSI_TV_v3_Vset5_Tset2_2023-06-28_16h17.24.850.csv,2,5,1,3,b,1,0,0,tac,B,27,1,1B,3B,1,0,b,1.8230413,1,0,1,1,1B,3B,B13,2.99573227355399,0.546636319529486,0.495318629204283,0.5,0.5,0.5,0.5,0.5,0.5,0.4976538099946,0.5,0.523888836262731,0.5,0.5,0.5,0.491931796852221,0.573640637990782,0.5,0.5,0.5,0.5,0.249828861609642,0.500282802620937,0.5,0.0736406379907816,0.5,-0.00806820314777862,CBCbothPairsAsymRW,CBCdriftDiffusionLR_pwBelief,0.5,0.147281275981563,0.00469238001079963,0.0161364062955572,0.0477776725254615,0.967828160104609,1.82586957417288,2.53306688027789,0.5,66.0293447080285
CBC_1019,CBC_1019_MSI_TV_v3_Vset5_Tset2_2023-06-28_16h17.24.850.csv,2,6,3,2,z,0,1,1,tac,C,63,1,3C,2C,0,1,z,2.070941,0,1,1,1,2C,3C,C32,3.04452243772342,0.546636319529486,0.495318629204283,0.5,0.5,0.5,0.573640637990782,0.5,0.491931796852221,0.4976538099946,0.5,0.523888836262731,0.5,0.5,0.5,0.491931796852221,0.573640637990782,0.523888836262731,0.476111163737269,0.523888836262731,0.5,0.231945259417057,0.554148934110119,0.476111163737269,0.070122259704292,0.5,-0.00806820314777862,CBCbothPairsAsymRW,CBCdriftDiffusionLR_pwBelief,0.5,0.147281275981563,0.00469238001079963,0.0161364062955572,0.0477776725254615,0.967828160104609,1.82586957417288,2.53306688027789,0.5,66.0293447080285
CBC_1019,CBC_1019_MSI_TV_v3_Vset5_Tset2_2023-06-28_16h17.24.850.csv,2,7,3,2,b,1,0,2,tac,D,63,0,3D,2D,0,1,b,2.282703,1,0,1,0,3D,2D,D32,3.09104245335832,0.546636319529486,0.495318629204283,0.5,0.5,0.5,0.573640637990782,0.5,0.491931796852221,0.4976538099946,0.5,0.594011095967023,0.491931796852221,0.5,0.5,0.491931796852221,0.573640637990782,0.581515113094443,0.418484886905557,0.573640637990782,0.491931796852221,0.244802412581968,0.680209879798752,-0.573640637990782,-0.00269173986309029,-0.508068203147779,0.0242743162305942,CBCbothPairsAsymRW,CBCdriftDiffusionLR_pwBelief,0.5,0.147281275981563,0.00469238001079963,0.0161364062955572,0.0477776725254615,0.967828160104609,1.82586957417288,2.53306688027789,0.5,66.0293447080285
CBC_1019,CBC_1019_MSI_TV_v3_Vset5_Tset2_2023-06-28_16h17.24.850.csv,2,8,0,1,z,0,1,0,tac,B,63,1,0B,1B,0,1,b,3.191994,1,0,0,0,0B,1B,B01,3.13549421592915,0.546636319529486,0.495318629204283,0.5,0.5,0.5,0.573640637990782,0.5,0.491931796852221,0.4976538099946,0.5,0.594011095967023,0.491931796852221,0.5,0.5,0.516206113082816,0.570948898127691,0.426359362009218,0.573640637990782,0.5,0.573640637990782,0.0581568666085914,0.336336206276434,-0.5,-0.00234619000539982,-0.426359362009218,0.0203704579762411,CBCbothPairsAsymRW,CBCdriftDiffusionLR_pwBelief,0.5,0.147281275981563,0.00469238001079963,0.0161364062955572,0.0477776725254615,0.967828160104609,1.82586957417288,2.53306688027789,0.5,66.0293447080285
CBC_1019,CBC_1019_MSI_TV_v3_Vset5_Tset2_2023-06-28_16h17.24.850.csv,2,9,2,0,z,0,1,3,tac,A,27,1,2A,0A,0,1,z,2.9685056,0,1,1,1,0A,2A,A20,3.17805383034795,0.546636319529486,0.495318629204283,0.5,0.5,0.4976538099946,0.594011095967023,0.5,0.491931796852221,0.4976538099946,0.5,0.594011095967023,0.491931796852221,0.5,0.5,0.516206113082816,0.570948898127691,0.546636319529486,0.453363680470514,0.546636319529486,0.5,0.126621958469578,0.605952443238709,0.453363680470514,0.0667719813433949,0.5,-0.00806820314777862,CBCbothPairsAsymRW,CBCdriftDiffusionLR_pwBelief,0.5,0.147281275981563,0.00469238001079963,0.0161364062955572,0.0477776725254615,0.967828160104609,1.82586957417288,2.53306688027789,0.5,66.0293447080285
CBC_1019,CBC_1019_MSI_TV_v3_Vset5_Tset2_2023-06-28_16h17.24.850.csv,2,10,3,0,b,1,0,2,tac,D,9,1,3D,0D,1,0,z,2.3677922,0,1,0,0,0D,3D,D30,3.2188758248682,0.613408300872881,0.495318629204283,0.491931796852221,0.5,0.4976538099946,0.594011095967023,0.5,0.491931796852221,0.4976538099946,0.5,0.594011095967023,0.491931796852221,0.5,0.5,0.516206113082816,0.570948898127691,0.429051101872309,0.570948898127691,0.5,0.570948898127691,0.114653587482486,0.341806474613827,-0.5,-0.00234619000539982,-0.429051101872309,0.0204990630419436,CBCbothPairsAsymRW,CBCdriftDiffusionLR_pwBelief,0.5,0.147281275981563,0.00469238001079963,0.0161364062955572,0.0477776725254615,0.967828160104609,1.82586957417288,2.53306688027789,0.5,66.0293447080285
CBC_1019,CBC_1019_MSI_TV_v3_Vset5_Tset2_2023-06-28_16h17.24.850.csv,2,11,2,3,b,1,0,1,tac,C,63,1,2C,3C,1,0,z,3.0427023,0,1,0,0,3C,2C,C23,3.25809653802148,0.613408300872881,0.495318629204283,0.491931796852221,0.5,0.4976538099946,0.594011095967023,0.5,0.491931796852221,0.4976538099946,0.5,0.594011095967023,0.491931796852221,0.4976538099946,0.5,0.516206113082816,0.591447961169635,0.398229472916925,0.601770527083075,0.491931796852221,0.594011095967023,0.0538454775213344,0.281184443750515,-0.491931796852221,-0.00230833093022611,-0.405988904032977,0.0193972049058586,CBCbothPairsAsymRW,CBCdriftDiffusionLR_pwBelief,0.5,0.147281275981563,0.00469238001079963,0.0161364062955572,0.0477776725254615,0.967828160104609,1.82586957417288,2.53306688027789,0.5,66.0293447080285
CBC_1019,CBC_1019_MSI_TV_v3_Vset5_Tset2_2023-06-28_16h17.24.850.csv,2,12,0,1,z,0,1,0,tac,B,63,1,0B,1B,0,1,z,2.5909941,0,1,1,1,1B,0B,B01,2.60268968544438,0.613408300872881,0.495318629204283,0.491931796852221,0.5,0.4976538099946,0.594011095967023,0.5,0.491931796852221,0.4976538099946,0.5,0.613408300872881,0.489623465921995,0.4976538099946,0.5,0.516206113082816,0.591447961169635,0.59627234761666,0.40372765238334,0.594011095967023,0.4976538099946,0.198241541383898,0.70855101457827,0.405988904032977,0.0597945638203333,0.4976538099946,-0.00803034407260491,CBCbothPairsAsymRW,CBCdriftDiffusionLR_pwBelief,0.5,0.147281275981563,0.00469238001079963,0.0161364062955572,0.0477776725254615,0.967828160104609,1.82586957417288,2.53306688027789,0.5,66.0293447080285
CBC_1019,CBC_1019_MSI_TV_v3_Vset5_Tset2_2023-06-28_16h17.24.850.csv,2,13,2,3,z,0,1,2,tac,D,63,1,2D,3D,0,1,b,2.4005722,1,0,0,0,2D,3D,D23,2.63905732961526,0.613408300872881,0.495318629204283,0.491931796852221,0.5,0.489623465921995,0.653805659787356,0.5,0.491931796852221,0.4976538099946,0.5,0.613408300872881,0.489623465921995,0.4976538099946,0.5,0.516206113082816,0.591447961169635,0.424309453509418,0.575690546490582,0.516206113082816,0.591447961169635,0.108703335241533,0.332508329848332,-0.516206113082816,-0.00242223524648238,-0.408552038830365,0.0195196655208468,CBCbothPairsAsymRW,CBCdriftDiffusionLR_pwBelief,0.5,0.147281275981563,0.00469238001079963,0.0161364062955572,0.0477776725254615,0.967828160104609,1.82586957417288,2.53306688027789,0.5,66.0293447080285
CBC_1019,CBC_1019_MSI_TV_v3_Vset5_Tset2_2023-06-28_16h17.24.850.csv,2,14,2,3,b,1,0,1,tac,C,63,1,2C,3C,1,0,b,3.7807509,1,0,1,1,2C,3C,C23,2.67414864942653,0.613408300872881,0.495318629204283,0.491931796852221,0.5,0.489623465921995,0.653805659787356,0.5,0.491931796852221,0.4976538099946,0.5,0.613408300872881,0.489623465921995,0.4976538099946,0.5,0.513783877836333,0.610967626690482,0.623204892225835,0.376795107774165,0.613408300872881,0.489623465921995,0.0748411542911432,0.757606004339408,0.386591699127119,0.0569377187313226,0.489623465921995,-0.00790076317795624,CBCbothPairsAsymRW,CBCdriftDiffusionLR_pwBelief,0.5,0.147281275981563,0.00469238001079963,0.0161364062955572,0.0477776725254615,0.967828160104609,1.82586957417288,2.53306688027789,0.5,66.0293447080285
CBC_1019,CBC_1019_MSI_TV_v3_Vset5_Tset2_2023-06-28_16h17.24.850.csv,2,15,3,1,z,0,1,0,tac,B,27,1,3B,1B,0,1,z,3.5569678,0,1,1,1,1B,3B,B31,3.40119738166216,0.613408300872881,0.495318629204283,0.491931796852221,0.5,0.489623465921995,0.653805659787356,0.5,0.491931796852221,0.4976538099946,0.5,0.670346019604204,0.481722702744039,0.4976538099946,0.5,0.513783877836333,0.610967626690482,0.661074331633503,0.338925668366497,0.653805659787356,0.491931796852221,0.0900177751213291,0.81519708323674,0.346194340212644,0.0509879441641136,0.491931796852221,-0.00793801134371097,CBCbothPairsAsymRW,CBCdriftDiffusionLR_pwBelief,0.5,0.147281275981563,0.00469238001079963,0.0161364062955572,0.0477776725254615,0.967828160104609,1.82586957417288,2.53306688027789,0.5,66.0293447080285
CBC_1019,CBC_1019_MSI_TV_v3_Vset5_Tset2_2023-06-28_16h17.24.850.csv,2,16,0,3,b,1,0,3,tac,A,9,1,0A,3A,1,0,b,2.8166803,1,0,1,1,0A,3A,A03,3.43398720448515,0.613408300872881,0.495318629204283,0.491931796852221,0.5,0.489623465921995,0.70479360395147,0.5,0.48399378550851,0.4976538099946,0.5,0.670346019604204,0.481722702744039,0.4976538099946,0.5,0.513783877836333,0.610967626690482,0.613408300872881,0.386591699127119,0.613408300872881,0.5,0.170365631115434,0.740899552398372,0.386591699127119,0.0569377187313226,0.5,-0.00806820314777862,CBCbothPairsAsymRW,CBCdriftDiffusionLR_pwBelief,0.5,0.147281275981563,0.00469238001079963,0.0161364062955572,0.0477776725254615,0.967828160104609,1.82586957417288,2.53306688027789,0.5,66.0293447080285
CBC_1019,CBC_1019_MSI_TV_v3_Vset5_Tset2_2023-06-28_16h17.24.850.csv,2,17,2,3,z,0,1,2,tac,D,63,1,2D,3D,0,1,b,2.2796864,1,0,0,0,2D,3D,D23,2.36712361413162,0.670346019604204,0.495318629204283,0.491931796852221,0.491931796852221,0.489623465921995,0.70479360395147,0.5,0.48399378550851,0.4976538099946,0.5,0.670346019604204,0.481722702744039,0.4976538099946,0.5,0.513783877836333,0.610967626690482,0.402217995729359,0.597782004270641,0.513783877836333,0.610967626690482,0.104464936767478,0.288421512836736,-0.513783877836333,-0.00241086919823033,-0.389032373309518,0.0185870613337853,CBCbothPairsAsymRW,CBCdriftDiffusionLR_pwBelief,0.5,0.147281275981563,0.00469238001079963,0.0161364062955572,0.0477776725254615,0.967828160104609,1.82586957417288,2.53306688027789,0.5,66.0293447080285
CBC_1019,CBC_1019_MSI_TV_v3_Vset5_Tset2_2023-06-28_16h17.24.850.csv,2,18,0,2,z,0,1,1,tac,C,27,1,0C,2C,0,1,z,2.8807155,0,1,1,1,2C,0C,C02,2.80336038090653,0.670346019604204,0.495318629204283,0.491931796852221,0.491931796852221,0.489623465921995,0.70479360395147,0.5,0.48399378550851,0.4976538099946,0.5,0.670346019604204,0.481722702744039,0.4976538099946,0.5,0.511373008638103,0.629554688024267,0.672416574729184,0.327583425270816,0.670346019604204,0.4976538099946,0.170834671156754,0.831276179520141,0.329653980395796,0.048551858865094,0.4976538099946,-0.00803034407260491,CBCbothPairsAsymRW,CBCdriftDiffusionLR_pwBelief,0.5,0.147281275981563,0.00469238001079963,0.0161364062955572,0.0477776725254615,0.967828160104609,1.82586957417288,2.53306688027789,0.5,66.0293447080285
CBC_1019,CBC_1019_MSI_TV_v3_Vset5_Tset2_2023-06-28_16h17.24.850.csv,2,19,0,1,b,1,0,3,tac,A,63,1,0A,1A,1,0,b,2.8169973,1,0,1,1,0A,1A,A01,2.42774823594805,0.670346019604204,0.495318629204283,0.491931796852221,0.491931796852221,0.489623465921995,0.70479360395147,0.5,0.48399378550851,0.489623465921995,0.5,0.718897878469298,0.481722702744039,0.4976538099946,0.5,0.511373008638103,0.629554688024267,0.67447086123591,0.32552913876409,0.670346019604204,0.495318629204283,0.181831546830746,0.834114599066255,0.329653980395796,0.0485518588650941,0.495318629204283,-0.00799266264659878,CBCbothPairsAsymRW,CBCdriftDiffusionLR_pwBelief,0.5,0.147281275981563,0.00469238001079963,0.0161364062955572,0.0477776725254615,0.967828160104609,1.82586957417288,2.53306688027789,0.5,66.0293447080285
CBC_1019,CBC_1019_MSI_TV_v3_Vset5_Tset2_2023-06-28_16h17.24.850.csv,2,20,1,0,b,1,0,0,tac,B,63,0,1B,0B,0,1,b,1.3914311,1,0,1,0,1B,0B,B10,3.55534806148941,0.718897878469298,0.487325966557685,0.491931796852221,0.491931796852221,0.489623465921995,0.70479360395147,0.5,0.48399378550851,0.489623465921995,0.5,0.718897878469298,0.481722702744039,0.4976538099946,0.5,0.511373008638103,0.629554688024267,0.713356566412352,0.286643433587648,0.70479360395147,0.489623465921995,0.650516519915617,0.87782680541546,-0.70479360395147,-0.00330715941892131,-0.510376534078005,0.0243846029098589,CBCbothPairsAsymRW,CBCdriftDiffusionLR_pwBelief,0.5,0.147281275981563,0.00469238001079963,0.0161364062955572,0.0477776725254615,0.967828160104609,1.82586957417288,2.53306688027789,0.5,66.0293447080285
CBC_1019,CBC_1019_MSI_TV_v3_Vset5_Tset2_2023-06-28_16h17.24.850.csv,2,21,3,1,b,1,0,2,tac,D,27,1,3D,1D,1,0,b,2.8472677,1,0,1,1,3D,1D,D31,3.58351893845611,0.718897878469298,0.487325966557685,0.491931796852221,0.491931796852221,0.514008068831854,0.701486444532548,0.5,0.48399378550851,0.489623465921995,0.5,0.718897878469298,0.481722702744039,0.4976538099946,0.5,0.511373008638103,0.629554688024267,0.629554688024267,0.370445311975733,0.629554688024267,0.5,0.170133398070148,0.767735571818259,0.370445311975733,0.0545596582291742,0.5,-0.00806820314777862,CBCbothPairsAsymRW,CBCdriftDiffusionLR_pwBelief,0.5,0.147281275981563,0.00469238001079963,0.0161364062955572,0.0477776725254615,0.967828160104609,1.82586957417288,2.53306688027789,0.5,66.0293447080285
CBC_1019,CBC_1019_MSI_TV_v3_Vset5_Tset2_2023-06-28_16h17.24.850.csv,2,22,3,2,z,0,1,1,tac,C,63,1,3C,2C,NaN,NaN,None,NaN,NaN,NaN,NaN,NaN,,,C32,2.91777073208428,0.718897878469298,0.487325966557685,0.491931796852221,0.491931796852221,0.514008068831854,0.701486444532548,0.5,0.48399378550851,0.489623465921995,0.5,0.718897878469298,0.481722702744039,0.4976538099946,0.491931796852221,0.511373008638103,0.684114346253441,0,0,0,0,NaN,0,0,0,0,0,CBCbothPairsAsymRW,CBCdriftDiffusionLR_pwBelief,0.5,0.147281275981563,0.00469238001079963,0.0161364062955572,0.0477776725254615,0.967828160104609,1.82586957417288,2.53306688027789,0.5,66.0293447080285
CBC_1019,CBC_1019_MSI_TV_v3_Vset5_Tset2_2023-06-28_16h17.24.850.csv,2,23,0,1,z,0,1,0,tac,B,63,1,0B,1B,0,1,z,1.1478389,0,1,1,1,1B,0B,B01,2.53897387105828,0.718897878469298,0.487325966557685,0.491931796852221,0.491931796852221,0.514008068831854,0.701486444532548,0.5,0.48399378550851,0.489623465921995,0.5,0.718897878469298,0.481722702744039,0.4976538099946,0.491931796852221,0.511373008638103,0.684114346253441,0.689619127090686,0.310380872909314,0.701486444532548,0.514008068831854,0.177299085976017,0.853117210380527,0.298513555467452,0.0439654573470394,0.514008068831854,-0.00829424303786555,CBCbothPairsAsymRW,CBCdriftDiffusionLR_pwBelief,0.5,0.147281275981563,0.00469238001079963,0.0161364062955572,0.0477776725254615,0.967828160104609,1.82586957417288,2.53306688027789,0.5,66.0293447080285
CBC_1019,CBC_1019_MSI_TV_v3_Vset5_Tset2_2023-06-28_16h17.24.850.csv,2,24,0,2,b,1,0,3,tac,A,27,1,0A,2A,1,0,b,2.2034248,1,0,1,1,0A,2A,A02,3.66356164612965,0.718897878469298,0.487325966557685,0.491931796852221,0.491931796852221,0.505713825793989,0.745451901879588,0.5,0.48399378550851,0.489623465921995,0.5,0.718897878469298,0.481722702744039,0.4976538099946,0.491931796852221,0.511373008638103,0.684114346253441,0.725373938649211,0.274626061350789,0.718897878469298,0.491931796852221,0.352636016046889,0.889100717724593,0.281102121530702,0.0414010791401662,0.491931796852221,-0.00793801134371097,CBCbothPairsAsymRW,CBCdriftDiffusionLR_pwBelief,0.5,0.147281275981563,0.00469238001079963,0.0161364062955572,0.0477776725254615,0.967828160104609,1.82586957417288,2.53306688027789,0.5,66.0293447080285
CBC_1019,CBC_1019_MSI_TV_v3_Vset5_Tset2_2023-06-28_16h17.24.850.csv,2,25,3,2,b,1,0,2,tac,D,63,1,3D,2D,1,0,b,3.1931317,1,0,1,1,3D,2D,D32,2.99573227355399,0.760298957609464,0.487325966557685,0.48399378550851,0.491931796852221,0.505713825793989,0.745451901879588,0.5,0.48399378550851,0.489623465921995,0.5,0.718897878469298,0.481722702744039,0.4976538099946,0.491931796852221,0.511373008638103,0.684114346253441,0.67420039416302,0.32579960583698,0.684114346253441,0.511373008638103,0.126161250447821,0.833685392204699,0.315885653746559,0.0465240421480634,0.511373008638103,-0.00825172263596593,CBCbothPairsAsymRW,CBCdriftDiffusionLR_pwBelief,0.5,0.147281275981563,0.00469238001079963,0.0161364062955572,0.0477776725254615,0.967828160104609,1.82586957417288,2.53306688027789,0.5,66.0293447080285
CBC_1019,CBC_1019_MSI_TV_v3_Vset5_Tset2_2023-06-28_16h17.24.850.csv,2,26,0,2,z,0,1,1,tac,C,27,1,0C,2C,0,1,z,2.9534942,0,1,1,1,2C,0C,C02,2.6149597780362,0.760298957609464,0.487325966557685,0.48399378550851,0.491931796852221,0.505713825793989,0.745451901879588,0.5,0.48399378550851,0.489623465921995,0.5,0.718897878469298,0.481722702744039,0.4976538099946,0.491931796852221,0.503121286002137,0.730638388401505,0.727210071543845,0.272789928456155,0.718897878469298,0.489623465921995,0.153528945191501,0.891028672795369,0.281102121530702,0.0414010791401662,0.489623465921995,-0.00790076317795624,CBCbothPairsAsymRW,CBCdriftDiffusionLR_pwBelief,0.5,0.147281275981563,0.00469238001079963,0.0161364062955572,0.0477776725254615,0.967828160104609,1.82586957417288,2.53306688027789,0.5,66.0293447080285
CBC_1019,CBC_1019_MSI_TV_v3_Vset5_Tset2_2023-06-28_16h17.24.850.csv,2,27,0,1,z,0,1,0,tac,B,63,1,0B,1B,0,1,z,2.6121374,0,1,1,1,1B,0B,B01,2.35137525716348,0.760298957609464,0.487325966557685,0.48399378550851,0.491931796852221,0.505713825793989,0.745451901879588,0.5,0.48399378550851,0.481722702744039,0.5,0.760298957609464,0.481722702744039,0.4976538099946,0.491931796852221,0.503121286002137,0.730638388401505,0.741090564651663,0.258909435348337,0.745451901879588,0.505713825793989,0.222823492997472,0.903289712867553,0.254548098120412,0.0374901686898545,0.505713825793989,-0.00816040376229245,CBCbothPairsAsymRW,CBCdriftDiffusionLR_pwBelief,0.5,0.147281275981563,0.00469238001079963,0.0161364062955572,0.0477776725254615,0.967828160104609,1.82586957417288,2.53306688027789,0.5,66.0293447080285
CBC_1019,CBC_1019_MSI_TV_v3_Vset5_Tset2_2023-06-28_16h17.24.850.csv,2,28,1,0,z,0,1,3,tac,A,63,1,1A,0A,0,1,z,1.5995394,0,1,1,1,0A,1A,A10,3.76120011569356,0.760298957609464,0.487325966557685,0.48399378550851,0.491931796852221,0.497553422031696,0.782942070569442,0.5,0.48399378550851,0.481722702744039,0.5,0.760298957609464,0.481722702744039,0.4976538099946,0.491931796852221,0.503121286002137,0.730638388401505,0.769417714272788,0.230582285727212,0.760298957609464,0.487325966557685,0.724218017866252,0.923710233708,0.239701042390536,0.0353034753773889,0.487325966557685,-0.00786368979474994,CBCbothPairsAsymRW,CBCdriftDiffusionLR_pwBelief,0.5,0.147281275981563,0.00469238001079963,0.0161364062955572,0.0477776725254615,0.967828160104609,1.82586957417288,2.53306688027789,0.5,66.0293447080285
CBC_1019,CBC_1019_MSI_TV_v3_Vset5_Tset2_2023-06-28_16h17.24.850.csv,2,29,2,3,b,1,0,1,tac,C,63,0,2C,3C,0,1,z,1.7286652,0,1,0,1,3C,2C,C23,2.68557734525015,0.795602432986853,0.479462276762935,0.48399378550851,0.491931796852221,0.497553422031696,0.782942070569442,0.5,0.48399378550851,0.481722702744039,0.5,0.760298957609464,0.481722702744039,0.4976538099946,0.491931796852221,0.503121286002137,0.730638388401505,0.226626117289046,0.773373882710954,0.481722702744039,0.760298957609464,0.0512190833159472,0.0738099086527698,0.518277297255961,0.0763325416521338,0.760298957609464,-0.012268492886075,CBCbothPairsAsymRW,CBCdriftDiffusionLR_pwBelief,0.5,0.147281275981563,0.00469238001079963,0.0161364062955572,0.0477776725254615,0.967828160104609,1.82586957417288,2.53306688027789,0.5,66.0293447080285
CBC_1019,CBC_1019_MSI_TV_v3_Vset5_Tset2_2023-06-28_16h17.24.850.csv,2,30,1,3,z,0,1,2,tac,D,27,1,1D,3D,0,1,z,2.018582,0,1,1,1,3D,1D,D13,3.80666248977032,0.795602432986853,0.479462276762935,0.48399378550851,0.491931796852221,0.497553422031696,0.782942070569442,0.5,0.48399378550851,0.481722702744039,0.5,0.748030464723389,0.558055244396173,0.4976538099946,0.491931796852221,0.503121286002137,0.730638388401505,0.736942942420794,0.263057057579206,0.730638388401505,0.491931796852221,0.438676757532488,0.899763590401583,0.269361611598495,0.0396719218566766,0.491931796852221,-0.00793801134371097,CBCbothPairsAsymRW,CBCdriftDiffusionLR_pwBelief,0.5,0.147281275981563,0.00469238001079963,0.0161364062955572,0.0477776725254615,0.967828160104609,1.82586957417288,2.53306688027789,0.5,66.0293447080285
CBC_1019,CBC_1019_MSI_TV_v3_Vset5_Tset2_2023-06-28_16h17.24.850.csv,2,31,0,1,b,1,0,3,tac,A,63,1,0A,1A,1,0,b,1.3902008,1,0,1,1,0A,1A,A01,2.4423470353692,0.795602432986853,0.479462276762935,0.48399378550851,0.491931796852221,0.497553422031696,0.782942070569442,0.5,0.48399378550851,0.481722702744039,0.5,0.748030464723389,0.558055244396173,0.4976538099946,0.48399378550851,0.503121286002137,0.770310310258181,0.808645019391657,0.191354980608343,0.795602432986853,0.479462276762935,0.877940076428984,0.945474153536204,0.204397567013147,0.0301039344772234,0.479462276762935,-0.00773679810123962,CBCbothPairsAsymRW,CBCdriftDiffusionLR_pwBelief,0.5,0.147281275981563,0.00469238001079963,0.0161364062955572,0.0477776725254615,0.967828160104609,1.82586957417288,2.53306688027789,0.5,66.0293447080285
CBC_1019,CBC_1019_MSI_TV_v3_Vset5_Tset2_2023-06-28_16h17.24.850.csv,2,32,2,3,z,0,1,2,tac,D,63,1,2D,3D,0,1,b,3.4218016,1,0,0,0,2D,3D,D23,2.46385324059017,0.825706367464076,0.471725478661695,0.48399378550851,0.491931796852221,0.497553422031696,0.782942070569442,0.5,0.48399378550851,0.481722702744039,0.5,0.748030464723389,0.558055244396173,0.4976538099946,0.48399378550851,0.503121286002137,0.770310310258181,0.231906195843412,0.768093804156588,0.503121286002137,0.770310310258181,0.00662600245311348,0.0773124554926059,-0.503121286002137,-0.00236083626544423,-0.229689689741819,0.0109740387789595,CBCbothPairsAsymRW,CBCdriftDiffusionLR_pwBelief,0.5,0.147281275981563,0.00469238001079963,0.0161364062955572,0.0477776725254615,0.967828160104609,1.82586957417288,2.53306688027789,0.5,66.0293447080285
CBC_1019,CBC_1019_MSI_TV_v3_Vset5_Tset2_2023-06-28_16h17.24.850.csv,2,33,1,2,b,1,0,0,tac,B,9,1,1B,2B,1,0,b,1.6670956,1,0,1,1,1B,2B,B12,3.87120101090789,0.825706367464076,0.471725478661695,0.48399378550851,0.491931796852221,0.497553422031696,0.782942070569442,0.5,0.48399378550851,0.481722702744039,0.5,0.748030464723389,0.558055244396173,0.4976538099946,0.48399378550851,0.500760449736693,0.781284349037141,0.782942070569442,0.217057929430558,0.782942070569442,0.5,0.699450067804944,0.932124887502759,0.217057929430558,0.0319685688084487,0.5,-0.00806820314777862,CBCbothPairsAsymRW,CBCdriftDiffusionLR_pwBelief,0.5,0.147281275981563,0.00469238001079963,0.0161364062955572,0.0477776725254615,0.967828160104609,1.82586957417288,2.53306688027789,0.5,66.0293447080285
CBC_1019,CBC_1019_MSI_TV_v3_Vset5_Tset2_2023-06-28_16h17.24.850.csv,2,34,0,1,b,1,0,3,tac,A,63,1,0A,1A,1,0,b,1.4035191,1,0,1,1,0A,1A,A01,2.28238238567653,0.825706367464076,0.471725478661695,0.48399378550851,0.491931796852221,0.497553422031696,0.814910639377891,0.491931796852221,0.48399378550851,0.481722702744039,0.5,0.748030464723389,0.558055244396173,0.4976538099946,0.48399378550851,0.500760449736693,0.781284349037141,0.841404645575087,0.158595354424913,0.825706367464076,0.471725478661695,0.964283079529551,0.959294495257605,0.174293632535924,0.0256701885953525,0.471725478661695,-0.00761195398365132,CBCbothPairsAsymRW,CBCdriftDiffusionLR_pwBelief,0.5,0.147281275981563,0.00469238001079963,0.0161364062955572,0.0477776725254615,0.967828160104609,1.82586957417288,2.53306688027789,0.5,66.0293447080285
CBC_1019,CBC_1019_MSI_TV_v3_Vset5_Tset2_2023-06-28_16h17.24.850.csv,2,35,1,2,z,0,1,1,tac,C,9,1,1C,2C,0,1,z,1.1644528,0,1,1,1,2C,1C,C12,3.91202300542815,0.851376556059429,0.464113524678044,0.48399378550851,0.491931796852221,0.497553422031696,0.814910639377891,0.491931796852221,0.48399378550851,0.481722702744039,0.5,0.748030464723389,0.558055244396173,0.4976538099946,0.48399378550851,0.500760449736693,0.781284349037141,0.748030464723389,0.251969535276611,0.748030464723389,0.5,0.284866059428369,0.908373330346871,0.251969535276611,0.0371103946640207,0.5,-0.00806820314777862,CBCbothPairsAsymRW,CBCdriftDiffusionLR_pwBelief,0.5,0.147281275981563,0.00469238001079963,0.0161364062955572,0.0477776725254615,0.967828160104609,1.82586957417288,2.53306688027789,0.5,66.0293447080285
CBC_1019,CBC_1019_MSI_TV_v3_Vset5_Tset2_2023-06-28_16h17.24.850.csv,2,36,0,1,z,0,1,0,tac,B,63,1,0B,1B,0,1,z,1.3694181,0,1,1,1,1B,0B,B01,2.32238772029023,0.851376556059429,0.464113524678044,0.48399378550851,0.491931796852221,0.497553422031696,0.814910639377891,0.491931796852221,0.48399378550851,0.481722702744039,0.491931796852221,0.78514085938741,0.558055244396173,0.4976538099946,0.48399378550851,0.500760449736693,0.781284349037141,0.81638218638055,0.18361781361945,0.814910639377891,0.497553422031696,0.889586682193152,0.949008293564602,0.185089360622109,0.0272601972030359,0.497553422031696,-0.00802872417164831,CBCbothPairsAsymRW,CBCdriftDiffusionLR_pwBelief,0.5,0.147281275981563,0.00469238001079963,0.0161364062955572,0.0477776725254615,0.967828160104609,1.82586957417288,2.53306688027789,0.5,66.0293447080285
CBC_1019,CBC_1019_MSI_TV_v3_Vset5_Tset2_2023-06-28_16h17.24.850.csv,2,37,1,0,z,0,1,3,tac,A,63,0,1A,0A,1,0,z,1.2886122,0,1,1,0,0A,1A,A10,3.25809653802148,0.851376556059429,0.464113524678044,0.48399378550851,0.491931796852221,0.489524697860048,0.842170836580927,0.491931796852221,0.48399378550851,0.481722702744039,0.491931796852221,0.78514085938741,0.558055244396173,0.4976538099946,0.48399378550851,0.500760449736693,0.781284349037141,0.868667914172001,0.131332085827999,0.851376556059429,0.464113524678044,0.938218567808371,0.967955575132992,-0.851376556059429,-0.0039949823333167,-0.535886475321956,0.0256034085287562,CBCbothPairsAsymRW,CBCdriftDiffusionLR_pwBelief,0.5,0.147281275981563,0.00469238001079963,0.0161364062955572,0.0477776725254615,0.967828160104609,1.82586957417288,2.53306688027789,0.5,66.0293447080285
CBC_1019,CBC_1019_MSI_TV_v3_Vset5_Tset2_2023-06-28_16h17.24.850.csv,2,38,1,0,b,1,0,0,tac,B,63,1,1B,0B,1,0,b,1.7449358,1,0,1,1,1B,0B,B10,3.27714473299218,0.847381573726112,0.4897169332068,0.48399378550851,0.491931796852221,0.489524697860048,0.842170836580927,0.491931796852221,0.48399378550851,0.481722702744039,0.491931796852221,0.78514085938741,0.558055244396173,0.4976538099946,0.48399378550851,0.500760449736693,0.781284349037141,0.847661585384809,0.152338414615191,0.842170836580927,0.489524697860048,0.700865436240299,0.961479443521059,0.157829163419073,0.0232452805754638,0.489524697860048,-0.00789916941637963,CBCbothPairsAsymRW,CBCdriftDiffusionLR_pwBelief,0.5,0.147281275981563,0.00469238001079963,0.0161364062955572,0.0477776725254615,0.967828160104609,1.82586957417288,2.53306688027789,0.5,66.0293447080285
CBC_1019,CBC_1019_MSI_TV_v3_Vset5_Tset2_2023-06-28_16h17.24.850.csv,2,39,3,1,b,1,0,2,tac,D,27,1,3D,1D,1,0,b,1.8735198,1,0,1,1,3D,1D,D31,3.29583686600433,0.847381573726112,0.4897169332068,0.48399378550851,0.491931796852221,0.481625528443668,0.86541611715639,0.491931796852221,0.48399378550851,0.481722702744039,0.491931796852221,0.78514085938741,0.558055244396173,0.4976538099946,0.48399378550851,0.500760449736693,0.781284349037141,0.792031315929506,0.207968684070494,0.781284349037141,0.48399378550851,0.556255976961888,0.937091102242545,0.218715650962859,0.0322127201509481,0.48399378550851,-0.00780992036749011,CBCbothPairsAsymRW,CBCdriftDiffusionLR_pwBelief,0.5,0.147281275981563,0.00469238001079963,0.0161364062955572,0.0477776725254615,0.967828160104609,1.82586957417288,2.53306688027789,0.5,66.0293447080285
CBC_1019,CBC_1019_MSI_TV_v3_Vset5_Tset2_2023-06-28_16h17.24.850.csv,2,40,2,3,b,1,0,1,tac,C,63,1,2C,3C,1,0,z,2.1863712,0,1,0,0,3C,2C,C23,2.62103882411258,0.847381573726112,0.4897169332068,0.48399378550851,0.491931796852221,0.481625528443668,0.86541611715639,0.491931796852221,0.48399378550851,0.481722702744039,0.491931796852221,0.78514085938741,0.558055244396173,0.4976538099946,0.47618386514102,0.500760449736693,0.813497069188089,0.25681149025054,0.74318850974946,0.558055244396173,0.78514085938741,0.0383650793735956,0.0951697688317677,-0.558055244396173,-0.00261860727372651,-0.21485914061259,0.0102654696592904,CBCbothPairsAsymRW,CBCdriftDiffusionLR_pwBelief,0.5,0.147281275981563,0.00469238001079963,0.0161364062955572,0.0477776725254615,0.967828160104609,1.82586957417288,2.53306688027789,0.5,66.0293447080285
CBC_1019,CBC_1019_MSI_TV_v3_Vset5_Tset2_2023-06-28_16h17.24.850.csv,2,41,2,0,z,0,1,3,tac,A,27,1,2A,0A,0,1,z,1.4287192,0,1,1,1,0A,2A,A20,3.3322045101752,0.847381573726112,0.4897169332068,0.48399378550851,0.491931796852221,0.481625528443668,0.86541611715639,0.491931796852221,0.48399378550851,0.481722702744039,0.491931796852221,0.7954063290467,0.555436637122446,0.4976538099946,0.47618386514102,0.500760449736693,0.813497069188089,0.855481504204836,0.144518495795164,0.847381573726112,0.48399378550851,0.994810549003385,0.964023004021159,0.152618426273888,0.0224778365599163,0.48399378550851,-0.00780992036749011,CBCbothPairsAsymRW,CBCdriftDiffusionLR_pwBelief,0.5,0.147281275981563,0.00469238001079963,0.0161364062955572,0.0477776725254615,0.967828160104609,1.82586957417288,2.53306688027789,0.5,66.0293447080285
CBC_1019,CBC_1019_MSI_TV_v3_Vset5_Tset2_2023-06-28_16h17.24.850.csv,2,42,3,2,b,1,0,2,tac,D,63,1,3D,2D,1,0,b,2.3927048,1,0,1,1,3D,2D,D32,2.94443897916644,0.869859410286028,0.4897169332068,0.47618386514102,0.491931796852221,0.481625528443668,0.86541611715639,0.491931796852221,0.48399378550851,0.481722702744039,0.491931796852221,0.7954063290467,0.555436637122446,0.4976538099946,0.47618386514102,0.500760449736693,0.813497069188089,0.81303512820165,0.18696487179835,0.813497069188089,0.500760449736693,0.274232478207344,0.947685042156654,0.186502930811911,0.0274683896242795,0.500760449736693,-0.00808047407369724,CBCbothPairsAsymRW,CBCdriftDiffusionLR_pwBelief,0.5,0.147281275981563,0.00469238001079963,0.0161364062955572,0.0477776725254615,0.967828160104609,1.82586957417288,2.53306688027789,0.5,66.0293447080285
CBC_1019,CBC_1019_MSI_TV_v3_Vset5_Tset2_2023-06-28_16h17.24.850.csv,2,43,3,1,z,0,1,0,tac,B,27,1,3B,1B,0,1,z,1.6080262,0,1,1,1,1B,3B,B31,3.36729582998647,0.869859410286028,0.4897169332068,0.47618386514102,0.491931796852221,0.481625528443668,0.86541611715639,0.491931796852221,0.48399378550851,0.481722702744039,0.491931796852221,0.7954063290467,0.555436637122446,0.4976538099946,0.47618386514102,0.492679975662996,0.840965458812368,0.872702685830671,0.127297314169329,0.86541611715639,0.48399378550851,0.872885831894611,0.969130951031131,0.13458388284361,0.01982168599176,0.48399378550851,-0.00780992036749011,CBCbothPairsAsymRW,CBCdriftDiffusionLR_pwBelief,0.5,0.147281275981563,0.00469238001079963,0.0161364062955572,0.0477776725254615,0.967828160104609,1.82586957417288,2.53306688027789,0.5,66.0293447080285
CBC_1019,CBC_1019_MSI_TV_v3_Vset5_Tset2_2023-06-28_16h17.24.850.csv,2,44,2,3,b,1,0,1,tac,C,63,1,2C,3C,1,0,b,2.1314321,1,0,1,1,2C,3C,C23,2.46809953147162,0.869859410286028,0.4897169332068,0.47618386514102,0.491931796852221,0.481625528443668,0.88523780314815,0.491931796852221,0.47618386514102,0.481722702744039,0.491931796852221,0.7954063290467,0.555436637122446,0.4976538099946,0.47618386514102,0.492679975662996,0.840965458812368,0.756790863149126,0.243209136850874,0.7954063290467,0.555436637122446,0.392407455083938,0.914771063292265,0.2045936709533,0.030132816915754,0.555436637122446,-0.00896275124804578,CBCbothPairsAsymRW,CBCdriftDiffusionLR_pwBelief,0.5,0.147281275981563,0.00469238001079963,0.0161364062955572,0.0477776725254615,0.967828160104609,1.82586957417288,2.53306688027789,0.5,66.0293447080285
CBC_1019,CBC_1019_MSI_AV_v3_Vset4_Aset3_2023-06-28_17h50.15.634.csv,3,1,1,3,b,1,0,0,aud,B,27,1,1B,3B,1,0,b,2.297013899999,1,0,1,1,1B,3B,B13,2.77258872223978,0.5,0.5,0.5,0.5,0.5,0.5,0.5,0.5,0.5,0.5,0.5,0.5,0.5,0.5,0.5,0.5,0.5,0.5,0.5,0.5,0.178689965120457,0.499290418578217,0.5,0.267820946305574,0.5,-0.00610828519935291,CBCbothPairsAsymRW,CBCdriftDiffusionLR_pwBelief,0.5,0.535641892611148,0.0170602640552783,0.0122165703987058,0.0920785798033598,0.989807367491208,1.33920100136689,2.55682653619718,0.5,48.6598171958483
CBC_1019,CBC_1019_MSI_AV_v3_Vset4_Aset3_2023-06-28_17h50.15.634.csv,3,2,3,2,z,0,1,1,aud,C,63,1,3C,2C,0,1,b,2.95673379999789,1,0,0,0,3C,2C,C32,2.83321334405622,0.5,0.5,0.5,0.5,0.5,0.767820946305574,0.5,0.493891714800647,0.5,0.5,0.5,0.5,0.5,0.5,0.5,0.5,0.5,0.5,0.5,0.5,0.109168867518359,0.501363304137461,-0.5,-0.00853013202763914,-0.5,0.0460392899016799,CBCbothPairsAsymRW,CBCdriftDiffusionLR_pwBelief,0.5,0.535641892611148,0.0170602640552783,0.0122165703987058,0.0920785798033598,0.989807367491208,1.33920100136689,2.55682653619718,0.5,48.6598171958483
CBC_1019,CBC_1019_MSI_AV_v3_Vset4_Aset3_2023-06-28_17h50.15.634.csv,3,3,3,2,b,1,0,2,aud,D,63,1,3D,2D,1,0,b,2.13012530000015,1,0,1,1,3D,2D,D32,2.89037175789616,0.5,0.5,0.5,0.5,0.5,0.767820946305574,0.5,0.493891714800647,0.5,0.5,0.54603928990168,0.491469867972361,0.5,0.5,0.5,0.5,0.5,0.5,0.5,0.5,0.202309737671848,0.499350452577758,0.5,0.267820946305574,0.5,-0.00610828519935291,CBCbothPairsAsymRW,CBCdriftDiffusionLR_pwBelief,0.5,0.535641892611148,0.0170602640552783,0.0122165703987058,0.0920785798033598,0.989807367491208,1.33920100136689,2.55682653619718,0.5,48.6598171958483
CBC_1019,CBC_1019_MSI_AV_v3_Vset4_Aset3_2023-06-28_17h50.15.634.csv,3,4,0,1,z,0,1,0,aud,B,63,0,0B,1B,1,0,z,1.77212379999946,0,1,1,0,1B,0B,B01,2.94443897916644,0.5,0.5,0.5,0.5,0.5,0.767820946305574,0.5,0.493891714800647,0.5,0.5,0.54603928990168,0.491469867972361,0.5,0.5,0.493891714800647,0.767820946305574,0.767820946305574,0.232179053694426,0.767820946305574,0.5,0.530499276794083,0.862513134604928,-0.767820946305574,-0.0130992280911467,-0.5,0.0460392899016799,CBCbothPairsAsymRW,CBCdriftDiffusionLR_pwBelief,0.5,0.535641892611148,0.0170602640552783,0.0122165703987058,0.0920785798033598,0.989807367491208,1.33920100136689,2.55682653619718,0.5,48.6598171958483
CBC_1019,CBC_1019_MSI_AV_v3_Vset4_Aset3_2023-06-28_17h50.15.634.csv,3,5,0,3,b,1,0,3,aud,A,9,1,0A,3A,1,0,b,2.37205799999902,1,0,1,1,0A,3A,A03,2.99573227355399,0.5,0.5,0.5,0.5,0.54603928990168,0.754721718214427,0.5,0.493891714800647,0.5,0.5,0.54603928990168,0.491469867972361,0.5,0.5,0.493891714800647,0.767820946305574,0.5,0.5,0.5,0.5,0.169060188483814,0.499711260867442,0.5,0.267820946305574,0.5,-0.00610828519935291,CBCbothPairsAsymRW,CBCdriftDiffusionLR_pwBelief,0.5,0.535641892611148,0.0170602640552783,0.0122165703987058,0.0920785798033598,0.989807367491208,1.33920100136689,2.55682653619718,0.5,48.6598171958483
CBC_1019,CBC_1019_MSI_AV_v3_Vset4_Aset3_2023-06-28_17h50.15.634.csv,3,6,3,2,b,1,0,2,aud,D,63,1,3D,2D,1,0,z,2.69385499999953,0,1,0,0,2D,3D,D32,2.35137525716348,0.767820946305574,0.5,0.5,0.493891714800647,0.54603928990168,0.754721718214427,0.5,0.493891714800647,0.5,0.5,0.54603928990168,0.491469867972361,0.5,0.5,0.493891714800647,0.767820946305574,0.22785162767405,0.77214837232595,0.493891714800647,0.767820946305574,0.0332138358319789,0.13415180766734,-0.493891714800647,-0.00842592306921323,-0.232179053694426,0.0213787175242708,CBCbothPairsAsymRW,CBCdriftDiffusionLR_pwBelief,0.5,0.535641892611148,0.0170602640552783,0.0122165703987058,0.0920785798033598,0.989807367491208,1.33920100136689,2.55682653619718,0.5,48.6598171958483
CBC_1019,CBC_1019_MSI_AV_v3_Vset4_Aset3_2023-06-28_17h50.15.634.csv,3,7,0,2,z,0,1,1,aud,C,27,1,0C,2C,0,1,b,2.56736900000033,1,0,0,0,0C,2C,C02,3.09104245335832,0.767820946305574,0.5,0.5,0.493891714800647,0.54603928990168,0.754721718214427,0.5,0.493891714800647,0.5,0.5,0.54603928990168,0.491469867972361,0.5,0.5,0.485465791731434,0.789199663829845,0.45396071009832,0.54603928990168,0.5,0.54603928990168,0.123662230780327,0.423223744498469,-0.5,-0.00853013202763914,-0.45396071009832,0.041800057472378,CBCbothPairsAsymRW,CBCdriftDiffusionLR_pwBelief,0.5,0.535641892611148,0.0170602640552783,0.0122165703987058,0.0920785798033598,0.989807367491208,1.33920100136689,2.55682653619718,0.5,48.6598171958483
CBC_1019,CBC_1019_MSI_AV_v3_Vset4_Aset3_2023-06-28_17h50.15.634.csv,3,8,0,1,b,1,0,3,aud,A,63,1,0A,1A,1,0,b,2.02084709999872,1,0,1,1,0A,1A,A01,3.13549421592915,0.767820946305574,0.5,0.5,0.493891714800647,0.54603928990168,0.754721718214427,0.5,0.493891714800647,0.491469867972361,0.5,0.587839347374058,0.491469867972361,0.5,0.5,0.485465791731434,0.789199663829845,0.767820946305574,0.232179053694426,0.767820946305574,0.5,0.420926097089994,0.862230287762387,0.232179053694426,0.124364827745548,0.5,-0.00610828519935291,CBCbothPairsAsymRW,CBCdriftDiffusionLR_pwBelief,0.5,0.535641892611148,0.0170602640552783,0.0122165703987058,0.0920785798033598,0.989807367491208,1.33920100136689,2.55682653619718,0.5,48.6598171958483
CBC_1019,CBC_1019_MSI_AV_v3_Vset4_Aset3_2023-06-28_17h50.15.634.csv,3,9,1,0,b,1,0,0,aud,B,63,1,1B,0B,1,0,b,2.56008249999832,1,0,1,1,1B,0B,B10,3.17805383034795,0.892185774051122,0.493891714800647,0.5,0.493891714800647,0.54603928990168,0.754721718214427,0.5,0.493891714800647,0.491469867972361,0.5,0.587839347374058,0.491469867972361,0.5,0.5,0.485465791731434,0.789199663829845,0.718953269602059,0.281046730397941,0.754721718214427,0.54603928990168,0.237243699545329,0.817499920832611,0.245278281785573,0.131381323072035,0.54603928990168,-0.00667072742554321,CBCbothPairsAsymRW,CBCdriftDiffusionLR_pwBelief,0.5,0.535641892611148,0.0170602640552783,0.0122165703987058,0.0920785798033598,0.989807367491208,1.33920100136689,2.55682653619718,0.5,48.6598171958483
CBC_1019,CBC_1019_MSI_AV_v3_Vset4_Aset3_2023-06-28_17h50.15.634.csv,3,10,1,3,z,0,1,2,aud,D,27,1,1D,3D,0,1,z,2.27822620000006,0,1,1,1,3D,1D,D13,3.2188758248682,0.892185774051122,0.493891714800647,0.5,0.493891714800647,0.539368562476137,0.886103041286462,0.5,0.493891714800647,0.491469867972361,0.5,0.587839347374058,0.491469867972361,0.5,0.5,0.485465791731434,0.789199663829845,0.789199663829845,0.210800336170155,0.789199663829845,0.5,0.331728101104636,0.878218752014357,0.210800336170155,0.112913491029248,0.5,-0.00610828519935291,CBCbothPairsAsymRW,CBCdriftDiffusionLR_pwBelief,0.5,0.535641892611148,0.0170602640552783,0.0122165703987058,0.0920785798033598,0.989807367491208,1.33920100136689,2.55682653619718,0.5,48.6598171958483
CBC_1019,CBC_1019_MSI_AV_v3_Vset4_Aset3_2023-06-28_17h50.15.634.csv,3,11,3,2,z,0,1,1,aud,C,63,1,3C,2C,0,1,z,1.78860539999914,0,1,1,1,2C,3C,C32,2.56494935746154,0.892185774051122,0.493891714800647,0.5,0.493891714800647,0.539368562476137,0.886103041286462,0.5,0.493891714800647,0.491469867972361,0.5,0.587839347374058,0.491469867972361,0.5,0.493891714800647,0.485465791731434,0.902113154859093,0.596081511110273,0.403918488889727,0.587839347374058,0.491469867972361,0.346814621733548,0.658099833281674,0.412160652625942,0.220770512032406,0.491469867972361,-0.006004076240927,CBCbothPairsAsymRW,CBCdriftDiffusionLR_pwBelief,0.5,0.535641892611148,0.0170602640552783,0.0122165703987058,0.0920785798033598,0.989807367491208,1.33920100136689,2.55682653619718,0.5,48.6598171958483
CBC_1019,CBC_1019_MSI_AV_v3_Vset4_Aset3_2023-06-28_17h50.15.634.csv,3,12,1,0,b,1,0,0,aud,B,63,1,1B,0B,1,0,b,2.32751249999819,1,0,1,1,1B,0B,B10,2.60268968544438,0.892185774051122,0.493891714800647,0.5,0.493891714800647,0.539368562476137,0.886103041286462,0.5,0.493891714800647,0.491469867972361,0.5,0.808609859406463,0.485465791731434,0.5,0.493891714800647,0.485465791731434,0.902113154859093,0.869181168949371,0.130818831050629,0.886103041286462,0.539368562476137,0.321947066883904,0.926063439953788,0.113896958713538,0.0610079825279733,0.539368562476137,-0.00658923401433849,CBCbothPairsAsymRW,CBCdriftDiffusionLR_pwBelief,0.5,0.535641892611148,0.0170602640552783,0.0122165703987058,0.0920785798033598,0.989807367491208,1.33920100136689,2.55682653619718,0.5,48.6598171958483
CBC_1019,CBC_1019_MSI_AV_v3_Vset4_Aset3_2023-06-28_17h50.15.634.csv,3,13,0,1,b,1,0,3,aud,A,63,1,0A,1A,1,0,b,3.24049319999904,1,0,1,1,0A,1A,A01,2.63905732961526,0.892185774051122,0.493891714800647,0.5,0.493891714800647,0.532779328461798,0.947111023814435,0.5,0.493891714800647,0.491469867972361,0.5,0.808609859406463,0.485465791731434,0.5,0.493891714800647,0.485465791731434,0.902113154859093,0.894513698706788,0.105486301293212,0.892185774051122,0.493891714800647,0.0966594644968531,0.937012287845124,0.107814225948878,0.0577498160376631,0.493891714800647,-0.00603366290319965,CBCbothPairsAsymRW,CBCdriftDiffusionLR_pwBelief,0.5,0.535641892611148,0.0170602640552783,0.0122165703987058,0.0920785798033598,0.989807367491208,1.33920100136689,2.55682653619718,0.5,48.6598171958483
CBC_1019,CBC_1019_MSI_AV_v3_Vset4_Aset3_2023-06-28_17h50.15.634.csv,3,14,1,2,z,0,1,1,aud,C,9,1,1C,2C,0,1,z,2.15195540000059,0,1,1,1,2C,1C,C12,3.36729582998647,0.949935590088785,0.487858051897447,0.5,0.493891714800647,0.532779328461798,0.947111023814435,0.5,0.493891714800647,0.491469867972361,0.5,0.808609859406463,0.485465791731434,0.5,0.493891714800647,0.485465791731434,0.902113154859093,0.808609859406463,0.191390140593537,0.808609859406463,0.5,0.385664793310415,0.89240762680203,0.191390140593537,0.102516577134636,0.5,-0.00610828519935291,CBCbothPairsAsymRW,CBCdriftDiffusionLR_pwBelief,0.5,0.535641892611148,0.0170602640552783,0.0122165703987058,0.0920785798033598,0.989807367491208,1.33920100136689,2.55682653619718,0.5,48.6598171958483
CBC_1019,CBC_1019_MSI_AV_v3_Vset4_Aset3_2023-06-28_17h50.15.634.csv,3,15,1,0,z,0,1,3,aud,A,63,1,1A,0A,0,1,z,1.28130299999975,0,1,1,1,0A,1A,A10,3.40119738166216,0.949935590088785,0.487858051897447,0.5,0.493891714800647,0.532779328461798,0.947111023814435,0.5,0.493891714800647,0.491469867972361,0.493891714800647,0.911126436541099,0.485465791731434,0.5,0.493891714800647,0.485465791731434,0.902113154859093,0.952195980541886,0.0478040194581144,0.949935590088785,0.487858051897447,0.746907161465167,0.956896230248236,0.0500644099112152,0.0268165952773036,0.487858051897447,-0.00595995223558065,CBCbothPairsAsymRW,CBCdriftDiffusionLR_pwBelief,0.5,0.535641892611148,0.0170602640552783,0.0122165703987058,0.0920785798033598,0.989807367491208,1.33920100136689,2.55682653619718,0.5,48.6598171958483
CBC_1019,CBC_1019_MSI_AV_v3_Vset4_Aset3_2023-06-28_17h50.15.634.csv,3,16,3,1,b,1,0,2,aud,D,27,1,3D,1D,1,0,b,1.73045949999869,1,0,1,1,3D,1D,D31,3.43398720448515,0.976752185366088,0.481898099661867,0.5,0.493891714800647,0.532779328461798,0.947111023814435,0.5,0.493891714800647,0.491469867972361,0.493891714800647,0.911126436541099,0.485465791731434,0.5,0.493891714800647,0.485465791731434,0.902113154859093,0.904249731988811,0.0957502680111887,0.902113154859093,0.493891714800647,0.685840074666555,0.940816961451493,0.097886845140907,0.0524322949930098,0.493891714800647,-0.00603366290319965,CBCbothPairsAsymRW,CBCdriftDiffusionLR_pwBelief,0.5,0.535641892611148,0.0170602640552783,0.0122165703987058,0.0920785798033598,0.989807367491208,1.33920100136689,2.55682653619718,0.5,48.6598171958483
CBC_1019,CBC_1019_MSI_AV_v3_Vset4_Aset3_2023-06-28_17h50.15.634.csv,3,17,0,1,z,0,1,0,aud,B,63,1,0B,1B,0,1,z,1.68995349999932,0,1,1,1,1B,0B,B01,2.77258872223978,0.976752185366088,0.481898099661867,0.5,0.493891714800647,0.532779328461798,0.947111023814435,0.5,0.493891714800647,0.491469867972361,0.493891714800647,0.911126436541099,0.485465791731434,0.5,0.487858051897447,0.485465791731434,0.954545449852103,0.940134116211935,0.0598658837880653,0.947111023814435,0.532779328461798,0.751359346921075,0.953104402058389,0.0528889761855648,0.0283295513023018,0.532779328461798,-0.00650873617312877,CBCbothPairsAsymRW,CBCdriftDiffusionLR_pwBelief,0.5,0.535641892611148,0.0170602640552783,0.0122165703987058,0.0920785798033598,0.989807367491208,1.33920100136689,2.55682653619718,0.5,48.6598171958483
CBC_1019,CBC_1019_MSI_AV_v3_Vset4_Aset3_2023-06-28_17h50.15.634.csv,3,18,2,3,b,1,0,1,aud,C,63,0,2C,3C,0,1,b,3.29556589999993,1,0,1,0,2C,3C,C23,3.49650756146648,0.976752185366088,0.481898099661867,0.5,0.493891714800647,0.526270592288669,0.975440575116737,0.5,0.493891714800647,0.491469867972361,0.493891714800647,0.911126436541099,0.485465791731434,0.5,0.487858051897447,0.485465791731434,0.954545449852103,0.915724176402278,0.0842758235977223,0.911126436541099,0.485465791731434,0.0838100838626254,0.945159209948103,-0.911126436541099,-0.0155440575951359,-0.514534208268566,0.0473775791576157,CBCbothPairsAsymRW,CBCdriftDiffusionLR_pwBelief,0.5,0.535641892611148,0.0170602640552783,0.0122165703987058,0.0920785798033598,0.989807367491208,1.33920100136689,2.55682653619718,0.5,48.6598171958483
CBC_1019,CBC_1019_MSI_AV_v3_Vset4_Aset3_2023-06-28_17h50.15.634.csv,3,19,2,0,z,0,1,3,aud,A,27,1,2A,0A,0,1,z,1.8467729999993,0,1,1,1,0A,2A,A20,3.52636052461616,0.976752185366088,0.481898099661867,0.5,0.493891714800647,0.526270592288669,0.975440575116737,0.5,0.493891714800647,0.491469867972361,0.493891714800647,0.895582378945963,0.53284337088905,0.5,0.487858051897447,0.485465791731434,0.954545449852103,0.976752185366088,0.0232478146339116,0.976752185366088,0.5,0.629239866966876,0.963096850599517,0.0232478146339116,0.0124525034295815,0.5,-0.00610828519935291,CBCbothPairsAsymRW,CBCdriftDiffusionLR_pwBelief,0.5,0.535641892611148,0.0170602640552783,0.0122165703987058,0.0920785798033598,0.989807367491208,1.33920100136689,2.55682653619718,0.5,48.6598171958483
CBC_1019,CBC_1019_MSI_AV_v3_Vset4_Aset3_2023-06-28_17h50.15.634.csv,3,20,3,2,b,1,0,2,aud,D,63,1,3D,2D,1,0,b,1.22781899999791,1,0,1,1,3D,2D,D32,2.4567357728213,0.98920468879567,0.481898099661867,0.493891714800647,0.493891714800647,0.526270592288669,0.975440575116737,0.5,0.493891714800647,0.491469867972361,0.493891714800647,0.895582378945963,0.53284337088905,0.5,0.487858051897447,0.485465791731434,0.954545449852103,0.957002973878627,0.042997026121373,0.954545449852103,0.485465791731434,0.567044376851215,0.958062473222726,0.0454545501478972,0.024347361269008,0.485465791731434,-0.00593072702085052,CBCbothPairsAsymRW,CBCdriftDiffusionLR_pwBelief,0.5,0.535641892611148,0.0170602640552783,0.0122165703987058,0.0920785798033598,0.989807367491208,1.33920100136689,2.55682653619718,0.5,48.6598171958483
CBC_1019,CBC_1019_MSI_AV_v3_Vset4_Aset3_2023-06-28_17h50.15.634.csv,3,21,3,1,z,0,1,0,aud,B,27,1,3B,1B,0,1,z,1.72134630000073,0,1,1,1,1B,3B,B31,3.58351893845611,0.98920468879567,0.481898099661867,0.493891714800647,0.493891714800647,0.526270592288669,0.975440575116737,0.5,0.493891714800647,0.491469867972361,0.493891714800647,0.895582378945963,0.53284337088905,0.5,0.487858051897447,0.479535064710583,0.978892811121111,0.976019180406758,0.0239808195932417,0.975440575116737,0.493891714800647,0.75084694406149,0.963012350543702,0.0245594248832629,0.0131550568259123,0.493891714800647,-0.00603366290319965,CBCbothPairsAsymRW,CBCdriftDiffusionLR_pwBelief,0.5,0.535641892611148,0.0170602640552783,0.0122165703987058,0.0920785798033598,0.989807367491208,1.33920100136689,2.55682653619718,0.5,48.6598171958483
CBC_1019,CBC_1019_MSI_AV_v3_Vset4_Aset3_2023-06-28_17h50.15.634.csv,3,22,3,2,z,0,1,1,aud,C,63,1,3C,2C,0,1,z,2.22151159999885,0,1,1,1,2C,3C,C32,2.51230562397611,0.98920468879567,0.481898099661867,0.493891714800647,0.493891714800647,0.526270592288669,0.988595631942649,0.5,0.487858051897447,0.491469867972361,0.493891714800647,0.895582378945963,0.53284337088905,0.5,0.487858051897447,0.479535064710583,0.978892811121111,0.882623586684684,0.117376413315316,0.895582378945963,0.53284337088905,0.367500675799102,0.931832253286424,0.104417621054037,0.055930452163338,0.53284337088905,-0.00650951855194979,CBCbothPairsAsymRW,CBCdriftDiffusionLR_pwBelief,0.5,0.535641892611148,0.0170602640552783,0.0122165703987058,0.0920785798033598,0.989807367491208,1.33920100136689,2.55682653619718,0.5,48.6598171958483
CBC_1019,CBC_1019_MSI_AV_v3_Vset4_Aset3_2023-06-28_17h50.15.634.csv,3,23,0,1,b,1,0,3,aud,A,63,0,0A,1A,0,1,b,1.16619289999835,1,0,1,0,0A,1A,A01,2.53897387105828,0.98920468879567,0.481898099661867,0.493891714800647,0.493891714800647,0.526270592288669,0.988595631942649,0.5,0.487858051897447,0.491469867972361,0.493891714800647,0.951512831109301,0.5263338523371,0.5,0.487858051897447,0.479535064710583,0.978892811121111,0.989951460832698,0.0100485391673024,0.98920468879567,0.481898099661867,0.307850022408545,0.966249566946238,-0.98920468879567,-0.0168760931955735,-0.518101900338133,0.0477060871765571,CBCbothPairsAsymRW,CBCdriftDiffusionLR_pwBelief,0.5,0.535641892611148,0.0170602640552783,0.0122165703987058,0.0920785798033598,0.989807367491208,1.33920100136689,2.55682653619718,0.5,48.6598171958483
CBC_1019,CBC_1019_MSI_AV_v3_Vset4_Aset3_2023-06-28_17h50.15.634.csv,3,24,2,1,z,0,1,0,aud,B,9,1,2B,1B,0,1,z,1.42438859999857,0,1,1,1,1B,2B,B21,3.66356164612965,0.972328595600096,0.529604186838424,0.493891714800647,0.493891714800647,0.526270592288669,0.988595631942649,0.5,0.487858051897447,0.491469867972361,0.493891714800647,0.951512831109301,0.5263338523371,0.5,0.487858051897447,0.479535064710583,0.978892811121111,0.988595631942649,0.0114043680573507,0.988595631942649,0.5,0.995874899451831,0.965809464759831,0.0114043680573507,0.00610865729027344,0.5,-0.00610828519935291,CBCbothPairsAsymRW,CBCdriftDiffusionLR_pwBelief,0.5,0.535641892611148,0.0170602640552783,0.0122165703987058,0.0920785798033598,0.989807367491208,1.33920100136689,2.55682653619718,0.5,48.6598171958483
CBC_1019,CBC_1019_MSI_AV_v3_Vset4_Aset3_2023-06-28_17h50.15.634.csv,3,25,2,3,b,1,0,1,aud,C,63,1,2C,3C,1,0,b,2.03215799999998,1,0,1,1,2C,3C,C23,2.99573227355399,0.972328595600096,0.529604186838424,0.493891714800647,0.493891714800647,0.526270592288669,0.994704289232923,0.493891714800647,0.487858051897447,0.491469867972361,0.493891714800647,0.951512831109301,0.5263338523371,0.5,0.487858051897447,0.479535064710583,0.978892811121111,0.946410385679017,0.053589614320983,0.951512831109301,0.5263338523371,0.47631571051724,0.955225966668036,0.0484871688906989,0.0259717589119704,0.5263338523371,-0.00642999456029822,CBCbothPairsAsymRW,CBCdriftDiffusionLR_pwBelief,0.5,0.535641892611148,0.0170602640552783,0.0122165703987058,0.0920785798033598,0.989807367491208,1.33920100136689,2.55682653619718,0.5,48.6598171958483
CBC_1019,CBC_1019_MSI_AV_v3_Vset4_Aset3_2023-06-28_17h50.15.634.csv,3,26,2,3,z,0,1,2,aud,D,63,1,2D,3D,0,1,z,1.4924749999991,0,1,1,1,3D,2D,D23,3.71357206670431,0.972328595600096,0.529604186838424,0.493891714800647,0.493891714800647,0.526270592288669,0.994704289232923,0.493891714800647,0.487858051897447,0.491469867972361,0.493891714800647,0.977484590021271,0.519903857776801,0.5,0.487858051897447,0.479535064710583,0.978892811121111,0.980520367012181,0.0194796329878187,0.978892811121111,0.479535064710583,0.962814730426939,0.964154195741413,0.0211071888788892,0.0113058945987892,0.479535064710583,-0.0058582738766848,CBCbothPairsAsymRW,CBCdriftDiffusionLR_pwBelief,0.5,0.535641892611148,0.0170602640552783,0.0122165703987058,0.0920785798033598,0.989807367491208,1.33920100136689,2.55682653619718,0.5,48.6598171958483
CBC_1019,CBC_1019_MSI_AV_v3_Vset4_Aset3_2023-06-28_17h50.15.634.csv,3,27,0,1,z,0,1,0,aud,B,63,1,0B,1B,0,1,z,2.31944780000049,0,1,1,1,1B,0B,B01,2.63905732961526,0.972328595600096,0.529604186838424,0.493891714800647,0.493891714800647,0.526270592288669,0.994704289232923,0.493891714800647,0.487858051897447,0.491469867972361,0.493891714800647,0.977484590021271,0.519903857776801,0.5,0.487858051897447,0.473676790833899,0.9901987057199,0.994120396921262,0.00587960307873848,0.994704289232923,0.526270592288669,0.298139562537814,0.967227089697012,0.00529571076707724,0.00283660453799849,0.526270592288669,-0.00642922173946314,CBCbothPairsAsymRW,CBCdriftDiffusionLR_pwBelief,0.5,0.535641892611148,0.0170602640552783,0.0122165703987058,0.0920785798033598,0.989807367491208,1.33920100136689,2.55682653619718,0.5,48.6598171958483
CBC_1019,CBC_1019_MSI_AV_v3_Vset4_Aset3_2023-06-28_17h50.15.634.csv,3,28,0,2,b,1,0,3,aud,A,27,1,0A,2A,1,0,b,2.3355317000005,1,0,1,1,0A,2A,A02,3.76120011569356,0.972328595600096,0.529604186838424,0.493891714800647,0.493891714800647,0.519841370549206,0.997540893770921,0.493891714800647,0.487858051897447,0.491469867972361,0.493891714800647,0.977484590021271,0.519903857776801,0.5,0.487858051897447,0.473676790833899,0.9901987057199,0.97297848625783,0.0270215137421703,0.972328595600096,0.493891714800647,0.298213747780523,0.962300451932545,0.0276714043999036,0.0148219634239728,0.493891714800647,-0.00603366290319965,CBCbothPairsAsymRW,CBCdriftDiffusionLR_pwBelief,0.5,0.535641892611148,0.0170602640552783,0.0122165703987058,0.0920785798033598,0.989807367491208,1.33920100136689,2.55682653619718,0.5,48.6598171958483
CBC_1019,CBC_1019_MSI_AV_v3_Vset4_Aset3_2023-06-28_17h50.15.634.csv,3,29,1,3,z,0,1,2,aud,D,27,1,1D,3D,0,1,z,1.38920909999979,0,1,1,1,3D,1D,D13,3.09104245335832,0.987150559024069,0.529604186838424,0.487858051897447,0.493891714800647,0.519841370549206,0.997540893770921,0.493891714800647,0.487858051897447,0.491469867972361,0.493891714800647,0.977484590021271,0.519903857776801,0.5,0.487858051897447,0.473676790833899,0.9901987057199,0.990659106110737,0.0093408938892626,0.9901987057199,0.487858051897447,0.992628894786928,0.966441295644088,0.00980129428010001,0.00524998381823159,0.487858051897447,-0.00595995223558065,CBCbothPairsAsymRW,CBCdriftDiffusionLR_pwBelief,0.5,0.535641892611148,0.0170602640552783,0.0122165703987058,0.0920785798033598,0.989807367491208,1.33920100136689,2.55682653619718,0.5,48.6598171958483
CBC_1019,CBC_1019_MSI_AV_v3_Vset4_Aset3_2023-06-28_17h50.15.634.csv,3,30,1,0,z,0,1,3,aud,A,63,1,1A,0A,0,1,z,1.2232382000002,0,1,1,1,0A,1A,A10,3.11351530921037,0.987150559024069,0.529604186838424,0.487858051897447,0.493891714800647,0.519841370549206,0.997540893770921,0.493891714800647,0.487858051897447,0.491469867972361,0.493891714800647,0.977484590021271,0.519903857776801,0.5,0.481898099661867,0.473676790833899,0.995448689538132,0.985556569453371,0.0144434305466286,0.987150559024069,0.529604186838424,0.591386419758959,0.965391311357438,0.0128494409759308,0.0068826988833428,0.529604186838424,-0.00646994683196096,CBCbothPairsAsymRW,CBCdriftDiffusionLR_pwBelief,0.5,0.535641892611148,0.0170602640552783,0.0122165703987058,0.0920785798033598,0.989807367491208,1.33920100136689,2.55682653619718,0.5,48.6598171958483
CBC_1019,CBC_1019_MSI_AV_v3_Vset4_Aset3_2023-06-28_17h50.15.634.csv,3,31,2,0,b,1,0,1,aud,C,27,1,2C,0C,1,0,b,1.86285029999999,1,0,1,1,2C,0C,C20,3.8286413964891,0.994033257907412,0.523134240006463,0.487858051897447,0.493891714800647,0.519841370549206,0.997540893770921,0.493891714800647,0.487858051897447,0.491469867972361,0.493891714800647,0.977484590021271,0.519903857776801,0.5,0.481898099661867,0.473676790833899,0.995448689538132,0.978223492298672,0.0217765077013276,0.977484590021271,0.491469867972361,0.615117661895226,0.963611693193668,0.0225154099787286,0.0120601968139221,0.491469867972361,-0.006004076240927,CBCbothPairsAsymRW,CBCdriftDiffusionLR_pwBelief,0.5,0.535641892611148,0.0170602640552783,0.0122165703987058,0.0920785798033598,0.989807367491208,1.33920100136689,2.55682653619718,0.5,48.6598171958483
CBC_1019,CBC_1019_MSI_AV_v3_Vset4_Aset3_2023-06-28_17h50.15.634.csv,3,32,2,3,z,0,1,2,aud,D,63,1,2D,3D,0,1,z,1.36424269999952,0,1,1,1,3D,2D,D23,3.15700042115011,0.994033257907412,0.523134240006463,0.487858051897447,0.493891714800647,0.519841370549206,0.997540893770921,0.493891714800647,0.487858051897447,0.485465791731434,0.493891714800647,0.989544786835194,0.519903857776801,0.5,0.481898099661867,0.473676790833899,0.995448689538132,0.99590207689827,0.00409792310172949,0.995448689538132,0.473676790833899,0.986440671049432,0.967666224558986,0.00455131046186841,0.00243787254965611,0.473676790833899,-0.00578670586145538,CBCbothPairsAsymRW,CBCdriftDiffusionLR_pwBelief,0.5,0.535641892611148,0.0170602640552783,0.0122165703987058,0.0920785798033598,0.989807367491208,1.33920100136689,2.55682653619718,0.5,48.6598171958483
CBC_1019,CBC_1019_MSI_AV_v3_Vset4_Aset3_2023-06-28_17h50.15.634.csv,3,33,1,0,b,1,0,0,aud,B,63,1,1B,0B,1,0,b,1.77653400000054,1,0,1,1,1B,0B,B10,2.77258872223978,0.994033257907412,0.523134240006463,0.487858051897447,0.493891714800647,0.519841370549206,0.997540893770921,0.493891714800647,0.487858051897447,0.485465791731434,0.493891714800647,0.989544786835194,0.519903857776801,0.5,0.481898099661867,0.467890084972443,0.997886562087788,0.997338201742226,0.00266179825777424,0.997540893770921,0.519841370549206,0.706147281649426,0.967909289991688,0.00245910622907874,0.0013172003146756,0.519841370549206,-0.0063506786994741,CBCbothPairsAsymRW,CBCdriftDiffusionLR_pwBelief,0.5,0.535641892611148,0.0170602640552783,0.0122165703987058,0.0920785798033598,0.989807367491208,1.33920100136689,2.55682653619718,0.5,48.6598171958483
CBC_1019,CBC_1019_MSI_AV_v3_Vset4_Aset3_2023-06-28_17h50.15.634.csv,3,34,0,1,b,1,0,3,aud,A,63,1,0A,1A,1,0,b,1.4633963999986,1,0,1,1,0A,1A,A01,2.50552593699074,0.994033257907412,0.523134240006463,0.487858051897447,0.493891714800647,0.513490691849732,0.998858094085597,0.493891714800647,0.487858051897447,0.485465791731434,0.493891714800647,0.989544786835194,0.519903857776801,0.5,0.481898099661867,0.467890084972443,0.997886562087788,0.993458114799308,0.00654188520069243,0.994033257907412,0.523134240006463,0.998291761589491,0.967046703319598,0.00596674209258796,0.00319603702719642,0.523134240006463,-0.00639090627101243,CBCbothPairsAsymRW,CBCdriftDiffusionLR_pwBelief,0.5,0.535641892611148,0.0170602640552783,0.0122165703987058,0.0920785798033598,0.989807367491208,1.33920100136689,2.55682653619718,0.5,48.6598171958483
CBC_1019,CBC_1019_MSI_AV_v3_Vset4_Aset3_2023-06-28_17h50.15.634.csv,3,35,2,3,z,0,1,2,aud,D,63,0,2D,3D,1,0,z,2.88611739999942,0,1,1,0,3D,2D,D23,2.81341071676004,0.997229294934608,0.51674333373545,0.487858051897447,0.493891714800647,0.513490691849732,0.998858094085597,0.493891714800647,0.487858051897447,0.485465791731434,0.493891714800647,0.989544786835194,0.519903857776801,0.5,0.481898099661867,0.467890084972443,0.997886562087788,0.998141156728716,0.00185884327128355,0.997886562087788,0.467890084972443,0.116998088013403,0.968003807248578,-0.997886562087788,-0.0170242082464315,-0.532109915027557,0.0489959252750239,CBCbothPairsAsymRW,CBCdriftDiffusionLR_pwBelief,0.5,0.535641892611148,0.0170602640552783,0.0122165703987058,0.0920785798033598,0.989807367491208,1.33920100136689,2.55682653619718,0.5,48.6598171958483
CBC_1019,CBC_1019_MSI_AV_v3_Vset4_Aset3_2023-06-28_17h50.15.634.csv,3,36,2,0,b,1,0,1,aud,C,27,1,2C,0C,1,0,b,2.18244529999902,1,0,1,1,2C,0C,C20,3.23867845216438,0.997229294934608,0.51674333373545,0.487858051897447,0.493891714800647,0.513490691849732,0.998858094085597,0.493891714800647,0.487858051897447,0.485465791731434,0.493891714800647,0.989544786835194,0.519903857776801,0.5,0.481898099661867,0.516886010247467,0.980862353841356,0.990129620098359,0.00987037990164086,0.989544786835194,0.485465791731434,0.373511908115924,0.966339636493104,0.0104552131648065,0.00560025016724993,0.485465791731434,-0.00593072702085052,CBCbothPairsAsymRW,CBCdriftDiffusionLR_pwBelief,0.5,0.535641892611148,0.0170602640552783,0.0122165703987058,0.0920785798033598,0.989807367491208,1.33920100136689,2.55682653619718,0.5,48.6598171958483
CBC_1019,CBC_1019_MSI_AV_v3_Vset4_Aset3_2023-06-28_17h50.15.634.csv,3,37,0,1,b,1,0,3,aud,A,63,1,0A,1A,1,0,b,1.42742510000062,1,0,1,1,0A,1A,A01,2.34180580614733,0.997229294934608,0.51674333373545,0.487858051897447,0.493891714800647,0.513490691849732,0.998858094085597,0.493891714800647,0.487858051897447,0.479535064710583,0.493891714800647,0.995145037002443,0.519903857776801,0.5,0.481898099661867,0.516886010247467,0.980862353841356,0.997037871092273,0.00296212890772718,0.997229294934608,0.51674333373545,1.01269445775068,0.967768105483417,0.00277070506539157,0.00148410570509363,0.51674333373545,-0.00631283131464107,CBCbothPairsAsymRW,CBCdriftDiffusionLR_pwBelief,0.5,0.535641892611148,0.0170602640552783,0.0122165703987058,0.0920785798033598,0.989807367491208,1.33920100136689,2.55682653619718,0.5,48.6598171958483
CBC_1019,CBC_1019_MSI_AV_v3_Vset4_Aset3_2023-06-28_17h50.15.634.csv,3,38,1,3,b,1,0,0,aud,B,27,1,1B,3B,1,0,b,1.31735229999867,1,0,1,1,1B,3B,B13,3.27714473299218,0.998713400639702,0.510430502420809,0.487858051897447,0.493891714800647,0.513490691849732,0.998858094085597,0.493891714800647,0.487858051897447,0.479535064710583,0.493891714800647,0.995145037002443,0.519903857776801,0.5,0.481898099661867,0.516886010247467,0.980862353841356,0.998912180183489,0.00108781981651096,0.998858094085597,0.487858051897447,0.926815338200626,0.968414419971834,0.00114190591440311,0.000611652645174744,0.487858051897447,-0.00595995223558065,CBCbothPairsAsymRW,CBCdriftDiffusionLR_pwBelief,0.5,0.535641892611148,0.0170602640552783,0.0122165703987058,0.0920785798033598,0.989807367491208,1.33920100136689,2.55682653619718,0.5,48.6598171958483
CBC_1019,CBC_1019_MSI_AV_v3_Vset4_Aset3_2023-06-28_17h50.15.634.csv,3,39,3,2,z,0,1,1,aud,C,63,1,3C,2C,0,1,z,3.5346101999985,0,1,1,1,2C,3C,C32,2.60268968544438,0.998713400639702,0.510430502420809,0.487858051897447,0.493891714800647,0.513490691849732,0.999469746730772,0.493891714800647,0.481898099661867,0.479535064710583,0.493891714800647,0.995145037002443,0.519903857776801,0.5,0.481898099661867,0.516886010247467,0.980862353841356,0.994744597832253,0.00525540216774689,0.995145037002443,0.519903857776801,0.0409500053013482,0.967385043538145,0.0048549629975565,0.00260052156856826,0.519903857776801,-0.00635144207908904,CBCbothPairsAsymRW,CBCdriftDiffusionLR_pwBelief,0.5,0.535641892611148,0.0170602640552783,0.0122165703987058,0.0920785798033598,0.989807367491208,1.33920100136689,2.55682653619718,0.5,48.6598171958483
CBC_1019,CBC_1019_MSI_AV_v3_Vset4_Aset3_2023-06-28_17h50.15.634.csv,3,40,3,2,b,1,0,2,aud,D,63,1,3D,2D,1,0,b,1.61539710000034,1,0,1,1,3D,2D,D32,2.62103882411258,0.998713400639702,0.510430502420809,0.487858051897447,0.493891714800647,0.513490691849732,0.999469746730772,0.493891714800647,0.481898099661867,0.479535064710583,0.493891714800647,0.997745558571012,0.513552415697712,0.5,0.481898099661867,0.516886010247467,0.980862353841356,0.979551894955339,0.0204481050446605,0.980862353841356,0.516886010247467,0.860742677423895,0.963896697976058,0.0191376461586438,0.0102509250085384,0.516886010247467,-0.00631457433229436,CBCbothPairsAsymRW,CBCdriftDiffusionLR_pwBelief,0.5,0.535641892611148,0.0170602640552783,0.0122165703987058,0.0920785798033598,0.989807367491208,1.33920100136689,2.55682653619718,0.5,48.6598171958483
CBC_1019,CBC_1019_MSI_AV_v3_Vset4_Aset3_2023-06-28_17h50.15.634.csv,3,41,0,1,z,0,1,0,aud,B,63,1,0B,1B,0,1,z,1.59898009999779,0,1,1,1,1B,0B,B01,2.63905732961526,0.998713400639702,0.510430502420809,0.487858051897447,0.493891714800647,0.513490691849732,0.999469746730772,0.493891714800647,0.481898099661867,0.479535064710583,0.493891714800647,0.997745558571012,0.513552415697712,0.5,0.481898099661867,0.510571435915173,0.991113278849895,0.999440355802655,0.000559644197345059,0.999469746730772,0.513490691849732,0.899602884771534,0.968408200895125,0.000530253269228398,0.000284025864692748,0.513490691849732,-0.00627309518606241,CBCbothPairsAsymRW,CBCdriftDiffusionLR_pwBelief,0.5,0.535641892611148,0.0170602640552783,0.0122165703987058,0.0920785798033598,0.989807367491208,1.33920100136689,2.55682653619718,0.5,48.6598171958483
CBC_1019,CBC_1019_MSI_AV_v3_Vset4_Aset3_2023-06-28_17h50.15.634.csv,3,42,2,0,z,0,1,3,aud,A,27,1,2A,0A,0,1,z,2.31304269999782,0,1,1,1,0A,2A,A20,3.3499040872746,0.998713400639702,0.510430502420809,0.487858051897447,0.493891714800647,0.50721759666367,0.999753772595464,0.493891714800647,0.481898099661867,0.479535064710583,0.493891714800647,0.997745558571012,0.513552415697712,0.5,0.481898099661867,0.510571435915173,0.991113278849895,0.998774331698157,0.00122566830184251,0.998713400639702,0.487858051897447,0.299690305417958,0.96809637153216,0.00128659936029796,0.00068915651638229,0.487858051897447,-0.00595995223558065,CBCbothPairsAsymRW,CBCdriftDiffusionLR_pwBelief,0.5,0.535641892611148,0.0170602640552783,0.0122165703987058,0.0920785798033598,0.989807367491208,1.33920100136689,2.55682653619718,0.5,48.6598171958483
CBC_1019,CBC_1019_MSI_AV_v3_Vset4_Aset3_2023-06-28_17h50.15.634.csv,3,43,3,0,b,1,0,2,aud,D,9,1,3D,0D,1,0,b,1.58661599999868,1,0,1,1,3D,0D,D30,4.06044301054642,0.999402557156084,0.510430502420809,0.481898099661867,0.493891714800647,0.50721759666367,0.999753772595464,0.493891714800647,0.481898099661867,0.479535064710583,0.493891714800647,0.997745558571012,0.513552415697712,0.5,0.481898099661867,0.510571435915173,0.991113278849895,0.991113278849895,0.00888672115010536,0.991113278849895,0.5,0.901220904214342,0.966378127564263,0.00888672115010536,0.00476010013594995,0.5,-0.00610828519935291,CBCbothPairsAsymRW,CBCdriftDiffusionLR_pwBelief,0.5,0.535641892611148,0.0170602640552783,0.0122165703987058,0.0920785798033598,0.989807367491208,1.33920100136689,2.55682653619718,0.5,48.6598171958483
CBC_1019,CBC_1019_MSI_AV_v3_Vset4_Aset3_2023-06-28_17h50.15.634.csv,3,44,3,2,z,0,1,1,aud,C,63,1,3C,2C,0,1,b,3.68961820000004,1,0,0,0,3C,2C,C32,2.46809953147162,0.999402557156084,0.510430502420809,0.481898099661867,0.493891714800647,0.50721759666367,0.999753772595464,0.493891714800647,0.481898099661867,0.479535064710583,0.493891714800647,0.997745558571012,0.513552415697712,0.493891714800647,0.481898099661867,0.510571435915173,0.995873378985845,0.00237975983652033,0.99762024016348,0.513552415697712,0.997745558571012,0.00104497727375919,0.0321981655254807,-0.513552415697712,-0.00876133981802901,-0.00225444142898823,0.000207585765031093,CBCbothPairsAsymRW,CBCdriftDiffusionLR_pwBelief,0.5,0.535641892611148,0.0170602640552783,0.0122165703987058,0.0920785798033598,0.989807367491208,1.33920100136689,2.55682653619718,0.5,48.6598171958483
CBC_1019,CBC_1019_MSI_TV_v3_Vset1_Tset3_2023-06-28_18h00.13.129.csv,4,1,0,1,z,0,1,0,tac,B,63,1,0B,1B,0,1,b,2.3024619,1,0,0,0,0B,1B,B01,2.77258872223978,0.5,0.5,0.5,0.5,0.5,0.5,0.5,0.5,0.5,0.5,0.5,0.5,0.5,0.5,0.5,0.5,0.5,0.5,0.5,0.5,0.134911972150477,0.499611873309192,-0.5,-0.0130332434164634,-0.5,0.138457128392853,CBCbothPairsAsymRW,CBCdriftDiffusionLR_pwBelief,0.5,0.375376624110631,0.0260664868329269,0.329150464650572,0.276914256785707,0.756339223614607,1.37558814826921,3.49249001777103,0.5,58.914477945813
CBC_1019,CBC_1019_MSI_TV_v3_Vset1_Tset3_2023-06-28_18h00.13.129.csv,4,2,0,1,b,1,0,3,tac,A,63,1,0A,1A,1,0,b,2.6774856,1,0,1,1,0A,1A,A01,2.83321334405622,0.5,0.5,0.5,0.5,0.486966756583537,0.638457128392854,0.5,0.5,0.5,0.5,0.5,0.5,0.5,0.5,0.5,0.5,0.5,0.5,0.5,0.5,0.117930848417574,0.501045323420824,0.5,0.187688312055315,0.5,-0.164575232325286,CBCbothPairsAsymRW,CBCdriftDiffusionLR_pwBelief,0.5,0.375376624110631,0.0260664868329269,0.329150464650572,0.276914256785707,0.756339223614607,1.37558814826921,3.49249001777103,0.5,58.914477945813
CBC_1019,CBC_1019_MSI_TV_v3_Vset1_Tset3_2023-06-28_18h00.13.129.csv,4,3,2,3,z,0,1,2,tac,D,63,1,2D,3D,0,1,b,2.57605,1,0,0,0,2D,3D,D23,2.89037175789616,0.687688312055315,0.335424767674714,0.5,0.5,0.486966756583537,0.638457128392854,0.5,0.5,0.5,0.5,0.5,0.5,0.5,0.5,0.5,0.5,0.5,0.5,0.5,0.5,0.122463253905991,0.5005521805602,-0.5,-0.0130332434164634,-0.5,0.138457128392853,CBCbothPairsAsymRW,CBCdriftDiffusionLR_pwBelief,0.5,0.375376624110631,0.0260664868329269,0.329150464650572,0.276914256785707,0.756339223614607,1.37558814826921,3.49249001777103,0.5,58.914477945813
CBC_1019,CBC_1019_MSI_TV_v3_Vset1_Tset3_2023-06-28_18h00.13.129.csv,4,4,2,1,z,0,1,0,tac,B,9,1,2B,1B,0,1,b,2.5355877,1,0,0,0,2B,1B,B21,2.94443897916644,0.687688312055315,0.335424767674714,0.5,0.5,0.486966756583537,0.638457128392854,0.5,0.5,0.5,0.5,0.5,0.5,0.5,0.5,0.486966756583537,0.638457128392854,0.361542871607146,0.638457128392854,0.5,0.638457128392854,0.0563320717172589,0.209965080853239,-0.5,-0.0130332434164634,-0.361542871607146,0.100116375587263,CBCbothPairsAsymRW,CBCdriftDiffusionLR_pwBelief,0.5,0.375376624110631,0.0260664868329269,0.329150464650572,0.276914256785707,0.756339223614607,1.37558814826921,3.49249001777103,0.5,58.914477945813
CBC_1019,CBC_1019_MSI_TV_v3_Vset1_Tset3_2023-06-28_18h00.13.129.csv,4,5,0,2,b,1,0,3,tac,A,27,1,0A,2A,1,0,b,2.6058723,1,0,1,1,0A,2A,A02,2.99573227355399,0.687688312055315,0.335424767674714,0.5,0.5,0.486966756583537,0.738573503980117,0.486966756583537,0.5,0.5,0.5,0.5,0.5,0.5,0.5,0.486966756583537,0.638457128392854,0.687688312055315,0.312311687944685,0.687688312055315,0.5,0.233021610636159,0.858879970136354,0.312311687944685,0.117234507090968,0.5,-0.164575232325286,CBCbothPairsAsymRW,CBCdriftDiffusionLR_pwBelief,0.5,0.375376624110631,0.0260664868329269,0.329150464650572,0.276914256785707,0.756339223614607,1.37558814826921,3.49249001777103,0.5,58.914477945813
CBC_1019,CBC_1019_MSI_TV_v3_Vset1_Tset3_2023-06-28_18h00.13.129.csv,4,6,2,3,b,1,0,1,tac,C,63,1,2C,3C,1,0,z,2.5756628,0,1,0,0,3C,2C,C23,3.04452243772342,0.804922819146284,0.335424767674714,0.335424767674714,0.5,0.486966756583537,0.738573503980117,0.486966756583537,0.5,0.5,0.5,0.5,0.5,0.5,0.5,0.486966756583537,0.638457128392854,0.5,0.5,0.5,0.5,0.122336403826137,0.499960744522616,-0.5,-0.0130332434164634,-0.5,0.138457128392853,CBCbothPairsAsymRW,CBCdriftDiffusionLR_pwBelief,0.5,0.375376624110631,0.0260664868329269,0.329150464650572,0.276914256785707,0.756339223614607,1.37558814826921,3.49249001777103,0.5,58.914477945813
CBC_1019,CBC_1019_MSI_TV_v3_Vset1_Tset3_2023-06-28_18h00.13.129.csv,4,7,1,3,z,0,1,2,tac,D,27,1,1D,3D,0,1,z,2.9212902,0,1,1,1,3D,1D,D13,3.09104245335832,0.804922819146284,0.335424767674714,0.335424767674714,0.5,0.486966756583537,0.738573503980117,0.486966756583537,0.5,0.5,0.5,0.638457128392854,0.486966756583537,0.5,0.5,0.486966756583537,0.638457128392854,0.638457128392854,0.361542871607146,0.638457128392854,0.5,0.17743668982563,0.789554333169863,0.361542871607146,0.135714742615154,0.5,-0.164575232325286,CBCbothPairsAsymRW,CBCdriftDiffusionLR_pwBelief,0.5,0.375376624110631,0.0260664868329269,0.329150464650572,0.276914256785707,0.756339223614607,1.37558814826921,3.49249001777103,0.5,58.914477945813
CBC_1019,CBC_1019_MSI_TV_v3_Vset1_Tset3_2023-06-28_18h00.13.129.csv,4,8,1,0,z,0,1,3,tac,A,63,1,1A,0A,0,1,z,1.3729785,0,1,1,1,0A,1A,A10,3.13549421592915,0.804922819146284,0.335424767674714,0.335424767674714,0.5,0.486966756583537,0.738573503980117,0.486966756583537,0.5,0.5,0.5,0.638457128392854,0.486966756583537,0.5,0.335424767674714,0.486966756583537,0.774171871008007,0.891010193927745,0.108989806072255,0.804922819146284,0.335424767674714,0.555228935148922,0.977089438146452,0.195077180853716,0.0732274135898869,0.335424767674714,-0.110405218135442,CBCbothPairsAsymRW,CBCdriftDiffusionLR_pwBelief,0.5,0.375376624110631,0.0260664868329269,0.329150464650572,0.276914256785707,0.756339223614607,1.37558814826921,3.49249001777103,0.5,58.914477945813
CBC_1019,CBC_1019_MSI_TV_v3_Vset1_Tset3_2023-06-28_18h00.13.129.csv,4,9,2,0,b,1,0,1,tac,C,27,1,2C,0C,1,0,b,2.5243611,1,0,1,1,2C,0C,C20,3.17805383034795,0.878150232736171,0.225019549539272,0.335424767674714,0.5,0.486966756583537,0.738573503980117,0.486966756583537,0.5,0.5,0.5,0.638457128392854,0.486966756583537,0.5,0.335424767674714,0.486966756583537,0.774171871008007,0.638457128392854,0.361542871607146,0.638457128392854,0.5,0.213367491708958,0.790907153250277,0.361542871607146,0.135714742615154,0.5,-0.164575232325286,CBCbothPairsAsymRW,CBCdriftDiffusionLR_pwBelief,0.5,0.375376624110631,0.0260664868329269,0.329150464650572,0.276914256785707,0.756339223614607,1.37558814826921,3.49249001777103,0.5,58.914477945813
CBC_1019,CBC_1019_MSI_TV_v3_Vset1_Tset3_2023-06-28_18h00.13.129.csv,4,10,2,3,z,0,1,2,tac,D,63,1,2D,3D,0,1,z,2.4674078,0,1,1,1,3D,2D,D23,2.52572864430826,0.878150232736171,0.225019549539272,0.335424767674714,0.5,0.486966756583537,0.738573503980117,0.486966756583537,0.5,0.335424767674714,0.5,0.774171871008007,0.486966756583537,0.5,0.335424767674714,0.486966756583537,0.774171871008007,0.78315782776438,0.21684217223562,0.774171871008007,0.486966756583537,0.295521979775428,0.938462033906552,0.225828128991993,0.0847706006902342,0.486966756583536,-0.160285334198853,CBCbothPairsAsymRW,CBCdriftDiffusionLR_pwBelief,0.5,0.375376624110631,0.0260664868329269,0.329150464650572,0.276914256785707,0.756339223614607,1.37558814826921,3.49249001777103,0.5,58.914477945813
CBC_1019,CBC_1019_MSI_TV_v3_Vset1_Tset3_2023-06-28_18h00.13.129.csv,4,11,1,0,b,1,0,0,tac,B,63,0,1B,0B,0,1,b,2.037069,1,0,1,0,1B,0B,B10,3.25809653802148,0.878150232736171,0.225019549539272,0.335424767674714,0.5,0.486966756583537,0.738573503980117,0.486966756583537,0.5,0.335424767674714,0.5,0.774171871008007,0.486966756583537,0.5,0.335424767674714,0.326681422384683,0.858942471698242,0.748515820398848,0.251484179601152,0.738573503980117,0.486966756583537,0.357503486602012,0.91593518447469,-0.738573503980117,-0.0192520165166464,-0.513033243416464,0.142066219307031,CBCbothPairsAsymRW,CBCdriftDiffusionLR_pwBelief,0.5,0.375376624110631,0.0260664868329269,0.329150464650572,0.276914256785707,0.756339223614607,1.37558814826921,3.49249001777103,0.5,58.914477945813
CBC_1019,CBC_1019_MSI_TV_v3_Vset1_Tset3_2023-06-28_18h00.13.129.csv,4,12,0,1,b,1,0,3,tac,A,63,1,0A,1A,1,0,b,1.6263769,1,0,1,1,0A,1A,A01,2.60268968544438,0.878150232736171,0.225019549539272,0.335424767674714,0.5,0.629032975890567,0.71932148746347,0.486966756583537,0.5,0.335424767674714,0.5,0.774171871008007,0.486966756583537,0.5,0.335424767674714,0.326681422384683,0.858942471698242,0.961271433406624,0.0387285665933763,0.878150232736171,0.225019549539272,0.67734993082688,0.988252910909998,0.121849767263829,0.0457395542841623,0.225019549539272,-0.0740652892863137,CBCbothPairsAsymRW,CBCdriftDiffusionLR_pwBelief,0.5,0.375376624110631,0.0260664868329269,0.329150464650572,0.276914256785707,0.756339223614607,1.37558814826921,3.49249001777103,0.5,58.914477945813
CBC_1019,CBC_1019_MSI_TV_v3_Vset1_Tset3_2023-06-28_18h00.13.129.csv,4,13,2,3,z,0,1,2,tac,D,63,1,2D,3D,0,1,z,2.2609267,0,1,1,1,3D,2D,D23,2.23359222150709,0.923889787020333,0.150954260252958,0.335424767674714,0.5,0.629032975890567,0.71932148746347,0.486966756583537,0.5,0.335424767674714,0.5,0.774171871008007,0.486966756583537,0.5,0.335424767674714,0.326681422384683,0.858942471698242,0.926202447789628,0.0737975522103723,0.858942471698242,0.326681422384683,0.377101785630161,0.983550436978155,0.141057528301758,0.0529496987793038,0.326681422384683,-0.107527341970628,CBCbothPairsAsymRW,CBCdriftDiffusionLR_pwBelief,0.5,0.375376624110631,0.0260664868329269,0.329150464650572,0.276914256785707,0.756339223614607,1.37558814826921,3.49249001777103,0.5,58.914477945813
CBC_1019,CBC_1019_MSI_TV_v3_Vset1_Tset3_2023-06-28_18h00.13.129.csv,4,14,2,0,b,1,0,1,tac,C,27,1,2C,0C,1,0,b,3.5527193,1,0,1,1,2C,0C,C20,2.67414864942653,0.923889787020333,0.150954260252958,0.335424767674714,0.5,0.629032975890567,0.71932148746347,0.486966756583537,0.5,0.335424767674714,0.5,0.774171871008007,0.486966756583537,0.5,0.335424767674714,0.219154080414055,0.911892170477545,0.871665999941521,0.128334000058479,0.774171871008007,0.335424767674714,0.114848605705767,0.972615390150204,0.225828128991993,0.0847706006902342,0.335424767674714,-0.110405218135442,CBCbothPairsAsymRW,CBCdriftDiffusionLR_pwBelief,0.5,0.375376624110631,0.0260664868329269,0.329150464650572,0.276914256785707,0.756339223614607,1.37558814826921,3.49249001777103,0.5,58.914477945813
CBC_1019,CBC_1019_MSI_TV_v3_Vset1_Tset3_2023-06-28_18h00.13.129.csv,4,15,0,1,b,1,0,3,tac,A,63,1,0A,1A,1,0,b,1.7953932,1,0,1,1,0A,1A,A01,2.30258509299405,0.923889787020333,0.150954260252958,0.335424767674714,0.5,0.629032975890567,0.71932148746347,0.486966756583537,0.5,0.225019549539272,0.5,0.858942471698242,0.486966756583537,0.5,0.335424767674714,0.219154080414055,0.911892170477545,0.985564818455192,0.0144351815448085,0.923889787020333,0.150954260252958,0.618333011096115,0.990671246399355,0.076110212979667,0.0285699948086485,0.150954260252958,-0.0496866649032445,CBCbothPairsAsymRW,CBCdriftDiffusionLR_pwBelief,0.5,0.375376624110631,0.0260664868329269,0.329150464650572,0.276914256785707,0.756339223614607,1.37558814826921,3.49249001777103,0.5,58.914477945813
CBC_1019,CBC_1019_MSI_TV_v3_Vset1_Tset3_2023-06-28_18h00.13.129.csv,4,16,1,3,b,1,0,0,tac,B,27,1,1B,3B,1,0,b,3.3852924,1,0,1,1,1B,3B,B13,3.43398720448515,0.952459781828981,0.101267595349713,0.335424767674714,0.5,0.629032975890567,0.71932148746347,0.486966756583537,0.5,0.225019549539272,0.5,0.858942471698242,0.486966756583537,0.5,0.335424767674714,0.219154080414055,0.911892170477545,0.71932148746347,0.28067851253653,0.71932148746347,0.5,0.157894288271647,0.891179894173895,0.28067851253653,0.105360152496356,0.5,-0.164575232325286,CBCbothPairsAsymRW,CBCdriftDiffusionLR_pwBelief,0.5,0.375376624110631,0.0260664868329269,0.329150464650572,0.276914256785707,0.756339223614607,1.37558814826921,3.49249001777103,0.5,58.914477945813
CBC_1019,CBC_1019_MSI_TV_v3_Vset1_Tset3_2023-06-28_18h00.13.129.csv,4,17,3,2,z,0,1,1,tac,C,63,1,3C,2C,0,1,b,2.3441867,1,0,0,0,3C,2C,C32,3.46573590279973,0.952459781828981,0.101267595349713,0.335424767674714,0.5,0.629032975890567,0.824681639959826,0.486966756583537,0.335424767674714,0.225019549539272,0.5,0.858942471698242,0.486966756583537,0.5,0.335424767674714,0.219154080414055,0.911892170477545,0.134857108305182,0.865142891694818,0.486966756583537,0.858942471698242,0.0103713984653086,0.0291721987787004,-0.486966756583537,-0.0126935125485579,-0.141057528301758,0.0390608406137103,CBCbothPairsAsymRW,CBCdriftDiffusionLR_pwBelief,0.5,0.375376624110631,0.0260664868329269,0.329150464650572,0.276914256785707,0.756339223614607,1.37558814826921,3.49249001777103,0.5,58.914477945813
CBC_1019,CBC_1019_MSI_TV_v3_Vset1_Tset3_2023-06-28_18h00.13.129.csv,4,18,2,3,z,0,1,2,tac,D,63,0,2D,3D,1,0,z,2.4753489,0,1,1,0,3D,2D,D23,2.11021320034659,0.952459781828981,0.101267595349713,0.335424767674714,0.5,0.629032975890567,0.824681639959826,0.486966756583537,0.335424767674714,0.225019549539272,0.5,0.898003312311952,0.474273244034979,0.5,0.335424767674714,0.219154080414055,0.911892170477545,0.973598113740919,0.0264018862590812,0.911892170477545,0.219154080414055,0.287252407621855,0.98954612862122,-0.911892170477545,-0.0237698252548021,-0.780845919585945,0.216227367486294,CBCbothPairsAsymRW,CBCdriftDiffusionLR_pwBelief,0.5,0.375376624110631,0.0260664868329269,0.329150464650572,0.276914256785707,0.756339223614607,1.37558814826921,3.49249001777103,0.5,58.914477945813
CBC_1019,CBC_1019_MSI_TV_v3_Vset1_Tset3_2023-06-28_18h00.13.129.csv,4,19,1,0,b,1,0,0,tac,B,63,1,1B,0B,1,0,b,1.6834246,1,0,1,1,1B,0B,B10,2.83321334405622,0.952459781828981,0.101267595349713,0.335424767674714,0.5,0.629032975890567,0.824681639959826,0.486966756583537,0.335424767674714,0.225019549539272,0.5,0.898003312311952,0.474273244034979,0.5,0.335424767674714,0.435381447900349,0.888122345222743,0.735035587738813,0.264964412261187,0.824681639959826,0.629032975890567,0.38448671671841,0.905710788029811,0.175318360040174,0.0658104141364925,0.629032975890567,-0.207046496294912,CBCbothPairsAsymRW,CBCdriftDiffusionLR_pwBelief,0.5,0.375376624110631,0.0260664868329269,0.329150464650572,0.276914256785707,0.756339223614607,1.37558814826921,3.49249001777103,0.5,58.914477945813
CBC_1019,CBC_1019_MSI_TV_v3_Vset1_Tset3_2023-06-28_18h00.13.129.csv,4,20,2,0,z,0,1,3,tac,A,27,1,2A,0A,0,1,z,1.2793285,0,1,1,1,0A,2A,A20,3.55534806148941,0.952459781828981,0.101267595349713,0.335424767674714,0.5,0.421986479595655,0.890492054096319,0.486966756583537,0.335424767674714,0.225019549539272,0.5,0.898003312311952,0.474273244034979,0.5,0.335424767674714,0.435381447900349,0.888122345222743,0.975426884537226,0.0245731154627742,0.952459781828981,0.335424767674714,0.626617258838845,0.989742481803541,0.0475402181710185,0.0178454866065198,0.335424767674714,-0.110405218135442,CBCbothPairsAsymRW,CBCdriftDiffusionLR_pwBelief,0.5,0.375376624110631,0.0260664868329269,0.329150464650572,0.276914256785707,0.756339223614607,1.37558814826921,3.49249001777103,0.5,58.914477945813
CBC_1019,CBC_1019_MSI_TV_v3_Vset1_Tset3_2023-06-28_18h00.13.129.csv,4,21,0,3,z,0,1,2,tac,D,9,1,0D,3D,0,1,z,2.1857573,0,1,1,1,3D,0D,D03,3.58351893845611,0.970305268435501,0.101267595349713,0.225019549539272,0.5,0.421986479595655,0.890492054096319,0.486966756583537,0.335424767674714,0.225019549539272,0.5,0.898003312311952,0.474273244034979,0.5,0.335424767674714,0.435381447900349,0.888122345222743,0.888122345222743,0.111877654777257,0.888122345222743,0.5,0.400624700947199,0.976607052157744,0.111877654777257,0.0419962563637012,0.5,-0.164575232325286,CBCbothPairsAsymRW,CBCdriftDiffusionLR_pwBelief,0.5,0.375376624110631,0.0260664868329269,0.329150464650572,0.276914256785707,0.756339223614607,1.37558814826921,3.49249001777103,0.5,58.914477945813
CBC_1019,CBC_1019_MSI_TV_v3_Vset1_Tset3_2023-06-28_18h00.13.129.csv,4,22,2,3,b,1,0,1,tac,C,63,1,2C,3C,1,0,b,2.6993144,1,0,1,1,2C,3C,C23,2.91777073208428,0.970305268435501,0.101267595349713,0.225019549539272,0.5,0.421986479595655,0.890492054096319,0.486966756583537,0.335424767674714,0.225019549539272,0.5,0.898003312311952,0.474273244034979,0.335424767674714,0.335424767674714,0.435381447900349,0.930118601586444,0.907058054617395,0.0929419453826054,0.898003312311952,0.474273244034979,0.243832129499879,0.98042564054157,0.101996687688048,0.0382871722948058,0.474273244034979,-0.156107258645447,CBCbothPairsAsymRW,CBCdriftDiffusionLR_pwBelief,0.5,0.375376624110631,0.0260664868329269,0.329150464650572,0.276914256785707,0.756339223614607,1.37558814826921,3.49249001777103,0.5,58.914477945813
CBC_1019,CBC_1019_MSI_TV_v3_Vset1_Tset3_2023-06-28_18h00.13.129.csv,4,23,3,1,z,0,1,0,tac,B,27,1,3B,1B,0,1,z,2.304894,0,1,1,1,1B,3B,B31,3.63758615972639,0.970305268435501,0.101267595349713,0.225019549539272,0.5,0.421986479595655,0.890492054096319,0.486966756583537,0.335424767674714,0.225019549539272,0.5,0.936290484606758,0.318165985389531,0.335424767674714,0.335424767674714,0.435381447900349,0.930118601586444,0.941559448474903,0.0584405515250973,0.890492054096319,0.335424767674714,0.358974789368983,0.985845610584127,0.109507945903681,0.0411067230466134,0.335424767674714,-0.110405218135442,CBCbothPairsAsymRW,CBCdriftDiffusionLR_pwBelief,0.5,0.375376624110631,0.0260664868329269,0.329150464650572,0.276914256785707,0.756339223614607,1.37558814826921,3.49249001777103,0.5,58.914477945813
CBC_1019,CBC_1019_MSI_TV_v3_Vset1_Tset3_2023-06-28_18h00.13.129.csv,4,24,3,2,z,0,1,1,tac,C,63,1,3C,2C,0,1,z,2.3873498,0,1,1,1,2C,3C,C32,2.9704144655697,0.970305268435501,0.101267595349713,0.225019549539272,0.5,0.421986479595655,0.931598777142932,0.486966756583537,0.225019549539272,0.225019549539272,0.5,0.936290484606758,0.318165985389531,0.335424767674714,0.335424767674714,0.435381447900349,0.930118601586444,0.969225321218588,0.030774678781412,0.936290484606758,0.318165985389531,0.320857535509446,0.989128737624805,0.0637095153932423,0.0239150628120396,0.318165985389531,-0.104724481926971,CBCbothPairsAsymRW,CBCdriftDiffusionLR_pwBelief,0.5,0.375376624110631,0.0260664868329269,0.329150464650572,0.276914256785707,0.756339223614607,1.37558814826921,3.49249001777103,0.5,58.914477945813
CBC_1019,CBC_1019_MSI_TV_v3_Vset1_Tset3_2023-06-28_18h00.13.129.csv,4,25,2,3,z,0,1,2,tac,D,63,1,2D,3D,0,1,z,2.3175106,0,1,1,1,3D,2D,D23,2.07944154167984,0.970305268435501,0.101267595349713,0.225019549539272,0.5,0.421986479595655,0.931598777142932,0.486966756583537,0.225019549539272,0.225019549539272,0.5,0.960205547418797,0.21344150346256,0.335424767674714,0.335424767674714,0.435381447900349,0.930118601586444,0.945238011417438,0.0547619885825621,0.930118601586444,0.435381447900349,0.353590911806268,0.986303421078221,0.0698813984135556,0.0262318434246105,0.435381447900349,-0.143306005876639,CBCbothPairsAsymRW,CBCdriftDiffusionLR_pwBelief,0.5,0.375376624110631,0.0260664868329269,0.329150464650572,0.276914256785707,0.756339223614607,1.37558814826921,3.49249001777103,0.5,58.914477945813
CBC_1019,CBC_1019_MSI_TV_v3_Vset1_Tset3_2023-06-28_18h00.13.129.csv,4,26,1,0,b,1,0,0,tac,B,63,1,1B,0B,1,0,b,3.5240417,1,0,1,1,1B,0B,B10,2.6149597780362,0.970305268435501,0.101267595349713,0.225019549539272,0.5,0.421986479595655,0.931598777142932,0.486966756583537,0.225019549539272,0.225019549539272,0.5,0.960205547418797,0.21344150346256,0.335424767674714,0.335424767674714,0.29207544202371,0.956350445011055,0.949123389350254,0.0508766106497459,0.931598777142932,0.421986479595655,0.0878003973398489,0.986840594742833,0.0684012228570678,0.025676220121125,0.421986479595655,-0.138897045835169,CBCbothPairsAsymRW,CBCdriftDiffusionLR_pwBelief,0.5,0.375376624110631,0.0260664868329269,0.329150464650572,0.276914256785707,0.756339223614607,1.37558814826921,3.49249001777103,0.5,58.914477945813
CBC_1019,CBC_1019_MSI_TV_v3_Vset1_Tset3_2023-06-28_18h00.13.129.csv,4,27,0,3,b,1,0,3,tac,A,9,1,0A,3A,1,0,b,1.144349,1,0,1,1,0A,3A,A03,3.73766961828337,0.970305268435501,0.101267595349713,0.225019549539272,0.5,0.283089433760486,0.957274997264057,0.486966756583537,0.225019549539272,0.225019549539272,0.5,0.960205547418797,0.21344150346256,0.335424767674714,0.335424767674714,0.29207544202371,0.956350445011055,0.970305268435501,0.0296947315644988,0.970305268435501,0.5,0.390859360414521,0.989121054521824,0.0296947315644988,0.0111467080885529,0.5,-0.164575232325286,CBCbothPairsAsymRW,CBCdriftDiffusionLR_pwBelief,0.5,0.375376624110631,0.0260664868329269,0.329150464650572,0.276914256785707,0.756339223614607,1.37558814826921,3.49249001777103,0.5,58.914477945813
CBC_1019,CBC_1019_MSI_TV_v3_Vset1_Tset3_2023-06-28_18h00.13.129.csv,4,28,2,3,z,0,1,2,tac,D,63,1,2D,3D,0,1,z,2.4462701,0,1,1,1,3D,2D,D23,1.96944064646551,0.981451976524054,0.101267595349713,0.225019549539272,0.335424767674714,0.283089433760486,0.957274997264057,0.486966756583537,0.225019549539272,0.225019549539272,0.5,0.960205547418797,0.21344150346256,0.335424767674714,0.335424767674714,0.29207544202371,0.956350445011055,0.981517159445856,0.0184828405541439,0.956350445011055,0.29207544202371,0.294581537596632,0.990289346551136,0.0436495549889451,0.0163850225956815,0.29207544202371,-0.0961367674551255,CBCbothPairsAsymRW,CBCdriftDiffusionLR_pwBelief,0.5,0.375376624110631,0.0260664868329269,0.329150464650572,0.276914256785707,0.756339223614607,1.37558814826921,3.49249001777103,0.5,58.914477945813
CBC_1019,CBC_1019_MSI_TV_v3_Vset1_Tset3_2023-06-28_18h00.13.129.csv,4,29,2,0,b,1,0,1,tac,C,27,1,2C,0C,1,0,b,2.1984098,1,0,1,1,2C,0C,C20,2.68557734525015,0.981451976524054,0.101267595349713,0.225019549539272,0.335424767674714,0.283089433760486,0.957274997264057,0.486966756583537,0.225019549539272,0.225019549539272,0.5,0.960205547418797,0.21344150346256,0.335424767674714,0.335424767674714,0.195938674568585,0.972735467606736,0.988109695176999,0.0118903048230012,0.960205547418797,0.225019549539272,0.396929548147358,0.990932296045218,0.0397944525812027,0.0149379072682625,0.225019549539272,-0.0740652892863137,CBCbothPairsAsymRW,CBCdriftDiffusionLR_pwBelief,0.5,0.375376624110631,0.0260664868329269,0.329150464650572,0.276914256785707,0.756339223614607,1.37558814826921,3.49249001777103,0.5,58.914477945813
CBC_1019,CBC_1019_MSI_TV_v3_Vset1_Tset3_2023-06-28_18h00.13.129.csv,4,30,1,0,z,0,1,3,tac,A,63,0,1A,0A,1,0,z,1.8848253,0,1,1,0,0A,1A,A10,3.11351530921037,0.981451976524054,0.101267595349713,0.225019549539272,0.335424767674714,0.283089433760486,0.957274997264057,0.486966756583537,0.225019549539272,0.150954260252958,0.5,0.97514345468706,0.21344150346256,0.335424767674714,0.335424767674714,0.195938674568585,0.972735467606736,0.997875068904456,0.00212493109554441,0.981451976524054,0.101267595349713,0.570661944712706,0.991662682406067,-0.981451976524054,-0.0255830050232143,-0.898732404650287,0.248871815882965,CBCbothPairsAsymRW,CBCdriftDiffusionLR_pwBelief,0.5,0.375376624110631,0.0260664868329269,0.329150464650572,0.276914256785707,0.756339223614607,1.37558814826921,3.49249001777103,0.5,58.914477945813
CBC_1019,CBC_1019_MSI_TV_v3_Vset1_Tset3_2023-06-28_18h00.13.129.csv,4,31,1,0,b,1,0,0,tac,B,63,1,1B,0B,1,0,b,1.6043737,1,0,1,1,1B,0B,B10,2.4423470353692,0.95586897150084,0.350139411232679,0.225019549539272,0.335424767674714,0.283089433760486,0.957274997264057,0.486966756583537,0.225019549539272,0.150954260252958,0.5,0.97514345468706,0.21344150346256,0.335424767674714,0.335424767674714,0.195938674568585,0.972735467606736,0.982681242623969,0.0173187573760309,0.957274997264057,0.283089433760486,0.710844011984847,0.990394639255675,0.0427250027359428,0.0160379672921357,0.283089433760486,-0.0931790186599313,CBCbothPairsAsymRW,CBCdriftDiffusionLR_pwBelief,0.5,0.375376624110631,0.0260664868329269,0.329150464650572,0.276914256785707,0.756339223614607,1.37558814826921,3.49249001777103,0.5,58.914477945813
CBC_1019,CBC_1019_MSI_TV_v3_Vset1_Tset3_2023-06-28_18h00.13.129.csv,4,32,3,1,b,1,0,2,tac,D,27,1,3D,1D,1,0,b,2.2580061,1,0,1,1,3D,1D,D31,3.85014760171006,0.95586897150084,0.350139411232679,0.225019549539272,0.335424767674714,0.189910415100555,0.973312964556193,0.486966756583537,0.225019549539272,0.150954260252958,0.5,0.97514345468706,0.21344150346256,0.335424767674714,0.335424767674714,0.195938674568585,0.972735467606736,0.98605066486277,0.0139493351372297,0.972735467606736,0.335424767674714,0.369669539423002,0.990728764974929,0.0272645323932635,0.0102344681277382,0.335424767674714,-0.110405218135442,CBCbothPairsAsymRW,CBCdriftDiffusionLR_pwBelief,0.5,0.375376624110631,0.0260664868329269,0.329150464650572,0.276914256785707,0.756339223614607,1.37558814826921,3.49249001777103,0.5,58.914477945813
CBC_1019,CBC_1019_MSI_TV_v3_Vset1_Tset3_2023-06-28_18h00.13.129.csv,4,33,3,2,z,0,1,1,tac,C,63,1,3C,2C,0,1,z,2.3263371,0,1,1,1,2C,3C,C32,2.77258872223978,0.95586897150084,0.350139411232679,0.225019549539272,0.335424767674714,0.189910415100555,0.973312964556193,0.486966756583537,0.225019549539272,0.150954260252958,0.5,0.97514345468706,0.21344150346256,0.335424767674714,0.225019549539272,0.195938674568585,0.982969935734475,0.993130479664831,0.00686952033516872,0.97514345468706,0.21344150346256,0.337467220172861,0.991324580956974,0.0248565453129402,0.00933056606662442,0.21344150346256,-0.0702543700404183,CBCbothPairsAsymRW,CBCdriftDiffusionLR_pwBelief,0.5,0.375376624110631,0.0260664868329269,0.329150464650572,0.276914256785707,0.756339223614607,1.37558814826921,3.49249001777103,0.5,58.914477945813
CBC_1019,CBC_1019_MSI_TV_v3_Vset1_Tset3_2023-06-28_18h00.13.129.csv,4,34,1,0,b,1,0,0,tac,B,63,1,1B,0B,1,0,b,2.2942504,1,0,1,1,1B,0B,B10,2.28238238567653,0.95586897150084,0.350139411232679,0.225019549539272,0.335424767674714,0.189910415100555,0.973312964556193,0.486966756583537,0.225019549539272,0.150954260252958,0.5,0.984474020753684,0.143187133422142,0.335424767674714,0.225019549539272,0.195938674568585,0.982969935734475,0.993613235150646,0.00638676484935374,0.973312964556193,0.189910415100555,0.351204919239284,0.991371415559148,0.0266870354438071,0.0100176892724171,0.189910415100555,-0.0625091013723306,CBCbothPairsAsymRW,CBCdriftDiffusionLR_pwBelief,0.5,0.375376624110631,0.0260664868329269,0.329150464650572,0.276914256785707,0.756339223614607,1.37558814826921,3.49249001777103,0.5,58.914477945813
CBC_1019,CBC_1019_MSI_TV_v3_Vset1_Tset3_2023-06-28_18h00.13.129.csv,4,35,0,1,b,1,0,3,tac,A,63,1,0A,1A,1,0,b,0.9883907,1,0,1,1,0A,1A,A01,2.52572864430826,0.95586897150084,0.350139411232679,0.225019549539272,0.335424767674714,0.127401313728224,0.98333065382861,0.486966756583537,0.225019549539272,0.150954260252958,0.5,0.984474020753684,0.143187133422142,0.335424767674714,0.225019549539272,0.195938674568585,0.982969935734475,0.975728562392367,0.024271437607633,0.95586897150084,0.350139411232679,0.0704106864123553,0.989772591647466,0.0441310284991602,0.0165657564965448,0.350139411232679,-0.115248549899714,CBCbothPairsAsymRW,CBCdriftDiffusionLR_pwBelief,0.5,0.375376624110631,0.0260664868329269,0.329150464650572,0.276914256785707,0.756339223614607,1.37558814826921,3.49249001777103,0.5,58.914477945813
CBC_1019,CBC_1019_MSI_TV_v3_Vset1_Tset3_2023-06-28_18h00.13.129.csv,4,36,1,2,z,0,1,1,tac,C,9,1,1C,2C,0,1,z,2.569847,0,1,1,1,2C,1C,C12,3.93182563272433,0.972434727997385,0.234890861332965,0.225019549539272,0.335424767674714,0.127401313728224,0.98333065382861,0.486966756583537,0.225019549539272,0.150954260252958,0.5,0.984474020753684,0.143187133422142,0.335424767674714,0.225019549539272,0.195938674568585,0.982969935734475,0.984474020753684,0.0155259792463158,0.984474020753684,0.5,0.250999974256716,0.990586988093224,0.0155259792463158,0.00582808967549375,0.5,-0.164575232325286,CBCbothPairsAsymRW,CBCdriftDiffusionLR_pwBelief,0.5,0.375376624110631,0.0260664868329269,0.329150464650572,0.276914256785707,0.756339223614607,1.37558814826921,3.49249001777103,0.5,58.914477945813
CBC_1019,CBC_1019_MSI_TV_v3_Vset1_Tset3_2023-06-28_18h00.13.129.csv,4,37,1,0,z,0,1,3,tac,A,63,1,1A,0A,0,1,z,1.873662,0,1,1,1,0A,1A,A10,2.85263142991332,0.972434727997385,0.234890861332965,0.225019549539272,0.335424767674714,0.127401313728224,0.98333065382861,0.486966756583537,0.225019549539272,0.150954260252958,0.335424767674714,0.990302110429178,0.143187133422142,0.335424767674714,0.225019549539272,0.195938674568585,0.982969935734475,0.991372569855459,0.00862743014454143,0.972434727997385,0.234890861332965,0.575373188558908,0.991184500296963,0.0275652720026154,0.010347358747033,0.234890861332965,-0.0773144361499185,CBCbothPairsAsymRW,CBCdriftDiffusionLR_pwBelief,0.5,0.375376624110631,0.0260664868329269,0.329150464650572,0.276914256785707,0.756339223614607,1.37558814826921,3.49249001777103,0.5,58.914477945813
CBC_1019,CBC_1019_MSI_TV_v3_Vset1_Tset3_2023-06-28_18h00.13.129.csv,4,38,3,1,b,1,0,2,tac,D,27,1,3D,1D,1,0,b,2.7315329,1,0,1,1,3D,1D,D31,3.27714473299218,0.982782086744418,0.157576425183046,0.225019549539272,0.335424767674714,0.127401313728224,0.98333065382861,0.486966756583537,0.225019549539272,0.150954260252958,0.335424767674714,0.990302110429178,0.143187133422142,0.335424767674714,0.225019549539272,0.195938674568585,0.982969935734475,0.994994743458548,0.00500525654145156,0.982969935734475,0.225019549539272,0.198896311903624,0.991500941769831,0.0170300642655253,0.00639268803237999,0.225019549539272,-0.0740652892863137,CBCbothPairsAsymRW,CBCdriftDiffusionLR_pwBelief,0.5,0.375376624110631,0.0260664868329269,0.329150464650572,0.276914256785707,0.756339223614607,1.37558814826921,3.49249001777103,0.5,58.914477945813
CBC_1019,CBC_1019_MSI_TV_v3_Vset1_Tset3_2023-06-28_18h00.13.129.csv,4,39,0,1,z,0,1,0,tac,B,63,1,0B,1B,0,1,z,1.2661621,0,1,1,1,1B,0B,B01,3.29583686600433,0.982782086744418,0.157576425183046,0.225019549539272,0.335424767674714,0.127401313728224,0.98333065382861,0.486966756583537,0.225019549539272,0.150954260252958,0.335424767674714,0.990302110429178,0.143187133422142,0.335424767674714,0.150954260252958,0.195938674568585,0.989362623766855,0.997531092717341,0.0024689072826595,0.98333065382861,0.127401313728224,0.651422172248688,0.991686433484749,0.01666934617139,0.00625728289194786,0.127401313728224,-0.0419342016107382,CBCbothPairsAsymRW,CBCdriftDiffusionLR_pwBelief,0.5,0.375376624110631,0.0260664868329269,0.329150464650572,0.276914256785707,0.756339223614607,1.37558814826921,3.49249001777103,0.5,58.914477945813
CBC_1019,CBC_1019_MSI_TV_v3_Vset1_Tset3_2023-06-28_18h00.13.129.csv,4,40,2,3,b,1,0,1,tac,C,63,0,2C,3C,0,1,b,2.5286731,1,0,1,0,2C,3C,C23,2.90872089656436,0.982782086744418,0.157576425183046,0.225019549539272,0.335424767674714,0.0854671121174858,0.989587936720558,0.486966756583537,0.225019549539272,0.150954260252958,0.335424767674714,0.990302110429178,0.143187133422142,0.335424767674714,0.150954260252958,0.195938674568585,0.989362623766855,0.998366130430481,0.00163386956951905,0.990302110429178,0.143187133422142,0.258013700092439,0.991737166497974,-0.990302110429178,-0.0258136969221219,-0.856812866577858,0.237263698152839,CBCbothPairsAsymRW,CBCdriftDiffusionLR_pwBelief,0.5,0.375376624110631,0.0260664868329269,0.329150464650572,0.276914256785707,0.756339223614607,1.37558814826921,3.49249001777103,0.5,58.914477945813
CBC_1019,CBC_1019_MSI_TV_v3_Vset1_Tset3_2023-06-28_18h00.13.129.csv,4,41,2,0,z,0,1,3,tac,A,27,1,2A,0A,0,1,z,1.836847,0,1,1,1,0A,2A,A20,3.3322045101752,0.982782086744418,0.157576425183046,0.225019549539272,0.335424767674714,0.0854671121174858,0.989587936720558,0.486966756583537,0.225019549539272,0.150954260252958,0.335424767674714,0.964488413507056,0.38045083157498,0.335424767674714,0.150954260252958,0.195938674568585,0.989362623766855,0.994938850374052,0.00506114962594844,0.982782086744418,0.225019549539272,0.598785741837502,0.991447170068273,0.0172179132555823,0.00646320215211016,0.225019549539272,-0.0740652892863137,CBCbothPairsAsymRW,CBCdriftDiffusionLR_pwBelief,0.5,0.375376624110631,0.0260664868329269,0.329150464650572,0.276914256785707,0.756339223614607,1.37558814826921,3.49249001777103,0.5,58.914477945813
CBC_1019,CBC_1019_MSI_TV_v3_Vset1_Tset3_2023-06-28_18h00.13.129.csv,4,42,3,2,b,1,0,2,tac,D,63,1,3D,2D,1,0,b,2.5341692,1,0,1,1,3D,2D,D32,4.04305126783455,0.989245288896528,0.157576425183046,0.150954260252958,0.335424767674714,0.0854671121174858,0.989587936720558,0.486966756583537,0.225019549539272,0.150954260252958,0.335424767674714,0.964488413507056,0.38045083157498,0.335424767674714,0.150954260252958,0.195938674568585,0.989362623766855,0.997386794120472,0.00261320587952762,0.989362623766855,0.195938674568585,0.256671633325567,0.991653575155882,0.0106373762331453,0.00399302237979274,0.195938674568585,-0.0644933057772669,CBCbothPairsAsymRW,CBCdriftDiffusionLR_pwBelief,0.5,0.375376624110631,0.0260664868329269,0.329150464650572,0.276914256785707,0.756339223614607,1.37558814826921,3.49249001777103,0.5,58.914477945813
CBC_1019,CBC_1019_MSI_TV_v3_Vset1_Tset3_2023-06-28_18h00.13.129.csv,4,43,3,1,z,0,1,0,tac,B,27,1,3B,1B,0,1,z,1.4314789,0,1,1,1,1B,3B,B31,3.36729582998647,0.989245288896528,0.157576425183046,0.150954260252958,0.335424767674714,0.0854671121174858,0.989587936720558,0.486966756583537,0.225019549539272,0.150954260252958,0.335424767674714,0.964488413507056,0.38045083157498,0.335424767674714,0.150954260252958,0.131445368791318,0.993355646146647,0.996954299736554,0.00304570026344612,0.989587936720558,0.225019549539272,0.760500058751882,0.991642380994076,0.0104120632794422,0.00390844516386328,0.225019549539272,-0.0740652892863137,CBCbothPairsAsymRW,CBCdriftDiffusionLR_pwBelief,0.5,0.375376624110631,0.0260664868329269,0.329150464650572,0.276914256785707,0.756339223614607,1.37558814826921,3.49249001777103,0.5,58.914477945813
CBC_1019,CBC_1019_MSI_TV_v3_Vset1_Tset3_2023-06-28_18h00.13.129.csv,4,44,2,3,b,1,0,1,tac,C,63,1,2C,3C,1,0,b,2.9462026,1,0,1,1,2C,3C,C23,2.69124308278583,0.989245288896528,0.157576425183046,0.150954260252958,0.335424767674714,0.0854671121174858,0.993496381884421,0.486966756583537,0.150954260252958,0.150954260252958,0.335424767674714,0.964488413507056,0.38045083157498,0.335424767674714,0.150954260252958,0.131445368791318,0.993355646146647,0.977890145273223,0.0221098547267772,0.964488413507056,0.38045083157498,0.1588007036376,0.98991568012448,0.0355115864929439,0.013330219454534,0.38045083157498,-0.125225567989601,CBCbothPairsAsymRW,CBCdriftDiffusionLR_pwBelief,0.5,0.375376624110631,0.0260664868329269,0.329150464650572,0.276914256785707,0.756339223614607,1.37558814826921,3.49249001777103,0.5,58.914477945813
