ID,filename,session,trial,visStimLeft,visStimRight,correctKey,leftCorrect,rightCorrect,secondStim,mod2Type,mod2Stim,frequency,rewardAccurate,stimPairLeft,stimPairRight,pCorrectLeft,pCorrectRight,key,reactionTime,choiceLeft,choiceRight,choiceAccurate,reward,chosenPair,otherPair,triplet,surprise,0A belief,1A belief,2A belief,3A belief,0B belief,1B belief,2B belief,3B belief,0C belief,1C belief,2C belief,3C belief,0D belief,1D belief,2D belief,3D belief,beliefPairNorm,beliefOtherPairNorm,beliefPair,beliefOtherPair,lik,corrLik,rewardPE,update2,rewardPEOP,update2OP,fit_percModel,fit_respModel,fit_startBelief,fit_alpha1,fit_alpha2,fit_nonDecisionTime,fit_weight,fit_startingBoundary,fit_startingPoint,fit_NLL
CBC_1020,CBC_1020_MSI_TV_v3_Vset1_Tset2_2023-06-28_15h03.37.595.csv,1,1,1,0,b,1,0,0,tac,B,63,1,1B,0B,1,0,z,2.3386438,0,1,0,0,0B,1B,B10,2.77258872223978,0.5,0.5,0.5,0.5,0.5,0.5,0.5,0.5,0.5,0.5,0.5,0.5,0.5,0.5,0.5,0.5,0.5,0.5,0.5,0.5,0.237043549479398,0.499878915584125,-0.5,-0.119442867620376,-0.5,0.0416354499216388,CBCbothPairsRW,CBCdriftDiffusionLR,0.5,0.238885735240752,0.0832708998432776,1.35231932587475,0,2.23122959297284,0.5,70.0355631143916
CBC_1020,CBC_1020_MSI_TV_v3_Vset1_Tset2_2023-06-28_15h03.37.595.csv,1,2,1,0,z,0,1,3,tac,A,63,1,1A,0A,0,1,z,2.3928044,0,1,1,1,0A,1A,A10,2.83321334405622,0.5,0.5,0.5,0.5,0.380557132379624,0.541635449921639,0.5,0.5,0.5,0.5,0.5,0.5,0.5,0.5,0.5,0.5,0.5,0.5,0.5,0.5,0.22439618342367,0.499097220736376,0.5,0.119442867620376,0.5,-0.0416354499216388,CBCbothPairsRW,CBCdriftDiffusionLR,0.5,0.238885735240752,0.0832708998432776,1.35231932587475,0,2.23122959297284,0.5,70.0355631143916
CBC_1020,CBC_1020_MSI_TV_v3_Vset1_Tset2_2023-06-28_15h03.37.595.csv,1,3,3,2,b,1,0,1,tac,D,63,1,3D,2D,1,0,b,2.2867541,1,0,1,1,3D,2D,D32,2.89037175789616,0.619442867620376,0.458364550078361,0.5,0.5,0.380557132379624,0.541635449921639,0.5,0.5,0.5,0.5,0.5,0.5,0.5,0.5,0.5,0.5,0.5,0.5,0.5,0.5,0.249484923304632,0.500045162537162,0.5,0.119442867620376,0.5,-0.0416354499216388,CBCbothPairsRW,CBCdriftDiffusionLR,0.5,0.238885735240752,0.0832708998432776,1.35231932587475,0,2.23122959297284,0.5,70.0355631143916
CBC_1020,CBC_1020_MSI_TV_v3_Vset1_Tset2_2023-06-28_15h03.37.595.csv,1,4,1,2,b,1,0,0,tac,B,9,1,1B,2B,1,0,z,2.3800762,0,1,0,0,2B,1B,B12,2.94443897916644,0.619442867620376,0.458364550078361,0.5,0.5,0.380557132379624,0.541635449921639,0.5,0.5,0.5,0.5,0.5,0.5,0.5,0.5,0.458364550078361,0.619442867620376,0.480014385107203,0.519985614892797,0.5,0.541635449921639,0.227584803640574,0.499884659530166,-0.5,-0.119442867620376,-0.458364550078361,0.0381684285412842,CBCbothPairsRW,CBCdriftDiffusionLR,0.5,0.238885735240752,0.0832708998432776,1.35231932587475,0,2.23122959297284,0.5,70.0355631143916
CBC_1020,CBC_1020_MSI_TV_v3_Vset1_Tset2_2023-06-28_15h03.37.595.csv,1,5,2,0,z,0,1,3,tac,A,27,1,2A,0A,0,1,b,2.3697365,1,0,0,0,2A,0A,A20,2.99573227355399,0.619442867620376,0.458364550078361,0.5,0.5,0.380557132379624,0.579803878462923,0.380557132379624,0.5,0.5,0.5,0.5,0.5,0.5,0.5,0.458364550078361,0.619442867620376,0.446650753211605,0.553349246788395,0.5,0.619442867620376,0.229967238826943,0.50000406013341,-0.5,-0.119442867620376,-0.380557132379624,0.0316893348550286,CBCbothPairsRW,CBCdriftDiffusionLR,0.5,0.238885735240752,0.0832708998432776,1.35231932587475,0,2.23122959297284,0.5,70.0355631143916
CBC_1020,CBC_1020_MSI_TV_v3_Vset1_Tset2_2023-06-28_15h03.37.595.csv,1,6,3,2,z,0,1,2,tac,C,63,1,3C,2C,0,1,b,2.1898982,1,0,0,0,3C,2C,C32,3.04452243772342,0.651132202475404,0.458364550078361,0.380557132379624,0.5,0.380557132379624,0.579803878462923,0.380557132379624,0.5,0.5,0.5,0.5,0.5,0.5,0.5,0.458364550078361,0.619442867620376,0.5,0.5,0.5,0.5,0.273675625232342,0.499365944877769,-0.5,-0.119442867620376,-0.5,0.0416354499216388,CBCbothPairsRW,CBCdriftDiffusionLR,0.5,0.238885735240752,0.0832708998432776,1.35231932587475,0,2.23122959297284,0.5,70.0355631143916
CBC_1020,CBC_1020_MSI_TV_v3_Vset1_Tset2_2023-06-28_15h03.37.595.csv,1,7,3,1,b,1,0,1,tac,D,27,1,3D,1D,1,0,z,2.1256749,0,1,0,0,1D,3D,D31,3.09104245335832,0.651132202475404,0.458364550078361,0.380557132379624,0.5,0.380557132379624,0.579803878462923,0.380557132379624,0.5,0.5,0.5,0.541635449921639,0.380557132379624,0.5,0.5,0.458364550078361,0.619442867620376,0.446650753211605,0.553349246788395,0.5,0.619442867620376,0.291553426180513,0.500481381532396,-0.5,-0.119442867620376,-0.380557132379624,0.0316893348550286,CBCbothPairsRW,CBCdriftDiffusionLR,0.5,0.238885735240752,0.0832708998432776,1.35231932587475,0,2.23122959297284,0.5,70.0355631143916
CBC_1020,CBC_1020_MSI_TV_v3_Vset1_Tset2_2023-06-28_15h03.37.595.csv,1,8,0,1,b,1,0,3,tac,A,63,1,0A,1A,1,0,z,2.5859114,0,1,0,0,1A,0A,A01,3.13549421592915,0.651132202475404,0.458364550078361,0.380557132379624,0.5,0.380557132379624,0.579803878462923,0.380557132379624,0.5,0.5,0.5,0.541635449921639,0.380557132379624,0.5,0.380557132379624,0.458364550078361,0.651132202475404,0.413128338612374,0.586871661387626,0.458364550078361,0.651132202475404,0.185908858318116,0.50041964493978,-0.458364550078361,-0.109496752553766,-0.348867797524596,0.0290505354262155,CBCbothPairsRW,CBCdriftDiffusionLR,0.5,0.238885735240752,0.0832708998432776,1.35231932587475,0,2.23122959297284,0.5,70.0355631143916
CBC_1020,CBC_1020_MSI_TV_v3_Vset1_Tset2_2023-06-28_15h03.37.595.csv,1,9,0,2,z,0,1,2,tac,C,27,1,0C,2C,0,1,b,2.4336349,1,0,0,0,0C,2C,C02,3.17805383034795,0.68018273790162,0.348867797524596,0.380557132379624,0.5,0.380557132379624,0.579803878462923,0.380557132379624,0.5,0.5,0.5,0.541635449921639,0.380557132379624,0.5,0.380557132379624,0.458364550078361,0.651132202475404,0.480014385107203,0.519985614892797,0.5,0.541635449921639,0.215918679481028,0.499969050010216,-0.5,-0.119442867620376,-0.458364550078361,0.0381684285412842,CBCbothPairsRW,CBCdriftDiffusionLR,0.5,0.238885735240752,0.0832708998432776,1.35231932587475,0,2.23122959297284,0.5,70.0355631143916
CBC_1020,CBC_1020_MSI_TV_v3_Vset1_Tset2_2023-06-28_15h03.37.595.csv,1,10,3,2,b,1,0,1,tac,D,63,1,3D,2D,1,0,z,2.3966332,0,1,0,0,2D,3D,D32,2.52572864430826,0.68018273790162,0.348867797524596,0.380557132379624,0.5,0.380557132379624,0.579803878462923,0.380557132379624,0.5,0.380557132379624,0.5,0.579803878462923,0.380557132379624,0.5,0.380557132379624,0.458364550078361,0.651132202475404,0.413128338612374,0.586871661387626,0.458364550078361,0.651132202475404,0.223843825536762,0.499750231999343,-0.458364550078361,-0.109496752553766,-0.348867797524596,0.0290505354262155,CBCbothPairsRW,CBCdriftDiffusionLR,0.5,0.238885735240752,0.0832708998432776,1.35231932587475,0,2.23122959297284,0.5,70.0355631143916
CBC_1020,CBC_1020_MSI_TV_v3_Vset1_Tset2_2023-06-28_15h03.37.595.csv,1,11,0,1,z,0,1,0,tac,B,63,1,0B,1B,0,1,b,2.4091885,1,0,0,0,0B,1B,B01,3.25809653802148,0.68018273790162,0.348867797524596,0.380557132379624,0.5,0.380557132379624,0.579803878462923,0.380557132379624,0.5,0.380557132379624,0.5,0.579803878462923,0.380557132379624,0.5,0.380557132379624,0.348867797524596,0.68018273790162,0.39626466306223,0.60373533693777,0.380557132379624,0.579803878462923,0.221871418902915,0.501513504674027,-0.380557132379624,-0.0909096703696186,-0.420196121537077,0.0349901091510476,CBCbothPairsRW,CBCdriftDiffusionLR,0.5,0.238885735240752,0.0832708998432776,1.35231932587475,0,2.23122959297284,0.5,70.0355631143916
CBC_1020,CBC_1020_MSI_TV_v3_Vset1_Tset2_2023-06-28_15h03.37.595.csv,1,12,1,0,z,0,1,3,tac,A,63,1,1A,0A,0,1,b,2.2873354,1,0,0,0,1A,0A,A10,2.60268968544438,0.68018273790162,0.348867797524596,0.380557132379624,0.5,0.289647462010006,0.614793987613971,0.380557132379624,0.5,0.380557132379624,0.5,0.579803878462923,0.380557132379624,0.5,0.380557132379624,0.348867797524596,0.68018273790162,0.339019110835116,0.660980889164884,0.348867797524596,0.68018273790162,0.249187298212344,0.499732302918705,-0.348867797524596,-0.0833395403134847,-0.31981726209838,0.0266314712003455,CBCbothPairsRW,CBCdriftDiffusionLR,0.5,0.238885735240752,0.0832708998432776,1.35231932587475,0,2.23122959297284,0.5,70.0355631143916
CBC_1020,CBC_1020_MSI_TV_v3_Vset1_Tset2_2023-06-28_15h03.37.595.csv,1,13,3,2,b,1,0,1,tac,D,63,1,3D,2D,1,0,z,1.4602272,0,1,0,0,2D,3D,D32,2.23359222150709,0.706814209101965,0.265528257211111,0.380557132379624,0.5,0.289647462010006,0.614793987613971,0.380557132379624,0.5,0.380557132379624,0.5,0.579803878462923,0.380557132379624,0.5,0.380557132379624,0.348867797524596,0.68018273790162,0.339019110835116,0.660980889164884,0.348867797524596,0.68018273790162,0.0393792447167069,0.501120061033649,-0.348867797524596,-0.0833395403134847,-0.31981726209838,0.0266314712003455,CBCbothPairsRW,CBCdriftDiffusionLR,0.5,0.238885735240752,0.0832708998432776,1.35231932587475,0,2.23122959297284,0.5,70.0355631143916
CBC_1020,CBC_1020_MSI_TV_v3_Vset1_Tset2_2023-06-28_15h03.37.595.csv,1,14,0,2,z,0,1,2,tac,C,27,1,0C,2C,0,1,b,3.0042409,1,0,0,0,0C,2C,C02,2.67414864942653,0.706814209101965,0.265528257211111,0.380557132379624,0.5,0.289647462010006,0.614793987613971,0.380557132379624,0.5,0.380557132379624,0.5,0.579803878462923,0.380557132379624,0.5,0.380557132379624,0.265528257211111,0.706814209101965,0.39626466306223,0.60373533693777,0.380557132379624,0.579803878462923,0.12281689678927,0.500390720598429,-0.380557132379624,-0.0909096703696186,-0.420196121537077,0.0349901091510476,CBCbothPairsRW,CBCdriftDiffusionLR,0.5,0.238885735240752,0.0832708998432776,1.35231932587475,0,2.23122959297284,0.5,70.0355631143916
CBC_1020,CBC_1020_MSI_TV_v3_Vset1_Tset2_2023-06-28_15h03.37.595.csv,1,15,1,0,z,0,1,3,tac,A,63,1,1A,0A,0,1,z,2.6848113,0,1,1,1,0A,1A,A10,2.30258509299405,0.706814209101965,0.265528257211111,0.380557132379624,0.5,0.289647462010006,0.614793987613971,0.380557132379624,0.5,0.289647462010006,0.5,0.614793987613971,0.380557132379624,0.5,0.380557132379624,0.265528257211111,0.706814209101965,0.726918995713578,0.273081004286422,0.706814209101965,0.265528257211111,0.168430411862551,0.500023556164076,0.293185790898035,0.0700379032208183,0.265528257211111,-0.0221107769117865,CBCbothPairsRW,CBCdriftDiffusionLR,0.5,0.238885735240752,0.0832708998432776,1.35231932587475,0,2.23122959297284,0.5,70.0355631143916
CBC_1020,CBC_1020_MSI_TV_v3_Vset1_Tset2_2023-06-28_15h03.37.595.csv,1,16,3,1,z,0,1,0,tac,B,27,1,3B,1B,0,1,z,2.2661636,0,1,1,1,1B,3B,B31,3.43398720448515,0.776852112322784,0.243417480299324,0.380557132379624,0.5,0.289647462010006,0.614793987613971,0.380557132379624,0.5,0.289647462010006,0.5,0.614793987613971,0.380557132379624,0.5,0.380557132379624,0.265528257211111,0.706814209101965,0.551486637391931,0.448513362608069,0.614793987613971,0.5,0.253948453190593,0.498868713093133,0.385206012386029,0.0920202214879947,0.5,-0.0416354499216388,CBCbothPairsRW,CBCdriftDiffusionLR,0.5,0.238885735240752,0.0832708998432776,1.35231932587475,0,2.23122959297284,0.5,70.0355631143916
CBC_1020,CBC_1020_MSI_TV_v3_Vset1_Tset2_2023-06-28_15h03.37.595.csv,1,17,2,3,b,1,0,2,tac,C,63,1,2C,3C,1,0,b,2.0921553,1,0,1,1,2C,3C,C23,3.46573590279973,0.776852112322784,0.243417480299324,0.380557132379624,0.5,0.289647462010006,0.706814209101965,0.380557132379624,0.458364550078361,0.289647462010006,0.5,0.614793987613971,0.380557132379624,0.5,0.380557132379624,0.265528257211111,0.706814209101965,0.617665440129235,0.382334559870765,0.614793987613971,0.380557132379624,0.300489177481543,0.499961307160456,0.385206012386029,0.0920202214879947,0.380557132379624,-0.0316893348550286,CBCbothPairsRW,CBCdriftDiffusionLR,0.5,0.238885735240752,0.0832708998432776,1.35231932587475,0,2.23122959297284,0.5,70.0355631143916
CBC_1020,CBC_1020_MSI_TV_v3_Vset1_Tset2_2023-06-28_15h03.37.595.csv,1,18,3,2,b,1,0,1,tac,D,63,0,3D,2D,0,1,z,2.9812404,0,1,0,1,2D,3D,D32,2.11021320034659,0.776852112322784,0.243417480299324,0.380557132379624,0.5,0.289647462010006,0.706814209101965,0.380557132379624,0.458364550078361,0.289647462010006,0.5,0.706814209101965,0.348867797524596,0.5,0.380557132379624,0.265528257211111,0.706814209101965,0.273081004286422,0.726918995713578,0.265528257211111,0.706814209101965,0.125699547466393,0.500591976059273,0.734471742788889,0.17545482228968,0.706814209101965,-0.0588570552139353,CBCbothPairsRW,CBCdriftDiffusionLR,0.5,0.238885735240752,0.0832708998432776,1.35231932587475,0,2.23122959297284,0.5,70.0355631143916
CBC_1020,CBC_1020_MSI_TV_v3_Vset1_Tset2_2023-06-28_15h03.37.595.csv,1,19,0,1,z,0,1,0,tac,B,63,1,0B,1B,0,1,b,2.7865486,1,0,0,0,0B,1B,B01,2.83321334405622,0.776852112322784,0.243417480299324,0.380557132379624,0.5,0.289647462010006,0.706814209101965,0.380557132379624,0.458364550078361,0.289647462010006,0.5,0.706814209101965,0.348867797524596,0.5,0.380557132379624,0.440983079500791,0.64795715388803,0.290675969188842,0.709324030811158,0.289647462010006,0.706814209101965,0.152332373218505,0.500196582863225,-0.289647462010006,-0.0691926469228779,-0.293185790898035,0.0244138446293424,CBCbothPairsRW,CBCdriftDiffusionLR,0.5,0.238885735240752,0.0832708998432776,1.35231932587475,0,2.23122959297284,0.5,70.0355631143916
CBC_1020,CBC_1020_MSI_TV_v3_Vset1_Tset2_2023-06-28_15h03.37.595.csv,1,20,0,2,b,1,0,3,tac,A,27,1,0A,2A,1,0,b,2.2604027,1,0,1,1,0A,2A,A02,3.55534806148941,0.776852112322784,0.243417480299324,0.380557132379624,0.5,0.220454815087128,0.731228053731308,0.380557132379624,0.458364550078361,0.289647462010006,0.5,0.706814209101965,0.348867797524596,0.5,0.380557132379624,0.440983079500791,0.64795715388803,0.671199159569982,0.328800840430018,0.776852112322784,0.380557132379624,0.255934388028392,0.49995750921854,0.223147887677216,0.0533068472151925,0.380557132379624,-0.0316893348550286,CBCbothPairsRW,CBCdriftDiffusionLR,0.5,0.238885735240752,0.0832708998432776,1.35231932587475,0,2.23122959297284,0.5,70.0355631143916
CBC_1020,CBC_1020_MSI_TV_v3_Vset1_Tset2_2023-06-28_15h03.37.595.csv,1,21,3,0,b,1,0,1,tac,D,9,1,3D,0D,1,0,z,2.7535366,0,1,0,0,0D,3D,D30,3.58351893845611,0.830158959537976,0.243417480299324,0.348867797524596,0.5,0.220454815087128,0.731228053731308,0.380557132379624,0.458364550078361,0.289647462010006,0.5,0.706814209101965,0.348867797524596,0.5,0.380557132379624,0.440983079500791,0.64795715388803,0.435556325692596,0.564443674307404,0.5,0.64795715388803,0.157287914273634,0.499846815299205,-0.5,-0.119442867620376,-0.35204284611197,0.0293149245791322,CBCbothPairsRW,CBCdriftDiffusionLR,0.5,0.238885735240752,0.0832708998432776,1.35231932587475,0,2.23122959297284,0.5,70.0355631143916
CBC_1020,CBC_1020_MSI_TV_v3_Vset1_Tset2_2023-06-28_15h03.37.595.csv,1,22,3,2,z,0,1,2,tac,C,63,1,3C,2C,0,1,z,2.3989571,0,1,1,1,2C,3C,C32,2.91777073208428,0.830158959537976,0.243417480299324,0.348867797524596,0.5,0.220454815087128,0.731228053731308,0.380557132379624,0.458364550078361,0.289647462010006,0.5,0.706814209101965,0.348867797524596,0.380557132379624,0.380557132379624,0.440983079500791,0.677272078467162,0.669533254015189,0.330466745984811,0.706814209101965,0.348867797524596,0.223108402383955,0.499250071588715,0.293185790898035,0.0700379032208183,0.348867797524596,-0.0290505354262155,CBCbothPairsRW,CBCdriftDiffusionLR,0.5,0.238885735240752,0.0832708998432776,1.35231932587475,0,2.23122959297284,0.5,70.0355631143916
CBC_1020,CBC_1020_MSI_TV_v3_Vset1_Tset2_2023-06-28_15h03.37.595.csv,1,23,1,3,b,1,0,0,tac,B,27,1,1B,3B,1,0,z,2.8133422,0,1,0,0,3B,1B,B13,3.63758615972639,0.830158959537976,0.243417480299324,0.348867797524596,0.5,0.220454815087128,0.731228053731308,0.380557132379624,0.458364550078361,0.289647462010006,0.5,0.776852112322784,0.31981726209838,0.380557132379624,0.380557132379624,0.440983079500791,0.677272078467162,0.385312205716856,0.614687794283144,0.458364550078361,0.731228053731308,0.148225599270281,0.499808114457522,-0.458364550078361,-0.109496752553766,-0.268771946268692,0.0223808818184231,CBCbothPairsRW,CBCdriftDiffusionLR,0.5,0.238885735240752,0.0832708998432776,1.35231932587475,0,2.23122959297284,0.5,70.0355631143916
CBC_1020,CBC_1020_MSI_TV_v3_Vset1_Tset2_2023-06-28_15h03.37.595.csv,1,24,2,3,b,1,0,2,tac,C,63,1,2C,3C,1,0,z,2.5034549,0,1,0,0,3C,2C,C23,2.9704144655697,0.830158959537976,0.243417480299324,0.348867797524596,0.5,0.220454815087128,0.753608935549731,0.380557132379624,0.348867797524596,0.289647462010006,0.5,0.776852112322784,0.31981726209838,0.380557132379624,0.380557132379624,0.440983079500791,0.677272078467162,0.291625962717509,0.708374037282491,0.31981726209838,0.776852112322784,0.201731818842979,0.50047183811797,-0.31981726209838,-0.0763997817990557,-0.223147887677216,0.0185817254050085,CBCbothPairsRW,CBCdriftDiffusionLR,0.5,0.238885735240752,0.0832708998432776,1.35231932587475,0,2.23122959297284,0.5,70.0355631143916
CBC_1020,CBC_1020_MSI_TV_v3_Vset1_Tset2_2023-06-28_15h03.37.595.csv,1,25,3,2,b,1,0,1,tac,D,63,1,3D,2D,1,0,b,2.1913114,1,0,1,1,3D,2D,D32,2.07944154167984,0.830158959537976,0.243417480299324,0.348867797524596,0.5,0.220454815087128,0.753608935549731,0.380557132379624,0.348867797524596,0.289647462010006,0.5,0.795433837727792,0.243417480299324,0.380557132379624,0.380557132379624,0.440983079500791,0.677272078467162,0.605650752997977,0.394349247002023,0.677272078467162,0.440983079500791,0.273445612950411,0.499623888471194,0.322727921532838,0.0770950968180915,0.440983079500791,-0.0367210578456905,CBCbothPairsRW,CBCdriftDiffusionLR,0.5,0.238885735240752,0.0832708998432776,1.35231932587475,0,2.23122959297284,0.5,70.0355631143916
CBC_1020,CBC_1020_MSI_TV_v3_Vset1_Tset2_2023-06-28_15h03.37.595.csv,1,26,0,1,z,0,1,0,tac,B,63,1,0B,1B,0,1,b,2.3808614,1,0,0,0,0B,1B,B01,2.6149597780362,0.830158959537976,0.243417480299324,0.348867797524596,0.5,0.220454815087128,0.753608935549731,0.380557132379624,0.348867797524596,0.289647462010006,0.5,0.795433837727792,0.243417480299324,0.380557132379624,0.380557132379624,0.4042620216551,0.754367175285254,0.226324832376722,0.773675167623278,0.220454815087128,0.753608935549731,0.227578189350741,0.500256643733909,-0.220454815087128,-0.0526635105894525,-0.246391064450269,0.0205172056501169,CBCbothPairsRW,CBCdriftDiffusionLR,0.5,0.238885735240752,0.0832708998432776,1.35231932587475,0,2.23122959297284,0.5,70.0355631143916
CBC_1020,CBC_1020_MSI_TV_v3_Vset1_Tset2_2023-06-28_15h03.37.595.csv,1,27,3,0,z,0,1,3,tac,A,9,1,3A,0A,0,1,z,3.2414928,0,1,1,1,0A,3A,A30,3.73766961828337,0.830158959537976,0.243417480299324,0.348867797524596,0.5,0.167791304497675,0.774126141199848,0.380557132379624,0.348867797524596,0.289647462010006,0.5,0.795433837727792,0.243417480299324,0.380557132379624,0.380557132379624,0.4042620216551,0.754367175285254,0.624105076754381,0.375894923245619,0.830158959537976,0.5,0.0969129393474564,0.499534904311283,0.169841040462024,0.0405726018248248,0.5,-0.0416354499216388,CBCbothPairsRW,CBCdriftDiffusionLR,0.5,0.238885735240752,0.0832708998432776,1.35231932587475,0,2.23122959297284,0.5,70.0355631143916
CBC_1020,CBC_1020_MSI_TV_v3_Vset1_Tset2_2023-06-28_15h03.37.595.csv,1,28,3,2,b,1,0,1,tac,D,63,1,3D,2D,1,0,z,5.2485082,0,1,0,0,2D,3D,D32,1.96944064646551,0.870731561362801,0.243417480299324,0.348867797524596,0.458364550078361,0.167791304497675,0.774126141199848,0.380557132379624,0.348867797524596,0.289647462010006,0.5,0.795433837727792,0.243417480299324,0.380557132379624,0.380557132379624,0.4042620216551,0.754367175285254,0.348914063897797,0.651085936102203,0.4042620216551,0.754367175285254,0.0132543357623294,0.499513179682659,-0.4042620216551,-0.0965724302729913,-0.245632824714746,0.020454066345043,CBCbothPairsRW,CBCdriftDiffusionLR,0.5,0.238885735240752,0.0832708998432776,1.35231932587475,0,2.23122959297284,0.5,70.0355631143916
CBC_1020,CBC_1020_MSI_TV_v3_Vset1_Tset2_2023-06-28_15h03.37.595.csv,1,29,0,2,z,0,1,2,tac,C,27,1,0C,2C,0,1,b,2.1981485,1,0,0,0,0C,2C,C02,2.68557734525015,0.870731561362801,0.243417480299324,0.348867797524596,0.458364550078361,0.167791304497675,0.774126141199848,0.380557132379624,0.348867797524596,0.289647462010006,0.5,0.795433837727792,0.243417480299324,0.380557132379624,0.380557132379624,0.307689591382109,0.774821241630297,0.266936184486819,0.733063815513181,0.289647462010006,0.795433837727792,0.272056773344844,0.500364019927961,-0.289647462010006,-0.0691926469228779,-0.204566162272208,0.0170344084098927,CBCbothPairsRW,CBCdriftDiffusionLR,0.5,0.238885735240752,0.0832708998432776,1.35231932587475,0,2.23122959297284,0.5,70.0355631143916
CBC_1020,CBC_1020_MSI_TV_v3_Vset1_Tset2_2023-06-28_15h03.37.595.csv,1,30,0,1,b,1,0,3,tac,A,63,1,0A,1A,1,0,b,2.6167332,1,0,1,1,0A,1A,A01,3.11351530921037,0.870731561362801,0.243417480299324,0.348867797524596,0.458364550078361,0.167791304497675,0.774126141199848,0.380557132379624,0.348867797524596,0.220454815087128,0.5,0.812468246137685,0.243417480299324,0.380557132379624,0.380557132379624,0.307689591382109,0.774821241630297,0.781521617667789,0.218478382332211,0.870731561362801,0.243417480299324,0.180503246642321,0.500924072020098,0.129268438637199,0.0308803860072713,0.243417480299324,-0.020269592622108,CBCbothPairsRW,CBCdriftDiffusionLR,0.5,0.238885735240752,0.0832708998432776,1.35231932587475,0,2.23122959297284,0.5,70.0355631143916
CBC_1020,CBC_1020_MSI_TV_v3_Vset1_Tset2_2023-06-28_15h03.37.595.csv,1,31,0,1,z,0,1,0,tac,B,63,1,0B,1B,0,1,z,2.6932659,0,1,1,1,1B,0B,B01,2.4423470353692,0.901611947370072,0.223147887677216,0.348867797524596,0.458364550078361,0.167791304497675,0.774126141199848,0.380557132379624,0.348867797524596,0.220454815087128,0.5,0.812468246137685,0.243417480299324,0.380557132379624,0.380557132379624,0.307689591382109,0.774821241630297,0.821861984546406,0.178138015453594,0.774126141199848,0.167791304497675,0.167002411496927,0.499954130827985,0.225873858800152,0.0539580428311401,0.167791304497675,-0.0139721329113988,CBCbothPairsRW,CBCdriftDiffusionLR,0.5,0.238885735240752,0.0832708998432776,1.35231932587475,0,2.23122959297284,0.5,70.0355631143916
CBC_1020,CBC_1020_MSI_TV_v3_Vset1_Tset2_2023-06-28_15h03.37.595.csv,1,32,1,3,z,0,1,1,tac,D,27,1,1D,3D,0,1,z,2.7397511,0,1,1,1,3D,1D,D13,3.85014760171006,0.901611947370072,0.223147887677216,0.348867797524596,0.458364550078361,0.153819171586277,0.828084184030988,0.380557132379624,0.348867797524596,0.220454815087128,0.5,0.812468246137685,0.243417480299324,0.380557132379624,0.380557132379624,0.307689591382109,0.774821241630297,0.670621208653195,0.329378791346805,0.774821241630297,0.380557132379624,0.159398360380401,0.499681335918011,0.225178758369703,0.0537919932537461,0.380557132379624,-0.0316893348550286,CBCbothPairsRW,CBCdriftDiffusionLR,0.5,0.238885735240752,0.0832708998432776,1.35231932587475,0,2.23122959297284,0.5,70.0355631143916
CBC_1020,CBC_1020_MSI_TV_v3_Vset1_Tset2_2023-06-28_15h03.37.595.csv,1,33,2,3,b,1,0,2,tac,C,63,1,2C,3C,1,0,b,2.4170821,1,0,1,1,2C,3C,C23,2.77258872223978,0.901611947370072,0.223147887677216,0.348867797524596,0.458364550078361,0.153819171586277,0.828084184030988,0.380557132379624,0.348867797524596,0.220454815087128,0.5,0.812468246137685,0.243417480299324,0.380557132379624,0.348867797524596,0.307689591382109,0.828613234884043,0.76946607553763,0.23053392446237,0.812468246137685,0.243417480299324,0.219883067698218,0.500902570796954,0.187531753862315,0.0447986609023868,0.243417480299324,-0.020269592622108,CBCbothPairsRW,CBCdriftDiffusionLR,0.5,0.238885735240752,0.0832708998432776,1.35231932587475,0,2.23122959297284,0.5,70.0355631143916
CBC_1020,CBC_1020_MSI_TV_v3_Vset1_Tset2_2023-06-28_15h03.37.595.csv,1,34,0,1,z,0,1,0,tac,B,63,1,0B,1B,0,1,b,2.5061704,1,0,0,0,0B,1B,B01,2.28238238567653,0.901611947370072,0.223147887677216,0.348867797524596,0.458364550078361,0.153819171586277,0.828084184030988,0.380557132379624,0.348867797524596,0.220454815087128,0.5,0.857266907040072,0.223147887677216,0.380557132379624,0.348867797524596,0.307689591382109,0.828613234884043,0.156654084850927,0.843345915149073,0.153819171586277,0.828084184030988,0.20081100262607,0.499526731620273,-0.153819171586277,-0.036745205898511,-0.171915815969012,0.014315584693031,CBCbothPairsRW,CBCdriftDiffusionLR,0.5,0.238885735240752,0.0832708998432776,1.35231932587475,0,2.23122959297284,0.5,70.0355631143916
CBC_1020,CBC_1020_MSI_TV_v3_Vset1_Tset2_2023-06-28_15h03.37.595.csv,1,35,1,0,z,0,1,3,tac,A,63,1,1A,0A,0,1,z,2.9891363,0,1,1,1,0A,1A,A10,2.52572864430826,0.901611947370072,0.223147887677216,0.348867797524596,0.458364550078361,0.117073965687766,0.842399768724019,0.380557132379624,0.348867797524596,0.220454815087128,0.5,0.857266907040072,0.223147887677216,0.380557132379624,0.348867797524596,0.307689591382109,0.828613234884043,0.801603968488229,0.198396031511771,0.901611947370072,0.223147887677216,0.124680534934941,0.500435045548208,0.0983880526299277,0.023503502291406,0.223147887677216,-0.0185817254050085,CBCbothPairsRW,CBCdriftDiffusionLR,0.5,0.238885735240752,0.0832708998432776,1.35231932587475,0,2.23122959297284,0.5,70.0355631143916
CBC_1020,CBC_1020_MSI_TV_v3_Vset1_Tset2_2023-06-28_15h03.37.595.csv,1,36,2,1,b,1,0,2,tac,C,9,1,2C,1C,1,0,b,2.6365461,1,0,1,1,2C,1C,C21,3.93182563272433,0.925115449661478,0.204566162272208,0.348867797524596,0.458364550078361,0.117073965687766,0.842399768724019,0.380557132379624,0.348867797524596,0.220454815087128,0.5,0.857266907040072,0.223147887677216,0.380557132379624,0.348867797524596,0.307689591382109,0.828613234884043,0.631612619885944,0.368387380114056,0.857266907040072,0.5,0.176767074454707,0.500275435547892,0.142733092959928,0.0340968998549191,0.5,-0.0416354499216388,CBCbothPairsRW,CBCdriftDiffusionLR,0.5,0.238885735240752,0.0832708998432776,1.35231932587475,0,2.23122959297284,0.5,70.0355631143916
CBC_1020,CBC_1020_MSI_TV_v3_Vset1_Tset2_2023-06-28_15h03.37.595.csv,1,37,0,1,b,1,0,3,tac,A,63,1,0A,1A,1,0,z,3.0163799,0,1,0,0,1A,0A,A01,2.85263142991332,0.925115449661478,0.204566162272208,0.348867797524596,0.458364550078361,0.117073965687766,0.842399768724019,0.380557132379624,0.348867797524596,0.220454815087128,0.458364550078361,0.891363806894991,0.223147887677216,0.380557132379624,0.348867797524596,0.307689591382109,0.828613234884043,0.181083023846029,0.818916976153971,0.204566162272208,0.925115449661478,0.121273176619434,0.500082138308301,-0.204566162272208,-0.0488679380797753,-0.0748845503385216,0.00623570389104791,CBCbothPairsRW,CBCdriftDiffusionLR,0.5,0.238885735240752,0.0832708998432776,1.35231932587475,0,2.23122959297284,0.5,70.0355631143916
CBC_1020,CBC_1020_MSI_TV_v3_Vset1_Tset2_2023-06-28_15h03.37.595.csv,1,38,1,3,z,0,1,1,tac,D,27,1,1D,3D,0,1,b,2.395396,1,0,0,0,1D,3D,D13,3.27714473299218,0.931351153552526,0.155698224192433,0.348867797524596,0.458364550078361,0.117073965687766,0.842399768724019,0.380557132379624,0.348867797524596,0.220454815087128,0.458364550078361,0.891363806894991,0.223147887677216,0.380557132379624,0.348867797524596,0.307689591382109,0.828613234884043,0.296283156944751,0.70371684305525,0.348867797524596,0.828613234884043,0.223633838025955,0.498672952159704,-0.348867797524596,-0.0833395403134847,-0.171386765115957,0.0142715301524342,CBCbothPairsRW,CBCdriftDiffusionLR,0.5,0.238885735240752,0.0832708998432776,1.35231932587475,0,2.23122959297284,0.5,70.0355631143916
CBC_1020,CBC_1020_MSI_TV_v3_Vset1_Tset2_2023-06-28_15h03.37.595.csv,1,39,1,0,b,1,0,0,tac,B,63,1,1B,0B,1,0,z,5.0395888,0,1,0,0,0B,1B,B10,3.29583686600433,0.931351153552526,0.155698224192433,0.348867797524596,0.458364550078361,0.117073965687766,0.842399768724019,0.380557132379624,0.348867797524596,0.220454815087128,0.458364550078361,0.891363806894991,0.223147887677216,0.380557132379624,0.265528257211111,0.307689591382109,0.842884765036477,0.122018937558034,0.877981062441966,0.117073965687766,0.842399768724019,0.0163369413434811,0.500520110425141,-0.117073965687766,-0.0279673003708724,-0.157600231275981,0.0131235130738596,CBCbothPairsRW,CBCdriftDiffusionLR,0.5,0.238885735240752,0.0832708998432776,1.35231932587475,0,2.23122959297284,0.5,70.0355631143916
CBC_1020,CBC_1020_MSI_TV_v3_Vset1_Tset2_2023-06-28_15h03.37.595.csv,1,40,3,2,z,0,1,2,tac,C,63,0,3C,2C,1,0,z,2.3043229,0,1,1,0,2C,3C,C32,2.90872089656436,0.931351153552526,0.155698224192433,0.348867797524596,0.458364550078361,0.0891066653168931,0.855523281797878,0.380557132379624,0.348867797524596,0.220454815087128,0.458364550078361,0.891363806894991,0.223147887677216,0.380557132379624,0.265528257211111,0.307689591382109,0.842884765036477,0.79977968040715,0.20022031959285,0.891363806894991,0.223147887677216,0.245165914706113,0.49990276392063,-0.891363806894991,-0.212934098377105,-0.776852112322784,0.0646891744382692,CBCbothPairsRW,CBCdriftDiffusionLR,0.5,0.238885735240752,0.0832708998432776,1.35231932587475,0,2.23122959297284,0.5,70.0355631143916
CBC_1020,CBC_1020_MSI_TV_v3_Vset1_Tset2_2023-06-28_15h03.37.595.csv,1,41,0,2,b,1,0,3,tac,A,27,1,0A,2A,1,0,b,3.1360277,1,0,1,1,0A,2A,A02,3.3322045101752,0.931351153552526,0.155698224192433,0.348867797524596,0.458364550078361,0.0891066653168931,0.855523281797878,0.380557132379624,0.348867797524596,0.220454815087128,0.458364550078361,0.678429708517885,0.287837062115486,0.380557132379624,0.265528257211111,0.307689591382109,0.842884765036477,0.727493646902295,0.272506353097705,0.931351153552526,0.348867797524596,0.107770939739683,0.500361974196954,0.0686488464474737,0.0163992301570342,0.348867797524596,-0.0290505354262155,CBCbothPairsRW,CBCdriftDiffusionLR,0.5,0.238885735240752,0.0832708998432776,1.35231932587475,0,2.23122959297284,0.5,70.0355631143916
CBC_1020,CBC_1020_MSI_TV_v3_Vset1_Tset2_2023-06-28_15h03.37.595.csv,1,42,2,3,z,0,1,1,tac,D,63,1,2D,3D,0,1,b,2.4660096,1,0,0,0,2D,3D,D23,4.04305126783455,0.947750383709561,0.155698224192433,0.31981726209838,0.458364550078361,0.0891066653168931,0.855523281797878,0.380557132379624,0.348867797524596,0.220454815087128,0.458364550078361,0.678429708517885,0.287837062115486,0.380557132379624,0.265528257211111,0.307689591382109,0.842884765036477,0.267422604776157,0.732577395223843,0.307689591382109,0.842884765036477,0.208901458654833,0.499431218691054,-0.307689591382109,-0.0735026542632416,-0.157115234963523,0.0130831269945005,CBCbothPairsRW,CBCdriftDiffusionLR,0.5,0.238885735240752,0.0832708998432776,1.35231932587475,0,2.23122959297284,0.5,70.0355631143916
CBC_1020,CBC_1020_MSI_TV_v3_Vset1_Tset2_2023-06-28_15h03.37.595.csv,1,43,1,3,b,1,0,0,tac,B,27,1,1B,3B,1,0,z,2.5781926,0,1,0,0,3B,1B,B13,3.36729582998647,0.947750383709561,0.155698224192433,0.31981726209838,0.458364550078361,0.0891066653168931,0.855523281797878,0.380557132379624,0.348867797524596,0.220454815087128,0.458364550078361,0.678429708517885,0.287837062115486,0.380557132379624,0.265528257211111,0.234186937118868,0.855967892030978,0.289663219459289,0.710336780540711,0.348867797524596,0.855523281797878,0.187390052321272,0.500567389874546,-0.348867797524596,-0.0833395403134847,-0.144476718202122,0.0120307063310943,CBCbothPairsRW,CBCdriftDiffusionLR,0.5,0.238885735240752,0.0832708998432776,1.35231932587475,0,2.23122959297284,0.5,70.0355631143916
CBC_1020,CBC_1020_MSI_TV_v3_Vset1_Tset2_2023-06-28_15h03.37.595.csv,1,44,3,2,z,0,1,2,tac,C,63,1,3C,2C,0,1,b,2.5147781,1,0,0,0,3C,2C,C32,2.69124308278583,0.947750383709561,0.155698224192433,0.31981726209838,0.458364550078361,0.0891066653168931,0.867553988128973,0.380557132379624,0.265528257211111,0.220454815087128,0.458364550078361,0.678429708517885,0.287837062115486,0.380557132379624,0.265528257211111,0.234186937118868,0.855967892030978,0.297885709064396,0.702114290935604,0.287837062115486,0.678429708517885,0.199361482070574,0.50015994832781,-0.287837062115486,-0.0687601682129957,-0.321570291482115,0.0267774475345808,CBCbothPairsRW,CBCdriftDiffusionLR,0.5,0.238885735240752,0.0832708998432776,1.35231932587475,0,2.23122959297284,0.5,70.0355631143916
CBC_1020,CBC_1020_MSI_AV_v3_Vset6_Aset1_2023-06-28_15h13.22.031.csv,2,1,1,0,b,1,0,0,aud,B,63,1,1B,0B,1,0,b,1.65884180000012,1,0,1,1,1B,0B,B10,2.77258872223978,0.5,0.5,0.5,0.5,0.5,0.5,0.5,0.5,0.5,0.5,0.5,0.5,0.5,0.5,0.5,0.5,0.5,0.5,0.5,0.5,0.258982563767362,0.50051843450966,0.5,0.208821609046902,0.5,-0.0526362236606201,CBCbothPairsRW,CBCdriftDiffusionLR,0.5,0.417643218093805,0.10527244732124,0.765387710840123,3.25712374777882,2.25851556618884,0.5,40.3261036902772
CBC_1020,CBC_1020_MSI_AV_v3_Vset6_Aset1_2023-06-28_15h13.22.031.csv,2,2,1,0,z,0,1,3,aud,A,63,1,1A,0A,0,1,z,1.15710579999995,0,1,1,1,0A,1A,A10,2.83321334405622,0.5,0.5,0.5,0.5,0.44736377633938,0.708821609046902,0.5,0.5,0.5,0.5,0.5,0.5,0.5,0.5,0.5,0.5,0.5,0.5,0.5,0.5,0.360889699160044,0.500056556220915,0.5,0.208821609046902,0.5,-0.0526362236606201,CBCbothPairsRW,CBCdriftDiffusionLR,0.5,0.417643218093805,0.10527244732124,0.765387710840123,3.25712374777882,2.25851556618884,0.5,40.3261036902772
CBC_1020,CBC_1020_MSI_AV_v3_Vset6_Aset1_2023-06-28_15h13.22.031.csv,2,3,3,2,b,1,0,1,aud,D,63,1,3D,2D,1,0,b,1.8037675000005,1,0,1,1,3D,2D,D32,2.89037175789616,0.708821609046902,0.44736377633938,0.5,0.5,0.44736377633938,0.708821609046902,0.5,0.5,0.5,0.5,0.5,0.5,0.5,0.5,0.5,0.5,0.5,0.5,0.5,0.5,0.225366687692743,0.500099493943562,0.5,0.208821609046902,0.5,-0.0526362236606201,CBCbothPairsRW,CBCdriftDiffusionLR,0.5,0.417643218093805,0.10527244732124,0.765387710840123,3.25712374777882,2.25851556618884,0.5,40.3261036902772
CBC_1020,CBC_1020_MSI_AV_v3_Vset6_Aset1_2023-06-28_15h13.22.031.csv,2,4,1,2,b,1,0,0,aud,B,9,1,1B,2B,1,0,b,1.3017721999995,1,0,1,1,1B,2B,B12,2.94443897916644,0.708821609046902,0.44736377633938,0.5,0.5,0.44736377633938,0.708821609046902,0.5,0.5,0.5,0.5,0.5,0.5,0.5,0.5,0.44736377633938,0.708821609046902,0.586374038768031,0.413625961231969,0.708821609046902,0.5,0.605111587896645,0.780474213222772,0.291178390953098,0.121608680237028,0.5,-0.0526362236606201,CBCbothPairsRW,CBCdriftDiffusionLR,0.5,0.417643218093805,0.10527244732124,0.765387710840123,3.25712374777882,2.25851556618884,0.5,40.3261036902772
CBC_1020,CBC_1020_MSI_AV_v3_Vset6_Aset1_2023-06-28_15h13.22.031.csv,2,5,2,0,z,0,1,3,aud,A,27,1,2A,0A,0,1,z,2.26319260000037,0,1,1,1,0A,2A,A20,2.99573227355399,0.708821609046902,0.44736377633938,0.5,0.5,0.44736377633938,0.83043028928393,0.44736377633938,0.5,0.5,0.5,0.5,0.5,0.5,0.5,0.44736377633938,0.708821609046902,0.586374038768031,0.413625961231969,0.708821609046902,0.5,0.215351639941302,0.780834040538928,0.291178390953098,0.121608680237028,0.5,-0.0526362236606201,CBCbothPairsRW,CBCdriftDiffusionLR,0.5,0.417643218093805,0.10527244732124,0.765387710840123,3.25712374777882,2.25851556618884,0.5,40.3261036902772
CBC_1020,CBC_1020_MSI_AV_v3_Vset6_Aset1_2023-06-28_15h13.22.031.csv,2,6,3,2,z,0,1,2,aud,C,63,1,3C,2C,0,1,z,2.27805660000013,0,1,1,1,2C,3C,C32,3.04452243772342,0.83043028928393,0.44736377633938,0.44736377633938,0.5,0.44736377633938,0.83043028928393,0.44736377633938,0.5,0.5,0.5,0.5,0.5,0.5,0.5,0.44736377633938,0.708821609046902,0.5,0.5,0.5,0.5,0.142525196500804,0.499944349753391,0.5,0.208821609046902,0.5,-0.0526362236606201,CBCbothPairsRW,CBCdriftDiffusionLR,0.5,0.417643218093805,0.10527244732124,0.765387710840123,3.25712374777882,2.25851556618884,0.5,40.3261036902772
CBC_1020,CBC_1020_MSI_AV_v3_Vset6_Aset1_2023-06-28_15h13.22.031.csv,2,7,3,1,b,1,0,1,aud,D,27,1,3D,1D,1,0,b,1.46785999999975,1,0,1,1,3D,1D,D31,3.09104245335832,0.83043028928393,0.44736377633938,0.44736377633938,0.5,0.44736377633938,0.83043028928393,0.44736377633938,0.5,0.5,0.5,0.708821609046902,0.44736377633938,0.5,0.5,0.44736377633938,0.708821609046902,0.586374038768031,0.413625961231969,0.708821609046902,0.5,0.520262308307709,0.780779165580747,0.291178390953098,0.121608680237028,0.5,-0.0526362236606201,CBCbothPairsRW,CBCdriftDiffusionLR,0.5,0.417643218093805,0.10527244732124,0.765387710840123,3.25712374777882,2.25851556618884,0.5,40.3261036902772
CBC_1020,CBC_1020_MSI_AV_v3_Vset6_Aset1_2023-06-28_15h13.22.031.csv,2,8,0,1,b,1,0,3,aud,A,63,1,0A,1A,1,0,b,1.82522979999976,1,0,1,1,0A,1A,A01,3.13549421592915,0.83043028928393,0.44736377633938,0.44736377633938,0.5,0.44736377633938,0.83043028928393,0.44736377633938,0.5,0.5,0.5,0.708821609046902,0.44736377633938,0.5,0.44736377633938,0.44736377633938,0.83043028928393,0.649893681325594,0.350106318674406,0.83043028928393,0.44736377633938,0.401193527612495,0.900987051730204,0.16956971071607,0.0708196396746949,0.44736377633938,-0.0470950795781184,CBCbothPairsRW,CBCdriftDiffusionLR,0.5,0.417643218093805,0.10527244732124,0.765387710840123,3.25712374777882,2.25851556618884,0.5,40.3261036902772
CBC_1020,CBC_1020_MSI_AV_v3_Vset6_Aset1_2023-06-28_15h13.22.031.csv,2,9,0,2,z,0,1,2,aud,C,27,1,0C,2C,0,1,z,1.61318829999982,0,1,1,1,2C,0C,C02,3.17805383034795,0.901249928958625,0.400268696761261,0.44736377633938,0.5,0.44736377633938,0.83043028928393,0.44736377633938,0.5,0.5,0.5,0.708821609046902,0.44736377633938,0.5,0.44736377633938,0.44736377633938,0.83043028928393,0.586374038768031,0.413625961231969,0.708821609046902,0.5,0.446160940257641,0.781390099144287,0.291178390953098,0.121608680237028,0.5,-0.0526362236606201,CBCbothPairsRW,CBCdriftDiffusionLR,0.5,0.417643218093805,0.10527244732124,0.765387710840123,3.25712374777882,2.25851556618884,0.5,40.3261036902772
CBC_1020,CBC_1020_MSI_AV_v3_Vset6_Aset1_2023-06-28_15h13.22.031.csv,2,10,3,2,b,1,0,1,aud,D,63,1,3D,2D,1,0,b,1.19458780000059,1,0,1,1,3D,2D,D32,2.52572864430826,0.901249928958625,0.400268696761261,0.44736377633938,0.5,0.44736377633938,0.83043028928393,0.44736377633938,0.5,0.44736377633938,0.5,0.83043028928393,0.44736377633938,0.5,0.44736377633938,0.44736377633938,0.83043028928393,0.649893681325594,0.350106318674406,0.83043028928393,0.44736377633938,0.88907184019684,0.900328911880175,0.16956971071607,0.0708196396746949,0.44736377633938,-0.0470950795781184,CBCbothPairsRW,CBCdriftDiffusionLR,0.5,0.417643218093805,0.10527244732124,0.765387710840123,3.25712374777882,2.25851556618884,0.5,40.3261036902772
CBC_1020,CBC_1020_MSI_AV_v3_Vset6_Aset1_2023-06-28_15h13.22.031.csv,2,11,0,1,z,0,1,0,aud,B,63,0,0B,1B,1,0,z,1.17611959999977,0,1,1,0,1B,0B,B01,3.25809653802148,0.901249928958625,0.400268696761261,0.44736377633938,0.5,0.44736377633938,0.83043028928393,0.44736377633938,0.5,0.44736377633938,0.5,0.83043028928393,0.44736377633938,0.5,0.44736377633938,0.400268696761261,0.901249928958625,0.649893681325594,0.350106318674406,0.83043028928393,0.44736377633938,0.896997665055145,0.900584987148465,-0.83043028928393,-0.34682357841911,-0.55263622366062,0.0581773677431217,CBCbothPairsRW,CBCdriftDiffusionLR,0.5,0.417643218093805,0.10527244732124,0.765387710840123,3.25712374777882,2.25851556618884,0.5,40.3261036902772
CBC_1020,CBC_1020_MSI_AV_v3_Vset6_Aset1_2023-06-28_15h13.22.031.csv,2,12,1,0,z,0,1,3,aud,A,63,1,1A,0A,0,1,z,2.74980460000097,0,1,1,1,0A,1A,A10,2.60268968544438,0.901249928958625,0.400268696761261,0.44736377633938,0.5,0.505541144082502,0.48360671086482,0.44736377633938,0.5,0.44736377633938,0.5,0.83043028928393,0.44736377633938,0.5,0.44736377633938,0.400268696761261,0.901249928958625,0.692460262303301,0.307539737696699,0.901249928958625,0.400268696761261,0.0782207962017305,0.944351427876316,0.0987500710413749,0.0412422974567117,0.400268696761261,-0.0421372652941414,CBCbothPairsRW,CBCdriftDiffusionLR,0.5,0.417643218093805,0.10527244732124,0.765387710840123,3.25712374777882,2.25851556618884,0.5,40.3261036902772
CBC_1020,CBC_1020_MSI_AV_v3_Vset6_Aset1_2023-06-28_15h13.22.031.csv,2,13,3,2,b,1,0,1,aud,D,63,1,3D,2D,1,0,b,1.17356070000005,1,0,1,1,3D,2D,D32,2.23359222150709,0.942492226415337,0.35813143146712,0.44736377633938,0.5,0.505541144082502,0.48360671086482,0.44736377633938,0.5,0.44736377633938,0.5,0.83043028928393,0.44736377633938,0.5,0.44736377633938,0.400268696761261,0.901249928958625,0.692460262303301,0.307539737696699,0.901249928958625,0.400268696761261,1.08276141722441,0.944343745661125,0.0987500710413749,0.0412422974567117,0.400268696761261,-0.0421372652941414,CBCbothPairsRW,CBCdriftDiffusionLR,0.5,0.417643218093805,0.10527244732124,0.765387710840123,3.25712374777882,2.25851556618884,0.5,40.3261036902772
CBC_1020,CBC_1020_MSI_AV_v3_Vset6_Aset1_2023-06-28_15h13.22.031.csv,2,14,0,2,z,0,1,2,aud,C,27,1,0C,2C,0,1,z,2.44979680000051,0,1,1,1,2C,0C,C02,2.67414864942653,0.942492226415337,0.35813143146712,0.44736377633938,0.5,0.505541144082502,0.48360671086482,0.44736377633938,0.5,0.44736377633938,0.5,0.83043028928393,0.44736377633938,0.5,0.44736377633938,0.35813143146712,0.942492226415337,0.649893681325594,0.350106318674406,0.83043028928393,0.44736377633938,0.162937843821799,0.900645047508093,0.16956971071607,0.0708196396746949,0.44736377633938,-0.0470950795781184,CBCbothPairsRW,CBCdriftDiffusionLR,0.5,0.417643218093805,0.10527244732124,0.765387710840123,3.25712374777882,2.25851556618884,0.5,40.3261036902772
CBC_1020,CBC_1020_MSI_AV_v3_Vset6_Aset1_2023-06-28_15h13.22.031.csv,2,15,1,0,z,0,1,3,aud,A,63,1,1A,0A,0,1,z,1.93295500000022,0,1,1,1,0A,1A,A10,2.30258509299405,0.942492226415337,0.35813143146712,0.44736377633938,0.5,0.505541144082502,0.48360671086482,0.44736377633938,0.5,0.400268696761261,0.5,0.901249928958625,0.44736377633938,0.5,0.44736377633938,0.35813143146712,0.942492226415337,0.724646380759986,0.275353619240014,0.942492226415337,0.35813143146712,0.297580145309963,0.964582310206114,0.0575077735846632,0.0240177316253086,0.35813143146712,-0.0377013722532027,CBCbothPairsRW,CBCdriftDiffusionLR,0.5,0.417643218093805,0.10527244732124,0.765387710840123,3.25712374777882,2.25851556618884,0.5,40.3261036902772
CBC_1020,CBC_1020_MSI_AV_v3_Vset6_Aset1_2023-06-28_15h13.22.031.csv,2,16,3,1,z,0,1,0,aud,B,27,1,3B,1B,0,1,z,2.38832210000055,0,1,1,1,1B,3B,B31,3.43398720448515,0.966509958040645,0.320430059213917,0.44736377633938,0.5,0.505541144082502,0.48360671086482,0.44736377633938,0.5,0.400268696761261,0.5,0.901249928958625,0.44736377633938,0.5,0.44736377633938,0.35813143146712,0.942492226415337,0.491666745989987,0.508333254010013,0.48360671086482,0.5,0.120000779034273,0.468566826484495,0.51639328913518,0.215668155076461,0.5,-0.0526362236606201,CBCbothPairsRW,CBCdriftDiffusionLR,0.5,0.417643218093805,0.10527244732124,0.765387710840123,3.25712374777882,2.25851556618884,0.5,40.3261036902772
CBC_1020,CBC_1020_MSI_AV_v3_Vset6_Aset1_2023-06-28_15h13.22.031.csv,2,17,2,3,b,1,0,2,aud,C,63,1,2C,3C,1,0,b,1.18558969999958,1,0,1,1,2C,3C,C23,3.46573590279973,0.966509958040645,0.320430059213917,0.44736377633938,0.5,0.505541144082502,0.699274865941281,0.44736377633938,0.44736377633938,0.400268696761261,0.5,0.901249928958625,0.44736377633938,0.5,0.44736377633938,0.35813143146712,0.942492226415337,0.66827878540614,0.33172121459386,0.901249928958625,0.44736377633938,0.970595398206663,0.922181921779074,0.0987500710413749,0.0412422974567117,0.44736377633938,-0.0470950795781184,CBCbothPairsRW,CBCdriftDiffusionLR,0.5,0.417643218093805,0.10527244732124,0.765387710840123,3.25712374777882,2.25851556618884,0.5,40.3261036902772
CBC_1020,CBC_1020_MSI_AV_v3_Vset6_Aset1_2023-06-28_15h13.22.031.csv,2,18,3,2,b,1,0,1,aud,D,63,0,3D,2D,0,1,b,0.91600710000057,1,0,1,0,3D,2D,D32,2.11021320034659,0.966509958040645,0.320430059213917,0.44736377633938,0.5,0.505541144082502,0.699274865941281,0.44736377633938,0.44736377633938,0.400268696761261,0.5,0.942492226415337,0.400268696761261,0.5,0.44736377633938,0.35813143146712,0.942492226415337,0.724646380759986,0.275353619240014,0.942492226415337,0.35813143146712,0.496349453567687,0.964552003293008,-0.942492226415337,-0.393625486468496,-0.64186856853288,0.0675710750680374,CBCbothPairsRW,CBCdriftDiffusionLR,0.5,0.417643218093805,0.10527244732124,0.765387710840123,3.25712374777882,2.25851556618884,0.5,40.3261036902772
CBC_1020,CBC_1020_MSI_AV_v3_Vset6_Aset1_2023-06-28_15h13.22.031.csv,2,19,0,1,z,0,1,0,aud,B,63,1,0B,1B,0,1,z,1.19904899999983,0,1,1,1,1B,0B,B01,2.83321334405622,0.966509958040645,0.320430059213917,0.44736377633938,0.5,0.505541144082502,0.699274865941281,0.44736377633938,0.44736377633938,0.400268696761261,0.5,0.942492226415337,0.400268696761261,0.5,0.44736377633938,0.425702506535158,0.548866739946841,0.580399712589707,0.419600287410293,0.699274865941281,0.505541144082502,0.618203417267189,0.766167238743558,0.300725134058719,0.125595812749974,0.505541144082502,-0.0532195534591446,CBCbothPairsRW,CBCdriftDiffusionLR,0.5,0.417643218093805,0.10527244732124,0.765387710840123,3.25712374777882,2.25851556618884,0.5,40.3261036902772
CBC_1020,CBC_1020_MSI_AV_v3_Vset6_Aset1_2023-06-28_15h13.22.031.csv,2,20,0,2,b,1,0,3,aud,A,27,1,0A,2A,1,0,b,2.20809840000038,1,0,1,1,0A,2A,A02,3.55534806148941,0.966509958040645,0.320430059213917,0.44736377633938,0.5,0.452321590623357,0.824870678691255,0.44736377633938,0.44736377633938,0.400268696761261,0.5,0.942492226415337,0.400268696761261,0.5,0.44736377633938,0.425702506535158,0.548866739946841,0.683590008456062,0.316409991543938,0.966509958040645,0.44736377633938,0.209752785926643,0.937122646662737,0.0334900419593546,0.0139868888980014,0.44736377633938,-0.0470950795781184,CBCbothPairsRW,CBCdriftDiffusionLR,0.5,0.417643218093805,0.10527244732124,0.765387710840123,3.25712374777882,2.25851556618884,0.5,40.3261036902772
CBC_1020,CBC_1020_MSI_AV_v3_Vset6_Aset1_2023-06-28_15h13.22.031.csv,2,21,3,0,b,1,0,1,aud,D,9,1,3D,0D,1,0,b,0.977388600000268,1,0,1,1,3D,0D,D30,3.58351893845611,0.980496846938647,0.320430059213917,0.400268696761261,0.5,0.452321590623357,0.824870678691255,0.44736377633938,0.44736377633938,0.400268696761261,0.5,0.942492226415337,0.400268696761261,0.5,0.44736377633938,0.425702506535158,0.548866739946841,0.523295018368738,0.476704981631262,0.548866739946841,0.5,0.269529363942267,0.583962626147726,0.451133260053159,0.188412746517751,0.5,-0.0526362236606201,CBCbothPairsRW,CBCdriftDiffusionLR,0.5,0.417643218093805,0.10527244732124,0.765387710840123,3.25712374777882,2.25851556618884,0.5,40.3261036902772
CBC_1020,CBC_1020_MSI_AV_v3_Vset6_Aset1_2023-06-28_15h13.22.031.csv,2,22,3,2,z,0,1,2,aud,C,63,1,3C,2C,0,1,b,0.900776500000575,1,0,0,0,3C,2C,C32,2.91777073208428,0.980496846938647,0.320430059213917,0.400268696761261,0.5,0.452321590623357,0.824870678691255,0.44736377633938,0.44736377633938,0.400268696761261,0.5,0.942492226415337,0.400268696761261,0.44736377633938,0.44736377633938,0.425702506535158,0.737279486464591,0.298093793059108,0.701906206940892,0.400268696761261,0.942492226415337,0.0163993563051284,0.0487201029812697,-0.400268696761261,-0.167169506617587,-0.0575077735846632,0.00605398406525326,CBCbothPairsRW,CBCdriftDiffusionLR,0.5,0.417643218093805,0.10527244732124,0.765387710840123,3.25712374777882,2.25851556618884,0.5,40.3261036902772
CBC_1020,CBC_1020_MSI_AV_v3_Vset6_Aset1_2023-06-28_15h13.22.031.csv,2,23,1,3,b,1,0,0,aud,B,27,1,1B,3B,1,0,b,1.28872809999939,1,0,1,1,1B,3B,B13,3.63758615972639,0.980496846938647,0.320430059213917,0.400268696761261,0.5,0.452321590623357,0.824870678691255,0.44736377633938,0.44736377633938,0.400268696761261,0.5,0.94854621048059,0.233099190143675,0.44736377633938,0.44736377633938,0.425702506535158,0.737279486464591,0.648363731566594,0.351636268433406,0.824870678691255,0.44736377633938,0.820594514574857,0.898665133497089,0.175129321308745,0.073141573333968,0.44736377633938,-0.0470950795781184,CBCbothPairsRW,CBCdriftDiffusionLR,0.5,0.417643218093805,0.10527244732124,0.765387710840123,3.25712374777882,2.25851556618884,0.5,40.3261036902772
CBC_1020,CBC_1020_MSI_AV_v3_Vset6_Aset1_2023-06-28_15h13.22.031.csv,2,24,2,3,b,1,0,2,aud,C,63,1,2C,3C,1,0,b,1.43601000000035,1,0,1,1,2C,3C,C23,2.9704144655697,0.980496846938647,0.320430059213917,0.400268696761261,0.5,0.452321590623357,0.898012252025223,0.44736377633938,0.400268696761261,0.400268696761261,0.5,0.94854621048059,0.233099190143675,0.44736377633938,0.44736377633938,0.425702506535158,0.737279486464591,0.802733383449444,0.197266616550556,0.94854621048059,0.233099190143675,0.796494585530515,0.988520045646317,0.0514537895194099,0.0214893262380076,0.233099190143675,-0.0245389222150238,CBCbothPairsRW,CBCdriftDiffusionLR,0.5,0.417643218093805,0.10527244732124,0.765387710840123,3.25712374777882,2.25851556618884,0.5,40.3261036902772
CBC_1020,CBC_1020_MSI_AV_v3_Vset6_Aset1_2023-06-28_15h13.22.031.csv,2,25,3,2,b,1,0,1,aud,D,63,1,3D,2D,1,0,b,1.42796590000034,1,0,1,1,3D,2D,D32,2.07944154167984,0.980496846938647,0.320430059213917,0.400268696761261,0.5,0.452321590623357,0.898012252025223,0.44736377633938,0.400268696761261,0.400268696761261,0.5,0.970035536718598,0.208560267928651,0.44736377633938,0.44736377633938,0.425702506535158,0.737279486464591,0.633956063724497,0.366043936275503,0.737279486464591,0.425702506535158,0.663465182776435,0.877790709881859,0.262720513535409,0.109723440732185,0.425702506535158,-0.0448147446937423,CBCbothPairsRW,CBCdriftDiffusionLR,0.5,0.417643218093805,0.10527244732124,0.765387710840123,3.25712374777882,2.25851556618884,0.5,40.3261036902772
CBC_1020,CBC_1020_MSI_AV_v3_Vset6_Aset1_2023-06-28_15h13.22.031.csv,2,26,0,1,z,0,1,0,aud,B,63,1,0B,1B,0,1,z,1.39454650000062,0,1,1,1,1B,0B,B01,2.6149597780362,0.980496846938647,0.320430059213917,0.400268696761261,0.5,0.452321590623357,0.898012252025223,0.44736377633938,0.400268696761261,0.400268696761261,0.5,0.970035536718598,0.208560267928651,0.44736377633938,0.44736377633938,0.380887761841415,0.847002927196777,0.665029804973145,0.334970195026855,0.898012252025223,0.452321590623357,0.766387221451466,0.918995841672695,0.101987747974777,0.0425944912703256,0.452321590623357,-0.0476170008211569,CBCbothPairsRW,CBCdriftDiffusionLR,0.5,0.417643218093805,0.10527244732124,0.765387710840123,3.25712374777882,2.25851556618884,0.5,40.3261036902772
CBC_1020,CBC_1020_MSI_AV_v3_Vset6_Aset1_2023-06-28_15h13.22.031.csv,2,27,3,0,z,0,1,3,aud,A,9,1,3A,0A,0,1,z,2.65257299999939,0,1,1,1,0A,3A,A30,3.73766961828337,0.980496846938647,0.320430059213917,0.400268696761261,0.5,0.4047045898022,0.940606743295549,0.44736377633938,0.400268696761261,0.400268696761261,0.5,0.970035536718598,0.208560267928651,0.44736377633938,0.44736377633938,0.380887761841415,0.847002927196777,0.662275538759914,0.337724461240086,0.980496846938647,0.5,0.11403302252277,0.915898415416564,0.0195031530613532,0.00814535960751959,0.5,-0.0526362236606201,CBCbothPairsRW,CBCdriftDiffusionLR,0.5,0.417643218093805,0.10527244732124,0.765387710840123,3.25712374777882,2.25851556618884,0.5,40.3261036902772
CBC_1020,CBC_1020_MSI_AV_v3_Vset6_Aset1_2023-06-28_15h13.22.031.csv,2,28,3,2,b,1,0,1,aud,D,63,1,3D,2D,1,0,b,0.984161100000165,1,0,1,1,3D,2D,D32,1.96944064646551,0.988642206546166,0.320430059213917,0.400268696761261,0.44736377633938,0.4047045898022,0.940606743295549,0.44736377633938,0.400268696761261,0.400268696761261,0.5,0.970035536718598,0.208560267928651,0.44736377633938,0.44736377633938,0.380887761841415,0.847002927196777,0.689803200527756,0.310196799472244,0.847002927196777,0.380887761841415,0.81593291471635,0.942245869198516,0.152997072803223,0.0638981898444704,0.380887761841415,-0.0400969868437555,CBCbothPairsRW,CBCdriftDiffusionLR,0.5,0.417643218093805,0.10527244732124,0.765387710840123,3.25712374777882,2.25851556618884,0.5,40.3261036902772
CBC_1020,CBC_1020_MSI_AV_v3_Vset6_Aset1_2023-06-28_15h13.22.031.csv,2,29,0,2,z,0,1,2,aud,C,27,1,0C,2C,0,1,z,1.25571850000051,0,1,1,1,2C,0C,C02,2.68557734525015,0.988642206546166,0.320430059213917,0.400268696761261,0.44736377633938,0.4047045898022,0.940606743295549,0.44736377633938,0.400268696761261,0.400268696761261,0.5,0.970035536718598,0.208560267928651,0.44736377633938,0.44736377633938,0.34079077499766,0.910901117041247,0.70789793464712,0.29210206535288,0.970035536718598,0.400268696761261,1.05214894535087,0.955151230737343,0.0299644632814022,0.0125144548732985,0.400268696761261,-0.0421372652941414,CBCbothPairsRW,CBCdriftDiffusionLR,0.5,0.417643218093805,0.10527244732124,0.765387710840123,3.25712374777882,2.25851556618884,0.5,40.3261036902772
CBC_1020,CBC_1020_MSI_AV_v3_Vset6_Aset1_2023-06-28_15h13.22.031.csv,2,30,0,1,b,1,0,3,aud,A,63,0,0A,1A,0,1,b,2.00295930000084,1,0,1,0,0A,1A,A01,3.11351530921037,0.988642206546166,0.320430059213917,0.400268696761261,0.44736377633938,0.4047045898022,0.940606743295549,0.44736377633938,0.400268696761261,0.35813143146712,0.5,0.982549991591896,0.208560267928651,0.44736377633938,0.44736377633938,0.34079077499766,0.910901117041247,0.755223552133032,0.244776447866968,0.988642206546166,0.320430059213917,0.220012484198912,0.977076781985227,-0.988642206546166,-0.412899712685301,-0.679569940786083,0.0715399907925012,CBCbothPairsRW,CBCdriftDiffusionLR,0.5,0.417643218093805,0.10527244732124,0.765387710840123,3.25712374777882,2.25851556618884,0.5,40.3261036902772
CBC_1020,CBC_1020_MSI_AV_v3_Vset6_Aset1_2023-06-28_15h13.22.031.csv,2,31,0,1,z,0,1,0,aud,B,63,1,0B,1B,0,1,z,1.2736689000003,0,1,1,1,1B,0B,B01,2.4423470353692,0.575742493860866,0.391970050006419,0.400268696761261,0.44736377633938,0.4047045898022,0.940606743295549,0.44736377633938,0.400268696761261,0.35813143146712,0.5,0.982549991591896,0.208560267928651,0.44736377633938,0.44736377633938,0.34079077499766,0.910901117041247,0.6991740277172,0.3008259722828,0.940606743295549,0.4047045898022,1.00059738885501,0.949354985593601,0.0593932567044509,0.0248051908631183,0.4047045898022,-0.0426042426106162,CBCbothPairsRW,CBCdriftDiffusionLR,0.5,0.417643218093805,0.10527244732124,0.765387710840123,3.25712374777882,2.25851556618884,0.5,40.3261036902772
CBC_1020,CBC_1020_MSI_AV_v3_Vset6_Aset1_2023-06-28_15h13.22.031.csv,2,32,1,3,z,0,1,1,aud,D,27,1,1D,3D,0,1,z,1.64733939999951,0,1,1,1,3D,1D,D13,3.85014760171006,0.575742493860866,0.391970050006419,0.400268696761261,0.44736377633938,0.362100347191584,0.965411934158667,0.44736377633938,0.400268696761261,0.35813143146712,0.5,0.982549991591896,0.208560267928651,0.44736377633938,0.44736377633938,0.34079077499766,0.910901117041247,0.670635839504088,0.329364160495912,0.910901117041247,0.44736377633938,0.532105976779089,0.924752539238458,0.0890988829587531,0.0372115442074569,0.44736377633938,-0.0470950795781184,CBCbothPairsRW,CBCdriftDiffusionLR,0.5,0.417643218093805,0.10527244732124,0.765387710840123,3.25712374777882,2.25851556618884,0.5,40.3261036902772
CBC_1020,CBC_1020_MSI_AV_v3_Vset6_Aset1_2023-06-28_15h13.22.031.csv,2,33,2,3,b,1,0,2,aud,C,63,1,2C,3C,1,0,b,2.04177889999937,1,0,1,1,2C,3C,C23,2.77258872223978,0.575742493860866,0.391970050006419,0.400268696761261,0.44736377633938,0.362100347191584,0.965411934158667,0.44736377633938,0.400268696761261,0.35813143146712,0.5,0.982549991591896,0.208560267928651,0.44736377633938,0.400268696761261,0.34079077499766,0.948112661248704,0.824902634947833,0.175097365052167,0.982549991591896,0.208560267928651,0.112141420630999,0.991669854865485,0.0174500084081037,0.0072878776673244,0.208560267928651,-0.0219556498188227,CBCbothPairsRW,CBCdriftDiffusionLR,0.5,0.417643218093805,0.10527244732124,0.765387710840123,3.25712374777882,2.25851556618884,0.5,40.3261036902772
CBC_1020,CBC_1020_MSI_AV_v3_Vset6_Aset1_2023-06-28_15h13.22.031.csv,2,34,0,1,z,0,1,0,aud,B,63,1,0B,1B,0,1,z,1.39353029999984,0,1,1,1,1B,0B,B01,2.28238238567653,0.575742493860866,0.391970050006419,0.400268696761261,0.44736377633938,0.362100347191584,0.965411934158667,0.44736377633938,0.400268696761261,0.35813143146712,0.5,0.989837869259221,0.186604618109829,0.44736377633938,0.400268696761261,0.34079077499766,0.948112661248704,0.727233900372446,0.272766099627554,0.965411934158667,0.362100347191584,0.876093584477234,0.965944171724555,0.0345880658413326,0.0144454711256145,0.362100347191584,-0.0381191897247288,CBCbothPairsRW,CBCdriftDiffusionLR,0.5,0.417643218093805,0.10527244732124,0.765387710840123,3.25712374777882,2.25851556618884,0.5,40.3261036902772
CBC_1020,CBC_1020_MSI_AV_v3_Vset6_Aset1_2023-06-28_15h13.22.031.csv,2,35,1,0,z,0,1,3,aud,A,63,1,1A,0A,0,1,z,2.74313630000051,0,1,1,1,0A,1A,A10,2.52572864430826,0.575742493860866,0.391970050006419,0.400268696761261,0.44736377633938,0.323981157466855,0.979857405284282,0.44736377633938,0.400268696761261,0.35813143146712,0.5,0.989837869259221,0.186604618109829,0.44736377633938,0.400268696761261,0.34079077499766,0.948112661248704,0.594951979810055,0.405048020189945,0.575742493860866,0.391970050006419,0.125166330455091,0.802561108854777,0.424257506139134,0.1771882701644,0.391970050006419,-0.0412636464408046,CBCbothPairsRW,CBCdriftDiffusionLR,0.5,0.417643218093805,0.10527244732124,0.765387710840123,3.25712374777882,2.25851556618884,0.5,40.3261036902772
CBC_1020,CBC_1020_MSI_AV_v3_Vset6_Aset1_2023-06-28_15h13.22.031.csv,2,36,2,1,b,1,0,2,aud,C,9,1,2C,1C,1,0,b,1.58966210000017,1,0,1,1,2C,1C,C21,3.93182563272433,0.752930764025266,0.350706403565614,0.400268696761261,0.44736377633938,0.323981157466855,0.979857405284282,0.44736377633938,0.400268696761261,0.35813143146712,0.5,0.989837869259221,0.186604618109829,0.44736377633938,0.400268696761261,0.34079077499766,0.948112661248704,0.664393011939876,0.335606988060124,0.989837869259221,0.5,0.57639622913975,0.917956136373461,0.0101621307407793,0.00424414498526905,0.5,-0.0526362236606201,CBCbothPairsRW,CBCdriftDiffusionLR,0.5,0.417643218093805,0.10527244732124,0.765387710840123,3.25712374777882,2.25851556618884,0.5,40.3261036902772
CBC_1020,CBC_1020_MSI_AV_v3_Vset6_Aset1_2023-06-28_15h13.22.031.csv,2,37,0,1,b,1,0,3,aud,A,63,1,0A,1A,1,0,b,3.49203209999996,1,0,1,1,0A,1A,A01,2.85263142991332,0.752930764025266,0.350706403565614,0.400268696761261,0.44736377633938,0.323981157466855,0.979857405284282,0.44736377633938,0.400268696761261,0.35813143146712,0.44736377633938,0.99408201424449,0.186604618109829,0.44736377633938,0.400268696761261,0.34079077499766,0.948112661248704,0.682226719193258,0.317773280806742,0.752930764025266,0.350706403565614,0.0247081050213794,0.935734709892422,0.247069235974734,0.103186790804466,0.350706403565614,-0.0369197213945827,CBCbothPairsRW,CBCdriftDiffusionLR,0.5,0.417643218093805,0.10527244732124,0.765387710840123,3.25712374777882,2.25851556618884,0.5,40.3261036902772
CBC_1020,CBC_1020_MSI_AV_v3_Vset6_Aset1_2023-06-28_15h13.22.031.csv,2,38,1,3,z,0,1,1,aud,D,27,1,1D,3D,0,1,z,0.987156099999993,0,1,1,1,3D,1D,D13,3.27714473299218,0.856117554829731,0.313786682171031,0.400268696761261,0.44736377633938,0.323981157466855,0.979857405284282,0.44736377633938,0.400268696761261,0.35813143146712,0.44736377633938,0.99408201424449,0.186604618109829,0.44736377633938,0.400268696761261,0.34079077499766,0.948112661248704,0.703148746173704,0.296851253826296,0.948112661248704,0.400268696761261,0.893568052669223,0.952136075893688,0.0518873387512963,0.0216703951344147,0.400268696761261,-0.0421372652941414,CBCbothPairsRW,CBCdriftDiffusionLR,0.5,0.417643218093805,0.10527244732124,0.765387710840123,3.25712374777882,2.25851556618884,0.5,40.3261036902772
CBC_1020,CBC_1020_MSI_AV_v3_Vset6_Aset1_2023-06-28_15h13.22.031.csv,2,39,1,0,b,1,0,0,aud,B,63,1,1B,0B,1,0,b,1.77832790000048,1,0,1,1,1B,0B,B10,3.29583686600433,0.856117554829731,0.313786682171031,0.400268696761261,0.44736377633938,0.323981157466855,0.979857405284282,0.44736377633938,0.400268696761261,0.35813143146712,0.44736377633938,0.99408201424449,0.186604618109829,0.44736377633938,0.35813143146712,0.34079077499766,0.969783056383118,0.751517429594009,0.248482570405991,0.979857405284282,0.323981157466855,0.376932242794703,0.975930777055726,0.020142594715718,0.00841241807783173,0.323981157466855,-0.0341062893325039,CBCbothPairsRW,CBCdriftDiffusionLR,0.5,0.417643218093805,0.10527244732124,0.765387710840123,3.25712374777882,2.25851556618884,0.5,40.3261036902772
CBC_1020,CBC_1020_MSI_AV_v3_Vset6_Aset1_2023-06-28_15h13.22.031.csv,2,40,3,2,z,0,1,2,aud,C,63,0,3C,2C,1,0,z,1.23128170000018,0,1,1,0,2C,3C,C32,2.90872089656436,0.856117554829731,0.313786682171031,0.400268696761261,0.44736377633938,0.289874868134351,0.988269823362114,0.44736377633938,0.400268696761261,0.35813143146712,0.44736377633938,0.99408201424449,0.186604618109829,0.44736377633938,0.35813143146712,0.34079077499766,0.969783056383118,0.841952459699036,0.158047540300964,0.99408201424449,0.186604618109829,1.40401994029128,0.993517947460532,-0.99408201424449,-0.41517161147824,-0.813395381890171,0.0856281224913731,CBCbothPairsRW,CBCdriftDiffusionLR,0.5,0.417643218093805,0.10527244732124,0.765387710840123,3.25712374777882,2.25851556618884,0.5,40.3261036902772
CBC_1020,CBC_1020_MSI_AV_v3_Vset6_Aset1_2023-06-28_15h13.22.031.csv,2,41,0,2,b,1,0,3,aud,A,27,1,0A,2A,1,0,b,1.48878010000044,1,0,1,1,0A,2A,A02,3.3322045101752,0.856117554829731,0.313786682171031,0.400268696761261,0.44736377633938,0.289874868134351,0.988269823362114,0.44736377633938,0.400268696761261,0.35813143146712,0.44736377633938,0.578910402766249,0.272232740601202,0.44736377633938,0.35813143146712,0.34079077499766,0.969783056383118,0.681412705484168,0.318587294515832,0.856117554829731,0.400268696761261,0.693331283029564,0.935205649421128,0.143882445170269,0.0600915274281164,0.400268696761261,-0.0421372652941414,CBCbothPairsRW,CBCdriftDiffusionLR,0.5,0.417643218093805,0.10527244732124,0.765387710840123,3.25712374777882,2.25851556618884,0.5,40.3261036902772
CBC_1020,CBC_1020_MSI_AV_v3_Vset6_Aset1_2023-06-28_15h13.22.031.csv,2,42,2,3,z,0,1,1,aud,D,63,1,2D,3D,0,1,z,1.08723120000013,0,1,1,1,3D,2D,D23,4.04305126783455,0.916209082257848,0.313786682171031,0.35813143146712,0.44736377633938,0.289874868134351,0.988269823362114,0.44736377633938,0.400268696761261,0.35813143146712,0.44736377633938,0.578910402766249,0.272232740601202,0.44736377633938,0.35813143146712,0.34079077499766,0.969783056383118,0.739968274325596,0.260031725674405,0.969783056383118,0.34079077499766,1.34153167410124,0.971518645000379,0.0302169436168815,0.0126199015731135,0.34079077499766,-0.0358758789085058,CBCbothPairsRW,CBCdriftDiffusionLR,0.5,0.417643218093805,0.10527244732124,0.765387710840123,3.25712374777882,2.25851556618884,0.5,40.3261036902772
CBC_1020,CBC_1020_MSI_AV_v3_Vset6_Aset1_2023-06-28_15h13.22.031.csv,2,43,1,3,b,1,0,0,aud,B,27,1,1B,3B,1,0,b,1.46128729999964,1,0,1,1,1B,3B,B13,3.36729582998647,0.916209082257848,0.313786682171031,0.35813143146712,0.44736377633938,0.289874868134351,0.988269823362114,0.44736377633938,0.400268696761261,0.35813143146712,0.44736377633938,0.578910402766249,0.272232740601202,0.44736377633938,0.35813143146712,0.304914896089154,0.982402957956232,0.711733818716317,0.288266181283683,0.988269823362114,0.400268696761261,0.758755538147495,0.957549617342248,0.0117301766378862,0.00489902871985557,0.400268696761261,-0.0421372652941414,CBCbothPairsRW,CBCdriftDiffusionLR,0.5,0.417643218093805,0.10527244732124,0.765387710840123,3.25712374777882,2.25851556618884,0.5,40.3261036902772
CBC_1020,CBC_1020_MSI_AV_v3_Vset6_Aset1_2023-06-28_15h13.22.031.csv,2,44,3,2,z,0,1,2,aud,C,63,1,3C,2C,0,1,z,2.76381089999995,0,1,1,1,2C,3C,C32,2.69124308278583,0.916209082257848,0.313786682171031,0.35813143146712,0.44736377633938,0.289874868134351,0.993168852081969,0.44736377633938,0.35813143146712,0.35813143146712,0.44736377633938,0.578910402766249,0.272232740601202,0.44736377633938,0.35813143146712,0.304914896089154,0.982402957956232,0.680156337130152,0.319843662869848,0.578910402766249,0.272232740601202,0.0847796732303847,0.933899331406463,0.421089597233751,0.175865214494528,0.272232740601202,-0.0286586068440568,CBCbothPairsRW,CBCdriftDiffusionLR,0.5,0.417643218093805,0.10527244732124,0.765387710840123,3.25712374777882,2.25851556618884,0.5,40.3261036902772
CBC_1020,CBC_1020_MSI_TV_v3_Vset5_Tset1_2023-06-28_16h55.43.253.csv,3,1,2,0,b,1,0,2,tac,C,27,1,2C,0C,1,0,b,2.558659,1,0,1,1,2C,0C,C20,2.77258872223978,0.5,0.5,0.5,0.5,0.5,0.5,0.5,0.5,0.5,0.5,0.5,0.5,0.5,0.5,0.5,0.5,0.5,0.5,0.5,0.5,0.185296034495386,0.500658316770623,0.5,0.176629948987081,0.5,-0.5,CBCbothPairsRW,CBCdriftDiffusionLR,0.5,0.353259897974162,1,1.30270541782757,0.473670739891969,2.34668074701884,0.5,70.9313445378516
CBC_1020,CBC_1020_MSI_TV_v3_Vset5_Tset1_2023-06-28_16h55.43.253.csv,3,2,3,2,b,1,0,1,tac,D,63,1,3D,2D,1,0,b,2.4631589,1,0,1,1,3D,2D,D32,2.83321334405622,0.5,0.5,0.5,0.5,0.5,0.5,0.5,0.5,0,0.5,0.676629948987081,0.5,0.5,0.5,0.5,0.5,0.5,0.5,0.5,0.5,0.201658479990491,0.500360500576233,0.5,0.176629948987081,0.5,-0.5,CBCbothPairsRW,CBCdriftDiffusionLR,0.5,0.353259897974162,1,1.30270541782757,0.473670739891969,2.34668074701884,0.5,70.9313445378516
CBC_1020,CBC_1020_MSI_TV_v3_Vset5_Tset1_2023-06-28_16h55.43.253.csv,3,3,1,0,z,0,1,3,tac,A,63,1,1A,0A,0,1,b,3.4533513,1,0,0,0,1A,0A,A10,2.89037175789616,0.5,0.5,0.5,0.5,0.5,0.5,0.5,0.5,0,0.5,0.676629948987081,0.5,0.5,0.5,0,0.676629948987081,0.5,0.5,0.5,0.5,0.0831200621547273,0.500511597674706,-0.5,-0.176629948987081,-0.5,0.5,CBCbothPairsRW,CBCdriftDiffusionLR,0.5,0.353259897974162,1,1.30270541782757,0.473670739891969,2.34668074701884,0.5,70.9313445378516
CBC_1020,CBC_1020_MSI_TV_v3_Vset5_Tset1_2023-06-28_16h55.43.253.csv,3,4,2,3,b,1,0,2,tac,C,63,1,2C,3C,1,0,b,2.3526012,1,0,1,1,2C,3C,C23,2.94443897916644,1,0.323370051012919,0.5,0.5,0.5,0.5,0.5,0.5,0,0.5,0.676629948987081,0.5,0.5,0.5,0,0.676629948987081,0.575057561274526,0.424942438725474,0.676629948987081,0.5,0.241254819917394,0.542168258951858,0.323370051012919,0.114233671228723,0.5,-0.5,CBCbothPairsRW,CBCdriftDiffusionLR,0.5,0.353259897974162,1,1.30270541782757,0.473670739891969,2.34668074701884,0.5,70.9313445378516
CBC_1020,CBC_1020_MSI_TV_v3_Vset5_Tset1_2023-06-28_16h55.43.253.csv,3,5,0,2,b,1,0,3,tac,A,27,1,0A,2A,1,0,b,2.3859394,1,0,1,1,0A,2A,A02,2.99573227355399,1,0.323370051012919,0.5,0.5,0.5,0.5,0.5,0.5,0,0.5,0.790863620215804,0,0.5,0.5,0,0.676629948987081,0.666666666666667,0.333333333333333,1,0.5,0.256302592096149,0.591635766305888,0,0,0.5,-0.5,CBCbothPairsRW,CBCdriftDiffusionLR,0.5,0.353259897974162,1,1.30270541782757,0.473670739891969,2.34668074701884,0.5,70.9313445378516
CBC_1020,CBC_1020_MSI_TV_v3_Vset5_Tset1_2023-06-28_16h55.43.253.csv,3,6,2,3,z,0,1,1,tac,D,63,1,2D,3D,0,1,z,2.9740085,0,1,1,1,3D,2D,D23,3.04452243772342,1,0.323370051012919,0,0.5,0.5,0.5,0.5,0.5,0,0.5,0.790863620215804,0,0.5,0.5,0,0.676629948987081,1,0,0.676629948987081,0,0.184440786715166,0.75270734257758,0.323370051012919,0.114233671228723,0,-0,CBCbothPairsRW,CBCdriftDiffusionLR,0.5,0.353259897974162,1,1.30270541782757,0.473670739891969,2.34668074701884,0.5,70.9313445378516
CBC_1020,CBC_1020_MSI_TV_v3_Vset5_Tset1_2023-06-28_16h55.43.253.csv,3,7,3,2,b,1,0,1,tac,D,63,1,3D,2D,1,0,b,2.5277644,1,0,1,1,3D,2D,D32,2.39789527279837,1,0.323370051012919,0,0.5,0.5,0.5,0.5,0.5,0,0.5,0.790863620215804,0,0.5,0.5,0,0.790863620215804,1,0,0.790863620215804,0,0.289315958429862,0.753111722370293,0.209136379784196,0.0738794961852505,0,-0,CBCbothPairsRW,CBCdriftDiffusionLR,0.5,0.353259897974162,1,1.30270541782757,0.473670739891969,2.34668074701884,0.5,70.9313445378516
CBC_1020,CBC_1020_MSI_TV_v3_Vset5_Tset1_2023-06-28_16h55.43.253.csv,3,8,3,1,z,0,1,0,tac,B,27,1,3B,1B,0,1,z,2.9963841,0,1,1,1,1B,3B,B31,3.13549421592915,1,0.323370051012919,0,0.5,0.5,0.5,0.5,0.5,0,0.5,0.790863620215804,0,0.5,0.5,0,0.864743116401055,0.5,0.5,0.5,0.5,0.124930670980953,0.499508980019007,0.5,0.176629948987081,0.5,-0.5,CBCbothPairsRW,CBCdriftDiffusionLR,0.5,0.353259897974162,1,1.30270541782757,0.473670739891969,2.34668074701884,0.5,70.9313445378516
CBC_1020,CBC_1020_MSI_TV_v3_Vset5_Tset1_2023-06-28_16h55.43.253.csv,3,9,0,3,z,0,1,1,tac,D,9,1,0D,3D,0,1,b,2.4315682,1,0,0,0,0D,3D,D03,3.17805383034795,1,0.323370051012919,0,0.5,0.5,0.676629948987081,0.5,0,0,0.5,0.790863620215804,0,0.5,0.5,0,0.864743116401055,0.366369314482086,0.633630685517914,0.5,0.864743116401055,0.17731628699299,0.426944897437309,-0.5,-0.176629948987081,-0.135256883598945,0.135256883598945,CBCbothPairsRW,CBCdriftDiffusionLR,0.5,0.353259897974162,1,1.30270541782757,0.473670739891969,2.34668074701884,0.5,70.9313445378516
CBC_1020,CBC_1020_MSI_TV_v3_Vset5_Tset1_2023-06-28_16h55.43.253.csv,3,10,1,0,b,1,0,0,tac,B,63,1,1B,0B,1,0,b,2.9480896,1,0,1,1,1B,0B,B10,3.2188758248682,1,0.323370051012919,0,0.5,0.5,0.676629948987081,0.5,0,0,0.5,0.790863620215804,0,0.323370051012919,0.5,0,1,0.575057561274526,0.424942438725474,0.676629948987081,0.5,0.141214369239854,0.541065282843649,0.323370051012919,0.114233671228723,0.5,-0.5,CBCbothPairsRW,CBCdriftDiffusionLR,0.5,0.353259897974162,1,1.30270541782757,0.473670739891969,2.34668074701884,0.5,70.9313445378516
CBC_1020,CBC_1020_MSI_TV_v3_Vset5_Tset1_2023-06-28_16h55.43.253.csv,3,11,1,0,z,0,1,3,tac,A,63,1,1A,0A,0,1,b,3.7743763,1,0,0,0,1A,0A,A10,2.56494935746154,1,0.323370051012919,0,0.5,0,0.790863620215804,0.5,0,0,0.5,0.790863620215804,0,0.323370051012919,0.5,0,1,0.244353460141711,0.755646539858289,0.323370051012919,1,0.0436880562342943,0.362275922910251,-0.323370051012919,-0.114233671228723,0,-0,CBCbothPairsRW,CBCdriftDiffusionLR,0.5,0.353259897974162,1,1.30270541782757,0.473670739891969,2.34668074701884,0.5,70.9313445378516
CBC_1020,CBC_1020_MSI_TV_v3_Vset5_Tset1_2023-06-28_16h55.43.253.csv,3,12,0,1,z,0,1,0,tac,B,63,1,0B,1B,0,1,z,4.8824814,0,1,1,1,1B,0B,B01,3.29583686600433,1,0.209136379784196,0,0.5,0,0.790863620215804,0.5,0,0,0.5,0.790863620215804,0,0.323370051012919,0.5,0,1,1,0,0.790863620215804,0,0.026903702984,0.752862213237903,0.209136379784196,0.0738794961852505,0,-0,CBCbothPairsRW,CBCdriftDiffusionLR,0.5,0.353259897974162,1,1.30270541782757,0.473670739891969,2.34668074701884,0.5,70.9313445378516
CBC_1020,CBC_1020_MSI_TV_v3_Vset5_Tset1_2023-06-28_16h55.43.253.csv,3,13,2,3,z,0,1,1,tac,D,63,1,2D,3D,0,1,b,2.3487546,1,0,0,0,2D,3D,D23,2.63905732961526,1,0.209136379784196,0,0.5,0,0.864743116401055,0.5,0,0,0.5,0.790863620215804,0,0.323370051012919,0.5,0,1,0,1,0,1,0.113837770338084,0.24770080096641,0,0,0,-0,CBCbothPairsRW,CBCdriftDiffusionLR,0.5,0.353259897974162,1,1.30270541782757,0.473670739891969,2.34668074701884,0.5,70.9313445378516
CBC_1020,CBC_1020_MSI_TV_v3_Vset5_Tset1_2023-06-28_16h55.43.253.csv,3,14,1,3,b,1,0,0,tac,B,27,1,1B,3B,1,0,b,2.8460024,1,0,1,1,1B,3B,B13,3.36729582998647,1,0.209136379784196,0,0.5,0,0.864743116401055,0.5,0,0,0.5,0.790863620215804,0,0.323370051012919,0.5,0,1,1,0,0.864743116401055,0,0.209740895625603,0.752178525341801,0.135256883598945,0.0477808329004665,0,-0,CBCbothPairsRW,CBCdriftDiffusionLR,0.5,0.353259897974162,1,1.30270541782757,0.473670739891969,2.34668074701884,0.5,70.9313445378516
CBC_1020,CBC_1020_MSI_TV_v3_Vset5_Tset1_2023-06-28_16h55.43.253.csv,3,15,3,2,z,0,1,2,tac,C,63,1,3C,2C,0,1,b,2.3485299,1,0,0,0,3C,2C,C32,3.40119738166216,1,0.209136379784196,0,0.5,0,0.912523949301521,0.5,0,0,0.5,0.790863620215804,0,0.323370051012919,0.5,0,1,0,1,0,0.790863620215804,0.113679777859928,0.247278487780896,0,0,-0.209136379784196,0.209136379784196,CBCbothPairsRW,CBCdriftDiffusionLR,0.5,0.353259897974162,1,1.30270541782757,0.473670739891969,2.34668074701884,0.5,70.9313445378516
CBC_1020,CBC_1020_MSI_TV_v3_Vset5_Tset1_2023-06-28_16h55.43.253.csv,3,16,2,0,b,1,0,2,tac,C,27,1,2C,0C,1,0,b,2.5978839,1,0,1,1,2C,0C,C20,2.7408400239252,1,0.209136379784196,0,0.5,0,0.912523949301521,0.5,0,0,0.5,1,0,0.323370051012919,0.5,0,1,1,0,1,0,0.26954640430737,0.752949874766437,0,0,0,-0,CBCbothPairsRW,CBCdriftDiffusionLR,0.5,0.353259897974162,1,1.30270541782757,0.473670739891969,2.34668074701884,0.5,70.9313445378516
CBC_1020,CBC_1020_MSI_TV_v3_Vset5_Tset1_2023-06-28_16h55.43.253.csv,3,17,0,3,b,1,0,3,tac,A,9,1,0A,3A,1,0,b,2.5732743,1,0,1,1,0A,3A,A03,3.46573590279973,1,0.209136379784196,0,0.5,0,0.912523949301521,0.5,0,0,0.5,1,0,0.323370051012919,0.5,0,1,0.666666666666667,0.333333333333333,1,0.5,0.216347587240334,0.591517617439636,0,0,0.5,-0.5,CBCbothPairsRW,CBCdriftDiffusionLR,0.5,0.353259897974162,1,1.30270541782757,0.473670739891969,2.34668074701884,0.5,70.9313445378516
CBC_1020,CBC_1020_MSI_TV_v3_Vset5_Tset1_2023-06-28_16h55.43.253.csv,3,18,2,3,b,1,0,2,tac,C,63,0,2C,3C,0,1,z,2.4426553,0,1,0,1,3C,2C,C23,2.80336038090653,1,0.209136379784196,0,0,0,0.912523949301521,0.5,0,0,0.5,1,0,0.323370051012919,0.5,0,1,0,1,0,1,0.103242373922657,0.246721929000304,1,0.353259897974162,1,-1,CBCbothPairsRW,CBCdriftDiffusionLR,0.5,0.353259897974162,1,1.30270541782757,0.473670739891969,2.34668074701884,0.5,70.9313445378516
CBC_1020,CBC_1020_MSI_TV_v3_Vset5_Tset1_2023-06-28_16h55.43.253.csv,3,19,1,0,z,0,1,3,tac,A,63,1,1A,0A,0,1,z,2.5233823,0,1,1,1,0A,1A,A10,2.42774823594805,1,0.209136379784196,0,0,0,0.912523949301521,0.5,0,0,0.5,0,0.353259897974162,0.323370051012919,0.5,0,1,0.827036566527324,0.172963433472676,1,0.209136379784196,0.258842718717152,0.673598135748536,0,0,0.209136379784196,-0.209136379784196,CBCbothPairsRW,CBCdriftDiffusionLR,0.5,0.353259897974162,1,1.30270541782757,0.473670739891969,2.34668074701884,0.5,70.9313445378516
CBC_1020,CBC_1020_MSI_TV_v3_Vset5_Tset1_2023-06-28_16h55.43.253.csv,3,20,3,2,b,1,0,1,tac,D,63,1,3D,2D,1,0,z,2.5000739,0,1,0,0,2D,3D,D32,2.4567357728213,1,-2.77555756156289e-17,0,0,0,0.912523949301521,0.5,0,0,0.5,0,0.353259897974162,0.323370051012919,0.5,0,1,0,1,0,1,0.0981324389569573,0.248455244106899,0,0,0,-0,CBCbothPairsRW,CBCdriftDiffusionLR,0.5,0.353259897974162,1,1.30270541782757,0.473670739891969,2.34668074701884,0.5,70.9313445378516
CBC_1020,CBC_1020_MSI_TV_v3_Vset5_Tset1_2023-06-28_16h55.43.253.csv,3,21,3,2,z,0,1,2,tac,C,63,1,3C,2C,0,1,b,1.8948564,1,0,0,0,3C,2C,C32,2.89037175789616,1,-2.77555756156289e-17,0,0,0,0.912523949301521,0.5,0,0,0.5,0,0.353259897974162,0.323370051012919,0.5,0,1,1,0,0.353259897974162,0,0.524415664846391,0.752922360448038,-0.353259897974162,-0.124792555516715,-1,1,CBCbothPairsRW,CBCdriftDiffusionLR,0.5,0.353259897974162,1,1.30270541782757,0.473670739891969,2.34668074701884,0.5,70.9313445378516
CBC_1020,CBC_1020_MSI_TV_v3_Vset5_Tset1_2023-06-28_16h55.43.253.csv,3,22,3,1,b,1,0,1,tac,D,27,1,3D,1D,1,0,b,2.4511491,1,0,1,1,3D,1D,D31,3.61091791264422,1,-2.77555756156289e-17,0,0,0,0.912523949301521,0.5,0,0,0.5,1,0.228467342457447,0.323370051012919,0.5,0,1,0.666666666666667,0.333333333333333,1,0.5,0.241854204859699,0.592064368566581,0,0,0.5,-0.5,CBCbothPairsRW,CBCdriftDiffusionLR,0.5,0.353259897974162,1,1.30270541782757,0.473670739891969,2.34668074701884,0.5,70.9313445378516
CBC_1020,CBC_1020_MSI_TV_v3_Vset5_Tset1_2023-06-28_16h55.43.253.csv,3,23,0,1,b,1,0,3,tac,A,63,1,0A,1A,1,0,b,1.8392794,1,0,1,1,0A,1A,A01,3.63758615972639,1,-2.77555756156289e-17,0,0,0,0.912523949301521,0.5,0,0,0.5,1,0.228467342457447,0.323370051012919,0,0,1,1,-2.77555756156289e-17,1,-2.77555756156289e-17,0.540578500070477,0.751253001086382,0,0,0,-0,CBCbothPairsRW,CBCdriftDiffusionLR,0.5,0.353259897974162,1,1.30270541782757,0.473670739891969,2.34668074701884,0.5,70.9313445378516
CBC_1020,CBC_1020_MSI_TV_v3_Vset5_Tset1_2023-06-28_16h55.43.253.csv,3,24,3,2,z,0,1,2,tac,C,63,1,3C,2C,0,1,b,3.0023748,1,0,0,0,3C,2C,C32,2.56494935746154,1,-2.77555756156289e-17,0,0,0,0.912523949301521,0.5,0,0,0.5,1,0.228467342457447,0.323370051012919,0,0,1,0.185977546623597,0.814022453376403,0.228467342457447,1,0.0812384140933231,0.331698250830968,-0.228467342457447,-0.0807083500869454,0,-0,CBCbothPairsRW,CBCdriftDiffusionLR,0.5,0.353259897974162,1,1.30270541782757,0.473670739891969,2.34668074701884,0.5,70.9313445378516
CBC_1020,CBC_1020_MSI_TV_v3_Vset5_Tset1_2023-06-28_16h55.43.253.csv,3,25,0,2,b,1,0,3,tac,A,27,1,0A,2A,1,0,b,1.4506734,1,0,1,1,0A,2A,A02,2.99573227355399,1,-2.77555756156289e-17,0,0,0,0.912523949301521,0.5,0,0,0.5,1,0.147758992370501,0.323370051012919,0,0,1,1,0,1,0,0.13477873980136,0.753115349958068,0,0,0,-0,CBCbothPairsRW,CBCdriftDiffusionLR,0.5,0.353259897974162,1,1.30270541782757,0.473670739891969,2.34668074701884,0.5,70.9313445378516
CBC_1020,CBC_1020_MSI_TV_v3_Vset5_Tset1_2023-06-28_16h55.43.253.csv,3,26,1,0,b,1,0,0,tac,B,63,1,1B,0B,1,0,b,2.4594591,1,0,1,1,1B,0B,B10,3.02042488614436,1,-2.77555756156289e-17,0,0,0,0.912523949301521,0.5,0,0,0.5,1,0.147758992370501,0.323370051012919,0,0,1,1,0,0.912523949301521,0,0.309813492900342,0.75298502130046,0.0874760506984789,0.0309017807449272,0,-0,CBCbothPairsRW,CBCdriftDiffusionLR,0.5,0.353259897974162,1,1.30270541782757,0.473670739891969,2.34668074701884,0.5,70.9313445378516
CBC_1020,CBC_1020_MSI_TV_v3_Vset5_Tset1_2023-06-28_16h55.43.253.csv,3,27,0,1,z,0,1,0,tac,B,63,1,0B,1B,0,1,z,2.6094352,0,1,1,1,1B,0B,B01,3.04452243772342,1,-2.77555756156289e-17,0,0,0,0.943425730046448,0.5,0,0,0.5,1,0.147758992370501,0.323370051012919,0,0,1,1,0,0.943425730046448,0,0.266105611430723,0.751991133061938,0.0565742699535516,0.0199854208317543,0,-0,CBCbothPairsRW,CBCdriftDiffusionLR,0.5,0.353259897974162,1,1.30270541782757,0.473670739891969,2.34668074701884,0.5,70.9313445378516
CBC_1020,CBC_1020_MSI_TV_v3_Vset5_Tset1_2023-06-28_16h55.43.253.csv,3,28,3,2,z,0,1,2,tac,C,63,1,3C,2C,0,1,b,1.9760787,1,0,0,0,3C,2C,C32,2.37490575457367,1,-2.77555756156289e-17,0,0,0,0.963411150878203,0.5,0,0,0.5,1,0.147758992370501,0.323370051012919,0,0,1,0.128736950311607,0.871263049688393,0.147758992370501,1,0.193598627956092,0.305108877483684,-0.147758992370501,-0.0521973265695682,0,-0,CBCbothPairsRW,CBCdriftDiffusionLR,0.5,0.353259897974162,1,1.30270541782757,0.473670739891969,2.34668074701884,0.5,70.9313445378516
CBC_1020,CBC_1020_MSI_TV_v3_Vset5_Tset1_2023-06-28_16h55.43.253.csv,3,29,3,1,b,1,0,1,tac,D,27,1,3D,1D,1,0,b,2.3779517,1,0,1,1,3D,1D,D31,3.09104245335832,1,-2.77555756156289e-17,0,0,0,0.963411150878203,0.5,0,0,0.5,1,0.095561665800933,0.323370051012919,0,0,1,1,0,1,0,0.33606898341087,0.752793561456258,0,0,0,-0,CBCbothPairsRW,CBCdriftDiffusionLR,0.5,0.353259897974162,1,1.30270541782757,0.473670739891969,2.34668074701884,0.5,70.9313445378516
CBC_1020,CBC_1020_MSI_TV_v3_Vset5_Tset1_2023-06-28_16h55.43.253.csv,3,30,1,2,z,0,1,2,tac,C,9,1,1C,2C,0,1,z,2.8204376,0,1,1,1,2C,1C,C12,3.80666248977032,1,-2.77555756156289e-17,0,0,0,0.963411150878203,0.5,0,0,0.5,1,0.095561665800933,0.323370051012919,0,0,1,0.666666666666667,0.333333333333333,1,0.5,0.173098634473305,0.5922841526678,0,0,0.5,-0.5,CBCbothPairsRW,CBCdriftDiffusionLR,0.5,0.353259897974162,1,1.30270541782757,0.473670739891969,2.34668074701884,0.5,70.9313445378516
CBC_1020,CBC_1020_MSI_TV_v3_Vset5_Tset1_2023-06-28_16h55.43.253.csv,3,31,3,1,z,0,1,0,tac,B,27,1,3B,1B,0,1,z,1.477909,0,1,1,1,1B,3B,B31,3.13549421592915,1,-2.77555756156289e-17,0,0,0,0.963411150878203,0.5,0,0,0,1,0.095561665800933,0.323370051012919,0,0,1,1,0,0.963411150878203,0,0.214322713354684,0.75198389616992,0.0365888491217973,0.0129253731077581,0,-0,CBCbothPairsRW,CBCdriftDiffusionLR,0.5,0.353259897974162,1,1.30270541782757,0.473670739891969,2.34668074701884,0.5,70.9313445378516
CBC_1020,CBC_1020_MSI_TV_v3_Vset5_Tset1_2023-06-28_16h55.43.253.csv,3,32,3,2,b,1,0,1,tac,D,63,1,3D,2D,1,0,z,2.4847524,0,1,0,0,2D,3D,D32,2.46385324059017,1,-2.77555756156289e-17,0,0,0,0.976336523985961,0.5,0,0,0,1,0.095561665800933,0.323370051012919,0,0,1,0,1,0,1,0.0994601665489336,0.24796724824008,0,0,0,-0,CBCbothPairsRW,CBCdriftDiffusionLR,0.5,0.353259897974162,1,1.30270541782757,0.473670739891969,2.34668074701884,0.5,70.9313445378516
CBC_1020,CBC_1020_MSI_TV_v3_Vset5_Tset1_2023-06-28_16h55.43.253.csv,3,33,0,1,z,0,1,0,tac,B,63,1,0B,1B,0,1,z,2.3110511,0,1,1,1,1B,0B,B01,2.77258872223978,1,-2.77555756156289e-17,0,0,0,0.976336523985961,0.5,0,0,0,1,0.095561665800933,0.323370051012919,0,0,1,1,0,0.976336523985961,0,0.359450520121851,0.753175770909521,0.0236634760140392,0.0083593571224335,0,-0,CBCbothPairsRW,CBCdriftDiffusionLR,0.5,0.353259897974162,1,1.30270541782757,0.473670739891969,2.34668074701884,0.5,70.9313445378516
CBC_1020,CBC_1020_MSI_TV_v3_Vset5_Tset1_2023-06-28_16h55.43.253.csv,3,34,1,0,z,0,1,3,tac,A,63,0,1A,0A,1,0,z,2.2550929,0,1,1,0,0A,1A,A10,2.50552593699074,1,-2.77555756156289e-17,0,0,0,0.984695881108394,0.5,0,0,0,1,0.095561665800933,0.323370051012919,0,0,1,1,-2.77555756156289e-17,1,-2.77555756156289e-17,0.379542021954664,0.752568928750784,-1,-0.353259897974162,-1,1,CBCbothPairsRW,CBCdriftDiffusionLR,0.5,0.353259897974162,1,1.30270541782757,0.473670739891969,2.34668074701884,0.5,70.9313445378516
CBC_1020,CBC_1020_MSI_TV_v3_Vset5_Tset1_2023-06-28_16h55.43.253.csv,3,35,2,3,b,1,0,2,tac,C,63,1,2C,3C,1,0,z,2.8630319,0,1,0,0,3C,2C,C23,2.81341071676004,0.646740102025838,1,0,0,0,0.984695881108394,0.5,0,0,0,1,0.095561665800933,0.323370051012919,0,0,1,0.0872261861508915,0.912773813849108,0.095561665800933,1,0.0790941243109247,0.285583762173084,-0.095561665800933,-0.0337581043110785,0,-0,CBCbothPairsRW,CBCdriftDiffusionLR,0.5,0.353259897974162,1,1.30270541782757,0.473670739891969,2.34668074701884,0.5,70.9313445378516
CBC_1020,CBC_1020_MSI_TV_v3_Vset5_Tset1_2023-06-28_16h55.43.253.csv,3,36,0,2,b,1,0,3,tac,A,27,1,0A,2A,1,0,b,1.8382053,1,0,1,1,0A,2A,A02,2.83321334405622,0.646740102025838,1,0,0,0,0.984695881108394,0.5,0,0,0,1,0.0618035614898545,0.323370051012919,0,0,1,1,0,0.646740102025838,0,0.542291663973955,0.752494703367878,0.353259897974162,0.124792555516715,0,-0,CBCbothPairsRW,CBCdriftDiffusionLR,0.5,0.353259897974162,1,1.30270541782757,0.473670739891969,2.34668074701884,0.5,70.9313445378516
CBC_1020,CBC_1020_MSI_TV_v3_Vset5_Tset1_2023-06-28_16h55.43.253.csv,3,37,0,1,z,0,1,0,tac,B,63,1,0B,1B,0,1,z,1.8447867,0,1,1,1,1B,0B,B01,2.56494935746154,0.771532657542554,1,0,0,0,0.984695881108394,0.5,0,0,0,1,0.0618035614898545,0.323370051012919,0,0,1,1,0,0.984695881108394,0,0.540447280892548,0.752524169173912,0.0153041188916057,0.00540633147823305,0,-0,CBCbothPairsRW,CBCdriftDiffusionLR,0.5,0.353259897974162,1,1.30270541782757,0.473670739891969,2.34668074701884,0.5,70.9313445378516
CBC_1020,CBC_1020_MSI_TV_v3_Vset5_Tset1_2023-06-28_16h55.43.253.csv,3,38,2,3,z,0,1,1,tac,D,63,1,2D,3D,0,1,b,2.4657049,1,0,0,0,2D,3D,D23,2.87167962488401,0.771532657542554,1,0,0,0,0.990102212586627,0.5,0,0,0,1,0.0618035614898545,0.323370051012919,0,0,1,0,1,0,1,0.101146829756391,0.247386471076579,0,0,0,-0,CBCbothPairsRW,CBCdriftDiffusionLR,0.5,0.353259897974162,1,1.30270541782757,0.473670739891969,2.34668074701884,0.5,70.9313445378516
CBC_1020,CBC_1020_MSI_TV_v3_Vset5_Tset1_2023-06-28_16h55.43.253.csv,3,39,1,2,b,1,0,0,tac,B,9,1,1B,2B,1,0,b,2.4624904,1,0,1,1,1B,2B,B12,3.98898404656427,0.771532657542554,1,0,0,0,0.990102212586627,0.5,0,0,0,1,0.0618035614898545,0.323370051012919,0,0,1,0.664452548438228,0.335547451561772,0.990102212586627,0.5,0.238617708234376,0.590216729001391,0.00989778741337255,0.00349649137181793,0.5,-0.5,CBCbothPairsRW,CBCdriftDiffusionLR,0.5,0.353259897974162,1,1.30270541782757,0.473670739891969,2.34668074701884,0.5,70.9313445378516
CBC_1020,CBC_1020_MSI_TV_v3_Vset5_Tset1_2023-06-28_16h55.43.253.csv,3,40,1,3,z,0,1,1,tac,D,27,1,1D,3D,0,1,z,2.4468924,0,1,1,1,3D,1D,D13,4.00733318523247,0.771532657542554,1,0,0,0,0.993598703958445,0,0,0,0,1,0.0618035614898545,0.323370051012919,0,0,1,1,0,1,0,0.313154267314669,0.751681891313706,0,0,0,-0,CBCbothPairsRW,CBCdriftDiffusionLR,0.5,0.353259897974162,1,1.30270541782757,0.473670739891969,2.34668074701884,0.5,70.9313445378516
CBC_1020,CBC_1020_MSI_TV_v3_Vset5_Tset1_2023-06-28_16h55.43.253.csv,3,41,1,0,z,0,1,3,tac,A,63,1,1A,0A,0,1,z,2.487669,0,1,1,1,0A,1A,A10,2.41591377830105,0.771532657542554,1,0,0,0,0.993598703958445,0,0,0,0,1,0.0618035614898545,0.323370051012919,0,0,1,0.435517039021349,0.564482960978651,0.771532657542554,1,0.182787174233163,0.463380779734579,0.228467342457446,0.0807083500869454,1,-1,CBCbothPairsRW,CBCdriftDiffusionLR,0.5,0.353259897974162,1,1.30270541782757,0.473670739891969,2.34668074701884,0.5,70.9313445378516
CBC_1020,CBC_1020_MSI_TV_v3_Vset5_Tset1_2023-06-28_16h55.43.253.csv,3,42,0,1,b,1,0,3,tac,A,63,1,0A,1A,1,0,b,2.9988705,1,0,1,1,0A,1A,A01,3.3499040872746,0.852241007629499,0,0,0,0,0.993598703958445,0,0,0,0,1,0.0618035614898545,0.323370051012919,0,0,1,1,0,0.852241007629499,0,0.179891149640727,0.752821530194951,0.147758992370501,0.0521973265695682,0,-0,CBCbothPairsRW,CBCdriftDiffusionLR,0.5,0.353259897974162,1,1.30270541782757,0.473670739891969,2.34668074701884,0.5,70.9313445378516
CBC_1020,CBC_1020_MSI_TV_v3_Vset5_Tset1_2023-06-28_16h55.43.253.csv,3,43,2,0,b,1,0,2,tac,C,27,1,2C,0C,1,0,b,3.614611,1,0,1,1,2C,0C,C20,2.96183072187831,0.904438334199067,0,0,0,0,0.993598703958445,0,0,0,0,1,0.0618035614898545,0.323370051012919,0,0,1,1,0,1,0,0.0966555898115064,0.752272094625877,0,0,0,-0,CBCbothPairsRW,CBCdriftDiffusionLR,0.5,0.353259897974162,1,1.30270541782757,0.473670739891969,2.34668074701884,0.5,70.9313445378516
CBC_1020,CBC_1020_MSI_TV_v3_Vset5_Tset1_2023-06-28_16h55.43.253.csv,3,44,0,1,z,0,1,0,tac,B,63,1,0B,1B,0,1,z,2.7276574,0,1,1,1,1B,0B,B01,2.46809953147162,0.904438334199067,0,0,0,0,0.993598703958445,0,0,0,0,1,0.0618035614898545,0.323370051012919,0,0,1,1,0,0.993598703958445,0,0.23642007455915,0.752620946767854,0.00640129604155459,0.00226132118654198,0,-0,CBCbothPairsRW,CBCdriftDiffusionLR,0.5,0.353259897974162,1,1.30270541782757,0.473670739891969,2.34668074701884,0.5,70.9313445378516
CBC_1020,CBC_1020_MSI_AV_v3_Vset4_Aset3_2023-06-28_17h19.47.712.csv,5,1,1,0,z,0,1,3,aud,A,63,1,1A,0A,0,1,b,2.17138780000096,1,0,0,0,1A,0A,A10,2.77258872223978,0.5,0.5,0.5,0.5,0.5,0.5,0.5,0.5,0.5,0.5,0.5,0.5,0.5,0.5,0.5,0.5,0.5,0.5,0.5,0.5,0.17572683357435,0.500395103852079,-0.5,-0.450644157618529,-0.5,0.00514057797193851,CBCbothPairsRW,CBCdriftDiffusionLR,0.5,0.901288315237058,0.010281155943877,0.839611670788723,0.269401389193624,2.59514162599901,0.5,128.371165143965
CBC_1020,CBC_1020_MSI_AV_v3_Vset4_Aset3_2023-06-28_17h19.47.712.csv,5,2,3,2,b,1,0,1,aud,D,63,1,3D,2D,1,0,z,2.49403530000018,0,1,0,0,2D,3D,D32,2.83321334405622,0.505140577971938,0.0493558423814711,0.5,0.5,0.5,0.5,0.5,0.5,0.5,0.5,0.5,0.5,0.5,0.5,0.5,0.5,0.5,0.5,0.5,0.5,0.138611479578152,0.499456373069075,-0.5,-0.450644157618529,-0.5,0.00514057797193851,CBCbothPairsRW,CBCdriftDiffusionLR,0.5,0.901288315237058,0.010281155943877,0.839611670788723,0.269401389193624,2.59514162599901,0.5,128.371165143965
CBC_1020,CBC_1020_MSI_AV_v3_Vset4_Aset3_2023-06-28_17h19.47.712.csv,5,3,2,0,b,1,0,2,aud,C,27,1,2C,0C,1,0,b,2.50708440000017,1,0,1,1,2C,0C,C20,2.89037175789616,0.505140577971938,0.0493558423814711,0.5,0.5,0.5,0.5,0.5,0.5,0.5,0.5,0.5,0.5,0.5,0.5,0.0493558423814711,0.505140577971938,0.5,0.5,0.5,0.5,0.137540394563813,0.50035156671655,0.5,0.450644157618529,0.5,-0.00514057797193851,CBCbothPairsRW,CBCdriftDiffusionLR,0.5,0.901288315237058,0.010281155943877,0.839611670788723,0.269401389193624,2.59514162599901,0.5,128.371165143965
CBC_1020,CBC_1020_MSI_AV_v3_Vset4_Aset3_2023-06-28_17h19.47.712.csv,5,4,1,0,z,0,1,3,aud,A,63,1,1A,0A,0,1,z,2.18996059999881,0,1,1,1,0A,1A,A10,2.2512917986065,0.505140577971938,0.0493558423814711,0.5,0.5,0.5,0.5,0.5,0.5,0.494859422028061,0.5,0.950644157618529,0.5,0.5,0.5,0.0493558423814711,0.505140577971938,0.910989790790689,0.089010209209311,0.505140577971938,0.0493558423814711,0.2236055075282,0.640438152631246,0.494859422028062,0.446011014758856,0.0493558423814711,-0.000507435112265318,CBCbothPairsRW,CBCdriftDiffusionLR,0.5,0.901288315237058,0.010281155943877,0.839611670788723,0.269401389193624,2.59514162599901,0.5,128.371165143965
CBC_1020,CBC_1020_MSI_AV_v3_Vset4_Aset3_2023-06-28_17h19.47.712.csv,5,5,3,1,z,0,1,0,aud,B,27,1,3B,1B,0,1,b,1.8067673000005,1,0,0,0,3B,1B,B31,2.99573227355399,0.951151592730794,0.0488484072692057,0.5,0.5,0.5,0.5,0.5,0.5,0.494859422028061,0.5,0.950644157618529,0.5,0.5,0.5,0.0493558423814711,0.505140577971938,0.5,0.5,0.5,0.5,0.227007494384099,0.499427140556207,-0.5,-0.450644157618529,-0.5,0.00514057797193851,CBCbothPairsRW,CBCdriftDiffusionLR,0.5,0.901288315237058,0.010281155943877,0.839611670788723,0.269401389193624,2.59514162599901,0.5,128.371165143965
CBC_1020,CBC_1020_MSI_AV_v3_Vset4_Aset3_2023-06-28_17h19.47.712.csv,5,6,2,3,b,1,0,2,aud,C,63,1,2C,3C,1,0,z,3.01747900000009,0,1,0,0,3C,2C,C23,3.04452243772342,0.951151592730794,0.0488484072692057,0.5,0.5,0.5,0.505140577971938,0.5,0.0493558423814711,0.494859422028061,0.5,0.950644157618529,0.5,0.5,0.5,0.0493558423814711,0.505140577971938,0.344674465735851,0.655325534264149,0.5,0.950644157618529,0.0842415853540548,0.44613966642833,-0.5,-0.450644157618529,-0.0493558423814711,0.000507435112265318,CBCbothPairsRW,CBCdriftDiffusionLR,0.5,0.901288315237058,0.010281155943877,0.839611670788723,0.269401389193624,2.59514162599901,0.5,128.371165143965
CBC_1020,CBC_1020_MSI_AV_v3_Vset4_Aset3_2023-06-28_17h19.47.712.csv,5,7,2,3,z,0,1,1,aud,D,63,0,2D,3D,NaN,NaN,[],NaN,NaN,NaN,NaN,NaN,,,D23,3.09104245335832,0.951151592730794,0.0488484072692057,0.5,0.5,0.5,0.505140577971938,0.5,0.0493558423814711,0.494859422028061,0.5,0.951151592730794,0.0493558423814711,0.5,0.5,0.0493558423814711,0.505140577971938,0,0,0,0,NaN,0,0,0,0,0,CBCbothPairsRW,CBCdriftDiffusionLR,0.5,0.901288315237058,0.010281155943877,0.839611670788723,0.269401389193624,2.59514162599901,0.5,128.371165143965
CBC_1020,CBC_1020_MSI_AV_v3_Vset4_Aset3_2023-06-28_17h19.47.712.csv,5,8,1,0,b,1,0,0,aud,B,63,1,1B,0B,1,0,z,2.4499504000014,0,1,0,0,0B,1B,B10,3.13549421592915,0.951151592730794,0.0488484072692057,0.5,0.5,0.5,0.505140577971938,0.5,0.0493558423814711,0.494859422028061,0.5,0.951151592730794,0.0493558423814711,0.5,0.5,0.0493558423814711,0.505140577971938,0.497442856211063,0.502557143788937,0.5,0.505140577971938,0.142881631320707,0.498504903675488,-0.5,-0.450644157618529,-0.494859422028062,0.00508772688816735,CBCbothPairsRW,CBCdriftDiffusionLR,0.5,0.901288315237058,0.010281155943877,0.839611670788723,0.269401389193624,2.59514162599901,0.5,128.371165143965
CBC_1020,CBC_1020_MSI_AV_v3_Vset4_Aset3_2023-06-28_17h19.47.712.csv,5,9,0,2,b,1,0,3,aud,A,27,1,0A,2A,1,0,b,2.1906213000002,1,0,1,1,0A,2A,A02,3.17805383034795,0.951151592730794,0.0488484072692057,0.5,0.5,0.0493558423814711,0.510228304860106,0.5,0.0493558423814711,0.494859422028061,0.5,0.951151592730794,0.0493558423814711,0.5,0.5,0.0493558423814711,0.505140577971938,0.655446059181802,0.344553940818198,0.951151592730794,0.5,0.191479422187267,0.552321753079191,0.0488484072692057,0.044026498689676,0.5,-0.00514057797193851,CBCbothPairsRW,CBCdriftDiffusionLR,0.5,0.901288315237058,0.010281155943877,0.839611670788723,0.269401389193624,2.59514162599901,0.5,128.371165143965
CBC_1020,CBC_1020_MSI_AV_v3_Vset4_Aset3_2023-06-28_17h19.47.712.csv,5,10,0,3,z,0,1,1,aud,D,9,1,0D,3D,0,1,z,3.08254959999977,0,1,1,1,3D,0D,D03,3.2188758248682,0.99517809142047,0.0488484072692057,0.494859422028061,0.5,0.0493558423814711,0.510228304860106,0.5,0.0493558423814711,0.494859422028061,0.5,0.951151592730794,0.0493558423814711,0.5,0.5,0.0493558423814711,0.505140577971938,0.502557143788937,0.497442856211063,0.505140577971938,0.5,0.0903462672317975,0.500968391352552,0.494859422028062,0.446011014758856,0.5,-0.00514057797193851,CBCbothPairsRW,CBCdriftDiffusionLR,0.5,0.901288315237058,0.010281155943877,0.839611670788723,0.269401389193624,2.59514162599901,0.5,128.371165143965
CBC_1020,CBC_1020_MSI_AV_v3_Vset4_Aset3_2023-06-28_17h19.47.712.csv,5,11,3,2,z,0,1,2,aud,C,63,0,3C,2C,1,0,z,3.57243040000139,0,1,1,0,2C,3C,C32,3.25809653802148,0.99517809142047,0.0488484072692057,0.494859422028061,0.5,0.0493558423814711,0.510228304860106,0.5,0.0493558423814711,0.494859422028061,0.5,0.951151592730794,0.0493558423814711,0.494859422028061,0.5,0.0493558423814711,0.951151592730794,0.950669189803739,0.049330810196261,0.951151592730794,0.0493558423814711,0.079621371913158,0.652528134147648,-0.951151592730794,-0.857261816547382,-0.950644157618529,0.0097737208316117,CBCbothPairsRW,CBCdriftDiffusionLR,0.5,0.901288315237058,0.010281155943877,0.839611670788723,0.269401389193624,2.59514162599901,0.5,128.371165143965
CBC_1020,CBC_1020_MSI_AV_v3_Vset4_Aset3_2023-06-28_17h19.47.712.csv,5,12,1,0,b,1,0,0,aud,B,63,1,1B,0B,1,0,b,2.45131860000038,1,0,1,1,1B,0B,B10,2.60268968544438,0.99517809142047,0.0488484072692057,0.494859422028061,0.5,0.0493558423814711,0.510228304860106,0.5,0.0493558423814711,0.494859422028061,0.5,0.0938897761834124,0.0591295632130828,0.494859422028061,0.5,0.0493558423814711,0.951151592730794,0.911799069675639,0.0882009303243606,0.510228304860106,0.0493558423814711,0.183575664671563,0.640347188130624,0.489771695139894,0.441425505963433,0.0493558423814711,-0.000507435112265318,CBCbothPairsRW,CBCdriftDiffusionLR,0.5,0.901288315237058,0.010281155943877,0.839611670788723,0.269401389193624,2.59514162599901,0.5,128.371165143965
CBC_1020,CBC_1020_MSI_AV_v3_Vset4_Aset3_2023-06-28_17h19.47.712.csv,5,13,3,2,b,1,0,1,aud,D,63,0,3D,2D,0,1,b,2.03257239999948,1,0,1,0,3D,2D,D32,2.63905732961526,0.99517809142047,0.0488484072692057,0.494859422028061,0.5,0.0488484072692057,0.951653810823539,0.5,0.0493558423814711,0.494859422028061,0.5,0.0938897761834124,0.0591295632130828,0.494859422028061,0.5,0.0493558423814711,0.951151592730794,0.950669189803739,0.049330810196261,0.951151592730794,0.0493558423814711,0.256813596110174,0.652596915145058,-0.951151592730794,-0.857261816547382,-0.950644157618529,0.0097737208316117,CBCbothPairsRW,CBCdriftDiffusionLR,0.5,0.901288315237058,0.010281155943877,0.839611670788723,0.269401389193624,2.59514162599901,0.5,128.371165143965
CBC_1020,CBC_1020_MSI_AV_v3_Vset4_Aset3_2023-06-28_17h19.47.712.csv,5,14,3,2,z,0,1,2,aud,C,63,1,3C,2C,0,1,b,3.06052920000002,1,0,0,0,3C,2C,C32,2.67414864942653,0.99517809142047,0.0488484072692057,0.494859422028061,0.5,0.0488484072692057,0.951653810823539,0.5,0.0493558423814711,0.494859422028061,0.5,0.0938897761834124,0.0591295632130828,0.494859422028061,0.5,0.0591295632130828,0.0938897761834124,0.386418889574928,0.613581110425072,0.0591295632130828,0.0938897761834124,0.0844280536368826,0.46110711662261,-0.0591295632130828,-0.0532927844090225,-0.906110223816588,0.00931586051339964,CBCbothPairsRW,CBCdriftDiffusionLR,0.5,0.901288315237058,0.010281155943877,0.839611670788723,0.269401389193624,2.59514162599901,0.5,128.371165143965
CBC_1020,CBC_1020_MSI_AV_v3_Vset4_Aset3_2023-06-28_17h19.47.712.csv,5,15,1,3,b,1,0,0,aud,B,27,1,1B,3B,1,0,z,3.352156500001,0,1,0,0,3B,1B,B13,3.40119738166216,0.99517809142047,0.0488484072692057,0.494859422028061,0.5,0.0488484072692057,0.951653810823539,0.5,0.0493558423814711,0.494859422028061,0.5,0.103205636696812,0.00583677880406028,0.494859422028061,0.5,0.0591295632130828,0.0938897761834124,0.0493060603596026,0.950693939640397,0.0493558423814711,0.951653810823539,0.050228397829828,0.347957333694471,-0.0493558423814711,-0.0444838440271018,-0.0483461891764609,0.000497054710215374,CBCbothPairsRW,CBCdriftDiffusionLR,0.5,0.901288315237058,0.010281155943877,0.839611670788723,0.269401389193624,2.59514162599901,0.5,128.371165143965
CBC_1020,CBC_1020_MSI_AV_v3_Vset4_Aset3_2023-06-28_17h19.47.712.csv,5,16,3,0,z,0,1,3,aud,A,9,1,3A,0A,0,1,b,2.42312740000125,1,0,0,0,3A,0A,A30,3.43398720448515,0.99517809142047,0.0488484072692057,0.494859422028061,0.5,0.0488484072692057,0.952150865533754,0.5,0.00487199835436923,0.494859422028061,0.5,0.103205636696812,0.00583677880406028,0.494859422028061,0.5,0.0591295632130828,0.0938897761834124,0.334408324245163,0.665591675754837,0.5,0.99517809142047,0.129111839513485,0.441539690418554,-0.5,-0.450644157618529,-0.00482190857952969,4.95747940532632e-05,CBCbothPairsRW,CBCdriftDiffusionLR,0.5,0.901288315237058,0.010281155943877,0.839611670788723,0.269401389193624,2.59514162599901,0.5,128.371165143965
CBC_1020,CBC_1020_MSI_AV_v3_Vset4_Aset3_2023-06-28_17h19.47.712.csv,5,17,3,2,b,1,0,1,aud,D,63,1,3D,2D,1,0,b,2.18428220000169,1,0,1,1,3D,2D,D32,2.36712361413162,0.995227666214524,0.0488484072692057,0.494859422028061,0.0493558423814711,0.0488484072692057,0.952150865533754,0.5,0.00487199835436923,0.494859422028061,0.5,0.103205636696812,0.00583677880406028,0.494859422028061,0.5,0.0591295632130828,0.0938897761834124,0.613581110425072,0.386418889574928,0.0938897761834124,0.0591295632130828,0.187492574152874,0.538596385152078,0.906110223816588,0.816666557042726,0.0591295632130827,-0.000607920260287037,CBCbothPairsRW,CBCdriftDiffusionLR,0.5,0.901288315237058,0.010281155943877,0.839611670788723,0.269401389193624,2.59514162599901,0.5,128.371165143965
CBC_1020,CBC_1020_MSI_AV_v3_Vset4_Aset3_2023-06-28_17h19.47.712.csv,5,18,2,0,b,1,0,2,aud,C,27,1,2C,0C,1,0,z,2.70887640000001,0,1,0,0,0C,2C,C20,2.80336038090653,0.995227666214524,0.0488484072692057,0.494859422028061,0.0493558423814711,0.0488484072692057,0.952150865533754,0.5,0.00487199835436923,0.494859422028061,0.5,0.103205636696812,0.00583677880406028,0.494859422028061,0.5,0.0585216429527957,0.910556333226138,0.827434097359148,0.172565902640852,0.494859422028061,0.103205636696812,0.144795000466258,0.612511995792392,-0.494859422028061,-0.446011014758856,-0.896794363303188,0.00922008269870998,CBCbothPairsRW,CBCdriftDiffusionLR,0.5,0.901288315237058,0.010281155943877,0.839611670788723,0.269401389193624,2.59514162599901,0.5,128.371165143965
CBC_1020,CBC_1020_MSI_AV_v3_Vset4_Aset3_2023-06-28_17h19.47.712.csv,5,19,1,0,z,0,1,3,aud,A,63,1,1A,0A,0,1,b,3.20721820000108,1,0,0,0,1A,0A,A10,2.42774823594805,0.995227666214524,0.0488484072692057,0.494859422028061,0.0493558423814711,0.0488484072692057,0.952150865533754,0.5,0.00487199835436923,0.0488484072692058,0.5,0.112425719395522,0.00583677880406028,0.494859422028061,0.5,0.0585216429527957,0.910556333226138,0.0467862529463156,0.953213747053684,0.0488484072692057,0.995227666214524,0.0557409087372174,0.345977883523141,-0.0488484072692057,-0.0440264986896761,-0.00477233378547648,4.90651078647166e-05,CBCbothPairsRW,CBCdriftDiffusionLR,0.5,0.901288315237058,0.010281155943877,0.839611670788723,0.269401389193624,2.59514162599901,0.5,128.371165143965
CBC_1020,CBC_1020_MSI_AV_v3_Vset4_Aset3_2023-06-28_17h19.47.712.csv,5,20,0,1,z,0,1,0,aud,B,63,0,0B,1B,1,0,b,2.44434830000137,1,0,0,1,0B,1B,B01,3.55534806148941,0.995276731322388,0.00482190857952965,0.494859422028061,0.0493558423814711,0.0488484072692057,0.952150865533754,0.5,0.00487199835436923,0.0488484072692058,0.5,0.112425719395522,0.00583677880406028,0.494859422028061,0.5,0.0585216429527957,0.910556333226138,0.0487996431130487,0.951200356886951,0.0488484072692057,0.952150865533754,0.100085662595112,0.347233216318333,0.951151592730794,0.857261816547382,0.952150865533754,-0.00978921153065001,CBCbothPairsRW,CBCdriftDiffusionLR,0.5,0.901288315237058,0.010281155943877,0.839611670788723,0.269401389193624,2.59514162599901,0.5,128.371165143965
CBC_1020,CBC_1020_MSI_AV_v3_Vset4_Aset3_2023-06-28_17h19.47.712.csv,5,21,1,3,z,0,1,1,aud,D,27,1,1D,3D,0,1,b,0.262265999999727,1,0,0,0,1D,3D,D13,3.58351893845611,0.995276731322388,0.00482190857952965,0.494859422028061,0.0493558423814711,0.906110223816588,0.942361654003104,0.5,0.00487199835436923,0.0488484072692058,0.5,0.112425719395522,0.00583677880406028,0.494859422028061,0.5,0.0585216429527957,0.910556333226138,0.354470068456203,0.645529931543797,0.5,0.910556333226138,1e-20,0.5,-0.5,-0.450644157618529,-0.089443666773862,0.000919584286294246,CBCbothPairsRW,CBCdriftDiffusionLR,0.5,0.901288315237058,0.010281155943877,0.839611670788723,0.269401389193624,2.59514162599901,0.5,128.371165143965
CBC_1020,CBC_1020_MSI_AV_v3_Vset4_Aset3_2023-06-28_17h19.47.712.csv,5,22,2,3,b,1,0,2,aud,C,63,1,2C,3C,1,0,b,2.52877120000085,1,0,1,1,2C,3C,C23,2.91777073208428,0.995276731322388,0.00482190857952965,0.494859422028061,0.0493558423814711,0.906110223816588,0.942361654003104,0.5,0.00487199835436923,0.0488484072692058,0.5,0.112425719395522,0.00583677880406028,0.494859422028061,0.0493558423814711,0.0585216429527957,0.911475917512432,0.950645564799333,0.049354435200667,0.112425719395522,0.00583677880406028,0.176403341587753,0.6526236215339,0.887574280604478,0.799960328013754,0.00583677880406031,-6.000883309446e-05,CBCbothPairsRW,CBCdriftDiffusionLR,0.5,0.901288315237058,0.010281155943877,0.839611670788723,0.269401389193624,2.59514162599901,0.5,128.371165143965
CBC_1020,CBC_1020_MSI_AV_v3_Vset4_Aset3_2023-06-28_17h19.47.712.csv,5,23,1,0,b,1,0,0,aud,B,63,1,1B,0B,1,0,z,2.25141179999991,0,1,0,0,0B,1B,B10,2.53897387105828,0.995276731322388,0.00482190857952965,0.494859422028061,0.0493558423814711,0.906110223816588,0.942361654003104,0.5,0.00487199835436923,0.0488484072692058,0.5,0.912386047409276,0.00577676997096582,0.494859422028061,0.0493558423814711,0.0585216429527957,0.911475917512432,0.490194216471046,0.509805783528954,0.906110223816588,0.942361654003104,0.164308738815866,0.495906802307,-0.906110223816588,-0.816666557042726,-0.0576383459968957,0.000592588823541224,CBCbothPairsRW,CBCdriftDiffusionLR,0.5,0.901288315237058,0.010281155943877,0.839611670788723,0.269401389193624,2.59514162599901,0.5,128.371165143965
CBC_1020,CBC_1020_MSI_AV_v3_Vset4_Aset3_2023-06-28_17h19.47.712.csv,5,24,2,0,z,0,1,3,aud,A,27,1,2A,0A,0,1,b,2.39513479999914,1,0,0,0,2A,0A,A20,3.66356164612965,0.995276731322388,0.00482190857952965,0.494859422028061,0.0493558423814711,0.089443666773862,0.942954242826646,0.5,0.00487199835436923,0.0488484072692058,0.5,0.912386047409276,0.00577676997096582,0.494859422028061,0.0493558423814711,0.0585216429527957,0.911475917512432,0.33209007171285,0.66790992828715,0.494859422028061,0.995276731322388,0.131926023344889,0.4419786684117,-0.494859422028061,-0.446011014758856,-0.00472326867761175,4.85606618393562e-05,CBCbothPairsRW,CBCdriftDiffusionLR,0.5,0.901288315237058,0.010281155943877,0.839611670788723,0.269401389193624,2.59514162599901,0.5,128.371165143965
CBC_1020,CBC_1020_MSI_AV_v3_Vset4_Aset3_2023-06-28_17h19.47.712.csv,5,25,2,3,z,0,1,1,aud,D,63,1,2D,3D,0,1,z,1.60325120000016,0,1,1,1,3D,2D,D23,2.99573227355399,0.995325291984228,0.00482190857952965,0.0488484072692058,0.0493558423814711,0.089443666773862,0.942954242826646,0.5,0.00487199835436923,0.0488484072692058,0.5,0.912386047409276,0.00577676997096582,0.494859422028061,0.0493558423814711,0.0585216429527957,0.911475917512432,0.93966825759363,0.0603317424063703,0.911475917512432,0.0585216429527957,0.341730770548014,0.647503648935337,0.0885240824875677,0.0797857211631262,0.0585216429527957,-0.000601670137289584,CBCbothPairsRW,CBCdriftDiffusionLR,0.5,0.901288315237058,0.010281155943877,0.839611670788723,0.269401389193624,2.59514162599901,0.5,128.371165143965
CBC_1020,CBC_1020_MSI_AV_v3_Vset4_Aset3_2023-06-28_17h19.47.712.csv,5,26,2,0,b,1,0,2,aud,C,27,1,2C,0C,1,0,z,2.69371259999934,0,1,0,0,0C,2C,C20,2.6149597780362,0.995325291984228,0.00482190857952965,0.0488484072692058,0.0493558423814711,0.089443666773862,0.942954242826646,0.5,0.00487199835436923,0.0488484072692058,0.5,0.912386047409276,0.00577676997096582,0.494859422028061,0.0493558423814711,0.0579199728155061,0.991261638675558,0.0508184106712496,0.94918158932875,0.0488484072692058,0.912386047409276,0.0827352285248712,0.347073252355363,-0.0488484072692058,-0.0440264986896761,-0.0876139525907244,0.000900772709444685,CBCbothPairsRW,CBCdriftDiffusionLR,0.5,0.901288315237058,0.010281155943877,0.839611670788723,0.269401389193624,2.59514162599901,0.5,128.371165143965
CBC_1020,CBC_1020_MSI_AV_v3_Vset4_Aset3_2023-06-28_17h19.47.712.csv,5,27,1,0,b,1,0,0,aud,B,63,1,1B,0B,1,0,b,1.55073669999911,1,0,1,1,1B,0B,B10,2.35137525716348,0.995325291984228,0.00482190857952965,0.0488484072692058,0.0493558423814711,0.089443666773862,0.942954242826646,0.5,0.00487199835436923,0.00482190857952965,0.5,0.91328682011872,0.00577676997096582,0.494859422028061,0.0493558423814711,0.0579199728155061,0.991261638675558,0.913363184928888,0.0866368150711122,0.942954242826646,0.089443666773862,0.346713640654728,0.640879109002442,0.0570457571733545,0.051414674374195,0.089443666773862,-0.000919584286294246,CBCbothPairsRW,CBCdriftDiffusionLR,0.5,0.901288315237058,0.010281155943877,0.839611670788723,0.269401389193624,2.59514162599901,0.5,128.371165143965
CBC_1020,CBC_1020_MSI_AV_v3_Vset4_Aset3_2023-06-28_17h19.47.712.csv,5,28,0,1,b,1,0,3,aud,A,63,1,0A,1A,1,0,z,2.35211160000108,0,1,0,0,1A,0A,A01,3.76120011569356,0.995325291984228,0.00482190857952965,0.0488484072692058,0.0493558423814711,0.0885240824875677,0.994368917200841,0.5,0.00487199835436923,0.00482190857952965,0.5,0.91328682011872,0.00577676997096582,0.494859422028061,0.0493558423814711,0.0579199728155061,0.991261638675558,0.00482119889633412,0.995178801103666,0.00482190857952965,0.995325291984228,0.103056955823634,0.333092614240218,-0.00482190857952965,-0.00434592985987139,-0.00467470801577241,4.80614021022481e-05,CBCbothPairsRW,CBCdriftDiffusionLR,0.5,0.901288315237058,0.010281155943877,0.839611670788723,0.269401389193624,2.59514162599901,0.5,128.371165143965
CBC_1020,CBC_1020_MSI_AV_v3_Vset4_Aset3_2023-06-28_17h19.47.712.csv,5,29,3,2,z,0,1,2,aud,C,63,0,3C,2C,1,0,b,1.85520449999967,1,0,0,1,3C,2C,C32,2.68557734525015,0.99537335338633,0.000475978719658257,0.0488484072692058,0.0493558423814711,0.0885240824875677,0.994368917200841,0.5,0.00487199835436923,0.00482190857952965,0.5,0.91328682011872,0.00577676997096582,0.494859422028061,0.0493558423814711,0.0579199728155061,0.991261638675558,0.00628549540342698,0.993714504596573,0.00577676997096582,0.91328682011872,0.15017883080748,0.333850920103377,0.994223230029034,0.896081779962414,0.91328682011872,-0.00938964421912812,CBCbothPairsRW,CBCdriftDiffusionLR,0.5,0.901288315237058,0.010281155943877,0.839611670788723,0.269401389193624,2.59514162599901,0.5,128.371165143965
CBC_1020,CBC_1020_MSI_AV_v3_Vset4_Aset3_2023-06-28_17h19.47.712.csv,5,30,3,1,b,1,0,1,aud,D,27,1,3D,1D,1,0,b,3.56040890000077,1,0,1,1,3D,1D,D31,3.80666248977032,0.99537335338633,0.000475978719658257,0.0488484072692058,0.0493558423814711,0.0885240824875677,0.994368917200841,0.5,0.00487199835436923,0.00482190857952965,0.5,0.903897175899592,0.90185854993338,0.494859422028061,0.0493558423814711,0.0579199728155061,0.991261638675558,0.952570619579313,0.0474293804206872,0.991261638675558,0.0493558423814711,0.0804155364662133,0.653233477794801,0.0087383613244415,0.00787578295603855,0.0493558423814711,-0.000507435112265318,CBCbothPairsRW,CBCdriftDiffusionLR,0.5,0.901288315237058,0.010281155943877,0.839611670788723,0.269401389193624,2.59514162599901,0.5,128.371165143965
CBC_1020,CBC_1020_MSI_AV_v3_Vset4_Aset3_2023-06-28_17h19.47.712.csv,5,31,1,0,z,0,1,3,aud,A,63,0,1A,0A,1,0,z,1.82698659999915,0,1,1,0,0A,1A,A10,2.4423470353692,0.99537335338633,0.000475978719658257,0.0488484072692058,0.0493558423814711,0.0885240824875677,0.994368917200841,0.5,0.00487199835436923,0.00482190857952965,0.5,0.903897175899592,0.90185854993338,0.494859422028061,0.0488484072692057,0.0579199728155061,0.999137421631597,0.999522037416391,0.00047796258360858,0.99537335338633,0.000475978719658257,0.306410289880623,0.667274069142194,-0.99537335338633,-0.897118372705426,-0.999524021280342,0.0102762623324342,CBCbothPairsRW,CBCdriftDiffusionLR,0.5,0.901288315237058,0.010281155943877,0.839611670788723,0.269401389193624,2.59514162599901,0.5,128.371165143965
CBC_1020,CBC_1020_MSI_AV_v3_Vset4_Aset3_2023-06-28_17h19.47.712.csv,5,32,3,2,b,1,0,1,aud,D,63,1,3D,2D,1,0,b,1.48904819999916,1,0,1,1,3D,2D,D32,2.46385324059017,0.098254980680904,0.0107522410520925,0.0488484072692058,0.0493558423814711,0.0885240824875677,0.994368917200841,0.5,0.00487199835436923,0.00482190857952965,0.5,0.903897175899592,0.90185854993338,0.494859422028061,0.0488484072692057,0.0579199728155061,0.999137421631597,0.945206406842458,0.0547935931575422,0.999137421631597,0.0579199728155061,0.362112046082085,0.650252471942582,0.000862578368402978,0.00077743180441785,0.0579199728155061,-0.000595484272781336,CBCbothPairsRW,CBCdriftDiffusionLR,0.5,0.901288315237058,0.010281155943877,0.839611670788723,0.269401389193624,2.59514162599901,0.5,128.371165143965
CBC_1020,CBC_1020_MSI_AV_v3_Vset4_Aset3_2023-06-28_17h19.47.712.csv,5,33,2,1,z,0,1,0,aud,B,9,1,2B,1B,0,1,b,4.29995100000087,1,0,0,0,2B,1B,B21,3.87120101090789,0.098254980680904,0.0107522410520925,0.0488484072692058,0.0493558423814711,0.0885240824875677,0.994368917200841,0.5,0.00487199835436923,0.00482190857952965,0.5,0.903897175899592,0.90185854993338,0.494859422028061,0.0488484072692057,0.0573244885427248,0.999914853436015,0.334589400411626,0.665410599588374,0.5,0.994368917200841,0.0324113839031,0.441721500400194,-0.5,-0.450644157618529,-0.00563108279915947,5.7894040391042e-05,CBCbothPairsRW,CBCdriftDiffusionLR,0.5,0.901288315237058,0.010281155943877,0.839611670788723,0.269401389193624,2.59514162599901,0.5,128.371165143965
CBC_1020,CBC_1020_MSI_AV_v3_Vset4_Aset3_2023-06-28_17h19.47.712.csv,5,34,1,0,z,0,1,3,aud,A,63,1,1A,0A,0,1,z,1.22944760000064,0,1,1,1,0A,1A,A10,2.28238238567653,0.098254980680904,0.0107522410520925,0.0488484072692058,0.0493558423814711,0.0885240824875677,0.994426811241232,0.0493558423814711,0.00487199835436923,0.00482190857952965,0.5,0.903897175899592,0.90185854993338,0.494859422028061,0.0488484072692057,0.0573244885427248,0.999914853436015,0.901362121874556,0.0986378781254435,0.098254980680904,0.0107522410520925,0.321800806207005,0.636521744774559,0.901745019319096,0.812732249235516,0.0107522410520925,-0.000110545467002719,CBCbothPairsRW,CBCdriftDiffusionLR,0.5,0.901288315237058,0.010281155943877,0.839611670788723,0.269401389193624,2.59514162599901,0.5,128.371165143965
CBC_1020,CBC_1020_MSI_AV_v3_Vset4_Aset3_2023-06-28_17h19.47.712.csv,5,35,2,1,b,1,0,2,aud,C,9,1,2C,1C,1,0,b,1.70495850000043,1,0,1,1,2C,1C,C21,3.91202300542815,0.91098722991642,0.0106416955850898,0.0488484072692058,0.0493558423814711,0.0885240824875677,0.994426811241232,0.0493558423814711,0.00487199835436923,0.00482190857952965,0.5,0.903897175899592,0.90185854993338,0.494859422028061,0.0488484072692057,0.0573244885427248,0.999914853436015,0.643848560575949,0.356151439424051,0.903897175899592,0.5,0.267742855815728,0.550064349644138,0.0961028241004078,0.0866163524229799,0.5,-0.00514057797193851,CBCbothPairsRW,CBCdriftDiffusionLR,0.5,0.901288315237058,0.010281155943877,0.839611670788723,0.269401389193624,2.59514162599901,0.5,128.371165143965
CBC_1020,CBC_1020_MSI_AV_v3_Vset4_Aset3_2023-06-28_17h19.47.712.csv,5,36,1,0,b,1,0,0,aud,B,63,1,1B,0B,1,0,z,2.05977689999963,0,1,0,0,0B,1B,B10,2.32238772029023,0.91098722991642,0.0106416955850898,0.0488484072692058,0.0493558423814711,0.0885240824875677,0.994426811241232,0.0493558423814711,0.00487199835436923,0.00482190857952965,0.494859422028061,0.990513528322572,0.90185854993338,0.494859422028061,0.0488484072692057,0.0573244885427248,0.999914853436015,0.0817433948299936,0.918256605170006,0.0885240824875677,0.994426811241232,0.137825607028678,0.358047691612983,-0.0885240824875677,-0.0797857211631262,-0.00557318875876844,5.72988227335608e-05,CBCbothPairsRW,CBCdriftDiffusionLR,0.5,0.901288315237058,0.010281155943877,0.839611670788723,0.269401389193624,2.59514162599901,0.5,128.371165143965
CBC_1020,CBC_1020_MSI_AV_v3_Vset4_Aset3_2023-06-28_17h19.47.712.csv,5,37,0,1,b,1,0,3,aud,A,63,0,0A,1A,0,1,b,2.45405070000015,1,0,1,0,0A,1A,A01,3.25809653802148,0.91098722991642,0.0106416955850898,0.0488484072692058,0.0493558423814711,0.00873836132444147,0.994484110063965,0.0493558423814711,0.00487199835436923,0.00482190857952965,0.494859422028061,0.990513528322572,0.90185854993338,0.494859422028061,0.0488484072692057,0.0573244885427248,0.999914853436015,0.988453383687693,0.0115466163123071,0.91098722991642,0.0106416955850898,0.190432505810938,0.665535144854891,-0.91098722991642,-0.821062145653845,-0.98935830441491,0.0101717470120594,CBCbothPairsRW,CBCdriftDiffusionLR,0.5,0.901288315237058,0.010281155943877,0.839611670788723,0.269401389193624,2.59514162599901,0.5,128.371165143965
CBC_1020,CBC_1020_MSI_AV_v3_Vset4_Aset3_2023-06-28_17h19.47.712.csv,5,38,0,1,z,0,1,0,aud,B,63,1,0B,1B,0,1,z,2.11811040000066,0,1,1,1,1B,0B,B01,3.27714473299218,0.0899250842625755,0.0208134425971492,0.0488484072692058,0.0493558423814711,0.00873836132444147,0.994484110063965,0.0493558423814711,0.00487199835436923,0.00482190857952965,0.494859422028061,0.990513528322572,0.90185854993338,0.494859422028061,0.0488484072692057,0.0573244885427248,0.999914853436015,0.991289707344426,0.00871029265557424,0.994484110063965,0.00873836132444147,0.245705648962289,0.664517294840313,0.00551588993603491,0.00497140714748195,0.0087383613244415,-8.98404554705268e-05,CBCbothPairsRW,CBCdriftDiffusionLR,0.5,0.901288315237058,0.010281155943877,0.839611670788723,0.269401389193624,2.59514162599901,0.5,128.371165143965
CBC_1020,CBC_1020_MSI_AV_v3_Vset4_Aset3_2023-06-28_17h19.47.712.csv,5,39,1,3,z,0,1,1,aud,D,27,1,1D,3D,0,1,z,3.79183910000029,0,1,1,1,3D,1D,D13,3.29583686600433,0.0899250842625755,0.0208134425971492,0.0488484072692058,0.0493558423814711,0.00864852086897095,0.999455517211447,0.0493558423814711,0.00487199835436923,0.00482190857952965,0.494859422028061,0.990513528322572,0.90185854993338,0.494859422028061,0.0488484072692057,0.0573244885427248,0.999914853436015,0.953422846604716,0.0465771533952844,0.999914853436015,0.0488484072692057,0.0674233438494507,0.653490006524182,8.51465639851723e-05,7.67416032024203e-05,0.0488484072692057,-0.000502218092744719,CBCbothPairsRW,CBCdriftDiffusionLR,0.5,0.901288315237058,0.010281155943877,0.839611670788723,0.269401389193624,2.59514162599901,0.5,128.371165143965
CBC_1020,CBC_1020_MSI_AV_v3_Vset4_Aset3_2023-06-28_17h19.47.712.csv,5,40,3,2,z,0,1,2,aud,C,63,1,3C,2C,0,1,b,1.0163790000006,1,0,0,0,3C,2C,C32,2.62103882411258,0.0899250842625755,0.0208134425971492,0.0488484072692058,0.0493558423814711,0.00864852086897095,0.999455517211447,0.0493558423814711,0.00487199835436923,0.00482190857952965,0.494859422028061,0.990513528322572,0.90185854993338,0.494859422028061,0.048346189176461,0.0573244885427248,0.999991595039217,0.476575701098143,0.523424298901857,0.90185854993338,0.990513528322572,0.0585253886341502,0.49161588129038,-0.90185854993338,-0.812834573051592,-0.00948647167742789,9.75318946728087e-05,CBCbothPairsRW,CBCdriftDiffusionLR,0.5,0.901288315237058,0.010281155943877,0.839611670788723,0.269401389193624,2.59514162599901,0.5,128.371165143965
CBC_1020,CBC_1020_MSI_AV_v3_Vset4_Aset3_2023-06-28_17h19.47.712.csv,5,41,0,2,b,1,0,3,aud,A,27,1,0A,2A,1,0,z,1.01581330000045,0,1,0,0,2A,0A,A02,3.3322045101752,0.0899250842625755,0.0208134425971492,0.0488484072692058,0.0493558423814711,0.00864852086897095,0.999455517211447,0.0493558423814711,0.00487199835436923,0.00482190857952965,0.494859422028061,0.990611060217245,0.0890239768817879,0.494859422028061,0.048346189176461,0.0573244885427248,0.999991595039217,0.352000996227862,0.647999003772138,0.0488484072692058,0.0899250842625755,0.053121169018069,0.448861138810871,-0.0488484072692058,-0.0440264986896761,-0.910074915737424,0.0093566221293072,CBCbothPairsRW,CBCdriftDiffusionLR,0.5,0.901288315237058,0.010281155943877,0.839611670788723,0.269401389193624,2.59514162599901,0.5,128.371165143965
CBC_1020,CBC_1020_MSI_AV_v3_Vset4_Aset3_2023-06-28_17h19.47.712.csv,5,42,2,3,z,0,1,1,aud,D,63,1,2D,3D,0,1,z,1.55937410000115,0,1,1,1,3D,2D,D23,2.94443897916644,0.0992817063918827,0.0208134425971492,0.00482190857952965,0.0493558423814711,0.00864852086897095,0.999455517211447,0.0493558423814711,0.00487199835436923,0.00482190857952965,0.494859422028061,0.990611060217245,0.0890239768817879,0.494859422028061,0.048346189176461,0.0573244885427248,0.999991595039217,0.945783016608881,0.0542169833911187,0.999991595039217,0.0573244885427248,0.35251815216986,0.651768006740539,8.40496078280406e-06,7.57529294356702e-06,0.0573244885427248,-0.000589362006110745,CBCbothPairsRW,CBCdriftDiffusionLR,0.5,0.901288315237058,0.010281155943877,0.839611670788723,0.269401389193624,2.59514162599901,0.5,128.371165143965
CBC_1020,CBC_1020_MSI_AV_v3_Vset4_Aset3_2023-06-28_17h19.47.712.csv,5,43,1,3,b,1,0,0,aud,B,27,0,1B,3B,0,1,b,2.77400440000019,1,0,1,0,1B,3B,B13,3.36729582998647,0.0992817063918827,0.0208134425971492,0.00482190857952965,0.0493558423814711,0.00864852086897095,0.999455517211447,0.0493558423814711,0.00487199835436923,0.00482190857952965,0.494859422028061,0.990611060217245,0.0890239768817879,0.494859422028061,0.048346189176461,0.0567351265366141,0.999999170332161,0.995148994447668,0.00485100555233165,0.999455517211447,0.00487199835436923,0.149262255442013,0.666934532342126,-0.999455517211447,-0.900797579261887,-0.995128001645631,0.0102310661690374,CBCbothPairsRW,CBCdriftDiffusionLR,0.5,0.901288315237058,0.010281155943877,0.839611670788723,0.269401389193624,2.59514162599901,0.5,128.371165143965
CBC_1020,CBC_1020_MSI_AV_v3_Vset4_Aset3_2023-06-28_17h19.47.712.csv,5,44,3,2,z,0,1,2,aud,C,63,1,3C,2C,0,1,b,1.93368929999997,1,0,0,0,3C,2C,C32,2.46809953147162,0.0992817063918827,0.0208134425971492,0.00482190857952965,0.0493558423814711,0.00864852086897095,0.0986579379495597,0.0493558423814711,0.0151030645234067,0.00482190857952965,0.494859422028061,0.990611060217245,0.0890239768817879,0.494859422028061,0.048346189176461,0.0567351265366141,0.999999170332161,0.0824574729632657,0.917542527036734,0.0890239768817879,0.990611060217245,0.151066464897678,0.357557228715701,-0.0890239768817879,-0.0802362701394894,-0.00938893978275512,9.65291540541762e-05,CBCbothPairsRW,CBCdriftDiffusionLR,0.5,0.901288315237058,0.010281155943877,0.839611670788723,0.269401389193624,2.59514162599901,0.5,128.371165143965
