ID,filename,session,trial,visStimLeft,visStimRight,correctKey,leftCorrect,rightCorrect,secondStim,mod2Type,mod2Stim,frequency,rewardAccurate,stimPairLeft,stimPairRight,pCorrectLeft,pCorrectRight,key,reactionTime,choiceLeft,choiceRight,choiceAccurate,reward,chosenPair,otherPair,triplet,surprise,0A belief,1A belief,2A belief,3A belief,0B belief,1B belief,2B belief,3B belief,0C belief,1C belief,2C belief,3C belief,0D belief,1D belief,2D belief,3D belief,beliefPairNorm,beliefOtherPairNorm,beliefPair,beliefOtherPair,lik,corrLik,rewardPE,update2,rewardPEOP,update2OP,fit_percModel,fit_respModel,fit_startBelief,fit_alpha1,fit_alpha12,fit_alpha2,fit_alpha22,fit_nonDecisionTime,fit_weight,fit_startingBoundary,fit_startingPoint,fit_NLL
CBC_1020,CBC_1020_MSI_TV_v3_Vset1_Tset2_2023-06-28_15h03.37.595.csv,1,1,1,0,b,1,0,0,tac,B,63,1,1B,0B,1,0,z,2.3386438,0,1,0,0,0B,1B,B10,2.77258872223978,0.5,0.5,0.5,0.5,0.5,0.5,0.5,0.5,0.5,0.5,0.5,0.5,0.5,0.5,0.5,0.5,0.5,0.5,0.5,0.5,0.237909796606138,0.500514704567172,-0.5,-0.498471933511178,-0.5,0.0553418510813394,CBCbothPairsAsymRW,CBCdriftDiffusionLR_pwBelief,0.5,0.00386089898582642,0.996943867022355,0.0489455396140306,0.110683702162679,1.35639949825156,0.0394913857710217,2.26632088674347,0.5,70.1198594110257
CBC_1020,CBC_1020_MSI_TV_v3_Vset1_Tset2_2023-06-28_15h03.37.595.csv,1,2,1,0,z,0,1,3,tac,A,63,1,1A,0A,0,1,z,2.3928044,0,1,1,1,0A,1A,A10,2.83321334405622,0.5,0.5,0.5,0.5,0.00152806648882248,0.555341851081339,0.5,0.5,0.5,0.5,0.5,0.5,0.5,0.5,0.5,0.5,0.5,0.5,0.5,0.5,0.225684677041343,0.499887376690234,0.5,0.00193044949291321,0.5,-0.0244727698070153,CBCbothPairsAsymRW,CBCdriftDiffusionLR_pwBelief,0.5,0.00386089898582642,0.996943867022355,0.0489455396140306,0.110683702162679,1.35639949825156,0.0394913857710217,2.26632088674347,0.5,70.1198594110257
CBC_1020,CBC_1020_MSI_TV_v3_Vset1_Tset2_2023-06-28_15h03.37.595.csv,1,3,3,2,b,1,0,1,tac,D,63,1,3D,2D,1,0,b,2.2867541,1,0,1,1,3D,2D,D32,2.89037175789616,0.501930449492913,0.475527230192985,0.5,0.5,0.00152806648882248,0.555341851081339,0.5,0.5,0.5,0.5,0.5,0.5,0.5,0.5,0.5,0.5,0.5,0.5,0.5,0.5,0.249464277148688,0.499686771031313,0.5,0.00193044949291321,0.5,-0.0244727698070153,CBCbothPairsAsymRW,CBCdriftDiffusionLR_pwBelief,0.5,0.00386089898582642,0.996943867022355,0.0489455396140306,0.110683702162679,1.35639949825156,0.0394913857710217,2.26632088674347,0.5,70.1198594110257
CBC_1020,CBC_1020_MSI_TV_v3_Vset1_Tset2_2023-06-28_15h03.37.595.csv,1,4,1,2,b,1,0,0,tac,B,9,1,1B,2B,1,0,z,2.3800762,0,1,0,0,2B,1B,B12,2.94443897916644,0.501930449492913,0.475527230192985,0.5,0.5,0.00152806648882248,0.555341851081339,0.5,0.5,0.5,0.5,0.5,0.5,0.5,0.5,0.475527230192985,0.501930449492913,0.444658148918661,0.555341851081339,0.5,0.555341851081339,0.227690458593883,0.498252962351685,-0.5,-0.498471933511178,-0.444658148918661,0.0492164101191211,CBCbothPairsAsymRW,CBCdriftDiffusionLR_pwBelief,0.5,0.00386089898582642,0.996943867022355,0.0489455396140306,0.110683702162679,1.35639949825156,0.0394913857710217,2.26632088674347,0.5,70.1198594110257
CBC_1020,CBC_1020_MSI_TV_v3_Vset1_Tset2_2023-06-28_15h03.37.595.csv,1,5,2,0,z,0,1,3,tac,A,27,1,2A,0A,0,1,b,2.3697365,1,0,0,0,2A,0A,A20,2.99573227355399,0.501930449492913,0.475527230192985,0.5,0.5,0.00152806648882248,0.604558261200461,0.00152806648882248,0.5,0.5,0.5,0.5,0.5,0.5,0.5,0.475527230192985,0.501930449492913,0.498069550507087,0.501930449492913,0.5,0.501930449492913,0.230819723915033,0.500155918762358,-0.5,-0.498471933511178,-0.498069550507087,0.0551281817846257,CBCbothPairsAsymRW,CBCdriftDiffusionLR_pwBelief,0.5,0.00386089898582642,0.996943867022355,0.0489455396140306,0.110683702162679,1.35639949825156,0.0394913857710217,2.26632088674347,0.5,70.1198594110257
CBC_1020,CBC_1020_MSI_TV_v3_Vset1_Tset2_2023-06-28_15h03.37.595.csv,1,6,3,2,z,0,1,2,tac,C,63,1,3C,2C,0,1,b,2.1898982,1,0,0,0,3C,2C,C32,3.04452243772342,0.557058631277539,0.475527230192985,0.00152806648882248,0.5,0.00152806648882248,0.604558261200461,0.00152806648882248,0.5,0.5,0.5,0.5,0.5,0.5,0.5,0.475527230192985,0.501930449492913,0.5,0.5,0.5,0.5,0.273098779224917,0.499721500827363,-0.5,-0.498471933511178,-0.5,0.0553418510813394,CBCbothPairsAsymRW,CBCdriftDiffusionLR_pwBelief,0.5,0.00386089898582642,0.996943867022355,0.0489455396140306,0.110683702162679,1.35639949825156,0.0394913857710217,2.26632088674347,0.5,70.1198594110257
CBC_1020,CBC_1020_MSI_TV_v3_Vset1_Tset2_2023-06-28_15h03.37.595.csv,1,7,3,1,b,1,0,1,tac,D,27,1,3D,1D,1,0,z,2.1256749,0,1,0,0,1D,3D,D31,3.09104245335832,0.557058631277539,0.475527230192985,0.00152806648882248,0.5,0.00152806648882248,0.604558261200461,0.00152806648882248,0.5,0.5,0.5,0.555341851081339,0.00152806648882248,0.5,0.5,0.475527230192985,0.501930449492913,0.498069550507087,0.501930449492913,0.5,0.501930449492913,0.289856867107376,0.500236681846552,-0.5,-0.498471933511178,-0.498069550507087,0.0551281817846257,CBCbothPairsAsymRW,CBCdriftDiffusionLR_pwBelief,0.5,0.00386089898582642,0.996943867022355,0.0489455396140306,0.110683702162679,1.35639949825156,0.0394913857710217,2.26632088674347,0.5,70.1198594110257
CBC_1020,CBC_1020_MSI_TV_v3_Vset1_Tset2_2023-06-28_15h03.37.595.csv,1,8,0,1,b,1,0,3,tac,A,63,1,0A,1A,1,0,z,2.5859114,0,1,0,0,1A,0A,A01,3.13549421592915,0.557058631277539,0.475527230192985,0.00152806648882248,0.5,0.00152806648882248,0.604558261200461,0.00152806648882248,0.5,0.5,0.5,0.555341851081339,0.00152806648882248,0.5,0.00152806648882248,0.475527230192985,0.557058631277539,0.418921465582467,0.581078534417533,0.475527230192985,0.557058631277539,0.186143681416265,0.495957638447718,-0.475527230192985,-0.474073955743024,-0.442941368722461,0.0490263905312062,CBCbothPairsAsymRW,CBCdriftDiffusionLR_pwBelief,0.5,0.00386089898582642,0.996943867022355,0.0489455396140306,0.110683702162679,1.35639949825156,0.0394913857710217,2.26632088674347,0.5,70.1198594110257
CBC_1020,CBC_1020_MSI_TV_v3_Vset1_Tset2_2023-06-28_15h03.37.595.csv,1,9,0,2,z,0,1,2,tac,C,27,1,0C,2C,0,1,b,2.4336349,1,0,0,0,0C,2C,C02,3.17805383034795,0.606085021808745,0.00145327444996096,0.00152806648882248,0.5,0.00152806648882248,0.604558261200461,0.00152806648882248,0.5,0.5,0.5,0.555341851081339,0.00152806648882248,0.5,0.00152806648882248,0.475527230192985,0.557058631277539,0.444658148918661,0.555341851081339,0.5,0.555341851081339,0.216007141734855,0.497453528810342,-0.5,-0.498471933511178,-0.444658148918661,0.0492164101191211,CBCbothPairsAsymRW,CBCdriftDiffusionLR_pwBelief,0.5,0.00386089898582642,0.996943867022355,0.0489455396140306,0.110683702162679,1.35639949825156,0.0394913857710217,2.26632088674347,0.5,70.1198594110257
CBC_1020,CBC_1020_MSI_TV_v3_Vset1_Tset2_2023-06-28_15h03.37.595.csv,1,10,3,2,b,1,0,1,tac,D,63,1,3D,2D,1,0,z,2.3966332,0,1,0,0,2D,3D,D32,2.52572864430826,0.606085021808745,0.00145327444996096,0.00152806648882248,0.5,0.00152806648882248,0.604558261200461,0.00152806648882248,0.5,0.00152806648882248,0.5,0.604558261200461,0.00152806648882248,0.5,0.00152806648882248,0.475527230192985,0.557058631277539,0.418921465582467,0.581078534417533,0.475527230192985,0.557058631277539,0.223354687564521,0.496532503592208,-0.475527230192985,-0.474073955743024,-0.442941368722461,0.0490263905312062,CBCbothPairsAsymRW,CBCdriftDiffusionLR_pwBelief,0.5,0.00386089898582642,0.996943867022355,0.0489455396140306,0.110683702162679,1.35639949825156,0.0394913857710217,2.26632088674347,0.5,70.1198594110257
CBC_1020,CBC_1020_MSI_TV_v3_Vset1_Tset2_2023-06-28_15h03.37.595.csv,1,11,0,1,z,0,1,0,tac,B,63,1,0B,1B,0,1,b,2.4091885,1,0,0,0,0B,1B,B01,3.25809653802148,0.606085021808745,0.00145327444996096,0.00152806648882248,0.5,0.00152806648882248,0.604558261200461,0.00152806648882248,0.5,0.00152806648882248,0.5,0.604558261200461,0.00152806648882248,0.5,0.00152806648882248,0.00145327444996096,0.606085021808745,0.00100003732314779,0.998999962676852,0.00152806648882248,0.604558261200461,0.212403926979927,0.47779155780394,-0.00152806648882248,-0.00152339651443395,-0.395441738799539,0.04376895563998,CBCbothPairsAsymRW,CBCdriftDiffusionLR_pwBelief,0.5,0.00386089898582642,0.996943867022355,0.0489455396140306,0.110683702162679,1.35639949825156,0.0394913857710217,2.26632088674347,0.5,70.1198594110257
CBC_1020,CBC_1020_MSI_TV_v3_Vset1_Tset2_2023-06-28_15h03.37.595.csv,1,12,1,0,z,0,1,3,tac,A,63,1,1A,0A,0,1,b,2.2873354,1,0,0,0,1A,0A,A10,2.60268968544438,0.606085021808745,0.00145327444996096,0.00152806648882248,0.5,4.66997438852441e-06,0.648327216840441,0.00152806648882248,0.5,0.00152806648882248,0.5,0.604558261200461,0.00152806648882248,0.5,0.00152806648882248,0.00145327444996096,0.606085021808745,0.000945012562690194,0.99905498743731,0.00145327444996096,0.606085021808745,0.238556746321987,0.477972924952652,-0.00145327444996096,-0.00144883304998887,-0.393914978191255,0.043599968123539,CBCbothPairsAsymRW,CBCdriftDiffusionLR_pwBelief,0.5,0.00386089898582642,0.996943867022355,0.0489455396140306,0.110683702162679,1.35639949825156,0.0394913857710217,2.26632088674347,0.5,70.1198594110257
CBC_1020,CBC_1020_MSI_TV_v3_Vset1_Tset2_2023-06-28_15h03.37.595.csv,1,13,3,2,b,1,0,1,tac,D,63,1,3D,2D,1,0,z,1.4602272,0,1,0,0,2D,3D,D32,2.23359222150709,0.649684989932284,4.4413999720945e-06,0.00152806648882248,0.5,4.66997438852441e-06,0.648327216840441,0.00152806648882248,0.5,0.00152806648882248,0.5,0.604558261200461,0.00152806648882248,0.5,0.00152806648882248,0.00145327444996096,0.606085021808745,0.000945012562690195,0.99905498743731,0.00145327444996096,0.606085021808745,0.0266700572496187,0.477931096342216,-0.00145327444996096,-0.00144883304998887,-0.393914978191255,0.043599968123539,CBCbothPairsAsymRW,CBCdriftDiffusionLR_pwBelief,0.5,0.00386089898582642,0.996943867022355,0.0489455396140306,0.110683702162679,1.35639949825156,0.0394913857710217,2.26632088674347,0.5,70.1198594110257
CBC_1020,CBC_1020_MSI_TV_v3_Vset1_Tset2_2023-06-28_15h03.37.595.csv,1,14,0,2,z,0,1,2,tac,C,27,1,0C,2C,0,1,b,3.0042409,1,0,0,0,0C,2C,C02,2.67414864942653,0.649684989932284,4.4413999720945e-06,0.00152806648882248,0.5,4.66997438852441e-06,0.648327216840441,0.00152806648882248,0.5,0.00152806648882248,0.5,0.604558261200461,0.00152806648882248,0.5,0.00152806648882248,4.4413999720945e-06,0.649684989932284,0.00100003732314779,0.998999962676852,0.00152806648882248,0.604558261200461,0.119870762543346,0.477410151643641,-0.00152806648882248,-0.00152339651443395,-0.395441738799539,0.04376895563998,CBCbothPairsAsymRW,CBCdriftDiffusionLR_pwBelief,0.5,0.00386089898582642,0.996943867022355,0.0489455396140306,0.110683702162679,1.35639949825156,0.0394913857710217,2.26632088674347,0.5,70.1198594110257
CBC_1020,CBC_1020_MSI_TV_v3_Vset1_Tset2_2023-06-28_15h03.37.595.csv,1,15,1,0,z,0,1,3,tac,A,63,1,1A,0A,0,1,z,2.6848113,0,1,1,1,0A,1A,A10,2.30258509299405,0.649684989932284,4.4413999720945e-06,0.00152806648882248,0.5,4.66997438852441e-06,0.648327216840441,0.00152806648882248,0.5,4.66997438852441e-06,0.5,0.648327216840441,0.00152806648882248,0.5,0.00152806648882248,4.4413999720945e-06,0.649684989932284,0.999997605158986,2.39484101415684e-06,0.649684989932284,4.4413999720945e-06,0.178630318703953,0.523336981835973,0.350315010067716,0.00135253086709022,4.44139997213266e-06,-2.17386718277774e-07,CBCbothPairsAsymRW,CBCdriftDiffusionLR_pwBelief,0.5,0.00386089898582642,0.996943867022355,0.0489455396140306,0.110683702162679,1.35639949825156,0.0394913857710217,2.26632088674347,0.5,70.1198594110257
CBC_1020,CBC_1020_MSI_TV_v3_Vset1_Tset2_2023-06-28_15h03.37.595.csv,1,16,3,1,z,0,1,0,tac,B,27,1,3B,1B,0,1,z,2.2661636,0,1,1,1,1B,3B,B31,3.43398720448515,0.651037520799374,4.22401325381673e-06,0.00152806648882248,0.5,4.66997438852441e-06,0.648327216840441,0.00152806648882248,0.5,4.66997438852441e-06,0.5,0.648327216840441,0.00152806648882248,0.5,0.00152806648882248,4.4413999720945e-06,0.649684989932284,0.648327216840441,0.351672783159559,0.648327216840441,0.5,0.257938788120605,0.506732355005231,0.351672783159559,0.0013577730918435,0.5,-0.0244727698070153,CBCbothPairsAsymRW,CBCdriftDiffusionLR_pwBelief,0.5,0.00386089898582642,0.996943867022355,0.0489455396140306,0.110683702162679,1.35639949825156,0.0394913857710217,2.26632088674347,0.5,70.1198594110257
CBC_1020,CBC_1020_MSI_TV_v3_Vset1_Tset2_2023-06-28_15h03.37.595.csv,1,17,2,3,b,1,0,2,tac,C,63,1,2C,3C,1,0,b,2.0921553,1,0,1,1,2C,3C,C23,3.46573590279973,0.651037520799374,4.22401325381673e-06,0.00152806648882248,0.5,4.66997438852441e-06,0.649684989932284,0.00152806648882248,0.475527230192985,4.66997438852441e-06,0.5,0.648327216840441,0.00152806648882248,0.5,0.00152806648882248,4.4413999720945e-06,0.649684989932284,0.999170549411861,0.000829450588138547,0.648327216840441,0.00152806648882248,0.311725112774874,0.521967294941453,0.351672783159559,0.0013577730918435,0.00152806648882242,-7.47920388615305e-05,CBCbothPairsAsymRW,CBCdriftDiffusionLR_pwBelief,0.5,0.00386089898582642,0.996943867022355,0.0489455396140306,0.110683702162679,1.35639949825156,0.0394913857710217,2.26632088674347,0.5,70.1198594110257
CBC_1020,CBC_1020_MSI_TV_v3_Vset1_Tset2_2023-06-28_15h03.37.595.csv,1,18,3,2,b,1,0,1,tac,D,63,0,3D,2D,0,1,z,2.9812404,0,1,0,1,2D,3D,D32,2.11021320034659,0.651037520799374,4.22401325381673e-06,0.00152806648882248,0.5,4.66997438852441e-06,0.649684989932284,0.00152806648882248,0.475527230192985,4.66997438852441e-06,0.5,0.649684989932284,0.00145327444996095,0.5,0.00152806648882248,4.4413999720945e-06,0.649684989932284,2.39484101416387e-06,0.999997605158986,4.4413999720945e-06,0.649684989932284,0.122526793572052,0.477316002602158,0.999995558600028,0.00386088183802977,0.649684989932284,-0.0317991824113717,CBCbothPairsAsymRW,CBCdriftDiffusionLR_pwBelief,0.5,0.00386089898582642,0.996943867022355,0.0489455396140306,0.110683702162679,1.35639949825156,0.0394913857710217,2.26632088674347,0.5,70.1198594110257
CBC_1020,CBC_1020_MSI_TV_v3_Vset1_Tset2_2023-06-28_15h03.37.595.csv,1,19,0,1,z,0,1,0,tac,B,63,1,0B,1B,0,1,b,2.7865486,1,0,0,0,0B,1B,B01,2.83321334405622,0.651037520799374,4.22401325381673e-06,0.00152806648882248,0.5,4.66997438852441e-06,0.649684989932284,0.00152806648882248,0.475527230192985,4.66997438852441e-06,0.5,0.649684989932284,0.00145327444996095,0.5,0.00152806648882248,0.00386532323800187,0.617885807520912,2.51809056804481e-06,0.999997481909432,4.66997438852441e-06,0.649684989932284,0.147969396159556,0.47802968102352,-4.66997438852441e-06,-4.65570232579088e-06,-0.350315010067716,0.0387741622374509,CBCbothPairsAsymRW,CBCdriftDiffusionLR_pwBelief,0.5,0.00386089898582642,0.996943867022355,0.0489455396140306,0.110683702162679,1.35639949825156,0.0394913857710217,2.26632088674347,0.5,70.1198594110257
CBC_1020,CBC_1020_MSI_TV_v3_Vset1_Tset2_2023-06-28_15h03.37.595.csv,1,20,0,2,b,1,0,3,tac,A,27,1,0A,2A,1,0,b,2.2604027,1,0,1,1,0A,2A,A02,3.55534806148941,0.651037520799374,4.22401325381673e-06,0.00152806648882248,0.5,1.42720627335268e-08,0.688459152169735,0.00152806648882248,0.475527230192985,4.66997438852441e-06,0.5,0.649684989932284,0.00145327444996095,0.5,0.00152806648882248,0.00386532323800187,0.617885807520912,0.999180360284339,0.000819639715660792,0.651037520799374,0.00152806648882248,0.267097536830598,0.521761569483216,0.348962479200626,0.00134730888203717,0.00152806648882242,-7.47920388615305e-05,CBCbothPairsAsymRW,CBCdriftDiffusionLR_pwBelief,0.5,0.00386089898582642,0.996943867022355,0.0489455396140306,0.110683702162679,1.35639949825156,0.0394913857710217,2.26632088674347,0.5,70.1198594110257
CBC_1020,CBC_1020_MSI_TV_v3_Vset1_Tset2_2023-06-28_15h03.37.595.csv,1,21,3,0,b,1,0,1,tac,D,9,1,3D,0D,1,0,z,2.7535366,0,1,0,0,0D,3D,D30,3.58351893845611,0.652384829681411,4.22401325381673e-06,0.00145327444996095,0.5,1.42720627335268e-08,0.688459152169735,0.00152806648882248,0.475527230192985,4.66997438852441e-06,0.5,0.649684989932284,0.00145327444996095,0.5,0.00152806648882248,0.00386532323800187,0.617885807520912,0.382114192479088,0.617885807520912,0.5,0.617885807520912,0.157948162520996,0.49429217511921,-0.5,-0.498471933511178,-0.382114192479088,0.0422938134724878,CBCbothPairsAsymRW,CBCdriftDiffusionLR_pwBelief,0.5,0.00386089898582642,0.996943867022355,0.0489455396140306,0.110683702162679,1.35639949825156,0.0394913857710217,2.26632088674347,0.5,70.1198594110257
CBC_1020,CBC_1020_MSI_TV_v3_Vset1_Tset2_2023-06-28_15h03.37.595.csv,1,22,3,2,z,0,1,2,tac,C,63,1,3C,2C,0,1,z,2.3989571,0,1,1,1,2C,3C,C32,2.91777073208428,0.652384829681411,4.22401325381673e-06,0.00145327444996095,0.5,1.42720627335268e-08,0.688459152169735,0.00152806648882248,0.475527230192985,4.66997438852441e-06,0.5,0.649684989932284,0.00145327444996095,0.00152806648882248,0.00152806648882248,0.00386532323800187,0.6601796209934,0.999215858430805,0.000784141569194547,0.649684989932284,0.00145327444996095,0.234559832617655,0.522501407905734,0.350315010067716,0.00135253086709022,0.00145327444996091,-7.113130216062e-05,CBCbothPairsAsymRW,CBCdriftDiffusionLR_pwBelief,0.5,0.00386089898582642,0.996943867022355,0.0489455396140306,0.110683702162679,1.35639949825156,0.0394913857710217,2.26632088674347,0.5,70.1198594110257
CBC_1020,CBC_1020_MSI_TV_v3_Vset1_Tset2_2023-06-28_15h03.37.595.csv,1,23,1,3,b,1,0,0,tac,B,27,1,1B,3B,1,0,z,2.8133422,0,1,0,0,3B,1B,B13,3.63758615972639,0.652384829681411,4.22401325381673e-06,0.00145327444996095,0.5,1.42720627335268e-08,0.688459152169735,0.00152806648882248,0.475527230192985,4.66997438852441e-06,0.5,0.651037520799374,0.00138214314780033,0.00152806648882248,0.00152806648882248,0.00386532323800187,0.6601796209934,0.290925188370759,0.709074811629241,0.475527230192985,0.688459152169735,0.147993954786777,0.490529879227444,-0.475527230192985,-0.474073955743024,-0.311540847830265,0.0344824944127535,CBCbothPairsAsymRW,CBCdriftDiffusionLR_pwBelief,0.5,0.00386089898582642,0.996943867022355,0.0489455396140306,0.110683702162679,1.35639949825156,0.0394913857710217,2.26632088674347,0.5,70.1198594110257
CBC_1020,CBC_1020_MSI_TV_v3_Vset1_Tset2_2023-06-28_15h03.37.595.csv,1,24,2,3,b,1,0,2,tac,C,63,1,2C,3C,1,0,z,2.5034549,0,1,0,0,3C,2C,C23,2.9704144655697,0.652384829681411,4.22401325381673e-06,0.00145327444996095,0.5,1.42720627335268e-08,0.722941646582488,0.00152806648882248,0.00145327444996096,4.66997438852441e-06,0.5,0.651037520799374,0.00138214314780033,0.00152806648882248,0.00152806648882248,0.00386532323800187,0.6601796209934,0.000741317654182505,0.999258682345817,0.00138214314780033,0.651037520799374,0.194273185501781,0.478245078312634,-0.00138214314780033,-0.00137791913454651,-0.348962479200626,0.038624459113792,CBCbothPairsAsymRW,CBCdriftDiffusionLR_pwBelief,0.5,0.00386089898582642,0.996943867022355,0.0489455396140306,0.110683702162679,1.35639949825156,0.0394913857710217,2.26632088674347,0.5,70.1198594110257
CBC_1020,CBC_1020_MSI_TV_v3_Vset1_Tset2_2023-06-28_15h03.37.595.csv,1,25,3,2,b,1,0,1,tac,D,63,1,3D,2D,1,0,b,2.1913114,1,0,1,1,3D,2D,D32,2.07944154167984,0.652384829681411,4.22401325381673e-06,0.00145327444996095,0.5,1.42720627335268e-08,0.722941646582488,0.00152806648882248,0.00145327444996096,4.66997438852441e-06,0.5,0.689661979913166,4.22401325381855e-06,0.00152806648882248,0.00152806648882248,0.00386532323800187,0.6601796209934,0.998006627373377,0.00199337262662269,0.6601796209934,0.00386532323800187,0.28513646791201,0.522248200524109,0.3398203790066,0.00131201215666973,0.00386532323800182,-0.000189190331666651,CBCbothPairsAsymRW,CBCdriftDiffusionLR_pwBelief,0.5,0.00386089898582642,0.996943867022355,0.0489455396140306,0.110683702162679,1.35639949825156,0.0394913857710217,2.26632088674347,0.5,70.1198594110257
CBC_1020,CBC_1020_MSI_TV_v3_Vset1_Tset2_2023-06-28_15h03.37.595.csv,1,26,0,1,z,0,1,0,tac,B,63,1,0B,1B,0,1,b,2.3808614,1,0,0,0,0B,1B,B01,2.6149597780362,0.652384829681411,4.22401325381673e-06,0.00145327444996095,0.5,1.42720627335268e-08,0.722941646582488,0.00152806648882248,0.00145327444996096,4.66997438852441e-06,0.5,0.689661979913166,4.22401325381855e-06,0.00152806648882248,0.00152806648882248,0.00367613290633522,0.66149163315007,5.46958977162464e-09,0.99999999453041,1.42720627335268e-08,0.722941646582488,0.217647595278083,0.476526856314434,-1.42720627335268e-08,-1.42284454119479e-08,-0.277058353417512,0.030665844271346,CBCbothPairsAsymRW,CBCdriftDiffusionLR_pwBelief,0.5,0.00386089898582642,0.996943867022355,0.0489455396140306,0.110683702162679,1.35639949825156,0.0394913857710217,2.26632088674347,0.5,70.1198594110257
CBC_1020,CBC_1020_MSI_TV_v3_Vset1_Tset2_2023-06-28_15h03.37.595.csv,1,27,3,0,z,0,1,3,tac,A,9,1,3A,0A,0,1,z,3.2414928,0,1,1,1,0A,3A,A30,3.73766961828337,0.652384829681411,4.22401325381673e-06,0.00145327444996095,0.5,4.36173215789492e-11,0.753607490853834,0.00152806648882248,0.00145327444996096,4.66997438852441e-06,0.5,0.689661979913166,4.22401325381855e-06,0.00152806648882248,0.00152806648882248,0.00367613290633522,0.66149163315007,0.652384829681411,0.347615170318589,0.652384829681411,0.5,0.101484049070256,0.507535784844815,0.347615170318589,0.00134210705854092,0.5,-0.0244727698070153,CBCbothPairsAsymRW,CBCdriftDiffusionLR_pwBelief,0.5,0.00386089898582642,0.996943867022355,0.0489455396140306,0.110683702162679,1.35639949825156,0.0394913857710217,2.26632088674347,0.5,70.1198594110257
CBC_1020,CBC_1020_MSI_TV_v3_Vset1_Tset2_2023-06-28_15h03.37.595.csv,1,28,3,2,b,1,0,1,tac,D,63,1,3D,2D,1,0,z,5.2485082,0,1,0,0,2D,3D,D32,1.96944064646551,0.653726936739952,4.22401325381673e-06,0.00145327444996095,0.475527230192985,4.36173215789492e-11,0.753607490853834,0.00152806648882248,0.00145327444996096,4.66997438852441e-06,0.5,0.689661979913166,4.22401325381855e-06,0.00152806648882248,0.00152806648882248,0.00367613290633522,0.66149163315007,0.00188458827150573,0.998115411728494,0.00367613290633522,0.66149163315007,0.0138535118220014,0.477481847650121,-0.00367613290633522,-0.00366489815532996,-0.33850836684993,0.0374673592559925,CBCbothPairsAsymRW,CBCdriftDiffusionLR_pwBelief,0.5,0.00386089898582642,0.996943867022355,0.0489455396140306,0.110683702162679,1.35639949825156,0.0394913857710217,2.26632088674347,0.5,70.1198594110257
CBC_1020,CBC_1020_MSI_TV_v3_Vset1_Tset2_2023-06-28_15h03.37.595.csv,1,29,0,2,z,0,1,2,tac,C,27,1,0C,2C,0,1,b,2.1981485,1,0,0,0,0C,2C,C02,2.68557734525015,0.653726936739952,4.22401325381673e-06,0.00145327444996095,0.475527230192985,4.36173215789492e-11,0.753607490853834,0.00152806648882248,0.00145327444996096,4.66997438852441e-06,0.5,0.689661979913166,4.22401325381855e-06,0.00152806648882248,0.00152806648882248,1.12347510052568e-05,0.698958992406062,2.1014270328646e-06,0.999997898572967,4.66997438852441e-06,0.689661979913166,0.259239429799682,0.477828439169716,-4.66997438852441e-06,-4.65570232579088e-06,-0.310338020086834,0.0343493609850465,CBCbothPairsAsymRW,CBCdriftDiffusionLR_pwBelief,0.5,0.00386089898582642,0.996943867022355,0.0489455396140306,0.110683702162679,1.35639949825156,0.0394913857710217,2.26632088674347,0.5,70.1198594110257
CBC_1020,CBC_1020_MSI_TV_v3_Vset1_Tset2_2023-06-28_15h03.37.595.csv,1,30,0,1,b,1,0,3,tac,A,63,1,0A,1A,1,0,b,2.6167332,1,0,1,1,0A,1A,A01,3.11351530921037,0.653726936739952,4.22401325381673e-06,0.00145327444996095,0.475527230192985,4.36173215789492e-11,0.753607490853834,0.00152806648882248,0.00145327444996096,1.42720627335268e-08,0.5,0.724011340898213,4.22401325381855e-06,0.00152806648882248,0.00152806648882248,1.12347510052568e-05,0.698958992406062,0.999997762575118,2.23742488203449e-06,0.653726936739952,4.22401325381673e-06,0.190224721272049,0.5220299251643,0.346273063260048,0.00133692531875973,4.22401325383959e-06,-2.06746608045996e-07,CBCbothPairsAsymRW,CBCdriftDiffusionLR_pwBelief,0.5,0.00386089898582642,0.996943867022355,0.0489455396140306,0.110683702162679,1.35639949825156,0.0394913857710217,2.26632088674347,0.5,70.1198594110257
CBC_1020,CBC_1020_MSI_TV_v3_Vset1_Tset2_2023-06-28_15h03.37.595.csv,1,31,0,1,z,0,1,0,tac,B,63,1,0B,1B,0,1,z,2.6932659,0,1,1,1,1B,0B,B01,2.4423470353692,0.655063862058712,4.01726664577073e-06,0.00145327444996095,0.475527230192985,4.36173215789492e-11,0.753607490853834,0.00152806648882248,0.00145327444996096,1.42720627335268e-08,0.5,0.724011340898213,4.22401325381855e-06,0.00152806648882248,0.00152806648882248,1.12347510052568e-05,0.698958992406062,0.999999999985739,1.42607145454614e-11,0.753607490853834,4.36173215789492e-11,0.176965958615267,0.522688330577259,0.246392509146166,0.000951296588677658,4.36173319684485e-11,-2.13487384972002e-12,CBCbothPairsAsymRW,CBCdriftDiffusionLR_pwBelief,0.5,0.00386089898582642,0.996943867022355,0.0489455396140306,0.110683702162679,1.35639949825156,0.0394913857710217,2.26632088674347,0.5,70.1198594110257
CBC_1020,CBC_1020_MSI_TV_v3_Vset1_Tset2_2023-06-28_15h03.37.595.csv,1,32,1,3,z,0,1,1,tac,D,27,1,1D,3D,0,1,z,2.7397511,0,1,1,1,3D,1D,D13,3.85014760171006,0.655063862058712,4.01726664577073e-06,0.00145327444996095,0.475527230192985,4.14824477292292e-11,0.754558787442512,0.00152806648882248,0.00145327444996096,1.42720627335268e-08,0.5,0.724011340898213,4.22401325381855e-06,0.00152806648882248,0.00152806648882248,1.12347510052568e-05,0.698958992406062,0.999341290110273,0.000658709889726837,0.698958992406062,0.00152806648882248,0.169218638521233,0.522637349838275,0.301041007593938,0.0011622889209116,0.00152806648882242,-7.47920388615305e-05,CBCbothPairsAsymRW,CBCdriftDiffusionLR_pwBelief,0.5,0.00386089898582642,0.996943867022355,0.0489455396140306,0.110683702162679,1.35639949825156,0.0394913857710217,2.26632088674347,0.5,70.1198594110257
CBC_1020,CBC_1020_MSI_TV_v3_Vset1_Tset2_2023-06-28_15h03.37.595.csv,1,33,2,3,b,1,0,2,tac,C,63,1,2C,3C,1,0,b,2.4170821,1,0,1,1,2C,3C,C23,2.77258872223978,0.655063862058712,4.01726664577073e-06,0.00145327444996095,0.475527230192985,4.14824477292292e-11,0.754558787442512,0.00152806648882248,0.00145327444996096,1.42720627335268e-08,0.5,0.724011340898213,4.22401325381855e-06,0.00152806648882248,0.00145327444996095,1.12347510052568e-05,0.700121281326974,0.999998389827983,1.61017201705249e-06,0.724011340898213,4.22401325381855e-06,0.230252988013781,0.521862836306727,0.275988659101787,0.00106556433402568,4.22401325383959e-06,-2.06746608045996e-07,CBCbothPairsAsymRW,CBCdriftDiffusionLR_pwBelief,0.5,0.00386089898582642,0.996943867022355,0.0489455396140306,0.110683702162679,1.35639949825156,0.0394913857710217,2.26632088674347,0.5,70.1198594110257
CBC_1020,CBC_1020_MSI_TV_v3_Vset1_Tset2_2023-06-28_15h03.37.595.csv,1,34,0,1,z,0,1,0,tac,B,63,1,0B,1B,0,1,b,2.5061704,1,0,0,0,0B,1B,B01,2.28238238567653,0.655063862058712,4.01726664577073e-06,0.00145327444996095,0.475527230192985,4.14824477292292e-11,0.754558787442512,0.00152806648882248,0.00145327444996096,1.42720627335268e-08,0.5,0.725076905232239,4.01726664577256e-06,0.00152806648882248,0.00145327444996095,1.12347510052568e-05,0.700121281326974,1.34933187980072e-11,0.999999999986507,4.14824477292292e-11,0.754558787442512,0.193534089921851,0.477664279362051,-4.14824477292292e-11,-4.13556718527304e-11,-0.245441212557488,0.0271663420691597,CBCbothPairsAsymRW,CBCdriftDiffusionLR_pwBelief,0.5,0.00386089898582642,0.996943867022355,0.0489455396140306,0.110683702162679,1.35639949825156,0.0394913857710217,2.26632088674347,0.5,70.1198594110257
CBC_1020,CBC_1020_MSI_TV_v3_Vset1_Tset2_2023-06-28_15h03.37.595.csv,1,35,1,0,z,0,1,3,tac,A,63,1,1A,0A,0,1,z,2.9891363,0,1,1,1,0A,1A,A10,2.52572864430826,0.655063862058712,4.01726664577073e-06,0.00145327444996095,0.475527230192985,1.26775876498733e-13,0.781725129511672,0.00152806648882248,0.00145327444996096,1.42720627335268e-08,0.5,0.725076905232239,4.01726664577256e-06,0.00152806648882248,0.00145327444996095,1.12347510052568e-05,0.700121281326974,0.99999788462903,2.11537097006975e-06,0.655063862058712,4.01726664577073e-06,0.132908194485099,0.521691042301111,0.344936137941288,0.0013317635851524,4.01726664578383e-06,-1.96627283751336e-07,CBCbothPairsAsymRW,CBCdriftDiffusionLR_pwBelief,0.5,0.00386089898582642,0.996943867022355,0.0489455396140306,0.110683702162679,1.35639949825156,0.0394913857710217,2.26632088674347,0.5,70.1198594110257
CBC_1020,CBC_1020_MSI_TV_v3_Vset1_Tset2_2023-06-28_15h03.37.595.csv,1,36,2,1,b,1,0,2,tac,C,9,1,2C,1C,1,0,b,2.6365461,1,0,1,1,2C,1C,C21,3.93182563272433,0.656395625643864,3.82063936201939e-06,0.00145327444996095,0.475527230192985,1.26775876498733e-13,0.781725129511672,0.00152806648882248,0.00145327444996096,1.42720627335268e-08,0.5,0.725076905232239,4.01726664577256e-06,0.00152806648882248,0.00145327444996095,1.12347510052568e-05,0.700121281326974,0.725076905232239,0.274923094767761,0.725076905232239,0.5,0.18250225276633,0.510457797239802,0.274923094767761,0.00106145029776911,0.5,-0.0244727698070153,CBCbothPairsAsymRW,CBCdriftDiffusionLR_pwBelief,0.5,0.00386089898582642,0.996943867022355,0.0489455396140306,0.110683702162679,1.35639949825156,0.0394913857710217,2.26632088674347,0.5,70.1198594110257
CBC_1020,CBC_1020_MSI_TV_v3_Vset1_Tset2_2023-06-28_15h03.37.595.csv,1,37,0,1,b,1,0,3,tac,A,63,1,0A,1A,1,0,z,3.0163799,0,1,0,0,1A,0A,A01,2.85263142991332,0.656395625643864,3.82063936201939e-06,0.00145327444996095,0.475527230192985,1.26775876498733e-13,0.781725129511672,0.00152806648882248,0.00145327444996096,1.42720627335268e-08,0.475527230192985,0.726138355530008,4.01726664577256e-06,0.00152806648882248,0.00145327444996095,1.12347510052568e-05,0.700121281326974,1.99999929384465e-06,0.999998000000706,3.82063936201939e-06,0.656395625643864,0.118609515270048,0.477926400454201,-3.82063936201939e-06,-3.80896298006944e-06,-0.343604374356136,0.0380314042330281,CBCbothPairsAsymRW,CBCdriftDiffusionLR_pwBelief,0.5,0.00386089898582642,0.996943867022355,0.0489455396140306,0.110683702162679,1.35639949825156,0.0394913857710217,2.26632088674347,0.5,70.1198594110257
CBC_1020,CBC_1020_MSI_TV_v3_Vset1_Tset2_2023-06-28_15h03.37.595.csv,1,38,1,3,z,0,1,1,tac,D,27,1,1D,3D,0,1,b,2.395396,1,0,0,0,1D,3D,D13,3.27714473299218,0.694427029876892,1.16763819499559e-08,0.00145327444996095,0.475527230192985,1.26775876498733e-13,0.781725129511672,0.00152806648882248,0.00145327444996096,1.42720627335268e-08,0.475527230192985,0.726138355530008,4.01726664577256e-06,0.00152806648882248,0.00145327444996095,1.12347510052568e-05,0.700121281326974,0.00062298984657159,0.999377010153428,0.00145327444996095,0.700121281326974,0.215147628390758,0.47763510332619,-0.00145327444996095,-0.00144883304998885,-0.299878718673026,0.0331916867825309,CBCbothPairsAsymRW,CBCdriftDiffusionLR_pwBelief,0.5,0.00386089898582642,0.996943867022355,0.0489455396140306,0.110683702162679,1.35639949825156,0.0394913857710217,2.26632088674347,0.5,70.1198594110257
CBC_1020,CBC_1020_MSI_TV_v3_Vset1_Tset2_2023-06-28_15h03.37.595.csv,1,39,1,0,b,1,0,0,tac,B,63,1,1B,0B,1,0,z,5.0395888,0,1,0,0,0B,1B,B10,3.29583686600433,0.694427029876892,1.16763819499559e-08,0.00145327444996095,0.475527230192985,1.26775876498733e-13,0.781725129511672,0.00152806648882248,0.00145327444996096,1.42720627335268e-08,0.475527230192985,0.726138355530008,4.01726664577256e-06,0.00152806648882248,4.4413999720945e-06,1.12347510052568e-05,0.733312968109505,3.54161144855425e-14,0.999999999999965,1.26775876498733e-13,0.781725129511672,0.0169406379891639,0.477607554954145,-1.26775876498733e-13,-1.26388432561795e-13,-0.218274870488328,0.0241594707547274,CBCbothPairsAsymRW,CBCdriftDiffusionLR_pwBelief,0.5,0.00386089898582642,0.996943867022355,0.0489455396140306,0.110683702162679,1.35639949825156,0.0394913857710217,2.26632088674347,0.5,70.1198594110257
CBC_1020,CBC_1020_MSI_TV_v3_Vset1_Tset2_2023-06-28_15h03.37.595.csv,1,40,3,2,z,0,1,2,tac,C,63,0,3C,2C,1,0,z,2.3043229,0,1,1,0,2C,3C,C32,2.90872089656436,0.694427029876892,1.16763819499559e-08,0.00145327444996095,0.475527230192985,3.87443936937618e-16,0.805884600266399,0.00152806648882248,0.00145327444996096,1.42720627335268e-08,0.475527230192985,0.726138355530008,4.01726664577256e-06,0.00152806648882248,4.4413999720945e-06,1.12347510052568e-05,0.733312968109505,0.99999848489204,1.51510796025479e-06,0.726138355530008,4.01726664577256e-06,0.256605030177891,0.522446249434809,-0.726138355530008,-0.72391918015534,-0.999995982733354,0.110683257516734,CBCbothPairsAsymRW,CBCdriftDiffusionLR_pwBelief,0.5,0.00386089898582642,0.996943867022355,0.0489455396140306,0.110683702162679,1.35639949825156,0.0394913857710217,2.26632088674347,0.5,70.1198594110257
CBC_1020,CBC_1020_MSI_TV_v3_Vset1_Tset2_2023-06-28_15h03.37.595.csv,1,41,0,2,b,1,0,3,tac,A,27,1,0A,2A,1,0,b,3.1360277,1,0,1,1,0A,2A,A02,3.3322045101752,0.694427029876892,1.16763819499559e-08,0.00145327444996095,0.475527230192985,3.87443936937618e-16,0.805884600266399,0.00152806648882248,0.00145327444996096,1.42720627335268e-08,0.475527230192985,0.00221917537466809,0.11068727478338,0.00152806648882248,4.4413999720945e-06,1.12347510052568e-05,0.733312968109505,0.999359985930304,0.000640014069695716,0.694427029876892,0.00145327444996095,0.115429745136815,0.521816026327055,0.305572970123108,0.00117978637044427,0.00145327444996091,-7.113130216062e-05,CBCbothPairsAsymRW,CBCdriftDiffusionLR_pwBelief,0.5,0.00386089898582642,0.996943867022355,0.0489455396140306,0.110683702162679,1.35639949825156,0.0394913857710217,2.26632088674347,0.5,70.1198594110257
CBC_1020,CBC_1020_MSI_TV_v3_Vset1_Tset2_2023-06-28_15h03.37.595.csv,1,42,2,3,z,0,1,1,tac,D,63,1,2D,3D,0,1,b,2.4660096,1,0,0,0,2D,3D,D23,4.04305126783455,0.695606816247337,1.16763819499559e-08,0.00138214314780033,0.475527230192985,3.87443936937618e-16,0.805884600266399,0.00152806648882248,0.00145327444996096,1.42720627335268e-08,0.475527230192985,0.00221917537466809,0.11068727478338,0.00152806648882248,4.4413999720945e-06,1.12347510052568e-05,0.733312968109505,4.08581867432103e-06,0.999995914181326,1.12347510052568e-05,0.733312968109505,0.201123749501516,0.477667693249927,-1.12347510052568e-05,-1.1200416112214e-05,-0.266687031890495,0.0295179080084164,CBCbothPairsAsymRW,CBCdriftDiffusionLR_pwBelief,0.5,0.00386089898582642,0.996943867022355,0.0489455396140306,0.110683702162679,1.35639949825156,0.0394913857710217,2.26632088674347,0.5,70.1198594110257
CBC_1020,CBC_1020_MSI_TV_v3_Vset1_Tset2_2023-06-28_15h03.37.595.csv,1,43,1,3,b,1,0,0,tac,B,27,1,1B,3B,1,0,z,2.5781926,0,1,0,0,3B,1B,B13,3.36729582998647,0.695606816247337,1.16763819499559e-08,0.00138214314780033,0.475527230192985,3.87443936937618e-16,0.805884600266399,0.00152806648882248,0.00145327444996096,1.42720627335268e-08,0.475527230192985,0.00221917537466809,0.11068727478338,0.00152806648882248,4.4413999720945e-06,3.43348930427947e-08,0.762830876117921,0.000350440393345752,0.999649559606654,0.00145327444996096,0.805884600266399,0.180530081421397,0.477431006803241,-0.00145327444996096,-0.00144883304998887,-0.194115399733601,0.0214854110893032,CBCbothPairsAsymRW,CBCdriftDiffusionLR_pwBelief,0.5,0.00386089898582642,0.996943867022355,0.0489455396140306,0.110683702162679,1.35639949825156,0.0394913857710217,2.26632088674347,0.5,70.1198594110257
CBC_1020,CBC_1020_MSI_TV_v3_Vset1_Tset2_2023-06-28_15h03.37.595.csv,1,44,3,2,z,0,1,2,tac,C,63,1,3C,2C,0,1,b,2.5147781,1,0,0,0,3C,2C,C32,2.69124308278583,0.695606816247337,1.16763819499559e-08,0.00138214314780033,0.475527230192985,3.87443936937618e-16,0.827370011355702,0.00152806648882248,4.4413999720945e-06,1.42720627335268e-08,0.475527230192985,0.00221917537466809,0.11068727478338,0.00152806648882248,4.4413999720945e-06,3.43348930427947e-08,0.762830876117921,0.982444178099849,0.0175558219001514,0.11068727478338,0.00221917537466809,0.209411788083227,0.521138671752578,-0.11068727478338,-0.110348999752708,-0.997780824625332,0.110438075616462,CBCbothPairsAsymRW,CBCdriftDiffusionLR_pwBelief,0.5,0.00386089898582642,0.996943867022355,0.0489455396140306,0.110683702162679,1.35639949825156,0.0394913857710217,2.26632088674347,0.5,70.1198594110257
CBC_1020,CBC_1020_MSI_AV_v3_Vset6_Aset1_2023-06-28_15h13.22.031.csv,2,1,1,0,b,1,0,0,aud,B,63,1,1B,0B,1,0,b,1.65884180000012,1,0,1,1,1B,0B,B10,2.77258872223978,0.5,0.5,0.5,0.5,0.5,0.5,0.5,0.5,0.5,0.5,0.5,0.5,0.5,0.5,0.5,0.5,0.5,0.5,0.5,0.5,0.234421729532514,0.499152793249563,0.5,0.492327416052066,0.5,-0.217265491969997,CBCbothPairsAsymRW,CBCdriftDiffusionLR_pwBelief,0.5,0.984654832104132,0.0969000046712771,0.434530983939994,0.775404107860871,0.724253408370877,1.50495930411952,2.5567396186213,0.5,35.7529992944533
CBC_1020,CBC_1020_MSI_AV_v3_Vset6_Aset1_2023-06-28_15h13.22.031.csv,2,2,1,0,z,0,1,3,aud,A,63,1,1A,0A,0,1,z,1.15710579999995,0,1,1,1,0A,1A,A10,2.83321334405622,0.5,0.5,0.5,0.5,0.282734508030003,0.992327416052066,0.5,0.5,0.5,0.5,0.5,0.5,0.5,0.5,0.5,0.5,0.5,0.5,0.5,0.5,0.270697567165367,0.499153824575533,0.5,0.492327416052066,0.5,-0.217265491969997,CBCbothPairsAsymRW,CBCdriftDiffusionLR_pwBelief,0.5,0.984654832104132,0.0969000046712771,0.434530983939994,0.775404107860871,0.724253408370877,1.50495930411952,2.5567396186213,0.5,35.7529992944533
CBC_1020,CBC_1020_MSI_AV_v3_Vset6_Aset1_2023-06-28_15h13.22.031.csv,2,3,3,2,b,1,0,1,aud,D,63,1,3D,2D,1,0,b,1.8037675000005,1,0,1,1,3D,2D,D32,2.89037175789616,0.992327416052066,0.282734508030003,0.5,0.5,0.282734508030003,0.992327416052066,0.5,0.5,0.5,0.5,0.5,0.5,0.5,0.5,0.5,0.5,0.5,0.5,0.5,0.5,0.211347915820528,0.4989298138827,0.5,0.492327416052066,0.5,-0.217265491969997,CBCbothPairsAsymRW,CBCdriftDiffusionLR_pwBelief,0.5,0.984654832104132,0.0969000046712771,0.434530983939994,0.775404107860871,0.724253408370877,1.50495930411952,2.5567396186213,0.5,35.7529992944533
CBC_1020,CBC_1020_MSI_AV_v3_Vset6_Aset1_2023-06-28_15h13.22.031.csv,2,4,1,2,b,1,0,0,aud,B,9,1,1B,2B,1,0,b,1.3017721999995,1,0,1,1,1B,2B,B12,2.94443897916644,0.992327416052066,0.282734508030003,0.5,0.5,0.282734508030003,0.992327416052066,0.5,0.5,0.5,0.5,0.5,0.5,0.5,0.5,0.282734508030003,0.992327416052066,0.992327416052066,0.00767258394793391,0.992327416052066,0.5,0.995087694147996,0.97781582605728,0.00767258394793391,0.00755484685905772,0.5,-0.217265491969997,CBCbothPairsAsymRW,CBCdriftDiffusionLR_pwBelief,0.5,0.984654832104132,0.0969000046712771,0.434530983939994,0.775404107860871,0.724253408370877,1.50495930411952,2.5567396186213,0.5,35.7529992944533
CBC_1020,CBC_1020_MSI_AV_v3_Vset6_Aset1_2023-06-28_15h13.22.031.csv,2,5,2,0,z,0,1,3,aud,A,27,1,2A,0A,0,1,z,2.26319260000037,0,1,1,1,0A,2A,A20,2.99573227355399,0.992327416052066,0.282734508030003,0.5,0.5,0.282734508030003,0.999882262911124,0.282734508030003,0.5,0.5,0.5,0.5,0.5,0.5,0.5,0.282734508030003,0.992327416052066,0.992327416052066,0.00767258394793391,0.992327416052066,0.5,0.184252688213749,0.977950562488156,0.00767258394793391,0.00755484685905772,0.5,-0.217265491969997,CBCbothPairsAsymRW,CBCdriftDiffusionLR_pwBelief,0.5,0.984654832104132,0.0969000046712771,0.434530983939994,0.775404107860871,0.724253408370877,1.50495930411952,2.5567396186213,0.5,35.7529992944533
CBC_1020,CBC_1020_MSI_AV_v3_Vset6_Aset1_2023-06-28_15h13.22.031.csv,2,6,3,2,z,0,1,2,aud,C,63,1,3C,2C,0,1,z,2.27805660000013,0,1,1,1,2C,3C,C32,3.04452243772342,0.999882262911124,0.282734508030003,0.282734508030003,0.5,0.282734508030003,0.999882262911124,0.282734508030003,0.5,0.5,0.5,0.5,0.5,0.5,0.5,0.282734508030003,0.992327416052066,0.5,0.5,0.5,0.5,0.148856179922348,0.500599942171152,0.5,0.492327416052066,0.5,-0.217265491969997,CBCbothPairsAsymRW,CBCdriftDiffusionLR_pwBelief,0.5,0.984654832104132,0.0969000046712771,0.434530983939994,0.775404107860871,0.724253408370877,1.50495930411952,2.5567396186213,0.5,35.7529992944533
CBC_1020,CBC_1020_MSI_AV_v3_Vset6_Aset1_2023-06-28_15h13.22.031.csv,2,7,3,1,b,1,0,1,aud,D,27,1,3D,1D,1,0,b,1.46785999999975,1,0,1,1,3D,1D,D31,3.09104245335832,0.999882262911124,0.282734508030003,0.282734508030003,0.5,0.282734508030003,0.999882262911124,0.282734508030003,0.5,0.5,0.5,0.992327416052066,0.282734508030003,0.5,0.5,0.282734508030003,0.992327416052066,0.992327416052066,0.00767258394793391,0.992327416052066,0.5,0.778500697510609,0.977874280805555,0.00767258394793391,0.00755484685905772,0.5,-0.217265491969997,CBCbothPairsAsymRW,CBCdriftDiffusionLR_pwBelief,0.5,0.984654832104132,0.0969000046712771,0.434530983939994,0.775404107860871,0.724253408370877,1.50495930411952,2.5567396186213,0.5,35.7529992944533
CBC_1020,CBC_1020_MSI_AV_v3_Vset6_Aset1_2023-06-28_15h13.22.031.csv,2,8,0,1,b,1,0,3,aud,A,63,1,0A,1A,1,0,b,1.82522979999976,1,0,1,1,0A,1A,A01,3.13549421592915,0.999882262911124,0.282734508030003,0.282734508030003,0.5,0.282734508030003,0.999882262911124,0.282734508030003,0.5,0.5,0.5,0.992327416052066,0.282734508030003,0.5,0.282734508030003,0.282734508030003,0.999882262911124,0.999953586624757,4.64133752431373e-05,0.999882262911124,0.282734508030003,0.410512602459139,0.979072985528598,0.000117737088876191,0.000115930393479815,0.282734508030003,-0.122856903968067,CBCbothPairsAsymRW,CBCdriftDiffusionLR_pwBelief,0.5,0.984654832104132,0.0969000046712771,0.434530983939994,0.775404107860871,0.724253408370877,1.50495930411952,2.5567396186213,0.5,35.7529992944533
CBC_1020,CBC_1020_MSI_AV_v3_Vset6_Aset1_2023-06-28_15h13.22.031.csv,2,9,0,2,z,0,1,2,aud,C,27,1,0C,2C,0,1,z,1.61318829999982,0,1,1,1,2C,0C,C02,3.17805383034795,0.999998193304604,0.159877604061935,0.282734508030003,0.5,0.282734508030003,0.999882262911124,0.282734508030003,0.5,0.5,0.5,0.992327416052066,0.282734508030003,0.5,0.282734508030003,0.282734508030003,0.999882262911124,0.992327416052066,0.00767258394793391,0.992327416052066,0.5,0.606789641314803,0.977936694140577,0.00767258394793391,0.00755484685905772,0.5,-0.217265491969997,CBCbothPairsAsymRW,CBCdriftDiffusionLR_pwBelief,0.5,0.984654832104132,0.0969000046712771,0.434530983939994,0.775404107860871,0.724253408370877,1.50495930411952,2.5567396186213,0.5,35.7529992944533
CBC_1020,CBC_1020_MSI_AV_v3_Vset6_Aset1_2023-06-28_15h13.22.031.csv,2,10,3,2,b,1,0,1,aud,D,63,1,3D,2D,1,0,b,1.19458780000059,1,0,1,1,3D,2D,D32,2.52572864430826,0.999998193304604,0.159877604061935,0.282734508030003,0.5,0.282734508030003,0.999882262911124,0.282734508030003,0.5,0.282734508030003,0.5,0.999882262911124,0.282734508030003,0.5,0.282734508030003,0.282734508030003,0.999882262911124,0.999953586624757,4.64133752431373e-05,0.999882262911124,0.282734508030003,1.11971719116954,0.979210611431104,0.000117737088876191,0.000115930393479815,0.282734508030003,-0.122856903968067,CBCbothPairsAsymRW,CBCdriftDiffusionLR_pwBelief,0.5,0.984654832104132,0.0969000046712771,0.434530983939994,0.775404107860871,0.724253408370877,1.50495930411952,2.5567396186213,0.5,35.7529992944533
CBC_1020,CBC_1020_MSI_AV_v3_Vset6_Aset1_2023-06-28_15h13.22.031.csv,2,11,0,1,z,0,1,0,aud,B,63,0,0B,1B,1,0,z,1.17611959999977,0,1,1,0,1B,0B,B01,3.25809653802148,0.999998193304604,0.159877604061935,0.282734508030003,0.5,0.282734508030003,0.999882262911124,0.282734508030003,0.5,0.282734508030003,0.5,0.999882262911124,0.282734508030003,0.5,0.282734508030003,0.159877604061935,0.999998193304604,0.999953586624757,4.64133752431195e-05,0.999882262911124,0.282734508030003,1.12941412148909,0.979086397587434,-0.999882262911124,-0.096888595946815,-0.717265491969997,0.556170608900384,CBCbothPairsAsymRW,CBCdriftDiffusionLR_pwBelief,0.5,0.984654832104132,0.0969000046712771,0.434530983939994,0.775404107860871,0.724253408370877,1.50495930411952,2.5567396186213,0.5,35.7529992944533
CBC_1020,CBC_1020_MSI_AV_v3_Vset6_Aset1_2023-06-28_15h13.22.031.csv,2,12,1,0,z,0,1,3,aud,A,63,1,1A,0A,0,1,z,2.74980460000097,0,1,1,1,0A,1A,A10,2.60268968544438,0.999998193304604,0.159877604061935,0.282734508030003,0.5,0.838905116930387,0.902993666964309,0.282734508030003,0.5,0.282734508030003,0.5,0.999882262911124,0.282734508030003,0.5,0.282734508030003,0.159877604061935,0.999998193304604,0.999999656180391,3.43819609137186e-07,0.999998193304604,0.159877604061935,0.0719278763509761,0.979126859016888,1.80669539640022e-06,1.77897135220576e-06,0.159877604061936,-0.0694717726030017,CBCbothPairsAsymRW,CBCdriftDiffusionLR_pwBelief,0.5,0.984654832104132,0.0969000046712771,0.434530983939994,0.775404107860871,0.724253408370877,1.50495930411952,2.5567396186213,0.5,35.7529992944533
CBC_1020,CBC_1020_MSI_AV_v3_Vset6_Aset1_2023-06-28_15h13.22.031.csv,2,13,3,2,b,1,0,1,aud,D,63,1,3D,2D,1,0,b,1.17356070000005,1,0,1,1,3D,2D,D32,2.23359222150709,0.999999972275956,0.0904058314589338,0.282734508030003,0.5,0.838905116930387,0.902993666964309,0.282734508030003,0.5,0.282734508030003,0.5,0.999882262911124,0.282734508030003,0.5,0.282734508030003,0.159877604061935,0.999998193304604,0.999999656180391,3.43819609116558e-07,0.999998193304604,0.159877604061935,1.1310010172259,0.979111467584962,1.80669539640022e-06,1.77897135220576e-06,0.159877604061936,-0.0694717726030017,CBCbothPairsAsymRW,CBCdriftDiffusionLR_pwBelief,0.5,0.984654832104132,0.0969000046712771,0.434530983939994,0.775404107860871,0.724253408370877,1.50495930411952,2.5567396186213,0.5,35.7529992944533
CBC_1020,CBC_1020_MSI_AV_v3_Vset6_Aset1_2023-06-28_15h13.22.031.csv,2,14,0,2,z,0,1,2,aud,C,27,1,0C,2C,0,1,z,2.44979680000051,0,1,1,1,2C,0C,C02,2.67414864942653,0.999999972275956,0.0904058314589338,0.282734508030003,0.5,0.838905116930387,0.902993666964309,0.282734508030003,0.5,0.282734508030003,0.5,0.999882262911124,0.282734508030003,0.5,0.282734508030003,0.0904058314589338,0.999999972275956,0.999953586624757,4.64133752431195e-05,0.999882262911124,0.282734508030003,0.126566021468185,0.979171211129437,0.000117737088876191,0.000115930393479815,0.282734508030003,-0.122856903968067,CBCbothPairsAsymRW,CBCdriftDiffusionLR_pwBelief,0.5,0.984654832104132,0.0969000046712771,0.434530983939994,0.775404107860871,0.724253408370877,1.50495930411952,2.5567396186213,0.5,35.7529992944533
CBC_1020,CBC_1020_MSI_AV_v3_Vset6_Aset1_2023-06-28_15h13.22.031.csv,2,15,1,0,z,0,1,3,aud,A,63,1,1A,0A,0,1,z,1.93295500000022,0,1,1,1,0A,1A,A10,2.30258509299405,0.999999972275956,0.0904058314589338,0.282734508030003,0.5,0.838905116930387,0.902993666964309,0.282734508030003,0.5,0.159877604061935,0.5,0.999998193304604,0.282734508030003,0.5,0.282734508030003,0.0904058314589338,0.999999972275956,0.999999997244469,2.75553143808173e-09,0.999999972275956,0.0904058314589338,0.33523830758486,0.979193968986586,2.77240441715065e-08,2.72986140589423e-08,0.0904058314589338,-0.0392841348977638,CBCbothPairsAsymRW,CBCdriftDiffusionLR_pwBelief,0.5,0.984654832104132,0.0969000046712771,0.434530983939994,0.775404107860871,0.724253408370877,1.50495930411952,2.5567396186213,0.5,35.7529992944533
CBC_1020,CBC_1020_MSI_AV_v3_Vset6_Aset1_2023-06-28_15h13.22.031.csv,2,16,3,1,z,0,1,0,aud,B,27,1,3B,1B,0,1,z,2.38832210000055,0,1,1,1,1B,3B,B31,3.43398720448515,0.99999999957457,0.05112169656117,0.282734508030003,0.5,0.838905116930387,0.902993666964309,0.282734508030003,0.5,0.159877604061935,0.5,0.999998193304604,0.282734508030003,0.5,0.282734508030003,0.0904058314589338,0.999999972275956,0.902993666964309,0.0970063330356912,0.902993666964309,0.5,0.189770004146138,0.956845165049388,0.0970063330356912,0.095517754568296,0.5,-0.217265491969997,CBCbothPairsAsymRW,CBCdriftDiffusionLR_pwBelief,0.5,0.984654832104132,0.0969000046712771,0.434530983939994,0.775404107860871,0.724253408370877,1.50495930411952,2.5567396186213,0.5,35.7529992944533
CBC_1020,CBC_1020_MSI_AV_v3_Vset6_Aset1_2023-06-28_15h13.22.031.csv,2,17,2,3,b,1,0,2,aud,C,63,1,2C,3C,1,0,b,1.18558969999958,1,0,1,1,2C,3C,C23,3.46573590279973,0.99999999957457,0.05112169656117,0.282734508030003,0.5,0.838905116930387,0.998511421532605,0.282734508030003,0.282734508030003,0.159877604061935,0.5,0.999998193304604,0.282734508030003,0.5,0.282734508030003,0.0904058314589338,0.999999972275956,0.999999287828985,7.1217101460519e-07,0.999998193304604,0.282734508030003,1.12395496234319,0.979074071326964,1.80669539640022e-06,1.77897135220576e-06,0.282734508030003,-0.122856903968067,CBCbothPairsAsymRW,CBCdriftDiffusionLR_pwBelief,0.5,0.984654832104132,0.0969000046712771,0.434530983939994,0.775404107860871,0.724253408370877,1.50495930411952,2.5567396186213,0.5,35.7529992944533
CBC_1020,CBC_1020_MSI_AV_v3_Vset6_Aset1_2023-06-28_15h13.22.031.csv,2,18,3,2,b,1,0,1,aud,D,63,0,3D,2D,0,1,b,0.91600710000057,1,0,1,0,3D,2D,D32,2.11021320034659,0.99999999957457,0.05112169656117,0.282734508030003,0.5,0.838905116930387,0.998511421532605,0.282734508030003,0.282734508030003,0.159877604061935,0.5,0.999999972275956,0.159877604061935,0.5,0.282734508030003,0.0904058314589338,0.999999972275956,0.999999997244469,2.75553146966701e-09,0.999999972275956,0.0904058314589338,0.471732191397632,0.979077430353388,-0.999999972275956,-0.0969000019848171,-0.909594168541066,0.705303054773036,CBCbothPairsAsymRW,CBCdriftDiffusionLR_pwBelief,0.5,0.984654832104132,0.0969000046712771,0.434530983939994,0.775404107860871,0.724253408370877,1.50495930411952,2.5567396186213,0.5,35.7529992944533
CBC_1020,CBC_1020_MSI_AV_v3_Vset6_Aset1_2023-06-28_15h13.22.031.csv,2,19,0,1,z,0,1,0,aud,B,63,1,0B,1B,0,1,z,1.19904899999983,0,1,1,1,1B,0B,B01,2.83321334405622,0.99999999957457,0.05112169656117,0.282734508030003,0.5,0.838905116930387,0.998511421532605,0.282734508030003,0.282734508030003,0.159877604061935,0.5,0.999999972275956,0.159877604061935,0.5,0.282734508030003,0.79570888623197,0.903099970291139,0.992296444279683,0.00770355572031702,0.998511421532605,0.838905116930387,1.10152777485897,0.977940510109612,0.00148857846739514,0.00146573598088679,0.838905116930387,-0.364530265892057,CBCbothPairsAsymRW,CBCdriftDiffusionLR_pwBelief,0.5,0.984654832104132,0.0969000046712771,0.434530983939994,0.775404107860871,0.724253408370877,1.50495930411952,2.5567396186213,0.5,35.7529992944533
CBC_1020,CBC_1020_MSI_AV_v3_Vset6_Aset1_2023-06-28_15h13.22.031.csv,2,20,0,2,b,1,0,3,aud,A,27,1,0A,2A,1,0,b,2.20809840000038,1,0,1,1,0A,2A,A02,3.55534806148941,0.99999999957457,0.05112169656117,0.282734508030003,0.5,0.47437485103833,0.999977157513492,0.282734508030003,0.282734508030003,0.159877604061935,0.5,0.999999972275956,0.159877604061935,0.5,0.282734508030003,0.79570888623197,0.903099970291139,0.999999999832302,1.67697744579698e-10,0.99999999957457,0.282734508030003,0.200037090988703,0.979089488713234,4.25430135564397e-10,4.189018387062e-10,0.282734508030003,-0.122856903968067,CBCbothPairsAsymRW,CBCdriftDiffusionLR_pwBelief,0.5,0.984654832104132,0.0969000046712771,0.434530983939994,0.775404107860871,0.724253408370877,1.50495930411952,2.5567396186213,0.5,35.7529992944533
CBC_1020,CBC_1020_MSI_AV_v3_Vset6_Aset1_2023-06-28_15h13.22.031.csv,2,21,3,0,b,1,0,1,aud,D,9,1,3D,0D,1,0,b,0.977388600000268,1,0,1,1,3D,0D,D30,3.58351893845611,0.999999999993472,0.05112169656117,0.159877604061935,0.5,0.47437485103833,0.999977157513492,0.282734508030003,0.282734508030003,0.159877604061935,0.5,0.999999972275956,0.159877604061935,0.5,0.282734508030003,0.79570888623197,0.903099970291139,0.903099970291139,0.0969000297088612,0.903099970291139,0.5,0.62119916393212,0.956952192253805,0.0969000297088612,0.0954130824838642,0.5,-0.217265491969997,CBCbothPairsAsymRW,CBCdriftDiffusionLR_pwBelief,0.5,0.984654832104132,0.0969000046712771,0.434530983939994,0.775404107860871,0.724253408370877,1.50495930411952,2.5567396186213,0.5,35.7529992944533
CBC_1020,CBC_1020_MSI_AV_v3_Vset6_Aset1_2023-06-28_15h13.22.031.csv,2,22,3,2,z,0,1,2,aud,C,63,1,3C,2C,0,1,b,0.900776500000575,1,0,0,0,3C,2C,C32,2.91777073208428,0.999999999993472,0.05112169656117,0.159877604061935,0.5,0.47437485103833,0.999977157513492,0.282734508030003,0.282734508030003,0.159877604061935,0.5,0.999999972275956,0.159877604061935,0.282734508030003,0.282734508030003,0.79570888623197,0.998513052775003,5.27596202407939e-09,0.999999994724038,0.159877604061935,0.999999972275956,0.0080268498572398,0.020870399856993,-0.159877604061935,-0.0154921405804341,-2.77240441715065e-08,2.14973377371024e-08,CBCbothPairsAsymRW,CBCdriftDiffusionLR_pwBelief,0.5,0.984654832104132,0.0969000046712771,0.434530983939994,0.775404107860871,0.724253408370877,1.50495930411952,2.5567396186213,0.5,35.7529992944533
CBC_1020,CBC_1020_MSI_AV_v3_Vset6_Aset1_2023-06-28_15h13.22.031.csv,2,23,1,3,b,1,0,0,aud,B,27,1,1B,3B,1,0,b,1.28872809999939,1,0,1,1,1B,3B,B13,3.63758615972639,0.999999999993472,0.05112169656117,0.159877604061935,0.5,0.47437485103833,0.999977157513492,0.282734508030003,0.282734508030003,0.159877604061935,0.5,0.999999993773294,0.144385463481501,0.282734508030003,0.282734508030003,0.79570888623197,0.998513052775003,0.999990995735008,9.00426499206297e-06,0.999977157513492,0.282734508030003,1.02157131281075,0.97909964350252,2.2842486508301e-05,2.2491964717672e-05,0.282734508030003,-0.122856903968067,CBCbothPairsAsymRW,CBCdriftDiffusionLR_pwBelief,0.5,0.984654832104132,0.0969000046712771,0.434530983939994,0.775404107860871,0.724253408370877,1.50495930411952,2.5567396186213,0.5,35.7529992944533
CBC_1020,CBC_1020_MSI_AV_v3_Vset6_Aset1_2023-06-28_15h13.22.031.csv,2,24,2,3,b,1,0,2,aud,C,63,1,2C,3C,1,0,b,1.43601000000035,1,0,1,1,2C,3C,C23,2.9704144655697,0.999999999993472,0.05112169656117,0.159877604061935,0.5,0.47437485103833,0.999999649478209,0.282734508030003,0.159877604061935,0.159877604061935,0.5,0.999999993773294,0.144385463481501,0.282734508030003,0.282734508030003,0.79570888623197,0.998513052775003,0.99999999894924,1.05076047862696e-09,0.999999993773294,0.144385463481501,0.823870742717503,0.979131327734833,6.22670648375845e-09,6.13115662732689e-09,0.144385463481501,-0.0627399575132489,CBCbothPairsAsymRW,CBCdriftDiffusionLR_pwBelief,0.5,0.984654832104132,0.0969000046712771,0.434530983939994,0.775404107860871,0.724253408370877,1.50495930411952,2.5567396186213,0.5,35.7529992944533
CBC_1020,CBC_1020_MSI_AV_v3_Vset6_Aset1_2023-06-28_15h13.22.031.csv,2,25,3,2,b,1,0,1,aud,D,63,1,3D,2D,1,0,b,1.42796590000034,1,0,1,1,3D,2D,D32,2.07944154167984,0.999999999993472,0.05112169656117,0.159877604061935,0.5,0.47437485103833,0.999999649478209,0.282734508030003,0.159877604061935,0.159877604061935,0.5,0.99999999990445,0.0816455059682524,0.282734508030003,0.282734508030003,0.79570888623197,0.998513052775003,0.994233201164723,0.00576679883527731,0.998513052775003,0.79570888623197,0.831562575318037,0.978236385068289,0.00148694722499709,0.00146412977017722,0.79570888623197,-0.345760165264175,CBCbothPairsAsymRW,CBCdriftDiffusionLR_pwBelief,0.5,0.984654832104132,0.0969000046712771,0.434530983939994,0.775404107860871,0.724253408370877,1.50495930411952,2.5567396186213,0.5,35.7529992944533
CBC_1020,CBC_1020_MSI_AV_v3_Vset6_Aset1_2023-06-28_15h13.22.031.csv,2,26,0,1,z,0,1,0,aud,B,63,1,0B,1B,0,1,z,1.39454650000062,0,1,1,1,1B,0B,B01,2.6149597780362,0.999999999993472,0.05112169656117,0.159877604061935,0.5,0.47437485103833,0.999999649478209,0.282734508030003,0.159877604061935,0.159877604061935,0.5,0.99999999990445,0.0816455059682524,0.282734508030003,0.282734508030003,0.449948720967795,0.99997718254518,0.999999683655304,3.16344695853409e-07,0.999999649478209,0.47437485103833,0.880042131635664,0.979099524567257,3.50521790593028e-07,3.45142974865218e-07,0.47437485103833,-0.206130570778074,CBCbothPairsAsymRW,CBCdriftDiffusionLR_pwBelief,0.5,0.984654832104132,0.0969000046712771,0.434530983939994,0.775404107860871,0.724253408370877,1.50495930411952,2.5567396186213,0.5,35.7529992944533
CBC_1020,CBC_1020_MSI_AV_v3_Vset6_Aset1_2023-06-28_15h13.22.031.csv,2,27,3,0,z,0,1,3,aud,A,9,1,3A,0A,0,1,z,2.65257299999939,0,1,1,1,0A,3A,A30,3.73766961828337,0.999999999993472,0.05112169656117,0.159877604061935,0.5,0.268244280260256,0.999999994621184,0.282734508030003,0.159877604061935,0.159877604061935,0.5,0.99999999990445,0.0816455059682524,0.282734508030003,0.282734508030003,0.449948720967795,0.99997718254518,0.999999999993472,6.52833342940085e-12,0.999999999993472,0.5,0.0865252661331407,0.97908660171369,6.52833342940085e-12,6.42815505684648e-12,0.5,-0.217265491969997,CBCbothPairsAsymRW,CBCdriftDiffusionLR_pwBelief,0.5,0.984654832104132,0.0969000046712771,0.434530983939994,0.775404107860871,0.724253408370877,1.50495930411952,2.5567396186213,0.5,35.7529992944533
CBC_1020,CBC_1020_MSI_AV_v3_Vset6_Aset1_2023-06-28_15h13.22.031.csv,2,28,3,2,b,1,0,1,aud,D,63,1,3D,2D,1,0,b,0.984161100000165,1,0,1,1,3D,2D,D32,1.96944064646551,0.9999999999999,0.05112169656117,0.159877604061935,0.282734508030003,0.268244280260256,0.999999994621184,0.282734508030003,0.159877604061935,0.159877604061935,0.5,0.99999999990445,0.0816455059682524,0.282734508030003,0.282734508030003,0.449948720967795,0.99997718254518,0.999981334963419,1.86650365809893e-05,0.99997718254518,0.449948720967795,0.84629688614709,0.979096566464728,2.28174548199123e-05,2.24673171447443e-05,0.449948720967795,-0.195516660444678,CBCbothPairsAsymRW,CBCdriftDiffusionLR_pwBelief,0.5,0.984654832104132,0.0969000046712771,0.434530983939994,0.775404107860871,0.724253408370877,1.50495930411952,2.5567396186213,0.5,35.7529992944533
CBC_1020,CBC_1020_MSI_AV_v3_Vset6_Aset1_2023-06-28_15h13.22.031.csv,2,29,0,2,z,0,1,2,aud,C,27,1,0C,2C,0,1,z,1.25571850000051,0,1,1,1,2C,0C,C02,2.68557734525015,0.9999999999999,0.05112169656117,0.159877604061935,0.282734508030003,0.268244280260256,0.999999994621184,0.282734508030003,0.159877604061935,0.159877604061935,0.5,0.99999999990445,0.0816455059682524,0.282734508030003,0.282734508030003,0.254432060523117,0.999999649862325,0.999999999981817,1.81834091879306e-11,0.99999999990445,0.159877604061935,1.06074055963749,0.979074418143118,9.55499013244321e-11,9.40836720461751e-11,0.159877604061936,-0.0694717726030017,CBCbothPairsAsymRW,CBCdriftDiffusionLR_pwBelief,0.5,0.984654832104132,0.0969000046712771,0.434530983939994,0.775404107860871,0.724253408370877,1.50495930411952,2.5567396186213,0.5,35.7529992944533
CBC_1020,CBC_1020_MSI_AV_v3_Vset6_Aset1_2023-06-28_15h13.22.031.csv,2,30,0,1,b,1,0,3,aud,A,63,0,0A,1A,0,1,b,2.00295930000084,1,0,1,0,0A,1A,A01,3.11351530921037,0.9999999999999,0.05112169656117,0.159877604061935,0.282734508030003,0.268244280260256,0.999999994621184,0.282734508030003,0.159877604061935,0.0904058314589338,0.5,0.999999999998534,0.0816455059682524,0.282734508030003,0.282734508030003,0.254432060523117,0.999999649862325,0.999999999999995,5.32907051820075e-15,0.9999999999999,0.05112169656117,0.294195752983168,0.979114940563449,-0.9999999999999,-0.0969000046712674,-0.94887830343883,0.735764134346523,CBCbothPairsAsymRW,CBCdriftDiffusionLR_pwBelief,0.5,0.984654832104132,0.0969000046712771,0.434530983939994,0.775404107860871,0.724253408370877,1.50495930411952,2.5567396186213,0.5,35.7529992944533
CBC_1020,CBC_1020_MSI_AV_v3_Vset6_Aset1_2023-06-28_15h13.22.031.csv,2,31,0,1,z,0,1,0,aud,B,63,1,0B,1B,0,1,z,1.2736689000003,0,1,1,1,1B,0B,B01,2.4423470353692,0.903099995328632,0.786885830907693,0.159877604061935,0.282734508030003,0.268244280260256,0.999999994621184,0.282734508030003,0.159877604061935,0.0904058314589338,0.5,0.999999999998534,0.0816455059682524,0.282734508030003,0.282734508030003,0.254432060523117,0.999999649862325,0.999999998028254,1.97174619768415e-09,0.999999994621184,0.268244280260256,1.04033648526884,0.979130347879386,5.37881572615362e-09,5.29627689575486e-09,0.268244280260256,-0.116560451037765,CBCbothPairsAsymRW,CBCdriftDiffusionLR_pwBelief,0.5,0.984654832104132,0.0969000046712771,0.434530983939994,0.775404107860871,0.724253408370877,1.50495930411952,2.5567396186213,0.5,35.7529992944533
CBC_1020,CBC_1020_MSI_AV_v3_Vset6_Aset1_2023-06-28_15h13.22.031.csv,2,32,1,3,z,0,1,1,aud,D,27,1,1D,3D,0,1,z,1.64733939999951,0,1,1,1,3D,1D,D13,3.85014760171006,0.903099995328632,0.786885830907693,0.159877604061935,0.282734508030003,0.151683829222492,0.999999999917461,0.282734508030003,0.159877604061935,0.0904058314589338,0.5,0.999999999998534,0.0816455059682524,0.282734508030003,0.282734508030003,0.254432060523117,0.999999649862325,0.999999861981337,1.38018663164425e-07,0.999999649862325,0.282734508030003,0.569904446784391,0.979025323999762,3.50137675186879e-07,3.44764753774467e-07,0.282734508030003,-0.122856903968067,CBCbothPairsAsymRW,CBCdriftDiffusionLR_pwBelief,0.5,0.984654832104132,0.0969000046712771,0.434530983939994,0.775404107860871,0.724253408370877,1.50495930411952,2.5567396186213,0.5,35.7529992944533
CBC_1020,CBC_1020_MSI_AV_v3_Vset6_Aset1_2023-06-28_15h13.22.031.csv,2,33,2,3,b,1,0,2,aud,C,63,1,2C,3C,1,0,b,2.04177889999937,1,0,1,1,2C,3C,C23,2.77258872223978,0.903099995328632,0.786885830907693,0.159877604061935,0.282734508030003,0.151683829222492,0.999999999917461,0.282734508030003,0.159877604061935,0.0904058314589338,0.5,0.999999999998534,0.0816455059682524,0.282734508030003,0.159877604061935,0.254432060523117,0.999999994627079,0.99999999999987,1.30340183090993e-13,0.999999999998534,0.0816455059682524,0.273414821036528,0.979134996738404,1.46627154862244e-12,1.4437713655279e-12,0.0816455059682525,-0.0354775020426634,CBCbothPairsAsymRW,CBCdriftDiffusionLR_pwBelief,0.5,0.984654832104132,0.0969000046712771,0.434530983939994,0.775404107860871,0.724253408370877,1.50495930411952,2.5567396186213,0.5,35.7529992944533
CBC_1020,CBC_1020_MSI_AV_v3_Vset6_Aset1_2023-06-28_15h13.22.031.csv,2,34,0,1,z,0,1,0,aud,B,63,1,0B,1B,0,1,z,1.39353029999984,0,1,1,1,1B,0B,B01,2.28238238567653,0.903099995328632,0.786885830907693,0.159877604061935,0.282734508030003,0.151683829222492,0.999999999917461,0.282734508030003,0.159877604061935,0.0904058314589338,0.5,0.999999999999977,0.046168003925589,0.282734508030003,0.159877604061935,0.254432060523117,0.999999994627079,0.999999999985242,1.47584255483704e-11,0.999999999917461,0.151683829222492,0.881330668094035,0.979077436078517,8.25388646319425e-11,8.1272291896231e-11,0.151683829222492,-0.0659113235598353,CBCbothPairsAsymRW,CBCdriftDiffusionLR_pwBelief,0.5,0.984654832104132,0.0969000046712771,0.434530983939994,0.775404107860871,0.724253408370877,1.50495930411952,2.5567396186213,0.5,35.7529992944533
CBC_1020,CBC_1020_MSI_AV_v3_Vset6_Aset1_2023-06-28_15h13.22.031.csv,2,35,1,0,z,0,1,3,aud,A,63,1,1A,0A,0,1,z,2.74313630000051,0,1,1,1,0A,1A,A10,2.52572864430826,0.903099995328632,0.786885830907693,0.159877604061935,0.282734508030003,0.0857725056626562,0.999999999998733,0.282734508030003,0.159877604061935,0.0904058314589338,0.5,0.999999999999977,0.046168003925589,0.282734508030003,0.159877604061935,0.254432060523117,0.999999994627079,0.716242454972417,0.283757545027583,0.903099995328632,0.786885830907693,0.15685699069164,0.840887778560347,0.0969000046713676,0.0954130578305751,0.786885830907693,-0.34192627435276,CBCbothPairsAsymRW,CBCdriftDiffusionLR_pwBelief,0.5,0.984654832104132,0.0969000046712771,0.434530983939994,0.775404107860871,0.724253408370877,1.50495930411952,2.5567396186213,0.5,35.7529992944533
CBC_1020,CBC_1020_MSI_AV_v3_Vset6_Aset1_2023-06-28_15h13.22.031.csv,2,36,2,1,b,1,0,2,aud,C,9,1,2C,1C,1,0,b,1.58966210000017,1,0,1,1,2C,1C,C21,3.93182563272433,0.998513053159207,0.444959556554933,0.159877604061935,0.282734508030003,0.0857725056626562,0.999999999998733,0.282734508030003,0.159877604061935,0.0904058314589338,0.5,0.999999999999977,0.046168003925589,0.282734508030003,0.159877604061935,0.254432060523117,0.999999994627079,0.999999999999977,2.25375273998907e-14,0.999999999999977,0.5,0.632284458071496,0.979086438215109,2.25375273998907e-14,2.21916852579816e-14,0.5,-0.217265491969997,CBCbothPairsAsymRW,CBCdriftDiffusionLR_pwBelief,0.5,0.984654832104132,0.0969000046712771,0.434530983939994,0.775404107860871,0.724253408370877,1.50495930411952,2.5567396186213,0.5,35.7529992944533
CBC_1020,CBC_1020_MSI_AV_v3_Vset6_Aset1_2023-06-28_15h13.22.031.csv,2,37,0,1,b,1,0,3,aud,A,63,1,0A,1A,1,0,b,3.49203209999996,1,0,1,1,0A,1A,A01,2.85263142991332,0.998513053159207,0.444959556554933,0.159877604061935,0.282734508030003,0.0857725056626562,0.999999999998733,0.282734508030003,0.159877604061935,0.0904058314589338,0.282734508030003,1,0.046168003925589,0.282734508030003,0.159877604061935,0.254432060523117,0.999999994627079,0.998807606921453,0.00119239307854702,0.998513053159207,0.444959556554933,0.0178354289639408,0.97900803721532,0.00148694684079254,0.00146412939186834,0.444959556554933,-0.193348713923319,CBCbothPairsAsymRW,CBCdriftDiffusionLR_pwBelief,0.5,0.984654832104132,0.0969000046712771,0.434530983939994,0.775404107860871,0.724253408370877,1.50495930411952,2.5567396186213,0.5,35.7529992944533
CBC_1020,CBC_1020_MSI_AV_v3_Vset6_Aset1_2023-06-28_15h13.22.031.csv,2,38,1,3,z,0,1,1,aud,D,27,1,1D,3D,0,1,z,0.987156099999993,0,1,1,1,3D,1D,D13,3.27714473299218,0.999977182551076,0.251610842631614,0.159877604061935,0.282734508030003,0.0857725056626562,0.999999999998733,0.282734508030003,0.159877604061935,0.0904058314589338,0.282734508030003,1,0.046168003925589,0.282734508030003,0.159877604061935,0.254432060523117,0.999999994627079,0.999999998977518,1.02248174159547e-09,0.999999994627079,0.159877604061935,0.859330621618078,0.979099198341346,5.37292144109358e-09,5.29047305948869e-09,0.159877604061936,-0.0694717726030017,CBCbothPairsAsymRW,CBCdriftDiffusionLR_pwBelief,0.5,0.984654832104132,0.0969000046712771,0.434530983939994,0.775404107860871,0.724253408370877,1.50495930411952,2.5567396186213,0.5,35.7529992944533
CBC_1020,CBC_1020_MSI_AV_v3_Vset6_Aset1_2023-06-28_15h13.22.031.csv,2,39,1,0,b,1,0,0,aud,B,63,1,1B,0B,1,0,b,1.77832790000048,1,0,1,1,1B,0B,B10,3.29583686600433,0.999977182551076,0.251610842631614,0.159877604061935,0.282734508030003,0.0857725056626562,0.999999999998733,0.282734508030003,0.159877604061935,0.0904058314589338,0.282734508030003,1,0.046168003925589,0.282734508030003,0.0904058314589338,0.254432060523117,0.999999999917552,0.999999999999881,1.18793863634892e-13,0.999999999998733,0.0857725056626562,0.44758086629071,0.979196825591723,1.26654242649238e-12,1.24710712031061e-12,0.0857725056626563,-0.0372708112805928,CBCbothPairsAsymRW,CBCdriftDiffusionLR_pwBelief,0.5,0.984654832104132,0.0969000046712771,0.434530983939994,0.775404107860871,0.724253408370877,1.50495930411952,2.5567396186213,0.5,35.7529992944533
CBC_1020,CBC_1020_MSI_AV_v3_Vset6_Aset1_2023-06-28_15h13.22.031.csv,2,40,3,2,z,0,1,2,aud,C,63,0,3C,2C,1,0,z,1.23128170000018,0,1,1,0,2C,3C,C32,2.90872089656436,0.999977182551076,0.251610842631614,0.159877604061935,0.282734508030003,0.0485016943820635,0.999999999999981,0.282734508030003,0.159877604061935,0.0904058314589338,0.282734508030003,1,0.046168003925589,0.282734508030003,0.0904058314589338,0.254432060523117,0.999999999917552,1,1.61213236199223e-17,1,0.046168003925589,1.08710021493483,0.979114228078034,-1,-0.0969000046712771,-0.953831996074411,0.739605247965233,CBCbothPairsAsymRW,CBCdriftDiffusionLR_pwBelief,0.5,0.984654832104132,0.0969000046712771,0.434530983939994,0.775404107860871,0.724253408370877,1.50495930411952,2.5567396186213,0.5,35.7529992944533
CBC_1020,CBC_1020_MSI_AV_v3_Vset6_Aset1_2023-06-28_15h13.22.031.csv,2,41,0,2,b,1,0,3,aud,A,27,1,0A,2A,1,0,b,1.48878010000044,1,0,1,1,0A,2A,A02,3.3322045101752,0.999977182551076,0.251610842631614,0.159877604061935,0.282734508030003,0.0485016943820635,0.999999999999981,0.282734508030003,0.159877604061935,0.0904058314589338,0.282734508030003,0.903099995328723,0.785773251890822,0.282734508030003,0.0904058314589338,0.254432060523117,0.999999999917552,0.999995657696448,4.3423035516188e-06,0.999977182551076,0.159877604061935,0.754471769463671,0.979171064463523,2.28174489241839e-05,2.24673113394869e-05,0.159877604061936,-0.0694717726030017,CBCbothPairsAsymRW,CBCdriftDiffusionLR_pwBelief,0.5,0.984654832104132,0.0969000046712771,0.434530983939994,0.775404107860871,0.724253408370877,1.50495930411952,2.5567396186213,0.5,35.7529992944533
CBC_1020,CBC_1020_MSI_AV_v3_Vset6_Aset1_2023-06-28_15h13.22.031.csv,2,42,2,3,z,0,1,1,aud,D,63,1,2D,3D,0,1,z,1.08723120000013,0,1,1,1,3D,2D,D23,4.04305126783455,0.999999649862415,0.251610842631614,0.0904058314589338,0.282734508030003,0.0485016943820635,0.999999999999981,0.282734508030003,0.159877604061935,0.0904058314589338,0.282734508030003,0.903099995328723,0.785773251890822,0.282734508030003,0.0904058314589338,0.254432060523117,0.999999999917552,0.999999999971864,2.81362843959738e-11,0.999999999917552,0.254432060523117,1.11452285734605,0.979115738300194,8.24483814554355e-11,8.11831971992593e-11,0.254432060523117,-0.11055861360499,CBCbothPairsAsymRW,CBCdriftDiffusionLR_pwBelief,0.5,0.984654832104132,0.0969000046712771,0.434530983939994,0.775404107860871,0.724253408370877,1.50495930411952,2.5567396186213,0.5,35.7529992944533
CBC_1020,CBC_1020_MSI_AV_v3_Vset6_Aset1_2023-06-28_15h13.22.031.csv,2,43,1,3,b,1,0,0,aud,B,27,1,1B,3B,1,0,b,1.46128729999964,1,0,1,1,1B,3B,B13,3.36729582998647,0.999999649862415,0.251610842631614,0.0904058314589338,0.282734508030003,0.0485016943820635,0.999999999999981,0.282734508030003,0.159877604061935,0.0904058314589338,0.282734508030003,0.903099995328723,0.785773251890822,0.282734508030003,0.0904058314589338,0.143873446918127,0.999999999998735,0.999999999999996,3.66373598126302e-15,0.999999999999981,0.159877604061935,0.789966148695884,0.979038527102909,1.94289029309402e-14,1.91307631534324e-14,0.159877604061936,-0.0694717726030017,CBCbothPairsAsymRW,CBCdriftDiffusionLR_pwBelief,0.5,0.984654832104132,0.0969000046712771,0.434530983939994,0.775404107860871,0.724253408370877,1.50495930411952,2.5567396186213,0.5,35.7529992944533
CBC_1020,CBC_1020_MSI_AV_v3_Vset6_Aset1_2023-06-28_15h13.22.031.csv,2,44,3,2,z,0,1,2,aud,C,63,1,3C,2C,0,1,z,2.76381089999995,0,1,1,1,2C,3C,C32,2.69124308278583,0.999999649862415,0.251610842631614,0.0904058314589338,0.282734508030003,0.0485016943820635,1,0.282734508030003,0.0904058314589338,0.0904058314589338,0.282734508030003,0.903099995328723,0.785773251890822,0.282734508030003,0.0904058314589338,0.143873446918127,0.999999999998735,0.717586355221888,0.282413644778112,0.903099995328723,0.785773251890822,0.153718209939445,0.842306174446156,0.0969000046712775,0.0954130578304863,0.785773251890822,-0.341442824297848,CBCbothPairsAsymRW,CBCdriftDiffusionLR_pwBelief,0.5,0.984654832104132,0.0969000046712771,0.434530983939994,0.775404107860871,0.724253408370877,1.50495930411952,2.5567396186213,0.5,35.7529992944533
CBC_1020,CBC_1020_MSI_TV_v3_Vset5_Tset1_2023-06-28_16h55.43.253.csv,3,1,2,0,b,1,0,2,tac,C,27,1,2C,0C,1,0,b,2.558659,1,0,1,1,2C,0C,C20,2.77258872223978,0.5,0.5,0.5,0.5,0.5,0.5,0.5,0.5,0.5,0.5,0.5,0.5,0.5,0.5,0.5,0.5,0.5,0.5,0.5,0.5,0.186826209479736,0.499973318649167,0.5,0.491683226377507,0.5,-0.494308065755933,CBCbothPairsAsymRW,CBCdriftDiffusionLR_pwBelief,0.5,0.983366452755013,0.000738254782336689,0.988616131511865,0.359936612385592,1.30837933130329,0.577360226497657,2.40795541872953,0.5,67.7644536561183
CBC_1020,CBC_1020_MSI_TV_v3_Vset5_Tset1_2023-06-28_16h55.43.253.csv,3,2,3,2,b,1,0,1,tac,D,63,1,3D,2D,1,0,b,2.4631589,1,0,1,1,3D,2D,D32,2.83321334405622,0.5,0.5,0.5,0.5,0.5,0.5,0.5,0.5,0.00569193424406733,0.5,0.991683226377507,0.5,0.5,0.5,0.5,0.5,0.5,0.5,0.5,0.5,0.20281349437411,0.500664577578525,0.5,0.491683226377507,0.5,-0.494308065755933,CBCbothPairsAsymRW,CBCdriftDiffusionLR_pwBelief,0.5,0.983366452755013,0.000738254782336689,0.988616131511865,0.359936612385592,1.30837933130329,0.577360226497657,2.40795541872953,0.5,67.7644536561183
CBC_1020,CBC_1020_MSI_TV_v3_Vset5_Tset1_2023-06-28_16h55.43.253.csv,3,3,1,0,z,0,1,3,tac,A,63,1,1A,0A,0,1,b,3.4533513,1,0,0,0,1A,0A,A10,2.89037175789616,0.5,0.5,0.5,0.5,0.5,0.5,0.5,0.5,0.00569193424406733,0.5,0.991683226377507,0.5,0.5,0.5,0.00569193424406733,0.991683226377507,0.5,0.5,0.5,0.5,0.0872009741043616,0.499420945181335,-0.5,-0.000369127391168345,-0.5,0.179968306192796,CBCbothPairsAsymRW,CBCdriftDiffusionLR_pwBelief,0.5,0.983366452755013,0.000738254782336689,0.988616131511865,0.359936612385592,1.30837933130329,0.577360226497657,2.40795541872953,0.5,67.7644536561183
CBC_1020,CBC_1020_MSI_TV_v3_Vset5_Tset1_2023-06-28_16h55.43.253.csv,3,4,2,3,b,1,0,2,tac,C,63,1,2C,3C,1,0,b,2.3526012,1,0,1,1,2C,3C,C23,2.94443897916644,0.679968306192796,0.499630872608832,0.5,0.5,0.5,0.5,0.5,0.5,0.00569193424406733,0.5,0.991683226377507,0.5,0.5,0.5,0.00569193424406733,0.991683226377507,0.991683226377507,0.00831677362249339,0.991683226377507,0.5,0.37227464576938,0.797307643211062,0.00831677362249339,0.00817843617551779,0.5,-0.494308065755933,CBCbothPairsAsymRW,CBCdriftDiffusionLR_pwBelief,0.5,0.983366452755013,0.000738254782336689,0.988616131511865,0.359936612385592,1.30837933130329,0.577360226497657,2.40795541872953,0.5,67.7644536561183
CBC_1020,CBC_1020_MSI_TV_v3_Vset5_Tset1_2023-06-28_16h55.43.253.csv,3,5,0,2,b,1,0,3,tac,A,27,1,0A,2A,1,0,b,2.3859394,1,0,1,1,0A,2A,A02,2.99573227355399,0.679968306192796,0.499630872608832,0.5,0.5,0.5,0.5,0.5,0.5,0.00569193424406733,0.5,0.999861662553024,0.00569193424406733,0.5,0.5,0.00569193424406733,0.991683226377507,0.679968306192796,0.320031693807204,0.679968306192796,0.5,0.271163999714407,0.622502856842863,0.320031693807204,0.314708431508368,0.5,-0.494308065755933,CBCbothPairsAsymRW,CBCdriftDiffusionLR_pwBelief,0.5,0.983366452755013,0.000738254782336689,0.988616131511865,0.359936612385592,1.30837933130329,0.577360226497657,2.40795541872953,0.5,67.7644536561183
CBC_1020,CBC_1020_MSI_TV_v3_Vset5_Tset1_2023-06-28_16h55.43.253.csv,3,6,2,3,z,0,1,1,tac,D,63,1,2D,3D,0,1,z,2.9740085,0,1,1,1,3D,2D,D23,3.04452243772342,0.994676737701165,0.499630872608832,0.00569193424406733,0.5,0.5,0.5,0.5,0.5,0.00569193424406733,0.5,0.999861662553024,0.00569193424406733,0.5,0.5,0.00569193424406733,0.991683226377507,0.999951993507604,4.80064923962789e-05,0.991683226377507,0.00569193424406733,0.199273445700724,0.800414570589334,0.00831677362249339,0.00817843617551779,0.00569193424406733,-0.00562713801318976,CBCbothPairsAsymRW,CBCdriftDiffusionLR_pwBelief,0.5,0.983366452755013,0.000738254782336689,0.988616131511865,0.359936612385592,1.30837933130329,0.577360226497657,2.40795541872953,0.5,67.7644536561183
CBC_1020,CBC_1020_MSI_TV_v3_Vset5_Tset1_2023-06-28_16h55.43.253.csv,3,7,3,2,b,1,0,1,tac,D,63,1,3D,2D,1,0,b,2.5277644,1,0,1,1,3D,2D,D32,2.39789527279837,0.994676737701165,0.499630872608832,0.00569193424406733,0.5,0.5,0.5,0.5,0.5,0.00569193424406733,0.5,0.999861662553024,0.00569193424406733,0.5,0.5,6.47962308775729e-05,0.999861662553024,0.999999991034434,8.96556628937617e-09,0.999861662553024,6.47962308775729e-05,0.313444553285389,0.800131351825503,0.000138337446975556,0.000136036404515537,6.47962308775174e-05,-6.40585991066809e-05,CBCbothPairsAsymRW,CBCdriftDiffusionLR_pwBelief,0.5,0.983366452755013,0.000738254782336689,0.988616131511865,0.359936612385592,1.30837933130329,0.577360226497657,2.40795541872953,0.5,67.7644536561183
CBC_1020,CBC_1020_MSI_TV_v3_Vset5_Tset1_2023-06-28_16h55.43.253.csv,3,8,3,1,z,0,1,0,tac,B,27,1,3B,1B,0,1,z,2.9963841,0,1,1,1,1B,3B,B31,3.13549421592915,0.994676737701165,0.499630872608832,0.00569193424406733,0.5,0.5,0.5,0.5,0.5,0.00569193424406733,0.5,0.999861662553024,0.00569193424406733,0.5,0.5,7.37631770891979e-07,0.99999769895754,0.5,0.5,0.5,0.5,0.128639889168978,0.499377307968195,0.5,0.491683226377507,0.5,-0.494308065755933,CBCbothPairsAsymRW,CBCdriftDiffusionLR_pwBelief,0.5,0.983366452755013,0.000738254782336689,0.988616131511865,0.359936612385592,1.30837933130329,0.577360226497657,2.40795541872953,0.5,67.7644536561183
CBC_1020,CBC_1020_MSI_TV_v3_Vset5_Tset1_2023-06-28_16h55.43.253.csv,3,9,0,3,z,0,1,1,tac,D,9,1,0D,3D,0,1,b,2.4315682,1,0,0,0,0D,3D,D03,3.17805383034795,0.994676737701165,0.499630872608832,0.00569193424406733,0.5,0.5,0.991683226377507,0.5,0.00569193424406733,0.00569193424406733,0.5,0.999861662553024,0.00569193424406733,0.5,0.5,7.37631770891979e-07,0.99999769895754,2.30104246001783e-06,0.99999769895754,0.5,0.99999769895754,0.08571018345565,0.19848437416058,-0.5,-0.000369127391168345,-2.30104246001783e-06,8.28229428014229e-07,CBCbothPairsAsymRW,CBCdriftDiffusionLR_pwBelief,0.5,0.983366452755013,0.000738254782336689,0.988616131511865,0.359936612385592,1.30837933130329,0.577360226497657,2.40795541872953,0.5,67.7644536561183
CBC_1020,CBC_1020_MSI_TV_v3_Vset5_Tset1_2023-06-28_16h55.43.253.csv,3,10,1,0,b,1,0,0,tac,B,63,1,1B,0B,1,0,b,2.9480896,1,0,1,1,1B,0B,B10,3.2188758248682,0.994676737701165,0.499630872608832,0.00569193424406733,0.5,0.5,0.991683226377507,0.5,0.00569193424406733,0.00569193424406733,0.5,0.999861662553024,0.00569193424406733,0.499630872608832,0.5,7.37631770891979e-07,0.999998527186968,0.991683226377507,0.00831677362249339,0.991683226377507,0.5,0.204178272160099,0.797419652646673,0.00831677362249339,0.00817843617551779,0.5,-0.494308065755933,CBCbothPairsAsymRW,CBCdriftDiffusionLR_pwBelief,0.5,0.983366452755013,0.000738254782336689,0.988616131511865,0.359936612385592,1.30837933130329,0.577360226497657,2.40795541872953,0.5,67.7644536561183
CBC_1020,CBC_1020_MSI_TV_v3_Vset5_Tset1_2023-06-28_16h55.43.253.csv,3,11,1,0,z,0,1,3,tac,A,63,1,1A,0A,0,1,b,3.7743763,1,0,0,0,1A,0A,A10,2.56494935746154,0.994676737701165,0.499630872608832,0.00569193424406733,0.5,0.00569193424406733,0.999861662553024,0.5,0.00569193424406733,0.00569193424406733,0.5,0.999861662553024,0.00569193424406733,0.499630872608832,0.5,7.37631770891979e-07,0.999998527186968,0.00531544999723224,0.994684550002768,0.499630872608832,0.994676737701165,0.0223723895159956,0.201993437643316,-0.499630872608832,-0.000368854881106523,-0.00532326229883529,0.00191603699868271,CBCbothPairsAsymRW,CBCdriftDiffusionLR_pwBelief,0.5,0.983366452755013,0.000738254782336689,0.988616131511865,0.359936612385592,1.30837933130329,0.577360226497657,2.40795541872953,0.5,67.7644536561183
CBC_1020,CBC_1020_MSI_TV_v3_Vset5_Tset1_2023-06-28_16h55.43.253.csv,3,12,0,1,z,0,1,0,tac,B,63,1,0B,1B,0,1,z,4.8824814,0,1,1,1,1B,0B,B01,3.29583686600433,0.996592774699847,0.499262017727725,0.00569193424406733,0.5,0.00569193424406733,0.999861662553024,0.5,0.00569193424406733,0.00569193424406733,0.5,0.999861662553024,0.00569193424406733,0.499630872608832,0.5,7.37631770891979e-07,0.999998527186968,0.99999920797588,7.92024120191889e-07,0.999861662553024,0.00569193424406733,0.0285829769638248,0.800489361268314,0.000138337446975556,0.000136036404515537,0.00569193424406733,-0.00562713801318976,CBCbothPairsAsymRW,CBCdriftDiffusionLR_pwBelief,0.5,0.983366452755013,0.000738254782336689,0.988616131511865,0.359936612385592,1.30837933130329,0.577360226497657,2.40795541872953,0.5,67.7644536561183
CBC_1020,CBC_1020_MSI_TV_v3_Vset5_Tset1_2023-06-28_16h55.43.253.csv,3,13,2,3,z,0,1,1,tac,D,63,1,2D,3D,0,1,b,2.3487546,1,0,0,0,2D,3D,D23,2.63905732961526,0.996592774699847,0.499262017727725,0.00569193424406733,0.5,6.47962308775729e-05,0.99999769895754,0.5,0.00569193424406733,0.00569193424406733,0.5,0.999861662553024,0.00569193424406733,0.499630872608832,0.5,7.37631770891979e-07,0.999998527186968,1.08639608638653e-12,0.999999999998914,7.37631770891979e-07,0.999998527186968,0.0936602056826666,0.199631343290171,-7.37631770891979e-07,-5.44560182464485e-10,-1.47281303197744e-06,5.30119333407312e-07,CBCbothPairsAsymRW,CBCdriftDiffusionLR_pwBelief,0.5,0.983366452755013,0.000738254782336689,0.988616131511865,0.359936612385592,1.30837933130329,0.577360226497657,2.40795541872953,0.5,67.7644536561183
CBC_1020,CBC_1020_MSI_TV_v3_Vset5_Tset1_2023-06-28_16h55.43.253.csv,3,14,1,3,b,1,0,0,tac,B,27,1,1B,3B,1,0,b,2.8460024,1,0,1,1,1B,3B,B13,3.36729582998647,0.996592774699847,0.499262017727725,0.00569193424406733,0.5,6.47962308775729e-05,0.99999769895754,0.5,0.00569193424406733,0.00569193424406733,0.5,0.999861662553024,0.00569193424406733,0.499630872608832,0.5,7.37087210709515e-07,0.999999057306301,0.999999986827611,1.31723887353274e-08,0.99999769895754,0.00569193424406733,0.227029096495022,0.800672855172976,2.30104246001783e-06,2.26276796154641e-06,0.00569193424406733,-0.00562713801318976,CBCbothPairsAsymRW,CBCdriftDiffusionLR_pwBelief,0.5,0.983366452755013,0.000738254782336689,0.988616131511865,0.359936612385592,1.30837933130329,0.577360226497657,2.40795541872953,0.5,67.7644536561183
CBC_1020,CBC_1020_MSI_TV_v3_Vset5_Tset1_2023-06-28_16h55.43.253.csv,3,15,3,2,z,0,1,2,tac,C,63,1,3C,2C,0,1,b,2.3485299,1,0,0,0,3C,2C,C32,3.40119738166216,0.996592774699847,0.499262017727725,0.00569193424406733,0.5,6.47962308775729e-05,0.999999961725502,0.5,6.47962308775729e-05,0.00569193424406733,0.5,0.999861662553024,0.00569193424406733,0.499630872608832,0.5,7.37087210709515e-07,0.999999057306301,7.92024120191889e-07,0.99999920797588,0.00569193424406733,0.999861662553024,0.0934306714513176,0.199060902203745,-0.00569193424406733,-4.20209767642868e-06,-0.000138337446975556,4.97927120304532e-05,CBCbothPairsAsymRW,CBCdriftDiffusionLR_pwBelief,0.5,0.983366452755013,0.000738254782336689,0.988616131511865,0.359936612385592,1.30837933130329,0.577360226497657,2.40795541872953,0.5,67.7644536561183
CBC_1020,CBC_1020_MSI_TV_v3_Vset5_Tset1_2023-06-28_16h55.43.253.csv,3,16,2,0,b,1,0,2,tac,C,27,1,2C,0C,1,0,b,2.5978839,1,0,1,1,2C,0C,C20,2.7408400239252,0.996592774699847,0.499262017727725,0.00569193424406733,0.5,6.47962308775729e-05,0.999999961725502,0.5,6.47962308775729e-05,0.00569193424406733,0.5,0.999911455265055,0.0056877321463909,0.499630872608832,0.5,7.37087210709515e-07,0.999999057306301,0.999999493079458,5.0692054154311e-07,0.999911455265055,0.00569193424406733,0.292107171349159,0.800572285173838,8.85447349451285e-05,8.70719219131239e-05,0.00569193424406733,-0.00562713801318976,CBCbothPairsAsymRW,CBCdriftDiffusionLR_pwBelief,0.5,0.983366452755013,0.000738254782336689,0.988616131511865,0.359936612385592,1.30837933130329,0.577360226497657,2.40795541872953,0.5,67.7644536561183
CBC_1020,CBC_1020_MSI_TV_v3_Vset5_Tset1_2023-06-28_16h55.43.253.csv,3,17,0,3,b,1,0,3,tac,A,9,1,0A,3A,1,0,b,2.5732743,1,0,1,1,0A,3A,A03,3.46573590279973,0.996592774699847,0.499262017727725,0.00569193424406733,0.5,6.47962308775729e-05,0.999999961725502,0.5,6.47962308775729e-05,6.47962308775729e-05,0.5,0.999998527186968,0.0056877321463909,0.499630872608832,0.5,7.37087210709515e-07,0.999999057306301,0.996592774699847,0.00340722530015258,0.996592774699847,0.5,0.298947870803376,0.799105916425355,0.00340722530015258,0.00335055105714818,0.5,-0.494308065755933,CBCbothPairsAsymRW,CBCdriftDiffusionLR_pwBelief,0.5,0.983366452755013,0.000738254782336689,0.988616131511865,0.359936612385592,1.30837933130329,0.577360226497657,2.40795541872953,0.5,67.7644536561183
CBC_1020,CBC_1020_MSI_TV_v3_Vset5_Tset1_2023-06-28_16h55.43.253.csv,3,18,2,3,b,1,0,2,tac,C,63,0,2C,3C,0,1,z,2.4426553,0,1,0,1,3C,2C,C23,2.80336038090653,0.999943325756996,0.499262017727725,0.00569193424406733,0.00569193424406733,6.47962308775729e-05,0.999999961725502,0.5,6.47962308775729e-05,6.47962308775729e-05,0.5,0.999998527186968,0.0056877321463909,0.499630872608832,0.5,7.37087210709515e-07,0.999999057306301,8.42489678021252e-09,0.999999991575103,0.0056877321463909,0.999998527186968,0.0850357440140167,0.199163600095572,0.994312267853609,0.977773327769996,0.999998527186968,-0.988614675465143,CBCbothPairsAsymRW,CBCdriftDiffusionLR_pwBelief,0.5,0.983366452755013,0.000738254782336689,0.988616131511865,0.359936612385592,1.30837933130329,0.577360226497657,2.40795541872953,0.5,67.7644536561183
CBC_1020,CBC_1020_MSI_TV_v3_Vset5_Tset1_2023-06-28_16h55.43.253.csv,3,19,1,0,z,0,1,3,tac,A,63,1,1A,0A,0,1,z,2.5233823,0,1,1,1,0A,1A,A10,2.42774823594805,0.999943325756996,0.499262017727725,0.00569193424406733,0.00569193424406733,6.47962308775729e-05,0.999999961725502,0.5,6.47962308775729e-05,6.47962308775729e-05,0.5,0.0113838517218248,0.983461059916387,0.499630872608832,0.5,7.37087210709515e-07,0.999999057306301,0.99994349279934,5.65072006599849e-05,0.999943325756996,0.499262017727725,0.314814251192013,0.800075000280437,5.66742430043732e-05,5.57315493057861e-05,0.499262017727725,-0.493578484576792,CBCbothPairsAsymRW,CBCdriftDiffusionLR_pwBelief,0.5,0.983366452755013,0.000738254782336689,0.988616131511865,0.359936612385592,1.30837933130329,0.577360226497657,2.40795541872953,0.5,67.7644536561183
CBC_1020,CBC_1020_MSI_TV_v3_Vset5_Tset1_2023-06-28_16h55.43.253.csv,3,20,3,2,b,1,0,1,tac,D,63,1,3D,2D,1,0,z,2.5000739,0,1,0,0,2D,3D,D32,2.4567357728213,0.999999057306301,0.00568353315093312,0.00569193424406733,0.00569193424406733,6.47962308775729e-05,0.999999961725502,0.5,6.47962308775729e-05,6.47962308775729e-05,0.5,0.0113838517218248,0.983461059916387,0.499630872608832,0.5,7.37087210709515e-07,0.999999057306301,6.94888591112885e-13,0.999999999999305,7.37087210709515e-07,0.999999057306301,0.0803633900030048,0.199470810775165,-7.37087210709515e-07,-5.4415815830551e-10,-9.42693698546826e-07,3.39309976372189e-07,CBCbothPairsAsymRW,CBCdriftDiffusionLR_pwBelief,0.5,0.983366452755013,0.000738254782336689,0.988616131511865,0.359936612385592,1.30837933130329,0.577360226497657,2.40795541872953,0.5,67.7644536561183
CBC_1020,CBC_1020_MSI_TV_v3_Vset5_Tset1_2023-06-28_16h55.43.253.csv,3,21,3,2,z,0,1,2,tac,C,63,1,3C,2C,0,1,b,1.8948564,1,0,0,0,3C,2C,C32,2.89037175789616,0.999999057306301,0.00568353315093312,0.00569193424406733,0.00569193424406733,6.47962308775729e-05,0.999999961725502,0.5,6.47962308775729e-05,6.47962308775729e-05,0.5,0.0113838517218248,0.983461059916387,0.499630872608832,0.5,7.36543052551209e-07,0.999999396616278,0.999806389929343,0.000193610070657213,0.983461059916387,0.0113838517218248,0.564168445407091,0.800219179144284,-0.983461059916387,-0.000726044830725182,-0.988616148278175,0.355839147360939,CBCbothPairsAsymRW,CBCdriftDiffusionLR_pwBelief,0.5,0.983366452755013,0.000738254782336689,0.988616131511865,0.359936612385592,1.30837933130329,0.577360226497657,2.40795541872953,0.5,67.7644536561183
CBC_1020,CBC_1020_MSI_TV_v3_Vset5_Tset1_2023-06-28_16h55.43.253.csv,3,22,3,1,b,1,0,1,tac,D,27,1,3D,1D,1,0,b,2.4511491,1,0,1,1,3D,1D,D31,3.61091791264422,0.999999057306301,0.00568353315093312,0.00569193424406733,0.00569193424406733,6.47962308775729e-05,0.999999961725502,0.5,6.47962308775729e-05,6.47962308775729e-05,0.5,0.367222999082764,0.982735015085662,0.499630872608832,0.5,7.36543052551209e-07,0.999999396616278,0.999999396616278,6.03383722208584e-07,0.999999396616278,0.5,0.338853969452613,0.800511478491474,6.03383722208584e-07,5.93347310558371e-07,0.5,-0.494308065755933,CBCbothPairsAsymRW,CBCdriftDiffusionLR_pwBelief,0.5,0.983366452755013,0.000738254782336689,0.988616131511865,0.359936612385592,1.30837933130329,0.577360226497657,2.40795541872953,0.5,67.7644536561183
CBC_1020,CBC_1020_MSI_TV_v3_Vset5_Tset1_2023-06-28_16h55.43.253.csv,3,23,0,1,b,1,0,3,tac,A,63,1,0A,1A,1,0,b,1.8392794,1,0,1,1,0A,1A,A01,3.63758615972639,0.999999057306301,0.00568353315093312,0.00569193424406733,0.00569193424406733,6.47962308775729e-05,0.999999961725502,0.5,6.47962308775729e-05,6.47962308775729e-05,0.5,0.367222999082764,0.982735015085662,0.499630872608832,0.00569193424406733,7.36543052551209e-07,0.999999989963588,0.999999994611539,5.38846134379156e-09,0.999999057306301,0.00568353315093312,0.582494094906107,0.801362652170821,9.42693698546826e-07,9.27013358374496e-07,0.00568353315093306,-0.00561883255699489,CBCbothPairsAsymRW,CBCdriftDiffusionLR_pwBelief,0.5,0.983366452755013,0.000738254782336689,0.988616131511865,0.359936612385592,1.30837933130329,0.577360226497657,2.40795541872953,0.5,67.7644536561183
CBC_1020,CBC_1020_MSI_TV_v3_Vset5_Tset1_2023-06-28_16h55.43.253.csv,3,24,3,2,z,0,1,2,tac,C,63,1,3C,2C,0,1,b,3.0023748,1,0,0,0,3C,2C,C32,2.56494935746154,0.99999998431966,6.47005939382311e-05,0.00569193424406733,0.00569193424406733,6.47962308775729e-05,0.999999961725502,0.5,6.47962308775729e-05,6.47962308775729e-05,0.5,0.367222999082764,0.982735015085662,0.499630872608832,0.00569193424406733,7.36543052551209e-07,0.999999989963588,0.989907389192115,0.010092610807885,0.982735015085662,0.367222999082764,0.193151177395503,0.796545274478282,-0.982735015085662,-0.000725508824656708,-0.632777000917236,0.227759610105665,CBCbothPairsAsymRW,CBCdriftDiffusionLR_pwBelief,0.5,0.983366452755013,0.000738254782336689,0.988616131511865,0.359936612385592,1.30837933130329,0.577360226497657,2.40795541872953,0.5,67.7644536561183
CBC_1020,CBC_1020_MSI_TV_v3_Vset5_Tset1_2023-06-28_16h55.43.253.csv,3,25,0,2,b,1,0,3,tac,A,27,1,0A,2A,1,0,b,1.4506734,1,0,1,1,0A,2A,A02,2.99573227355399,0.99999998431966,6.47005939382311e-05,0.00569193424406733,0.00569193424406733,6.47962308775729e-05,0.999999961725502,0.5,6.47962308775729e-05,6.47962308775729e-05,0.5,0.594982609188429,0.982009506261005,0.499630872608832,0.00569193424406733,7.36543052551209e-07,0.999999989963588,0.999999999910238,8.97624197193636e-11,0.99999998431966,0.00569193424406733,0.10741829782507,0.800505165178117,1.56803401374361e-08,1.54195204589426e-08,0.00569193424406733,-0.00562713801318976,CBCbothPairsAsymRW,CBCdriftDiffusionLR_pwBelief,0.5,0.983366452755013,0.000738254782336689,0.988616131511865,0.359936612385592,1.30837933130329,0.577360226497657,2.40795541872953,0.5,67.7644536561183
CBC_1020,CBC_1020_MSI_TV_v3_Vset5_Tset1_2023-06-28_16h55.43.253.csv,3,26,1,0,b,1,0,0,tac,B,63,1,1B,0B,1,0,b,2.4594591,1,0,1,1,1B,0B,B10,3.02042488614436,0.99999999973918,6.47005939382311e-05,6.47962308775729e-05,0.00569193424406733,6.47962308775729e-05,0.999999961725502,0.5,6.47962308775729e-05,6.47962308775729e-05,0.5,0.594982609188429,0.982009506261005,0.499630872608832,0.00569193424406733,7.36543052551209e-07,0.999999989963588,0.99999999999752,2.48012721471014e-12,0.999999961725502,6.47962308775729e-05,0.335837340497434,0.800116022192095,3.82744984595007e-08,3.76378577810964e-08,6.47962308775174e-05,-6.40585991066809e-05,CBCbothPairsAsymRW,CBCdriftDiffusionLR_pwBelief,0.5,0.983366452755013,0.000738254782336689,0.988616131511865,0.359936612385592,1.30837933130329,0.577360226497657,2.40795541872953,0.5,67.7644536561183
CBC_1020,CBC_1020_MSI_TV_v3_Vset5_Tset1_2023-06-28_16h55.43.253.csv,3,27,0,1,z,0,1,0,tac,B,63,1,0B,1B,0,1,z,2.6094352,0,1,1,1,1B,0B,B01,3.04452243772342,0.99999999973918,6.47005939382311e-05,6.47962308775729e-05,0.00569193424406733,7.37631770891979e-07,0.999999999363359,0.5,6.47962308775729e-05,6.47962308775729e-05,0.5,0.594982609188429,0.982009506261005,0.499630872608832,0.00569193424406733,7.36543052551209e-07,0.999999989963588,1,4.69606701363283e-16,0.999999999363359,7.37631770891979e-07,0.288702533037346,0.800569353304293,6.36640629103624e-10,6.26051037121351e-10,7.3763177088626e-07,-7.29234667813821e-07,CBCbothPairsAsymRW,CBCdriftDiffusionLR_pwBelief,0.5,0.983366452755013,0.000738254782336689,0.988616131511865,0.359936612385592,1.30837933130329,0.577360226497657,2.40795541872953,0.5,67.7644536561183
CBC_1020,CBC_1020_MSI_TV_v3_Vset5_Tset1_2023-06-28_16h55.43.253.csv,3,28,3,2,z,0,1,2,tac,C,63,1,3C,2C,0,1,b,1.9760787,1,0,0,0,3C,2C,C32,2.37490575457367,0.99999999973918,6.47005939382311e-05,6.47962308775729e-05,0.00569193424406733,8.39710307815824e-09,0.99999999998941,0.5,6.47962308775729e-05,6.47962308775729e-05,0.5,0.594982609188429,0.982009506261005,0.499630872608832,0.00569193424406733,7.36543052551209e-07,0.999999989963588,0.973792569238739,0.0262074307612609,0.982009506261005,0.594982609188429,0.519219105283009,0.788379985792463,-0.982009506261005,-0.000724973214297278,-0.405017390811571,0.145780587605969,CBCbothPairsAsymRW,CBCdriftDiffusionLR_pwBelief,0.5,0.983366452755013,0.000738254782336689,0.988616131511865,0.359936612385592,1.30837933130329,0.577360226497657,2.40795541872953,0.5,67.7644536561183
CBC_1020,CBC_1020_MSI_TV_v3_Vset5_Tset1_2023-06-28_16h55.43.253.csv,3,29,3,1,b,1,0,1,tac,D,27,1,3D,1D,1,0,b,2.3779517,1,0,1,1,3D,1D,D31,3.09104245335832,0.99999999973918,6.47005939382311e-05,6.47962308775729e-05,0.00569193424406733,8.39710307815824e-09,0.99999999998941,0.5,6.47962308775729e-05,6.47962308775729e-05,0.5,0.740763196794397,0.981284533046708,0.499630872608832,0.00569193424406733,7.36543052551209e-07,0.999999989963588,0.999999999942546,5.74537084574445e-11,0.999999989963588,0.00569193424406733,0.364600304825083,0.800222893593959,1.00364117017193e-08,9.86947057350863e-09,0.00569193424406733,-0.00562713801318976,CBCbothPairsAsymRW,CBCdriftDiffusionLR_pwBelief,0.5,0.983366452755013,0.000738254782336689,0.988616131511865,0.359936612385592,1.30837933130329,0.577360226497657,2.40795541872953,0.5,67.7644536561183
CBC_1020,CBC_1020_MSI_TV_v3_Vset5_Tset1_2023-06-28_16h55.43.253.csv,3,30,1,2,z,0,1,2,tac,C,9,1,1C,2C,0,1,z,2.8204376,0,1,1,1,2C,1C,C12,3.80666248977032,0.99999999973918,6.47005939382311e-05,6.47962308775729e-05,0.00569193424406733,8.39710307815824e-09,0.99999999998941,0.5,6.47962308775729e-05,6.47962308775729e-05,0.5,0.740763196794397,0.981284533046708,0.499630872608832,6.47962308775729e-05,7.36543052551209e-07,0.999999999833059,0.740763196794397,0.259236803205603,0.740763196794397,0.5,0.197209916874175,0.661408589532381,0.259236803205603,0.254924775591843,0.5,-0.494308065755933,CBCbothPairsAsymRW,CBCdriftDiffusionLR_pwBelief,0.5,0.983366452755013,0.000738254782336689,0.988616131511865,0.359936612385592,1.30837933130329,0.577360226497657,2.40795541872953,0.5,67.7644536561183
CBC_1020,CBC_1020_MSI_TV_v3_Vset5_Tset1_2023-06-28_16h55.43.253.csv,3,31,3,1,z,0,1,0,tac,B,27,1,3B,1B,0,1,z,1.477909,0,1,1,1,1B,3B,B31,3.13549421592915,0.99999999973918,6.47005939382311e-05,6.47962308775729e-05,0.00569193424406733,8.39710307815824e-09,0.99999999998941,0.5,6.47962308775729e-05,6.47962308775729e-05,0.00569193424406733,0.99568797238624,0.981284533046708,0.499630872608832,6.47962308775729e-05,7.36543052551209e-07,0.999999999833059,0.999999999999999,6.86213240258837e-16,0.99999999998941,6.47962308775729e-05,0.186219332755169,0.800202326077387,1.05896402757821e-11,1.04134969939475e-11,6.47962308775174e-05,-6.40585991066809e-05,CBCbothPairsAsymRW,CBCdriftDiffusionLR_pwBelief,0.5,0.983366452755013,0.000738254782336689,0.988616131511865,0.359936612385592,1.30837933130329,0.577360226497657,2.40795541872953,0.5,67.7644536561183
CBC_1020,CBC_1020_MSI_TV_v3_Vset5_Tset1_2023-06-28_16h55.43.253.csv,3,32,3,2,b,1,0,1,tac,D,63,1,3D,2D,1,0,z,2.4847524,0,1,0,0,2D,3D,D32,2.46385324059017,0.99999999973918,6.47005939382311e-05,6.47962308775729e-05,0.00569193424406733,8.39710307815824e-09,0.999999999999824,0.5,7.37631770891979e-07,6.47962308775729e-05,0.00569193424406733,0.99568797238624,0.981284533046708,0.499630872608832,6.47962308775729e-05,7.36543052551209e-07,0.999999999833059,1.11022302462516e-16,1,7.36543052551209e-07,0.999999999833059,0.0813050909875674,0.198687784935772,-7.36543052551209e-07,-5.43756430942794e-10,-1.66941127588416e-10,6.00882239320054e-11,CBCbothPairsAsymRW,CBCdriftDiffusionLR_pwBelief,0.5,0.983366452755013,0.000738254782336689,0.988616131511865,0.359936612385592,1.30837933130329,0.577360226497657,2.40795541872953,0.5,67.7644536561183
CBC_1020,CBC_1020_MSI_TV_v3_Vset5_Tset1_2023-06-28_16h55.43.253.csv,3,33,0,1,z,0,1,0,tac,B,63,1,0B,1B,0,1,z,2.3110511,0,1,1,1,1B,0B,B01,2.77258872223978,0.99999999973918,6.47005939382311e-05,6.47962308775729e-05,0.00569193424406733,8.39710307815824e-09,0.999999999999824,0.5,7.37631770891979e-07,6.47962308775729e-05,0.00569193424406733,0.99568797238624,0.981284533046708,0.499630872608832,6.47962308775729e-05,7.35999296120267e-07,0.999999999893147,1,1.47950570649657e-21,0.999999999999824,8.39710307815824e-09,0.390369415547014,0.801106926985134,1.76192394008012e-13,1.73261689498073e-13,8.39710312394715e-09,-8.30151160630283e-09,CBCbothPairsAsymRW,CBCdriftDiffusionLR_pwBelief,0.5,0.983366452755013,0.000738254782336689,0.988616131511865,0.359936612385592,1.30837933130329,0.577360226497657,2.40795541872953,0.5,67.7644536561183
CBC_1020,CBC_1020_MSI_TV_v3_Vset5_Tset1_2023-06-28_16h55.43.253.csv,3,34,1,0,z,0,1,3,tac,A,63,0,1A,0A,1,0,z,2.2550929,0,1,1,0,0A,1A,A10,2.50552593699074,0.99999999973918,6.47005939382311e-05,6.47962308775729e-05,0.00569193424406733,9.55914718554114e-11,0.999999999999997,0.5,7.37631770891979e-07,6.47962308775729e-05,0.00569193424406733,0.99568797238624,0.981284533046708,0.499630872608832,6.47962308775729e-05,7.35999296120267e-07,0.999999999893147,0.999999999999983,1.68762813570202e-14,0.99999999973918,6.47005939382311e-05,0.412064948630853,0.800294362643365,-0.99999999973918,-0.000738254782144138,-0.999935299406062,0.359913324272991,CBCbothPairsAsymRW,CBCdriftDiffusionLR_pwBelief,0.5,0.983366452755013,0.000738254782336689,0.988616131511865,0.359936612385592,1.30837933130329,0.577360226497657,2.40795541872953,0.5,67.7644536561183
CBC_1020,CBC_1020_MSI_TV_v3_Vset5_Tset1_2023-06-28_16h55.43.253.csv,3,35,2,3,b,1,0,2,tac,C,63,1,2C,3C,1,0,z,2.8630319,0,1,0,0,3C,2C,C23,2.81341071676004,0.999261744957036,0.359978024866929,6.47962308775729e-05,0.00569193424406733,9.55914718554114e-11,0.999999999999997,0.5,7.37631770891979e-07,6.47962308775729e-05,0.00569193424406733,0.99568797238624,0.981284533046708,0.499630872608832,6.47962308775729e-05,7.35999296120267e-07,0.999999999893147,0.18504806699777,0.81495193300223,0.981284533046708,0.99568797238624,0.0839865742724552,0.29395683648206,-0.981284533046708,-0.000724437999354757,-0.00431202761375982,0.00155205661180984,CBCbothPairsAsymRW,CBCdriftDiffusionLR_pwBelief,0.5,0.983366452755013,0.000738254782336689,0.988616131511865,0.359936612385592,1.30837933130329,0.577360226497657,2.40795541872953,0.5,67.7644536561183
CBC_1020,CBC_1020_MSI_TV_v3_Vset5_Tset1_2023-06-28_16h55.43.253.csv,3,36,0,2,b,1,0,3,tac,A,27,1,0A,2A,1,0,b,1.8382053,1,0,1,1,0A,2A,A02,2.83321334405622,0.999261744957036,0.359978024866929,6.47962308775729e-05,0.00569193424406733,9.55914718554114e-11,0.999999999999997,0.5,7.37631770891979e-07,6.47962308775729e-05,0.00569193424406733,0.99724002899805,0.980560095047353,0.499630872608832,6.47962308775729e-05,7.35999296120267e-07,0.999999999893147,0.999999952125415,4.78745852960927e-08,0.999261744957036,6.47962308775729e-05,0.581763136227939,0.800632575550945,0.000738255042963876,0.000725975242827886,6.47962308775174e-05,-6.40585991066809e-05,CBCbothPairsAsymRW,CBCdriftDiffusionLR_pwBelief,0.5,0.983366452755013,0.000738254782336689,0.988616131511865,0.359936612385592,1.30837933130329,0.577360226497657,2.40795541872953,0.5,67.7644536561183
CBC_1020,CBC_1020_MSI_TV_v3_Vset5_Tset1_2023-06-28_16h55.43.253.csv,3,37,0,1,z,0,1,0,tac,B,63,1,0B,1B,0,1,z,1.8447867,0,1,1,1,1B,0B,B01,2.56494935746154,0.999987720199864,0.359978024866929,7.37631770891979e-07,0.00569193424406733,9.55914718554114e-11,0.999999999999997,0.5,7.37631770891979e-07,6.47962308775729e-05,0.00569193424406733,0.99724002899805,0.980560095047353,0.499630872608832,6.47962308775729e-05,7.35999296120267e-07,0.999999999893147,1,2.7593241785676e-25,0.999999999999997,9.55914718554114e-11,0.58000742425403,0.800553463491382,2.88657986402541e-15,2.83856580148071e-15,9.55914236655531e-11,-9.45032234699508e-11,CBCbothPairsAsymRW,CBCdriftDiffusionLR_pwBelief,0.5,0.983366452755013,0.000738254782336689,0.988616131511865,0.359936612385592,1.30837933130329,0.577360226497657,2.40795541872953,0.5,67.7644536561183
CBC_1020,CBC_1020_MSI_TV_v3_Vset5_Tset1_2023-06-28_16h55.43.253.csv,3,38,2,3,z,0,1,1,tac,D,63,1,2D,3D,0,1,b,2.4657049,1,0,0,0,2D,3D,D23,2.87167962488401,0.999987720199864,0.359978024866929,7.37631770891979e-07,0.00569193424406733,1.08824838546057e-12,1,0.5,7.37631770891979e-07,6.47962308775729e-05,0.00569193424406733,0.99724002899805,0.980560095047353,0.499630872608832,6.47962308775729e-05,7.35999296120267e-07,0.999999999893147,7.86436875601818e-17,1,7.35999296120267e-07,0.999999999893147,0.0830438360539845,0.199075394393687,-7.35999296120267e-07,-5.43355000157224e-10,-1.06852859893536e-10,3.84602564137916e-11,CBCbothPairsAsymRW,CBCdriftDiffusionLR_pwBelief,0.5,0.983366452755013,0.000738254782336689,0.988616131511865,0.359936612385592,1.30837933130329,0.577360226497657,2.40795541872953,0.5,67.7644536561183
CBC_1020,CBC_1020_MSI_TV_v3_Vset5_Tset1_2023-06-28_16h55.43.253.csv,3,39,1,2,b,1,0,0,tac,B,9,1,1B,2B,1,0,b,2.4624904,1,0,1,1,1B,2B,B12,3.98898404656427,0.999987720199864,0.359978024866929,7.37631770891979e-07,0.00569193424406733,1.08824838546057e-12,1,0.5,7.37631770891979e-07,6.47962308775729e-05,0.00569193424406733,0.99724002899805,0.980560095047353,0.499630872608832,6.47962308775729e-05,7.35455941120109e-07,0.999999999931607,1,0,1,0.5,0.335113340890878,0.800759506215023,0,0,0.5,-0.494308065755933,CBCbothPairsAsymRW,CBCdriftDiffusionLR_pwBelief,0.5,0.983366452755013,0.000738254782336689,0.988616131511865,0.359936612385592,1.30837933130329,0.577360226497657,2.40795541872953,0.5,67.7644536561183
CBC_1020,CBC_1020_MSI_TV_v3_Vset5_Tset1_2023-06-28_16h55.43.253.csv,3,40,1,3,z,0,1,1,tac,D,27,1,1D,3D,0,1,z,2.4468924,0,1,1,1,3D,1D,D13,4.00733318523247,0.999987720199864,0.359978024866929,7.37631770891979e-07,0.00569193424406733,1.08824838546057e-12,1,0.00569193424406733,7.37631770891979e-07,6.47962308775729e-05,0.00569193424406733,0.99724002899805,0.980560095047353,0.499630872608832,6.47962308775729e-05,7.35455941120109e-07,0.999999999931607,0.999999999999996,4.43187148200542e-15,0.999999999931607,6.47962308775729e-05,0.340238313006184,0.800358554064401,6.83926248967737e-11,6.72550129393445e-11,6.47962308775174e-05,-6.40585991066809e-05,CBCbothPairsAsymRW,CBCdriftDiffusionLR_pwBelief,0.5,0.983366452755013,0.000738254782336689,0.988616131511865,0.359936612385592,1.30837933130329,0.577360226497657,2.40795541872953,0.5,67.7644536561183
CBC_1020,CBC_1020_MSI_TV_v3_Vset5_Tset1_2023-06-28_16h55.43.253.csv,3,41,1,0,z,0,1,3,tac,A,63,1,1A,0A,0,1,z,2.487669,0,1,1,1,0A,1A,A10,2.41591377830105,0.999987720199864,0.359978024866929,7.37631770891979e-07,0.00569193424406733,1.08824838546057e-12,1,0.00569193424406733,7.37631770891979e-07,6.47962308775729e-05,0.00569193424406733,0.99724002899805,0.980560095047353,0.499630872608832,7.37631770891979e-07,7.35455941120109e-07,0.999999999998862,0.999993093234104,6.90676589557706e-06,0.999987720199864,0.359978024866929,0.326604538464383,0.800560231675406,1.22798001359614e-05,1.20755435002409e-05,0.359978024866929,-0.355880082373226,CBCbothPairsAsymRW,CBCdriftDiffusionLR_pwBelief,0.5,0.983366452755013,0.000738254782336689,0.988616131511865,0.359936612385592,1.30837933130329,0.577360226497657,2.40795541872953,0.5,67.7644536561183
CBC_1020,CBC_1020_MSI_TV_v3_Vset5_Tset1_2023-06-28_16h55.43.253.csv,3,42,0,1,b,1,0,3,tac,A,63,1,0A,1A,1,0,b,2.9988705,1,0,1,1,0A,1A,A01,3.3499040872746,0.999999795743364,0.0040979424937036,7.37631770891979e-07,0.00569193424406733,1.08824838546057e-12,1,0.00569193424406733,7.37631770891979e-07,6.47962308775729e-05,0.00569193424406733,0.99724002899805,0.980560095047353,0.499630872608832,7.37631770891979e-07,7.35455941120109e-07,0.999999999998862,0.999999999159524,8.40476355179476e-10,0.999999795743364,0.0040979424937036,0.194365407027032,0.801008321962941,2.04256635716327e-07,2.00859123316037e-07,0.00409794249370354,-0.00405129205528328,CBCbothPairsAsymRW,CBCdriftDiffusionLR_pwBelief,0.5,0.983366452755013,0.000738254782336689,0.988616131511865,0.359936612385592,1.30837933130329,0.577360226497657,2.40795541872953,0.5,67.7644536561183
CBC_1020,CBC_1020_MSI_TV_v3_Vset5_Tset1_2023-06-28_16h55.43.253.csv,3,43,2,0,b,1,0,2,tac,C,27,1,2C,0C,1,0,b,3.614611,1,0,1,1,2C,0C,C20,2.96183072187831,0.999999996602488,4.66504384203153e-05,7.37631770891979e-07,0.00569193424406733,1.08824838546057e-12,1,0.00569193424406733,7.37631770891979e-07,6.47962308775729e-05,0.00569193424406733,0.99724002899805,0.980560095047353,0.499630872608832,7.37631770891979e-07,7.35455941120109e-07,0.999999999998862,0.999999820657746,1.79342254158499e-07,0.99724002899805,6.47962308775729e-05,0.103844052362199,0.800582644736,0.00275997100195002,0.00271406289389429,6.47962308775174e-05,-6.40585991066809e-05,CBCbothPairsAsymRW,CBCdriftDiffusionLR_pwBelief,0.5,0.983366452755013,0.000738254782336689,0.988616131511865,0.359936612385592,1.30837933130329,0.577360226497657,2.40795541872953,0.5,67.7644536561183
CBC_1020,CBC_1020_MSI_TV_v3_Vset5_Tset1_2023-06-28_16h55.43.253.csv,3,44,0,1,z,0,1,0,tac,B,63,1,0B,1B,0,1,z,2.7276574,0,1,1,1,1B,0B,B01,2.46809953147162,0.999999996602488,4.66504384203153e-05,7.37631770891979e-07,0.00569193424406733,1.08824838546057e-12,1,0.00569193424406733,7.37631770891979e-07,7.37631770891979e-07,0.00569193424406733,0.999954091891944,0.980560095047353,0.499630872608832,7.37631770891979e-07,7.35455941120109e-07,0.999999999998862,1,0,1,1.08824838546057e-12,0.255993911191545,0.800400630744686,0,0,1.08824060873758e-12,-1.07585222076426e-12,CBCbothPairsAsymRW,CBCdriftDiffusionLR_pwBelief,0.5,0.983366452755013,0.000738254782336689,0.988616131511865,0.359936612385592,1.30837933130329,0.577360226497657,2.40795541872953,0.5,67.7644536561183
CBC_1020,CBC_1020_MSI_AV_v3_Vset4_Aset3_2023-06-28_17h19.47.712.csv,5,1,1,0,z,0,1,3,aud,A,63,1,1A,0A,0,1,b,2.17138780000096,1,0,0,0,1A,0A,A10,2.77258872223978,0.5,0.5,0.5,0.5,0.5,0.5,0.5,0.5,0.5,0.5,0.5,0.5,0.5,0.5,0.5,0.5,0.5,0.5,0.5,0.5,0.175207186534255,0.49979250065038,-0.5,-0.454980403219845,-0.5,0.00528586137026205,CBCbothPairsAsymRW,CBCdriftDiffusionLR_pwBelief,0.5,0.133283099909843,0.909960806439691,0.343193951773824,0.0105717227405241,0.836547480142444,0.241357381523102,2.55795166820479,0.5,128.668693157533
CBC_1020,CBC_1020_MSI_AV_v3_Vset4_Aset3_2023-06-28_17h19.47.712.csv,5,2,3,2,b,1,0,1,aud,D,63,1,3D,2D,1,0,z,2.49403530000018,0,1,0,0,2D,3D,D32,2.83321334405622,0.505285861370262,0.0450195967801547,0.5,0.5,0.5,0.5,0.5,0.5,0.5,0.5,0.5,0.5,0.5,0.5,0.5,0.5,0.5,0.5,0.5,0.5,0.137473475325957,0.499784408171481,-0.5,-0.454980403219845,-0.5,0.00528586137026205,CBCbothPairsAsymRW,CBCdriftDiffusionLR_pwBelief,0.5,0.133283099909843,0.909960806439691,0.343193951773824,0.0105717227405241,0.836547480142444,0.241357381523102,2.55795166820479,0.5,128.668693157533
CBC_1020,CBC_1020_MSI_AV_v3_Vset4_Aset3_2023-06-28_17h19.47.712.csv,5,3,2,0,b,1,0,2,aud,C,27,1,2C,0C,1,0,b,2.50708440000017,1,0,1,1,2C,0C,C20,2.89037175789616,0.505285861370262,0.0450195967801547,0.5,0.5,0.5,0.5,0.5,0.5,0.5,0.5,0.5,0.5,0.5,0.5,0.0450195967801547,0.505285861370262,0.5,0.5,0.5,0.5,0.136357015066082,0.500623185427761,0.5,0.0666415499549215,0.5,-0.171596975886912,CBCbothPairsAsymRW,CBCdriftDiffusionLR_pwBelief,0.5,0.133283099909843,0.909960806439691,0.343193951773824,0.0105717227405241,0.836547480142444,0.241357381523102,2.55795166820479,0.5,128.668693157533
CBC_1020,CBC_1020_MSI_AV_v3_Vset4_Aset3_2023-06-28_17h19.47.712.csv,5,4,1,0,z,0,1,3,aud,A,63,1,1A,0A,0,1,z,2.18996059999881,0,1,1,1,0A,1A,A10,2.2512917986065,0.505285861370262,0.0450195967801547,0.5,0.5,0.5,0.5,0.5,0.5,0.328403024113088,0.5,0.566641549954922,0.5,0.5,0.5,0.0450195967801547,0.505285861370262,0.955880758547599,0.0441192414524007,0.505285861370262,0.0450195967801547,0.221743878113852,0.63734346729335,0.494714138629738,0.0659370339657993,0.0450195967801548,-0.0154504533262455,CBCbothPairsAsymRW,CBCdriftDiffusionLR_pwBelief,0.5,0.133283099909843,0.909960806439691,0.343193951773824,0.0105717227405241,0.836547480142444,0.241357381523102,2.55795166820479,0.5,128.668693157533
CBC_1020,CBC_1020_MSI_AV_v3_Vset4_Aset3_2023-06-28_17h19.47.712.csv,5,5,3,1,z,0,1,0,aud,B,27,1,3B,1B,0,1,b,1.8067673000005,1,0,0,0,3B,1B,B31,2.99573227355399,0.571222895336061,0.0295691434539093,0.5,0.5,0.5,0.5,0.5,0.5,0.328403024113088,0.5,0.566641549954922,0.5,0.5,0.5,0.0450195967801547,0.505285861370262,0.5,0.5,0.5,0.5,0.229378712853302,0.500842126640453,-0.5,-0.454980403219845,-0.5,0.00528586137026205,CBCbothPairsAsymRW,CBCdriftDiffusionLR_pwBelief,0.5,0.133283099909843,0.909960806439691,0.343193951773824,0.0105717227405241,0.836547480142444,0.241357381523102,2.55795166820479,0.5,128.668693157533
CBC_1020,CBC_1020_MSI_AV_v3_Vset4_Aset3_2023-06-28_17h19.47.712.csv,5,6,2,3,b,1,0,2,aud,C,63,1,2C,3C,1,0,z,3.01747900000009,0,1,0,0,3C,2C,C23,3.04452243772342,0.571222895336061,0.0295691434539093,0.5,0.5,0.5,0.505285861370262,0.5,0.0450195967801547,0.328403024113088,0.5,0.566641549954922,0.5,0.5,0.5,0.0450195967801547,0.505285861370262,0.433358450045078,0.566641549954922,0.5,0.566641549954922,0.0889415724503514,0.479931801386051,-0.5,-0.454980403219845,-0.433358450045078,0.00458134538113983,CBCbothPairsAsymRW,CBCdriftDiffusionLR_pwBelief,0.5,0.133283099909843,0.909960806439691,0.343193951773824,0.0105717227405241,0.836547480142444,0.241357381523102,2.55795166820479,0.5,128.668693157533
CBC_1020,CBC_1020_MSI_AV_v3_Vset4_Aset3_2023-06-28_17h19.47.712.csv,5,7,2,3,z,0,1,1,aud,D,63,0,2D,3D,NaN,NaN,[],NaN,NaN,NaN,NaN,NaN,,,D23,3.09104245335832,0.571222895336061,0.0295691434539093,0.5,0.5,0.5,0.505285861370262,0.5,0.0450195967801547,0.328403024113088,0.5,0.571222895336061,0.0450195967801547,0.5,0.5,0.0450195967801547,0.505285861370262,0,0,0,0,NaN,0,0,0,0,0,CBCbothPairsAsymRW,CBCdriftDiffusionLR_pwBelief,0.5,0.133283099909843,0.909960806439691,0.343193951773824,0.0105717227405241,0.836547480142444,0.241357381523102,2.55795166820479,0.5,128.668693157533
CBC_1020,CBC_1020_MSI_AV_v3_Vset4_Aset3_2023-06-28_17h19.47.712.csv,5,8,1,0,b,1,0,0,aud,B,63,1,1B,0B,1,0,z,2.4499504000014,0,1,0,0,0B,1B,B10,3.13549421592915,0.571222895336061,0.0295691434539093,0.5,0.5,0.5,0.505285861370262,0.5,0.0450195967801547,0.328403024113088,0.5,0.571222895336061,0.0450195967801547,0.5,0.5,0.0450195967801547,0.505285861370262,0.494714138629738,0.505285861370262,0.5,0.505285861370262,0.141369443763235,0.497161540833102,-0.5,-0.454980403219845,-0.494714138629738,0.00522998070941079,CBCbothPairsAsymRW,CBCdriftDiffusionLR_pwBelief,0.5,0.133283099909843,0.909960806439691,0.343193951773824,0.0105717227405241,0.836547480142444,0.241357381523102,2.55795166820479,0.5,128.668693157533
CBC_1020,CBC_1020_MSI_AV_v3_Vset4_Aset3_2023-06-28_17h19.47.712.csv,5,9,0,2,b,1,0,3,aud,A,27,1,0A,2A,1,0,b,2.1906213000002,1,0,1,1,0A,2A,A02,3.17805383034795,0.571222895336061,0.0295691434539093,0.5,0.5,0.0450195967801547,0.510515842079673,0.5,0.0450195967801547,0.328403024113088,0.5,0.571222895336061,0.0450195967801547,0.5,0.5,0.0450195967801547,0.505285861370262,0.571222895336061,0.428777104663939,0.571222895336061,0.5,0.180692041008125,0.522821440072839,0.428777104663939,0.0571487416799769,0.5,-0.171596975886912,CBCbothPairsAsymRW,CBCdriftDiffusionLR_pwBelief,0.5,0.133283099909843,0.909960806439691,0.343193951773824,0.0105717227405241,0.836547480142444,0.241357381523102,2.55795166820479,0.5,128.668693157533
CBC_1020,CBC_1020_MSI_AV_v3_Vset4_Aset3_2023-06-28_17h19.47.712.csv,5,10,0,3,z,0,1,1,aud,D,9,1,0D,3D,0,1,z,3.08254959999977,0,1,1,1,3D,0D,D03,3.2188758248682,0.628371637016038,0.0295691434539093,0.328403024113088,0.5,0.0450195967801547,0.510515842079673,0.5,0.0450195967801547,0.328403024113088,0.5,0.571222895336061,0.0450195967801547,0.5,0.5,0.0450195967801547,0.505285861370262,0.505285861370262,0.494714138629738,0.505285861370262,0.5,0.0886010885577807,0.502008356222054,0.494714138629738,0.0659370339657993,0.5,-0.171596975886912,CBCbothPairsAsymRW,CBCdriftDiffusionLR_pwBelief,0.5,0.133283099909843,0.909960806439691,0.343193951773824,0.0105717227405241,0.836547480142444,0.241357381523102,2.55795166820479,0.5,128.668693157533
CBC_1020,CBC_1020_MSI_AV_v3_Vset4_Aset3_2023-06-28_17h19.47.712.csv,5,11,3,2,z,0,1,2,aud,C,63,0,3C,2C,1,0,z,3.57243040000139,0,1,1,0,2C,3C,C32,3.25809653802148,0.628371637016038,0.0295691434539093,0.328403024113088,0.5,0.0450195967801547,0.510515842079673,0.5,0.0450195967801547,0.328403024113088,0.5,0.571222895336061,0.0450195967801547,0.328403024113088,0.5,0.0450195967801547,0.571222895336061,0.965823248735918,0.0341767512640824,0.571222895336061,0.0450195967801547,0.0758268985494664,0.639384407004991,-0.571222895336061,-0.519790446496817,-0.954980403219845,0.0100957880454741,CBCbothPairsAsymRW,CBCdriftDiffusionLR_pwBelief,0.5,0.133283099909843,0.909960806439691,0.343193951773824,0.0105717227405241,0.836547480142444,0.241357381523102,2.55795166820479,0.5,128.668693157533
CBC_1020,CBC_1020_MSI_AV_v3_Vset4_Aset3_2023-06-28_17h19.47.712.csv,5,12,1,0,b,1,0,0,aud,B,63,1,1B,0B,1,0,b,2.45131860000038,1,0,1,1,1B,0B,B10,2.60268968544438,0.628371637016038,0.0295691434539093,0.328403024113088,0.5,0.0450195967801547,0.510515842079673,0.5,0.0450195967801547,0.328403024113088,0.5,0.051432448839244,0.0551153848256288,0.328403024113088,0.5,0.0450195967801547,0.571222895336061,0.956754866876035,0.0432451331239655,0.510515842079673,0.0450195967801547,0.180908110408738,0.636866283982001,0.489484157920327,0.0652399659243803,0.0450195967801548,-0.0154504533262455,CBCbothPairsAsymRW,CBCdriftDiffusionLR_pwBelief,0.5,0.133283099909843,0.909960806439691,0.343193951773824,0.0105717227405241,0.836547480142444,0.241357381523102,2.55795166820479,0.5,128.668693157533
CBC_1020,CBC_1020_MSI_AV_v3_Vset4_Aset3_2023-06-28_17h19.47.712.csv,5,13,3,2,b,1,0,1,aud,D,63,0,3D,2D,0,1,b,2.03257239999948,1,0,1,0,3D,2D,D32,2.63905732961526,0.628371637016038,0.0295691434539093,0.328403024113088,0.5,0.0295691434539093,0.575755808004053,0.5,0.0450195967801547,0.328403024113088,0.5,0.051432448839244,0.0551153848256288,0.328403024113088,0.5,0.0450195967801547,0.571222895336061,0.965823248735918,0.0341767512640824,0.571222895336061,0.0450195967801547,0.251320345522327,0.639694081674678,-0.571222895336061,-0.519790446496817,-0.954980403219845,0.0100957880454741,CBCbothPairsAsymRW,CBCdriftDiffusionLR_pwBelief,0.5,0.133283099909843,0.909960806439691,0.343193951773824,0.0105717227405241,0.836547480142444,0.241357381523102,2.55795166820479,0.5,128.668693157533
CBC_1020,CBC_1020_MSI_AV_v3_Vset4_Aset3_2023-06-28_17h19.47.712.csv,5,14,3,2,z,0,1,2,aud,C,63,1,3C,2C,0,1,b,3.06052920000002,1,0,0,0,3C,2C,C32,2.67414864942653,0.628371637016038,0.0295691434539093,0.328403024113088,0.5,0.0295691434539093,0.575755808004053,0.5,0.0450195967801547,0.328403024113088,0.5,0.051432448839244,0.0551153848256288,0.328403024113088,0.5,0.0551153848256288,0.051432448839244,0.518254334723836,0.481745665276164,0.0551153848256288,0.051432448839244,0.0909067911542517,0.506603431655047,-0.0551153848256288,-0.0501528400231631,-0.948567551160756,0.0100279931515294,CBCbothPairsAsymRW,CBCdriftDiffusionLR_pwBelief,0.5,0.133283099909843,0.909960806439691,0.343193951773824,0.0105717227405241,0.836547480142444,0.241357381523102,2.55795166820479,0.5,128.668693157533
CBC_1020,CBC_1020_MSI_AV_v3_Vset4_Aset3_2023-06-28_17h19.47.712.csv,5,15,1,3,b,1,0,0,aud,B,27,1,1B,3B,1,0,z,3.352156500001,0,1,0,0,3B,1B,B13,3.40119738166216,0.628371637016038,0.0295691434539093,0.328403024113088,0.5,0.0295691434539093,0.575755808004053,0.5,0.0450195967801547,0.328403024113088,0.5,0.0614604419907734,0.00496254480246573,0.328403024113088,0.5,0.0551153848256288,0.051432448839244,0.0335702824260814,0.966429717573919,0.0450195967801547,0.575755808004053,0.0506060445873432,0.359548625619493,-0.0450195967801547,-0.0409660685916593,-0.424244191995947,0.00448499197205882,CBCbothPairsAsymRW,CBCdriftDiffusionLR_pwBelief,0.5,0.133283099909843,0.909960806439691,0.343193951773824,0.0105717227405241,0.836547480142444,0.241357381523102,2.55795166820479,0.5,128.668693157533
CBC_1020,CBC_1020_MSI_AV_v3_Vset4_Aset3_2023-06-28_17h19.47.712.csv,5,16,3,0,z,0,1,3,aud,A,9,1,3A,0A,0,1,b,2.42312740000125,1,0,0,0,3A,0A,A30,3.43398720448515,0.628371637016038,0.0295691434539093,0.328403024113088,0.5,0.0295691434539093,0.580240799976112,0.5,0.00405352818849544,0.328403024113088,0.5,0.0614604419907734,0.00496254480246573,0.328403024113088,0.5,0.0551153848256288,0.051432448839244,0.371628362983962,0.628371637016038,0.5,0.628371637016038,0.133457875133443,0.45991064448327,-0.5,-0.454980403219845,-0.371628362983962,0.00392875201598129,CBCbothPairsAsymRW,CBCdriftDiffusionLR_pwBelief,0.5,0.133283099909843,0.909960806439691,0.343193951773824,0.0105717227405241,0.836547480142444,0.241357381523102,2.55795166820479,0.5,128.668693157533
CBC_1020,CBC_1020_MSI_AV_v3_Vset4_Aset3_2023-06-28_17h19.47.712.csv,5,17,3,2,b,1,0,1,aud,D,63,1,3D,2D,1,0,b,2.18428220000169,1,0,1,1,3D,2D,D32,2.36712361413162,0.63230038903202,0.0295691434539093,0.328403024113088,0.0450195967801547,0.0295691434539093,0.580240799976112,0.5,0.00405352818849544,0.328403024113088,0.5,0.0614604419907734,0.00496254480246573,0.328403024113088,0.5,0.0551153848256288,0.051432448839244,0.481745665276164,0.518254334723836,0.051432448839244,0.0551153848256288,0.171802716093768,0.494830223125131,0.948567551160756,0.126428023692594,0.0551153848256288,-0.0189152667218426,CBCbothPairsAsymRW,CBCdriftDiffusionLR_pwBelief,0.5,0.133283099909843,0.909960806439691,0.343193951773824,0.0105717227405241,0.836547480142444,0.241357381523102,2.55795166820479,0.5,128.668693157533
CBC_1020,CBC_1020_MSI_AV_v3_Vset4_Aset3_2023-06-28_17h19.47.712.csv,5,18,2,0,b,1,0,2,aud,C,27,1,2C,0C,1,0,z,2.70887640000001,0,1,0,0,0C,2C,C20,2.80336038090653,0.63230038903202,0.0295691434539093,0.328403024113088,0.0450195967801547,0.0295691434539093,0.580240799976112,0.5,0.00405352818849544,0.328403024113088,0.5,0.0614604419907734,0.00496254480246573,0.328403024113088,0.5,0.0362001181037862,0.177860472531838,0.881896612226395,0.118103387773605,0.328403024113088,0.0614604419907734,0.143314416929256,0.615201139915364,-0.328403024113088,-0.298833880659179,-0.938539558009227,0.00992197998828757,CBCbothPairsAsymRW,CBCdriftDiffusionLR_pwBelief,0.5,0.133283099909843,0.909960806439691,0.343193951773824,0.0105717227405241,0.836547480142444,0.241357381523102,2.55795166820479,0.5,128.668693157533
CBC_1020,CBC_1020_MSI_AV_v3_Vset4_Aset3_2023-06-28_17h19.47.712.csv,5,19,1,0,z,0,1,3,aud,A,63,1,1A,0A,0,1,b,3.20721820000108,1,0,0,0,1A,0A,A10,2.42774823594805,0.63230038903202,0.0295691434539093,0.328403024113088,0.0450195967801547,0.0295691434539093,0.580240799976112,0.5,0.00405352818849544,0.0295691434539093,0.5,0.071382421979061,0.00496254480246573,0.328403024113088,0.5,0.0362001181037862,0.177860472531838,0.017410686865603,0.982589313134397,0.0295691434539093,0.63230038903202,0.0558351362641393,0.354823829538198,-0.0295691434539093,-0.0269067616230502,-0.36769961096798,0.00388721833895206,CBCbothPairsAsymRW,CBCdriftDiffusionLR_pwBelief,0.5,0.133283099909843,0.909960806439691,0.343193951773824,0.0105717227405241,0.836547480142444,0.241357381523102,2.55795166820479,0.5,128.668693157533
CBC_1020,CBC_1020_MSI_AV_v3_Vset4_Aset3_2023-06-28_17h19.47.712.csv,5,20,0,1,z,0,1,0,aud,B,63,0,0B,1B,1,0,b,2.44434830000137,1,0,0,1,0B,1B,B01,3.55534806148941,0.636187607370972,0.00266238183085909,0.328403024113088,0.0450195967801547,0.0295691434539093,0.580240799976112,0.5,0.00405352818849544,0.0295691434539093,0.5,0.071382421979061,0.00496254480246573,0.328403024113088,0.5,0.0362001181037862,0.177860472531838,0.021567362518981,0.978432637481019,0.0295691434539093,0.580240799976112,0.101507154869068,0.355430665099028,0.970430856546091,0.129342032808627,0.580240799976112,-0.199135133124207,CBCbothPairsAsymRW,CBCdriftDiffusionLR_pwBelief,0.5,0.133283099909843,0.909960806439691,0.343193951773824,0.0105717227405241,0.836547480142444,0.241357381523102,2.55795166820479,0.5,128.668693157533
CBC_1020,CBC_1020_MSI_AV_v3_Vset4_Aset3_2023-06-28_17h19.47.712.csv,5,21,1,3,z,0,1,1,aud,D,27,1,1D,3D,0,1,b,0.262265999999727,1,0,0,0,1D,3D,D13,3.58351893845611,0.636187607370972,0.00266238183085909,0.328403024113088,0.0450195967801547,0.158911176262536,0.381105666851905,0.5,0.00405352818849544,0.0295691434539093,0.5,0.071382421979061,0.00496254480246573,0.328403024113088,0.5,0.0362001181037862,0.177860472531838,0.822139527468162,0.177860472531838,0.5,0.177860472531838,1e-20,0.5,-0.5,-0.454980403219845,-0.822139527468162,0.0086914311384189,CBCbothPairsAsymRW,CBCdriftDiffusionLR_pwBelief,0.5,0.133283099909843,0.909960806439691,0.343193951773824,0.0105717227405241,0.836547480142444,0.241357381523102,2.55795166820479,0.5,128.668693157533
CBC_1020,CBC_1020_MSI_AV_v3_Vset4_Aset3_2023-06-28_17h19.47.712.csv,5,22,2,3,b,1,0,2,aud,C,63,1,2C,3C,1,0,b,2.52877120000085,1,0,1,1,2C,3C,C23,2.91777073208428,0.636187607370972,0.00266238183085909,0.328403024113088,0.0450195967801547,0.158911176262536,0.381105666851905,0.5,0.00405352818849544,0.0295691434539093,0.5,0.071382421979061,0.00496254480246573,0.328403024113088,0.0450195967801547,0.0362001181037862,0.186551903670257,0.939072974637007,0.0609270253629928,0.071382421979061,0.00496254480246573,0.16929896527929,0.632900483885716,0.928617578020939,0.123769029429401,0.00496254480246572,-0.00170311536161286,CBCbothPairsAsymRW,CBCdriftDiffusionLR_pwBelief,0.5,0.133283099909843,0.909960806439691,0.343193951773824,0.0105717227405241,0.836547480142444,0.241357381523102,2.55795166820479,0.5,128.668693157533
CBC_1020,CBC_1020_MSI_AV_v3_Vset4_Aset3_2023-06-28_17h19.47.712.csv,5,23,1,0,b,1,0,0,aud,B,63,1,1B,0B,1,0,z,2.25141179999991,0,1,0,0,0B,1B,B10,2.53897387105828,0.636187607370972,0.00266238183085909,0.328403024113088,0.0450195967801547,0.158911176262536,0.381105666851905,0.5,0.00405352818849544,0.0295691434539093,0.5,0.195151451408462,0.00325942944085287,0.328403024113088,0.0450195967801547,0.0362001181037862,0.186551903670257,0.234783679184312,0.765216320815688,0.158911176262536,0.381105666851905,0.138334863891839,0.418264282078187,-0.158911176262536,-0.144602942104137,-0.618894333148095,0.00654277929572321,CBCbothPairsAsymRW,CBCdriftDiffusionLR_pwBelief,0.5,0.133283099909843,0.909960806439691,0.343193951773824,0.0105717227405241,0.836547480142444,0.241357381523102,2.55795166820479,0.5,128.668693157533
CBC_1020,CBC_1020_MSI_AV_v3_Vset4_Aset3_2023-06-28_17h19.47.712.csv,5,24,2,0,z,0,1,3,aud,A,27,1,2A,0A,0,1,b,2.39513479999914,1,0,0,0,2A,0A,A20,3.66356164612965,0.636187607370972,0.00266238183085909,0.328403024113088,0.0450195967801547,0.014308234158399,0.387648446147628,0.5,0.00405352818849544,0.0295691434539093,0.5,0.195151451408462,0.00325942944085287,0.328403024113088,0.0450195967801547,0.0362001181037862,0.186551903670257,0.218526832192146,0.781473167807854,0.328403024113088,0.636187607370972,0.122822546411566,0.41420997173121,-0.328403024113088,-0.298833880659179,-0.363812392629028,0.00384612374444078,CBCbothPairsAsymRW,CBCdriftDiffusionLR_pwBelief,0.5,0.133283099909843,0.909960806439691,0.343193951773824,0.0105717227405241,0.836547480142444,0.241357381523102,2.55795166820479,0.5,128.668693157533
CBC_1020,CBC_1020_MSI_AV_v3_Vset4_Aset3_2023-06-28_17h19.47.712.csv,5,25,2,3,z,0,1,1,aud,D,63,1,2D,3D,0,1,z,1.60325120000016,0,1,1,1,3D,2D,D23,2.99573227355399,0.640033731115413,0.00266238183085909,0.0295691434539093,0.0450195967801547,0.014308234158399,0.387648446147628,0.5,0.00405352818849544,0.0295691434539093,0.5,0.195151451408462,0.00325942944085287,0.328403024113088,0.0450195967801547,0.0362001181037862,0.186551903670257,0.859271046271585,0.140728953728415,0.186551903670257,0.0362001181037862,0.322805275510112,0.609526171555635,0.813448096329743,0.108418883894589,0.0362001181037862,-0.0124236615867176,CBCbothPairsAsymRW,CBCdriftDiffusionLR_pwBelief,0.5,0.133283099909843,0.909960806439691,0.343193951773824,0.0105717227405241,0.836547480142444,0.241357381523102,2.55795166820479,0.5,128.668693157533
CBC_1020,CBC_1020_MSI_AV_v3_Vset4_Aset3_2023-06-28_17h19.47.712.csv,5,26,2,0,b,1,0,2,aud,C,27,1,2C,0C,1,0,z,2.69371259999934,0,1,0,0,0C,2C,C20,2.6149597780362,0.640033731115413,0.00266238183085909,0.0295691434539093,0.0450195967801547,0.014308234158399,0.387648446147628,0.5,0.00405352818849544,0.0295691434539093,0.5,0.195151451408462,0.00325942944085287,0.328403024113088,0.0450195967801547,0.0237764565170686,0.294970787564846,0.111636733141163,0.888363266858837,0.0295691434539093,0.195151451408462,0.0900665571798595,0.382209531582647,-0.0295691434539093,-0.0269067616230502,-0.804848548591538,0.00850863570382297,CBCbothPairsAsymRW,CBCdriftDiffusionLR_pwBelief,0.5,0.133283099909843,0.909960806439691,0.343193951773824,0.0105717227405241,0.836547480142444,0.241357381523102,2.55795166820479,0.5,128.668693157533
CBC_1020,CBC_1020_MSI_AV_v3_Vset4_Aset3_2023-06-28_17h19.47.712.csv,5,27,1,0,b,1,0,0,aud,B,63,1,1B,0B,1,0,b,1.55073669999911,1,0,1,1,1B,0B,B10,2.35137525716348,0.640033731115413,0.00266238183085909,0.0295691434539093,0.0450195967801547,0.014308234158399,0.387648446147628,0.5,0.00405352818849544,0.00266238183085909,0.5,0.203660087112285,0.00325942944085287,0.328403024113088,0.0450195967801547,0.0237764565170686,0.294970787564846,0.977583815627728,0.0224161843722724,0.387648446147628,0.014308234158399,0.354173836482877,0.643108839719699,0.612351553852372,0.0816161133320533,0.014308234158399,-0.00491049942372617,CBCbothPairsAsymRW,CBCdriftDiffusionLR_pwBelief,0.5,0.133283099909843,0.909960806439691,0.343193951773824,0.0105717227405241,0.836547480142444,0.241357381523102,2.55795166820479,0.5,128.668693157533
CBC_1020,CBC_1020_MSI_AV_v3_Vset4_Aset3_2023-06-28_17h19.47.712.csv,5,28,0,1,b,1,0,3,aud,A,63,1,0A,1A,1,0,z,2.35211160000108,0,1,0,0,1A,0A,A01,3.76120011569356,0.640033731115413,0.00266238183085909,0.0295691434539093,0.0450195967801547,0.00939773473467279,0.469264559479681,0.5,0.00405352818849544,0.00266238183085909,0.5,0.203660087112285,0.00325942944085287,0.328403024113088,0.0450195967801547,0.0237764565170686,0.294970787564846,0.00149911702892336,0.998500882971077,0.00266238183085909,0.640033731115413,0.107653588139021,0.350744307968769,-0.00266238183085909,-0.00242266311785892,-0.359966268884587,0.0038054635905888,CBCbothPairsAsymRW,CBCdriftDiffusionLR_pwBelief,0.5,0.133283099909843,0.909960806439691,0.343193951773824,0.0105717227405241,0.836547480142444,0.241357381523102,2.55795166820479,0.5,128.668693157533
CBC_1020,CBC_1020_MSI_AV_v3_Vset4_Aset3_2023-06-28_17h19.47.712.csv,5,29,3,2,z,0,1,2,aud,C,63,0,3C,2C,1,0,b,1.85520449999967,1,0,0,1,3C,2C,C32,2.68557734525015,0.643839194706001,0.000239718713000173,0.0295691434539093,0.0450195967801547,0.00939773473467279,0.469264559479681,0.5,0.00405352818849544,0.00266238183085909,0.5,0.203660087112285,0.00325942944085287,0.328403024113088,0.0450195967801547,0.0237764565170686,0.294970787564846,0.0126250788286294,0.987374921171371,0.00325942944085287,0.203660087112285,0.159353594745171,0.354263323131339,0.996740570559147,0.132848673050029,0.203660087112285,-0.0698949101146665,CBCbothPairsAsymRW,CBCdriftDiffusionLR_pwBelief,0.5,0.133283099909843,0.909960806439691,0.343193951773824,0.0105717227405241,0.836547480142444,0.241357381523102,2.55795166820479,0.5,128.668693157533
CBC_1020,CBC_1020_MSI_AV_v3_Vset4_Aset3_2023-06-28_17h19.47.712.csv,5,30,3,1,b,1,0,1,aud,D,27,1,3D,1D,1,0,b,3.56040890000077,1,0,1,1,3D,1D,D31,3.80666248977032,0.643839194706001,0.000239718713000173,0.0295691434539093,0.0450195967801547,0.00939773473467279,0.469264559479681,0.5,0.00405352818849544,0.00266238183085909,0.5,0.133765176997619,0.136108102490882,0.328403024113088,0.0450195967801547,0.0237764565170686,0.294970787564846,0.898733421269621,0.101266578730379,0.294970787564846,0.0450195967801547,0.0748737242371019,0.620933582086012,0.705029212435154,0.0939684789603526,0.0450195967801548,-0.0154504533262455,CBCbothPairsAsymRW,CBCdriftDiffusionLR_pwBelief,0.5,0.133283099909843,0.909960806439691,0.343193951773824,0.0105717227405241,0.836547480142444,0.241357381523102,2.55795166820479,0.5,128.668693157533
CBC_1020,CBC_1020_MSI_AV_v3_Vset4_Aset3_2023-06-28_17h19.47.712.csv,5,31,1,0,z,0,1,3,aud,A,63,0,1A,0A,1,0,z,1.82698659999915,0,1,1,0,0A,1A,A10,2.4423470353692,0.643839194706001,0.000239718713000173,0.0295691434539093,0.0450195967801547,0.00939773473467279,0.469264559479681,0.5,0.00405352818849544,0.00266238183085909,0.5,0.133765176997619,0.136108102490882,0.328403024113088,0.0295691434539093,0.0237764565170686,0.388939266525198,0.99986737751217,0.000132622487829471,0.643839194706001,0.000239718713000173,0.298419260985436,0.649185491776974,-0.643839194706001,-0.585868432832154,-0.999760281287,0.0105691885007545,CBCbothPairsAsymRW,CBCdriftDiffusionLR_pwBelief,0.5,0.133283099909843,0.909960806439691,0.343193951773824,0.0105717227405241,0.836547480142444,0.241357381523102,2.55795166820479,0.5,128.668693157533
CBC_1020,CBC_1020_MSI_AV_v3_Vset4_Aset3_2023-06-28_17h19.47.712.csv,5,32,3,2,b,1,0,1,aud,D,63,1,3D,2D,1,0,b,1.48904819999916,1,0,1,1,3D,2D,D32,2.46385324059017,0.0579707618738474,0.0108089072137547,0.0295691434539093,0.0450195967801547,0.00939773473467279,0.469264559479681,0.5,0.00405352818849544,0.00266238183085909,0.5,0.133765176997619,0.136108102490882,0.328403024113088,0.0295691434539093,0.0237764565170686,0.388939266525198,0.963145351574659,0.0368546484253414,0.388939266525198,0.0237764565170686,0.362574180469314,0.64018957813441,0.611060733474802,0.0814440687907039,0.0237764565170686,-0.00815993607127128,CBCbothPairsAsymRW,CBCdriftDiffusionLR_pwBelief,0.5,0.133283099909843,0.909960806439691,0.343193951773824,0.0105717227405241,0.836547480142444,0.241357381523102,2.55795166820479,0.5,128.668693157533
CBC_1020,CBC_1020_MSI_AV_v3_Vset4_Aset3_2023-06-28_17h19.47.712.csv,5,33,2,1,z,0,1,0,aud,B,9,1,2B,1B,0,1,b,4.29995100000087,1,0,0,0,2B,1B,B21,3.87120101090789,0.0579707618738474,0.0108089072137547,0.0295691434539093,0.0450195967801547,0.00939773473467279,0.469264559479681,0.5,0.00405352818849544,0.00266238183085909,0.5,0.133765176997619,0.136108102490882,0.328403024113088,0.0295691434539093,0.0156165204457974,0.470383335315902,0.530735440520319,0.469264559479681,0.5,0.469264559479681,0.0359192146550465,0.509849723964095,-0.5,-0.454980403219845,-0.530735440520319,0.00561078792575072,CBCbothPairsAsymRW,CBCdriftDiffusionLR_pwBelief,0.5,0.133283099909843,0.909960806439691,0.343193951773824,0.0105717227405241,0.836547480142444,0.241357381523102,2.55795166820479,0.5,128.668693157533
CBC_1020,CBC_1020_MSI_AV_v3_Vset4_Aset3_2023-06-28_17h19.47.712.csv,5,34,1,0,z,0,1,3,aud,A,63,1,1A,0A,0,1,z,1.22944760000064,0,1,1,1,0A,1A,A10,2.28238238567653,0.0579707618738474,0.0108089072137547,0.0295691434539093,0.0450195967801547,0.00939773473467279,0.474875347405432,0.0450195967801547,0.00405352818849544,0.00266238183085909,0.5,0.133765176997619,0.136108102490882,0.328403024113088,0.0295691434539093,0.0156165204457974,0.470383335315902,0.849210140232156,0.150789859767844,0.0579707618738474,0.0108089072137547,0.318447791433198,0.605625413846454,0.942029238126153,0.125556577063161,0.0108089072137547,-0.00370955158104508,CBCbothPairsAsymRW,CBCdriftDiffusionLR_pwBelief,0.5,0.133283099909843,0.909960806439691,0.343193951773824,0.0105717227405241,0.836547480142444,0.241357381523102,2.55795166820479,0.5,128.668693157533
CBC_1020,CBC_1020_MSI_AV_v3_Vset4_Aset3_2023-06-28_17h19.47.712.csv,5,35,2,1,b,1,0,2,aud,C,9,1,2C,1C,1,0,b,1.70495850000043,1,0,1,1,2C,1C,C21,3.91202300542815,0.183527338937009,0.00709935563270963,0.0295691434539093,0.0450195967801547,0.00939773473467279,0.474875347405432,0.0450195967801547,0.00405352818849544,0.00266238183085909,0.5,0.133765176997619,0.136108102490882,0.328403024113088,0.0295691434539093,0.0156165204457974,0.470383335315902,0.133765176997619,0.866234823002381,0.133765176997619,0.5,0.193050531721831,0.388641555301472,0.866234823002381,0.115454462459612,0.5,-0.171596975886912,CBCbothPairsAsymRW,CBCdriftDiffusionLR_pwBelief,0.5,0.133283099909843,0.909960806439691,0.343193951773824,0.0105717227405241,0.836547480142444,0.241357381523102,2.55795166820479,0.5,128.668693157533
CBC_1020,CBC_1020_MSI_AV_v3_Vset4_Aset3_2023-06-28_17h19.47.712.csv,5,36,1,0,b,1,0,0,aud,B,63,1,1B,0B,1,0,z,2.05977689999963,0,1,0,0,0B,1B,B10,2.32238772029023,0.183527338937009,0.00709935563270963,0.0295691434539093,0.0450195967801547,0.00939773473467279,0.474875347405432,0.0450195967801547,0.00405352818849544,0.00266238183085909,0.328403024113088,0.24921963945723,0.136108102490882,0.328403024113088,0.0295691434539093,0.0156165204457974,0.470383335315902,0.0103818393656002,0.9896181606344,0.00939773473467279,0.474875347405432,0.136406197618301,0.354210939833157,-0.00939773473467279,-0.00855157027786915,-0.525124652594568,0.00555147223144381,CBCbothPairsAsymRW,CBCdriftDiffusionLR_pwBelief,0.5,0.133283099909843,0.909960806439691,0.343193951773824,0.0105717227405241,0.836547480142444,0.241357381523102,2.55795166820479,0.5,128.668693157533
CBC_1020,CBC_1020_MSI_AV_v3_Vset4_Aset3_2023-06-28_17h19.47.712.csv,5,37,0,1,b,1,0,3,aud,A,63,0,0A,1A,0,1,b,2.45405070000015,1,0,1,0,0A,1A,A01,3.25809653802148,0.183527338937009,0.00709935563270963,0.0295691434539093,0.0450195967801547,0.000846164456803647,0.480426819636876,0.0450195967801547,0.00405352818849544,0.00266238183085909,0.328403024113088,0.24921963945723,0.136108102490882,0.328403024113088,0.0295691434539093,0.0156165204457974,0.470383335315902,0.969171344534768,0.0308286554652319,0.183527338937009,0.00709935563270963,0.181751825799313,0.641222890200067,-0.183527338937009,-0.167002685342851,-0.99290064436729,0.0104966703211387,CBCbothPairsAsymRW,CBCdriftDiffusionLR_pwBelief,0.5,0.133283099909843,0.909960806439691,0.343193951773824,0.0105717227405241,0.836547480142444,0.241357381523102,2.55795166820479,0.5,128.668693157533
CBC_1020,CBC_1020_MSI_AV_v3_Vset4_Aset3_2023-06-28_17h19.47.712.csv,5,38,0,1,z,0,1,0,aud,B,63,1,0B,1B,0,1,z,2.11811040000066,0,1,1,1,1B,0B,B01,3.27714473299218,0.0165246535941578,0.0175960259538483,0.0295691434539093,0.0450195967801547,0.000846164456803647,0.480426819636876,0.0450195967801547,0.00405352818849544,0.00266238183085909,0.328403024113088,0.24921963945723,0.136108102490882,0.328403024113088,0.0295691434539093,0.0156165204457974,0.470383335315902,0.999084951069247,0.000915048930753174,0.480426819636876,0.000846164456803647,0.239374467162688,0.649900337566407,0.519573180363124,0.0692503241088131,0.000846164456803633,-0.00029039852378099,CBCbothPairsAsymRW,CBCdriftDiffusionLR_pwBelief,0.5,0.133283099909843,0.909960806439691,0.343193951773824,0.0105717227405241,0.836547480142444,0.241357381523102,2.55795166820479,0.5,128.668693157533
CBC_1020,CBC_1020_MSI_AV_v3_Vset4_Aset3_2023-06-28_17h19.47.712.csv,5,39,1,3,z,0,1,1,aud,D,27,1,1D,3D,0,1,z,3.79183910000029,0,1,1,1,3D,1D,D13,3.29583686600433,0.0165246535941578,0.0175960259538483,0.0295691434539093,0.0450195967801547,0.000555765933022657,0.549677143745689,0.0450195967801547,0.00405352818849544,0.00266238183085909,0.328403024113088,0.24921963945723,0.136108102490882,0.328403024113088,0.0295691434539093,0.0156165204457974,0.470383335315902,0.966830848594575,0.033169151405425,0.470383335315902,0.0295691434539093,0.0639444672117419,0.639899571081961,0.529616664684098,0.0705889508330084,0.0295691434539093,-0.0101479511925142,CBCbothPairsAsymRW,CBCdriftDiffusionLR_pwBelief,0.5,0.133283099909843,0.909960806439691,0.343193951773824,0.0105717227405241,0.836547480142444,0.241357381523102,2.55795166820479,0.5,128.668693157533
CBC_1020,CBC_1020_MSI_AV_v3_Vset4_Aset3_2023-06-28_17h19.47.712.csv,5,40,3,2,z,0,1,2,aud,C,63,1,3C,2C,0,1,b,1.0163790000006,1,0,0,0,3C,2C,C32,2.62103882411258,0.0165246535941578,0.0175960259538483,0.0295691434539093,0.0450195967801547,0.000555765933022657,0.549677143745689,0.0450195967801547,0.00405352818849544,0.00266238183085909,0.328403024113088,0.24921963945723,0.136108102490882,0.328403024113088,0.019421192261395,0.0156165204457974,0.540972286148911,0.321863806422066,0.678136193577934,0.136108102490882,0.24921963945723,0.0632835494325462,0.444196081155365,-0.136108102490882,-0.123853038705579,-0.75078036054277,0.00793704181068888,CBCbothPairsAsymRW,CBCdriftDiffusionLR_pwBelief,0.5,0.133283099909843,0.909960806439691,0.343193951773824,0.0105717227405241,0.836547480142444,0.241357381523102,2.55795166820479,0.5,128.668693157533
CBC_1020,CBC_1020_MSI_AV_v3_Vset4_Aset3_2023-06-28_17h19.47.712.csv,5,41,0,2,b,1,0,3,aud,A,27,1,0A,2A,1,0,z,1.01581330000045,0,1,0,0,2A,0A,A02,3.3322045101752,0.0165246535941578,0.0175960259538483,0.0295691434539093,0.0450195967801547,0.000555765933022657,0.549677143745689,0.0450195967801547,0.00405352818849544,0.00266238183085909,0.328403024113088,0.257156681267919,0.0122550637853029,0.328403024113088,0.019421192261395,0.0156165204457974,0.540972286148911,0.64456433101321,0.35543566898679,0.0295691434539093,0.0165246535941578,0.0766369228004037,0.544256922342089,-0.0295691434539093,-0.0269067616230502,-0.983475346405842,0.0103970286843435,CBCbothPairsAsymRW,CBCdriftDiffusionLR_pwBelief,0.5,0.133283099909843,0.909960806439691,0.343193951773824,0.0105717227405241,0.836547480142444,0.241357381523102,2.55795166820479,0.5,128.668693157533
CBC_1020,CBC_1020_MSI_AV_v3_Vset4_Aset3_2023-06-28_17h19.47.712.csv,5,42,2,3,z,0,1,1,aud,D,63,1,2D,3D,0,1,z,1.55937410000115,0,1,1,1,3D,2D,D23,2.94443897916644,0.0269216822785013,0.0175960259538483,0.00266238183085909,0.0450195967801547,0.000555765933022657,0.549677143745689,0.0450195967801547,0.00405352818849544,0.00266238183085909,0.328403024113088,0.257156681267919,0.0122550637853029,0.328403024113088,0.019421192261395,0.0156165204457974,0.540972286148911,0.986717594946474,0.0132824050535263,0.540972286148911,0.0156165204457974,0.354359136580528,0.645818568586454,0.459027713851089,0.0611806366466016,0.0156165204457973,-0.0053594953647499,CBCbothPairsAsymRW,CBCdriftDiffusionLR_pwBelief,0.5,0.133283099909843,0.909960806439691,0.343193951773824,0.0105717227405241,0.836547480142444,0.241357381523102,2.55795166820479,0.5,128.668693157533
CBC_1020,CBC_1020_MSI_AV_v3_Vset4_Aset3_2023-06-28_17h19.47.712.csv,5,43,1,3,b,1,0,0,aud,B,27,0,1B,3B,0,1,b,2.77400440000019,1,0,1,0,1B,3B,B13,3.36729582998647,0.0269216822785013,0.0175960259538483,0.00266238183085909,0.0450195967801547,0.000555765933022657,0.549677143745689,0.0450195967801547,0.00405352818849544,0.00266238183085909,0.328403024113088,0.257156681267919,0.0122550637853029,0.328403024113088,0.019421192261395,0.0102570250810474,0.602152922795512,0.996676713198299,0.00332328680170069,0.549677143745689,0.00405352818849544,0.143074959194088,0.648396749676668,-0.549677143745689,-0.500184657004293,-0.995946471811505,0.0105288699643944,CBCbothPairsAsymRW,CBCdriftDiffusionLR_pwBelief,0.5,0.133283099909843,0.909960806439691,0.343193951773824,0.0105717227405241,0.836547480142444,0.241357381523102,2.55795166820479,0.5,128.668693157533
CBC_1020,CBC_1020_MSI_AV_v3_Vset4_Aset3_2023-06-28_17h19.47.712.csv,5,44,3,2,z,0,1,2,aud,C,63,1,3C,2C,0,1,b,1.93368929999997,1,0,0,0,3C,2C,C32,2.46809953147162,0.0269216822785013,0.0175960259538483,0.00266238183085909,0.0450195967801547,0.000555765933022657,0.0494924867413962,0.0450195967801547,0.0145823981528899,0.00266238183085909,0.328403024113088,0.257156681267919,0.0122550637853029,0.328403024113088,0.019421192261395,0.0102570250810474,0.602152922795512,0.0346001052975177,0.965399894702482,0.0122550637853029,0.257156681267919,0.152412749521118,0.359779299980681,-0.0122550637853029,-0.0111516277250441,-0.742843318732081,0.00785313360528633,CBCbothPairsAsymRW,CBCdriftDiffusionLR_pwBelief,0.5,0.133283099909843,0.909960806439691,0.343193951773824,0.0105717227405241,0.836547480142444,0.241357381523102,2.55795166820479,0.5,128.668693157533
