ID,filename,session,trial,visStimLeft,visStimRight,correctKey,leftCorrect,rightCorrect,secondStim,mod2Type,mod2Stim,frequency,rewardAccurate,stimPairLeft,stimPairRight,pCorrectLeft,pCorrectRight,key,reactionTime,choiceLeft,choiceRight,choiceAccurate,reward,chosenPair,otherPair,triplet,surprise,0A belief,1A belief,2A belief,3A belief,0B belief,1B belief,2B belief,3B belief,0C belief,1C belief,2C belief,3C belief,0D belief,1D belief,2D belief,3D belief,beliefPairNorm,beliefOtherPairNorm,beliefPair,beliefOtherPair,lik,corrLik,rewardPE,update2,rewardPEOP,update2OP,fit_percModel,fit_respModel,fit_startBelief,fit_alpha1,fit_alpha12,fit_alpha2,fit_alpha22,fit_nonDecisionTime,fit_weight,fit_startingBoundary,fit_startingPoint,fit_NLL
CBC_1017,CBC_1017_MSI_TV_v3_Vset5_Tset1_2023-06-25_09h48.15.887.csv,1,1,1,0,z,0,1,2,tac,A,63,1,1A,0A,0,1,z,1.86829200000001,0,1,1,1,0A,1A,A10,2.77258872223978,0.5,0.5,0.5,0.5,0.5,0.5,0.5,0.5,0.5,0.5,0.5,0.5,0.5,0.5,0.5,0.5,0.5,0.5,0.5,0.5,0.193364036293892,0.499441628543351,0.5,0.498903222223008,0.5,-0.0216701362954966,CBCbothPairsAsymRW,CBCdriftDiffusionLR,0.5,0.997806444446017,0.0194409156951852,0.0433402725909933,0.0135700354938482,1.16518255740193,3.08596366813585,3.07578808066784,0.5,49.9264310739668
CBC_1017,CBC_1017_MSI_TV_v3_Vset5_Tset1_2023-06-25_09h48.15.887.csv,1,2,3,2,b,1,0,1,tac,D,63,1,3D,2D,1,0,b,2.38989490000002,1,0,1,1,3D,2D,D32,2.83321334405622,0.998903222223008,0.478329863704503,0.5,0.5,0.5,0.5,0.5,0.5,0.5,0.5,0.5,0.5,0.5,0.5,0.5,0.5,0.5,0.5,0.5,0.5,0.172632827246915,0.501452371910545,0.5,0.498903222223008,0.5,-0.0216701362954966,CBCbothPairsAsymRW,CBCdriftDiffusionLR,0.5,0.997806444446017,0.0194409156951852,0.0433402725909933,0.0135700354938482,1.16518255740193,3.08596366813585,3.07578808066784,0.5,49.9264310739668
CBC_1017,CBC_1017_MSI_TV_v3_Vset5_Tset1_2023-06-25_09h48.15.887.csv,1,3,2,0,b,1,0,0,tac,C,27,1,2C,0C,1,0,b,2.63040310000001,1,0,1,1,2C,0C,C20,2.89037175789616,0.998903222223008,0.478329863704503,0.5,0.5,0.5,0.5,0.5,0.5,0.5,0.5,0.5,0.5,0.5,0.5,0.478329863704503,0.998903222223008,0.5,0.5,0.5,0.5,0.153412532940454,0.499358069445886,0.5,0.498903222223008,0.5,-0.0216701362954966,CBCbothPairsAsymRW,CBCdriftDiffusionLR,0.5,0.997806444446017,0.0194409156951852,0.0433402725909933,0.0135700354938482,1.16518255740193,3.08596366813585,3.07578808066784,0.5,49.9264310739668
CBC_1017,CBC_1017_MSI_TV_v3_Vset5_Tset1_2023-06-25_09h48.15.887.csv,1,4,1,0,z,0,1,2,tac,A,63,1,1A,0A,0,1,z,2.4745415,0,1,1,1,0A,1A,A10,2.2512917986065,0.998903222223008,0.478329863704503,0.5,0.5,0.5,0.5,0.5,0.5,0.478329863704503,0.5,0.998903222223008,0.5,0.5,0.5,0.478329863704503,0.998903222223008,0.676198787949449,0.323801212050551,0.998903222223008,0.478329863704503,0.406658271924567,0.966112552100595,0.00109677777699169,0.00109437193400748,0.478329863704503,-0.0207309466813658,CBCbothPairsAsymRW,CBCdriftDiffusionLR,0.5,0.997806444446017,0.0194409156951852,0.0433402725909933,0.0135700354938482,1.16518255740193,3.08596366813585,3.07578808066784,0.5,49.9264310739668
CBC_1017,CBC_1017_MSI_TV_v3_Vset5_Tset1_2023-06-25_09h48.15.887.csv,1,5,3,1,z,0,1,3,tac,B,27,1,3B,1B,0,1,b,2.33157280000002,1,0,0,0,3B,1B,B31,2.99573227355399,0.999997594157016,0.457598917023138,0.5,0.5,0.5,0.5,0.5,0.5,0.478329863704503,0.5,0.998903222223008,0.5,0.5,0.5,0.478329863704503,0.998903222223008,0.5,0.5,0.5,0.5,0.176246976449623,0.499145135416069,-0.5,-0.00972045784759262,-0.5,0.00678501774692408,CBCbothPairsAsymRW,CBCdriftDiffusionLR,0.5,0.997806444446017,0.0194409156951852,0.0433402725909933,0.0135700354938482,1.16518255740193,3.08596366813585,3.07578808066784,0.5,49.9264310739668
CBC_1017,CBC_1017_MSI_TV_v3_Vset5_Tset1_2023-06-25_09h48.15.887.csv,1,6,2,3,b,1,0,0,tac,C,63,1,2C,3C,1,0,b,2.38814569999998,1,0,1,1,2C,3C,C23,3.04452243772342,0.999997594157016,0.457598917023138,0.5,0.5,0.5,0.506785017746924,0.5,0.490279542152407,0.478329863704503,0.5,0.998903222223008,0.5,0.5,0.5,0.478329863704503,0.998903222223008,0.666422759930788,0.333577240069212,0.998903222223008,0.5,0.438511984606319,0.959202337768434,0.00109677777699169,0.00109437193400748,0.5,-0.0216701362954966,CBCbothPairsAsymRW,CBCdriftDiffusionLR,0.5,0.997806444446017,0.0194409156951852,0.0433402725909933,0.0135700354938482,1.16518255740193,3.08596366813585,3.07578808066784,0.5,49.9264310739668
CBC_1017,CBC_1017_MSI_TV_v3_Vset5_Tset1_2023-06-25_09h48.15.887.csv,1,7,2,3,z,0,1,1,tac,D,63,0,2D,3D,1,0,z,2.2369557,0,1,1,0,3D,2D,D23,3.09104245335832,0.999997594157016,0.457598917023138,0.5,0.5,0.5,0.506785017746924,0.5,0.490279542152407,0.478329863704503,0.5,0.999997594157016,0.478329863704503,0.5,0.5,0.478329863704503,0.998903222223008,0.676198787949449,0.323801212050551,0.998903222223008,0.478329863704503,0.517785836128732,0.965780345852659,-0.998903222223008,-0.0194195933308864,-0.521670136295497,0.0070790822656105,CBCbothPairsAsymRW,CBCdriftDiffusionLR,0.5,0.997806444446017,0.0194409156951852,0.0433402725909933,0.0135700354938482,1.16518255740193,3.08596366813585,3.07578808066784,0.5,49.9264310739668
CBC_1017,CBC_1017_MSI_TV_v3_Vset5_Tset1_2023-06-25_09h48.15.887.csv,1,8,1,0,b,1,0,3,tac,B,63,1,1B,0B,1,0,b,4.23765849999997,1,0,1,1,1B,0B,B10,3.13549421592915,0.999997594157016,0.457598917023138,0.5,0.5,0.5,0.506785017746924,0.5,0.490279542152407,0.478329863704503,0.5,0.999997594157016,0.478329863704503,0.5,0.5,0.485408945970114,0.979483628892122,0.503369645767131,0.496630354232869,0.506785017746924,0.5,0.068894923821627,0.515248828618504,0.493214982253076,0.492133087789447,0.5,-0.0216701362954966,CBCbothPairsAsymRW,CBCdriftDiffusionLR,0.5,0.997806444446017,0.0194409156951852,0.0433402725909933,0.0135700354938482,1.16518255740193,3.08596366813585,3.07578808066784,0.5,49.9264310739668
CBC_1017,CBC_1017_MSI_TV_v3_Vset5_Tset1_2023-06-25_09h48.15.887.csv,1,9,0,2,b,1,0,2,tac,A,27,1,0A,2A,1,0,b,2.6871776,1,0,1,1,0A,2A,A02,3.17805383034795,0.999997594157016,0.457598917023138,0.5,0.5,0.478329863704503,0.998918105536371,0.5,0.490279542152407,0.478329863704503,0.5,0.999997594157016,0.478329863704503,0.5,0.5,0.485408945970114,0.979483628892122,0.666666132034035,0.333333867965965,0.999997594157016,0.5,0.324727362898614,0.959219827258535,2.40584298416557e-06,2.40056563392565e-06,0.5,-0.0216701362954966,CBCbothPairsAsymRW,CBCdriftDiffusionLR,0.5,0.997806444446017,0.0194409156951852,0.0433402725909933,0.0135700354938482,1.16518255740193,3.08596366813585,3.07578808066784,0.5,49.9264310739668
CBC_1017,CBC_1017_MSI_TV_v3_Vset5_Tset1_2023-06-25_09h48.15.887.csv,1,10,0,3,z,0,1,1,tac,D,9,1,0D,3D,0,1,z,2.41491839999999,0,1,1,1,3D,0D,D03,3.2188758248682,0.99999999472265,0.457598917023138,0.478329863704503,0.5,0.478329863704503,0.998918105536371,0.5,0.490279542152407,0.478329863704503,0.5,0.999997594157016,0.478329863704503,0.5,0.5,0.485408945970114,0.979483628892122,0.662044249604564,0.337955750395436,0.979483628892122,0.5,0.424448208102417,0.956210775349829,0.0205163711078781,0.0204713673080868,0.5,-0.0216701362954966,CBCbothPairsAsymRW,CBCdriftDiffusionLR,0.5,0.997806444446017,0.0194409156951852,0.0433402725909933,0.0135700354938482,1.16518255740193,3.08596366813585,3.07578808066784,0.5,49.9264310739668
CBC_1017,CBC_1017_MSI_TV_v3_Vset5_Tset1_2023-06-25_09h48.15.887.csv,1,11,3,2,z,0,1,0,tac,C,63,1,3C,2C,0,1,z,1.59141460000002,0,1,1,1,2C,3C,C32,3.25809653802148,0.99999999472265,0.457598917023138,0.478329863704503,0.5,0.478329863704503,0.998918105536371,0.5,0.490279542152407,0.478329863704503,0.5,0.999997594157016,0.478329863704503,0.478329863704503,0.5,0.485408945970114,0.999954996200209,0.676438490565255,0.323561509434746,0.999997594157016,0.478329863704503,0.570079703793054,0.966071664780579,2.40584298416557e-06,2.40056563392565e-06,0.478329863704503,-0.0207309466813658,CBCbothPairsAsymRW,CBCdriftDiffusionLR,0.5,0.997806444446017,0.0194409156951852,0.0433402725909933,0.0135700354938482,1.16518255740193,3.08596366813585,3.07578808066784,0.5,49.9264310739668
CBC_1017,CBC_1017_MSI_TV_v3_Vset5_Tset1_2023-06-25_09h48.15.887.csv,1,12,1,0,b,1,0,3,tac,B,63,1,1B,0B,1,0,b,2.45836850000002,1,0,1,1,1B,0B,B10,2.60268968544438,0.99999999472265,0.457598917023138,0.478329863704503,0.5,0.478329863704503,0.998918105536371,0.5,0.490279542152407,0.478329863704503,0.5,0.99999999472265,0.457598917023138,0.478329863704503,0.5,0.485408945970114,0.999954996200209,0.676202050255444,0.323797949744556,0.998918105536371,0.478329863704503,0.413568182756804,0.965894774733532,0.00108189446362905,0.00107952126801953,0.478329863704503,-0.0207309466813658,CBCbothPairsAsymRW,CBCdriftDiffusionLR,0.5,0.997806444446017,0.0194409156951852,0.0433402725909933,0.0135700354938482,1.16518255740193,3.08596366813585,3.07578808066784,0.5,49.9264310739668
CBC_1017,CBC_1017_MSI_TV_v3_Vset5_Tset1_2023-06-25_09h48.15.887.csv,1,13,3,2,b,1,0,1,tac,D,63,1,3D,2D,1,0,b,3.09475880000004,1,0,1,1,3D,2D,D32,2.63905732961526,0.99999999472265,0.457598917023138,0.478329863704503,0.5,0.457598917023138,0.999997626804391,0.5,0.490279542152407,0.478329863704503,0.5,0.99999999472265,0.457598917023138,0.478329863704503,0.5,0.485408945970114,0.999954996200209,0.673205379376004,0.326794620623996,0.999954996200209,0.485408945970114,0.208479598970551,0.963921776251463,4.50037997912212e-05,4.49050814562388e-05,0.485408945970114,-0.0210377560364515,CBCbothPairsAsymRW,CBCdriftDiffusionLR,0.5,0.997806444446017,0.0194409156951852,0.0433402725909933,0.0135700354938482,1.16518255740193,3.08596366813585,3.07578808066784,0.5,49.9264310739668
CBC_1017,CBC_1017_MSI_TV_v3_Vset5_Tset1_2023-06-25_09h48.15.887.csv,1,14,3,2,z,0,1,0,tac,C,63,1,3C,2C,0,1,z,2.04662249999997,0,1,1,1,2C,3C,C32,2.67414864942653,0.99999999472265,0.457598917023138,0.478329863704503,0.5,0.457598917023138,0.999997626804391,0.5,0.490279542152407,0.478329863704503,0.5,0.99999999472265,0.457598917023138,0.478329863704503,0.5,0.464371189933662,0.999999901281665,0.686059784117796,0.313940215882204,0.99999999472265,0.457598917023138,0.633953870057693,0.971631375784886,5.27735022348708e-09,5.26577406259403e-09,0.457598917023138,-0.0198324618011261,CBCbothPairsAsymRW,CBCdriftDiffusionLR,0.5,0.997806444446017,0.0194409156951852,0.0433402725909933,0.0135700354938482,1.16518255740193,3.08596366813585,3.07578808066784,0.5,49.9264310739668
CBC_1017,CBC_1017_MSI_TV_v3_Vset5_Tset1_2023-06-25_09h48.15.887.csv,1,15,1,3,b,1,0,3,tac,B,27,1,1B,3B,1,0,b,2.36582920000002,1,0,1,1,1B,3B,B13,3.40119738166216,0.99999999472265,0.457598917023138,0.478329863704503,0.5,0.457598917023138,0.999997626804391,0.5,0.490279542152407,0.478329863704503,0.5,0.999999999988424,0.437766455222011,0.478329863704503,0.5,0.464371189933662,0.999999901281665,0.671014525106356,0.328985474893644,0.999997626804391,0.490279542152407,0.451995255815498,0.962696094289386,2.37319560947302e-06,2.36798987306317e-06,0.490279542152407,-0.0212488490026727,CBCbothPairsAsymRW,CBCdriftDiffusionLR,0.5,0.997806444446017,0.0194409156951852,0.0433402725909933,0.0135700354938482,1.16518255740193,3.08596366813585,3.07578808066784,0.5,49.9264310739668
CBC_1017,CBC_1017_MSI_TV_v3_Vset5_Tset1_2023-06-25_09h48.15.887.csv,1,16,3,0,z,0,1,2,tac,A,9,1,3A,0A,0,1,z,2.60067589999996,0,1,1,1,0A,3A,A30,3.43398720448515,0.99999999472265,0.457598917023138,0.478329863704503,0.5,0.457598917023138,0.999999994794264,0.5,0.469030693149735,0.478329863704503,0.5,0.999999999988424,0.437766455222011,0.478329863704503,0.5,0.464371189933662,0.999999901281665,0.666666665493922,0.333333334506078,0.99999999472265,0.5,0.354782166160877,0.959400527324135,5.27735022348708e-09,5.26577406259403e-09,0.5,-0.0216701362954966,CBCbothPairsAsymRW,CBCdriftDiffusionLR,0.5,0.997806444446017,0.0194409156951852,0.0433402725909933,0.0135700354938482,1.16518255740193,3.08596366813585,3.07578808066784,0.5,49.9264310739668
CBC_1017,CBC_1017_MSI_TV_v3_Vset5_Tset1_2023-06-25_09h48.15.887.csv,1,17,3,2,b,1,0,1,tac,D,63,1,3D,2D,1,0,b,2.15621020000005,1,0,1,1,3D,2D,D32,2.36712361413162,0.999999999988424,0.457598917023138,0.478329863704503,0.478329863704503,0.457598917023138,0.999999994794264,0.5,0.469030693149735,0.478329863704503,0.5,0.999999999988424,0.437766455222011,0.478329863704503,0.5,0.464371189933662,0.999999901281665,0.682886945310928,0.317113054689072,0.999999901281665,0.464371189933662,0.568656730105813,0.969752637902598,9.8718334951009e-08,9.85017907990972e-08,0.464371189933662,-0.0201259739551288,CBCbothPairsAsymRW,CBCdriftDiffusionLR,0.5,0.997806444446017,0.0194409156951852,0.0433402725909933,0.0135700354938482,1.16518255740193,3.08596366813585,3.07578808066784,0.5,49.9264310739668
CBC_1017,CBC_1017_MSI_TV_v3_Vset5_Tset1_2023-06-25_09h48.15.887.csv,1,18,2,0,b,1,0,0,tac,C,27,1,2C,0C,1,0,b,2.42951219999999,1,0,1,1,2C,0C,C20,2.80336038090653,0.999999999988424,0.457598917023138,0.478329863704503,0.478329863704503,0.457598917023138,0.999999994794264,0.5,0.469030693149735,0.478329863704503,0.5,0.999999999988424,0.437766455222011,0.478329863704503,0.5,0.444245215978534,0.999999999783456,0.676439017128683,0.323560982871317,0.999999999988424,0.478329863704503,0.426424676088999,0.966066889727222,1.1576184455464e-11,1.15507914517578e-11,0.478329863704503,-0.0207309466813658,CBCbothPairsAsymRW,CBCdriftDiffusionLR,0.5,0.997806444446017,0.0194409156951852,0.0433402725909933,0.0135700354938482,1.16518255740193,3.08596366813585,3.07578808066784,0.5,49.9264310739668
CBC_1017,CBC_1017_MSI_TV_v3_Vset5_Tset1_2023-06-25_09h48.15.887.csv,1,19,1,0,z,0,1,2,tac,A,63,1,1A,0A,0,1,z,2.52190630000003,0,1,1,1,0A,1A,A10,2.42774823594805,0.999999999988424,0.457598917023138,0.478329863704503,0.478329863704503,0.457598917023138,0.999999994794264,0.5,0.469030693149735,0.457598917023138,0.5,0.999999999999975,0.437766455222011,0.478329863704503,0.5,0.444245215978534,0.999999999783456,0.686059785251948,0.313940214748052,0.999999999988424,0.457598917023138,0.3870875546281,0.971617649950077,1.1576184455464e-11,1.15507914517578e-11,0.457598917023138,-0.0198324618011261,CBCbothPairsAsymRW,CBCdriftDiffusionLR,0.5,0.997806444446017,0.0194409156951852,0.0433402725909933,0.0135700354938482,1.16518255740193,3.08596366813585,3.07578808066784,0.5,49.9264310739668
CBC_1017,CBC_1017_MSI_TV_v3_Vset5_Tset1_2023-06-25_09h48.15.887.csv,1,20,0,1,z,0,1,3,tac,B,63,0,0B,1B,1,0,z,1.79482950000001,0,1,1,0,1B,0B,B01,3.55534806148941,0.999999999999975,0.437766455222011,0.478329863704503,0.478329863704503,0.457598917023138,0.999999994794264,0.5,0.469030693149735,0.457598917023138,0.5,0.999999999999975,0.437766455222011,0.478329863704503,0.5,0.444245215978534,0.999999999783456,0.686059784133221,0.313940215866779,0.999999994794264,0.457598917023138,0.724188979432846,0.971501217040417,-0.999999994794264,-0.019440915593981,-0.542401082976862,0.00736040194789771,CBCbothPairsAsymRW,CBCdriftDiffusionLR,0.5,0.997806444446017,0.0194409156951852,0.0433402725909933,0.0135700354938482,1.16518255740193,3.08596366813585,3.07578808066784,0.5,49.9264310739668
CBC_1017,CBC_1017_MSI_TV_v3_Vset5_Tset1_2023-06-25_09h48.15.887.csv,1,21,1,3,z,0,1,1,tac,D,27,1,1D,3D,0,1,z,2.22417740000004,0,1,1,1,3D,1D,D13,3.58351893845611,0.999999999999975,0.437766455222011,0.478329863704503,0.478329863704503,0.464959318971035,0.980559079200283,0.5,0.469030693149735,0.457598917023138,0.5,0.999999999999975,0.437766455222011,0.478329863704503,0.5,0.444245215978534,0.999999999783456,0.666666666618546,0.333333333381454,0.999999999783456,0.5,0.511232409396235,0.959177823033979,2.16544115971828e-10,2.16069114423556e-10,0.5,-0.0216701362954966,CBCbothPairsAsymRW,CBCdriftDiffusionLR,0.5,0.997806444446017,0.0194409156951852,0.0433402725909933,0.0135700354938482,1.16518255740193,3.08596366813585,3.07578808066784,0.5,49.9264310739668
CBC_1017,CBC_1017_MSI_TV_v3_Vset5_Tset1_2023-06-25_09h48.15.887.csv,1,22,2,3,b,1,0,0,tac,C,63,1,2C,3C,1,0,b,2.50879320000003,1,0,1,1,2C,3C,C23,2.91777073208428,0.999999999999975,0.437766455222011,0.478329863704503,0.478329863704503,0.464959318971035,0.980559079200283,0.5,0.469030693149735,0.457598917023138,0.5,0.999999999999975,0.437766455222011,0.478329863704503,0.478329863704503,0.444245215978534,0.999999999999525,0.6955232516157,0.3044767483843,0.999999999999975,0.437766455222011,0.391872173782242,0.976172893379769,2.54241072639161e-14,2.53683380722223e-14,0.437766455222012,-0.0189729175005148,CBCbothPairsAsymRW,CBCdriftDiffusionLR,0.5,0.997806444446017,0.0194409156951852,0.0433402725909933,0.0135700354938482,1.16518255740193,3.08596366813585,3.07578808066784,0.5,49.9264310739668
CBC_1017,CBC_1017_MSI_TV_v3_Vset5_Tset1_2023-06-25_09h48.15.887.csv,1,23,1,0,b,1,0,3,tac,B,63,1,1B,0B,1,0,b,1.6989622,1,0,1,1,1B,0B,B10,2.53897387105828,0.999999999999975,0.437766455222011,0.478329863704503,0.478329863704503,0.464959318971035,0.980559079200283,0.5,0.469030693149735,0.457598917023138,0.5,1,0.418793537721497,0.478329863704503,0.478329863704503,0.444245215978534,0.999999999999525,0.678344239990829,0.321655760009171,0.980559079200283,0.464959318971035,0.6755333635674,0.967315070898672,0.0194409207997174,0.0193982760599226,0.464959318971035,-0.0201514636279273,CBCbothPairsAsymRW,CBCdriftDiffusionLR,0.5,0.997806444446017,0.0194409156951852,0.0433402725909933,0.0135700354938482,1.16518255740193,3.08596366813585,3.07578808066784,0.5,49.9264310739668
CBC_1017,CBC_1017_MSI_TV_v3_Vset5_Tset1_2023-06-25_09h48.15.887.csv,1,24,2,0,z,0,1,2,tac,A,27,1,2A,0A,0,1,b,2.31521490000002,1,0,0,0,2A,0A,A20,3.66356164612965,0.999999999999975,0.437766455222011,0.478329863704503,0.478329863704503,0.444807855343108,0.999957355260205,0.5,0.469030693149735,0.457598917023138,0.5,1,0.418793537721497,0.478329863704503,0.478329863704503,0.444245215978534,0.999999999999525,0.323560982868789,0.676439017131211,0.478329863704503,0.999999999999975,0.0168161762494565,0.0338589360840231,-0.478329863704503,-0.0092991705547687,-2.54241072639161e-14,3.45006037970744e-16,CBCbothPairsAsymRW,CBCdriftDiffusionLR,0.5,0.997806444446017,0.0194409156951852,0.0433402725909933,0.0135700354938482,1.16518255740193,3.08596366813585,3.07578808066784,0.5,49.9264310739668
CBC_1017,CBC_1017_MSI_TV_v3_Vset5_Tset1_2023-06-25_09h48.15.887.csv,1,25,2,3,z,0,1,1,tac,D,63,1,2D,3D,0,1,z,2.5066958,0,1,1,1,3D,2D,D23,2.99573227355399,0.999999999999975,0.437766455222011,0.469030693149735,0.478329863704503,0.444807855343108,0.999957355260205,0.5,0.469030693149735,0.457598917023138,0.5,1,0.418793537721497,0.478329863704503,0.478329863704503,0.444245215978534,0.999999999999525,0.692403193679485,0.307596806320515,0.999999999999525,0.444245215978534,0.393372084635368,0.9747880066451,4.74953409934642e-13,4.73911573244396e-13,0.444245215978534,-0.0192537087577543,CBCbothPairsAsymRW,CBCdriftDiffusionLR,0.5,0.997806444446017,0.0194409156951852,0.0433402725909933,0.0135700354938482,1.16518255740193,3.08596366813585,3.07578808066784,0.5,49.9264310739668
CBC_1017,CBC_1017_MSI_TV_v3_Vset5_Tset1_2023-06-25_09h48.15.887.csv,1,26,2,0,b,1,0,0,tac,C,27,1,2C,0C,1,0,b,2.20445409999998,1,0,1,1,2C,0C,C20,2.6149597780362,0.999999999999975,0.437766455222011,0.469030693149735,0.478329863704503,0.444807855343108,0.999957355260205,0.5,0.469030693149735,0.457598917023138,0.5,1,0.418793537721497,0.478329863704503,0.478329863704503,0.424991507220779,0.999999999999999,0.686059785254441,0.313940214745559,1,0.457598917023138,0.546795573382116,0.971596408981176,1.11022302462516e-16,1.10778768874333e-16,0.457598917023138,-0.0198324618011261,CBCbothPairsAsymRW,CBCdriftDiffusionLR,0.5,0.997806444446017,0.0194409156951852,0.0433402725909933,0.0135700354938482,1.16518255740193,3.08596366813585,3.07578808066784,0.5,49.9264310739668
CBC_1017,CBC_1017_MSI_TV_v3_Vset5_Tset1_2023-06-25_09h48.15.887.csv,1,27,1,0,b,1,0,3,tac,B,63,1,1B,0B,1,0,b,2.33832289999999,1,0,1,1,1B,0B,B10,2.35137525716348,0.999999999999975,0.437766455222011,0.469030693149735,0.478329863704503,0.444807855343108,0.999957355260205,0.5,0.469030693149735,0.437766455222011,0.5,1,0.418793537721497,0.478329863704503,0.478329863704503,0.424991507220779,0.999999999999999,0.692124469721026,0.307875530278974,0.999957355260205,0.444807855343108,0.478068422115787,0.974691659091182,4.26447397947616e-05,4.25511961889366e-05,0.444807855343108,-0.0192780937011854,CBCbothPairsAsymRW,CBCdriftDiffusionLR,0.5,0.997806444446017,0.0194409156951852,0.0433402725909933,0.0135700354938482,1.16518255740193,3.08596366813585,3.07578808066784,0.5,49.9264310739668
CBC_1017,CBC_1017_MSI_TV_v3_Vset5_Tset1_2023-06-25_09h48.15.887.csv,1,28,0,1,b,1,0,2,tac,A,63,1,0A,1A,1,0,b,2.10907870000001,1,0,1,1,0A,1A,A01,3.76120011569356,0.999999999999975,0.437766455222011,0.469030693149735,0.478329863704503,0.425529761641923,0.999999906456394,0.5,0.469030693149735,0.437766455222011,0.5,1,0.418793537721497,0.478329863704503,0.478329863704503,0.424991507220779,0.999999999999999,0.6955232516157,0.3044767483843,0.999999999999975,0.437766455222011,0.614840797262576,0.976133522474893,2.50910403565285e-14,2.50360017655992e-14,0.437766455222012,-0.0189729175005148,CBCbothPairsAsymRW,CBCdriftDiffusionLR,0.5,0.997806444446017,0.0194409156951852,0.0433402725909933,0.0135700354938482,1.16518255740193,3.08596366813585,3.07578808066784,0.5,49.9264310739668
CBC_1017,CBC_1017_MSI_TV_v3_Vset5_Tset1_2023-06-25_09h48.15.887.csv,1,29,3,2,z,0,1,0,tac,C,63,0,3C,2C,1,0,z,1.34220339999997,0,1,1,0,2C,3C,C32,2.68557734525015,1,0.418793537721497,0.469030693149735,0.478329863704503,0.425529761641923,0.999999906456394,0.5,0.469030693149735,0.437766455222011,0.5,1,0.418793537721497,0.478329863704503,0.478329863704503,0.424991507220779,0.999999999999999,0.704824185769794,0.295175814230206,1,0.418793537721497,0.0627739633935571,0.979963783853553,-1,-0.0194409156951852,-0.581206462278503,0.00788699232237322,CBCbothPairsAsymRW,CBCdriftDiffusionLR,0.5,0.997806444446017,0.0194409156951852,0.0433402725909933,0.0135700354938482,1.16518255740193,3.08596366813585,3.07578808066784,0.5,49.9264310739668
CBC_1017,CBC_1017_MSI_TV_v3_Vset5_Tset1_2023-06-25_09h48.15.887.csv,1,30,3,1,b,1,0,1,tac,D,27,1,3D,1D,1,0,b,1.99046899999998,1,0,1,1,3D,1D,D31,3.80666248977032,1,0.418793537721497,0.469030693149735,0.478329863704503,0.425529761641923,0.999999906456394,0.5,0.469030693149735,0.437766455222011,0.5,0.980559084304815,0.42668053004387,0.478329863704503,0.478329863704503,0.424991507220779,0.999999999999999,0.676439017131217,0.323560982868783,0.999999999999999,0.478329863704503,0.638988410422764,0.966113669552713,9.99200722162641e-16,9.97008919868997e-16,0.478329863704503,-0.0207309466813658,CBCbothPairsAsymRW,CBCdriftDiffusionLR,0.5,0.997806444446017,0.0194409156951852,0.0433402725909933,0.0135700354938482,1.16518255740193,3.08596366813585,3.07578808066784,0.5,49.9264310739668
CBC_1017,CBC_1017_MSI_TV_v3_Vset5_Tset1_2023-06-25_09h48.15.887.csv,1,31,1,0,z,0,1,2,tac,A,63,1,1A,0A,0,1,z,2.01762500000002,0,1,1,1,0A,1A,A10,2.4423470353692,1,0.418793537721497,0.469030693149735,0.478329863704503,0.425529761641923,0.999999906456394,0.5,0.469030693149735,0.437766455222011,0.5,0.980559084304815,0.42668053004387,0.478329863704503,0.457598917023138,0.424991507220779,1,0.704824185769794,0.295175814230206,1,0.418793537721497,0.687881258332844,0.979827583602808,0,0,0.418793537721497,-0.0181506260841961,CBCbothPairsAsymRW,CBCdriftDiffusionLR,0.5,0.997806444446017,0.0194409156951852,0.0433402725909933,0.0135700354938482,1.16518255740193,3.08596366813585,3.07578808066784,0.5,49.9264310739668
CBC_1017,CBC_1017_MSI_TV_v3_Vset5_Tset1_2023-06-25_09h48.15.887.csv,1,32,3,2,b,1,0,1,tac,D,63,1,3D,2D,1,0,b,2.95366700000001,1,0,1,1,3D,2D,D32,2.46385324059017,1,0.400642911637301,0.469030693149735,0.478329863704503,0.425529761641923,0.999999906456394,0.5,0.469030693149735,0.437766455222011,0.5,0.980559084304815,0.42668053004387,0.478329863704503,0.457598917023138,0.424991507220779,1,0.701758568337254,0.298241431662746,1,0.424991507220779,0.221273911530927,0.97872935990111,0,0,0.424991507220779,-0.0184192477718057,CBCbothPairsAsymRW,CBCdriftDiffusionLR,0.5,0.997806444446017,0.0194409156951852,0.0433402725909933,0.0135700354938482,1.16518255740193,3.08596366813585,3.07578808066784,0.5,49.9264310739668
CBC_1017,CBC_1017_MSI_TV_v3_Vset5_Tset1_2023-06-25_09h48.15.887.csv,1,33,2,1,z,0,1,3,tac,B,9,1,2B,1B,0,1,z,2.41031959999999,0,1,1,1,1B,2B,B21,3.87120101090789,1,0.400642911637301,0.469030693149735,0.478329863704503,0.425529761641923,0.999999906456394,0.5,0.469030693149735,0.437766455222011,0.5,0.980559084304815,0.42668053004387,0.478329863704503,0.457598917023138,0.406572259448974,1,0.666666645879197,0.333333354120803,0.999999906456394,0.5,0.429307863764521,0.959387085787021,9.35436058613348e-08,9.3338412765158e-08,0.5,-0.0216701362954966,CBCbothPairsAsymRW,CBCdriftDiffusionLR,0.5,0.997806444446017,0.0194409156951852,0.0433402725909933,0.0135700354938482,1.16518255740193,3.08596366813585,3.07578808066784,0.5,49.9264310739668
CBC_1017,CBC_1017_MSI_TV_v3_Vset5_Tset1_2023-06-25_09h48.15.887.csv,1,34,1,0,z,0,1,2,tac,A,63,1,1A,0A,0,1,z,3.35002190000002,0,1,1,1,0A,1A,A10,2.28238238567653,1,0.400642911637301,0.469030693149735,0.478329863704503,0.425529761641923,0.999999999794807,0.478329863704503,0.469030693149735,0.437766455222011,0.5,0.980559084304815,0.42668053004387,0.478329863704503,0.457598917023138,0.406572259448974,1,0.713957848707517,0.286042151292483,1,0.400642911637301,0.120233249772118,0.983139894791919,0,0,0.4006429116373,-0.0173639730020098,CBCbothPairsAsymRW,CBCdriftDiffusionLR,0.5,0.997806444446017,0.0194409156951852,0.0433402725909933,0.0135700354938482,1.16518255740193,3.08596366813585,3.07578808066784,0.5,49.9264310739668
CBC_1017,CBC_1017_MSI_TV_v3_Vset5_Tset1_2023-06-25_09h48.15.887.csv,1,35,2,1,b,1,0,0,tac,C,9,1,2C,1C,1,0,b,3.34449560000003,1,0,1,1,2C,1C,C21,3.91202300542815,1,0.383278938635291,0.469030693149735,0.478329863704503,0.425529761641923,0.999999999794807,0.478329863704503,0.469030693149735,0.437766455222011,0.5,0.980559084304815,0.42668053004387,0.478329863704503,0.457598917023138,0.406572259448974,1,0.662289735478695,0.337710264521305,0.980559084304815,0.5,0.166622685270697,0.956034259241354,0.0194409156951852,0.0193982709665875,0.5,-0.0216701362954966,CBCbothPairsAsymRW,CBCdriftDiffusionLR,0.5,0.997806444446017,0.0194409156951852,0.0433402725909933,0.0135700354938482,1.16518255740193,3.08596366813585,3.07578808066784,0.5,49.9264310739668
CBC_1017,CBC_1017_MSI_TV_v3_Vset5_Tset1_2023-06-25_09h48.15.887.csv,1,36,1,0,b,1,0,3,tac,B,63,1,1B,0B,1,0,b,2.2425724000001,1,0,1,1,1B,0B,B10,2.32238772029023,1,0.383278938635291,0.469030693149735,0.478329863704503,0.425529761641923,0.999999999794807,0.478329863704503,0.469030693149735,0.437766455222011,0.478329863704503,0.999957355271402,0.42668053004387,0.478329863704503,0.457598917023138,0.406572259448974,1,0.701493596869525,0.298506403130475,0.999999999794807,0.425529761641923,0.538435553939529,0.97862046700524,2.05193084745758e-10,2.04742982315075e-10,0.425529761641923,-0.0184425758651413,CBCbothPairsAsymRW,CBCdriftDiffusionLR,0.5,0.997806444446017,0.0194409156951852,0.0433402725909933,0.0135700354938482,1.16518255740193,3.08596366813585,3.07578808066784,0.5,49.9264310739668
CBC_1017,CBC_1017_MSI_TV_v3_Vset5_Tset1_2023-06-25_09h48.15.887.csv,1,37,0,1,b,1,0,2,tac,A,63,0,0A,1A,0,1,b,3.2898828,1,0,1,0,0A,1A,A01,3.25809653802148,1,0.383278938635291,0.469030693149735,0.478329863704503,0.407087185776781,0.99999999999955,0.478329863704503,0.469030693149735,0.437766455222011,0.478329863704503,0.999957355271402,0.42668053004387,0.478329863704503,0.457598917023138,0.406572259448974,1,0.722919992540749,0.277080007459251,1,0.383278938635291,0.121543403810083,0.985722646762327,-1,-0.0194409156951852,-0.616721061364709,0.00836892669252282,CBCbothPairsAsymRW,CBCdriftDiffusionLR,0.5,0.997806444446017,0.0194409156951852,0.0433402725909933,0.0135700354938482,1.16518255740193,3.08596366813585,3.07578808066784,0.5,49.9264310739668
CBC_1017,CBC_1017_MSI_TV_v3_Vset5_Tset1_2023-06-25_09h48.15.887.csv,1,38,0,1,z,0,1,3,tac,B,63,1,0B,1B,0,1,z,2.26754830000006,0,1,1,1,1B,0B,B01,3.27714473299218,0.980559084304815,0.391647865327814,0.469030693149735,0.478329863704503,0.407087185776781,0.99999999999955,0.478329863704503,0.469030693149735,0.437766455222011,0.478329863704503,0.999957355271402,0.42668053004387,0.478329863704503,0.457598917023138,0.406572259448974,1,0.710688015716539,0.289311984283461,0.99999999999955,0.407087185776781,0.527180088113912,0.982011197152635,4.50084414183038e-13,4.49097129016546e-13,0.407087185776781,-0.017643269599866,CBCbothPairsAsymRW,CBCdriftDiffusionLR,0.5,0.997806444446017,0.0194409156951852,0.0433402725909933,0.0135700354938482,1.16518255740193,3.08596366813585,3.07578808066784,0.5,49.9264310739668
CBC_1017,CBC_1017_MSI_TV_v3_Vset5_Tset1_2023-06-25_09h48.15.887.csv,1,39,1,3,z,0,1,1,tac,D,27,1,1D,3D,0,1,z,2.53284459999999,0,1,1,1,3D,1D,D13,3.29583686600433,0.980559084304815,0.391647865327814,0.469030693149735,0.478329863704503,0.389443916176915,0.999999999999999,0.478329863704503,0.469030693149735,0.437766455222011,0.478329863704503,0.999957355271402,0.42668053004387,0.478329863704503,0.457598917023138,0.406572259448974,1,0.686059785254441,0.313940214745559,1,0.457598917023138,0.382291638979179,0.971655387485362,0,0,0.457598917023138,-0.0198324618011261,CBCbothPairsAsymRW,CBCdriftDiffusionLR,0.5,0.997806444446017,0.0194409156951852,0.0433402725909933,0.0135700354938482,1.16518255740193,3.08596366813585,3.07578808066784,0.5,49.9264310739668
CBC_1017,CBC_1017_MSI_TV_v3_Vset5_Tset1_2023-06-25_09h48.15.887.csv,1,40,3,2,z,0,1,0,tac,C,63,1,3C,2C,0,1,z,2.26870859999998,0,1,1,1,2C,3C,C32,2.62103882411258,0.980559084304815,0.391647865327814,0.469030693149735,0.478329863704503,0.389443916176915,0.999999999999999,0.478329863704503,0.469030693149735,0.437766455222011,0.478329863704503,0.999957355271402,0.42668053004387,0.478329863704503,0.437766455222011,0.406572259448974,1,0.700918828501755,0.299081171498245,0.999957355271402,0.42668053004387,0.522086956733237,0.978399684131291,4.26447285977183e-05,4.25511850164546e-05,0.42668053004387,-0.0184924504813708,CBCbothPairsAsymRW,CBCdriftDiffusionLR,0.5,0.997806444446017,0.0194409156951852,0.0433402725909933,0.0135700354938482,1.16518255740193,3.08596366813585,3.07578808066784,0.5,49.9264310739668
CBC_1017,CBC_1017_MSI_TV_v3_Vset5_Tset1_2023-06-25_09h48.15.887.csv,1,41,0,2,b,1,0,2,tac,A,27,1,0A,2A,1,0,z,2.37229900000001,0,1,0,0,2A,0A,A02,3.3322045101752,0.980559084304815,0.391647865327814,0.469030693149735,0.478329863704503,0.389443916176915,0.999999999999999,0.478329863704503,0.469030693149735,0.437766455222011,0.478329863704503,0.999999906456419,0.408188079562499,0.478329863704503,0.437766455222011,0.406572259448974,1,0.323560982868783,0.676439017131217,0.469030693149735,0.980559084304815,0.015869457608938,0.03387152527517,-0.469030693149735,-0.00911838616397829,-0.0194409156951852,0.000263813916016574,CBCbothPairsAsymRW,CBCdriftDiffusionLR,0.5,0.997806444446017,0.0194409156951852,0.0433402725909933,0.0135700354938482,1.16518255740193,3.08596366813585,3.07578808066784,0.5,49.9264310739668
CBC_1017,CBC_1017_MSI_TV_v3_Vset5_Tset1_2023-06-25_09h48.15.887.csv,1,42,2,3,z,0,1,1,tac,D,63,1,2D,3D,0,1,z,2.89780430000009,0,1,1,1,3D,2D,D23,2.94443897916644,0.980822898220831,0.391647865327814,0.459912306985756,0.478329863704503,0.389443916176915,0.999999999999999,0.478329863704503,0.469030693149735,0.437766455222011,0.478329863704503,0.999999906456419,0.408188079562499,0.478329863704503,0.437766455222011,0.406572259448974,1,0.710948188606927,0.289051811393073,1,0.406572259448974,0.228707398065455,0.982151225498645,0,0,0.406572259448974,-0.0176209525524546,CBCbothPairsAsymRW,CBCdriftDiffusionLR,0.5,0.997806444446017,0.0194409156951852,0.0433402725909933,0.0135700354938482,1.16518255740193,3.08596366813585,3.07578808066784,0.5,49.9264310739668
CBC_1017,CBC_1017_MSI_TV_v3_Vset5_Tset1_2023-06-25_09h48.15.887.csv,1,43,1,3,b,1,0,3,tac,B,27,1,1B,3B,1,0,b,2.40064880000001,1,0,1,1,1B,3B,B13,3.36729582998647,0.980822898220831,0.391647865327814,0.459912306985756,0.478329863704503,0.389443916176915,0.999999999999999,0.478329863704503,0.469030693149735,0.437766455222011,0.478329863704503,0.999999906456419,0.408188079562499,0.478329863704503,0.437766455222011,0.388951306896519,1,0.680720971088704,0.319279028911296,0.999999999999999,0.469030693149735,0.441627986915673,0.968750989256582,9.99200722162641e-16,9.97008919868997e-16,0.469030693149735,-0.020327918094652,CBCbothPairsAsymRW,CBCdriftDiffusionLR,0.5,0.997806444446017,0.0194409156951852,0.0433402725909933,0.0135700354938482,1.16518255740193,3.08596366813585,3.07578808066784,0.5,49.9264310739668
CBC_1017,CBC_1017_MSI_TV_v3_Vset5_Tset1_2023-06-25_09h48.15.887.csv,1,44,3,2,z,0,1,0,tac,C,63,1,3C,2C,0,1,z,1.54533419999997,0,1,1,1,2C,3C,C32,2.46809953147162,0.980822898220831,0.391647865327814,0.459912306985756,0.478329863704503,0.389443916176915,1,0.478329863704503,0.448702775055083,0.437766455222011,0.478329863704503,0.999999906456419,0.408188079562499,0.478329863704503,0.437766455222011,0.388951306896519,1,0.710132394527462,0.289867605472538,0.999999906456419,0.408188079562499,0.623907577929403,0.981920669620206,9.35435812143837e-08,9.33383881722714e-08,0.408188079562499,-0.0176909826366328,CBCbothPairsAsymRW,CBCdriftDiffusionLR,0.5,0.997806444446017,0.0194409156951852,0.0433402725909933,0.0135700354938482,1.16518255740193,3.08596366813585,3.07578808066784,0.5,49.9264310739668
CBC_1017,CBC_1017_MSI_AV_v3_Vset3_Aset3_2023-06-25_10h04.01.692.csv,2,1,3,1,z,0,1,3,aud,B,27,1,3B,1B,0,1,z,2.01955879999991,0,1,1,1,1B,3B,B31,2.77258872223978,0.5,0.5,0.5,0.5,0.5,0.5,0.5,0.5,0.5,0.5,0.5,0.5,0.5,0.5,0.5,0.5,0.5,0.5,0.5,0.5,0.22303725897662,0.500698947900823,0.5,0.096760034757248,0.5,-0.00457125823561605,CBCbothPairsAsymRW,CBCdriftDiffusionLR,0.5,0.193520069514496,0.0120850124765809,0.0091425164712321,0.0023266240693135,0.986274194104612,5.01054177278862,2.46049559149384,0.5,47.5950703057265
CBC_1017,CBC_1017_MSI_AV_v3_Vset3_Aset3_2023-06-25_10h04.01.692.csv,2,2,2,3,b,1,0,0,aud,C,63,1,2C,3C,1,0,b,2.29919670000004,1,0,1,1,2C,3C,C23,2.83321334405622,0.5,0.5,0.5,0.5,0.5,0.596760034757248,0.5,0.495428741764384,0.5,0.5,0.5,0.5,0.5,0.5,0.5,0.5,0.5,0.5,0.5,0.5,0.177680688910542,0.499499926791775,0.5,0.096760034757248,0.5,-0.00457125823561605,CBCbothPairsAsymRW,CBCdriftDiffusionLR,0.5,0.193520069514496,0.0120850124765809,0.0091425164712321,0.0023266240693135,0.986274194104612,5.01054177278862,2.46049559149384,0.5,47.5950703057265
CBC_1017,CBC_1017_MSI_AV_v3_Vset3_Aset3_2023-06-25_10h04.01.692.csv,2,3,2,3,z,0,1,1,aud,D,63,1,2D,3D,0,1,z,2.88148130000013,0,1,1,1,3D,2D,D23,2.89037175789616,0.5,0.5,0.5,0.5,0.5,0.596760034757248,0.5,0.495428741764384,0.5,0.5,0.596760034757248,0.495428741764384,0.5,0.5,0.5,0.5,0.5,0.5,0.5,0.5,0.11074499063637,0.500157741119144,0.5,0.096760034757248,0.5,-0.00457125823561605,CBCbothPairsAsymRW,CBCdriftDiffusionLR,0.5,0.193520069514496,0.0120850124765809,0.0091425164712321,0.0023266240693135,0.986274194104612,5.01054177278862,2.46049559149384,0.5,47.5950703057265
CBC_1017,CBC_1017_MSI_AV_v3_Vset3_Aset3_2023-06-25_10h04.01.692.csv,2,4,1,0,b,1,0,3,aud,B,63,1,1B,0B,1,0,b,1.41824159999987,1,0,1,1,1B,0B,B10,2.94443897916644,0.5,0.5,0.5,0.5,0.5,0.596760034757248,0.5,0.495428741764384,0.5,0.5,0.596760034757248,0.495428741764384,0.5,0.5,0.495428741764384,0.596760034757248,0.544111761775977,0.455888238224023,0.596760034757248,0.5,0.495876767602606,0.748585009150316,0.403239965242752,0.0780350261048003,0.5,-0.00457125823561605,CBCbothPairsAsymRW,CBCdriftDiffusionLR,0.5,0.193520069514496,0.0120850124765809,0.0091425164712321,0.0023266240693135,0.986274194104612,5.01054177278862,2.46049559149384,0.5,47.5950703057265
CBC_1017,CBC_1017_MSI_AV_v3_Vset3_Aset3_2023-06-25_10h04.01.692.csv,2,5,3,0,z,0,1,2,aud,A,9,1,3A,0A,0,1,z,1.91637639999999,0,1,1,1,0A,3A,A30,2.99573227355399,0.5,0.5,0.5,0.5,0.495428741764384,0.674795060862048,0.5,0.495428741764384,0.5,0.5,0.596760034757248,0.495428741764384,0.5,0.5,0.495428741764384,0.596760034757248,0.5,0.5,0.5,0.5,0.24134555025047,0.499805776936779,0.5,0.096760034757248,0.5,-0.00457125823561605,CBCbothPairsAsymRW,CBCdriftDiffusionLR,0.5,0.193520069514496,0.0120850124765809,0.0091425164712321,0.0023266240693135,0.986274194104612,5.01054177278862,2.46049559149384,0.5,47.5950703057265
CBC_1017,CBC_1017_MSI_AV_v3_Vset3_Aset3_2023-06-25_10h04.01.692.csv,2,6,2,3,z,0,1,1,aud,D,63,1,2D,3D,0,1,b,2.32619340000019,1,0,0,0,2D,3D,D23,2.35137525716348,0.596760034757248,0.5,0.5,0.495428741764384,0.495428741764384,0.674795060862048,0.5,0.495428741764384,0.5,0.5,0.596760034757248,0.495428741764384,0.5,0.5,0.495428741764384,0.596760034757248,0.453610907211672,0.546389092788328,0.495428741764384,0.596760034757248,0.084730238548831,0.24091289279837,-0.495428741764384,-0.00598726252547935,-0.403239965242752,0.000938187808842925,CBCbothPairsAsymRW,CBCdriftDiffusionLR,0.5,0.193520069514496,0.0120850124765809,0.0091425164712321,0.0023266240693135,0.986274194104612,5.01054177278862,2.46049559149384,0.5,47.5950703057265
CBC_1017,CBC_1017_MSI_AV_v3_Vset3_Aset3_2023-06-25_10h04.01.692.csv,2,7,2,0,b,1,0,0,aud,C,27,1,2C,0C,1,0,b,2.57210459999988,1,0,1,1,2C,0C,C20,3.09104245335832,0.596760034757248,0.5,0.5,0.495428741764384,0.495428741764384,0.674795060862048,0.5,0.495428741764384,0.5,0.5,0.596760034757248,0.495428741764384,0.5,0.5,0.489441479238905,0.597698222566091,0.544111761775977,0.455888238224023,0.596760034757248,0.5,0.210146965646726,0.74785930464653,0.403239965242752,0.0780350261048003,0.5,-0.00457125823561605,CBCbothPairsAsymRW,CBCdriftDiffusionLR,0.5,0.193520069514496,0.0120850124765809,0.0091425164712321,0.0023266240693135,0.986274194104612,5.01054177278862,2.46049559149384,0.5,47.5950703057265
CBC_1017,CBC_1017_MSI_AV_v3_Vset3_Aset3_2023-06-25_10h04.01.692.csv,2,8,1,0,z,0,1,2,aud,A,63,1,1A,0A,0,1,z,2.24483099999998,0,1,1,1,0A,1A,A10,3.13549421592915,0.596760034757248,0.5,0.5,0.495428741764384,0.495428741764384,0.674795060862048,0.5,0.495428741764384,0.495428741764384,0.5,0.674795060862048,0.495428741764384,0.5,0.5,0.489441479238905,0.597698222566091,0.544111761775977,0.455888238224023,0.596760034757248,0.5,0.283361265373693,0.74849115116094,0.403239965242752,0.0780350261048003,0.5,-0.00457125823561605,CBCbothPairsAsymRW,CBCdriftDiffusionLR,0.5,0.193520069514496,0.0120850124765809,0.0091425164712321,0.0023266240693135,0.986274194104612,5.01054177278862,2.46049559149384,0.5,47.5950703057265
CBC_1017,CBC_1017_MSI_AV_v3_Vset3_Aset3_2023-06-25_10h04.01.692.csv,2,9,0,1,z,0,1,3,aud,B,63,1,0B,1B,0,1,z,2.08273110000005,0,1,1,1,1B,0B,B01,3.17805383034795,0.674795060862048,0.495428741764384,0.5,0.495428741764384,0.495428741764384,0.674795060862048,0.5,0.495428741764384,0.495428741764384,0.5,0.674795060862048,0.495428741764384,0.5,0.5,0.489441479238905,0.597698222566091,0.576637613546698,0.423362386453302,0.674795060862048,0.495428741764384,0.394186348603577,0.868499819208258,0.325204939137952,0.0629336824284339,0.495428741764384,-0.00452946543190267,CBCbothPairsAsymRW,CBCdriftDiffusionLR,0.5,0.193520069514496,0.0120850124765809,0.0091425164712321,0.0023266240693135,0.986274194104612,5.01054177278862,2.46049559149384,0.5,47.5950703057265
CBC_1017,CBC_1017_MSI_AV_v3_Vset3_Aset3_2023-06-25_10h04.01.692.csv,2,10,3,1,b,1,0,1,aud,D,27,1,3D,1D,1,0,z,2.98281180000004,0,1,0,0,1D,3D,D31,3.2188758248682,0.674795060862048,0.495428741764384,0.5,0.495428741764384,0.490899276332481,0.737728743290482,0.5,0.495428741764384,0.495428741764384,0.5,0.674795060862048,0.495428741764384,0.5,0.5,0.489441479238905,0.597698222566091,0.455498596719187,0.544501403280813,0.5,0.597698222566091,0.0483140737902859,0.250374899498604,-0.5,-0.00604250623829045,-0.402301777433909,0.000936004998505335,CBCbothPairsAsymRW,CBCdriftDiffusionLR,0.5,0.193520069514496,0.0120850124765809,0.0091425164712321,0.0023266240693135,0.986274194104612,5.01054177278862,2.46049559149384,0.5,47.5950703057265
CBC_1017,CBC_1017_MSI_AV_v3_Vset3_Aset3_2023-06-25_10h04.01.692.csv,2,11,2,3,b,1,0,0,aud,C,63,1,2C,3C,1,0,z,2.52039229999991,0,1,0,0,3C,2C,C23,2.56494935746154,0.674795060862048,0.495428741764384,0.5,0.495428741764384,0.490899276332481,0.737728743290482,0.5,0.495428741764384,0.495428741764384,0.5,0.674795060862048,0.495428741764384,0.5,0.49395749376171,0.489441479238905,0.598634227564596,0.423362386453302,0.576637613546698,0.495428741764384,0.674795060862048,0.036838284794991,0.131595023126584,-0.495428741764384,-0.00598726252547935,-0.325204939137952,0.00075662963885799,CBCbothPairsAsymRW,CBCdriftDiffusionLR,0.5,0.193520069514496,0.0120850124765809,0.0091425164712321,0.0023266240693135,0.986274194104612,5.01054177278862,2.46049559149384,0.5,47.5950703057265
CBC_1017,CBC_1017_MSI_AV_v3_Vset3_Aset3_2023-06-25_10h04.01.692.csv,2,12,0,1,z,0,1,3,aud,B,63,1,0B,1B,0,1,z,3.29068979999988,0,1,1,1,1B,0B,B01,2.60268968544438,0.674795060862048,0.495428741764384,0.5,0.495428741764384,0.490899276332481,0.737728743290482,0.5,0.495428741764384,0.495428741764384,0.5,0.675551690500906,0.489441479238905,0.5,0.49395749376171,0.489441479238905,0.598634227564596,0.600449225890903,0.399550774109097,0.737728743290482,0.490899276332481,0.0852132596888091,0.922351285911071,0.262271256709518,0.0507547518300801,0.490899276332481,-0.00448805471958563,CBCbothPairsAsymRW,CBCdriftDiffusionLR,0.5,0.193520069514496,0.0120850124765809,0.0091425164712321,0.0023266240693135,0.986274194104612,5.01054177278862,2.46049559149384,0.5,47.5950703057265
CBC_1017,CBC_1017_MSI_AV_v3_Vset3_Aset3_2023-06-25_10h04.01.692.csv,2,13,1,0,z,0,1,2,aud,A,63,1,1A,0A,0,1,z,1.22185480000007,0,1,1,1,0A,1A,A10,2.63905732961526,0.674795060862048,0.495428741764384,0.5,0.495428741764384,0.486411221612896,0.788483495120562,0.5,0.495428741764384,0.495428741764384,0.5,0.675551690500906,0.489441479238905,0.5,0.49395749376171,0.489441479238905,0.598634227564596,0.576637613546698,0.423362386453302,0.674795060862048,0.495428741764384,0.415536205385057,0.869231185577867,0.325204939137952,0.0629336824284339,0.495428741764384,-0.00452946543190267,CBCbothPairsAsymRW,CBCdriftDiffusionLR,0.5,0.193520069514496,0.0120850124765809,0.0091425164712321,0.0023266240693135,0.986274194104612,5.01054177278862,2.46049559149384,0.5,47.5950703057265
CBC_1017,CBC_1017_MSI_AV_v3_Vset3_Aset3_2023-06-25_10h04.01.692.csv,2,14,2,1,b,1,0,0,aud,C,9,1,2C,1C,1,0,b,2.0474114000001,1,0,1,1,2C,1C,C21,3.36729582998647,0.737728743290482,0.490899276332481,0.5,0.495428741764384,0.486411221612896,0.788483495120562,0.5,0.495428741764384,0.495428741764384,0.5,0.675551690500906,0.489441479238905,0.5,0.49395749376171,0.489441479238905,0.598634227564596,0.574667788715485,0.425332211284515,0.675551690500906,0.5,0.406370543278361,0.863045143481533,0.324448309499094,0.0627872594081253,0.5,-0.00457125823561605,CBCbothPairsAsymRW,CBCdriftDiffusionLR,0.5,0.193520069514496,0.0120850124765809,0.0091425164712321,0.0023266240693135,0.986274194104612,5.01054177278862,2.46049559149384,0.5,47.5950703057265
CBC_1017,CBC_1017_MSI_AV_v3_Vset3_Aset3_2023-06-25_10h04.01.692.csv,2,15,0,1,b,1,0,2,aud,A,63,1,0A,1A,1,0,b,1.41863349999994,1,0,1,1,0A,1A,A01,3.40119738166216,0.737728743290482,0.490899276332481,0.5,0.495428741764384,0.486411221612896,0.788483495120562,0.5,0.495428741764384,0.495428741764384,0.495428741764384,0.738338949909032,0.489441479238905,0.5,0.49395749376171,0.489441479238905,0.598634227564596,0.600449225890903,0.399550774109097,0.737728743290482,0.490899276332481,0.831713222951373,0.922644390780259,0.262271256709518,0.0507547518300801,0.490899276332481,-0.00448805471958563,CBCbothPairsAsymRW,CBCdriftDiffusionLR,0.5,0.193520069514496,0.0120850124765809,0.0091425164712321,0.0023266240693135,0.986274194104612,5.01054177278862,2.46049559149384,0.5,47.5950703057265
CBC_1017,CBC_1017_MSI_AV_v3_Vset3_Aset3_2023-06-25_10h04.01.692.csv,2,16,1,3,z,0,1,1,aud,D,27,1,1D,3D,0,1,z,2.38709300000005,0,1,1,1,3D,1D,D13,3.43398720448515,0.788483495120562,0.486411221612896,0.5,0.495428741764384,0.486411221612896,0.788483495120562,0.5,0.495428741764384,0.495428741764384,0.495428741764384,0.738338949909032,0.489441479238905,0.5,0.49395749376171,0.489441479238905,0.598634227564596,0.547902950278544,0.452097049721455,0.598634227564596,0.49395749376171,0.254181818789258,0.764589932618893,0.401365772435404,0.0776723321824387,0.493957493761709,-0.00451601452280496,CBCbothPairsAsymRW,CBCdriftDiffusionLR,0.5,0.193520069514496,0.0120850124765809,0.0091425164712321,0.0023266240693135,0.986274194104612,5.01054177278862,2.46049559149384,0.5,47.5950703057265
CBC_1017,CBC_1017_MSI_AV_v3_Vset3_Aset3_2023-06-25_10h04.01.692.csv,2,17,1,0,b,1,0,3,aud,B,63,1,1B,0B,1,0,b,1.64272989999995,1,0,1,1,1B,0B,B10,2.77258872223978,0.788483495120562,0.486411221612896,0.5,0.495428741764384,0.486411221612896,0.788483495120562,0.5,0.495428741764384,0.495428741764384,0.495428741764384,0.738338949909032,0.489441479238905,0.5,0.489441479238905,0.489441479238905,0.676306559747035,0.618469497732973,0.381530502267027,0.788483495120562,0.486411221612896,0.790232244022835,0.948905720613674,0.211516504879438,0.040932688727732,0.486411221612896,-0.00444702260538802,CBCbothPairsAsymRW,CBCdriftDiffusionLR,0.5,0.193520069514496,0.0120850124765809,0.0091425164712321,0.0023266240693135,0.986274194104612,5.01054177278862,2.46049559149384,0.5,47.5950703057265
CBC_1017,CBC_1017_MSI_AV_v3_Vset3_Aset3_2023-06-25_10h04.01.692.csv,2,18,3,2,z,0,1,0,aud,C,63,0,3C,2C,1,0,z,2.77161660000002,0,1,1,0,2C,3C,C32,3.49650756146648,0.788483495120562,0.486411221612896,0.5,0.495428741764384,0.481964199007508,0.829416183848294,0.5,0.495428741764384,0.495428741764384,0.495428741764384,0.738338949909032,0.489441479238905,0.5,0.489441479238905,0.489441479238905,0.676306559747035,0.601360742019181,0.398639257980819,0.738338949909032,0.489441479238905,0.168086450364693,0.924262912135206,-0.738338949909032,-0.00892283542159628,-0.510558520761095,0.00118787774319586,CBCbothPairsAsymRW,CBCdriftDiffusionLR,0.5,0.193520069514496,0.0120850124765809,0.0091425164712321,0.0023266240693135,0.986274194104612,5.01054177278862,2.46049559149384,0.5,47.5950703057265
CBC_1017,CBC_1017_MSI_AV_v3_Vset3_Aset3_2023-06-25_10h04.01.692.csv,2,19,0,2,b,1,0,2,aud,A,27,1,0A,2A,1,0,b,1.44690500000002,1,0,1,1,0A,2A,A02,3.52636052461616,0.788483495120562,0.486411221612896,0.5,0.495428741764384,0.481964199007508,0.829416183848294,0.5,0.495428741764384,0.495428741764384,0.495428741764384,0.729416114487435,0.4906293569821,0.5,0.489441479238905,0.489441479238905,0.676306559747035,0.611946911315914,0.388053088684085,0.788483495120562,0.5,0.903683442068364,0.940548900777694,0.211516504879438,0.040932688727732,0.5,-0.00457125823561605,CBCbothPairsAsymRW,CBCdriftDiffusionLR,0.5,0.193520069514496,0.0120850124765809,0.0091425164712321,0.0023266240693135,0.986274194104612,5.01054177278862,2.46049559149384,0.5,47.5950703057265
CBC_1017,CBC_1017_MSI_AV_v3_Vset3_Aset3_2023-06-25_10h04.01.692.csv,2,20,2,3,z,0,1,1,aud,D,63,1,2D,3D,0,1,b,2.8222323,1,0,0,0,2D,3D,D23,2.4567357728213,0.829416183848294,0.486411221612896,0.495428741764384,0.495428741764384,0.481964199007508,0.829416183848294,0.5,0.495428741764384,0.495428741764384,0.495428741764384,0.729416114487435,0.4906293569821,0.5,0.489441479238905,0.489441479238905,0.676306559747035,0.419851857237229,0.580148142762771,0.489441479238905,0.676306559747035,0.0238990247912909,0.121618326586509,-0.489441479238905,-0.00591490638315837,-0.323693440252965,0.000753112949171439,CBCbothPairsAsymRW,CBCdriftDiffusionLR,0.5,0.193520069514496,0.0120850124765809,0.0091425164712321,0.0023266240693135,0.986274194104612,5.01054177278862,2.46049559149384,0.5,47.5950703057265
CBC_1017,CBC_1017_MSI_AV_v3_Vset3_Aset3_2023-06-25_10h04.01.692.csv,2,21,1,3,b,1,0,3,aud,B,27,1,1B,3B,1,0,b,2.14219539999999,1,0,1,1,1B,3B,B13,3.58351893845611,0.829416183848294,0.486411221612896,0.495428741764384,0.495428741764384,0.481964199007508,0.829416183848294,0.5,0.495428741764384,0.495428741764384,0.495428741764384,0.729416114487435,0.4906293569821,0.5,0.489441479238905,0.483526572855746,0.677059672696206,0.626047749297699,0.373952250702301,0.829416183848294,0.495428741764384,0.379751181921017,0.957328327375389,0.170583816151706,0.0330113919597261,0.495428741764384,-0.00452946543190267,CBCbothPairsAsymRW,CBCdriftDiffusionLR,0.5,0.193520069514496,0.0120850124765809,0.0091425164712321,0.0023266240693135,0.986274194104612,5.01054177278862,2.46049559149384,0.5,47.5950703057265
CBC_1017,CBC_1017_MSI_AV_v3_Vset3_Aset3_2023-06-25_10h04.01.692.csv,2,22,2,3,b,1,0,0,aud,C,63,1,2C,3C,1,0,b,1.66823820000013,1,0,1,1,2C,3C,C23,2.51230562397611,0.829416183848294,0.486411221612896,0.495428741764384,0.495428741764384,0.481964199007508,0.862427575808021,0.5,0.490899276332481,0.495428741764384,0.495428741764384,0.729416114487435,0.4906293569821,0.5,0.489441479238905,0.483526572855746,0.677059672696206,0.597859777807182,0.402140222192818,0.729416114487435,0.4906293569821,0.691778060879161,0.918011028153524,0.270583885512565,0.052363412333894,0.4906293569821,-0.00448558697747887,CBCbothPairsAsymRW,CBCdriftDiffusionLR,0.5,0.193520069514496,0.0120850124765809,0.0091425164712321,0.0023266240693135,0.986274194104612,5.01054177278862,2.46049559149384,0.5,47.5950703057265
CBC_1017,CBC_1017_MSI_AV_v3_Vset3_Aset3_2023-06-25_10h04.01.692.csv,2,23,1,0,z,0,1,2,aud,A,63,1,1A,0A,0,1,z,1.2449072999998,0,1,1,1,0A,1A,A10,2.53897387105828,0.829416183848294,0.486411221612896,0.495428741764384,0.495428741764384,0.481964199007508,0.862427575808021,0.5,0.490899276332481,0.495428741764384,0.495428741764384,0.781779526821329,0.486143770004622,0.5,0.489441479238905,0.483526572855746,0.677059672696206,0.630338128242274,0.369661871757726,0.829416183848294,0.486411221612896,0.799506390358077,0.961262534481201,0.170583816151706,0.0330113919597261,0.486411221612896,-0.00444702260538802,CBCbothPairsAsymRW,CBCdriftDiffusionLR,0.5,0.193520069514496,0.0120850124765809,0.0091425164712321,0.0023266240693135,0.986274194104612,5.01054177278862,2.46049559149384,0.5,47.5950703057265
CBC_1017,CBC_1017_MSI_AV_v3_Vset3_Aset3_2023-06-25_10h04.01.692.csv,2,24,1,2,b,1,0,3,aud,B,9,1,1B,2B,1,0,b,2.08357839999985,1,0,1,1,1B,2B,B12,3.66356164612965,0.862427575808021,0.481964199007508,0.495428741764384,0.495428741764384,0.481964199007508,0.862427575808021,0.5,0.490899276332481,0.495428741764384,0.495428741764384,0.781779526821329,0.486143770004622,0.5,0.489441479238905,0.483526572855746,0.677059672696206,0.633008015340953,0.366991984659047,0.862427575808021,0.5,0.411532703071905,0.963772206775761,0.137572424191979,0.0266230250929096,0.5,-0.00457125823561605,CBCbothPairsAsymRW,CBCdriftDiffusionLR,0.5,0.193520069514496,0.0120850124765809,0.0091425164712321,0.0023266240693135,0.986274194104612,5.01054177278862,2.46049559149384,0.5,47.5950703057265
CBC_1017,CBC_1017_MSI_AV_v3_Vset3_Aset3_2023-06-25_10h04.01.692.csv,2,25,3,2,z,0,1,0,aud,C,63,1,3C,2C,0,1,z,2.83985310000003,0,1,1,1,2C,3C,C32,2.99573227355399,0.862427575808021,0.481964199007508,0.495428741764384,0.495428741764384,0.481964199007508,0.88905060090093,0.495428741764384,0.490899276332481,0.495428741764384,0.495428741764384,0.781779526821329,0.486143770004622,0.5,0.489441479238905,0.483526572855746,0.677059672696206,0.616582666142655,0.383417333857345,0.781779526821329,0.486143770004622,0.136030970807361,0.946610979775086,0.218220473178671,0.0422300411390226,0.486143770004622,-0.00444457742465412,CBCbothPairsAsymRW,CBCdriftDiffusionLR,0.5,0.193520069514496,0.0120850124765809,0.0091425164712321,0.0023266240693135,0.986274194104612,5.01054177278862,2.46049559149384,0.5,47.5950703057265
CBC_1017,CBC_1017_MSI_AV_v3_Vset3_Aset3_2023-06-25_10h04.01.692.csv,2,26,3,2,b,1,0,1,aud,D,63,1,3D,2D,1,0,b,1.51558939999995,1,0,1,1,3D,2D,D32,3.71357206670431,0.862427575808021,0.481964199007508,0.495428741764384,0.495428741764384,0.481964199007508,0.88905060090093,0.495428741764384,0.490899276332481,0.495428741764384,0.495428741764384,0.824009567960352,0.481699192579967,0.5,0.489441479238905,0.483526572855746,0.677059672696206,0.583377302023952,0.416622697976048,0.677059672696206,0.483526572855746,0.709043270226409,0.886596220708616,0.322940327303794,0.0624954345888642,0.483526572855746,-0.00442064965661207,CBCbothPairsAsymRW,CBCdriftDiffusionLR,0.5,0.193520069514496,0.0120850124765809,0.0091425164712321,0.0023266240693135,0.986274194104612,5.01054177278862,2.46049559149384,0.5,47.5950703057265
CBC_1017,CBC_1017_MSI_AV_v3_Vset3_Aset3_2023-06-25_10h04.01.692.csv,2,27,1,0,b,1,0,3,aud,B,63,1,1B,0B,1,0,b,1.4113026,1,0,1,1,1B,0B,B10,2.63905732961526,0.862427575808021,0.481964199007508,0.495428741764384,0.495428741764384,0.481964199007508,0.88905060090093,0.495428741764384,0.490899276332481,0.495428741764384,0.495428741764384,0.824009567960352,0.481699192579967,0.5,0.489441479238905,0.479105923199134,0.739555107285071,0.648461709501827,0.351538290498174,0.88905060090093,0.481964199007508,1.16289663221449,0.974907472509193,0.11094939909907,0.0214709354262436,0.481964199007508,-0.00440636562797032,CBCbothPairsAsymRW,CBCdriftDiffusionLR,0.5,0.193520069514496,0.0120850124765809,0.0091425164712321,0.0023266240693135,0.986274194104612,5.01054177278862,2.46049559149384,0.5,47.5950703057265
CBC_1017,CBC_1017_MSI_AV_v3_Vset3_Aset3_2023-06-25_10h04.01.692.csv,2,28,2,0,z,0,1,2,aud,A,27,1,2A,0A,0,1,z,1.48738469999989,0,1,1,1,0A,2A,A20,3.76120011569356,0.862427575808021,0.481964199007508,0.495428741764384,0.495428741764384,0.477557833379537,0.910521536327174,0.495428741764384,0.490899276332481,0.495428741764384,0.495428741764384,0.824009567960352,0.481699192579967,0.5,0.489441479238905,0.479105923199134,0.739555107285071,0.635139053114163,0.364860946885837,0.862427575808021,0.495428741764384,1.02235366575491,0.965672376245813,0.137572424191979,0.0266230250929096,0.495428741764384,-0.00452946543190267,CBCbothPairsAsymRW,CBCdriftDiffusionLR,0.5,0.193520069514496,0.0120850124765809,0.0091425164712321,0.0023266240693135,0.986274194104612,5.01054177278862,2.46049559149384,0.5,47.5950703057265
CBC_1017,CBC_1017_MSI_AV_v3_Vset3_Aset3_2023-06-25_10h04.01.692.csv,2,29,3,1,b,1,0,1,aud,D,27,1,3D,1D,1,0,b,1.88049490000003,1,0,1,1,3D,1D,D31,3.09104245335832,0.88905060090093,0.481964199007508,0.490899276332481,0.495428741764384,0.477557833379537,0.910521536327174,0.495428741764384,0.490899276332481,0.495428741764384,0.495428741764384,0.824009567960352,0.481699192579967,0.5,0.489441479238905,0.479105923199134,0.739555107285071,0.601755216730737,0.398244783269263,0.739555107285071,0.489441479238905,0.546542577998047,0.924775375986781,0.260444892714929,0.0504013137428886,0.489441479238905,-0.00447472678564589,CBCbothPairsAsymRW,CBCdriftDiffusionLR,0.5,0.193520069514496,0.0120850124765809,0.0091425164712321,0.0023266240693135,0.986274194104612,5.01054177278862,2.46049559149384,0.5,47.5950703057265
CBC_1017,CBC_1017_MSI_AV_v3_Vset3_Aset3_2023-06-25_10h04.01.692.csv,2,30,0,1,b,1,0,2,aud,A,63,1,0A,1A,1,0,b,1.48818579999988,1,0,1,1,0A,1A,A01,3.11351530921037,0.88905060090093,0.481964199007508,0.490899276332481,0.495428741764384,0.477557833379537,0.910521536327174,0.495428741764384,0.490899276332481,0.495428741764384,0.495428741764384,0.824009567960352,0.481699192579967,0.5,0.484966752453259,0.479105923199134,0.789956421027959,0.648461709501827,0.351538290498174,0.88905060090093,0.481964199007508,1.09327368066215,0.97490656177095,0.11094939909907,0.0214709354262436,0.481964199007508,-0.00440636562797032,CBCbothPairsAsymRW,CBCdriftDiffusionLR,0.5,0.193520069514496,0.0120850124765809,0.0091425164712321,0.0023266240693135,0.986274194104612,5.01054177278862,2.46049559149384,0.5,47.5950703057265
CBC_1017,CBC_1017_MSI_AV_v3_Vset3_Aset3_2023-06-25_10h04.01.692.csv,2,31,0,2,z,0,1,0,aud,C,27,1,0C,2C,0,1,z,1.39803170000005,0,1,1,1,2C,0C,C02,3.8286413964891,0.910521536327174,0.477557833379537,0.490899276332481,0.495428741764384,0.477557833379537,0.910521536327174,0.495428741764384,0.490899276332481,0.495428741764384,0.495428741764384,0.824009567960352,0.481699192579967,0.5,0.484966752453259,0.479105923199134,0.789956421027959,0.624515418331501,0.375484581668499,0.824009567960352,0.495428741764384,0.996427347990876,0.955716807618979,0.175990432039648,0.0340576806421989,0.495428741764384,-0.00452946543190267,CBCbothPairsAsymRW,CBCdriftDiffusionLR,0.5,0.193520069514496,0.0120850124765809,0.0091425164712321,0.0023266240693135,0.986274194104612,5.01054177278862,2.46049559149384,0.5,47.5950703057265
CBC_1017,CBC_1017_MSI_AV_v3_Vset3_Aset3_2023-06-25_10h04.01.692.csv,2,32,3,2,b,1,0,1,aud,D,63,1,3D,2D,1,0,b,1.57846610000001,1,0,1,1,3D,2D,D32,3.15700042115011,0.910521536327174,0.477557833379537,0.490899276332481,0.495428741764384,0.477557833379537,0.910521536327174,0.495428741764384,0.490899276332481,0.490899276332481,0.495428741764384,0.858067248602551,0.481699192579967,0.5,0.484966752453259,0.479105923199134,0.789956421027959,0.622472508637133,0.377527491362867,0.789956421027959,0.479105923199134,0.869455007512773,0.953472198661992,0.210043578972041,0.0406476480037429,0.479105923199134,-0.00438023379431294,CBCbothPairsAsymRW,CBCdriftDiffusionLR,0.5,0.193520069514496,0.0120850124765809,0.0091425164712321,0.0023266240693135,0.986274194104612,5.01054177278862,2.46049559149384,0.5,47.5950703057265
CBC_1017,CBC_1017_MSI_AV_v3_Vset3_Aset3_2023-06-25_10h04.01.692.csv,2,33,0,1,z,0,1,3,aud,B,63,1,0B,1B,0,1,z,2.34444860000008,0,1,1,1,1B,0B,B01,2.77258872223978,0.910521536327174,0.477557833379537,0.490899276332481,0.495428741764384,0.477557833379537,0.910521536327174,0.495428741764384,0.490899276332481,0.490899276332481,0.495428741764384,0.858067248602551,0.481699192579967,0.5,0.484966752453259,0.474725689404821,0.830604069031702,0.65595783367889,0.34404216632111,0.910521536327174,0.477557833379537,0.223361858847178,0.979039798611542,0.0894784636728263,0.0173158785100157,0.477557833379537,-0.00436608035763833,CBCbothPairsAsymRW,CBCdriftDiffusionLR,0.5,0.193520069514496,0.0120850124765809,0.0091425164712321,0.0023266240693135,0.986274194104612,5.01054177278862,2.46049559149384,0.5,47.5950703057265
CBC_1017,CBC_1017_MSI_AV_v3_Vset3_Aset3_2023-06-25_10h04.01.692.csv,2,34,1,0,z,0,1,2,aud,A,63,1,1A,0A,0,1,z,1.2163101000001,0,1,1,1,0A,1A,A10,2.50552593699074,0.910521536327174,0.477557833379537,0.490899276332481,0.495428741764384,0.473191753021899,0.927837414837189,0.495428741764384,0.490899276332481,0.490899276332481,0.495428741764384,0.858067248602551,0.481699192579967,0.5,0.484966752453259,0.474725689404821,0.830604069031702,0.65595783367889,0.34404216632111,0.910521536327174,0.477557833379537,0.854759001829038,0.978980585651005,0.0894784636728263,0.0173158785100157,0.477557833379537,-0.00436608035763833,CBCbothPairsAsymRW,CBCdriftDiffusionLR,0.5,0.193520069514496,0.0120850124765809,0.0091425164712321,0.0023266240693135,0.986274194104612,5.01054177278862,2.46049559149384,0.5,47.5950703057265
CBC_1017,CBC_1017_MSI_AV_v3_Vset3_Aset3_2023-06-25_10h04.01.692.csv,2,35,3,2,b,1,0,1,aud,D,63,0,3D,2D,0,1,b,1.89807849999988,1,0,1,0,3D,2D,D32,2.81341071676004,0.927837414837189,0.473191753021899,0.490899276332481,0.495428741764384,0.473191753021899,0.927837414837189,0.495428741764384,0.490899276332481,0.490899276332481,0.495428741764384,0.858067248602551,0.481699192579967,0.5,0.484966752453259,0.474725689404821,0.830604069031702,0.636317423749359,0.363682576250641,0.830604069031702,0.474725689404821,0.561415490664729,0.966503976068741,-0.830604069031702,-0.010037860537347,-0.525274310595179,0.0012221158540228,CBCbothPairsAsymRW,CBCdriftDiffusionLR,0.5,0.193520069514496,0.0120850124765809,0.0091425164712321,0.0023266240693135,0.986274194104612,5.01054177278862,2.46049559149384,0.5,47.5950703057265
CBC_1017,CBC_1017_MSI_AV_v3_Vset3_Aset3_2023-06-25_10h04.01.692.csv,2,36,0,2,z,0,1,0,aud,C,27,1,0C,2C,0,1,z,3.10621979999996,0,1,1,1,2C,0C,C02,3.23867845216438,0.927837414837189,0.473191753021899,0.490899276332481,0.495428741764384,0.473191753021899,0.927837414837189,0.495428741764384,0.490899276332481,0.490899276332481,0.495428741764384,0.858067248602551,0.481699192579967,0.5,0.484966752453259,0.475947805258844,0.820566208494355,0.636092321596992,0.363907678403008,0.858067248602551,0.490899276332481,0.0688309207015006,0.966211004030344,0.141932751397449,0.027466835916818,0.490899276332481,-0.00448805471958563,CBCbothPairsAsymRW,CBCdriftDiffusionLR,0.5,0.193520069514496,0.0120850124765809,0.0091425164712321,0.0023266240693135,0.986274194104612,5.01054177278862,2.46049559149384,0.5,47.5950703057265
CBC_1017,CBC_1017_MSI_AV_v3_Vset3_Aset3_2023-06-25_10h04.01.692.csv,2,37,1,0,z,0,1,2,aud,A,63,1,1A,0A,0,1,z,1.60727419999989,0,1,1,1,0A,1A,A10,2.34180580614733,0.927837414837189,0.473191753021899,0.490899276332481,0.495428741764384,0.473191753021899,0.927837414837189,0.495428741764384,0.490899276332481,0.486411221612896,0.495428741764384,0.885534084519369,0.481699192579967,0.5,0.484966752453259,0.475947805258844,0.820566208494355,0.662254174375982,0.337745825624018,0.927837414837189,0.473191753021899,0.964138571795237,0.98200542706686,0.0721625851628106,0.0139649084970529,0.473191753021899,-0.0043261633960539,CBCbothPairsAsymRW,CBCdriftDiffusionLR,0.5,0.193520069514496,0.0120850124765809,0.0091425164712321,0.0023266240693135,0.986274194104612,5.01054177278862,2.46049559149384,0.5,47.5950703057265
CBC_1017,CBC_1017_MSI_AV_v3_Vset3_Aset3_2023-06-25_10h04.01.692.csv,2,38,3,1,z,0,1,3,aud,B,27,1,3B,1B,0,1,z,2.78383239999994,0,1,1,1,1B,3B,B31,3.27714473299218,0.941802323334242,0.468865589625845,0.490899276332481,0.495428741764384,0.473191753021899,0.927837414837189,0.495428741764384,0.490899276332481,0.486411221612896,0.495428741764384,0.885534084519369,0.481699192579967,0.5,0.484966752453259,0.475947805258844,0.820566208494355,0.65398845368004,0.34601154631996,0.927837414837189,0.490899276332481,0.0942418709977053,0.978012093235363,0.0721625851628106,0.0139649084970529,0.490899276332481,-0.00448805471958563,CBCbothPairsAsymRW,CBCdriftDiffusionLR,0.5,0.193520069514496,0.0120850124765809,0.0091425164712321,0.0023266240693135,0.986274194104612,5.01054177278862,2.46049559149384,0.5,47.5950703057265
CBC_1017,CBC_1017_MSI_AV_v3_Vset3_Aset3_2023-06-25_10h04.01.692.csv,2,39,2,3,b,1,0,0,aud,C,63,1,2C,3C,1,0,b,1.51829279999993,1,0,1,1,2C,3C,C23,2.60268968544438,0.941802323334242,0.468865589625845,0.490899276332481,0.495428741764384,0.473191753021899,0.941802323334242,0.495428741764384,0.486411221612896,0.486411221612896,0.495428741764384,0.885534084519369,0.481699192579967,0.5,0.484966752453259,0.475947805258844,0.820566208494355,0.647683244221557,0.352316755778443,0.885534084519369,0.481699192579967,1.05163462438261,0.974431055251514,0.114465915480631,0.0221514519208521,0.481699192579967,-0.00440394280234155,CBCbothPairsAsymRW,CBCdriftDiffusionLR,0.5,0.193520069514496,0.0120850124765809,0.0091425164712321,0.0023266240693135,0.986274194104612,5.01054177278862,2.46049559149384,0.5,47.5950703057265
CBC_1017,CBC_1017_MSI_AV_v3_Vset3_Aset3_2023-06-25_10h04.01.692.csv,2,40,2,3,z,0,1,1,aud,D,63,1,2D,3D,0,1,z,2.15980839999997,0,1,1,1,3D,2D,D23,2.62103882411258,0.941802323334242,0.468865589625845,0.490899276332481,0.495428741764384,0.473191753021899,0.941802323334242,0.495428741764384,0.486411221612896,0.486411221612896,0.495428741764384,0.907685536440221,0.477295249777626,0.5,0.484966752453259,0.475947805258844,0.820566208494355,0.632901919909796,0.367098080090204,0.820566208494355,0.475947805258844,0.361875310950561,0.963668003281681,0.179433791505645,0.034724039805422,0.475947805258844,-0.00435136064902575,CBCbothPairsAsymRW,CBCdriftDiffusionLR,0.5,0.193520069514496,0.0120850124765809,0.0091425164712321,0.0023266240693135,0.986274194104612,5.01054177278862,2.46049559149384,0.5,47.5950703057265
CBC_1017,CBC_1017_MSI_AV_v3_Vset3_Aset3_2023-06-25_10h04.01.692.csv,2,41,1,0,b,1,0,3,aud,B,63,1,1B,0B,1,0,b,2.20147079999992,1,0,1,1,1B,0B,B10,2.63905732961526,0.941802323334242,0.468865589625845,0.490899276332481,0.495428741764384,0.473191753021899,0.941802323334242,0.495428741764384,0.486411221612896,0.486411221612896,0.495428741764384,0.907685536440221,0.477295249777626,0.5,0.484966752453259,0.471596444609818,0.855290248299777,0.665587467164208,0.334412532835792,0.941802323334242,0.473191753021899,0.278117858288216,0.983446004268551,0.0581976766657577,0.0112624184339396,0.473191753021899,-0.0043261633960539,CBCbothPairsAsymRW,CBCdriftDiffusionLR,0.5,0.193520069514496,0.0120850124765809,0.0091425164712321,0.0023266240693135,0.986274194104612,5.01054177278862,2.46049559149384,0.5,47.5950703057265
CBC_1017,CBC_1017_MSI_AV_v3_Vset3_Aset3_2023-06-25_10h04.01.692.csv,2,42,0,2,b,1,0,2,aud,A,27,1,0A,2A,1,0,b,1.1333482,1,0,1,1,0A,2A,A02,3.3499040872746,0.941802323334242,0.468865589625845,0.490899276332481,0.495428741764384,0.468865589625845,0.953064741768182,0.495428741764384,0.486411221612896,0.486411221612896,0.495428741764384,0.907685536440221,0.477295249777626,0.5,0.484966752453259,0.471596444609818,0.855290248299777,0.657361116615857,0.342638883384143,0.941802323334242,0.490899276332481,0.293893860755474,0.979777804237123,0.0581976766657577,0.0112624184339396,0.490899276332481,-0.00448805471958563,CBCbothPairsAsymRW,CBCdriftDiffusionLR,0.5,0.193520069514496,0.0120850124765809,0.0091425164712321,0.0023266240693135,0.986274194104612,5.01054177278862,2.46049559149384,0.5,47.5950703057265
CBC_1017,CBC_1017_MSI_AV_v3_Vset3_Aset3_2023-06-25_10h04.01.692.csv,2,43,0,3,z,0,1,1,aud,D,9,1,0D,3D,0,1,z,1.44305239999994,0,1,1,1,3D,0D,D03,4.06044301054642,0.953064741768182,0.468865589625845,0.486411221612896,0.495428741764384,0.468865589625845,0.953064741768182,0.495428741764384,0.486411221612896,0.486411221612896,0.495428741764384,0.907685536440221,0.477295249777626,0.5,0.484966752453259,0.471596444609818,0.855290248299777,0.631075335613715,0.368924664386285,0.855290248299777,0.5,1.02857423949071,0.961929254966871,0.144709751700223,0.0280042412084526,0.5,-0.00457125823561605,CBCbothPairsAsymRW,CBCdriftDiffusionLR,0.5,0.193520069514496,0.0120850124765809,0.0091425164712321,0.0023266240693135,0.986274194104612,5.01054177278862,2.46049559149384,0.5,47.5950703057265
CBC_1017,CBC_1017_MSI_AV_v3_Vset3_Aset3_2023-06-25_10h04.01.692.csv,2,44,2,3,b,1,0,0,aud,C,63,1,2C,3C,1,0,b,1.30950419999999,1,0,1,1,2C,3C,C23,2.46809953147162,0.953064741768182,0.468865589625845,0.486411221612896,0.495428741764384,0.468865589625845,0.953064741768182,0.495428741764384,0.486411221612896,0.486411221612896,0.495428741764384,0.907685536440221,0.477295249777626,0.495428741764384,0.484966752453259,0.471596444609818,0.88329448950823,0.655377710270595,0.344622289729405,0.907685536440221,0.477295249777626,1.17959291016436,0.97879561681173,0.0923144635597789,0.0178647014052818,0.477295249777626,-0.00436367968273278,CBCbothPairsAsymRW,CBCdriftDiffusionLR,0.5,0.193520069514496,0.0120850124765809,0.0091425164712321,0.0023266240693135,0.986274194104612,5.01054177278862,2.46049559149384,0.5,47.5950703057265
CBC_1017,CBC_1017_MSI_AV_v3_Vset1_Aset2_2023-06-25_11h31.46.540.csv,3,1,0,1,z,0,1,3,aud,B,63,1,0B,1B,0,1,z,2.29527059999964,0,1,1,1,1B,0B,B01,2.77258872223978,0.5,0.5,0.5,0.5,0.5,0.5,0.5,0.5,0.5,0.5,0.5,0.5,0.5,0.5,0.5,0.5,0.5,0.5,0.5,0.5,0.149111041037607,0.500794708220342,0.5,0.131289256898881,0.5,-0.0570295918235787,CBCbothPairsAsymRW,CBCdriftDiffusionLR,0.5,0.262578513797762,0.0169867593224957,0.114059183647157,0.192794082826424,0.725186559351038,2.47044803638984,2.71476535324555,0.5,66.72607343113
CBC_1017,CBC_1017_MSI_AV_v3_Vset1_Aset2_2023-06-25_11h31.46.540.csv,3,2,1,0,z,0,1,2,aud,A,63,1,1A,0A,0,1,z,1.90512609999951,0,1,1,1,0A,1A,A10,2.83321334405622,0.5,0.5,0.5,0.5,0.442970408176421,0.631289256898881,0.5,0.5,0.5,0.5,0.5,0.5,0.5,0.5,0.5,0.5,0.5,0.5,0.5,0.5,0.192195137075678,0.499458846564703,0.5,0.131289256898881,0.5,-0.0570295918235787,CBCbothPairsAsymRW,CBCdriftDiffusionLR,0.5,0.262578513797762,0.0169867593224957,0.114059183647157,0.192794082826424,0.725186559351038,2.47044803638984,2.71476535324555,0.5,66.72607343113
CBC_1017,CBC_1017_MSI_AV_v3_Vset1_Aset2_2023-06-25_11h31.46.540.csv,3,3,2,1,b,1,0,0,aud,C,9,1,2C,1C,1,0,b,1.87123539999993,1,0,1,1,2C,1C,C21,2.89037175789616,0.631289256898881,0.442970408176421,0.5,0.5,0.442970408176421,0.631289256898881,0.5,0.5,0.5,0.5,0.5,0.5,0.5,0.5,0.5,0.5,0.5,0.5,0.5,0.5,0.196998309802144,0.500995269916076,0.5,0.131289256898881,0.5,-0.0570295918235787,CBCbothPairsAsymRW,CBCdriftDiffusionLR,0.5,0.262578513797762,0.0169867593224957,0.114059183647157,0.192794082826424,0.725186559351038,2.47044803638984,2.71476535324555,0.5,66.72607343113
CBC_1017,CBC_1017_MSI_AV_v3_Vset1_Aset2_2023-06-25_11h31.46.540.csv,3,4,0,1,b,1,0,2,aud,A,63,1,0A,1A,1,0,z,2.99798769999961,0,1,0,0,1A,0A,A01,2.94443897916644,0.631289256898881,0.442970408176421,0.5,0.5,0.442970408176421,0.631289256898881,0.5,0.5,0.5,0.442970408176421,0.631289256898881,0.5,0.5,0.5,0.5,0.5,0.41234947431948,0.58765052568052,0.442970408176421,0.631289256898881,0.041843123244202,0.236179180906301,-0.442970408176421,-0.00752463171068056,-0.368710743101119,0.0710852495444296,CBCbothPairsAsymRW,CBCdriftDiffusionLR,0.5,0.262578513797762,0.0169867593224957,0.114059183647157,0.192794082826424,0.725186559351038,2.47044803638984,2.71476535324555,0.5,66.72607343113
CBC_1017,CBC_1017_MSI_AV_v3_Vset1_Aset2_2023-06-25_11h31.46.540.csv,3,5,1,3,z,0,1,1,aud,D,27,1,1D,3D,0,1,z,1.58982079999987,0,1,1,1,3D,1D,D13,2.99573227355399,0.702374506443311,0.435445776465741,0.5,0.5,0.442970408176421,0.631289256898881,0.5,0.5,0.5,0.442970408176421,0.631289256898881,0.5,0.5,0.5,0.5,0.5,0.5,0.5,0.5,0.5,0.231473484681452,0.498993357360968,0.5,0.131289256898881,0.5,-0.0570295918235787,CBCbothPairsAsymRW,CBCdriftDiffusionLR,0.5,0.262578513797762,0.0169867593224957,0.114059183647157,0.192794082826424,0.725186559351038,2.47044803638984,2.71476535324555,0.5,66.72607343113
CBC_1017,CBC_1017_MSI_AV_v3_Vset1_Aset2_2023-06-25_11h31.46.540.csv,3,6,1,0,b,1,0,3,aud,B,63,1,1B,0B,1,0,z,2.86783379999997,0,1,0,0,0B,1B,B10,3.04452243772342,0.702374506443311,0.435445776465741,0.5,0.5,0.442970408176421,0.631289256898881,0.5,0.5,0.5,0.442970408176421,0.631289256898881,0.5,0.5,0.442970408176421,0.5,0.631289256898881,0.41234947431948,0.58765052568052,0.442970408176421,0.631289256898881,0.0458531089651063,0.234516943493566,-0.442970408176421,-0.00752463171068056,-0.368710743101119,0.0710852495444296,CBCbothPairsAsymRW,CBCdriftDiffusionLR,0.5,0.262578513797762,0.0169867593224957,0.114059183647157,0.192794082826424,0.725186559351038,2.47044803638984,2.71476535324555,0.5,66.72607343113
CBC_1017,CBC_1017_MSI_AV_v3_Vset1_Aset2_2023-06-25_11h31.46.540.csv,3,7,3,2,z,0,1,0,aud,C,63,1,3C,2C,0,1,b,2.21261379999942,1,0,0,0,3C,2C,C32,3.09104245335832,0.702374506443311,0.435445776465741,0.5,0.5,0.435445776465741,0.702374506443311,0.5,0.5,0.5,0.442970408176421,0.631289256898881,0.5,0.5,0.442970408176421,0.5,0.631289256898881,0.441973612805811,0.558026387194189,0.5,0.631289256898881,0.100333266005116,0.314915618556959,-0.5,-0.00849337966124786,-0.368710743101119,0.0710852495444296,CBCbothPairsAsymRW,CBCdriftDiffusionLR,0.5,0.262578513797762,0.0169867593224957,0.114059183647157,0.192794082826424,0.725186559351038,2.47044803638984,2.71476535324555,0.5,66.72607343113
CBC_1017,CBC_1017_MSI_AV_v3_Vset1_Aset2_2023-06-25_11h31.46.540.csv,3,8,0,2,b,1,0,2,aud,A,27,1,0A,2A,1,0,b,1.44838440000058,1,0,1,1,0A,2A,A02,3.13549421592915,0.702374506443311,0.435445776465741,0.5,0.5,0.435445776465741,0.702374506443311,0.5,0.5,0.5,0.442970408176421,0.702374506443311,0.491506620338752,0.5,0.442970408176421,0.5,0.631289256898881,0.584156186512115,0.415843813487885,0.702374506443311,0.5,0.406618452389517,0.755365164452591,0.297625493556689,0.0781500597664409,0.5,-0.0570295918235787,CBCbothPairsAsymRW,CBCdriftDiffusionLR,0.5,0.262578513797762,0.0169867593224957,0.114059183647157,0.192794082826424,0.725186559351038,2.47044803638984,2.71476535324555,0.5,66.72607343113
CBC_1017,CBC_1017_MSI_AV_v3_Vset1_Aset2_2023-06-25_11h31.46.540.csv,3,9,2,3,z,0,1,1,aud,D,63,1,2D,3D,0,1,z,1.70972160000019,0,1,1,1,3D,2D,D23,3.17805383034795,0.780524566209752,0.435445776465741,0.442970408176421,0.5,0.435445776465741,0.702374506443311,0.5,0.5,0.5,0.442970408176421,0.702374506443311,0.491506620338752,0.5,0.442970408176421,0.5,0.631289256898881,0.558026387194189,0.441973612805811,0.631289256898881,0.5,0.307527905040674,0.6850531422174,0.368710743101119,0.0968155189447603,0.5,-0.0570295918235787,CBCbothPairsAsymRW,CBCdriftDiffusionLR,0.5,0.262578513797762,0.0169867593224957,0.114059183647157,0.192794082826424,0.725186559351038,2.47044803638984,2.71476535324555,0.5,66.72607343113
CBC_1017,CBC_1017_MSI_AV_v3_Vset1_Aset2_2023-06-25_11h31.46.540.csv,3,10,1,3,b,1,0,3,aud,B,27,1,1B,3B,1,0,b,2.40210959999968,1,0,1,1,1B,3B,B13,3.2188758248682,0.780524566209752,0.435445776465741,0.442970408176421,0.5,0.435445776465741,0.702374506443311,0.5,0.5,0.5,0.442970408176421,0.702374506443311,0.491506620338752,0.5,0.442970408176421,0.442970408176421,0.728104775843642,0.584156186512115,0.415843813487885,0.702374506443311,0.5,0.210748257720911,0.755138806734927,0.297625493556689,0.0781500597664409,0.5,-0.0570295918235787,CBCbothPairsAsymRW,CBCdriftDiffusionLR,0.5,0.262578513797762,0.0169867593224957,0.114059183647157,0.192794082826424,0.725186559351038,2.47044803638984,2.71476535324555,0.5,66.72607343113
CBC_1017,CBC_1017_MSI_AV_v3_Vset1_Aset2_2023-06-25_11h31.46.540.csv,3,11,2,3,b,1,0,0,aud,C,63,0,2C,3C,0,1,b,3.08844139999928,1,0,1,0,2C,3C,C23,3.25809653802148,0.780524566209752,0.435445776465741,0.442970408176421,0.5,0.435445776465741,0.780524566209752,0.5,0.442970408176421,0.5,0.442970408176421,0.702374506443311,0.491506620338752,0.5,0.442970408176421,0.442970408176421,0.728104775843642,0.58831192711494,0.411688072885061,0.702374506443311,0.491506620338752,0.126342451693352,0.764319644263406,-0.702374506443311,-0.0119310666952092,-0.508493379661248,0.0980345147550991,CBCbothPairsAsymRW,CBCdriftDiffusionLR,0.5,0.262578513797762,0.0169867593224957,0.114059183647157,0.192794082826424,0.725186559351038,2.47044803638984,2.71476535324555,0.5,66.72607343113
CBC_1017,CBC_1017_MSI_AV_v3_Vset1_Aset2_2023-06-25_11h31.46.540.csv,3,12,3,1,z,0,1,3,aud,B,27,1,3B,1B,0,1,b,3.34724949999963,1,0,0,0,3B,1B,B31,3.29583686600433,0.780524566209752,0.435445776465741,0.442970408176421,0.5,0.435445776465741,0.780524566209752,0.5,0.442970408176421,0.5,0.442970408176421,0.690443439748102,0.589541135093851,0.5,0.442970408176421,0.442970408176421,0.728104775843642,0.362053312396039,0.637946687603961,0.442970408176421,0.780524566209752,0.0158755973697203,0.135794609784303,-0.442970408176421,-0.00752463171068056,-0.219475433790248,0.0423135649605225,CBCbothPairsAsymRW,CBCdriftDiffusionLR,0.5,0.262578513797762,0.0169867593224957,0.114059183647157,0.192794082826424,0.725186559351038,2.47044803638984,2.71476535324555,0.5,66.72607343113
CBC_1017,CBC_1017_MSI_AV_v3_Vset1_Aset2_2023-06-25_11h31.46.540.csv,3,13,2,3,b,1,0,0,aud,C,63,1,2C,3C,1,0,b,3.46771290000015,1,0,1,1,2C,3C,C23,2.63905732961526,0.780524566209752,0.435445776465741,0.442970408176421,0.5,0.435445776465741,0.822838131170274,0.5,0.435445776465741,0.5,0.442970408176421,0.690443439748102,0.589541135093851,0.5,0.442970408176421,0.442970408176421,0.728104775843642,0.539415437747252,0.460584562252748,0.690443439748102,0.589541135093851,0.0839896116972754,0.628896084487752,0.309556560251898,0.081282901527291,0.589541135093851,-0.0672425805952232,CBCbothPairsAsymRW,CBCdriftDiffusionLR,0.5,0.262578513797762,0.0169867593224957,0.114059183647157,0.192794082826424,0.725186559351038,2.47044803638984,2.71476535324555,0.5,66.72607343113
CBC_1017,CBC_1017_MSI_AV_v3_Vset1_Aset2_2023-06-25_11h31.46.540.csv,3,14,2,3,z,0,1,1,aud,D,63,1,2D,3D,0,1,z,1.24657630000002,0,1,1,1,3D,2D,D23,2.67414864942653,0.780524566209752,0.435445776465741,0.442970408176421,0.5,0.435445776465741,0.822838131170274,0.5,0.435445776465741,0.5,0.442970408176421,0.771726341275393,0.522298554498628,0.5,0.442970408176421,0.442970408176421,0.728104775843642,0.621740419213911,0.378259580786089,0.728104775843642,0.442970408176421,0.505989885498616,0.836575268411658,0.271895224156358,0.071393843867686,0.442970408176421,-0.0505248431364507,CBCbothPairsAsymRW,CBCdriftDiffusionLR,0.5,0.262578513797762,0.0169867593224957,0.114059183647157,0.192794082826424,0.725186559351038,2.47044803638984,2.71476535324555,0.5,66.72607343113
CBC_1017,CBC_1017_MSI_AV_v3_Vset1_Aset2_2023-06-25_11h31.46.540.csv,3,15,3,0,z,0,1,2,aud,A,9,1,3A,0A,0,1,z,2.0908088999995,0,1,1,1,0A,3A,A30,3.40119738166216,0.780524566209752,0.435445776465741,0.442970408176421,0.5,0.435445776465741,0.822838131170274,0.5,0.435445776465741,0.5,0.442970408176421,0.771726341275393,0.522298554498628,0.5,0.442970408176421,0.392445565039971,0.799498619711328,0.609535019324183,0.390464980675817,0.780524566209752,0.5,0.291164490233464,0.813334160835707,0.219475433790248,0.0576295332197626,0.5,-0.0570295918235787,CBCbothPairsAsymRW,CBCdriftDiffusionLR,0.5,0.262578513797762,0.0169867593224957,0.114059183647157,0.192794082826424,0.725186559351038,2.47044803638984,2.71476535324555,0.5,66.72607343113
CBC_1017,CBC_1017_MSI_AV_v3_Vset1_Aset2_2023-06-25_11h31.46.540.csv,3,16,1,0,b,1,0,3,aud,B,63,0,1B,0B,0,1,b,2.51327320000019,1,0,1,0,1B,0B,B10,2.7408400239252,0.838154099429514,0.435445776465741,0.442970408176421,0.442970408176421,0.435445776465741,0.822838131170274,0.5,0.435445776465741,0.5,0.442970408176421,0.771726341275393,0.522298554498628,0.5,0.442970408176421,0.392445565039971,0.799498619711328,0.653936783405401,0.346063216594599,0.822838131170274,0.435445776465741,0.215464977950952,0.887724364982719,-0.822838131170274,-0.0139773532955616,-0.564554223534259,0.108842713732072,CBCbothPairsAsymRW,CBCdriftDiffusionLR,0.5,0.262578513797762,0.0169867593224957,0.114059183647157,0.192794082826424,0.725186559351038,2.47044803638984,2.71476535324555,0.5,66.72607343113
CBC_1017,CBC_1017_MSI_AV_v3_Vset1_Aset2_2023-06-25_11h31.46.540.csv,3,17,3,2,b,1,0,1,aud,D,63,1,3D,2D,1,0,b,1.90472150000005,1,0,1,1,3D,2D,D32,3.46573590279973,0.838154099429514,0.435445776465741,0.442970408176421,0.442970408176421,0.544288490197812,0.808860777874713,0.5,0.435445776465741,0.5,0.442970408176421,0.771726341275393,0.522298554498628,0.5,0.442970408176421,0.392445565039971,0.799498619711328,0.670751726414224,0.329248273585776,0.799498619711328,0.392445565039971,0.397602834287804,0.908202218486222,0.200501380288672,0.0526473544505996,0.392445565039971,-0.0447620207744064,CBCbothPairsAsymRW,CBCdriftDiffusionLR,0.5,0.262578513797762,0.0169867593224957,0.114059183647157,0.192794082826424,0.725186559351038,2.47044803638984,2.71476535324555,0.5,66.72607343113
CBC_1017,CBC_1017_MSI_AV_v3_Vset1_Aset2_2023-06-25_11h31.46.540.csv,3,18,2,0,b,1,0,0,aud,C,27,1,2C,0C,1,0,b,3.60515069999929,1,0,1,1,2C,0C,C20,3.49650756146648,0.838154099429514,0.435445776465741,0.442970408176421,0.442970408176421,0.544288490197812,0.808860777874713,0.5,0.435445776465741,0.5,0.442970408176421,0.771726341275393,0.522298554498628,0.5,0.442970408176421,0.347683544265564,0.852145974161927,0.606833652986571,0.393166347013429,0.771726341275393,0.5,0.0849520418727839,0.807071253006864,0.228273658724607,0.059939758047085,0.5,-0.0570295918235787,CBCbothPairsAsymRW,CBCdriftDiffusionLR,0.5,0.262578513797762,0.0169867593224957,0.114059183647157,0.192794082826424,0.725186559351038,2.47044803638984,2.71476535324555,0.5,66.72607343113
CBC_1017,CBC_1017_MSI_AV_v3_Vset1_Aset2_2023-06-25_11h31.46.540.csv,3,19,1,0,z,0,1,2,aud,A,63,1,1A,0A,0,1,z,1.62880979999954,0,1,1,1,0A,1A,A10,2.83321334405622,0.838154099429514,0.435445776465741,0.442970408176421,0.442970408176421,0.544288490197812,0.808860777874713,0.5,0.435445776465741,0.442970408176421,0.442970408176421,0.831666099322478,0.522298554498628,0.5,0.442970408176421,0.347683544265564,0.852145974161927,0.658098446217536,0.341901553782464,0.838154099429514,0.435445776465741,0.49766107328784,0.892600130573395,0.161845900570486,0.0424972560360585,0.435445776465741,-0.049666589786285,CBCbothPairsAsymRW,CBCdriftDiffusionLR,0.5,0.262578513797762,0.0169867593224957,0.114059183647157,0.192794082826424,0.725186559351038,2.47044803638984,2.71476535324555,0.5,66.72607343113
CBC_1017,CBC_1017_MSI_AV_v3_Vset1_Aset2_2023-06-25_11h31.46.540.csv,3,20,0,1,z,0,1,3,aud,B,63,1,0B,1B,0,1,z,2.32356429999982,0,1,1,1,1B,0B,B01,2.86220088092947,0.880651355465573,0.385779186679456,0.442970408176421,0.442970408176421,0.544288490197812,0.808860777874713,0.5,0.435445776465741,0.442970408176421,0.442970408176421,0.831666099322478,0.522298554498628,0.5,0.442970408176421,0.347683544265564,0.852145974161927,0.597761678596541,0.40223832140346,0.808860777874713,0.544288490197812,0.233209643083206,0.786566993133089,0.191139222125287,0.0501890528741183,0.544288490197812,-0.0620811008605063,CBCbothPairsAsymRW,CBCdriftDiffusionLR,0.5,0.262578513797762,0.0169867593224957,0.114059183647157,0.192794082826424,0.725186559351038,2.47044803638984,2.71476535324555,0.5,66.72607343113
CBC_1017,CBC_1017_MSI_AV_v3_Vset1_Aset2_2023-06-25_11h31.46.540.csv,3,21,3,1,b,1,0,1,aud,D,27,1,3D,1D,1,0,b,1.08175989999927,1,0,1,1,3D,1D,D31,3.58351893845611,0.880651355465573,0.385779186679456,0.442970408176421,0.442970408176421,0.482207389337306,0.859049830748831,0.5,0.435445776465741,0.442970408176421,0.442970408176421,0.831666099322478,0.522298554498628,0.5,0.442970408176421,0.347683544265564,0.852145974161927,0.657968647283549,0.342031352716451,0.852145974161927,0.442970408176421,0.496737892262049,0.892637104023247,0.147854025838073,0.0388232903635771,0.442970408176421,-0.0505248431364507,CBCbothPairsAsymRW,CBCdriftDiffusionLR,0.5,0.262578513797762,0.0169867593224957,0.114059183647157,0.192794082826424,0.725186559351038,2.47044803638984,2.71476535324555,0.5,66.72607343113
CBC_1017,CBC_1017_MSI_AV_v3_Vset1_Aset2_2023-06-25_11h31.46.540.csv,3,22,2,3,b,1,0,0,aud,C,63,1,2C,3C,1,0,b,2.18514450000021,1,0,1,1,2C,3C,C23,2.51230562397611,0.880651355465573,0.385779186679456,0.442970408176421,0.442970408176421,0.482207389337306,0.859049830748831,0.5,0.435445776465741,0.442970408176421,0.442970408176421,0.831666099322478,0.522298554498628,0.5,0.392445565039971,0.347683544265564,0.890969264525504,0.61424505948171,0.38575494051829,0.831666099322478,0.522298554498628,0.272916501274551,0.821800473400491,0.168333900677522,0.044200865461684,0.522298554498628,-0.0595729467462039,CBCbothPairsAsymRW,CBCdriftDiffusionLR,0.5,0.262578513797762,0.0169867593224957,0.114059183647157,0.192794082826424,0.725186559351038,2.47044803638984,2.71476535324555,0.5,66.72607343113
CBC_1017,CBC_1017_MSI_AV_v3_Vset1_Aset2_2023-06-25_11h31.46.540.csv,3,23,1,0,z,0,1,2,aud,A,63,1,1A,0A,0,1,z,1.55879149999964,0,1,1,1,0A,1A,A10,2.53897387105828,0.880651355465573,0.385779186679456,0.442970408176421,0.442970408176421,0.482207389337306,0.859049830748831,0.5,0.435445776465741,0.442970408176421,0.442970408176421,0.875866964784162,0.462725607752424,0.5,0.392445565039971,0.347683544265564,0.890969264525504,0.695380698868776,0.304619301131224,0.880651355465573,0.385779186679456,0.59172519696162,0.931967315749141,0.119348644534427,0.0313383897056273,0.385779186679456,-0.0440016591007231,CBCbothPairsAsymRW,CBCdriftDiffusionLR,0.5,0.262578513797762,0.0169867593224957,0.114059183647157,0.192794082826424,0.725186559351038,2.47044803638984,2.71476535324555,0.5,66.72607343113
CBC_1017,CBC_1017_MSI_AV_v3_Vset1_Aset2_2023-06-25_11h31.46.540.csv,3,24,3,2,b,1,0,1,aud,D,63,1,3D,2D,1,0,b,0.877481399999851,1,0,1,1,3D,2D,D32,2.9704144655697,0.9119897451712,0.341777527578733,0.442970408176421,0.442970408176421,0.482207389337306,0.859049830748831,0.5,0.435445776465741,0.442970408176421,0.442970408176421,0.875866964784162,0.462725607752424,0.5,0.392445565039971,0.347683544265564,0.890969264525504,0.719305085494534,0.280694914505466,0.890969264525504,0.347683544265564,0.0856446140628156,0.949931221060049,0.109030735474496,0.0286291284791701,0.347683544265564,-0.0396565012264806,CBCbothPairsAsymRW,CBCdriftDiffusionLR,0.5,0.262578513797762,0.0169867593224957,0.114059183647157,0.192794082826424,0.725186559351038,2.47044803638984,2.71476535324555,0.5,66.72607343113
CBC_1017,CBC_1017_MSI_AV_v3_Vset1_Aset2_2023-06-25_11h31.46.540.csv,3,25,0,2,z,0,1,0,aud,C,27,1,0C,2C,0,1,z,1.71017920000031,0,1,1,1,2C,0C,C02,3.68887945411394,0.9119897451712,0.341777527578733,0.442970408176421,0.442970408176421,0.482207389337306,0.859049830748831,0.5,0.435445776465741,0.442970408176421,0.442970408176421,0.875866964784162,0.462725607752424,0.5,0.392445565039971,0.308027043039084,0.919598393004674,0.66412052216717,0.33587947783283,0.875866964784162,0.442970408176421,0.471976765784535,0.900369804723321,0.124133035215838,0.0325946679001801,0.442970408176421,-0.0505248431364507,CBCbothPairsAsymRW,CBCdriftDiffusionLR,0.5,0.262578513797762,0.0169867593224957,0.114059183647157,0.192794082826424,0.725186559351038,2.47044803638984,2.71476535324555,0.5,66.72607343113
CBC_1017,CBC_1017_MSI_AV_v3_Vset1_Aset2_2023-06-25_11h31.46.540.csv,3,26,1,0,z,0,1,2,aud,A,63,1,1A,0A,0,1,z,1.88853609999933,0,1,1,1,0A,1A,A10,2.32727770558442,0.9119897451712,0.341777527578733,0.442970408176421,0.442970408176421,0.482207389337306,0.859049830748831,0.5,0.435445776465741,0.392445565039971,0.442970408176421,0.908461632684342,0.462725607752424,0.5,0.392445565039971,0.308027043039084,0.919598393004674,0.727399546146152,0.272600453853848,0.9119897451712,0.341777527578733,0.428836318838103,0.954969407880026,0.0880102548287998,0.0231096019119086,0.341777527578733,-0.0389828657845741,CBCbothPairsAsymRW,CBCdriftDiffusionLR,0.5,0.262578513797762,0.0169867593224957,0.114059183647157,0.192794082826424,0.725186559351038,2.47044803638984,2.71476535324555,0.5,66.72607343113
CBC_1017,CBC_1017_MSI_AV_v3_Vset1_Aset2_2023-06-25_11h31.46.540.csv,3,27,3,1,z,0,1,3,aud,B,27,1,3B,1B,0,1,z,1.04556869999942,0,1,1,1,1B,3B,B31,3.04452243772342,0.935099347083109,0.302794661794159,0.442970408176421,0.442970408176421,0.482207389337306,0.859049830748831,0.5,0.435445776465741,0.392445565039971,0.442970408176421,0.908461632684342,0.462725607752424,0.5,0.392445565039971,0.308027043039084,0.919598393004674,0.66361741666879,0.33638258333121,0.859049830748831,0.435445776465741,0.453876347066726,0.899524079895497,0.140950169251169,0.037010485961515,0.435445776465741,-0.049666589786285,CBCbothPairsAsymRW,CBCdriftDiffusionLR,0.5,0.262578513797762,0.0169867593224957,0.114059183647157,0.192794082826424,0.725186559351038,2.47044803638984,2.71476535324555,0.5,66.72607343113
CBC_1017,CBC_1017_MSI_AV_v3_Vset1_Aset2_2023-06-25_11h31.46.540.csv,3,28,2,3,b,1,0,0,aud,C,63,1,2C,3C,1,0,b,1.41042399999969,1,0,1,1,2C,3C,C23,2.37490575457367,0.935099347083109,0.302794661794159,0.442970408176421,0.442970408176421,0.482207389337306,0.896060316710346,0.5,0.385779186679456,0.392445565039971,0.442970408176421,0.908461632684342,0.462725607752424,0.5,0.392445565039971,0.308027043039084,0.919598393004674,0.662536527392837,0.337463472607163,0.908461632684342,0.462725607752424,0.594261269771089,0.898859416726414,0.0915383673156581,0.0240360084452192,0.462725607752424,-0.0527781050728763,CBCbothPairsAsymRW,CBCdriftDiffusionLR,0.5,0.262578513797762,0.0169867593224957,0.114059183647157,0.192794082826424,0.725186559351038,2.47044803638984,2.71476535324555,0.5,66.72607343113
CBC_1017,CBC_1017_MSI_AV_v3_Vset1_Aset2_2023-06-25_11h31.46.540.csv,3,29,2,3,z,0,1,1,aud,D,63,0,2D,3D,1,0,z,1.33084239999971,0,1,1,0,3D,2D,D23,2.68557734525015,0.935099347083109,0.302794661794159,0.442970408176421,0.442970408176421,0.482207389337306,0.896060316710346,0.5,0.385779186679456,0.392445565039971,0.442970408176421,0.932497641129561,0.409947502679548,0.5,0.392445565039971,0.308027043039084,0.919598393004674,0.749087112408036,0.250912887591964,0.919598393004674,0.308027043039084,0.843305541678147,0.965812693605151,-0.919598393004674,-0.0156209965753242,-0.691972956960916,0.133408291577969,CBCbothPairsAsymRW,CBCdriftDiffusionLR,0.5,0.262578513797762,0.0169867593224957,0.114059183647157,0.192794082826424,0.725186559351038,2.47044803638984,2.71476535324555,0.5,66.72607343113
CBC_1017,CBC_1017_MSI_AV_v3_Vset1_Aset2_2023-06-25_11h31.46.540.csv,3,30,1,0,b,1,0,3,aud,B,63,1,1B,0B,1,0,z,2.90541050000047,0,1,0,0,0B,1B,B10,2.70805020110221,0.935099347083109,0.302794661794159,0.442970408176421,0.442970408176421,0.482207389337306,0.896060316710346,0.5,0.385779186679456,0.392445565039971,0.442970408176421,0.932497641129561,0.409947502679548,0.5,0.392445565039971,0.441435334617052,0.90397739642935,0.349864824679157,0.650135175320843,0.482207389337306,0.896060316710346,0.019947473145354,0.118202743452225,-0.482207389337306,-0.00819114086620181,-0.103939683289654,0.0200389559090978,CBCbothPairsAsymRW,CBCdriftDiffusionLR,0.5,0.262578513797762,0.0169867593224957,0.114059183647157,0.192794082826424,0.725186559351038,2.47044803638984,2.71476535324555,0.5,66.72607343113
CBC_1017,CBC_1017_MSI_AV_v3_Vset1_Aset2_2023-06-25_11h31.46.540.csv,3,31,0,2,b,1,0,2,aud,A,27,1,0A,2A,1,0,b,1.5496635999998,1,0,1,1,0A,2A,A02,3.13549421592915,0.935099347083109,0.302794661794159,0.442970408176421,0.442970408176421,0.474016248471104,0.916099272619444,0.5,0.385779186679456,0.392445565039971,0.442970408176421,0.932497641129561,0.409947502679548,0.5,0.392445565039971,0.441435334617052,0.90397739642935,0.678557339724071,0.321442660275929,0.935099347083109,0.442970408176421,0.568248195909745,0.916372684594298,0.0649006529168912,0.0170415169874217,0.442970408176421,-0.0505248431364507,CBCbothPairsAsymRW,CBCdriftDiffusionLR,0.5,0.262578513797762,0.0169867593224957,0.114059183647157,0.192794082826424,0.725186559351038,2.47044803638984,2.71476535324555,0.5,66.72607343113
CBC_1017,CBC_1017_MSI_AV_v3_Vset1_Aset2_2023-06-25_11h31.46.540.csv,3,32,0,3,z,0,1,1,aud,D,9,1,0D,3D,0,1,z,1.62244559999908,0,1,1,1,3D,0D,D03,3.85014760171006,0.952140864070531,0.302794661794159,0.392445565039971,0.442970408176421,0.474016248471104,0.916099272619444,0.5,0.385779186679456,0.392445565039971,0.442970408176421,0.932497641129561,0.409947502679548,0.5,0.392445565039971,0.441435334617052,0.90397739642935,0.643868910374469,0.356131089625531,0.90397739642935,0.5,0.476330926459733,0.87258523076714,0.0960226035706498,0.025213472536573,0.5,-0.0570295918235787,CBCbothPairsAsymRW,CBCdriftDiffusionLR,0.5,0.262578513797762,0.0169867593224957,0.114059183647157,0.192794082826424,0.725186559351038,2.47044803638984,2.71476535324555,0.5,66.72607343113
CBC_1017,CBC_1017_MSI_AV_v3_Vset1_Aset2_2023-06-25_11h31.46.540.csv,3,33,2,3,b,1,0,0,aud,C,63,1,2C,3C,1,0,b,2.3274421999995,1,0,1,1,2C,3C,C23,2.26176309847379,0.952140864070531,0.302794661794159,0.392445565039971,0.442970408176421,0.474016248471104,0.916099272619444,0.5,0.385779186679456,0.392445565039971,0.442970408176421,0.932497641129561,0.409947502679548,0.442970408176421,0.392445565039971,0.441435334617052,0.929190868965923,0.694626253765315,0.305373746234685,0.932497641129561,0.409947502679548,0.256199642919774,0.931710835592525,0.067502358870439,0.0177246690700431,0.409947502679548,-0.0467582774938201,CBCbothPairsAsymRW,CBCdriftDiffusionLR,0.5,0.262578513797762,0.0169867593224957,0.114059183647157,0.192794082826424,0.725186559351038,2.47044803638984,2.71476535324555,0.5,66.72607343113
CBC_1017,CBC_1017_MSI_AV_v3_Vset1_Aset2_2023-06-25_11h31.46.540.csv,3,34,1,0,b,1,0,3,aud,B,63,1,1B,0B,1,0,b,1.83050329999969,1,0,1,1,1B,0B,B10,2.50552593699074,0.952140864070531,0.302794661794159,0.392445565039971,0.442970408176421,0.474016248471104,0.916099272619444,0.5,0.385779186679456,0.392445565039971,0.442970408176421,0.950222310199604,0.363189225185728,0.442970408176421,0.392445565039971,0.441435334617052,0.929190868965923,0.659009455488104,0.340990544511896,0.916099272619444,0.474016248471104,0.416640504504939,0.894072643688616,0.083900727380556,0.0220305283021376,0.474016248471104,-0.0540659063361023,CBCbothPairsAsymRW,CBCdriftDiffusionLR,0.5,0.262578513797762,0.0169867593224957,0.114059183647157,0.192794082826424,0.725186559351038,2.47044803638984,2.71476535324555,0.5,66.72607343113
CBC_1017,CBC_1017_MSI_AV_v3_Vset1_Aset2_2023-06-25_11h31.46.540.csv,3,35,1,0,z,0,1,2,aud,A,63,0,1A,0A,1,0,z,2.24326299999939,0,1,1,0,0A,1A,A10,2.30258509299405,0.952140864070531,0.302794661794159,0.392445565039971,0.442970408176421,0.419950342135002,0.938129800921582,0.5,0.385779186679456,0.392445565039971,0.442970408176421,0.950222310199604,0.363189225185728,0.442970408176421,0.392445565039971,0.441435334617052,0.929190868965923,0.758716957522161,0.241283042477839,0.952140864070531,0.302794661794159,0.252989902152808,0.969720632215877,-0.952140864070531,-0.0161737876990792,-0.697205338205841,0.134417063721082,CBCbothPairsAsymRW,CBCdriftDiffusionLR,0.5,0.262578513797762,0.0169867593224957,0.114059183647157,0.192794082826424,0.725186559351038,2.47044803638984,2.71476535324555,0.5,66.72607343113
CBC_1017,CBC_1017_MSI_AV_v3_Vset1_Aset2_2023-06-25_11h31.46.540.csv,3,36,3,2,b,1,0,1,aud,D,63,1,3D,2D,1,0,b,1.07440889999998,1,0,1,1,3D,2D,D32,2.83321334405622,0.935967076371451,0.437211725515241,0.392445565039971,0.442970408176421,0.419950342135002,0.938129800921582,0.5,0.385779186679456,0.392445565039971,0.442970408176421,0.950222310199604,0.363189225185728,0.442970408176421,0.392445565039971,0.441435334617052,0.929190868965923,0.677931639229507,0.322068360770493,0.929190868965923,0.441435334617052,0.540016423760047,0.91555823578942,0.0708091310340769,0.0185929563902389,0.441435334617052,-0.0503497538994307,CBCbothPairsAsymRW,CBCdriftDiffusionLR,0.5,0.262578513797762,0.0169867593224957,0.114059183647157,0.192794082826424,0.725186559351038,2.47044803638984,2.71476535324555,0.5,66.72607343113
CBC_1017,CBC_1017_MSI_AV_v3_Vset1_Aset2_2023-06-25_11h31.46.540.csv,3,37,2,1,z,0,1,3,aud,B,9,1,2B,1B,0,1,b,3.45838009999989,1,0,0,0,2B,1B,B21,3.95124371858143,0.935967076371451,0.437211725515241,0.392445565039971,0.442970408176421,0.419950342135002,0.938129800921582,0.5,0.385779186679456,0.392445565039971,0.442970408176421,0.950222310199604,0.363189225185728,0.442970408176421,0.392445565039971,0.391085580717622,0.947783825356162,0.347673763299801,0.652326236700199,0.5,0.938129800921582,0.0113108818014245,0.114458749838596,-0.5,-0.00849337966124786,-0.0618701990784184,0.011928208285612,CBCbothPairsAsymRW,CBCdriftDiffusionLR,0.5,0.262578513797762,0.0169867593224957,0.114059183647157,0.192794082826424,0.725186559351038,2.47044803638984,2.71476535324555,0.5,66.72607343113
CBC_1017,CBC_1017_MSI_AV_v3_Vset1_Aset2_2023-06-25_11h31.46.540.csv,3,38,0,2,b,1,0,2,aud,A,27,1,0A,2A,1,0,b,1.58339389999946,1,0,1,1,0A,2A,A02,2.87167962488401,0.935967076371451,0.437211725515241,0.392445565039971,0.442970408176421,0.419950342135002,0.950058009207194,0.491506620338752,0.385779186679456,0.392445565039971,0.442970408176421,0.950222310199604,0.363189225185728,0.442970408176421,0.392445565039971,0.391085580717622,0.947783825356162,0.704575556716321,0.295424443283679,0.935967076371451,0.392445565039971,0.592259877230421,0.939766087996365,0.0640329236285486,0.0168136699205099,0.392445565039971,-0.0447620207744064,CBCbothPairsAsymRW,CBCdriftDiffusionLR,0.5,0.262578513797762,0.0169867593224957,0.114059183647157,0.192794082826424,0.725186559351038,2.47044803638984,2.71476535324555,0.5,66.72607343113
CBC_1017,CBC_1017_MSI_AV_v3_Vset1_Aset2_2023-06-25_11h31.46.540.csv,3,39,3,2,z,0,1,0,aud,C,63,1,3C,2C,0,1,z,3.78501349999988,0,1,1,1,2C,3C,C32,3.29583686600433,0.952780746291961,0.437211725515241,0.347683544265564,0.442970408176421,0.419950342135002,0.950058009207194,0.491506620338752,0.385779186679456,0.392445565039971,0.442970408176421,0.950222310199604,0.363189225185728,0.442970408176421,0.392445565039971,0.391085580717622,0.947783825356162,0.723476446337762,0.276523553662238,0.950222310199604,0.363189225185728,0.0381260378142334,0.952396233699627,0.0497776898003959,0.013070551808074,0.363189225185728,-0.0414250665341277,CBCbothPairsAsymRW,CBCdriftDiffusionLR,0.5,0.262578513797762,0.0169867593224957,0.114059183647157,0.192794082826424,0.725186559351038,2.47044803638984,2.71476535324555,0.5,66.72607343113
CBC_1017,CBC_1017_MSI_AV_v3_Vset1_Aset2_2023-06-25_11h31.46.540.csv,3,40,3,1,b,1,0,1,aud,D,27,1,3D,1D,1,0,b,2.17577720000008,1,0,1,1,3D,1D,D31,3.31418600467253,0.952780746291961,0.437211725515241,0.347683544265564,0.442970408176421,0.419950342135002,0.950058009207194,0.491506620338752,0.385779186679456,0.392445565039971,0.442970408176421,0.963292862007678,0.3217641586516,0.442970408176421,0.392445565039971,0.391085580717622,0.947783825356162,0.707180302228729,0.292819697771271,0.947783825356162,0.392445565039971,0.302528442254508,0.941311676905889,0.052216174643838,0.0137108455341834,0.392445565039971,-0.0447620207744064,CBCbothPairsAsymRW,CBCdriftDiffusionLR,0.5,0.262578513797762,0.0169867593224957,0.114059183647157,0.192794082826424,0.725186559351038,2.47044803638984,2.71476535324555,0.5,66.72607343113
CBC_1017,CBC_1017_MSI_AV_v3_Vset1_Aset2_2023-06-25_11h31.46.540.csv,3,41,1,0,z,0,1,2,aud,A,63,1,1A,0A,0,1,z,2.61962700000004,0,1,1,1,0A,1A,A10,2.23359222150709,0.952780746291961,0.437211725515241,0.347683544265564,0.442970408176421,0.419950342135002,0.950058009207194,0.491506620338752,0.385779186679456,0.392445565039971,0.442970408176421,0.963292862007678,0.3217641586516,0.442970408176421,0.347683544265564,0.391085580717622,0.961494670890345,0.685457486725235,0.314542513274765,0.952780746291961,0.437211725515241,0.18769375043766,0.923332675632588,0.0472192537080387,0.0123987614612963,0.437211725515241,-0.0498680124932334,CBCbothPairsAsymRW,CBCdriftDiffusionLR,0.5,0.262578513797762,0.0169867593224957,0.114059183647157,0.192794082826424,0.725186559351038,2.47044803638984,2.71476535324555,0.5,66.72607343113
CBC_1017,CBC_1017_MSI_AV_v3_Vset1_Aset2_2023-06-25_11h31.46.540.csv,3,42,2,0,b,1,0,0,aud,C,27,1,2C,0C,1,0,b,1.63029609999921,1,0,1,1,2C,0C,C20,3.3499040872746,0.965179507753258,0.387343713022007,0.347683544265564,0.442970408176421,0.419950342135002,0.950058009207194,0.491506620338752,0.385779186679456,0.392445565039971,0.442970408176421,0.963292862007678,0.3217641586516,0.442970408176421,0.347683544265564,0.391085580717622,0.961494670890345,0.710530027614112,0.289469972385888,0.963292862007678,0.392445565039971,0.571059366319491,0.943950253657826,0.0367071379923218,0.00963850573979325,0.392445565039971,-0.0447620207744064,CBCbothPairsAsymRW,CBCdriftDiffusionLR,0.5,0.262578513797762,0.0169867593224957,0.114059183647157,0.192794082826424,0.725186559351038,2.47044803638984,2.71476535324555,0.5,66.72607343113
CBC_1017,CBC_1017_MSI_AV_v3_Vset1_Aset2_2023-06-25_11h31.46.540.csv,3,43,2,3,z,0,1,1,aud,D,63,1,2D,3D,0,1,z,1.46930310000062,0,1,1,1,3D,2D,D23,2.67414864942653,0.965179507753258,0.387343713022007,0.347683544265564,0.442970408176421,0.419950342135002,0.950058009207194,0.491506620338752,0.385779186679456,0.347683544265564,0.442970408176421,0.972931367747471,0.3217641586516,0.442970408176421,0.347683544265564,0.391085580717622,0.961494670890345,0.71085961054607,0.28914038945393,0.961494670890345,0.391085580717622,0.672175851228962,0.944351676485003,0.0385053291096547,0.0101106720909068,0.391085580717622,-0.0446069020728264,CBCbothPairsAsymRW,CBCdriftDiffusionLR,0.5,0.262578513797762,0.0169867593224957,0.114059183647157,0.192794082826424,0.725186559351038,2.47044803638984,2.71476535324555,0.5,66.72607343113
CBC_1017,CBC_1017_MSI_AV_v3_Vset1_Aset2_2023-06-25_11h31.46.540.csv,3,44,0,1,z,0,1,3,aud,B,63,1,0B,1B,0,1,z,1.66690769999968,0,1,1,1,1B,0B,B01,2.97892515523761,0.965179507753258,0.387343713022007,0.347683544265564,0.442970408176421,0.419950342135002,0.950058009207194,0.491506620338752,0.385779186679456,0.347683544265564,0.442970408176421,0.972931367747471,0.3217641586516,0.442970408176421,0.347683544265564,0.346478678644795,0.971605342981252,0.693468772125676,0.306531227874324,0.950058009207194,0.419950342135002,0.529435977573182,0.9303677422734,0.0499419907928065,0.0131136937184767,0.419950342135002,-0.0478991931962628,CBCbothPairsAsymRW,CBCdriftDiffusionLR,0.5,0.262578513797762,0.0169867593224957,0.114059183647157,0.192794082826424,0.725186559351038,2.47044803638984,2.71476535324555,0.5,66.72607343113
CBC_1017,CBC_1017_MSI_TV_v3_Vset6_Tset2_2023-06-25_11h49.37.760.csv,4,1,1,0,z,0,1,2,tac,A,63,1,1A,0A,0,1,z,2.61624110000048,0,1,1,1,0A,1A,A10,2.77258872223978,0.5,0.5,0.5,0.5,0.5,0.5,0.5,0.5,0.5,0.5,0.5,0.5,0.5,0.5,0.5,0.5,0.5,0.5,0.5,0.5,0.164927688407494,0.500190000796476,0.5,0.0640306402331596,0.5,-0.194720574497495,CBCbothPairsAsymRW,CBCdriftDiffusionLR,0.5,0.128061280466319,0.19056792514703,0.389441148994991,0.0110797331306067,1.22963632119143,1.72881874574749,2.8988393406866,0.5,76.2049657411214
CBC_1017,CBC_1017_MSI_TV_v3_Vset6_Tset2_2023-06-25_11h49.37.760.csv,4,2,3,2,b,1,0,1,tac,D,63,1,3D,2D,1,0,b,2.94372759999987,1,0,1,1,3D,2D,D32,2.83321334405622,0.56403064023316,0.305279425502505,0.5,0.5,0.5,0.5,0.5,0.5,0.5,0.5,0.5,0.5,0.5,0.5,0.5,0.5,0.5,0.5,0.5,0.5,0.136594408919025,0.500351745507758,0.5,0.0640306402331596,0.5,-0.194720574497495,CBCbothPairsAsymRW,CBCdriftDiffusionLR,0.5,0.128061280466319,0.19056792514703,0.389441148994991,0.0110797331306067,1.22963632119143,1.72881874574749,2.8988393406866,0.5,76.2049657411214
CBC_1017,CBC_1017_MSI_TV_v3_Vset6_Tset2_2023-06-25_11h49.37.760.csv,4,3,2,0,b,1,0,0,tac,C,27,1,2C,0C,1,0,z,2.51165860000037,0,1,0,0,0C,2C,C20,2.89037175789616,0.56403064023316,0.305279425502505,0.5,0.5,0.5,0.5,0.5,0.5,0.5,0.5,0.5,0.5,0.5,0.5,0.305279425502505,0.56403064023316,0.5,0.5,0.5,0.5,0.174715048219741,0.499725615859386,-0.5,-0.0952839625735152,-0.5,0.00553986656530336,CBCbothPairsAsymRW,CBCdriftDiffusionLR,0.5,0.128061280466319,0.19056792514703,0.389441148994991,0.0110797331306067,1.22963632119143,1.72881874574749,2.8988393406866,0.5,76.2049657411214
CBC_1017,CBC_1017_MSI_TV_v3_Vset6_Tset2_2023-06-25_11h49.37.760.csv,4,4,1,0,z,0,1,2,tac,A,63,1,1A,0A,0,1,z,2.66046200000073,0,1,1,1,0A,1A,A10,2.2512917986065,0.56403064023316,0.305279425502505,0.5,0.5,0.5,0.5,0.5,0.5,0.404716037426485,0.5,0.505539866565303,0.5,0.5,0.5,0.305279425502505,0.56403064023316,0.648825617538251,0.351174382461749,0.56403064023316,0.305279425502505,0.280332479793533,0.816071350482438,0.43596935976684,0.0558307944558229,0.305279425502505,-0.118888370232226,CBCbothPairsAsymRW,CBCdriftDiffusionLR,0.5,0.128061280466319,0.19056792514703,0.389441148994991,0.0110797331306067,1.22963632119143,1.72881874574749,2.8988393406866,0.5,76.2049657411214
CBC_1017,CBC_1017_MSI_TV_v3_Vset6_Tset2_2023-06-25_11h49.37.760.csv,4,5,3,1,z,0,1,3,tac,B,27,1,3B,1B,0,1,z,2.39173820000087,0,1,1,1,1B,3B,B31,2.99573227355399,0.619861434688983,0.186391055270279,0.5,0.5,0.5,0.5,0.5,0.5,0.404716037426485,0.5,0.505539866565303,0.5,0.5,0.5,0.305279425502505,0.56403064023316,0.5,0.5,0.5,0.5,0.186537613024035,0.500029430995761,0.5,0.0640306402331596,0.5,-0.194720574497495,CBCbothPairsAsymRW,CBCdriftDiffusionLR,0.5,0.128061280466319,0.19056792514703,0.389441148994991,0.0110797331306067,1.22963632119143,1.72881874574749,2.8988393406866,0.5,76.2049657411214
CBC_1017,CBC_1017_MSI_TV_v3_Vset6_Tset2_2023-06-25_11h49.37.760.csv,4,6,2,3,b,1,0,0,tac,C,63,1,2C,3C,1,0,z,2.30566720000024,0,1,0,0,3C,2C,C23,3.04452243772342,0.619861434688983,0.186391055270279,0.5,0.5,0.5,0.56403064023316,0.5,0.305279425502505,0.404716037426485,0.5,0.505539866565303,0.5,0.5,0.5,0.305279425502505,0.56403064023316,0.497245327236887,0.502754672763113,0.5,0.505539866565303,0.19203030823285,0.492528411889619,-0.5,-0.0952839625735152,-0.494460133434697,0.00547848632218063,CBCbothPairsAsymRW,CBCdriftDiffusionLR,0.5,0.128061280466319,0.19056792514703,0.389441148994991,0.0110797331306067,1.22963632119143,1.72881874574749,2.8988393406866,0.5,76.2049657411214
CBC_1017,CBC_1017_MSI_TV_v3_Vset6_Tset2_2023-06-25_11h49.37.760.csv,4,7,2,3,z,0,1,1,tac,D,63,0,2D,3D,1,0,z,3.13088620000053,0,1,1,0,3D,2D,D23,3.09104245335832,0.619861434688983,0.186391055270279,0.5,0.5,0.5,0.56403064023316,0.5,0.305279425502505,0.404716037426485,0.5,0.511018352887484,0.404716037426485,0.5,0.5,0.305279425502505,0.56403064023316,0.648825617538251,0.351174382461749,0.56403064023316,0.305279425502505,0.200495665115724,0.816059636743131,-0.56403064023316,-0.107486148828584,-0.694720574497495,0.00769731856577404,CBCbothPairsAsymRW,CBCdriftDiffusionLR,0.5,0.128061280466319,0.19056792514703,0.389441148994991,0.0110797331306067,1.22963632119143,1.72881874574749,2.8988393406866,0.5,76.2049657411214
CBC_1017,CBC_1017_MSI_TV_v3_Vset6_Tset2_2023-06-25_11h49.37.760.csv,4,8,1,0,b,1,0,3,tac,B,63,1,1B,0B,1,0,b,2.69500940000034,1,0,1,1,1B,0B,B10,3.13549421592915,0.619861434688983,0.186391055270279,0.5,0.5,0.5,0.56403064023316,0.5,0.305279425502505,0.404716037426485,0.5,0.511018352887484,0.404716037426485,0.5,0.5,0.312976744068279,0.456544491404575,0.530088720104493,0.469911279895507,0.56403064023316,0.5,0.18188768728351,0.574980737623634,0.43596935976684,0.0558307944558229,0.5,-0.194720574497495,CBCbothPairsAsymRW,CBCdriftDiffusionLR,0.5,0.128061280466319,0.19056792514703,0.389441148994991,0.0110797331306067,1.22963632119143,1.72881874574749,2.8988393406866,0.5,76.2049657411214
CBC_1017,CBC_1017_MSI_TV_v3_Vset6_Tset2_2023-06-25_11h49.37.760.csv,4,9,0,2,b,1,0,2,tac,A,27,1,0A,2A,1,0,z,2.84922000000006,0,1,0,0,2A,0A,A02,3.17805383034795,0.619861434688983,0.186391055270279,0.5,0.5,0.305279425502505,0.619861434688983,0.5,0.305279425502505,0.404716037426485,0.5,0.511018352887484,0.404716037426485,0.5,0.5,0.312976744068279,0.456544491404575,0.446483809971422,0.553516190028578,0.5,0.619861434688983,0.107354945492925,0.369330290222236,-0.5,-0.0952839625735152,-0.380138565311017,0.00421183385629779,CBCbothPairsAsymRW,CBCdriftDiffusionLR,0.5,0.128061280466319,0.19056792514703,0.389441148994991,0.0110797331306067,1.22963632119143,1.72881874574749,2.8988393406866,0.5,76.2049657411214
CBC_1017,CBC_1017_MSI_TV_v3_Vset6_Tset2_2023-06-25_11h49.37.760.csv,4,10,0,3,z,0,1,1,tac,D,9,1,0D,3D,0,1,z,2.99554740000076,0,1,1,1,3D,0D,D03,3.2188758248682,0.62407326854528,0.186391055270279,0.404716037426485,0.5,0.305279425502505,0.619861434688983,0.5,0.305279425502505,0.404716037426485,0.5,0.511018352887484,0.404716037426485,0.5,0.5,0.312976744068279,0.456544491404575,0.477285160812742,0.522714839187258,0.456544491404575,0.5,0.1169380808091,0.441007084334744,0.543455508595425,0.0695956083072048,0.5,-0.194720574497495,CBCbothPairsAsymRW,CBCdriftDiffusionLR,0.5,0.128061280466319,0.19056792514703,0.389441148994991,0.0110797331306067,1.22963632119143,1.72881874574749,2.8988393406866,0.5,76.2049657411214
CBC_1017,CBC_1017_MSI_TV_v3_Vset6_Tset2_2023-06-25_11h49.37.760.csv,4,11,3,2,z,0,1,0,tac,C,63,0,3C,2C,1,0,z,2.23721569999998,0,1,1,0,2C,3C,C32,3.25809653802148,0.62407326854528,0.186391055270279,0.404716037426485,0.5,0.305279425502505,0.619861434688983,0.5,0.305279425502505,0.404716037426485,0.5,0.511018352887484,0.404716037426485,0.305279425502505,0.5,0.312976744068279,0.52614009971178,0.558042111656718,0.441957888343282,0.511018352887484,0.404716037426485,0.263452968198706,0.640325695309653,-0.511018352887484,-0.0973837072218208,-0.595283962573515,0.00659558744224463,CBCbothPairsAsymRW,CBCdriftDiffusionLR,0.5,0.128061280466319,0.19056792514703,0.389441148994991,0.0110797331306067,1.22963632119143,1.72881874574749,2.8988393406866,0.5,76.2049657411214
CBC_1017,CBC_1017_MSI_TV_v3_Vset6_Tset2_2023-06-25_11h49.37.760.csv,4,12,1,0,b,1,0,3,tac,B,63,1,1B,0B,1,0,b,3.80235209999955,1,0,1,1,1B,0B,B10,2.60268968544438,0.62407326854528,0.186391055270279,0.404716037426485,0.5,0.305279425502505,0.619861434688983,0.5,0.305279425502505,0.404716037426485,0.5,0.413634645665663,0.411311624868729,0.305279425502505,0.5,0.312976744068279,0.52614009971178,0.670018438663149,0.329981561336851,0.619861434688983,0.305279425502505,0.124037807782858,0.845804285724853,0.380138565311017,0.0486810314283584,0.305279425502505,-0.118888370232226,CBCbothPairsAsymRW,CBCdriftDiffusionLR,0.5,0.128061280466319,0.19056792514703,0.389441148994991,0.0110797331306067,1.22963632119143,1.72881874574749,2.8988393406866,0.5,76.2049657411214
CBC_1017,CBC_1017_MSI_TV_v3_Vset6_Tset2_2023-06-25_11h49.37.760.csv,4,13,3,2,b,1,0,1,tac,D,63,0,3D,2D,0,1,z,2.75886490000084,0,1,0,1,2D,3D,D32,2.63905732961526,0.62407326854528,0.186391055270279,0.404716037426485,0.5,0.186391055270279,0.668542466117341,0.5,0.305279425502505,0.404716037426485,0.5,0.413634645665663,0.411311624868729,0.305279425502505,0.5,0.312976744068279,0.52614009971178,0.372983508063524,0.627016491936476,0.312976744068279,0.52614009971178,0.0693663529129973,0.218698301574611,0.687023255931721,0.0879810778647559,0.52614009971178,-0.204900604964095,CBCbothPairsAsymRW,CBCdriftDiffusionLR,0.5,0.128061280466319,0.19056792514703,0.389441148994991,0.0110797331306067,1.22963632119143,1.72881874574749,2.8988393406866,0.5,76.2049657411214
CBC_1017,CBC_1017_MSI_TV_v3_Vset6_Tset2_2023-06-25_11h49.37.760.csv,4,14,3,2,z,0,1,0,tac,C,63,1,3C,2C,0,1,b,2.49989069999992,1,0,0,0,3C,2C,C32,2.67414864942653,0.62407326854528,0.186391055270279,0.404716037426485,0.5,0.186391055270279,0.668542466117341,0.5,0.305279425502505,0.404716037426485,0.5,0.413634645665663,0.411311624868729,0.305279425502505,0.5,0.400957821933035,0.321239494747685,0.498592016910732,0.501407983089268,0.411311624868729,0.413634645665663,0.175288019117419,0.498117537972472,-0.411311624868729,-0.0783828029400875,-0.586365354334337,0.00649677164305811,CBCbothPairsAsymRW,CBCdriftDiffusionLR,0.5,0.128061280466319,0.19056792514703,0.389441148994991,0.0110797331306067,1.22963632119143,1.72881874574749,2.8988393406866,0.5,76.2049657411214
CBC_1017,CBC_1017_MSI_TV_v3_Vset6_Tset2_2023-06-25_11h49.37.760.csv,4,15,1,3,b,1,0,3,tac,B,27,1,1B,3B,1,0,z,2.9081170999998,0,1,0,0,3B,1B,B13,3.40119738166216,0.62407326854528,0.186391055270279,0.404716037426485,0.5,0.186391055270279,0.668542466117341,0.5,0.305279425502505,0.404716037426485,0.5,0.420131417308721,0.332928821928642,0.305279425502505,0.5,0.400957821933035,0.321239494747685,0.313485893190084,0.686514106809916,0.305279425502505,0.668542466117341,0.0385768249813609,0.133520353148404,-0.305279425502505,-0.0581764667080897,-0.331457533882659,0.0036724610195489,CBCbothPairsAsymRW,CBCdriftDiffusionLR,0.5,0.128061280466319,0.19056792514703,0.389441148994991,0.0110797331306067,1.22963632119143,1.72881874574749,2.8988393406866,0.5,76.2049657411214
CBC_1017,CBC_1017_MSI_TV_v3_Vset6_Tset2_2023-06-25_11h49.37.760.csv,4,16,3,0,z,0,1,2,tac,A,9,1,3A,0A,0,1,b,3.61531820000073,1,0,0,0,3A,0A,A30,3.43398720448515,0.62407326854528,0.186391055270279,0.404716037426485,0.5,0.186391055270279,0.67221492713689,0.5,0.247102958794415,0.404716037426485,0.5,0.420131417308721,0.332928821928642,0.305279425502505,0.5,0.400957821933035,0.321239494747685,0.444810862415646,0.555189137584354,0.5,0.62407326854528,0.0666554894782092,0.363974634530463,-0.5,-0.0952839625735152,-0.37592673145472,0.00416516786117956,CBCbothPairsAsymRW,CBCdriftDiffusionLR,0.5,0.128061280466319,0.19056792514703,0.389441148994991,0.0110797331306067,1.22963632119143,1.72881874574749,2.8988393406866,0.5,76.2049657411214
CBC_1017,CBC_1017_MSI_TV_v3_Vset6_Tset2_2023-06-25_11h49.37.760.csv,4,17,3,2,b,1,0,1,tac,D,63,1,3D,2D,1,0,b,2.99724900000001,1,0,1,1,3D,2D,D32,2.36712361413162,0.62823843640646,0.186391055270279,0.404716037426485,0.404716037426485,0.186391055270279,0.67221492713689,0.5,0.247102958794415,0.404716037426485,0.5,0.420131417308721,0.332928821928642,0.305279425502505,0.5,0.400957821933035,0.321239494747685,0.444808485614609,0.555191514385391,0.321239494747685,0.400957821933035,0.0972007860793623,0.365299270638529,0.678760505252315,0.0869229394325771,0.400957821933035,-0.15614947487213,CBCbothPairsAsymRW,CBCdriftDiffusionLR,0.5,0.128061280466319,0.19056792514703,0.389441148994991,0.0110797331306067,1.22963632119143,1.72881874574749,2.8988393406866,0.5,76.2049657411214
CBC_1017,CBC_1017_MSI_TV_v3_Vset6_Tset2_2023-06-25_11h49.37.760.csv,4,18,2,0,b,1,0,0,tac,C,27,1,2C,0C,1,0,z,3.17336680000062,0,1,0,0,0C,2C,C20,2.80336038090653,0.62823843640646,0.186391055270279,0.404716037426485,0.404716037426485,0.186391055270279,0.67221492713689,0.5,0.247102958794415,0.404716037426485,0.5,0.420131417308721,0.332928821928642,0.305279425502505,0.5,0.244808347060905,0.408162434180263,0.490655617718318,0.509344382281682,0.404716037426485,0.420131417308721,0.113922331651533,0.477211372791405,-0.404716037426485,-0.0771258955260931,-0.579868582691279,0.00642478914704253,CBCbothPairsAsymRW,CBCdriftDiffusionLR,0.5,0.128061280466319,0.19056792514703,0.389441148994991,0.0110797331306067,1.22963632119143,1.72881874574749,2.8988393406866,0.5,76.2049657411214
CBC_1017,CBC_1017_MSI_TV_v3_Vset6_Tset2_2023-06-25_11h49.37.760.csv,4,19,1,0,z,0,1,2,tac,A,63,1,1A,0A,0,1,z,3.95801310000024,0,1,1,1,0A,1A,A10,2.42774823594805,0.62823843640646,0.186391055270279,0.404716037426485,0.404716037426485,0.186391055270279,0.67221492713689,0.5,0.247102958794415,0.327590141900392,0.5,0.426556206455764,0.332928821928642,0.305279425502505,0.5,0.244808347060905,0.408162434180263,0.771195301453385,0.228804698546615,0.62823843640646,0.186391055270279,0.0883821863643946,0.938028819826098,0.37176156359354,0.0476082618619497,0.186391055270279,-0.0725883467268461,CBCbothPairsAsymRW,CBCdriftDiffusionLR,0.5,0.128061280466319,0.19056792514703,0.389441148994991,0.0110797331306067,1.22963632119143,1.72881874574749,2.8988393406866,0.5,76.2049657411214
CBC_1017,CBC_1017_MSI_TV_v3_Vset6_Tset2_2023-06-25_11h49.37.760.csv,4,20,0,1,z,0,1,3,tac,B,63,0,0B,1B,1,0,z,2.84155270000065,0,1,1,0,1B,0B,B01,3.55534806148941,0.67584669826841,0.113802708543432,0.404716037426485,0.404716037426485,0.186391055270279,0.67221492713689,0.5,0.247102958794415,0.327590141900392,0.5,0.426556206455764,0.332928821928642,0.305279425502505,0.5,0.244808347060905,0.408162434180263,0.782914329634978,0.217085670365022,0.67221492713689,0.186391055270279,0.276524470420435,0.944628189387001,-0.67221492713689,-0.128102603917339,-0.813608944729721,0.00901456998027987,CBCbothPairsAsymRW,CBCdriftDiffusionLR,0.5,0.128061280466319,0.19056792514703,0.389441148994991,0.0110797331306067,1.22963632119143,1.72881874574749,2.8988393406866,0.5,76.2049657411214
CBC_1017,CBC_1017_MSI_TV_v3_Vset6_Tset2_2023-06-25_11h49.37.760.csv,4,21,1,3,z,0,1,1,tac,D,27,1,1D,3D,0,1,b,4.06940900000063,1,0,0,0,1D,3D,D13,3.58351893845611,0.67584669826841,0.113802708543432,0.404716037426485,0.404716037426485,0.195405625250558,0.54411232321955,0.5,0.247102958794415,0.327590141900392,0.5,0.426556206455764,0.332928821928642,0.305279425502505,0.5,0.244808347060905,0.408162434180263,0.550562301612174,0.449437698387826,0.5,0.408162434180263,0.0870223480176743,0.624023788057319,-0.5,-0.0952839625735152,-0.591837565819737,0.00655740228595059,CBCbothPairsAsymRW,CBCdriftDiffusionLR,0.5,0.128061280466319,0.19056792514703,0.389441148994991,0.0110797331306067,1.22963632119143,1.72881874574749,2.8988393406866,0.5,76.2049657411214
CBC_1017,CBC_1017_MSI_TV_v3_Vset6_Tset2_2023-06-25_11h49.37.760.csv,4,22,2,3,b,1,0,0,tac,C,63,1,2C,3C,1,0,b,4.45502880000004,1,0,1,1,2C,3C,C23,2.91777073208428,0.67584669826841,0.113802708543432,0.404716037426485,0.404716037426485,0.195405625250558,0.54411232321955,0.5,0.247102958794415,0.327590141900392,0.5,0.426556206455764,0.332928821928642,0.305279425502505,0.404716037426485,0.244808347060905,0.414719836466213,0.561638729552239,0.438361270447761,0.426556206455764,0.332928821928642,0.0711253633833648,0.648883565943671,0.573443793544236,0.0734359464767384,0.332928821928642,-0.129656182945439,CBCbothPairsAsymRW,CBCdriftDiffusionLR,0.5,0.128061280466319,0.19056792514703,0.389441148994991,0.0110797331306067,1.22963632119143,1.72881874574749,2.8988393406866,0.5,76.2049657411214
CBC_1017,CBC_1017_MSI_TV_v3_Vset6_Tset2_2023-06-25_11h49.37.760.csv,4,23,1,0,b,1,0,3,tac,B,63,1,1B,0B,1,0,b,4.22660879999967,1,0,1,1,1B,0B,B10,2.53897387105828,0.67584669826841,0.113802708543432,0.404716037426485,0.404716037426485,0.195405625250558,0.54411232321955,0.5,0.247102958794415,0.327590141900392,0.5,0.499992152932502,0.203272638983203,0.305279425502505,0.404716037426485,0.244808347060905,0.414719836466213,0.735766216824342,0.264233783175658,0.54411232321955,0.195405625250558,0.0774373478978796,0.914012282739675,0.45588767678045,0.0583815596373198,0.195405625250558,-0.0760989912176621,CBCbothPairsAsymRW,CBCdriftDiffusionLR,0.5,0.128061280466319,0.19056792514703,0.389441148994991,0.0110797331306067,1.22963632119143,1.72881874574749,2.8988393406866,0.5,76.2049657411214
CBC_1017,CBC_1017_MSI_TV_v3_Vset6_Tset2_2023-06-25_11h49.37.760.csv,4,24,2,0,z,0,1,2,tac,A,27,1,2A,0A,0,1,b,3.11156800000026,1,0,0,0,2A,0A,A20,3.66356164612965,0.67584669826841,0.113802708543432,0.404716037426485,0.404716037426485,0.119306634032896,0.60249388285687,0.5,0.247102958794415,0.327590141900392,0.5,0.499992152932502,0.203272638983203,0.305279425502505,0.404716037426485,0.244808347060905,0.414719836466213,0.374541916038052,0.625458083961948,0.404716037426485,0.67584669826841,0.0552792594377532,0.221392747352625,-0.404716037426485,-0.0771258955260931,-0.32415330173159,0.00359153207659106,CBCbothPairsAsymRW,CBCdriftDiffusionLR,0.5,0.128061280466319,0.19056792514703,0.389441148994991,0.0110797331306067,1.22963632119143,1.72881874574749,2.8988393406866,0.5,76.2049657411214
CBC_1017,CBC_1017_MSI_TV_v3_Vset6_Tset2_2023-06-25_11h49.37.760.csv,4,25,2,3,z,0,1,1,tac,D,63,1,2D,3D,0,1,b,2.60576140000012,1,0,0,0,2D,3D,D23,2.99573227355399,0.679438230345001,0.113802708543432,0.327590141900392,0.404716037426485,0.119306634032896,0.60249388285687,0.5,0.247102958794415,0.327590141900392,0.5,0.499992152932502,0.203272638983203,0.305279425502505,0.404716037426485,0.244808347060905,0.414719836466213,0.371187089764207,0.628812910235793,0.244808347060905,0.414719836466213,0.0758026648409876,0.215456853095569,-0.244808347060905,-0.0466526187580707,-0.585280163533787,0.00648474801859222,CBCbothPairsAsymRW,CBCdriftDiffusionLR,0.5,0.128061280466319,0.19056792514703,0.389441148994991,0.0110797331306067,1.22963632119143,1.72881874574749,2.8988393406866,0.5,76.2049657411214
CBC_1017,CBC_1017_MSI_TV_v3_Vset6_Tset2_2023-06-25_11h49.37.760.csv,4,26,2,0,b,1,0,0,tac,C,27,1,2C,0C,1,0,b,4.33486150000044,1,0,1,1,2C,0C,C20,2.6149597780362,0.679438230345001,0.113802708543432,0.327590141900392,0.404716037426485,0.119306634032896,0.60249388285687,0.5,0.247102958794415,0.327590141900392,0.5,0.499992152932502,0.203272638983203,0.305279425502505,0.404716037426485,0.198155728302834,0.421204584484805,0.604160040704425,0.395839959295575,0.499992152932502,0.327590141900392,0.0832037796500151,0.740207796718716,0.500007847067498,0.0640316451386712,0.327590141900392,-0.127577081261121,CBCbothPairsAsymRW,CBCdriftDiffusionLR,0.5,0.128061280466319,0.19056792514703,0.389441148994991,0.0110797331306067,1.22963632119143,1.72881874574749,2.8988393406866,0.5,76.2049657411214
CBC_1017,CBC_1017_MSI_TV_v3_Vset6_Tset2_2023-06-25_11h49.37.760.csv,4,27,1,0,b,1,0,3,tac,B,63,1,1B,0B,1,0,b,1.51242490000095,1,0,1,1,1B,0B,B10,2.35137525716348,0.679438230345001,0.113802708543432,0.327590141900392,0.404716037426485,0.119306634032896,0.60249388285687,0.5,0.247102958794415,0.200013060639271,0.5,0.564023798071174,0.203272638983203,0.305279425502505,0.404716037426485,0.198155728302834,0.421204584484805,0.834709686068129,0.165290313931871,0.60249388285687,0.119306634032896,0.414611519579376,0.966195696731275,0.39750611714313,0.0509051423545438,0.119306634032896,-0.046462912640496,CBCbothPairsAsymRW,CBCdriftDiffusionLR,0.5,0.128061280466319,0.19056792514703,0.389441148994991,0.0110797331306067,1.22963632119143,1.72881874574749,2.8988393406866,0.5,76.2049657411214
CBC_1017,CBC_1017_MSI_TV_v3_Vset6_Tset2_2023-06-25_11h49.37.760.csv,4,28,0,1,b,1,0,2,tac,A,63,1,0A,1A,1,0,b,1.80664780000006,1,0,1,1,0A,1A,A01,3.76120011569356,0.679438230345001,0.113802708543432,0.327590141900392,0.404716037426485,0.0728437213924004,0.653399025211414,0.5,0.247102958794415,0.200013060639271,0.5,0.564023798071174,0.203272638983203,0.305279425502505,0.404716037426485,0.198155728302834,0.421204584484805,0.856534499211672,0.143465500788328,0.679438230345001,0.113802708543432,0.82242250764685,0.972660151204812,0.320561769654999,0.0410515506905685,0.113802708543432,-0.0443194575738964,CBCbothPairsAsymRW,CBCdriftDiffusionLR,0.5,0.128061280466319,0.19056792514703,0.389441148994991,0.0110797331306067,1.22963632119143,1.72881874574749,2.8988393406866,0.5,76.2049657411214
CBC_1017,CBC_1017_MSI_TV_v3_Vset6_Tset2_2023-06-25_11h49.37.760.csv,4,29,3,2,z,0,1,0,tac,C,63,0,3C,2C,1,0,z,2.32337900000039,0,1,1,0,2C,3C,C32,2.68557734525015,0.720489781035569,0.0694832509695361,0.327590141900392,0.404716037426485,0.0728437213924004,0.653399025211414,0.5,0.247102958794415,0.200013060639271,0.5,0.564023798071174,0.203272638983203,0.305279425502505,0.404716037426485,0.198155728302834,0.421204584484805,0.735079391527531,0.264920608472469,0.564023798071174,0.203272638983203,0.437236062981238,0.913367915360362,-0.564023798071174,-0.107484844931971,-0.796727361016797,0.00882752653791867,CBCbothPairsAsymRW,CBCdriftDiffusionLR,0.5,0.128061280466319,0.19056792514703,0.389441148994991,0.0110797331306067,1.22963632119143,1.72881874574749,2.8988393406866,0.5,76.2049657411214
CBC_1017,CBC_1017_MSI_TV_v3_Vset6_Tset2_2023-06-25_11h49.37.760.csv,4,30,3,1,b,1,0,1,tac,D,27,1,3D,1D,1,0,b,4.8841652000001,1,0,1,1,3D,1D,D31,3.80666248977032,0.720489781035569,0.0694832509695361,0.327590141900392,0.404716037426485,0.0728437213924004,0.653399025211414,0.5,0.247102958794415,0.200013060639271,0.5,0.456538953139202,0.212100165521122,0.305279425502505,0.404716037426485,0.198155728302834,0.421204584484805,0.509981919945384,0.490018080054616,0.421204584484805,0.404716037426485,0.0458038932059909,0.524321006648062,0.578795415515195,0.0741212820389111,0.404716037426485,-0.15761307863207,CBCbothPairsAsymRW,CBCdriftDiffusionLR,0.5,0.128061280466319,0.19056792514703,0.389441148994991,0.0110797331306067,1.22963632119143,1.72881874574749,2.8988393406866,0.5,76.2049657411214
CBC_1017,CBC_1017_MSI_TV_v3_Vset6_Tset2_2023-06-25_11h49.37.760.csv,4,31,1,0,z,0,1,2,tac,A,63,0,1A,0A,1,0,z,2.50435560000005,0,1,1,0,0A,1A,A10,2.4423470353692,0.720489781035569,0.0694832509695361,0.327590141900392,0.404716037426485,0.0728437213924004,0.653399025211414,0.5,0.247102958794415,0.200013060639271,0.5,0.456538953139202,0.212100165521122,0.305279425502505,0.247102958794415,0.198155728302834,0.495325866523716,0.912043515215736,0.0879564847842642,0.720489781035569,0.0694832509695361,0.379685208542339,0.984133097634129,-0.720489781035569,-0.137302242661587,-0.930516749030464,0.0103098772528173,CBCbothPairsAsymRW,CBCdriftDiffusionLR,0.5,0.128061280466319,0.19056792514703,0.389441148994991,0.0110797331306067,1.22963632119143,1.72881874574749,2.8988393406866,0.5,76.2049657411214
CBC_1017,CBC_1017_MSI_TV_v3_Vset6_Tset2_2023-06-25_11h49.37.760.csv,4,32,3,2,b,1,0,1,tac,D,63,1,3D,2D,1,0,b,2.46445650000078,1,0,1,1,3D,2D,D32,2.46385324059017,0.583187538373982,0.0797931282223534,0.327590141900392,0.404716037426485,0.0728437213924004,0.653399025211414,0.5,0.247102958794415,0.200013060639271,0.5,0.456538953139202,0.212100165521122,0.305279425502505,0.247102958794415,0.198155728302834,0.495325866523716,0.714259571153585,0.285740428846415,0.495325866523716,0.198155728302834,0.373762965866896,0.894980137683027,0.504674133476284,0.064629215751203,0.198155728302834,-0.0771699945101949,CBCbothPairsAsymRW,CBCdriftDiffusionLR,0.5,0.128061280466319,0.19056792514703,0.389441148994991,0.0110797331306067,1.22963632119143,1.72881874574749,2.8988393406866,0.5,76.2049657411214
CBC_1017,CBC_1017_MSI_TV_v3_Vset6_Tset2_2023-06-25_11h49.37.760.csv,4,33,2,1,z,0,1,3,tac,B,9,1,2B,1B,0,1,z,3.45419990000028,0,1,1,1,1B,2B,B21,3.87120101090789,0.583187538373982,0.0797931282223534,0.327590141900392,0.404716037426485,0.0728437213924004,0.653399025211414,0.5,0.247102958794415,0.200013060639271,0.5,0.456538953139202,0.212100165521122,0.305279425502505,0.247102958794415,0.120985733792639,0.559955082274919,0.566498679927051,0.433501320072948,0.653399025211414,0.5,0.13327159500767,0.661086627619356,0.346600974788586,0.0443861646423007,0.5,-0.194720574497495,CBCbothPairsAsymRW,CBCdriftDiffusionLR,0.5,0.128061280466319,0.19056792514703,0.389441148994991,0.0110797331306067,1.22963632119143,1.72881874574749,2.8988393406866,0.5,76.2049657411214
CBC_1017,CBC_1017_MSI_TV_v3_Vset6_Tset2_2023-06-25_11h49.37.760.csv,4,34,1,0,z,0,1,2,tac,A,63,1,1A,0A,0,1,z,2.01731550000022,0,1,1,1,0A,1A,A10,2.28238238567653,0.583187538373982,0.0797931282223534,0.327590141900392,0.404716037426485,0.0728437213924004,0.697785189853715,0.305279425502505,0.247102958794415,0.200013060639271,0.5,0.456538953139202,0.212100165521122,0.305279425502505,0.247102958794415,0.120985733792639,0.559955082274919,0.879644864107423,0.120355135892577,0.583187538373982,0.0797931282223534,0.740648932931971,0.978108968435967,0.416812461626018,0.0533775375501463,0.0797931282223534,-0.0310747275368179,CBCbothPairsAsymRW,CBCdriftDiffusionLR,0.5,0.128061280466319,0.19056792514703,0.389441148994991,0.0110797331306067,1.22963632119143,1.72881874574749,2.8988393406866,0.5,76.2049657411214
CBC_1017,CBC_1017_MSI_TV_v3_Vset6_Tset2_2023-06-25_11h49.37.760.csv,4,35,2,1,b,1,0,0,tac,C,9,1,2C,1C,1,0,b,2.30442420000054,1,0,1,1,2C,1C,C21,3.91202300542815,0.636565075924129,0.0487184006855354,0.327590141900392,0.404716037426485,0.0728437213924004,0.697785189853715,0.305279425502505,0.247102958794415,0.200013060639271,0.5,0.456538953139202,0.212100165521122,0.305279425502505,0.247102958794415,0.120985733792639,0.559955082274919,0.477282134345828,0.522717865654172,0.456538953139202,0.5,0.173141778618832,0.442390288636098,0.543461046860798,0.06959631754456,0.5,-0.194720574497495,CBCbothPairsAsymRW,CBCdriftDiffusionLR,0.5,0.128061280466319,0.19056792514703,0.389441148994991,0.0110797331306067,1.22963632119143,1.72881874574749,2.8988393406866,0.5,76.2049657411214
CBC_1017,CBC_1017_MSI_TV_v3_Vset6_Tset2_2023-06-25_11h49.37.760.csv,4,36,1,0,b,1,0,3,tac,B,63,1,1B,0B,1,0,b,1.75655660000029,1,0,1,1,1B,0B,B10,2.32238772029023,0.636565075924129,0.0487184006855354,0.327590141900392,0.404716037426485,0.0728437213924004,0.697785189853715,0.305279425502505,0.247102958794415,0.200013060639271,0.305279425502505,0.526135270683762,0.212100165521122,0.305279425502505,0.247102958794415,0.120985733792639,0.559955082274919,0.905474969431641,0.0945250305683591,0.697785189853715,0.0728437213924004,0.935770526385941,0.983085131349926,0.302214810146285,0.0387020155632188,0.0728437213924004,-0.0283683425561274,CBCbothPairsAsymRW,CBCdriftDiffusionLR,0.5,0.128061280466319,0.19056792514703,0.389441148994991,0.0110797331306067,1.22963632119143,1.72881874574749,2.8988393406866,0.5,76.2049657411214
CBC_1017,CBC_1017_MSI_TV_v3_Vset6_Tset2_2023-06-25_11h49.37.760.csv,4,37,0,1,b,1,0,2,tac,A,63,0,0A,1A,0,1,b,1.80158510000001,1,0,1,0,0A,1A,A01,3.25809653802148,0.636565075924129,0.0487184006855354,0.327590141900392,0.404716037426485,0.044475378836273,0.736487205416934,0.305279425502505,0.247102958794415,0.200013060639271,0.305279425502505,0.526135270683762,0.212100165521122,0.305279425502505,0.247102958794415,0.120985733792639,0.559955082274919,0.92890766763185,0.0710923323681498,0.636565075924129,0.0487184006855354,0.973533675778889,0.986528653212875,-0.636565075924129,-0.121308885739923,-0.951281599314465,0.010539946252461,CBCbothPairsAsymRW,CBCdriftDiffusionLR,0.5,0.128061280466319,0.19056792514703,0.389441148994991,0.0110797331306067,1.22963632119143,1.72881874574749,2.8988393406866,0.5,76.2049657411214
CBC_1017,CBC_1017_MSI_TV_v3_Vset6_Tset2_2023-06-25_11h49.37.760.csv,4,38,0,1,z,0,1,3,tac,B,63,1,0B,1B,0,1,z,2.87630379999973,0,1,1,1,1B,0B,B01,3.27714473299218,0.515256190184206,0.0592583469379965,0.327590141900392,0.404716037426485,0.044475378836273,0.736487205416934,0.305279425502505,0.247102958794415,0.200013060639271,0.305279425502505,0.526135270683762,0.212100165521122,0.305279425502505,0.247102958794415,0.120985733792639,0.559955082274919,0.943050563838724,0.0569494361612758,0.736487205416934,0.044475378836273,0.189393329048054,0.988348748301074,0.263512794583066,0.0337457858935656,0.0444753788362729,-0.0173205426359856,CBCbothPairsAsymRW,CBCdriftDiffusionLR,0.5,0.128061280466319,0.19056792514703,0.389441148994991,0.0110797331306067,1.22963632119143,1.72881874574749,2.8988393406866,0.5,76.2049657411214
CBC_1017,CBC_1017_MSI_TV_v3_Vset6_Tset2_2023-06-25_11h49.37.760.csv,4,39,1,3,z,0,1,1,tac,D,27,1,1D,3D,0,1,z,3.61900130000049,0,1,1,1,3D,1D,D13,3.29583686600433,0.515256190184206,0.0592583469379965,0.327590141900392,0.404716037426485,0.0271548362002873,0.770232991310499,0.305279425502505,0.247102958794415,0.200013060639271,0.305279425502505,0.526135270683762,0.212100165521122,0.305279425502505,0.247102958794415,0.120985733792639,0.559955082274919,0.693822567622263,0.306177432377737,0.559955082274919,0.247102958794415,0.141938533282296,0.874802495210381,0.440044917725081,0.0563527156265699,0.247102958794415,-0.0962320601929588,CBCbothPairsAsymRW,CBCdriftDiffusionLR,0.5,0.128061280466319,0.19056792514703,0.389441148994991,0.0110797331306067,1.22963632119143,1.72881874574749,2.8988393406866,0.5,76.2049657411214
CBC_1017,CBC_1017_MSI_TV_v3_Vset6_Tset2_2023-06-25_11h49.37.760.csv,4,40,3,2,z,0,1,0,tac,C,63,1,3C,2C,0,1,z,2.5715468999997,0,1,1,1,2C,3C,C32,2.62103882411258,0.515256190184206,0.0592583469379965,0.327590141900392,0.404716037426485,0.0271548362002873,0.770232991310499,0.305279425502505,0.247102958794415,0.200013060639271,0.305279425502505,0.526135270683762,0.212100165521122,0.305279425502505,0.150870898601456,0.120985733792639,0.616307797901489,0.712693058177368,0.287306941822632,0.526135270683762,0.212100165521122,0.341154593903172,0.893341507868602,0.473864729316238,0.0606837240040631,0.212100165521122,-0.0826005321625733,CBCbothPairsAsymRW,CBCdriftDiffusionLR,0.5,0.128061280466319,0.19056792514703,0.389441148994991,0.0110797331306067,1.22963632119143,1.72881874574749,2.8988393406866,0.5,76.2049657411214
CBC_1017,CBC_1017_MSI_TV_v3_Vset6_Tset2_2023-06-25_11h49.37.760.csv,4,41,0,2,b,1,0,2,tac,A,27,1,0A,2A,1,0,b,2.50825070000064,1,0,1,1,0A,2A,A02,3.3322045101752,0.515256190184206,0.0592583469379965,0.327590141900392,0.404716037426485,0.0271548362002873,0.770232991310499,0.305279425502505,0.247102958794415,0.200013060639271,0.305279425502505,0.586818994687825,0.129499633358548,0.305279425502505,0.150870898601456,0.120985733792639,0.616307797901489,0.6113287447189,0.3886712552811,0.515256190184206,0.327590141900392,0.27820400761105,0.75297503197304,0.484743809815794,0.0620769129831325,0.327590141900392,-0.127577081261121,CBCbothPairsAsymRW,CBCdriftDiffusionLR,0.5,0.128061280466319,0.19056792514703,0.389441148994991,0.0110797331306067,1.22963632119143,1.72881874574749,2.8988393406866,0.5,76.2049657411214
CBC_1017,CBC_1017_MSI_TV_v3_Vset6_Tset2_2023-06-25_11h49.37.760.csv,4,42,2,3,z,0,1,1,tac,D,63,1,2D,3D,0,1,z,2.38407200000074,0,1,1,1,3D,2D,D23,2.94443897916644,0.577333103167338,0.0592583469379965,0.200013060639271,0.404716037426485,0.0271548362002873,0.770232991310499,0.305279425502505,0.247102958794415,0.200013060639271,0.305279425502505,0.586818994687825,0.129499633358548,0.305279425502505,0.150870898601456,0.120985733792639,0.616307797901489,0.835905608022029,0.164094391977971,0.616307797901489,0.120985733792639,0.462841614429766,0.96665427545619,0.383692202098511,0.049136114705677,0.120985733792639,-0.0471168231802074,CBCbothPairsAsymRW,CBCdriftDiffusionLR,0.5,0.128061280466319,0.19056792514703,0.389441148994991,0.0110797331306067,1.22963632119143,1.72881874574749,2.8988393406866,0.5,76.2049657411214
CBC_1017,CBC_1017_MSI_TV_v3_Vset6_Tset2_2023-06-25_11h49.37.760.csv,4,43,1,3,b,1,0,3,tac,B,27,0,1B,3B,0,1,b,1.62848660000054,1,0,1,0,1B,3B,B13,3.36729582998647,0.577333103167338,0.0592583469379965,0.200013060639271,0.404716037426485,0.0271548362002873,0.770232991310499,0.305279425502505,0.247102958794415,0.200013060639271,0.305279425502505,0.586818994687825,0.129499633358548,0.305279425502505,0.150870898601456,0.0738689106124317,0.665443912607166,0.757107808124807,0.242892191875193,0.770232991310499,0.247102958794415,0.51127601614543,0.9295174729782,-0.770232991310499,-0.146781703033833,-0.752897041205585,0.0083418982913813,CBCbothPairsAsymRW,CBCdriftDiffusionLR,0.5,0.128061280466319,0.19056792514703,0.389441148994991,0.0110797331306067,1.22963632119143,1.72881874574749,2.8988393406866,0.5,76.2049657411214
CBC_1017,CBC_1017_MSI_TV_v3_Vset6_Tset2_2023-06-25_11h49.37.760.csv,4,44,3,2,z,0,1,0,tac,C,63,1,3C,2C,0,1,z,1.41124640000089,0,1,1,1,2C,3C,C32,2.46809953147162,0.577333103167338,0.0592583469379965,0.200013060639271,0.404716037426485,0.0271548362002873,0.623451288276667,0.305279425502505,0.255444857085796,0.200013060639271,0.305279425502505,0.586818994687825,0.129499633358548,0.305279425502505,0.150870898601456,0.0738689106124317,0.665443912607166,0.819215041619489,0.180784958380511,0.586818994687825,0.129499633358548,0.102148838640132,0.961020043046712,0.413181005312175,0.0529124886046381,0.129499633358548,-0.0504324860095831,CBCbothPairsAsymRW,CBCdriftDiffusionLR,0.5,0.128061280466319,0.19056792514703,0.389441148994991,0.0110797331306067,1.22963632119143,1.72881874574749,2.8988393406866,0.5,76.2049657411214
