ID,filename,session,trial,visStimLeft,visStimRight,correctKey,leftCorrect,rightCorrect,secondStim,mod2Type,mod2Stim,frequency,rewardAccurate,stimPairLeft,stimPairRight,pCorrectLeft,pCorrectRight,key,reactionTime,choiceLeft,choiceRight,choiceAccurate,reward,chosenPair,otherPair,triplet,surprise,0A belief,1A belief,2A belief,3A belief,0B belief,1B belief,2B belief,3B belief,0C belief,1C belief,2C belief,3C belief,0D belief,1D belief,2D belief,3D belief,beliefPairNorm,beliefOtherPairNorm,beliefPair,beliefOtherPair,lik,corrLik,rewardPE,update2,rewardPEOP,update2OP,fit_percModel,fit_respModel,fit_startBelief,fit_alpha1,fit_alpha12,fit_alpha2,fit_alpha22,fit_nonDecisionTime,fit_weight,fit_startingBoundary,fit_startingPoint,fit_NLL
CBC_1015,CBC_1015_MSI_AV_v3_Vset1_Aset2_2023-06-25_14h04.10.751.csv,1,1,0,1,z,0,1,1,aud,B,63,1,0B,1B,0,1,b,2.52432620000218,1,0,0,0,0B,1B,B01,2.77258872223978,0.5,0.5,0.5,0.5,0.5,0.5,0.5,0.5,0.5,0.5,0.5,0.5,0.5,0.5,0.5,0.5,0.5,0.5,0.5,0.5,0.115282881142582,0.499238584870209,-0.5,-0.126058748291171,-0.5,0.065481739673664,CBCbothPairsAsymRW,CBCdriftDiffusionLR,0.5,0.997931167512789,0.252117496582343,0.583579222997557,0.130963479347328,0.666587785650663,1.98474288649511,2.48904361993176,0.5,34.3211742036128
CBC_1015,CBC_1015_MSI_AV_v3_Vset1_Aset2_2023-06-25_14h04.10.751.csv,1,2,1,0,z,0,1,2,aud,A,63,1,1A,0A,0,1,z,1.46392700000069,0,1,1,1,0A,1A,A10,2.83321334405622,0.5,0.5,0.5,0.5,0.373941251708829,0.565481739673664,0.5,0.5,0.5,0.5,0.5,0.5,0.5,0.5,0.5,0.5,0.5,0.5,0.5,0.5,0.264415097216256,0.501380403123049,0.5,0.498965583756394,0.5,-0.291789611498778,CBCbothPairsAsymRW,CBCdriftDiffusionLR,0.5,0.997931167512789,0.252117496582343,0.583579222997557,0.130963479347328,0.666587785650663,1.98474288649511,2.48904361993176,0.5,34.3211742036128
CBC_1015,CBC_1015_MSI_AV_v3_Vset1_Aset2_2023-06-25_14h04.10.751.csv,1,3,2,1,b,1,0,0,aud,C,9,1,2C,1C,1,0,z,2.73696070000187,0,1,0,0,1C,2C,C21,2.89037175789616,0.998965583756394,0.208210388501222,0.5,0.5,0.373941251708829,0.565481739673664,0.5,0.5,0.5,0.5,0.5,0.5,0.5,0.5,0.5,0.5,0.5,0.5,0.5,0.5,0.0971299674008311,0.498249838551894,-0.5,-0.126058748291171,-0.5,0.065481739673664,CBCbothPairsAsymRW,CBCdriftDiffusionLR,0.5,0.997931167512789,0.252117496582343,0.583579222997557,0.130963479347328,0.666587785650663,1.98474288649511,2.48904361993176,0.5,34.3211742036128
CBC_1015,CBC_1015_MSI_AV_v3_Vset1_Aset2_2023-06-25_14h04.10.751.csv,1,4,0,1,b,1,0,2,aud,A,63,1,0A,1A,1,0,b,2.26682199999959,1,0,1,1,0A,1A,A01,2.94443897916644,0.998965583756394,0.208210388501222,0.5,0.5,0.373941251708829,0.565481739673664,0.5,0.5,0.5,0.373941251708829,0.565481739673664,0.5,0.5,0.5,0.5,0.5,0.827522752866068,0.172477247133932,0.998965583756394,0.208210388501222,0.184656130107847,0.962278924903742,0.00103441624360578,0.00103227620967571,0.208210388501222,-0.121507256741562,CBCbothPairsAsymRW,CBCdriftDiffusionLR,0.5,0.997931167512789,0.252117496582343,0.583579222997557,0.130963479347328,0.666587785650663,1.98474288649511,2.48904361993176,0.5,34.3211742036128
CBC_1015,CBC_1015_MSI_AV_v3_Vset1_Aset2_2023-06-25_14h04.10.751.csv,1,5,1,3,z,0,1,3,aud,D,27,1,1D,3D,NaN,NaN,[],NaN,NaN,NaN,NaN,NaN,,,D13,2.99573227355399,0.99999785996607,0.0867031317596592,0.5,0.5,0.373941251708829,0.565481739673664,0.5,0.5,0.5,0.373941251708829,0.565481739673664,0.5,0.5,0.5,0.5,0.5,0,0,0,0,NaN,0,0,0,0,0,CBCbothPairsAsymRW,CBCdriftDiffusionLR,0.5,0.997931167512789,0.252117496582343,0.583579222997557,0.130963479347328,0.666587785650663,1.98474288649511,2.48904361993176,0.5,34.3211742036128
CBC_1015,CBC_1015_MSI_AV_v3_Vset1_Aset2_2023-06-25_14h04.10.751.csv,1,6,1,0,b,1,0,1,aud,B,63,1,1B,0B,1,0,b,1.68916580000223,1,0,1,1,1B,0B,B10,3.04452243772342,0.99999785996607,0.0867031317596592,0.5,0.5,0.373941251708829,0.565481739673664,0.5,0.5,0.5,0.373941251708829,0.565481739673664,0.5,0.5,0.5,0.5,0.5,0.601945816592671,0.398054183407329,0.565481739673664,0.373941251708829,0.340076467770667,0.732219359389795,0.434518260326336,0.433619314833086,0.373941251708829,-0.218224345118972,CBCbothPairsAsymRW,CBCdriftDiffusionLR,0.5,0.997931167512789,0.252117496582343,0.583579222997557,0.130963479347328,0.666587785650663,1.98474288649511,2.48904361993176,0.5,34.3211742036128
CBC_1015,CBC_1015_MSI_AV_v3_Vset1_Aset2_2023-06-25_14h04.10.751.csv,1,7,3,2,z,0,1,0,aud,C,63,1,3C,2C,0,1,z,1.40234740000233,0,1,1,1,2C,3C,C32,3.09104245335832,0.99999785996607,0.0867031317596592,0.5,0.5,0.155716906589857,0.99910105450675,0.5,0.5,0.5,0.373941251708829,0.565481739673664,0.5,0.5,0.5,0.5,0.5,0.530728701035139,0.469271298964861,0.565481739673664,0.5,0.317410890277778,0.574915228300733,0.434518260326336,0.433619314833086,0.5,-0.291789611498778,CBCbothPairsAsymRW,CBCdriftDiffusionLR,0.5,0.997931167512789,0.252117496582343,0.583579222997557,0.130963479347328,0.666587785650663,1.98474288649511,2.48904361993176,0.5,34.3211742036128
CBC_1015,CBC_1015_MSI_AV_v3_Vset1_Aset2_2023-06-25_14h04.10.751.csv,1,8,0,2,b,1,0,2,aud,A,27,1,0A,2A,1,0,b,1.66318180000053,1,0,1,1,0A,2A,A02,3.13549421592915,0.99999785996607,0.0867031317596592,0.5,0.5,0.155716906589857,0.99910105450675,0.5,0.5,0.5,0.373941251708829,0.99910105450675,0.208210388501222,0.5,0.5,0.5,0.5,0.666666191102893,0.333333808897107,0.99999785996607,0.5,0.417924891598449,0.838694988481449,2.14003393006479e-06,2.13560655834654e-06,0.5,-0.291789611498778,CBCbothPairsAsymRW,CBCdriftDiffusionLR,0.5,0.997931167512789,0.252117496582343,0.583579222997557,0.130963479347328,0.666587785650663,1.98474288649511,2.48904361993176,0.5,34.3211742036128
CBC_1015,CBC_1015_MSI_AV_v3_Vset1_Aset2_2023-06-25_14h04.10.751.csv,1,9,2,3,z,0,1,3,aud,D,63,1,2D,3D,0,1,z,1.02831110000079,0,1,1,1,3D,2D,D23,3.17805383034795,0.999999995572628,0.0867031317596592,0.208210388501222,0.5,0.155716906589857,0.99910105450675,0.5,0.5,0.5,0.373941251708829,0.99910105450675,0.208210388501222,0.5,0.5,0.5,0.5,0.5,0.5,0.5,0.5,0.267924601637808,0.499367416156216,0.5,0.498965583756394,0.5,-0.291789611498778,CBCbothPairsAsymRW,CBCdriftDiffusionLR,0.5,0.997931167512789,0.252117496582343,0.583579222997557,0.130963479347328,0.666587785650663,1.98474288649511,2.48904361993176,0.5,34.3211742036128
CBC_1015,CBC_1015_MSI_AV_v3_Vset1_Aset2_2023-06-25_14h04.10.751.csv,1,10,1,3,b,1,0,1,aud,B,27,1,1B,3B,1,0,b,1.57242120000046,1,0,1,1,1B,3B,B13,3.2188758248682,0.999999995572628,0.0867031317596592,0.208210388501222,0.5,0.155716906589857,0.99910105450675,0.5,0.5,0.5,0.373941251708829,0.99910105450675,0.208210388501222,0.5,0.5,0.208210388501222,0.998965583756394,0.666466781210747,0.333533218789253,0.99910105450675,0.5,0.456283155594087,0.838560240810165,0.000898945493249759,0.000897085725609091,0.5,-0.291789611498778,CBCbothPairsAsymRW,CBCdriftDiffusionLR,0.5,0.997931167512789,0.252117496582343,0.583579222997557,0.130963479347328,0.666587785650663,1.98474288649511,2.48904361993176,0.5,34.3211742036128
CBC_1015,CBC_1015_MSI_AV_v3_Vset1_Aset2_2023-06-25_14h04.10.751.csv,1,11,2,3,b,1,0,0,aud,C,63,1,2C,3C,1,0,b,1.45707760000187,1,0,1,1,2C,3C,C23,3.25809653802148,0.999999995572628,0.0867031317596592,0.208210388501222,0.5,0.155716906589857,0.999998140232359,0.5,0.208210388501222,0.5,0.373941251708829,0.99910105450675,0.208210388501222,0.5,0.5,0.208210388501222,0.998965583756394,0.827542106299868,0.172457893700132,0.99910105450675,0.208210388501222,0.684833550151222,0.962112777605006,0.000898945493249759,0.000897085725609091,0.208210388501222,-0.121507256741562,CBCbothPairsAsymRW,CBCdriftDiffusionLR,0.5,0.997931167512789,0.252117496582343,0.583579222997557,0.130963479347328,0.666587785650663,1.98474288649511,2.48904361993176,0.5,34.3211742036128
CBC_1015,CBC_1015_MSI_AV_v3_Vset1_Aset2_2023-06-25_14h04.10.751.csv,1,12,3,1,z,0,1,1,aud,B,27,1,3B,1B,0,1,b,1.69139600000017,1,0,0,0,3B,1B,B31,3.29583686600433,0.999999995572628,0.0867031317596592,0.208210388501222,0.5,0.155716906589857,0.999998140232359,0.5,0.208210388501222,0.5,0.373941251708829,0.999998140232359,0.0867031317596592,0.5,0.5,0.208210388501222,0.998965583756394,0.172329845013976,0.827670154986024,0.208210388501222,0.999998140232359,0.0186234752092712,0.0378511089634224,-0.208210388501222,-0.052493481911365,-1.8597676406662e-06,2.43561640999217e-07,CBCbothPairsAsymRW,CBCdriftDiffusionLR,0.5,0.997931167512789,0.252117496582343,0.583579222997557,0.130963479347328,0.666587785650663,1.98474288649511,2.48904361993176,0.5,34.3211742036128
CBC_1015,CBC_1015_MSI_AV_v3_Vset1_Aset2_2023-06-25_14h04.10.751.csv,1,13,2,3,b,1,0,0,aud,C,63,1,2C,3C,1,0,b,1.49689020000005,1,0,1,1,2C,3C,C23,2.63905732961526,0.999999995572628,0.0867031317596592,0.208210388501222,0.5,0.155716906589857,0.999998383794,0.5,0.155716906589857,0.5,0.373941251708829,0.999998140232359,0.0867031317596592,0.5,0.5,0.208210388501222,0.998965583756394,0.920214382743176,0.0797856172568242,0.999998140232359,0.0867031317596592,0.647303902680929,0.984533549376161,1.8597676406662e-06,1.85592009295252e-06,0.0867031317596593,-0.0505981462637567,CBCbothPairsAsymRW,CBCdriftDiffusionLR,0.5,0.997931167512789,0.252117496582343,0.583579222997557,0.130963479347328,0.666587785650663,1.98474288649511,2.48904361993176,0.5,34.3211742036128
CBC_1015,CBC_1015_MSI_AV_v3_Vset1_Aset2_2023-06-25_14h04.10.751.csv,1,14,2,3,z,0,1,3,aud,D,63,1,2D,3D,0,1,z,1.26140289999967,0,1,1,1,3D,2D,D23,2.67414864942653,0.999999995572628,0.0867031317596592,0.208210388501222,0.5,0.155716906589857,0.999998383794,0.5,0.155716906589857,0.5,0.373941251708829,0.999999996152452,0.0361049854959025,0.5,0.5,0.208210388501222,0.998965583756394,0.827522752866068,0.172477247133932,0.998965583756394,0.208210388501222,0.897680832821432,0.962112899269147,0.00103441624360578,0.00103227620967571,0.208210388501222,-0.121507256741562,CBCbothPairsAsymRW,CBCdriftDiffusionLR,0.5,0.997931167512789,0.252117496582343,0.583579222997557,0.130963479347328,0.666587785650663,1.98474288649511,2.48904361993176,0.5,34.3211742036128
CBC_1015,CBC_1015_MSI_AV_v3_Vset1_Aset2_2023-06-25_14h04.10.751.csv,1,15,3,0,z,0,1,2,aud,A,9,1,3A,0A,0,1,z,1.63343460000033,0,1,1,1,0A,3A,A30,3.40119738166216,0.999999995572628,0.0867031317596592,0.208210388501222,0.5,0.155716906589857,0.999998383794,0.5,0.155716906589857,0.5,0.373941251708829,0.999999996152452,0.0361049854959025,0.5,0.5,0.0867031317596592,0.99999785996607,0.666666665682806,0.333333334317194,0.999999995572628,0.5,0.43030641497265,0.838737314621588,4.42737169148444e-09,4.41821220109614e-09,0.5,-0.291789611498778,CBCbothPairsAsymRW,CBCdriftDiffusionLR,0.5,0.997931167512789,0.252117496582343,0.583579222997557,0.130963479347328,0.666587785650663,1.98474288649511,2.48904361993176,0.5,34.3211742036128
CBC_1015,CBC_1015_MSI_AV_v3_Vset1_Aset2_2023-06-25_14h04.10.751.csv,1,16,1,0,b,1,0,1,aud,B,63,0,1B,0B,0,1,b,1.49506970000039,1,0,1,0,1B,0B,B10,2.7408400239252,0.999999999990841,0.0867031317596592,0.208210388501222,0.208210388501222,0.155716906589857,0.999998383794,0.5,0.155716906589857,0.5,0.373941251708829,0.999999996152452,0.0361049854959025,0.5,0.5,0.0867031317596592,0.99999785996607,0.865263609571059,0.134736390428941,0.999998383794,0.155716906589857,0.656515356454449,0.973583290486747,-0.999998383794,-0.252117089108532,-0.844283093410143,0.110570251467118,CBCbothPairsAsymRW,CBCdriftDiffusionLR,0.5,0.997931167512789,0.252117496582343,0.583579222997557,0.130963479347328,0.666587785650663,1.98474288649511,2.48904361993176,0.5,34.3211742036128
CBC_1015,CBC_1015_MSI_AV_v3_Vset1_Aset2_2023-06-25_14h04.10.751.csv,1,17,3,2,b,1,0,3,aud,D,63,1,3D,2D,1,0,b,1.79137439999977,1,0,1,1,3D,2D,D32,3.46573590279973,0.999999999990841,0.0867031317596592,0.208210388501222,0.208210388501222,0.266287158056974,0.747881294685468,0.5,0.155716906589857,0.5,0.373941251708829,0.999999996152452,0.0361049854959025,0.5,0.5,0.0867031317596592,0.99999785996607,0.920214362166017,0.079785637833983,0.99999785996607,0.0867031317596592,0.344385164484103,0.984496796159556,2.14003393006479e-06,2.13560655834654e-06,0.0867031317596593,-0.0505981462637567,CBCbothPairsAsymRW,CBCdriftDiffusionLR,0.5,0.997931167512789,0.252117496582343,0.583579222997557,0.130963479347328,0.666587785650663,1.98474288649511,2.48904361993176,0.5,34.3211742036128
CBC_1015,CBC_1015_MSI_AV_v3_Vset1_Aset2_2023-06-25_14h04.10.751.csv,1,18,2,0,b,1,0,0,aud,C,27,1,2C,0C,1,0,b,1.73051099999975,1,0,1,1,2C,0C,C20,3.49650756146648,0.999999999990841,0.0867031317596592,0.208210388501222,0.208210388501222,0.266287158056974,0.747881294685468,0.5,0.155716906589857,0.5,0.373941251708829,0.999999996152452,0.0361049854959025,0.5,0.5,0.0361049854959025,0.999999995572628,0.666666665811656,0.333333334188344,0.999999996152452,0.5,0.390723042269116,0.838233499309625,3.84754772486673e-09,3.83958779313743e-09,0.5,-0.291789611498778,CBCbothPairsAsymRW,CBCdriftDiffusionLR,0.5,0.997931167512789,0.252117496582343,0.583579222997557,0.130963479347328,0.666587785650663,1.98474288649511,2.48904361993176,0.5,34.3211742036128
CBC_1015,CBC_1015_MSI_AV_v3_Vset1_Aset2_2023-06-25_14h04.10.751.csv,1,19,1,0,z,0,1,2,aud,A,63,1,1A,0A,0,1,z,1.61363990000063,0,1,1,1,0A,1A,A10,2.83321334405622,0.999999999990841,0.0867031317596592,0.208210388501222,0.208210388501222,0.266287158056974,0.747881294685468,0.5,0.155716906589857,0.208210388501222,0.373941251708829,0.99999999999204,0.0361049854959025,0.5,0.5,0.0361049854959025,0.999999995572628,0.920214519286427,0.0797854807135733,0.999999999990841,0.0867031317596592,0.505366767508493,0.984534084339691,9.15945097546e-12,9.14050160571695e-12,0.0867031317596593,-0.0505981462637567,CBCbothPairsAsymRW,CBCdriftDiffusionLR,0.5,0.997931167512789,0.252117496582343,0.583579222997557,0.130963479347328,0.666587785650663,1.98474288649511,2.48904361993176,0.5,34.3211742036128
CBC_1015,CBC_1015_MSI_AV_v3_Vset1_Aset2_2023-06-25_14h04.10.751.csv,1,20,0,1,z,0,1,1,aud,B,63,1,0B,1B,0,1,z,1.7023678000005,0,1,1,1,1B,0B,B01,2.86220088092947,0.999999999999981,0.0361049854959025,0.208210388501222,0.208210388501222,0.266287158056974,0.747881294685468,0.5,0.155716906589857,0.208210388501222,0.373941251708829,0.99999999999204,0.0361049854959025,0.5,0.5,0.0361049854959025,0.999999995572628,0.737433009933508,0.262566990066492,0.747881294685468,0.266287158056974,0.451302656069616,0.912355692653613,0.252118705314532,0.251597113946344,0.266287158056974,-0.155399652793117,CBCbothPairsAsymRW,CBCdriftDiffusionLR,0.5,0.997931167512789,0.252117496582343,0.583579222997557,0.130963479347328,0.666587785650663,1.98474288649511,2.48904361993176,0.5,34.3211742036128
CBC_1015,CBC_1015_MSI_AV_v3_Vset1_Aset2_2023-06-25_14h04.10.751.csv,1,21,3,1,b,1,0,3,aud,D,27,1,3D,1D,1,0,b,0.98094250000031,1,0,1,1,3D,1D,D31,3.58351893845611,0.999999999999981,0.0361049854959025,0.208210388501222,0.208210388501222,0.110887505263858,0.999478408631812,0.5,0.155716906589857,0.208210388501222,0.373941251708829,0.99999999999204,0.0361049854959025,0.5,0.5,0.0361049854959025,0.999999995572628,0.666666665682806,0.333333334317194,0.999999995572628,0.5,0.510314302129052,0.838629043322616,4.42737169148444e-09,4.41821220109614e-09,0.5,-0.291789611498778,CBCbothPairsAsymRW,CBCdriftDiffusionLR,0.5,0.997931167512789,0.252117496582343,0.583579222997557,0.130963479347328,0.666587785650663,1.98474288649511,2.48904361993176,0.5,34.3211742036128
CBC_1015,CBC_1015_MSI_AV_v3_Vset1_Aset2_2023-06-25_14h04.10.751.csv,1,22,2,3,b,1,0,0,aud,C,63,1,2C,3C,1,0,b,1.55602700000054,1,0,1,1,2C,3C,C23,2.51230562397611,0.999999999999981,0.0361049854959025,0.208210388501222,0.208210388501222,0.110887505263858,0.999478408631812,0.5,0.155716906589857,0.208210388501222,0.373941251708829,0.99999999999204,0.0361049854959025,0.5,0.208210388501222,0.0361049854959025,0.999999999990841,0.965153159185988,0.0348468408140119,0.99999999999204,0.0361049854959025,0.539522027865451,0.990059694312867,7.95996601965498e-12,7.94349818335642e-12,0.0361049854959025,-0.0210701193820368,CBCbothPairsAsymRW,CBCdriftDiffusionLR,0.5,0.997931167512789,0.252117496582343,0.583579222997557,0.130963479347328,0.666587785650663,1.98474288649511,2.48904361993176,0.5,34.3211742036128
CBC_1015,CBC_1015_MSI_AV_v3_Vset1_Aset2_2023-06-25_14h04.10.751.csv,1,23,1,0,z,0,1,2,aud,A,63,1,1A,0A,0,1,z,1.0041895000013,0,1,1,1,0A,1A,A10,2.53897387105828,0.999999999999981,0.0361049854959025,0.208210388501222,0.208210388501222,0.110887505263858,0.999478408631812,0.5,0.155716906589857,0.208210388501222,0.373941251708829,0.999999999999984,0.0150348661138657,0.5,0.208210388501222,0.0361049854959025,0.999999999990841,0.965153159186255,0.0348468408137449,0.999999999999981,0.0361049854959025,1.42803507494126,0.989971579827505,1.89848137210902e-14,1.89455373217003e-14,0.0361049854959025,-0.0210701193820368,CBCbothPairsAsymRW,CBCdriftDiffusionLR,0.5,0.997931167512789,0.252117496582343,0.583579222997557,0.130963479347328,0.666587785650663,1.98474288649511,2.48904361993176,0.5,34.3211742036128
CBC_1015,CBC_1015_MSI_AV_v3_Vset1_Aset2_2023-06-25_14h04.10.751.csv,1,24,3,2,b,1,0,3,aud,D,63,1,3D,2D,1,0,b,0.91560009999921,1,0,1,1,3D,2D,D32,2.9704144655697,1,0.0150348661138657,0.208210388501222,0.208210388501222,0.110887505263858,0.999478408631812,0.5,0.155716906589857,0.208210388501222,0.373941251708829,0.999999999999984,0.0150348661138657,0.5,0.208210388501222,0.0361049854959025,0.999999999990841,0.965153159185948,0.0348468408140523,0.999999999990841,0.0361049854959025,1.16148041913548,0.990039005125487,9.15945097546e-12,9.14050160571695e-12,0.0361049854959025,-0.0210701193820368,CBCbothPairsAsymRW,CBCdriftDiffusionLR,0.5,0.997931167512789,0.252117496582343,0.583579222997557,0.130963479347328,0.666587785650663,1.98474288649511,2.48904361993176,0.5,34.3211742036128
CBC_1015,CBC_1015_MSI_AV_v3_Vset1_Aset2_2023-06-25_14h04.10.751.csv,1,25,0,2,z,0,1,0,aud,C,27,1,0C,2C,0,1,z,1.39365480000015,0,1,1,1,2C,0C,C02,3.68887945411394,1,0.0150348661138657,0.208210388501222,0.208210388501222,0.110887505263858,0.999478408631812,0.5,0.155716906589857,0.208210388501222,0.373941251708829,0.999999999999984,0.0150348661138657,0.5,0.208210388501222,0.0150348661138657,0.999999999999981,0.827670420248986,0.172329579751014,0.999999999999984,0.208210388501222,0.75291734176517,0.962308882321354,1.64313007644523e-14,1.63973071556237e-14,0.208210388501222,-0.121507256741562,CBCbothPairsAsymRW,CBCdriftDiffusionLR,0.5,0.997931167512789,0.252117496582343,0.583579222997557,0.130963479347328,0.666587785650663,1.98474288649511,2.48904361993176,0.5,34.3211742036128
CBC_1015,CBC_1015_MSI_AV_v3_Vset1_Aset2_2023-06-25_14h04.10.751.csv,1,26,1,0,z,0,1,2,aud,A,63,1,1A,0A,0,1,z,1.15629660000013,0,1,1,1,0A,1A,A10,2.32727770558442,1,0.0150348661138657,0.208210388501222,0.208210388501222,0.110887505263858,0.999478408631812,0.5,0.155716906589857,0.0867031317596592,0.373941251708829,1,0.0150348661138657,0.5,0.208210388501222,0.0150348661138657,0.999999999999981,0.985187832836297,0.0148121671637032,1,0.0150348661138657,1.32125802689812,0.991826888488042,0,0,0.0150348661138656,-0.008774035484602,CBCbothPairsAsymRW,CBCdriftDiffusionLR,0.5,0.997931167512789,0.252117496582343,0.583579222997557,0.130963479347328,0.666587785650663,1.98474288649511,2.48904361993176,0.5,34.3211742036128
CBC_1015,CBC_1015_MSI_AV_v3_Vset1_Aset2_2023-06-25_14h04.10.751.csv,1,27,3,1,z,0,1,1,aud,B,27,1,3B,1B,0,1,z,2.31092340000214,0,1,1,1,1B,3B,B31,3.04452243772342,1,0.00626083062926367,0.208210388501222,0.208210388501222,0.110887505263858,0.999478408631812,0.5,0.155716906589857,0.0867031317596592,0.373941251708829,1,0.0150348661138657,0.5,0.208210388501222,0.0150348661138657,0.999999999999981,0.865202962184818,0.134797037815182,0.999478408631812,0.155716906589857,0.147558802392699,0.973669021411391,0.000521591368188412,0.000520512283020855,0.155716906589856,-0.0908731513552916,CBCbothPairsAsymRW,CBCdriftDiffusionLR,0.5,0.997931167512789,0.252117496582343,0.583579222997557,0.130963479347328,0.666587785650663,1.98474288649511,2.48904361993176,0.5,34.3211742036128
CBC_1015,CBC_1015_MSI_AV_v3_Vset1_Aset2_2023-06-25_14h04.10.751.csv,1,28,2,3,b,1,0,0,aud,C,63,1,2C,3C,1,0,b,1.29104460000053,1,0,1,1,2C,3C,C23,2.37490575457367,1,0.00626083062926367,0.208210388501222,0.208210388501222,0.110887505263858,0.999998920914832,0.5,0.064843755234565,0.0867031317596592,0.373941251708829,1,0.0150348661138657,0.5,0.208210388501222,0.0150348661138657,0.999999999999981,0.985187832836297,0.0148121671637032,1,0.0150348661138657,1.00465561977598,0.991822137614072,0,0,0.0150348661138656,-0.008774035484602,CBCbothPairsAsymRW,CBCdriftDiffusionLR,0.5,0.997931167512789,0.252117496582343,0.583579222997557,0.130963479347328,0.666587785650663,1.98474288649511,2.48904361993176,0.5,34.3211742036128
CBC_1015,CBC_1015_MSI_AV_v3_Vset1_Aset2_2023-06-25_14h04.10.751.csv,1,29,2,3,z,0,1,3,aud,D,63,1,2D,3D,0,1,z,1.84193679999953,0,1,1,1,3D,2D,D23,2.68557734525015,1,0.00626083062926367,0.208210388501222,0.208210388501222,0.110887505263858,0.999998920914832,0.5,0.064843755234565,0.0867031317596592,0.373941251708829,1,0.00626083062926367,0.5,0.208210388501222,0.0150348661138657,0.999999999999981,0.985187832836297,0.0148121671637035,0.999999999999981,0.0150348661138657,0.246680043443033,0.991781832914532,1.89848137210902e-14,1.89455373217003e-14,0.0150348661138656,-0.008774035484602,CBCbothPairsAsymRW,CBCdriftDiffusionLR,0.5,0.997931167512789,0.252117496582343,0.583579222997557,0.130963479347328,0.666587785650663,1.98474288649511,2.48904361993176,0.5,34.3211742036128
CBC_1015,CBC_1015_MSI_AV_v3_Vset1_Aset2_2023-06-25_14h04.10.751.csv,1,30,1,0,b,1,0,1,aud,B,63,1,1B,0B,1,0,b,0.98671640000066,1,0,1,1,1B,0B,B10,2.70805020110221,1,0.00626083062926367,0.208210388501222,0.208210388501222,0.110887505263858,0.999998920914832,0.5,0.064843755234565,0.0867031317596592,0.373941251708829,1,0.00626083062926367,0.5,0.208210388501222,0.00626083062926367,1,0.900181060231966,0.0998189397680343,0.999998920914832,0.110887505263858,1.17616533066635,0.981177196609366,1.07908516755462e-06,1.07685272110351e-06,0.110887505263857,-0.0647116441620195,CBCbothPairsAsymRW,CBCdriftDiffusionLR,0.5,0.997931167512789,0.252117496582343,0.583579222997557,0.130963479347328,0.666587785650663,1.98474288649511,2.48904361993176,0.5,34.3211742036128
CBC_1015,CBC_1015_MSI_AV_v3_Vset1_Aset2_2023-06-25_14h04.10.751.csv,1,31,0,2,b,1,0,2,aud,A,27,1,0A,2A,1,0,b,1.07892820000052,1,0,1,1,0A,2A,A02,3.13549421592915,1,0.00626083062926367,0.208210388501222,0.208210388501222,0.0461758611018381,0.999999997767554,0.5,0.064843755234565,0.0867031317596592,0.373941251708829,1,0.00626083062926367,0.5,0.208210388501222,0.00626083062926367,1,0.827670420248989,0.172329579751011,1,0.208210388501222,1.0203644622569,0.962175817192181,0,0,0.208210388501222,-0.121507256741562,CBCbothPairsAsymRW,CBCdriftDiffusionLR,0.5,0.997931167512789,0.252117496582343,0.583579222997557,0.130963479347328,0.666587785650663,1.98474288649511,2.48904361993176,0.5,34.3211742036128
CBC_1015,CBC_1015_MSI_AV_v3_Vset1_Aset2_2023-06-25_14h04.10.751.csv,1,32,0,3,z,0,1,3,aud,D,9,1,0D,3D,0,1,z,1.21289240000078,0,1,1,1,3D,0D,D03,3.85014760171006,1,0.00626083062926367,0.0867031317596592,0.208210388501222,0.0461758611018381,0.999999997767554,0.5,0.064843755234565,0.0867031317596592,0.373941251708829,1,0.00626083062926367,0.5,0.208210388501222,0.00626083062926367,1,0.666666666666667,0.333333333333333,1,0.5,0.602835981067529,0.838828367195881,0,0,0.5,-0.291789611498778,CBCbothPairsAsymRW,CBCdriftDiffusionLR,0.5,0.997931167512789,0.252117496582343,0.583579222997557,0.130963479347328,0.666587785650663,1.98474288649511,2.48904361993176,0.5,34.3211742036128
CBC_1015,CBC_1015_MSI_AV_v3_Vset1_Aset2_2023-06-25_14h04.10.751.csv,1,33,2,3,b,1,0,0,aud,C,63,1,2C,3C,1,0,b,1.29875210000137,1,0,1,1,2C,3C,C23,2.26176309847379,1,0.00626083062926367,0.0867031317596592,0.208210388501222,0.0461758611018381,0.999999997767554,0.5,0.064843755234565,0.0867031317596592,0.373941251708829,1,0.00626083062926367,0.208210388501222,0.208210388501222,0.00626083062926367,1,0.993778123485788,0.00622187651421199,1,0.00626083062926367,0.987596099888074,0.992409374956838,0,0,0.00626083062926364,-0.00365369067394498,CBCbothPairsAsymRW,CBCdriftDiffusionLR,0.5,0.997931167512789,0.252117496582343,0.583579222997557,0.130963479347328,0.666587785650663,1.98474288649511,2.48904361993176,0.5,34.3211742036128
CBC_1015,CBC_1015_MSI_AV_v3_Vset1_Aset2_2023-06-25_14h04.10.751.csv,1,34,1,0,b,1,0,1,aud,B,63,1,1B,0B,1,0,b,1.40769980000005,1,0,1,1,1B,0B,B10,2.50552593699074,1,0.00626083062926367,0.0867031317596592,0.208210388501222,0.0461758611018381,0.999999997767554,0.5,0.064843755234565,0.0867031317596592,0.373941251708829,1,0.00260713995531869,0.208210388501222,0.208210388501222,0.00626083062926367,1,0.955862237968537,0.0441377620314625,0.999999997767554,0.0461758611018381,0.772724934838472,0.98907293247705,2.23244644992349e-09,2.22782789218192e-09,0.046175861101838,-0.0269472731430537,CBCbothPairsAsymRW,CBCdriftDiffusionLR,0.5,0.997931167512789,0.252117496582343,0.583579222997557,0.130963479347328,0.666587785650663,1.98474288649511,2.48904361993176,0.5,34.3211742036128
CBC_1015,CBC_1015_MSI_AV_v3_Vset1_Aset2_2023-06-25_14h04.10.751.csv,1,35,1,0,z,0,1,2,aud,A,63,0,1A,0A,1,0,z,0.956867000000784,0,1,1,0,0A,1A,A10,2.30258509299405,1,0.00626083062926367,0.0867031317596592,0.208210388501222,0.0192285879587843,0.999999999995381,0.5,0.064843755234565,0.0867031317596592,0.373941251708829,1,0.00260713995531869,0.208210388501222,0.208210388501222,0.00626083062926367,1,0.993778123485788,0.00622187651421199,1,0.00626083062926367,1.44492542619039,0.9924220766282,-1,-0.252117496582343,-0.993739169370736,0.130143539184515,CBCbothPairsAsymRW,CBCdriftDiffusionLR,0.5,0.997931167512789,0.252117496582343,0.583579222997557,0.130963479347328,0.666587785650663,1.98474288649511,2.48904361993176,0.5,34.3211742036128
CBC_1015,CBC_1015_MSI_AV_v3_Vset1_Aset2_2023-06-25_14h04.10.751.csv,1,36,3,2,b,1,0,3,aud,D,63,1,3D,2D,1,0,b,1.00527800000054,1,0,1,1,3D,2D,D32,2.83321334405622,0.747882503417657,0.136404369813779,0.0867031317596592,0.208210388501222,0.0192285879587843,0.999999999995381,0.5,0.064843755234565,0.0867031317596592,0.373941251708829,1,0.00260713995531869,0.208210388501222,0.208210388501222,0.00626083062926367,1,0.993778123485788,0.00622187651421199,1,0.00626083062926367,1.53161881426761,0.992459109086348,0,0,0.00626083062926364,-0.00365369067394498,CBCbothPairsAsymRW,CBCdriftDiffusionLR,0.5,0.997931167512789,0.252117496582343,0.583579222997557,0.130963479347328,0.666587785650663,1.98474288649511,2.48904361993176,0.5,34.3211742036128
CBC_1015,CBC_1015_MSI_AV_v3_Vset1_Aset2_2023-06-25_14h04.10.751.csv,1,37,2,1,z,0,1,1,aud,B,9,1,2B,1B,0,1,z,2.9276387000009,0,1,1,1,1B,2B,B21,3.95124371858143,0.747882503417657,0.136404369813779,0.0867031317596592,0.208210388501222,0.0192285879587843,0.999999999995381,0.5,0.064843755234565,0.0867031317596592,0.373941251708829,1,0.00260713995531869,0.208210388501222,0.208210388501222,0.00260713995531869,1,0.66666666666564,0.33333333333436,0.999999999995381,0.5,0.116255195248685,0.83901138598415,4.61852778244065e-12,4.60897282212125e-12,0.5,-0.291789611498778,CBCbothPairsAsymRW,CBCdriftDiffusionLR,0.5,0.997931167512789,0.252117496582343,0.583579222997557,0.130963479347328,0.666587785650663,1.98474288649511,2.48904361993176,0.5,34.3211742036128
CBC_1015,CBC_1015_MSI_AV_v3_Vset1_Aset2_2023-06-25_14h04.10.751.csv,1,38,0,2,b,1,0,2,aud,A,27,1,0A,2A,1,0,b,0.959470800002237,1,0,1,1,0A,2A,A02,2.87167962488401,0.747882503417657,0.136404369813779,0.0867031317596592,0.208210388501222,0.0192285879587843,0.99999999999999,0.208210388501222,0.064843755234565,0.0867031317596592,0.373941251708829,1,0.00260713995531869,0.208210388501222,0.208210388501222,0.00260713995531869,1,0.896112360307713,0.103887639692287,0.747882503417657,0.0867031317596592,1.09705906697792,0.980434722494711,0.252117496582343,0.251595907714819,0.0867031317596593,-0.0505981462637567,CBCbothPairsAsymRW,CBCdriftDiffusionLR,0.5,0.997931167512789,0.252117496582343,0.583579222997557,0.130963479347328,0.666587785650663,1.98474288649511,2.48904361993176,0.5,34.3211742036128
CBC_1015,CBC_1015_MSI_AV_v3_Vset1_Aset2_2023-06-25_14h04.10.751.csv,1,39,3,2,z,0,1,0,aud,C,63,1,3C,2C,0,1,z,2.24434070000098,0,1,1,1,2C,3C,C32,3.29583686600433,0.999478411132476,0.136404369813779,0.0361049854959025,0.208210388501222,0.0192285879587843,0.99999999999999,0.208210388501222,0.064843755234565,0.0867031317596592,0.373941251708829,1,0.00260713995531869,0.208210388501222,0.208210388501222,0.00260713995531869,1,0.997399639548313,0.00260036045168686,1,0.00260713995531869,0.0778838782962279,0.992699126741144,0,0,0.00260713995531869,-0.00152147270937077,CBCbothPairsAsymRW,CBCdriftDiffusionLR,0.5,0.997931167512789,0.252117496582343,0.583579222997557,0.130963479347328,0.666587785650663,1.98474288649511,2.48904361993176,0.5,34.3211742036128
CBC_1015,CBC_1015_MSI_AV_v3_Vset1_Aset2_2023-06-25_14h04.10.751.csv,1,40,3,1,b,1,0,3,aud,D,27,1,3D,1D,1,0,b,0.79406519999975,1,0,1,1,3D,1D,D31,3.31418600467253,0.999478411132476,0.136404369813779,0.0361049854959025,0.208210388501222,0.0192285879587843,0.99999999999999,0.208210388501222,0.064843755234565,0.0867031317596592,0.373941251708829,1,0.00108566724594792,0.208210388501222,0.208210388501222,0.00260713995531869,1,0.827670420248989,0.172329579751011,1,0.208210388501222,0.113600697733034,0.962172573435319,0,0,0.208210388501222,-0.121507256741562,CBCbothPairsAsymRW,CBCdriftDiffusionLR,0.5,0.997931167512789,0.252117496582343,0.583579222997557,0.130963479347328,0.666587785650663,1.98474288649511,2.48904361993176,0.5,34.3211742036128
CBC_1015,CBC_1015_MSI_AV_v3_Vset1_Aset2_2023-06-25_14h04.10.751.csv,1,41,1,0,z,0,1,2,aud,A,63,1,1A,0A,0,1,z,1.45676240000103,0,1,1,1,0A,1A,A10,2.23359222150709,0.999478411132476,0.136404369813779,0.0361049854959025,0.208210388501222,0.0192285879587843,0.99999999999999,0.208210388501222,0.064843755234565,0.0867031317596592,0.373941251708829,1,0.00108566724594792,0.208210388501222,0.0867031317596592,0.00260713995531869,1,0.879913339561195,0.120086660438805,0.999478411132476,0.136404369813779,0.704748513654655,0.977074771278091,0.000521588867523959,0.000520509787529857,0.136404369813779,-0.0796027561493965,CBCbothPairsAsymRW,CBCdriftDiffusionLR,0.5,0.997931167512789,0.252117496582343,0.583579222997557,0.130963479347328,0.666587785650663,1.98474288649511,2.48904361993176,0.5,34.3211742036128
CBC_1015,CBC_1015_MSI_AV_v3_Vset1_Aset2_2023-06-25_14h04.10.751.csv,1,42,2,0,b,1,0,0,aud,C,27,1,2C,0C,1,0,b,1.21518610000203,1,0,1,1,2C,0C,C20,3.3499040872746,0.999998920920006,0.0568016136643825,0.0361049854959025,0.208210388501222,0.0192285879587843,0.99999999999999,0.208210388501222,0.064843755234565,0.0867031317596592,0.373941251708829,1,0.00108566724594792,0.208210388501222,0.0867031317596592,0.00260713995531869,1,0.920214519287099,0.0797854807129008,1,0.0867031317596592,1.10675353100479,0.984506648335667,0,0,0.0867031317596593,-0.0505981462637567,CBCbothPairsAsymRW,CBCdriftDiffusionLR,0.5,0.997931167512789,0.252117496582343,0.583579222997557,0.130963479347328,0.666587785650663,1.98474288649511,2.48904361993176,0.5,34.3211742036128
CBC_1015,CBC_1015_MSI_AV_v3_Vset1_Aset2_2023-06-25_14h04.10.751.csv,1,43,2,3,z,0,1,3,aud,D,63,1,2D,3D,0,1,z,1.6297050000012,0,1,1,1,3D,2D,D23,2.67414864942653,0.999998920920006,0.0568016136643825,0.0361049854959025,0.208210388501222,0.0192285879587843,0.99999999999999,0.208210388501222,0.064843755234565,0.0361049854959025,0.373941251708829,1,0.00108566724594792,0.208210388501222,0.0867031317596592,0.00260713995531869,1,0.997399639548313,0.00260036045168686,1,0.00260713995531869,0.417729036515368,0.992716980796474,0,0,0.00260713995531869,-0.00152147270937077,CBCbothPairsAsymRW,CBCdriftDiffusionLR,0.5,0.997931167512789,0.252117496582343,0.583579222997557,0.130963479347328,0.666587785650663,1.98474288649511,2.48904361993176,0.5,34.3211742036128
CBC_1015,CBC_1015_MSI_AV_v3_Vset1_Aset2_2023-06-25_14h04.10.751.csv,1,44,0,1,z,0,1,1,aud,B,63,1,0B,1B,0,1,z,1.36525150000125,0,1,1,1,1B,0B,B01,2.97892515523761,0.999998920920006,0.0568016136643825,0.0361049854959025,0.208210388501222,0.0192285879587843,0.99999999999999,0.208210388501222,0.064843755234565,0.0361049854959025,0.373941251708829,1,0.00108566724594792,0.208210388501222,0.0867031317596592,0.00108566724594792,1,0.981134175212556,0.0188658247874441,0.99999999999999,0.0192285879587843,0.84493121875218,0.991452733896769,9.54791801177635e-15,9.52816496880835e-15,0.0192285879587843,-0.0112214044203275,CBCbothPairsAsymRW,CBCdriftDiffusionLR,0.5,0.997931167512789,0.252117496582343,0.583579222997557,0.130963479347328,0.666587785650663,1.98474288649511,2.48904361993176,0.5,34.3211742036128
CBC_1015,CBC_1015_MSI_TV_v3_Vset4_Tset3_2023-06-25_14h12.36.349.csv,2,1,1,0,b,1,0,1,tac,B,63,1,1B,0B,1,0,b,2.48233450000043,1,0,1,1,1B,0B,B10,2.77258872223978,0.5,0.5,0.5,0.5,0.5,0.5,0.5,0.5,0.5,0.5,0.5,0.5,0.5,0.5,0.5,0.5,0.5,0.5,0.5,0.5,0.145780953911501,0.498972411278564,0.5,0.159366671491686,0.5,-0.241127655406303,CBCbothPairsAsymRW,CBCdriftDiffusionLR,0.5,0.318733342983371,0.0026664687692004,0.482255310812606,0.0307824051229217,0.890339571792914,0.948942462913236,2.64887072515148,0.5,71.9230468720844
CBC_1015,CBC_1015_MSI_TV_v3_Vset4_Tset3_2023-06-25_14h12.36.349.csv,2,2,1,0,z,0,1,2,tac,A,63,1,1A,0A,0,1,b,2.4178576000013,1,0,0,0,1A,0A,A10,2.83321334405622,0.5,0.5,0.5,0.5,0.258872344593697,0.659366671491685,0.5,0.5,0.5,0.5,0.5,0.5,0.5,0.5,0.5,0.5,0.5,0.5,0.5,0.5,0.152891394258244,0.500193630064583,-0.5,-0.0013332343846002,-0.5,0.0153912025614609,CBCbothPairsAsymRW,CBCdriftDiffusionLR,0.5,0.318733342983371,0.0026664687692004,0.482255310812606,0.0307824051229217,0.890339571792914,0.948942462913236,2.64887072515148,0.5,71.9230468720844
CBC_1015,CBC_1015_MSI_TV_v3_Vset4_Tset3_2023-06-25_14h12.36.349.csv,2,3,3,2,b,1,0,3,tac,D,63,1,3D,2D,1,0,b,2.34215370000129,1,0,1,1,3D,2D,D32,2.89037175789616,0.515391202561461,0.4986667656154,0.5,0.5,0.258872344593697,0.659366671491685,0.5,0.5,0.5,0.5,0.5,0.5,0.5,0.5,0.5,0.5,0.5,0.5,0.5,0.5,0.160984325303579,0.499509193891692,0.5,0.159366671491686,0.5,-0.241127655406303,CBCbothPairsAsymRW,CBCdriftDiffusionLR,0.5,0.318733342983371,0.0026664687692004,0.482255310812606,0.0307824051229217,0.890339571792914,0.948942462913236,2.64887072515148,0.5,71.9230468720844
CBC_1015,CBC_1015_MSI_TV_v3_Vset4_Tset3_2023-06-25_14h12.36.349.csv,2,4,1,2,b,1,0,1,tac,B,9,1,1B,2B,1,0,b,2.61137470000176,1,0,1,1,1B,2B,B12,2.94443897916644,0.515391202561461,0.4986667656154,0.5,0.5,0.258872344593697,0.659366671491685,0.5,0.5,0.5,0.5,0.5,0.5,0.5,0.5,0.258872344593697,0.659366671491685,0.568730055559833,0.431269944440167,0.659366671491685,0.5,0.156552895379647,0.58650712927695,0.340633328508315,0.108571199527008,0.5,-0.241127655406303,CBCbothPairsAsymRW,CBCdriftDiffusionLR,0.5,0.318733342983371,0.0026664687692004,0.482255310812606,0.0307824051229217,0.890339571792914,0.948942462913236,2.64887072515148,0.5,71.9230468720844
CBC_1015,CBC_1015_MSI_TV_v3_Vset4_Tset3_2023-06-25_14h12.36.349.csv,2,5,2,0,z,0,1,2,tac,A,27,1,2A,0A,0,1,z,2.62411720000273,0,1,1,1,0A,2A,A20,2.99573227355399,0.515391202561461,0.4986667656154,0.5,0.5,0.258872344593697,0.767937871018693,0.258872344593697,0.5,0.5,0.5,0.5,0.5,0.5,0.5,0.258872344593697,0.659366671491685,0.50757895209385,0.49242104790615,0.515391202561461,0.5,0.134699031614189,0.509276873536167,0.484608797438539,0.154460982046737,0.5,-0.241127655406303,CBCbothPairsAsymRW,CBCdriftDiffusionLR,0.5,0.318733342983371,0.0026664687692004,0.482255310812606,0.0307824051229217,0.890339571792914,0.948942462913236,2.64887072515148,0.5,71.9230468720844
CBC_1015,CBC_1015_MSI_TV_v3_Vset4_Tset3_2023-06-25_14h12.36.349.csv,2,6,3,2,z,0,1,0,tac,C,63,1,3C,2C,0,1,z,2.70009230000142,0,1,1,1,2C,3C,C32,3.04452243772342,0.669852184608198,0.4986667656154,0.258872344593697,0.5,0.258872344593697,0.767937871018693,0.258872344593697,0.5,0.5,0.5,0.5,0.5,0.5,0.5,0.258872344593697,0.659366671491685,0.5,0.5,0.5,0.5,0.125663020911014,0.501161588986475,0.5,0.159366671491686,0.5,-0.241127655406303,CBCbothPairsAsymRW,CBCdriftDiffusionLR,0.5,0.318733342983371,0.0026664687692004,0.482255310812606,0.0307824051229217,0.890339571792914,0.948942462913236,2.64887072515148,0.5,71.9230468720844
CBC_1015,CBC_1015_MSI_TV_v3_Vset4_Tset3_2023-06-25_14h12.36.349.csv,2,7,3,1,b,1,0,3,tac,D,27,1,3D,1D,1,0,b,2.34600720000162,1,0,1,1,3D,1D,D31,3.09104245335832,0.669852184608198,0.4986667656154,0.258872344593697,0.5,0.258872344593697,0.767937871018693,0.258872344593697,0.5,0.5,0.5,0.659366671491685,0.258872344593697,0.5,0.5,0.258872344593697,0.659366671491685,0.568730055559833,0.431269944440167,0.659366671491685,0.5,0.188732793422463,0.585734242343745,0.340633328508315,0.108571199527008,0.5,-0.241127655406303,CBCbothPairsAsymRW,CBCdriftDiffusionLR,0.5,0.318733342983371,0.0026664687692004,0.482255310812606,0.0307824051229217,0.890339571792914,0.948942462913236,2.64887072515148,0.5,71.9230468720844
CBC_1015,CBC_1015_MSI_TV_v3_Vset4_Tset3_2023-06-25_14h12.36.349.csv,2,8,0,1,b,1,0,2,tac,A,63,1,0A,1A,1,0,z,2.86098020000099,0,1,0,0,1A,0A,A01,3.13549421592915,0.669852184608198,0.4986667656154,0.258872344593697,0.5,0.258872344593697,0.767937871018693,0.258872344593697,0.5,0.5,0.5,0.659366671491685,0.258872344593697,0.5,0.258872344593697,0.258872344593697,0.767937871018693,0.426751115606623,0.573248884393377,0.4986667656154,0.669852184608198,0.0911698266113796,0.408042035676028,-0.4986667656154,-0.00132967935675164,-0.330147815391802,0.010162743803838,CBCbothPairsAsymRW,CBCdriftDiffusionLR,0.5,0.318733342983371,0.0026664687692004,0.482255310812606,0.0307824051229217,0.890339571792914,0.948942462913236,2.64887072515148,0.5,71.9230468720844
CBC_1015,CBC_1015_MSI_TV_v3_Vset4_Tset3_2023-06-25_14h12.36.349.csv,2,9,0,2,z,0,1,0,tac,C,27,1,0C,2C,0,1,b,2.95038960000238,1,0,0,0,0C,2C,C02,3.17805383034795,0.680014928412036,0.497337086258648,0.258872344593697,0.5,0.258872344593697,0.767937871018693,0.258872344593697,0.5,0.5,0.5,0.659366671491685,0.258872344593697,0.5,0.258872344593697,0.258872344593697,0.767937871018693,0.431269944440167,0.568730055559833,0.5,0.659366671491685,0.086994792506138,0.41479290287926,-0.5,-0.0013332343846002,-0.340633328508315,0.0104855131165122,CBCbothPairsAsymRW,CBCdriftDiffusionLR,0.5,0.318733342983371,0.0026664687692004,0.482255310812606,0.0307824051229217,0.890339571792914,0.948942462913236,2.64887072515148,0.5,71.9230468720844
CBC_1015,CBC_1015_MSI_TV_v3_Vset4_Tset3_2023-06-25_14h12.36.349.csv,2,10,3,2,b,1,0,3,tac,D,63,1,3D,2D,1,0,b,2.30979560000196,1,0,1,1,3D,2D,D32,2.52572864430826,0.680014928412036,0.497337086258648,0.258872344593697,0.5,0.258872344593697,0.767937871018693,0.258872344593697,0.5,0.4986667656154,0.5,0.669852184608198,0.258872344593697,0.5,0.258872344593697,0.258872344593697,0.767937871018693,0.747886862968825,0.252113137031175,0.767937871018693,0.258872344593697,0.262982604906169,0.777481653678582,0.232062128981307,0.0739659381500501,0.258872344593697,-0.124842563002821,CBCbothPairsAsymRW,CBCdriftDiffusionLR,0.5,0.318733342983371,0.0026664687692004,0.482255310812606,0.0307824051229217,0.890339571792914,0.948942462913236,2.64887072515148,0.5,71.9230468720844
CBC_1015,CBC_1015_MSI_TV_v3_Vset4_Tset3_2023-06-25_14h12.36.349.csv,2,11,0,1,z,0,1,1,tac,B,63,1,0B,1B,0,1,z,2.35704710000209,0,1,1,1,1B,0B,B01,3.25809653802148,0.680014928412036,0.497337086258648,0.258872344593697,0.5,0.258872344593697,0.767937871018693,0.258872344593697,0.5,0.4986667656154,0.5,0.669852184608198,0.258872344593697,0.5,0.258872344593697,0.134029781590876,0.841903809168743,0.747886862968825,0.252113137031175,0.767937871018693,0.258872344593697,0.252945589098035,0.777010893661395,0.232062128981307,0.0739659381500501,0.258872344593697,-0.124842563002821,CBCbothPairsAsymRW,CBCdriftDiffusionLR,0.5,0.318733342983371,0.0026664687692004,0.482255310812606,0.0307824051229217,0.890339571792914,0.948942462913236,2.64887072515148,0.5,71.9230468720844
CBC_1015,CBC_1015_MSI_TV_v3_Vset4_Tset3_2023-06-25_14h12.36.349.csv,2,12,1,0,z,0,1,2,tac,A,63,1,1A,0A,0,1,b,1.93659670000125,1,0,0,0,1A,0A,A10,2.60268968544438,0.680014928412036,0.497337086258648,0.258872344593697,0.5,0.134029781590876,0.841903809168743,0.258872344593697,0.5,0.4986667656154,0.5,0.669852184608198,0.258872344593697,0.5,0.258872344593697,0.134029781590876,0.841903809168743,0.422420040957553,0.577579959042447,0.497337086258648,0.680014928412036,0.17288464115294,0.403266535595843,-0.497337086258648,-0.00132613380827381,-0.319985071587964,0.00984991010690783,CBCbothPairsAsymRW,CBCdriftDiffusionLR,0.5,0.318733342983371,0.0026664687692004,0.482255310812606,0.0307824051229217,0.890339571792914,0.948942462913236,2.64887072515148,0.5,71.9230468720844
CBC_1015,CBC_1015_MSI_TV_v3_Vset4_Tset3_2023-06-25_14h12.36.349.csv,2,13,3,2,b,1,0,3,tac,D,63,1,3D,2D,1,0,b,1.49097640000218,1,0,1,1,3D,2D,D32,2.23359222150709,0.689864838518944,0.496010952450374,0.258872344593697,0.5,0.134029781590876,0.841903809168743,0.258872344593697,0.5,0.4986667656154,0.5,0.669852184608198,0.258872344593697,0.5,0.258872344593697,0.134029781590876,0.841903809168743,0.86266505952874,0.13733494047126,0.841903809168743,0.134029781590876,0.568095145437268,0.86051891019136,0.158096190831257,0.0503905274165834,0.134029781590876,-0.0646365739792534,CBCbothPairsAsymRW,CBCdriftDiffusionLR,0.5,0.318733342983371,0.0026664687692004,0.482255310812606,0.0307824051229217,0.890339571792914,0.948942462913236,2.64887072515148,0.5,71.9230468720844
CBC_1015,CBC_1015_MSI_TV_v3_Vset4_Tset3_2023-06-25_14h12.36.349.csv,2,14,0,2,z,0,1,0,tac,C,27,1,0C,2C,0,1,z,3.73447200000192,0,1,1,1,2C,0C,C02,2.67414864942653,0.689864838518944,0.496010952450374,0.258872344593697,0.5,0.134029781590876,0.841903809168743,0.258872344593697,0.5,0.4986667656154,0.5,0.669852184608198,0.258872344593697,0.5,0.258872344593697,0.0693932076116224,0.892294336585327,0.573248884393377,0.426751115606623,0.669852184608198,0.4986667656154,0.0708875391198921,0.591414872064235,0.330147815391802,0.105229116878486,0.4986667656154,-0.240484696043771,CBCbothPairsAsymRW,CBCdriftDiffusionLR,0.5,0.318733342983371,0.0026664687692004,0.482255310812606,0.0307824051229217,0.890339571792914,0.948942462913236,2.64887072515148,0.5,71.9230468720844
CBC_1015,CBC_1015_MSI_TV_v3_Vset4_Tset3_2023-06-25_14h12.36.349.csv,2,15,1,0,z,0,1,2,tac,A,63,1,1A,0A,0,1,b,1.93685800000276,1,0,0,0,1A,0A,A10,2.30258509299405,0.689864838518944,0.496010952450374,0.258872344593697,0.5,0.134029781590876,0.841903809168743,0.258872344593697,0.5,0.258182069571628,0.5,0.775081301486684,0.258872344593697,0.5,0.258872344593697,0.0693932076116224,0.892294336585327,0.418265518385313,0.581734481614687,0.496010952450374,0.689864838518944,0.171103536375731,0.398897668454793,-0.496010952450374,-0.00132259771389027,-0.310135161481056,0.00954670618357263,CBCbothPairsAsymRW,CBCdriftDiffusionLR,0.5,0.318733342983371,0.0026664687692004,0.482255310812606,0.0307824051229217,0.890339571792914,0.948942462913236,2.64887072515148,0.5,71.9230468720844
CBC_1015,CBC_1015_MSI_TV_v3_Vset4_Tset3_2023-06-25_14h12.36.349.csv,2,16,3,1,z,0,1,1,tac,B,27,1,3B,1B,0,1,z,2.00672000000122,0,1,1,1,1B,3B,B31,3.43398720448515,0.699411544702516,0.494688354736484,0.258872344593697,0.5,0.134029781590876,0.841903809168743,0.258872344593697,0.5,0.258182069571628,0.5,0.775081301486684,0.258872344593697,0.5,0.258872344593697,0.0693932076116224,0.892294336585327,0.627395051281857,0.372604948718143,0.841903809168743,0.5,0.270369040860019,0.65415595906013,0.158096190831257,0.0503905274165834,0.5,-0.241127655406303,CBCbothPairsAsymRW,CBCdriftDiffusionLR,0.5,0.318733342983371,0.0026664687692004,0.482255310812606,0.0307824051229217,0.890339571792914,0.948942462913236,2.64887072515148,0.5,71.9230468720844
CBC_1015,CBC_1015_MSI_TV_v3_Vset4_Tset3_2023-06-25_14h12.36.349.csv,2,17,2,3,b,1,0,0,tac,C,63,1,2C,3C,1,0,b,2.54396250000173,1,0,1,1,2C,3C,C23,3.46573590279973,0.699411544702516,0.494688354736484,0.258872344593697,0.5,0.134029781590876,0.892294336585327,0.258872344593697,0.258872344593697,0.258182069571628,0.5,0.775081301486684,0.258872344593697,0.5,0.258872344593697,0.0693932076116224,0.892294336585327,0.749628674771778,0.250371325228222,0.775081301486684,0.258872344593697,0.217692497262408,0.778375015930581,0.224918698513316,0.0716890886766182,0.258872344593697,-0.124842563002821,CBCbothPairsAsymRW,CBCdriftDiffusionLR,0.5,0.318733342983371,0.0026664687692004,0.482255310812606,0.0307824051229217,0.890339571792914,0.948942462913236,2.64887072515148,0.5,71.9230468720844
CBC_1015,CBC_1015_MSI_TV_v3_Vset4_Tset3_2023-06-25_14h12.36.349.csv,2,18,3,2,b,1,0,3,tac,D,63,0,3D,2D,0,1,b,1.54328730000088,1,0,1,0,3D,2D,D32,2.11021320034659,0.699411544702516,0.494688354736484,0.258872344593697,0.5,0.134029781590876,0.892294336585327,0.258872344593697,0.258872344593697,0.258182069571628,0.5,0.846770390163302,0.134029781590876,0.5,0.258872344593697,0.0693932076116224,0.892294336585327,0.927842251851594,0.0721577481484059,0.892294336585327,0.0693932076116224,0.617774959472649,0.895768119417685,-0.892294336585327,-0.00237927498143917,-0.930606792388378,0.0286463152934418,CBCbothPairsAsymRW,CBCdriftDiffusionLR,0.5,0.318733342983371,0.0026664687692004,0.482255310812606,0.0307824051229217,0.890339571792914,0.948942462913236,2.64887072515148,0.5,71.9230468720844
CBC_1015,CBC_1015_MSI_TV_v3_Vset4_Tset3_2023-06-25_14h12.36.349.csv,2,19,0,1,z,0,1,1,tac,B,63,1,0B,1B,0,1,b,3.25756220000221,1,0,0,0,0B,1B,B01,2.83321334405622,0.699411544702516,0.494688354736484,0.258872344593697,0.5,0.134029781590876,0.892294336585327,0.258872344593697,0.258872344593697,0.258182069571628,0.5,0.846770390163302,0.134029781590876,0.5,0.258872344593697,0.0980395229050641,0.889915061603888,0.130592060750798,0.869407939249202,0.134029781590876,0.892294336585327,0.0187489602309793,0.135264659221926,-0.134029781590876,-0.000357386226754821,-0.107705663414673,0.00331543936526352,CBCbothPairsAsymRW,CBCdriftDiffusionLR,0.5,0.318733342983371,0.0026664687692004,0.482255310812606,0.0307824051229217,0.890339571792914,0.948942462913236,2.64887072515148,0.5,71.9230468720844
CBC_1015,CBC_1015_MSI_TV_v3_Vset4_Tset3_2023-06-25_14h12.36.349.csv,2,20,0,2,b,1,0,2,tac,A,27,1,0A,2A,1,0,z,2.58052450000105,0,1,0,0,2A,0A,A02,3.55534806148941,0.699411544702516,0.494688354736484,0.258872344593697,0.5,0.133672395364121,0.89560977595059,0.258872344593697,0.258872344593697,0.258182069571628,0.5,0.846770390163302,0.134029781590876,0.5,0.258872344593697,0.0980395229050641,0.889915061603888,0.27014160154964,0.72985839845036,0.258872344593697,0.699411544702516,0.065150059686454,0.239483268181044,-0.258872344593697,-0.000690275022068778,-0.300588455297484,0.00925283560624039,CBCbothPairsAsymRW,CBCdriftDiffusionLR,0.5,0.318733342983371,0.0026664687692004,0.482255310812606,0.0307824051229217,0.890339571792914,0.948942462913236,2.64887072515148,0.5,71.9230468720844
CBC_1015,CBC_1015_MSI_TV_v3_Vset4_Tset3_2023-06-25_14h12.36.349.csv,2,21,3,0,b,1,0,3,tac,D,9,1,3D,0D,1,0,b,1.04467970000223,1,0,1,1,3D,0D,D30,3.58351893845611,0.708664380308757,0.494688354736484,0.258182069571628,0.5,0.133672395364121,0.89560977595059,0.258872344593697,0.258872344593697,0.258182069571628,0.5,0.846770390163302,0.134029781590876,0.5,0.258872344593697,0.0980395229050641,0.889915061603888,0.640265787592066,0.359734212407934,0.889915061603888,0.5,0.0419025888435226,0.668513602310062,0.110084938396112,0.0350877404271114,0.5,-0.241127655406303,CBCbothPairsAsymRW,CBCdriftDiffusionLR,0.5,0.318733342983371,0.0026664687692004,0.482255310812606,0.0307824051229217,0.890339571792914,0.948942462913236,2.64887072515148,0.5,71.9230468720844
CBC_1015,CBC_1015_MSI_TV_v3_Vset4_Tset3_2023-06-25_14h12.36.349.csv,2,22,3,2,z,0,1,0,tac,C,63,1,3C,2C,0,1,z,2.64720350000243,0,1,1,1,2C,3C,C32,2.91777073208428,0.708664380308757,0.494688354736484,0.258182069571628,0.5,0.133672395364121,0.89560977595059,0.258872344593697,0.258872344593697,0.258182069571628,0.5,0.846770390163302,0.134029781590876,0.258872344593697,0.258872344593697,0.0980395229050641,0.925002802030999,0.86334649457579,0.13665350542421,0.846770390163302,0.134029781590876,0.213579891467456,0.8612950778603,0.153229609836698,0.0488393857872884,0.134029781590876,-0.0646365739792534,CBCbothPairsAsymRW,CBCdriftDiffusionLR,0.5,0.318733342983371,0.0026664687692004,0.482255310812606,0.0307824051229217,0.890339571792914,0.948942462913236,2.64887072515148,0.5,71.9230468720844
CBC_1015,CBC_1015_MSI_TV_v3_Vset4_Tset3_2023-06-25_14h12.36.349.csv,2,23,1,3,b,1,0,1,tac,B,27,1,1B,3B,1,0,b,2.00771800000075,1,0,1,1,1B,3B,B13,3.63758615972639,0.708664380308757,0.494688354736484,0.258182069571628,0.5,0.133672395364121,0.89560977595059,0.258872344593697,0.258872344593697,0.258182069571628,0.5,0.89560977595059,0.0693932076116224,0.258872344593697,0.258872344593697,0.0980395229050641,0.925002802030999,0.775767558468857,0.224232441531143,0.89560977595059,0.258872344593697,0.34806144015701,0.799713803170594,0.10439022404941,0.0332726450860514,0.258872344593697,-0.124842563002821,CBCbothPairsAsymRW,CBCdriftDiffusionLR,0.5,0.318733342983371,0.0026664687692004,0.482255310812606,0.0307824051229217,0.890339571792914,0.948942462913236,2.64887072515148,0.5,71.9230468720844
CBC_1015,CBC_1015_MSI_TV_v3_Vset4_Tset3_2023-06-25_14h12.36.349.csv,2,24,2,3,b,1,0,0,tac,C,63,1,2C,3C,1,0,b,2.27481380000245,1,0,1,1,2C,3C,C23,2.9704144655697,0.708664380308757,0.494688354736484,0.258182069571628,0.5,0.133672395364121,0.928882421036642,0.258872344593697,0.134029781590876,0.258182069571628,0.5,0.89560977595059,0.0693932076116224,0.258872344593697,0.258872344593697,0.0980395229050641,0.925002802030999,0.928090162627825,0.071909837372175,0.89560977595059,0.0693932076116224,0.313689352534971,0.895907297468512,0.10439022404941,0.0332726450860514,0.0693932076116224,-0.0334652429050266,CBCbothPairsAsymRW,CBCdriftDiffusionLR,0.5,0.318733342983371,0.0026664687692004,0.482255310812606,0.0307824051229217,0.890339571792914,0.948942462913236,2.64887072515148,0.5,71.9230468720844
CBC_1015,CBC_1015_MSI_TV_v3_Vset4_Tset3_2023-06-25_14h12.36.349.csv,2,25,3,2,b,1,0,3,tac,D,63,1,3D,2D,1,0,b,1.90273180000258,1,0,1,1,3D,2D,D32,2.07944154167984,0.708664380308757,0.494688354736484,0.258182069571628,0.5,0.133672395364121,0.928882421036642,0.258872344593697,0.134029781590876,0.258182069571628,0.5,0.928882421036642,0.0359279647065958,0.258872344593697,0.258872344593697,0.0980395229050641,0.925002802030999,0.904168654106084,0.0958313458939163,0.925002802030999,0.0980395229050641,0.446131479711364,0.884330325268406,0.0749971979690011,0.0239041076230454,0.0980395229050641,-0.0472800805905013,CBCbothPairsAsymRW,CBCdriftDiffusionLR,0.5,0.318733342983371,0.0026664687692004,0.482255310812606,0.0307824051229217,0.890339571792914,0.948942462913236,2.64887072515148,0.5,71.9230468720844
CBC_1015,CBC_1015_MSI_TV_v3_Vset4_Tset3_2023-06-25_14h12.36.349.csv,2,26,0,1,z,0,1,1,tac,B,63,1,0B,1B,0,1,z,3.33137400000123,0,1,1,1,1B,0B,B01,2.6149597780362,0.708664380308757,0.494688354736484,0.258182069571628,0.5,0.133672395364121,0.928882421036642,0.258872344593697,0.134029781590876,0.258182069571628,0.5,0.928882421036642,0.0359279647065958,0.258872344593697,0.258872344593697,0.0507594423145629,0.948906909654044,0.874197177123609,0.125802822876391,0.928882421036642,0.133672395364121,0.111424859129982,0.867047100041546,0.0711175789633582,0.022667543687875,0.133672395364121,-0.0644642225733897,CBCbothPairsAsymRW,CBCdriftDiffusionLR,0.5,0.318733342983371,0.0026664687692004,0.482255310812606,0.0307824051229217,0.890339571792914,0.948942462913236,2.64887072515148,0.5,71.9230468720844
CBC_1015,CBC_1015_MSI_TV_v3_Vset4_Tset3_2023-06-25_14h12.36.349.csv,2,27,3,0,z,0,1,2,tac,A,9,1,3A,0A,0,1,z,2.05863470000077,0,1,1,1,0A,3A,A30,3.73766961828337,0.708664380308757,0.494688354736484,0.258182069571628,0.5,0.0692081727907313,0.951549964724517,0.258872344593697,0.134029781590876,0.258182069571628,0.5,0.928882421036642,0.0359279647065958,0.258872344593697,0.258872344593697,0.0507594423145629,0.948906909654044,0.586320232360721,0.413679767639279,0.708664380308757,0.5,0.239842396854216,0.607007567253427,0.291335619691243,0.092858375994322,0.5,-0.241127655406303,CBCbothPairsAsymRW,CBCdriftDiffusionLR,0.5,0.318733342983371,0.0026664687692004,0.482255310812606,0.0307824051229217,0.890339571792914,0.948942462913236,2.64887072515148,0.5,71.9230468720844
CBC_1015,CBC_1015_MSI_TV_v3_Vset4_Tset3_2023-06-25_14h12.36.349.csv,2,28,3,2,b,1,0,3,tac,D,63,1,3D,2D,1,0,b,1.35058870000103,1,0,1,1,3D,2D,D32,1.96944064646551,0.801522756303079,0.494688354736484,0.258182069571628,0.258872344593697,0.0692081727907313,0.951549964724517,0.258872344593697,0.134029781590876,0.258182069571628,0.5,0.928882421036642,0.0359279647065958,0.258872344593697,0.258872344593697,0.0507594423145629,0.948906909654044,0.949223616244956,0.050776383755044,0.948906909654044,0.0507594423145629,0.657867404966257,0.905111798199448,0.0510930903459557,0.0162850714893178,0.0507594423145629,-0.024479010630084,CBCbothPairsAsymRW,CBCdriftDiffusionLR,0.5,0.318733342983371,0.0026664687692004,0.482255310812606,0.0307824051229217,0.890339571792914,0.948942462913236,2.64887072515148,0.5,71.9230468720844
CBC_1015,CBC_1015_MSI_TV_v3_Vset4_Tset3_2023-06-25_14h12.36.349.csv,2,29,0,2,z,0,1,0,tac,C,27,1,0C,2C,NaN,NaN,None,NaN,NaN,NaN,NaN,NaN,,,C02,2.68557734525015,0.801522756303079,0.494688354736484,0.258182069571628,0.258872344593697,0.0692081727907313,0.951549964724517,0.258872344593697,0.134029781590876,0.258182069571628,0.5,0.928882421036642,0.0359279647065958,0.258872344593697,0.258872344593697,0.0262804316844788,0.965191981143362,0,0,0,0,NaN,0,0,0,0,0,CBCbothPairsAsymRW,CBCdriftDiffusionLR,0.5,0.318733342983371,0.0026664687692004,0.482255310812606,0.0307824051229217,0.890339571792914,0.948942462913236,2.64887072515148,0.5,71.9230468720844
CBC_1015,CBC_1015_MSI_TV_v3_Vset4_Tset3_2023-06-25_14h12.36.349.csv,2,30,0,1,b,1,0,2,tac,A,63,1,0A,1A,1,0,z,1.61435940000047,0,1,0,0,1A,0A,A01,3.11351530921037,0.801522756303079,0.494688354736484,0.258182069571628,0.258872344593697,0.0692081727907313,0.951549964724517,0.258872344593697,0.134029781590876,0.258182069571628,0.5,0.928882421036642,0.0359279647065958,0.258872344593697,0.258872344593697,0.0262804316844788,0.965191981143362,0.381641810136733,0.618358189863267,0.494688354736484,0.801522756303079,0.186610716018508,0.356366681150883,-0.494688354736484,-0.00131907104839197,-0.198477243696921,0.0061096069231595,CBCbothPairsAsymRW,CBCdriftDiffusionLR,0.5,0.318733342983371,0.0026664687692004,0.482255310812606,0.0307824051229217,0.890339571792914,0.948942462913236,2.64887072515148,0.5,71.9230468720844
CBC_1015,CBC_1015_MSI_TV_v3_Vset4_Tset3_2023-06-25_14h12.36.349.csv,2,31,0,1,z,0,1,1,tac,B,63,1,0B,1B,0,1,z,2.21916240000246,0,1,1,1,1B,0B,B01,2.4423470353692,0.807632363226238,0.493369283688092,0.258182069571628,0.258872344593697,0.0692081727907313,0.951549964724517,0.258872344593697,0.134029781590876,0.258182069571628,0.5,0.928882421036642,0.0359279647065958,0.258872344593697,0.258872344593697,0.0262804316844788,0.965191981143362,0.932199244613225,0.0678007553867749,0.951549964724517,0.0692081727907313,0.332685107496743,0.897681166094695,0.0484500352754832,0.015442641711017,0.0692081727907313,-0.0333760088799667,CBCbothPairsAsymRW,CBCdriftDiffusionLR,0.5,0.318733342983371,0.0026664687692004,0.482255310812606,0.0307824051229217,0.890339571792914,0.948942462913236,2.64887072515148,0.5,71.9230468720844
CBC_1015,CBC_1015_MSI_TV_v3_Vset4_Tset3_2023-06-25_14h12.36.349.csv,2,32,1,3,z,0,1,3,tac,D,27,1,1D,3D,0,1,z,2.1522399000005,0,1,1,1,3D,1D,D13,3.85014760171006,0.807632363226238,0.493369283688092,0.258182069571628,0.258872344593697,0.0358321639107646,0.966992606435534,0.258872344593697,0.134029781590876,0.258182069571628,0.5,0.928882421036642,0.0359279647065958,0.258872344593697,0.258872344593697,0.0262804316844788,0.965191981143362,0.788514100810985,0.211485899189015,0.965191981143362,0.258872344593697,0.314470284086245,0.810464151963545,0.0348080188566378,0.0110944762128044,0.258872344593697,-0.124842563002821,CBCbothPairsAsymRW,CBCdriftDiffusionLR,0.5,0.318733342983371,0.0026664687692004,0.482255310812606,0.0307824051229217,0.890339571792914,0.948942462913236,2.64887072515148,0.5,71.9230468720844
CBC_1015,CBC_1015_MSI_TV_v3_Vset4_Tset3_2023-06-25_14h12.36.349.csv,2,33,2,3,b,1,0,0,tac,C,63,1,2C,3C,1,0,b,2.42856639999991,1,0,1,1,2C,3C,C23,2.77258872223978,0.807632363226238,0.493369283688092,0.258182069571628,0.258872344593697,0.0358321639107646,0.966992606435534,0.258872344593697,0.134029781590876,0.258182069571628,0.5,0.928882421036642,0.0359279647065958,0.258872344593697,0.134029781590876,0.0262804316844788,0.976286457356167,0.962761631469256,0.0372383685307438,0.928882421036642,0.0359279647065958,0.268220445196443,0.910894978164186,0.0711175789633581,0.022667543687875,0.0359279647065958,-0.0173264517864437,CBCbothPairsAsymRW,CBCdriftDiffusionLR,0.5,0.318733342983371,0.0026664687692004,0.482255310812606,0.0307824051229217,0.890339571792914,0.948942462913236,2.64887072515148,0.5,71.9230468720844
CBC_1015,CBC_1015_MSI_TV_v3_Vset4_Tset3_2023-06-25_14h12.36.349.csv,2,34,0,1,z,0,1,1,tac,B,63,1,0B,1B,0,1,z,1.92993019999994,0,1,1,1,1B,0B,B01,2.28238238567653,0.807632363226238,0.493369283688092,0.258182069571628,0.258872344593697,0.0358321639107646,0.966992606435534,0.258872344593697,0.134029781590876,0.258182069571628,0.5,0.951549964724517,0.0186015129201521,0.258872344593697,0.134029781590876,0.0262804316844788,0.976286457356167,0.964268768612097,0.0357312313879034,0.966992606435534,0.0358321639107646,0.458768830178749,0.912036894877843,0.0330073935644661,0.0105205568939701,0.0358321639107646,-0.017280251343874,CBCbothPairsAsymRW,CBCdriftDiffusionLR,0.5,0.318733342983371,0.0026664687692004,0.482255310812606,0.0307824051229217,0.890339571792914,0.948942462913236,2.64887072515148,0.5,71.9230468720844
CBC_1015,CBC_1015_MSI_TV_v3_Vset4_Tset3_2023-06-25_14h12.36.349.csv,2,35,1,0,z,0,1,2,tac,A,63,1,1A,0A,0,1,z,2.90905610000118,0,1,1,1,0A,1A,A10,2.52572864430826,0.807632363226238,0.493369283688092,0.258182069571628,0.258872344593697,0.0185519125668906,0.977513163329504,0.258872344593697,0.134029781590876,0.258182069571628,0.5,0.951549964724517,0.0186015129201521,0.258872344593697,0.134029781590876,0.0262804316844788,0.976286457356167,0.620777356540441,0.379222643459559,0.807632363226238,0.493369283688092,0.139004207028514,0.646984090332886,0.192367636773762,0.061313979950712,0.493369283688092,-0.237929957250393,CBCbothPairsAsymRW,CBCdriftDiffusionLR,0.5,0.318733342983371,0.0026664687692004,0.482255310812606,0.0307824051229217,0.890339571792914,0.948942462913236,2.64887072515148,0.5,71.9230468720844
CBC_1015,CBC_1015_MSI_TV_v3_Vset4_Tset3_2023-06-25_14h12.36.349.csv,2,36,2,1,b,1,0,0,tac,C,9,1,2C,1C,1,0,b,2.66617270000097,1,0,1,1,2C,1C,C21,3.93182563272433,0.86894634317695,0.255439326437699,0.258182069571628,0.258872344593697,0.0185519125668906,0.977513163329504,0.258872344593697,0.134029781590876,0.258182069571628,0.5,0.951549964724517,0.0186015129201521,0.258872344593697,0.134029781590876,0.0262804316844788,0.976286457356167,0.65554062061178,0.34445937938822,0.951549964724517,0.5,0.175470246857611,0.685213653313744,0.0484500352754831,0.015442641711017,0.5,-0.241127655406303,CBCbothPairsAsymRW,CBCdriftDiffusionLR,0.5,0.318733342983371,0.0026664687692004,0.482255310812606,0.0307824051229217,0.890339571792914,0.948942462913236,2.64887072515148,0.5,71.9230468720844
CBC_1015,CBC_1015_MSI_TV_v3_Vset4_Tset3_2023-06-25_14h12.36.349.csv,2,37,0,1,b,1,0,2,tac,A,63,1,0A,1A,1,0,z,2.4934557000015,0,1,0,0,1A,0A,A01,2.85263142991332,0.86894634317695,0.255439326437699,0.258182069571628,0.258872344593697,0.0185519125668906,0.977513163329504,0.258872344593697,0.134029781590876,0.258182069571628,0.258872344593697,0.966992606435534,0.0186015129201521,0.258872344593697,0.134029781590876,0.0262804316844788,0.976286457356167,0.227181236243649,0.772818763756351,0.255439326437699,0.86894634317695,0.0589714927521511,0.202640679599311,-0.255439326437699,-0.00068112098637171,-0.13105365682305,0.00403414675716748,CBCbothPairsAsymRW,CBCdriftDiffusionLR,0.5,0.318733342983371,0.0026664687692004,0.482255310812606,0.0307824051229217,0.890339571792914,0.948942462913236,2.64887072515148,0.5,71.9230468720844
CBC_1015,CBC_1015_MSI_TV_v3_Vset4_Tset3_2023-06-25_14h12.36.349.csv,2,38,1,3,z,0,1,3,tac,D,27,1,1D,3D,0,1,z,1.33950750000076,0,1,1,1,3D,1D,D13,3.27714473299218,0.872980489934118,0.254758205451327,0.258182069571628,0.258872344593697,0.0185519125668906,0.977513163329504,0.258872344593697,0.134029781590876,0.258182069571628,0.258872344593697,0.966992606435534,0.0186015129201521,0.258872344593697,0.134029781590876,0.0262804316844788,0.976286457356167,0.879286840190699,0.1207131598093,0.976286457356167,0.134029781590876,0.575423787680688,0.87077434948066,0.0237135426438334,0.00755829672084775,0.134029781590876,-0.0646365739792534,CBCbothPairsAsymRW,CBCdriftDiffusionLR,0.5,0.318733342983371,0.0026664687692004,0.482255310812606,0.0307824051229217,0.890339571792914,0.948942462913236,2.64887072515148,0.5,71.9230468720844
CBC_1015,CBC_1015_MSI_TV_v3_Vset4_Tset3_2023-06-25_14h12.36.349.csv,2,39,1,0,b,1,0,1,tac,B,63,1,1B,0B,1,0,z,4.1798678999985,0,1,0,0,0B,1B,B10,3.29583686600433,0.872980489934118,0.254758205451327,0.258182069571628,0.258872344593697,0.0185519125668906,0.977513163329504,0.258872344593697,0.134029781590876,0.258182069571628,0.258872344593697,0.966992606435534,0.0186015129201521,0.258872344593697,0.0693932076116224,0.0262804316844788,0.983844754077014,0.0186252013205012,0.981374798679499,0.0185519125668906,0.977513163329504,0.00333895956365104,0.0815605121825916,-0.0185519125668906,-4.94680954685503e-05,-0.022486836670496,0.000692198916324181,CBCbothPairsAsymRW,CBCdriftDiffusionLR,0.5,0.318733342983371,0.0026664687692004,0.482255310812606,0.0307824051229217,0.890339571792914,0.948942462913236,2.64887072515148,0.5,71.9230468720844
CBC_1015,CBC_1015_MSI_TV_v3_Vset4_Tset3_2023-06-25_14h12.36.349.csv,2,40,3,2,z,0,1,0,tac,C,63,0,3C,2C,1,0,z,1.32355349999852,0,1,1,0,2C,3C,C32,2.90872089656436,0.872980489934118,0.254758205451327,0.258182069571628,0.258872344593697,0.0185024444714221,0.978205362245828,0.258872344593697,0.134029781590876,0.258182069571628,0.258872344593697,0.966992606435534,0.0186015129201521,0.258872344593697,0.0693932076116224,0.0262804316844788,0.983844754077014,0.98112659911941,0.0188734008805902,0.966992606435534,0.0186015129201521,0.68440101323718,0.918190300196519,-0.966992606435534,-0.00257845558510805,-0.981398487079848,0.0302098058163144,CBCbothPairsAsymRW,CBCdriftDiffusionLR,0.5,0.318733342983371,0.0026664687692004,0.482255310812606,0.0307824051229217,0.890339571792914,0.948942462913236,2.64887072515148,0.5,71.9230468720844
CBC_1015,CBC_1015_MSI_TV_v3_Vset4_Tset3_2023-06-25_14h12.36.349.csv,2,41,0,2,b,1,0,2,tac,A,27,1,0A,2A,1,0,b,2.48158230000263,1,0,1,1,0A,2A,A02,3.3322045101752,0.872980489934118,0.254758205451327,0.258182069571628,0.258872344593697,0.0185024444714221,0.978205362245828,0.258872344593697,0.134029781590876,0.258182069571628,0.258872344593697,0.964414150850426,0.0488113187364664,0.258872344593697,0.0693932076116224,0.0262804316844788,0.983844754077014,0.771755113885276,0.228244886114724,0.872980489934118,0.258182069571628,0.234152550316054,0.796621489444374,0.127019510065882,0.0404853530674086,0.258182069571628,-0.124509674207507,CBCbothPairsAsymRW,CBCdriftDiffusionLR,0.5,0.318733342983371,0.0026664687692004,0.482255310812606,0.0307824051229217,0.890339571792914,0.948942462913236,2.64887072515148,0.5,71.9230468720844
CBC_1015,CBC_1015_MSI_TV_v3_Vset4_Tset3_2023-06-25_14h12.36.349.csv,2,42,2,3,z,0,1,3,tac,D,63,1,2D,3D,0,1,z,1.79484370000137,0,1,1,1,3D,2D,D23,4.04305126783455,0.913465843001526,0.254758205451327,0.133672395364121,0.258872344593697,0.0185024444714221,0.978205362245828,0.258872344593697,0.134029781590876,0.258182069571628,0.258872344593697,0.964414150850426,0.0488113187364664,0.258872344593697,0.0693932076116224,0.0262804316844788,0.983844754077014,0.973982995320855,0.0260170046791449,0.983844754077014,0.0262804316844788,0.53162035190633,0.915939938183425,0.0161552459229857,0.0051492155397517,0.0262804316844788,-0.0126738777502878,CBCbothPairsAsymRW,CBCdriftDiffusionLR,0.5,0.318733342983371,0.0026664687692004,0.482255310812606,0.0307824051229217,0.890339571792914,0.948942462913236,2.64887072515148,0.5,71.9230468720844
CBC_1015,CBC_1015_MSI_TV_v3_Vset4_Tset3_2023-06-25_14h12.36.349.csv,2,43,1,3,b,1,0,1,tac,B,27,1,1B,3B,1,0,b,1.5175464999993,1,0,1,1,1B,3B,B13,3.36729582998647,0.913465843001526,0.254758205451327,0.133672395364121,0.258872344593697,0.0185024444714221,0.978205362245828,0.258872344593697,0.134029781590876,0.258182069571628,0.258872344593697,0.964414150850426,0.0488113187364664,0.258872344593697,0.0693932076116224,0.0136065539341911,0.988993969616766,0.879495102871382,0.120504897128618,0.978205362245828,0.134029781590876,0.579313760920473,0.870603249299024,0.0217946377541718,0.00694667775049876,0.134029781590876,-0.0646365739792534,CBCbothPairsAsymRW,CBCdriftDiffusionLR,0.5,0.318733342983371,0.0026664687692004,0.482255310812606,0.0307824051229217,0.890339571792914,0.948942462913236,2.64887072515148,0.5,71.9230468720844
CBC_1015,CBC_1015_MSI_TV_v3_Vset4_Tset3_2023-06-25_14h12.36.349.csv,2,44,3,2,z,0,1,0,tac,C,63,1,3C,2C,0,1,z,1.93298839999989,0,1,1,1,2C,3C,C32,2.69124308278583,0.913465843001526,0.254758205451327,0.133672395364121,0.258872344593697,0.0185024444714221,0.985152039996327,0.258872344593697,0.0693932076116224,0.258182069571628,0.258872344593697,0.964414150850426,0.0488113187364664,0.258872344593697,0.0693932076116224,0.0136065539341911,0.988993969616766,0.951825807580254,0.048174192419746,0.964414150850426,0.0488113187364664,0.45223785791132,0.906200592347504,0.0355858491495742,0.0113423966623457,0.0488113187364665,-0.0235395176884278,CBCbothPairsAsymRW,CBCdriftDiffusionLR,0.5,0.318733342983371,0.0026664687692004,0.482255310812606,0.0307824051229217,0.890339571792914,0.948942462913236,2.64887072515148,0.5,71.9230468720844
CBC_1015,CBC_1015_MSI_AV_v3_Vset2_Aset3_2023-06-25_15h52.10.699.csv,3,1,1,0,z,0,1,2,aud,A,63,1,1A,0A,0,1,b,2.15474869999889,1,0,0,0,1A,0A,A10,2.77258872223978,0.5,0.5,0.5,0.5,0.5,0.5,0.5,0.5,0.5,0.5,0.5,0.5,0.5,0.5,0.5,0.5,0.5,0.5,0.5,0.5,0.154390034582785,0.498453864664893,-0.5,-0.0126227817209291,-0.5,0.0831876049462912,CBCbothPairsAsymRW,CBCdriftDiffusionLR,0.5,0.993263812575065,0.0252455634418581,0.313686866243743,0.166375209892582,0.662256234664361,3.23074805105291,2.91942104165199,0.5,32.0040164636614
CBC_1015,CBC_1015_MSI_AV_v3_Vset2_Aset3_2023-06-25_15h52.10.699.csv,3,2,3,2,b,1,0,3,aud,D,63,1,3D,2D,1,0,z,2.01251509999929,0,1,0,0,2D,3D,D32,2.83321334405622,0.583187604946291,0.487377218279071,0.5,0.5,0.5,0.5,0.5,0.5,0.5,0.5,0.5,0.5,0.5,0.5,0.5,0.5,0.5,0.5,0.5,0.5,0.1674705082021,0.499335933017168,-0.5,-0.0126227817209291,-0.5,0.0831876049462912,CBCbothPairsAsymRW,CBCdriftDiffusionLR,0.5,0.993263812575065,0.0252455634418581,0.313686866243743,0.166375209892582,0.662256234664361,3.23074805105291,2.91942104165199,0.5,32.0040164636614
CBC_1015,CBC_1015_MSI_AV_v3_Vset2_Aset3_2023-06-25_15h52.10.699.csv,3,3,2,0,b,1,0,0,aud,C,27,1,2C,0C,1,0,b,2.59367500000008,1,0,1,1,2C,0C,C20,2.89037175789616,0.583187604946291,0.487377218279071,0.5,0.5,0.5,0.5,0.5,0.5,0.5,0.5,0.5,0.5,0.5,0.5,0.487377218279071,0.583187604946291,0.5,0.5,0.5,0.5,0.120406751286124,0.499918712488299,0.5,0.496631906287532,0.5,-0.156843433121871,CBCbothPairsAsymRW,CBCdriftDiffusionLR,0.5,0.993263812575065,0.0252455634418581,0.313686866243743,0.166375209892582,0.662256234664361,3.23074805105291,2.91942104165199,0.5,32.0040164636614
CBC_1015,CBC_1015_MSI_AV_v3_Vset2_Aset3_2023-06-25_15h52.10.699.csv,3,4,1,0,z,0,1,2,aud,A,63,1,1A,0A,0,1,z,2.24361919999865,0,1,1,1,0A,1A,A10,2.2512917986065,0.583187604946291,0.487377218279071,0.5,0.5,0.5,0.5,0.5,0.5,0.343156566878129,0.5,0.996631906287532,0.5,0.5,0.5,0.487377218279071,0.583187604946291,0.544747587716625,0.455252412283375,0.583187604946291,0.487377218279071,0.210186542674342,0.699274917608685,0.416812395053709,0.414004668639591,0.487377218279071,-0.152883832280554,CBCbothPairsAsymRW,CBCdriftDiffusionLR,0.5,0.993263812575065,0.0252455634418581,0.313686866243743,0.166375209892582,0.662256234664361,3.23074805105291,2.91942104165199,0.5,32.0040164636614
CBC_1015,CBC_1015_MSI_AV_v3_Vset2_Aset3_2023-06-25_15h52.10.699.csv,3,5,3,1,z,0,1,1,aud,B,27,1,3B,1B,NaN,NaN,[],NaN,NaN,NaN,NaN,NaN,,,B31,2.99573227355399,0.997192273585882,0.334493385998517,0.5,0.5,0.5,0.5,0.5,0.5,0.343156566878129,0.5,0.996631906287532,0.5,0.5,0.5,0.487377218279071,0.583187604946291,0,0,0,0,NaN,0,0,0,0,0,CBCbothPairsAsymRW,CBCdriftDiffusionLR,0.5,0.993263812575065,0.0252455634418581,0.313686866243743,0.166375209892582,0.662256234664361,3.23074805105291,2.91942104165199,0.5,32.0040164636614
CBC_1015,CBC_1015_MSI_AV_v3_Vset2_Aset3_2023-06-25_15h52.10.699.csv,3,6,2,3,b,1,0,0,aud,C,63,1,2C,3C,1,0,b,1.46730329999991,1,0,1,1,2C,3C,C23,3.04452243772342,0.997192273585882,0.334493385998517,0.5,0.5,0.5,0.5,0.5,0.5,0.343156566878129,0.5,0.996631906287532,0.5,0.5,0.5,0.487377218279071,0.583187604946291,0.665916517014344,0.334083482985655,0.996631906287532,0.5,0.646842082012195,0.958289996971365,0.00336809371246771,0.00334540560195578,0.5,-0.156843433121871,CBCbothPairsAsymRW,CBCdriftDiffusionLR,0.5,0.993263812575065,0.0252455634418581,0.313686866243743,0.166375209892582,0.662256234664361,3.23074805105291,2.91942104165199,0.5,32.0040164636614
CBC_1015,CBC_1015_MSI_AV_v3_Vset2_Aset3_2023-06-25_15h52.10.699.csv,3,7,2,3,z,0,1,3,aud,D,63,0,2D,3D,1,0,z,2.15687139999864,0,1,1,0,3D,2D,D23,3.09104245335832,0.997192273585882,0.334493385998517,0.5,0.5,0.5,0.5,0.5,0.5,0.343156566878129,0.5,0.999977311889488,0.343156566878129,0.5,0.5,0.487377218279071,0.583187604946291,0.544747587716625,0.455252412283375,0.583187604946291,0.487377218279071,0.221759559135891,0.699709763548777,-0.583187604946291,-0.0147228996791769,-0.512622781720929,0.0852877229045391,CBCbothPairsAsymRW,CBCdriftDiffusionLR,0.5,0.993263812575065,0.0252455634418581,0.313686866243743,0.166375209892582,0.662256234664361,3.23074805105291,2.91942104165199,0.5,32.0040164636614
CBC_1015,CBC_1015_MSI_AV_v3_Vset2_Aset3_2023-06-25_15h52.10.699.csv,3,8,1,0,b,1,0,1,aud,B,63,1,1B,0B,1,0,b,2.79461349999838,1,0,1,1,1B,0B,B10,3.13549421592915,0.997192273585882,0.334493385998517,0.5,0.5,0.5,0.5,0.5,0.5,0.343156566878129,0.5,0.999977311889488,0.343156566878129,0.5,0.5,0.57266494118361,0.568464705267114,0.5,0.5,0.5,0.5,0.107099776321116,0.499414730312862,0.5,0.496631906287532,0.5,-0.156843433121871,CBCbothPairsAsymRW,CBCdriftDiffusionLR,0.5,0.993263812575065,0.0252455634418581,0.313686866243743,0.166375209892582,0.662256234664361,3.23074805105291,2.91942104165199,0.5,32.0040164636614
CBC_1015,CBC_1015_MSI_AV_v3_Vset2_Aset3_2023-06-25_15h52.10.699.csv,3,9,0,2,b,1,0,2,aud,A,27,1,0A,2A,1,0,b,1.67905040000187,1,0,1,1,0A,2A,A02,3.17805383034795,0.997192273585882,0.334493385998517,0.5,0.5,0.343156566878129,0.996631906287532,0.5,0.5,0.343156566878129,0.5,0.999977311889488,0.343156566878129,0.5,0.5,0.57266494118361,0.568464705267114,0.666041557372946,0.333958442627054,0.997192273585882,0.5,0.530898518587495,0.958224257126173,0.00280772641411797,0.00278881304275453,0.5,-0.156843433121871,CBCbothPairsAsymRW,CBCdriftDiffusionLR,0.5,0.993263812575065,0.0252455634418581,0.313686866243743,0.166375209892582,0.662256234664361,3.23074805105291,2.91942104165199,0.5,32.0040164636614
CBC_1015,CBC_1015_MSI_AV_v3_Vset2_Aset3_2023-06-25_15h52.10.699.csv,3,10,0,3,z,0,1,3,aud,D,9,1,0D,3D,0,1,z,1.91363459999775,0,1,1,1,3D,0D,D03,3.2188758248682,0.999981086628637,0.334493385998517,0.343156566878129,0.5,0.343156566878129,0.996631906287532,0.5,0.5,0.343156566878129,0.5,0.999977311889488,0.343156566878129,0.5,0.5,0.57266494118361,0.568464705267114,0.53203882399185,0.46796117600815,0.568464705267114,0.5,0.233170882707647,0.646871259545946,0.431535294732886,0.42862839210709,0.5,-0.156843433121871,CBCbothPairsAsymRW,CBCdriftDiffusionLR,0.5,0.993263812575065,0.0252455634418581,0.313686866243743,0.166375209892582,0.662256234664361,3.23074805105291,2.91942104165199,0.5,32.0040164636614
CBC_1015,CBC_1015_MSI_AV_v3_Vset2_Aset3_2023-06-25_15h52.10.699.csv,3,11,3,2,z,0,1,0,aud,C,63,1,3C,2C,0,1,z,1.88266970000041,0,1,1,1,2C,3C,C32,3.25809653802148,0.999981086628637,0.334493385998517,0.343156566878129,0.5,0.343156566878129,0.996631906287532,0.5,0.5,0.343156566878129,0.5,0.999977311889488,0.343156566878129,0.343156566878129,0.5,0.57266494118361,0.997093097374204,0.74451052698262,0.255489473017381,0.999977311889488,0.343156566878129,0.393548951986174,0.990192902214334,2.26881105119814e-05,2.2535279147255e-05,0.343156566878129,-0.107643708094962,CBCbothPairsAsymRW,CBCdriftDiffusionLR,0.5,0.993263812575065,0.0252455634418581,0.313686866243743,0.166375209892582,0.662256234664361,3.23074805105291,2.91942104165199,0.5,32.0040164636614
CBC_1015,CBC_1015_MSI_AV_v3_Vset2_Aset3_2023-06-25_15h52.10.699.csv,3,12,1,0,b,1,0,1,aud,B,63,1,1B,0B,1,0,b,1.8563768999993,1,0,1,1,1B,0B,B10,2.60268968544438,0.999981086628637,0.334493385998517,0.343156566878129,0.5,0.343156566878129,0.996631906287532,0.5,0.5,0.343156566878129,0.5,0.999999847168635,0.235512858783167,0.343156566878129,0.5,0.57266494118361,0.997093097374204,0.743872578581516,0.256127421418484,0.996631906287532,0.343156566878129,0.412954348284046,0.990096737583904,0.00336809371246771,0.00334540560195578,0.343156566878129,-0.107643708094962,CBCbothPairsAsymRW,CBCdriftDiffusionLR,0.5,0.993263812575065,0.0252455634418581,0.313686866243743,0.166375209892582,0.662256234664361,3.23074805105291,2.91942104165199,0.5,32.0040164636614
CBC_1015,CBC_1015_MSI_AV_v3_Vset2_Aset3_2023-06-25_15h52.10.699.csv,3,13,3,2,b,1,0,3,aud,D,63,1,3D,2D,1,0,b,1.84283860000141,1,0,1,1,3D,2D,D32,2.63905732961526,0.999981086628637,0.334493385998517,0.343156566878129,0.5,0.235512858783167,0.999977311889488,0.5,0.5,0.343156566878129,0.5,0.999999847168635,0.235512858783167,0.343156566878129,0.5,0.57266494118361,0.997093097374204,0.635189037343784,0.364810962656216,0.997093097374204,0.57266494118361,0.419155388556407,0.927650338069886,0.00290690262579552,0.00288732118488212,0.57266494118361,-0.179637470807544,CBCbothPairsAsymRW,CBCdriftDiffusionLR,0.5,0.993263812575065,0.0252455634418581,0.313686866243743,0.166375209892582,0.662256234664361,3.23074805105291,2.91942104165199,0.5,32.0040164636614
CBC_1015,CBC_1015_MSI_AV_v3_Vset2_Aset3_2023-06-25_15h52.10.699.csv,3,14,3,2,z,0,1,0,aud,C,63,1,3C,2C,0,1,z,1.33511780000117,0,1,1,1,2C,3C,C32,2.67414864942653,0.999981086628637,0.334493385998517,0.343156566878129,0.5,0.235512858783167,0.999977311889488,0.5,0.5,0.343156566878129,0.5,0.999999847168635,0.235512858783167,0.343156566878129,0.5,0.393027470376066,0.999980418559087,0.809380463957483,0.190619536042517,0.999999847168635,0.235512858783167,1.04501854754493,0.997101893108647,1.5283136467481e-07,1.51801863957952e-07,0.235512858783167,-0.0738772906317968,CBCbothPairsAsymRW,CBCdriftDiffusionLR,0.5,0.993263812575065,0.0252455634418581,0.313686866243743,0.166375209892582,0.662256234664361,3.23074805105291,2.91942104165199,0.5,32.0040164636614
CBC_1015,CBC_1015_MSI_AV_v3_Vset2_Aset3_2023-06-25_15h52.10.699.csv,3,15,1,3,b,1,0,1,aud,B,27,1,1B,3B,1,0,b,2.69954279999729,1,0,1,1,1B,3B,B13,3.40119738166216,0.999981086628637,0.334493385998517,0.343156566878129,0.5,0.235512858783167,0.999977311889488,0.5,0.5,0.343156566878129,0.5,0.999999998970499,0.16163556815137,0.343156566878129,0.5,0.393027470376066,0.999980418559087,0.66666162478807,0.33333837521193,0.999977311889488,0.5,0.167347440632579,0.958739152779479,2.26881105119814e-05,2.2535279147255e-05,0.5,-0.156843433121871,CBCbothPairsAsymRW,CBCdriftDiffusionLR,0.5,0.993263812575065,0.0252455634418581,0.313686866243743,0.166375209892582,0.662256234664361,3.23074805105291,2.91942104165199,0.5,32.0040164636614
CBC_1015,CBC_1015_MSI_AV_v3_Vset2_Aset3_2023-06-25_15h52.10.699.csv,3,16,3,0,z,0,1,2,aud,A,9,1,3A,0A,0,1,b,1.62584509999942,1,0,0,0,3A,0A,A30,3.43398720448515,0.999981086628637,0.334493385998517,0.343156566878129,0.5,0.235512858783167,0.999999847168635,0.5,0.343156566878129,0.343156566878129,0.5,0.999999998970499,0.16163556815137,0.343156566878129,0.5,0.393027470376066,0.999980418559087,0.333337536357743,0.666662463642257,0.5,0.999981086628637,0.0241550787360531,0.0412654801193581,-0.5,-0.0126227817209291,-1.89133713633938e-05,3.146716130361e-06,CBCbothPairsAsymRW,CBCdriftDiffusionLR,0.5,0.993263812575065,0.0252455634418581,0.313686866243743,0.166375209892582,0.662256234664361,3.23074805105291,2.91942104165199,0.5,32.0040164636614
CBC_1015,CBC_1015_MSI_AV_v3_Vset2_Aset3_2023-06-25_15h52.10.699.csv,3,17,3,2,b,1,0,3,aud,D,63,1,3D,2D,1,0,b,1.73593999999866,1,0,1,1,3D,2D,D32,2.36712361413162,0.999984233344767,0.334493385998517,0.343156566878129,0.487377218279071,0.235512858783167,0.999999847168635,0.5,0.343156566878129,0.343156566878129,0.5,0.999999998970499,0.16163556815137,0.343156566878129,0.5,0.393027470376066,0.999980418559087,0.717856967287884,0.282143032712116,0.999980418559087,0.393027470376066,0.522214885330842,0.983865995653984,1.95814409134076e-05,1.94495366573646e-05,0.393027470376066,-0.123287555529974,CBCbothPairsAsymRW,CBCdriftDiffusionLR,0.5,0.993263812575065,0.0252455634418581,0.313686866243743,0.166375209892582,0.662256234664361,3.23074805105291,2.91942104165199,0.5,32.0040164636614
CBC_1015,CBC_1015_MSI_AV_v3_Vset2_Aset3_2023-06-25_15h52.10.699.csv,3,18,2,0,b,1,0,0,aud,C,27,1,2C,0C,1,0,b,0.873077999996895,1,0,1,1,2C,0C,C20,2.80336038090653,0.999984233344767,0.334493385998517,0.343156566878129,0.487377218279071,0.235512858783167,0.999999847168635,0.5,0.343156566878129,0.343156566878129,0.5,0.999999998970499,0.16163556815137,0.343156566878129,0.5,0.269739914846092,0.999999868095744,0.744514842421727,0.255485157578273,0.999999998970499,0.343156566878129,0.296699534932526,0.990192753501687,1.02950070690611e-09,1.02256579719028e-09,0.343156566878129,-0.107643708094962,CBCbothPairsAsymRW,CBCdriftDiffusionLR,0.5,0.993263812575065,0.0252455634418581,0.313686866243743,0.166375209892582,0.662256234664361,3.23074805105291,2.91942104165199,0.5,32.0040164636614
CBC_1015,CBC_1015_MSI_AV_v3_Vset2_Aset3_2023-06-25_15h52.10.699.csv,3,19,1,0,z,0,1,2,aud,A,63,1,1A,0A,0,1,z,1.41609320000134,0,1,1,1,0A,1A,A10,2.42774823594805,0.999984233344767,0.334493385998517,0.343156566878129,0.487377218279071,0.235512858783167,0.999999847168635,0.5,0.343156566878129,0.235512858783167,0.5,0.999999999993065,0.16163556815137,0.343156566878129,0.5,0.269739914846092,0.999999868095744,0.749345076193091,0.250654923806909,0.999984233344767,0.334493385998517,0.855015100212303,0.991029557110498,1.57666552330626e-05,1.56604480883484e-05,0.334493385998517,-0.104926182033133,CBCbothPairsAsymRW,CBCdriftDiffusionLR,0.5,0.993263812575065,0.0252455634418581,0.313686866243743,0.166375209892582,0.662256234664361,3.23074805105291,2.91942104165199,0.5,32.0040164636614
CBC_1015,CBC_1015_MSI_AV_v3_Vset2_Aset3_2023-06-25_15h52.10.699.csv,3,20,0,1,z,0,1,1,aud,B,63,0,0B,1B,1,0,z,1.64157819999673,0,1,1,0,1B,0B,B01,3.55534806148941,0.999999893792855,0.229567203965383,0.343156566878129,0.487377218279071,0.235512858783167,0.999999847168635,0.5,0.343156566878129,0.235512858783167,0.5,0.999999999993065,0.16163556815137,0.343156566878129,0.5,0.269739914846092,0.999999868095744,0.809380463957483,0.190619536042517,0.999999847168635,0.235512858783167,0.529020634849751,0.99709244331551,-0.999999847168635,-0.0252455595835442,-0.764487141216833,0.127191708580131,CBCbothPairsAsymRW,CBCdriftDiffusionLR,0.5,0.993263812575065,0.0252455634418581,0.313686866243743,0.166375209892582,0.662256234664361,3.23074805105291,2.91942104165199,0.5,32.0040164636614
CBC_1015,CBC_1015_MSI_AV_v3_Vset2_Aset3_2023-06-25_15h52.10.699.csv,3,21,1,3,z,0,1,3,aud,D,27,1,1D,3D,0,1,z,1.48849080000218,0,1,1,1,3D,1D,D13,3.58351893845611,0.999999893792855,0.229567203965383,0.343156566878129,0.487377218279071,0.362704567363298,0.974754287585091,0.5,0.343156566878129,0.235512858783167,0.5,0.999999999993065,0.16163556815137,0.343156566878129,0.5,0.269739914846092,0.999999868095744,0.666666637354607,0.333333362645393,0.999999868095744,0.5,0.637017495356933,0.958688791537252,1.31904256073234e-07,1.31015724282178e-07,0.5,-0.156843433121871,CBCbothPairsAsymRW,CBCdriftDiffusionLR,0.5,0.993263812575065,0.0252455634418581,0.313686866243743,0.166375209892582,0.662256234664361,3.23074805105291,2.91942104165199,0.5,32.0040164636614
CBC_1015,CBC_1015_MSI_AV_v3_Vset2_Aset3_2023-06-25_15h52.10.699.csv,3,22,2,3,b,1,0,0,aud,C,63,1,2C,3C,1,0,b,1.246994000001,1,0,1,1,2C,3C,C23,2.91777073208428,0.999999893792855,0.229567203965383,0.343156566878129,0.487377218279071,0.362704567363298,0.974754287585091,0.5,0.343156566878129,0.235512858783167,0.5,0.999999999993065,0.16163556815137,0.343156566878129,0.343156566878129,0.269739914846092,0.999999999111468,0.86085518334329,0.13914481665671,0.999999999993065,0.16163556815137,1.29200649676887,0.998893333476403,6.93489710101858e-12,6.88818233437347e-12,0.16163556815137,-0.0507029548469302,CBCbothPairsAsymRW,CBCdriftDiffusionLR,0.5,0.993263812575065,0.0252455634418581,0.313686866243743,0.166375209892582,0.662256234664361,3.23074805105291,2.91942104165199,0.5,32.0040164636614
CBC_1015,CBC_1015_MSI_AV_v3_Vset2_Aset3_2023-06-25_15h52.10.699.csv,3,23,1,0,b,1,0,1,aud,B,63,1,1B,0B,1,0,b,2.02961159999904,1,0,1,1,1B,0B,B10,2.53897387105828,0.999999893792855,0.229567203965383,0.343156566878129,0.487377218279071,0.362704567363298,0.974754287585091,0.5,0.343156566878129,0.235512858783167,0.5,0.999999999999953,0.11093261330444,0.343156566878129,0.343156566878129,0.269739914846092,0.999999999111468,0.728810672551647,0.271189327448353,0.974754287585091,0.362704567363298,0.322731107535066,0.986796876242369,0.0252457124149089,0.0250756525644061,0.362704567363298,-0.113775659108485,CBCbothPairsAsymRW,CBCdriftDiffusionLR,0.5,0.993263812575065,0.0252455634418581,0.313686866243743,0.166375209892582,0.662256234664361,3.23074805105291,2.91942104165199,0.5,32.0040164636614
CBC_1015,CBC_1015_MSI_AV_v3_Vset2_Aset3_2023-06-25_15h52.10.699.csv,3,24,2,0,z,0,1,2,aud,A,27,1,2A,0A,0,1,z,1.46015589999661,0,1,1,1,0A,2A,A20,3.66356164612965,0.999999893792855,0.229567203965383,0.343156566878129,0.487377218279071,0.248928908254812,0.999829940149497,0.5,0.343156566878129,0.235512858783167,0.5,0.999999999999953,0.11093261330444,0.343156566878129,0.343156566878129,0.269739914846092,0.999999999111468,0.744514822415624,0.255485177584376,0.999999893792855,0.343156566878129,0.796989402982016,0.99017522992972,1.06207144745518e-07,1.05491713512645e-07,0.343156566878129,-0.107643708094962,CBCbothPairsAsymRW,CBCdriftDiffusionLR,0.5,0.993263812575065,0.0252455634418581,0.313686866243743,0.166375209892582,0.662256234664361,3.23074805105291,2.91942104165199,0.5,32.0040164636614
CBC_1015,CBC_1015_MSI_AV_v3_Vset2_Aset3_2023-06-25_15h52.10.699.csv,3,25,2,3,z,0,1,3,aud,D,63,1,2D,3D,0,1,z,1.25674550000258,0,1,1,1,3D,2D,D23,2.99573227355399,0.999999999284569,0.229567203965383,0.235512858783167,0.487377218279071,0.248928908254812,0.999829940149497,0.5,0.343156566878129,0.235512858783167,0.5,0.999999999999953,0.11093261330444,0.343156566878129,0.343156566878129,0.269739914846092,0.999999999111468,0.787562860802446,0.212437139197554,0.999999999111468,0.269739914846092,1.14256359244227,0.99561045763459,8.88531803688863e-10,8.82546486926199e-10,0.269739914846092,-0.0846138685889248,CBCbothPairsAsymRW,CBCdriftDiffusionLR,0.5,0.993263812575065,0.0252455634418581,0.313686866243743,0.166375209892582,0.662256234664361,3.23074805105291,2.91942104165199,0.5,32.0040164636614
CBC_1015,CBC_1015_MSI_AV_v3_Vset2_Aset3_2023-06-25_15h52.10.699.csv,3,26,2,0,b,1,0,0,aud,C,27,1,2C,0C,1,0,b,1.57212289999734,1,0,1,1,2C,0C,C20,2.6149597780362,0.999999999284569,0.229567203965383,0.235512858783167,0.487377218279071,0.248928908254812,0.999829940149497,0.5,0.343156566878129,0.235512858783167,0.5,0.999999999999953,0.11093261330444,0.343156566878129,0.343156566878129,0.185126046257168,0.999999999994015,0.809380487536869,0.190619512463131,0.999999999999953,0.235512858783167,0.624870764444183,0.997089447244039,4.67403893367191e-14,4.64255373138325e-14,0.235512858783167,-0.0738772906317968,CBCbothPairsAsymRW,CBCdriftDiffusionLR,0.5,0.993263812575065,0.0252455634418581,0.313686866243743,0.166375209892582,0.662256234664361,3.23074805105291,2.91942104165199,0.5,32.0040164636614
CBC_1015,CBC_1015_MSI_AV_v3_Vset2_Aset3_2023-06-25_15h52.10.699.csv,3,27,1,0,b,1,0,1,aud,B,63,1,1B,0B,1,0,b,0.831605399998807,1,0,1,1,1B,0B,B10,2.35137525716348,0.999999999284569,0.229567203965383,0.235512858783167,0.487377218279071,0.248928908254812,0.999829940149497,0.5,0.343156566878129,0.16163556815137,0.5,1,0.11093261330444,0.343156566878129,0.343156566878129,0.185126046257168,0.999999999994015,0.800658943419781,0.199341056580219,0.999829940149497,0.248928908254812,0.1917196310503,0.996570112584862,0.000170059850502891,0.000168914295476447,0.248928908254813,-0.0780857291479283,CBCbothPairsAsymRW,CBCdriftDiffusionLR,0.5,0.993263812575065,0.0252455634418581,0.313686866243743,0.166375209892582,0.662256234664361,3.23074805105291,2.91942104165199,0.5,32.0040164636614
CBC_1015,CBC_1015_MSI_AV_v3_Vset2_Aset3_2023-06-25_15h52.10.699.csv,3,28,0,1,b,1,0,2,aud,A,63,1,0A,1A,1,0,b,1.59616040000037,1,0,1,1,0A,1A,A01,3.76120011569356,0.999999999284569,0.229567203965383,0.235512858783167,0.487377218279071,0.170843179106884,0.999998854444974,0.5,0.343156566878129,0.16163556815137,0.5,1,0.11093261330444,0.343156566878129,0.343156566878129,0.185126046257168,0.999999999994015,0.813294301150357,0.186705698849643,0.999999999284569,0.229567203965383,0.584251511921518,0.997287441941539,7.1543126978213e-10,7.10611990659218e-10,0.229567203965383,-0.0720122168042392,CBCbothPairsAsymRW,CBCdriftDiffusionLR,0.5,0.993263812575065,0.0252455634418581,0.313686866243743,0.166375209892582,0.662256234664361,3.23074805105291,2.91942104165199,0.5,32.0040164636614
CBC_1015,CBC_1015_MSI_AV_v3_Vset2_Aset3_2023-06-25_15h52.10.699.csv,3,29,3,2,z,0,1,0,aud,C,63,0,3C,2C,1,0,z,1.53224969999792,0,1,1,0,2C,3C,C32,2.68557734525015,0.999999999995181,0.157554987161144,0.235512858783167,0.487377218279071,0.170843179106884,0.999998854444974,0.5,0.343156566878129,0.16163556815137,0.5,1,0.11093261330444,0.343156566878129,0.343156566878129,0.185126046257168,0.999999999994015,0.900144606454145,0.099855393545855,1,0.11093261330444,0.501867833334675,0.999471415996862,-1,-0.0252455634418581,-0.88906738669556,0.147918773070124,CBCbothPairsAsymRW,CBCdriftDiffusionLR,0.5,0.993263812575065,0.0252455634418581,0.313686866243743,0.166375209892582,0.662256234664361,3.23074805105291,2.91942104165199,0.5,32.0040164636614
CBC_1015,CBC_1015_MSI_AV_v3_Vset2_Aset3_2023-06-25_15h52.10.699.csv,3,30,3,1,b,1,0,3,aud,D,27,1,3D,1D,1,0,b,1.9412747000024,1,0,1,1,3D,1D,D31,3.80666248977032,0.999999999995181,0.157554987161144,0.235512858783167,0.487377218279071,0.170843179106884,0.999998854444974,0.5,0.343156566878129,0.16163556815137,0.5,0.974754436558142,0.258851386374564,0.343156566878129,0.343156566878129,0.185126046257168,0.999999999994015,0.744514842616413,0.255485157383588,0.999999999994015,0.343156566878129,0.354857829021697,0.990135258284324,5.98532334805668e-12,5.94500508818533e-12,0.343156566878129,-0.107643708094962,CBCbothPairsAsymRW,CBCdriftDiffusionLR,0.5,0.993263812575065,0.0252455634418581,0.313686866243743,0.166375209892582,0.662256234664361,3.23074805105291,2.91942104165199,0.5,32.0040164636614
CBC_1015,CBC_1015_MSI_AV_v3_Vset2_Aset3_2023-06-25_15h52.10.699.csv,3,31,1,0,z,0,1,2,aud,A,63,1,1A,0A,0,1,z,1.49451260000205,0,1,1,1,0A,1A,A10,2.4423470353692,0.999999999995181,0.157554987161144,0.235512858783167,0.487377218279071,0.170843179106884,0.999998854444974,0.5,0.343156566878129,0.16163556815137,0.5,0.974754436558142,0.258851386374564,0.343156566878129,0.235512858783167,0.185126046257168,0.99999999999996,0.863889846349159,0.13611015365084,0.999999999995181,0.157554987161144,0.660885066676676,0.998958582779545,4.81925610529288e-12,4.78679269291886e-12,0.157554987161144,-0.0494229301836524,CBCbothPairsAsymRW,CBCdriftDiffusionLR,0.5,0.993263812575065,0.0252455634418581,0.313686866243743,0.166375209892582,0.662256234664361,3.23074805105291,2.91942104165199,0.5,32.0040164636614
CBC_1015,CBC_1015_MSI_AV_v3_Vset2_Aset3_2023-06-25_15h52.10.699.csv,3,32,3,2,b,1,0,3,aud,D,63,1,3D,2D,1,0,b,1.90210989999832,1,0,1,1,3D,2D,D32,2.46385324059017,0.999999999999968,0.108132056977492,0.235512858783167,0.487377218279071,0.170843179106884,0.999998854444974,0.5,0.343156566878129,0.16163556815137,0.5,0.974754436558142,0.258851386374564,0.343156566878129,0.235512858783167,0.185126046257168,0.99999999999996,0.843792103935413,0.156207896064586,0.99999999999996,0.185126046257168,0.213894098430223,0.998477153883601,4.03010957938932e-14,4.00296200591952e-14,0.185126046257168,-0.0580716093105051,CBCbothPairsAsymRW,CBCdriftDiffusionLR,0.5,0.993263812575065,0.0252455634418581,0.313686866243743,0.166375209892582,0.662256234664361,3.23074805105291,2.91942104165199,0.5,32.0040164636614
CBC_1015,CBC_1015_MSI_AV_v3_Vset2_Aset3_2023-06-25_15h52.10.699.csv,3,33,2,1,z,0,1,1,aud,B,9,1,2B,1B,0,1,z,1.13546700000006,0,1,1,1,1B,2B,B21,3.87120101090789,0.999999999999968,0.108132056977492,0.235512858783167,0.487377218279071,0.170843179106884,0.999998854444974,0.5,0.343156566878129,0.16163556815137,0.5,0.974754436558142,0.258851386374564,0.343156566878129,0.235512858783167,0.127054436946663,1,0.666666412098689,0.333333587901311,0.999998854444974,0.5,0.689002176578446,0.958629752438174,1.14555502639391e-06,1.13783835303054e-06,0.5,-0.156843433121871,CBCbothPairsAsymRW,CBCdriftDiffusionLR,0.5,0.993263812575065,0.0252455634418581,0.313686866243743,0.166375209892582,0.662256234664361,3.23074805105291,2.91942104165199,0.5,32.0040164636614
CBC_1015,CBC_1015_MSI_AV_v3_Vset2_Aset3_2023-06-25_15h52.10.699.csv,3,34,1,0,z,0,1,2,aud,A,63,1,1A,0A,0,1,z,1.50087050000002,0,1,1,1,0A,1A,A10,2.28238238567653,0.999999999999968,0.108132056977492,0.235512858783167,0.487377218279071,0.170843179106884,0.999999992283327,0.343156566878129,0.343156566878129,0.16163556815137,0.5,0.974754436558142,0.258851386374564,0.343156566878129,0.235512858783167,0.127054436946663,1,0.902419520943711,0.0975804790562892,0.999999999999968,0.108132056977492,0.556840920448384,0.999492963814451,3.24185123190546e-14,3.22001351440358e-14,0.108132056977492,-0.0339196060937592,CBCbothPairsAsymRW,CBCdriftDiffusionLR,0.5,0.993263812575065,0.0252455634418581,0.313686866243743,0.166375209892582,0.662256234664361,3.23074805105291,2.91942104165199,0.5,32.0040164636614
CBC_1015,CBC_1015_MSI_AV_v3_Vset2_Aset3_2023-06-25_15h52.10.699.csv,3,35,2,1,b,1,0,0,aud,C,9,1,2C,1C,1,0,b,1.69454219999898,1,0,1,1,2C,1C,C21,3.91202300542815,1,0.0742124508837324,0.235512858783167,0.487377218279071,0.170843179106884,0.999999992283327,0.343156566878129,0.343156566878129,0.16163556815137,0.5,0.974754436558142,0.258851386374564,0.343156566878129,0.235512858783167,0.127054436946663,1,0.660960504606498,0.339039495393502,0.974754436558142,0.5,0.516369054307209,0.954324116621811,0.0252455634418585,0.025075504594866,0.5,-0.156843433121871,CBCbothPairsAsymRW,CBCdriftDiffusionLR,0.5,0.993263812575065,0.0252455634418581,0.313686866243743,0.166375209892582,0.662256234664361,3.23074805105291,2.91942104165199,0.5,32.0040164636614
CBC_1015,CBC_1015_MSI_AV_v3_Vset2_Aset3_2023-06-25_15h52.10.699.csv,3,36,1,0,b,1,0,1,aud,B,63,1,1B,0B,1,0,b,1.0045192999969,1,0,1,1,1B,0B,B10,2.32238772029023,1,0.0742124508837324,0.235512858783167,0.487377218279071,0.170843179106884,0.999999992283327,0.343156566878129,0.343156566878129,0.16163556815137,0.343156566878129,0.999829941153007,0.258851386374564,0.343156566878129,0.235512858783167,0.127054436946663,1,0.854085343552858,0.145914656447141,0.999999992283327,0.170843179106884,1.48643234972543,0.998732343272275,7.71667341137316e-09,7.66469245297714e-09,0.170843179106884,-0.053591261473157,CBCbothPairsAsymRW,CBCdriftDiffusionLR,0.5,0.993263812575065,0.0252455634418581,0.313686866243743,0.166375209892582,0.662256234664361,3.23074805105291,2.91942104165199,0.5,32.0040164636614
CBC_1015,CBC_1015_MSI_AV_v3_Vset2_Aset3_2023-06-25_15h52.10.699.csv,3,37,0,1,b,1,0,2,aud,A,63,0,0A,1A,0,1,b,1.06808900000033,1,0,1,0,0A,1A,A01,3.25809653802148,1,0.0742124508837324,0.235512858783167,0.487377218279071,0.117251917633727,0.999999999948019,0.343156566878129,0.343156566878129,0.16163556815137,0.343156566878129,0.999829941153007,0.258851386374564,0.343156566878129,0.235512858783167,0.127054436946663,1,0.930914549703199,0.0690854502968006,1,0.0742124508837324,1.9706131771998,0.999705844999187,-1,-0.0252455634418581,-0.925787549116268,0.154028097800159,CBCbothPairsAsymRW,CBCdriftDiffusionLR,0.5,0.993263812575065,0.0252455634418581,0.313686866243743,0.166375209892582,0.662256234664361,3.23074805105291,2.91942104165199,0.5,32.0040164636614
CBC_1015,CBC_1015_MSI_AV_v3_Vset2_Aset3_2023-06-25_15h52.10.699.csv,3,38,0,1,z,0,1,1,aud,B,63,1,0B,1B,0,1,z,1.37136889999601,0,1,1,1,1B,0B,B01,3.27714473299218,0.974754436558142,0.228240548683891,0.235512858783167,0.487377218279071,0.117251917633727,0.999999999948019,0.343156566878129,0.343156566878129,0.16163556815137,0.343156566878129,0.999829941153007,0.258851386374564,0.343156566878129,0.235512858783167,0.127054436946663,1,0.895053285844866,0.104946714155134,0.999999999948019,0.117251917633727,0.894627641721335,0.999418583735479,5.19809750798572e-11,5.16308214891884e-11,0.117251917633727,-0.0367803866035933,CBCbothPairsAsymRW,CBCdriftDiffusionLR,0.5,0.993263812575065,0.0252455634418581,0.313686866243743,0.166375209892582,0.662256234664361,3.23074805105291,2.91942104165199,0.5,32.0040164636614
CBC_1015,CBC_1015_MSI_AV_v3_Vset2_Aset3_2023-06-25_15h52.10.699.csv,3,39,1,3,z,0,1,3,aud,D,27,1,1D,3D,0,1,z,1.29514090000157,0,1,1,1,3D,1D,D13,3.29583686600433,0.974754436558142,0.228240548683891,0.235512858783167,0.487377218279071,0.0804715310301339,0.99999999999965,0.343156566878129,0.343156566878129,0.16163556815137,0.343156566878129,0.999829941153007,0.258851386374564,0.343156566878129,0.235512858783167,0.127054436946663,1,0.809380487536877,0.190619512463123,1,0.235512858783167,1.12261344481027,0.997090974806783,2.22044604925031e-16,2.20548870849561e-16,0.235512858783167,-0.0738772906317968,CBCbothPairsAsymRW,CBCdriftDiffusionLR,0.5,0.993263812575065,0.0252455634418581,0.313686866243743,0.166375209892582,0.662256234664361,3.23074805105291,2.91942104165199,0.5,32.0040164636614
CBC_1015,CBC_1015_MSI_AV_v3_Vset2_Aset3_2023-06-25_15h52.10.699.csv,3,40,3,2,z,0,1,0,aud,C,63,1,3C,2C,0,1,z,1.1238615000002,0,1,1,1,2C,3C,C32,2.62103882411258,0.974754436558142,0.228240548683891,0.235512858783167,0.487377218279071,0.0804715310301339,0.99999999999965,0.343156566878129,0.343156566878129,0.16163556815137,0.343156566878129,0.999829941153007,0.258851386374564,0.343156566878129,0.16163556815137,0.127054436946663,1,0.794347162611028,0.205652837388972,0.999829941153007,0.258851386374564,1.28732421024149,0.996143265391498,0.000170058846992505,0.000168913298725895,0.258851386374564,-0.0811982802146851,CBCbothPairsAsymRW,CBCdriftDiffusionLR,0.5,0.993263812575065,0.0252455634418581,0.313686866243743,0.166375209892582,0.662256234664361,3.23074805105291,2.91942104165199,0.5,32.0040164636614
CBC_1015,CBC_1015_MSI_AV_v3_Vset2_Aset3_2023-06-25_15h52.10.699.csv,3,41,0,2,b,1,0,2,aud,A,27,1,0A,2A,1,0,b,1.02735769999708,1,0,1,1,0A,2A,A02,3.3322045101752,0.974754436558142,0.228240548683891,0.235512858783167,0.487377218279071,0.0804715310301339,0.99999999999965,0.343156566878129,0.343156566878129,0.16163556815137,0.343156566878129,0.999998854451733,0.177653106159878,0.343156566878129,0.16163556815137,0.127054436946663,1,0.805404260951503,0.194595739048497,0.974754436558142,0.235512858783167,1.24891406138093,0.996861901609911,0.0252455634418584,0.0250755045948659,0.235512858783167,-0.0738772906317968,CBCbothPairsAsymRW,CBCdriftDiffusionLR,0.5,0.993263812575065,0.0252455634418581,0.313686866243743,0.166375209892582,0.662256234664361,3.23074805105291,2.91942104165199,0.5,32.0040164636614
CBC_1015,CBC_1015_MSI_AV_v3_Vset2_Aset3_2023-06-25_15h52.10.699.csv,3,42,2,3,z,0,1,3,aud,D,63,1,2D,3D,0,1,z,1.03121200000169,0,1,1,1,3D,2D,D23,2.94443897916644,0.999829941153007,0.228240548683891,0.16163556815137,0.487377218279071,0.0804715310301339,0.99999999999965,0.343156566878129,0.343156566878129,0.16163556815137,0.343156566878129,0.999998854451733,0.177653106159878,0.343156566878129,0.16163556815137,0.127054436946663,1,0.887268589003678,0.112731410996322,1,0.127054436946663,1.75968954846044,0.999329349818701,0,0,0.127054436946663,-0.0398553081681618,CBCbothPairsAsymRW,CBCdriftDiffusionLR,0.5,0.993263812575065,0.0252455634418581,0.313686866243743,0.166375209892582,0.662256234664361,3.23074805105291,2.91942104165199,0.5,32.0040164636614
CBC_1015,CBC_1015_MSI_AV_v3_Vset2_Aset3_2023-06-25_15h52.10.699.csv,3,43,1,3,b,1,0,1,aud,B,27,1,1B,3B,1,0,b,0.913490000002639,1,0,1,1,1B,3B,B13,3.36729582998647,0.999829941153007,0.228240548683891,0.16163556815137,0.487377218279071,0.0804715310301339,0.99999999999965,0.343156566878129,0.343156566878129,0.16163556815137,0.343156566878129,0.999998854451733,0.177653106159878,0.343156566878129,0.16163556815137,0.0871991287785007,1,0.744514842617484,0.255485157382516,0.99999999999965,0.343156566878129,0.487694120763315,0.990129710178845,3.50164341966774e-13,3.47805569329757e-13,0.343156566878129,-0.107643708094962,CBCbothPairsAsymRW,CBCdriftDiffusionLR,0.5,0.993263812575065,0.0252455634418581,0.313686866243743,0.166375209892582,0.662256234664361,3.23074805105291,2.91942104165199,0.5,32.0040164636614
CBC_1015,CBC_1015_MSI_AV_v3_Vset2_Aset3_2023-06-25_15h52.10.699.csv,3,44,3,2,z,0,1,0,aud,C,63,1,3C,2C,0,1,z,1.18031119999796,0,1,1,1,2C,3C,C32,2.46809953147162,0.999829941153007,0.228240548683891,0.16163556815137,0.487377218279071,0.0804715310301339,0.999999999999998,0.343156566878129,0.235512858783167,0.16163556815137,0.343156566878129,0.999998854451733,0.177653106159878,0.343156566878129,0.16163556815137,0.0871991287785007,1,0.84914634195691,0.15085365804309,0.999998854451733,0.177653106159878,1.43913388295451,0.998621941641143,1.14554826657898e-06,1.13783163875099e-06,0.177653106159878,-0.0557274461497592,CBCbothPairsAsymRW,CBCdriftDiffusionLR,0.5,0.993263812575065,0.0252455634418581,0.313686866243743,0.166375209892582,0.662256234664361,3.23074805105291,2.91942104165199,0.5,32.0040164636614
CBC_1015,CBC_1015_MSI_TV_v3_Vset5_Tset2_2023-06-25_16h00.28.888.csv,4,1,3,1,z,0,1,1,tac,B,27,1,3B,1B,0,1,b,2.43882049999957,1,0,0,0,3B,1B,B31,2.77258872223978,0.5,0.5,0.5,0.5,0.5,0.5,0.5,0.5,0.5,0.5,0.5,0.5,0.5,0.5,0.5,0.5,0.5,0.5,0.5,0.5,0.169681467274847,0.50083847013745,-0.5,-0.023949035298854,-0.5,0.0333713195968768,CBCbothPairsAsymRW,CBCdriftDiffusionLR,0.5,0.99177757761014,0.047898070597708,0.016640985297972,0.0667426391937537,1.05805842312879,0.747425963576126,2.63229120264952,0.5,82.0246999391048
CBC_1015,CBC_1015_MSI_TV_v3_Vset5_Tset2_2023-06-25_16h00.28.888.csv,4,2,2,3,b,1,0,0,tac,C,63,1,2C,3C,1,0,z,1.48763870000039,0,1,0,0,3C,2C,C23,2.83321334405622,0.5,0.5,0.5,0.5,0.5,0.533371319596877,0.5,0.476050964701146,0.5,0.5,0.5,0.5,0.5,0.5,0.5,0.5,0.5,0.5,0.5,0.5,0.248692590514295,0.500736815765401,-0.5,-0.023949035298854,-0.5,0.0333713195968768,CBCbothPairsAsymRW,CBCdriftDiffusionLR,0.5,0.99177757761014,0.047898070597708,0.016640985297972,0.0667426391937537,1.05805842312879,0.747425963576126,2.63229120264952,0.5,82.0246999391048
CBC_1015,CBC_1015_MSI_TV_v3_Vset5_Tset2_2023-06-25_16h00.28.888.csv,4,3,2,3,z,0,1,3,tac,D,63,1,2D,3D,0,1,b,2.39299849999952,1,0,0,0,2D,3D,D23,2.89037175789616,0.5,0.5,0.5,0.5,0.5,0.533371319596877,0.5,0.476050964701146,0.5,0.5,0.533371319596877,0.476050964701146,0.5,0.5,0.5,0.5,0.5,0.5,0.5,0.5,0.174656273409368,0.499141426207627,-0.5,-0.023949035298854,-0.5,0.0333713195968768,CBCbothPairsAsymRW,CBCdriftDiffusionLR,0.5,0.99177757761014,0.047898070597708,0.016640985297972,0.0667426391937537,1.05805842312879,0.747425963576126,2.63229120264952,0.5,82.0246999391048
CBC_1015,CBC_1015_MSI_TV_v3_Vset5_Tset2_2023-06-25_16h00.28.888.csv,4,4,1,0,b,1,0,1,tac,B,63,1,1B,0B,1,0,z,2.3995292000036,0,1,0,0,0B,1B,B10,2.94443897916644,0.5,0.5,0.5,0.5,0.5,0.533371319596877,0.5,0.476050964701146,0.5,0.5,0.533371319596877,0.476050964701146,0.5,0.5,0.476050964701146,0.533371319596877,0.483853180863441,0.516146819136559,0.5,0.533371319596877,0.168547305252563,0.483845292609586,-0.5,-0.023949035298854,-0.466628680403123,0.031144029653603,CBCbothPairsAsymRW,CBCdriftDiffusionLR,0.5,0.99177757761014,0.047898070597708,0.016640985297972,0.0667426391937537,1.05805842312879,0.747425963576126,2.63229120264952,0.5,82.0246999391048
CBC_1015,CBC_1015_MSI_TV_v3_Vset5_Tset2_2023-06-25_16h00.28.888.csv,4,5,3,0,z,0,1,2,tac,A,9,1,3A,0A,0,1,b,2.75897629999963,1,0,0,0,3A,0A,A30,2.99573227355399,0.5,0.5,0.5,0.5,0.476050964701146,0.56451534925048,0.5,0.476050964701146,0.5,0.5,0.533371319596877,0.476050964701146,0.5,0.5,0.476050964701146,0.533371319596877,0.5,0.5,0.5,0.5,0.135192758077238,0.500752908747256,-0.5,-0.023949035298854,-0.5,0.0333713195968768,CBCbothPairsAsymRW,CBCdriftDiffusionLR,0.5,0.99177757761014,0.047898070597708,0.016640985297972,0.0667426391937537,1.05805842312879,0.747425963576126,2.63229120264952,0.5,82.0246999391048
CBC_1015,CBC_1015_MSI_TV_v3_Vset5_Tset2_2023-06-25_16h00.28.888.csv,4,6,2,3,z,0,1,3,tac,D,63,1,2D,3D,0,1,b,2.43948430000091,1,0,0,0,2D,3D,D23,2.35137525716348,0.533371319596877,0.5,0.5,0.476050964701146,0.476050964701146,0.56451534925048,0.5,0.476050964701146,0.5,0.5,0.533371319596877,0.476050964701146,0.5,0.5,0.476050964701146,0.533371319596877,0.471607346208137,0.528392653791863,0.476050964701146,0.533371319596877,0.160195691260594,0.47292113904494,-0.476050964701146,-0.0228019227153625,-0.466628680403123,0.031144029653603,CBCbothPairsAsymRW,CBCdriftDiffusionLR,0.5,0.99177757761014,0.047898070597708,0.016640985297972,0.0667426391937537,1.05805842312879,0.747425963576126,2.63229120264952,0.5,82.0246999391048
CBC_1015,CBC_1015_MSI_TV_v3_Vset5_Tset2_2023-06-25_16h00.28.888.csv,4,7,2,0,b,1,0,0,tac,C,27,1,2C,0C,1,0,b,2.42886870000075,1,0,1,1,2C,0C,C20,3.09104245335832,0.533371319596877,0.5,0.5,0.476050964701146,0.476050964701146,0.56451534925048,0.5,0.476050964701146,0.5,0.5,0.533371319596877,0.476050964701146,0.5,0.5,0.453249041985784,0.56451534925048,0.516146819136559,0.483853180863441,0.533371319596877,0.5,0.176237023486057,0.516490443153989,0.466628680403123,0.462791862293626,0.5,-0.00832049264898599,CBCbothPairsAsymRW,CBCdriftDiffusionLR,0.5,0.99177757761014,0.047898070597708,0.016640985297972,0.0667426391937537,1.05805842312879,0.747425963576126,2.63229120264952,0.5,82.0246999391048
CBC_1015,CBC_1015_MSI_TV_v3_Vset5_Tset2_2023-06-25_16h00.28.888.csv,4,8,1,0,z,0,1,2,tac,A,63,1,1A,0A,0,1,z,2.66917680000188,0,1,1,1,0A,1A,A10,3.13549421592915,0.533371319596877,0.5,0.5,0.476050964701146,0.476050964701146,0.56451534925048,0.5,0.476050964701146,0.491679507351014,0.5,0.996163181890503,0.476050964701146,0.5,0.5,0.453249041985784,0.56451534925048,0.516146819136559,0.483853180863441,0.533371319596877,0.5,0.148666540026099,0.516588880082003,0.466628680403123,0.462791862293626,0.5,-0.00832049264898599,CBCbothPairsAsymRW,CBCdriftDiffusionLR,0.5,0.99177757761014,0.047898070597708,0.016640985297972,0.0667426391937537,1.05805842312879,0.747425963576126,2.63229120264952,0.5,82.0246999391048
CBC_1015,CBC_1015_MSI_TV_v3_Vset5_Tset2_2023-06-25_16h00.28.888.csv,4,9,0,1,z,0,1,1,tac,B,63,1,0B,1B,0,1,b,2.28324070000235,1,0,0,0,0B,1B,B01,3.17805383034795,0.996163181890503,0.491679507351014,0.5,0.476050964701146,0.476050964701146,0.56451534925048,0.5,0.476050964701146,0.491679507351014,0.5,0.996163181890503,0.476050964701146,0.5,0.5,0.453249041985784,0.56451534925048,0.457492192778477,0.542507807221523,0.476050964701146,0.56451534925048,0.173074975910332,0.457542059397496,-0.476050964701146,-0.0228019227153625,-0.43548465074952,0.0290653949193931,CBCbothPairsAsymRW,CBCdriftDiffusionLR,0.5,0.99177757761014,0.047898070597708,0.016640985297972,0.0667426391937537,1.05805842312879,0.747425963576126,2.63229120264952,0.5,82.0246999391048
CBC_1015,CBC_1015_MSI_TV_v3_Vset5_Tset2_2023-06-25_16h00.28.888.csv,4,10,3,1,b,1,0,3,tac,D,27,1,3D,1D,1,0,b,3.30679750000127,1,0,1,1,3D,1D,D31,3.2188758248682,0.996163181890503,0.491679507351014,0.5,0.476050964701146,0.453249041985784,0.593580744169873,0.5,0.476050964701146,0.491679507351014,0.5,0.996163181890503,0.476050964701146,0.5,0.5,0.453249041985784,0.56451534925048,0.530302686239285,0.469697313760715,0.56451534925048,0.5,0.0968639066610111,0.530195170189381,0.43548465074952,0.431903912006757,0.5,-0.00832049264898599,CBCbothPairsAsymRW,CBCdriftDiffusionLR,0.5,0.99177757761014,0.047898070597708,0.016640985297972,0.0667426391937537,1.05805842312879,0.747425963576126,2.63229120264952,0.5,82.0246999391048
CBC_1015,CBC_1015_MSI_TV_v3_Vset5_Tset2_2023-06-25_16h00.28.888.csv,4,11,2,3,b,1,0,0,tac,C,63,1,2C,3C,1,0,b,1.77185180000379,1,0,1,1,2C,3C,C23,2.56494935746154,0.996163181890503,0.491679507351014,0.5,0.476050964701146,0.453249041985784,0.593580744169873,0.5,0.476050964701146,0.491679507351014,0.5,0.996163181890503,0.476050964701146,0.5,0.491679507351014,0.453249041985784,0.996419261257237,0.676642854028226,0.323357145971774,0.996163181890503,0.476050964701146,0.357147514904344,0.666999530951344,0.00383681810949743,0.00380527017036808,0.476050964701146,-0.00792195710467715,CBCbothPairsAsymRW,CBCdriftDiffusionLR,0.5,0.99177757761014,0.047898070597708,0.016640985297972,0.0667426391937537,1.05805842312879,0.747425963576126,2.63229120264952,0.5,82.0246999391048
CBC_1015,CBC_1015_MSI_TV_v3_Vset5_Tset2_2023-06-25_16h00.28.888.csv,4,12,0,1,z,0,1,1,tac,B,63,1,0B,1B,0,1,b,2.7398912000026,1,0,0,0,0B,1B,B01,2.60268968544438,0.996163181890503,0.491679507351014,0.5,0.476050964701146,0.453249041985784,0.593580744169873,0.5,0.476050964701146,0.491679507351014,0.5,0.999968452060871,0.468129007596469,0.5,0.491679507351014,0.453249041985784,0.996419261257237,0.432973008582685,0.567026991417315,0.453249041985784,0.593580744169873,0.118933606106219,0.434492154283358,-0.453249041985784,-0.0217097546113786,-0.406419255830127,0.027125493753264,CBCbothPairsAsymRW,CBCdriftDiffusionLR,0.5,0.99177757761014,0.047898070597708,0.016640985297972,0.0667426391937537,1.05805842312879,0.747425963576126,2.63229120264952,0.5,82.0246999391048
CBC_1015,CBC_1015_MSI_TV_v3_Vset5_Tset2_2023-06-25_16h00.28.888.csv,4,13,1,0,z,0,1,2,tac,A,63,1,1A,0A,0,1,z,2.60757100000046,0,1,1,1,0A,1A,A10,2.63905732961526,0.996163181890503,0.491679507351014,0.5,0.476050964701146,0.431539287374405,0.620706237923137,0.5,0.476050964701146,0.491679507351014,0.5,0.999968452060871,0.468129007596469,0.5,0.491679507351014,0.453249041985784,0.996419261257237,0.669535286958552,0.330464713041448,0.996163181890503,0.491679507351014,0.199649441031634,0.660853019159269,0.00383681810949743,0.00380527017036808,0.491679507351014,-0.00818203145314233,CBCbothPairsAsymRW,CBCdriftDiffusionLR,0.5,0.99177757761014,0.047898070597708,0.016640985297972,0.0667426391937537,1.05805842312879,0.747425963576126,2.63229120264952,0.5,82.0246999391048
CBC_1015,CBC_1015_MSI_TV_v3_Vset5_Tset2_2023-06-25_16h00.28.888.csv,4,14,2,1,b,1,0,0,tac,C,9,1,2C,1C,1,0,b,3.25271699999939,1,0,1,1,2C,1C,C21,3.36729582998647,0.999968452060871,0.483497475897872,0.5,0.476050964701146,0.431539287374405,0.620706237923137,0.5,0.476050964701146,0.491679507351014,0.5,0.999968452060871,0.468129007596469,0.5,0.491679507351014,0.453249041985784,0.996419261257237,0.666659655866076,0.333340344133924,0.999968452060871,0.5,0.123124548516087,0.658068119629821,3.1547939129406e-05,3.12885386483544e-05,0.5,-0.00832049264898599,CBCbothPairsAsymRW,CBCdriftDiffusionLR,0.5,0.99177757761014,0.047898070597708,0.016640985297972,0.0667426391937537,1.05805842312879,0.747425963576126,2.63229120264952,0.5,82.0246999391048
CBC_1015,CBC_1015_MSI_TV_v3_Vset5_Tset2_2023-06-25_16h00.28.888.csv,4,15,0,1,b,1,0,2,tac,A,63,1,0A,1A,1,0,b,3.64799470000071,1,0,1,1,0A,1A,A01,3.40119738166216,0.999968452060871,0.483497475897872,0.5,0.476050964701146,0.431539287374405,0.620706237923137,0.5,0.476050964701146,0.491679507351014,0.491679507351014,0.999999740599519,0.468129007596469,0.5,0.491679507351014,0.453249041985784,0.996419261257237,0.674075779709233,0.325924220290767,0.999968452060871,0.483497475897872,0.0924918392327552,0.664938213384356,3.1547939129406e-05,3.12885386483544e-05,0.483497475897872,-0.00804587438802304,CBCbothPairsAsymRW,CBCdriftDiffusionLR,0.5,0.99177757761014,0.047898070597708,0.016640985297972,0.0667426391937537,1.05805842312879,0.747425963576126,2.63229120264952,0.5,82.0246999391048
CBC_1015,CBC_1015_MSI_TV_v3_Vset5_Tset2_2023-06-25_16h00.28.888.csv,4,16,1,3,z,0,1,3,tac,D,27,1,1D,3D,0,1,b,1.98583770000187,1,0,0,0,1D,3D,D13,3.43398720448515,0.999999740599519,0.475451601509849,0.5,0.476050964701146,0.431539287374405,0.620706237923137,0.5,0.476050964701146,0.491679507351014,0.491679507351014,0.999999740599519,0.468129007596469,0.5,0.491679507351014,0.453249041985784,0.996419261257237,0.330407845045701,0.669592154954299,0.491679507351014,0.996419261257237,0.160120580149964,0.338599041084192,-0.491679507351014,-0.0235504997545452,-0.0035807387427631,0.000238987953955333,CBCbothPairsAsymRW,CBCdriftDiffusionLR,0.5,0.99177757761014,0.047898070597708,0.016640985297972,0.0667426391937537,1.05805842312879,0.747425963576126,2.63229120264952,0.5,82.0246999391048
CBC_1015,CBC_1015_MSI_TV_v3_Vset5_Tset2_2023-06-25_16h00.28.888.csv,4,17,1,0,b,1,0,1,tac,B,63,1,1B,0B,1,0,b,2.70182110000314,1,0,1,1,1B,0B,B10,2.77258872223978,0.999999740599519,0.475451601509849,0.5,0.476050964701146,0.431539287374405,0.620706237923137,0.5,0.476050964701146,0.491679507351014,0.491679507351014,0.999999740599519,0.468129007596469,0.5,0.468129007596469,0.453249041985784,0.996658249211192,0.589887267753047,0.410112732246953,0.620706237923137,0.431539287374405,0.165324295381662,0.587553436748612,0.379293762076863,0.376175048555228,0.431539287374405,-0.00718123893669478,CBCbothPairsAsymRW,CBCdriftDiffusionLR,0.5,0.99177757761014,0.047898070597708,0.016640985297972,0.0667426391937537,1.05805842312879,0.747425963576126,2.63229120264952,0.5,82.0246999391048
CBC_1015,CBC_1015_MSI_TV_v3_Vset5_Tset2_2023-06-25_16h00.28.888.csv,4,18,3,2,z,0,1,0,tac,C,63,0,3C,2C,1,0,z,2.3114327000003,0,1,1,0,2C,3C,C32,3.49650756146648,0.999999740599519,0.475451601509849,0.5,0.476050964701146,0.42435804843771,0.996881286478365,0.5,0.476050964701146,0.491679507351014,0.491679507351014,0.999999740599519,0.468129007596469,0.5,0.468129007596469,0.453249041985784,0.996658249211192,0.681138995356029,0.318861004643971,0.999999740599519,0.468129007596469,0.25263669049193,0.670877504803484,-0.999999740599519,-0.0478980581729255,-0.531870992403531,0.0354984737436126,CBCbothPairsAsymRW,CBCdriftDiffusionLR,0.5,0.99177757761014,0.047898070597708,0.016640985297972,0.0667426391937537,1.05805842312879,0.747425963576126,2.63229120264952,0.5,82.0246999391048
CBC_1015,CBC_1015_MSI_TV_v3_Vset5_Tset2_2023-06-25_16h00.28.888.csv,4,19,0,2,b,1,0,2,tac,A,27,1,0A,2A,1,0,b,3.12627550000252,1,0,1,1,0A,2A,A02,3.52636052461616,0.999999740599519,0.475451601509849,0.5,0.476050964701146,0.42435804843771,0.996881286478365,0.5,0.476050964701146,0.491679507351014,0.491679507351014,0.952101682426593,0.503627481340081,0.5,0.468129007596469,0.453249041985784,0.996658249211192,0.666666609022105,0.333333390977895,0.999999740599519,0.5,0.135224365253453,0.657911683821877,2.59400481095184e-07,2.57267580771487e-07,0.5,-0.00832049264898599,CBCbothPairsAsymRW,CBCdriftDiffusionLR,0.5,0.99177757761014,0.047898070597708,0.016640985297972,0.0667426391937537,1.05805842312879,0.747425963576126,2.63229120264952,0.5,82.0246999391048
CBC_1015,CBC_1015_MSI_TV_v3_Vset5_Tset2_2023-06-25_16h00.28.888.csv,4,20,2,3,z,0,1,3,tac,D,63,1,2D,3D,0,1,b,2.8379160000004,1,0,0,0,2D,3D,D23,2.4567357728213,0.9999999978671,0.475451601509849,0.491679507351014,0.476050964701146,0.42435804843771,0.996881286478365,0.5,0.476050964701146,0.491679507351014,0.491679507351014,0.952101682426593,0.503627481340081,0.5,0.468129007596469,0.453249041985784,0.996658249211192,0.312605533290065,0.687394466709935,0.453249041985784,0.996658249211192,0.082267648904994,0.323405689154461,-0.453249041985784,-0.0217097546113786,-0.00334175078880772,0.000223037267172835,CBCbothPairsAsymRW,CBCdriftDiffusionLR,0.5,0.99177757761014,0.047898070597708,0.016640985297972,0.0667426391937537,1.05805842312879,0.747425963576126,2.63229120264952,0.5,82.0246999391048
CBC_1015,CBC_1015_MSI_TV_v3_Vset5_Tset2_2023-06-25_16h00.28.888.csv,4,21,1,3,b,1,0,1,tac,B,27,1,1B,3B,1,0,b,2.37343660000261,1,0,1,1,1B,3B,B13,3.58351893845611,0.9999999978671,0.475451601509849,0.491679507351014,0.476050964701146,0.42435804843771,0.996881286478365,0.5,0.476050964701146,0.491679507351014,0.491679507351014,0.952101682426593,0.503627481340081,0.5,0.468129007596469,0.431539287374405,0.996881286478365,0.676800501638871,0.323199498361129,0.996881286478365,0.476050964701146,0.240059733746987,0.667646848403177,0.00311871352163495,0.0030930701417471,0.476050964701146,-0.00792195710467715,CBCbothPairsAsymRW,CBCdriftDiffusionLR,0.5,0.99177757761014,0.047898070597708,0.016640985297972,0.0667426391937537,1.05805842312879,0.747425963576126,2.63229120264952,0.5,82.0246999391048
CBC_1015,CBC_1015_MSI_TV_v3_Vset5_Tset2_2023-06-25_16h00.28.888.csv,4,22,2,3,b,1,0,0,tac,C,63,1,2C,3C,1,0,z,3.58931819999998,0,1,0,0,3C,2C,C23,2.51230562397611,0.9999999978671,0.475451601509849,0.491679507351014,0.476050964701146,0.42435804843771,0.999974356620112,0.5,0.468129007596469,0.491679507351014,0.491679507351014,0.952101682426593,0.503627481340081,0.5,0.468129007596469,0.431539287374405,0.996881286478365,0.345962349230508,0.654037650769492,0.503627481340081,0.952101682426593,0.0515823087153399,0.352733582842312,-0.503627481340081,-0.0241227846561731,-0.0478983175734066,0.00319686012778971,CBCbothPairsAsymRW,CBCdriftDiffusionLR,0.5,0.99177757761014,0.047898070597708,0.016640985297972,0.0667426391937537,1.05805842312879,0.747425963576126,2.63229120264952,0.5,82.0246999391048
CBC_1015,CBC_1015_MSI_TV_v3_Vset5_Tset2_2023-06-25_16h00.28.888.csv,4,23,1,0,z,0,1,2,tac,A,63,1,1A,0A,0,1,z,2.63261110000167,0,1,1,1,0A,1A,A10,2.53897387105828,0.9999999978671,0.475451601509849,0.491679507351014,0.476050964701146,0.42435804843771,0.999974356620112,0.5,0.468129007596469,0.491679507351014,0.491679507351014,0.955298542554383,0.479504696683908,0.5,0.468129007596469,0.431539287374405,0.996881286478365,0.677758591531825,0.322241408468175,0.9999999978671,0.475451601509849,0.198082910951856,0.667772690474408,2.13290030082192e-09,2.1153626936331e-09,0.475451601509849,-0.00791198311062262,CBCbothPairsAsymRW,CBCdriftDiffusionLR,0.5,0.99177757761014,0.047898070597708,0.016640985297972,0.0667426391937537,1.05805842312879,0.747425963576126,2.63229120264952,0.5,82.0246999391048
CBC_1015,CBC_1015_MSI_TV_v3_Vset5_Tset2_2023-06-25_16h00.28.888.csv,4,24,1,2,b,1,0,1,tac,B,9,1,1B,2B,1,0,b,3.5651663000026,1,0,1,1,1B,2B,B12,3.66356164612965,0.999999999982462,0.467539618399226,0.491679507351014,0.476050964701146,0.42435804843771,0.999974356620112,0.5,0.468129007596469,0.491679507351014,0.491679507351014,0.955298542554383,0.479504696683908,0.5,0.468129007596469,0.431539287374405,0.996881286478365,0.666660968040381,0.333339031959619,0.999974356620112,0.5,0.0976266658087678,0.658183990097427,2.5643379887863e-05,2.54325291869214e-05,0.5,-0.00832049264898599,CBCbothPairsAsymRW,CBCdriftDiffusionLR,0.5,0.99177757761014,0.047898070597708,0.016640985297972,0.0667426391937537,1.05805842312879,0.747425963576126,2.63229120264952,0.5,82.0246999391048
CBC_1015,CBC_1015_MSI_TV_v3_Vset5_Tset2_2023-06-25_16h00.28.888.csv,4,25,3,2,z,0,1,0,tac,C,63,1,3C,2C,0,1,z,2.32264399999985,0,1,1,1,2C,3C,C32,2.99573227355399,0.999999999982462,0.467539618399226,0.491679507351014,0.476050964701146,0.42435804843771,0.999999789149299,0.491679507351014,0.468129007596469,0.491679507351014,0.491679507351014,0.955298542554383,0.479504696683908,0.5,0.468129007596469,0.431539287374405,0.996881286478365,0.665804562207102,0.334195437792898,0.955298542554383,0.479504696683908,0.24499455298506,0.657532496052815,0.0447014574456168,0.0443339031810566,0.479504696683908,-0.00797943060782543,CBCbothPairsAsymRW,CBCdriftDiffusionLR,0.5,0.99177757761014,0.047898070597708,0.016640985297972,0.0667426391937537,1.05805842312879,0.747425963576126,2.63229120264952,0.5,82.0246999391048
CBC_1015,CBC_1015_MSI_TV_v3_Vset5_Tset2_2023-06-25_16h00.28.888.csv,4,26,3,2,b,1,0,3,tac,D,63,1,3D,2D,1,0,b,2.65547820000211,1,0,1,1,3D,2D,D32,3.71357206670431,0.999999999982462,0.467539618399226,0.491679507351014,0.476050964701146,0.42435804843771,0.999999789149299,0.491679507351014,0.468129007596469,0.491679507351014,0.491679507351014,0.99963244573544,0.471525266076083,0.5,0.468129007596469,0.431539287374405,0.996881286478365,0.697890596597578,0.302109403402421,0.996881286478365,0.431539287374405,0.200049104410975,0.68563619780497,0.00311871352163484,0.00309307014174699,0.431539287374405,-0.00718123893669478,CBCbothPairsAsymRW,CBCdriftDiffusionLR,0.5,0.99177757761014,0.047898070597708,0.016640985297972,0.0667426391937537,1.05805842312879,0.747425963576126,2.63229120264952,0.5,82.0246999391048
CBC_1015,CBC_1015_MSI_TV_v3_Vset5_Tset2_2023-06-25_16h00.28.888.csv,4,27,1,0,b,1,0,1,tac,B,63,1,1B,0B,1,0,z,2.22857990000193,0,1,0,0,0B,1B,B10,2.63905732961526,0.999999999982462,0.467539618399226,0.491679507351014,0.476050964701146,0.42435804843771,0.999999789149299,0.491679507351014,0.468129007596469,0.491679507351014,0.491679507351014,0.99963244573544,0.471525266076083,0.5,0.468129007596469,0.42435804843771,0.999974356620112,0.297929380693135,0.702070619306865,0.42435804843771,0.999999789149299,0.124906262464863,0.310803319149828,-0.42435804843771,-0.020325931762775,-2.10850700899101e-07,1.40727322538588e-08,CBCbothPairsAsymRW,CBCdriftDiffusionLR,0.5,0.99177757761014,0.047898070597708,0.016640985297972,0.0667426391937537,1.05805842312879,0.747425963576126,2.63229120264952,0.5,82.0246999391048
CBC_1015,CBC_1015_MSI_TV_v3_Vset5_Tset2_2023-06-25_16h00.28.888.csv,4,28,2,0,z,0,1,2,tac,A,27,1,2A,0A,NaN,NaN,None,NaN,NaN,NaN,NaN,NaN,,,A20,3.76120011569356,0.999999999982462,0.467539618399226,0.491679507351014,0.476050964701146,0.404032116674935,0.999999803222031,0.491679507351014,0.468129007596469,0.491679507351014,0.491679507351014,0.99963244573544,0.471525266076083,0.5,0.468129007596469,0.42435804843771,0.999974356620112,0,0,0,0,NaN,0,0,0,0,0,CBCbothPairsAsymRW,CBCdriftDiffusionLR,0.5,0.99177757761014,0.047898070597708,0.016640985297972,0.0667426391937537,1.05805842312879,0.747425963576126,2.63229120264952,0.5,82.0246999391048
CBC_1015,CBC_1015_MSI_TV_v3_Vset5_Tset2_2023-06-25_16h00.28.888.csv,4,29,3,1,b,1,0,3,tac,D,27,1,3D,1D,1,0,b,2.39075229999798,1,0,1,1,3D,1D,D31,3.09104245335832,0.999999999982462,0.467539618399226,0.491679507351014,0.476050964701146,0.404032116674935,0.999999803222031,0.491679507351014,0.468129007596469,0.491679507351014,0.491679507351014,0.99963244573544,0.471525266076083,0.5,0.468129007596469,0.42435804843771,0.999974356620112,0.681133482146691,0.318866517853309,0.999974356620112,0.468129007596469,0.238444872362656,0.671312250098424,2.5643379887863e-05,2.54325291869214e-05,0.468129007596469,-0.00779012793296705,CBCbothPairsAsymRW,CBCdriftDiffusionLR,0.5,0.99177757761014,0.047898070597708,0.016640985297972,0.0667426391937537,1.05805842312879,0.747425963576126,2.63229120264952,0.5,82.0246999391048
CBC_1015,CBC_1015_MSI_TV_v3_Vset5_Tset2_2023-06-25_16h00.28.888.csv,4,30,0,1,b,1,0,2,tac,A,63,1,0A,1A,1,0,b,3.806262099999,1,0,1,1,0A,1A,A01,3.11351530921037,0.999999999982462,0.467539618399226,0.491679507351014,0.476050964701146,0.404032116674935,0.999999803222031,0.491679507351014,0.468129007596469,0.491679507351014,0.491679507351014,0.99963244573544,0.471525266076083,0.5,0.460338879663502,0.42435804843771,0.999999789149299,0.681412608870621,0.318587391129379,0.999999999982462,0.467539618399226,0.0826661723035196,0.670679564585473,1.75376380084913e-11,1.7393436141065e-11,0.467539618399226,-0.00778031991600095,CBCbothPairsAsymRW,CBCdriftDiffusionLR,0.5,0.99177757761014,0.047898070597708,0.016640985297972,0.0667426391937537,1.05805842312879,0.747425963576126,2.63229120264952,0.5,82.0246999391048
CBC_1015,CBC_1015_MSI_TV_v3_Vset5_Tset2_2023-06-25_16h00.28.888.csv,4,31,0,2,z,0,1,0,tac,C,27,1,0C,2C,0,1,b,2.38648430000103,1,0,0,0,0C,2C,C02,3.8286413964891,0.999999999999856,0.459759298483225,0.491679507351014,0.476050964701146,0.404032116674935,0.999999803222031,0.491679507351014,0.468129007596469,0.491679507351014,0.491679507351014,0.99963244573544,0.471525266076083,0.5,0.460338879663502,0.42435804843771,0.999999789149299,0.329695947473245,0.670304052526755,0.491679507351014,0.99963244573544,0.120080452428795,0.337455353072971,-0.491679507351014,-0.0235504997545452,-0.000367554264560255,2.45315416636706e-05,CBCbothPairsAsymRW,CBCdriftDiffusionLR,0.5,0.99177757761014,0.047898070597708,0.016640985297972,0.0667426391937537,1.05805842312879,0.747425963576126,2.63229120264952,0.5,82.0246999391048
CBC_1015,CBC_1015_MSI_TV_v3_Vset5_Tset2_2023-06-25_16h00.28.888.csv,4,32,3,2,b,1,0,3,tac,D,63,1,3D,2D,1,0,b,5.06498989999818,1,0,1,1,3D,2D,D32,3.15700042115011,0.999999999999856,0.459759298483225,0.491679507351014,0.476050964701146,0.404032116674935,0.999999803222031,0.491679507351014,0.468129007596469,0.468129007596469,0.491679507351014,0.999656977277103,0.471525266076083,0.5,0.460338879663502,0.42435804843771,0.999999789149299,0.702070619306865,0.297929380693135,0.999999789149299,0.42435804843771,0.0323898042490612,0.689172669994387,2.10850700899101e-07,2.09116997375111e-07,0.42435804843771,-0.00706173604512802,CBCbothPairsAsymRW,CBCdriftDiffusionLR,0.5,0.99177757761014,0.047898070597708,0.016640985297972,0.0667426391937537,1.05805842312879,0.747425963576126,2.63229120264952,0.5,82.0246999391048
CBC_1015,CBC_1015_MSI_TV_v3_Vset5_Tset2_2023-06-25_16h00.28.888.csv,4,33,0,1,z,0,1,1,tac,B,63,1,0B,1B,0,1,b,1.75207060000321,1,0,0,0,0B,1B,B01,2.77258872223978,0.999999999999856,0.459759298483225,0.491679507351014,0.476050964701146,0.404032116674935,0.999999803222031,0.491679507351014,0.468129007596469,0.468129007596469,0.491679507351014,0.999656977277103,0.471525266076083,0.5,0.460338879663502,0.417296312392582,0.999999998266296,0.287765620531323,0.712234379468677,0.404032116674935,0.999999803222031,0.166140902500374,0.303297632699025,-0.404032116674935,-0.0193523588482374,-1.96777968697326e-07,1.31334809660454e-08,CBCbothPairsAsymRW,CBCdriftDiffusionLR,0.5,0.99177757761014,0.047898070597708,0.016640985297972,0.0667426391937537,1.05805842312879,0.747425963576126,2.63229120264952,0.5,82.0246999391048
CBC_1015,CBC_1015_MSI_TV_v3_Vset5_Tset2_2023-06-25_16h00.28.888.csv,4,34,1,0,z,0,1,2,tac,A,63,1,1A,0A,0,1,z,3.07736740000109,0,1,1,1,0A,1A,A10,2.50552593699074,0.999999999999856,0.459759298483225,0.491679507351014,0.476050964701146,0.384679757826698,0.999999816355512,0.491679507351014,0.468129007596469,0.468129007596469,0.491679507351014,0.999656977277103,0.471525266076083,0.5,0.460338879663502,0.417296312392582,0.999999998266296,0.685044446052861,0.314955553947138,0.999999999999856,0.459759298483225,0.143389009736482,0.674514237407931,1.44217970898808e-13,1.43032149825869e-13,0.459759298483225,-0.00765084772666526,CBCbothPairsAsymRW,CBCdriftDiffusionLR,0.5,0.99177757761014,0.047898070597708,0.016640985297972,0.0667426391937537,1.05805842312879,0.747425963576126,2.63229120264952,0.5,82.0246999391048
CBC_1015,CBC_1015_MSI_TV_v3_Vset5_Tset2_2023-06-25_16h00.28.888.csv,4,35,3,2,b,1,0,3,tac,D,63,0,3D,2D,0,1,b,1.72018090000347,1,0,1,0,3D,2D,D32,2.81341071676004,0.999999999999999,0.45210845075656,0.491679507351014,0.476050964701146,0.384679757826698,0.999999816355512,0.491679507351014,0.468129007596469,0.468129007596469,0.491679507351014,0.999656977277103,0.471525266076083,0.5,0.460338879663502,0.417296312392582,0.999999998266296,0.705568758449256,0.294431241550744,0.999999998266296,0.417296312392582,0.382929918072316,0.692311236072472,-0.999999998266296,-0.047898070514667,-0.582703687607418,0.0388911819788516,CBCbothPairsAsymRW,CBCdriftDiffusionLR,0.5,0.99177757761014,0.047898070597708,0.016640985297972,0.0667426391937537,1.05805842312879,0.747425963576126,2.63229120264952,0.5,82.0246999391048
CBC_1015,CBC_1015_MSI_TV_v3_Vset5_Tset2_2023-06-25_16h00.28.888.csv,4,36,0,2,z,0,1,0,tac,C,27,1,0C,2C,0,1,z,2.8514224999999,0,1,1,1,2C,0C,C02,3.23867845216438,0.999999999999999,0.45210845075656,0.491679507351014,0.476050964701146,0.384679757826698,0.999999816355512,0.491679507351014,0.468129007596469,0.468129007596469,0.491679507351014,0.999656977277103,0.471525266076083,0.5,0.460338879663502,0.456187494371434,0.952101927751629,0.68106453364399,0.31893546635601,0.999656977277103,0.468129007596469,0.169064179666761,0.671157606260355,0.000343022722896547,0.000340202245179571,0.468129007596469,-0.00779012793296705,CBCbothPairsAsymRW,CBCdriftDiffusionLR,0.5,0.99177757761014,0.047898070597708,0.016640985297972,0.0667426391937537,1.05805842312879,0.747425963576126,2.63229120264952,0.5,82.0246999391048
CBC_1015,CBC_1015_MSI_TV_v3_Vset5_Tset2_2023-06-25_16h00.28.888.csv,4,37,1,0,z,0,1,2,tac,A,63,1,1A,0A,0,1,b,2.55290980000063,1,0,0,0,1A,0A,A10,2.34180580614733,0.999999999999999,0.45210845075656,0.491679507351014,0.476050964701146,0.384679757826698,0.999999816355512,0.491679507351014,0.468129007596469,0.460338879663502,0.491679507351014,0.999997179522283,0.471525266076083,0.5,0.460338879663502,0.456187494371434,0.952101927751629,0.311346201808142,0.688653798191858,0.45210845075656,0.999999999999999,0.101756424079389,0.323040222646552,-0.45210845075656,-0.0216551224921581,-1.22124532708767e-15,8.15091362328702e-17,CBCbothPairsAsymRW,CBCdriftDiffusionLR,0.5,0.99177757761014,0.047898070597708,0.016640985297972,0.0667426391937537,1.05805842312879,0.747425963576126,2.63229120264952,0.5,82.0246999391048
CBC_1015,CBC_1015_MSI_TV_v3_Vset5_Tset2_2023-06-25_16h00.28.888.csv,4,38,3,1,z,0,1,1,tac,B,27,1,3B,1B,0,1,b,2.69317840000076,1,0,0,0,3B,1B,B31,3.27714473299218,0.999999999999999,0.430453328264402,0.491679507351014,0.476050964701146,0.384679757826698,0.999999816355512,0.491679507351014,0.468129007596469,0.460338879663502,0.491679507351014,0.999997179522283,0.471525266076083,0.5,0.460338879663502,0.456187494371434,0.952101927751629,0.318860988190625,0.681139011809375,0.468129007596469,0.999999816355512,0.0931648068858657,0.328566430294766,-0.468129007596469,-0.0224224762546907,-1.83644487727896e-07,1.22569177843447e-08,CBCbothPairsAsymRW,CBCdriftDiffusionLR,0.5,0.99177757761014,0.047898070597708,0.016640985297972,0.0667426391937537,1.05805842312879,0.747425963576126,2.63229120264952,0.5,82.0246999391048
CBC_1015,CBC_1015_MSI_TV_v3_Vset5_Tset2_2023-06-25_16h00.28.888.csv,4,39,2,3,b,1,0,0,tac,C,63,1,2C,3C,1,0,b,1.19651920000251,1,0,1,1,2C,3C,C23,2.60268968544438,0.999999999999999,0.430453328264402,0.491679507351014,0.476050964701146,0.384679757826698,0.99999982861243,0.491679507351014,0.445706531341778,0.460338879663502,0.491679507351014,0.999997179522283,0.471525266076083,0.5,0.460338879663502,0.456187494371434,0.952101927751629,0.679566378694043,0.320433621305957,0.999997179522283,0.471525266076083,0.0277654547325303,0.670353670482757,2.82047771693605e-06,2.79728655780622e-06,0.471525266076083,-0.00784664502039442,CBCbothPairsAsymRW,CBCdriftDiffusionLR,0.5,0.99177757761014,0.047898070597708,0.016640985297972,0.0667426391937537,1.05805842312879,0.747425963576126,2.63229120264952,0.5,82.0246999391048
CBC_1015,CBC_1015_MSI_TV_v3_Vset5_Tset2_2023-06-25_16h00.28.888.csv,4,40,2,3,z,0,1,3,tac,D,63,1,2D,3D,0,1,z,2.63724820000061,0,1,1,1,3D,2D,D23,2.62103882411258,0.999999999999999,0.430453328264402,0.491679507351014,0.476050964701146,0.384679757826698,0.99999982861243,0.491679507351014,0.445706531341778,0.460338879663502,0.491679507351014,0.999999976808841,0.463678621055689,0.5,0.460338879663502,0.456187494371434,0.952101927751629,0.676069785652647,0.323930214347353,0.952101927751629,0.456187494371434,0.197202382783227,0.667122545920434,0.0478980722483705,0.0475042340666844,0.456187494371434,-0.00759140938695371,CBCbothPairsAsymRW,CBCdriftDiffusionLR,0.5,0.99177757761014,0.047898070597708,0.016640985297972,0.0667426391937537,1.05805842312879,0.747425963576126,2.63229120264952,0.5,82.0246999391048
CBC_1015,CBC_1015_MSI_TV_v3_Vset5_Tset2_2023-06-25_16h00.28.888.csv,4,41,1,0,b,1,0,1,tac,B,63,1,1B,0B,1,0,b,3.2222757999989,1,0,1,1,1B,0B,B10,2.63905732961526,0.999999999999999,0.430453328264402,0.491679507351014,0.476050964701146,0.384679757826698,0.99999982861243,0.491679507351014,0.445706531341778,0.460338879663502,0.491679507351014,0.999999976808841,0.463678621055689,0.5,0.460338879663502,0.44859608498448,0.999606161818314,0.722188612012438,0.277811387987562,0.99999982861243,0.384679757826698,0.133398649116227,0.705788543542021,1.71387569913861e-07,1.69978348921658e-07,0.384679757826698,-0.0064014501944215,CBCbothPairsAsymRW,CBCdriftDiffusionLR,0.5,0.99177757761014,0.047898070597708,0.016640985297972,0.0667426391937537,1.05805842312879,0.747425963576126,2.63229120264952,0.5,82.0246999391048
CBC_1015,CBC_1015_MSI_TV_v3_Vset5_Tset2_2023-06-25_16h00.28.888.csv,4,42,0,2,b,1,0,2,tac,A,27,1,0A,2A,1,0,z,3.87274719999914,0,1,0,0,2A,0A,A02,3.3499040872746,0.999999999999999,0.430453328264402,0.491679507351014,0.476050964701146,0.378278307632276,0.999999998590779,0.491679507351014,0.445706531341778,0.460338879663502,0.491679507351014,0.999999976808841,0.463678621055689,0.5,0.460338879663502,0.44859608498448,0.999606161818314,0.329614709411782,0.670385290588218,0.491679507351014,0.999999999999999,0.0398827403493159,0.338486808528644,-0.491679507351014,-0.0235504997545452,-1.11022302462516e-15,7.40992147571547e-17,CBCbothPairsAsymRW,CBCdriftDiffusionLR,0.5,0.99177757761014,0.047898070597708,0.016640985297972,0.0667426391937537,1.05805842312879,0.747425963576126,2.63229120264952,0.5,82.0246999391048
CBC_1015,CBC_1015_MSI_TV_v3_Vset5_Tset2_2023-06-25_16h00.28.888.csv,4,43,0,3,z,0,1,3,tac,D,9,1,0D,3D,0,1,z,2.30880560000151,0,1,1,1,3D,0D,D03,4.06044301054642,0.999999999999999,0.430453328264402,0.468129007596469,0.476050964701146,0.378278307632276,0.999999998590779,0.491679507351014,0.445706531341778,0.460338879663502,0.491679507351014,0.999999976808841,0.463678621055689,0.5,0.460338879663502,0.44859608498448,0.999606161818314,0.666579124085662,0.333420875914338,0.999606161818314,0.5,0.24761931227811,0.657861938523985,0.000393838181686146,0.000390599877803068,0.5,-0.00832049264898599,CBCbothPairsAsymRW,CBCdriftDiffusionLR,0.5,0.99177757761014,0.047898070597708,0.016640985297972,0.0667426391937537,1.05805842312879,0.747425963576126,2.63229120264952,0.5,82.0246999391048
CBC_1015,CBC_1015_MSI_TV_v3_Vset5_Tset2_2023-06-25_16h00.28.888.csv,4,44,2,3,b,1,0,0,tac,C,63,1,2C,3C,1,0,z,2.97398659999817,0,1,0,0,3C,2C,C23,2.46809953147162,0.999999999999999,0.430453328264402,0.468129007596469,0.476050964701146,0.378278307632276,0.999999998590779,0.491679507351014,0.445706531341778,0.460338879663502,0.491679507351014,0.999999976808841,0.463678621055689,0.491679507351014,0.460338879663502,0.44859608498448,0.999996761696117,0.316789916674456,0.683210083325544,0.463678621055689,0.999999976808841,0.0753193059838434,0.32777448260969,-0.463678621055689,-0.0222093113259733,-2.31911591042078e-08,1.54783916457707e-09,CBCbothPairsAsymRW,CBCdriftDiffusionLR,0.5,0.99177757761014,0.047898070597708,0.016640985297972,0.0667426391937537,1.05805842312879,0.747425963576126,2.63229120264952,0.5,82.0246999391048
