ID,filename,session,trial,visStimLeft,visStimRight,correctKey,leftCorrect,rightCorrect,secondStim,mod2Type,mod2Stim,frequency,rewardAccurate,stimPairLeft,stimPairRight,pCorrectLeft,pCorrectRight,key,reactionTime,choiceLeft,choiceRight,choiceAccurate,reward,chosenPair,otherPair,triplet,surprise,0A belief,1A belief,2A belief,3A belief,0B belief,1B belief,2B belief,3B belief,0C belief,1C belief,2C belief,3C belief,0D belief,1D belief,2D belief,3D belief,beliefPairNorm,beliefOtherPairNorm,beliefPair,beliefOtherPair,lik,corrLik,rewardPE,update2,fit_percModel,fit_respModel,fit_startBelief,fit_alpha1,fit_nonDecisionTime,fit_weight,fit_startingBoundary,fit_startingPoint,fit_NLL
CBC_1015,CBC_1015_MSI_AV_v3_Vset1_Aset2_2023-06-25_14h04.10.751.csv,1,1,0,1,z,0,1,1,aud,B,63,1,0B,1B,0,1,b,2.52432620000218,1,0,0,0,0B,1B,B01,2.77258872223978,0.5,0.5,0.5,0.5,0.5,0.5,0.5,0.5,0.5,0.5,0.5,0.5,0.5,0.5,0.5,0.5,0.5,0.5,0.5,0.5,0.115434137490431,0.500737693498536,-0.5,-0.047708622189625,CBCsimpleRW,CBCdriftDiffusionLR_pwBelief,0.5,0.09541724437925,0.673776175137771,4.16764183946562,2.47010087223592,0.5,33.7475249986286
CBC_1015,CBC_1015_MSI_AV_v3_Vset1_Aset2_2023-06-25_14h04.10.751.csv,1,2,1,0,z,0,1,2,aud,A,63,1,1A,0A,0,1,z,1.46392700000069,0,1,1,1,0A,1A,A10,2.83321334405622,0.5,0.5,0.5,0.5,0.452291377810375,0.5,0.5,0.5,0.5,0.5,0.5,0.5,0.5,0.5,0.5,0.5,0.5,0.5,0.5,0.5,0.267059578517922,0.500401567243805,0.5,0.047708622189625,CBCsimpleRW,CBCdriftDiffusionLR_pwBelief,0.5,0.09541724437925,0.673776175137771,4.16764183946562,2.47010087223592,0.5,33.7475249986286
CBC_1015,CBC_1015_MSI_AV_v3_Vset1_Aset2_2023-06-25_14h04.10.751.csv,1,3,2,1,b,1,0,0,aud,C,9,1,2C,1C,1,0,z,2.73696070000187,0,1,0,0,1C,2C,C21,2.89037175789616,0.547708622189625,0.5,0.5,0.5,0.452291377810375,0.5,0.5,0.5,0.5,0.5,0.5,0.5,0.5,0.5,0.5,0.5,0.5,0.5,0.5,0.5,0.0971070616938343,0.500276289868796,-0.5,-0.047708622189625,CBCsimpleRW,CBCdriftDiffusionLR_pwBelief,0.5,0.09541724437925,0.673776175137771,4.16764183946562,2.47010087223592,0.5,33.7475249986286
CBC_1015,CBC_1015_MSI_AV_v3_Vset1_Aset2_2023-06-25_14h04.10.751.csv,1,4,0,1,b,1,0,2,aud,A,63,1,0A,1A,1,0,b,2.26682199999959,1,0,1,1,0A,1A,A01,2.94443897916644,0.547708622189625,0.5,0.5,0.5,0.452291377810375,0.5,0.5,0.5,0.5,0.452291377810375,0.5,0.5,0.5,0.5,0.5,0.5,0.547708622189625,0.452291377810375,0.547708622189625,0.5,0.204685462253183,0.728279545705695,0.452291377810375,0.0431563969271603,CBCsimpleRW,CBCdriftDiffusionLR_pwBelief,0.5,0.09541724437925,0.673776175137771,4.16764183946562,2.47010087223592,0.5,33.7475249986286
CBC_1015,CBC_1015_MSI_AV_v3_Vset1_Aset2_2023-06-25_14h04.10.751.csv,1,5,1,3,z,0,1,3,aud,D,27,1,1D,3D,NaN,NaN,[],NaN,NaN,NaN,NaN,NaN,,,D13,2.99573227355399,0.590865019116785,0.5,0.5,0.5,0.452291377810375,0.5,0.5,0.5,0.5,0.452291377810375,0.5,0.5,0.5,0.5,0.5,0.5,0,0,0,0,NaN,0,0,0,CBCsimpleRW,CBCdriftDiffusionLR_pwBelief,0.5,0.09541724437925,0.673776175137771,4.16764183946562,2.47010087223592,0.5,33.7475249986286
CBC_1015,CBC_1015_MSI_AV_v3_Vset1_Aset2_2023-06-25_14h04.10.751.csv,1,6,1,0,b,1,0,1,aud,B,63,1,1B,0B,1,0,b,1.68916580000223,1,0,1,1,1B,0B,B10,3.04452243772342,0.590865019116785,0.5,0.5,0.5,0.452291377810375,0.5,0.5,0.5,0.5,0.452291377810375,0.5,0.5,0.5,0.5,0.5,0.5,0.547708622189625,0.452291377810375,0.5,0.452291377810375,0.340161311307752,0.72759548208844,0.5,0.047708622189625,CBCsimpleRW,CBCdriftDiffusionLR_pwBelief,0.5,0.09541724437925,0.673776175137771,4.16764183946562,2.47010087223592,0.5,33.7475249986286
CBC_1015,CBC_1015_MSI_AV_v3_Vset1_Aset2_2023-06-25_14h04.10.751.csv,1,7,3,2,z,0,1,0,aud,C,63,1,3C,2C,0,1,z,1.40234740000233,0,1,1,1,2C,3C,C32,3.09104245335832,0.590865019116785,0.5,0.5,0.5,0.452291377810375,0.547708622189625,0.5,0.5,0.5,0.452291377810375,0.5,0.5,0.5,0.5,0.5,0.5,0.5,0.5,0.5,0.5,0.27830123959406,0.50063611718292,0.5,0.047708622189625,CBCsimpleRW,CBCdriftDiffusionLR_pwBelief,0.5,0.09541724437925,0.673776175137771,4.16764183946562,2.47010087223592,0.5,33.7475249986286
CBC_1015,CBC_1015_MSI_AV_v3_Vset1_Aset2_2023-06-25_14h04.10.751.csv,1,8,0,2,b,1,0,2,aud,A,27,1,0A,2A,1,0,b,1.66318180000053,1,0,1,1,0A,2A,A02,3.13549421592915,0.590865019116785,0.5,0.5,0.5,0.452291377810375,0.547708622189625,0.5,0.5,0.5,0.452291377810375,0.547708622189625,0.5,0.5,0.5,0.5,0.5,0.590865019116785,0.409134980883215,0.590865019116785,0.5,0.441668636504169,0.866658211551267,0.409134980883215,0.0390385324550335,CBCsimpleRW,CBCdriftDiffusionLR_pwBelief,0.5,0.09541724437925,0.673776175137771,4.16764183946562,2.47010087223592,0.5,33.7475249986286
CBC_1015,CBC_1015_MSI_AV_v3_Vset1_Aset2_2023-06-25_14h04.10.751.csv,1,9,2,3,z,0,1,3,aud,D,63,1,2D,3D,0,1,z,1.02831110000079,0,1,1,1,3D,2D,D23,3.17805383034795,0.629903551571819,0.5,0.5,0.5,0.452291377810375,0.547708622189625,0.5,0.5,0.5,0.452291377810375,0.547708622189625,0.5,0.5,0.5,0.5,0.5,0.5,0.5,0.5,0.5,0.271528732267771,0.499957395896364,0.5,0.047708622189625,CBCsimpleRW,CBCdriftDiffusionLR_pwBelief,0.5,0.09541724437925,0.673776175137771,4.16764183946562,2.47010087223592,0.5,33.7475249986286
CBC_1015,CBC_1015_MSI_AV_v3_Vset1_Aset2_2023-06-25_14h04.10.751.csv,1,10,1,3,b,1,0,1,aud,B,27,1,1B,3B,1,0,b,1.57242120000046,1,0,1,1,1B,3B,B13,3.2188758248682,0.629903551571819,0.5,0.5,0.5,0.452291377810375,0.547708622189625,0.5,0.5,0.5,0.452291377810375,0.547708622189625,0.5,0.5,0.5,0.5,0.547708622189625,0.547708622189625,0.452291377810375,0.547708622189625,0.5,0.375503255367571,0.727577054591031,0.452291377810375,0.0431563969271603,CBCsimpleRW,CBCdriftDiffusionLR_pwBelief,0.5,0.09541724437925,0.673776175137771,4.16764183946562,2.47010087223592,0.5,33.7475249986286
CBC_1015,CBC_1015_MSI_AV_v3_Vset1_Aset2_2023-06-25_14h04.10.751.csv,1,11,2,3,b,1,0,0,aud,C,63,1,2C,3C,1,0,b,1.45707760000187,1,0,1,1,2C,3C,C23,3.25809653802148,0.629903551571819,0.5,0.5,0.5,0.452291377810375,0.590865019116785,0.5,0.5,0.5,0.452291377810375,0.547708622189625,0.5,0.5,0.5,0.5,0.547708622189625,0.547708622189625,0.452291377810375,0.547708622189625,0.5,0.412240449746685,0.728105006254093,0.452291377810375,0.0431563969271603,CBCsimpleRW,CBCdriftDiffusionLR_pwBelief,0.5,0.09541724437925,0.673776175137771,4.16764183946562,2.47010087223592,0.5,33.7475249986286
CBC_1015,CBC_1015_MSI_AV_v3_Vset1_Aset2_2023-06-25_14h04.10.751.csv,1,12,3,1,z,0,1,1,aud,B,27,1,3B,1B,0,1,b,1.69139600000017,1,0,0,0,3B,1B,B31,3.29583686600433,0.629903551571819,0.5,0.5,0.5,0.452291377810375,0.590865019116785,0.5,0.5,0.5,0.452291377810375,0.590865019116785,0.5,0.5,0.5,0.5,0.547708622189625,0.409134980883215,0.590865019116785,0.5,0.590865019116785,0.0657553402887296,0.132943426291744,-0.5,-0.047708622189625,CBCsimpleRW,CBCdriftDiffusionLR_pwBelief,0.5,0.09541724437925,0.673776175137771,4.16764183946562,2.47010087223592,0.5,33.7475249986286
CBC_1015,CBC_1015_MSI_AV_v3_Vset1_Aset2_2023-06-25_14h04.10.751.csv,1,13,2,3,b,1,0,0,aud,C,63,1,2C,3C,1,0,b,1.49689020000005,1,0,1,1,2C,3C,C23,2.63905732961526,0.629903551571819,0.5,0.5,0.5,0.452291377810375,0.590865019116785,0.5,0.452291377810375,0.5,0.452291377810375,0.590865019116785,0.5,0.5,0.5,0.5,0.547708622189625,0.590865019116785,0.409134980883215,0.590865019116785,0.5,0.524569501219173,0.86642069967935,0.409134980883215,0.0390385324550335,CBCsimpleRW,CBCdriftDiffusionLR_pwBelief,0.5,0.09541724437925,0.673776175137771,4.16764183946562,2.47010087223592,0.5,33.7475249986286
CBC_1015,CBC_1015_MSI_AV_v3_Vset1_Aset2_2023-06-25_14h04.10.751.csv,1,14,2,3,z,0,1,3,aud,D,63,1,2D,3D,0,1,z,1.26140289999967,0,1,1,1,3D,2D,D23,2.67414864942653,0.629903551571819,0.5,0.5,0.5,0.452291377810375,0.590865019116785,0.5,0.452291377810375,0.5,0.452291377810375,0.629903551571819,0.5,0.5,0.5,0.5,0.547708622189625,0.547708622189625,0.452291377810375,0.547708622189625,0.5,0.465413752845149,0.726978139385721,0.452291377810375,0.0431563969271603,CBCsimpleRW,CBCdriftDiffusionLR_pwBelief,0.5,0.09541724437925,0.673776175137771,4.16764183946562,2.47010087223592,0.5,33.7475249986286
CBC_1015,CBC_1015_MSI_AV_v3_Vset1_Aset2_2023-06-25_14h04.10.751.csv,1,15,3,0,z,0,1,2,aud,A,9,1,3A,0A,0,1,z,1.63343460000033,0,1,1,1,0A,3A,A30,3.40119738166216,0.629903551571819,0.5,0.5,0.5,0.452291377810375,0.590865019116785,0.5,0.452291377810375,0.5,0.452291377810375,0.629903551571819,0.5,0.5,0.5,0.5,0.590865019116785,0.629903551571819,0.370096448428181,0.629903551571819,0.5,0.511082298646737,0.93555030938312,0.370096448428181,0.0353135832635643,CBCsimpleRW,CBCdriftDiffusionLR_pwBelief,0.5,0.09541724437925,0.673776175137771,4.16764183946562,2.47010087223592,0.5,33.7475249986286
CBC_1015,CBC_1015_MSI_AV_v3_Vset1_Aset2_2023-06-25_14h04.10.751.csv,1,16,1,0,b,1,0,1,aud,B,63,0,1B,0B,0,1,b,1.49506970000039,1,0,1,0,1B,0B,B10,2.7408400239252,0.665217134835383,0.5,0.5,0.5,0.452291377810375,0.590865019116785,0.5,0.452291377810375,0.5,0.452291377810375,0.629903551571819,0.5,0.5,0.5,0.5,0.590865019116785,0.636211705880636,0.363788294119364,0.590865019116785,0.452291377810375,0.625160171236075,0.943043786460288,-0.590865019116785,-0.0563787119242165,CBCsimpleRW,CBCdriftDiffusionLR_pwBelief,0.5,0.09541724437925,0.673776175137771,4.16764183946562,2.47010087223592,0.5,33.7475249986286
CBC_1015,CBC_1015_MSI_AV_v3_Vset1_Aset2_2023-06-25_14h04.10.751.csv,1,17,3,2,b,1,0,3,aud,D,63,1,3D,2D,1,0,b,1.79137439999977,1,0,1,1,3D,2D,D32,3.46573590279973,0.665217134835383,0.5,0.5,0.5,0.452291377810375,0.534486307192569,0.5,0.452291377810375,0.5,0.452291377810375,0.629903551571819,0.5,0.5,0.5,0.5,0.590865019116785,0.590865019116785,0.409134980883215,0.590865019116785,0.5,0.384885364854529,0.866699650384729,0.409134980883215,0.0390385324550335,CBCsimpleRW,CBCdriftDiffusionLR_pwBelief,0.5,0.09541724437925,0.673776175137771,4.16764183946562,2.47010087223592,0.5,33.7475249986286
CBC_1015,CBC_1015_MSI_AV_v3_Vset1_Aset2_2023-06-25_14h04.10.751.csv,1,18,2,0,b,1,0,0,aud,C,27,1,2C,0C,1,0,b,1.73051099999975,1,0,1,1,2C,0C,C20,3.49650756146648,0.665217134835383,0.5,0.5,0.5,0.452291377810375,0.534486307192569,0.5,0.452291377810375,0.5,0.452291377810375,0.629903551571819,0.5,0.5,0.5,0.5,0.629903551571819,0.629903551571819,0.370096448428181,0.629903551571819,0.5,0.447604820729268,0.935557969795303,0.370096448428181,0.0353135832635643,CBCsimpleRW,CBCdriftDiffusionLR_pwBelief,0.5,0.09541724437925,0.673776175137771,4.16764183946562,2.47010087223592,0.5,33.7475249986286
CBC_1015,CBC_1015_MSI_AV_v3_Vset1_Aset2_2023-06-25_14h04.10.751.csv,1,19,1,0,z,0,1,2,aud,A,63,1,1A,0A,0,1,z,1.61363990000063,0,1,1,1,0A,1A,A10,2.83321334405622,0.665217134835383,0.5,0.5,0.5,0.452291377810375,0.534486307192569,0.5,0.452291377810375,0.5,0.452291377810375,0.665217134835383,0.5,0.5,0.5,0.5,0.629903551571819,0.665217134835383,0.334782865164617,0.665217134835383,0.5,0.537258449288104,0.967825134414695,0.334782865164617,0.0319440584593978,CBCsimpleRW,CBCdriftDiffusionLR_pwBelief,0.5,0.09541724437925,0.673776175137771,4.16764183946562,2.47010087223592,0.5,33.7475249986286
CBC_1015,CBC_1015_MSI_AV_v3_Vset1_Aset2_2023-06-25_14h04.10.751.csv,1,20,0,1,z,0,1,1,aud,B,63,1,0B,1B,0,1,z,1.7023678000005,0,1,1,1,1B,0B,B01,2.86220088092947,0.697161193294781,0.5,0.5,0.5,0.452291377810375,0.534486307192569,0.5,0.452291377810375,0.5,0.452291377810375,0.665217134835383,0.5,0.5,0.5,0.5,0.629903551571819,0.581657526761342,0.418342473238658,0.534486307192569,0.452291377810375,0.407855637808607,0.843297002186264,0.465513692807431,0.0444180337884938,CBCsimpleRW,CBCdriftDiffusionLR_pwBelief,0.5,0.09541724437925,0.673776175137771,4.16764183946562,2.47010087223592,0.5,33.7475249986286
CBC_1015,CBC_1015_MSI_AV_v3_Vset1_Aset2_2023-06-25_14h04.10.751.csv,1,21,3,1,b,1,0,3,aud,D,27,1,3D,1D,1,0,b,0.98094250000031,1,0,1,1,3D,1D,D31,3.58351893845611,0.697161193294781,0.5,0.5,0.5,0.452291377810375,0.578904340981063,0.5,0.452291377810375,0.5,0.452291377810375,0.665217134835383,0.5,0.5,0.5,0.5,0.629903551571819,0.629903551571819,0.370096448428181,0.629903551571819,0.5,0.768383070143985,0.935430911263565,0.370096448428181,0.0353135832635643,CBCsimpleRW,CBCdriftDiffusionLR_pwBelief,0.5,0.09541724437925,0.673776175137771,4.16764183946562,2.47010087223592,0.5,33.7475249986286
CBC_1015,CBC_1015_MSI_AV_v3_Vset1_Aset2_2023-06-25_14h04.10.751.csv,1,22,2,3,b,1,0,0,aud,C,63,1,2C,3C,1,0,b,1.55602700000054,1,0,1,1,2C,3C,C23,2.51230562397611,0.697161193294781,0.5,0.5,0.5,0.452291377810375,0.578904340981063,0.5,0.452291377810375,0.5,0.452291377810375,0.665217134835383,0.5,0.5,0.5,0.5,0.665217134835383,0.665217134835383,0.334782865164617,0.665217134835383,0.5,0.592683502189309,0.967845463902626,0.334782865164617,0.0319440584593978,CBCsimpleRW,CBCdriftDiffusionLR_pwBelief,0.5,0.09541724437925,0.673776175137771,4.16764183946562,2.47010087223592,0.5,33.7475249986286
CBC_1015,CBC_1015_MSI_AV_v3_Vset1_Aset2_2023-06-25_14h04.10.751.csv,1,23,1,0,z,0,1,2,aud,A,63,1,1A,0A,0,1,z,1.0041895000013,0,1,1,1,0A,1A,A10,2.53897387105828,0.697161193294781,0.5,0.5,0.5,0.452291377810375,0.578904340981063,0.5,0.452291377810375,0.5,0.452291377810375,0.697161193294781,0.5,0.5,0.5,0.5,0.665217134835383,0.697161193294781,0.302838806705219,0.697161193294781,0.5,1.25595220379769,0.982994202759181,0.302838806705219,0.0288960444269124,CBCsimpleRW,CBCdriftDiffusionLR_pwBelief,0.5,0.09541724437925,0.673776175137771,4.16764183946562,2.47010087223592,0.5,33.7475249986286
CBC_1015,CBC_1015_MSI_AV_v3_Vset1_Aset2_2023-06-25_14h04.10.751.csv,1,24,3,2,b,1,0,3,aud,D,63,1,3D,2D,1,0,b,0.91560009999921,1,0,1,1,3D,2D,D32,2.9704144655697,0.726057237721693,0.5,0.5,0.5,0.452291377810375,0.578904340981063,0.5,0.452291377810375,0.5,0.452291377810375,0.697161193294781,0.5,0.5,0.5,0.5,0.665217134835383,0.665217134835383,0.334782865164617,0.665217134835383,0.5,0.770384662427944,0.967753469981708,0.334782865164617,0.0319440584593978,CBCsimpleRW,CBCdriftDiffusionLR_pwBelief,0.5,0.09541724437925,0.673776175137771,4.16764183946562,2.47010087223592,0.5,33.7475249986286
CBC_1015,CBC_1015_MSI_AV_v3_Vset1_Aset2_2023-06-25_14h04.10.751.csv,1,25,0,2,z,0,1,0,aud,C,27,1,0C,2C,0,1,z,1.39365480000015,0,1,1,1,2C,0C,C02,3.68887945411394,0.726057237721693,0.5,0.5,0.5,0.452291377810375,0.578904340981063,0.5,0.452291377810375,0.5,0.452291377810375,0.697161193294781,0.5,0.5,0.5,0.5,0.697161193294781,0.697161193294781,0.302838806705219,0.697161193294781,0.5,0.804616221700583,0.982979217193389,0.302838806705219,0.0288960444269124,CBCsimpleRW,CBCdriftDiffusionLR_pwBelief,0.5,0.09541724437925,0.673776175137771,4.16764183946562,2.47010087223592,0.5,33.7475249986286
CBC_1015,CBC_1015_MSI_AV_v3_Vset1_Aset2_2023-06-25_14h04.10.751.csv,1,26,1,0,z,0,1,2,aud,A,63,1,1A,0A,0,1,z,1.15629660000013,0,1,1,1,0A,1A,A10,2.32727770558442,0.726057237721693,0.5,0.5,0.5,0.452291377810375,0.578904340981063,0.5,0.452291377810375,0.5,0.452291377810375,0.726057237721693,0.5,0.5,0.5,0.5,0.697161193294781,0.726057237721693,0.273942762278307,0.726057237721693,0.5,1.31667618836234,0.990560674875287,0.273942762278307,0.026138863494236,CBCsimpleRW,CBCdriftDiffusionLR_pwBelief,0.5,0.09541724437925,0.673776175137771,4.16764183946562,2.47010087223592,0.5,33.7475249986286
CBC_1015,CBC_1015_MSI_AV_v3_Vset1_Aset2_2023-06-25_14h04.10.751.csv,1,27,3,1,z,0,1,1,aud,B,27,1,3B,1B,0,1,z,2.31092340000214,0,1,1,1,1B,3B,B31,3.04452243772342,0.752196101215929,0.5,0.5,0.5,0.452291377810375,0.578904340981063,0.5,0.452291377810375,0.5,0.452291377810375,0.726057237721693,0.5,0.5,0.5,0.5,0.697161193294781,0.624734748542987,0.375265251457013,0.578904340981063,0.452291377810375,0.204227122635804,0.92870037776163,0.421095659018937,0.0401797874036513,CBCsimpleRW,CBCdriftDiffusionLR_pwBelief,0.5,0.09541724437925,0.673776175137771,4.16764183946562,2.47010087223592,0.5,33.7475249986286
CBC_1015,CBC_1015_MSI_AV_v3_Vset1_Aset2_2023-06-25_14h04.10.751.csv,1,28,2,3,b,1,0,0,aud,C,63,1,2C,3C,1,0,b,1.29104460000053,1,0,1,1,2C,3C,C23,2.37490575457367,0.752196101215929,0.5,0.5,0.5,0.452291377810375,0.619084128384714,0.5,0.452291377810375,0.5,0.452291377810375,0.726057237721693,0.5,0.5,0.5,0.5,0.697161193294781,0.726057237721693,0.273942762278307,0.726057237721693,0.5,1.01155125101544,0.990563476300381,0.273942762278307,0.026138863494236,CBCsimpleRW,CBCdriftDiffusionLR_pwBelief,0.5,0.09541724437925,0.673776175137771,4.16764183946562,2.47010087223592,0.5,33.7475249986286
CBC_1015,CBC_1015_MSI_AV_v3_Vset1_Aset2_2023-06-25_14h04.10.751.csv,1,29,2,3,z,0,1,3,aud,D,63,1,2D,3D,0,1,z,1.84193679999953,0,1,1,1,3D,2D,D23,2.68557734525015,0.752196101215929,0.5,0.5,0.5,0.452291377810375,0.619084128384714,0.5,0.452291377810375,0.5,0.452291377810375,0.752196101215929,0.5,0.5,0.5,0.5,0.697161193294781,0.697161193294781,0.302838806705219,0.697161193294781,0.5,0.314120267067985,0.983035107014983,0.302838806705219,0.0288960444269124,CBCsimpleRW,CBCdriftDiffusionLR_pwBelief,0.5,0.09541724437925,0.673776175137771,4.16764183946562,2.47010087223592,0.5,33.7475249986286
CBC_1015,CBC_1015_MSI_AV_v3_Vset1_Aset2_2023-06-25_14h04.10.751.csv,1,30,1,0,b,1,0,1,aud,B,63,1,1B,0B,1,0,b,0.98671640000066,1,0,1,1,1B,0B,B10,2.70805020110221,0.752196101215929,0.5,0.5,0.5,0.452291377810375,0.619084128384714,0.5,0.452291377810375,0.5,0.452291377810375,0.752196101215929,0.5,0.5,0.5,0.5,0.726057237721693,0.663086550211916,0.336913449788084,0.619084128384714,0.452291377810375,0.98812638491971,0.966422347899284,0.380915871615286,0.0363459428098508,CBCsimpleRW,CBCdriftDiffusionLR_pwBelief,0.5,0.09541724437925,0.673776175137771,4.16764183946562,2.47010087223592,0.5,33.7475249986286
CBC_1015,CBC_1015_MSI_AV_v3_Vset1_Aset2_2023-06-25_14h04.10.751.csv,1,31,0,2,b,1,0,2,aud,A,27,1,0A,2A,1,0,b,1.07892820000052,1,0,1,1,0A,2A,A02,3.13549421592915,0.752196101215929,0.5,0.5,0.5,0.452291377810375,0.655430071194565,0.5,0.452291377810375,0.5,0.452291377810375,0.752196101215929,0.5,0.5,0.5,0.5,0.726057237721693,0.752196101215929,0.247803898784071,0.752196101215929,0.5,1.59403189163483,0.99448071569282,0.247803898784071,0.0236447651684106,CBCsimpleRW,CBCdriftDiffusionLR_pwBelief,0.5,0.09541724437925,0.673776175137771,4.16764183946562,2.47010087223592,0.5,33.7475249986286
CBC_1015,CBC_1015_MSI_AV_v3_Vset1_Aset2_2023-06-25_14h04.10.751.csv,1,32,0,3,z,0,1,3,aud,D,9,1,0D,3D,0,1,z,1.21289240000078,0,1,1,1,3D,0D,D03,3.85014760171006,0.77584086638434,0.5,0.5,0.5,0.452291377810375,0.655430071194565,0.5,0.452291377810375,0.5,0.452291377810375,0.752196101215929,0.5,0.5,0.5,0.5,0.726057237721693,0.726057237721693,0.273942762278307,0.726057237721693,0.5,1.19042421934895,0.990569896018965,0.273942762278307,0.026138863494236,CBCsimpleRW,CBCdriftDiffusionLR_pwBelief,0.5,0.09541724437925,0.673776175137771,4.16764183946562,2.47010087223592,0.5,33.7475249986286
CBC_1015,CBC_1015_MSI_AV_v3_Vset1_Aset2_2023-06-25_14h04.10.751.csv,1,33,2,3,b,1,0,0,aud,C,63,1,2C,3C,1,0,b,1.29875210000137,1,0,1,1,2C,3C,C23,2.26176309847379,0.77584086638434,0.5,0.5,0.5,0.452291377810375,0.655430071194565,0.5,0.452291377810375,0.5,0.452291377810375,0.752196101215929,0.5,0.5,0.5,0.5,0.752196101215929,0.752196101215929,0.247803898784071,0.752196101215929,0.5,0.992203164164967,0.994460740540687,0.247803898784071,0.0236447651684106,CBCsimpleRW,CBCdriftDiffusionLR_pwBelief,0.5,0.09541724437925,0.673776175137771,4.16764183946562,2.47010087223592,0.5,33.7475249986286
CBC_1015,CBC_1015_MSI_AV_v3_Vset1_Aset2_2023-06-25_14h04.10.751.csv,1,34,1,0,b,1,0,1,aud,B,63,1,1B,0B,1,0,b,1.40769980000005,1,0,1,1,1B,0B,B10,2.50552593699074,0.77584086638434,0.5,0.5,0.5,0.452291377810375,0.655430071194565,0.5,0.452291377810375,0.5,0.452291377810375,0.77584086638434,0.5,0.5,0.5,0.5,0.752196101215929,0.697286884599807,0.302713115400193,0.655430071194565,0.452291377810375,0.782653538939325,0.983093440176365,0.344569928805435,0.032877913102569,CBCsimpleRW,CBCdriftDiffusionLR_pwBelief,0.5,0.09541724437925,0.673776175137771,4.16764183946562,2.47010087223592,0.5,33.7475249986286
CBC_1015,CBC_1015_MSI_AV_v3_Vset1_Aset2_2023-06-25_14h04.10.751.csv,1,35,1,0,z,0,1,2,aud,A,63,0,1A,0A,1,0,z,0.956867000000784,0,1,1,0,0A,1A,A10,2.30258509299405,0.77584086638434,0.5,0.5,0.5,0.452291377810375,0.688307984297134,0.5,0.452291377810375,0.5,0.452291377810375,0.77584086638434,0.5,0.5,0.5,0.5,0.752196101215929,0.77584086638434,0.22415913361566,0.77584086638434,0.5,1.79051146803361,0.996596571491086,-0.77584086638434,-0.0740285975472036,CBCsimpleRW,CBCdriftDiffusionLR_pwBelief,0.5,0.09541724437925,0.673776175137771,4.16764183946562,2.47010087223592,0.5,33.7475249986286
CBC_1015,CBC_1015_MSI_AV_v3_Vset1_Aset2_2023-06-25_14h04.10.751.csv,1,36,3,2,b,1,0,3,aud,D,63,1,3D,2D,1,0,b,1.00527800000054,1,0,1,1,3D,2D,D32,2.83321334405622,0.701812268837136,0.5,0.5,0.5,0.452291377810375,0.688307984297134,0.5,0.452291377810375,0.5,0.452291377810375,0.77584086638434,0.5,0.5,0.5,0.5,0.752196101215929,0.752196101215929,0.247803898784071,0.752196101215929,0.5,1.66663335913158,0.994455390032959,0.247803898784071,0.0236447651684106,CBCsimpleRW,CBCdriftDiffusionLR_pwBelief,0.5,0.09541724437925,0.673776175137771,4.16764183946562,2.47010087223592,0.5,33.7475249986286
CBC_1015,CBC_1015_MSI_AV_v3_Vset1_Aset2_2023-06-25_14h04.10.751.csv,1,37,2,1,z,0,1,1,aud,B,9,1,2B,1B,0,1,z,2.9276387000009,0,1,1,1,1B,2B,B21,3.95124371858143,0.701812268837136,0.5,0.5,0.5,0.452291377810375,0.688307984297134,0.5,0.452291377810375,0.5,0.452291377810375,0.77584086638434,0.5,0.5,0.5,0.5,0.77584086638434,0.688307984297134,0.311692015702866,0.688307984297134,0.5,0.0360014773481662,0.979701647270025,0.311692015702866,0.0297407932333814,CBCsimpleRW,CBCdriftDiffusionLR_pwBelief,0.5,0.09541724437925,0.673776175137771,4.16764183946562,2.47010087223592,0.5,33.7475249986286
CBC_1015,CBC_1015_MSI_AV_v3_Vset1_Aset2_2023-06-25_14h04.10.751.csv,1,38,0,2,b,1,0,2,aud,A,27,1,0A,2A,1,0,b,0.959470800002237,1,0,1,1,0A,2A,A02,2.87167962488401,0.701812268837136,0.5,0.5,0.5,0.452291377810375,0.718048777530515,0.5,0.452291377810375,0.5,0.452291377810375,0.77584086638434,0.5,0.5,0.5,0.5,0.77584086638434,0.701812268837136,0.298187731162864,0.701812268837136,0.5,1.19091739549827,0.984533425050323,0.298187731162864,0.0284522516152611,CBCsimpleRW,CBCdriftDiffusionLR_pwBelief,0.5,0.09541724437925,0.673776175137771,4.16764183946562,2.47010087223592,0.5,33.7475249986286
CBC_1015,CBC_1015_MSI_AV_v3_Vset1_Aset2_2023-06-25_14h04.10.751.csv,1,39,3,2,z,0,1,0,aud,C,63,1,3C,2C,0,1,z,2.24434070000098,0,1,1,1,2C,3C,C32,3.29583686600433,0.730264520452397,0.5,0.5,0.5,0.452291377810375,0.718048777530515,0.5,0.452291377810375,0.5,0.452291377810375,0.77584086638434,0.5,0.5,0.5,0.5,0.77584086638434,0.77584086638434,0.22415913361566,0.77584086638434,0.5,0.0390144890231869,0.996588544960738,0.22415913361566,0.0213886468320464,CBCsimpleRW,CBCdriftDiffusionLR_pwBelief,0.5,0.09541724437925,0.673776175137771,4.16764183946562,2.47010087223592,0.5,33.7475249986286
CBC_1015,CBC_1015_MSI_AV_v3_Vset1_Aset2_2023-06-25_14h04.10.751.csv,1,40,3,1,b,1,0,3,aud,D,27,1,3D,1D,1,0,b,0.79406519999975,1,0,1,1,3D,1D,D31,3.31418600467253,0.730264520452397,0.5,0.5,0.5,0.452291377810375,0.718048777530515,0.5,0.452291377810375,0.5,0.452291377810375,0.797229513216386,0.5,0.5,0.5,0.5,0.77584086638434,0.77584086638434,0.22415913361566,0.77584086638434,0.5,0.259614609555029,0.99660557493292,0.22415913361566,0.0213886468320464,CBCsimpleRW,CBCdriftDiffusionLR_pwBelief,0.5,0.09541724437925,0.673776175137771,4.16764183946562,2.47010087223592,0.5,33.7475249986286
CBC_1015,CBC_1015_MSI_AV_v3_Vset1_Aset2_2023-06-25_14h04.10.751.csv,1,41,1,0,z,0,1,2,aud,A,63,1,1A,0A,0,1,z,1.45676240000103,0,1,1,1,0A,1A,A10,2.23359222150709,0.730264520452397,0.5,0.5,0.5,0.452291377810375,0.718048777530515,0.5,0.452291377810375,0.5,0.452291377810375,0.797229513216386,0.5,0.5,0.5,0.5,0.797229513216386,0.730264520452397,0.269735479547603,0.730264520452397,0.5,0.67850277425819,0.991343386354685,0.269735479547603,0.0257374161697478,CBCsimpleRW,CBCdriftDiffusionLR_pwBelief,0.5,0.09541724437925,0.673776175137771,4.16764183946562,2.47010087223592,0.5,33.7475249986286
CBC_1015,CBC_1015_MSI_AV_v3_Vset1_Aset2_2023-06-25_14h04.10.751.csv,1,42,2,0,b,1,0,0,aud,C,27,1,2C,0C,1,0,b,1.21518610000203,1,0,1,1,2C,0C,C20,3.3499040872746,0.756001936622145,0.5,0.5,0.5,0.452291377810375,0.718048777530515,0.5,0.452291377810375,0.5,0.452291377810375,0.797229513216386,0.5,0.5,0.5,0.5,0.797229513216386,0.797229513216386,0.202770486783614,0.797229513216386,0.5,1.2239035309351,0.997806850018461,0.202770486783614,0.0193478010903316,CBCsimpleRW,CBCdriftDiffusionLR_pwBelief,0.5,0.09541724437925,0.673776175137771,4.16764183946562,2.47010087223592,0.5,33.7475249986286
CBC_1015,CBC_1015_MSI_AV_v3_Vset1_Aset2_2023-06-25_14h04.10.751.csv,1,43,2,3,z,0,1,3,aud,D,63,1,2D,3D,0,1,z,1.6297050000012,0,1,1,1,3D,2D,D23,2.67414864942653,0.756001936622145,0.5,0.5,0.5,0.452291377810375,0.718048777530515,0.5,0.452291377810375,0.5,0.452291377810375,0.816577314306718,0.5,0.5,0.5,0.5,0.797229513216386,0.797229513216386,0.202770486783614,0.797229513216386,0.5,0.268138085030663,0.997801842837503,0.202770486783614,0.0193478010903316,CBCsimpleRW,CBCdriftDiffusionLR_pwBelief,0.5,0.09541724437925,0.673776175137771,4.16764183946562,2.47010087223592,0.5,33.7475249986286
CBC_1015,CBC_1015_MSI_AV_v3_Vset1_Aset2_2023-06-25_14h04.10.751.csv,1,44,0,1,z,0,1,1,aud,B,63,1,0B,1B,0,1,z,1.36525150000125,0,1,1,1,1B,0B,B01,2.97892515523761,0.756001936622145,0.5,0.5,0.5,0.452291377810375,0.718048777530515,0.5,0.452291377810375,0.5,0.452291377810375,0.816577314306718,0.5,0.5,0.5,0.5,0.816577314306718,0.755140682852977,0.244859317147023,0.718048777530515,0.452291377810375,0.822923885330294,0.994791307557899,0.281951222469485,0.0269030086973991,CBCsimpleRW,CBCdriftDiffusionLR_pwBelief,0.5,0.09541724437925,0.673776175137771,4.16764183946562,2.47010087223592,0.5,33.7475249986286
CBC_1015,CBC_1015_MSI_TV_v3_Vset4_Tset3_2023-06-25_14h12.36.349.csv,2,1,1,0,b,1,0,1,tac,B,63,1,1B,0B,1,0,b,2.48233450000043,1,0,1,1,1B,0B,B10,2.77258872223978,0.5,0.5,0.5,0.5,0.5,0.5,0.5,0.5,0.5,0.5,0.5,0.5,0.5,0.5,0.5,0.5,0.5,0.5,0.5,0.5,0.145343548793971,0.500377215741722,0.5,0.00825687744984133,CBCsimpleRW,CBCdriftDiffusionLR_pwBelief,0.5,0.0165137548996827,0.899714270394553,5.67314363414966,2.54565035396283,0.5,75.1239192268437
CBC_1015,CBC_1015_MSI_TV_v3_Vset4_Tset3_2023-06-25_14h12.36.349.csv,2,2,1,0,z,0,1,2,tac,A,63,1,1A,0A,0,1,b,2.4178576000013,1,0,0,0,1A,0A,A10,2.83321334405622,0.5,0.5,0.5,0.5,0.5,0.508256877449841,0.5,0.5,0.5,0.5,0.5,0.5,0.5,0.5,0.5,0.5,0.5,0.5,0.5,0.5,0.152206664477654,0.498944813327463,-0.5,-0.00825687744984133,CBCsimpleRW,CBCdriftDiffusionLR_pwBelief,0.5,0.0165137548996827,0.899714270394553,5.67314363414966,2.54565035396283,0.5,75.1239192268437
CBC_1015,CBC_1015_MSI_TV_v3_Vset4_Tset3_2023-06-25_14h12.36.349.csv,2,3,3,2,b,1,0,3,tac,D,63,1,3D,2D,1,0,b,2.34215370000129,1,0,1,1,3D,2D,D32,2.89037175789616,0.5,0.491743122550159,0.5,0.5,0.5,0.508256877449841,0.5,0.5,0.5,0.5,0.5,0.5,0.5,0.5,0.5,0.5,0.5,0.5,0.5,0.5,0.16158852483045,0.500110943515221,0.5,0.00825687744984133,CBCsimpleRW,CBCdriftDiffusionLR_pwBelief,0.5,0.0165137548996827,0.899714270394553,5.67314363414966,2.54565035396283,0.5,75.1239192268437
CBC_1015,CBC_1015_MSI_TV_v3_Vset4_Tset3_2023-06-25_14h12.36.349.csv,2,4,1,2,b,1,0,1,tac,B,9,1,1B,2B,1,0,b,2.61137470000176,1,0,1,1,1B,2B,B12,2.94443897916644,0.5,0.491743122550159,0.5,0.5,0.5,0.508256877449841,0.5,0.5,0.5,0.5,0.5,0.5,0.5,0.5,0.5,0.508256877449841,0.508256877449841,0.491743122550159,0.508256877449841,0.5,0.147171505171516,0.559159684120096,0.491743122550159,0.00812052539939793,CBCsimpleRW,CBCdriftDiffusionLR_pwBelief,0.5,0.0165137548996827,0.899714270394553,5.67314363414966,2.54565035396283,0.5,75.1239192268437
CBC_1015,CBC_1015_MSI_TV_v3_Vset4_Tset3_2023-06-25_14h12.36.349.csv,2,5,2,0,z,0,1,2,tac,A,27,1,2A,0A,0,1,z,2.62411720000273,0,1,1,1,0A,2A,A20,2.99573227355399,0.5,0.491743122550159,0.5,0.5,0.5,0.516377402849239,0.5,0.5,0.5,0.5,0.5,0.5,0.5,0.5,0.5,0.508256877449841,0.5,0.5,0.5,0.5,0.130503756179696,0.500455845343592,0.5,0.00825687744984133,CBCsimpleRW,CBCdriftDiffusionLR_pwBelief,0.5,0.0165137548996827,0.899714270394553,5.67314363414966,2.54565035396283,0.5,75.1239192268437
CBC_1015,CBC_1015_MSI_TV_v3_Vset4_Tset3_2023-06-25_14h12.36.349.csv,2,6,3,2,z,0,1,0,tac,C,63,1,3C,2C,0,1,z,2.70009230000142,0,1,1,1,2C,3C,C32,3.04452243772342,0.508256877449841,0.491743122550159,0.5,0.5,0.5,0.516377402849239,0.5,0.5,0.5,0.5,0.5,0.5,0.5,0.5,0.5,0.508256877449841,0.5,0.5,0.5,0.5,0.123093672875217,0.500139906515508,0.5,0.00825687744984133,CBCsimpleRW,CBCdriftDiffusionLR_pwBelief,0.5,0.0165137548996827,0.899714270394553,5.67314363414966,2.54565035396283,0.5,75.1239192268437
CBC_1015,CBC_1015_MSI_TV_v3_Vset4_Tset3_2023-06-25_14h12.36.349.csv,2,7,3,1,b,1,0,3,tac,D,27,1,3D,1D,1,0,b,2.34600720000162,1,0,1,1,3D,1D,D31,3.09104245335832,0.508256877449841,0.491743122550159,0.5,0.5,0.5,0.516377402849239,0.5,0.5,0.5,0.5,0.508256877449841,0.5,0.5,0.5,0.5,0.508256877449841,0.508256877449841,0.491743122550159,0.508256877449841,0.5,0.179966365298801,0.558219539353971,0.491743122550159,0.00812052539939793,CBCsimpleRW,CBCdriftDiffusionLR_pwBelief,0.5,0.0165137548996827,0.899714270394553,5.67314363414966,2.54565035396283,0.5,75.1239192268437
CBC_1015,CBC_1015_MSI_TV_v3_Vset4_Tset3_2023-06-25_14h12.36.349.csv,2,8,0,1,b,1,0,2,tac,A,63,1,0A,1A,1,0,z,2.86098020000099,0,1,0,0,1A,0A,A01,3.13549421592915,0.508256877449841,0.491743122550159,0.5,0.5,0.5,0.516377402849239,0.5,0.5,0.5,0.5,0.508256877449841,0.5,0.5,0.5,0.5,0.516377402849239,0.483490747241247,0.516509252758753,0.491743122550159,0.508256877449841,0.0830736138119704,0.38387016941171,-0.491743122550159,-0.00812052539939793,CBCsimpleRW,CBCdriftDiffusionLR_pwBelief,0.5,0.0165137548996827,0.899714270394553,5.67314363414966,2.54565035396283,0.5,75.1239192268437
CBC_1015,CBC_1015_MSI_TV_v3_Vset4_Tset3_2023-06-25_14h12.36.349.csv,2,9,0,2,z,0,1,0,tac,C,27,1,0C,2C,0,1,b,2.95038960000238,1,0,0,0,0C,2C,C02,3.17805383034795,0.508256877449841,0.483622597150761,0.5,0.5,0.5,0.516377402849239,0.5,0.5,0.5,0.5,0.508256877449841,0.5,0.5,0.5,0.5,0.516377402849239,0.491743122550159,0.508256877449841,0.5,0.508256877449841,0.0894421527301648,0.440543935639481,-0.5,-0.00825687744984133,CBCsimpleRW,CBCdriftDiffusionLR_pwBelief,0.5,0.0165137548996827,0.899714270394553,5.67314363414966,2.54565035396283,0.5,75.1239192268437
CBC_1015,CBC_1015_MSI_TV_v3_Vset4_Tset3_2023-06-25_14h12.36.349.csv,2,10,3,2,b,1,0,3,tac,D,63,1,3D,2D,1,0,b,2.30979560000196,1,0,1,1,3D,2D,D32,2.52572864430826,0.508256877449841,0.483622597150761,0.5,0.5,0.5,0.516377402849239,0.5,0.5,0.491743122550159,0.5,0.508256877449841,0.5,0.5,0.5,0.5,0.516377402849239,0.516377402849239,0.483622597150761,0.516377402849239,0.5,0.205076843572833,0.617198449086309,0.483622597150761,0.00798642503329563,CBCsimpleRW,CBCdriftDiffusionLR_pwBelief,0.5,0.0165137548996827,0.899714270394553,5.67314363414966,2.54565035396283,0.5,75.1239192268437
CBC_1015,CBC_1015_MSI_TV_v3_Vset4_Tset3_2023-06-25_14h12.36.349.csv,2,11,0,1,z,0,1,1,tac,B,63,1,0B,1B,0,1,z,2.35704710000209,0,1,1,1,1B,0B,B01,3.25809653802148,0.508256877449841,0.483622597150761,0.5,0.5,0.5,0.516377402849239,0.5,0.5,0.491743122550159,0.5,0.508256877449841,0.5,0.5,0.5,0.5,0.524363827882535,0.516377402849239,0.483622597150761,0.516377402849239,0.5,0.197125079198377,0.615472251383161,0.483622597150761,0.00798642503329563,CBCsimpleRW,CBCdriftDiffusionLR_pwBelief,0.5,0.0165137548996827,0.899714270394553,5.67314363414966,2.54565035396283,0.5,75.1239192268437
CBC_1015,CBC_1015_MSI_TV_v3_Vset4_Tset3_2023-06-25_14h12.36.349.csv,2,12,1,0,z,0,1,2,tac,A,63,1,1A,0A,0,1,b,1.93659670000125,1,0,0,0,1A,0A,A10,2.60268968544438,0.508256877449841,0.483622597150761,0.5,0.5,0.5,0.524363827882535,0.5,0.5,0.491743122550159,0.5,0.508256877449841,0.5,0.5,0.5,0.5,0.524363827882535,0.47537903729864,0.52462096270136,0.483622597150761,0.508256877449841,0.147276105567165,0.329220145145083,-0.483622597150761,-0.00798642503329563,CBCsimpleRW,CBCdriftDiffusionLR_pwBelief,0.5,0.0165137548996827,0.899714270394553,5.67314363414966,2.54565035396283,0.5,75.1239192268437
CBC_1015,CBC_1015_MSI_TV_v3_Vset4_Tset3_2023-06-25_14h12.36.349.csv,2,13,3,2,b,1,0,3,tac,D,63,1,3D,2D,1,0,b,1.49097640000218,1,0,1,1,3D,2D,D32,2.23359222150709,0.508256877449841,0.475636172117465,0.5,0.5,0.5,0.524363827882535,0.5,0.5,0.491743122550159,0.5,0.508256877449841,0.5,0.5,0.5,0.5,0.524363827882535,0.524363827882535,0.475636172117465,0.524363827882535,0.5,0.394618281518318,0.669228072313475,0.475636172117465,0.00785453916777109,CBCsimpleRW,CBCdriftDiffusionLR_pwBelief,0.5,0.0165137548996827,0.899714270394553,5.67314363414966,2.54565035396283,0.5,75.1239192268437
CBC_1015,CBC_1015_MSI_TV_v3_Vset4_Tset3_2023-06-25_14h12.36.349.csv,2,14,0,2,z,0,1,0,tac,C,27,1,0C,2C,0,1,z,3.73447200000192,0,1,1,1,2C,0C,C02,2.67414864942653,0.508256877449841,0.475636172117465,0.5,0.5,0.5,0.524363827882535,0.5,0.5,0.491743122550159,0.5,0.508256877449841,0.5,0.5,0.5,0.5,0.532218367050306,0.516509252758753,0.483490747241247,0.508256877449841,0.491743122550159,0.0676187692342494,0.617134630386433,0.491743122550159,0.00812052539939793,CBCsimpleRW,CBCdriftDiffusionLR_pwBelief,0.5,0.0165137548996827,0.899714270394553,5.67314363414966,2.54565035396283,0.5,75.1239192268437
CBC_1015,CBC_1015_MSI_TV_v3_Vset4_Tset3_2023-06-25_14h12.36.349.csv,2,15,1,0,z,0,1,2,tac,A,63,1,1A,0A,0,1,b,1.93685800000276,1,0,0,0,1A,0A,A10,2.30258509299405,0.508256877449841,0.475636172117465,0.5,0.5,0.5,0.524363827882535,0.5,0.5,0.491743122550159,0.5,0.516377402849239,0.5,0.5,0.5,0.5,0.532218367050306,0.467405522679644,0.532594477320356,0.475636172117465,0.508256877449841,0.127326997722319,0.280579495399402,-0.475636172117465,-0.00785453916777109,CBCsimpleRW,CBCdriftDiffusionLR_pwBelief,0.5,0.0165137548996827,0.899714270394553,5.67314363414966,2.54565035396283,0.5,75.1239192268437
CBC_1015,CBC_1015_MSI_TV_v3_Vset4_Tset3_2023-06-25_14h12.36.349.csv,2,16,3,1,z,0,1,1,tac,B,27,1,3B,1B,0,1,z,2.00672000000122,0,1,1,1,1B,3B,B31,3.43398720448515,0.508256877449841,0.467781632949694,0.5,0.5,0.5,0.524363827882535,0.5,0.5,0.491743122550159,0.5,0.516377402849239,0.5,0.5,0.5,0.5,0.532218367050306,0.524363827882535,0.475636172117465,0.524363827882535,0.5,0.283800758189302,0.669902862191966,0.475636172117465,0.00785453916777109,CBCsimpleRW,CBCdriftDiffusionLR_pwBelief,0.5,0.0165137548996827,0.899714270394553,5.67314363414966,2.54565035396283,0.5,75.1239192268437
CBC_1015,CBC_1015_MSI_TV_v3_Vset4_Tset3_2023-06-25_14h12.36.349.csv,2,17,2,3,b,1,0,0,tac,C,63,1,2C,3C,1,0,b,2.54396250000173,1,0,1,1,2C,3C,C23,3.46573590279973,0.508256877449841,0.467781632949694,0.5,0.5,0.5,0.532218367050306,0.5,0.5,0.491743122550159,0.5,0.516377402849239,0.5,0.5,0.5,0.5,0.532218367050306,0.516377402849239,0.483622597150761,0.516377402849239,0.5,0.170540287852201,0.615706337463107,0.483622597150761,0.00798642503329563,CBCsimpleRW,CBCdriftDiffusionLR_pwBelief,0.5,0.0165137548996827,0.899714270394553,5.67314363414966,2.54565035396283,0.5,75.1239192268437
CBC_1015,CBC_1015_MSI_TV_v3_Vset4_Tset3_2023-06-25_14h12.36.349.csv,2,18,3,2,b,1,0,3,tac,D,63,0,3D,2D,0,1,b,1.54328730000088,1,0,1,0,3D,2D,D32,2.11021320034659,0.508256877449841,0.467781632949694,0.5,0.5,0.5,0.532218367050306,0.5,0.5,0.491743122550159,0.5,0.524363827882535,0.5,0.5,0.5,0.5,0.532218367050306,0.532218367050306,0.467781632949694,0.532218367050306,0.5,0.426154778426977,0.717276972020496,-0.532218367050306,-0.00878892366657809,CBCsimpleRW,CBCdriftDiffusionLR_pwBelief,0.5,0.0165137548996827,0.899714270394553,5.67314363414966,2.54565035396283,0.5,75.1239192268437
CBC_1015,CBC_1015_MSI_TV_v3_Vset4_Tset3_2023-06-25_14h12.36.349.csv,2,19,0,1,z,0,1,1,tac,B,63,1,0B,1B,0,1,b,3.25756220000221,1,0,0,0,0B,1B,B01,2.83321334405622,0.508256877449841,0.467781632949694,0.5,0.5,0.5,0.532218367050306,0.5,0.5,0.491743122550159,0.5,0.524363827882535,0.5,0.5,0.5,0.5,0.523429443383728,0.467781632949694,0.532218367050306,0.5,0.532218367050306,0.0431656184055161,0.282728664859976,-0.5,-0.00825687744984133,CBCsimpleRW,CBCdriftDiffusionLR_pwBelief,0.5,0.0165137548996827,0.899714270394553,5.67314363414966,2.54565035396283,0.5,75.1239192268437
CBC_1015,CBC_1015_MSI_TV_v3_Vset4_Tset3_2023-06-25_14h12.36.349.csv,2,20,0,2,b,1,0,2,tac,A,27,1,0A,2A,1,0,z,2.58052450000105,0,1,0,0,2A,0A,A02,3.55534806148941,0.508256877449841,0.467781632949694,0.5,0.5,0.491743122550159,0.532218367050306,0.5,0.5,0.491743122550159,0.5,0.524363827882535,0.5,0.5,0.5,0.5,0.523429443383728,0.491743122550159,0.508256877449841,0.5,0.508256877449841,0.118553213453735,0.439922725700701,-0.5,-0.00825687744984133,CBCsimpleRW,CBCdriftDiffusionLR_pwBelief,0.5,0.0165137548996827,0.899714270394553,5.67314363414966,2.54565035396283,0.5,75.1239192268437
CBC_1015,CBC_1015_MSI_TV_v3_Vset4_Tset3_2023-06-25_14h12.36.349.csv,2,21,3,0,b,1,0,3,tac,D,9,1,3D,0D,1,0,b,1.04467970000223,1,0,1,1,3D,0D,D30,3.58351893845611,0.508256877449841,0.467781632949694,0.491743122550159,0.5,0.491743122550159,0.532218367050306,0.5,0.5,0.491743122550159,0.5,0.524363827882535,0.5,0.5,0.5,0.5,0.523429443383728,0.523429443383728,0.476570556616272,0.523429443383728,0.5,0.048067689131575,0.663123849930973,0.476570556616272,0.00786996936436645,CBCsimpleRW,CBCdriftDiffusionLR_pwBelief,0.5,0.0165137548996827,0.899714270394553,5.67314363414966,2.54565035396283,0.5,75.1239192268437
CBC_1015,CBC_1015_MSI_TV_v3_Vset4_Tset3_2023-06-25_14h12.36.349.csv,2,22,3,2,z,0,1,0,tac,C,63,1,3C,2C,0,1,z,2.64720350000243,0,1,1,1,2C,3C,C32,2.91777073208428,0.508256877449841,0.467781632949694,0.491743122550159,0.5,0.491743122550159,0.532218367050306,0.5,0.5,0.491743122550159,0.5,0.524363827882535,0.5,0.5,0.5,0.5,0.531299412748094,0.524363827882535,0.475636172117465,0.524363827882535,0.5,0.170316657131947,0.668761566386854,0.475636172117465,0.00785453916777109,CBCsimpleRW,CBCdriftDiffusionLR_pwBelief,0.5,0.0165137548996827,0.899714270394553,5.67314363414966,2.54565035396283,0.5,75.1239192268437
CBC_1015,CBC_1015_MSI_TV_v3_Vset4_Tset3_2023-06-25_14h12.36.349.csv,2,23,1,3,b,1,0,1,tac,B,27,1,1B,3B,1,0,b,2.00771800000075,1,0,1,1,1B,3B,B13,3.63758615972639,0.508256877449841,0.467781632949694,0.491743122550159,0.5,0.491743122550159,0.532218367050306,0.5,0.5,0.491743122550159,0.5,0.532218367050306,0.5,0.5,0.5,0.5,0.531299412748094,0.532218367050306,0.467781632949694,0.532218367050306,0.5,0.307551135871913,0.717751700894327,0.467781632949694,0.00772483123310456,CBCsimpleRW,CBCdriftDiffusionLR_pwBelief,0.5,0.0165137548996827,0.899714270394553,5.67314363414966,2.54565035396283,0.5,75.1239192268437
CBC_1015,CBC_1015_MSI_TV_v3_Vset4_Tset3_2023-06-25_14h12.36.349.csv,2,24,2,3,b,1,0,0,tac,C,63,1,2C,3C,1,0,b,2.27481380000245,1,0,1,1,2C,3C,C23,2.9704144655697,0.508256877449841,0.467781632949694,0.491743122550159,0.5,0.491743122550159,0.53994319828341,0.5,0.5,0.491743122550159,0.5,0.532218367050306,0.5,0.5,0.5,0.5,0.531299412748094,0.532218367050306,0.467781632949694,0.532218367050306,0.5,0.246557180646367,0.716056734224492,0.467781632949694,0.00772483123310456,CBCsimpleRW,CBCdriftDiffusionLR_pwBelief,0.5,0.0165137548996827,0.899714270394553,5.67314363414966,2.54565035396283,0.5,75.1239192268437
CBC_1015,CBC_1015_MSI_TV_v3_Vset4_Tset3_2023-06-25_14h12.36.349.csv,2,25,3,2,b,1,0,3,tac,D,63,1,3D,2D,1,0,b,1.90273180000258,1,0,1,1,3D,2D,D32,2.07944154167984,0.508256877449841,0.467781632949694,0.491743122550159,0.5,0.491743122550159,0.53994319828341,0.5,0.5,0.491743122550159,0.5,0.53994319828341,0.5,0.5,0.5,0.5,0.531299412748094,0.531299412748094,0.468700587251906,0.531299412748094,0.5,0.331283563160035,0.712334115689406,0.468700587251906,0.0077400066192153,CBCsimpleRW,CBCdriftDiffusionLR_pwBelief,0.5,0.0165137548996827,0.899714270394553,5.67314363414966,2.54565035396283,0.5,75.1239192268437
CBC_1015,CBC_1015_MSI_TV_v3_Vset4_Tset3_2023-06-25_14h12.36.349.csv,2,26,0,1,z,0,1,1,tac,B,63,1,0B,1B,0,1,z,3.33137400000123,0,1,1,1,1B,0B,B01,2.6149597780362,0.508256877449841,0.467781632949694,0.491743122550159,0.5,0.491743122550159,0.53994319828341,0.5,0.5,0.491743122550159,0.5,0.53994319828341,0.5,0.5,0.5,0.5,0.539039419367309,0.548136572793204,0.451863427206796,0.53994319828341,0.491743122550159,0.106115271086655,0.800363845485497,0.46005680171659,0.00759726526347966,CBCsimpleRW,CBCdriftDiffusionLR_pwBelief,0.5,0.0165137548996827,0.899714270394553,5.67314363414966,2.54565035396283,0.5,75.1239192268437
CBC_1015,CBC_1015_MSI_TV_v3_Vset4_Tset3_2023-06-25_14h12.36.349.csv,2,27,3,0,z,0,1,2,tac,A,9,1,3A,0A,0,1,z,2.05863470000077,0,1,1,1,0A,3A,A30,3.73766961828337,0.508256877449841,0.467781632949694,0.491743122550159,0.5,0.491743122550159,0.54754046354689,0.5,0.5,0.491743122550159,0.5,0.53994319828341,0.5,0.5,0.5,0.5,0.539039419367309,0.508256877449841,0.491743122550159,0.508256877449841,0.5,0.224229994137744,0.559288775164302,0.491743122550159,0.00812052539939793,CBCsimpleRW,CBCdriftDiffusionLR_pwBelief,0.5,0.0165137548996827,0.899714270394553,5.67314363414966,2.54565035396283,0.5,75.1239192268437
CBC_1015,CBC_1015_MSI_TV_v3_Vset4_Tset3_2023-06-25_14h12.36.349.csv,2,28,3,2,b,1,0,3,tac,D,63,1,3D,2D,1,0,b,1.35058870000103,1,0,1,1,3D,2D,D32,1.96944064646551,0.516377402849239,0.467781632949694,0.491743122550159,0.5,0.491743122550159,0.54754046354689,0.5,0.5,0.491743122550159,0.5,0.53994319828341,0.5,0.5,0.5,0.5,0.539039419367309,0.539039419367309,0.460960580632691,0.539039419367309,0.5,0.467226800395373,0.754933301311071,0.460960580632691,0.00761219004698365,CBCsimpleRW,CBCdriftDiffusionLR_pwBelief,0.5,0.0165137548996827,0.899714270394553,5.67314363414966,2.54565035396283,0.5,75.1239192268437
CBC_1015,CBC_1015_MSI_TV_v3_Vset4_Tset3_2023-06-25_14h12.36.349.csv,2,29,0,2,z,0,1,0,tac,C,27,1,0C,2C,NaN,NaN,None,NaN,NaN,NaN,NaN,NaN,,,C02,2.68557734525015,0.516377402849239,0.467781632949694,0.491743122550159,0.5,0.491743122550159,0.54754046354689,0.5,0.5,0.491743122550159,0.5,0.53994319828341,0.5,0.5,0.5,0.5,0.546651609414293,0,0,0,0,NaN,0,0,0,CBCsimpleRW,CBCdriftDiffusionLR_pwBelief,0.5,0.0165137548996827,0.899714270394553,5.67314363414966,2.54565035396283,0.5,75.1239192268437
CBC_1015,CBC_1015_MSI_TV_v3_Vset4_Tset3_2023-06-25_14h12.36.349.csv,2,30,0,1,b,1,0,2,tac,A,63,1,0A,1A,1,0,z,1.61435940000047,0,1,0,0,1A,0A,A01,3.11351530921037,0.516377402849239,0.467781632949694,0.491743122550159,0.5,0.491743122550159,0.54754046354689,0.5,0.5,0.491743122550159,0.5,0.53994319828341,0.5,0.5,0.5,0.5,0.546651609414293,0.451506580926874,0.548493419073126,0.467781632949694,0.516377402849239,0.121024374005091,0.198761649848302,-0.467781632949694,-0.00772483123310456,CBCsimpleRW,CBCdriftDiffusionLR_pwBelief,0.5,0.0165137548996827,0.899714270394553,5.67314363414966,2.54565035396283,0.5,75.1239192268437
CBC_1015,CBC_1015_MSI_TV_v3_Vset4_Tset3_2023-06-25_14h12.36.349.csv,2,31,0,1,z,0,1,1,tac,B,63,1,0B,1B,0,1,z,2.21916240000246,0,1,1,1,1B,0B,B01,2.4423470353692,0.516377402849239,0.460056801716589,0.491743122550159,0.5,0.491743122550159,0.54754046354689,0.5,0.5,0.491743122550159,0.5,0.53994319828341,0.5,0.5,0.5,0.5,0.546651609414293,0.555709868529628,0.444290131470372,0.54754046354689,0.491743122550159,0.304786179725533,0.833829485121722,0.45245953645311,0.00747180588701069,CBCsimpleRW,CBCdriftDiffusionLR_pwBelief,0.5,0.0165137548996827,0.899714270394553,5.67314363414966,2.54565035396283,0.5,75.1239192268437
CBC_1015,CBC_1015_MSI_TV_v3_Vset4_Tset3_2023-06-25_14h12.36.349.csv,2,32,1,3,z,0,1,3,tac,D,27,1,1D,3D,0,1,z,2.1522399000005,0,1,1,1,3D,1D,D13,3.85014760171006,0.516377402849239,0.460056801716589,0.491743122550159,0.5,0.491743122550159,0.555012269433901,0.5,0.5,0.491743122550159,0.5,0.53994319828341,0.5,0.5,0.5,0.5,0.546651609414293,0.546651609414293,0.453348390585707,0.546651609414293,0.5,0.306784764360871,0.793324268114029,0.453348390585707,0.00748648420629796,CBCsimpleRW,CBCdriftDiffusionLR_pwBelief,0.5,0.0165137548996827,0.899714270394553,5.67314363414966,2.54565035396283,0.5,75.1239192268437
CBC_1015,CBC_1015_MSI_TV_v3_Vset4_Tset3_2023-06-25_14h12.36.349.csv,2,33,2,3,b,1,0,0,tac,C,63,1,2C,3C,1,0,b,2.42856639999991,1,0,1,1,2C,3C,C23,2.77258872223978,0.516377402849239,0.460056801716589,0.491743122550159,0.5,0.491743122550159,0.555012269433901,0.5,0.5,0.491743122550159,0.5,0.53994319828341,0.5,0.5,0.5,0.5,0.554138093620591,0.53994319828341,0.46005680171659,0.53994319828341,0.5,0.230179517949536,0.760028555107525,0.46005680171659,0.00759726526347966,CBCsimpleRW,CBCdriftDiffusionLR_pwBelief,0.5,0.0165137548996827,0.899714270394553,5.67314363414966,2.54565035396283,0.5,75.1239192268437
CBC_1015,CBC_1015_MSI_TV_v3_Vset4_Tset3_2023-06-25_14h12.36.349.csv,2,34,0,1,z,0,1,1,tac,B,63,1,0B,1B,0,1,z,1.92993019999994,0,1,1,1,1B,0B,B01,2.28238238567653,0.516377402849239,0.460056801716589,0.491743122550159,0.5,0.491743122550159,0.555012269433901,0.5,0.5,0.491743122550159,0.5,0.54754046354689,0.5,0.5,0.5,0.5,0.554138093620591,0.563154400499781,0.436845599500219,0.555012269433901,0.491743122550159,0.4205838050808,0.861362604243324,0.444987730566099,0.00734841831593458,CBCsimpleRW,CBCdriftDiffusionLR_pwBelief,0.5,0.0165137548996827,0.899714270394553,5.67314363414966,2.54565035396283,0.5,75.1239192268437
CBC_1015,CBC_1015_MSI_TV_v3_Vset4_Tset3_2023-06-25_14h12.36.349.csv,2,35,1,0,z,0,1,2,tac,A,63,1,1A,0A,0,1,z,2.90905610000118,0,1,1,1,0A,1A,A10,2.52572864430826,0.516377402849239,0.460056801716589,0.491743122550159,0.5,0.491743122550159,0.562360687749835,0.5,0.5,0.491743122550159,0.5,0.54754046354689,0.5,0.5,0.5,0.5,0.554138093620591,0.556173613693792,0.443826386306208,0.516377402849239,0.460056801716589,0.157071220599384,0.835121933466122,0.483622597150761,0.00798642503329563,CBCsimpleRW,CBCdriftDiffusionLR_pwBelief,0.5,0.0165137548996827,0.899714270394553,5.67314363414966,2.54565035396283,0.5,75.1239192268437
CBC_1015,CBC_1015_MSI_TV_v3_Vset4_Tset3_2023-06-25_14h12.36.349.csv,2,36,2,1,b,1,0,0,tac,C,9,1,2C,1C,1,0,b,2.66617270000097,1,0,1,1,2C,1C,C21,3.93182563272433,0.524363827882535,0.460056801716589,0.491743122550159,0.5,0.491743122550159,0.562360687749835,0.5,0.5,0.491743122550159,0.5,0.54754046354689,0.5,0.5,0.5,0.5,0.554138093620591,0.54754046354689,0.45245953645311,0.54754046354689,0.5,0.194157817267892,0.798661100561828,0.45245953645311,0.00747180588701069,CBCsimpleRW,CBCdriftDiffusionLR_pwBelief,0.5,0.0165137548996827,0.899714270394553,5.67314363414966,2.54565035396283,0.5,75.1239192268437
CBC_1015,CBC_1015_MSI_TV_v3_Vset4_Tset3_2023-06-25_14h12.36.349.csv,2,37,0,1,b,1,0,2,tac,A,63,1,0A,1A,1,0,z,2.4934557000015,0,1,0,0,1A,0A,A01,2.85263142991332,0.524363827882535,0.460056801716589,0.491743122550159,0.5,0.491743122550159,0.562360687749835,0.5,0.5,0.491743122550159,0.5,0.555012269433901,0.5,0.5,0.5,0.5,0.554138093620591,0.435942329643378,0.564057670356622,0.460056801716589,0.524363827882535,0.0374396787126451,0.135712846309409,-0.460056801716589,-0.00759726526347966,CBCsimpleRW,CBCdriftDiffusionLR_pwBelief,0.5,0.0165137548996827,0.899714270394553,5.67314363414966,2.54565035396283,0.5,75.1239192268437
CBC_1015,CBC_1015_MSI_TV_v3_Vset4_Tset3_2023-06-25_14h12.36.349.csv,2,38,1,3,z,0,1,3,tac,D,27,1,1D,3D,0,1,z,1.33950750000076,0,1,1,1,3D,1D,D13,3.27714473299218,0.524363827882535,0.45245953645311,0.491743122550159,0.5,0.491743122550159,0.562360687749835,0.5,0.5,0.491743122550159,0.5,0.555012269433901,0.5,0.5,0.5,0.5,0.554138093620591,0.554138093620591,0.445861906379409,0.554138093620591,0.5,0.555293330492715,0.826977170676023,0.445861906379409,0.00736285424105481,CBCsimpleRW,CBCdriftDiffusionLR_pwBelief,0.5,0.0165137548996827,0.899714270394553,5.67314363414966,2.54565035396283,0.5,75.1239192268437
CBC_1015,CBC_1015_MSI_TV_v3_Vset4_Tset3_2023-06-25_14h12.36.349.csv,2,39,1,0,b,1,0,1,tac,B,63,1,1B,0B,1,0,z,4.1798678999985,0,1,0,0,0B,1B,B10,3.29583686600433,0.524363827882535,0.45245953645311,0.491743122550159,0.5,0.491743122550159,0.562360687749835,0.5,0.5,0.491743122550159,0.5,0.555012269433901,0.5,0.5,0.5,0.5,0.561500947861646,0.429527581078746,0.570472418921254,0.491743122550159,0.562360687749835,0.00504248401550834,0.115417913037024,-0.491743122550159,-0.00812052539939793,CBCsimpleRW,CBCdriftDiffusionLR_pwBelief,0.5,0.0165137548996827,0.899714270394553,5.67314363414966,2.54565035396283,0.5,75.1239192268437
CBC_1015,CBC_1015_MSI_TV_v3_Vset4_Tset3_2023-06-25_14h12.36.349.csv,2,40,3,2,z,0,1,0,tac,C,63,0,3C,2C,1,0,z,1.32355349999852,0,1,1,0,2C,3C,C32,2.90872089656436,0.524363827882535,0.45245953645311,0.491743122550159,0.5,0.483622597150761,0.562360687749835,0.5,0.5,0.491743122550159,0.5,0.555012269433901,0.5,0.5,0.5,0.5,0.561500947861646,0.555012269433901,0.444987730566099,0.555012269433901,0.5,0.554280573966531,0.830221178191987,-0.555012269433901,-0.00916533658374807,CBCsimpleRW,CBCdriftDiffusionLR_pwBelief,0.5,0.0165137548996827,0.899714270394553,5.67314363414966,2.54565035396283,0.5,75.1239192268437
CBC_1015,CBC_1015_MSI_TV_v3_Vset4_Tset3_2023-06-25_14h12.36.349.csv,2,41,0,2,b,1,0,2,tac,A,27,1,0A,2A,1,0,b,2.48158230000263,1,0,1,1,0A,2A,A02,3.3322045101752,0.524363827882535,0.45245953645311,0.491743122550159,0.5,0.483622597150761,0.562360687749835,0.5,0.5,0.491743122550159,0.5,0.545846932850153,0.5,0.5,0.5,0.5,0.561500947861646,0.532594477320356,0.467405522679644,0.524363827882535,0.491743122550159,0.208661051495694,0.71882930406963,0.475636172117465,0.00785453916777109,CBCsimpleRW,CBCdriftDiffusionLR_pwBelief,0.5,0.0165137548996827,0.899714270394553,5.67314363414966,2.54565035396283,0.5,75.1239192268437
CBC_1015,CBC_1015_MSI_TV_v3_Vset4_Tset3_2023-06-25_14h12.36.349.csv,2,42,2,3,z,0,1,3,tac,D,63,1,2D,3D,0,1,z,1.79484370000137,0,1,1,1,3D,2D,D23,4.04305126783455,0.532218367050306,0.45245953645311,0.491743122550159,0.5,0.483622597150761,0.562360687749835,0.5,0.5,0.491743122550159,0.5,0.545846932850153,0.5,0.5,0.5,0.5,0.561500947861646,0.561500947861646,0.438499052138354,0.561500947861646,0.5,0.473090488964914,0.855198848769717,0.438499052138354,0.00724126587075594,CBCsimpleRW,CBCdriftDiffusionLR_pwBelief,0.5,0.0165137548996827,0.899714270394553,5.67314363414966,2.54565035396283,0.5,75.1239192268437
CBC_1015,CBC_1015_MSI_TV_v3_Vset4_Tset3_2023-06-25_14h12.36.349.csv,2,43,1,3,b,1,0,1,tac,B,27,1,1B,3B,1,0,b,1.5175464999993,1,0,1,1,1B,3B,B13,3.36729582998647,0.532218367050306,0.45245953645311,0.491743122550159,0.5,0.483622597150761,0.562360687749835,0.5,0.5,0.491743122550159,0.5,0.545846932850153,0.5,0.5,0.5,0.5,0.568742213732402,0.562360687749835,0.437639312250165,0.562360687749835,0.5,0.594233504095143,0.858351320483838,0.437639312250165,0.0072270683369649,CBCsimpleRW,CBCdriftDiffusionLR_pwBelief,0.5,0.0165137548996827,0.899714270394553,5.67314363414966,2.54565035396283,0.5,75.1239192268437
CBC_1015,CBC_1015_MSI_TV_v3_Vset4_Tset3_2023-06-25_14h12.36.349.csv,2,44,3,2,z,0,1,0,tac,C,63,1,3C,2C,0,1,z,1.93298839999989,0,1,1,1,2C,3C,C32,2.69124308278583,0.532218367050306,0.45245953645311,0.491743122550159,0.5,0.483622597150761,0.5695877560868,0.5,0.5,0.491743122550159,0.5,0.545846932850153,0.5,0.5,0.5,0.5,0.568742213732402,0.545846932850153,0.454153067149847,0.545846932850153,0.5,0.370161602222397,0.790062792844316,0.454153067149847,0.0074997724378517,CBCsimpleRW,CBCdriftDiffusionLR_pwBelief,0.5,0.0165137548996827,0.899714270394553,5.67314363414966,2.54565035396283,0.5,75.1239192268437
CBC_1015,CBC_1015_MSI_AV_v3_Vset2_Aset3_2023-06-25_15h52.10.699.csv,3,1,1,0,z,0,1,2,aud,A,63,1,1A,0A,0,1,b,2.15474869999889,1,0,0,0,1A,0A,A10,2.77258872223978,0.5,0.5,0.5,0.5,0.5,0.5,0.5,0.5,0.5,0.5,0.5,0.5,0.5,0.5,0.5,0.5,0.5,0.5,0.5,0.5,0.158513795040516,0.499823705226325,-0.5,-0.0148350766947911,CBCsimpleRW,CBCdriftDiffusionLR_pwBelief,0.5,0.0296701533895821,0.680373956019071,13.8933280230849,2.73892185061639,0.5,34.0614925724156
CBC_1015,CBC_1015_MSI_AV_v3_Vset2_Aset3_2023-06-25_15h52.10.699.csv,3,2,3,2,b,1,0,3,aud,D,63,1,3D,2D,1,0,z,2.01251509999929,0,1,0,0,2D,3D,D32,2.83321334405622,0.5,0.485164923305209,0.5,0.5,0.5,0.5,0.5,0.5,0.5,0.5,0.5,0.5,0.5,0.5,0.5,0.5,0.5,0.5,0.5,0.5,0.174186468046763,0.500898839532897,-0.5,-0.0148350766947911,CBCsimpleRW,CBCdriftDiffusionLR_pwBelief,0.5,0.0296701533895821,0.680373956019071,13.8933280230849,2.73892185061639,0.5,34.0614925724156
CBC_1015,CBC_1015_MSI_AV_v3_Vset2_Aset3_2023-06-25_15h52.10.699.csv,3,3,2,0,b,1,0,0,aud,C,27,1,2C,0C,1,0,b,2.59367500000008,1,0,1,1,2C,0C,C20,2.89037175789616,0.5,0.485164923305209,0.5,0.5,0.5,0.5,0.5,0.5,0.5,0.5,0.5,0.5,0.5,0.5,0.485164923305209,0.5,0.5,0.5,0.5,0.5,0.119104737644052,0.50069622945806,0.5,0.0148350766947911,CBCsimpleRW,CBCdriftDiffusionLR_pwBelief,0.5,0.0296701533895821,0.680373956019071,13.8933280230849,2.73892185061639,0.5,34.0614925724156
CBC_1015,CBC_1015_MSI_AV_v3_Vset2_Aset3_2023-06-25_15h52.10.699.csv,3,4,1,0,z,0,1,2,aud,A,63,1,1A,0A,0,1,z,2.24361919999865,0,1,1,1,0A,1A,A10,2.2512917986065,0.5,0.485164923305209,0.5,0.5,0.5,0.5,0.5,0.5,0.5,0.5,0.514835076694791,0.5,0.5,0.5,0.485164923305209,0.5,0.514835076694791,0.485164923305209,0.5,0.485164923305209,0.230542932008325,0.756026627681435,0.5,0.0148350766947911,CBCsimpleRW,CBCdriftDiffusionLR_pwBelief,0.5,0.0296701533895821,0.680373956019071,13.8933280230849,2.73892185061639,0.5,34.0614925724156
CBC_1015,CBC_1015_MSI_AV_v3_Vset2_Aset3_2023-06-25_15h52.10.699.csv,3,5,3,1,z,0,1,1,aud,B,27,1,3B,1B,NaN,NaN,[],NaN,NaN,NaN,NaN,NaN,,,B31,2.99573227355399,0.514835076694791,0.485164923305209,0.5,0.5,0.5,0.5,0.5,0.5,0.5,0.5,0.514835076694791,0.5,0.5,0.5,0.485164923305209,0.5,0,0,0,0,NaN,0,0,0,CBCsimpleRW,CBCdriftDiffusionLR_pwBelief,0.5,0.0296701533895821,0.680373956019071,13.8933280230849,2.73892185061639,0.5,34.0614925724156
CBC_1015,CBC_1015_MSI_AV_v3_Vset2_Aset3_2023-06-25_15h52.10.699.csv,3,6,2,3,b,1,0,0,aud,C,63,1,2C,3C,1,0,b,1.46730329999991,1,0,1,1,2C,3C,C23,3.04452243772342,0.514835076694791,0.485164923305209,0.5,0.5,0.5,0.5,0.5,0.5,0.5,0.5,0.514835076694791,0.5,0.5,0.5,0.485164923305209,0.5,0.514835076694791,0.485164923305209,0.514835076694791,0.5,0.390755272774903,0.755462223458548,0.485164923305209,0.0143949176937104,CBCsimpleRW,CBCdriftDiffusionLR_pwBelief,0.5,0.0296701533895821,0.680373956019071,13.8933280230849,2.73892185061639,0.5,34.0614925724156
CBC_1015,CBC_1015_MSI_AV_v3_Vset2_Aset3_2023-06-25_15h52.10.699.csv,3,7,2,3,z,0,1,3,aud,D,63,0,2D,3D,1,0,z,2.15687139999864,0,1,1,0,3D,2D,D23,3.09104245335832,0.514835076694791,0.485164923305209,0.5,0.5,0.5,0.5,0.5,0.5,0.5,0.5,0.529229994388501,0.5,0.5,0.5,0.485164923305209,0.5,0.514835076694791,0.485164923305209,0.5,0.485164923305209,0.24583389769724,0.756174620737455,-0.5,-0.0148350766947911,CBCsimpleRW,CBCdriftDiffusionLR_pwBelief,0.5,0.0296701533895821,0.680373956019071,13.8933280230849,2.73892185061639,0.5,34.0614925724156
CBC_1015,CBC_1015_MSI_AV_v3_Vset2_Aset3_2023-06-25_15h52.10.699.csv,3,8,1,0,b,1,0,1,aud,B,63,1,1B,0B,1,0,b,2.79461349999838,1,0,1,1,1B,0B,B10,3.13549421592915,0.514835076694791,0.485164923305209,0.5,0.5,0.5,0.5,0.5,0.5,0.5,0.5,0.529229994388501,0.5,0.5,0.5,0.485164923305209,0.485164923305209,0.5,0.5,0.5,0.5,0.104294606538159,0.500353783838733,0.5,0.0148350766947911,CBCsimpleRW,CBCdriftDiffusionLR_pwBelief,0.5,0.0296701533895821,0.680373956019071,13.8933280230849,2.73892185061639,0.5,34.0614925724156
CBC_1015,CBC_1015_MSI_AV_v3_Vset2_Aset3_2023-06-25_15h52.10.699.csv,3,9,0,2,b,1,0,2,aud,A,27,1,0A,2A,1,0,b,1.67905040000187,1,0,1,1,0A,2A,A02,3.17805383034795,0.514835076694791,0.485164923305209,0.5,0.5,0.5,0.514835076694791,0.5,0.5,0.5,0.5,0.529229994388501,0.5,0.5,0.5,0.485164923305209,0.485164923305209,0.514835076694791,0.485164923305209,0.514835076694791,0.5,0.345072132474296,0.755376088811846,0.485164923305209,0.0143949176937104,CBCsimpleRW,CBCdriftDiffusionLR_pwBelief,0.5,0.0296701533895821,0.680373956019071,13.8933280230849,2.73892185061639,0.5,34.0614925724156
CBC_1015,CBC_1015_MSI_AV_v3_Vset2_Aset3_2023-06-25_15h52.10.699.csv,3,10,0,3,z,0,1,3,aud,D,9,1,0D,3D,0,1,z,1.91363459999775,0,1,1,1,3D,0D,D03,3.2188758248682,0.529229994388501,0.485164923305209,0.5,0.5,0.5,0.514835076694791,0.5,0.5,0.5,0.5,0.529229994388501,0.5,0.5,0.5,0.485164923305209,0.485164923305209,0.485164923305209,0.514835076694791,0.485164923305209,0.5,0.09456443356666,0.243548254881638,0.514835076694791,0.0152752356958717,CBCsimpleRW,CBCdriftDiffusionLR_pwBelief,0.5,0.0296701533895821,0.680373956019071,13.8933280230849,2.73892185061639,0.5,34.0614925724156
CBC_1015,CBC_1015_MSI_AV_v3_Vset2_Aset3_2023-06-25_15h52.10.699.csv,3,11,3,2,z,0,1,0,aud,C,63,1,3C,2C,0,1,z,1.88266970000041,0,1,1,1,2C,3C,C32,3.25809653802148,0.529229994388501,0.485164923305209,0.5,0.5,0.5,0.514835076694791,0.5,0.5,0.5,0.5,0.529229994388501,0.5,0.5,0.5,0.485164923305209,0.500440159001081,0.529229994388501,0.470770005611499,0.529229994388501,0.5,0.386291381758935,0.902306178424094,0.470770005611499,0.0139678182777076,CBCsimpleRW,CBCdriftDiffusionLR_pwBelief,0.5,0.0296701533895821,0.680373956019071,13.8933280230849,2.73892185061639,0.5,34.0614925724156
CBC_1015,CBC_1015_MSI_AV_v3_Vset2_Aset3_2023-06-25_15h52.10.699.csv,3,12,1,0,b,1,0,1,aud,B,63,1,1B,0B,1,0,b,1.8563768999993,1,0,1,1,1B,0B,B10,2.60268968544438,0.529229994388501,0.485164923305209,0.5,0.5,0.5,0.514835076694791,0.5,0.5,0.5,0.5,0.543197812666209,0.5,0.5,0.5,0.485164923305209,0.500440159001081,0.514835076694791,0.485164923305209,0.514835076694791,0.5,0.305829608487372,0.756146545101445,0.485164923305209,0.0143949176937104,CBCsimpleRW,CBCdriftDiffusionLR_pwBelief,0.5,0.0296701533895821,0.680373956019071,13.8933280230849,2.73892185061639,0.5,34.0614925724156
CBC_1015,CBC_1015_MSI_AV_v3_Vset2_Aset3_2023-06-25_15h52.10.699.csv,3,13,3,2,b,1,0,3,aud,D,63,1,3D,2D,1,0,b,1.84283860000141,1,0,1,1,3D,2D,D32,2.63905732961526,0.529229994388501,0.485164923305209,0.5,0.5,0.5,0.529229994388501,0.5,0.5,0.5,0.5,0.543197812666209,0.5,0.5,0.5,0.485164923305209,0.500440159001081,0.515274836729812,0.484725163270188,0.500440159001081,0.485164923305209,0.3115908479559,0.76128928211261,0.499559840998919,0.0148220171097132,CBCsimpleRW,CBCdriftDiffusionLR_pwBelief,0.5,0.0296701533895821,0.680373956019071,13.8933280230849,2.73892185061639,0.5,34.0614925724156
CBC_1015,CBC_1015_MSI_AV_v3_Vset2_Aset3_2023-06-25_15h52.10.699.csv,3,14,3,2,z,0,1,0,aud,C,63,1,3C,2C,0,1,z,1.33511780000117,0,1,1,1,2C,3C,C32,2.67414864942653,0.529229994388501,0.485164923305209,0.5,0.5,0.5,0.529229994388501,0.5,0.5,0.5,0.5,0.543197812666209,0.5,0.5,0.5,0.485164923305209,0.515262176110794,0.543197812666209,0.456802187333791,0.543197812666209,0.5,0.79473506857117,0.963934581655986,0.456802187333791,0.0135533909668902,CBCsimpleRW,CBCdriftDiffusionLR_pwBelief,0.5,0.0296701533895821,0.680373956019071,13.8933280230849,2.73892185061639,0.5,34.0614925724156
CBC_1015,CBC_1015_MSI_AV_v3_Vset2_Aset3_2023-06-25_15h52.10.699.csv,3,15,1,3,b,1,0,1,aud,B,27,1,1B,3B,1,0,b,2.69954279999729,1,0,1,1,1B,3B,B13,3.40119738166216,0.529229994388501,0.485164923305209,0.5,0.5,0.5,0.529229994388501,0.5,0.5,0.5,0.5,0.556751203633099,0.5,0.5,0.5,0.485164923305209,0.515262176110794,0.529229994388501,0.470770005611499,0.529229994388501,0.5,0.173308807872746,0.902639921796051,0.470770005611499,0.0139678182777076,CBCsimpleRW,CBCdriftDiffusionLR_pwBelief,0.5,0.0296701533895821,0.680373956019071,13.8933280230849,2.73892185061639,0.5,34.0614925724156
CBC_1015,CBC_1015_MSI_AV_v3_Vset2_Aset3_2023-06-25_15h52.10.699.csv,3,16,3,0,z,0,1,2,aud,A,9,1,3A,0A,0,1,b,1.62584509999942,1,0,0,0,3A,0A,A30,3.43398720448515,0.529229994388501,0.485164923305209,0.5,0.5,0.5,0.543197812666209,0.5,0.5,0.5,0.5,0.556751203633099,0.5,0.5,0.5,0.485164923305209,0.515262176110794,0.470770005611499,0.529229994388501,0.5,0.529229994388501,0.0531463036043926,0.0978724002172083,-0.5,-0.0148350766947911,CBCsimpleRW,CBCdriftDiffusionLR_pwBelief,0.5,0.0296701533895821,0.680373956019071,13.8933280230849,2.73892185061639,0.5,34.0614925724156
CBC_1015,CBC_1015_MSI_AV_v3_Vset2_Aset3_2023-06-25_15h52.10.699.csv,3,17,3,2,b,1,0,3,aud,D,63,1,3D,2D,1,0,b,1.73593999999866,1,0,1,1,3D,2D,D32,2.36712361413162,0.529229994388501,0.485164923305209,0.5,0.485164923305209,0.5,0.543197812666209,0.5,0.5,0.5,0.5,0.556751203633099,0.5,0.5,0.5,0.485164923305209,0.515262176110794,0.530070019525171,0.469929980474829,0.515262176110794,0.485164923305209,0.448788096279928,0.907666576877241,0.484737823889206,0.014382245588525,CBCsimpleRW,CBCdriftDiffusionLR_pwBelief,0.5,0.0296701533895821,0.680373956019071,13.8933280230849,2.73892185061639,0.5,34.0614925724156
CBC_1015,CBC_1015_MSI_AV_v3_Vset2_Aset3_2023-06-25_15h52.10.699.csv,3,18,2,0,b,1,0,0,aud,C,27,1,2C,0C,1,0,b,0.873077999996895,1,0,1,1,2C,0C,C20,2.80336038090653,0.529229994388501,0.485164923305209,0.5,0.485164923305209,0.5,0.543197812666209,0.5,0.5,0.5,0.5,0.556751203633099,0.5,0.5,0.5,0.485164923305209,0.529644421699319,0.556751203633099,0.443248796366901,0.556751203633099,0.5,0.339390626141523,0.986867690018254,0.443248796366901,0.0131512597779536,CBCsimpleRW,CBCdriftDiffusionLR_pwBelief,0.5,0.0296701533895821,0.680373956019071,13.8933280230849,2.73892185061639,0.5,34.0614925724156
CBC_1015,CBC_1015_MSI_AV_v3_Vset2_Aset3_2023-06-25_15h52.10.699.csv,3,19,1,0,z,0,1,2,aud,A,63,1,1A,0A,0,1,z,1.41609320000134,0,1,1,1,0A,1A,A10,2.42774823594805,0.529229994388501,0.485164923305209,0.5,0.485164923305209,0.5,0.543197812666209,0.5,0.5,0.5,0.5,0.569902463411053,0.5,0.5,0.5,0.485164923305209,0.529644421699319,0.54398877181806,0.45601122818194,0.529229994388501,0.485164923305209,0.744831668538883,0.966017601669282,0.470770005611499,0.0139678182777076,CBCsimpleRW,CBCdriftDiffusionLR_pwBelief,0.5,0.0296701533895821,0.680373956019071,13.8933280230849,2.73892185061639,0.5,34.0614925724156
CBC_1015,CBC_1015_MSI_AV_v3_Vset2_Aset3_2023-06-25_15h52.10.699.csv,3,20,0,1,z,0,1,1,aud,B,63,0,0B,1B,1,0,z,1.64157819999673,0,1,1,0,1B,0B,B01,3.55534806148941,0.543197812666209,0.485164923305209,0.5,0.485164923305209,0.5,0.543197812666209,0.5,0.5,0.5,0.5,0.569902463411053,0.5,0.5,0.5,0.485164923305209,0.529644421699319,0.543197812666209,0.456802187333791,0.543197812666209,0.5,0.565107444488462,0.96393779202397,-0.543197812666209,-0.0161167624226919,CBCsimpleRW,CBCdriftDiffusionLR_pwBelief,0.5,0.0296701533895821,0.680373956019071,13.8933280230849,2.73892185061639,0.5,34.0614925724156
CBC_1015,CBC_1015_MSI_AV_v3_Vset2_Aset3_2023-06-25_15h52.10.699.csv,3,21,1,3,z,0,1,3,aud,D,27,1,1D,3D,0,1,z,1.48849080000218,0,1,1,1,3D,1D,D13,3.58351893845611,0.543197812666209,0.485164923305209,0.5,0.485164923305209,0.5,0.527081050243517,0.5,0.5,0.5,0.5,0.569902463411053,0.5,0.5,0.5,0.485164923305209,0.529644421699319,0.529644421699319,0.470355578300681,0.529644421699319,0.5,0.553238739031067,0.905087406236685,0.470355578300681,0.0139555221558268,CBCsimpleRW,CBCdriftDiffusionLR_pwBelief,0.5,0.0296701533895821,0.680373956019071,13.8933280230849,2.73892185061639,0.5,34.0614925724156
CBC_1015,CBC_1015_MSI_AV_v3_Vset2_Aset3_2023-06-25_15h52.10.699.csv,3,22,2,3,b,1,0,0,aud,C,63,1,2C,3C,1,0,b,1.246994000001,1,0,1,1,2C,3C,C23,2.91777073208428,0.543197812666209,0.485164923305209,0.5,0.485164923305209,0.5,0.527081050243517,0.5,0.5,0.5,0.5,0.569902463411053,0.5,0.5,0.5,0.485164923305209,0.543599943855146,0.569902463411053,0.430097536588947,0.569902463411053,0.5,1.20117857970846,0.995107579534932,0.430097536588947,0.0127610598830755,CBCsimpleRW,CBCdriftDiffusionLR_pwBelief,0.5,0.0296701533895821,0.680373956019071,13.8933280230849,2.73892185061639,0.5,34.0614925724156
CBC_1015,CBC_1015_MSI_AV_v3_Vset2_Aset3_2023-06-25_15h52.10.699.csv,3,23,1,0,b,1,0,1,aud,B,63,1,1B,0B,1,0,b,2.02961159999904,1,0,1,1,1B,0B,B10,2.53897387105828,0.543197812666209,0.485164923305209,0.5,0.485164923305209,0.5,0.527081050243517,0.5,0.5,0.5,0.5,0.582663523294128,0.5,0.5,0.5,0.485164923305209,0.543599943855146,0.527081050243517,0.472918949756483,0.527081050243517,0.5,0.329078006982564,0.887419531358748,0.472918949756483,0.0140315777801149,CBCsimpleRW,CBCdriftDiffusionLR_pwBelief,0.5,0.0296701533895821,0.680373956019071,13.8933280230849,2.73892185061639,0.5,34.0614925724156
CBC_1015,CBC_1015_MSI_AV_v3_Vset2_Aset3_2023-06-25_15h52.10.699.csv,3,24,2,0,z,0,1,2,aud,A,27,1,2A,0A,0,1,z,1.46015589999661,0,1,1,1,0A,2A,A20,3.66356164612965,0.543197812666209,0.485164923305209,0.5,0.485164923305209,0.5,0.541112628023632,0.5,0.5,0.5,0.5,0.582663523294128,0.5,0.5,0.5,0.485164923305209,0.543599943855146,0.543197812666209,0.456802187333791,0.543197812666209,0.5,0.703263793107336,0.964015164452424,0.456802187333791,0.0135533909668902,CBCsimpleRW,CBCdriftDiffusionLR_pwBelief,0.5,0.0296701533895821,0.680373956019071,13.8933280230849,2.73892185061639,0.5,34.0614925724156
CBC_1015,CBC_1015_MSI_AV_v3_Vset2_Aset3_2023-06-25_15h52.10.699.csv,3,25,2,3,z,0,1,3,aud,D,63,1,2D,3D,0,1,z,1.25674550000258,0,1,1,1,3D,2D,D23,2.99573227355399,0.556751203633099,0.485164923305209,0.5,0.485164923305209,0.5,0.541112628023632,0.5,0.5,0.5,0.5,0.582663523294128,0.5,0.5,0.5,0.485164923305209,0.543599943855146,0.558284225617196,0.441715774382804,0.543599943855146,0.485164923305209,1.05848436267002,0.988276477545453,0.456400056144854,0.0135414596728317,CBCsimpleRW,CBCdriftDiffusionLR_pwBelief,0.5,0.0296701533895821,0.680373956019071,13.8933280230849,2.73892185061639,0.5,34.0614925724156
CBC_1015,CBC_1015_MSI_AV_v3_Vset2_Aset3_2023-06-25_15h52.10.699.csv,3,26,2,0,b,1,0,0,aud,C,27,1,2C,0C,1,0,b,1.57212289999734,1,0,1,1,2C,0C,C20,2.6149597780362,0.556751203633099,0.485164923305209,0.5,0.485164923305209,0.5,0.541112628023632,0.5,0.5,0.5,0.5,0.582663523294128,0.5,0.5,0.5,0.485164923305209,0.557141403527977,0.582663523294128,0.417336476705872,0.582663523294128,0.5,0.501081282773701,0.998145392181758,0.417336476705872,0.012382437278931,CBCsimpleRW,CBCdriftDiffusionLR_pwBelief,0.5,0.0296701533895821,0.680373956019071,13.8933280230849,2.73892185061639,0.5,34.0614925724156
CBC_1015,CBC_1015_MSI_AV_v3_Vset2_Aset3_2023-06-25_15h52.10.699.csv,3,27,1,0,b,1,0,1,aud,B,63,1,1B,0B,1,0,b,0.831605399998807,1,0,1,1,1B,0B,B10,2.35137525716348,0.556751203633099,0.485164923305209,0.5,0.485164923305209,0.5,0.541112628023632,0.5,0.5,0.5,0.5,0.595045960573059,0.5,0.5,0.5,0.485164923305209,0.557141403527977,0.541112628023632,0.458887371976368,0.541112628023632,0.5,0.0815315754484796,0.957984480535172,0.458887371976368,0.0136152587150811,CBCsimpleRW,CBCdriftDiffusionLR_pwBelief,0.5,0.0296701533895821,0.680373956019071,13.8933280230849,2.73892185061639,0.5,34.0614925724156
CBC_1015,CBC_1015_MSI_AV_v3_Vset2_Aset3_2023-06-25_15h52.10.699.csv,3,28,0,1,b,1,0,2,aud,A,63,1,0A,1A,1,0,b,1.59616040000037,1,0,1,1,0A,1A,A01,3.76120011569356,0.556751203633099,0.485164923305209,0.5,0.485164923305209,0.5,0.554727886738713,0.5,0.5,0.5,0.5,0.595045960573059,0.5,0.5,0.5,0.485164923305209,0.557141403527977,0.571346013080343,0.428653986919657,0.556751203633099,0.485164923305209,0.558291629946796,0.995657793784361,0.443248796366901,0.0131512597779536,CBCsimpleRW,CBCdriftDiffusionLR_pwBelief,0.5,0.0296701533895821,0.680373956019071,13.8933280230849,2.73892185061639,0.5,34.0614925724156
CBC_1015,CBC_1015_MSI_AV_v3_Vset2_Aset3_2023-06-25_15h52.10.699.csv,3,29,3,2,z,0,1,0,aud,C,63,0,3C,2C,1,0,z,1.53224969999792,0,1,1,0,2C,3C,C32,2.68557734525015,0.569902463411053,0.485164923305209,0.5,0.485164923305209,0.5,0.554727886738713,0.5,0.5,0.5,0.5,0.595045960573059,0.5,0.5,0.5,0.485164923305209,0.557141403527977,0.595045960573059,0.404954039426941,0.595045960573059,0.5,0.44055863695553,0.999279270333318,-0.595045960573059,-0.0176551049240539,CBCsimpleRW,CBCdriftDiffusionLR_pwBelief,0.5,0.0296701533895821,0.680373956019071,13.8933280230849,2.73892185061639,0.5,34.0614925724156
CBC_1015,CBC_1015_MSI_AV_v3_Vset2_Aset3_2023-06-25_15h52.10.699.csv,3,30,3,1,b,1,0,3,aud,D,27,1,3D,1D,1,0,b,1.9412747000024,1,0,1,1,3D,1D,D31,3.80666248977032,0.569902463411053,0.485164923305209,0.5,0.485164923305209,0.5,0.554727886738713,0.5,0.5,0.5,0.5,0.577390855649005,0.5,0.5,0.5,0.485164923305209,0.557141403527977,0.557141403527977,0.442858596472023,0.557141403527977,0.5,0.326653145569697,0.987246319285006,0.442858596472023,0.01313968248722,CBCsimpleRW,CBCdriftDiffusionLR_pwBelief,0.5,0.0296701533895821,0.680373956019071,13.8933280230849,2.73892185061639,0.5,34.0614925724156
CBC_1015,CBC_1015_MSI_AV_v3_Vset2_Aset3_2023-06-25_15h52.10.699.csv,3,31,1,0,z,0,1,2,aud,A,63,1,1A,0A,0,1,z,1.49451260000205,0,1,1,1,0A,1A,A10,2.4423470353692,0.569902463411053,0.485164923305209,0.5,0.485164923305209,0.5,0.554727886738713,0.5,0.5,0.5,0.5,0.577390855649005,0.5,0.5,0.5,0.485164923305209,0.570281086015197,0.584387497927045,0.415612502072955,0.569902463411053,0.485164923305209,0.621272514619963,0.998384383502619,0.430097536588947,0.0127610598830755,CBCsimpleRW,CBCdriftDiffusionLR_pwBelief,0.5,0.0296701533895821,0.680373956019071,13.8933280230849,2.73892185061639,0.5,34.0614925724156
CBC_1015,CBC_1015_MSI_AV_v3_Vset2_Aset3_2023-06-25_15h52.10.699.csv,3,32,3,2,b,1,0,3,aud,D,63,1,3D,2D,1,0,b,1.90210989999832,1,0,1,1,3D,2D,D32,2.46385324059017,0.582663523294128,0.485164923305209,0.5,0.485164923305209,0.5,0.554727886738713,0.5,0.5,0.5,0.5,0.577390855649005,0.5,0.5,0.5,0.485164923305209,0.570281086015197,0.584762659934599,0.415237340065401,0.570281086015197,0.485164923305209,0.158480790102714,0.998423296497495,0.429718913984803,0.0127498260923337,CBCsimpleRW,CBCdriftDiffusionLR_pwBelief,0.5,0.0296701533895821,0.680373956019071,13.8933280230849,2.73892185061639,0.5,34.0614925724156
CBC_1015,CBC_1015_MSI_AV_v3_Vset2_Aset3_2023-06-25_15h52.10.699.csv,3,33,2,1,z,0,1,1,aud,B,9,1,2B,1B,0,1,z,1.13546700000006,0,1,1,1,1B,2B,B21,3.87120101090789,0.582663523294128,0.485164923305209,0.5,0.485164923305209,0.5,0.554727886738713,0.5,0.5,0.5,0.5,0.577390855649005,0.5,0.5,0.5,0.485164923305209,0.583030912107531,0.554727886738713,0.445272113261287,0.554727886738713,0.5,1.07538600516727,0.984737728889588,0.445272113261287,0.0132112919005658,CBCsimpleRW,CBCdriftDiffusionLR_pwBelief,0.5,0.0296701533895821,0.680373956019071,13.8933280230849,2.73892185061639,0.5,34.0614925724156
CBC_1015,CBC_1015_MSI_AV_v3_Vset2_Aset3_2023-06-25_15h52.10.699.csv,3,34,1,0,z,0,1,2,aud,A,63,1,1A,0A,0,1,z,1.50087050000002,0,1,1,1,0A,1A,A10,2.28238238567653,0.582663523294128,0.485164923305209,0.5,0.485164923305209,0.5,0.567939178639279,0.5,0.5,0.5,0.5,0.577390855649005,0.5,0.5,0.5,0.485164923305209,0.583030912107531,0.597022676706673,0.402977323293327,0.582663523294128,0.485164923305209,0.477191246240726,0.999377572615086,0.417336476705872,0.012382437278931,CBCsimpleRW,CBCdriftDiffusionLR_pwBelief,0.5,0.0296701533895821,0.680373956019071,13.8933280230849,2.73892185061639,0.5,34.0614925724156
CBC_1015,CBC_1015_MSI_AV_v3_Vset2_Aset3_2023-06-25_15h52.10.699.csv,3,35,2,1,b,1,0,0,aud,C,9,1,2C,1C,1,0,b,1.69454219999898,1,0,1,1,2C,1C,C21,3.91202300542815,0.595045960573059,0.485164923305209,0.5,0.485164923305209,0.5,0.567939178639279,0.5,0.5,0.5,0.5,0.577390855649005,0.5,0.5,0.5,0.485164923305209,0.583030912107531,0.577390855649005,0.422609144350995,0.577390855649005,0.5,0.386142822422013,0.997235310404077,0.422609144350995,0.0125388781367341,CBCsimpleRW,CBCdriftDiffusionLR_pwBelief,0.5,0.0296701533895821,0.680373956019071,13.8933280230849,2.73892185061639,0.5,34.0614925724156
CBC_1015,CBC_1015_MSI_AV_v3_Vset2_Aset3_2023-06-25_15h52.10.699.csv,3,36,1,0,b,1,0,1,aud,B,63,1,1B,0B,1,0,b,1.0045192999969,1,0,1,1,1B,0B,B10,2.32238772029023,0.595045960573059,0.485164923305209,0.5,0.485164923305209,0.5,0.567939178639279,0.5,0.5,0.5,0.5,0.58992973378574,0.5,0.5,0.5,0.485164923305209,0.583030912107531,0.567939178639279,0.432060821360721,0.567939178639279,0.5,1.22043197059005,0.994331860601474,0.432060821360721,0.0128193108434014,CBCsimpleRW,CBCdriftDiffusionLR_pwBelief,0.5,0.0296701533895821,0.680373956019071,13.8933280230849,2.73892185061639,0.5,34.0614925724156
CBC_1015,CBC_1015_MSI_AV_v3_Vset2_Aset3_2023-06-25_15h52.10.699.csv,3,37,0,1,b,1,0,2,aud,A,63,0,0A,1A,0,1,b,1.06808900000033,1,0,1,0,0A,1A,A01,3.25809653802148,0.595045960573059,0.485164923305209,0.5,0.485164923305209,0.5,0.58075848948268,0.5,0.5,0.5,0.5,0.58992973378574,0.5,0.5,0.5,0.485164923305209,0.583030912107531,0.609264777752399,0.390735222247601,0.595045960573059,0.485164923305209,2.15750408964697,0.999755207373733,-0.595045960573059,-0.0176551049240539,CBCsimpleRW,CBCdriftDiffusionLR_pwBelief,0.5,0.0296701533895821,0.680373956019071,13.8933280230849,2.73892185061639,0.5,34.0614925724156
CBC_1015,CBC_1015_MSI_AV_v3_Vset2_Aset3_2023-06-25_15h52.10.699.csv,3,38,0,1,z,0,1,1,aud,B,63,1,0B,1B,0,1,z,1.37136889999601,0,1,1,1,1B,0B,B01,3.27714473299218,0.577390855649005,0.485164923305209,0.5,0.485164923305209,0.5,0.58075848948268,0.5,0.5,0.5,0.5,0.58992973378574,0.5,0.5,0.5,0.485164923305209,0.583030912107531,0.58075848948268,0.41924151051732,0.58075848948268,0.5,0.928482785731529,0.997873048287343,0.41924151051732,0.012438959924329,CBCsimpleRW,CBCdriftDiffusionLR_pwBelief,0.5,0.0296701533895821,0.680373956019071,13.8933280230849,2.73892185061639,0.5,34.0614925724156
CBC_1015,CBC_1015_MSI_AV_v3_Vset2_Aset3_2023-06-25_15h52.10.699.csv,3,39,1,3,z,0,1,3,aud,D,27,1,1D,3D,0,1,z,1.29514090000157,0,1,1,1,3D,1D,D13,3.29583686600433,0.577390855649005,0.485164923305209,0.5,0.485164923305209,0.5,0.593197449407009,0.5,0.5,0.5,0.5,0.58992973378574,0.5,0.5,0.5,0.485164923305209,0.583030912107531,0.583030912107531,0.416969087892469,0.583030912107531,0.5,1.13122063023623,0.998200643605862,0.416969087892469,0.0123715367964837,CBCsimpleRW,CBCdriftDiffusionLR_pwBelief,0.5,0.0296701533895821,0.680373956019071,13.8933280230849,2.73892185061639,0.5,34.0614925724156
CBC_1015,CBC_1015_MSI_AV_v3_Vset2_Aset3_2023-06-25_15h52.10.699.csv,3,40,3,2,z,0,1,0,aud,C,63,1,3C,2C,0,1,z,1.1238615000002,0,1,1,1,2C,3C,C32,2.62103882411258,0.577390855649005,0.485164923305209,0.5,0.485164923305209,0.5,0.593197449407009,0.5,0.5,0.5,0.5,0.58992973378574,0.5,0.5,0.5,0.485164923305209,0.595402448904015,0.58992973378574,0.41007026621426,0.58992973378574,0.5,1.71317104669046,0.998937575516342,0.41007026621426,0.0121668476990839,CBCsimpleRW,CBCdriftDiffusionLR_pwBelief,0.5,0.0296701533895821,0.680373956019071,13.8933280230849,2.73892185061639,0.5,34.0614925724156
CBC_1015,CBC_1015_MSI_AV_v3_Vset2_Aset3_2023-06-25_15h52.10.699.csv,3,41,0,2,b,1,0,2,aud,A,27,1,0A,2A,1,0,b,1.02735769999708,1,0,1,1,0A,2A,A02,3.3322045101752,0.577390855649005,0.485164923305209,0.5,0.485164923305209,0.5,0.593197449407009,0.5,0.5,0.5,0.5,0.602096581484823,0.5,0.5,0.5,0.485164923305209,0.595402448904015,0.577390855649005,0.422609144350995,0.577390855649005,0.5,1.52713726724135,0.997240549654292,0.422609144350995,0.0125388781367341,CBCsimpleRW,CBCdriftDiffusionLR_pwBelief,0.5,0.0296701533895821,0.680373956019071,13.8933280230849,2.73892185061639,0.5,34.0614925724156
CBC_1015,CBC_1015_MSI_AV_v3_Vset2_Aset3_2023-06-25_15h52.10.699.csv,3,42,2,3,z,0,1,3,aud,D,63,1,2D,3D,0,1,z,1.03121200000169,0,1,1,1,3D,2D,D23,2.94443897916644,0.58992973378574,0.485164923305209,0.5,0.485164923305209,0.5,0.593197449407009,0.5,0.5,0.5,0.5,0.602096581484823,0.5,0.5,0.5,0.485164923305209,0.595402448904015,0.609616960899418,0.390383039100582,0.595402448904015,0.485164923305209,2.31092427418507,0.99976189689364,0.404597551095985,0.0120044714020672,CBCsimpleRW,CBCdriftDiffusionLR_pwBelief,0.5,0.0296701533895821,0.680373956019071,13.8933280230849,2.73892185061639,0.5,34.0614925724156
CBC_1015,CBC_1015_MSI_AV_v3_Vset2_Aset3_2023-06-25_15h52.10.699.csv,3,43,1,3,b,1,0,1,aud,B,27,1,1B,3B,1,0,b,0.913490000002639,1,0,1,1,1B,3B,B13,3.36729582998647,0.58992973378574,0.485164923305209,0.5,0.485164923305209,0.5,0.593197449407009,0.5,0.5,0.5,0.5,0.602096581484823,0.5,0.5,0.5,0.485164923305209,0.607406920306082,0.593197449407009,0.406802550592991,0.593197449407009,0.5,1.37971741638109,0.999169155333908,0.406802550592991,0.0120698940753673,CBCsimpleRW,CBCdriftDiffusionLR_pwBelief,0.5,0.0296701533895821,0.680373956019071,13.8933280230849,2.73892185061639,0.5,34.0614925724156
CBC_1015,CBC_1015_MSI_AV_v3_Vset2_Aset3_2023-06-25_15h52.10.699.csv,3,44,3,2,z,0,1,0,aud,C,63,1,3C,2C,0,1,z,1.18031119999796,0,1,1,1,2C,3C,C32,2.46809953147162,0.58992973378574,0.485164923305209,0.5,0.485164923305209,0.5,0.605267343482377,0.5,0.5,0.5,0.5,0.602096581484823,0.5,0.5,0.5,0.485164923305209,0.607406920306082,0.602096581484823,0.397903418515177,0.602096581484823,0.5,1.5419433718129,0.999577042933403,0.397903418515177,0.0118058554615844,CBCsimpleRW,CBCdriftDiffusionLR_pwBelief,0.5,0.0296701533895821,0.680373956019071,13.8933280230849,2.73892185061639,0.5,34.0614925724156
CBC_1015,CBC_1015_MSI_TV_v3_Vset5_Tset2_2023-06-25_16h00.28.888.csv,4,1,3,1,z,0,1,1,tac,B,27,1,3B,1B,0,1,b,2.43882049999957,1,0,0,0,3B,1B,B31,2.77258872223978,0.5,0.5,0.5,0.5,0.5,0.5,0.5,0.5,0.5,0.5,0.5,0.5,0.5,0.5,0.5,0.5,0.5,0.5,0.5,0.5,0.162657760701934,0.500415926050675,-0.5,-0.337612782246,CBCsimpleRW,CBCdriftDiffusionLR_pwBelief,0.5,0.675225564492,1.00447220429839,0.267288202894924,2.76385715002152,0.5,82.5163105931946
CBC_1015,CBC_1015_MSI_TV_v3_Vset5_Tset2_2023-06-25_16h00.28.888.csv,4,2,2,3,b,1,0,0,tac,C,63,1,2C,3C,1,0,z,1.48763870000039,0,1,0,0,3C,2C,C23,2.83321334405622,0.5,0.5,0.5,0.5,0.5,0.5,0.5,0.162387217754,0.5,0.5,0.5,0.5,0.5,0.5,0.5,0.5,0.5,0.5,0.5,0.5,0.227750366516299,0.500562180888713,-0.5,-0.337612782246,CBCsimpleRW,CBCdriftDiffusionLR_pwBelief,0.5,0.675225564492,1.00447220429839,0.267288202894924,2.76385715002152,0.5,82.5163105931946
CBC_1015,CBC_1015_MSI_TV_v3_Vset5_Tset2_2023-06-25_16h00.28.888.csv,4,3,2,3,z,0,1,3,tac,D,63,1,2D,3D,0,1,b,2.39299849999952,1,0,0,0,2D,3D,D23,2.89037175789616,0.5,0.5,0.5,0.5,0.5,0.5,0.5,0.162387217754,0.5,0.5,0.5,0.162387217754,0.5,0.5,0.5,0.5,0.5,0.5,0.5,0.5,0.167367231825265,0.500128478059959,-0.5,-0.337612782246,CBCsimpleRW,CBCdriftDiffusionLR_pwBelief,0.5,0.675225564492,1.00447220429839,0.267288202894924,2.76385715002152,0.5,82.5163105931946
CBC_1015,CBC_1015_MSI_TV_v3_Vset5_Tset2_2023-06-25_16h00.28.888.csv,4,4,1,0,b,1,0,1,tac,B,63,1,1B,0B,1,0,z,2.3995292000036,0,1,0,0,0B,1B,B10,2.94443897916644,0.5,0.5,0.5,0.5,0.5,0.5,0.5,0.162387217754,0.5,0.5,0.5,0.162387217754,0.5,0.5,0.162387217754,0.5,0.5,0.5,0.5,0.5,0.166782912357854,0.500451229915207,-0.5,-0.337612782246,CBCsimpleRW,CBCdriftDiffusionLR_pwBelief,0.5,0.675225564492,1.00447220429839,0.267288202894924,2.76385715002152,0.5,82.5163105931946
CBC_1015,CBC_1015_MSI_TV_v3_Vset5_Tset2_2023-06-25_16h00.28.888.csv,4,5,3,0,z,0,1,2,tac,A,9,1,3A,0A,0,1,b,2.75897629999963,1,0,0,0,3A,0A,A30,2.99573227355399,0.5,0.5,0.5,0.5,0.162387217754,0.5,0.5,0.162387217754,0.5,0.5,0.5,0.162387217754,0.5,0.5,0.162387217754,0.5,0.5,0.5,0.5,0.5,0.132213738713629,0.499480601782613,-0.5,-0.337612782246,CBCsimpleRW,CBCdriftDiffusionLR_pwBelief,0.5,0.675225564492,1.00447220429839,0.267288202894924,2.76385715002152,0.5,82.5163105931946
CBC_1015,CBC_1015_MSI_TV_v3_Vset5_Tset2_2023-06-25_16h00.28.888.csv,4,6,2,3,z,0,1,3,tac,D,63,1,2D,3D,0,1,b,2.43948430000091,1,0,0,0,2D,3D,D23,2.35137525716348,0.5,0.5,0.5,0.162387217754,0.162387217754,0.5,0.5,0.162387217754,0.5,0.5,0.5,0.162387217754,0.5,0.5,0.162387217754,0.5,0.162387217754,0.837612782246,0.162387217754,0.5,0.123791518518651,0.378208568410308,-0.162387217754,-0.10964800077423,CBCsimpleRW,CBCdriftDiffusionLR_pwBelief,0.5,0.675225564492,1.00447220429839,0.267288202894924,2.76385715002152,0.5,82.5163105931946
CBC_1015,CBC_1015_MSI_TV_v3_Vset5_Tset2_2023-06-25_16h00.28.888.csv,4,7,2,0,b,1,0,0,tac,C,27,1,2C,0C,1,0,b,2.42886870000075,1,0,1,1,2C,0C,C20,3.09104245335832,0.5,0.5,0.5,0.162387217754,0.162387217754,0.5,0.5,0.162387217754,0.5,0.5,0.5,0.162387217754,0.5,0.5,0.05273921697977,0.5,0.5,0.5,0.5,0.5,0.163438391704107,0.499643150221145,0.5,0.337612782246,CBCsimpleRW,CBCdriftDiffusionLR_pwBelief,0.5,0.675225564492,1.00447220429839,0.267288202894924,2.76385715002152,0.5,82.5163105931946
CBC_1015,CBC_1015_MSI_TV_v3_Vset5_Tset2_2023-06-25_16h00.28.888.csv,4,8,1,0,z,0,1,2,tac,A,63,1,1A,0A,0,1,z,2.66917680000188,0,1,1,1,0A,1A,A10,3.13549421592915,0.5,0.5,0.5,0.162387217754,0.162387217754,0.5,0.5,0.162387217754,0.5,0.5,0.837612782246,0.162387217754,0.5,0.5,0.05273921697977,0.5,0.5,0.5,0.5,0.5,0.140026961854291,0.49928497162291,0.5,0.337612782246,CBCsimpleRW,CBCdriftDiffusionLR_pwBelief,0.5,0.675225564492,1.00447220429839,0.267288202894924,2.76385715002152,0.5,82.5163105931946
CBC_1015,CBC_1015_MSI_TV_v3_Vset5_Tset2_2023-06-25_16h00.28.888.csv,4,9,0,1,z,0,1,1,tac,B,63,1,0B,1B,0,1,b,2.28324070000235,1,0,0,0,0B,1B,B01,3.17805383034795,0.837612782246,0.5,0.5,0.162387217754,0.162387217754,0.5,0.5,0.162387217754,0.5,0.5,0.837612782246,0.162387217754,0.5,0.5,0.05273921697977,0.5,0.162387217754,0.837612782246,0.162387217754,0.5,0.13683744920574,0.377797557889601,-0.162387217754,-0.10964800077423,CBCsimpleRW,CBCdriftDiffusionLR_pwBelief,0.5,0.675225564492,1.00447220429839,0.267288202894924,2.76385715002152,0.5,82.5163105931946
CBC_1015,CBC_1015_MSI_TV_v3_Vset5_Tset2_2023-06-25_16h00.28.888.csv,4,10,3,1,b,1,0,3,tac,D,27,1,3D,1D,1,0,b,3.30679750000127,1,0,1,1,3D,1D,D31,3.2188758248682,0.837612782246,0.5,0.5,0.162387217754,0.05273921697977,0.5,0.5,0.162387217754,0.5,0.5,0.837612782246,0.162387217754,0.5,0.5,0.05273921697977,0.5,0.5,0.5,0.5,0.5,0.0928728691522354,0.499672172982276,0.5,0.337612782246,CBCsimpleRW,CBCdriftDiffusionLR_pwBelief,0.5,0.675225564492,1.00447220429839,0.267288202894924,2.76385715002152,0.5,82.5163105931946
CBC_1015,CBC_1015_MSI_TV_v3_Vset5_Tset2_2023-06-25_16h00.28.888.csv,4,11,2,3,b,1,0,0,tac,C,63,1,2C,3C,1,0,b,1.77185180000379,1,0,1,1,2C,3C,C23,2.56494935746154,0.837612782246,0.5,0.5,0.162387217754,0.05273921697977,0.5,0.5,0.162387217754,0.5,0.5,0.837612782246,0.162387217754,0.5,0.5,0.05273921697977,0.837612782246,0.963776257916527,0.0362237420834728,0.837612782246,0.162387217754,0.325485047192414,0.665570328714204,0.162387217754,0.10964800077423,CBCsimpleRW,CBCdriftDiffusionLR_pwBelief,0.5,0.675225564492,1.00447220429839,0.267288202894924,2.76385715002152,0.5,82.5163105931946
CBC_1015,CBC_1015_MSI_TV_v3_Vset5_Tset2_2023-06-25_16h00.28.888.csv,4,12,0,1,z,0,1,1,tac,B,63,1,0B,1B,0,1,b,2.7398912000026,1,0,0,0,0B,1B,B01,2.60268968544438,0.837612782246,0.5,0.5,0.162387217754,0.05273921697977,0.5,0.5,0.162387217754,0.5,0.5,0.94726078302023,0.162387217754,0.5,0.5,0.05273921697977,0.837612782246,0.05273921697977,0.94726078302023,0.05273921697977,0.5,0.0917412186229023,0.340981474727022,-0.05273921697977,-0.0356108675560312,CBCsimpleRW,CBCdriftDiffusionLR_pwBelief,0.5,0.675225564492,1.00447220429839,0.267288202894924,2.76385715002152,0.5,82.5163105931946
CBC_1015,CBC_1015_MSI_TV_v3_Vset5_Tset2_2023-06-25_16h00.28.888.csv,4,13,1,0,z,0,1,2,tac,A,63,1,1A,0A,0,1,z,2.60757100000046,0,1,1,1,0A,1A,A10,2.63905732961526,0.837612782246,0.5,0.5,0.162387217754,0.0171283494237387,0.5,0.5,0.162387217754,0.5,0.5,0.94726078302023,0.162387217754,0.5,0.5,0.05273921697977,0.837612782246,0.837612782246,0.162387217754,0.837612782246,0.5,0.182398460221003,0.622202863254192,0.162387217754,0.10964800077423,CBCsimpleRW,CBCdriftDiffusionLR_pwBelief,0.5,0.675225564492,1.00447220429839,0.267288202894924,2.76385715002152,0.5,82.5163105931946
CBC_1015,CBC_1015_MSI_TV_v3_Vset5_Tset2_2023-06-25_16h00.28.888.csv,4,14,2,1,b,1,0,0,tac,C,9,1,2C,1C,1,0,b,3.25271699999939,1,0,1,1,2C,1C,C21,3.36729582998647,0.94726078302023,0.5,0.5,0.162387217754,0.0171283494237387,0.5,0.5,0.162387217754,0.5,0.5,0.94726078302023,0.162387217754,0.5,0.5,0.05273921697977,0.837612782246,0.94726078302023,0.0527392169797699,0.94726078302023,0.5,0.125566605340167,0.659349124233716,0.0527392169797699,0.0356108675560312,CBCsimpleRW,CBCdriftDiffusionLR_pwBelief,0.5,0.675225564492,1.00447220429839,0.267288202894924,2.76385715002152,0.5,82.5163105931946
CBC_1015,CBC_1015_MSI_TV_v3_Vset5_Tset2_2023-06-25_16h00.28.888.csv,4,15,0,1,b,1,0,2,tac,A,63,1,0A,1A,1,0,b,3.64799470000071,1,0,1,1,0A,1A,A01,3.40119738166216,0.94726078302023,0.5,0.5,0.162387217754,0.0171283494237387,0.5,0.5,0.162387217754,0.5,0.5,0.982871650576261,0.162387217754,0.5,0.5,0.05273921697977,0.837612782246,0.94726078302023,0.0527392169797699,0.94726078302023,0.5,0.0961319420534453,0.65893447040977,0.0527392169797699,0.0356108675560312,CBCsimpleRW,CBCdriftDiffusionLR_pwBelief,0.5,0.675225564492,1.00447220429839,0.267288202894924,2.76385715002152,0.5,82.5163105931946
CBC_1015,CBC_1015_MSI_TV_v3_Vset5_Tset2_2023-06-25_16h00.28.888.csv,4,16,1,3,z,0,1,3,tac,D,27,1,1D,3D,0,1,b,1.98583770000187,1,0,0,0,1D,3D,D13,3.43398720448515,0.982871650576261,0.5,0.5,0.162387217754,0.0171283494237387,0.5,0.5,0.162387217754,0.5,0.5,0.982871650576261,0.162387217754,0.5,0.5,0.05273921697977,0.837612782246,0.162387217754,0.837612782246,0.5,0.837612782246,0.164206897114742,0.377923180602669,-0.5,-0.337612782246,CBCsimpleRW,CBCdriftDiffusionLR_pwBelief,0.5,0.675225564492,1.00447220429839,0.267288202894924,2.76385715002152,0.5,82.5163105931946
CBC_1015,CBC_1015_MSI_TV_v3_Vset5_Tset2_2023-06-25_16h00.28.888.csv,4,17,1,0,b,1,0,1,tac,B,63,1,1B,0B,1,0,b,2.70182110000314,1,0,1,1,1B,0B,B10,2.77258872223978,0.982871650576261,0.5,0.5,0.162387217754,0.0171283494237387,0.5,0.5,0.162387217754,0.5,0.5,0.982871650576261,0.162387217754,0.5,0.162387217754,0.05273921697977,0.837612782246,0.982871650576261,0.0171283494237388,0.5,0.0171283494237387,0.185389554596652,0.671177226139964,0.5,0.337612782246,CBCsimpleRW,CBCdriftDiffusionLR_pwBelief,0.5,0.675225564492,1.00447220429839,0.267288202894924,2.76385715002152,0.5,82.5163105931946
CBC_1015,CBC_1015_MSI_TV_v3_Vset5_Tset2_2023-06-25_16h00.28.888.csv,4,18,3,2,z,0,1,0,tac,C,63,0,3C,2C,1,0,z,2.3114327000003,0,1,1,0,2C,3C,C32,3.49650756146648,0.982871650576261,0.5,0.5,0.162387217754,0.0171283494237387,0.837612782246,0.5,0.162387217754,0.5,0.5,0.982871650576261,0.162387217754,0.5,0.162387217754,0.05273921697977,0.837612782246,0.996632850121987,0.00336714987801282,0.982871650576261,0.162387217754,0.24274542346569,0.675496594247017,-0.982871650576261,-0.66366006508354,CBCsimpleRW,CBCdriftDiffusionLR_pwBelief,0.5,0.675225564492,1.00447220429839,0.267288202894924,2.76385715002152,0.5,82.5163105931946
CBC_1015,CBC_1015_MSI_TV_v3_Vset5_Tset2_2023-06-25_16h00.28.888.csv,4,19,0,2,b,1,0,2,tac,A,27,1,0A,2A,1,0,b,3.12627550000252,1,0,1,1,0A,2A,A02,3.52636052461616,0.982871650576261,0.5,0.5,0.162387217754,0.0171283494237387,0.837612782246,0.5,0.162387217754,0.5,0.5,0.319211585492721,0.162387217754,0.5,0.162387217754,0.05273921697977,0.837612782246,0.982871650576261,0.0171283494237386,0.982871650576261,0.5,0.139004198408278,0.671160409621518,0.0171283494237386,0.0115654994084602,CBCsimpleRW,CBCdriftDiffusionLR_pwBelief,0.5,0.675225564492,1.00447220429839,0.267288202894924,2.76385715002152,0.5,82.5163105931946
CBC_1015,CBC_1015_MSI_TV_v3_Vset5_Tset2_2023-06-25_16h00.28.888.csv,4,20,2,3,z,0,1,3,tac,D,63,1,2D,3D,0,1,b,2.8379160000004,1,0,0,0,2D,3D,D23,2.4567357728213,0.994437149984722,0.5,0.5,0.162387217754,0.0171283494237387,0.837612782246,0.5,0.162387217754,0.5,0.5,0.319211585492721,0.162387217754,0.5,0.162387217754,0.05273921697977,0.837612782246,0.0106784965908467,0.989321503409153,0.05273921697977,0.837612782246,0.0824418146439461,0.327302995157991,-0.05273921697977,-0.0356108675560312,CBCsimpleRW,CBCdriftDiffusionLR_pwBelief,0.5,0.675225564492,1.00447220429839,0.267288202894924,2.76385715002152,0.5,82.5163105931946
CBC_1015,CBC_1015_MSI_TV_v3_Vset5_Tset2_2023-06-25_16h00.28.888.csv,4,21,1,3,b,1,0,1,tac,B,27,1,1B,3B,1,0,b,2.37343660000261,1,0,1,1,1B,3B,B13,3.58351893845611,0.994437149984722,0.5,0.5,0.162387217754,0.0171283494237387,0.837612782246,0.5,0.162387217754,0.5,0.5,0.319211585492721,0.162387217754,0.5,0.162387217754,0.0171283494237387,0.837612782246,0.963776257916527,0.0362237420834728,0.837612782246,0.162387217754,0.229017057034077,0.665453548572739,0.162387217754,0.10964800077423,CBCsimpleRW,CBCdriftDiffusionLR_pwBelief,0.5,0.675225564492,1.00447220429839,0.267288202894924,2.76385715002152,0.5,82.5163105931946
CBC_1015,CBC_1015_MSI_TV_v3_Vset5_Tset2_2023-06-25_16h00.28.888.csv,4,22,2,3,b,1,0,0,tac,C,63,1,2C,3C,1,0,z,3.58931819999998,0,1,0,0,3C,2C,C23,2.51230562397611,0.994437149984722,0.5,0.5,0.162387217754,0.0171283494237387,0.94726078302023,0.5,0.162387217754,0.5,0.5,0.319211585492721,0.162387217754,0.5,0.162387217754,0.0171283494237387,0.837612782246,0.292520313678722,0.707479686321278,0.162387217754,0.319211585492721,0.0653320993533995,0.42366007689094,-0.162387217754,-0.10964800077423,CBCsimpleRW,CBCdriftDiffusionLR_pwBelief,0.5,0.675225564492,1.00447220429839,0.267288202894924,2.76385715002152,0.5,82.5163105931946
CBC_1015,CBC_1015_MSI_TV_v3_Vset5_Tset2_2023-06-25_16h00.28.888.csv,4,23,1,0,z,0,1,2,tac,A,63,1,1A,0A,0,1,z,2.63261110000167,0,1,1,1,0A,1A,A10,2.53897387105828,0.994437149984722,0.5,0.5,0.162387217754,0.0171283494237387,0.94726078302023,0.5,0.162387217754,0.5,0.5,0.319211585492721,0.05273921697977,0.5,0.162387217754,0.0171283494237387,0.837612782246,0.994437149984722,0.00556285001527845,0.994437149984722,0.5,0.195326932566705,0.674609140259254,0.00556285001527845,0.00375617854175073,CBCsimpleRW,CBCdriftDiffusionLR_pwBelief,0.5,0.675225564492,1.00447220429839,0.267288202894924,2.76385715002152,0.5,82.5163105931946
CBC_1015,CBC_1015_MSI_TV_v3_Vset5_Tset2_2023-06-25_16h00.28.888.csv,4,24,1,2,b,1,0,1,tac,B,9,1,1B,2B,1,0,b,3.5651663000026,1,0,1,1,1B,2B,B12,3.66356164612965,0.998193328526472,0.5,0.5,0.162387217754,0.0171283494237387,0.94726078302023,0.5,0.162387217754,0.5,0.5,0.319211585492721,0.05273921697977,0.5,0.162387217754,0.0171283494237387,0.837612782246,0.94726078302023,0.0527392169797699,0.94726078302023,0.5,0.101756832533585,0.659746279725269,0.0527392169797699,0.0356108675560312,CBCsimpleRW,CBCdriftDiffusionLR_pwBelief,0.5,0.675225564492,1.00447220429839,0.267288202894924,2.76385715002152,0.5,82.5163105931946
CBC_1015,CBC_1015_MSI_TV_v3_Vset5_Tset2_2023-06-25_16h00.28.888.csv,4,25,3,2,z,0,1,0,tac,C,63,1,3C,2C,0,1,z,2.32264399999985,0,1,1,1,2C,3C,C32,2.99573227355399,0.998193328526472,0.5,0.5,0.162387217754,0.0171283494237387,0.982871650576261,0.5,0.162387217754,0.5,0.5,0.319211585492721,0.05273921697977,0.5,0.162387217754,0.0171283494237387,0.837612782246,0.893862610346556,0.106137389653444,0.319211585492721,0.05273921697977,0.227578225864828,0.642301704443323,0.680788414507279,0.459685741485291,CBCsimpleRW,CBCdriftDiffusionLR_pwBelief,0.5,0.675225564492,1.00447220429839,0.267288202894924,2.76385715002152,0.5,82.5163105931946
CBC_1015,CBC_1015_MSI_TV_v3_Vset5_Tset2_2023-06-25_16h00.28.888.csv,4,26,3,2,b,1,0,3,tac,D,63,1,3D,2D,1,0,b,2.65547820000211,1,0,1,1,3D,2D,D32,3.71357206670431,0.998193328526472,0.5,0.5,0.162387217754,0.0171283494237387,0.982871650576261,0.5,0.162387217754,0.5,0.5,0.778897326978012,0.05273921697977,0.5,0.162387217754,0.0171283494237387,0.837612782246,0.996632850121987,0.00336714987801279,0.837612782246,0.0171283494237387,0.192774051990574,0.676109334803666,0.162387217754,0.10964800077423,CBCsimpleRW,CBCdriftDiffusionLR_pwBelief,0.5,0.675225564492,1.00447220429839,0.267288202894924,2.76385715002152,0.5,82.5163105931946
CBC_1015,CBC_1015_MSI_TV_v3_Vset5_Tset2_2023-06-25_16h00.28.888.csv,4,27,1,0,b,1,0,1,tac,B,63,1,1B,0B,1,0,z,2.22857990000193,0,1,0,0,0B,1B,B10,2.63905732961526,0.998193328526472,0.5,0.5,0.162387217754,0.0171283494237387,0.982871650576261,0.5,0.162387217754,0.5,0.5,0.778897326978012,0.05273921697977,0.5,0.162387217754,0.0171283494237387,0.94726078302023,0.000303602635953304,0.999696397364047,0.0171283494237387,0.982871650576261,0.122589762932569,0.322881613206206,-0.0171283494237387,-0.0115654994084602,CBCsimpleRW,CBCdriftDiffusionLR_pwBelief,0.5,0.675225564492,1.00447220429839,0.267288202894924,2.76385715002152,0.5,82.5163105931946
CBC_1015,CBC_1015_MSI_TV_v3_Vset5_Tset2_2023-06-25_16h00.28.888.csv,4,28,2,0,z,0,1,2,tac,A,27,1,2A,0A,NaN,NaN,None,NaN,NaN,NaN,NaN,NaN,,,A20,3.76120011569356,0.998193328526472,0.5,0.5,0.162387217754,0.00556285001527851,0.982871650576261,0.5,0.162387217754,0.5,0.5,0.778897326978012,0.05273921697977,0.5,0.162387217754,0.0171283494237387,0.94726078302023,0,0,0,0,NaN,0,0,0,CBCsimpleRW,CBCdriftDiffusionLR_pwBelief,0.5,0.675225564492,1.00447220429839,0.267288202894924,2.76385715002152,0.5,82.5163105931946
CBC_1015,CBC_1015_MSI_TV_v3_Vset5_Tset2_2023-06-25_16h00.28.888.csv,4,29,3,1,b,1,0,3,tac,D,27,1,3D,1D,1,0,b,2.39075229999798,1,0,1,1,3D,1D,D31,3.09104245335832,0.998193328526472,0.5,0.5,0.162387217754,0.00556285001527851,0.982871650576261,0.5,0.162387217754,0.5,0.5,0.778897326978012,0.05273921697977,0.5,0.162387217754,0.0171283494237387,0.94726078302023,0.989321503409153,0.0106784965908466,0.94726078302023,0.162387217754,0.229408415832748,0.673313621435813,0.0527392169797699,0.0356108675560312,CBCsimpleRW,CBCdriftDiffusionLR_pwBelief,0.5,0.675225564492,1.00447220429839,0.267288202894924,2.76385715002152,0.5,82.5163105931946
CBC_1015,CBC_1015_MSI_TV_v3_Vset5_Tset2_2023-06-25_16h00.28.888.csv,4,30,0,1,b,1,0,2,tac,A,63,1,0A,1A,1,0,b,3.806262099999,1,0,1,1,0A,1A,A01,3.11351530921037,0.998193328526472,0.5,0.5,0.162387217754,0.00556285001527851,0.982871650576261,0.5,0.162387217754,0.5,0.5,0.778897326978012,0.05273921697977,0.5,0.162387217754,0.0171283494237387,0.982871650576261,0.998193328526472,0.00180667147352775,0.998193328526472,0.5,0.0880828848389424,0.676474888972132,0.00180667147352775,0.00121991076556437,CBCsimpleRW,CBCdriftDiffusionLR_pwBelief,0.5,0.675225564492,1.00447220429839,0.267288202894924,2.76385715002152,0.5,82.5163105931946
CBC_1015,CBC_1015_MSI_TV_v3_Vset5_Tset2_2023-06-25_16h00.28.888.csv,4,31,0,2,z,0,1,0,tac,C,27,1,0C,2C,0,1,b,2.38648430000103,1,0,0,0,0C,2C,C02,3.8286413964891,0.999413239292037,0.5,0.5,0.162387217754,0.00556285001527851,0.982871650576261,0.5,0.162387217754,0.5,0.5,0.778897326978012,0.05273921697977,0.5,0.162387217754,0.0171283494237387,0.982871650576261,0.221102673021988,0.778897326978012,0.5,0.778897326978012,0.134642140672816,0.398396080800723,-0.5,-0.337612782246,CBCsimpleRW,CBCdriftDiffusionLR_pwBelief,0.5,0.675225564492,1.00447220429839,0.267288202894924,2.76385715002152,0.5,82.5163105931946
CBC_1015,CBC_1015_MSI_TV_v3_Vset5_Tset2_2023-06-25_16h00.28.888.csv,4,32,3,2,b,1,0,3,tac,D,63,1,3D,2D,1,0,b,5.06498989999818,1,0,1,1,3D,2D,D32,3.15700042115011,0.999413239292037,0.5,0.5,0.162387217754,0.00556285001527851,0.982871650576261,0.5,0.162387217754,0.162387217754,0.5,0.778897326978012,0.05273921697977,0.5,0.162387217754,0.0171283494237387,0.982871650576261,0.999696397364047,0.000303602635953304,0.982871650576261,0.0171283494237387,0.0373607776724977,0.677123349036402,0.0171283494237386,0.0115654994084602,CBCsimpleRW,CBCdriftDiffusionLR_pwBelief,0.5,0.675225564492,1.00447220429839,0.267288202894924,2.76385715002152,0.5,82.5163105931946
CBC_1015,CBC_1015_MSI_TV_v3_Vset5_Tset2_2023-06-25_16h00.28.888.csv,4,33,0,1,z,0,1,1,tac,B,63,1,0B,1B,0,1,b,1.75207060000321,1,0,0,0,0B,1B,B01,2.77258872223978,0.999413239292037,0.5,0.5,0.162387217754,0.00556285001527851,0.982871650576261,0.5,0.162387217754,0.162387217754,0.5,0.778897326978012,0.05273921697977,0.5,0.162387217754,0.0171283494237387,0.994437149984722,9.74757040489521e-05,0.999902524295951,0.00556285001527851,0.982871650576261,0.159547514125788,0.322186484268041,-0.00556285001527851,-0.00375617854175076,CBCsimpleRW,CBCdriftDiffusionLR_pwBelief,0.5,0.675225564492,1.00447220429839,0.267288202894924,2.76385715002152,0.5,82.5163105931946
CBC_1015,CBC_1015_MSI_TV_v3_Vset5_Tset2_2023-06-25_16h00.28.888.csv,4,34,1,0,z,0,1,2,tac,A,63,1,1A,0A,0,1,z,3.07736740000109,0,1,1,1,0A,1A,A10,2.50552593699074,0.999413239292037,0.5,0.5,0.162387217754,0.00180667147352775,0.982871650576261,0.5,0.162387217754,0.162387217754,0.5,0.778897326978012,0.05273921697977,0.5,0.162387217754,0.0171283494237387,0.994437149984722,0.999413239292037,0.000586760707963374,0.999413239292037,0.5,0.144526447038372,0.675322717450918,0.000586760707963374,0.000396195830256295,CBCsimpleRW,CBCdriftDiffusionLR_pwBelief,0.5,0.675225564492,1.00447220429839,0.267288202894924,2.76385715002152,0.5,82.5163105931946
CBC_1015,CBC_1015_MSI_TV_v3_Vset5_Tset2_2023-06-25_16h00.28.888.csv,4,35,3,2,b,1,0,3,tac,D,63,0,3D,2D,0,1,b,1.72018090000347,1,0,1,0,3D,2D,D32,2.81341071676004,0.999809435122293,0.5,0.5,0.162387217754,0.00180667147352775,0.982871650576261,0.5,0.162387217754,0.162387217754,0.5,0.778897326978012,0.05273921697977,0.5,0.162387217754,0.0171283494237387,0.994437149984722,0.999902524295951,9.74757040490548e-05,0.994437149984722,0.0171283494237387,0.337965101086782,0.676384422314516,-0.994437149984722,-0.67146938595025,CBCsimpleRW,CBCdriftDiffusionLR_pwBelief,0.5,0.675225564492,1.00447220429839,0.267288202894924,2.76385715002152,0.5,82.5163105931946
CBC_1015,CBC_1015_MSI_TV_v3_Vset5_Tset2_2023-06-25_16h00.28.888.csv,4,36,0,2,z,0,1,0,tac,C,27,1,0C,2C,0,1,z,2.8514224999999,0,1,1,1,2C,0C,C02,3.23867845216438,0.999809435122293,0.5,0.5,0.162387217754,0.00180667147352775,0.982871650576261,0.5,0.162387217754,0.162387217754,0.5,0.778897326978012,0.05273921697977,0.5,0.162387217754,0.0171283494237387,0.322967764034472,0.947837748904498,0.0521622510955022,0.778897326978012,0.162387217754,0.164773033825949,0.660158215427082,0.221102673021988,0.149294177201962,CBCsimpleRW,CBCdriftDiffusionLR_pwBelief,0.5,0.675225564492,1.00447220429839,0.267288202894924,2.76385715002152,0.5,82.5163105931946
CBC_1015,CBC_1015_MSI_TV_v3_Vset5_Tset2_2023-06-25_16h00.28.888.csv,4,37,1,0,z,0,1,2,tac,A,63,1,1A,0A,0,1,b,2.55290980000063,1,0,0,0,1A,0A,A10,2.34180580614733,0.999809435122293,0.5,0.5,0.162387217754,0.00180667147352775,0.982871650576261,0.5,0.162387217754,0.162387217754,0.5,0.928191504179974,0.05273921697977,0.5,0.162387217754,0.0171283494237387,0.322967764034472,0.000190564877707078,0.999809435122293,0.5,0.999809435122293,0.0987098497277449,0.322924574305402,-0.5,-0.337612782246,CBCsimpleRW,CBCdriftDiffusionLR_pwBelief,0.5,0.675225564492,1.00447220429839,0.267288202894924,2.76385715002152,0.5,82.5163105931946
CBC_1015,CBC_1015_MSI_TV_v3_Vset5_Tset2_2023-06-25_16h00.28.888.csv,4,38,3,1,z,0,1,1,tac,B,27,1,3B,1B,0,1,b,2.69317840000076,1,0,0,0,3B,1B,B31,3.27714473299218,0.999809435122293,0.162387217754,0.5,0.162387217754,0.00180667147352775,0.982871650576261,0.5,0.162387217754,0.162387217754,0.5,0.928191504179974,0.05273921697977,0.5,0.162387217754,0.0171283494237387,0.322967764034472,0.00336714987801282,0.996632850121987,0.162387217754,0.982871650576261,0.0900657255135874,0.324074522810276,-0.162387217754,-0.10964800077423,CBCsimpleRW,CBCdriftDiffusionLR_pwBelief,0.5,0.675225564492,1.00447220429839,0.267288202894924,2.76385715002152,0.5,82.5163105931946
CBC_1015,CBC_1015_MSI_TV_v3_Vset5_Tset2_2023-06-25_16h00.28.888.csv,4,39,2,3,b,1,0,0,tac,C,63,1,2C,3C,1,0,b,1.19651920000251,1,0,1,1,2C,3C,C23,2.60268968544438,0.999809435122293,0.162387217754,0.5,0.162387217754,0.00180667147352775,0.982871650576261,0.5,0.05273921697977,0.162387217754,0.5,0.928191504179974,0.05273921697977,0.5,0.162387217754,0.0171283494237387,0.322967764034472,0.995711200408559,0.00428879959144091,0.928191504179974,0.05273921697977,0.0649377744492829,0.674731459529987,0.0718084958200259,0.0484869321253984,CBCsimpleRW,CBCdriftDiffusionLR_pwBelief,0.5,0.675225564492,1.00447220429839,0.267288202894924,2.76385715002152,0.5,82.5163105931946
CBC_1015,CBC_1015_MSI_TV_v3_Vset5_Tset2_2023-06-25_16h00.28.888.csv,4,40,2,3,z,0,1,3,tac,D,63,1,2D,3D,0,1,z,2.63724820000061,0,1,1,1,3D,2D,D23,2.62103882411258,0.999809435122293,0.162387217754,0.5,0.162387217754,0.00180667147352775,0.982871650576261,0.5,0.05273921697977,0.162387217754,0.5,0.976678436305373,0.05273921697977,0.5,0.162387217754,0.0171283494237387,0.322967764034472,0.96475590825952,0.0352440917404798,0.322967764034472,0.0171283494237387,0.192076797912358,0.665956788234091,0.677032235965528,0.457149473709105,CBCsimpleRW,CBCdriftDiffusionLR_pwBelief,0.5,0.675225564492,1.00447220429839,0.267288202894924,2.76385715002152,0.5,82.5163105931946
CBC_1015,CBC_1015_MSI_TV_v3_Vset5_Tset2_2023-06-25_16h00.28.888.csv,4,41,1,0,b,1,0,1,tac,B,63,1,1B,0B,1,0,b,3.2222757999989,1,0,1,1,1B,0B,B10,2.63905732961526,0.999809435122293,0.162387217754,0.5,0.162387217754,0.00180667147352775,0.982871650576261,0.5,0.05273921697977,0.162387217754,0.5,0.976678436305373,0.05273921697977,0.5,0.162387217754,0.0171283494237387,0.780117237743577,0.999968459430428,3.15405695716642e-05,0.982871650576261,0.00180667147352775,0.131321636162558,0.677505307646334,0.0171283494237386,0.0115654994084602,CBCsimpleRW,CBCdriftDiffusionLR_pwBelief,0.5,0.675225564492,1.00447220429839,0.267288202894924,2.76385715002152,0.5,82.5163105931946
CBC_1015,CBC_1015_MSI_TV_v3_Vset5_Tset2_2023-06-25_16h00.28.888.csv,4,42,0,2,b,1,0,2,tac,A,27,1,0A,2A,1,0,z,3.87274719999914,0,1,0,0,2A,0A,A02,3.3499040872746,0.999809435122293,0.162387217754,0.5,0.162387217754,0.00180667147352775,0.994437149984722,0.5,0.05273921697977,0.162387217754,0.5,0.976678436305373,0.05273921697977,0.5,0.162387217754,0.0171283494237387,0.780117237743577,0.000190564877707078,0.999809435122293,0.5,0.999809435122293,0.0402805363928601,0.323673306161833,-0.5,-0.337612782246,CBCsimpleRW,CBCdriftDiffusionLR_pwBelief,0.5,0.675225564492,1.00447220429839,0.267288202894924,2.76385715002152,0.5,82.5163105931946
CBC_1015,CBC_1015_MSI_TV_v3_Vset5_Tset2_2023-06-25_16h00.28.888.csv,4,43,0,3,z,0,1,3,tac,D,9,1,0D,3D,0,1,z,2.30880560000151,0,1,1,1,3D,0D,D03,4.06044301054642,0.999809435122293,0.162387217754,0.162387217754,0.162387217754,0.00180667147352775,0.994437149984722,0.5,0.05273921697977,0.162387217754,0.5,0.976678436305373,0.05273921697977,0.5,0.162387217754,0.0171283494237387,0.780117237743577,0.780117237743577,0.219882762256423,0.780117237743577,0.5,0.214656856445954,0.604060112362395,0.219882762256423,0.148470462266654,CBCsimpleRW,CBCdriftDiffusionLR_pwBelief,0.5,0.675225564492,1.00447220429839,0.267288202894924,2.76385715002152,0.5,82.5163105931946
CBC_1015,CBC_1015_MSI_TV_v3_Vset5_Tset2_2023-06-25_16h00.28.888.csv,4,44,2,3,b,1,0,0,tac,C,63,1,2C,3C,1,0,z,2.97398659999817,0,1,0,0,3C,2C,C23,2.46809953147162,0.999809435122293,0.162387217754,0.162387217754,0.162387217754,0.00180667147352775,0.994437149984722,0.5,0.05273921697977,0.162387217754,0.5,0.976678436305373,0.05273921697977,0.5,0.162387217754,0.0171283494237387,0.92858770001023,0.00132767934803701,0.998672320651963,0.05273921697977,0.976678436305373,0.0743871664310809,0.323981859912015,-0.05273921697977,-0.0356108675560312,CBCsimpleRW,CBCdriftDiffusionLR_pwBelief,0.5,0.675225564492,1.00447220429839,0.267288202894924,2.76385715002152,0.5,82.5163105931946
