ID,filename,session,trial,visStimLeft,visStimRight,correctKey,leftCorrect,rightCorrect,secondStim,mod2Type,mod2Stim,frequency,rewardAccurate,stimPairLeft,stimPairRight,pCorrectLeft,pCorrectRight,key,reactionTime,choiceLeft,choiceRight,choiceAccurate,reward,chosenPair,otherPair,triplet,surprise,0A belief,1A belief,2A belief,3A belief,0B belief,1B belief,2B belief,3B belief,0C belief,1C belief,2C belief,3C belief,0D belief,1D belief,2D belief,3D belief,beliefPairNorm,beliefOtherPairNorm,beliefPair,beliefOtherPair,lik,corrLik,rewardPE,update2,fit_percModel,fit_respModel,fit_startBelief,fit_alpha1,fit_alpha12,fit_nonDecisionTime,fit_weight,fit_startingBoundary,fit_startingPoint,fit_NLL
CBC_1005,CBC_1005_MSI_AV_v3_Vset5_Aset2_2023-06-03_12h46.50.942.csv,1,1,2,0,b,1,0,2,aud,C,27,1,2C,0C,1,0,z,1.67739559999973,0,1,0,0,0C,2C,C20,2.77258872223978,0.5,0.5,0.5,0.5,0.5,0.5,0.5,0.5,0.5,0.5,0.5,0.5,0.5,0.5,0.5,0.5,0.5,0.5,0.5,0.5,0.0613518817576267,0.498994054255002,-0.5,-0.00240603758718066,CBCsimpleAsymRW,CBCdriftDiffusionLR,0.5,0.000775539985317653,0.00481207517436133,1.58133014838015,0.0429532247460682,2.03771810436697,0.5,64.7578901655923
CBC_1005,CBC_1005_MSI_AV_v3_Vset5_Aset2_2023-06-03_12h46.50.942.csv,1,2,3,2,b,1,0,3,aud,D,63,1,3D,2D,1,0,b,2.50123630000053,1,0,1,1,3D,2D,D32,2.83321334405622,0.5,0.5,0.5,0.5,0.5,0.5,0.5,0.5,0.497593962412819,0.5,0.5,0.5,0.5,0.5,0.5,0.5,0.5,0.5,0.5,0.5,0.253551106387385,0.500241474202679,0.5,0.000387769992658826,CBCsimpleAsymRW,CBCdriftDiffusionLR,0.5,0.000775539985317653,0.00481207517436133,1.58133014838015,0.0429532247460682,2.03771810436697,0.5,64.7578901655923
CBC_1005,CBC_1005_MSI_AV_v3_Vset5_Aset2_2023-06-03_12h46.50.942.csv,1,3,1,0,z,0,1,1,aud,A,63,1,1A,0A,0,1,b,2.53934029999982,1,0,0,0,1A,0A,A10,2.89037175789616,0.5,0.5,0.5,0.5,0.5,0.5,0.5,0.5,0.497593962412819,0.5,0.5,0.5,0.5,0.5,0.5,0.500387769992659,0.5,0.5,0.5,0.5,0.242500878564096,0.500531480853527,-0.5,-0.00240603758718066,CBCsimpleAsymRW,CBCdriftDiffusionLR,0.5,0.000775539985317653,0.00481207517436133,1.58133014838015,0.0429532247460682,2.03771810436697,0.5,64.7578901655923
CBC_1005,CBC_1005_MSI_AV_v3_Vset5_Aset2_2023-06-03_12h46.50.942.csv,1,4,2,3,b,1,0,2,aud,C,63,1,2C,3C,1,0,z,5.27325980000023,0,1,0,0,3C,2C,C23,2.94443897916644,0.5,0.497593962412819,0.5,0.5,0.5,0.5,0.5,0.5,0.497593962412819,0.5,0.5,0.5,0.5,0.5,0.5,0.500387769992659,0.5,0.5,0.5,0.5,0.00938891333348289,0.499195170874582,-0.5,-0.00240603758718066,CBCsimpleAsymRW,CBCdriftDiffusionLR,0.5,0.000775539985317653,0.00481207517436133,1.58133014838015,0.0429532247460682,2.03771810436697,0.5,64.7578901655923
CBC_1005,CBC_1005_MSI_AV_v3_Vset5_Aset2_2023-06-03_12h46.50.942.csv,1,5,0,2,b,1,0,1,aud,A,27,1,0A,2A,1,0,b,3.06709689999843,1,0,1,1,0A,2A,A02,2.99573227355399,0.5,0.497593962412819,0.5,0.5,0.5,0.5,0.5,0.5,0.497593962412819,0.5,0.5,0.497593962412819,0.5,0.5,0.5,0.500387769992659,0.5,0.5,0.5,0.5,0.12954589103575,0.500488080086041,0.5,0.000387769992658826,CBCsimpleAsymRW,CBCdriftDiffusionLR,0.5,0.000775539985317653,0.00481207517436133,1.58133014838015,0.0429532247460682,2.03771810436697,0.5,64.7578901655923
CBC_1005,CBC_1005_MSI_AV_v3_Vset5_Aset2_2023-06-03_12h46.50.942.csv,1,6,2,3,z,0,1,3,aud,D,63,1,2D,3D,0,1,z,3.24123200000031,0,1,1,1,3D,2D,D23,3.04452243772342,0.500387769992659,0.497593962412819,0.5,0.5,0.5,0.5,0.5,0.5,0.497593962412819,0.5,0.5,0.497593962412819,0.5,0.5,0.5,0.500387769992659,0.500193809842688,0.499806190157312,0.500387769992659,0.5,0.104932432855659,0.49860626712279,0.499612230007341,0.000387469261524413,CBCsimpleAsymRW,CBCdriftDiffusionLR,0.5,0.000775539985317653,0.00481207517436133,1.58133014838015,0.0429532247460682,2.03771810436697,0.5,64.7578901655923
CBC_1005,CBC_1005_MSI_AV_v3_Vset5_Aset2_2023-06-03_12h46.50.942.csv,1,7,3,2,b,1,0,3,aud,D,63,1,3D,2D,1,0,b,2.80879760000062,1,0,1,1,3D,2D,D32,2.39789527279837,0.500387769992659,0.497593962412819,0.5,0.5,0.5,0.5,0.5,0.5,0.497593962412819,0.5,0.5,0.497593962412819,0.5,0.5,0.5,0.500775239254183,0.500387319361918,0.499612680638082,0.500775239254183,0.5,0.175525040614486,0.498886064405787,0.499224760745817,0.000387168763619019,CBCsimpleAsymRW,CBCdriftDiffusionLR,0.5,0.000775539985317653,0.00481207517436133,1.58133014838015,0.0429532247460682,2.03771810436697,0.5,64.7578901655923
CBC_1005,CBC_1005_MSI_AV_v3_Vset5_Aset2_2023-06-03_12h46.50.942.csv,1,8,3,1,z,0,1,0,aud,B,27,1,3B,1B,0,1,z,2.27630219999992,0,1,1,1,1B,3B,B31,3.13549421592915,0.500387769992659,0.497593962412819,0.5,0.5,0.5,0.5,0.5,0.5,0.497593962412819,0.5,0.5,0.497593962412819,0.5,0.5,0.5,0.501162408017802,0.5,0.5,0.5,0.5,0.329815043801083,0.499853772177557,0.5,0.000387769992658826,CBCsimpleAsymRW,CBCdriftDiffusionLR,0.5,0.000775539985317653,0.00481207517436133,1.58133014838015,0.0429532247460682,2.03771810436697,0.5,64.7578901655923
CBC_1005,CBC_1005_MSI_AV_v3_Vset5_Aset2_2023-06-03_12h46.50.942.csv,1,9,0,3,z,0,1,3,aud,D,9,1,0D,3D,0,1,z,2.4888977999999,0,1,1,1,3D,0D,D03,3.17805383034795,0.500387769992659,0.497593962412819,0.5,0.5,0.5,0.500387769992659,0.5,0.5,0.497593962412819,0.5,0.5,0.497593962412819,0.5,0.5,0.5,0.501162408017802,0.500580529197108,0.499419470802892,0.501162408017802,0.5,0.25706161962467,0.499814519853677,0.498837591982198,0.000386868498761767,CBCsimpleAsymRW,CBCdriftDiffusionLR,0.5,0.000775539985317653,0.00481207517436133,1.58133014838015,0.0429532247460682,2.03771810436697,0.5,64.7578901655923
CBC_1005,CBC_1005_MSI_AV_v3_Vset5_Aset2_2023-06-03_12h46.50.942.csv,1,10,1,0,b,1,0,0,aud,B,63,1,1B,0B,1,0,z,3.21889609999926,0,1,0,0,0B,1B,B10,3.2188758248682,0.500387769992659,0.497593962412819,0.5,0.5,0.5,0.500387769992659,0.5,0.5,0.497593962412819,0.5,0.5,0.497593962412819,0.5,0.5,0.5,0.501549276516564,0.499806190157312,0.500193809842688,0.5,0.500387769992659,0.108077452388791,0.500096390132321,-0.5,-0.00240603758718066,CBCsimpleAsymRW,CBCdriftDiffusionLR,0.5,0.000775539985317653,0.00481207517436133,1.58133014838015,0.0429532247460682,2.03771810436697,0.5,64.7578901655923
CBC_1005,CBC_1005_MSI_AV_v3_Vset5_Aset2_2023-06-03_12h46.50.942.csv,1,11,1,0,z,0,1,1,aud,A,63,1,1A,0A,0,1,b,2.90202439999848,1,0,0,0,1A,0A,A10,2.56494935746154,0.500387769992659,0.497593962412819,0.5,0.5,0.497593962412819,0.500387769992659,0.5,0.5,0.497593962412819,0.5,0.5,0.497593962412819,0.5,0.5,0.5,0.501549276516564,0.498600271182767,0.501399728817233,0.497593962412819,0.500387769992659,0.157186755534479,0.499102317627958,-0.497593962412819,-0.00239445955343881,CBCsimpleAsymRW,CBCdriftDiffusionLR,0.5,0.000775539985317653,0.00481207517436133,1.58133014838015,0.0429532247460682,2.03771810436697,0.5,64.7578901655923
CBC_1005,CBC_1005_MSI_AV_v3_Vset5_Aset2_2023-06-03_12h46.50.942.csv,1,12,0,1,z,0,1,0,aud,B,63,1,0B,1B,0,1,z,2.25599349999902,0,1,1,1,1B,0B,B01,3.29583686600433,0.500387769992659,0.495199502859381,0.5,0.5,0.497593962412819,0.500387769992659,0.5,0.5,0.497593962412819,0.5,0.5,0.497593962412819,0.5,0.5,0.5,0.501549276516564,0.501399728817233,0.498600271182767,0.500387769992659,0.497593962412819,0.33728183059109,0.499412745325995,0.499612230007341,0.000387469261524413,CBCsimpleAsymRW,CBCdriftDiffusionLR,0.5,0.000775539985317653,0.00481207517436133,1.58133014838015,0.0429532247460682,2.03771810436697,0.5,64.7578901655923
CBC_1005,CBC_1005_MSI_AV_v3_Vset5_Aset2_2023-06-03_12h46.50.942.csv,1,13,2,3,z,0,1,3,aud,D,63,1,2D,3D,0,1,z,3.23586460000115,0,1,1,1,3D,2D,D23,2.63905732961526,0.500387769992659,0.495199502859381,0.5,0.5,0.497593962412819,0.500775239254183,0.5,0.5,0.497593962412819,0.5,0.5,0.497593962412819,0.5,0.5,0.5,0.501549276516564,0.500773439985875,0.499226560014125,0.501549276516564,0.5,0.105958552708523,0.500279524569453,0.498450723483436,0.000386568466771917,CBCsimpleAsymRW,CBCdriftDiffusionLR,0.5,0.000775539985317653,0.00481207517436133,1.58133014838015,0.0429532247460682,2.03771810436697,0.5,64.7578901655923
CBC_1005,CBC_1005_MSI_AV_v3_Vset5_Aset2_2023-06-03_12h46.50.942.csv,1,14,1,3,b,1,0,0,aud,B,27,1,1B,3B,1,0,b,2.45550560000083,1,0,1,1,1B,3B,B13,3.36729582998647,0.500387769992659,0.495199502859381,0.5,0.5,0.497593962412819,0.500775239254183,0.5,0.5,0.497593962412819,0.5,0.5,0.497593962412819,0.5,0.5,0.5,0.501935844983336,0.500387319361918,0.499612680638082,0.500775239254183,0.5,0.267724940846496,0.50039458229345,0.499224760745817,0.000387168763619019,CBCsimpleAsymRW,CBCdriftDiffusionLR,0.5,0.000775539985317653,0.00481207517436133,1.58133014838015,0.0429532247460682,2.03771810436697,0.5,64.7578901655923
CBC_1005,CBC_1005_MSI_AV_v3_Vset5_Aset2_2023-06-03_12h46.50.942.csv,1,15,3,2,z,0,1,2,aud,C,63,1,3C,2C,0,1,z,1.74428199999966,0,1,1,1,2C,3C,C32,3.40119738166216,0.500387769992659,0.495199502859381,0.5,0.5,0.497593962412819,0.501162408017802,0.5,0.5,0.497593962412819,0.5,0.5,0.497593962412819,0.5,0.5,0.5,0.501935844983336,0.501205920283119,0.498794079716881,0.5,0.497593962412819,0.255853800210383,0.50043577555298,0.5,0.000387769992658826,CBCsimpleAsymRW,CBCdriftDiffusionLR,0.5,0.000775539985317653,0.00481207517436133,1.58133014838015,0.0429532247460682,2.03771810436697,0.5,64.7578901655923
CBC_1005,CBC_1005_MSI_AV_v3_Vset5_Aset2_2023-06-03_12h46.50.942.csv,1,16,2,0,b,1,0,2,aud,C,27,1,2C,0C,1,0,z,1.84134079999967,0,1,0,0,0C,2C,C20,2.7408400239252,0.500387769992659,0.495199502859381,0.5,0.5,0.497593962412819,0.501162408017802,0.5,0.5,0.497593962412819,0.5,0.500387769992659,0.497593962412819,0.5,0.5,0.5,0.501935844983336,0.498600271182767,0.501399728817233,0.497593962412819,0.500387769992659,0.416517779139799,0.500047116109359,-0.497593962412819,-0.00239445955343881,CBCsimpleAsymRW,CBCdriftDiffusionLR,0.5,0.000775539985317653,0.00481207517436133,1.58133014838015,0.0429532247460682,2.03771810436697,0.5,64.7578901655923
CBC_1005,CBC_1005_MSI_AV_v3_Vset5_Aset2_2023-06-03_12h46.50.942.csv,1,17,0,3,b,1,0,1,aud,A,9,1,0A,3A,1,0,b,3.01164740000058,1,0,1,1,0A,3A,A03,3.46573590279973,0.500387769992659,0.495199502859381,0.5,0.5,0.497593962412819,0.501162408017802,0.5,0.5,0.495199502859381,0.5,0.500387769992659,0.497593962412819,0.5,0.5,0.5,0.501935844983336,0.500193809842688,0.499806190157312,0.500387769992659,0.5,0.138094657349858,0.499491424186152,0.499612230007341,0.000387469261524413,CBCsimpleAsymRW,CBCdriftDiffusionLR,0.5,0.000775539985317653,0.00481207517436133,1.58133014838015,0.0429532247460682,2.03771810436697,0.5,64.7578901655923
CBC_1005,CBC_1005_MSI_AV_v3_Vset5_Aset2_2023-06-03_12h46.50.942.csv,1,18,2,3,b,1,0,2,aud,C,63,0,2C,3C,0,1,z,2.32952279999881,0,1,0,1,3C,2C,C23,2.80336038090653,0.500775239254183,0.495199502859381,0.5,0.5,0.497593962412819,0.501162408017802,0.5,0.5,0.495199502859381,0.5,0.500387769992659,0.497593962412819,0.5,0.5,0.5,0.501935844983336,0.498600271182767,0.501399728817233,0.497593962412819,0.500387769992659,0.310325253869355,0.500216474211878,0.502406037587181,0.000389635971013862,CBCsimpleAsymRW,CBCdriftDiffusionLR,0.5,0.000775539985317653,0.00481207517436133,1.58133014838015,0.0429532247460682,2.03771810436697,0.5,64.7578901655923
CBC_1005,CBC_1005_MSI_AV_v3_Vset5_Aset2_2023-06-03_12h46.50.942.csv,1,19,1,0,z,0,1,1,aud,A,63,1,1A,0A,0,1,b,2.70831840000028,1,0,0,0,1A,0A,A10,2.42774823594805,0.500775239254183,0.495199502859381,0.5,0.5,0.497593962412819,0.501162408017802,0.5,0.5,0.495199502859381,0.5,0.500387769992659,0.497983598383833,0.5,0.5,0.5,0.501935844983336,0.497200864560596,0.502799135439404,0.495199502859381,0.500775239254183,0.197988917832612,0.49941280326096,-0.495199502859381,-0.0023829372340657,CBCsimpleAsymRW,CBCdriftDiffusionLR,0.5,0.000775539985317653,0.00481207517436133,1.58133014838015,0.0429532247460682,2.03771810436697,0.5,64.7578901655923
CBC_1005,CBC_1005_MSI_AV_v3_Vset5_Aset2_2023-06-03_12h46.50.942.csv,1,20,3,2,b,1,0,3,aud,D,63,1,3D,2D,1,0,z,2.68972179999946,0,1,0,0,2D,3D,D32,2.4567357728213,0.500775239254183,0.492816565625315,0.5,0.5,0.497593962412819,0.501162408017802,0.5,0.5,0.495199502859381,0.5,0.500387769992659,0.497983598383833,0.5,0.5,0.5,0.501935844983336,0.499033947635955,0.500966052364045,0.5,0.501935844983336,0.202608530057845,0.499900619969627,-0.5,-0.00240603758718066,CBCsimpleAsymRW,CBCdriftDiffusionLR,0.5,0.000775539985317653,0.00481207517436133,1.58133014838015,0.0429532247460682,2.03771810436697,0.5,64.7578901655923
CBC_1005,CBC_1005_MSI_AV_v3_Vset5_Aset2_2023-06-03_12h46.50.942.csv,1,21,3,2,z,0,1,2,aud,C,63,1,3C,2C,0,1,z,2.76160509999863,0,1,1,1,2C,3C,C32,2.89037175789616,0.500775239254183,0.492816565625315,0.5,0.5,0.497593962412819,0.501162408017802,0.5,0.5,0.495199502859381,0.5,0.500387769992659,0.497983598383833,0.5,0.5,0.497593962412819,0.501935844983336,0.501204046753031,0.498795953246969,0.500387769992659,0.497983598383833,0.185900317448089,0.499563509637577,0.499612230007341,0.000387469261524413,CBCsimpleAsymRW,CBCdriftDiffusionLR,0.5,0.000775539985317653,0.00481207517436133,1.58133014838015,0.0429532247460682,2.03771810436697,0.5,64.7578901655923
CBC_1005,CBC_1005_MSI_AV_v3_Vset5_Aset2_2023-06-03_12h46.50.942.csv,1,22,3,1,b,1,0,3,aud,D,27,1,3D,1D,1,0,z,1.87488090000079,0,1,0,0,1D,3D,D31,3.61091791264422,0.500775239254183,0.492816565625315,0.5,0.5,0.497593962412819,0.501162408017802,0.5,0.5,0.495199502859381,0.5,0.500775239254183,0.497983598383833,0.5,0.5,0.497593962412819,0.501935844983336,0.499033947635955,0.500966052364045,0.5,0.501935844983336,0.436466683045112,0.500395200467496,-0.5,-0.00240603758718066,CBCsimpleAsymRW,CBCdriftDiffusionLR,0.5,0.000775539985317653,0.00481207517436133,1.58133014838015,0.0429532247460682,2.03771810436697,0.5,64.7578901655923
CBC_1005,CBC_1005_MSI_AV_v3_Vset5_Aset2_2023-06-03_12h46.50.942.csv,1,23,0,1,b,1,0,1,aud,A,63,1,0A,1A,1,0,z,2.6624797000004,0,1,0,0,1A,0A,A01,3.63758615972639,0.500775239254183,0.492816565625315,0.5,0.5,0.497593962412819,0.501162408017802,0.5,0.5,0.495199502859381,0.5,0.500775239254183,0.497983598383833,0.5,0.497593962412819,0.497593962412819,0.501935844983336,0.495994998353557,0.504005001646443,0.492816565625315,0.500775239254183,0.209329020388772,0.500040196427464,-0.492816565625315,-0.00237147036095959,CBCsimpleAsymRW,CBCdriftDiffusionLR,0.5,0.000775539985317653,0.00481207517436133,1.58133014838015,0.0429532247460682,2.03771810436697,0.5,64.7578901655923
CBC_1005,CBC_1005_MSI_AV_v3_Vset5_Aset2_2023-06-03_12h46.50.942.csv,1,24,3,2,z,0,1,2,aud,C,63,1,3C,2C,0,1,b,2.09615459999986,1,0,0,0,3C,2C,C32,2.56494935746154,0.500775239254183,0.490445095264355,0.5,0.5,0.497593962412819,0.501162408017802,0.5,0.5,0.495199502859381,0.5,0.500775239254183,0.497983598383833,0.5,0.497593962412819,0.497593962412819,0.501935844983336,0.498602444972126,0.501397555027874,0.497983598383833,0.500775239254183,0.401109210144388,0.499982469569648,-0.497983598383833,-0.00239633451102197,CBCsimpleAsymRW,CBCdriftDiffusionLR,0.5,0.000775539985317653,0.00481207517436133,1.58133014838015,0.0429532247460682,2.03771810436697,0.5,64.7578901655923
CBC_1005,CBC_1005_MSI_AV_v3_Vset5_Aset2_2023-06-03_12h46.50.942.csv,1,25,0,2,b,1,0,1,aud,A,27,1,0A,2A,1,0,z,2.6287984999999,0,1,0,0,2A,0A,A02,2.99573227355399,0.500775239254183,0.490445095264355,0.5,0.5,0.497593962412819,0.501162408017802,0.5,0.5,0.495199502859381,0.5,0.500775239254183,0.495587263872811,0.5,0.497593962412819,0.497593962412819,0.501935844983336,0.499612680638082,0.500387319361918,0.5,0.500775239254183,0.21785309160253,0.500002234885946,-0.5,-0.00240603758718066,CBCsimpleAsymRW,CBCdriftDiffusionLR,0.5,0.000775539985317653,0.00481207517436133,1.58133014838015,0.0429532247460682,2.03771810436697,0.5,64.7578901655923
CBC_1005,CBC_1005_MSI_AV_v3_Vset5_Aset2_2023-06-03_12h46.50.942.csv,1,26,1,0,b,1,0,0,aud,B,63,1,1B,0B,1,0,z,2.26941439999973,0,1,0,0,0B,1B,B10,3.02042488614436,0.500775239254183,0.490445095264355,0.497593962412819,0.5,0.497593962412819,0.501162408017802,0.5,0.5,0.495199502859381,0.5,0.500775239254183,0.495587263872811,0.5,0.497593962412819,0.497593962412819,0.501935844983336,0.498213555522332,0.501786444477668,0.497593962412819,0.501162408017802,0.333018500904682,0.500731855709919,-0.497593962412819,-0.00239445955343881,CBCsimpleAsymRW,CBCdriftDiffusionLR,0.5,0.000775539985317653,0.00481207517436133,1.58133014838015,0.0429532247460682,2.03771810436697,0.5,64.7578901655923
CBC_1005,CBC_1005_MSI_AV_v3_Vset5_Aset2_2023-06-03_12h46.50.942.csv,1,27,0,1,z,0,1,0,aud,B,63,1,0B,1B,0,1,b,2.32489919999898,1,0,0,0,0B,1B,B01,3.04452243772342,0.500775239254183,0.490445095264355,0.497593962412819,0.5,0.495199502859381,0.501162408017802,0.5,0.5,0.495199502859381,0.5,0.500775239254183,0.495587263872811,0.5,0.497593962412819,0.497593962412819,0.501935844983336,0.497007661024912,0.502992338975088,0.495199502859381,0.501162408017802,0.312262651712971,0.500636133707011,-0.495199502859381,-0.0023829372340657,CBCsimpleAsymRW,CBCdriftDiffusionLR,0.5,0.000775539985317653,0.00481207517436133,1.58133014838015,0.0429532247460682,2.03771810436697,0.5,64.7578901655923
CBC_1005,CBC_1005_MSI_AV_v3_Vset5_Aset2_2023-06-03_12h46.50.942.csv,1,28,3,2,z,0,1,2,aud,C,63,1,3C,2C,0,1,b,2.41856229999939,1,0,0,0,3C,2C,C32,2.37490575457367,0.500775239254183,0.490445095264355,0.497593962412819,0.5,0.492816565625315,0.501162408017802,0.5,0.5,0.495199502859381,0.5,0.500775239254183,0.495587263872811,0.5,0.497593962412819,0.497593962412819,0.501935844983336,0.497396542239852,0.502603457760148,0.495587263872811,0.500775239254183,0.279303262552174,0.499766099640885,-0.495587263872811,-0.00238480316921201,CBCsimpleAsymRW,CBCdriftDiffusionLR,0.5,0.000775539985317653,0.00481207517436133,1.58133014838015,0.0429532247460682,2.03771810436697,0.5,64.7578901655923
CBC_1005,CBC_1005_MSI_AV_v3_Vset5_Aset2_2023-06-03_12h46.50.942.csv,1,29,3,1,b,1,0,3,aud,D,27,1,3D,1D,1,0,z,2.53521189999992,0,1,0,0,1D,3D,D31,3.09104245335832,0.500775239254183,0.490445095264355,0.497593962412819,0.5,0.492816565625315,0.501162408017802,0.5,0.5,0.495199502859381,0.5,0.500775239254183,0.493202460703599,0.5,0.497593962412819,0.497593962412819,0.501935844983336,0.497828037474026,0.502171962525974,0.497593962412819,0.501935844983336,0.243401017979264,0.499937188236775,-0.497593962412819,-0.00239445955343881,CBCsimpleAsymRW,CBCdriftDiffusionLR,0.5,0.000775539985317653,0.00481207517436133,1.58133014838015,0.0429532247460682,2.03771810436697,0.5,64.7578901655923
CBC_1005,CBC_1005_MSI_AV_v3_Vset5_Aset2_2023-06-03_12h46.50.942.csv,1,30,1,2,z,0,1,2,aud,C,9,1,1C,2C,NaN,NaN,[],NaN,NaN,NaN,NaN,NaN,,,C12,3.80666248977032,0.500775239254183,0.490445095264355,0.497593962412819,0.5,0.492816565625315,0.501162408017802,0.5,0.5,0.495199502859381,0.5,0.500775239254183,0.493202460703599,0.5,0.495199502859381,0.497593962412819,0.501935844983336,0,0,0,0,NaN,0,0,0,CBCsimpleAsymRW,CBCdriftDiffusionLR,0.5,0.000775539985317653,0.00481207517436133,1.58133014838015,0.0429532247460682,2.03771810436697,0.5,64.7578901655923
CBC_1005,CBC_1005_MSI_AV_v3_Vset5_Aset2_2023-06-03_12h46.50.942.csv,1,31,3,1,z,0,1,0,aud,B,27,1,3B,1B,0,1,b,2.07530410000072,1,0,0,0,3B,1B,B31,3.13549421592915,0.500775239254183,0.490445095264355,0.497593962412819,0.5,0.492816565625315,0.501162408017802,0.5,0.5,0.495199502859381,0.5,0.500775239254183,0.493202460703599,0.5,0.495199502859381,0.497593962412819,0.501935844983336,0.499419470802892,0.500580529197108,0.5,0.501162408017802,0.409527602751057,0.500501926206499,-0.5,-0.00240603758718066,CBCsimpleAsymRW,CBCdriftDiffusionLR,0.5,0.000775539985317653,0.00481207517436133,1.58133014838015,0.0429532247460682,2.03771810436697,0.5,64.7578901655923
CBC_1005,CBC_1005_MSI_AV_v3_Vset5_Aset2_2023-06-03_12h46.50.942.csv,1,32,3,2,b,1,0,3,aud,D,63,1,3D,2D,1,0,b,3.03599029999896,1,0,1,1,3D,2D,D32,2.46385324059017,0.500775239254183,0.490445095264355,0.497593962412819,0.5,0.492816565625315,0.501162408017802,0.5,0.497593962412819,0.495199502859381,0.5,0.500775239254183,0.493202460703599,0.5,0.495199502859381,0.497593962412819,0.501935844983336,0.502171962525974,0.497828037474026,0.501935844983336,0.497593962412819,0.134430028949319,0.500508455465316,0.498064155016664,0.000386268667468873,CBCsimpleAsymRW,CBCdriftDiffusionLR,0.5,0.000775539985317653,0.00481207517436133,1.58133014838015,0.0429532247460682,2.03771810436697,0.5,64.7578901655923
CBC_1005,CBC_1005_MSI_AV_v3_Vset5_Aset2_2023-06-03_12h46.50.942.csv,1,33,0,1,z,0,1,0,aud,B,63,1,0B,1B,0,1,z,2.43764489999921,0,1,1,1,1B,0B,B01,2.77258872223978,0.500775239254183,0.490445095264355,0.497593962412819,0.5,0.492816565625315,0.501162408017802,0.5,0.497593962412819,0.495199502859381,0.5,0.500775239254183,0.493202460703599,0.5,0.495199502859381,0.497593962412819,0.502322113650805,0.504198198661033,0.495801801338967,0.501162408017802,0.492816565625315,0.273500521442848,0.500521365524641,0.498837591982198,0.000386868498761767,CBCsimpleAsymRW,CBCdriftDiffusionLR,0.5,0.000775539985317653,0.00481207517436133,1.58133014838015,0.0429532247460682,2.03771810436697,0.5,64.7578901655923
CBC_1005,CBC_1005_MSI_AV_v3_Vset5_Aset2_2023-06-03_12h46.50.942.csv,1,34,1,0,z,0,1,1,aud,A,63,0,1A,0A,1,0,b,3.1622126000002,1,0,0,1,1A,0A,A10,2.50552593699074,0.500775239254183,0.490445095264355,0.497593962412819,0.5,0.492816565625315,0.501549276516564,0.5,0.497593962412819,0.495199502859381,0.5,0.500775239254183,0.493202460703599,0.5,0.495199502859381,0.497593962412819,0.502322113650805,0.494789178737518,0.505210821262482,0.490445095264355,0.500775239254183,0.115496997648155,0.499612195333296,0.509554904735645,0.00039518020333722,CBCsimpleAsymRW,CBCdriftDiffusionLR,0.5,0.000775539985317653,0.00481207517436133,1.58133014838015,0.0429532247460682,2.03771810436697,0.5,64.7578901655923
CBC_1005,CBC_1005_MSI_AV_v3_Vset5_Aset2_2023-06-03_12h46.50.942.csv,1,35,2,3,b,1,0,2,aud,C,63,1,2C,3C,1,0,z,2.37133899999935,0,1,0,0,3C,2C,C23,2.81341071676004,0.500775239254183,0.490840275467692,0.497593962412819,0.5,0.492816565625315,0.501549276516564,0.5,0.497593962412819,0.495199502859381,0.5,0.500775239254183,0.493202460703599,0.5,0.495199502859381,0.497593962412819,0.502322113650805,0.496190669795255,0.503809330204745,0.493202460703599,0.500775239254183,0.295501286233133,0.500189475403868,-0.493202460703599,-0.00237332731708571,CBCsimpleAsymRW,CBCdriftDiffusionLR,0.5,0.000775539985317653,0.00481207517436133,1.58133014838015,0.0429532247460682,2.03771810436697,0.5,64.7578901655923
CBC_1005,CBC_1005_MSI_AV_v3_Vset5_Aset2_2023-06-03_12h46.50.942.csv,1,36,0,2,b,1,0,1,aud,A,27,1,0A,2A,1,0,b,2.94735179999952,1,0,1,1,0A,2A,A02,2.83321334405622,0.500775239254183,0.490840275467692,0.497593962412819,0.5,0.492816565625315,0.501549276516564,0.5,0.497593962412819,0.495199502859381,0.5,0.500775239254183,0.490829133386514,0.5,0.495199502859381,0.497593962412819,0.502322113650805,0.501593236668385,0.498406763331615,0.500775239254183,0.497593962412819,0.149192138381055,0.499934346119148,0.499224760745817,0.000387168763619019,CBCsimpleAsymRW,CBCdriftDiffusionLR,0.5,0.000775539985317653,0.00481207517436133,1.58133014838015,0.0429532247460682,2.03771810436697,0.5,64.7578901655923
CBC_1005,CBC_1005_MSI_AV_v3_Vset5_Aset2_2023-06-03_12h46.50.942.csv,1,37,0,1,z,0,1,0,aud,B,63,1,0B,1B,0,1,z,2.23317390000011,0,1,1,1,1B,0B,B01,2.56494935746154,0.501162408017802,0.490840275467692,0.497593962412819,0.5,0.492816565625315,0.501549276516564,0.5,0.497593962412819,0.495199502859381,0.5,0.500775239254183,0.490829133386514,0.5,0.495199502859381,0.497593962412819,0.502322113650805,0.504391095571243,0.495608904428757,0.501549276516564,0.492816565625315,0.346863492002481,0.500457382168427,0.498450723483436,0.000386568466771917,CBCsimpleAsymRW,CBCdriftDiffusionLR,0.5,0.000775539985317653,0.00481207517436133,1.58133014838015,0.0429532247460682,2.03771810436697,0.5,64.7578901655923
CBC_1005,CBC_1005_MSI_AV_v3_Vset5_Aset2_2023-06-03_12h46.50.942.csv,1,38,2,3,z,0,1,3,aud,D,63,1,2D,3D,0,1,z,2.4342488000002,0,1,1,1,3D,2D,D23,2.87167962488401,0.501162408017802,0.490840275467692,0.497593962412819,0.5,0.492816565625315,0.501935844983336,0.5,0.497593962412819,0.495199502859381,0.5,0.500775239254183,0.490829133386514,0.5,0.495199502859381,0.497593962412819,0.502322113650805,0.502364274038177,0.497635725961823,0.502322113650805,0.497593962412819,0.274037397875154,0.499498173272113,0.497677886349195,0.000385969100672175,CBCsimpleAsymRW,CBCdriftDiffusionLR,0.5,0.000775539985317653,0.00481207517436133,1.58133014838015,0.0429532247460682,2.03771810436697,0.5,64.7578901655923
CBC_1005,CBC_1005_MSI_AV_v3_Vset5_Aset2_2023-06-03_12h46.50.942.csv,1,39,1,2,b,1,0,0,aud,B,9,1,1B,2B,1,0,z,3.48200990000078,0,1,0,0,2B,1B,B12,3.98898404656427,0.501162408017802,0.490840275467692,0.497593962412819,0.5,0.492816565625315,0.501935844983336,0.5,0.497593962412819,0.495199502859381,0.5,0.500775239254183,0.490829133386514,0.5,0.495199502859381,0.497593962412819,0.502708082751477,0.499033947635955,0.500966052364045,0.5,0.501935844983336,0.0790261506983207,0.499910523853742,-0.5,-0.00240603758718066,CBCsimpleAsymRW,CBCdriftDiffusionLR,0.5,0.000775539985317653,0.00481207517436133,1.58133014838015,0.0429532247460682,2.03771810436697,0.5,64.7578901655923
CBC_1005,CBC_1005_MSI_AV_v3_Vset5_Aset2_2023-06-03_12h46.50.942.csv,1,40,1,3,z,0,1,3,aud,D,27,1,1D,3D,0,1,b,2.92567120000058,1,0,0,0,1D,3D,D13,4.00733318523247,0.501162408017802,0.490840275467692,0.497593962412819,0.5,0.492816565625315,0.501935844983336,0.497593962412819,0.497593962412819,0.495199502859381,0.5,0.500775239254183,0.490829133386514,0.5,0.495199502859381,0.497593962412819,0.502708082751477,0.496237838052158,0.503762161947842,0.495199502859381,0.502708082751477,0.152966046920604,0.499542717390503,-0.495199502859381,-0.0023829372340657,CBCsimpleAsymRW,CBCdriftDiffusionLR,0.5,0.000775539985317653,0.00481207517436133,1.58133014838015,0.0429532247460682,2.03771810436697,0.5,64.7578901655923
CBC_1005,CBC_1005_MSI_AV_v3_Vset5_Aset2_2023-06-03_12h46.50.942.csv,1,41,1,0,z,0,1,1,aud,A,63,1,1A,0A,0,1,b,2.51321159999861,1,0,0,0,1A,0A,A10,2.41591377830105,0.501162408017802,0.490840275467692,0.497593962412819,0.5,0.492816565625315,0.501935844983336,0.497593962412819,0.497593962412819,0.495199502859381,0.5,0.500775239254183,0.490829133386514,0.5,0.492816565625315,0.497593962412819,0.502708082751477,0.494797326296617,0.505202673703383,0.490840275467692,0.501162408017802,0.249839076785268,0.499957572814818,-0.490840275467692,-0.00236196030415476,CBCsimpleAsymRW,CBCdriftDiffusionLR,0.5,0.000775539985317653,0.00481207517436133,1.58133014838015,0.0429532247460682,2.03771810436697,0.5,64.7578901655923
CBC_1005,CBC_1005_MSI_AV_v3_Vset5_Aset2_2023-06-03_12h46.50.942.csv,1,42,0,1,b,1,0,1,aud,A,63,1,0A,1A,1,0,z,2.69645429999946,0,1,0,0,1A,0A,A01,3.3499040872746,0.501162408017802,0.488478315163538,0.497593962412819,0.5,0.492816565625315,0.501935844983336,0.497593962412819,0.497593962412819,0.495199502859381,0.5,0.500775239254183,0.490829133386514,0.5,0.492816565625315,0.497593962412819,0.502708082751477,0.493591566839787,0.506408433160213,0.488478315163538,0.501162408017802,0.201338560572685,0.500755471241329,-0.488478315163538,-0.00235059437361231,CBCsimpleAsymRW,CBCdriftDiffusionLR,0.5,0.000775539985317653,0.00481207517436133,1.58133014838015,0.0429532247460682,2.03771810436697,0.5,64.7578901655923
CBC_1005,CBC_1005_MSI_AV_v3_Vset5_Aset2_2023-06-03_12h46.50.942.csv,1,43,2,0,b,1,0,2,aud,C,27,1,2C,0C,1,0,z,2.4130710999998,0,1,0,0,0C,2C,C20,2.96183072187831,0.501162408017802,0.486127720789925,0.497593962412819,0.5,0.492816565625315,0.501935844983336,0.497593962412819,0.497593962412819,0.495199502859381,0.5,0.500775239254183,0.490829133386514,0.5,0.492816565625315,0.497593962412819,0.502708082751477,0.497200864560596,0.502799135439404,0.495199502859381,0.500775239254183,0.281444971146218,0.500350633229074,-0.495199502859381,-0.0023829372340657,CBCsimpleAsymRW,CBCdriftDiffusionLR,0.5,0.000775539985317653,0.00481207517436133,1.58133014838015,0.0429532247460682,2.03771810436697,0.5,64.7578901655923
CBC_1005,CBC_1005_MSI_AV_v3_Vset5_Aset2_2023-06-03_12h46.50.942.csv,1,44,0,1,z,0,1,0,aud,B,63,1,0B,1B,0,1,b,2.5182406999993,1,0,0,0,0B,1B,B01,2.46809953147162,0.501162408017802,0.486127720789925,0.497593962412819,0.5,0.492816565625315,0.501935844983336,0.497593962412819,0.497593962412819,0.492816565625315,0.5,0.500775239254183,0.490829133386514,0.5,0.492816565625315,0.497593962412819,0.502708082751477,0.495416306982136,0.504583693017864,0.492816565625315,0.501935844983336,0.248547599697076,0.500344832301663,-0.492816565625315,-0.00237147036095959,CBCsimpleAsymRW,CBCdriftDiffusionLR,0.5,0.000775539985317653,0.00481207517436133,1.58133014838015,0.0429532247460682,2.03771810436697,0.5,64.7578901655923
CBC_1005,CBC_1005_MSI_TV_v3_Vset2_Tset1_2023-06-03_12h55.30.379.csv,2,1,3,1,z,0,1,0,tac,B,27,1,3B,1B,0,1,z,3.13610419999895,0,1,1,1,1B,3B,B31,2.77258872223978,0.5,0.5,0.5,0.5,0.5,0.5,0.5,0.5,0.5,0.5,0.5,0.5,0.5,0.5,0.5,0.5,0.5,0.5,0.5,0.5,0.161036718730786,0.499644913505392,0.5,0.0292983484159827,CBCsimpleAsymRW,CBCdriftDiffusionLR,0.5,0.0585966968319654,0.0619957740922158,1.83986613572011,0.0103105219617672,2.02669806127797,0.5,65.232332365731
CBC_1005,CBC_1005_MSI_TV_v3_Vset2_Tset1_2023-06-03_12h55.30.379.csv,2,2,2,3,b,1,0,2,tac,C,63,1,2C,3C,1,0,b,2.41326809999919,1,0,1,1,2C,3C,C23,2.83321334405622,0.5,0.5,0.5,0.5,0.5,0.529298348415983,0.5,0.5,0.5,0.5,0.5,0.5,0.5,0.5,0.5,0.5,0.5,0.5,0.5,0.5,0.380014732313445,0.500815622704427,0.5,0.0292983484159827,CBCsimpleAsymRW,CBCdriftDiffusionLR,0.5,0.0585966968319654,0.0619957740922158,1.83986613572011,0.0103105219617672,2.02669806127797,0.5,65.232332365731
CBC_1005,CBC_1005_MSI_TV_v3_Vset2_Tset1_2023-06-03_12h55.30.379.csv,2,3,2,3,z,0,1,3,tac,D,63,1,2D,3D,0,1,z,3.28943840000102,0,1,1,1,3D,2D,D23,2.89037175789616,0.5,0.5,0.5,0.5,0.5,0.529298348415983,0.5,0.5,0.5,0.5,0.529298348415983,0.5,0.5,0.5,0.5,0.5,0.5,0.5,0.5,0.5,0.134037444439904,0.499992364123597,0.5,0.0292983484159827,CBCsimpleAsymRW,CBCdriftDiffusionLR,0.5,0.0585966968319654,0.0619957740922158,1.83986613572011,0.0103105219617672,2.02669806127797,0.5,65.232332365731
CBC_1005,CBC_1005_MSI_TV_v3_Vset2_Tset1_2023-06-03_12h55.30.379.csv,2,4,1,0,b,1,0,0,tac,B,63,0,1B,0B,0,1,z,2.63165809999919,0,1,0,1,0B,1B,B10,2.94443897916644,0.5,0.5,0.5,0.5,0.5,0.529298348415983,0.5,0.5,0.5,0.5,0.529298348415983,0.5,0.5,0.5,0.5,0.529298348415983,0.485767805582769,0.514232194417231,0.5,0.529298348415983,0.294860964743835,0.499794806247847,0.5,0.0292983484159827,CBCsimpleAsymRW,CBCdriftDiffusionLR,0.5,0.0585966968319654,0.0619957740922158,1.83986613572011,0.0103105219617672,2.02669806127797,0.5,65.232332365731
CBC_1005,CBC_1005_MSI_TV_v3_Vset2_Tset1_2023-06-03_12h55.30.379.csv,2,5,3,0,z,0,1,1,tac,A,9,1,3A,0A,0,1,z,2.55308129999867,0,1,1,1,0A,3A,A30,2.99573227355399,0.5,0.5,0.5,0.5,0.529298348415983,0.529298348415983,0.5,0.5,0.5,0.5,0.529298348415983,0.5,0.5,0.5,0.5,0.529298348415983,0.5,0.5,0.5,0.5,0.323439572043488,0.499687739159189,0.5,0.0292983484159827,CBCsimpleAsymRW,CBCdriftDiffusionLR,0.5,0.0585966968319654,0.0619957740922158,1.83986613572011,0.0103105219617672,2.02669806127797,0.5,65.232332365731
CBC_1005,CBC_1005_MSI_TV_v3_Vset2_Tset1_2023-06-03_12h55.30.379.csv,2,6,2,3,z,0,1,3,tac,D,63,1,2D,3D,0,1,b,2.46786449999854,1,0,0,0,2D,3D,D23,2.35137525716348,0.529298348415983,0.5,0.5,0.5,0.529298348415983,0.529298348415983,0.5,0.5,0.5,0.5,0.529298348415983,0.5,0.5,0.5,0.5,0.529298348415983,0.485767805582769,0.514232194417231,0.5,0.529298348415983,0.357180935996025,0.50012867576638,-0.5,-0.0309978870461079,CBCsimpleAsymRW,CBCdriftDiffusionLR,0.5,0.0585966968319654,0.0619957740922158,1.83986613572011,0.0103105219617672,2.02669806127797,0.5,65.232332365731
CBC_1005,CBC_1005_MSI_TV_v3_Vset2_Tset1_2023-06-03_12h55.30.379.csv,2,7,2,0,b,1,0,2,tac,C,27,1,2C,0C,1,0,z,2.4683612000008,0,1,0,0,0C,2C,C20,3.09104245335832,0.529298348415983,0.5,0.5,0.5,0.529298348415983,0.529298348415983,0.5,0.5,0.5,0.5,0.529298348415983,0.5,0.5,0.5,0.469002112953892,0.529298348415983,0.485767805582769,0.514232194417231,0.5,0.529298348415983,0.356653066443158,0.499670411022687,-0.5,-0.0309978870461079,CBCsimpleAsymRW,CBCdriftDiffusionLR,0.5,0.0585966968319654,0.0619957740922158,1.83986613572011,0.0103105219617672,2.02669806127797,0.5,65.232332365731
CBC_1005,CBC_1005_MSI_TV_v3_Vset2_Tset1_2023-06-03_12h55.30.379.csv,2,8,1,0,z,0,1,1,tac,A,63,1,1A,0A,0,1,z,2.4764266000002,0,1,1,1,0A,1A,A10,3.13549421592915,0.529298348415983,0.5,0.5,0.5,0.529298348415983,0.529298348415983,0.5,0.5,0.469002112953892,0.5,0.529298348415983,0.5,0.5,0.5,0.469002112953892,0.529298348415983,0.514232194417231,0.485767805582769,0.529298348415983,0.5,0.354230661819128,0.500839976523767,0.470701651584017,0.0275815619761741,CBCsimpleAsymRW,CBCdriftDiffusionLR,0.5,0.0585966968319654,0.0619957740922158,1.83986613572011,0.0103105219617672,2.02669806127797,0.5,65.232332365731
CBC_1005,CBC_1005_MSI_TV_v3_Vset2_Tset1_2023-06-03_12h55.30.379.csv,2,9,0,1,z,0,1,0,tac,B,63,1,0B,1B,0,1,z,2.61041750000004,0,1,1,1,1B,0B,B01,3.17805383034795,0.556879910392157,0.5,0.5,0.5,0.529298348415983,0.529298348415983,0.5,0.5,0.469002112953892,0.5,0.529298348415983,0.5,0.5,0.5,0.469002112953892,0.529298348415983,0.5,0.5,0.529298348415983,0.529298348415983,0.30207326117646,0.499287204436614,0.470701651584017,0.0275815619761741,CBCsimpleAsymRW,CBCdriftDiffusionLR,0.5,0.0585966968319654,0.0619957740922158,1.83986613572011,0.0103105219617672,2.02669806127797,0.5,65.232332365731
CBC_1005,CBC_1005_MSI_TV_v3_Vset2_Tset1_2023-06-03_12h55.30.379.csv,2,10,3,1,b,1,0,3,tac,D,27,1,3D,1D,1,0,b,3.33101069999975,1,0,1,1,3D,1D,D31,3.2188758248682,0.556879910392157,0.5,0.5,0.5,0.529298348415983,0.556879910392157,0.5,0.5,0.469002112953892,0.5,0.529298348415983,0.5,0.5,0.5,0.469002112953892,0.529298348415983,0.514232194417231,0.485767805582769,0.529298348415983,0.5,0.12742103031199,0.499653613125514,0.470701651584017,0.0275815619761741,CBCsimpleAsymRW,CBCdriftDiffusionLR,0.5,0.0585966968319654,0.0619957740922158,1.83986613572011,0.0103105219617672,2.02669806127797,0.5,65.232332365731
CBC_1005,CBC_1005_MSI_TV_v3_Vset2_Tset1_2023-06-03_12h55.30.379.csv,2,11,2,3,b,1,0,2,tac,C,63,1,2C,3C,1,0,z,2.63340199999948,0,1,0,0,3C,2C,C23,2.56494935746154,0.556879910392157,0.5,0.5,0.5,0.529298348415983,0.556879910392157,0.5,0.5,0.469002112953892,0.5,0.529298348415983,0.5,0.5,0.5,0.469002112953892,0.556879910392157,0.485767805582769,0.514232194417231,0.5,0.529298348415983,0.29395120394436,0.499285290411708,-0.5,-0.0309978870461079,CBCsimpleAsymRW,CBCdriftDiffusionLR,0.5,0.0585966968319654,0.0619957740922158,1.83986613572011,0.0103105219617672,2.02669806127797,0.5,65.232332365731
CBC_1005,CBC_1005_MSI_TV_v3_Vset2_Tset1_2023-06-03_12h55.30.379.csv,2,12,0,1,z,0,1,0,tac,B,63,1,0B,1B,0,1,b,2.98522539999976,1,0,0,0,0B,1B,B01,2.60268968544438,0.556879910392157,0.5,0.5,0.5,0.529298348415983,0.556879910392157,0.5,0.5,0.469002112953892,0.5,0.529298348415983,0.469002112953892,0.5,0.5,0.469002112953892,0.556879910392157,0.487303390694618,0.512696609305382,0.529298348415983,0.556879910392157,0.193081676670452,0.499770541178296,-0.529298348415983,-0.0328142608357802,CBCsimpleAsymRW,CBCdriftDiffusionLR,0.5,0.0585966968319654,0.0619957740922158,1.83986613572011,0.0103105219617672,2.02669806127797,0.5,65.232332365731
CBC_1005,CBC_1005_MSI_TV_v3_Vset2_Tset1_2023-06-03_12h55.30.379.csv,2,13,1,0,z,0,1,1,tac,A,63,1,1A,0A,0,1,b,3.28987309999866,1,0,0,0,1A,0A,A10,2.63905732961526,0.556879910392157,0.5,0.5,0.5,0.496484087580203,0.556879910392157,0.5,0.5,0.469002112953892,0.5,0.529298348415983,0.469002112953892,0.5,0.5,0.469002112953892,0.556879910392157,0.473090646424033,0.526909353575967,0.5,0.556879910392157,0.133920360885186,0.499816584934623,-0.5,-0.0309978870461079,CBCsimpleAsymRW,CBCdriftDiffusionLR,0.5,0.0585966968319654,0.0619957740922158,1.83986613572011,0.0103105219617672,2.02669806127797,0.5,65.232332365731
CBC_1005,CBC_1005_MSI_TV_v3_Vset2_Tset1_2023-06-03_12h55.30.379.csv,2,14,2,1,b,1,0,2,tac,C,9,1,2C,1C,1,0,b,2.73018709999997,1,0,1,1,2C,1C,C21,3.36729582998647,0.556879910392157,0.469002112953892,0.5,0.5,0.496484087580203,0.556879910392157,0.5,0.5,0.469002112953892,0.5,0.529298348415983,0.469002112953892,0.5,0.5,0.469002112953892,0.556879910392157,0.514232194417231,0.485767805582769,0.529298348415983,0.5,0.262593422540578,0.50057815098556,0.470701651584017,0.0275815619761741,CBCsimpleAsymRW,CBCdriftDiffusionLR,0.5,0.0585966968319654,0.0619957740922158,1.83986613572011,0.0103105219617672,2.02669806127797,0.5,65.232332365731
CBC_1005,CBC_1005_MSI_TV_v3_Vset2_Tset1_2023-06-03_12h55.30.379.csv,2,15,0,1,b,1,0,1,tac,A,63,1,0A,1A,1,0,b,2.4738011999998,1,0,1,1,0A,1A,A01,3.40119738166216,0.556879910392157,0.469002112953892,0.5,0.5,0.496484087580203,0.556879910392157,0.5,0.5,0.469002112953892,0.5,0.556879910392157,0.469002112953892,0.5,0.5,0.469002112953892,0.556879910392157,0.542830362282614,0.457169637717386,0.556879910392157,0.469002112953892,0.355206633882476,0.500723461970728,0.443120089607843,0.0259653735509041,CBCsimpleAsymRW,CBCdriftDiffusionLR,0.5,0.0585966968319654,0.0619957740922158,1.83986613572011,0.0103105219617672,2.02669806127797,0.5,65.232332365731
CBC_1005,CBC_1005_MSI_TV_v3_Vset2_Tset1_2023-06-03_12h55.30.379.csv,2,16,1,3,z,0,1,3,tac,D,27,1,1D,3D,0,1,z,2.31028789999982,0,1,1,1,3D,1D,D13,3.43398720448515,0.582845283943061,0.469002112953892,0.5,0.5,0.496484087580203,0.556879910392157,0.5,0.5,0.469002112953892,0.5,0.556879910392157,0.469002112953892,0.5,0.5,0.469002112953892,0.556879910392157,0.526909353575967,0.473090646424033,0.556879910392157,0.5,0.420283833435892,0.499795455377419,0.443120089607843,0.0259653735509041,CBCsimpleAsymRW,CBCdriftDiffusionLR,0.5,0.0585966968319654,0.0619957740922158,1.83986613572011,0.0103105219617672,2.02669806127797,0.5,65.232332365731
CBC_1005,CBC_1005_MSI_TV_v3_Vset2_Tset1_2023-06-03_12h55.30.379.csv,2,17,1,0,b,1,0,0,tac,B,63,1,1B,0B,1,0,z,2.59273929999836,0,1,0,0,0B,1B,B10,2.77258872223978,0.582845283943061,0.469002112953892,0.5,0.5,0.496484087580203,0.556879910392157,0.5,0.5,0.469002112953892,0.5,0.556879910392157,0.469002112953892,0.5,0.5,0.469002112953892,0.582845283943061,0.471331931351265,0.528668068648735,0.496484087580203,0.556879910392157,0.308497723874774,0.499359303073405,-0.496484087580203,-0.0307799153340021,CBCsimpleAsymRW,CBCdriftDiffusionLR,0.5,0.0585966968319654,0.0619957740922158,1.83986613572011,0.0103105219617672,2.02669806127797,0.5,65.232332365731
CBC_1005,CBC_1005_MSI_TV_v3_Vset2_Tset1_2023-06-03_12h55.30.379.csv,2,18,3,2,z,0,1,2,tac,C,63,0,3C,2C,1,0,b,2.61747560000003,1,0,0,1,3C,2C,C32,3.49650756146648,0.582845283943061,0.469002112953892,0.5,0.5,0.4657041722462,0.556879910392157,0.5,0.5,0.469002112953892,0.5,0.556879910392157,0.469002112953892,0.5,0.5,0.469002112953892,0.582845283943061,0.457169637717386,0.542830362282614,0.469002112953892,0.556879910392157,0.299662189121921,0.499460116017221,0.530997887046108,0.031114722205655,CBCsimpleAsymRW,CBCdriftDiffusionLR,0.5,0.0585966968319654,0.0619957740922158,1.83986613572011,0.0103105219617672,2.02669806127797,0.5,65.232332365731
CBC_1005,CBC_1005_MSI_TV_v3_Vset2_Tset1_2023-06-03_12h55.30.379.csv,2,19,0,2,b,1,0,1,tac,A,27,1,0A,2A,1,0,b,3.02194259999851,1,0,1,1,0A,2A,A02,3.52636052461616,0.582845283943061,0.469002112953892,0.5,0.5,0.4657041722462,0.556879910392157,0.5,0.5,0.469002112953892,0.5,0.556879910392157,0.500116835159547,0.5,0.5,0.469002112953892,0.582845283943061,0.538253518379555,0.461746481620445,0.582845283943061,0.5,0.185192783601922,0.50096241672292,0.417154716056939,0.0244438884288131,CBCsimpleAsymRW,CBCdriftDiffusionLR,0.5,0.0585966968319654,0.0619957740922158,1.83986613572011,0.0103105219617672,2.02669806127797,0.5,65.232332365731
CBC_1005,CBC_1005_MSI_TV_v3_Vset2_Tset1_2023-06-03_12h55.30.379.csv,2,20,2,3,z,0,1,3,tac,D,63,1,2D,3D,0,1,z,2.44911270000011,0,1,1,1,3D,2D,D23,2.4567357728213,0.607289172371874,0.469002112953892,0.5,0.5,0.4657041722462,0.556879910392157,0.5,0.5,0.469002112953892,0.5,0.556879910392157,0.500116835159547,0.5,0.5,0.469002112953892,0.582845283943061,0.554115821042585,0.445884178957415,0.582845283943061,0.469002112953892,0.365138966256065,0.500596360352672,0.417154716056939,0.0244438884288131,CBCsimpleAsymRW,CBCdriftDiffusionLR,0.5,0.0585966968319654,0.0619957740922158,1.83986613572011,0.0103105219617672,2.02669806127797,0.5,65.232332365731
CBC_1005,CBC_1005_MSI_TV_v3_Vset2_Tset1_2023-06-03_12h55.30.379.csv,2,21,1,3,b,1,0,0,tac,B,27,1,1B,3B,1,0,b,3.63242469999932,1,0,1,1,1B,3B,B13,3.58351893845611,0.607289172371874,0.469002112953892,0.5,0.5,0.4657041722462,0.556879910392157,0.5,0.5,0.469002112953892,0.5,0.556879910392157,0.500116835159547,0.5,0.5,0.469002112953892,0.607289172371874,0.526909353575967,0.473090646424033,0.556879910392157,0.5,0.0886011985635446,0.499039560893438,0.443120089607843,0.0259653735509041,CBCsimpleAsymRW,CBCdriftDiffusionLR,0.5,0.0585966968319654,0.0619957740922158,1.83986613572011,0.0103105219617672,2.02669806127797,0.5,65.232332365731
CBC_1005,CBC_1005_MSI_TV_v3_Vset2_Tset1_2023-06-03_12h55.30.379.csv,2,22,2,3,b,1,0,2,tac,C,63,1,2C,3C,1,0,z,3.60844439999892,0,1,0,0,3C,2C,C23,2.51230562397611,0.607289172371874,0.469002112953892,0.5,0.5,0.4657041722462,0.582845283943061,0.5,0.5,0.469002112953892,0.5,0.556879910392157,0.500116835159547,0.5,0.5,0.469002112953892,0.607289172371874,0.473148888361533,0.526851111638467,0.500116835159547,0.556879910392157,0.0912822771837928,0.4995388627232,-0.500116835159547,-0.0310051303322652,CBCsimpleAsymRW,CBCdriftDiffusionLR,0.5,0.0585966968319654,0.0619957740922158,1.83986613572011,0.0103105219617672,2.02669806127797,0.5,65.232332365731
CBC_1005,CBC_1005_MSI_TV_v3_Vset2_Tset1_2023-06-03_12h55.30.379.csv,2,23,1,0,z,0,1,1,tac,A,63,0,1A,0A,1,0,b,2.37175000000025,1,0,0,1,1A,0A,A10,2.53897387105828,0.607289172371874,0.469002112953892,0.5,0.5,0.4657041722462,0.582845283943061,0.5,0.5,0.469002112953892,0.5,0.556879910392157,0.469111704827282,0.5,0.5,0.469002112953892,0.607289172371874,0.43575760516535,0.56424239483465,0.469002112953892,0.607289172371874,0.396546304768622,0.500184636943958,0.530997887046108,0.031114722205655,CBCsimpleAsymRW,CBCdriftDiffusionLR,0.5,0.0585966968319654,0.0619957740922158,1.83986613572011,0.0103105219617672,2.02669806127797,0.5,65.232332365731
CBC_1005,CBC_1005_MSI_TV_v3_Vset2_Tset1_2023-06-03_12h55.30.379.csv,2,24,1,2,b,1,0,0,tac,B,9,1,1B,2B,1,0,z,3.49749900000097,0,1,0,0,2B,1B,B12,3.66356164612965,0.607289172371874,0.500116835159547,0.5,0.5,0.4657041722462,0.582845283943061,0.5,0.5,0.469002112953892,0.5,0.556879910392157,0.469111704827282,0.5,0.5,0.469002112953892,0.607289172371874,0.461746481620445,0.538253518379555,0.5,0.582845283943061,0.104090576278019,0.498548896369588,-0.5,-0.0309978870461079,CBCsimpleAsymRW,CBCdriftDiffusionLR,0.5,0.0585966968319654,0.0619957740922158,1.83986613572011,0.0103105219617672,2.02669806127797,0.5,65.232332365731
CBC_1005,CBC_1005_MSI_TV_v3_Vset2_Tset1_2023-06-03_12h55.30.379.csv,2,25,3,2,z,0,1,2,tac,C,63,1,3C,2C,0,1,b,2.64172399999916,1,0,0,0,3C,2C,C32,2.99573227355399,0.607289172371874,0.500116835159547,0.5,0.5,0.4657041722462,0.582845283943061,0.469002112953892,0.5,0.469002112953892,0.5,0.556879910392157,0.469111704827282,0.5,0.5,0.469002112953892,0.607289172371874,0.457227620448875,0.542772379551125,0.469111704827282,0.556879910392157,0.291469268338253,0.499988111999374,-0.469111704827282,-0.0290829432764864,CBCsimpleAsymRW,CBCdriftDiffusionLR,0.5,0.0585966968319654,0.0619957740922158,1.83986613572011,0.0103105219617672,2.02669806127797,0.5,65.232332365731
CBC_1005,CBC_1005_MSI_TV_v3_Vset2_Tset1_2023-06-03_12h55.30.379.csv,2,26,3,2,b,1,0,3,tac,D,63,1,3D,2D,1,0,b,2.90075939999952,1,0,1,1,3D,2D,D32,3.71357206670431,0.607289172371874,0.500116835159547,0.5,0.5,0.4657041722462,0.582845283943061,0.469002112953892,0.5,0.469002112953892,0.5,0.556879910392157,0.440028761550796,0.5,0.5,0.469002112953892,0.607289172371874,0.56424239483465,0.43575760516535,0.607289172371874,0.469002112953892,0.213756685805583,0.499924945389277,0.392710827628126,0.0230115573091555,CBCsimpleAsymRW,CBCdriftDiffusionLR,0.5,0.0585966968319654,0.0619957740922158,1.83986613572011,0.0103105219617672,2.02669806127797,0.5,65.232332365731
CBC_1005,CBC_1005_MSI_TV_v3_Vset2_Tset1_2023-06-03_12h55.30.379.csv,2,27,1,0,b,1,0,0,tac,B,63,1,1B,0B,1,0,z,2.12158330000057,0,1,0,0,0B,1B,B10,2.63905732961526,0.607289172371874,0.500116835159547,0.5,0.5,0.4657041722462,0.582845283943061,0.469002112953892,0.5,0.469002112953892,0.5,0.556879910392157,0.440028761550796,0.5,0.5,0.469002112953892,0.63030072968103,0.444141351175468,0.555858648824532,0.4657041722462,0.582845283943061,0.436522304499179,0.49950827146373,-0.4657041722462,-0.0288716906563778,CBCsimpleAsymRW,CBCdriftDiffusionLR,0.5,0.0585966968319654,0.0619957740922158,1.83986613572011,0.0103105219617672,2.02669806127797,0.5,65.232332365731
CBC_1005,CBC_1005_MSI_TV_v3_Vset2_Tset1_2023-06-03_12h55.30.379.csv,2,28,2,0,z,0,1,1,tac,A,27,1,2A,0A,0,1,b,2.80322359999991,1,0,0,0,2A,0A,A20,3.76120011569356,0.607289172371874,0.500116835159547,0.5,0.5,0.436832481589823,0.582845283943061,0.469002112953892,0.5,0.469002112953892,0.5,0.556879910392157,0.440028761550796,0.5,0.5,0.469002112953892,0.63030072968103,0.451553227897075,0.548446772102925,0.5,0.607289172371874,0.240248902866856,0.499840143777831,-0.5,-0.0309978870461079,CBCsimpleAsymRW,CBCdriftDiffusionLR,0.5,0.0585966968319654,0.0619957740922158,1.83986613572011,0.0103105219617672,2.02669806127797,0.5,65.232332365731
CBC_1005,CBC_1005_MSI_TV_v3_Vset2_Tset1_2023-06-03_12h55.30.379.csv,2,29,3,1,b,1,0,3,tac,D,27,1,3D,1D,1,0,b,3.46269959999881,1,0,1,1,3D,1D,D31,3.09104245335832,0.607289172371874,0.500116835159547,0.469002112953892,0.5,0.436832481589823,0.582845283943061,0.469002112953892,0.5,0.469002112953892,0.5,0.556879910392157,0.440028761550796,0.5,0.5,0.469002112953892,0.63030072968103,0.557639850289135,0.442360149710865,0.63030072968103,0.5,0.108969517323676,0.500545211331366,0.36969927031897,0.0216631560618795,CBCsimpleAsymRW,CBCdriftDiffusionLR,0.5,0.0585966968319654,0.0619957740922158,1.83986613572011,0.0103105219617672,2.02669806127797,0.5,65.232332365731
CBC_1005,CBC_1005_MSI_TV_v3_Vset2_Tset1_2023-06-03_12h55.30.379.csv,2,30,0,1,b,1,0,1,tac,A,63,1,0A,1A,1,0,z,3.23807429999943,0,1,0,0,1A,0A,A01,3.11351530921037,0.607289172371874,0.500116835159547,0.469002112953892,0.5,0.436832481589823,0.582845283943061,0.469002112953892,0.5,0.469002112953892,0.5,0.556879910392157,0.440028761550796,0.5,0.5,0.469002112953892,0.651963885742909,0.451611090926249,0.548388909073751,0.500116835159547,0.607289172371874,0.142500369418485,0.499751297477792,-0.500116835159547,-0.0310051303322652,CBCsimpleAsymRW,CBCdriftDiffusionLR,0.5,0.0585966968319654,0.0619957740922158,1.83986613572011,0.0103105219617672,2.02669806127797,0.5,65.232332365731
CBC_1005,CBC_1005_MSI_TV_v3_Vset2_Tset1_2023-06-03_12h55.30.379.csv,2,31,0,2,z,0,1,2,tac,C,27,1,0C,2C,0,1,b,2.57596740000008,1,0,0,0,0C,2C,C02,3.8286413964891,0.607289172371874,0.469111704827282,0.469002112953892,0.5,0.436832481589823,0.582845283943061,0.469002112953892,0.5,0.469002112953892,0.5,0.556879910392157,0.440028761550796,0.5,0.5,0.469002112953892,0.651963885742909,0.457169637717386,0.542830362282614,0.469002112953892,0.556879910392157,0.314694709949402,0.49941792672005,-0.469002112953892,-0.0290761490434614,CBCsimpleAsymRW,CBCdriftDiffusionLR,0.5,0.0585966968319654,0.0619957740922158,1.83986613572011,0.0103105219617672,2.02669806127797,0.5,65.232332365731
CBC_1005,CBC_1005_MSI_TV_v3_Vset2_Tset1_2023-06-03_12h55.30.379.csv,2,32,3,2,b,1,0,3,tac,D,63,1,3D,2D,1,0,z,3.62927660000059,0,1,0,0,2D,3D,D32,3.15700042115011,0.607289172371874,0.469111704827282,0.469002112953892,0.5,0.436832481589823,0.582845283943061,0.469002112953892,0.5,0.439925963910431,0.5,0.556879910392157,0.440028761550796,0.5,0.5,0.469002112953892,0.651963885742909,0.418391024793918,0.581608975206082,0.469002112953892,0.651963885742909,0.0889090728903315,0.498883448738293,-0.469002112953892,-0.0290761490434614,CBCsimpleAsymRW,CBCdriftDiffusionLR,0.5,0.0585966968319654,0.0619957740922158,1.83986613572011,0.0103105219617672,2.02669806127797,0.5,65.232332365731
CBC_1005,CBC_1005_MSI_TV_v3_Vset2_Tset1_2023-06-03_12h55.30.379.csv,2,33,0,1,z,0,1,0,tac,B,63,1,0B,1B,0,1,b,1.92301380000026,1,0,0,0,0B,1B,B01,2.77258872223978,0.607289172371874,0.469111704827282,0.469002112953892,0.5,0.436832481589823,0.582845283943061,0.469002112953892,0.5,0.439925963910431,0.5,0.556879910392157,0.440028761550796,0.5,0.5,0.439925963910431,0.651963885742909,0.428402478072604,0.571597521927396,0.436832481589823,0.582845283943061,0.0350079458355017,0.498903853683697,-0.436832481589823,-0.0270817678447847,CBCsimpleAsymRW,CBCdriftDiffusionLR,0.5,0.0585966968319654,0.0619957740922158,1.83986613572011,0.0103105219617672,2.02669806127797,0.5,65.232332365731
CBC_1005,CBC_1005_MSI_TV_v3_Vset2_Tset1_2023-06-03_12h55.30.379.csv,2,34,1,0,z,0,1,1,tac,A,63,1,1A,0A,0,1,z,3.71179299999858,0,1,1,1,0A,1A,A10,2.50552593699074,0.607289172371874,0.469111704827282,0.469002112953892,0.5,0.409750713745038,0.582845283943061,0.469002112953892,0.5,0.439925963910431,0.5,0.556879910392157,0.440028761550796,0.5,0.5,0.439925963910431,0.651963885742909,0.564184947481712,0.435815052518288,0.607289172371874,0.469111704827282,0.0808168495358726,0.500735934927524,0.392710827628126,0.0230115573091555,CBCsimpleAsymRW,CBCdriftDiffusionLR,0.5,0.0585966968319654,0.0619957740922158,1.83986613572011,0.0103105219617672,2.02669806127797,0.5,65.232332365731
CBC_1005,CBC_1005_MSI_TV_v3_Vset2_Tset1_2023-06-03_12h55.30.379.csv,2,35,3,2,b,1,0,3,tac,D,63,0,3D,2D,0,1,z,2.43123679999917,0,1,0,1,2D,3D,D32,2.81341071676004,0.63030072968103,0.469111704827282,0.469002112953892,0.5,0.409750713745038,0.582845283943061,0.469002112953892,0.5,0.439925963910431,0.5,0.556879910392157,0.440028761550796,0.5,0.5,0.439925963910431,0.651963885742909,0.402903245277077,0.597096754722923,0.439925963910431,0.651963885742909,0.371604517678044,0.499447057419342,0.560074036089569,0.0328184884961958,CBCsimpleAsymRW,CBCdriftDiffusionLR,0.5,0.0585966968319654,0.0619957740922158,1.83986613572011,0.0103105219617672,2.02669806127797,0.5,65.232332365731
CBC_1005,CBC_1005_MSI_TV_v3_Vset2_Tset1_2023-06-03_12h55.30.379.csv,2,36,0,2,z,0,1,2,tac,C,27,1,0C,2C,0,1,b,2.93198809999922,1,0,0,0,0C,2C,C02,3.23867845216438,0.63030072968103,0.469111704827282,0.469002112953892,0.5,0.409750713745038,0.582845283943061,0.469002112953892,0.5,0.439925963910431,0.5,0.556879910392157,0.440028761550796,0.5,0.5,0.472744452406626,0.651963885742909,0.441335645436704,0.558664354563296,0.439925963910431,0.556879910392157,0.205379299506474,0.498681599177478,-0.439925963910431,-0.0272735506758913,CBCsimpleAsymRW,CBCdriftDiffusionLR,0.5,0.0585966968319654,0.0619957740922158,1.83986613572011,0.0103105219617672,2.02669806127797,0.5,65.232332365731
CBC_1005,CBC_1005_MSI_TV_v3_Vset2_Tset1_2023-06-03_12h55.30.379.csv,2,37,1,0,z,0,1,1,tac,A,63,1,1A,0A,0,1,z,3.84742909999841,0,1,1,1,0A,1A,A10,2.34180580614733,0.63030072968103,0.469111704827282,0.469002112953892,0.5,0.409750713745038,0.582845283943061,0.469002112953892,0.5,0.412652413234539,0.5,0.556879910392157,0.440028761550796,0.5,0.5,0.472744452406626,0.651963885742909,0.573306895480874,0.426693104519126,0.63030072968103,0.469111704827282,0.0686644932368408,0.500736726080391,0.36969927031897,0.0216631560618795,CBCsimpleAsymRW,CBCdriftDiffusionLR,0.5,0.0585966968319654,0.0619957740922158,1.83986613572011,0.0103105219617672,2.02669806127797,0.5,65.232332365731
CBC_1005,CBC_1005_MSI_TV_v3_Vset2_Tset1_2023-06-03_12h55.30.379.csv,2,38,3,1,z,0,1,0,tac,B,27,1,3B,1B,0,1,z,2.9715228999994,0,1,1,1,1B,3B,B31,3.27714473299218,0.651963885742909,0.469111704827282,0.469002112953892,0.5,0.409750713745038,0.582845283943061,0.469002112953892,0.5,0.412652413234539,0.5,0.556879910392157,0.440028761550796,0.5,0.5,0.472744452406626,0.651963885742909,0.538253518379555,0.461746481620445,0.582845283943061,0.5,0.196786778286201,0.501047772266567,0.417154716056939,0.0244438884288131,CBCsimpleAsymRW,CBCdriftDiffusionLR,0.5,0.0585966968319654,0.0619957740922158,1.83986613572011,0.0103105219617672,2.02669806127797,0.5,65.232332365731
CBC_1005,CBC_1005_MSI_TV_v3_Vset2_Tset1_2023-06-03_12h55.30.379.csv,2,39,2,3,b,1,0,2,tac,C,63,1,2C,3C,1,0,z,2.83914969999933,0,1,0,0,3C,2C,C23,2.60268968544438,0.651963885742909,0.469111704827282,0.469002112953892,0.5,0.409750713745038,0.607289172371874,0.469002112953892,0.5,0.412652413234539,0.5,0.556879910392157,0.440028761550796,0.5,0.5,0.472744452406626,0.651963885742909,0.44139325289767,0.55860674710233,0.440028761550796,0.556879910392157,0.229689105526126,0.498906168978939,-0.440028761550796,-0.0272799236951806,CBCsimpleAsymRW,CBCdriftDiffusionLR,0.5,0.0585966968319654,0.0619957740922158,1.83986613572011,0.0103105219617672,2.02669806127797,0.5,65.232332365731
CBC_1005,CBC_1005_MSI_TV_v3_Vset2_Tset1_2023-06-03_12h55.30.379.csv,2,40,2,3,z,0,1,3,tac,D,63,1,2D,3D,NaN,NaN,None,NaN,NaN,NaN,NaN,NaN,,,D23,2.62103882411258,0.651963885742909,0.469111704827282,0.469002112953892,0.5,0.409750713745038,0.607289172371874,0.469002112953892,0.5,0.412652413234539,0.5,0.556879910392157,0.412748837855615,0.5,0.5,0.472744452406626,0.651963885742909,0,0,0,0,NaN,0,0,0,CBCsimpleAsymRW,CBCdriftDiffusionLR,0.5,0.0585966968319654,0.0619957740922158,1.83986613572011,0.0103105219617672,2.02669806127797,0.5,65.232332365731
CBC_1005,CBC_1005_MSI_TV_v3_Vset2_Tset1_2023-06-03_12h55.30.379.csv,2,41,1,0,b,1,0,0,tac,B,63,1,1B,0B,1,0,b,2.25367709999955,1,0,1,1,1B,0B,B10,2.63905732961526,0.651963885742909,0.469111704827282,0.469002112953892,0.5,0.409750713745038,0.607289172371874,0.469002112953892,0.5,0.412652413234539,0.5,0.556879910392157,0.412748837855615,0.5,0.5,0.472744452406626,0.651963885742909,0.597114410812856,0.402885589187144,0.607289172371874,0.409750713745038,0.439624002070337,0.500612777510643,0.392710827628126,0.0230115573091555,CBCsimpleAsymRW,CBCdriftDiffusionLR,0.5,0.0585966968319654,0.0619957740922158,1.83986613572011,0.0103105219617672,2.02669806127797,0.5,65.232332365731
CBC_1005,CBC_1005_MSI_TV_v3_Vset2_Tset1_2023-06-03_12h55.30.379.csv,2,42,0,2,b,1,0,1,tac,A,27,1,0A,2A,1,0,z,2.50974179999866,0,1,0,0,2A,0A,A02,3.3499040872746,0.651963885742909,0.469111704827282,0.469002112953892,0.5,0.409750713745038,0.63030072968103,0.469002112953892,0.5,0.412652413234539,0.5,0.556879910392157,0.412748837855615,0.5,0.5,0.472744452406626,0.651963885742909,0.418391024793918,0.581608975206082,0.469002112953892,0.651963885742909,0.340442109485855,0.500090183718621,-0.469002112953892,-0.0290761490434614,CBCsimpleAsymRW,CBCdriftDiffusionLR,0.5,0.0585966968319654,0.0619957740922158,1.83986613572011,0.0103105219617672,2.02669806127797,0.5,65.232332365731
CBC_1005,CBC_1005_MSI_TV_v3_Vset2_Tset1_2023-06-03_12h55.30.379.csv,2,43,0,3,z,0,1,3,tac,D,9,1,0D,3D,0,1,z,2.20677239999895,0,1,1,1,3D,0D,D03,4.06044301054642,0.651963885742909,0.469111704827282,0.439925963910431,0.5,0.409750713745038,0.63030072968103,0.469002112953892,0.5,0.412652413234539,0.5,0.556879910392157,0.412748837855615,0.5,0.5,0.472744452406626,0.651963885742909,0.565958615380076,0.434041384619924,0.651963885742909,0.5,0.449482293064017,0.500729342594174,0.348036114257091,0.020393766673698,CBCsimpleAsymRW,CBCdriftDiffusionLR,0.5,0.0585966968319654,0.0619957740922158,1.83986613572011,0.0103105219617672,2.02669806127797,0.5,65.232332365731
CBC_1005,CBC_1005_MSI_TV_v3_Vset2_Tset1_2023-06-03_12h55.30.379.csv,2,44,2,3,b,1,0,2,tac,C,63,1,2C,3C,1,0,b,2.30718490000072,1,0,1,1,2C,3C,C23,2.46809953147162,0.651963885742909,0.469111704827282,0.439925963910431,0.5,0.409750713745038,0.63030072968103,0.469002112953892,0.5,0.412652413234539,0.5,0.556879910392157,0.412748837855615,0.5,0.5,0.472744452406626,0.672357652416607,0.574322813136988,0.425677186863012,0.556879910392157,0.412748837855615,0.42336147359958,0.502091860136849,0.443120089607843,0.0259653735509041,CBCsimpleAsymRW,CBCdriftDiffusionLR,0.5,0.0585966968319654,0.0619957740922158,1.83986613572011,0.0103105219617672,2.02669806127797,0.5,65.232332365731
CBC_1005,CBC_1005_MSI_AV_v3_Vset6_Aset3_2023-06-03_14h15.22.631.csv,3,1,0,1,b,1,0,1,aud,A,63,1,0A,1A,1,0,b,2.65012910000041,1,0,1,1,0A,1A,A01,2.77258872223978,0.5,0.5,0.5,0.5,0.5,0.5,0.5,0.5,0.5,0.5,0.5,0.5,0.5,0.5,0.5,0.5,0.5,0.5,0.5,0.5,0.0991107349024172,0.501173102566118,0.5,0.497573277761002,CBCsimpleAsymRW,CBCdriftDiffusionLR,0.5,0.995146555522005,0.0140666327869166,0.307096390333891,0.441748976171121,3.16773651182233,0.5,102.680380211445
CBC_1005,CBC_1005_MSI_AV_v3_Vset6_Aset3_2023-06-03_14h15.22.631.csv,3,2,3,2,z,0,1,2,aud,C,63,1,3C,2C,0,1,b,2.78154659999927,1,0,0,0,3C,2C,C32,2.83321334405622,0.997573277761002,0.5,0.5,0.5,0.5,0.5,0.5,0.5,0.5,0.5,0.5,0.5,0.5,0.5,0.5,0.5,0.5,0.5,0.5,0.5,0.0928007930428808,0.50053501755816,-0.5,-0.00703331639345828,CBCsimpleAsymRW,CBCdriftDiffusionLR,0.5,0.995146555522005,0.0140666327869166,0.307096390333891,0.441748976171121,3.16773651182233,0.5,102.680380211445
CBC_1005,CBC_1005_MSI_AV_v3_Vset6_Aset3_2023-06-03_14h15.22.631.csv,3,3,0,2,b,1,0,1,aud,A,27,1,0A,2A,1,0,z,3.39125649999914,0,1,0,0,2A,0A,A02,2.89037175789616,0.997573277761002,0.5,0.5,0.5,0.5,0.5,0.5,0.5,0.5,0.5,0.5,0.492966683606542,0.5,0.5,0.5,0.5,0.333873478797339,0.666126521202661,0.5,0.997573277761002,0.0528606469065969,0.387161097864056,-0.5,-0.00703331639345828,CBCsimpleAsymRW,CBCdriftDiffusionLR,0.5,0.995146555522005,0.0140666327869166,0.307096390333891,0.441748976171121,3.16773651182233,0.5,102.680380211445
CBC_1005,CBC_1005_MSI_AV_v3_Vset6_Aset3_2023-06-03_14h15.22.631.csv,3,4,1,0,b,1,0,0,aud,B,63,1,1B,0B,1,0,z,2.42638019999868,0,1,0,0,0B,1B,B10,2.94443897916644,0.997573277761002,0.5,0.492966683606542,0.5,0.5,0.5,0.5,0.5,0.5,0.5,0.5,0.492966683606542,0.5,0.5,0.5,0.5,0.5,0.5,0.5,0.5,0.110659904472422,0.501478065382952,-0.5,-0.00703331639345828,CBCsimpleAsymRW,CBCdriftDiffusionLR,0.5,0.995146555522005,0.0140666327869166,0.307096390333891,0.441748976171121,3.16773651182233,0.5,102.680380211445
CBC_1005,CBC_1005_MSI_AV_v3_Vset6_Aset3_2023-06-03_14h15.22.631.csv,3,5,0,1,z,0,1,0,aud,B,63,1,0B,1B,0,1,z,2.55997249999928,0,1,1,1,1B,0B,B01,2.99573227355399,0.997573277761002,0.5,0.492966683606542,0.5,0.492966683606542,0.5,0.5,0.5,0.5,0.5,0.5,0.492966683606542,0.5,0.5,0.5,0.5,0.503541567159088,0.496458432840912,0.5,0.492966683606542,0.104094382734916,0.503608324205542,0.5,0.497573277761002,CBCsimpleAsymRW,CBCdriftDiffusionLR,0.5,0.995146555522005,0.0140666327869166,0.307096390333891,0.441748976171121,3.16773651182233,0.5,102.680380211445
CBC_1005,CBC_1005_MSI_AV_v3_Vset6_Aset3_2023-06-03_14h15.22.631.csv,3,6,3,2,z,0,1,2,aud,C,63,1,3C,2C,0,1,z,3.13771240000096,0,1,1,1,2C,3C,C32,2.35137525716348,0.997573277761002,0.5,0.492966683606542,0.5,0.492966683606542,0.997573277761002,0.5,0.5,0.5,0.5,0.5,0.492966683606542,0.5,0.5,0.5,0.5,0.503541567159088,0.496458432840912,0.5,0.492966683606542,0.0783112314801506,0.503174855316638,0.5,0.497573277761002,CBCsimpleAsymRW,CBCdriftDiffusionLR,0.5,0.995146555522005,0.0140666327869166,0.307096390333891,0.441748976171121,3.16773651182233,0.5,102.680380211445
CBC_1005,CBC_1005_MSI_AV_v3_Vset6_Aset3_2023-06-03_14h15.22.631.csv,3,7,3,1,b,1,0,3,aud,D,27,1,3D,1D,1,0,b,3.11800229999972,1,0,1,1,3D,1D,D31,3.09104245335832,0.997573277761002,0.5,0.492966683606542,0.5,0.492966683606542,0.997573277761002,0.5,0.5,0.5,0.5,0.997573277761002,0.492966683606542,0.5,0.5,0.5,0.5,0.5,0.5,0.5,0.5,0.0785035757550879,0.499545563349606,0.5,0.497573277761002,CBCsimpleAsymRW,CBCdriftDiffusionLR,0.5,0.995146555522005,0.0140666327869166,0.307096390333891,0.441748976171121,3.16773651182233,0.5,102.680380211445
CBC_1005,CBC_1005_MSI_AV_v3_Vset6_Aset3_2023-06-03_14h15.22.631.csv,3,8,1,2,z,0,1,2,aud,C,9,1,1C,2C,0,1,z,3.29575549999936,0,1,1,1,2C,1C,C12,3.13549421592915,0.997573277761002,0.5,0.492966683606542,0.5,0.492966683606542,0.997573277761002,0.5,0.5,0.5,0.5,0.997573277761002,0.492966683606542,0.5,0.5,0.5,0.997573277761002,0.666126521202661,0.333873478797339,0.997573277761002,0.5,0.0879503981316178,0.614075921864184,0.00242672223899765,0.00241494427734716,CBCsimpleAsymRW,CBCdriftDiffusionLR,0.5,0.995146555522005,0.0140666327869166,0.307096390333891,0.441748976171121,3.16773651182233,0.5,102.680380211445
CBC_1005,CBC_1005_MSI_AV_v3_Vset6_Aset3_2023-06-03_14h15.22.631.csv,3,9,3,1,z,0,1,0,aud,B,27,1,3B,1B,0,1,z,3.41922239999985,0,1,1,1,1B,3B,B31,3.17805383034795,0.997573277761002,0.5,0.492966683606542,0.5,0.492966683606542,0.997573277761002,0.5,0.5,0.5,0.5,0.999988222038349,0.492966683606542,0.5,0.5,0.5,0.997573277761002,0.666126521202661,0.333873478797339,0.997573277761002,0.5,0.0825713895520351,0.613362301719182,0.00242672223899765,0.00241494427734716,CBCsimpleAsymRW,CBCdriftDiffusionLR,0.5,0.995146555522005,0.0140666327869166,0.307096390333891,0.441748976171121,3.16773651182233,0.5,102.680380211445
CBC_1005,CBC_1005_MSI_AV_v3_Vset6_Aset3_2023-06-03_14h15.22.631.csv,3,10,3,2,b,1,0,3,aud,D,63,1,3D,2D,1,0,b,3.3393472000007,1,0,1,1,3D,2D,D32,3.2188758248682,0.997573277761002,0.5,0.492966683606542,0.5,0.492966683606542,0.999988222038349,0.5,0.5,0.5,0.5,0.999988222038349,0.492966683606542,0.5,0.5,0.5,0.997573277761002,0.666126521202661,0.333873478797339,0.997573277761002,0.5,0.0860846081009219,0.614379222051742,0.00242672223899765,0.00241494427734716,CBCsimpleAsymRW,CBCdriftDiffusionLR,0.5,0.995146555522005,0.0140666327869166,0.307096390333891,0.441748976171121,3.16773651182233,0.5,102.680380211445
CBC_1005,CBC_1005_MSI_AV_v3_Vset6_Aset3_2023-06-03_14h15.22.631.csv,3,11,1,0,b,1,0,0,aud,B,63,1,1B,0B,1,0,z,2.76462150000043,0,1,0,0,0B,1B,B10,2.56494935746154,0.997573277761002,0.5,0.492966683606542,0.5,0.492966683606542,0.999988222038349,0.5,0.5,0.5,0.5,0.999988222038349,0.492966683606542,0.5,0.5,0.5,0.999988222038349,0.330195293737691,0.669804706262309,0.492966683606542,0.999988222038349,0.0714922735249579,0.382292525010823,-0.492966683606542,-0.0069343813144773,CBCsimpleAsymRW,CBCdriftDiffusionLR,0.5,0.995146555522005,0.0140666327869166,0.307096390333891,0.441748976171121,3.16773651182233,0.5,102.680380211445
CBC_1005,CBC_1005_MSI_AV_v3_Vset6_Aset3_2023-06-03_14h15.22.631.csv,3,12,0,2,z,0,1,2,aud,C,27,1,0C,2C,0,1,z,3.2121860999996,0,1,1,1,2C,0C,C02,3.29583686600433,0.997573277761002,0.5,0.492966683606542,0.5,0.486032302292064,0.999988222038349,0.5,0.5,0.5,0.5,0.999988222038349,0.492966683606542,0.5,0.5,0.5,0.999988222038349,0.666664049321304,0.333335950678696,0.999988222038349,0.5,0.0918194174283602,0.614766153714039,1.17779616505276e-05,1.17207979675928e-05,CBCsimpleAsymRW,CBCdriftDiffusionLR,0.5,0.995146555522005,0.0140666327869166,0.307096390333891,0.441748976171121,3.16773651182233,0.5,102.680380211445
CBC_1005,CBC_1005_MSI_AV_v3_Vset6_Aset3_2023-06-03_14h15.22.631.csv,3,13,3,2,b,1,0,3,aud,D,63,0,3D,2D,0,1,b,2.81930420000026,1,0,1,0,3D,2D,D32,2.63905732961526,0.997573277761002,0.5,0.492966683606542,0.5,0.486032302292064,0.999988222038349,0.5,0.5,0.5,0.5,0.999999942836317,0.492966683606542,0.5,0.5,0.5,0.999988222038349,0.666664049321304,0.333335950678696,0.999988222038349,0.5,0.111683627862842,0.613825997145347,-0.999988222038349,-0.014066467110655,CBCsimpleAsymRW,CBCdriftDiffusionLR,0.5,0.995146555522005,0.0140666327869166,0.307096390333891,0.441748976171121,3.16773651182233,0.5,102.680380211445
CBC_1005,CBC_1005_MSI_AV_v3_Vset6_Aset3_2023-06-03_14h15.22.631.csv,3,14,1,0,z,0,1,1,aud,A,63,1,1A,0A,0,1,z,2.46334999999999,0,1,1,1,0A,1A,A10,3.36729582998647,0.997573277761002,0.5,0.492966683606542,0.5,0.486032302292064,0.999988222038349,0.5,0.5,0.5,0.5,0.999999942836317,0.492966683606542,0.5,0.5,0.5,0.985921754927694,0.666126521202661,0.333873478797339,0.997573277761002,0.5,0.133421376704788,0.613500218808235,0.00242672223899765,0.00241494427734716,CBCsimpleAsymRW,CBCdriftDiffusionLR,0.5,0.995146555522005,0.0140666327869166,0.307096390333891,0.441748976171121,3.16773651182233,0.5,102.680380211445
CBC_1005,CBC_1005_MSI_AV_v3_Vset6_Aset3_2023-06-03_14h15.22.631.csv,3,15,2,3,b,1,0,2,aud,C,63,1,2C,3C,1,0,z,2.41484060000039,0,1,0,0,3C,2C,C23,3.40119738166216,0.999988222038349,0.5,0.492966683606542,0.5,0.486032302292064,0.999988222038349,0.5,0.5,0.5,0.5,0.999999942836317,0.492966683606542,0.5,0.5,0.5,0.985921754927694,0.330192701481267,0.669807298518733,0.492966683606542,0.999999942836317,0.0852916928110076,0.382694101080472,-0.492966683606542,-0.0069343813144773,CBCsimpleAsymRW,CBCdriftDiffusionLR,0.5,0.995146555522005,0.0140666327869166,0.307096390333891,0.441748976171121,3.16773651182233,0.5,102.680380211445
CBC_1005,CBC_1005_MSI_AV_v3_Vset6_Aset3_2023-06-03_14h15.22.631.csv,3,16,0,2,b,1,0,1,aud,A,27,1,0A,2A,1,0,z,3.88092140000117,0,1,0,0,2A,0A,A02,2.7408400239252,0.999988222038349,0.5,0.492966683606542,0.5,0.486032302292064,0.999988222038349,0.5,0.5,0.5,0.5,0.999999942836317,0.486032302292064,0.5,0.5,0.5,0.985921754927694,0.330195293737691,0.669804706262309,0.492966683606542,0.999988222038349,0.0408797495002111,0.383222943694026,-0.492966683606542,-0.0069343813144773,CBCsimpleAsymRW,CBCdriftDiffusionLR,0.5,0.995146555522005,0.0140666327869166,0.307096390333891,0.441748976171121,3.16773651182233,0.5,102.680380211445
CBC_1005,CBC_1005_MSI_AV_v3_Vset6_Aset3_2023-06-03_14h15.22.631.csv,3,17,2,3,z,0,1,3,aud,D,63,1,2D,3D,NaN,NaN,[],NaN,NaN,NaN,NaN,NaN,,,D23,3.46573590279973,0.999988222038349,0.5,0.486032302292064,0.5,0.486032302292064,0.999988222038349,0.5,0.5,0.5,0.5,0.999999942836317,0.486032302292064,0.5,0.5,0.5,0.985921754927694,0,0,0,0,NaN,0,0,0,CBCsimpleAsymRW,CBCdriftDiffusionLR,0.5,0.995146555522005,0.0140666327869166,0.307096390333891,0.441748976171121,3.16773651182233,0.5,102.680380211445
CBC_1005,CBC_1005_MSI_AV_v3_Vset6_Aset3_2023-06-03_14h15.22.631.csv,3,18,3,2,b,1,0,3,aud,D,63,1,3D,2D,1,0,z,2.30253550000089,0,1,0,0,2D,3D,D32,2.39789527279837,0.999988222038349,0.5,0.486032302292064,0.5,0.486032302292064,0.999988222038349,0.5,0.5,0.5,0.5,0.999999942836317,0.486032302292064,0.5,0.5,0.5,0.985921754927694,0.336491472947262,0.663508527052738,0.5,0.985921754927694,0.0913982220377163,0.38791036807347,-0.5,-0.00703331639345828,CBCsimpleAsymRW,CBCdriftDiffusionLR,0.5,0.995146555522005,0.0140666327869166,0.307096390333891,0.441748976171121,3.16773651182233,0.5,102.680380211445
CBC_1005,CBC_1005_MSI_AV_v3_Vset6_Aset3_2023-06-03_14h15.22.631.csv,3,19,3,1,z,0,1,0,aud,B,27,1,3B,1B,0,1,b,2.34732380000059,1,0,0,0,3B,1B,B31,2.83321334405622,0.999988222038349,0.5,0.486032302292064,0.5,0.486032302292064,0.999988222038349,0.5,0.5,0.5,0.5,0.999999942836317,0.486032302292064,0.5,0.5,0.492966683606542,0.985921754927694,0.333335950678696,0.666664049321304,0.5,0.999988222038349,0.0886659364343024,0.384698548397282,-0.5,-0.00703331639345828,CBCsimpleAsymRW,CBCdriftDiffusionLR,0.5,0.995146555522005,0.0140666327869166,0.307096390333891,0.441748976171121,3.16773651182233,0.5,102.680380211445
CBC_1005,CBC_1005_MSI_AV_v3_Vset6_Aset3_2023-06-03_14h15.22.631.csv,3,20,0,3,z,0,1,3,aud,D,9,1,0D,3D,0,1,z,0.429054500000348,0,1,1,1,3D,0D,D03,3.55534806148941,0.999988222038349,0.5,0.486032302292064,0.5,0.486032302292064,0.999988222038349,0.5,0.492966683606542,0.5,0.5,0.999999942836317,0.486032302292064,0.5,0.5,0.492966683606542,0.985921754927694,0.663508527052738,0.336491472947262,0.985921754927694,0.5,0.000634901417934396,0.611590350900151,0.0140782450723056,0.0140099170914995,CBCsimpleAsymRW,CBCdriftDiffusionLR,0.5,0.995146555522005,0.0140666327869166,0.307096390333891,0.441748976171121,3.16773651182233,0.5,102.680380211445
CBC_1005,CBC_1005_MSI_AV_v3_Vset6_Aset3_2023-06-03_14h15.22.631.csv,3,21,1,0,b,1,0,0,aud,B,63,1,1B,0B,1,0,z,2.68989939999847,0,1,0,0,0B,1B,B10,2.484906649788,0.999988222038349,0.5,0.486032302292064,0.5,0.486032302292064,0.999988222038349,0.5,0.492966683606542,0.5,0.5,0.999999942836317,0.486032302292064,0.5,0.5,0.492966683606542,0.999931672019194,0.327069710232344,0.672930289767656,0.486032302292064,0.999988222038349,0.0740532429822565,0.381391881641757,-0.486032302292064,-0.00683683791892209,CBCsimpleAsymRW,CBCdriftDiffusionLR,0.5,0.995146555522005,0.0140666327869166,0.307096390333891,0.441748976171121,3.16773651182233,0.5,102.680380211445
CBC_1005,CBC_1005_MSI_AV_v3_Vset6_Aset3_2023-06-03_14h15.22.631.csv,3,22,1,0,z,0,1,1,aud,A,63,1,1A,0A,0,1,z,2.38199689999965,0,1,1,1,0A,1A,A10,2.91777073208428,0.999988222038349,0.5,0.486032302292064,0.5,0.479195464373142,0.999988222038349,0.5,0.492966683606542,0.5,0.5,0.999999942836317,0.486032302292064,0.5,0.5,0.492966683606542,0.999931672019194,0.666664049321304,0.333335950678696,0.999988222038349,0.5,0.13904570955959,0.613882175474698,1.17779616505276e-05,1.17207979675928e-05,CBCsimpleAsymRW,CBCdriftDiffusionLR,0.5,0.995146555522005,0.0140666327869166,0.307096390333891,0.441748976171121,3.16773651182233,0.5,102.680380211445
CBC_1005,CBC_1005_MSI_AV_v3_Vset6_Aset3_2023-06-03_14h15.22.631.csv,3,23,2,3,b,1,0,2,aud,C,63,1,2C,3C,1,0,b,3.06116020000081,1,0,1,1,2C,3C,C23,2.94443897916644,0.999999942836317,0.5,0.486032302292064,0.5,0.479195464373142,0.999988222038349,0.5,0.492966683606542,0.5,0.5,0.999999942836317,0.486032302292064,0.5,0.5,0.492966683606542,0.999931672019194,0.672932869468068,0.327067130531932,0.999999942836317,0.486032302292064,0.0996842352655678,0.618793970610068,5.71636828983202e-08,5.68862421372155e-08,CBCsimpleAsymRW,CBCdriftDiffusionLR,0.5,0.995146555522005,0.0140666327869166,0.307096390333891,0.441748976171121,3.16773651182233,0.5,102.680380211445
CBC_1005,CBC_1005_MSI_AV_v3_Vset6_Aset3_2023-06-03_14h15.22.631.csv,3,24,0,2,b,1,0,1,aud,A,27,1,0A,2A,1,0,z,3.06049929999972,0,1,0,0,2A,0A,A02,2.56494935746154,0.999999942836317,0.5,0.486032302292064,0.5,0.479195464373142,0.999988222038349,0.5,0.492966683606542,0.5,0.5,0.999999999722559,0.486032302292064,0.5,0.5,0.492966683606542,0.999931672019194,0.327067130531932,0.672932869468068,0.486032302292064,0.999999942836317,0.0614088769356159,0.381074362758896,-0.486032302292064,-0.00683683791892209,CBCsimpleAsymRW,CBCdriftDiffusionLR,0.5,0.995146555522005,0.0140666327869166,0.307096390333891,0.441748976171121,3.16773651182233,0.5,102.680380211445
CBC_1005,CBC_1005_MSI_AV_v3_Vset6_Aset3_2023-06-03_14h15.22.631.csv,3,25,1,0,b,1,0,0,aud,B,63,1,1B,0B,1,0,b,3.22926329999973,1,0,1,1,1B,0B,B10,2.30258509299405,0.999999942836317,0.5,0.479195464373142,0.5,0.479195464373142,0.999988222038349,0.5,0.492966683606542,0.5,0.5,0.999999999722559,0.486032302292064,0.5,0.5,0.492966683606542,0.999931672019194,0.676040596732328,0.323959403267672,0.999988222038349,0.479195464373142,0.0920103201919561,0.621762216099131,1.17779616505276e-05,1.17207979675928e-05,CBCsimpleAsymRW,CBCdriftDiffusionLR,0.5,0.995146555522005,0.0140666327869166,0.307096390333891,0.441748976171121,3.16773651182233,0.5,102.680380211445
CBC_1005,CBC_1005_MSI_AV_v3_Vset6_Aset3_2023-06-03_14h15.22.631.csv,3,26,2,3,z,0,1,3,aud,D,63,1,2D,3D,0,1,z,3.11050580000119,0,1,1,1,3D,2D,D23,3.02042488614436,0.999999942836317,0.5,0.479195464373142,0.5,0.479195464373142,0.999999942836317,0.5,0.492966683606542,0.5,0.5,0.999999999722559,0.486032302292064,0.5,0.5,0.492966683606542,0.999931672019194,0.669792198679247,0.330207801320753,0.999931672019194,0.492966683606542,0.0969463887267955,0.616847519813044,6.83279808060266e-05,6.79963547448911e-05,CBCsimpleAsymRW,CBCdriftDiffusionLR,0.5,0.995146555522005,0.0140666327869166,0.307096390333891,0.441748976171121,3.16773651182233,0.5,102.680380211445
CBC_1005,CBC_1005_MSI_AV_v3_Vset6_Aset3_2023-06-03_14h15.22.631.csv,3,27,1,2,b,1,0,0,aud,B,9,1,1B,2B,1,0,z,2.68969759999891,0,1,0,0,2B,1B,B12,3.73766961828337,0.999999942836317,0.5,0.479195464373142,0.5,0.479195464373142,0.999999942836317,0.5,0.492966683606542,0.5,0.5,0.999999999722559,0.486032302292064,0.5,0.5,0.492966683606542,0.999999668373939,0.333333346036374,0.666666653963626,0.5,0.999999942836317,0.0749587393016411,0.386044998198938,-0.5,-0.00703331639345828,CBCsimpleAsymRW,CBCdriftDiffusionLR,0.5,0.995146555522005,0.0140666327869166,0.307096390333891,0.441748976171121,3.16773651182233,0.5,102.680380211445
CBC_1005,CBC_1005_MSI_AV_v3_Vset6_Aset3_2023-06-03_14h15.22.631.csv,3,28,1,3,z,0,1,3,aud,D,27,1,1D,3D,NaN,NaN,[],NaN,NaN,NaN,NaN,NaN,,,D13,3.76120011569356,0.999999942836317,0.5,0.479195464373142,0.5,0.479195464373142,0.999999942836317,0.492966683606542,0.492966683606542,0.5,0.5,0.999999999722559,0.486032302292064,0.5,0.5,0.492966683606542,0.999999668373939,0,0,0,0,NaN,0,0,0,CBCsimpleAsymRW,CBCdriftDiffusionLR,0.5,0.995146555522005,0.0140666327869166,0.307096390333891,0.441748976171121,3.16773651182233,0.5,102.680380211445
CBC_1005,CBC_1005_MSI_AV_v3_Vset6_Aset3_2023-06-03_14h15.22.631.csv,3,29,1,0,z,0,1,1,aud,A,63,1,1A,0A,0,1,z,2.46423110000069,0,1,1,1,0A,1A,A10,2.68557734525015,0.999999942836317,0.5,0.479195464373142,0.5,0.479195464373142,0.999999942836317,0.492966683606542,0.492966683606542,0.5,0.5,0.999999999722559,0.486032302292064,0.5,0.5,0.492966683606542,0.999999668373939,0.666666653963626,0.333333346036374,0.999999942836317,0.5,0.133855016965534,0.615684350627998,5.71636828983202e-08,5.68862421372155e-08,CBCsimpleAsymRW,CBCdriftDiffusionLR,0.5,0.995146555522005,0.0140666327869166,0.307096390333891,0.441748976171121,3.16773651182233,0.5,102.680380211445
CBC_1005,CBC_1005_MSI_AV_v3_Vset6_Aset3_2023-06-03_14h15.22.631.csv,3,30,0,1,b,1,0,1,aud,A,63,1,0A,1A,1,0,b,2.16007340000033,1,0,1,1,0A,1A,A01,3.11351530921037,0.999999999722559,0.5,0.479195464373142,0.5,0.479195464373142,0.999999942836317,0.492966683606542,0.492966683606542,0.5,0.5,0.999999999722559,0.486032302292064,0.5,0.5,0.492966683606542,0.999999668373939,0.666666666605013,0.333333333394987,0.999999999722559,0.5,0.155579395371549,0.615045221972249,2.77440737050938e-10,2.76094193837727e-10,CBCsimpleAsymRW,CBCdriftDiffusionLR,0.5,0.995146555522005,0.0140666327869166,0.307096390333891,0.441748976171121,3.16773651182233,0.5,102.680380211445
CBC_1005,CBC_1005_MSI_AV_v3_Vset6_Aset3_2023-06-03_14h15.22.631.csv,3,31,0,2,z,0,1,2,aud,C,27,1,0C,2C,0,1,z,2.55165209999905,0,1,1,1,2C,0C,C02,3.13549421592915,0.999999999998653,0.5,0.479195464373142,0.5,0.479195464373142,0.999999942836317,0.492966683606542,0.492966683606542,0.5,0.5,0.999999999722559,0.486032302292064,0.5,0.5,0.492966683606542,0.999999668373939,0.666666666605013,0.333333333394987,0.999999999722559,0.5,0.127989051704263,0.615065043505164,2.77440737050938e-10,2.76094193837727e-10,CBCsimpleAsymRW,CBCdriftDiffusionLR,0.5,0.995146555522005,0.0140666327869166,0.307096390333891,0.441748976171121,3.16773651182233,0.5,102.680380211445
CBC_1005,CBC_1005_MSI_AV_v3_Vset6_Aset3_2023-06-03_14h15.22.631.csv,3,32,1,0,z,0,1,1,aud,A,63,1,1A,0A,0,1,z,2.24302259999968,0,1,1,1,0A,1A,A10,2.46385324059017,0.999999999998653,0.5,0.479195464373142,0.5,0.479195464373142,0.999999942836317,0.492966683606542,0.492966683606542,0.5,0.5,0.999999999998653,0.486032302292064,0.5,0.5,0.492966683606542,0.999999668373939,0.666666666666367,0.333333333333633,0.999999999998653,0.5,0.149059802833548,0.614075046448515,1.34658950656785e-12,1.34005390916307e-12,CBCsimpleAsymRW,CBCdriftDiffusionLR,0.5,0.995146555522005,0.0140666327869166,0.307096390333891,0.441748976171121,3.16773651182233,0.5,102.680380211445
CBC_1005,CBC_1005_MSI_AV_v3_Vset6_Aset3_2023-06-03_14h15.22.631.csv,3,33,1,0,b,1,0,0,aud,B,63,1,1B,0B,1,0,z,2.82098500000029,0,1,0,0,0B,1B,B10,2.26176309847379,0.999999999999993,0.5,0.479195464373142,0.5,0.479195464373142,0.999999942836317,0.492966683606542,0.492966683606542,0.5,0.5,0.999999999998653,0.486032302292064,0.5,0.5,0.492966683606542,0.999999668373939,0.323956836289234,0.676043163710766,0.479195464373142,0.999999942836317,0.0689217512492836,0.379149477517003,-0.479195464373142,-0.00674066663049295,CBCsimpleAsymRW,CBCdriftDiffusionLR,0.5,0.995146555522005,0.0140666327869166,0.307096390333891,0.441748976171121,3.16773651182233,0.5,102.680380211445
CBC_1005,CBC_1005_MSI_AV_v3_Vset6_Aset3_2023-06-03_14h15.22.631.csv,3,34,3,2,b,1,0,3,aud,D,63,1,3D,2D,1,0,b,2.82704270000067,1,0,1,1,3D,2D,D32,2.50552593699074,0.999999999999993,0.5,0.479195464373142,0.5,0.472454797742649,0.999999942836317,0.492966683606542,0.492966683606542,0.5,0.5,0.999999999998653,0.486032302292064,0.5,0.5,0.492966683606542,0.999999668373939,0.669807237817114,0.330192762182886,0.999999668373939,0.492966683606542,0.111701736601939,0.616331706490578,3.31626061167434e-07,3.30016532492101e-07,CBCsimpleAsymRW,CBCdriftDiffusionLR,0.5,0.995146555522005,0.0140666327869166,0.307096390333891,0.441748976171121,3.16773651182233,0.5,102.680380211445
CBC_1005,CBC_1005_MSI_AV_v3_Vset6_Aset3_2023-06-03_14h15.22.631.csv,3,35,3,1,z,0,1,0,aud,B,27,1,3B,1B,0,1,z,3.81100909999986,0,1,1,1,1B,3B,B31,2.81341071676004,0.999999999999993,0.5,0.479195464373142,0.5,0.472454797742649,0.999999942836317,0.492966683606542,0.492966683606542,0.5,0.5,0.999999999998653,0.486032302292064,0.5,0.5,0.492966683606542,0.999999998390471,0.669807298518733,0.330192701481267,0.999999942836317,0.492966683606542,0.0681006885986169,0.616276249184518,5.71636828983202e-08,5.68862421372155e-08,CBCsimpleAsymRW,CBCdriftDiffusionLR,0.5,0.995146555522005,0.0140666327869166,0.307096390333891,0.441748976171121,3.16773651182233,0.5,102.680380211445
CBC_1005,CBC_1005_MSI_AV_v3_Vset6_Aset3_2023-06-03_14h15.22.631.csv,3,36,3,2,z,0,1,2,aud,C,63,1,3C,2C,0,1,b,3.59548419999919,1,0,0,0,3C,2C,C32,2.83321334405622,0.999999999999993,0.5,0.479195464373142,0.5,0.472454797742649,0.999999999722559,0.492966683606542,0.492966683606542,0.5,0.5,0.999999999998653,0.486032302292064,0.5,0.5,0.492966683606542,0.999999998390471,0.327067117950832,0.672932882049168,0.486032302292064,0.999999999998653,0.0470525607640011,0.382158735696831,-0.486032302292064,-0.00683683791892209,CBCsimpleAsymRW,CBCdriftDiffusionLR,0.5,0.995146555522005,0.0140666327869166,0.307096390333891,0.441748976171121,3.16773651182233,0.5,102.680380211445
CBC_1005,CBC_1005_MSI_AV_v3_Vset6_Aset3_2023-06-03_14h15.22.631.csv,3,37,2,0,b,1,0,2,aud,C,27,1,2C,0C,1,0,z,2.51970280000023,0,1,0,0,0C,2C,C20,3.95124371858143,0.999999999999993,0.5,0.479195464373142,0.5,0.472454797742649,0.999999999722559,0.492966683606542,0.492966683606542,0.5,0.5,0.999999999998653,0.479195464373142,0.5,0.5,0.492966683606542,0.999999998390471,0.333333333333633,0.666666666666367,0.5,0.999999999998653,0.081314092410478,0.384552659187713,-0.5,-0.00703331639345828,CBCsimpleAsymRW,CBCdriftDiffusionLR,0.5,0.995146555522005,0.0140666327869166,0.307096390333891,0.441748976171121,3.16773651182233,0.5,102.680380211445
CBC_1005,CBC_1005_MSI_AV_v3_Vset6_Aset3_2023-06-03_14h15.22.631.csv,3,38,1,0,b,1,0,0,aud,B,63,1,1B,0B,1,0,b,3.61079529999915,1,0,1,1,1B,0B,B10,2.17853244432407,0.999999999999993,0.5,0.479195464373142,0.5,0.472454797742649,0.999999999722559,0.492966683606542,0.492966683606542,0.492966683606542,0.5,0.999999999998653,0.479195464373142,0.5,0.5,0.492966683606542,0.999999998390471,0.679137995573129,0.320862004426871,0.999999999722559,0.472454797742649,0.0761400467728841,0.623850184396537,2.77440737050938e-10,2.76094193837727e-10,CBCsimpleAsymRW,CBCdriftDiffusionLR,0.5,0.995146555522005,0.0140666327869166,0.307096390333891,0.441748976171121,3.16773651182233,0.5,102.680380211445
CBC_1005,CBC_1005_MSI_AV_v3_Vset6_Aset3_2023-06-03_14h15.22.631.csv,3,39,3,0,z,0,1,1,aud,A,9,1,3A,0A,NaN,NaN,[],NaN,NaN,NaN,NaN,NaN,,,A30,3.98898404656427,0.999999999999993,0.5,0.479195464373142,0.5,0.472454797742649,0.999999999998653,0.492966683606542,0.492966683606542,0.492966683606542,0.5,0.999999999998653,0.479195464373142,0.5,0.5,0.492966683606542,0.999999998390471,0,0,0,0,NaN,0,0,0,CBCsimpleAsymRW,CBCdriftDiffusionLR,0.5,0.995146555522005,0.0140666327869166,0.307096390333891,0.441748976171121,3.16773651182233,0.5,102.680380211445
CBC_1005,CBC_1005_MSI_AV_v3_Vset6_Aset3_2023-06-03_14h15.22.631.csv,3,40,3,2,z,0,1,2,aud,C,63,0,3C,2C,1,0,b,2.33121220000066,1,0,0,1,3C,2C,C32,2.62103882411258,0.999999999999993,0.5,0.479195464373142,0.5,0.472454797742649,0.999999999998653,0.492966683606542,0.492966683606542,0.492966683606542,0.5,0.999999999998653,0.479195464373142,0.5,0.5,0.492966683606542,0.999999998390471,0.323956823770179,0.676043176229821,0.479195464373142,0.999999999998653,0.0883330480886602,0.380029515640181,0.520804535626858,0.518276839729305,CBCsimpleAsymRW,CBCdriftDiffusionLR,0.5,0.995146555522005,0.0140666327869166,0.307096390333891,0.441748976171121,3.16773651182233,0.5,102.680380211445
CBC_1005,CBC_1005_MSI_AV_v3_Vset6_Aset3_2023-06-03_14h15.22.631.csv,3,41,1,0,z,0,1,1,aud,A,63,1,1A,0A,0,1,z,2.43428440000025,0,1,1,1,0A,1A,A10,2.41591377830105,0.999999999999993,0.5,0.479195464373142,0.5,0.472454797742649,0.999999999998653,0.492966683606542,0.492966683606542,0.492966683606542,0.5,0.999999999998653,0.997472304102447,0.5,0.5,0.492966683606542,0.999999998390471,0.666666666666665,0.333333333333335,0.999999999999993,0.5,0.135787519594115,0.615301708863027,6.55031584528842e-15,6.51852425101998e-15,CBCsimpleAsymRW,CBCdriftDiffusionLR,0.5,0.995146555522005,0.0140666327869166,0.307096390333891,0.441748976171121,3.16773651182233,0.5,102.680380211445
CBC_1005,CBC_1005_MSI_AV_v3_Vset6_Aset3_2023-06-03_14h15.22.631.csv,3,42,3,2,b,1,0,3,aud,D,63,1,3D,2D,1,0,b,2.76831579999998,1,0,1,1,3D,2D,D32,2.43361335540045,1,0.5,0.479195464373142,0.5,0.472454797742649,0.999999999998653,0.492966683606542,0.492966683606542,0.492966683606542,0.5,0.999999999998653,0.997472304102447,0.5,0.5,0.492966683606542,0.999999998390471,0.669807310805394,0.330192689194606,0.999999998390471,0.492966683606542,0.115127483550144,0.616768249693434,1.60952862149344e-09,1.60171686369328e-09,CBCsimpleAsymRW,CBCdriftDiffusionLR,0.5,0.995146555522005,0.0140666327869166,0.307096390333891,0.441748976171121,3.16773651182233,0.5,102.680380211445
CBC_1005,CBC_1005_MSI_AV_v3_Vset6_Aset3_2023-06-03_14h15.22.631.csv,3,43,2,3,b,1,0,2,aud,C,63,1,2C,3C,1,0,z,2.49257770000077,0,1,0,0,3C,2C,C23,2.96183072187831,1,0.5,0.479195464373142,0.5,0.472454797742649,0.999999999998653,0.492966683606542,0.492966683606542,0.492966683606542,0.5,0.999999999998653,0.997472304102447,0.5,0.5,0.492966683606542,0.999999999992188,0.499367276359473,0.500632723640527,0.997472304102447,0.999999999998653,0.106451050795684,0.498285613347035,-0.997472304102447,-0.0140310766169287,CBCsimpleAsymRW,CBCdriftDiffusionLR,0.5,0.995146555522005,0.0140666327869166,0.307096390333891,0.441748976171121,3.16773651182233,0.5,102.680380211445
CBC_1005,CBC_1005_MSI_AV_v3_Vset6_Aset3_2023-06-03_14h15.22.631.csv,3,44,1,3,z,0,1,3,aud,D,27,1,1D,3D,0,1,z,1.90218040000036,0,1,1,1,3D,1D,D13,3.38439026334577,1,0.5,0.479195464373142,0.5,0.472454797742649,0.999999999998653,0.492966683606542,0.492966683606542,0.492966683606542,0.5,0.999999999998653,0.983441227485518,0.5,0.5,0.492966683606542,0.999999999992188,0.666666666664931,0.333333333335069,0.999999999992188,0.5,0.176149422222345,0.614011197637732,7.81175124586753e-12,7.7738373449198e-12,CBCsimpleAsymRW,CBCdriftDiffusionLR,0.5,0.995146555522005,0.0140666327869166,0.307096390333891,0.441748976171121,3.16773651182233,0.5,102.680380211445
CBC_1005,CBC_1005_MSI_TV_v3_Vset3_Tset2_2023-06-03_14h23.46.710.csv,4,1,1,0,b,1,0,0,tac,B,63,1,1B,0B,1,0,z,2.42232589999912,0,1,0,0,0B,1B,B10,2.77258872223978,0.5,0.5,0.5,0.5,0.5,0.5,0.5,0.5,0.5,0.5,0.5,0.5,0.5,0.5,0.5,0.5,0.5,0.5,0.5,0.5,0.180170985966931,0.50005486161522,-0.5,-0.181877738463243,CBCsimpleAsymRW,CBCdriftDiffusionLR,0.5,0.477613162117494,0.363755476926486,1.13645586245265,1.48347899662453,2.68984907408553,0.5,70.6211842026066
CBC_1005,CBC_1005_MSI_TV_v3_Vset3_Tset2_2023-06-03_14h23.46.710.csv,4,2,1,0,z,0,1,1,tac,A,63,1,1A,0A,0,1,b,2.37121479999951,1,0,0,0,1A,0A,A10,2.83321334405622,0.5,0.5,0.5,0.5,0.318122261536757,0.5,0.5,0.5,0.5,0.5,0.5,0.5,0.5,0.5,0.5,0.5,0.5,0.5,0.5,0.5,0.186308992658042,0.499809177385381,-0.5,-0.181877738463243,CBCsimpleAsymRW,CBCdriftDiffusionLR,0.5,0.477613162117494,0.363755476926486,1.13645586245265,1.48347899662453,2.68984907408553,0.5,70.6211842026066
CBC_1005,CBC_1005_MSI_TV_v3_Vset3_Tset2_2023-06-03_14h23.46.710.csv,4,3,3,2,b,1,0,3,tac,D,63,1,3D,2D,1,0,z,3.08157009999923,0,1,0,0,2D,3D,D32,2.89037175789616,0.5,0.318122261536757,0.5,0.5,0.318122261536757,0.5,0.5,0.5,0.5,0.5,0.5,0.5,0.5,0.5,0.5,0.5,0.5,0.5,0.5,0.5,0.115072807958078,0.49939139206572,-0.5,-0.181877738463243,CBCsimpleAsymRW,CBCdriftDiffusionLR,0.5,0.477613162117494,0.363755476926486,1.13645586245265,1.48347899662453,2.68984907408553,0.5,70.6211842026066
CBC_1005,CBC_1005_MSI_TV_v3_Vset3_Tset2_2023-06-03_14h23.46.710.csv,4,4,1,2,b,1,0,0,tac,B,9,1,1B,2B,1,0,b,3.17967949999911,1,0,1,1,1B,2B,B12,2.94443897916644,0.5,0.318122261536757,0.5,0.5,0.318122261536757,0.5,0.5,0.5,0.5,0.5,0.5,0.5,0.5,0.5,0.318122261536757,0.5,0.5,0.5,0.5,0.5,0.107673179990807,0.499601209649038,0.5,0.238806581058747,CBCsimpleAsymRW,CBCdriftDiffusionLR,0.5,0.477613162117494,0.363755476926486,1.13645586245265,1.48347899662453,2.68984907408553,0.5,70.6211842026066
CBC_1005,CBC_1005_MSI_TV_v3_Vset3_Tset2_2023-06-03_14h23.46.710.csv,4,5,2,0,z,0,1,1,tac,A,27,1,2A,0A,0,1,z,2.24389179999889,0,1,1,1,0A,2A,A20,2.99573227355399,0.5,0.318122261536757,0.5,0.5,0.318122261536757,0.738806581058747,0.5,0.5,0.5,0.5,0.5,0.5,0.5,0.5,0.318122261536757,0.5,0.5,0.5,0.5,0.5,0.202401090149715,0.499605461352167,0.5,0.238806581058747,CBCsimpleAsymRW,CBCdriftDiffusionLR,0.5,0.477613162117494,0.363755476926486,1.13645586245265,1.48347899662453,2.68984907408553,0.5,70.6211842026066
CBC_1005,CBC_1005_MSI_TV_v3_Vset3_Tset2_2023-06-03_14h23.46.710.csv,4,6,3,2,z,0,1,2,tac,C,63,1,3C,2C,0,1,z,2.3985952999974,0,1,1,1,2C,3C,C32,3.04452243772342,0.738806581058747,0.318122261536757,0.5,0.5,0.318122261536757,0.738806581058747,0.5,0.5,0.5,0.5,0.5,0.5,0.5,0.5,0.318122261536757,0.5,0.5,0.5,0.5,0.5,0.183382277125024,0.500982733840169,0.5,0.238806581058747,CBCsimpleAsymRW,CBCdriftDiffusionLR,0.5,0.477613162117494,0.363755476926486,1.13645586245265,1.48347899662453,2.68984907408553,0.5,70.6211842026066
CBC_1005,CBC_1005_MSI_TV_v3_Vset3_Tset2_2023-06-03_14h23.46.710.csv,4,7,3,1,b,1,0,3,tac,D,27,1,3D,1D,1,0,z,2.64048319999711,0,1,0,0,1D,3D,D31,3.09104245335832,0.738806581058747,0.318122261536757,0.5,0.5,0.318122261536757,0.738806581058747,0.5,0.5,0.5,0.5,0.738806581058747,0.5,0.5,0.5,0.318122261536757,0.5,0.5,0.5,0.5,0.5,0.155752208345176,0.500693756684552,-0.5,-0.181877738463243,CBCsimpleAsymRW,CBCdriftDiffusionLR,0.5,0.477613162117494,0.363755476926486,1.13645586245265,1.48347899662453,2.68984907408553,0.5,70.6211842026066
CBC_1005,CBC_1005_MSI_TV_v3_Vset3_Tset2_2023-06-03_14h23.46.710.csv,4,8,0,1,b,1,0,1,tac,A,63,1,0A,1A,1,0,z,2.4962934999985,0,1,0,0,1A,0A,A01,3.13549421592915,0.738806581058747,0.318122261536757,0.5,0.5,0.318122261536757,0.738806581058747,0.5,0.5,0.5,0.5,0.738806581058747,0.5,0.5,0.318122261536757,0.318122261536757,0.5,0.300987397368722,0.699012602631278,0.318122261536757,0.738806581058747,0.0611966825044179,0.169811038389453,-0.318122261536757,-0.115718714966235,CBCsimpleAsymRW,CBCdriftDiffusionLR,0.5,0.477613162117494,0.363755476926486,1.13645586245265,1.48347899662453,2.68984907408553,0.5,70.6211842026066
CBC_1005,CBC_1005_MSI_TV_v3_Vset3_Tset2_2023-06-03_14h23.46.710.csv,4,9,0,2,z,0,1,2,tac,C,27,1,0C,2C,0,1,z,2.74149129999932,0,1,1,1,2C,0C,C02,3.17805383034795,0.738806581058747,0.202403546570522,0.5,0.5,0.318122261536757,0.738806581058747,0.5,0.5,0.5,0.5,0.738806581058747,0.5,0.5,0.318122261536757,0.318122261536757,0.5,0.596385741208547,0.403614258791453,0.738806581058747,0.5,0.199856184577678,0.683538206338641,0.261193418941253,0.124749414744811,CBCsimpleAsymRW,CBCdriftDiffusionLR,0.5,0.477613162117494,0.363755476926486,1.13645586245265,1.48347899662453,2.68984907408553,0.5,70.6211842026066
CBC_1005,CBC_1005_MSI_TV_v3_Vset3_Tset2_2023-06-03_14h23.46.710.csv,4,10,3,2,b,1,0,3,tac,D,63,1,3D,2D,1,0,b,2.58149959999901,1,0,1,1,3D,2D,D32,2.52572864430826,0.738806581058747,0.202403546570522,0.5,0.5,0.318122261536757,0.738806581058747,0.5,0.5,0.5,0.5,0.863555995803558,0.5,0.5,0.318122261536757,0.318122261536757,0.5,0.611155598016368,0.388844401983632,0.5,0.318122261536757,0.233232304132347,0.708465456313339,0.5,0.238806581058747,CBCsimpleAsymRW,CBCdriftDiffusionLR,0.5,0.477613162117494,0.363755476926486,1.13645586245265,1.48347899662453,2.68984907408553,0.5,70.6211842026066
CBC_1005,CBC_1005_MSI_TV_v3_Vset3_Tset2_2023-06-03_14h23.46.710.csv,4,11,0,1,z,0,1,0,tac,B,63,1,0B,1B,0,1,z,3.12481649999972,0,1,1,1,1B,0B,B01,3.25809653802148,0.738806581058747,0.202403546570522,0.5,0.5,0.318122261536757,0.738806581058747,0.5,0.5,0.5,0.5,0.863555995803558,0.5,0.5,0.318122261536757,0.318122261536757,0.738806581058747,0.699012602631278,0.300987397368722,0.738806581058747,0.318122261536757,0.175001348719752,0.830327514881558,0.261193418941253,0.124749414744811,CBCsimpleAsymRW,CBCdriftDiffusionLR,0.5,0.477613162117494,0.363755476926486,1.13645586245265,1.48347899662453,2.68984907408553,0.5,70.6211842026066
CBC_1005,CBC_1005_MSI_TV_v3_Vset3_Tset2_2023-06-03_14h23.46.710.csv,4,12,1,0,z,0,1,1,tac,A,63,1,1A,0A,0,1,z,1.89035219999823,0,1,1,1,0A,1A,A10,2.60268968544438,0.738806581058747,0.202403546570522,0.5,0.5,0.318122261536757,0.863555995803558,0.5,0.5,0.5,0.5,0.863555995803558,0.5,0.5,0.318122261536757,0.318122261536757,0.738806581058747,0.784953921946911,0.215046078053089,0.738806581058747,0.202403546570522,0.587012991475281,0.906185583306296,0.261193418941253,0.124749414744811,CBCsimpleAsymRW,CBCdriftDiffusionLR,0.5,0.477613162117494,0.363755476926486,1.13645586245265,1.48347899662453,2.68984907408553,0.5,70.6211842026066
CBC_1005,CBC_1005_MSI_TV_v3_Vset3_Tset2_2023-06-03_14h23.46.710.csv,4,13,3,2,b,1,0,3,tac,D,63,1,3D,2D,1,0,z,2.86223849999806,0,1,0,0,2D,3D,D32,2.23359222150709,0.863555995803558,0.202403546570522,0.5,0.5,0.318122261536757,0.863555995803558,0.5,0.5,0.5,0.5,0.863555995803558,0.5,0.5,0.318122261536757,0.318122261536757,0.738806581058747,0.300987397368722,0.699012602631278,0.318122261536757,0.738806581058747,0.0446258261236586,0.16916175965223,-0.318122261536757,-0.115718714966235,CBCsimpleAsymRW,CBCdriftDiffusionLR,0.5,0.477613162117494,0.363755476926486,1.13645586245265,1.48347899662453,2.68984907408553,0.5,70.6211842026066
CBC_1005,CBC_1005_MSI_TV_v3_Vset3_Tset2_2023-06-03_14h23.46.710.csv,4,14,0,2,z,0,1,2,tac,C,27,1,0C,2C,0,1,b,2.5765367999993,1,0,0,0,0C,2C,C02,2.67414864942653,0.863555995803558,0.202403546570522,0.5,0.5,0.318122261536757,0.863555995803558,0.5,0.5,0.5,0.5,0.863555995803558,0.5,0.5,0.318122261536757,0.202403546570522,0.738806581058747,0.366688277957624,0.633311722042376,0.5,0.863555995803558,0.0854217210651503,0.257112454356752,-0.5,-0.181877738463243,CBCsimpleAsymRW,CBCdriftDiffusionLR,0.5,0.477613162117494,0.363755476926486,1.13645586245265,1.48347899662453,2.68984907408553,0.5,70.6211842026066
CBC_1005,CBC_1005_MSI_TV_v3_Vset3_Tset2_2023-06-03_14h23.46.710.csv,4,15,1,0,z,0,1,1,tac,A,63,1,1A,0A,0,1,z,2.37798589999875,0,1,1,1,0A,1A,A10,2.30258509299405,0.863555995803558,0.202403546570522,0.5,0.5,0.318122261536757,0.863555995803558,0.5,0.5,0.318122261536757,0.5,0.863555995803558,0.5,0.5,0.318122261536757,0.202403546570522,0.738806581058747,0.810120798656454,0.189879201343546,0.863555995803558,0.202403546570522,0.378169139038017,0.922467082724704,0.136444004196442,0.0651674522962351,CBCsimpleAsymRW,CBCdriftDiffusionLR,0.5,0.477613162117494,0.363755476926486,1.13645586245265,1.48347899662453,2.68984907408553,0.5,70.6211842026066
CBC_1005,CBC_1005_MSI_TV_v3_Vset3_Tset2_2023-06-03_14h23.46.710.csv,4,16,3,1,z,0,1,0,tac,B,27,1,3B,1B,0,1,z,2.25372179999795,0,1,1,1,1B,3B,B31,3.43398720448515,0.928723448099793,0.202403546570522,0.5,0.5,0.318122261536757,0.863555995803558,0.5,0.5,0.318122261536757,0.5,0.863555995803558,0.5,0.5,0.318122261536757,0.202403546570522,0.738806581058747,0.633311722042376,0.366688277957624,0.863555995803558,0.5,0.313755485453927,0.743063143634137,0.136444004196442,0.0651674522962351,CBCsimpleAsymRW,CBCdriftDiffusionLR,0.5,0.477613162117494,0.363755476926486,1.13645586245265,1.48347899662453,2.68984907408553,0.5,70.6211842026066
CBC_1005,CBC_1005_MSI_TV_v3_Vset3_Tset2_2023-06-03_14h23.46.710.csv,4,17,2,3,b,1,0,2,tac,C,63,1,2C,3C,1,0,b,2.75973389999854,1,0,1,1,2C,3C,C23,3.46573590279973,0.928723448099793,0.202403546570522,0.5,0.5,0.318122261536757,0.928723448099793,0.5,0.5,0.318122261536757,0.5,0.863555995803558,0.5,0.5,0.318122261536757,0.202403546570522,0.738806581058747,0.633311722042376,0.366688277957624,0.863555995803558,0.5,0.215002610550245,0.743242096939213,0.136444004196442,0.0651674522962351,CBCsimpleAsymRW,CBCdriftDiffusionLR,0.5,0.477613162117494,0.363755476926486,1.13645586245265,1.48347899662453,2.68984907408553,0.5,70.6211842026066
CBC_1005,CBC_1005_MSI_TV_v3_Vset3_Tset2_2023-06-03_14h23.46.710.csv,4,18,3,2,b,1,0,3,tac,D,63,0,3D,2D,0,1,b,2.34154529999978,1,0,1,0,3D,2D,D32,2.11021320034659,0.928723448099793,0.202403546570522,0.5,0.5,0.318122261536757,0.928723448099793,0.5,0.5,0.318122261536757,0.5,0.928723448099793,0.5,0.5,0.318122261536757,0.202403546570522,0.738806581058747,0.784953921946911,0.215046078053089,0.738806581058747,0.202403546570522,0.385029573810895,0.906396495194219,-0.738806581058747,-0.268744940249451,CBCsimpleAsymRW,CBCdriftDiffusionLR,0.5,0.477613162117494,0.363755476926486,1.13645586245265,1.48347899662453,2.68984907408553,0.5,70.6211842026066
CBC_1005,CBC_1005_MSI_TV_v3_Vset3_Tset2_2023-06-03_14h23.46.710.csv,4,19,0,1,z,0,1,0,tac,B,63,1,0B,1B,0,1,z,2.39185859999816,0,1,1,1,1B,0B,B01,2.83321334405622,0.928723448099793,0.202403546570522,0.5,0.5,0.318122261536757,0.928723448099793,0.5,0.5,0.318122261536757,0.5,0.928723448099793,0.5,0.5,0.318122261536757,0.202403546570522,0.470061640809296,0.744858358112739,0.255141641887261,0.928723448099793,0.318122261536757,0.350764858367035,0.876064795388944,0.0712765519002065,0.0340426193378893,CBCsimpleAsymRW,CBCdriftDiffusionLR,0.5,0.477613162117494,0.363755476926486,1.13645586245265,1.48347899662453,2.68984907408553,0.5,70.6211842026066
CBC_1005,CBC_1005_MSI_TV_v3_Vset3_Tset2_2023-06-03_14h23.46.710.csv,4,20,0,2,b,1,0,1,tac,A,27,1,0A,2A,1,0,b,3.01952079999865,1,0,1,1,0A,2A,A02,3.55534806148941,0.928723448099793,0.202403546570522,0.5,0.5,0.318122261536757,0.962766067437683,0.5,0.5,0.318122261536757,0.5,0.928723448099793,0.5,0.5,0.318122261536757,0.202403546570522,0.470061640809296,0.650037240821517,0.349962759178483,0.928723448099793,0.5,0.181499802380295,0.768116493099197,0.0712765519002065,0.0340426193378893,CBCsimpleAsymRW,CBCdriftDiffusionLR,0.5,0.477613162117494,0.363755476926486,1.13645586245265,1.48347899662453,2.68984907408553,0.5,70.6211842026066
CBC_1005,CBC_1005_MSI_TV_v3_Vset3_Tset2_2023-06-03_14h23.46.710.csv,4,21,3,0,b,1,0,3,tac,D,9,1,3D,0D,1,0,b,2.61203189999833,1,0,1,1,3D,0D,D30,3.58351893845611,0.962766067437683,0.202403546570522,0.5,0.5,0.318122261536757,0.962766067437683,0.5,0.5,0.318122261536757,0.5,0.928723448099793,0.5,0.5,0.318122261536757,0.202403546570522,0.470061640809296,0.484568836694889,0.515431163305111,0.470061640809296,0.5,0.149162651627577,0.470206283848567,0.529938359190704,0.253105535460429,CBCsimpleAsymRW,CBCdriftDiffusionLR,0.5,0.477613162117494,0.363755476926486,1.13645586245265,1.48347899662453,2.68984907408553,0.5,70.6211842026066
CBC_1005,CBC_1005_MSI_TV_v3_Vset3_Tset2_2023-06-03_14h23.46.710.csv,4,22,3,2,z,0,1,2,tac,C,63,1,3C,2C,0,1,z,2.43700839999838,0,1,1,1,2C,3C,C32,2.91777073208428,0.962766067437683,0.202403546570522,0.5,0.5,0.318122261536757,0.962766067437683,0.5,0.5,0.318122261536757,0.5,0.928723448099793,0.5,0.5,0.318122261536757,0.202403546570522,0.723167176269725,0.650037240821517,0.349962759178483,0.928723448099793,0.5,0.285075434631561,0.767389143959526,0.0712765519002065,0.0340426193378893,CBCsimpleAsymRW,CBCdriftDiffusionLR,0.5,0.477613162117494,0.363755476926486,1.13645586245265,1.48347899662453,2.68984907408553,0.5,70.6211842026066
CBC_1005,CBC_1005_MSI_TV_v3_Vset3_Tset2_2023-06-03_14h23.46.710.csv,4,23,1,3,b,1,0,0,tac,B,27,1,1B,3B,1,0,b,2.21256989999893,1,0,1,1,1B,3B,B13,3.63758615972639,0.962766067437683,0.202403546570522,0.5,0.5,0.318122261536757,0.962766067437683,0.5,0.5,0.318122261536757,0.5,0.962766067437683,0.5,0.5,0.318122261536757,0.202403546570522,0.723167176269725,0.658181843884411,0.341818156115589,0.962766067437683,0.5,0.345196249644128,0.779637831902052,0.0372339325623172,0.0177834162691579,CBCsimpleAsymRW,CBCdriftDiffusionLR,0.5,0.477613162117494,0.363755476926486,1.13645586245265,1.48347899662453,2.68984907408553,0.5,70.6211842026066
CBC_1005,CBC_1005_MSI_TV_v3_Vset3_Tset2_2023-06-03_14h23.46.710.csv,4,24,2,3,b,1,0,2,tac,C,63,1,2C,3C,1,0,b,2.28485659999933,1,0,1,1,2C,3C,C23,2.9704144655697,0.962766067437683,0.202403546570522,0.5,0.5,0.318122261536757,0.980549483706841,0.5,0.5,0.318122261536757,0.5,0.962766067437683,0.5,0.5,0.318122261536757,0.202403546570522,0.723167176269725,0.658181843884411,0.341818156115589,0.962766067437683,0.5,0.326811961075241,0.779508860124013,0.0372339325623172,0.0177834162691579,CBCsimpleAsymRW,CBCdriftDiffusionLR,0.5,0.477613162117494,0.363755476926486,1.13645586245265,1.48347899662453,2.68984907408553,0.5,70.6211842026066
CBC_1005,CBC_1005_MSI_TV_v3_Vset3_Tset2_2023-06-03_14h23.46.710.csv,4,25,3,2,b,1,0,3,tac,D,63,1,3D,2D,1,0,b,2.91770089999955,1,0,1,1,3D,2D,D32,2.07944154167984,0.962766067437683,0.202403546570522,0.5,0.5,0.318122261536757,0.980549483706841,0.5,0.5,0.318122261536757,0.5,0.980549483706841,0.5,0.5,0.318122261536757,0.202403546570522,0.723167176269725,0.781320279935587,0.218679720064413,0.723167176269725,0.202403546570522,0.212856924973791,0.90409361985724,0.276832823730275,0.132219000319732,CBCsimpleAsymRW,CBCdriftDiffusionLR,0.5,0.477613162117494,0.363755476926486,1.13645586245265,1.48347899662453,2.68984907408553,0.5,70.6211842026066
CBC_1005,CBC_1005_MSI_TV_v3_Vset3_Tset2_2023-06-03_14h23.46.710.csv,4,26,0,1,z,0,1,0,tac,B,63,1,0B,1B,0,1,z,2.94525900000008,0,1,1,1,1B,0B,B01,2.6149597780362,0.962766067437683,0.202403546570522,0.5,0.5,0.318122261536757,0.980549483706841,0.5,0.5,0.318122261536757,0.5,0.980549483706841,0.5,0.5,0.318122261536757,0.202403546570522,0.855386176589456,0.755040284273617,0.244959715726383,0.980549483706841,0.318122261536757,0.208419784592331,0.884054836473439,0.0194505162931593,0.00928982259159366,CBCsimpleAsymRW,CBCdriftDiffusionLR,0.5,0.477613162117494,0.363755476926486,1.13645586245265,1.48347899662453,2.68984907408553,0.5,70.6211842026066
CBC_1005,CBC_1005_MSI_TV_v3_Vset3_Tset2_2023-06-03_14h23.46.710.csv,4,27,3,0,z,0,1,1,tac,A,9,1,3A,0A,0,1,z,2.76583169999867,0,1,1,1,0A,3A,A30,3.73766961828337,0.962766067437683,0.202403546570522,0.5,0.5,0.318122261536757,0.989839306298434,0.5,0.5,0.318122261536757,0.5,0.980549483706841,0.5,0.5,0.318122261536757,0.202403546570522,0.855386176589456,0.658181843884411,0.341818156115589,0.962766067437683,0.5,0.224501212729703,0.779704798058766,0.0372339325623172,0.0177834162691579,CBCsimpleAsymRW,CBCdriftDiffusionLR,0.5,0.477613162117494,0.363755476926486,1.13645586245265,1.48347899662453,2.68984907408553,0.5,70.6211842026066
CBC_1005,CBC_1005_MSI_TV_v3_Vset3_Tset2_2023-06-03_14h23.46.710.csv,4,28,3,2,b,1,0,3,tac,D,63,1,3D,2D,1,0,b,2.32892019999781,1,0,1,1,3D,2D,D32,1.96944064646551,0.980549483706841,0.202403546570522,0.5,0.5,0.318122261536757,0.989839306298434,0.5,0.5,0.318122261536757,0.5,0.980549483706841,0.5,0.5,0.318122261536757,0.202403546570522,0.855386176589456,0.808654270183422,0.191345729816578,0.855386176589456,0.202403546570522,0.398338346704763,0.921506830614506,0.144613823410544,0.0690694654850107,CBCsimpleAsymRW,CBCdriftDiffusionLR,0.5,0.477613162117494,0.363755476926486,1.13645586245265,1.48347899662453,2.68984907408553,0.5,70.6211842026066
CBC_1005,CBC_1005_MSI_TV_v3_Vset3_Tset2_2023-06-03_14h23.46.710.csv,4,29,0,2,z,0,1,2,tac,C,27,1,0C,2C,0,1,z,2.42537259999881,0,1,1,1,2C,0C,C02,2.68557734525015,0.980549483706841,0.202403546570522,0.5,0.5,0.318122261536757,0.989839306298434,0.5,0.5,0.318122261536757,0.5,0.980549483706841,0.5,0.5,0.318122261536757,0.202403546570522,0.924455642074467,0.755040284273617,0.244959715726383,0.980549483706841,0.318122261536757,0.343870306227342,0.884324156955191,0.0194505162931593,0.00928982259159366,CBCsimpleAsymRW,CBCdriftDiffusionLR,0.5,0.477613162117494,0.363755476926486,1.13645586245265,1.48347899662453,2.68984907408553,0.5,70.6211842026066
CBC_1005,CBC_1005_MSI_TV_v3_Vset3_Tset2_2023-06-03_14h23.46.710.csv,4,30,0,1,b,1,0,1,tac,A,63,1,0A,1A,1,0,b,3.00066029999834,1,0,1,1,0A,1A,A01,3.11351530921037,0.980549483706841,0.202403546570522,0.5,0.5,0.318122261536757,0.989839306298434,0.5,0.5,0.318122261536757,0.5,0.989839306298434,0.5,0.5,0.318122261536757,0.202403546570522,0.924455642074467,0.82889976069205,0.17110023930795,0.980549483706841,0.202403546570522,0.185950031847518,0.932895471214301,0.0194505162931593,0.00928982259159366,CBCsimpleAsymRW,CBCdriftDiffusionLR,0.5,0.477613162117494,0.363755476926486,1.13645586245265,1.48347899662453,2.68984907408553,0.5,70.6211842026066
CBC_1005,CBC_1005_MSI_TV_v3_Vset3_Tset2_2023-06-03_14h23.46.710.csv,4,31,0,1,z,0,1,0,tac,B,63,1,0B,1B,0,1,z,2.31552119999833,0,1,1,1,1B,0B,B01,2.4423470353692,0.989839306298434,0.202403546570522,0.5,0.5,0.318122261536757,0.989839306298434,0.5,0.5,0.318122261536757,0.5,0.989839306298434,0.5,0.5,0.318122261536757,0.202403546570522,0.924455642074467,0.756780115440791,0.243219884559209,0.989839306298434,0.318122261536757,0.38251145351349,0.885749063821801,0.0101606937015657,0.0048528810481121,CBCsimpleAsymRW,CBCdriftDiffusionLR,0.5,0.477613162117494,0.363755476926486,1.13645586245265,1.48347899662453,2.68984907408553,0.5,70.6211842026066
CBC_1005,CBC_1005_MSI_TV_v3_Vset3_Tset2_2023-06-03_14h23.46.710.csv,4,32,1,3,z,0,1,3,tac,D,27,1,1D,3D,0,1,z,1.47683849999885,0,1,1,1,3D,1D,D13,3.85014760171006,0.989839306298434,0.202403546570522,0.5,0.5,0.318122261536757,0.994692187346546,0.5,0.5,0.318122261536757,0.5,0.989839306298434,0.5,0.5,0.318122261536757,0.202403546570522,0.924455642074467,0.743982038782262,0.256017961217738,0.924455642074467,0.318122261536757,0.459252020699599,0.8752871666058,0.0755443579255329,0.0360809796689496,CBCsimpleAsymRW,CBCdriftDiffusionLR,0.5,0.477613162117494,0.363755476926486,1.13645586245265,1.48347899662453,2.68984907408553,0.5,70.6211842026066
CBC_1005,CBC_1005_MSI_TV_v3_Vset3_Tset2_2023-06-03_14h23.46.710.csv,4,33,2,3,b,1,0,2,tac,C,63,1,2C,3C,1,0,z,3.20414059999894,0,1,0,0,3C,2C,C23,2.77258872223978,0.989839306298434,0.202403546570522,0.5,0.5,0.318122261536757,0.994692187346546,0.5,0.5,0.318122261536757,0.5,0.989839306298434,0.5,0.5,0.318122261536757,0.202403546570522,0.960536621743417,0.33560666434709,0.66439333565291,0.5,0.989839306298434,0.0430575528315293,0.212396735042117,-0.5,-0.181877738463243,CBCsimpleAsymRW,CBCdriftDiffusionLR,0.5,0.477613162117494,0.363755476926486,1.13645586245265,1.48347899662453,2.68984907408553,0.5,70.6211842026066
CBC_1005,CBC_1005_MSI_TV_v3_Vset3_Tset2_2023-06-03_14h23.46.710.csv,4,34,0,1,z,0,1,0,tac,B,63,1,0B,1B,0,1,z,2.23241149999922,0,1,1,1,1B,0B,B01,2.28238238567653,0.989839306298434,0.202403546570522,0.5,0.5,0.318122261536757,0.994692187346546,0.5,0.5,0.318122261536757,0.5,0.989839306298434,0.318122261536757,0.5,0.318122261536757,0.202403546570522,0.960536621743417,0.757679189311669,0.242320810688331,0.994692187346546,0.318122261536757,0.414042879661126,0.886399318535395,0.00530781265345359,0.00253508118534322,CBCsimpleAsymRW,CBCdriftDiffusionLR,0.5,0.477613162117494,0.363755476926486,1.13645586245265,1.48347899662453,2.68984907408553,0.5,70.6211842026066
CBC_1005,CBC_1005_MSI_TV_v3_Vset3_Tset2_2023-06-03_14h23.46.710.csv,4,35,1,0,z,0,1,1,tac,A,63,1,1A,0A,0,1,z,2.64682929999981,0,1,1,1,0A,1A,A10,2.52572864430826,0.989839306298434,0.202403546570522,0.5,0.5,0.318122261536757,0.99722726853189,0.5,0.5,0.318122261536757,0.5,0.989839306298434,0.318122261536757,0.5,0.318122261536757,0.202403546570522,0.960536621743417,0.830232954566708,0.169767045433292,0.989839306298434,0.202403546570522,0.280234279926171,0.932765491084543,0.0101606937015657,0.0048528810481121,CBCsimpleAsymRW,CBCdriftDiffusionLR,0.5,0.477613162117494,0.363755476926486,1.13645586245265,1.48347899662453,2.68984907408553,0.5,70.6211842026066
CBC_1005,CBC_1005_MSI_TV_v3_Vset3_Tset2_2023-06-03_14h23.46.710.csv,4,36,2,1,b,1,0,2,tac,C,9,1,2C,1C,1,0,z,2.86717479999788,0,1,0,0,1C,2C,C21,3.93182563272433,0.994692187346546,0.202403546570522,0.5,0.5,0.318122261536757,0.99722726853189,0.5,0.5,0.318122261536757,0.5,0.989839306298434,0.318122261536757,0.5,0.318122261536757,0.202403546570522,0.960536621743417,0.33560666434709,0.66439333565291,0.5,0.989839306298434,0.0564416697969872,0.212612603325106,-0.5,-0.181877738463243,CBCsimpleAsymRW,CBCdriftDiffusionLR,0.5,0.477613162117494,0.363755476926486,1.13645586245265,1.48347899662453,2.68984907408553,0.5,70.6211842026066
CBC_1005,CBC_1005_MSI_TV_v3_Vset3_Tset2_2023-06-03_14h23.46.710.csv,4,37,0,1,b,1,0,1,tac,A,63,1,0A,1A,1,0,b,2.14299459999893,1,0,1,1,0A,1A,A01,2.85263142991332,0.994692187346546,0.202403546570522,0.5,0.5,0.318122261536757,0.99722726853189,0.5,0.5,0.318122261536757,0.318122261536757,0.989839306298434,0.318122261536757,0.5,0.318122261536757,0.202403546570522,0.960536621743417,0.830921169597499,0.169078830402501,0.994692187346546,0.202403546570522,0.497537564969498,0.933338463271068,0.00530781265345359,0.00253508118534322,CBCsimpleAsymRW,CBCdriftDiffusionLR,0.5,0.477613162117494,0.363755476926486,1.13645586245265,1.48347899662453,2.68984907408553,0.5,70.6211842026066
CBC_1005,CBC_1005_MSI_TV_v3_Vset3_Tset2_2023-06-03_14h23.46.710.csv,4,38,1,3,z,0,1,3,tac,D,27,1,1D,3D,0,1,z,1.28372919999856,0,1,1,1,3D,1D,D13,3.27714473299218,0.99722726853189,0.202403546570522,0.5,0.5,0.318122261536757,0.99722726853189,0.5,0.5,0.318122261536757,0.318122261536757,0.989839306298434,0.318122261536757,0.5,0.318122261536757,0.202403546570522,0.960536621743417,0.751206310223513,0.248793689776487,0.960536621743417,0.318122261536757,0.053438769621815,0.88123785127482,0.0394633782565834,0.0188482288769656,CBCsimpleAsymRW,CBCdriftDiffusionLR,0.5,0.477613162117494,0.363755476926486,1.13645586245265,1.48347899662453,2.68984907408553,0.5,70.6211842026066
CBC_1005,CBC_1005_MSI_TV_v3_Vset3_Tset2_2023-06-03_14h23.46.710.csv,4,39,1,0,b,1,0,0,tac,B,63,1,1B,0B,1,0,b,2.31315439999889,1,0,1,1,1B,0B,B10,3.29583686600433,0.99722726853189,0.202403546570522,0.5,0.5,0.318122261536757,0.99722726853189,0.5,0.5,0.318122261536757,0.318122261536757,0.989839306298434,0.318122261536757,0.5,0.318122261536757,0.202403546570522,0.979384850620382,0.758146215690551,0.241853784309449,0.99722726853189,0.318122261536757,0.383846989232698,0.886506297685431,0.00277273146811041,0.0013242930441869,CBCsimpleAsymRW,CBCdriftDiffusionLR,0.5,0.477613162117494,0.363755476926486,1.13645586245265,1.48347899662453,2.68984907408553,0.5,70.6211842026066
CBC_1005,CBC_1005_MSI_TV_v3_Vset3_Tset2_2023-06-03_14h23.46.710.csv,4,40,3,2,z,0,1,2,tac,C,63,0,3C,2C,1,0,b,2.15238399999907,1,0,0,1,3C,2C,C32,2.90872089656436,0.99722726853189,0.202403546570522,0.5,0.5,0.318122261536757,0.998551561576076,0.5,0.5,0.318122261536757,0.318122261536757,0.989839306298434,0.318122261536757,0.5,0.318122261536757,0.202403546570522,0.979384850620382,0.243219884559209,0.756780115440791,0.318122261536757,0.989839306298434,0.0572075981339928,0.113787832692158,0.681877738463243,0.325673782844955,CBCsimpleAsymRW,CBCdriftDiffusionLR,0.5,0.477613162117494,0.363755476926486,1.13645586245265,1.48347899662453,2.68984907408553,0.5,70.6211842026066
CBC_1005,CBC_1005_MSI_TV_v3_Vset3_Tset2_2023-06-03_14h23.46.710.csv,4,41,0,2,b,1,0,1,tac,A,27,1,0A,2A,1,0,z,2.35802469999726,0,1,0,0,2A,0A,A02,3.3322045101752,0.99722726853189,0.202403546570522,0.5,0.5,0.318122261536757,0.998551561576076,0.5,0.5,0.318122261536757,0.318122261536757,0.989839306298434,0.643796044381712,0.5,0.318122261536757,0.202403546570522,0.979384850620382,0.333950636959929,0.66604936304007,0.5,0.99722726853189,0.0834447114076456,0.20961468983809,-0.5,-0.181877738463243,CBCsimpleAsymRW,CBCdriftDiffusionLR,0.5,0.477613162117494,0.363755476926486,1.13645586245265,1.48347899662453,2.68984907408553,0.5,70.6211842026066
CBC_1005,CBC_1005_MSI_TV_v3_Vset3_Tset2_2023-06-03_14h23.46.710.csv,4,42,2,3,z,0,1,3,tac,D,63,1,2D,3D,0,1,z,1.80041809999966,0,1,1,1,3D,2D,D23,4.04305126783455,0.99722726853189,0.202403546570522,0.318122261536757,0.5,0.318122261536757,0.998551561576076,0.5,0.5,0.318122261536757,0.318122261536757,0.989839306298434,0.643796044381712,0.5,0.318122261536757,0.202403546570522,0.979384850620382,0.828731144211915,0.171268855788085,0.979384850620382,0.202403546570522,0.686814421994473,0.932083027480467,0.0206151493796178,0.00984606668272378,CBCsimpleAsymRW,CBCdriftDiffusionLR,0.5,0.477613162117494,0.363755476926486,1.13645586245265,1.48347899662453,2.68984907408553,0.5,70.6211842026066
CBC_1005,CBC_1005_MSI_TV_v3_Vset3_Tset2_2023-06-03_14h23.46.710.csv,4,43,1,3,b,1,0,0,tac,B,27,1,1B,3B,1,0,b,2.37010819999887,1,0,1,1,1B,3B,B13,3.36729582998647,0.99722726853189,0.202403546570522,0.318122261536757,0.5,0.318122261536757,0.998551561576076,0.5,0.5,0.318122261536757,0.318122261536757,0.989839306298434,0.643796044381712,0.5,0.318122261536757,0.202403546570522,0.989230917303106,0.66634448034999,0.33365551965001,0.998551561576076,0.5,0.31158764657418,0.790212518376991,0.0014484384239235,0.000691793255782584,CBCsimpleAsymRW,CBCdriftDiffusionLR,0.5,0.477613162117494,0.363755476926486,1.13645586245265,1.48347899662453,2.68984907408553,0.5,70.6211842026066
CBC_1005,CBC_1005_MSI_TV_v3_Vset3_Tset2_2023-06-03_14h23.46.710.csv,4,44,3,2,z,0,1,2,tac,C,63,1,3C,2C,0,1,z,2.78501399999914,0,1,1,1,2C,3C,C32,2.69124308278583,0.99722726853189,0.202403546570522,0.318122261536757,0.5,0.318122261536757,0.999243354831859,0.5,0.5,0.318122261536757,0.318122261536757,0.989839306298434,0.643796044381712,0.5,0.318122261536757,0.202403546570522,0.989230917303106,0.605912026748396,0.394087973251604,0.989839306298434,0.643796044381712,0.198154803744229,0.698932326712042,0.0101606937015657,0.0048528810481121,CBCsimpleAsymRW,CBCdriftDiffusionLR,0.5,0.477613162117494,0.363755476926486,1.13645586245265,1.48347899662453,2.68984907408553,0.5,70.6211842026066
