ID,filename,session,trial,visStimLeft,visStimRight,correctKey,leftCorrect,rightCorrect,secondStim,mod2Type,mod2Stim,frequency,rewardAccurate,stimPairLeft,stimPairRight,pCorrectLeft,pCorrectRight,key,reactionTime,choiceLeft,choiceRight,choiceAccurate,reward,chosenPair,otherPair,triplet,surprise,0A belief,1A belief,2A belief,3A belief,0B belief,1B belief,2B belief,3B belief,0C belief,1C belief,2C belief,3C belief,0D belief,1D belief,2D belief,3D belief,beliefPairNorm,beliefOtherPairNorm,beliefPair,beliefOtherPair,lik,corrLik,rewardPE,update2,rewardPEOP,update2OP,fit_percModel,fit_respModel,fit_startBelief,fit_alpha1,fit_alpha12,fit_alpha2,fit_alpha22,fit_nonDecisionTime,fit_weight,fit_startingBoundary,fit_startingPoint,fit_NLL
CBC_1006,CBC_1006_MSI_AV_v3_Vset1_Aset3_2023-06-03_11h59.24.512.csv,1,1,0,1,z,0,1,2,aud,B,63,1,0B,1B,0,1,b,2.55529680000018,1,0,0,0,0B,1B,B01,2.77258872223978,0.5,0.5,0.5,0.5,0.5,0.5,0.5,0.5,0.5,0.5,0.5,0.5,0.5,0.5,0.5,0.5,0.5,0.5,0.5,0.5,0.157607624967525,0.500277830429374,-0.5,-0.0149876357770986,-0.5,0.00649423653423781,CBCbothPairsAsymRW,CBCdriftDiffusionLR,0.5,0.241166291258082,0.0299752715541972,0.0192725504725322,0.0129884730684756,1.11902904555408,2.09599601152053,2.3476180606986,0.5,69.1187675759275
CBC_1006,CBC_1006_MSI_AV_v3_Vset1_Aset3_2023-06-03_11h59.24.512.csv,1,2,1,0,z,0,1,1,aud,A,63,1,1A,0A,0,1,z,2.69709009999951,0,1,1,1,0A,1A,A10,2.83321334405622,0.5,0.5,0.5,0.5,0.485012364222901,0.506494236534238,0.5,0.5,0.5,0.5,0.5,0.5,0.5,0.5,0.5,0.5,0.5,0.5,0.5,0.5,0.138605101982898,0.499486194559361,0.5,0.120583145629041,0.5,-0.00963627523626609,CBCbothPairsAsymRW,CBCdriftDiffusionLR,0.5,0.241166291258082,0.0299752715541972,0.0192725504725322,0.0129884730684756,1.11902904555408,2.09599601152053,2.3476180606986,0.5,69.1187675759275
CBC_1006,CBC_1006_MSI_AV_v3_Vset1_Aset3_2023-06-03_11h59.24.512.csv,1,3,2,1,b,1,0,0,aud,C,9,1,2C,1C,1,0,b,2.60880069999894,1,0,1,1,2C,1C,C21,2.89037175789616,0.620583145629041,0.490363724763734,0.5,0.5,0.485012364222901,0.506494236534238,0.5,0.5,0.5,0.5,0.5,0.5,0.5,0.5,0.5,0.5,0.5,0.5,0.5,0.5,0.150265721180032,0.500363534892759,0.5,0.120583145629041,0.5,-0.00963627523626609,CBCbothPairsAsymRW,CBCdriftDiffusionLR,0.5,0.241166291258082,0.0299752715541972,0.0192725504725322,0.0129884730684756,1.11902904555408,2.09599601152053,2.3476180606986,0.5,69.1187675759275
CBC_1006,CBC_1006_MSI_AV_v3_Vset1_Aset3_2023-06-03_11h59.24.512.csv,1,4,0,1,b,1,0,1,aud,A,63,1,0A,1A,1,0,z,2.5874161999991,0,1,0,0,1A,0A,A01,2.94443897916644,0.620583145629041,0.490363724763734,0.5,0.5,0.485012364222901,0.506494236534238,0.5,0.5,0.5,0.490363724763734,0.620583145629041,0.5,0.5,0.5,0.5,0.5,0.441392597460908,0.558607402539092,0.490363724763734,0.620583145629041,0.109846946935739,0.360019705125102,-0.490363724763734,-0.0146987858101205,-0.379416854370959,0.00492804559472294,CBCbothPairsAsymRW,CBCdriftDiffusionLR,0.5,0.241166291258082,0.0299752715541972,0.0192725504725322,0.0129884730684756,1.11902904555408,2.09599601152053,2.3476180606986,0.5,69.1187675759275
CBC_1006,CBC_1006_MSI_AV_v3_Vset1_Aset3_2023-06-03_11h59.24.512.csv,1,5,1,3,z,0,1,3,aud,D,27,1,1D,3D,0,1,z,2.30660729999909,0,1,1,1,3D,1D,D13,2.99573227355399,0.625511191223764,0.475664938953613,0.5,0.5,0.485012364222901,0.506494236534238,0.5,0.5,0.5,0.490363724763734,0.620583145629041,0.5,0.5,0.5,0.5,0.5,0.5,0.5,0.5,0.5,0.196512839876964,0.49950202292542,0.5,0.120583145629041,0.5,-0.00963627523626609,CBCbothPairsAsymRW,CBCdriftDiffusionLR,0.5,0.241166291258082,0.0299752715541972,0.0192725504725322,0.0129884730684756,1.11902904555408,2.09599601152053,2.3476180606986,0.5,69.1187675759275
CBC_1006,CBC_1006_MSI_AV_v3_Vset1_Aset3_2023-06-03_11h59.24.512.csv,1,6,1,0,b,1,0,2,aud,B,63,1,1B,0B,1,0,z,2.35215759999937,0,1,0,0,0B,1B,B10,3.04452243772342,0.625511191223764,0.475664938953613,0.5,0.5,0.485012364222901,0.506494236534238,0.5,0.5,0.5,0.490363724763734,0.620583145629041,0.5,0.5,0.490363724763734,0.5,0.620583145629041,0.48916705532019,0.51083294467981,0.485012364222901,0.506494236534238,0.179225291564242,0.474379051024129,-0.485012364222901,-0.0145383773247247,-0.493505763465762,0.00640988631791255,CBCbothPairsAsymRW,CBCdriftDiffusionLR,0.5,0.241166291258082,0.0299752715541972,0.0192725504725322,0.0129884730684756,1.11902904555408,2.09599601152053,2.3476180606986,0.5,69.1187675759275
CBC_1006,CBC_1006_MSI_AV_v3_Vset1_Aset3_2023-06-03_11h59.24.512.csv,1,7,3,2,z,0,1,0,aud,C,63,1,3C,2C,0,1,b,2.34101679999912,1,0,0,0,3C,2C,C32,3.09104245335832,0.625511191223764,0.475664938953613,0.5,0.5,0.470473986898177,0.51290412285215,0.5,0.5,0.5,0.490363724763734,0.620583145629041,0.5,0.5,0.490363724763734,0.5,0.620583145629041,0.446196252326573,0.553803747673427,0.5,0.620583145629041,0.141587697229189,0.369767455559123,-0.5,-0.0149876357770986,-0.379416854370959,0.00492804559472294,CBCbothPairsAsymRW,CBCdriftDiffusionLR,0.5,0.241166291258082,0.0299752715541972,0.0192725504725322,0.0129884730684756,1.11902904555408,2.09599601152053,2.3476180606986,0.5,69.1187675759275
CBC_1006,CBC_1006_MSI_AV_v3_Vset1_Aset3_2023-06-03_11h59.24.512.csv,1,8,0,2,b,1,0,1,aud,A,27,1,0A,2A,NaN,NaN,[],NaN,NaN,NaN,NaN,NaN,,,A02,3.13549421592915,0.625511191223764,0.475664938953613,0.5,0.5,0.470473986898177,0.51290412285215,0.5,0.5,0.5,0.490363724763734,0.625511191223764,0.485012364222901,0.5,0.490363724763734,0.5,0.620583145629041,0,0,0,0,NaN,0,0,0,0,0,CBCbothPairsAsymRW,CBCdriftDiffusionLR,0.5,0.241166291258082,0.0299752715541972,0.0192725504725322,0.0129884730684756,1.11902904555408,2.09599601152053,2.3476180606986,0.5,69.1187675759275
CBC_1006,CBC_1006_MSI_AV_v3_Vset1_Aset3_2023-06-03_11h59.24.512.csv,1,9,2,3,z,0,1,3,aud,D,63,1,2D,3D,0,1,z,1.54773629999909,0,1,1,1,3D,2D,D23,3.17805383034795,0.625511191223764,0.475664938953613,0.5,0.5,0.470473986898177,0.51290412285215,0.5,0.5,0.5,0.490363724763734,0.625511191223764,0.485012364222901,0.5,0.490363724763734,0.5,0.620583145629041,0.553803747673427,0.446196252326573,0.620583145629041,0.5,0.431006242255148,0.629213445971213,0.379416854370959,0.0915025556094519,0.5,-0.00963627523626609,CBCbothPairsAsymRW,CBCdriftDiffusionLR,0.5,0.241166291258082,0.0299752715541972,0.0192725504725322,0.0129884730684756,1.11902904555408,2.09599601152053,2.3476180606986,0.5,69.1187675759275
CBC_1006,CBC_1006_MSI_AV_v3_Vset1_Aset3_2023-06-03_11h59.24.512.csv,1,10,1,3,b,1,0,2,aud,B,27,1,1B,3B,1,0,b,2.44720770000004,1,0,1,1,1B,3B,B13,3.2188758248682,0.625511191223764,0.475664938953613,0.5,0.5,0.470473986898177,0.51290412285215,0.5,0.5,0.5,0.490363724763734,0.625511191223764,0.485012364222901,0.5,0.490363724763734,0.490363724763734,0.712085701238493,0.506369863919506,0.493630136080494,0.51290412285215,0.5,0.178665670952865,0.514858634331494,0.48709587714785,0.117471106178849,0.5,-0.00963627523626609,CBCbothPairsAsymRW,CBCdriftDiffusionLR,0.5,0.241166291258082,0.0299752715541972,0.0192725504725322,0.0129884730684756,1.11902904555408,2.09599601152053,2.3476180606986,0.5,69.1187675759275
CBC_1006,CBC_1006_MSI_AV_v3_Vset1_Aset3_2023-06-03_11h59.24.512.csv,1,11,2,3,b,1,0,0,aud,C,63,1,2C,3C,1,0,z,2.27779049999936,0,1,0,0,3C,2C,C23,3.25809653802148,0.625511191223764,0.475664938953613,0.5,0.5,0.470473986898177,0.630375229030999,0.5,0.490363724763734,0.5,0.490363724763734,0.625511191223764,0.485012364222901,0.5,0.490363724763734,0.490363724763734,0.712085701238493,0.436742077053759,0.563257922946241,0.485012364222901,0.625511191223764,0.142221522860545,0.349928945877609,-0.485012364222901,-0.0145383773247247,-0.374488808776236,0.00486403780723566,CBCbothPairsAsymRW,CBCdriftDiffusionLR,0.5,0.241166291258082,0.0299752715541972,0.0192725504725322,0.0129884730684756,1.11902904555408,2.09599601152053,2.3476180606986,0.5,69.1187675759275
CBC_1006,CBC_1006_MSI_AV_v3_Vset1_Aset3_2023-06-03_11h59.24.512.csv,1,12,3,1,z,0,1,2,aud,B,27,1,3B,1B,0,1,b,3.15615789999902,1,0,0,0,3B,1B,B31,3.29583686600433,0.625511191223764,0.475664938953613,0.5,0.5,0.470473986898177,0.630375229030999,0.5,0.490363724763734,0.5,0.490363724763734,0.630375229031,0.470473986898177,0.5,0.490363724763734,0.490363724763734,0.712085701238493,0.437536076624625,0.562463923375376,0.490363724763734,0.630375229030999,0.0631708333921386,0.351420448970043,-0.490363724763734,-0.0146987858101205,-0.369624770969001,0.00480086138317233,CBCbothPairsAsymRW,CBCdriftDiffusionLR,0.5,0.241166291258082,0.0299752715541972,0.0192725504725322,0.0129884730684756,1.11902904555408,2.09599601152053,2.3476180606986,0.5,69.1187675759275
CBC_1006,CBC_1006_MSI_AV_v3_Vset1_Aset3_2023-06-03_11h59.24.512.csv,1,13,2,3,b,1,0,0,aud,C,63,1,2C,3C,1,0,z,2.52524099999937,0,1,0,0,3C,2C,C23,2.63905732961526,0.625511191223764,0.475664938953613,0.5,0.5,0.470473986898177,0.635176090414172,0.5,0.475664938953613,0.5,0.490363724763734,0.630375229031,0.470473986898177,0.5,0.490363724763734,0.490363724763734,0.712085701238493,0.427373685778639,0.572626314221361,0.470473986898177,0.630375229031,0.105786330219107,0.327752594024479,-0.470473986898177,-0.0141025855164587,-0.369624770969,0.00480086138317233,CBCbothPairsAsymRW,CBCdriftDiffusionLR,0.5,0.241166291258082,0.0299752715541972,0.0192725504725322,0.0129884730684756,1.11902904555408,2.09599601152053,2.3476180606986,0.5,69.1187675759275
CBC_1006,CBC_1006_MSI_AV_v3_Vset1_Aset3_2023-06-03_11h59.24.512.csv,1,14,2,3,z,0,1,3,aud,D,63,1,2D,3D,0,1,z,2.56074889999945,0,1,1,1,3D,2D,D23,2.67414864942653,0.625511191223764,0.475664938953613,0.5,0.5,0.470473986898177,0.635176090414172,0.5,0.475664938953613,0.5,0.490363724763734,0.635176090414172,0.456371401381718,0.5,0.490363724763734,0.490363724763734,0.712085701238493,0.592195967531007,0.407804032468993,0.712085701238493,0.490363724763734,0.221467914585608,0.712153653188565,0.287914298761507,0.069435223632484,0.490363724763734,-0.00945055963540794,CBCbothPairsAsymRW,CBCdriftDiffusionLR,0.5,0.241166291258082,0.0299752715541972,0.0192725504725322,0.0129884730684756,1.11902904555408,2.09599601152053,2.3476180606986,0.5,69.1187675759275
CBC_1006,CBC_1006_MSI_AV_v3_Vset1_Aset3_2023-06-03_11h59.24.512.csv,1,15,3,0,z,0,1,1,aud,A,9,1,3A,0A,0,1,z,2.37929759999952,0,1,1,1,0A,3A,A30,3.40119738166216,0.625511191223764,0.475664938953613,0.5,0.5,0.470473986898177,0.635176090414172,0.5,0.475664938953613,0.5,0.490363724763734,0.635176090414172,0.456371401381718,0.5,0.490363724763734,0.480913165128326,0.781520924870977,0.555757415920181,0.444242584079819,0.625511191223764,0.5,0.233909375517826,0.632671738898262,0.374488808776236,0.0903140771302219,0.5,-0.00963627523626609,CBCbothPairsAsymRW,CBCdriftDiffusionLR,0.5,0.241166291258082,0.0299752715541972,0.0192725504725322,0.0129884730684756,1.11902904555408,2.09599601152053,2.3476180606986,0.5,69.1187675759275
CBC_1006,CBC_1006_MSI_AV_v3_Vset1_Aset3_2023-06-03_11h59.24.512.csv,1,16,1,0,b,1,0,2,aud,B,63,0,1B,0B,0,1,b,2.23226160000013,1,0,1,0,1B,0B,B10,2.7408400239252,0.715825268353986,0.475664938953613,0.5,0.490363724763734,0.470473986898177,0.635176090414172,0.5,0.475664938953613,0.5,0.490363724763734,0.635176090414172,0.456371401381718,0.5,0.490363724763734,0.480913165128326,0.781520924870977,0.574482020530564,0.425517979469436,0.635176090414172,0.470473986898177,0.287681769053067,0.676555317785518,-0.635176090414172,-0.0190395757948981,-0.529526013101823,0.0068777343602303,CBCbothPairsAsymRW,CBCdriftDiffusionLR,0.5,0.241166291258082,0.0299752715541972,0.0192725504725322,0.0129884730684756,1.11902904555408,2.09599601152053,2.3476180606986,0.5,69.1187675759275
CBC_1006,CBC_1006_MSI_AV_v3_Vset1_Aset3_2023-06-03_11h59.24.512.csv,1,17,3,2,b,1,0,3,aud,D,63,1,3D,2D,1,0,z,2.79815820000022,0,1,0,0,2D,3D,D32,3.46573590279973,0.715825268353986,0.475664938953613,0.5,0.490363724763734,0.477351721258407,0.616136514619274,0.5,0.475664938953613,0.5,0.490363724763734,0.635176090414172,0.456371401381718,0.5,0.490363724763734,0.480913165128326,0.781520924870977,0.380941206307722,0.619058793692278,0.480913165128326,0.781520924870977,0.0572408038553818,0.236563503443921,-0.480913165128326,-0.0144155027187101,-0.218479075129023,0.00283770958333878,CBCbothPairsAsymRW,CBCdriftDiffusionLR,0.5,0.241166291258082,0.0299752715541972,0.0192725504725322,0.0129884730684756,1.11902904555408,2.09599601152053,2.3476180606986,0.5,69.1187675759275
CBC_1006,CBC_1006_MSI_AV_v3_Vset1_Aset3_2023-06-03_11h59.24.512.csv,1,18,2,0,b,1,0,0,aud,C,27,1,2C,0C,1,0,b,2.21556299999975,1,0,1,1,2C,0C,C20,3.49650756146648,0.715825268353986,0.475664938953613,0.5,0.490363724763734,0.477351721258407,0.616136514619274,0.5,0.475664938953613,0.5,0.490363724763734,0.635176090414172,0.456371401381718,0.5,0.490363724763734,0.466497662409616,0.784358634454316,0.559539701177485,0.440460298822515,0.635176090414172,0.5,0.276432958801298,0.64271212371773,0.364823909585828,0.0879832292370879,0.5,-0.00963627523626609,CBCbothPairsAsymRW,CBCdriftDiffusionLR,0.5,0.241166291258082,0.0299752715541972,0.0192725504725322,0.0129884730684756,1.11902904555408,2.09599601152053,2.3476180606986,0.5,69.1187675759275
CBC_1006,CBC_1006_MSI_AV_v3_Vset1_Aset3_2023-06-03_11h59.24.512.csv,1,19,1,0,z,0,1,1,aud,A,63,1,1A,0A,0,1,z,1.86715499999991,0,1,1,1,0A,1A,A10,2.83321334405622,0.715825268353986,0.475664938953613,0.5,0.490363724763734,0.477351721258407,0.616136514619274,0.5,0.475664938953613,0.490363724763734,0.490363724763734,0.72315931965126,0.456371401381718,0.5,0.490363724763734,0.466497662409616,0.784358634454316,0.600781495276852,0.399218504723148,0.715825268353986,0.475664938953613,0.4411581831779,0.728724953277122,0.284174731646014,0.0685333661003299,0.475664938953613,-0.00916727654399745,CBCbothPairsAsymRW,CBCdriftDiffusionLR,0.5,0.241166291258082,0.0299752715541972,0.0192725504725322,0.0129884730684756,1.11902904555408,2.09599601152053,2.3476180606986,0.5,69.1187675759275
CBC_1006,CBC_1006_MSI_AV_v3_Vset1_Aset3_2023-06-03_11h59.24.512.csv,1,20,0,1,z,0,1,2,aud,B,63,1,0B,1B,0,1,z,2.31210809999902,0,1,1,1,1B,0B,B01,2.86220088092947,0.784358634454316,0.466497662409616,0.5,0.490363724763734,0.477351721258407,0.616136514619274,0.5,0.475664938953613,0.490363724763734,0.490363724763734,0.72315931965126,0.456371401381718,0.5,0.490363724763734,0.466497662409616,0.784358634454316,0.563459664588651,0.436540335411349,0.616136514619274,0.477351721258407,0.25644070454461,0.651265316500365,0.383863485380726,0.0925749331186707,0.477351721258407,-0.00919978514110276,CBCbothPairsAsymRW,CBCdriftDiffusionLR,0.5,0.241166291258082,0.0299752715541972,0.0192725504725322,0.0129884730684756,1.11902904555408,2.09599601152053,2.3476180606986,0.5,69.1187675759275
CBC_1006,CBC_1006_MSI_AV_v3_Vset1_Aset3_2023-06-03_11h59.24.512.csv,1,21,3,1,b,1,0,3,aud,D,27,1,3D,1D,1,0,z,2.49641929999962,0,1,0,0,1D,3D,D31,3.58351893845611,0.784358634454316,0.466497662409616,0.5,0.490363724763734,0.468151936117304,0.708711447737944,0.5,0.475664938953613,0.490363724763734,0.490363724763734,0.72315931965126,0.456371401381718,0.5,0.490363724763734,0.466497662409616,0.784358634454316,0.38468276736319,0.61531723263681,0.490363724763734,0.784358634454316,0.0803245301407207,0.243788446856963,-0.490363724763734,-0.0146987858101205,-0.215641365545684,0.00280085206883943,CBCbothPairsAsymRW,CBCdriftDiffusionLR,0.5,0.241166291258082,0.0299752715541972,0.0192725504725322,0.0129884730684756,1.11902904555408,2.09599601152053,2.3476180606986,0.5,69.1187675759275
CBC_1006,CBC_1006_MSI_AV_v3_Vset1_Aset3_2023-06-03_11h59.24.512.csv,1,22,2,3,b,1,0,0,aud,C,63,1,2C,3C,1,0,b,3.14863089999926,1,0,1,1,2C,3C,C23,2.51230562397611,0.784358634454316,0.466497662409616,0.5,0.490363724763734,0.468151936117304,0.708711447737944,0.5,0.475664938953613,0.490363724763734,0.490363724763734,0.72315931965126,0.456371401381718,0.5,0.475664938953613,0.466497662409616,0.787159486523155,0.61309070357909,0.38690929642091,0.72315931965126,0.456371401381718,0.128602095413638,0.752550432387467,0.27684068034874,0.0667646401490698,0.456371401381718,-0.0087954408673494,CBCbothPairsAsymRW,CBCdriftDiffusionLR,0.5,0.241166291258082,0.0299752715541972,0.0192725504725322,0.0129884730684756,1.11902904555408,2.09599601152053,2.3476180606986,0.5,69.1187675759275
CBC_1006,CBC_1006_MSI_AV_v3_Vset1_Aset3_2023-06-03_11h59.24.512.csv,1,23,1,0,z,0,1,1,aud,A,63,1,1A,0A,0,1,z,2.15701049999916,0,1,1,1,0A,1A,A10,2.53897387105828,0.784358634454316,0.466497662409616,0.5,0.490363724763734,0.468151936117304,0.708711447737944,0.5,0.475664938953613,0.490363724763734,0.490363724763734,0.78992395980033,0.447575960514369,0.5,0.475664938953613,0.466497662409616,0.787159486523155,0.627057349769762,0.372942650230238,0.784358634454316,0.466497662409616,0.361915687732093,0.776673386588507,0.215641365545684,0.052005428370481,0.466497662409616,-0.0089905997441076,CBCbothPairsAsymRW,CBCdriftDiffusionLR,0.5,0.241166291258082,0.0299752715541972,0.0192725504725322,0.0129884730684756,1.11902904555408,2.09599601152053,2.3476180606986,0.5,69.1187675759275
CBC_1006,CBC_1006_MSI_AV_v3_Vset1_Aset3_2023-06-03_11h59.24.512.csv,1,24,3,2,b,1,0,3,aud,D,63,1,3D,2D,1,0,b,2.50207559999944,1,0,1,1,3D,2D,D32,2.9704144655697,0.836364062824797,0.457507062665508,0.5,0.490363724763734,0.468151936117304,0.708711447737944,0.5,0.475664938953613,0.490363724763734,0.490363724763734,0.78992395980033,0.447575960514369,0.5,0.475664938953613,0.466497662409616,0.787159486523155,0.627890557791864,0.372109442208136,0.787159486523155,0.466497662409616,0.254096793271195,0.778798896651176,0.212840513476845,0.0513299572646765,0.466497662409616,-0.0089905997441076,CBCbothPairsAsymRW,CBCdriftDiffusionLR,0.5,0.241166291258082,0.0299752715541972,0.0192725504725322,0.0129884730684756,1.11902904555408,2.09599601152053,2.3476180606986,0.5,69.1187675759275
CBC_1006,CBC_1006_MSI_AV_v3_Vset1_Aset3_2023-06-03_11h59.24.512.csv,1,25,0,2,z,0,1,0,aud,C,27,1,0C,2C,0,1,z,2.62297639999906,0,1,1,1,2C,0C,C02,3.68887945411394,0.836364062824797,0.457507062665508,0.5,0.490363724763734,0.468151936117304,0.708711447737944,0.5,0.475664938953613,0.490363724763734,0.490363724763734,0.78992395980033,0.447575960514369,0.5,0.475664938953613,0.457507062665508,0.838489443787832,0.6169894230212,0.3830105769788,0.78992395980033,0.490363724763734,0.220081924818376,0.759954852754016,0.21007604019967,0.0506632594971382,0.490363724763734,-0.00945055963540794,CBCbothPairsAsymRW,CBCdriftDiffusionLR,0.5,0.241166291258082,0.0299752715541972,0.0192725504725322,0.0129884730684756,1.11902904555408,2.09599601152053,2.3476180606986,0.5,69.1187675759275
CBC_1006,CBC_1006_MSI_AV_v3_Vset1_Aset3_2023-06-03_11h59.24.512.csv,1,26,1,0,z,0,1,1,aud,A,63,1,1A,0A,0,1,z,1.72877139999946,0,1,1,1,0A,1A,A10,2.32727770558442,0.836364062824797,0.457507062665508,0.5,0.490363724763734,0.468151936117304,0.708711447737944,0.5,0.475664938953613,0.480913165128326,0.490363724763734,0.840587219297468,0.447575960514369,0.5,0.475664938953613,0.457507062665508,0.838489443787832,0.646404457405185,0.353595542594815,0.836364062824797,0.457507062665508,0.581627920156883,0.808267533432415,0.163635937175203,0.0394634720850843,0.457507062665508,-0.00881732795676095,CBCbothPairsAsymRW,CBCdriftDiffusionLR,0.5,0.241166291258082,0.0299752715541972,0.0192725504725322,0.0129884730684756,1.11902904555408,2.09599601152053,2.3476180606986,0.5,69.1187675759275
CBC_1006,CBC_1006_MSI_AV_v3_Vset1_Aset3_2023-06-03_11h59.24.512.csv,1,27,3,1,z,0,1,2,aud,B,27,1,3B,1B,0,1,z,2.26179400000001,0,1,1,1,1B,3B,B31,3.04452243772342,0.875827534909881,0.448689734708747,0.5,0.490363724763734,0.468151936117304,0.708711447737944,0.5,0.475664938953613,0.480913165128326,0.490363724763734,0.840587219297468,0.447575960514369,0.5,0.475664938953613,0.457507062665508,0.838489443787832,0.598383635220609,0.401616364779391,0.708711447737944,0.475664938953613,0.301627728268475,0.725200057838003,0.291288552262056,0.0702489798349759,0.475664938953613,-0.00916727654399745,CBCbothPairsAsymRW,CBCdriftDiffusionLR,0.5,0.241166291258082,0.0299752715541972,0.0192725504725322,0.0129884730684756,1.11902904555408,2.09599601152053,2.3476180606986,0.5,69.1187675759275
CBC_1006,CBC_1006_MSI_AV_v3_Vset1_Aset3_2023-06-03_11h59.24.512.csv,1,28,2,3,b,1,0,0,aud,C,63,1,2C,3C,1,0,b,2.68409960000008,1,0,1,1,2C,3C,C23,2.37490575457367,0.875827534909881,0.448689734708747,0.5,0.490363724763734,0.468151936117304,0.77896042757292,0.5,0.466497662409616,0.480913165128326,0.490363724763734,0.840587219297468,0.447575960514369,0.5,0.475664938953613,0.457507062665508,0.838489443787832,0.652547155881488,0.347452844118512,0.840587219297468,0.447575960514369,0.215943827323506,0.817987783918502,0.159412780702532,0.0384449891011676,0.447575960514369,-0.00862593028930524,CBCbothPairsAsymRW,CBCdriftDiffusionLR,0.5,0.241166291258082,0.0299752715541972,0.0192725504725322,0.0129884730684756,1.11902904555408,2.09599601152053,2.3476180606986,0.5,69.1187675759275
CBC_1006,CBC_1006_MSI_AV_v3_Vset1_Aset3_2023-06-03_11h59.24.512.csv,1,29,2,3,z,0,1,3,aud,D,63,1,2D,3D,0,1,z,1.4493068999991,0,1,1,1,3D,2D,D23,2.68557734525015,0.875827534909881,0.448689734708747,0.5,0.490363724763734,0.468151936117304,0.77896042757292,0.5,0.466497662409616,0.480913165128326,0.490363724763734,0.879032208398635,0.438950030225063,0.5,0.475664938953613,0.457507062665508,0.838489443787832,0.646984339550779,0.353015660449221,0.838489443787832,0.457507062665508,0.592701648585726,0.809158735419245,0.161510556212168,0.0389509018407186,0.457507062665508,-0.00881732795676095,CBCbothPairsAsymRW,CBCdriftDiffusionLR,0.5,0.241166291258082,0.0299752715541972,0.0192725504725322,0.0129884730684756,1.11902904555408,2.09599601152053,2.3476180606986,0.5,69.1187675759275
CBC_1006,CBC_1006_MSI_AV_v3_Vset1_Aset3_2023-06-03_11h59.24.512.csv,1,30,1,0,b,1,0,2,aud,B,63,1,1B,0B,1,0,b,2.26819809999961,1,0,1,1,1B,0B,B10,2.70805020110221,0.875827534909881,0.448689734708747,0.5,0.490363724763734,0.468151936117304,0.77896042757292,0.5,0.466497662409616,0.480913165128326,0.490363724763734,0.879032208398635,0.438950030225063,0.5,0.475664938953613,0.448689734708747,0.87744034562855,0.624611262186484,0.375388737813516,0.77896042757292,0.468151936117304,0.321195170438306,0.772995322523423,0.22103957242708,0.053307293903511,0.468151936117304,-0.00902248181763441,CBCbothPairsAsymRW,CBCdriftDiffusionLR,0.5,0.241166291258082,0.0299752715541972,0.0192725504725322,0.0129884730684756,1.11902904555408,2.09599601152053,2.3476180606986,0.5,69.1187675759275
CBC_1006,CBC_1006_MSI_AV_v3_Vset1_Aset3_2023-06-03_11h59.24.512.csv,1,31,0,2,b,1,0,1,aud,A,27,1,0A,2A,1,0,b,2.77333379999982,1,0,1,1,0A,2A,A02,3.13549421592915,0.875827534909881,0.448689734708747,0.5,0.490363724763734,0.45912945429967,0.832267721476431,0.5,0.466497662409616,0.480913165128326,0.490363724763734,0.879032208398635,0.438950030225063,0.5,0.475664938953613,0.448689734708747,0.87744034562855,0.636582356935638,0.363417643064362,0.875827534909881,0.5,0.193544186354961,0.793489691701242,0.124172465090119,0.0299462128821576,0.5,-0.00963627523626609,CBCbothPairsAsymRW,CBCdriftDiffusionLR,0.5,0.241166291258082,0.0299752715541972,0.0192725504725322,0.0129884730684756,1.11902904555408,2.09599601152053,2.3476180606986,0.5,69.1187675759275
CBC_1006,CBC_1006_MSI_AV_v3_Vset1_Aset3_2023-06-03_11h59.24.512.csv,1,32,0,3,z,0,1,3,aud,D,9,1,0D,3D,0,1,z,1.63970229999904,0,1,1,1,3D,0D,D03,3.85014760171006,0.905773747792039,0.448689734708747,0.490363724763734,0.490363724763734,0.45912945429967,0.832267721476431,0.5,0.466497662409616,0.480913165128326,0.490363724763734,0.879032208398635,0.438950030225063,0.5,0.475664938953613,0.448689734708747,0.87744034562855,0.63700787363547,0.36299212636453,0.87744034562855,0.5,0.597167172259037,0.793454759637728,0.12255965437145,0.0295572573026349,0.5,-0.00963627523626609,CBCbothPairsAsymRW,CBCdriftDiffusionLR,0.5,0.241166291258082,0.0299752715541972,0.0192725504725322,0.0129884730684756,1.11902904555408,2.09599601152053,2.3476180606986,0.5,69.1187675759275
CBC_1006,CBC_1006_MSI_AV_v3_Vset1_Aset3_2023-06-03_11h59.24.512.csv,1,33,2,3,b,1,0,0,aud,C,63,1,2C,3C,1,0,z,1.6148747999996,0,1,0,0,3C,2C,C23,2.26176309847379,0.905773747792039,0.448689734708747,0.490363724763734,0.490363724763734,0.45912945429967,0.832267721476431,0.5,0.466497662409616,0.480913165128326,0.490363724763734,0.879032208398635,0.438950030225063,0.490363724763734,0.475664938953613,0.448689734708747,0.906997602931185,0.333046999695107,0.666953000304893,0.438950030225063,0.879032208398635,0.130311803364748,0.162261270194611,-0.438950030225063,-0.0131576463547193,-0.120967791601365,0.00157118690336729,CBCbothPairsAsymRW,CBCdriftDiffusionLR,0.5,0.241166291258082,0.0299752715541972,0.0192725504725322,0.0129884730684756,1.11902904555408,2.09599601152053,2.3476180606986,0.5,69.1187675759275
CBC_1006,CBC_1006_MSI_AV_v3_Vset1_Aset3_2023-06-03_11h59.24.512.csv,1,34,1,0,b,1,0,2,aud,B,63,1,1B,0B,1,0,b,3.33489709999958,1,0,1,1,1B,0B,B10,2.50552593699074,0.905773747792039,0.448689734708747,0.490363724763734,0.490363724763734,0.45912945429967,0.832267721476431,0.5,0.466497662409616,0.480913165128326,0.490363724763734,0.880603395302003,0.425792383870344,0.490363724763734,0.475664938953613,0.448689734708747,0.906997602931185,0.644470761658788,0.355529238341212,0.832267721476431,0.45912945429967,0.106289898266363,0.80551206076527,0.167732278523569,0.0404513715357967,0.45912945429967,-0.00884859558141654,CBCbothPairsAsymRW,CBCdriftDiffusionLR,0.5,0.241166291258082,0.0299752715541972,0.0192725504725322,0.0129884730684756,1.11902904555408,2.09599601152053,2.3476180606986,0.5,69.1187675759275
CBC_1006,CBC_1006_MSI_AV_v3_Vset1_Aset3_2023-06-03_11h59.24.512.csv,1,35,1,0,z,0,1,1,aud,A,63,0,1A,0A,1,0,z,1.25560809999934,0,1,1,0,0A,1A,A10,2.30258509299405,0.905773747792039,0.448689734708747,0.490363724763734,0.490363724763734,0.450280858718253,0.872719093012228,0.5,0.466497662409616,0.480913165128326,0.490363724763734,0.880603395302003,0.425792383870344,0.490363724763734,0.475664938953613,0.448689734708747,0.906997602931185,0.668732497770764,0.331267502229236,0.905773747792039,0.448689734708747,0.132508333701769,0.840093938935584,-0.905773747792039,-0.0271508140567293,-0.551310265291253,0.00716067853310958,CBCbothPairsAsymRW,CBCdriftDiffusionLR,0.5,0.241166291258082,0.0299752715541972,0.0192725504725322,0.0129884730684756,1.11902904555408,2.09599601152053,2.3476180606986,0.5,69.1187675759275
CBC_1006,CBC_1006_MSI_AV_v3_Vset1_Aset3_2023-06-03_11h59.24.512.csv,1,36,3,2,b,1,0,3,aud,D,63,1,3D,2D,1,0,z,2.6660538999995,0,1,0,0,2D,3D,D32,2.83321334405622,0.878622933735309,0.455850413241857,0.490363724763734,0.490363724763734,0.450280858718253,0.872719093012228,0.5,0.466497662409616,0.480913165128326,0.490363724763734,0.880603395302003,0.425792383870344,0.490363724763734,0.475664938953613,0.448689734708747,0.906997602931185,0.330968448440225,0.669031551559775,0.448689734708747,0.906997602931185,0.0421078876763539,0.159282826549937,-0.448689734708747,-0.0134495966414754,-0.093002397068815,0.00120795912963198,CBCbothPairsAsymRW,CBCdriftDiffusionLR,0.5,0.241166291258082,0.0299752715541972,0.0192725504725322,0.0129884730684756,1.11902904555408,2.09599601152053,2.3476180606986,0.5,69.1187675759275
CBC_1006,CBC_1006_MSI_AV_v3_Vset1_Aset3_2023-06-03_11h59.24.512.csv,1,37,2,1,z,0,1,2,aud,B,9,1,2B,1B,0,1,z,3.38084520000029,0,1,1,1,1B,2B,B21,3.95124371858143,0.878622933735309,0.455850413241857,0.490363724763734,0.490363724763734,0.450280858718253,0.872719093012228,0.5,0.466497662409616,0.480913165128326,0.490363724763734,0.880603395302003,0.425792383870344,0.490363724763734,0.475664938953613,0.435240138067272,0.908205562060817,0.635759418991671,0.364240581008329,0.872719093012228,0.5,0.101725825643855,0.791573258416696,0.127280906987772,0.0306958642862059,0.5,-0.00963627523626609,CBCbothPairsAsymRW,CBCdriftDiffusionLR,0.5,0.241166291258082,0.0299752715541972,0.0192725504725322,0.0129884730684756,1.11902904555408,2.09599601152053,2.3476180606986,0.5,69.1187675759275
CBC_1006,CBC_1006_MSI_AV_v3_Vset1_Aset3_2023-06-03_11h59.24.512.csv,1,38,0,2,b,1,0,1,aud,A,27,1,0A,2A,1,0,b,2.83275429999958,1,0,1,1,0A,2A,A02,2.87167962488401,0.878622933735309,0.455850413241857,0.490363724763734,0.490363724763734,0.450280858718253,0.903414957298434,0.490363724763734,0.466497662409616,0.480913165128326,0.490363724763734,0.880603395302003,0.425792383870344,0.490363724763734,0.475664938953613,0.435240138067272,0.908205562060817,0.641805329716384,0.358194670283616,0.878622933735309,0.490363724763734,0.182341850769252,0.800749269958335,0.121377066264691,0.0292720569148419,0.490363724763734,-0.00945055963540794,CBCbothPairsAsymRW,CBCdriftDiffusionLR,0.5,0.241166291258082,0.0299752715541972,0.0192725504725322,0.0129884730684756,1.11902904555408,2.09599601152053,2.3476180606986,0.5,69.1187675759275
CBC_1006,CBC_1006_MSI_AV_v3_Vset1_Aset3_2023-06-03_11h59.24.512.csv,1,39,3,2,z,0,1,0,aud,C,63,1,3C,2C,0,1,b,2.11759230000007,1,0,0,0,3C,2C,C32,3.29583686600433,0.907894990650151,0.455850413241857,0.480913165128326,0.490363724763734,0.450280858718253,0.903414957298434,0.490363724763734,0.466497662409616,0.480913165128326,0.490363724763734,0.880603395302003,0.425792383870344,0.490363724763734,0.475664938953613,0.435240138067272,0.908205562060817,0.325929087232738,0.674070912767262,0.425792383870344,0.880603395302003,0.0758427488920374,0.153057971896212,-0.425792383870344,-0.0127632423322225,-0.119396604697997,0.00155077958458737,CBCbothPairsAsymRW,CBCdriftDiffusionLR,0.5,0.241166291258082,0.0299752715541972,0.0192725504725322,0.0129884730684756,1.11902904555408,2.09599601152053,2.3476180606986,0.5,69.1187675759275
CBC_1006,CBC_1006_MSI_AV_v3_Vset1_Aset3_2023-06-03_11h59.24.512.csv,1,40,3,1,b,1,0,3,aud,D,27,1,3D,1D,1,0,b,1.46296089999942,1,0,1,1,3D,1D,D31,3.31418600467253,0.907894990650151,0.455850413241857,0.480913165128326,0.490363724763734,0.450280858718253,0.903414957298434,0.490363724763734,0.466497662409616,0.480913165128326,0.490363724763734,0.88215417488659,0.413029141538122,0.490363724763734,0.475664938953613,0.435240138067272,0.908205562060817,0.65627929881811,0.34372070118189,0.908205562060817,0.475664938953613,0.628137968363917,0.823383571403844,0.091794437939183,0.0221377241559129,0.475664938953613,-0.00916727654399745,CBCbothPairsAsymRW,CBCdriftDiffusionLR,0.5,0.241166291258082,0.0299752715541972,0.0192725504725322,0.0129884730684756,1.11902904555408,2.09599601152053,2.3476180606986,0.5,69.1187675759275
CBC_1006,CBC_1006_MSI_AV_v3_Vset1_Aset3_2023-06-03_11h59.24.512.csv,1,41,1,0,z,0,1,1,aud,A,63,1,1A,0A,0,1,z,1.43725229999927,0,1,1,1,0A,1A,A10,2.23359222150709,0.907894990650151,0.455850413241857,0.480913165128326,0.490363724763734,0.450280858718253,0.903414957298434,0.490363724763734,0.466497662409616,0.480913165128326,0.490363724763734,0.88215417488659,0.413029141538122,0.490363724763734,0.466497662409616,0.435240138067272,0.93034328621673,0.665736425625413,0.334263574374587,0.907894990650151,0.455850413241857,0.626775705921111,0.83637053617197,0.0921050093498488,0.022212623511194,0.455850413241857,-0.00878540009712834,CBCbothPairsAsymRW,CBCdriftDiffusionLR,0.5,0.241166291258082,0.0299752715541972,0.0192725504725322,0.0129884730684756,1.11902904555408,2.09599601152053,2.3476180606986,0.5,69.1187675759275
CBC_1006,CBC_1006_MSI_AV_v3_Vset1_Aset3_2023-06-03_11h59.24.512.csv,1,42,2,0,b,1,0,0,aud,C,27,1,2C,0C,1,0,b,2.9706699999997,1,0,1,1,2C,0C,C20,3.3499040872746,0.930107614161345,0.447065013144729,0.480913165128326,0.490363724763734,0.450280858718253,0.903414957298434,0.490363724763734,0.466497662409616,0.480913165128326,0.490363724763734,0.88215417488659,0.413029141538122,0.490363724763734,0.466497662409616,0.435240138067272,0.93034328621673,0.647183120737774,0.352816879262226,0.88215417488659,0.480913165128326,0.157508365920093,0.809333691777827,0.11784582511341,0.0284204405828496,0.480913165128326,-0.00926842324784087,CBCbothPairsAsymRW,CBCdriftDiffusionLR,0.5,0.241166291258082,0.0299752715541972,0.0192725504725322,0.0129884730684756,1.11902904555408,2.09599601152053,2.3476180606986,0.5,69.1187675759275
CBC_1006,CBC_1006_MSI_AV_v3_Vset1_Aset3_2023-06-03_11h59.24.512.csv,1,43,2,3,z,0,1,3,aud,D,63,1,2D,3D,0,1,z,1.41254589999971,0,1,1,1,3D,2D,D23,2.67414864942653,0.930107614161345,0.447065013144729,0.480913165128326,0.490363724763734,0.450280858718253,0.903414957298434,0.490363724763734,0.466497662409616,0.471644741880485,0.490363724763734,0.91057461546944,0.413029141538122,0.490363724763734,0.466497662409616,0.435240138067272,0.93034328621673,0.68127898279413,0.31872101720587,0.93034328621673,0.435240138067272,0.631225874980382,0.856103024480333,0.06965671378327,0.0167988513243369,0.435240138067272,-0.00838818752857337,CBCbothPairsAsymRW,CBCdriftDiffusionLR,0.5,0.241166291258082,0.0299752715541972,0.0192725504725322,0.0129884730684756,1.11902904555408,2.09599601152053,2.3476180606986,0.5,69.1187675759275
CBC_1006,CBC_1006_MSI_AV_v3_Vset1_Aset3_2023-06-03_11h59.24.512.csv,1,44,0,1,z,0,1,2,aud,B,63,1,0B,1B,0,1,z,2.23342979999961,0,1,1,1,1B,0B,B01,2.97892515523761,0.930107614161345,0.447065013144729,0.480913165128326,0.490363724763734,0.450280858718253,0.903414957298434,0.490363724763734,0.466497662409616,0.471644741880485,0.490363724763734,0.91057461546944,0.413029141538122,0.490363724763734,0.466497662409616,0.426851950538699,0.947142137541067,0.667369246923415,0.332630753076585,0.903414957298434,0.450280858718253,0.363583135003003,0.838426205798039,0.0965850427015662,0.0232930565393402,0.450280858718253,-0.00867806057646267,CBCbothPairsAsymRW,CBCdriftDiffusionLR,0.5,0.241166291258082,0.0299752715541972,0.0192725504725322,0.0129884730684756,1.11902904555408,2.09599601152053,2.3476180606986,0.5,69.1187675759275
CBC_1006,CBC_1006_MSI_TV_v3_Vset4_Tset3_2023-06-03_12h08.01.236.csv,2,1,1,0,z,0,1,1,tac,A,63,1,1A,0A,NaN,NaN,None,NaN,NaN,NaN,NaN,NaN,,,A10,2.77258872223978,0.5,0.5,0.5,0.5,0.5,0.5,0.5,0.5,0.5,0.5,0.5,0.5,0.5,0.5,0.5,0.5,0,0,0,0,NaN,0,0,0,0,0,CBCbothPairsAsymRW,CBCdriftDiffusionLR,0.5,0.0566007572217995,0.330969228763295,0.0207579597969432,0.0629877523057083,0.913466927670651,0.833893571341178,2.58761522336317,0.5,81.0901704998575
CBC_1006,CBC_1006_MSI_TV_v3_Vset4_Tset3_2023-06-03_12h08.01.236.csv,2,2,3,2,b,1,0,3,tac,D,63,1,3D,2D,1,0,z,2.59424890000082,0,1,0,0,2D,3D,D32,2.83321334405622,0.5,0.5,0.5,0.5,0.5,0.5,0.5,0.5,0.5,0.5,0.5,0.5,0.5,0.5,0.5,0.5,0.5,0.5,0.5,0.5,0.136134163933261,0.500761905101375,-0.5,-0.165484614381647,-0.5,0.0314938761528541,CBCbothPairsAsymRW,CBCdriftDiffusionLR,0.5,0.0566007572217995,0.330969228763295,0.0207579597969432,0.0629877523057083,0.913466927670651,0.833893571341178,2.58761522336317,0.5,81.0901704998575
CBC_1006,CBC_1006_MSI_TV_v3_Vset4_Tset3_2023-06-03_12h08.01.236.csv,2,3,2,0,b,1,0,0,tac,C,27,1,2C,0C,1,0,b,3.27190340000107,1,0,1,1,2C,0C,C20,2.89037175789616,0.5,0.5,0.5,0.5,0.5,0.5,0.5,0.5,0.5,0.5,0.5,0.5,0.5,0.5,0.334515385618353,0.531493876152854,0.5,0.5,0.5,0.5,0.0822950022878141,0.498742474845907,0.5,0.0283003786108997,0.5,-0.0103789798984716,CBCbothPairsAsymRW,CBCdriftDiffusionLR,0.5,0.0566007572217995,0.330969228763295,0.0207579597969432,0.0629877523057083,0.913466927670651,0.833893571341178,2.58761522336317,0.5,81.0901704998575
CBC_1006,CBC_1006_MSI_TV_v3_Vset4_Tset3_2023-06-03_12h08.01.236.csv,2,4,1,0,z,0,1,1,tac,A,63,1,1A,0A,0,1,z,2.72173430000021,0,1,1,1,0A,1A,A10,2.2512917986065,0.5,0.5,0.5,0.5,0.5,0.5,0.5,0.5,0.489621020101528,0.5,0.5283003786109,0.5,0.5,0.5,0.334515385618353,0.531493876152854,0.5,0.5,0.5,0.5,0.123880389221486,0.500538735148635,0.5,0.0283003786108997,0.5,-0.0103789798984716,CBCbothPairsAsymRW,CBCdriftDiffusionLR,0.5,0.0566007572217995,0.330969228763295,0.0207579597969432,0.0629877523057083,0.913466927670651,0.833893571341178,2.58761522336317,0.5,81.0901704998575
CBC_1006,CBC_1006_MSI_TV_v3_Vset4_Tset3_2023-06-03_12h08.01.236.csv,2,5,3,1,z,0,1,2,tac,B,27,1,3B,1B,0,1,b,2.35638590000053,1,0,0,0,3B,1B,B31,2.99573227355399,0.5283003786109,0.489621020101528,0.5,0.5,0.5,0.5,0.5,0.5,0.489621020101528,0.5,0.5283003786109,0.5,0.5,0.5,0.334515385618353,0.531493876152854,0.5,0.5,0.5,0.5,0.161787195109337,0.499657301070244,-0.5,-0.165484614381647,-0.5,0.0314938761528541,CBCbothPairsAsymRW,CBCdriftDiffusionLR,0.5,0.0566007572217995,0.330969228763295,0.0207579597969432,0.0629877523057083,0.913466927670651,0.833893571341178,2.58761522336317,0.5,81.0901704998575
CBC_1006,CBC_1006_MSI_TV_v3_Vset4_Tset3_2023-06-03_12h08.01.236.csv,2,6,2,3,b,1,0,0,tac,C,63,1,2C,3C,1,0,b,3.01857459999974,1,0,1,1,2C,3C,C23,3.04452243772342,0.5283003786109,0.489621020101528,0.5,0.5,0.5,0.531493876152854,0.5,0.334515385618353,0.489621020101528,0.5,0.5283003786109,0.5,0.5,0.5,0.334515385618353,0.531493876152854,0.513760754736437,0.486239245263563,0.5283003786109,0.5,0.102382022144625,0.514866808349846,0.4716996213891,0.0266985557518592,0.5,-0.0103789798984716,CBCbothPairsAsymRW,CBCdriftDiffusionLR,0.5,0.0566007572217995,0.330969228763295,0.0207579597969432,0.0629877523057083,0.913466927670651,0.833893571341178,2.58761522336317,0.5,81.0901704998575
CBC_1006,CBC_1006_MSI_TV_v3_Vset4_Tset3_2023-06-03_12h08.01.236.csv,2,7,2,3,z,0,1,3,tac,D,63,0,2D,3D,1,0,b,3.06619090000004,1,0,0,1,2D,3D,D23,3.09104245335832,0.5283003786109,0.489621020101528,0.5,0.5,0.5,0.531493876152854,0.5,0.334515385618353,0.489621020101528,0.5,0.554998934362759,0.489621020101528,0.5,0.5,0.334515385618353,0.531493876152854,0.386272295672895,0.613727704327106,0.334515385618353,0.531493876152854,0.0723308069038545,0.380041349179653,0.665484614381647,0.0376669330934585,0.531493876152854,-0.0110327285135024,CBCbothPairsAsymRW,CBCdriftDiffusionLR,0.5,0.0566007572217995,0.330969228763295,0.0207579597969432,0.0629877523057083,0.913466927670651,0.833893571341178,2.58761522336317,0.5,81.0901704998575
CBC_1006,CBC_1006_MSI_TV_v3_Vset4_Tset3_2023-06-03_12h08.01.236.csv,2,8,1,0,b,1,0,2,tac,B,63,1,1B,0B,1,0,z,2.34549130000141,0,1,0,0,0B,1B,B10,3.13549421592915,0.5283003786109,0.489621020101528,0.5,0.5,0.5,0.531493876152854,0.5,0.334515385618353,0.489621020101528,0.5,0.554998934362759,0.489621020101528,0.5,0.5,0.372182318711811,0.520461147639352,0.484733852095023,0.515266147904977,0.5,0.531493876152854,0.157797901234871,0.483420649259845,-0.5,-0.165484614381647,-0.468506123847146,0.0295101476825915,CBCbothPairsAsymRW,CBCdriftDiffusionLR,0.5,0.0566007572217995,0.330969228763295,0.0207579597969432,0.0629877523057083,0.913466927670651,0.833893571341178,2.58761522336317,0.5,81.0901704998575
CBC_1006,CBC_1006_MSI_TV_v3_Vset4_Tset3_2023-06-03_12h08.01.236.csv,2,9,0,2,b,1,0,1,tac,A,27,1,0A,2A,1,0,b,2.85200260000056,1,0,1,1,0A,2A,A02,3.17805383034795,0.5283003786109,0.489621020101528,0.5,0.5,0.334515385618353,0.561004023835446,0.5,0.334515385618353,0.489621020101528,0.5,0.554998934362759,0.489621020101528,0.5,0.5,0.372182318711811,0.520461147639352,0.513760754736437,0.486239245263563,0.5283003786109,0.5,0.115624574954586,0.514271913499713,0.4716996213891,0.0266985557518592,0.5,-0.0103789798984716,CBCbothPairsAsymRW,CBCdriftDiffusionLR,0.5,0.0566007572217995,0.330969228763295,0.0207579597969432,0.0629877523057083,0.913466927670651,0.833893571341178,2.58761522336317,0.5,81.0901704998575
CBC_1006,CBC_1006_MSI_TV_v3_Vset4_Tset3_2023-06-03_12h08.01.236.csv,2,10,0,3,z,0,1,3,tac,D,9,1,0D,3D,0,1,z,1.78596300000027,0,1,1,1,3D,0D,D03,3.2188758248682,0.554998934362759,0.489621020101528,0.489621020101528,0.5,0.334515385618353,0.561004023835446,0.5,0.334515385618353,0.489621020101528,0.5,0.554998934362759,0.489621020101528,0.5,0.5,0.372182318711811,0.520461147639352,0.51002544177536,0.48997455822464,0.520461147639352,0.5,0.247530148360766,0.510660901137182,0.479538852360648,0.0271422621608854,0.5,-0.0103789798984716,CBCbothPairsAsymRW,CBCdriftDiffusionLR,0.5,0.0566007572217995,0.330969228763295,0.0207579597969432,0.0629877523057083,0.913466927670651,0.833893571341178,2.58761522336317,0.5,81.0901704998575
CBC_1006,CBC_1006_MSI_TV_v3_Vset4_Tset3_2023-06-03_12h08.01.236.csv,2,11,3,2,z,0,1,0,tac,C,63,1,3C,2C,0,1,b,2.4825505000008,1,0,0,0,3C,2C,C32,3.25809653802148,0.554998934362759,0.489621020101528,0.489621020101528,0.5,0.334515385618353,0.561004023835446,0.5,0.334515385618353,0.489621020101528,0.5,0.554998934362759,0.489621020101528,0.489621020101528,0.5,0.372182318711811,0.547603409800237,0.468707320790766,0.531292679209234,0.489621020101528,0.554998934362759,0.137557722804674,0.466009840079998,-0.489621020101528,-0.1620494914093,-0.445001065637241,0.0280296168981348,CBCbothPairsAsymRW,CBCdriftDiffusionLR,0.5,0.0566007572217995,0.330969228763295,0.0207579597969432,0.0629877523057083,0.913466927670651,0.833893571341178,2.58761522336317,0.5,81.0901704998575
CBC_1006,CBC_1006_MSI_TV_v3_Vset4_Tset3_2023-06-03_12h08.01.236.csv,2,12,1,0,b,1,0,2,tac,B,63,1,1B,0B,1,0,b,2.75120670000069,1,0,1,1,1B,0B,B10,2.60268968544438,0.554998934362759,0.489621020101528,0.489621020101528,0.5,0.334515385618353,0.561004023835446,0.5,0.334515385618353,0.489621020101528,0.5,0.583028551260894,0.327571528692228,0.489621020101528,0.5,0.372182318711811,0.547603409800237,0.626456576946353,0.373543423053647,0.561004023835446,0.334515385618353,0.152637865393427,0.632842150453594,0.438995976164554,0.0248475046682368,0.334515385618353,-0.00694385692612471,CBCbothPairsAsymRW,CBCdriftDiffusionLR,0.5,0.0566007572217995,0.330969228763295,0.0207579597969432,0.0629877523057083,0.913466927670651,0.833893571341178,2.58761522336317,0.5,81.0901704998575
CBC_1006,CBC_1006_MSI_TV_v3_Vset4_Tset3_2023-06-03_12h08.01.236.csv,2,13,3,2,b,1,0,3,tac,D,63,1,3D,2D,1,0,z,2.40526090000003,0,1,0,0,2D,3D,D32,2.63905732961526,0.554998934362759,0.489621020101528,0.489621020101528,0.5,0.327571528692228,0.585851528503682,0.5,0.334515385618353,0.489621020101528,0.5,0.583028551260894,0.327571528692228,0.489621020101528,0.5,0.372182318711811,0.547603409800237,0.404640240845981,0.595359759154019,0.372182318711811,0.547603409800237,0.124706640666489,0.398341629146771,-0.372182318711811,-0.123180894983383,-0.452396590199763,0.0284954443674497,CBCbothPairsAsymRW,CBCdriftDiffusionLR,0.5,0.0566007572217995,0.330969228763295,0.0207579597969432,0.0629877523057083,0.913466927670651,0.833893571341178,2.58761522336317,0.5,81.0901704998575
CBC_1006,CBC_1006_MSI_TV_v3_Vset4_Tset3_2023-06-03_12h08.01.236.csv,2,14,3,2,z,0,1,0,tac,C,63,1,3C,2C,0,1,b,2.39105400000062,1,0,0,0,3C,2C,C32,2.67414864942653,0.554998934362759,0.489621020101528,0.489621020101528,0.5,0.327571528692228,0.585851528503682,0.5,0.334515385618353,0.489621020101528,0.5,0.583028551260894,0.327571528692228,0.489621020101528,0.5,0.249001423728428,0.576098854167687,0.359731495640865,0.640268504359135,0.327571528692228,0.583028551260894,0.111802605874059,0.3525133129747,-0.327571528692228,-0.10841609621608,-0.416971448739106,0.0262640943317312,CBCbothPairsAsymRW,CBCdriftDiffusionLR,0.5,0.0566007572217995,0.330969228763295,0.0207579597969432,0.0629877523057083,0.913466927670651,0.833893571341178,2.58761522336317,0.5,81.0901704998575
CBC_1006,CBC_1006_MSI_TV_v3_Vset4_Tset3_2023-06-03_12h08.01.236.csv,2,15,1,3,b,1,0,2,tac,B,27,1,1B,3B,1,0,z,2.32436779999989,0,1,0,0,3B,1B,B13,3.40119738166216,0.554998934362759,0.489621020101528,0.489621020101528,0.5,0.327571528692228,0.585851528503682,0.5,0.334515385618353,0.489621020101528,0.5,0.609292645592625,0.219155432476148,0.489621020101528,0.5,0.249001423728428,0.576098854167687,0.36345872552085,0.63654127447915,0.334515385618353,0.585851528503682,0.119166938458976,0.357282778265097,-0.334515385618353,-0.110714299187562,-0.414148471496318,0.0260862813403977,CBCbothPairsAsymRW,CBCdriftDiffusionLR,0.5,0.0566007572217995,0.330969228763295,0.0207579597969432,0.0629877523057083,0.913466927670651,0.833893571341178,2.58761522336317,0.5,81.0901704998575
CBC_1006,CBC_1006_MSI_TV_v3_Vset4_Tset3_2023-06-03_12h08.01.236.csv,2,16,3,0,z,0,1,1,tac,A,9,1,3A,0A,0,1,b,2.79982820000077,1,0,0,0,3A,0A,A30,3.43398720448515,0.554998934362759,0.489621020101528,0.489621020101528,0.5,0.327571528692228,0.61193780984408,0.5,0.22380108643079,0.489621020101528,0.5,0.609292645592625,0.219155432476148,0.489621020101528,0.5,0.249001423728428,0.576098854167687,0.47393412800176,0.52606587199824,0.5,0.554998934362759,0.110448226943843,0.47278186063111,-0.5,-0.165484614381647,-0.445001065637241,0.0280296168981348,CBCbothPairsAsymRW,CBCdriftDiffusionLR,0.5,0.0566007572217995,0.330969228763295,0.0207579597969432,0.0629877523057083,0.913466927670651,0.833893571341178,2.58761522336317,0.5,81.0901704998575
CBC_1006,CBC_1006_MSI_TV_v3_Vset4_Tset3_2023-06-03_12h08.01.236.csv,2,17,3,2,b,1,0,3,tac,D,63,1,3D,2D,NaN,NaN,None,NaN,NaN,NaN,NaN,NaN,,,D32,2.36712361413162,0.583028551260894,0.489621020101528,0.489621020101528,0.334515385618353,0.327571528692228,0.61193780984408,0.5,0.22380108643079,0.489621020101528,0.5,0.609292645592625,0.219155432476148,0.489621020101528,0.5,0.249001423728428,0.576098854167687,0,0,0,0,NaN,0,0,0,0,0,CBCbothPairsAsymRW,CBCdriftDiffusionLR,0.5,0.0566007572217995,0.330969228763295,0.0207579597969432,0.0629877523057083,0.913466927670651,0.833893571341178,2.58761522336317,0.5,81.0901704998575
CBC_1006,CBC_1006_MSI_TV_v3_Vset4_Tset3_2023-06-03_12h08.01.236.csv,2,18,2,0,b,1,0,0,tac,C,27,1,2C,0C,1,0,b,1.93140870000025,1,0,1,1,2C,0C,C20,2.80336038090653,0.583028551260894,0.489621020101528,0.489621020101528,0.334515385618353,0.327571528692228,0.61193780984408,0.5,0.22380108643079,0.489621020101528,0.5,0.609292645592625,0.219155432476148,0.489621020101528,0.5,0.249001423728428,0.576098854167687,0.554449966920515,0.445550033079485,0.609292645592625,0.489621020101528,0.245824827332197,0.557410691702933,0.390707354407375,0.0221143321115834,0.489621020101528,-0.0101635334510058,CBCbothPairsAsymRW,CBCdriftDiffusionLR,0.5,0.0566007572217995,0.330969228763295,0.0207579597969432,0.0629877523057083,0.913466927670651,0.833893571341178,2.58761522336317,0.5,81.0901704998575
CBC_1006,CBC_1006_MSI_TV_v3_Vset4_Tset3_2023-06-03_12h08.01.236.csv,2,19,1,0,z,0,1,1,tac,A,63,1,1A,0A,0,1,b,2.35746430000017,1,0,0,0,1A,0A,A10,2.42774823594805,0.583028551260894,0.489621020101528,0.489621020101528,0.334515385618353,0.327571528692228,0.61193780984408,0.5,0.22380108643079,0.479457486650523,0.5,0.631406977704208,0.219155432476148,0.489621020101528,0.5,0.249001423728428,0.576098854167687,0.456459437614503,0.543540562385498,0.489621020101528,0.583028551260894,0.146472198533698,0.452437138229048,-0.489621020101528,-0.1620494914093,-0.416971448739106,0.0262640943317312,CBCbothPairsAsymRW,CBCdriftDiffusionLR,0.5,0.0566007572217995,0.330969228763295,0.0207579597969432,0.0629877523057083,0.913466927670651,0.833893571341178,2.58761522336317,0.5,81.0901704998575
CBC_1006,CBC_1006_MSI_TV_v3_Vset4_Tset3_2023-06-03_12h08.01.236.csv,2,20,0,1,z,0,1,2,tac,B,63,0,0B,1B,1,0,z,2.44078300000001,0,1,1,0,1B,0B,B01,3.55534806148941,0.609292645592625,0.327571528692228,0.489621020101528,0.334515385618353,0.327571528692228,0.61193780984408,0.5,0.22380108643079,0.479457486650523,0.5,0.631406977704208,0.219155432476148,0.489621020101528,0.5,0.249001423728428,0.576098854167687,0.651337655459006,0.348662344540994,0.61193780984408,0.327571528692228,0.201064217105043,0.658169122328387,-0.61193780984408,-0.202532584975195,-0.672428471307772,0.04235475799404,CBCbothPairsAsymRW,CBCdriftDiffusionLR,0.5,0.0566007572217995,0.330969228763295,0.0207579597969432,0.0629877523057083,0.913466927670651,0.833893571341178,2.58761522336317,0.5,81.0901704998575
CBC_1006,CBC_1006_MSI_TV_v3_Vset4_Tset3_2023-06-03_12h08.01.236.csv,2,21,1,3,z,0,1,3,tac,D,27,1,1D,3D,0,1,b,2.34393900000032,1,0,0,0,1D,3D,D13,3.58351893845611,0.609292645592625,0.327571528692228,0.489621020101528,0.334515385618353,0.369926286686268,0.409405224868885,0.5,0.22380108643079,0.479457486650523,0.5,0.631406977704208,0.219155432476148,0.489621020101528,0.5,0.249001423728428,0.576098854167687,0.464641327386904,0.535358672613096,0.5,0.576098854167687,0.151305522409813,0.46285517630823,-0.5,-0.165484614381647,-0.423901145832313,0.0267005803757917,CBCbothPairsAsymRW,CBCdriftDiffusionLR,0.5,0.0566007572217995,0.330969228763295,0.0207579597969432,0.0629877523057083,0.913466927670651,0.833893571341178,2.58761522336317,0.5,81.0901704998575
CBC_1006,CBC_1006_MSI_TV_v3_Vset4_Tset3_2023-06-03_12h08.01.236.csv,2,22,2,3,b,1,0,0,tac,C,63,1,2C,3C,1,0,z,2.70805410000048,0,1,0,0,3C,2C,C23,2.91777073208428,0.609292645592625,0.327571528692228,0.489621020101528,0.334515385618353,0.369926286686268,0.409405224868885,0.5,0.22380108643079,0.479457486650523,0.5,0.631406977704208,0.219155432476148,0.489621020101528,0.334515385618353,0.249001423728428,0.602799434543479,0.257659437864974,0.742340562135026,0.219155432476148,0.631406977704208,0.0640975840460969,0.260416516025834,-0.219155432476148,-0.0725337044659169,-0.368593022295792,0.0232168459899797,CBCbothPairsAsymRW,CBCdriftDiffusionLR,0.5,0.0566007572217995,0.330969228763295,0.0207579597969432,0.0629877523057083,0.913466927670651,0.833893571341178,2.58761522336317,0.5,81.0901704998575
CBC_1006,CBC_1006_MSI_TV_v3_Vset4_Tset3_2023-06-03_12h08.01.236.csv,2,23,1,0,b,1,0,2,tac,B,63,1,1B,0B,1,0,b,1.2663235,1,0,1,1,1B,0B,B10,2.53897387105828,0.609292645592625,0.327571528692228,0.489621020101528,0.334515385618353,0.369926286686268,0.409405224868885,0.5,0.22380108643079,0.479457486650523,0.5,0.654623823694188,0.146621728010231,0.489621020101528,0.334515385618353,0.249001423728428,0.602799434543479,0.525328719291638,0.474671280708362,0.409405224868885,0.369926286686268,0.242688525897183,0.52753885357553,0.590594775131115,0.0334281114836595,0.369926286686268,-0.00767891498686603,CBCbothPairsAsymRW,CBCdriftDiffusionLR,0.5,0.0566007572217995,0.330969228763295,0.0207579597969432,0.0629877523057083,0.913466927670651,0.833893571341178,2.58761522336317,0.5,81.0901704998575
CBC_1006,CBC_1006_MSI_TV_v3_Vset4_Tset3_2023-06-03_12h08.01.236.csv,2,24,2,0,z,0,1,1,tac,A,27,1,2A,0A,0,1,z,2.81869590000042,0,1,1,1,0A,2A,A20,3.66356164612965,0.609292645592625,0.327571528692228,0.489621020101528,0.334515385618353,0.362247371699402,0.442833336352545,0.5,0.22380108643079,0.479457486650523,0.5,0.654623823694188,0.146621728010231,0.489621020101528,0.334515385618353,0.249001423728428,0.602799434543479,0.554449966920515,0.445550033079485,0.609292645592625,0.489621020101528,0.128427266897189,0.557861333601959,0.390707354407375,0.0221143321115834,0.489621020101528,-0.0101635334510058,CBCbothPairsAsymRW,CBCdriftDiffusionLR,0.5,0.0566007572217995,0.330969228763295,0.0207579597969432,0.0629877523057083,0.913466927670651,0.833893571341178,2.58761522336317,0.5,81.0901704998575
CBC_1006,CBC_1006_MSI_TV_v3_Vset4_Tset3_2023-06-03_12h08.01.236.csv,2,25,2,3,z,0,1,3,tac,D,63,1,2D,3D,0,1,z,2.89427060000071,0,1,1,1,3D,2D,D23,2.99573227355399,0.631406977704208,0.327571528692228,0.479457486650523,0.334515385618353,0.362247371699402,0.442833336352545,0.5,0.22380108643079,0.479457486650523,0.5,0.654623823694188,0.146621728010231,0.489621020101528,0.334515385618353,0.249001423728428,0.602799434543479,0.707676481761722,0.292323518238278,0.602799434543479,0.249001423728428,0.151401058424068,0.70973842436461,0.397200565456521,0.022481852773766,0.249001423728428,-0.00516876154313633,CBCbothPairsAsymRW,CBCdriftDiffusionLR,0.5,0.0566007572217995,0.330969228763295,0.0207579597969432,0.0629877523057083,0.913466927670651,0.833893571341178,2.58761522336317,0.5,81.0901704998575
CBC_1006,CBC_1006_MSI_TV_v3_Vset4_Tset3_2023-06-03_12h08.01.236.csv,2,26,2,0,b,1,0,0,tac,C,27,1,2C,0C,1,0,b,2.92750330000035,1,0,1,1,2C,0C,C20,2.6149597780362,0.631406977704208,0.327571528692228,0.479457486650523,0.334515385618353,0.362247371699402,0.442833336352545,0.5,0.22380108643079,0.479457486650523,0.5,0.654623823694188,0.146621728010231,0.489621020101528,0.334515385618353,0.243832662185292,0.625281287317245,0.577228297233125,0.422771702766875,0.654623823694188,0.479457486650523,0.123339433730303,0.58156638595319,0.345376176305812,0.0195485531052787,0.479457486650523,-0.00995255923223496,CBCbothPairsAsymRW,CBCdriftDiffusionLR,0.5,0.0566007572217995,0.330969228763295,0.0207579597969432,0.0629877523057083,0.913466927670651,0.833893571341178,2.58761522336317,0.5,81.0901704998575
CBC_1006,CBC_1006_MSI_TV_v3_Vset4_Tset3_2023-06-03_12h08.01.236.csv,2,27,1,0,b,1,0,2,tac,B,63,1,1B,0B,1,0,z,2.35325800000101,0,1,0,0,0B,1B,B10,2.35137525716348,0.631406977704208,0.327571528692228,0.479457486650523,0.334515385618353,0.362247371699402,0.442833336352545,0.5,0.22380108643079,0.469504927418288,0.5,0.674172376799467,0.146621728010231,0.489621020101528,0.334515385618353,0.243832662185292,0.625281287317245,0.449951623578128,0.550048376421872,0.362247371699402,0.442833336352545,0.144997262801602,0.446421397393822,-0.362247371699402,-0.119892733232882,-0.557166663647455,0.0350946758028238,CBCbothPairsAsymRW,CBCdriftDiffusionLR,0.5,0.0566007572217995,0.330969228763295,0.0207579597969432,0.0629877523057083,0.913466927670651,0.833893571341178,2.58761522336317,0.5,81.0901704998575
CBC_1006,CBC_1006_MSI_TV_v3_Vset4_Tset3_2023-06-03_12h08.01.236.csv,2,28,0,1,b,1,0,1,tac,A,63,1,0A,1A,1,0,z,3.22679290000087,0,1,0,0,1A,0A,A01,3.76120011569356,0.631406977704208,0.327571528692228,0.479457486650523,0.334515385618353,0.24235463846652,0.477928012155369,0.5,0.22380108643079,0.469504927418288,0.5,0.674172376799467,0.146621728010231,0.489621020101528,0.334515385618353,0.243832662185292,0.625281287317245,0.341583806631024,0.658416193368977,0.327571528692228,0.631406977704208,0.0559108623762248,0.335521473070165,-0.327571528692228,-0.10841609621608,-0.368593022295792,0.0232168459899797,CBCbothPairsAsymRW,CBCdriftDiffusionLR,0.5,0.0566007572217995,0.330969228763295,0.0207579597969432,0.0629877523057083,0.913466927670651,0.833893571341178,2.58761522336317,0.5,81.0901704998575
CBC_1006,CBC_1006_MSI_TV_v3_Vset4_Tset3_2023-06-03_12h08.01.236.csv,2,29,3,2,z,0,1,0,tac,C,63,0,3C,2C,1,0,z,2.43088890000035,0,1,1,0,2C,3C,C32,2.68557734525015,0.654623823694188,0.219155432476148,0.479457486650523,0.334515385618353,0.24235463846652,0.477928012155369,0.5,0.22380108643079,0.469504927418288,0.5,0.674172376799467,0.146621728010231,0.489621020101528,0.334515385618353,0.243832662185292,0.625281287317245,0.821366007441994,0.178633992558006,0.674172376799467,0.146621728010231,0.24678230733034,0.800733282983778,-0.674172376799467,-0.223130311602837,-0.853378271989769,0.0537523792191649,CBCbothPairsAsymRW,CBCdriftDiffusionLR,0.5,0.0566007572217995,0.330969228763295,0.0207579597969432,0.0629877523057083,0.913466927670651,0.833893571341178,2.58761522336317,0.5,81.0901704998575
CBC_1006,CBC_1006_MSI_TV_v3_Vset4_Tset3_2023-06-03_12h08.01.236.csv,2,30,3,1,b,1,0,3,tac,D,27,1,3D,1D,1,0,b,1.14110750000054,1,0,1,1,3D,1D,D31,3.80666248977032,0.654623823694188,0.219155432476148,0.479457486650523,0.334515385618353,0.24235463846652,0.477928012155369,0.5,0.22380108643079,0.469504927418288,0.5,0.45104206519663,0.200374107229396,0.489621020101528,0.334515385618353,0.243832662185292,0.625281287317245,0.651472655562332,0.348527344437668,0.625281287317245,0.334515385618353,0.166031862847761,0.659218169936897,0.374718712682755,0.0212093628830219,0.334515385618353,-0.00694385692612471,CBCbothPairsAsymRW,CBCdriftDiffusionLR,0.5,0.0566007572217995,0.330969228763295,0.0207579597969432,0.0629877523057083,0.913466927670651,0.833893571341178,2.58761522336317,0.5,81.0901704998575
CBC_1006,CBC_1006_MSI_TV_v3_Vset4_Tset3_2023-06-03_12h08.01.236.csv,2,31,1,0,z,0,1,1,tac,A,63,1,1A,0A,0,1,z,2.71044070000062,0,1,1,1,0A,1A,A10,2.4423470353692,0.654623823694188,0.219155432476148,0.479457486650523,0.334515385618353,0.24235463846652,0.477928012155369,0.5,0.22380108643079,0.469504927418288,0.5,0.45104206519663,0.200374107229396,0.489621020101528,0.327571528692228,0.243832662185292,0.646490650200266,0.749186730025294,0.250813269974706,0.654623823694188,0.219155432476148,0.182843937403505,0.74522863595231,0.345376176305812,0.0195485531052787,0.219155432476148,-0.00454921965662157,CBCbothPairsAsymRW,CBCdriftDiffusionLR,0.5,0.0566007572217995,0.330969228763295,0.0207579597969432,0.0629877523057083,0.913466927670651,0.833893571341178,2.58761522336317,0.5,81.0901704998575
CBC_1006,CBC_1006_MSI_TV_v3_Vset4_Tset3_2023-06-03_12h08.01.236.csv,2,32,3,2,b,1,0,3,tac,D,63,1,3D,2D,1,0,b,1.55044830000043,1,0,1,1,3D,2D,D32,2.46385324059017,0.674172376799467,0.214606212819526,0.479457486650523,0.334515385618353,0.24235463846652,0.477928012155369,0.5,0.22380108643079,0.469504927418288,0.5,0.45104206519663,0.200374107229396,0.489621020101528,0.327571528692228,0.243832662185292,0.646490650200266,0.726130205967583,0.273869794032417,0.646490650200266,0.243832662185292,0.42486253595412,0.726406899759118,0.353509349799734,0.0200088968836509,0.243832662185292,-0.00506146859882392,CBCbothPairsAsymRW,CBCdriftDiffusionLR,0.5,0.0566007572217995,0.330969228763295,0.0207579597969432,0.0629877523057083,0.913466927670651,0.833893571341178,2.58761522336317,0.5,81.0901704998575
CBC_1006,CBC_1006_MSI_TV_v3_Vset4_Tset3_2023-06-03_12h08.01.236.csv,2,33,2,1,z,0,1,2,tac,B,9,1,2B,1B,0,1,b,2.59497830000055,1,0,0,0,2B,1B,B21,3.87120101090789,0.674172376799467,0.214606212819526,0.479457486650523,0.334515385618353,0.24235463846652,0.477928012155369,0.5,0.22380108643079,0.469504927418288,0.5,0.45104206519663,0.200374107229396,0.489621020101528,0.327571528692228,0.238771193586468,0.666499547083917,0.511285078027361,0.488714921972639,0.5,0.477928012155369,0.139243717837467,0.512476051742428,-0.5,-0.165484614381647,-0.522071987844631,0.0328841410561064,CBCbothPairsAsymRW,CBCdriftDiffusionLR,0.5,0.0566007572217995,0.330969228763295,0.0207579597969432,0.0629877523057083,0.913466927670651,0.833893571341178,2.58761522336317,0.5,81.0901704998575
CBC_1006,CBC_1006_MSI_TV_v3_Vset4_Tset3_2023-06-03_12h08.01.236.csv,2,34,1,0,z,0,1,1,tac,A,63,1,1A,0A,0,1,z,2.60536680000041,0,1,1,1,0A,1A,A10,2.28238238567653,0.674172376799467,0.214606212819526,0.479457486650523,0.334515385618353,0.24235463846652,0.510812153211475,0.334515385618353,0.22380108643079,0.469504927418288,0.5,0.45104206519663,0.200374107229396,0.489621020101528,0.327571528692228,0.238771193586468,0.666499547083917,0.758538048366438,0.241461951633561,0.674172376799467,0.214606212819526,0.20117813081785,0.752913248812933,0.325827623200533,0.0184420901969293,0.214606212819526,-0.00445478713788196,CBCbothPairsAsymRW,CBCdriftDiffusionLR,0.5,0.0566007572217995,0.330969228763295,0.0207579597969432,0.0629877523057083,0.913466927670651,0.833893571341178,2.58761522336317,0.5,81.0901704998575
CBC_1006,CBC_1006_MSI_TV_v3_Vset4_Tset3_2023-06-03_12h08.01.236.csv,2,35,2,1,b,1,0,0,tac,C,9,1,2C,1C,1,0,z,2.93487690000075,0,1,0,0,1C,2C,C21,3.91202300542815,0.692614466996396,0.210151425681644,0.479457486650523,0.334515385618353,0.24235463846652,0.510812153211475,0.334515385618353,0.22380108643079,0.469504927418288,0.5,0.45104206519663,0.200374107229396,0.489621020101528,0.327571528692228,0.238771193586468,0.666499547083917,0.525739100611311,0.474260899388689,0.5,0.45104206519663,0.111677135427801,0.528132600574411,-0.5,-0.165484614381647,-0.54895793480337,0.0345776264236478,CBCbothPairsAsymRW,CBCdriftDiffusionLR,0.5,0.0566007572217995,0.330969228763295,0.0207579597969432,0.0629877523057083,0.913466927670651,0.833893571341178,2.58761522336317,0.5,81.0901704998575
CBC_1006,CBC_1006_MSI_TV_v3_Vset4_Tset3_2023-06-03_12h08.01.236.csv,2,36,1,0,b,1,0,2,tac,B,63,1,1B,0B,1,0,b,2.34445240000059,1,0,1,1,1B,0B,B10,2.32238772029023,0.692614466996396,0.210151425681644,0.479457486650523,0.334515385618353,0.24235463846652,0.510812153211475,0.334515385618353,0.22380108643079,0.469504927418288,0.334515385618353,0.485619691620278,0.200374107229396,0.489621020101528,0.327571528692228,0.238771193586468,0.666499547083917,0.678219165868196,0.321780834131805,0.510812153211475,0.24235463846652,0.225222614635083,0.683344810516547,0.489187846788525,0.0276884025519321,0.242354638466521,-0.00503078784189073,CBCbothPairsAsymRW,CBCdriftDiffusionLR,0.5,0.0566007572217995,0.330969228763295,0.0207579597969432,0.0629877523057083,0.913466927670651,0.833893571341178,2.58761522336317,0.5,81.0901704998575
CBC_1006,CBC_1006_MSI_TV_v3_Vset4_Tset3_2023-06-03_12h08.01.236.csv,2,37,0,1,b,1,0,1,tac,A,63,0,0A,1A,0,1,z,2.41212250000081,0,1,0,1,1A,0A,A01,3.25809653802148,0.692614466996396,0.210151425681644,0.479457486650523,0.334515385618353,0.23732385062463,0.538500555763407,0.334515385618353,0.22380108643079,0.469504927418288,0.334515385618353,0.485619691620278,0.200374107229396,0.489621020101528,0.327571528692228,0.238771193586468,0.666499547083917,0.232786182316031,0.767213817683969,0.210151425681644,0.692614466996396,0.0753368592596164,0.240226999065793,0.789848574318356,0.0447060273969777,0.692614466996396,-0.0143772632606924,CBCbothPairsAsymRW,CBCdriftDiffusionLR,0.5,0.0566007572217995,0.330969228763295,0.0207579597969432,0.0629877523057083,0.913466927670651,0.833893571341178,2.58761522336317,0.5,81.0901704998575
CBC_1006,CBC_1006_MSI_TV_v3_Vset4_Tset3_2023-06-03_12h08.01.236.csv,2,38,0,1,z,0,1,2,tac,B,63,1,0B,1B,0,1,b,1.07595330000095,1,0,0,0,0B,1B,B01,3.27714473299218,0.678237203735704,0.254857453078622,0.479457486650523,0.334515385618353,0.23732385062463,0.538500555763407,0.334515385618353,0.22380108643079,0.469504927418288,0.334515385618353,0.485619691620278,0.200374107229396,0.489621020101528,0.327571528692228,0.238771193586468,0.666499547083917,0.305898923352419,0.694101076647581,0.23732385062463,0.538500555763407,0.0297742313223313,0.301967068443301,-0.23732385062463,-0.078546891808369,-0.461499444236593,0.0290688126827965,CBCbothPairsAsymRW,CBCdriftDiffusionLR,0.5,0.0566007572217995,0.330969228763295,0.0207579597969432,0.0629877523057083,0.913466927670651,0.833893571341178,2.58761522336317,0.5,81.0901704998575
CBC_1006,CBC_1006_MSI_TV_v3_Vset4_Tset3_2023-06-03_12h08.01.236.csv,2,39,1,3,z,0,1,3,tac,D,27,1,1D,3D,0,1,z,2.71706170000107,0,1,1,1,3D,1D,D13,3.29583686600433,0.678237203735704,0.254857453078622,0.479457486650523,0.334515385618353,0.158776958816261,0.567569368446204,0.334515385618353,0.22380108643079,0.469504927418288,0.334515385618353,0.485619691620278,0.200374107229396,0.489621020101528,0.327571528692228,0.238771193586468,0.666499547083917,0.670474741017418,0.329525258982582,0.666499547083917,0.327571528692228,0.166579507170661,0.675212975649567,0.333500452916083,0.0188763781688634,0.327571528692228,-0.00679971662321649,CBCbothPairsAsymRW,CBCdriftDiffusionLR,0.5,0.0566007572217995,0.330969228763295,0.0207579597969432,0.0629877523057083,0.913466927670651,0.833893571341178,2.58761522336317,0.5,81.0901704998575
CBC_1006,CBC_1006_MSI_TV_v3_Vset4_Tset3_2023-06-03_12h08.01.236.csv,2,40,3,2,z,0,1,0,tac,C,63,1,3C,2C,0,1,z,2.20560900000146,0,1,1,1,2C,3C,C32,2.62103882411258,0.678237203735704,0.254857453078622,0.479457486650523,0.334515385618353,0.158776958816261,0.567569368446204,0.334515385618353,0.22380108643079,0.469504927418288,0.334515385618353,0.485619691620278,0.200374107229396,0.489621020101528,0.320771812069012,0.238771193586468,0.685375925252781,0.707906824281213,0.292093175718787,0.485619691620278,0.200374107229396,0.261838041169276,0.710106485821426,0.514380308379722,0.029114314954275,0.200374107229396,-0.00415935766221618,CBCbothPairsAsymRW,CBCdriftDiffusionLR,0.5,0.0566007572217995,0.330969228763295,0.0207579597969432,0.0629877523057083,0.913466927670651,0.833893571341178,2.58761522336317,0.5,81.0901704998575
CBC_1006,CBC_1006_MSI_TV_v3_Vset4_Tset3_2023-06-03_12h08.01.236.csv,2,41,0,2,b,1,0,1,tac,A,27,1,0A,2A,1,0,b,2.63774360000116,1,0,1,1,0A,2A,A02,3.3322045101752,0.678237203735704,0.254857453078622,0.479457486650523,0.334515385618353,0.158776958816261,0.567569368446204,0.334515385618353,0.22380108643079,0.469504927418288,0.334515385618353,0.514734006574553,0.19621474956718,0.489621020101528,0.320771812069012,0.238771193586468,0.685375925252781,0.585851528358856,0.414148471641144,0.678237203735704,0.479457486650523,0.155623208626047,0.591440290052801,0.321762796264296,0.0182120179143628,0.479457486650523,-0.00995255923223496,CBCbothPairsAsymRW,CBCdriftDiffusionLR,0.5,0.0566007572217995,0.330969228763295,0.0207579597969432,0.0629877523057083,0.913466927670651,0.833893571341178,2.58761522336317,0.5,81.0901704998575
CBC_1006,CBC_1006_MSI_TV_v3_Vset4_Tset3_2023-06-03_12h08.01.236.csv,2,42,2,3,z,0,1,3,tac,D,63,1,2D,3D,0,1,z,2.28333640000074,0,1,1,1,3D,2D,D23,2.94443897916644,0.696449221650066,0.254857453078622,0.469504927418288,0.334515385618353,0.158776958816261,0.567569368446204,0.334515385618353,0.22380108643079,0.469504927418288,0.334515385618353,0.514734006574553,0.19621474956718,0.489621020101528,0.320771812069012,0.238771193586468,0.685375925252781,0.741630754758647,0.258369245241353,0.685375925252781,0.238771193586468,0.257616049135992,0.739947392865916,0.314624074747219,0.0178079608709007,0.238771193586468,-0.00495640283713604,CBCbothPairsAsymRW,CBCdriftDiffusionLR,0.5,0.0566007572217995,0.330969228763295,0.0207579597969432,0.0629877523057083,0.913466927670651,0.833893571341178,2.58761522336317,0.5,81.0901704998575
CBC_1006,CBC_1006_MSI_TV_v3_Vset4_Tset3_2023-06-03_12h08.01.236.csv,2,43,1,3,b,1,0,2,tac,B,27,1,1B,3B,1,0,b,2.33615100000134,1,0,1,1,1B,3B,B13,3.36729582998647,0.696449221650066,0.254857453078622,0.469504927418288,0.334515385618353,0.158776958816261,0.567569368446204,0.334515385618353,0.22380108643079,0.469504927418288,0.334515385618353,0.514734006574553,0.19621474956718,0.489621020101528,0.320771812069012,0.233814790749332,0.703183886123681,0.717198077017449,0.282801922982551,0.567569368446204,0.22380108643079,0.239206604285242,0.718693110591059,0.432430631553796,0.0244759011918458,0.22380108643079,-0.00464565395464255,CBCbothPairsAsymRW,CBCdriftDiffusionLR,0.5,0.0566007572217995,0.330969228763295,0.0207579597969432,0.0629877523057083,0.913466927670651,0.833893571341178,2.58761522336317,0.5,81.0901704998575
CBC_1006,CBC_1006_MSI_TV_v3_Vset4_Tset3_2023-06-03_12h08.01.236.csv,2,44,3,2,z,0,1,0,tac,C,63,1,3C,2C,0,1,z,2.08014420000109,0,1,1,1,2C,3C,C32,2.46809953147162,0.696449221650066,0.254857453078622,0.469504927418288,0.334515385618353,0.158776958816261,0.59204526963805,0.334515385618353,0.219155432476148,0.469504927418288,0.334515385618353,0.514734006574553,0.19621474956718,0.489621020101528,0.320771812069012,0.233814790749332,0.703183886123681,0.724009996681023,0.275990003318978,0.514734006574553,0.19621474956718,0.295620651362,0.723901485115382,0.485265993425447,0.0274664226818691,0.19621474956718,-0.00407301788308279,CBCbothPairsAsymRW,CBCdriftDiffusionLR,0.5,0.0566007572217995,0.330969228763295,0.0207579597969432,0.0629877523057083,0.913466927670651,0.833893571341178,2.58761522336317,0.5,81.0901704998575
CBC_1006,CBC_1006_MSI_AV_v3_Vset2_Aset2_2023-06-03_13h33.59.045.csv,3,1,1,0,b,1,0,2,aud,B,63,1,1B,0B,1,0,z,1.64999219999845,0,1,0,0,0B,1B,B10,2.77258872223978,0.5,0.5,0.5,0.5,0.5,0.5,0.5,0.5,0.5,0.5,0.5,0.5,0.5,0.5,0.5,0.5,0.5,0.5,0.5,0.5,0.318015315169183,0.501240185508473,-0.5,-0.0075330650493366,-0.5,0.00567307519373506,CBCbothPairsAsymRW,CBCdriftDiffusionLR,0.5,0.141754038786775,0.0150661300986732,0.0110874160798415,0.0113461503874701,1.12593662486797,3.42475685490935,2.40930952771723,0.5,69.4486053292366
CBC_1006,CBC_1006_MSI_AV_v3_Vset2_Aset2_2023-06-03_13h33.59.045.csv,3,2,1,0,z,0,1,1,aud,A,63,1,1A,0A,0,1,b,2.29349000000002,1,0,0,0,1A,0A,A10,2.83321334405622,0.5,0.5,0.5,0.5,0.492466934950663,0.505673075193735,0.5,0.5,0.5,0.5,0.5,0.5,0.5,0.5,0.5,0.5,0.5,0.5,0.5,0.5,0.200703492360312,0.500831974060819,-0.5,-0.0075330650493366,-0.5,0.00567307519373506,CBCbothPairsAsymRW,CBCdriftDiffusionLR,0.5,0.141754038786775,0.0150661300986732,0.0110874160798415,0.0113461503874701,1.12593662486797,3.42475685490935,2.40930952771723,0.5,69.4486053292366
CBC_1006,CBC_1006_MSI_AV_v3_Vset2_Aset2_2023-06-03_13h33.59.045.csv,3,3,3,2,b,1,0,3,aud,D,63,1,3D,2D,1,0,z,1.54883510000036,0,1,0,0,2D,3D,D32,2.89037175789616,0.505673075193735,0.492466934950663,0.5,0.5,0.492466934950663,0.505673075193735,0.5,0.5,0.5,0.5,0.5,0.5,0.5,0.5,0.5,0.5,0.5,0.5,0.5,0.5,0.314324176741139,0.500126876494231,-0.5,-0.0075330650493366,-0.5,0.00567307519373506,CBCbothPairsAsymRW,CBCdriftDiffusionLR,0.5,0.141754038786775,0.0150661300986732,0.0110874160798415,0.0113461503874701,1.12593662486797,3.42475685490935,2.40930952771723,0.5,69.4486053292366
CBC_1006,CBC_1006_MSI_AV_v3_Vset2_Aset2_2023-06-03_13h33.59.045.csv,3,4,1,2,b,1,0,2,aud,B,9,1,1B,2B,1,0,b,1.48532569999952,1,0,1,1,1B,2B,B12,2.94443897916644,0.505673075193735,0.492466934950663,0.5,0.5,0.492466934950663,0.505673075193735,0.5,0.5,0.5,0.5,0.5,0.5,0.5,0.5,0.492466934950663,0.505673075193735,0.502820536481322,0.497179463518678,0.505673075193735,0.5,0.303021414434853,0.511401045542725,0.494326924806265,0.0700728380723347,0.5,-0.00554370803992077,CBCbothPairsAsymRW,CBCdriftDiffusionLR,0.5,0.141754038786775,0.0150661300986732,0.0110874160798415,0.0113461503874701,1.12593662486797,3.42475685490935,2.40930952771723,0.5,69.4486053292366
CBC_1006,CBC_1006_MSI_AV_v3_Vset2_Aset2_2023-06-03_13h33.59.045.csv,3,5,2,0,z,0,1,1,aud,A,27,1,2A,0A,0,1,z,2.36616030000005,0,1,1,1,0A,2A,A20,2.99573227355399,0.505673075193735,0.492466934950663,0.5,0.5,0.492466934950663,0.57574591326607,0.494456291960079,0.5,0.5,0.5,0.5,0.5,0.5,0.5,0.492466934950663,0.505673075193735,0.502820536481322,0.497179463518678,0.505673075193735,0.5,0.192758063119268,0.511425753155833,0.494326924806265,0.0700728380723347,0.5,-0.00554370803992077,CBCbothPairsAsymRW,CBCdriftDiffusionLR,0.5,0.141754038786775,0.0150661300986732,0.0110874160798415,0.0113461503874701,1.12593662486797,3.42475685490935,2.40930952771723,0.5,69.4486053292366
CBC_1006,CBC_1006_MSI_AV_v3_Vset2_Aset2_2023-06-03_13h33.59.045.csv,3,6,3,2,z,0,1,0,aud,C,63,1,3C,2C,0,1,b,3.59783009999956,1,0,0,0,3C,2C,C32,3.04452243772342,0.57574591326607,0.492466934950663,0.494456291960079,0.5,0.492466934950663,0.57574591326607,0.494456291960079,0.5,0.5,0.5,0.5,0.5,0.5,0.5,0.492466934950663,0.505673075193735,0.5,0.5,0.5,0.5,0.0661796380718741,0.499997605045913,-0.5,-0.0075330650493366,-0.5,0.00567307519373506,CBCbothPairsAsymRW,CBCdriftDiffusionLR,0.5,0.141754038786775,0.0150661300986732,0.0110874160798415,0.0113461503874701,1.12593662486797,3.42475685490935,2.40930952771723,0.5,69.4486053292366
CBC_1006,CBC_1006_MSI_AV_v3_Vset2_Aset2_2023-06-03_13h33.59.045.csv,3,7,3,1,b,1,0,3,aud,D,27,1,3D,1D,1,0,z,2.12825789999988,0,1,0,0,1D,3D,D31,3.09104245335832,0.57574591326607,0.492466934950663,0.494456291960079,0.5,0.492466934950663,0.57574591326607,0.494456291960079,0.5,0.5,0.5,0.505673075193735,0.492466934950663,0.5,0.5,0.492466934950663,0.505673075193735,0.497179463518678,0.502820536481322,0.5,0.505673075193735,0.224243775630618,0.48727554644475,-0.5,-0.0075330650493366,-0.494326924806265,0.00560870762942751,CBCbothPairsAsymRW,CBCdriftDiffusionLR,0.5,0.141754038786775,0.0150661300986732,0.0110874160798415,0.0113461503874701,1.12593662486797,3.42475685490935,2.40930952771723,0.5,69.4486053292366
CBC_1006,CBC_1006_MSI_AV_v3_Vset2_Aset2_2023-06-03_13h33.59.045.csv,3,8,0,1,b,1,0,1,aud,A,63,1,0A,1A,1,0,b,2.57427710000047,1,0,1,1,0A,1A,A01,3.13549421592915,0.57574591326607,0.492466934950663,0.494456291960079,0.5,0.492466934950663,0.57574591326607,0.494456291960079,0.5,0.5,0.5,0.505673075193735,0.492466934950663,0.5,0.492466934950663,0.492466934950663,0.511281782823163,0.538980517063819,0.461019482936181,0.57574591326607,0.492466934950663,0.207059751296206,0.655907619702887,0.42425408673393,0.0601397302663295,0.492466934950663,-0.00546018581336226,CBCbothPairsAsymRW,CBCdriftDiffusionLR,0.5,0.141754038786775,0.0150661300986732,0.0110874160798415,0.0113461503874701,1.12593662486797,3.42475685490935,2.40930952771723,0.5,69.4486053292366
CBC_1006,CBC_1006_MSI_AV_v3_Vset2_Aset2_2023-06-03_13h33.59.045.csv,3,9,0,2,z,0,1,0,aud,C,27,1,0C,2C,0,1,b,2.40491420000035,1,0,0,0,0C,2C,C02,3.17805383034795,0.635885643532399,0.487006749137301,0.494456291960079,0.5,0.492466934950663,0.57574591326607,0.494456291960079,0.5,0.5,0.5,0.505673075193735,0.492466934950663,0.5,0.492466934950663,0.492466934950663,0.511281782823163,0.497179463518678,0.502820536481322,0.5,0.505673075193735,0.178353143980795,0.488987065527417,-0.5,-0.0075330650493366,-0.494326924806265,0.00560870762942751,CBCbothPairsAsymRW,CBCdriftDiffusionLR,0.5,0.141754038786775,0.0150661300986732,0.0110874160798415,0.0113461503874701,1.12593662486797,3.42475685490935,2.40930952771723,0.5,69.4486053292366
CBC_1006,CBC_1006_MSI_AV_v3_Vset2_Aset2_2023-06-03_13h33.59.045.csv,3,10,3,2,b,1,0,3,aud,D,63,1,3D,2D,1,0,z,2.24018400000023,0,1,0,0,2D,3D,D32,2.52572864430826,0.635885643532399,0.487006749137301,0.494456291960079,0.5,0.492466934950663,0.57574591326607,0.494456291960079,0.5,0.492466934950663,0.5,0.511281782823163,0.492466934950663,0.5,0.492466934950663,0.492466934950663,0.511281782823163,0.490627710133355,0.509372289866645,0.492466934950663,0.511281782823163,0.193787269656369,0.462055609128872,-0.492466934950663,-0.00741957091126152,-0.488718217176837,0.00554507038918467,CBCbothPairsAsymRW,CBCdriftDiffusionLR,0.5,0.141754038786775,0.0150661300986732,0.0110874160798415,0.0113461503874701,1.12593662486797,3.42475685490935,2.40930952771723,0.5,69.4486053292366
CBC_1006,CBC_1006_MSI_AV_v3_Vset2_Aset2_2023-06-03_13h33.59.045.csv,3,11,0,1,z,0,1,2,aud,B,63,1,0B,1B,0,1,b,1.73058049999781,1,0,0,0,0B,1B,B01,3.25809653802148,0.635885643532399,0.487006749137301,0.494456291960079,0.5,0.492466934950663,0.57574591326607,0.494456291960079,0.5,0.492466934950663,0.5,0.511281782823163,0.492466934950663,0.5,0.492466934950663,0.485047364039402,0.516826853212347,0.461019482936181,0.538980517063819,0.492466934950663,0.57574591326607,0.218187497265518,0.344149584516075,-0.492466934950663,-0.00741957091126152,-0.42425408673393,0.00481365067058196,CBCbothPairsAsymRW,CBCdriftDiffusionLR,0.5,0.141754038786775,0.0150661300986732,0.0110874160798415,0.0113461503874701,1.12593662486797,3.42475685490935,2.40930952771723,0.5,69.4486053292366
CBC_1006,CBC_1006_MSI_AV_v3_Vset2_Aset2_2023-06-03_13h33.59.045.csv,3,12,1,0,z,0,1,1,aud,A,63,1,1A,0A,0,1,b,2.70851550000043,1,0,0,0,1A,0A,A10,2.60268968544438,0.635885643532399,0.487006749137301,0.494456291960079,0.5,0.485047364039402,0.580559563936652,0.494456291960079,0.5,0.492466934950663,0.5,0.511281782823163,0.492466934950663,0.5,0.492466934950663,0.485047364039402,0.516826853212347,0.433707408044178,0.566292591955822,0.487006749137301,0.635885643532399,0.0692597885161503,0.250787584907717,-0.487006749137301,-0.00733730704143448,-0.364114356467601,0.0041312962467183,CBCbothPairsAsymRW,CBCdriftDiffusionLR,0.5,0.141754038786775,0.0150661300986732,0.0110874160798415,0.0113461503874701,1.12593662486797,3.42475685490935,2.40930952771723,0.5,69.4486053292366
CBC_1006,CBC_1006_MSI_AV_v3_Vset2_Aset2_2023-06-03_13h33.59.045.csv,3,13,3,2,b,1,0,3,aud,D,63,1,3D,2D,1,0,z,2.54632749999837,0,1,0,0,2D,3D,D32,2.23359222150709,0.640016939779118,0.479669442095867,0.494456291960079,0.5,0.485047364039402,0.580559563936652,0.494456291960079,0.5,0.492466934950663,0.5,0.511281782823163,0.492466934950663,0.5,0.492466934950663,0.485047364039402,0.516826853212347,0.484139980535621,0.51586001946438,0.485047364039402,0.516826853212347,0.140388676807786,0.433877573694028,-0.485047364039402,-0.00730778669063613,-0.483173146787653,0.00548215518663988,CBCbothPairsAsymRW,CBCdriftDiffusionLR,0.5,0.141754038786775,0.0150661300986732,0.0110874160798415,0.0113461503874701,1.12593662486797,3.42475685490935,2.40930952771723,0.5,69.4486053292366
CBC_1006,CBC_1006_MSI_AV_v3_Vset2_Aset2_2023-06-03_13h33.59.045.csv,3,14,0,2,z,0,1,0,aud,C,27,1,0C,2C,0,1,b,2.43276390000028,1,0,0,0,0C,2C,C02,2.67414864942653,0.640016939779118,0.479669442095867,0.494456291960079,0.5,0.485047364039402,0.580559563936652,0.494456291960079,0.5,0.492466934950663,0.5,0.511281782823163,0.492466934950663,0.5,0.492466934950663,0.477739577348766,0.522309008398987,0.490627710133355,0.509372289866645,0.492466934950663,0.511281782823163,0.164290669092797,0.461059023861958,-0.492466934950663,-0.00741957091126152,-0.488718217176837,0.00554507038918467,CBCbothPairsAsymRW,CBCdriftDiffusionLR,0.5,0.141754038786775,0.0150661300986732,0.0110874160798415,0.0113461503874701,1.12593662486797,3.42475685490935,2.40930952771723,0.5,69.4486053292366
CBC_1006,CBC_1006_MSI_AV_v3_Vset2_Aset2_2023-06-03_13h33.59.045.csv,3,15,1,0,z,0,1,1,aud,A,63,1,1A,0A,0,1,b,3.07588329999999,1,0,0,0,1A,0A,A10,2.30258509299405,0.640016939779118,0.479669442095867,0.494456291960079,0.5,0.485047364039402,0.580559563936652,0.494456291960079,0.5,0.485047364039402,0.5,0.516826853212347,0.492466934950663,0.5,0.492466934950663,0.477739577348766,0.522309008398987,0.428396245467084,0.571603754532916,0.479669442095867,0.640016939779118,0.0451439366127867,0.23457737608947,-0.479669442095867,-0.00722676221897431,-0.359983060220882,0.00408442193820784,CBCbothPairsAsymRW,CBCdriftDiffusionLR,0.5,0.141754038786775,0.0150661300986732,0.0110874160798415,0.0113461503874701,1.12593662486797,3.42475685490935,2.40930952771723,0.5,69.4486053292366
CBC_1006,CBC_1006_MSI_AV_v3_Vset2_Aset2_2023-06-03_13h33.59.045.csv,3,16,3,1,z,0,1,2,aud,B,27,1,3B,1B,0,1,b,2.63252469999861,1,0,0,0,3B,1B,B31,3.43398720448515,0.644101361717325,0.472442679876892,0.494456291960079,0.5,0.485047364039402,0.580559563936652,0.494456291960079,0.5,0.485047364039402,0.5,0.516826853212347,0.492466934950663,0.5,0.492466934950663,0.477739577348766,0.522309008398987,0.46272321923506,0.53727678076494,0.5,0.580559563936652,0.105195317800894,0.350745732989256,-0.5,-0.0075330650493366,-0.419440436063348,0.00475903426616079,CBCbothPairsAsymRW,CBCdriftDiffusionLR,0.5,0.141754038786775,0.0150661300986732,0.0110874160798415,0.0113461503874701,1.12593662486797,3.42475685490935,2.40930952771723,0.5,69.4486053292366
CBC_1006,CBC_1006_MSI_AV_v3_Vset2_Aset2_2023-06-03_13h33.59.045.csv,3,17,2,3,b,1,0,0,aud,C,63,1,2C,3C,1,0,z,2.56087359999947,0,1,0,0,3C,2C,C23,3.46573590279973,0.644101361717325,0.472442679876892,0.494456291960079,0.5,0.485047364039402,0.585318598202812,0.494456291960079,0.492466934950663,0.485047364039402,0.5,0.516826853212347,0.492466934950663,0.5,0.492466934950663,0.477739577348766,0.522309008398987,0.487932196478678,0.512067803521322,0.492466934950663,0.516826853212347,0.143859125230268,0.450178542710355,-0.492466934950663,-0.00741957091126152,-0.483173146787653,0.00548215518663988,CBCbothPairsAsymRW,CBCdriftDiffusionLR,0.5,0.141754038786775,0.0150661300986732,0.0110874160798415,0.0113461503874701,1.12593662486797,3.42475685490935,2.40930952771723,0.5,69.4486053292366
CBC_1006,CBC_1006_MSI_AV_v3_Vset2_Aset2_2023-06-03_13h33.59.045.csv,3,18,3,2,b,1,0,3,aud,D,63,0,3D,2D,0,1,z,3.05978119999963,0,1,0,1,2D,3D,D32,2.11021320034659,0.644101361717325,0.472442679876892,0.494456291960079,0.5,0.485047364039402,0.585318598202812,0.494456291960079,0.492466934950663,0.485047364039402,0.5,0.522309008398987,0.485047364039402,0.5,0.492466934950663,0.477739577348766,0.522309008398987,0.477716367141854,0.522283632858146,0.477739577348766,0.522309008398987,0.0851790456233642,0.409619277262673,0.522260422651234,0.0740325242093008,0.522309008398987,-0.00579105729836902,CBCbothPairsAsymRW,CBCdriftDiffusionLR,0.5,0.141754038786775,0.0150661300986732,0.0110874160798415,0.0113461503874701,1.12593662486797,3.42475685490935,2.40930952771723,0.5,69.4486053292366
CBC_1006,CBC_1006_MSI_AV_v3_Vset2_Aset2_2023-06-03_13h33.59.045.csv,3,19,0,1,z,0,1,2,aud,B,63,1,0B,1B,0,1,b,1.71929060000002,1,0,0,0,0B,1B,B01,2.83321334405622,0.644101361717325,0.472442679876892,0.494456291960079,0.5,0.485047364039402,0.585318598202812,0.494456291960079,0.492466934950663,0.485047364039402,0.5,0.522309008398987,0.485047364039402,0.5,0.492466934950663,0.551772101558067,0.516517951100618,0.45316030325116,0.54683969674884,0.485047364039402,0.585318598202812,0.203733480126885,0.315434417403958,-0.485047364039402,-0.00730778669063613,-0.414681401797188,0.00470503754767781,CBCbothPairsAsymRW,CBCdriftDiffusionLR,0.5,0.141754038786775,0.0150661300986732,0.0110874160798415,0.0113461503874701,1.12593662486797,3.42475685490935,2.40930952771723,0.5,69.4486053292366
CBC_1006,CBC_1006_MSI_AV_v3_Vset2_Aset2_2023-06-03_13h33.59.045.csv,3,20,0,2,b,1,0,1,aud,A,27,1,0A,2A,1,0,z,2.17530839999927,0,1,0,0,2A,0A,A02,3.55534806148941,0.644101361717325,0.472442679876892,0.494456291960079,0.5,0.477739577348766,0.59002363575049,0.494456291960079,0.492466934950663,0.485047364039402,0.5,0.522309008398987,0.485047364039402,0.5,0.492466934950663,0.551772101558067,0.516517951100618,0.434283051335209,0.565716948664791,0.494456291960079,0.644101361717325,0.115822701464566,0.253009680482957,-0.494456291960079,-0.00744954282277809,-0.355898638282675,0.00403807947265105,CBCbothPairsAsymRW,CBCdriftDiffusionLR,0.5,0.141754038786775,0.0150661300986732,0.0110874160798415,0.0113461503874701,1.12593662486797,3.42475685490935,2.40930952771723,0.5,69.4486053292366
CBC_1006,CBC_1006_MSI_AV_v3_Vset2_Aset2_2023-06-03_13h33.59.045.csv,3,21,3,0,b,1,0,3,aud,D,9,1,3D,0D,1,0,b,2.54010559999915,1,0,1,1,3D,0D,D30,3.58351893845611,0.648139441189976,0.472442679876892,0.487006749137301,0.5,0.477739577348766,0.59002363575049,0.494456291960079,0.492466934950663,0.485047364039402,0.5,0.522309008398987,0.485047364039402,0.5,0.492466934950663,0.551772101558067,0.516517951100618,0.508124770980549,0.491875229019451,0.516517951100618,0.5,0.173771915676355,0.534276540612076,0.483482048899382,0.0685355331123926,0.5,-0.00554370803992077,CBCbothPairsAsymRW,CBCdriftDiffusionLR,0.5,0.141754038786775,0.0150661300986732,0.0110874160798415,0.0113461503874701,1.12593662486797,3.42475685490935,2.40930952771723,0.5,69.4486053292366
CBC_1006,CBC_1006_MSI_AV_v3_Vset2_Aset2_2023-06-03_13h33.59.045.csv,3,22,3,2,z,0,1,0,aud,C,63,1,3C,2C,0,1,z,2.63879329999872,0,1,1,1,2C,3C,C32,2.91777073208428,0.648139441189976,0.472442679876892,0.487006749137301,0.5,0.477739577348766,0.59002363575049,0.494456291960079,0.492466934950663,0.485047364039402,0.5,0.522309008398987,0.485047364039402,0.494456291960079,0.492466934950663,0.551772101558067,0.585053484213011,0.518494767779843,0.481505232220157,0.522309008398987,0.485047364039402,0.171822993770142,0.5747976919775,0.477690991601013,0.0677146273515032,0.485047364039402,-0.00537792194353522,CBCbothPairsAsymRW,CBCdriftDiffusionLR,0.5,0.141754038786775,0.0150661300986732,0.0110874160798415,0.0113461503874701,1.12593662486797,3.42475685490935,2.40930952771723,0.5,69.4486053292366
CBC_1006,CBC_1006_MSI_AV_v3_Vset2_Aset2_2023-06-03_13h33.59.045.csv,3,23,1,3,b,1,0,2,aud,B,27,1,1B,3B,1,0,b,1.68570550000004,1,0,1,1,1B,3B,B13,3.63758615972639,0.648139441189976,0.472442679876892,0.487006749137301,0.5,0.477739577348766,0.59002363575049,0.494456291960079,0.492466934950663,0.485047364039402,0.5,0.59002363575049,0.479669442095867,0.494456291960079,0.492466934950663,0.551772101558067,0.585053484213011,0.545061224291606,0.454938775708394,0.59002363575049,0.492466934950663,0.442969907905118,0.677447559868913,0.40997636424951,0.0581158054394862,0.492466934950663,-0.00546018581336226,CBCbothPairsAsymRW,CBCdriftDiffusionLR,0.5,0.141754038786775,0.0150661300986732,0.0110874160798415,0.0113461503874701,1.12593662486797,3.42475685490935,2.40930952771723,0.5,69.4486053292366
CBC_1006,CBC_1006_MSI_AV_v3_Vset2_Aset2_2023-06-03_13h33.59.045.csv,3,24,2,3,b,1,0,0,aud,C,63,1,2C,3C,1,0,b,3.92732109999815,1,0,1,1,2C,3C,C23,2.9704144655697,0.648139441189976,0.472442679876892,0.487006749137301,0.5,0.477739577348766,0.648139441189976,0.494456291960079,0.487006749137301,0.485047364039402,0.5,0.59002363575049,0.479669442095867,0.494456291960079,0.492466934950663,0.551772101558067,0.585053484213011,0.551582176205535,0.448417823794465,0.59002363575049,0.479669442095867,0.0642642839562652,0.700743354190225,0.40997636424951,0.0581158054394861,0.479669442095867,-0.00531829468530233,CBCbothPairsAsymRW,CBCdriftDiffusionLR,0.5,0.141754038786775,0.0150661300986732,0.0110874160798415,0.0113461503874701,1.12593662486797,3.42475685490935,2.40930952771723,0.5,69.4486053292366
CBC_1006,CBC_1006_MSI_AV_v3_Vset2_Aset2_2023-06-03_13h33.59.045.csv,3,25,3,2,b,1,0,3,aud,D,63,1,3D,2D,1,0,b,3.0595272999999,1,0,1,1,3D,2D,D32,2.07944154167984,0.648139441189976,0.472442679876892,0.487006749137301,0.5,0.477739577348766,0.648139441189976,0.494456291960079,0.487006749137301,0.485047364039402,0.5,0.648139441189976,0.474351147410564,0.494456291960079,0.492466934950663,0.551772101558067,0.585053484213011,0.514637857852386,0.485362142147614,0.585053484213011,0.551772101558067,0.116714429101196,0.559317913371647,0.414946515786989,0.0588203444933062,0.551772101558067,-0.00611772687122287,CBCbothPairsAsymRW,CBCdriftDiffusionLR,0.5,0.141754038786775,0.0150661300986732,0.0110874160798415,0.0113461503874701,1.12593662486797,3.42475685490935,2.40930952771723,0.5,69.4486053292366
CBC_1006,CBC_1006_MSI_AV_v3_Vset2_Aset2_2023-06-03_13h33.59.045.csv,3,26,0,1,z,0,1,2,aud,B,63,1,0B,1B,0,1,z,2.10143620000053,0,1,1,1,1B,0B,B01,2.6149597780362,0.648139441189976,0.472442679876892,0.487006749137301,0.5,0.477739577348766,0.648139441189976,0.494456291960079,0.487006749137301,0.485047364039402,0.5,0.648139441189976,0.474351147410564,0.494456291960079,0.492466934950663,0.545654374686844,0.643873828706317,0.575674144839456,0.424325855160544,0.648139441189976,0.477739577348766,0.385149266078005,0.77692201433339,0.351860558810024,0.0498776553010926,0.477739577348766,-0.00529689747187341,CBCbothPairsAsymRW,CBCdriftDiffusionLR,0.5,0.141754038786775,0.0150661300986732,0.0110874160798415,0.0113461503874701,1.12593662486797,3.42475685490935,2.40930952771723,0.5,69.4486053292366
CBC_1006,CBC_1006_MSI_AV_v3_Vset2_Aset2_2023-06-03_13h33.59.045.csv,3,27,3,0,z,0,1,1,aud,A,9,1,3A,0A,0,1,z,2.49631659999795,0,1,1,1,0A,3A,A30,3.73766961828337,0.648139441189976,0.472442679876892,0.487006749137301,0.5,0.472442679876892,0.698017096491069,0.494456291960079,0.487006749137301,0.485047364039402,0.5,0.648139441189976,0.474351147410564,0.494456291960079,0.492466934950663,0.545654374686844,0.643873828706317,0.564512826524119,0.435487173475881,0.648139441189976,0.5,0.251860459522487,0.744967039861973,0.351860558810024,0.0498776553010926,0.5,-0.00554370803992077,CBCbothPairsAsymRW,CBCdriftDiffusionLR,0.5,0.141754038786775,0.0150661300986732,0.0110874160798415,0.0113461503874701,1.12593662486797,3.42475685490935,2.40930952771723,0.5,69.4486053292366
CBC_1006,CBC_1006_MSI_AV_v3_Vset2_Aset2_2023-06-03_13h33.59.045.csv,3,28,3,2,b,1,0,3,aud,D,63,1,3D,2D,1,0,b,2.9578309999979,1,0,1,1,3D,2D,D32,1.96944064646551,0.698017096491069,0.472442679876892,0.487006749137301,0.494456291960079,0.472442679876892,0.698017096491069,0.494456291960079,0.487006749137301,0.485047364039402,0.5,0.648139441189976,0.474351147410564,0.494456291960079,0.492466934950663,0.545654374686844,0.643873828706317,0.541285046348334,0.458714953651666,0.643873828706317,0.545654374686844,0.148842814180152,0.663274793057887,0.356126171293683,0.0504823230985506,0.545654374686844,-0.00604989708793879,CBCbothPairsAsymRW,CBCdriftDiffusionLR,0.5,0.141754038786775,0.0150661300986732,0.0110874160798415,0.0113461503874701,1.12593662486797,3.42475685490935,2.40930952771723,0.5,69.4486053292366
CBC_1006,CBC_1006_MSI_AV_v3_Vset2_Aset2_2023-06-03_13h33.59.045.csv,3,29,0,2,z,0,1,0,aud,C,27,1,0C,2C,0,1,z,2.48705889999837,0,1,1,1,2C,0C,C02,2.68557734525015,0.698017096491069,0.472442679876892,0.487006749137301,0.494456291960079,0.472442679876892,0.698017096491069,0.494456291960079,0.487006749137301,0.485047364039402,0.5,0.648139441189976,0.474351147410564,0.494456291960079,0.492466934950663,0.539604477598905,0.694356151804868,0.571961690869477,0.428038309130523,0.648139441189976,0.485047364039402,0.261265864434627,0.766882588833076,0.351860558810024,0.0498776553010925,0.485047364039402,-0.00537792194353522,CBCbothPairsAsymRW,CBCdriftDiffusionLR,0.5,0.141754038786775,0.0150661300986732,0.0110874160798415,0.0113461503874701,1.12593662486797,3.42475685490935,2.40930952771723,0.5,69.4486053292366
CBC_1006,CBC_1006_MSI_AV_v3_Vset2_Aset2_2023-06-03_13h33.59.045.csv,3,30,0,1,b,1,0,1,aud,A,63,1,0A,1A,1,0,b,2.34811009999976,1,0,1,1,0A,1A,A01,3.11351530921037,0.698017096491069,0.472442679876892,0.487006749137301,0.494456291960079,0.472442679876892,0.698017096491069,0.494456291960079,0.487006749137301,0.479669442095867,0.5,0.698017096491069,0.474351147410564,0.494456291960079,0.492466934950663,0.539604477598905,0.694356151804868,0.596361456057103,0.403638543942897,0.698017096491069,0.472442679876892,0.324638104427819,0.830436261060929,0.301982903508931,0.0428072962169481,0.472442679876892,-0.00523816856567048,CBCbothPairsAsymRW,CBCdriftDiffusionLR,0.5,0.141754038786775,0.0150661300986732,0.0110874160798415,0.0113461503874701,1.12593662486797,3.42475685490935,2.40930952771723,0.5,69.4486053292366
CBC_1006,CBC_1006_MSI_AV_v3_Vset2_Aset2_2023-06-03_13h33.59.045.csv,3,31,0,1,z,0,1,2,aud,B,63,1,0B,1B,0,1,z,1.49740279999969,0,1,1,1,1B,0B,B01,2.4423470353692,0.740824392708017,0.467204511311222,0.487006749137301,0.494456291960079,0.472442679876892,0.698017096491069,0.494456291960079,0.487006749137301,0.479669442095867,0.5,0.698017096491069,0.474351147410564,0.494456291960079,0.492466934950663,0.539604477598905,0.694356151804868,0.596361456057103,0.403638543942897,0.698017096491069,0.472442679876892,0.61455843789611,0.830499712735394,0.301982903508931,0.0428072962169481,0.472442679876892,-0.00523816856567048,CBCbothPairsAsymRW,CBCdriftDiffusionLR,0.5,0.141754038786775,0.0150661300986732,0.0110874160798415,0.0113461503874701,1.12593662486797,3.42475685490935,2.40930952771723,0.5,69.4486053292366
CBC_1006,CBC_1006_MSI_AV_v3_Vset2_Aset2_2023-06-03_13h33.59.045.csv,3,32,1,3,z,0,1,3,aud,D,27,1,1D,3D,0,1,z,2.191595100001,0,1,1,1,3D,1D,D13,3.85014760171006,0.740824392708017,0.467204511311222,0.487006749137301,0.494456291960079,0.467204511311222,0.740824392708017,0.494456291960079,0.487006749137301,0.479669442095867,0.5,0.698017096491069,0.474351147410564,0.494456291960079,0.492466934950663,0.539604477598905,0.694356151804868,0.585054469830932,0.414945530169068,0.694356151804868,0.492466934950663,0.367362320875613,0.802536559155211,0.305643848195132,0.0433262499119921,0.492466934950663,-0.00546018581336226,CBCbothPairsAsymRW,CBCdriftDiffusionLR,0.5,0.141754038786775,0.0150661300986732,0.0110874160798415,0.0113461503874701,1.12593662486797,3.42475685490935,2.40930952771723,0.5,69.4486053292366
CBC_1006,CBC_1006_MSI_AV_v3_Vset2_Aset2_2023-06-03_13h33.59.045.csv,3,33,2,3,b,1,0,0,aud,C,63,1,2C,3C,1,0,b,2.76085409999905,1,0,1,1,2C,3C,C23,2.77258872223978,0.740824392708017,0.467204511311222,0.487006749137301,0.494456291960079,0.467204511311222,0.740824392708017,0.494456291960079,0.487006749137301,0.479669442095867,0.5,0.698017096491069,0.474351147410564,0.494456291960079,0.487006749137301,0.539604477598905,0.73768240171686,0.595390654874848,0.404609345125152,0.698017096491069,0.474351147410564,0.20888822097989,0.827904960631155,0.301982903508931,0.0428072962169481,0.474351147410564,-0.00525932853929118,CBCbothPairsAsymRW,CBCdriftDiffusionLR,0.5,0.141754038786775,0.0150661300986732,0.0110874160798415,0.0113461503874701,1.12593662486797,3.42475685490935,2.40930952771723,0.5,69.4486053292366
CBC_1006,CBC_1006_MSI_AV_v3_Vset2_Aset2_2023-06-03_13h33.59.045.csv,3,34,0,1,z,0,1,2,aud,B,63,1,0B,1B,0,1,b,2.58953110000039,1,0,0,0,0B,1B,B01,2.28238238567653,0.740824392708017,0.467204511311222,0.487006749137301,0.494456291960079,0.467204511311222,0.740824392708017,0.494456291960079,0.487006749137301,0.479669442095867,0.5,0.740824392708017,0.469091818871273,0.494456291960079,0.487006749137301,0.539604477598905,0.73768240171686,0.386749447597473,0.613250552402527,0.467204511311222,0.740824392708017,0.0395821530231074,0.134115711541192,-0.467204511311222,-0.0070389639501019,-0.259175607291983,0.00294064541709874,CBCbothPairsAsymRW,CBCdriftDiffusionLR,0.5,0.141754038786775,0.0150661300986732,0.0110874160798415,0.0113461503874701,1.12593662486797,3.42475685490935,2.40930952771723,0.5,69.4486053292366
CBC_1006,CBC_1006_MSI_AV_v3_Vset2_Aset2_2023-06-03_13h33.59.045.csv,3,35,1,0,z,0,1,1,aud,A,63,1,1A,0A,0,1,z,2.3438290999984,0,1,1,1,0A,1A,A10,2.52572864430826,0.740824392708017,0.467204511311222,0.487006749137301,0.494456291960079,0.46016554736112,0.743765038125116,0.494456291960079,0.487006749137301,0.479669442095867,0.5,0.740824392708017,0.469091818871273,0.494456291960079,0.487006749137301,0.539604477598905,0.73768240171686,0.613250552402527,0.386749447597473,0.740824392708017,0.467204511311222,0.338859737113425,0.866185114980685,0.259175607291983,0.0367391890886538,0.467204511311222,-0.00518009081128655,CBCbothPairsAsymRW,CBCdriftDiffusionLR,0.5,0.141754038786775,0.0150661300986732,0.0110874160798415,0.0113461503874701,1.12593662486797,3.42475685490935,2.40930952771723,0.5,69.4486053292366
CBC_1006,CBC_1006_MSI_AV_v3_Vset2_Aset2_2023-06-03_13h33.59.045.csv,3,36,2,1,b,1,0,0,aud,C,9,1,2C,1C,1,0,b,2.34788759999901,1,0,1,1,2C,1C,C21,3.93182563272433,0.777563581796671,0.462024420499935,0.487006749137301,0.494456291960079,0.46016554736112,0.743765038125116,0.494456291960079,0.487006749137301,0.479669442095867,0.5,0.740824392708017,0.469091818871273,0.494456291960079,0.487006749137301,0.539604477598905,0.73768240171686,0.597042093193556,0.402957906806444,0.740824392708017,0.5,0.325501360288826,0.832503179292687,0.259175607291983,0.0367391890886538,0.5,-0.00554370803992077,CBCbothPairsAsymRW,CBCdriftDiffusionLR,0.5,0.141754038786775,0.0150661300986732,0.0110874160798415,0.0113461503874701,1.12593662486797,3.42475685490935,2.40930952771723,0.5,69.4486053292366
CBC_1006,CBC_1006_MSI_AV_v3_Vset2_Aset2_2023-06-03_13h33.59.045.csv,3,37,0,1,b,1,0,1,aud,A,63,1,0A,1A,1,0,b,2.58464699999968,1,0,1,1,0A,1A,A01,2.85263142991332,0.777563581796671,0.462024420499935,0.487006749137301,0.494456291960079,0.46016554736112,0.743765038125116,0.494456291960079,0.487006749137301,0.479669442095867,0.494456291960079,0.777563581796671,0.469091818871273,0.494456291960079,0.487006749137301,0.539604477598905,0.73768240171686,0.627275820963147,0.372724179036853,0.777563581796671,0.462024420499935,0.257077848820705,0.891185421489855,0.222436418203329,0.0315312606535861,0.462024420499935,-0.00512265698913045,CBCbothPairsAsymRW,CBCdriftDiffusionLR,0.5,0.141754038786775,0.0150661300986732,0.0110874160798415,0.0113461503874701,1.12593662486797,3.42475685490935,2.40930952771723,0.5,69.4486053292366
CBC_1006,CBC_1006_MSI_AV_v3_Vset2_Aset2_2023-06-03_13h33.59.045.csv,3,38,1,3,z,0,1,3,aud,D,27,1,1D,3D,0,1,z,2.01898309999888,0,1,1,1,3D,1D,D13,3.27714473299218,0.809094842450257,0.456901763510805,0.487006749137301,0.494456291960079,0.46016554736112,0.743765038125116,0.494456291960079,0.487006749137301,0.479669442095867,0.494456291960079,0.777563581796671,0.469091818871273,0.494456291960079,0.487006749137301,0.539604477598905,0.73768240171686,0.602342562765713,0.397657437234287,0.73768240171686,0.487006749137301,0.470013359626027,0.844111271426309,0.26231759828314,0.037184579001482,0.487006749137301,-0.00539964646137627,CBCbothPairsAsymRW,CBCdriftDiffusionLR,0.5,0.141754038786775,0.0150661300986732,0.0110874160798415,0.0113461503874701,1.12593662486797,3.42475685490935,2.40930952771723,0.5,69.4486053292366
CBC_1006,CBC_1006_MSI_AV_v3_Vset2_Aset2_2023-06-03_13h33.59.045.csv,3,39,1,0,b,1,0,2,aud,B,63,1,1B,0B,1,0,b,2.04436519999945,1,0,1,1,1B,0B,B10,3.29583686600433,0.809094842450257,0.456901763510805,0.487006749137301,0.494456291960079,0.46016554736112,0.743765038125116,0.494456291960079,0.487006749137301,0.479669442095867,0.494456291960079,0.777563581796671,0.469091818871273,0.494456291960079,0.481607102675925,0.539604477598905,0.774866980718342,0.61778066534021,0.38221933465979,0.743765038125116,0.46016554736112,0.483094436855922,0.874783125964123,0.256234961874884,0.0363223407241403,0.46016554736112,-0.00510204688920076,CBCbothPairsAsymRW,CBCdriftDiffusionLR,0.5,0.141754038786775,0.0150661300986732,0.0110874160798415,0.0113461503874701,1.12593662486797,3.42475685490935,2.40930952771723,0.5,69.4486053292366
CBC_1006,CBC_1006_MSI_AV_v3_Vset2_Aset2_2023-06-03_13h33.59.045.csv,3,40,3,2,z,0,1,0,aud,C,63,0,3C,2C,NaN,NaN,[],NaN,NaN,NaN,NaN,NaN,,,C32,2.90872089656436,0.809094842450257,0.456901763510805,0.487006749137301,0.494456291960079,0.455063500471919,0.780087378849256,0.494456291960079,0.487006749137301,0.479669442095867,0.494456291960079,0.777563581796671,0.469091818871273,0.494456291960079,0.481607102675925,0.539604477598905,0.774866980718342,0,0,0,0,NaN,0,0,0,0,0,CBCbothPairsAsymRW,CBCdriftDiffusionLR,0.5,0.141754038786775,0.0150661300986732,0.0110874160798415,0.0113461503874701,1.12593662486797,3.42475685490935,2.40930952771723,0.5,69.4486053292366
CBC_1006,CBC_1006_MSI_AV_v3_Vset2_Aset2_2023-06-03_13h33.59.045.csv,3,41,0,2,b,1,0,1,aud,A,27,1,0A,2A,1,0,b,1.24754770000072,1,0,1,1,0A,2A,A02,3.3322045101752,0.809094842450257,0.456901763510805,0.487006749137301,0.494456291960079,0.455063500471919,0.780087378849256,0.494456291960079,0.487006749137301,0.479669442095867,0.494456291960079,0.777563581796671,0.469091818871273,0.494456291960079,0.481607102675925,0.539604477598905,0.774866980718342,0.6242526416924,0.3757473583076,0.809094842450257,0.487006749137301,0.0774178201081368,0.885808583613163,0.190905157549743,0.0270615771079018,0.487006749137301,-0.00539964646137627,CBCbothPairsAsymRW,CBCdriftDiffusionLR,0.5,0.141754038786775,0.0150661300986732,0.0110874160798415,0.0113461503874701,1.12593662486797,3.42475685490935,2.40930952771723,0.5,69.4486053292366
CBC_1006,CBC_1006_MSI_AV_v3_Vset2_Aset2_2023-06-03_13h33.59.045.csv,3,42,2,3,z,0,1,3,aud,D,63,1,2D,3D,0,1,z,1.6744278999995,0,1,1,1,3D,2D,D23,4.04305126783455,0.836156419558159,0.456901763510805,0.481607102675925,0.494456291960079,0.455063500471919,0.780087378849256,0.494456291960079,0.487006749137301,0.479669442095867,0.494456291960079,0.777563581796671,0.469091818871273,0.494456291960079,0.481607102675925,0.539604477598905,0.774866980718342,0.589489391964666,0.410510608035334,0.774866980718342,0.539604477598905,0.595364029928915,0.814465160000791,0.225133019281658,0.031913514747436,0.539604477598905,-0.00598281936168459,CBCbothPairsAsymRW,CBCdriftDiffusionLR,0.5,0.141754038786775,0.0150661300986732,0.0110874160798415,0.0113461503874701,1.12593662486797,3.42475685490935,2.40930952771723,0.5,69.4486053292366
CBC_1006,CBC_1006_MSI_AV_v3_Vset2_Aset2_2023-06-03_13h33.59.045.csv,3,43,1,3,b,1,0,2,aud,B,27,1,1B,3B,1,0,b,1.88403219999964,1,0,1,1,1B,3B,B13,3.36729582998647,0.836156419558159,0.456901763510805,0.481607102675925,0.494456291960079,0.455063500471919,0.780087378849256,0.494456291960079,0.487006749137301,0.479669442095867,0.494456291960079,0.777563581796671,0.469091818871273,0.494456291960079,0.481607102675925,0.53362165823722,0.806780495465778,0.61565069367722,0.38434930632278,0.780087378849256,0.487006749137301,0.571347454575128,0.870721947126346,0.219912621150744,0.031173502228304,0.487006749137301,-0.00539964646137627,CBCbothPairsAsymRW,CBCdriftDiffusionLR,0.5,0.141754038786775,0.0150661300986732,0.0110874160798415,0.0113461503874701,1.12593662486797,3.42475685490935,2.40930952771723,0.5,69.4486053292366
CBC_1006,CBC_1006_MSI_AV_v3_Vset2_Aset2_2023-06-03_13h33.59.045.csv,3,44,3,2,z,0,1,0,aud,C,63,1,3C,2C,0,1,z,2.46593779999967,0,1,1,1,2C,3C,C32,2.69124308278583,0.836156419558159,0.456901763510805,0.481607102675925,0.494456291960079,0.455063500471919,0.81126088107756,0.494456291960079,0.481607102675925,0.479669442095867,0.494456291960079,0.777563581796671,0.469091818871273,0.494456291960079,0.481607102675925,0.53362165823722,0.806780495465778,0.623719739536732,0.376280260463268,0.777563581796671,0.469091818871273,0.297091876256819,0.885223916236386,0.222436418203329,0.0315312606535861,0.469091818871273,-0.00520101617547547,CBCbothPairsAsymRW,CBCdriftDiffusionLR,0.5,0.141754038786775,0.0150661300986732,0.0110874160798415,0.0113461503874701,1.12593662486797,3.42475685490935,2.40930952771723,0.5,69.4486053292366
CBC_1006,CBC_1006_MSI_TV_v3_Vset5_Tset1_2023-06-03_13h42.16.778.csv,4,1,3,1,z,0,1,2,tac,B,27,1,3B,1B,0,1,b,1.4975114000008,1,0,0,0,3B,1B,B31,2.77258872223978,0.5,0.5,0.5,0.5,0.5,0.5,0.5,0.5,0.5,0.5,0.5,0.5,0.5,0.5,0.5,0.5,0.5,0.5,0.5,0.5,0.0456931645409083,0.500243259594406,-0.5,-0.00759297837079592,-0.5,0.362327215903319,CBCbothPairsAsymRW,CBCdriftDiffusionLR,0.5,0.00457138202002227,0.0151859567415918,0.805506792457463,0.724654431806639,1.37476100931257,0.216735387237145,2.31560198676839,0.5,73.3910137321427
CBC_1006,CBC_1006_MSI_TV_v3_Vset5_Tset1_2023-06-03_13h42.16.778.csv,4,2,2,3,b,1,0,0,tac,C,63,1,2C,3C,1,0,b,3.30253360000097,1,0,1,1,2C,3C,C23,2.83321334405622,0.5,0.5,0.5,0.5,0.5,0.86232721590332,0.5,0.492407021629204,0.5,0.5,0.5,0.5,0.5,0.5,0.5,0.5,0.5,0.5,0.5,0.5,0.0993859173781248,0.500023442284206,0.5,0.00228569101001114,0.5,-0.402753396228732,CBCbothPairsAsymRW,CBCdriftDiffusionLR,0.5,0.00457138202002227,0.0151859567415918,0.805506792457463,0.724654431806639,1.37476100931257,0.216735387237145,2.31560198676839,0.5,73.3910137321427
CBC_1006,CBC_1006_MSI_TV_v3_Vset5_Tset1_2023-06-03_13h42.16.778.csv,4,3,2,3,z,0,1,3,tac,D,63,1,2D,3D,0,1,z,1.85533820000092,0,1,1,1,3D,2D,D23,2.89037175789616,0.5,0.5,0.5,0.5,0.5,0.86232721590332,0.5,0.492407021629204,0.5,0.5,0.502285691010011,0.0972466037712685,0.5,0.5,0.5,0.5,0.5,0.5,0.5,0.5,0.343575638449168,0.499820048437374,0.5,0.00228569101001114,0.5,-0.402753396228732,CBCbothPairsAsymRW,CBCdriftDiffusionLR,0.5,0.00457138202002227,0.0151859567415918,0.805506792457463,0.724654431806639,1.37476100931257,0.216735387237145,2.31560198676839,0.5,73.3910137321427
CBC_1006,CBC_1006_MSI_TV_v3_Vset5_Tset1_2023-06-03_13h42.16.778.csv,4,4,1,0,b,1,0,2,tac,B,63,1,1B,0B,1,0,b,2.96817100000226,1,0,1,1,1B,0B,B10,2.94443897916644,0.5,0.5,0.5,0.5,0.5,0.86232721590332,0.5,0.492407021629204,0.5,0.5,0.502285691010011,0.0972466037712685,0.5,0.5,0.0972466037712685,0.502285691010011,0.63298097977991,0.36701902022009,0.86232721590332,0.5,0.143810074696711,0.532098494569711,0.13767278409668,0.000629354889865974,0.5,-0.402753396228732,CBCbothPairsAsymRW,CBCdriftDiffusionLR,0.5,0.00457138202002227,0.0151859567415918,0.805506792457463,0.724654431806639,1.37476100931257,0.216735387237145,2.31560198676839,0.5,73.3910137321427
CBC_1006,CBC_1006_MSI_TV_v3_Vset5_Tset1_2023-06-03_13h42.16.778.csv,4,5,3,0,z,0,1,1,tac,A,9,1,3A,0A,0,1,z,3.07550840000113,0,1,1,1,0A,3A,A30,2.99573227355399,0.5,0.5,0.5,0.5,0.0972466037712685,0.862956570793185,0.5,0.492407021629204,0.5,0.5,0.502285691010011,0.0972466037712685,0.5,0.5,0.0972466037712685,0.502285691010011,0.5,0.5,0.5,0.5,0.122739260275945,0.501086647356239,0.5,0.00228569101001114,0.5,-0.402753396228732,CBCbothPairsAsymRW,CBCdriftDiffusionLR,0.5,0.00457138202002227,0.0151859567415918,0.805506792457463,0.724654431806639,1.37476100931257,0.216735387237145,2.31560198676839,0.5,73.3910137321427
CBC_1006,CBC_1006_MSI_TV_v3_Vset5_Tset1_2023-06-03_13h42.16.778.csv,4,6,2,3,z,0,1,3,tac,D,63,1,2D,3D,0,1,b,3.02280150000115,1,0,0,0,2D,3D,D23,2.35137525716348,0.502285691010011,0.5,0.5,0.0972466037712685,0.0972466037712685,0.862956570793185,0.5,0.492407021629204,0.5,0.5,0.502285691010011,0.0972466037712685,0.5,0.5,0.0972466037712685,0.502285691010011,0.162204112468613,0.837795887531387,0.0972466037712685,0.502285691010011,0.106584678349592,0.415934286523974,-0.0972466037712685,-0.00147678271813721,-0.497714308989989,0.360670879783174,CBCbothPairsAsymRW,CBCdriftDiffusionLR,0.5,0.00457138202002227,0.0151859567415918,0.805506792457463,0.724654431806639,1.37476100931257,0.216735387237145,2.31560198676839,0.5,73.3910137321427
CBC_1006,CBC_1006_MSI_TV_v3_Vset5_Tset1_2023-06-03_13h42.16.778.csv,4,7,2,0,b,1,0,0,tac,C,27,1,2C,0C,1,0,b,2.74667440000121,1,0,1,1,2C,0C,C20,3.09104245335832,0.502285691010011,0.5,0.5,0.0972466037712685,0.0972466037712685,0.862956570793185,0.5,0.492407021629204,0.5,0.5,0.502285691010011,0.0972466037712685,0.5,0.5,0.0957698210531313,0.862956570793185,0.501140239270356,0.498859760729644,0.502285691010011,0.5,0.165762037617027,0.500069427132108,0.497714308989989,0.00227524224322465,0.5,-0.402753396228732,CBCbothPairsAsymRW,CBCdriftDiffusionLR,0.5,0.00457138202002227,0.0151859567415918,0.805506792457463,0.724654431806639,1.37476100931257,0.216735387237145,2.31560198676839,0.5,73.3910137321427
CBC_1006,CBC_1006_MSI_TV_v3_Vset5_Tset1_2023-06-03_13h42.16.778.csv,4,8,1,0,z,0,1,1,tac,A,63,1,1A,0A,0,1,b,3.06001200000173,1,0,0,0,1A,0A,A10,3.13549421592915,0.502285691010011,0.5,0.5,0.0972466037712685,0.0972466037712685,0.862956570793185,0.5,0.492407021629204,0.0972466037712685,0.5,0.504560933253236,0.0972466037712685,0.5,0.5,0.0957698210531313,0.862956570793185,0.498859760729644,0.501140239270356,0.5,0.502285691010011,0.124172667893637,0.499760415252464,-0.5,-0.00759297837079592,-0.497714308989989,0.360670879783174,CBCbothPairsAsymRW,CBCdriftDiffusionLR,0.5,0.00457138202002227,0.0151859567415918,0.805506792457463,0.724654431806639,1.37476100931257,0.216735387237145,2.31560198676839,0.5,73.3910137321427
CBC_1006,CBC_1006_MSI_TV_v3_Vset5_Tset1_2023-06-03_13h42.16.778.csv,4,9,0,1,z,0,1,2,tac,B,63,1,0B,1B,0,1,z,3.02098420000038,0,1,1,1,1B,0B,B01,3.17805383034795,0.862956570793185,0.492407021629204,0.5,0.0972466037712685,0.0972466037712685,0.862956570793185,0.5,0.492407021629204,0.0972466037712685,0.5,0.504560933253236,0.0972466037712685,0.5,0.5,0.0957698210531313,0.862956570793185,0.898722888710111,0.101277111289889,0.862956570793185,0.0972466037712685,0.153481887819631,0.598736842002672,0.137043429206815,0.000626477868238227,0.0972466037712685,-0.0783327998811763,CBCbothPairsAsymRW,CBCdriftDiffusionLR,0.5,0.00457138202002227,0.0151859567415918,0.805506792457463,0.724654431806639,1.37476100931257,0.216735387237145,2.31560198676839,0.5,73.3910137321427
CBC_1006,CBC_1006_MSI_TV_v3_Vset5_Tset1_2023-06-03_13h42.16.778.csv,4,10,3,1,b,1,0,3,tac,D,27,1,3D,1D,1,0,b,2.76567070000056,1,0,1,1,3D,1D,D31,3.2188758248682,0.862956570793185,0.492407021629204,0.5,0.0972466037712685,0.0189138038900922,0.863583048661424,0.5,0.492407021629204,0.0972466037712685,0.5,0.504560933253236,0.0972466037712685,0.5,0.5,0.0957698210531313,0.862956570793185,0.633150453422723,0.366849546577277,0.862956570793185,0.5,0.173540445698558,0.532804101959292,0.137043429206815,0.000626477868238227,0.5,-0.402753396228732,CBCbothPairsAsymRW,CBCdriftDiffusionLR,0.5,0.00457138202002227,0.0151859567415918,0.805506792457463,0.724654431806639,1.37476100931257,0.216735387237145,2.31560198676839,0.5,73.3910137321427
CBC_1006,CBC_1006_MSI_TV_v3_Vset5_Tset1_2023-06-03_13h42.16.778.csv,4,11,2,3,b,1,0,0,tac,C,63,1,2C,3C,1,0,b,3.86936760000208,1,0,1,1,2C,3C,C23,2.56494935746154,0.862956570793185,0.492407021629204,0.5,0.0972466037712685,0.0189138038900922,0.863583048661424,0.5,0.492407021629204,0.0972466037712685,0.5,0.504560933253236,0.0972466037712685,0.5,0.0972466037712685,0.0957698210531313,0.863583048661424,0.838409129516587,0.161590870483413,0.504560933253236,0.0972466037712685,0.0679067039513506,0.582585275377775,0.495439066746764,0.00226484124174277,0.0972466037712685,-0.0783327998811763,CBCbothPairsAsymRW,CBCdriftDiffusionLR,0.5,0.00457138202002227,0.0151859567415918,0.805506792457463,0.724654431806639,1.37476100931257,0.216735387237145,2.31560198676839,0.5,73.3910137321427
CBC_1006,CBC_1006_MSI_TV_v3_Vset5_Tset1_2023-06-03_13h42.16.778.csv,4,12,0,1,z,0,1,2,tac,B,63,1,0B,1B,0,1,b,2.85141400000066,1,0,0,0,0B,1B,B01,2.60268968544438,0.862956570793185,0.492407021629204,0.5,0.0972466037712685,0.0189138038900922,0.863583048661424,0.5,0.492407021629204,0.0972466037712685,0.5,0.506825774494978,0.0189138038900922,0.5,0.0972466037712685,0.0957698210531313,0.863583048661424,0.0214321488347609,0.978567851165239,0.0189138038900922,0.863583048661424,0.114654222369965,0.382087804505253,-0.0189138038900922,-0.000287224207693891,-0.136416951338576,0.0988551483610499,CBCbothPairsAsymRW,CBCdriftDiffusionLR,0.5,0.00457138202002227,0.0151859567415918,0.805506792457463,0.724654431806639,1.37476100931257,0.216735387237145,2.31560198676839,0.5,73.3910137321427
CBC_1006,CBC_1006_MSI_TV_v3_Vset5_Tset1_2023-06-03_13h42.16.778.csv,4,13,1,0,z,0,1,1,tac,A,63,1,1A,0A,NaN,NaN,None,NaN,NaN,NaN,NaN,NaN,,,A10,2.63905732961526,0.862956570793185,0.492407021629204,0.5,0.0972466037712685,0.0186265796823983,0.962438197022474,0.5,0.492407021629204,0.0972466037712685,0.5,0.506825774494978,0.0189138038900922,0.5,0.0972466037712685,0.0957698210531313,0.863583048661424,0,0,0,0,NaN,0,0,0,0,0,CBCbothPairsAsymRW,CBCdriftDiffusionLR,0.5,0.00457138202002227,0.0151859567415918,0.805506792457463,0.724654431806639,1.37476100931257,0.216735387237145,2.31560198676839,0.5,73.3910137321427
CBC_1006,CBC_1006_MSI_TV_v3_Vset5_Tset1_2023-06-03_13h42.16.778.csv,4,14,2,1,b,1,0,0,tac,C,9,1,2C,1C,1,0,b,1.84193800000139,1,0,1,1,2C,1C,C21,3.36729582998647,0.862956570793185,0.492407021629204,0.5,0.0972466037712685,0.0186265796823983,0.962438197022474,0.5,0.492407021629204,0.0972466037712685,0.5,0.506825774494978,0.0189138038900922,0.5,0.0972466037712685,0.0957698210531313,0.863583048661424,0.503389749581253,0.496610250418747,0.506825774494978,0.5,0.345019258081781,0.500703111226966,0.493174225505022,0.00225448778721207,0.5,-0.402753396228732,CBCbothPairsAsymRW,CBCdriftDiffusionLR,0.5,0.00457138202002227,0.0151859567415918,0.805506792457463,0.724654431806639,1.37476100931257,0.216735387237145,2.31560198676839,0.5,73.3910137321427
CBC_1006,CBC_1006_MSI_TV_v3_Vset5_Tset1_2023-06-03_13h42.16.778.csv,4,15,0,1,b,1,0,1,tac,A,63,1,0A,1A,1,0,z,2.63349080000262,0,1,0,0,1A,0A,A01,3.40119738166216,0.862956570793185,0.492407021629204,0.5,0.0972466037712685,0.0186265796823983,0.962438197022474,0.5,0.492407021629204,0.0972466037712685,0.0972466037712685,0.50908026228219,0.0189138038900922,0.5,0.0972466037712685,0.0957698210531313,0.863583048661424,0.363302529581117,0.636697470418883,0.492407021629204,0.862956570793185,0.171244160847122,0.465510538440597,-0.492407021629204,-0.00747767172971717,-0.137043429206815,0.0993091283246975,CBCbothPairsAsymRW,CBCdriftDiffusionLR,0.5,0.00457138202002227,0.0151859567415918,0.805506792457463,0.724654431806639,1.37476100931257,0.216735387237145,2.31560198676839,0.5,73.3910137321427
CBC_1006,CBC_1006_MSI_TV_v3_Vset5_Tset1_2023-06-03_13h42.16.778.csv,4,16,1,3,z,0,1,3,tac,D,27,1,1D,3D,0,1,z,2.30858290000106,0,1,1,1,3D,1D,D13,3.43398720448515,0.962265699117883,0.484929349899487,0.5,0.0972466037712685,0.0186265796823983,0.962438197022474,0.5,0.492407021629204,0.0972466037712685,0.0972466037712685,0.50908026228219,0.0189138038900922,0.5,0.0972466037712685,0.0957698210531313,0.863583048661424,0.898788923171706,0.101211076828294,0.863583048661424,0.0972466037712685,0.297911028773757,0.598746891109967,0.136416951338576,0.000623613998575421,0.0972466037712685,-0.0783327998811763,CBCbothPairsAsymRW,CBCdriftDiffusionLR,0.5,0.00457138202002227,0.0151859567415918,0.805506792457463,0.724654431806639,1.37476100931257,0.216735387237145,2.31560198676839,0.5,73.3910137321427
CBC_1006,CBC_1006_MSI_TV_v3_Vset5_Tset1_2023-06-03_13h42.16.778.csv,4,17,1,0,b,1,0,2,tac,B,63,1,1B,0B,1,0,b,2.55718190000152,1,0,1,1,1B,0B,B10,2.77258872223978,0.962265699117883,0.484929349899487,0.5,0.0972466037712685,0.0186265796823983,0.962438197022474,0.5,0.492407021629204,0.0972466037712685,0.0972466037712685,0.50908026228219,0.0189138038900922,0.5,0.0189138038900922,0.0957698210531313,0.864206662659999,0.981013914550108,0.0189860854498924,0.962438197022474,0.0186265796823983,0.244694892112959,0.618335411213653,0.0375618029775264,0.000171709350771083,0.0186265796823983,-0.015003836454422,CBCbothPairsAsymRW,CBCdriftDiffusionLR,0.5,0.00457138202002227,0.0151859567415918,0.805506792457463,0.724654431806639,1.37476100931257,0.216735387237145,2.31560198676839,0.5,73.3910137321427
CBC_1006,CBC_1006_MSI_TV_v3_Vset5_Tset1_2023-06-03_13h42.16.778.csv,4,18,3,2,z,0,1,0,tac,C,63,0,3C,2C,1,0,z,2.48217410000143,0,1,1,0,2C,3C,C32,3.49650756146648,0.962265699117883,0.484929349899487,0.5,0.0972466037712685,0.00362274322797625,0.962609906373245,0.5,0.492407021629204,0.0972466037712685,0.0972466037712685,0.50908026228219,0.0189138038900922,0.5,0.0189138038900922,0.0957698210531313,0.864206662659999,0.964177999144557,0.0358220008554427,0.50908026228219,0.0189138038900922,0.260351639062599,0.613473178718011,-0.50908026228219,-0.00773087084101557,-0.981086196109908,0.710948459995362,CBCbothPairsAsymRW,CBCdriftDiffusionLR,0.5,0.00457138202002227,0.0151859567415918,0.805506792457463,0.724654431806639,1.37476100931257,0.216735387237145,2.31560198676839,0.5,73.3910137321427
CBC_1006,CBC_1006_MSI_TV_v3_Vset5_Tset1_2023-06-03_13h42.16.778.csv,4,19,0,2,b,1,0,1,tac,A,27,1,0A,2A,1,0,b,2.84020030000102,1,0,1,1,0A,2A,A02,3.52636052461616,0.962265699117883,0.484929349899487,0.5,0.0972466037712685,0.00362274322797625,0.962609906373245,0.5,0.492407021629204,0.0972466037712685,0.0972466037712685,0.501349391441175,0.729862263885454,0.5,0.0189138038900922,0.0957698210531313,0.864206662659999,0.658064878153384,0.341935121846616,0.962265699117883,0.5,0.163937892589173,0.539144901105089,0.037734300882117,0.000172497904590621,0.5,-0.402753396228732,CBCbothPairsAsymRW,CBCdriftDiffusionLR,0.5,0.00457138202002227,0.0151859567415918,0.805506792457463,0.724654431806639,1.37476100931257,0.216735387237145,2.31560198676839,0.5,73.3910137321427
CBC_1006,CBC_1006_MSI_TV_v3_Vset5_Tset1_2023-06-03_13h42.16.778.csv,4,20,2,3,z,0,1,3,tac,D,63,1,2D,3D,0,1,b,3.75715370000216,1,0,0,0,2D,3D,D23,2.4567357728213,0.962438197022474,0.484929349899487,0.0972466037712685,0.0972466037712685,0.00362274322797625,0.962609906373245,0.5,0.492407021629204,0.0972466037712685,0.0972466037712685,0.501349391441175,0.729862263885454,0.5,0.0189138038900922,0.0957698210531313,0.864206662659999,0.0997626740633265,0.900237325936673,0.0957698210531313,0.864206662659999,0.0516637518209556,0.401218253058258,-0.0957698210531313,-0.00145435635966284,-0.135793337340001,0.0984032437132456,CBCbothPairsAsymRW,CBCdriftDiffusionLR,0.5,0.00457138202002227,0.0151859567415918,0.805506792457463,0.724654431806639,1.37476100931257,0.216735387237145,2.31560198676839,0.5,73.3910137321427
CBC_1006,CBC_1006_MSI_TV_v3_Vset5_Tset1_2023-06-03_13h42.16.778.csv,4,21,1,3,b,1,0,2,tac,B,27,1,1B,3B,1,0,b,2.4578655000023,1,0,1,1,1B,3B,B13,3.58351893845611,0.962438197022474,0.484929349899487,0.0972466037712685,0.0972466037712685,0.00362274322797625,0.962609906373245,0.5,0.492407021629204,0.0972466037712685,0.0972466037712685,0.501349391441175,0.729862263885454,0.5,0.0189138038900922,0.0943154646934684,0.962609906373245,0.661579867455415,0.338420132544585,0.962609906373245,0.492407021629204,0.233339143653626,0.53979560097866,0.0373900936267554,0.000170924401732299,0.492407021629204,-0.396637200576073,CBCbothPairsAsymRW,CBCdriftDiffusionLR,0.5,0.00457138202002227,0.0151859567415918,0.805506792457463,0.724654431806639,1.37476100931257,0.216735387237145,2.31560198676839,0.5,73.3910137321427
CBC_1006,CBC_1006_MSI_TV_v3_Vset5_Tset1_2023-06-03_13h42.16.778.csv,4,22,2,3,b,1,0,0,tac,C,63,1,2C,3C,1,0,z,1.93028370000138,0,1,0,0,3C,2C,C23,2.51230562397611,0.962438197022474,0.484929349899487,0.0972466037712685,0.0972466037712685,0.00362274322797625,0.962780830774977,0.5,0.0957698210531313,0.0972466037712685,0.0972466037712685,0.501349391441175,0.729862263885454,0.5,0.0189138038900922,0.0943154646934684,0.962609906373245,0.592799995620435,0.407200004379565,0.729862263885454,0.501349391441175,0.349326059150328,0.523010893178021,-0.729862263885454,-0.0110836567666848,-0.498650608558825,0.36134937341523,CBCbothPairsAsymRW,CBCdriftDiffusionLR,0.5,0.00457138202002227,0.0151859567415918,0.805506792457463,0.724654431806639,1.37476100931257,0.216735387237145,2.31560198676839,0.5,73.3910137321427
CBC_1006,CBC_1006_MSI_TV_v3_Vset5_Tset1_2023-06-03_13h42.16.778.csv,4,23,1,0,z,0,1,1,tac,A,63,1,1A,0A,NaN,NaN,None,NaN,NaN,NaN,NaN,NaN,,,A10,2.53897387105828,0.962438197022474,0.484929349899487,0.0972466037712685,0.0972466037712685,0.00362274322797625,0.962780830774977,0.5,0.0957698210531313,0.0972466037712685,0.0972466037712685,0.862698764856405,0.718778607118769,0.5,0.0189138038900922,0.0943154646934684,0.962609906373245,0,0,0,0,NaN,0,0,0,0,0,CBCbothPairsAsymRW,CBCdriftDiffusionLR,0.5,0.00457138202002227,0.0151859567415918,0.805506792457463,0.724654431806639,1.37476100931257,0.216735387237145,2.31560198676839,0.5,73.3910137321427
CBC_1006,CBC_1006_MSI_TV_v3_Vset5_Tset1_2023-06-03_13h42.16.778.csv,4,24,1,2,b,1,0,2,tac,B,9,1,1B,2B,1,0,b,2.279731300001,1,0,1,1,1B,2B,B12,3.66356164612965,0.962438197022474,0.484929349899487,0.0972466037712685,0.0972466037712685,0.00362274322797625,0.962780830774977,0.5,0.0957698210531313,0.0972466037712685,0.0972466037712685,0.862698764856405,0.718778607118769,0.5,0.0189138038900922,0.0943154646934684,0.962609906373245,0.658185293735972,0.341814706264028,0.962780830774977,0.5,0.274502115127724,0.540272661874869,0.0372191692250231,0.000170143040995437,0.5,-0.402753396228732,CBCbothPairsAsymRW,CBCdriftDiffusionLR,0.5,0.00457138202002227,0.0151859567415918,0.805506792457463,0.724654431806639,1.37476100931257,0.216735387237145,2.31560198676839,0.5,73.3910137321427
CBC_1006,CBC_1006_MSI_TV_v3_Vset5_Tset1_2023-06-03_13h42.16.778.csv,4,25,3,2,z,0,1,0,tac,C,63,1,3C,2C,0,1,b,2.68199760000243,1,0,0,0,3C,2C,C32,2.99573227355399,0.962438197022474,0.484929349899487,0.0972466037712685,0.0972466037712685,0.00362274322797625,0.962950973815972,0.0972466037712685,0.0957698210531313,0.0972466037712685,0.0972466037712685,0.862698764856405,0.718778607118769,0.5,0.0189138038900922,0.0943154646934684,0.962609906373245,0.454498192548311,0.545501807451689,0.718778607118769,0.862698764856405,0.171646494954116,0.48793145221589,-0.718778607118769,-0.0109153408344873,-0.137301235143595,0.0994959485393315,CBCbothPairsAsymRW,CBCdriftDiffusionLR,0.5,0.00457138202002227,0.0151859567415918,0.805506792457463,0.724654431806639,1.37476100931257,0.216735387237145,2.31560198676839,0.5,73.3910137321427
CBC_1006,CBC_1006_MSI_TV_v3_Vset5_Tset1_2023-06-03_13h42.16.778.csv,4,26,3,2,b,1,0,3,tac,D,63,1,3D,2D,1,0,z,2.51034710000022,0,1,0,0,2D,3D,D32,3.71357206670431,0.962438197022474,0.484929349899487,0.0972466037712685,0.0972466037712685,0.00362274322797625,0.962950973815972,0.0972466037712685,0.0957698210531313,0.0972466037712685,0.0972466037712685,0.962194713395737,0.707863266284282,0.5,0.0189138038900922,0.0943154646934684,0.962609906373245,0.0892356899317116,0.910764310068288,0.0943154646934684,0.962609906373245,0.164763513963722,0.398902946258044,-0.0943154646934684,-0.00143227056689814,-0.0373900936267553,0.0270948970522934,CBCbothPairsAsymRW,CBCdriftDiffusionLR,0.5,0.00457138202002227,0.0151859567415918,0.805506792457463,0.724654431806639,1.37476100931257,0.216735387237145,2.31560198676839,0.5,73.3910137321427
CBC_1006,CBC_1006_MSI_TV_v3_Vset5_Tset1_2023-06-03_13h42.16.778.csv,4,27,1,0,b,1,0,2,tac,B,63,1,1B,0B,1,0,z,2.71202769999945,0,1,0,0,0B,1B,B10,2.63905732961526,0.962438197022474,0.484929349899487,0.0972466037712685,0.0972466037712685,0.00362274322797625,0.962950973815972,0.0972466037712685,0.0957698210531313,0.0972466037712685,0.0972466037712685,0.962194713395737,0.707863266284282,0.5,0.0189138038900922,0.0928831941265703,0.989704803425538,0.00374802579885537,0.996251974201145,0.00362274322797625,0.962950973815972,0.129651587165071,0.378958032821367,-0.00362274322797625,-5.50148219459421e-05,-0.0370490261840277,0.0268477410183759,CBCbothPairsAsymRW,CBCdriftDiffusionLR,0.5,0.00457138202002227,0.0151859567415918,0.805506792457463,0.724654431806639,1.37476100931257,0.216735387237145,2.31560198676839,0.5,73.3910137321427
CBC_1006,CBC_1006_MSI_TV_v3_Vset5_Tset1_2023-06-03_13h42.16.778.csv,4,28,2,0,z,0,1,1,tac,A,27,1,2A,0A,0,1,b,3.07216510000035,1,0,0,0,2A,0A,A20,3.76120011569356,0.962438197022474,0.484929349899487,0.0972466037712685,0.0972466037712685,0.0035677284060303,0.989798714834348,0.0972466037712685,0.0957698210531313,0.0972466037712685,0.0972466037712685,0.962194713395737,0.707863266284282,0.5,0.0189138038900922,0.0928831941265703,0.989704803425538,0.0917693673613392,0.908230632638661,0.0972466037712685,0.962438197022474,0.0972532946176054,0.398135245740197,-0.0972466037712685,-0.00147678271813721,-0.0375618029775264,0.0272193269943123,CBCbothPairsAsymRW,CBCdriftDiffusionLR,0.5,0.00457138202002227,0.0151859567415918,0.805506792457463,0.724654431806639,1.37476100931257,0.216735387237145,2.31560198676839,0.5,73.3910137321427
CBC_1006,CBC_1006_MSI_TV_v3_Vset5_Tset1_2023-06-03_13h42.16.778.csv,4,29,3,1,b,1,0,3,tac,D,27,1,3D,1D,1,0,b,2.57658980000087,1,0,1,1,3D,1D,D31,3.09104245335832,0.989657524016786,0.484929349899487,0.0957698210531313,0.0972466037712685,0.0035677284060303,0.989798714834348,0.0972466037712685,0.0957698210531313,0.0972466037712685,0.0972466037712685,0.962194713395737,0.707863266284282,0.5,0.0189138038900922,0.0928831941265703,0.989704803425538,0.981247813838741,0.0187521861612587,0.989704803425538,0.0189138038900922,0.240339022865539,0.618489085535589,0.0102951965744619,4.70632765130899e-05,0.0189138038900922,-0.0152351975046777,CBCbothPairsAsymRW,CBCdriftDiffusionLR,0.5,0.00457138202002227,0.0151859567415918,0.805506792457463,0.724654431806639,1.37476100931257,0.216735387237145,2.31560198676839,0.5,73.3910137321427
CBC_1006,CBC_1006_MSI_TV_v3_Vset5_Tset1_2023-06-03_13h42.16.778.csv,4,30,0,1,b,1,0,1,tac,A,63,1,0A,1A,1,0,z,2.57471190000069,0,1,0,0,1A,0A,A01,3.11351530921037,0.989657524016786,0.484929349899487,0.0957698210531313,0.0972466037712685,0.0035677284060303,0.989798714834348,0.0972466037712685,0.0957698210531313,0.0972466037712685,0.0972466037712685,0.962194713395737,0.707863266284282,0.5,0.00367860638541449,0.0928831941265703,0.989751866702051,0.328857769235115,0.671142230764885,0.484929349899487,0.989657524016786,0.177785376723899,0.457808975590813,-0.484929349899487,-0.00736411613030186,-0.0103424759832141,0.00749472105708985,CBCbothPairsAsymRW,CBCdriftDiffusionLR,0.5,0.00457138202002227,0.0151859567415918,0.805506792457463,0.724654431806639,1.37476100931257,0.216735387237145,2.31560198676839,0.5,73.3910137321427
CBC_1006,CBC_1006_MSI_TV_v3_Vset5_Tset1_2023-06-03_13h42.16.778.csv,4,31,0,2,z,0,1,0,tac,C,27,1,0C,2C,0,1,z,2.95814500000051,0,1,1,1,2C,0C,C02,3.8286413964891,0.997152245073876,0.477565233769185,0.0957698210531313,0.0972466037712685,0.0035677284060303,0.989798714834348,0.0972466037712685,0.0957698210531313,0.0972466037712685,0.0972466037712685,0.962194713395737,0.707863266284282,0.5,0.00367860638541449,0.0928831941265703,0.989751866702051,0.908209541958104,0.0917904580418955,0.962194713395737,0.0972466037712685,0.163501620896312,0.601564630986059,0.0378052866042634,0.000172822407444519,0.0972466037712685,-0.0783327998811763,CBCbothPairsAsymRW,CBCdriftDiffusionLR,0.5,0.00457138202002227,0.0151859567415918,0.805506792457463,0.724654431806639,1.37476100931257,0.216735387237145,2.31560198676839,0.5,73.3910137321427
CBC_1006,CBC_1006_MSI_TV_v3_Vset5_Tset1_2023-06-03_13h42.16.778.csv,4,32,3,2,b,1,0,3,tac,D,63,1,3D,2D,1,0,b,3.23682470000131,1,0,1,1,3D,2D,D32,3.15700042115011,0.997152245073876,0.477565233769185,0.0957698210531313,0.0972466037712685,0.0035677284060303,0.989798714834348,0.0972466037712685,0.0957698210531313,0.0189138038900922,0.0972466037712685,0.962367535803181,0.707863266284282,0.5,0.00367860638541449,0.0928831941265703,0.989751866702051,0.914206367882193,0.085793632117807,0.989751866702051,0.0928831941265703,0.126077933406614,0.602197731722263,0.0102481332979488,4.68481322970348e-05,0.0928831941265703,-0.0748180437740975,CBCbothPairsAsymRW,CBCdriftDiffusionLR,0.5,0.00457138202002227,0.0151859567415918,0.805506792457463,0.724654431806639,1.37476100931257,0.216735387237145,2.31560198676839,0.5,73.3910137321427
CBC_1006,CBC_1006_MSI_TV_v3_Vset5_Tset1_2023-06-03_13h42.16.778.csv,4,33,0,1,z,0,1,2,tac,B,63,1,0B,1B,0,1,z,2.2572218000023,0,1,1,1,1B,0B,B01,2.77258872223978,0.997152245073876,0.477565233769185,0.0957698210531313,0.0972466037712685,0.0035677284060303,0.989798714834348,0.0972466037712685,0.0957698210531313,0.0189138038900922,0.0972466037712685,0.962367535803181,0.707863266284282,0.5,0.00367860638541449,0.0180651503524728,0.989798714834348,0.996408446822109,0.00359155317789104,0.989798714834348,0.0035677284060303,0.325437524016085,0.62205540876746,0.0102012851656518,4.66339715873805e-05,0.00356772840603026,-0.00287382946470081,CBCbothPairsAsymRW,CBCdriftDiffusionLR,0.5,0.00457138202002227,0.0151859567415918,0.805506792457463,0.724654431806639,1.37476100931257,0.216735387237145,2.31560198676839,0.5,73.3910137321427
CBC_1006,CBC_1006_MSI_TV_v3_Vset5_Tset1_2023-06-03_13h42.16.778.csv,4,34,1,0,z,0,1,1,tac,A,63,1,1A,0A,0,1,b,2.89667449999979,1,0,0,0,1A,0A,A10,2.50552593699074,0.997152245073876,0.477565233769185,0.0957698210531313,0.0972466037712685,0.000693898941329494,0.989845348805936,0.0972466037712685,0.0957698210531313,0.0189138038900922,0.0972466037712685,0.962367535803181,0.707863266284282,0.5,0.00367860638541449,0.0180651503524728,0.989798714834348,0.323835067136956,0.676164932863044,0.477565233769185,0.997152245073876,0.131831701665528,0.456778861375449,-0.477565233769185,-0.00725228498130704,-0.00284775492612432,0.00206363822791518,CBCbothPairsAsymRW,CBCdriftDiffusionLR,0.5,0.00457138202002227,0.0151859567415918,0.805506792457463,0.724654431806639,1.37476100931257,0.216735387237145,2.31560198676839,0.5,73.3910137321427
CBC_1006,CBC_1006_MSI_TV_v3_Vset5_Tset1_2023-06-03_13h42.16.778.csv,4,35,3,2,b,1,0,3,tac,D,63,0,3D,2D,0,1,b,2.31052110000201,1,0,1,0,3D,2D,D32,2.81341071676004,0.999215883301791,0.470312948787878,0.0957698210531313,0.0972466037712685,0.000693898941329494,0.989845348805936,0.0972466037712685,0.0957698210531313,0.0189138038900922,0.0972466037712685,0.962367535803181,0.707863266284282,0.5,0.00367860638541449,0.0180651503524728,0.989798714834348,0.98207580311541,0.0179241968845903,0.989798714834348,0.0180651503524728,0.30806761019602,0.618623040686071,-0.989798714834348,-0.0150310404663576,-0.981934849647527,0.711563440542466,CBCbothPairsAsymRW,CBCdriftDiffusionLR,0.5,0.00457138202002227,0.0151859567415918,0.805506792457463,0.724654431806639,1.37476100931257,0.216735387237145,2.31560198676839,0.5,73.3910137321427
CBC_1006,CBC_1006_MSI_TV_v3_Vset5_Tset1_2023-06-03_13h42.16.778.csv,4,36,0,2,z,0,1,0,tac,C,27,1,0C,2C,0,1,b,2.57669669999996,1,0,0,0,0C,2C,C02,3.23867845216438,0.999215883301791,0.470312948787878,0.0957698210531313,0.0972466037712685,0.000693898941329494,0.989845348805936,0.0972466037712685,0.0957698210531313,0.0189138038900922,0.0972466037712685,0.962367535803181,0.707863266284282,0.5,0.00367860638541449,0.729628590894939,0.974767674367991,0.0192745985529534,0.980725401447047,0.0189138038900922,0.962367535803181,0.148238164395836,0.381514845268645,-0.0189138038900922,-0.000287224207693891,-0.0376324641968189,0.0272705319600295,CBCbothPairsAsymRW,CBCdriftDiffusionLR,0.5,0.00457138202002227,0.0151859567415918,0.805506792457463,0.724654431806639,1.37476100931257,0.216735387237145,2.31560198676839,0.5,73.3910137321427
CBC_1006,CBC_1006_MSI_TV_v3_Vset5_Tset1_2023-06-03_13h42.16.778.csv,4,37,1,0,z,0,1,1,tac,A,63,1,1A,0A,0,1,b,2.46073200000137,1,0,0,0,1A,0A,A10,2.34180580614733,0.999215883301791,0.470312948787878,0.0957698210531313,0.0972466037712685,0.000693898941329494,0.989845348805936,0.0972466037712685,0.0957698210531313,0.0186265796823983,0.0972466037712685,0.989638067763211,0.707863266284282,0.5,0.00367860638541449,0.729628590894939,0.974767674367991,0.320043362551175,0.679956637448826,0.470312948787878,0.999215883301791,0.195955507737685,0.45441988092369,-0.470312948787878,-0.00714215209530322,-0.000784116698209103,0.000568213640410815,CBCbothPairsAsymRW,CBCdriftDiffusionLR,0.5,0.00457138202002227,0.0151859567415918,0.805506792457463,0.724654431806639,1.37476100931257,0.216735387237145,2.31560198676839,0.5,73.3910137321427
CBC_1006,CBC_1006_MSI_TV_v3_Vset5_Tset1_2023-06-03_13h42.16.778.csv,4,38,3,1,z,0,1,2,tac,B,27,1,3B,1B,0,1,z,2.31300270000247,0,1,1,1,1B,3B,B31,3.27714473299218,0.999784096942202,0.463170796692575,0.0957698210531313,0.0972466037712685,0.000693898941329494,0.989845348805936,0.0972466037712685,0.0957698210531313,0.0186265796823983,0.0972466037712685,0.989638067763211,0.707863266284282,0.5,0.00367860638541449,0.729628590894939,0.974767674367991,0.911782900873093,0.088217099126907,0.989845348805936,0.0957698210531313,0.29825947951065,0.601657884202131,0.0101546511940644,4.64207898881439e-05,0.0957698210531313,-0.077143241370733,CBCbothPairsAsymRW,CBCdriftDiffusionLR,0.5,0.00457138202002227,0.0151859567415918,0.805506792457463,0.724654431806639,1.37476100931257,0.216735387237145,2.31560198676839,0.5,73.3910137321427
CBC_1006,CBC_1006_MSI_TV_v3_Vset5_Tset1_2023-06-03_13h42.16.778.csv,4,39,2,3,b,1,0,0,tac,C,63,1,2C,3C,1,0,b,2.03949410000132,1,0,1,1,2C,3C,C23,2.60268968544438,0.999784096942202,0.463170796692575,0.0957698210531313,0.0972466037712685,0.000693898941329494,0.989891769595824,0.0972466037712685,0.0186265796823983,0.0186265796823983,0.0972466037712685,0.989638067763211,0.707863266284282,0.5,0.00367860638541449,0.729628590894939,0.974767674367991,0.582996930790938,0.417003069209062,0.989638067763211,0.707863266284282,0.323012559928425,0.51970319257499,0.0103619322367894,4.73683507199482e-05,0.707863266284282,-0.570188669123115,CBCbothPairsAsymRW,CBCdriftDiffusionLR,0.5,0.00457138202002227,0.0151859567415918,0.805506792457463,0.724654431806639,1.37476100931257,0.216735387237145,2.31560198676839,0.5,73.3910137321427
CBC_1006,CBC_1006_MSI_TV_v3_Vset5_Tset1_2023-06-03_13h42.16.778.csv,4,40,2,3,z,0,1,3,tac,D,63,1,2D,3D,0,1,z,2.56399330000204,0,1,1,1,3D,2D,D23,2.62103882411258,0.999784096942202,0.463170796692575,0.0957698210531313,0.0972466037712685,0.000693898941329494,0.989891769595824,0.0972466037712685,0.0186265796823983,0.0186265796823983,0.0972466037712685,0.989685436113931,0.137674597161167,0.5,0.00367860638541449,0.729628590894939,0.974767674367991,0.571913758692505,0.428086241307495,0.974767674367991,0.729628590894939,0.202802248481082,0.517278317777282,0.0252323256320094,0.000115346599717515,0.729628590894939,-0.587720785937041,CBCbothPairsAsymRW,CBCdriftDiffusionLR,0.5,0.00457138202002227,0.0151859567415918,0.805506792457463,0.724654431806639,1.37476100931257,0.216735387237145,2.31560198676839,0.5,73.3910137321427
CBC_1006,CBC_1006_MSI_TV_v3_Vset5_Tset1_2023-06-03_13h42.16.778.csv,4,41,1,0,b,1,0,2,tac,B,63,1,1B,0B,1,0,b,2.32535920000009,1,0,1,1,1B,0B,B10,2.63905732961526,0.999784096942202,0.463170796692575,0.0957698210531313,0.0972466037712685,0.000693898941329494,0.989891769595824,0.0972466037712685,0.0186265796823983,0.0186265796823983,0.0972466037712685,0.989685436113931,0.137674597161167,0.5,0.00367860638541449,0.141907804957898,0.974883020967708,0.99929950637954,0.000700493620460116,0.989891769595824,0.000693898941329494,0.305674103459635,0.621966610215046,0.0101082304041763,4.6208582723894e-05,0.00069389894132954,-0.000558940310519988,CBCbothPairsAsymRW,CBCdriftDiffusionLR,0.5,0.00457138202002227,0.0151859567415918,0.805506792457463,0.724654431806639,1.37476100931257,0.216735387237145,2.31560198676839,0.5,73.3910137321427
CBC_1006,CBC_1006_MSI_TV_v3_Vset5_Tset1_2023-06-03_13h42.16.778.csv,4,42,0,2,b,1,0,1,tac,A,27,1,0A,2A,1,0,z,2.86834500000077,0,1,0,0,2A,0A,A02,3.3499040872746,0.999784096942202,0.463170796692575,0.0957698210531313,0.0972466037712685,0.000134958630809507,0.989937978178548,0.0972466037712685,0.0186265796823983,0.0186265796823983,0.0972466037712685,0.989685436113931,0.137674597161167,0.5,0.00367860638541449,0.141907804957898,0.974883020967708,0.0874168030254256,0.912583196974574,0.0957698210531313,0.999784096942202,0.117670519204276,0.398050357067697,-0.0957698210531313,-0.00145435635966284,-0.000215903057798283,0.000156455107674131,CBCbothPairsAsymRW,CBCdriftDiffusionLR,0.5,0.00457138202002227,0.0151859567415918,0.805506792457463,0.724654431806639,1.37476100931257,0.216735387237145,2.31560198676839,0.5,73.3910137321427
CBC_1006,CBC_1006_MSI_TV_v3_Vset5_Tset1_2023-06-03_13h42.16.778.csv,4,43,0,3,z,0,1,3,tac,D,9,1,0D,3D,0,1,b,2.44963540000026,1,0,0,0,0D,3D,D03,4.06044301054642,0.999940552049876,0.463170796692575,0.0943154646934684,0.0972466037712685,0.000134958630809507,0.989937978178548,0.0972466037712685,0.0186265796823983,0.0186265796823983,0.0972466037712685,0.989685436113931,0.137674597161167,0.5,0.00367860638541449,0.141907804957898,0.974883020967708,0.339009936986011,0.660990063013989,0.5,0.974883020967708,0.2002719731643,0.459818740770523,-0.5,-0.00759297837079592,-0.0251169790322918,0.0182011301693447,CBCbothPairsAsymRW,CBCdriftDiffusionLR,0.5,0.00457138202002227,0.0151859567415918,0.805506792457463,0.724654431806639,1.37476100931257,0.216735387237145,2.31560198676839,0.5,73.3910137321427
CBC_1006,CBC_1006_MSI_TV_v3_Vset5_Tset1_2023-06-03_13h42.16.778.csv,4,44,2,3,b,1,0,0,tac,C,63,1,2C,3C,1,0,b,2.33501620000061,1,0,1,1,2C,3C,C23,2.46809953147162,0.999940552049876,0.463170796692575,0.0943154646934684,0.0972466037712685,0.000134958630809507,0.989937978178548,0.0972466037712685,0.0186265796823983,0.0186265796823983,0.0972466037712685,0.989685436113931,0.137674597161167,0.492407021629204,0.00367860638541449,0.141907804957898,0.993084151137053,0.877878767121797,0.122121232878203,0.989685436113931,0.137674597161167,0.288333060417691,0.59398628791857,0.0103145638860694,4.71518118931489e-05,0.137674597161167,-0.110897823162165,CBCbothPairsAsymRW,CBCdriftDiffusionLR,0.5,0.00457138202002227,0.0151859567415918,0.805506792457463,0.724654431806639,1.37476100931257,0.216735387237145,2.31560198676839,0.5,73.3910137321427
