ID,filename,session,trial,visStimLeft,visStimRight,correctKey,leftCorrect,rightCorrect,secondStim,mod2Type,mod2Stim,frequency,rewardAccurate,stimPairLeft,stimPairRight,pCorrectLeft,pCorrectRight,key,reactionTime,choiceLeft,choiceRight,choiceAccurate,reward,chosenPair,otherPair,triplet,surprise,0A belief,1A belief,2A belief,3A belief,0B belief,1B belief,2B belief,3B belief,0C belief,1C belief,2C belief,3C belief,0D belief,1D belief,2D belief,3D belief,beliefPairNorm,beliefOtherPairNorm,beliefPair,beliefOtherPair,lik,corrLik,rewardPE,update2,rewardPEOP,update2OP,fit_percModel,fit_respModel,fit_startBelief,fit_alpha1,fit_alpha2,fit_nonDecisionTime,fit_weight,fit_startingBoundary,fit_startingPoint,fit_NLL
CBC_1001,CBC_1001_MSI_AV_v3_Vset4_Aset2_2023-06-08_11h37.59.527.csv,1,1,3,1,z,0,1,1,aud,B,27,1,3B,1B,0,1,z,2.5182563999997,0,1,1,1,1B,3B,B31,2.77258872223978,0.5,0.5,0.5,0.5,0.5,0.5,0.5,0.5,0.5,0.5,0.5,0.5,0.5,0.5,0.5,0.5,0.5,0.5,0.5,0.5,0.149104280371059,0.50017935696673,0.5,0.0435610445609958,0.5,-0.0141241208257308,CBCbothPairsRW,CBCdriftDiffusionLR_pwBelief,0.5,0.0871220891219916,0.0282482416514617,0.983381668369352,3.99546818728117,2.47995187300523,0.5,55.7260680539926
CBC_1001,CBC_1001_MSI_AV_v3_Vset4_Aset2_2023-06-08_11h37.59.527.csv,1,2,2,3,b,1,0,2,aud,C,63,1,2C,3C,1,0,z,2.24184400000013,0,1,0,0,3C,2C,C23,2.83321334405622,0.5,0.5,0.5,0.5,0.5,0.543561044560996,0.5,0.485875879174269,0.5,0.5,0.5,0.5,0.5,0.5,0.5,0.5,0.5,0.5,0.5,0.5,0.185489029643832,0.498847265422559,-0.5,-0.0435610445609958,-0.5,0.0141241208257308,CBCbothPairsRW,CBCdriftDiffusionLR_pwBelief,0.5,0.0871220891219916,0.0282482416514617,0.983381668369352,3.99546818728117,2.47995187300523,0.5,55.7260680539926
CBC_1001,CBC_1001_MSI_AV_v3_Vset4_Aset2_2023-06-08_11h37.59.527.csv,1,3,2,3,z,0,1,3,aud,D,63,1,2D,3D,0,1,b,2.57463349999989,1,0,0,0,2D,3D,D23,2.89037175789616,0.5,0.5,0.5,0.5,0.5,0.543561044560996,0.5,0.485875879174269,0.5,0.5,0.514124120825731,0.456438955439004,0.5,0.5,0.5,0.5,0.5,0.5,0.5,0.5,0.142766569232918,0.501057096907244,-0.5,-0.0435610445609958,-0.5,0.0141241208257308,CBCbothPairsRW,CBCdriftDiffusionLR_pwBelief,0.5,0.0871220891219916,0.0282482416514617,0.983381668369352,3.99546818728117,2.47995187300523,0.5,55.7260680539926
CBC_1001,CBC_1001_MSI_AV_v3_Vset4_Aset2_2023-06-08_11h37.59.527.csv,1,4,1,0,b,1,0,1,aud,B,63,0,1B,0B,0,1,b,2.42206690000012,1,0,1,0,1B,0B,B10,2.94443897916644,0.5,0.5,0.5,0.5,0.5,0.543561044560996,0.5,0.485875879174269,0.5,0.5,0.514124120825731,0.456438955439004,0.5,0.5,0.456438955439004,0.514124120825731,0.543561044560996,0.456438955439004,0.543561044560996,0.5,0.227062242510985,0.702938056582512,-0.543561044560996,-0.0473561737674859,-0.5,0.0141241208257308,CBCbothPairsRW,CBCdriftDiffusionLR_pwBelief,0.5,0.0871220891219916,0.0282482416514617,0.983381668369352,3.99546818728117,2.47995187300523,0.5,55.7260680539926
CBC_1001,CBC_1001_MSI_AV_v3_Vset4_Aset2_2023-06-08_11h37.59.527.csv,1,5,3,0,z,0,1,0,aud,A,9,1,3A,0A,0,1,z,3.39004290000003,0,1,1,1,0A,3A,A30,2.99573227355399,0.5,0.5,0.5,0.5,0.514124120825731,0.49620487079351,0.5,0.485875879174269,0.5,0.5,0.514124120825731,0.456438955439004,0.5,0.5,0.456438955439004,0.514124120825731,0.5,0.5,0.5,0.5,0.074012591038097,0.499650090883172,0.5,0.0435610445609958,0.5,-0.0141241208257308,CBCbothPairsRW,CBCdriftDiffusionLR_pwBelief,0.5,0.0871220891219916,0.0282482416514617,0.983381668369352,3.99546818728117,2.47995187300523,0.5,55.7260680539926
CBC_1001,CBC_1001_MSI_AV_v3_Vset4_Aset2_2023-06-08_11h37.59.527.csv,1,6,2,3,z,0,1,3,aud,D,63,1,2D,3D,NaN,NaN,[],NaN,NaN,NaN,NaN,NaN,,,D23,2.35137525716348,0.543561044560996,0.5,0.5,0.485875879174269,0.514124120825731,0.49620487079351,0.5,0.485875879174269,0.5,0.5,0.514124120825731,0.456438955439004,0.5,0.5,0.456438955439004,0.514124120825731,0,0,0,0,NaN,0,0,0,0,0,CBCbothPairsRW,CBCdriftDiffusionLR_pwBelief,0.5,0.0871220891219916,0.0282482416514617,0.983381668369352,3.99546818728117,2.47995187300523,0.5,55.7260680539926
CBC_1001,CBC_1001_MSI_AV_v3_Vset4_Aset2_2023-06-08_11h37.59.527.csv,1,7,2,0,b,1,0,2,aud,C,27,1,2C,0C,1,0,b,3.77247699999998,1,0,1,1,2C,0C,C20,3.09104245335832,0.543561044560996,0.5,0.5,0.485875879174269,0.514124120825731,0.49620487079351,0.5,0.485875879174269,0.5,0.5,0.514124120825731,0.456438955439004,0.5,0.5,0.456438955439004,0.514124120825731,0.514124120825731,0.485875879174269,0.514124120825731,0.5,0.061608163680969,0.569871990082618,0.485875879174269,0.0423305216476467,0.5,-0.0141241208257308,CBCbothPairsRW,CBCdriftDiffusionLR_pwBelief,0.5,0.0871220891219916,0.0282482416514617,0.983381668369352,3.99546818728117,2.47995187300523,0.5,55.7260680539926
CBC_1001,CBC_1001_MSI_AV_v3_Vset4_Aset2_2023-06-08_11h37.59.527.csv,1,8,1,0,z,0,1,0,aud,A,63,1,1A,0A,0,1,z,2.78982200000019,0,1,1,1,0A,1A,A10,3.13549421592915,0.543561044560996,0.5,0.5,0.485875879174269,0.514124120825731,0.49620487079351,0.5,0.485875879174269,0.485875879174269,0.5,0.556454642473378,0.456438955439004,0.5,0.5,0.456438955439004,0.514124120825731,0.543561044560996,0.456438955439004,0.543561044560996,0.5,0.165527919364849,0.703710999237698,0.456438955439004,0.0397659153545057,0.5,-0.0141241208257308,CBCbothPairsRW,CBCdriftDiffusionLR_pwBelief,0.5,0.0871220891219916,0.0282482416514617,0.983381668369352,3.99546818728117,2.47995187300523,0.5,55.7260680539926
CBC_1001,CBC_1001_MSI_AV_v3_Vset4_Aset2_2023-06-08_11h37.59.527.csv,1,9,0,1,z,0,1,1,aud,B,63,1,0B,1B,0,1,z,2.07255699999996,0,1,1,1,1B,0B,B01,3.17805383034795,0.583326959915501,0.485875879174269,0.5,0.485875879174269,0.514124120825731,0.49620487079351,0.5,0.485875879174269,0.485875879174269,0.5,0.556454642473378,0.456438955439004,0.5,0.5,0.456438955439004,0.514124120825731,0.482084591236618,0.517915408763382,0.49620487079351,0.514124120825731,0.175886746474444,0.411823809651957,0.50379512920649,0.0438916841459531,0.514124120825731,-0.0145231024039305,CBCbothPairsRW,CBCdriftDiffusionLR_pwBelief,0.5,0.0871220891219916,0.0282482416514617,0.983381668369352,3.99546818728117,2.47995187300523,0.5,55.7260680539926
CBC_1001,CBC_1001_MSI_AV_v3_Vset4_Aset2_2023-06-08_11h37.59.527.csv,1,10,3,1,b,1,0,3,aud,D,27,0,3D,1D,0,1,b,2.58499330000041,1,0,1,0,3D,1D,D31,3.2188758248682,0.583326959915501,0.485875879174269,0.5,0.485875879174269,0.4996010184218,0.540096554939463,0.5,0.485875879174269,0.485875879174269,0.5,0.556454642473378,0.456438955439004,0.5,0.5,0.456438955439004,0.514124120825731,0.514124120825731,0.485875879174269,0.514124120825731,0.5,0.160962612688981,0.56988326764627,-0.514124120825731,-0.0447915674743449,-0.5,0.0141241208257308,CBCbothPairsRW,CBCdriftDiffusionLR_pwBelief,0.5,0.0871220891219916,0.0282482416514617,0.983381668369352,3.99546818728117,2.47995187300523,0.5,55.7260680539926
CBC_1001,CBC_1001_MSI_AV_v3_Vset4_Aset2_2023-06-08_11h37.59.527.csv,1,11,2,3,b,1,0,2,aud,C,63,1,2C,3C,1,0,b,1.78561600000012,1,0,1,1,2C,3C,C23,2.56494935746154,0.583326959915501,0.485875879174269,0.5,0.485875879174269,0.4996010184218,0.540096554939463,0.5,0.485875879174269,0.485875879174269,0.5,0.556454642473378,0.456438955439004,0.5,0.514124120825731,0.456438955439004,0.469332553351386,0.599041427134297,0.400958572865703,0.556454642473378,0.456438955439004,0.547567465711501,0.877103525046223,0.443545357526622,0.03864259816808,0.456438955439004,-0.0128935979123817,CBCbothPairsRW,CBCdriftDiffusionLR_pwBelief,0.5,0.0871220891219916,0.0282482416514617,0.983381668369352,3.99546818728117,2.47995187300523,0.5,55.7260680539926
CBC_1001,CBC_1001_MSI_AV_v3_Vset4_Aset2_2023-06-08_11h37.59.527.csv,1,12,0,1,z,0,1,1,aud,B,63,1,0B,1B,0,1,z,1.59718599999997,0,1,1,1,1B,0B,B01,2.60268968544438,0.583326959915501,0.485875879174269,0.5,0.485875879174269,0.4996010184218,0.540096554939463,0.5,0.485875879174269,0.485875879174269,0.5,0.595097240641458,0.443545357526622,0.5,0.514124120825731,0.456438955439004,0.469332553351386,0.540492945327643,0.459507054672357,0.540096554939463,0.4996010184218,0.424558151816751,0.689750423412016,0.459903445060537,0.0400677489280751,0.4996010184218,-0.0141128502976954,CBCbothPairsRW,CBCdriftDiffusionLR_pwBelief,0.5,0.0871220891219916,0.0282482416514617,0.983381668369352,3.99546818728117,2.47995187300523,0.5,55.7260680539926
CBC_1001,CBC_1001_MSI_AV_v3_Vset4_Aset2_2023-06-08_11h37.59.527.csv,1,13,1,0,z,0,1,0,aud,A,63,0,1A,0A,1,0,z,1.70943140000008,0,1,1,0,0A,1A,A10,2.63905732961526,0.583326959915501,0.485875879174269,0.5,0.485875879174269,0.485488168124105,0.580164303867538,0.5,0.485875879174269,0.485875879174269,0.5,0.595097240641458,0.443545357526622,0.5,0.514124120825731,0.456438955439004,0.469332553351386,0.596994461833791,0.403005538166209,0.583326959915501,0.485875879174269,0.582593920011689,0.872318518869833,-0.583326959915501,-0.0508206633890187,-0.514124120825731,0.0145231024039305,CBCbothPairsRW,CBCdriftDiffusionLR_pwBelief,0.5,0.0871220891219916,0.0282482416514617,0.983381668369352,3.99546818728117,2.47995187300523,0.5,55.7260680539926
CBC_1001,CBC_1001_MSI_AV_v3_Vset4_Aset2_2023-06-08_11h37.59.527.csv,1,14,2,1,b,1,0,2,aud,C,9,1,2C,1C,1,0,z,3.18978910000033,0,1,0,0,1C,2C,C21,3.36729582998647,0.532506296526483,0.5003989815782,0.5,0.485875879174269,0.485488168124105,0.580164303867538,0.5,0.485875879174269,0.485875879174269,0.5,0.595097240641458,0.443545357526622,0.5,0.514124120825731,0.456438955439004,0.469332553351386,0.404902759358542,0.595097240641458,0.5,0.595097240641458,0.0178989337535578,0.131718065936371,-0.5,-0.0435610445609958,-0.404902759358542,0.0114377909917037,CBCbothPairsRW,CBCdriftDiffusionLR_pwBelief,0.5,0.0871220891219916,0.0282482416514617,0.983381668369352,3.99546818728117,2.47995187300523,0.5,55.7260680539926
CBC_1001,CBC_1001_MSI_AV_v3_Vset4_Aset2_2023-06-08_11h37.59.527.csv,1,15,0,1,b,1,0,0,aud,A,63,1,0A,1A,NaN,NaN,[],NaN,NaN,NaN,NaN,NaN,,,A01,3.40119738166216,0.532506296526483,0.5003989815782,0.5,0.485875879174269,0.485488168124105,0.580164303867538,0.5,0.485875879174269,0.485875879174269,0.456438955439004,0.606535031633161,0.443545357526622,0.5,0.514124120825731,0.456438955439004,0.469332553351386,0,0,0,0,NaN,0,0,0,0,0,CBCbothPairsRW,CBCdriftDiffusionLR_pwBelief,0.5,0.0871220891219916,0.0282482416514617,0.983381668369352,3.99546818728117,2.47995187300523,0.5,55.7260680539926
CBC_1001,CBC_1001_MSI_AV_v3_Vset4_Aset2_2023-06-08_11h37.59.527.csv,1,16,1,3,z,0,1,3,aud,D,27,1,1D,3D,0,1,z,2.58515670000043,0,1,1,1,3D,1D,D13,3.43398720448515,0.532506296526483,0.5003989815782,0.5,0.485875879174269,0.485488168124105,0.580164303867538,0.5,0.485875879174269,0.485875879174269,0.456438955439004,0.606535031633161,0.443545357526622,0.5,0.514124120825731,0.456438955439004,0.469332553351386,0.455285904296983,0.544714095703017,0.469332553351386,0.514124120825731,0.0817030728594162,0.291272892262667,0.530667446648614,0.0462328565810603,0.514124120825731,-0.0145231024039305,CBCbothPairsRW,CBCdriftDiffusionLR_pwBelief,0.5,0.0871220891219916,0.0282482416514617,0.983381668369352,3.99546818728117,2.47995187300523,0.5,55.7260680539926
CBC_1001,CBC_1001_MSI_AV_v3_Vset4_Aset2_2023-06-08_11h37.59.527.csv,1,17,1,0,b,1,0,1,aud,B,63,1,1B,0B,1,0,b,1.56869869999991,1,0,1,1,1B,0B,B10,2.77258872223978,0.532506296526483,0.5003989815782,0.5,0.485875879174269,0.485488168124105,0.580164303867538,0.5,0.485875879174269,0.485875879174269,0.456438955439004,0.606535031633161,0.443545357526622,0.5,0.4996010184218,0.456438955439004,0.515565409932446,0.59423761761332,0.40576238238668,0.580164303867538,0.485488168124105,0.640253711830454,0.86626501460239,0.419835696132462,0.0365769629350457,0.485488168124105,-0.0137141870920952,CBCbothPairsRW,CBCdriftDiffusionLR_pwBelief,0.5,0.0871220891219916,0.0282482416514617,0.983381668369352,3.99546818728117,2.47995187300523,0.5,55.7260680539926
CBC_1001,CBC_1001_MSI_AV_v3_Vset4_Aset2_2023-06-08_11h37.59.527.csv,1,18,3,2,z,0,1,2,aud,C,63,0,3C,2C,1,0,z,3.12383599999976,0,1,1,0,2C,3C,C32,3.49650756146648,0.532506296526483,0.5003989815782,0.5,0.485875879174269,0.47177398103201,0.616741266802584,0.5,0.485875879174269,0.485875879174269,0.456438955439004,0.606535031633161,0.443545357526622,0.5,0.4996010184218,0.456438955439004,0.515565409932446,0.659160652622432,0.340839347377568,0.606535031633161,0.443545357526622,0.0785688442995693,0.959098556947035,-0.606535031633161,-0.0528425990815543,-0.556454642473378,0.0157188652086657,CBCbothPairsRW,CBCdriftDiffusionLR_pwBelief,0.5,0.0871220891219916,0.0282482416514617,0.983381668369352,3.99546818728117,2.47995187300523,0.5,55.7260680539926
CBC_1001,CBC_1001_MSI_AV_v3_Vset4_Aset2_2023-06-08_11h37.59.527.csv,1,19,0,2,b,1,0,0,aud,A,27,1,0A,2A,1,0,b,1.14921000000004,1,0,1,1,0A,2A,A02,3.52636052461616,0.532506296526483,0.5003989815782,0.5,0.485875879174269,0.47177398103201,0.616741266802584,0.5,0.485875879174269,0.485875879174269,0.456438955439004,0.553692432551607,0.459264222735288,0.5,0.4996010184218,0.456438955439004,0.515565409932446,0.532506296526483,0.467493703473517,0.532506296526483,0.5,0.0975930790439119,0.656230291113223,0.467493703473517,0.0407290280979897,0.5,-0.0141241208257308,CBCbothPairsRW,CBCdriftDiffusionLR_pwBelief,0.5,0.0871220891219916,0.0282482416514617,0.983381668369352,3.99546818728117,2.47995187300523,0.5,55.7260680539926
CBC_1001,CBC_1001_MSI_AV_v3_Vset4_Aset2_2023-06-08_11h37.59.527.csv,1,20,2,3,z,0,1,3,aud,D,63,1,2D,3D,0,1,z,2.32911330000024,0,1,1,1,3D,2D,D23,2.4567357728213,0.573235324624472,0.5003989815782,0.485875879174269,0.485875879174269,0.47177398103201,0.616741266802584,0.5,0.485875879174269,0.485875879174269,0.456438955439004,0.553692432551607,0.459264222735288,0.5,0.4996010184218,0.456438955439004,0.515565409932446,0.558966526537866,0.441033473462134,0.515565409932446,0.456438955439004,0.267869852467845,0.762840023589123,0.484434590067554,0.0422049535296409,0.456438955439004,-0.0128935979123817,CBCbothPairsRW,CBCdriftDiffusionLR_pwBelief,0.5,0.0871220891219916,0.0282482416514617,0.983381668369352,3.99546818728117,2.47995187300523,0.5,55.7260680539926
CBC_1001,CBC_1001_MSI_AV_v3_Vset4_Aset2_2023-06-08_11h37.59.527.csv,1,21,1,3,b,1,0,1,aud,B,27,1,1B,3B,1,0,b,2.61349879999989,1,0,1,1,1B,3B,B13,3.58351893845611,0.573235324624472,0.5003989815782,0.485875879174269,0.485875879174269,0.47177398103201,0.616741266802584,0.5,0.485875879174269,0.485875879174269,0.456438955439004,0.553692432551607,0.459264222735288,0.5,0.4996010184218,0.443545357526622,0.557770363462087,0.630007924130951,0.369992075869049,0.616741266802584,0.485875879174269,0.207778727688586,0.929318636571227,0.383258733197416,0.0333903015104069,0.485875879174269,-0.0137251392475311,CBCbothPairsRW,CBCdriftDiffusionLR_pwBelief,0.5,0.0871220891219916,0.0282482416514617,0.983381668369352,3.99546818728117,2.47995187300523,0.5,55.7260680539926
CBC_1001,CBC_1001_MSI_AV_v3_Vset4_Aset2_2023-06-08_11h37.59.527.csv,1,22,2,3,b,1,0,2,aud,C,63,1,2C,3C,1,0,b,2.32661290000033,1,0,1,1,2C,3C,C23,2.51230562397611,0.573235324624472,0.5003989815782,0.485875879174269,0.485875879174269,0.47177398103201,0.650131568312991,0.5,0.472150739926738,0.485875879174269,0.456438955439004,0.553692432551607,0.459264222735288,0.5,0.4996010184218,0.443545357526622,0.557770363462087,0.593609240182525,0.406390759817475,0.553692432551607,0.459264222735288,0.30159251766751,0.864307140490759,0.446307567448393,0.0388832476670582,0.459264222735288,-0.0129734067456971,CBCbothPairsRW,CBCdriftDiffusionLR_pwBelief,0.5,0.0871220891219916,0.0282482416514617,0.983381668369352,3.99546818728117,2.47995187300523,0.5,55.7260680539926
CBC_1001,CBC_1001_MSI_AV_v3_Vset4_Aset2_2023-06-08_11h37.59.527.csv,1,23,1,0,z,0,1,0,aud,A,63,0,1A,0A,1,0,z,1.51755240000011,0,1,1,0,0A,1A,A10,2.53897387105828,0.573235324624472,0.5003989815782,0.485875879174269,0.485875879174269,0.47177398103201,0.650131568312991,0.5,0.472150739926738,0.485875879174269,0.456438955439004,0.592575680218665,0.446290815989591,0.5,0.4996010184218,0.443545357526622,0.557770363462087,0.5728448570207,0.4271551429793,0.573235324624472,0.5003989815782,0.564976199847002,0.809106943448671,-0.573235324624472,-0.0499414590398071,-0.4996010184218,0.0141128502976954,CBCbothPairsRW,CBCdriftDiffusionLR_pwBelief,0.5,0.0871220891219916,0.0282482416514617,0.983381668369352,3.99546818728117,2.47995187300523,0.5,55.7260680539926
CBC_1001,CBC_1001_MSI_AV_v3_Vset4_Aset2_2023-06-08_11h37.59.527.csv,1,24,1,2,b,1,0,1,aud,B,9,1,1B,2B,1,0,b,1.58183529999997,1,0,1,1,1B,2B,B12,3.66356164612965,0.523293865584665,0.514511831875895,0.485875879174269,0.485875879174269,0.47177398103201,0.650131568312991,0.5,0.472150739926738,0.485875879174269,0.456438955439004,0.592575680218665,0.446290815989591,0.5,0.4996010184218,0.443545357526622,0.557770363462087,0.650131568312991,0.349868431687009,0.650131568312991,0.5,0.851256999670338,0.951543177906131,0.349868431687009,0.0304812686864071,0.5,-0.0141241208257308,CBCbothPairsRW,CBCdriftDiffusionLR_pwBelief,0.5,0.0871220891219916,0.0282482416514617,0.983381668369352,3.99546818728117,2.47995187300523,0.5,55.7260680539926
CBC_1001,CBC_1001_MSI_AV_v3_Vset4_Aset2_2023-06-08_11h37.59.527.csv,1,25,3,2,z,0,1,2,aud,C,63,1,3C,2C,0,1,z,1.88420610000003,0,1,1,1,2C,3C,C32,2.99573227355399,0.523293865584665,0.514511831875895,0.485875879174269,0.485875879174269,0.47177398103201,0.680612836999398,0.485875879174269,0.472150739926738,0.485875879174269,0.456438955439004,0.592575680218665,0.446290815989591,0.5,0.4996010184218,0.443545357526622,0.557770363462087,0.643432190591231,0.356567809408769,0.592575680218665,0.446290815989591,0.56270876197328,0.944515323412295,0.407424319781335,0.0354956578984563,0.446290815989591,-0.012606930816902,CBCbothPairsRW,CBCdriftDiffusionLR_pwBelief,0.5,0.0871220891219916,0.0282482416514617,0.983381668369352,3.99546818728117,2.47995187300523,0.5,55.7260680539926
CBC_1001,CBC_1001_MSI_AV_v3_Vset4_Aset2_2023-06-08_11h37.59.527.csv,1,26,3,2,b,1,0,3,aud,D,63,0,3D,2D,0,1,b,2.44767640000009,1,0,1,0,3D,2D,D32,3.71357206670431,0.523293865584665,0.514511831875895,0.485875879174269,0.485875879174269,0.47177398103201,0.680612836999398,0.485875879174269,0.472150739926738,0.485875879174269,0.456438955439004,0.628071338117121,0.433683885172689,0.5,0.4996010184218,0.443545357526622,0.557770363462087,0.612754059228431,0.387245940771569,0.557770363462087,0.443545357526622,0.266080895727921,0.90299257972056,-0.557770363462087,-0.0485941193151496,-0.556454642473378,0.0157188652086657,CBCbothPairsRW,CBCdriftDiffusionLR_pwBelief,0.5,0.0871220891219916,0.0282482416514617,0.983381668369352,3.99546818728117,2.47995187300523,0.5,55.7260680539926
CBC_1001,CBC_1001_MSI_AV_v3_Vset4_Aset2_2023-06-08_11h37.59.527.csv,1,27,1,0,b,1,0,1,aud,B,63,1,1B,0B,1,0,b,1.74692489999961,1,0,1,1,1B,0B,B10,2.63905732961526,0.523293865584665,0.514511831875895,0.485875879174269,0.485875879174269,0.47177398103201,0.680612836999398,0.485875879174269,0.472150739926738,0.485875879174269,0.456438955439004,0.628071338117121,0.433683885172689,0.5,0.4996010184218,0.459264222735288,0.509176244146938,0.704665335699195,0.295334664300805,0.680612836999398,0.47177398103201,0.740688582883118,0.98298921401716,0.319387163000602,0.0278256768793585,0.47177398103201,-0.0133267854210643,CBCbothPairsRW,CBCdriftDiffusionLR_pwBelief,0.5,0.0871220891219916,0.0282482416514617,0.983381668369352,3.99546818728117,2.47995187300523,0.5,55.7260680539926
CBC_1001,CBC_1001_MSI_AV_v3_Vset4_Aset2_2023-06-08_11h37.59.527.csv,1,28,2,0,z,0,1,0,aud,A,27,1,2A,0A,0,1,z,1.51640159999988,0,1,1,1,0A,2A,A20,3.76120011569356,0.523293865584665,0.514511831875895,0.485875879174269,0.485875879174269,0.458447195610945,0.708438513878756,0.485875879174269,0.472150739926738,0.485875879174269,0.456438955439004,0.628071338117121,0.433683885172689,0.5,0.4996010184218,0.459264222735288,0.509176244146938,0.537368808255748,0.462631191744252,0.523293865584665,0.485875879174269,0.425436808609279,0.677729870678351,0.476706134415335,0.0415316343275329,0.485875879174269,-0.0137251392475311,CBCbothPairsRW,CBCdriftDiffusionLR_pwBelief,0.5,0.0871220891219916,0.0282482416514617,0.983381668369352,3.99546818728117,2.47995187300523,0.5,55.7260680539926
CBC_1001,CBC_1001_MSI_AV_v3_Vset4_Aset2_2023-06-08_11h37.59.527.csv,1,29,3,1,b,1,0,3,aud,D,27,1,3D,1D,1,0,z,2.33447410000008,0,1,0,0,1D,3D,D31,3.09104245335832,0.564825499912198,0.514511831875895,0.472150739926738,0.485875879174269,0.458447195610945,0.708438513878756,0.485875879174269,0.472150739926738,0.485875879174269,0.456438955439004,0.628071338117121,0.433683885172689,0.5,0.4996010184218,0.459264222735288,0.509176244146938,0.490424914498251,0.509575085501749,0.4996010184218,0.509176244146938,0.156338103693952,0.452455147215174,-0.4996010184218,-0.0435262844523818,-0.490823755853062,0.0138649080636153,CBCbothPairsRW,CBCdriftDiffusionLR_pwBelief,0.5,0.0871220891219916,0.0282482416514617,0.983381668369352,3.99546818728117,2.47995187300523,0.5,55.7260680539926
CBC_1001,CBC_1001_MSI_AV_v3_Vset4_Aset2_2023-06-08_11h37.59.527.csv,1,30,0,1,b,1,0,0,aud,A,63,1,0A,1A,1,0,b,1.47099959999969,1,0,1,1,0A,1A,A01,3.11351530921037,0.564825499912198,0.514511831875895,0.472150739926738,0.485875879174269,0.458447195610945,0.708438513878756,0.485875879174269,0.472150739926738,0.485875879174269,0.456438955439004,0.628071338117121,0.433683885172689,0.5,0.456074733969418,0.459264222735288,0.523041152210553,0.550503710824651,0.449496289175349,0.564825499912198,0.514511831875895,0.475498459158929,0.730757549857691,0.435174500087802,0.0379133115802676,0.514511831875895,-0.0145340545593665,CBCbothPairsRW,CBCdriftDiffusionLR_pwBelief,0.5,0.0871220891219916,0.0282482416514617,0.983381668369352,3.99546818728117,2.47995187300523,0.5,55.7260680539926
CBC_1001,CBC_1001_MSI_AV_v3_Vset4_Aset2_2023-06-08_11h37.59.527.csv,1,31,0,2,z,0,1,2,aud,C,27,1,0C,2C,0,1,z,2.05611799999997,0,1,1,1,2C,0C,C02,3.8286413964891,0.602738811492466,0.499977777316529,0.472150739926738,0.485875879174269,0.458447195610945,0.708438513878756,0.485875879174269,0.472150739926738,0.485875879174269,0.456438955439004,0.628071338117121,0.433683885172689,0.5,0.456074733969418,0.459264222735288,0.523041152210553,0.641173983262612,0.358826016737388,0.628071338117121,0.485875879174269,0.440713751428297,0.94245122730862,0.371928661882879,0.0324032020275832,0.485875879174269,-0.0137251392475311,CBCbothPairsRW,CBCdriftDiffusionLR_pwBelief,0.5,0.0871220891219916,0.0282482416514617,0.983381668369352,3.99546818728117,2.47995187300523,0.5,55.7260680539926
CBC_1001,CBC_1001_MSI_AV_v3_Vset4_Aset2_2023-06-08_11h37.59.527.csv,1,32,3,2,b,1,0,3,aud,D,63,1,3D,2D,1,0,b,1.89630200000011,1,0,1,1,3D,2D,D32,3.15700042115011,0.602738811492466,0.499977777316529,0.472150739926738,0.485875879174269,0.458447195610945,0.708438513878756,0.485875879174269,0.472150739926738,0.472150739926738,0.456438955439004,0.660474540144705,0.433683885172689,0.5,0.456074733969418,0.459264222735288,0.523041152210553,0.563538381169049,0.436461618830951,0.523041152210553,0.459264222735288,0.406180554404501,0.778874894445902,0.476958847789447,0.0415536512446346,0.459264222735288,-0.0129734067456971,CBCbothPairsRW,CBCdriftDiffusionLR_pwBelief,0.5,0.0871220891219916,0.0282482416514617,0.983381668369352,3.99546818728117,2.47995187300523,0.5,55.7260680539926
CBC_1001,CBC_1001_MSI_AV_v3_Vset4_Aset2_2023-06-08_11h37.59.527.csv,1,33,0,1,z,0,1,1,aud,B,63,1,0B,1B,0,1,z,1.24876840000024,0,1,1,1,1B,0B,B01,2.77258872223978,0.602738811492466,0.499977777316529,0.472150739926738,0.485875879174269,0.458447195610945,0.708438513878756,0.485875879174269,0.472150739926738,0.472150739926738,0.456438955439004,0.660474540144705,0.433683885172689,0.5,0.456074733969418,0.446290815989591,0.564594803455187,0.741620422423386,0.258379577576614,0.708438513878756,0.458447195610945,1.33581580777153,0.991766170949511,0.291561486121244,0.0254014457783953,0.458447195610945,-0.0129503271660529,CBCbothPairsRW,CBCdriftDiffusionLR_pwBelief,0.5,0.0871220891219916,0.0282482416514617,0.983381668369352,3.99546818728117,2.47995187300523,0.5,55.7260680539926
CBC_1001,CBC_1001_MSI_AV_v3_Vset4_Aset2_2023-06-08_11h37.59.527.csv,1,34,1,0,z,0,1,0,aud,A,63,1,1A,0A,0,1,z,1.3421986000003,0,1,1,1,0A,1A,A10,2.50552593699074,0.602738811492466,0.499977777316529,0.472150739926738,0.485875879174269,0.445496868444893,0.733839959657152,0.485875879174269,0.472150739926738,0.472150739926738,0.456438955439004,0.660474540144705,0.433683885172689,0.5,0.456074733969418,0.446290815989591,0.564594803455187,0.60276009571645,0.39723990428355,0.602738811492466,0.499977777316529,0.662466079187123,0.884547778622457,0.397261188507534,0.0346102246698617,0.499977777316529,-0.014123493073998,CBCbothPairsRW,CBCdriftDiffusionLR_pwBelief,0.5,0.0871220891219916,0.0282482416514617,0.983381668369352,3.99546818728117,2.47995187300523,0.5,55.7260680539926
CBC_1001,CBC_1001_MSI_AV_v3_Vset4_Aset2_2023-06-08_11h37.59.527.csv,1,35,3,2,b,1,0,3,aud,D,63,0,3D,2D,0,1,b,2.72871000000032,1,0,1,0,3D,2D,D32,2.81341071676004,0.637349036162328,0.485854284242531,0.472150739926738,0.485875879174269,0.445496868444893,0.733839959657152,0.485875879174269,0.472150739926738,0.472150739926738,0.456438955439004,0.660474540144705,0.433683885172689,0.5,0.456074733969418,0.446290815989591,0.564594803455187,0.616684714391624,0.383315285608376,0.564594803455187,0.446290815989591,0.187498091308911,0.909498371316143,-0.564594803455187,-0.0491886787844362,-0.553709184010409,0.0156413108345597,CBCbothPairsRW,CBCdriftDiffusionLR_pwBelief,0.5,0.0871220891219916,0.0282482416514617,0.983381668369352,3.99546818728117,2.47995187300523,0.5,55.7260680539926
CBC_1001,CBC_1001_MSI_AV_v3_Vset4_Aset2_2023-06-08_11h37.59.527.csv,1,36,0,2,z,0,1,2,aud,C,27,1,0C,2C,0,1,z,1.89188760000025,0,1,1,1,2C,0C,C02,3.23867845216438,0.637349036162328,0.485854284242531,0.472150739926738,0.485875879174269,0.445496868444893,0.733839959657152,0.485875879174269,0.472150739926738,0.472150739926738,0.456438955439004,0.660474540144705,0.433683885172689,0.5,0.456074733969418,0.461932126824151,0.515406124670751,0.685016375551556,0.314983624448444,0.660474540144705,0.472150739926738,0.56594785030861,0.975085744460094,0.339525459855295,0.0295801673726982,0.472150739926738,-0.0133374281973669,CBCbothPairsRW,CBCdriftDiffusionLR_pwBelief,0.5,0.0871220891219916,0.0282482416514617,0.983381668369352,3.99546818728117,2.47995187300523,0.5,55.7260680539926
CBC_1001,CBC_1001_MSI_AV_v3_Vset4_Aset2_2023-06-08_11h37.59.527.csv,1,37,1,0,z,0,1,0,aud,A,63,1,1A,0A,0,1,z,1.17191539999976,0,1,1,1,0A,1A,A10,2.34180580614733,0.637349036162328,0.485854284242531,0.472150739926738,0.485875879174269,0.445496868444893,0.733839959657152,0.485875879174269,0.472150739926738,0.458813311729371,0.456438955439004,0.690054707517403,0.433683885172689,0.5,0.456074733969418,0.461932126824151,0.515406124670751,0.65032647443545,0.34967352556455,0.637349036162328,0.485854284242531,0.396245278950858,0.951566437419585,0.362650963837672,0.0315949095916419,0.485854284242531,-0.013724529228681,CBCbothPairsRW,CBCdriftDiffusionLR_pwBelief,0.5,0.0871220891219916,0.0282482416514617,0.983381668369352,3.99546818728117,2.47995187300523,0.5,55.7260680539926
CBC_1001,CBC_1001_MSI_AV_v3_Vset4_Aset2_2023-06-08_11h37.59.527.csv,1,38,3,1,z,0,1,1,aud,B,27,1,3B,1B,0,1,z,1.44698119999975,0,1,1,1,1B,3B,B31,3.27714473299218,0.668943945753969,0.47212975501385,0.472150739926738,0.485875879174269,0.445496868444893,0.733839959657152,0.485875879174269,0.472150739926738,0.458813311729371,0.456438955439004,0.690054707517403,0.433683885172689,0.5,0.456074733969418,0.461932126824151,0.515406124670751,0.755045518759577,0.244954481240422,0.733839959657152,0.472150739926738,1.42668850074615,0.993661154266415,0.266160040342848,0.0231884187554625,0.472150739926738,-0.0133374281973669,CBCbothPairsRW,CBCdriftDiffusionLR_pwBelief,0.5,0.0871220891219916,0.0282482416514617,0.983381668369352,3.99546818728117,2.47995187300523,0.5,55.7260680539926
CBC_1001,CBC_1001_MSI_AV_v3_Vset4_Aset2_2023-06-08_11h37.59.527.csv,1,39,2,3,b,1,0,2,aud,C,63,0,2C,3C,0,1,b,2.96182120000003,1,0,1,0,2C,3C,C23,2.60268968544438,0.668943945753969,0.47212975501385,0.472150739926738,0.485875879174269,0.445496868444893,0.757028378412614,0.485875879174269,0.458813311729371,0.458813311729371,0.456438955439004,0.690054707517403,0.433683885172689,0.5,0.456074733969418,0.461932126824151,0.515406124670751,0.744066279621721,0.255933720378279,0.690054707517403,0.433683885172689,0.0271285242480646,0.992155423702289,-0.690054707517403,-0.060119007727381,-0.566316114827311,0.0159974344627588,CBCbothPairsRW,CBCdriftDiffusionLR_pwBelief,0.5,0.0871220891219916,0.0282482416514617,0.983381668369352,3.99546818728117,2.47995187300523,0.5,55.7260680539926
CBC_1001,CBC_1001_MSI_AV_v3_Vset4_Aset2_2023-06-08_11h37.59.527.csv,1,40,2,3,z,0,1,3,aud,D,63,1,2D,3D,0,1,b,2.35783190000029,1,0,0,0,2D,3D,D23,2.62103882411258,0.668943945753969,0.47212975501385,0.472150739926738,0.485875879174269,0.445496868444893,0.757028378412614,0.485875879174269,0.458813311729371,0.458813311729371,0.456438955439004,0.629935699790022,0.449681319635448,0.5,0.456074733969418,0.461932126824151,0.515406124670751,0.446651153936944,0.553348846063056,0.461932126824151,0.515406124670751,0.0881990237280566,0.257938567337302,-0.461932126824151,-0.0402444919214848,-0.484593875329249,0.0136889248931189,CBCbothPairsRW,CBCdriftDiffusionLR_pwBelief,0.5,0.0871220891219916,0.0282482416514617,0.983381668369352,3.99546818728117,2.47995187300523,0.5,55.7260680539926
CBC_1001,CBC_1001_MSI_AV_v3_Vset4_Aset2_2023-06-08_11h37.59.527.csv,1,41,1,0,b,1,0,1,aud,B,63,1,1B,0B,1,0,b,1.19339880000007,1,0,1,1,1B,0B,B10,2.63905732961526,0.668943945753969,0.47212975501385,0.472150739926738,0.485875879174269,0.445496868444893,0.757028378412614,0.485875879174269,0.458813311729371,0.458813311729371,0.456438955439004,0.629935699790022,0.449681319635448,0.5,0.456074733969418,0.421687634902666,0.52909504956387,0.795001008651541,0.204998991348459,0.757028378412614,0.445496868444893,1.37301049023468,0.997126784098146,0.242971621587386,0.021168195270051,0.445496868444893,-0.0125845031948008,CBCbothPairsRW,CBCdriftDiffusionLR_pwBelief,0.5,0.0871220891219916,0.0282482416514617,0.983381668369352,3.99546818728117,2.47995187300523,0.5,55.7260680539926
CBC_1001,CBC_1001_MSI_AV_v3_Vset4_Aset2_2023-06-08_11h37.59.527.csv,1,42,0,2,b,1,0,0,aud,A,27,1,0A,2A,1,0,b,1.40796890000001,1,0,1,1,0A,2A,A02,3.3499040872746,0.668943945753969,0.47212975501385,0.472150739926738,0.485875879174269,0.432912365250092,0.778196573682665,0.485875879174269,0.458813311729371,0.458813311729371,0.456438955439004,0.629935699790022,0.449681319635448,0.5,0.456074733969418,0.421687634902666,0.52909504956387,0.693158000169117,0.306841999830883,0.668943945753969,0.472150739926738,1.19483050761944,0.97865193589378,0.331056054246031,0.0288422950623976,0.472150739926738,-0.0133374281973669,CBCbothPairsRW,CBCdriftDiffusionLR_pwBelief,0.5,0.0871220891219916,0.0282482416514617,0.983381668369352,3.99546818728117,2.47995187300523,0.5,55.7260680539926
CBC_1001,CBC_1001_MSI_AV_v3_Vset4_Aset2_2023-06-08_11h37.59.527.csv,1,43,0,3,z,0,1,3,aud,D,9,1,0D,3D,0,1,z,2.75495509999973,0,1,1,1,3D,0D,D03,4.06044301054642,0.697786240816367,0.47212975501385,0.458813311729371,0.485875879174269,0.432912365250092,0.778196573682665,0.485875879174269,0.458813311729371,0.458813311729371,0.456438955439004,0.629935699790022,0.449681319635448,0.5,0.456074733969418,0.421687634902666,0.52909504956387,0.52909504956387,0.47090495043613,0.52909504956387,0.5,0.156742675131843,0.640079676578745,0.47090495043613,0.0410262230598835,0.5,-0.0141241208257308,CBCbothPairsRW,CBCdriftDiffusionLR_pwBelief,0.5,0.0871220891219916,0.0282482416514617,0.983381668369352,3.99546818728117,2.47995187300523,0.5,55.7260680539926
CBC_1001,CBC_1001_MSI_AV_v3_Vset4_Aset2_2023-06-08_11h37.59.527.csv,1,44,2,3,b,1,0,2,aud,C,63,1,2C,3C,1,0,b,2.48296149999987,1,0,1,1,2C,3C,C23,2.46809953147162,0.697786240816367,0.47212975501385,0.458813311729371,0.485875879174269,0.432912365250092,0.778196573682665,0.485875879174269,0.458813311729371,0.458813311729371,0.456438955439004,0.629935699790022,0.449681319635448,0.485875879174269,0.456074733969418,0.421687634902666,0.570121272623754,0.675660374469799,0.324339625530201,0.629935699790022,0.449681319635448,0.19947621545501,0.970150435430103,0.370064300209978,0.0322407749437612,0.449681319635448,-0.0127027065832103,CBCbothPairsRW,CBCdriftDiffusionLR_pwBelief,0.5,0.0871220891219916,0.0282482416514617,0.983381668369352,3.99546818728117,2.47995187300523,0.5,55.7260680539926
CBC_1001,CBC_1001_MSI_TV_v3_Vset1_Tset1_2023-06-08_11h53.34.814.csv,2,1,1,0,b,1,0,1,tac,B,63,1,1B,0B,1,0,b,1.47302500000069,1,0,1,1,1B,0B,B10,2.77258872223978,0.5,0.5,0.5,0.5,0.5,0.5,0.5,0.5,0.5,0.5,0.5,0.5,0.5,0.5,0.5,0.5,0.5,0.5,0.5,0.5,0.0530656431627889,0.500835403998721,0.5,0.0707758754894465,0.5,-0.0063320602337848,CBCbothPairsRW,CBCdriftDiffusionLR_pwBelief,0.5,0.141551750978893,0.0126641204675696,1.34071682476842,0.73418839392798,2.34917759062923,0.5,71.3415669431952
CBC_1001,CBC_1001_MSI_TV_v3_Vset1_Tset1_2023-06-08_11h53.34.814.csv,2,2,1,0,z,0,1,0,tac,A,63,1,1A,0A,0,1,z,1.61898499999961,0,1,1,1,0A,1A,A10,2.83321334405622,0.5,0.5,0.5,0.5,0.493667939766215,0.570775875489447,0.5,0.5,0.5,0.5,0.5,0.5,0.5,0.5,0.5,0.5,0.5,0.5,0.5,0.5,0.266917426791056,0.498729786362614,0.5,0.0707758754894465,0.5,-0.0063320602337848,CBCbothPairsRW,CBCdriftDiffusionLR_pwBelief,0.5,0.141551750978893,0.0126641204675696,1.34071682476842,0.73418839392798,2.34917759062923,0.5,71.3415669431952
CBC_1001,CBC_1001_MSI_TV_v3_Vset1_Tset1_2023-06-08_11h53.34.814.csv,2,3,3,2,b,1,0,3,tac,D,63,1,3D,2D,1,0,z,2.38288740000053,0,1,0,0,2D,3D,D32,2.89037175789616,0.570775875489447,0.493667939766215,0.5,0.5,0.493667939766215,0.570775875489447,0.5,0.5,0.5,0.5,0.5,0.5,0.5,0.5,0.5,0.5,0.5,0.5,0.5,0.5,0.223580122813251,0.499534183705958,-0.5,-0.0707758754894465,-0.5,0.0063320602337848,CBCbothPairsRW,CBCdriftDiffusionLR_pwBelief,0.5,0.141551750978893,0.0126641204675696,1.34071682476842,0.73418839392798,2.34917759062923,0.5,71.3415669431952
CBC_1001,CBC_1001_MSI_TV_v3_Vset1_Tset1_2023-06-08_11h53.34.814.csv,2,4,1,2,b,1,0,1,tac,B,9,1,1B,2B,NaN,NaN,None,NaN,NaN,NaN,NaN,NaN,,,B12,2.94443897916644,0.570775875489447,0.493667939766215,0.5,0.5,0.493667939766215,0.570775875489447,0.5,0.5,0.5,0.5,0.5,0.5,0.5,0.5,0.429224124510554,0.506332060233785,0,0,0,0,NaN,0,0,0,0,0,CBCbothPairsRW,CBCdriftDiffusionLR_pwBelief,0.5,0.141551750978893,0.0126641204675696,1.34071682476842,0.73418839392798,2.34917759062923,0.5,71.3415669431952
CBC_1001,CBC_1001_MSI_TV_v3_Vset1_Tset1_2023-06-08_11h53.34.814.csv,2,5,2,0,z,0,1,0,tac,A,27,1,2A,0A,0,1,z,2.56436939999958,0,1,1,1,0A,2A,A20,2.99573227355399,0.570775875489447,0.493667939766215,0.5,0.5,0.493667939766215,0.570775875489447,0.5,0.5,0.5,0.5,0.5,0.5,0.5,0.5,0.429224124510554,0.506332060233785,0.570775875489447,0.429224124510553,0.570775875489447,0.5,0.213780444270586,0.560626190638329,0.429224124510553,0.0607574263868512,0.5,-0.0063320602337848,CBCbothPairsRW,CBCdriftDiffusionLR_pwBelief,0.5,0.141551750978893,0.0126641204675696,1.34071682476842,0.73418839392798,2.34917759062923,0.5,71.3415669431952
CBC_1001,CBC_1001_MSI_TV_v3_Vset1_Tset1_2023-06-08_11h53.34.814.csv,2,6,3,2,z,0,1,2,tac,C,63,1,3C,2C,0,1,b,3.33090360000051,1,0,0,0,3C,2C,C32,3.04452243772342,0.631533301876298,0.493667939766215,0.493667939766215,0.5,0.493667939766215,0.570775875489447,0.5,0.5,0.5,0.5,0.5,0.5,0.5,0.5,0.429224124510554,0.506332060233785,0.5,0.5,0.5,0.5,0.0961082887342215,0.500381141886174,-0.5,-0.0707758754894465,-0.5,0.0063320602337848,CBCbothPairsRW,CBCdriftDiffusionLR_pwBelief,0.5,0.141551750978893,0.0126641204675696,1.34071682476842,0.73418839392798,2.34917759062923,0.5,71.3415669431952
CBC_1001,CBC_1001_MSI_TV_v3_Vset1_Tset1_2023-06-08_11h53.34.814.csv,2,7,3,1,b,1,0,3,tac,D,27,1,3D,1D,1,0,z,2.33253970000032,0,1,0,0,1D,3D,D31,3.09104245335832,0.631533301876298,0.493667939766215,0.493667939766215,0.5,0.493667939766215,0.570775875489447,0.5,0.5,0.5,0.5,0.506332060233785,0.429224124510554,0.5,0.5,0.429224124510554,0.506332060233785,0.493667939766215,0.506332060233785,0.5,0.506332060233785,0.231040765418277,0.493840074910122,-0.5,-0.0707758754894465,-0.493667939766215,0.00625187026017624,CBCbothPairsRW,CBCdriftDiffusionLR_pwBelief,0.5,0.141551750978893,0.0126641204675696,1.34071682476842,0.73418839392798,2.34917759062923,0.5,71.3415669431952
CBC_1001,CBC_1001_MSI_TV_v3_Vset1_Tset1_2023-06-08_11h53.34.814.csv,2,8,0,1,b,1,0,0,tac,A,63,1,0A,1A,1,0,b,2.34114360000012,1,0,1,1,0A,1A,A01,3.13549421592915,0.631533301876298,0.493667939766215,0.493667939766215,0.5,0.493667939766215,0.570775875489447,0.5,0.5,0.5,0.5,0.506332060233785,0.429224124510554,0.5,0.429224124510554,0.429224124510554,0.512583930493961,0.637407587747537,0.362592412252463,0.631533301876298,0.493667939766215,0.287956534001604,0.615616428151805,0.368466698123702,0.0521571062968212,0.493667939766215,-0.00625187026017624,CBCbothPairsRW,CBCdriftDiffusionLR_pwBelief,0.5,0.141551750978893,0.0126641204675696,1.34071682476842,0.73418839392798,2.34917759062923,0.5,71.3415669431952
CBC_1001,CBC_1001_MSI_TV_v3_Vset1_Tset1_2023-06-08_11h53.34.814.csv,2,9,0,2,z,0,1,2,tac,C,27,1,0C,2C,0,1,z,3.4135411000002,0,1,1,1,2C,0C,C02,3.17805383034795,0.683690408173119,0.487416069506039,0.493667939766215,0.5,0.493667939766215,0.570775875489447,0.5,0.5,0.5,0.5,0.506332060233785,0.429224124510554,0.5,0.429224124510554,0.429224124510554,0.512583930493961,0.506332060233785,0.493667939766215,0.506332060233785,0.5,0.09002816461721,0.504684339066151,0.493667939766215,0.0698795612760504,0.5,-0.0063320602337848,CBCbothPairsRW,CBCdriftDiffusionLR_pwBelief,0.5,0.141551750978893,0.0126641204675696,1.34071682476842,0.73418839392798,2.34917759062923,0.5,71.3415669431952
CBC_1001,CBC_1001_MSI_TV_v3_Vset1_Tset1_2023-06-08_11h53.34.814.csv,2,10,3,2,b,1,0,3,tac,D,63,1,3D,2D,1,0,b,3.37501769999972,1,0,1,1,3D,2D,D32,2.52572864430826,0.683690408173119,0.487416069506039,0.493667939766215,0.5,0.493667939766215,0.570775875489447,0.5,0.5,0.493667939766215,0.5,0.576211621509835,0.429224124510554,0.5,0.429224124510554,0.429224124510554,0.512583930493961,0.583063886337159,0.416936113662841,0.512583930493961,0.429224124510554,0.104835280956504,0.570519868604945,0.487416069506039,0.0689945980938296,0.429224124510553,-0.00543574602038874,CBCbothPairsRW,CBCdriftDiffusionLR_pwBelief,0.5,0.141551750978893,0.0126641204675696,1.34071682476842,0.73418839392798,2.34917759062923,0.5,71.3415669431952
CBC_1001,CBC_1001_MSI_TV_v3_Vset1_Tset1_2023-06-08_11h53.34.814.csv,2,11,0,1,z,0,1,1,tac,B,63,0,0B,1B,1,0,b,3.06084520000013,1,0,0,1,0B,1B,B01,3.25809653802148,0.683690408173119,0.487416069506039,0.493667939766215,0.5,0.493667939766215,0.570775875489447,0.5,0.5,0.493667939766215,0.5,0.576211621509835,0.429224124510554,0.5,0.429224124510554,0.423788378490165,0.581578528587791,0.423030042810036,0.576969957189964,0.493667939766215,0.570775875489447,0.105963149447134,0.434280742791388,0.506332060233785,0.0716721897028425,0.570775875489447,-0.00722837444718085,CBCbothPairsRW,CBCdriftDiffusionLR_pwBelief,0.5,0.141551750978893,0.0126641204675696,1.34071682476842,0.73418839392798,2.34917759062923,0.5,71.3415669431952
CBC_1001,CBC_1001_MSI_TV_v3_Vset1_Tset1_2023-06-08_11h53.34.814.csv,2,12,1,0,z,0,1,0,tac,A,63,1,1A,0A,0,1,b,2.5656597000002,1,0,0,0,1A,0A,A10,2.60268968544438,0.683690408173119,0.487416069506039,0.493667939766215,0.5,0.565340129469058,0.563547501042266,0.5,0.5,0.493667939766215,0.5,0.576211621509835,0.429224124510554,0.5,0.429224124510554,0.423788378490165,0.581578528587791,0.305523824865554,0.694476175134446,0.487416069506039,0.683690408173119,0.129322938335913,0.338013957726284,-0.487416069506039,-0.0689945980938296,-0.316309591826881,0.00400578277594339,CBCbothPairsRW,CBCdriftDiffusionLR_pwBelief,0.5,0.141551750978893,0.0126641204675696,1.34071682476842,0.73418839392798,2.34917759062923,0.5,71.3415669431952
CBC_1001,CBC_1001_MSI_TV_v3_Vset1_Tset1_2023-06-08_11h53.34.814.csv,2,13,3,2,b,1,0,3,tac,D,63,1,3D,2D,1,0,z,2.95413549999967,0,1,0,0,2D,3D,D32,2.23359222150709,0.687696190949062,0.418421471412209,0.493667939766215,0.5,0.565340129469058,0.563547501042266,0.5,0.5,0.493667939766215,0.5,0.576211621509835,0.429224124510554,0.5,0.429224124510554,0.423788378490165,0.581578528587791,0.346038702295329,0.653961297704671,0.423788378490165,0.581578528587791,0.0990877199302387,0.370685033845888,-0.423788378490165,-0.0599879870197886,-0.418421471412209,0.00529893992018195,CBCbothPairsRW,CBCdriftDiffusionLR_pwBelief,0.5,0.141551750978893,0.0126641204675696,1.34071682476842,0.73418839392798,2.34917759062923,0.5,71.3415669431952
CBC_1001,CBC_1001_MSI_TV_v3_Vset1_Tset1_2023-06-08_11h53.34.814.csv,2,14,0,2,z,0,1,2,tac,C,27,1,0C,2C,0,1,b,2.62160820000054,1,0,0,0,0C,2C,C02,2.67414864942653,0.687696190949062,0.418421471412209,0.493667939766215,0.5,0.565340129469058,0.563547501042266,0.5,0.5,0.493667939766215,0.5,0.576211621509835,0.429224124510554,0.5,0.429224124510554,0.363800391470376,0.586877468507973,0.417615345874223,0.582384654125777,0.493667939766215,0.576211621509835,0.155678560770283,0.429688045761846,-0.493667939766215,-0.0698795612760504,-0.423788378490165,0.00536690707795542,CBCbothPairsRW,CBCdriftDiffusionLR_pwBelief,0.5,0.141551750978893,0.0126641204675696,1.34071682476842,0.73418839392798,2.34917759062923,0.5,71.3415669431952
CBC_1001,CBC_1001_MSI_TV_v3_Vset1_Tset1_2023-06-08_11h53.34.814.csv,2,15,1,0,z,0,1,0,tac,A,63,1,1A,0A,0,1,b,2.59557020000057,1,0,0,0,1A,0A,A10,2.30258509299405,0.687696190949062,0.418421471412209,0.493667939766215,0.5,0.565340129469058,0.563547501042266,0.5,0.5,0.423788378490165,0.5,0.581578528587791,0.429224124510554,0.5,0.429224124510554,0.363800391470376,0.586877468507973,0.246265961612957,0.753734038387043,0.418421471412209,0.687696190949062,0.109748961506002,0.294471885572857,-0.418421471412209,-0.059228291925563,-0.312303809050938,0.00395505306030192,CBCbothPairsRW,CBCdriftDiffusionLR_pwBelief,0.5,0.141551750978893,0.0126641204675696,1.34071682476842,0.73418839392798,2.34917759062923,0.5,71.3415669431952
CBC_1001,CBC_1001_MSI_TV_v3_Vset1_Tset1_2023-06-08_11h53.34.814.csv,2,16,3,1,z,0,1,1,tac,B,27,1,3B,1B,0,1,z,2.52995490000058,0,1,1,1,1B,3B,B31,3.43398720448515,0.691651244009364,0.359193179486646,0.493667939766215,0.5,0.565340129469058,0.563547501042266,0.5,0.5,0.423788378490165,0.5,0.581578528587791,0.429224124510554,0.5,0.429224124510554,0.363800391470376,0.586877468507973,0.563547501042266,0.436452498957734,0.563547501042266,0.5,0.218206968856556,0.554962357338429,0.436452498957734,0.0617806154465807,0.5,-0.0063320602337848,CBCbothPairsRW,CBCdriftDiffusionLR_pwBelief,0.5,0.141551750978893,0.0126641204675696,1.34071682476842,0.73418839392798,2.34917759062923,0.5,71.3415669431952
CBC_1001,CBC_1001_MSI_TV_v3_Vset1_Tset1_2023-06-08_11h53.34.814.csv,2,17,2,3,b,1,0,2,tac,C,63,1,2C,3C,1,0,b,2.9325472000005,1,0,1,1,2C,3C,C23,3.46573590279973,0.691651244009364,0.359193179486646,0.493667939766215,0.5,0.565340129469058,0.625328116488846,0.5,0.493667939766215,0.423788378490165,0.5,0.581578528587791,0.429224124510554,0.5,0.429224124510554,0.363800391470376,0.586877468507973,0.648915183037133,0.351084816962867,0.581578528587791,0.429224124510554,0.170488831242697,0.624997513372696,0.418421471412209,0.059228291925563,0.429224124510553,-0.00543574602038874,CBCbothPairsRW,CBCdriftDiffusionLR_pwBelief,0.5,0.141551750978893,0.0126641204675696,1.34071682476842,0.73418839392798,2.34917759062923,0.5,71.3415669431952
CBC_1001,CBC_1001_MSI_TV_v3_Vset1_Tset1_2023-06-08_11h53.34.814.csv,2,18,3,2,b,1,0,3,tac,D,63,0,3D,2D,NaN,NaN,None,NaN,NaN,NaN,NaN,NaN,,,D32,2.11021320034659,0.691651244009364,0.359193179486646,0.493667939766215,0.5,0.565340129469058,0.625328116488846,0.5,0.493667939766215,0.423788378490165,0.5,0.640806820513354,0.423788378490165,0.5,0.429224124510554,0.363800391470376,0.586877468507973,0,0,0,0,NaN,0,0,0,0,0,CBCbothPairsRW,CBCdriftDiffusionLR_pwBelief,0.5,0.141551750978893,0.0126641204675696,1.34071682476842,0.73418839392798,2.34917759062923,0.5,71.3415669431952
CBC_1001,CBC_1001_MSI_TV_v3_Vset1_Tset1_2023-06-08_11h53.34.814.csv,2,19,0,1,z,0,1,1,tac,B,63,1,0B,1B,0,1,z,2.36990699999978,0,1,1,1,1B,0B,B01,2.83321334405622,0.691651244009364,0.359193179486646,0.493667939766215,0.5,0.565340129469058,0.625328116488846,0.5,0.493667939766215,0.423788378490165,0.5,0.640806820513354,0.423788378490165,0.5,0.429224124510554,0.363800391470376,0.586877468507973,0.562019486236118,0.437980513763882,0.625328116488846,0.565340129469058,0.250692081845778,0.552950832078286,0.374671883511154,0.0530354611535636,0.565340129469058,-0.00715953550474754,CBCbothPairsRW,CBCdriftDiffusionLR_pwBelief,0.5,0.141551750978893,0.0126641204675696,1.34071682476842,0.73418839392798,2.34917759062923,0.5,71.3415669431952
CBC_1001,CBC_1001_MSI_TV_v3_Vset1_Tset1_2023-06-08_11h53.34.814.csv,2,20,0,2,b,1,0,0,tac,A,27,1,0A,2A,1,0,b,2.4699942000002,1,0,1,1,0A,2A,A02,3.55534806148941,0.691651244009364,0.359193179486646,0.493667939766215,0.5,0.55818059396431,0.67836357764241,0.5,0.493667939766215,0.423788378490165,0.5,0.640806820513354,0.423788378490165,0.5,0.429224124510554,0.363800391470376,0.586877468507973,0.697026898462824,0.302973101537176,0.691651244009364,0.493667939766215,0.277639165096961,0.663749052285717,0.308348755990636,0.0436473063226379,0.493667939766215,-0.00625187026017624,CBCbothPairsRW,CBCdriftDiffusionLR_pwBelief,0.5,0.141551750978893,0.0126641204675696,1.34071682476842,0.73418839392798,2.34917759062923,0.5,71.3415669431952
CBC_1001,CBC_1001_MSI_TV_v3_Vset1_Tset1_2023-06-08_11h53.34.814.csv,2,21,3,0,b,1,0,3,tac,D,9,1,3D,0D,1,0,b,3.05295680000063,1,0,1,1,3D,0D,D30,3.58351893845611,0.735298550332002,0.359193179486646,0.487416069506039,0.5,0.55818059396431,0.67836357764241,0.5,0.493667939766215,0.423788378490165,0.5,0.640806820513354,0.423788378490165,0.5,0.429224124510554,0.363800391470376,0.586877468507973,0.586877468507973,0.413122531492027,0.586877468507973,0.5,0.140810143691812,0.573321382263032,0.413122531492027,0.0584782177015293,0.5,-0.0063320602337848,CBCbothPairsRW,CBCdriftDiffusionLR_pwBelief,0.5,0.141551750978893,0.0126641204675696,1.34071682476842,0.73418839392798,2.34917759062923,0.5,71.3415669431952
CBC_1001,CBC_1001_MSI_TV_v3_Vset1_Tset1_2023-06-08_11h53.34.814.csv,2,22,3,2,z,0,1,2,tac,C,63,1,3C,2C,0,1,z,2.24072060000026,0,1,1,1,2C,3C,C32,2.91777073208428,0.735298550332002,0.359193179486646,0.487416069506039,0.5,0.55818059396431,0.67836357764241,0.5,0.493667939766215,0.423788378490165,0.5,0.640806820513354,0.423788378490165,0.493667939766215,0.429224124510554,0.363800391470376,0.645355686209502,0.708086442903526,0.291913557096474,0.640806820513354,0.423788378490165,0.348271618702798,0.672893725891609,0.359193179486646,0.0508444234960106,0.423788378490165,-0.00536690707795543,CBCbothPairsRW,CBCdriftDiffusionLR_pwBelief,0.5,0.141551750978893,0.0126641204675696,1.34071682476842,0.73418839392798,2.34917759062923,0.5,71.3415669431952
CBC_1001,CBC_1001_MSI_TV_v3_Vset1_Tset1_2023-06-08_11h53.34.814.csv,2,23,1,3,b,1,0,1,tac,B,27,1,1B,3B,1,0,b,2.47497290000001,1,0,1,1,1B,3B,B13,3.63758615972639,0.735298550332002,0.359193179486646,0.487416069506039,0.5,0.55818059396431,0.67836357764241,0.5,0.493667939766215,0.423788378490165,0.5,0.691651244009364,0.418421471412209,0.493667939766215,0.429224124510554,0.363800391470376,0.645355686209502,0.683865002781426,0.316134997218574,0.67836357764241,0.493667939766215,0.27182852404296,0.653568830745958,0.32163642235759,0.0455281987633036,0.493667939766215,-0.00625187026017624,CBCbothPairsRW,CBCdriftDiffusionLR_pwBelief,0.5,0.141551750978893,0.0126641204675696,1.34071682476842,0.73418839392798,2.34917759062923,0.5,71.3415669431952
CBC_1001,CBC_1001_MSI_TV_v3_Vset1_Tset1_2023-06-08_11h53.34.814.csv,2,24,2,3,b,1,0,2,tac,C,63,1,2C,3C,1,0,z,2.54615030000014,0,1,0,0,3C,2C,C23,2.9704144655697,0.735298550332002,0.359193179486646,0.487416069506039,0.5,0.55818059396431,0.723891776405714,0.5,0.487416069506039,0.423788378490165,0.5,0.691651244009364,0.418421471412209,0.493667939766215,0.429224124510554,0.363800391470376,0.645355686209502,0.242851886245725,0.757148113754275,0.418421471412209,0.691651244009364,0.113874265103058,0.291316798227205,-0.418421471412209,-0.059228291925563,-0.308348755990636,0.00390496579189063,CBCbothPairsRW,CBCdriftDiffusionLR_pwBelief,0.5,0.141551750978893,0.0126641204675696,1.34071682476842,0.73418839392798,2.34917759062923,0.5,71.3415669431952
CBC_1001,CBC_1001_MSI_TV_v3_Vset1_Tset1_2023-06-08_11h53.34.814.csv,2,25,3,2,b,1,0,3,tac,D,63,1,3D,2D,1,0,b,2.97116570000026,1,0,1,1,3D,2D,D32,2.07944154167984,0.735298550332002,0.359193179486646,0.487416069506039,0.5,0.55818059396431,0.723891776405714,0.5,0.487416069506039,0.423788378490165,0.5,0.695556209801255,0.359193179486646,0.493667939766215,0.429224124510554,0.363800391470376,0.645355686209502,0.760895126974916,0.239104873025084,0.645355686209502,0.363800391470376,0.184343691995731,0.711025719468553,0.354644313790498,0.050200523591753,0.363800391470376,-0.00460721198372982,CBCbothPairsRW,CBCdriftDiffusionLR_pwBelief,0.5,0.141551750978893,0.0126641204675696,1.34071682476842,0.73418839392798,2.34917759062923,0.5,71.3415669431952
CBC_1001,CBC_1001_MSI_TV_v3_Vset1_Tset1_2023-06-08_11h53.34.814.csv,2,26,0,1,z,0,1,1,tac,B,63,1,0B,1B,0,1,b,2.71671500000002,1,0,0,0,0B,1B,B01,2.6149597780362,0.735298550332002,0.359193179486646,0.487416069506039,0.5,0.55818059396431,0.723891776405714,0.5,0.487416069506039,0.423788378490165,0.5,0.695556209801255,0.359193179486646,0.493667939766215,0.429224124510554,0.359193179486646,0.695556209801255,0.325179880595256,0.674820119404744,0.55818059396431,0.723891776405714,0.117787733199415,0.354342510334798,-0.55818059396431,-0.0790114404380866,-0.276108223594286,0.00349666780568468,CBCbothPairsRW,CBCdriftDiffusionLR_pwBelief,0.5,0.141551750978893,0.0126641204675696,1.34071682476842,0.73418839392798,2.34917759062923,0.5,71.3415669431952
CBC_1001,CBC_1001_MSI_TV_v3_Vset1_Tset1_2023-06-08_11h53.34.814.csv,2,27,3,0,z,0,1,0,tac,A,9,1,3A,0A,0,1,b,1.99343550000003,1,0,0,0,3A,0A,A30,3.73766961828337,0.735298550332002,0.359193179486646,0.487416069506039,0.5,0.479169153526224,0.727388444211398,0.5,0.487416069506039,0.423788378490165,0.5,0.695556209801255,0.359193179486646,0.493667939766215,0.429224124510554,0.359193179486646,0.695556209801255,0.264701449667998,0.735298550332002,0.5,0.735298550332002,0.197889862305108,0.30766054071308,-0.5,-0.0707758754894465,-0.264701449667998,0.00335221104653583,CBCbothPairsRW,CBCdriftDiffusionLR_pwBelief,0.5,0.141551750978893,0.0126641204675696,1.34071682476842,0.73418839392798,2.34917759062923,0.5,71.3415669431952
CBC_1001,CBC_1001_MSI_TV_v3_Vset1_Tset1_2023-06-08_11h53.34.814.csv,2,28,3,2,b,1,0,3,tac,D,63,1,3D,2D,1,0,z,2.72957930000075,0,1,0,0,2D,3D,D32,1.96944064646551,0.738650761378538,0.359193179486646,0.487416069506039,0.429224124510554,0.479169153526224,0.727388444211398,0.5,0.487416069506039,0.423788378490165,0.5,0.695556209801255,0.359193179486646,0.493667939766215,0.429224124510554,0.359193179486646,0.695556209801255,0.197009165690582,0.802990834309418,0.359193179486646,0.695556209801255,0.0851069856965151,0.260576260535804,-0.359193179486646,-0.0508444234960106,-0.304443790198745,0.00385551283468039,CBCbothPairsRW,CBCdriftDiffusionLR_pwBelief,0.5,0.141551750978893,0.0126641204675696,1.34071682476842,0.73418839392798,2.34917759062923,0.5,71.3415669431952
CBC_1001,CBC_1001_MSI_TV_v3_Vset1_Tset1_2023-06-08_11h53.34.814.csv,2,29,0,2,z,0,1,2,tac,C,27,1,0C,2C,0,1,b,4.16821710000067,1,0,0,0,0C,2C,C02,2.68557734525015,0.738650761378538,0.359193179486646,0.487416069506039,0.429224124510554,0.479169153526224,0.727388444211398,0.5,0.487416069506039,0.423788378490165,0.5,0.695556209801255,0.359193179486646,0.493667939766215,0.429224124510554,0.308348755990636,0.699411722635935,0.243522007610733,0.756477992389267,0.423788378490165,0.695556209801255,0.0238928244246286,0.292303008223754,-0.423788378490165,-0.0599879870197886,-0.304443790198745,0.00385551283468039,CBCbothPairsRW,CBCdriftDiffusionLR_pwBelief,0.5,0.141551750978893,0.0126641204675696,1.34071682476842,0.73418839392798,2.34917759062923,0.5,71.3415669431952
CBC_1001,CBC_1001_MSI_TV_v3_Vset1_Tset1_2023-06-08_11h53.34.814.csv,2,30,0,1,b,1,0,0,tac,A,63,0,0A,1A,0,1,b,3.2208958999995,1,0,1,0,0A,1A,A01,3.11351530921037,0.738650761378538,0.359193179486646,0.487416069506039,0.429224124510554,0.479169153526224,0.727388444211398,0.5,0.487416069506039,0.363800391470376,0.5,0.699411722635935,0.359193179486646,0.493667939766215,0.429224124510554,0.308348755990636,0.699411722635935,0.83449637840103,0.16550362159897,0.738650761378538,0.359193179486646,0.150389103499506,0.760241409151186,-0.738650761378538,-0.104557308635025,-0.640806820513354,0.00811525477142136,CBCbothPairsRW,CBCdriftDiffusionLR_pwBelief,0.5,0.141551750978893,0.0126641204675696,1.34071682476842,0.73418839392798,2.34917759062923,0.5,71.3415669431952
CBC_1001,CBC_1001_MSI_TV_v3_Vset1_Tset1_2023-06-08_11h53.34.814.csv,2,31,0,1,z,0,1,1,tac,B,63,1,0B,1B,0,1,z,2.92884339999955,0,1,1,1,1B,0B,B01,2.4423470353692,0.634093452743514,0.367308434258068,0.487416069506039,0.429224124510554,0.479169153526224,0.727388444211398,0.5,0.487416069506039,0.363800391470376,0.5,0.699411722635935,0.359193179486646,0.493667939766215,0.429224124510554,0.308348755990636,0.699411722635935,0.743603784569062,0.256396215430938,0.727388444211398,0.479169153526224,0.189230370888254,0.698698937983996,0.272611555788602,0.0385886430589567,0.479169153526224,-0.00606825588459945,CBCbothPairsRW,CBCdriftDiffusionLR_pwBelief,0.5,0.141551750978893,0.0126641204675696,1.34071682476842,0.73418839392798,2.34917759062923,0.5,71.3415669431952
CBC_1001,CBC_1001_MSI_TV_v3_Vset1_Tset1_2023-06-08_11h53.34.814.csv,2,32,1,3,z,0,1,3,tac,D,27,1,1D,3D,0,1,b,2.2916708000007,1,0,0,0,1D,3D,D13,3.85014760171006,0.634093452743514,0.367308434258068,0.487416069506039,0.429224124510554,0.473100897641624,0.765977087270355,0.5,0.487416069506039,0.363800391470376,0.5,0.699411722635935,0.359193179486646,0.493667939766215,0.429224124510554,0.308348755990636,0.699411722635935,0.244250523004086,0.755749476995914,0.429224124510554,0.699411722635935,0.145883943540893,0.292817106348582,-0.429224124510554,-0.0607574263868512,-0.300588277364065,0.00380668615567774,CBCbothPairsRW,CBCdriftDiffusionLR_pwBelief,0.5,0.141551750978893,0.0126641204675696,1.34071682476842,0.73418839392798,2.34917759062923,0.5,71.3415669431952
CBC_1001,CBC_1001_MSI_TV_v3_Vset1_Tset1_2023-06-08_11h53.34.814.csv,2,33,2,3,b,1,0,2,tac,C,63,1,2C,3C,1,0,b,3.4357827000008,1,0,1,1,2C,3C,C23,2.77258872223978,0.634093452743514,0.367308434258068,0.487416069506039,0.429224124510554,0.473100897641624,0.765977087270355,0.5,0.487416069506039,0.363800391470376,0.5,0.699411722635935,0.359193179486646,0.493667939766215,0.368466698123702,0.308348755990636,0.703218408791613,0.805865525081516,0.194134474918484,0.699411722635935,0.359193179486646,0.119958474050941,0.741706956557169,0.300588277364065,0.0425487969846125,0.359193179486646,-0.00454886569614824,CBCbothPairsRW,CBCdriftDiffusionLR_pwBelief,0.5,0.141551750978893,0.0126641204675696,1.34071682476842,0.73418839392798,2.34917759062923,0.5,71.3415669431952
CBC_1001,CBC_1001_MSI_TV_v3_Vset1_Tset1_2023-06-08_11h53.34.814.csv,2,34,0,1,z,0,1,1,tac,B,63,1,0B,1B,0,1,z,2.29848319999974,0,1,1,1,1B,0B,B01,2.28238238567653,0.634093452743514,0.367308434258068,0.487416069506039,0.429224124510554,0.473100897641624,0.765977087270355,0.5,0.487416069506039,0.363800391470376,0.5,0.741960519620548,0.354644313790498,0.493667939766215,0.368466698123702,0.308348755990636,0.703218408791613,0.784727798363221,0.215272201636779,0.765977087270355,0.473100897641624,0.362362875080912,0.72786059547952,0.234022912729645,0.0331263530660619,0.473100897641624,-0.00599140676104884,CBCbothPairsRW,CBCdriftDiffusionLR_pwBelief,0.5,0.141551750978893,0.0126641204675696,1.34071682476842,0.73418839392798,2.34917759062923,0.5,71.3415669431952
CBC_1001,CBC_1001_MSI_TV_v3_Vset1_Tset1_2023-06-08_11h53.34.814.csv,2,35,1,0,z,0,1,0,tac,A,63,1,1A,0A,0,1,z,1.66613030000053,0,1,1,1,0A,1A,A10,2.52572864430826,0.634093452743514,0.367308434258068,0.487416069506039,0.429224124510554,0.467109490880575,0.799103440336417,0.5,0.487416069506039,0.363800391470376,0.5,0.741960519620548,0.354644313790498,0.493667939766215,0.368466698123702,0.308348755990636,0.703218408791613,0.749058926623756,0.250941073376244,0.634093452743514,0.367308434258068,0.454284602163062,0.701106828277485,0.365906547256486,0.0517947124587967,0.367308434258068,-0.00465163826019854,CBCbothPairsRW,CBCdriftDiffusionLR_pwBelief,0.5,0.141551750978893,0.0126641204675696,1.34071682476842,0.73418839392798,2.34917759062923,0.5,71.3415669431952
CBC_1001,CBC_1001_MSI_TV_v3_Vset1_Tset1_2023-06-08_11h53.34.814.csv,2,36,2,1,b,1,0,2,tac,C,9,1,2C,1C,1,0,b,2.28756480000038,1,0,1,1,2C,1C,C21,3.93182563272433,0.68588816520231,0.362656795997869,0.487416069506039,0.429224124510554,0.467109490880575,0.799103440336417,0.5,0.487416069506039,0.363800391470376,0.5,0.741960519620548,0.354644313790498,0.493667939766215,0.368466698123702,0.308348755990636,0.703218408791613,0.741960519620548,0.258039480379452,0.741960519620548,0.5,0.34772391030112,0.697104681973178,0.258039480379452,0.0365259402693952,0.5,-0.0063320602337848,CBCbothPairsRW,CBCdriftDiffusionLR_pwBelief,0.5,0.141551750978893,0.0126641204675696,1.34071682476842,0.73418839392798,2.34917759062923,0.5,71.3415669431952
CBC_1001,CBC_1001_MSI_TV_v3_Vset1_Tset1_2023-06-08_11h53.34.814.csv,2,37,0,1,b,1,0,0,tac,A,63,1,0A,1A,1,0,b,2.02986720000035,1,0,1,1,0A,1A,A01,2.85263142991332,0.68588816520231,0.362656795997869,0.487416069506039,0.429224124510554,0.467109490880575,0.799103440336417,0.5,0.487416069506039,0.363800391470376,0.493667939766215,0.778486459889943,0.354644313790498,0.493667939766215,0.368466698123702,0.308348755990636,0.703218408791613,0.793280959032392,0.206719040967608,0.68588816520231,0.362656795997869,0.467562582701801,0.733037148083112,0.31411183479769,0.0444630802188057,0.362656795997869,-0.00459272935289982,CBCbothPairsRW,CBCdriftDiffusionLR_pwBelief,0.5,0.141551750978893,0.0126641204675696,1.34071682476842,0.73418839392798,2.34917759062923,0.5,71.3415669431952
CBC_1001,CBC_1001_MSI_TV_v3_Vset1_Tset1_2023-06-08_11h53.34.814.csv,2,38,1,3,z,0,1,3,tac,D,27,1,1D,3D,0,1,b,1.94946610000034,1,0,0,0,1D,3D,D13,3.27714473299218,0.730351245421116,0.358064066644969,0.487416069506039,0.429224124510554,0.467109490880575,0.799103440336417,0.5,0.487416069506039,0.363800391470376,0.493667939766215,0.778486459889943,0.354644313790498,0.493667939766215,0.368466698123702,0.308348755990636,0.703218408791613,0.197582729728934,0.802417270271066,0.368466698123702,0.703218408791613,0.177987539215038,0.261353516803071,-0.368466698123702,-0.0521571062968212,-0.296781591208387,0.00375847782362001,CBCbothPairsRW,CBCdriftDiffusionLR_pwBelief,0.5,0.141551750978893,0.0126641204675696,1.34071682476842,0.73418839392798,2.34917759062923,0.5,71.3415669431952
CBC_1001,CBC_1001_MSI_TV_v3_Vset1_Tset1_2023-06-08_11h53.34.814.csv,2,39,1,0,b,1,0,1,tac,B,63,1,1B,0B,1,0,b,3.06466469999987,1,0,1,1,1B,0B,B10,3.29583686600433,0.730351245421116,0.358064066644969,0.487416069506039,0.429224124510554,0.467109490880575,0.799103440336417,0.5,0.487416069506039,0.363800391470376,0.493667939766215,0.778486459889943,0.354644313790498,0.493667939766215,0.316309591826881,0.308348755990636,0.706976886615233,0.819424389629509,0.180575610370491,0.799103440336417,0.467109490880575,0.174855913341576,0.750477244946104,0.200896559663583,0.0284372597860158,0.467109490880575,-0.00591553086405671,CBCbothPairsRW,CBCdriftDiffusionLR_pwBelief,0.5,0.141551750978893,0.0126641204675696,1.34071682476842,0.73418839392798,2.34917759062923,0.5,71.3415669431952
CBC_1001,CBC_1001_MSI_TV_v3_Vset1_Tset1_2023-06-08_11h53.34.814.csv,2,40,3,2,z,0,1,2,tac,C,63,0,3C,2C,1,0,z,1.99799059999941,0,1,1,0,2C,3C,C32,2.90872089656436,0.730351245421116,0.358064066644969,0.487416069506039,0.429224124510554,0.461193960016519,0.827540700122433,0.5,0.487416069506039,0.363800391470376,0.493667939766215,0.778486459889943,0.354644313790498,0.493667939766215,0.316309591826881,0.308348755990636,0.706976886615233,0.864777905224707,0.135222094775293,0.778486459889943,0.354644313790498,0.525282395969665,0.778765375927769,-0.778486459889943,-0.110196121510781,-0.645355686209502,0.00817286215458818,CBCbothPairsRW,CBCdriftDiffusionLR_pwBelief,0.5,0.141551750978893,0.0126641204675696,1.34071682476842,0.73418839392798,2.34917759062923,0.5,71.3415669431952
CBC_1001,CBC_1001_MSI_TV_v3_Vset1_Tset1_2023-06-08_11h53.34.814.csv,2,41,0,2,b,1,0,0,tac,A,27,1,0A,2A,1,0,b,1.6262128000003,1,0,1,1,0A,2A,A02,3.3322045101752,0.730351245421116,0.358064066644969,0.487416069506039,0.429224124510554,0.461193960016519,0.827540700122433,0.5,0.487416069506039,0.363800391470376,0.493667939766215,0.668290338379162,0.362817175945086,0.493667939766215,0.316309591826881,0.308348755990636,0.706976886615233,0.740150653998482,0.259849346001518,0.730351245421116,0.487416069506039,0.407534422977646,0.695970013368414,0.269648754578884,0.0381692533599188,0.487416069506039,-0.00617269582205375,CBCbothPairsRW,CBCdriftDiffusionLR_pwBelief,0.5,0.141551750978893,0.0126641204675696,1.34071682476842,0.73418839392798,2.34917759062923,0.5,71.3415669431952
CBC_1001,CBC_1001_MSI_TV_v3_Vset1_Tset1_2023-06-08_11h53.34.814.csv,2,42,2,3,z,0,1,3,tac,D,63,1,2D,3D,0,1,z,2.74069949999966,0,1,1,1,3D,2D,D23,4.04305126783455,0.768520498781035,0.358064066644969,0.481243373683985,0.429224124510554,0.461193960016519,0.827540700122433,0.5,0.487416069506039,0.363800391470376,0.493667939766215,0.668290338379162,0.362817175945086,0.493667939766215,0.316309591826881,0.308348755990636,0.706976886615233,0.844039544296269,0.155960455703731,0.706976886615233,0.308348755990636,0.246440898876818,0.766196588313933,0.293023113384767,0.0414779347769004,0.308348755990636,-0.00390496579189063,CBCbothPairsRW,CBCdriftDiffusionLR_pwBelief,0.5,0.141551750978893,0.0126641204675696,1.34071682476842,0.73418839392798,2.34917759062923,0.5,71.3415669431952
CBC_1001,CBC_1001_MSI_TV_v3_Vset1_Tset1_2023-06-08_11h53.34.814.csv,2,43,1,3,b,1,0,1,tac,B,27,1,1B,3B,1,0,b,2.36596080000027,1,0,1,1,1B,3B,B13,3.36729582998647,0.768520498781035,0.358064066644969,0.481243373683985,0.429224124510554,0.461193960016519,0.827540700122433,0.5,0.487416069506039,0.363800391470376,0.493667939766215,0.668290338379162,0.362817175945086,0.493667939766215,0.316309591826881,0.304443790198745,0.748454821392133,0.834607950139765,0.165392049860235,0.827540700122433,0.487416069506039,0.35743277469662,0.76026342575874,0.172459299877567,0.0244119158702636,0.487416069506039,-0.00617269582205375,CBCbothPairsRW,CBCdriftDiffusionLR_pwBelief,0.5,0.141551750978893,0.0126641204675696,1.34071682476842,0.73418839392798,2.34917759062923,0.5,71.3415669431952
CBC_1001,CBC_1001_MSI_TV_v3_Vset1_Tset1_2023-06-08_11h53.34.814.csv,2,44,3,2,z,0,1,2,tac,C,63,1,3C,2C,0,1,z,2.1833700000002,0,1,1,1,2C,3C,C32,2.69124308278583,0.768520498781035,0.358064066644969,0.481243373683985,0.429224124510554,0.461193960016519,0.851952615992696,0.5,0.481243373683985,0.363800391470376,0.493667939766215,0.668290338379162,0.362817175945086,0.493667939766215,0.316309591826881,0.304443790198745,0.748454821392133,0.779648676655682,0.220351323344318,0.668290338379162,0.362817175945086,0.401292143726521,0.723948255353538,0.331709661620838,0.0469540834190457,0.362817175945086,-0.00459476042387197,CBCbothPairsRW,CBCdriftDiffusionLR_pwBelief,0.5,0.141551750978893,0.0126641204675696,1.34071682476842,0.73418839392798,2.34917759062923,0.5,71.3415669431952
CBC_1001,CBC_1001_MSI_AV_v3_Vset6_Aset1_2023-06-08_12h45.15.645.csv,3,1,1,0,z,0,1,0,aud,A,63,1,1A,0A,0,1,b,2.09499780000078,1,0,0,0,1A,0A,A10,2.77258872223978,0.5,0.5,0.5,0.5,0.5,0.5,0.5,0.5,0.5,0.5,0.5,0.5,0.5,0.5,0.5,0.5,0.5,0.5,0.5,0.5,0.28743784324674,0.50020624961044,-0.5,-0.149823600900493,-0.5,0.220930716191345,CBCbothPairsRW,CBCdriftDiffusionLR_pwBelief,0.5,0.299647201800986,0.441861432382689,1.40735973424893,1.57257186552182,2.45265162762935,0.5,43.4272493259961
CBC_1001,CBC_1001_MSI_AV_v3_Vset6_Aset1_2023-06-08_12h45.15.645.csv,3,2,3,2,b,1,0,3,aud,D,63,1,3D,2D,1,0,b,2.02259850000064,1,0,1,1,3D,2D,D32,2.83321334405622,0.720930716191345,0.350176399099507,0.5,0.5,0.5,0.5,0.5,0.5,0.5,0.5,0.5,0.5,0.5,0.5,0.5,0.5,0.5,0.5,0.5,0.5,0.297791939557569,0.498649117671171,0.5,0.149823600900493,0.5,-0.220930716191345,CBCbothPairsRW,CBCdriftDiffusionLR_pwBelief,0.5,0.299647201800986,0.441861432382689,1.40735973424893,1.57257186552182,2.45265162762935,0.5,43.4272493259961
CBC_1001,CBC_1001_MSI_AV_v3_Vset6_Aset1_2023-06-08_12h45.15.645.csv,3,3,2,0,b,1,0,2,aud,C,27,1,2C,0C,1,0,b,2.43564229999993,1,0,1,1,2C,0C,C20,2.89037175789616,0.720930716191345,0.350176399099507,0.5,0.5,0.5,0.5,0.5,0.5,0.5,0.5,0.5,0.5,0.5,0.5,0.279069283808655,0.649823600900493,0.5,0.5,0.5,0.5,0.223593045325057,0.499378146934225,0.5,0.149823600900493,0.5,-0.220930716191345,CBCbothPairsRW,CBCdriftDiffusionLR_pwBelief,0.5,0.299647201800986,0.441861432382689,1.40735973424893,1.57257186552182,2.45265162762935,0.5,43.4272493259961
CBC_1001,CBC_1001_MSI_AV_v3_Vset6_Aset1_2023-06-08_12h45.15.645.csv,3,4,1,0,z,0,1,0,aud,A,63,1,1A,0A,0,1,z,2.69116349999967,0,1,1,1,0A,1A,A10,2.2512917986065,0.720930716191345,0.350176399099507,0.5,0.5,0.5,0.5,0.5,0.5,0.279069283808655,0.5,0.649823600900493,0.5,0.5,0.5,0.279069283808655,0.649823600900493,0.827405055540947,0.172594944459053,0.720930716191345,0.350176399099507,0.325893121353155,0.92573837502858,0.279069283808655,0.0836223300018688,0.350176399099507,-0.15472944529272,CBCbothPairsRW,CBCdriftDiffusionLR_pwBelief,0.5,0.299647201800986,0.441861432382689,1.40735973424893,1.57257186552182,2.45265162762935,0.5,43.4272493259961
CBC_1001,CBC_1001_MSI_AV_v3_Vset6_Aset1_2023-06-08_12h45.15.645.csv,3,5,3,1,z,0,1,1,aud,B,27,1,3B,1B,0,1,z,2.31908350000049,0,1,1,1,1B,3B,B31,2.99573227355399,0.804553046193213,0.195446953806787,0.5,0.5,0.5,0.5,0.5,0.5,0.279069283808655,0.5,0.649823600900493,0.5,0.5,0.5,0.279069283808655,0.649823600900493,0.5,0.5,0.5,0.5,0.245131410391551,0.499584287014855,0.5,0.149823600900493,0.5,-0.220930716191345,CBCbothPairsRW,CBCdriftDiffusionLR_pwBelief,0.5,0.299647201800986,0.441861432382689,1.40735973424893,1.57257186552182,2.45265162762935,0.5,43.4272493259961
CBC_1001,CBC_1001_MSI_AV_v3_Vset6_Aset1_2023-06-08_12h45.15.645.csv,3,6,2,3,b,1,0,2,aud,C,63,1,2C,3C,1,0,b,1.85020870000062,1,0,1,1,2C,3C,C23,3.04452243772342,0.804553046193213,0.195446953806787,0.5,0.5,0.5,0.649823600900493,0.5,0.279069283808655,0.279069283808655,0.5,0.649823600900493,0.5,0.5,0.5,0.279069283808655,0.649823600900493,0.649823600900493,0.350176399099507,0.649823600900493,0.5,0.516347796101038,0.761175007893308,0.350176399099507,0.104929378126913,0.5,-0.220930716191345,CBCbothPairsRW,CBCdriftDiffusionLR_pwBelief,0.5,0.299647201800986,0.441861432382689,1.40735973424893,1.57257186552182,2.45265162762935,0.5,43.4272493259961
CBC_1001,CBC_1001_MSI_AV_v3_Vset6_Aset1_2023-06-08_12h45.15.645.csv,3,7,2,3,z,0,1,3,aud,D,63,0,2D,3D,1,0,z,2.00592620000043,0,1,1,0,3D,2D,D23,3.09104245335832,0.804553046193213,0.195446953806787,0.5,0.5,0.5,0.649823600900493,0.5,0.279069283808655,0.279069283808655,0.5,0.754752979027406,0.279069283808655,0.5,0.5,0.279069283808655,0.649823600900493,0.827405055540947,0.172594944459053,0.649823600900493,0.279069283808655,0.773773783297929,0.925785978955426,-0.649823600900493,-0.194717823674073,-0.720930716191345,0.318551478904985,CBCbothPairsRW,CBCdriftDiffusionLR_pwBelief,0.5,0.299647201800986,0.441861432382689,1.40735973424893,1.57257186552182,2.45265162762935,0.5,43.4272493259961
CBC_1001,CBC_1001_MSI_AV_v3_Vset6_Aset1_2023-06-08_12h45.15.645.csv,3,8,1,0,b,1,0,1,aud,B,63,1,1B,0B,1,0,z,2.63332570000057,0,1,0,0,0B,1B,B10,3.13549421592915,0.804553046193213,0.195446953806787,0.5,0.5,0.5,0.649823600900493,0.5,0.279069283808655,0.279069283808655,0.5,0.754752979027406,0.279069283808655,0.5,0.5,0.597620762713641,0.45510577722642,0.350176399099507,0.649823600900493,0.5,0.649823600900493,0.0933721977955913,0.239222076379707,-0.5,-0.149823600900493,-0.350176399099507,0.15472944529272,CBCbothPairsRW,CBCdriftDiffusionLR_pwBelief,0.5,0.299647201800986,0.441861432382689,1.40735973424893,1.57257186552182,2.45265162762935,0.5,43.4272493259961
CBC_1001,CBC_1001_MSI_AV_v3_Vset6_Aset1_2023-06-08_12h45.15.645.csv,3,9,0,2,b,1,0,0,aud,A,27,1,0A,2A,1,0,b,2.19143900000017,1,0,1,1,0A,2A,A02,3.17805383034795,0.804553046193213,0.195446953806787,0.5,0.5,0.350176399099507,0.804553046193213,0.5,0.279069283808655,0.279069283808655,0.5,0.754752979027406,0.279069283808655,0.5,0.5,0.597620762713641,0.45510577722642,0.804553046193213,0.195446953806787,0.804553046193213,0.5,0.609322167889089,0.912915798706409,0.195446953806787,0.0585651328087302,0.5,-0.220930716191345,CBCbothPairsRW,CBCdriftDiffusionLR_pwBelief,0.5,0.299647201800986,0.441861432382689,1.40735973424893,1.57257186552182,2.45265162762935,0.5,43.4272493259961
CBC_1001,CBC_1001_MSI_AV_v3_Vset6_Aset1_2023-06-08_12h45.15.645.csv,3,10,0,3,z,0,1,3,aud,D,9,1,0D,3D,0,1,z,2.55734659999962,0,1,1,1,3D,0D,D03,3.2188758248682,0.863118179001944,0.195446953806787,0.279069283808655,0.5,0.350176399099507,0.804553046193213,0.5,0.279069283808655,0.279069283808655,0.5,0.754752979027406,0.279069283808655,0.5,0.5,0.597620762713641,0.45510577722642,0.45510577722642,0.54489422277358,0.45510577722642,0.5,0.168564868961151,0.413749363194301,0.54489422277358,0.163276029131626,0.5,-0.220930716191345,CBCbothPairsRW,CBCdriftDiffusionLR_pwBelief,0.5,0.299647201800986,0.441861432382689,1.40735973424893,1.57257186552182,2.45265162762935,0.5,43.4272493259961
CBC_1001,CBC_1001_MSI_AV_v3_Vset6_Aset1_2023-06-08_12h45.15.645.csv,3,11,3,2,z,0,1,2,aud,C,63,0,3C,2C,1,0,z,2.05659800000103,0,1,1,0,2C,3C,C32,3.25809653802148,0.863118179001944,0.195446953806787,0.279069283808655,0.5,0.350176399099507,0.804553046193213,0.5,0.279069283808655,0.279069283808655,0.5,0.754752979027406,0.279069283808655,0.279069283808655,0.5,0.597620762713641,0.618381806358046,0.888271689007703,0.111728310992297,0.754752979027406,0.279069283808655,0.808716883739145,0.952270937073823,-0.754752979027406,-0.22615961821652,-0.720930716191345,0.318551478904985,CBCbothPairsRW,CBCdriftDiffusionLR_pwBelief,0.5,0.299647201800986,0.441861432382689,1.40735973424893,1.57257186552182,2.45265162762935,0.5,43.4272493259961
CBC_1001,CBC_1001_MSI_AV_v3_Vset6_Aset1_2023-06-08_12h45.15.645.csv,3,12,1,0,b,1,0,1,aud,B,63,1,1B,0B,1,0,b,2.75951770000029,1,0,1,1,1B,0B,B10,2.60268968544438,0.863118179001944,0.195446953806787,0.279069283808655,0.5,0.350176399099507,0.804553046193213,0.5,0.279069283808655,0.279069283808655,0.5,0.528593360810885,0.597620762713641,0.279069283808655,0.5,0.597620762713641,0.618381806358046,0.884245361051799,0.115754638948201,0.804553046193213,0.350176399099507,0.282208478059257,0.951051082684144,0.195446953806787,0.0585651328087302,0.350176399099507,-0.15472944529272,CBCbothPairsRW,CBCdriftDiffusionLR_pwBelief,0.5,0.299647201800986,0.441861432382689,1.40735973424893,1.57257186552182,2.45265162762935,0.5,43.4272493259961
CBC_1001,CBC_1001_MSI_AV_v3_Vset6_Aset1_2023-06-08_12h45.15.645.csv,3,13,3,2,b,1,0,3,aud,D,63,0,3D,2D,0,1,b,2.47841750000043,1,0,1,0,3D,2D,D32,2.63905732961526,0.863118179001944,0.195446953806787,0.279069283808655,0.5,0.195446953806787,0.863118179001944,0.5,0.279069283808655,0.279069283808655,0.5,0.528593360810885,0.597620762713641,0.279069283808655,0.5,0.597620762713641,0.618381806358046,0.521767258889196,0.478232741110804,0.618381806358046,0.597620762713641,0.234792481635038,0.542096675444426,-0.618381806358046,-0.185296377919828,-0.402379237286359,0.177795866148405,CBCbothPairsRW,CBCdriftDiffusionLR_pwBelief,0.5,0.299647201800986,0.441861432382689,1.40735973424893,1.57257186552182,2.45265162762935,0.5,43.4272493259961
CBC_1001,CBC_1001_MSI_AV_v3_Vset6_Aset1_2023-06-08_12h45.15.645.csv,3,14,3,2,z,0,1,2,aud,C,63,1,3C,2C,0,1,z,2.77059000000008,0,1,1,1,2C,3C,C32,2.67414864942653,0.863118179001944,0.195446953806787,0.279069283808655,0.5,0.195446953806787,0.863118179001944,0.5,0.279069283808655,0.279069283808655,0.5,0.528593360810885,0.597620762713641,0.279069283808655,0.5,0.775416628862045,0.433085428438218,0.43019318950768,0.56980681049232,0.528593360810885,0.597620762713641,0.125941183895465,0.367972360428345,0.471406639189115,0.141255680343425,0.597620762713641,-0.264065566234285,CBCbothPairsRW,CBCdriftDiffusionLR_pwBelief,0.5,0.299647201800986,0.441861432382689,1.40735973424893,1.57257186552182,2.45265162762935,0.5,43.4272493259961
CBC_1001,CBC_1001_MSI_AV_v3_Vset6_Aset1_2023-06-08_12h45.15.645.csv,3,15,1,3,b,1,0,1,aud,B,27,1,1B,3B,NaN,NaN,[],NaN,NaN,NaN,NaN,NaN,,,B13,3.40119738166216,0.863118179001944,0.195446953806787,0.279069283808655,0.5,0.195446953806787,0.863118179001944,0.5,0.279069283808655,0.279069283808655,0.5,0.669849041154311,0.333555196479356,0.279069283808655,0.5,0.775416628862045,0.433085428438218,0,0,0,0,NaN,0,0,0,0,0,CBCbothPairsRW,CBCdriftDiffusionLR_pwBelief,0.5,0.299647201800986,0.441861432382689,1.40735973424893,1.57257186552182,2.45265162762935,0.5,43.4272493259961
CBC_1001,CBC_1001_MSI_AV_v3_Vset6_Aset1_2023-06-08_12h45.15.645.csv,3,16,3,0,z,0,1,0,aud,A,9,1,3A,0A,0,1,z,1.59555200000068,0,1,1,1,0A,3A,A30,3.43398720448515,0.863118179001944,0.195446953806787,0.279069283808655,0.5,0.195446953806787,0.863118179001944,0.5,0.279069283808655,0.279069283808655,0.5,0.669849041154311,0.333555196479356,0.279069283808655,0.5,0.775416628862045,0.433085428438218,0.863118179001944,0.136881820998056,0.863118179001944,0.5,0.395341398673759,0.942635251449138,0.136881820998056,0.0410162546394911,0.5,-0.220930716191345,CBCbothPairsRW,CBCdriftDiffusionLR_pwBelief,0.5,0.299647201800986,0.441861432382689,1.40735973424893,1.57257186552182,2.45265162762935,0.5,43.4272493259961
CBC_1001,CBC_1001_MSI_AV_v3_Vset6_Aset1_2023-06-08_12h45.15.645.csv,3,17,3,2,b,1,0,3,aud,D,63,1,3D,2D,1,0,z,2.95673360000001,0,1,0,0,2D,3D,D32,2.36712361413162,0.904134433641435,0.195446953806787,0.279069283808655,0.279069283808655,0.195446953806787,0.863118179001944,0.5,0.279069283808655,0.279069283808655,0.5,0.669849041154311,0.333555196479356,0.279069283808655,0.5,0.775416628862045,0.433085428438218,0.81882798478262,0.18117201521738,0.775416628862045,0.433085428438218,0.229732830285074,0.921694743389173,-0.775416628862045,-0.232351423068466,-0.566914571561782,0.250497684628907,CBCbothPairsRW,CBCdriftDiffusionLR_pwBelief,0.5,0.299647201800986,0.441861432382689,1.40735973424893,1.57257186552182,2.45265162762935,0.5,43.4272493259961
CBC_1001,CBC_1001_MSI_AV_v3_Vset6_Aset1_2023-06-08_12h45.15.645.csv,3,18,2,0,b,1,0,2,aud,C,27,1,2C,0C,1,0,b,1.85350890000063,1,0,1,1,2C,0C,C20,2.80336038090653,0.904134433641435,0.195446953806787,0.279069283808655,0.279069283808655,0.195446953806787,0.863118179001944,0.5,0.279069283808655,0.279069283808655,0.5,0.669849041154311,0.333555196479356,0.279069283808655,0.5,0.54306520579358,0.683583113067126,0.839779091917251,0.160220908082749,0.669849041154311,0.279069283808655,0.873888320837989,0.93201637077362,0.330150958845689,0.0989288109900233,0.279069283808655,-0.123309953477704,CBCbothPairsRW,CBCdriftDiffusionLR_pwBelief,0.5,0.299647201800986,0.441861432382689,1.40735973424893,1.57257186552182,2.45265162762935,0.5,43.4272493259961
CBC_1001,CBC_1001_MSI_AV_v3_Vset6_Aset1_2023-06-08_12h45.15.645.csv,3,19,1,0,z,0,1,0,aud,A,63,1,1A,0A,0,1,b,2.22779300000002,1,0,0,0,1A,0A,A10,2.42774823594805,0.904134433641435,0.195446953806787,0.279069283808655,0.279069283808655,0.195446953806787,0.863118179001944,0.5,0.279069283808655,0.155759330330952,0.5,0.768777852144334,0.333555196479356,0.279069283808655,0.5,0.54306520579358,0.683583113067126,0.0251107191424496,0.97488928085755,0.195446953806787,0.904134433641435,0.0169204567978276,0.0251057446422241,-0.195446953806787,-0.0585651328087302,-0.0958655663585654,0.0423592964673734,CBCbothPairsRW,CBCdriftDiffusionLR_pwBelief,0.5,0.299647201800986,0.441861432382689,1.40735973424893,1.57257186552182,2.45265162762935,0.5,43.4272493259961
CBC_1001,CBC_1001_MSI_AV_v3_Vset6_Aset1_2023-06-08_12h45.15.645.csv,3,20,0,1,z,0,1,1,aud,B,63,0,0B,1B,1,0,z,1.55913200000123,0,1,1,0,1B,0B,B01,3.55534806148941,0.946493730108808,0.136881820998056,0.279069283808655,0.279069283808655,0.195446953806787,0.863118179001944,0.5,0.279069283808655,0.155759330330952,0.5,0.768777852144334,0.333555196479356,0.279069283808655,0.5,0.54306520579358,0.683583113067126,0.962903536053364,0.037096463946636,0.863118179001944,0.195446953806787,0.29614065027705,0.972621188561352,-0.863118179001944,-0.258630947161495,-0.804553046193213,0.355500961418789,CBCbothPairsRW,CBCdriftDiffusionLR_pwBelief,0.5,0.299647201800986,0.441861432382689,1.40735973424893,1.57257186552182,2.45265162762935,0.5,43.4272493259961
CBC_1001,CBC_1001_MSI_AV_v3_Vset6_Aset1_2023-06-08_12h45.15.645.csv,3,21,1,3,z,0,1,3,aud,D,27,1,1D,3D,0,1,z,3.07898800000112,0,1,1,1,3D,1D,D13,3.58351893845611,0.946493730108808,0.136881820998056,0.279069283808655,0.279069283808655,0.550947915225576,0.604487231840449,0.5,0.279069283808655,0.155759330330952,0.5,0.768777852144334,0.333555196479356,0.279069283808655,0.5,0.54306520579358,0.683583113067126,0.683583113067126,0.316416886932874,0.683583113067126,0.5,0.203571026550612,0.804455426679591,0.316416886932874,0.0948134347720147,0.5,-0.220930716191345,CBCbothPairsRW,CBCdriftDiffusionLR_pwBelief,0.5,0.299647201800986,0.441861432382689,1.40735973424893,1.57257186552182,2.45265162762935,0.5,43.4272493259961
CBC_1001,CBC_1001_MSI_AV_v3_Vset6_Aset1_2023-06-08_12h45.15.645.csv,3,22,2,3,b,1,0,2,aud,C,63,1,2C,3C,1,0,b,2.08173770000121,1,0,1,1,2C,3C,C23,2.91777073208428,0.946493730108808,0.136881820998056,0.279069283808655,0.279069283808655,0.550947915225576,0.604487231840449,0.5,0.279069283808655,0.155759330330952,0.5,0.768777852144334,0.333555196479356,0.279069283808655,0.279069283808655,0.54306520579358,0.77839654783914,0.869162281060288,0.130837718939712,0.768777852144334,0.333555196479356,0.763020620672774,0.94509014430113,0.231222147855666,0.0692850695993642,0.333555196479356,-0.147385176895058,CBCbothPairsRW,CBCdriftDiffusionLR_pwBelief,0.5,0.299647201800986,0.441861432382689,1.40735973424893,1.57257186552182,2.45265162762935,0.5,43.4272493259961
CBC_1001,CBC_1001_MSI_AV_v3_Vset6_Aset1_2023-06-08_12h45.15.645.csv,3,23,1,0,b,1,0,1,aud,B,63,1,1B,0B,1,0,z,2.3606776000006,0,1,0,0,0B,1B,B10,2.53897387105828,0.946493730108808,0.136881820998056,0.279069283808655,0.279069283808655,0.550947915225576,0.604487231840449,0.5,0.279069283808655,0.155759330330952,0.5,0.838062921743698,0.186170019584299,0.279069283808655,0.279069283808655,0.54306520579358,0.77839654783914,0.445295833290128,0.554704166709872,0.550947915225576,0.604487231840449,0.189776989637544,0.396307612781362,-0.550947915225576,-0.165090001135431,-0.395512768159551,0.174761838264622,CBCbothPairsRW,CBCdriftDiffusionLR_pwBelief,0.5,0.299647201800986,0.441861432382689,1.40735973424893,1.57257186552182,2.45265162762935,0.5,43.4272493259961
CBC_1001,CBC_1001_MSI_AV_v3_Vset6_Aset1_2023-06-08_12h45.15.645.csv,3,24,2,0,z,0,1,0,aud,A,27,1,2A,0A,0,1,z,2.26862320000055,0,1,1,1,0A,2A,A20,3.66356164612965,0.946493730108808,0.136881820998056,0.279069283808655,0.279069283808655,0.385857914090145,0.77924907010507,0.5,0.279069283808655,0.155759330330952,0.5,0.838062921743698,0.186170019584299,0.279069283808655,0.279069283808655,0.54306520579358,0.77839654783914,0.978585679479413,0.0214143205205871,0.946493730108808,0.279069283808655,0.608656908461132,0.975665883748897,0.0535062698911919,0.016033004051704,0.279069283808655,-0.123309953477704,CBCbothPairsRW,CBCdriftDiffusionLR_pwBelief,0.5,0.299647201800986,0.441861432382689,1.40735973424893,1.57257186552182,2.45265162762935,0.5,43.4272493259961
CBC_1001,CBC_1001_MSI_AV_v3_Vset6_Aset1_2023-06-08_12h45.15.645.csv,3,25,2,3,z,0,1,3,aud,D,63,1,2D,3D,0,1,z,2.56164250000074,0,1,1,1,3D,2D,D23,2.99573227355399,0.962526734160512,0.136881820998056,0.155759330330952,0.279069283808655,0.385857914090145,0.77924907010507,0.5,0.279069283808655,0.155759330330952,0.5,0.838062921743698,0.186170019584299,0.279069283808655,0.279069283808655,0.54306520579358,0.77839654783914,0.747185575841947,0.252814424158053,0.77839654783914,0.54306520579358,0.370357288330336,0.870836879714148,0.22160345216086,0.0664028543494402,0.54306520579358,-0.239959569709151,CBCbothPairsRW,CBCdriftDiffusionLR_pwBelief,0.5,0.299647201800986,0.441861432382689,1.40735973424893,1.57257186552182,2.45265162762935,0.5,43.4272493259961
CBC_1001,CBC_1001_MSI_AV_v3_Vset6_Aset1_2023-06-08_12h45.15.645.csv,3,26,2,0,b,1,0,2,aud,C,27,1,2C,0C,1,0,b,2.45149890000084,1,0,1,1,2C,0C,C20,2.6149597780362,0.962526734160512,0.136881820998056,0.155759330330952,0.279069283808655,0.385857914090145,0.77924907010507,0.5,0.279069283808655,0.155759330330952,0.5,0.838062921743698,0.186170019584299,0.279069283808655,0.279069283808655,0.303105636084429,0.844799402188581,0.965577331405599,0.034422668594401,0.838062921743698,0.155759330330952,0.434872218960654,0.973108005630229,0.161937078256302,0.0485239923673282,0.155759330330952,-0.0688240408070027,CBCbothPairsRW,CBCdriftDiffusionLR_pwBelief,0.5,0.299647201800986,0.441861432382689,1.40735973424893,1.57257186552182,2.45265162762935,0.5,43.4272493259961
CBC_1001,CBC_1001_MSI_AV_v3_Vset6_Aset1_2023-06-08_12h45.15.645.csv,3,27,1,0,b,1,0,1,aud,B,63,1,1B,0B,1,0,b,2.80006240000057,1,0,1,1,1B,0B,B10,2.35137525716348,0.962526734160512,0.136881820998056,0.155759330330952,0.279069283808655,0.385857914090145,0.77924907010507,0.5,0.279069283808655,0.086935289523949,0.5,0.886586914111026,0.186170019584299,0.279069283808655,0.279069283808655,0.303105636084429,0.844799402188581,0.848906831098881,0.151093168901119,0.77924907010507,0.385857914090145,0.276606784472702,0.936472185092415,0.22075092989493,0.0661473984379812,0.385857914090145,-0.170495730616068,CBCbothPairsRW,CBCdriftDiffusionLR_pwBelief,0.5,0.299647201800986,0.441861432382689,1.40735973424893,1.57257186552182,2.45265162762935,0.5,43.4272493259961
CBC_1001,CBC_1001_MSI_AV_v3_Vset6_Aset1_2023-06-08_12h45.15.645.csv,3,28,0,1,b,1,0,0,aud,A,63,1,0A,1A,1,0,b,1.84562410000035,1,0,1,1,0A,1A,A01,3.76120011569356,0.962526734160512,0.136881820998056,0.155759330330952,0.279069283808655,0.215362183474077,0.845396468543052,0.5,0.279069283808655,0.086935289523949,0.5,0.886586914111026,0.186170019584299,0.279069283808655,0.279069283808655,0.303105636084429,0.844799402188581,0.993863636831296,0.00613636316870381,0.962526734160512,0.136881820998056,1.1997592116035,0.978250508024944,0.0374732658394878,0.011228759251147,0.136881820998056,-0.0604827974933521,CBCbothPairsRW,CBCdriftDiffusionLR_pwBelief,0.5,0.299647201800986,0.441861432382689,1.40735973424893,1.57257186552182,2.45265162762935,0.5,43.4272493259961
CBC_1001,CBC_1001_MSI_AV_v3_Vset6_Aset1_2023-06-08_12h45.15.645.csv,3,29,3,2,z,0,1,2,aud,C,63,0,3C,2C,1,0,z,1.91158820000055,0,1,1,0,2C,3C,C32,2.68557734525015,0.973755493411659,0.0763990235047044,0.155759330330952,0.279069283808655,0.215362183474077,0.845396468543052,0.5,0.279069283808655,0.086935289523949,0.5,0.886586914111026,0.186170019584299,0.279069283808655,0.279069283808655,0.303105636084429,0.844799402188581,0.971569036619318,0.028430963380682,0.886586914111026,0.186170019584299,1.08809653157425,0.974270787303303,-0.886586914111026,-0.26566328796674,-0.813829980415701,0.359600080862458,CBCbothPairsRW,CBCdriftDiffusionLR_pwBelief,0.5,0.299647201800986,0.441861432382689,1.40735973424893,1.57257186552182,2.45265162762935,0.5,43.4272493259961
CBC_1001,CBC_1001_MSI_AV_v3_Vset6_Aset1_2023-06-08_12h45.15.645.csv,3,30,3,1,b,1,0,3,aud,D,27,1,3D,1D,1,0,b,2.27335850000054,1,0,1,1,3D,1D,D31,3.80666248977032,0.973755493411659,0.0763990235047044,0.155759330330952,0.279069283808655,0.215362183474077,0.845396468543052,0.5,0.279069283808655,0.086935289523949,0.5,0.620923626144286,0.545770100446756,0.279069283808655,0.279069283808655,0.303105636084429,0.844799402188581,0.933606984794811,0.0663930152051886,0.844799402188581,0.279069283808655,0.604637760073888,0.966040673477671,0.155200597811419,0.046505424852032,0.279069283808655,-0.123309953477704,CBCbothPairsRW,CBCdriftDiffusionLR_pwBelief,0.5,0.299647201800986,0.441861432382689,1.40735973424893,1.57257186552182,2.45265162762935,0.5,43.4272493259961
CBC_1001,CBC_1001_MSI_AV_v3_Vset6_Aset1_2023-06-08_12h45.15.645.csv,3,31,1,0,z,0,1,0,aud,A,63,0,1A,0A,1,0,z,1.78355660000034,0,1,1,0,0A,1A,A10,2.4423470353692,0.973755493411659,0.0763990235047044,0.155759330330952,0.279069283808655,0.215362183474077,0.845396468543052,0.5,0.279069283808655,0.086935289523949,0.5,0.620923626144286,0.545770100446756,0.279069283808655,0.155759330330952,0.303105636084429,0.891304827040613,0.9977755391404,0.00222446085960024,0.973755493411659,0.0763990235047044,1.23516027538325,0.978920567046403,-0.973755493411659,-0.291783108839142,-0.923600976495296,0.408103650424262,CBCbothPairsRW,CBCdriftDiffusionLR_pwBelief,0.5,0.299647201800986,0.441861432382689,1.40735973424893,1.57257186552182,2.45265162762935,0.5,43.4272493259961
CBC_1001,CBC_1001_MSI_AV_v3_Vset6_Aset1_2023-06-08_12h45.15.645.csv,3,32,3,2,b,1,0,3,aud,D,63,1,3D,2D,1,0,b,2.42577440000059,1,0,1,1,3D,2D,D32,2.46385324059017,0.681972384572517,0.484502673928966,0.155759330330952,0.279069283808655,0.215362183474077,0.845396468543052,0.5,0.279069283808655,0.086935289523949,0.5,0.620923626144286,0.545770100446756,0.279069283808655,0.155759330330952,0.303105636084429,0.891304827040613,0.949630712120133,0.0503692878798671,0.891304827040613,0.303105636084429,0.461672789230604,0.969762166193731,0.108695172959387,0.0325702044265546,0.303105636084429,-0.133930690523532,CBCbothPairsRW,CBCdriftDiffusionLR_pwBelief,0.5,0.299647201800986,0.441861432382689,1.40735973424893,1.57257186552182,2.45265162762935,0.5,43.4272493259961
CBC_1001,CBC_1001_MSI_AV_v3_Vset6_Aset1_2023-06-08_12h45.15.645.csv,3,33,2,1,z,0,1,1,aud,B,9,1,2B,1B,0,1,z,2.6262540000007,0,1,1,1,1B,2B,B21,3.87120101090789,0.681972384572517,0.484502673928966,0.155759330330952,0.279069283808655,0.215362183474077,0.845396468543052,0.5,0.279069283808655,0.086935289523949,0.5,0.620923626144286,0.545770100446756,0.279069283808655,0.155759330330952,0.169174945560897,0.923875031467167,0.845396468543052,0.154603531456948,0.845396468543052,0.5,0.354335388191062,0.934823602762221,0.154603531456948,0.0463265155896253,0.5,-0.220930716191345,CBCbothPairsRW,CBCdriftDiffusionLR_pwBelief,0.5,0.299647201800986,0.441861432382689,1.40735973424893,1.57257186552182,2.45265162762935,0.5,43.4272493259961
CBC_1001,CBC_1001_MSI_AV_v3_Vset6_Aset1_2023-06-08_12h45.15.645.csv,3,34,1,0,z,0,1,0,aud,A,63,1,1A,0A,0,1,z,3.53284429999985,0,1,1,1,0A,1A,A10,2.28238238567653,0.681972384572517,0.484502673928966,0.155759330330952,0.279069283808655,0.215362183474077,0.891722984132677,0.279069283808655,0.279069283808655,0.086935289523949,0.5,0.620923626144286,0.545770100446756,0.279069283808655,0.155759330330952,0.169174945560897,0.923875031467167,0.69526703183711,0.30473296816289,0.681972384572517,0.484502673928966,0.1299141318716,0.8182102976126,0.318027615427483,0.0952960850582853,0.484502673928966,-0.214083045495496,CBCbothPairsRW,CBCdriftDiffusionLR_pwBelief,0.5,0.299647201800986,0.441861432382689,1.40735973424893,1.57257186552182,2.45265162762935,0.5,43.4272493259961
CBC_1001,CBC_1001_MSI_AV_v3_Vset6_Aset1_2023-06-08_12h45.15.645.csv,3,35,2,1,b,1,0,2,aud,C,9,1,2C,1C,1,0,b,2.38442920000034,1,0,1,1,2C,1C,C21,3.91202300542815,0.777268469630802,0.27041962843347,0.155759330330952,0.279069283808655,0.215362183474077,0.891722984132677,0.279069283808655,0.279069283808655,0.086935289523949,0.5,0.620923626144286,0.545770100446756,0.279069283808655,0.155759330330952,0.169174945560897,0.923875031467167,0.620923626144286,0.379076373855714,0.620923626144286,0.5,0.346020087450089,0.717112875986662,0.379076373855714,0.113589174694729,0.5,-0.220930716191345,CBCbothPairsRW,CBCdriftDiffusionLR_pwBelief,0.5,0.299647201800986,0.441861432382689,1.40735973424893,1.57257186552182,2.45265162762935,0.5,43.4272493259961
CBC_1001,CBC_1001_MSI_AV_v3_Vset6_Aset1_2023-06-08_12h45.15.645.csv,3,36,1,0,b,1,0,1,aud,B,63,1,1B,0B,1,0,b,2.44020950000049,1,0,1,1,1B,0B,B10,2.32238772029023,0.777268469630802,0.27041962843347,0.155759330330952,0.279069283808655,0.215362183474077,0.891722984132677,0.279069283808655,0.279069283808655,0.086935289523949,0.279069283808655,0.734512800839015,0.545770100446756,0.279069283808655,0.155759330330952,0.169174945560897,0.923875031467167,0.967747126166246,0.0322528738337543,0.891722984132677,0.215362183474077,0.443274669313337,0.973541587673815,0.108277015867323,0.0324449048240043,0.215362183474077,-0.0951602428709192,CBCbothPairsRW,CBCdriftDiffusionLR_pwBelief,0.5,0.299647201800986,0.441861432382689,1.40735973424893,1.57257186552182,2.45265162762935,0.5,43.4272493259961
CBC_1001,CBC_1001_MSI_AV_v3_Vset6_Aset1_2023-06-08_12h45.15.645.csv,3,37,0,1,b,1,0,0,aud,A,63,0,0A,1A,0,1,b,2.50709600000027,1,0,1,0,0A,1A,A01,3.25809653802148,0.777268469630802,0.27041962843347,0.155759330330952,0.279069283808655,0.120201940603158,0.924167888956681,0.279069283808655,0.279069283808655,0.086935289523949,0.279069283808655,0.734512800839015,0.545770100446756,0.279069283808655,0.155759330330952,0.169174945560897,0.923875031467167,0.903985427936432,0.0960145720635677,0.777268469630802,0.27041962843347,0.413328010907589,0.957551996514089,-0.777268469630802,-0.232906321973005,-0.72958037156653,0.322373428018681,CBCbothPairsRW,CBCdriftDiffusionLR_pwBelief,0.5,0.299647201800986,0.441861432382689,1.40735973424893,1.57257186552182,2.45265162762935,0.5,43.4272493259961
CBC_1001,CBC_1001_MSI_AV_v3_Vset6_Aset1_2023-06-08_12h45.15.645.csv,3,38,0,1,z,0,1,1,aud,B,63,1,0B,1B,0,1,z,2.32225920000019,0,1,1,1,1B,0B,B01,3.27714473299218,0.544362147657798,0.592793056452152,0.155759330330952,0.279069283808655,0.120201940603158,0.924167888956681,0.279069283808655,0.279069283808655,0.086935289523949,0.279069283808655,0.734512800839015,0.545770100446756,0.279069283808655,0.155759330330952,0.169174945560897,0.923875031467167,0.988913636433138,0.0110863635668618,0.924167888956681,0.120201940603158,0.546765164866776,0.977567571171269,0.0758321110433187,0.0227228798807921,0.120201940603158,-0.0531126016500902,CBCbothPairsRW,CBCdriftDiffusionLR_pwBelief,0.5,0.299647201800986,0.441861432382689,1.40735973424893,1.57257186552182,2.45265162762935,0.5,43.4272493259961
CBC_1001,CBC_1001_MSI_AV_v3_Vset6_Aset1_2023-06-08_12h45.15.645.csv,3,39,1,3,z,0,1,3,aud,D,27,1,1D,3D,0,1,z,2.41200180000033,0,1,1,1,3D,1D,D13,3.29583686600433,0.544362147657798,0.592793056452152,0.155759330330952,0.279069283808655,0.0670893389530676,0.946890768837473,0.279069283808655,0.279069283808655,0.086935289523949,0.279069283808655,0.734512800839015,0.545770100446756,0.279069283808655,0.155759330330952,0.169174945560897,0.923875031467167,0.985025607288489,0.014974392711511,0.923875031467167,0.155759330330952,0.460182599748663,0.976837417125117,0.0761249685328327,0.0228106338080514,0.155759330330952,-0.0688240408070027,CBCbothPairsRW,CBCdriftDiffusionLR_pwBelief,0.5,0.299647201800986,0.441861432382689,1.40735973424893,1.57257186552182,2.45265162762935,0.5,43.4272493259961
CBC_1001,CBC_1001_MSI_AV_v3_Vset6_Aset1_2023-06-08_12h45.15.645.csv,3,40,3,2,z,0,1,2,aud,C,63,1,3C,2C,0,1,z,1.84050730000035,0,1,1,1,2C,3C,C32,2.62103882411258,0.544362147657798,0.592793056452152,0.155759330330952,0.279069283808655,0.0670893389530676,0.946890768837473,0.279069283808655,0.279069283808655,0.086935289523949,0.279069283808655,0.734512800839015,0.545770100446756,0.279069283808655,0.086935289523949,0.169174945560897,0.946685665275219,0.697209845512896,0.302790154487104,0.734512800839015,0.545770100446756,0.595229238141285,0.820636472074989,0.265487199160985,0.0795524963425702,0.545770100446756,-0.241154758335048,CBCbothPairsRW,CBCdriftDiffusionLR_pwBelief,0.5,0.299647201800986,0.441861432382689,1.40735973424893,1.57257186552182,2.45265162762935,0.5,43.4272493259961
CBC_1001,CBC_1001_MSI_AV_v3_Vset6_Aset1_2023-06-08_12h45.15.645.csv,3,41,0,2,b,1,0,0,aud,A,27,1,0A,2A,1,0,b,2.03445600000032,1,0,1,1,0A,2A,A02,3.3322045101752,0.544362147657798,0.592793056452152,0.155759330330952,0.279069283808655,0.0670893389530676,0.946890768837473,0.279069283808655,0.279069283808655,0.086935289523949,0.279069283808655,0.814065297181585,0.304615342111708,0.279069283808655,0.086935289523949,0.169174945560897,0.946685665275219,0.866231554861626,0.133768445138374,0.544362147657798,0.155759330330952,0.804389926521849,0.944017592555371,0.455637852342202,0.136530607488952,0.155759330330952,-0.0688240408070027,CBCbothPairsRW,CBCdriftDiffusionLR_pwBelief,0.5,0.299647201800986,0.441861432382689,1.40735973424893,1.57257186552182,2.45265162762935,0.5,43.4272493259961
CBC_1001,CBC_1001_MSI_AV_v3_Vset6_Aset1_2023-06-08_12h45.15.645.csv,3,42,2,3,z,0,1,3,aud,D,63,1,2D,3D,0,1,z,2.35965800000031,0,1,1,1,3D,2D,D23,2.94443897916644,0.68089275514675,0.592793056452152,0.086935289523949,0.279069283808655,0.0670893389530676,0.946890768837473,0.279069283808655,0.279069283808655,0.086935289523949,0.279069283808655,0.814065297181585,0.304615342111708,0.279069283808655,0.086935289523949,0.169174945560897,0.946685665275219,0.988662618322543,0.0113373816774568,0.946685665275219,0.169174945560897,0.508230860900412,0.977508348419546,0.0533143347247813,0.0159754912161619,0.169174945560897,-0.0747518837688014,CBCbothPairsRW,CBCdriftDiffusionLR_pwBelief,0.5,0.299647201800986,0.441861432382689,1.40735973424893,1.57257186552182,2.45265162762935,0.5,43.4272493259961
CBC_1001,CBC_1001_MSI_AV_v3_Vset6_Aset1_2023-06-08_12h45.15.645.csv,3,43,1,3,b,1,0,1,aud,B,27,0,1B,3B,0,1,b,2.3914889000007,1,0,1,0,1B,3B,B13,3.36729582998647,0.68089275514675,0.592793056452152,0.086935289523949,0.279069283808655,0.0670893389530676,0.946890768837473,0.279069283808655,0.279069283808655,0.086935289523949,0.279069283808655,0.814065297181585,0.304615342111708,0.279069283808655,0.086935289523949,0.0944230617920956,0.962661156491381,0.978749929092569,0.0212500709074306,0.946890768837473,0.279069283808655,0.481672153772875,0.975648414451236,-0.946890768837473,-0.283733169293333,-0.720930716191345,0.318551478904985,CBCbothPairsRW,CBCdriftDiffusionLR_pwBelief,0.5,0.299647201800986,0.441861432382689,1.40735973424893,1.57257186552182,2.45265162762935,0.5,43.4272493259961
CBC_1001,CBC_1001_MSI_AV_v3_Vset6_Aset1_2023-06-08_12h45.15.645.csv,3,44,3,2,z,0,1,2,aud,C,63,1,3C,2C,0,1,z,2.74693790000129,0,1,1,1,2C,3C,C32,2.46809953147162,0.68089275514675,0.592793056452152,0.086935289523949,0.279069283808655,0.0670893389530676,0.66315759954414,0.279069283808655,0.597620762713641,0.086935289523949,0.279069283808655,0.814065297181585,0.304615342111708,0.279069283808655,0.086935289523949,0.0944230617920956,0.962661156491381,0.909047534929348,0.0909524650706519,0.814065297181585,0.304615342111708,0.278118703270134,0.959086248776219,0.185934702818415,0.0557148134172358,0.304615342111708,-0.134597771391222,CBCbothPairsRW,CBCdriftDiffusionLR_pwBelief,0.5,0.299647201800986,0.441861432382689,1.40735973424893,1.57257186552182,2.45265162762935,0.5,43.4272493259961
CBC_1001,CBC_1001_MSI_TV_v3_Vset3_Tset2_2023-06-08_12h53.37.433.csv,4,1,0,1,z,0,1,1,tac,B,63,1,0B,1B,0,1,z,2.46899730000041,0,1,1,1,1B,0B,B01,2.77258872223978,0.5,0.5,0.5,0.5,0.5,0.5,0.5,0.5,0.5,0.5,0.5,0.5,0.5,0.5,0.5,0.5,0.5,0.5,0.5,0.5,0.153478226670466,0.50043549180051,0.5,0.0591095944913598,0.5,-0.0719503461751819,CBCbothPairsRW,CBCdriftDiffusionLR_pwBelief,0.5,0.11821918898272,0.143900692350364,0.981510012727229,2.91097848241453,3.01757197773815,0.5,38.4191170122587
CBC_1001,CBC_1001_MSI_TV_v3_Vset3_Tset2_2023-06-08_12h53.37.433.csv,4,2,1,0,z,0,1,0,tac,A,63,1,1A,0A,0,1,z,2.47680480000054,0,1,1,1,0A,1A,A10,2.83321334405622,0.5,0.5,0.5,0.5,0.428049653824818,0.55910959449136,0.5,0.5,0.5,0.5,0.5,0.5,0.5,0.5,0.5,0.5,0.5,0.5,0.5,0.5,0.152266328287975,0.498509314737658,0.5,0.0591095944913598,0.5,-0.0719503461751819,CBCbothPairsRW,CBCdriftDiffusionLR_pwBelief,0.5,0.11821918898272,0.143900692350364,0.981510012727229,2.91097848241453,3.01757197773815,0.5,38.4191170122587
CBC_1001,CBC_1001_MSI_TV_v3_Vset3_Tset2_2023-06-08_12h53.37.433.csv,4,3,2,1,b,1,0,2,tac,C,9,1,2C,1C,1,0,b,2.40419250000014,1,0,1,1,2C,1C,C21,2.89037175789616,0.55910959449136,0.428049653824818,0.5,0.5,0.428049653824818,0.55910959449136,0.5,0.5,0.5,0.5,0.5,0.5,0.5,0.5,0.5,0.5,0.5,0.5,0.5,0.5,0.158817013306123,0.500746474239322,0.5,0.0591095944913598,0.5,-0.0719503461751819,CBCbothPairsRW,CBCdriftDiffusionLR_pwBelief,0.5,0.11821918898272,0.143900692350364,0.981510012727229,2.91097848241453,3.01757197773815,0.5,38.4191170122587
CBC_1001,CBC_1001_MSI_TV_v3_Vset3_Tset2_2023-06-08_12h53.37.433.csv,4,4,0,1,b,1,0,0,tac,A,63,1,0A,1A,1,0,b,2.60468769999989,1,0,1,1,0A,1A,A01,2.94443897916644,0.55910959449136,0.428049653824818,0.5,0.5,0.428049653824818,0.55910959449136,0.5,0.5,0.5,0.428049653824818,0.55910959449136,0.5,0.5,0.5,0.5,0.5,0.628867666711503,0.371132333288497,0.55910959449136,0.428049653824818,0.280464176136429,0.90587450411019,0.44089040550864,0.0521217061694938,0.428049653824818,-0.0615966415457249,CBCbothPairsRW,CBCdriftDiffusionLR_pwBelief,0.5,0.11821918898272,0.143900692350364,0.981510012727229,2.91097848241453,3.01757197773815,0.5,38.4191170122587
CBC_1001,CBC_1001_MSI_TV_v3_Vset3_Tset2_2023-06-08_12h53.37.433.csv,4,5,1,3,z,0,1,3,tac,D,27,1,1D,3D,0,1,z,2.33989590000056,0,1,1,1,3D,1D,D13,2.99573227355399,0.611231300660854,0.366453012279093,0.5,0.5,0.428049653824818,0.55910959449136,0.5,0.5,0.5,0.428049653824818,0.55910959449136,0.5,0.5,0.5,0.5,0.5,0.5,0.5,0.5,0.5,0.163833538415117,0.499890436224593,0.5,0.0591095944913598,0.5,-0.0719503461751819,CBCbothPairsRW,CBCdriftDiffusionLR_pwBelief,0.5,0.11821918898272,0.143900692350364,0.981510012727229,2.91097848241453,3.01757197773815,0.5,38.4191170122587
CBC_1001,CBC_1001_MSI_TV_v3_Vset3_Tset2_2023-06-08_12h53.37.433.csv,4,6,1,0,b,1,0,1,tac,B,63,1,1B,0B,1,0,b,2.10577130000001,1,0,1,1,1B,0B,B10,3.04452243772342,0.611231300660854,0.366453012279093,0.5,0.5,0.428049653824818,0.55910959449136,0.5,0.5,0.5,0.428049653824818,0.55910959449136,0.5,0.5,0.428049653824818,0.5,0.55910959449136,0.628867666711503,0.371132333288497,0.55910959449136,0.428049653824818,0.414419303563197,0.905928221139685,0.44089040550864,0.0521217061694938,0.428049653824818,-0.0615966415457249,CBCbothPairsRW,CBCdriftDiffusionLR_pwBelief,0.5,0.11821918898272,0.143900692350364,0.981510012727229,2.91097848241453,3.01757197773815,0.5,38.4191170122587
CBC_1001,CBC_1001_MSI_TV_v3_Vset3_Tset2_2023-06-08_12h53.37.433.csv,4,7,3,2,z,0,1,2,tac,C,63,1,3C,2C,0,1,z,2.27718650000043,0,1,1,1,2C,3C,C32,3.09104245335832,0.611231300660854,0.366453012279093,0.5,0.5,0.366453012279093,0.611231300660854,0.5,0.5,0.5,0.428049653824818,0.55910959449136,0.5,0.5,0.428049653824818,0.5,0.55910959449136,0.55910959449136,0.44089040550864,0.55910959449136,0.5,0.263128922272188,0.738390029457607,0.44089040550864,0.0521217061694938,0.5,-0.0719503461751819,CBCbothPairsRW,CBCdriftDiffusionLR_pwBelief,0.5,0.11821918898272,0.143900692350364,0.981510012727229,2.91097848241453,3.01757197773815,0.5,38.4191170122587
CBC_1001,CBC_1001_MSI_TV_v3_Vset3_Tset2_2023-06-08_12h53.37.433.csv,4,8,0,2,b,1,0,0,tac,A,27,1,0A,2A,1,0,b,2.41220740000063,1,0,1,1,0A,2A,A02,3.13549421592915,0.611231300660854,0.366453012279093,0.5,0.5,0.366453012279093,0.611231300660854,0.5,0.5,0.5,0.428049653824818,0.611231300660854,0.428049653824818,0.5,0.428049653824818,0.5,0.55910959449136,0.611231300660854,0.388768699339146,0.611231300660854,0.5,0.310535543157244,0.875385079023024,0.388768699339146,0.0459599203377406,0.5,-0.0719503461751819,CBCbothPairsRW,CBCdriftDiffusionLR_pwBelief,0.5,0.11821918898272,0.143900692350364,0.981510012727229,2.91097848241453,3.01757197773815,0.5,38.4191170122587
CBC_1001,CBC_1001_MSI_TV_v3_Vset3_Tset2_2023-06-08_12h53.37.433.csv,4,9,2,3,z,0,1,3,tac,D,63,1,2D,3D,0,1,z,1.9911103000004,0,1,1,1,3D,2D,D23,3.17805383034795,0.657191220998594,0.366453012279093,0.428049653824818,0.5,0.366453012279093,0.611231300660854,0.5,0.5,0.5,0.428049653824818,0.611231300660854,0.428049653824818,0.5,0.428049653824818,0.5,0.55910959449136,0.55910959449136,0.44089040550864,0.55910959449136,0.5,0.303716245656391,0.737857578359879,0.44089040550864,0.0521217061694938,0.5,-0.0719503461751819,CBCbothPairsRW,CBCdriftDiffusionLR_pwBelief,0.5,0.11821918898272,0.143900692350364,0.981510012727229,2.91097848241453,3.01757197773815,0.5,38.4191170122587
CBC_1001,CBC_1001_MSI_TV_v3_Vset3_Tset2_2023-06-08_12h53.37.433.csv,4,10,1,3,b,1,0,1,tac,B,27,1,1B,3B,1,0,b,2.41406840000036,1,0,1,1,1B,3B,B13,3.2188758248682,0.657191220998594,0.366453012279093,0.428049653824818,0.5,0.366453012279093,0.611231300660854,0.5,0.5,0.5,0.428049653824818,0.611231300660854,0.428049653824818,0.5,0.428049653824818,0.428049653824818,0.611231300660854,0.611231300660854,0.388768699339146,0.611231300660854,0.5,0.310705653562373,0.876455068546042,0.388768699339146,0.0459599203377406,0.5,-0.0719503461751819,CBCbothPairsRW,CBCdriftDiffusionLR_pwBelief,0.5,0.11821918898272,0.143900692350364,0.981510012727229,2.91097848241453,3.01757197773815,0.5,38.4191170122587
CBC_1001,CBC_1001_MSI_TV_v3_Vset3_Tset2_2023-06-08_12h53.37.433.csv,4,11,2,3,b,1,0,2,tac,C,63,0,2C,3C,0,1,b,2.4334942000005,1,0,1,0,2C,3C,C23,3.25809653802148,0.657191220998594,0.366453012279093,0.428049653824818,0.5,0.366453012279093,0.657191220998594,0.5,0.428049653824818,0.5,0.428049653824818,0.611231300660854,0.428049653824818,0.5,0.428049653824818,0.428049653824818,0.611231300660854,0.677499441982071,0.322500558017929,0.611231300660854,0.428049653824818,0.342073669176653,0.957812222974475,-0.611231300660854,-0.0722592686449789,-0.571950346175182,0.082304050804639,CBCbothPairsRW,CBCdriftDiffusionLR_pwBelief,0.5,0.11821918898272,0.143900692350364,0.981510012727229,2.91097848241453,3.01757197773815,0.5,38.4191170122587
CBC_1001,CBC_1001_MSI_TV_v3_Vset3_Tset2_2023-06-08_12h53.37.433.csv,4,12,3,1,z,0,1,1,tac,B,27,1,3B,1B,0,1,z,2.49260109999977,0,1,1,1,1B,3B,B31,3.29583686600433,0.657191220998594,0.366453012279093,0.428049653824818,0.5,0.366453012279093,0.657191220998594,0.5,0.428049653824818,0.5,0.428049653824818,0.538972032015875,0.510353704629457,0.5,0.428049653824818,0.428049653824818,0.611231300660854,0.719223910129375,0.280776089870625,0.657191220998594,0.428049653824818,0.303395001213418,0.979226982898419,0.342808779001406,0.0405265758297025,0.428049653824818,-0.0615966415457249,CBCbothPairsRW,CBCdriftDiffusionLR_pwBelief,0.5,0.11821918898272,0.143900692350364,0.981510012727229,2.91097848241453,3.01757197773815,0.5,38.4191170122587
CBC_1001,CBC_1001_MSI_TV_v3_Vset3_Tset2_2023-06-08_12h53.37.433.csv,4,13,2,3,b,1,0,2,tac,C,63,1,2C,3C,1,0,b,2.72951120000016,1,0,1,1,2C,3C,C23,2.63905732961526,0.657191220998594,0.366453012279093,0.428049653824818,0.5,0.366453012279093,0.697717796828297,0.5,0.366453012279093,0.5,0.428049653824818,0.538972032015875,0.510353704629457,0.5,0.428049653824818,0.428049653824818,0.611231300660854,0.528664592601655,0.471335407398345,0.538972032015875,0.510353704629457,0.167687810246765,0.623258685313723,0.461027967984125,0.0545023524734345,0.510353704629457,-0.073440251439752,CBCbothPairsRW,CBCdriftDiffusionLR_pwBelief,0.5,0.11821918898272,0.143900692350364,0.981510012727229,2.91097848241453,3.01757197773815,0.5,38.4191170122587
CBC_1001,CBC_1001_MSI_TV_v3_Vset3_Tset2_2023-06-08_12h53.37.433.csv,4,14,2,3,z,0,1,3,tac,D,63,1,2D,3D,0,1,z,2.28018870000051,0,1,1,1,3D,2D,D23,2.67414864942653,0.657191220998594,0.366453012279093,0.428049653824818,0.5,0.366453012279093,0.697717796828297,0.5,0.366453012279093,0.5,0.428049653824818,0.593474384489309,0.436913453189705,0.5,0.428049653824818,0.428049653824818,0.611231300660854,0.677499441982071,0.322500558017929,0.611231300660854,0.428049653824818,0.401237085839312,0.957542818588201,0.388768699339146,0.0459599203377406,0.428049653824818,-0.0615966415457249,CBCbothPairsRW,CBCdriftDiffusionLR_pwBelief,0.5,0.11821918898272,0.143900692350364,0.981510012727229,2.91097848241453,3.01757197773815,0.5,38.4191170122587
CBC_1001,CBC_1001_MSI_TV_v3_Vset3_Tset2_2023-06-08_12h53.37.433.csv,4,15,3,0,z,0,1,0,tac,A,9,1,3A,0A,0,1,z,2.35356680000041,0,1,1,1,0A,3A,A30,3.40119738166216,0.657191220998594,0.366453012279093,0.428049653824818,0.5,0.366453012279093,0.697717796828297,0.5,0.366453012279093,0.5,0.428049653824818,0.593474384489309,0.436913453189705,0.5,0.428049653824818,0.366453012279093,0.657191220998594,0.657191220998594,0.342808779001406,0.657191220998594,0.5,0.36442892928388,0.940542252454281,0.342808779001406,0.0405265758297025,0.5,-0.0719503461751819,CBCbothPairsRW,CBCdriftDiffusionLR_pwBelief,0.5,0.11821918898272,0.143900692350364,0.981510012727229,2.91097848241453,3.01757197773815,0.5,38.4191170122587
CBC_1001,CBC_1001_MSI_TV_v3_Vset3_Tset2_2023-06-08_12h53.37.433.csv,4,16,1,0,b,1,0,1,tac,B,63,0,1B,0B,0,1,b,1.73717010000018,1,0,1,0,1B,0B,B10,2.7408400239252,0.697717796828297,0.366453012279093,0.428049653824818,0.428049653824818,0.366453012279093,0.697717796828297,0.5,0.366453012279093,0.5,0.428049653824818,0.593474384489309,0.436913453189705,0.5,0.428049653824818,0.366453012279093,0.657191220998594,0.799619439357704,0.200380560642296,0.697717796828297,0.366453012279093,0.894542243168827,0.994851544676916,-0.697717796828297,-0.0824836320798511,-0.633546987720907,0.0911678501695259,CBCbothPairsRW,CBCdriftDiffusionLR_pwBelief,0.5,0.11821918898272,0.143900692350364,0.981510012727229,2.91097848241453,3.01757197773815,0.5,38.4191170122587
CBC_1001,CBC_1001_MSI_TV_v3_Vset3_Tset2_2023-06-08_12h53.37.433.csv,4,17,3,2,b,1,0,3,tac,D,63,1,3D,2D,1,0,b,2.29535900000064,1,0,1,1,3D,2D,D32,3.46573590279973,0.697717796828297,0.366453012279093,0.428049653824818,0.428049653824818,0.457620862448619,0.615234164748446,0.5,0.366453012279093,0.5,0.428049653824818,0.593474384489309,0.436913453189705,0.5,0.428049653824818,0.366453012279093,0.657191220998594,0.768216187644423,0.231783812355577,0.657191220998594,0.366453012279093,0.356103503678986,0.991112385379585,0.342808779001406,0.0405265758297025,0.366453012279093,-0.0527328421808379,CBCbothPairsRW,CBCdriftDiffusionLR_pwBelief,0.5,0.11821918898272,0.143900692350364,0.981510012727229,2.91097848241453,3.01757197773815,0.5,38.4191170122587
CBC_1001,CBC_1001_MSI_TV_v3_Vset3_Tset2_2023-06-08_12h53.37.433.csv,4,18,2,0,b,1,0,2,tac,C,27,1,2C,0C,1,0,b,2.4177009999994,1,0,1,1,2C,0C,C20,3.49650756146648,0.697717796828297,0.366453012279093,0.428049653824818,0.428049653824818,0.457620862448619,0.615234164748446,0.5,0.366453012279093,0.5,0.428049653824818,0.593474384489309,0.436913453189705,0.5,0.428049653824818,0.313720170098255,0.697717796828297,0.593474384489309,0.406525615510691,0.593474384489309,0.5,0.28951456796643,0.838106133410835,0.406525615510691,0.0480591285663747,0.5,-0.0719503461751819,CBCbothPairsRW,CBCdriftDiffusionLR_pwBelief,0.5,0.11821918898272,0.143900692350364,0.981510012727229,2.91097848241453,3.01757197773815,0.5,38.4191170122587
CBC_1001,CBC_1001_MSI_TV_v3_Vset3_Tset2_2023-06-08_12h53.37.433.csv,4,19,1,0,z,0,1,0,tac,A,63,1,1A,0A,0,1,z,2.2608452000004,0,1,1,1,0A,1A,A10,2.83321334405622,0.697717796828297,0.366453012279093,0.428049653824818,0.428049653824818,0.457620862448619,0.615234164748446,0.5,0.366453012279093,0.428049653824818,0.428049653824818,0.641533513055684,0.436913453189705,0.5,0.428049653824818,0.313720170098255,0.697717796828297,0.799619439357704,0.200380560642296,0.697717796828297,0.366453012279093,0.33888004326017,0.994814699710067,0.302282203171703,0.0357355569028684,0.366453012279093,-0.0527328421808379,CBCbothPairsRW,CBCdriftDiffusionLR_pwBelief,0.5,0.11821918898272,0.143900692350364,0.981510012727229,2.91097848241453,3.01757197773815,0.5,38.4191170122587
CBC_1001,CBC_1001_MSI_TV_v3_Vset3_Tset2_2023-06-08_12h53.37.433.csv,4,20,0,1,z,0,1,1,tac,B,63,1,0B,1B,0,1,z,2.00108189999992,0,1,1,1,1B,0B,B01,2.86220088092947,0.733453353731165,0.313720170098255,0.428049653824818,0.428049653824818,0.457620862448619,0.615234164748446,0.5,0.366453012279093,0.428049653824818,0.428049653824818,0.641533513055684,0.436913453189705,0.5,0.428049653824818,0.313720170098255,0.697717796828297,0.654593458519512,0.345406541480488,0.615234164748446,0.457620862448619,0.492420816284596,0.937974193828629,0.384765835251554,0.0454867049916974,0.457620862448619,-0.0658519589403269,CBCbothPairsRW,CBCdriftDiffusionLR_pwBelief,0.5,0.11821918898272,0.143900692350364,0.981510012727229,2.91097848241453,3.01757197773815,0.5,38.4191170122587
CBC_1001,CBC_1001_MSI_TV_v3_Vset3_Tset2_2023-06-08_12h53.37.433.csv,4,21,3,1,b,1,0,3,tac,D,27,1,3D,1D,1,0,b,1.41100349999942,1,0,1,1,3D,1D,D31,3.58351893845611,0.733453353731165,0.313720170098255,0.428049653824818,0.428049653824818,0.391768903508292,0.660720869740143,0.5,0.366453012279093,0.428049653824818,0.428049653824818,0.641533513055684,0.436913453189705,0.5,0.428049653824818,0.313720170098255,0.697717796828297,0.755149267936727,0.244850732063273,0.697717796828297,0.428049653824818,0.883877044257056,0.988791511223694,0.302282203171703,0.0357355569028684,0.428049653824818,-0.0615966415457249,CBCbothPairsRW,CBCdriftDiffusionLR_pwBelief,0.5,0.11821918898272,0.143900692350364,0.981510012727229,2.91097848241453,3.01757197773815,0.5,38.4191170122587
CBC_1001,CBC_1001_MSI_TV_v3_Vset3_Tset2_2023-06-08_12h53.37.433.csv,4,22,2,3,b,1,0,2,tac,C,63,1,2C,3C,1,0,b,1.66060399999969,1,0,1,1,2C,3C,C23,2.51230562397611,0.733453353731165,0.313720170098255,0.428049653824818,0.428049653824818,0.391768903508292,0.660720869740143,0.5,0.366453012279093,0.428049653824818,0.428049653824818,0.641533513055684,0.436913453189705,0.5,0.366453012279093,0.313720170098255,0.733453353731165,0.697563975095806,0.302436024904194,0.641533513055684,0.436913453189705,0.729078910781676,0.969973493018844,0.358466486944316,0.0423776173640417,0.436913453189705,-0.0628721484111869,CBCbothPairsRW,CBCdriftDiffusionLR_pwBelief,0.5,0.11821918898272,0.143900692350364,0.981510012727229,2.91097848241453,3.01757197773815,0.5,38.4191170122587
CBC_1001,CBC_1001_MSI_TV_v3_Vset3_Tset2_2023-06-08_12h53.37.433.csv,4,23,1,0,z,0,1,0,tac,A,63,1,1A,0A,0,1,z,1.59786440000062,0,1,1,1,0A,1A,A10,2.53897387105828,0.733453353731165,0.313720170098255,0.428049653824818,0.428049653824818,0.391768903508292,0.660720869740143,0.5,0.366453012279093,0.428049653824818,0.428049653824818,0.683911130419726,0.374041304778518,0.5,0.366453012279093,0.313720170098255,0.733453353731165,0.857539049913866,0.142460950086134,0.733453353731165,0.313720170098255,1.19314323333734,0.998124701561766,0.266546646268835,0.0315109283479655,0.313720170098255,-0.0451445496814128,CBCbothPairsRW,CBCdriftDiffusionLR_pwBelief,0.5,0.11821918898272,0.143900692350364,0.981510012727229,2.91097848241453,3.01757197773815,0.5,38.4191170122587
CBC_1001,CBC_1001_MSI_TV_v3_Vset3_Tset2_2023-06-08_12h53.37.433.csv,4,24,3,2,b,1,0,3,tac,D,63,1,3D,2D,1,0,b,1.68330569999944,1,0,1,1,3D,2D,D32,2.9704144655697,0.764964282079131,0.268575620416842,0.428049653824818,0.428049653824818,0.391768903508292,0.660720869740143,0.5,0.366453012279093,0.428049653824818,0.428049653824818,0.683911130419726,0.374041304778518,0.5,0.366453012279093,0.313720170098255,0.733453353731165,0.857539049913866,0.142460950086134,0.733453353731165,0.313720170098255,1.02209502596256,0.998128204849797,0.266546646268835,0.0315109283479655,0.313720170098255,-0.0451445496814128,CBCbothPairsRW,CBCdriftDiffusionLR_pwBelief,0.5,0.11821918898272,0.143900692350364,0.981510012727229,2.91097848241453,3.01757197773815,0.5,38.4191170122587
CBC_1001,CBC_1001_MSI_TV_v3_Vset3_Tset2_2023-06-08_12h53.37.433.csv,4,25,0,2,z,0,1,2,tac,C,27,1,0C,2C,0,1,z,2.32004609999967,0,1,1,1,2C,0C,C02,3.68887945411394,0.764964282079131,0.268575620416842,0.428049653824818,0.428049653824818,0.391768903508292,0.660720869740143,0.5,0.366453012279093,0.428049653824818,0.428049653824818,0.683911130419726,0.374041304778518,0.5,0.366453012279093,0.268575620416842,0.764964282079131,0.742999540559828,0.257000459440172,0.683911130419726,0.428049653824818,0.366427727203001,0.986228333293899,0.316088869580274,0.0373677698082446,0.428049653824818,-0.0615966415457249,CBCbothPairsRW,CBCdriftDiffusionLR_pwBelief,0.5,0.11821918898272,0.143900692350364,0.981510012727229,2.91097848241453,3.01757197773815,0.5,38.4191170122587
CBC_1001,CBC_1001_MSI_TV_v3_Vset3_Tset2_2023-06-08_12h53.37.433.csv,4,26,1,0,z,0,1,0,tac,A,63,1,1A,0A,0,1,z,2.26084119999996,0,1,1,1,0A,1A,A10,2.32727770558442,0.764964282079131,0.268575620416842,0.428049653824818,0.428049653824818,0.391768903508292,0.660720869740143,0.5,0.366453012279093,0.366453012279093,0.428049653824818,0.72127890022797,0.374041304778518,0.5,0.366453012279093,0.268575620416842,0.764964282079131,0.898617134989906,0.101382865010094,0.764964282079131,0.268575620416842,0.180508959282717,0.999089929544385,0.235035717920869,0.0277857319545764,0.268575620416842,-0.0386482177264121,CBCbothPairsRW,CBCdriftDiffusionLR_pwBelief,0.5,0.11821918898272,0.143900692350364,0.981510012727229,2.91097848241453,3.01757197773815,0.5,38.4191170122587
CBC_1001,CBC_1001_MSI_TV_v3_Vset3_Tset2_2023-06-08_12h53.37.433.csv,4,27,3,1,z,0,1,1,tac,B,27,1,3B,1B,0,1,z,1.55984809999973,0,1,1,1,1B,3B,B31,3.04452243772342,0.792750014033707,0.22992740269043,0.428049653824818,0.428049653824818,0.391768903508292,0.660720869740143,0.5,0.366453012279093,0.366453012279093,0.428049653824818,0.72127890022797,0.374041304778518,0.5,0.366453012279093,0.268575620416842,0.764964282079131,0.771001023386851,0.228998976613149,0.660720869740143,0.366453012279093,1.00681640445691,0.991534703729058,0.339279130259857,0.0401093036180827,0.366453012279093,-0.0527328421808379,CBCbothPairsRW,CBCdriftDiffusionLR_pwBelief,0.5,0.11821918898272,0.143900692350364,0.981510012727229,2.91097848241453,3.01757197773815,0.5,38.4191170122587
CBC_1001,CBC_1001_MSI_TV_v3_Vset3_Tset2_2023-06-08_12h53.37.433.csv,4,28,2,3,b,1,0,2,tac,C,63,1,2C,3C,1,0,b,1.88349350000044,1,0,1,1,2C,3C,C23,2.37490575457367,0.792750014033707,0.22992740269043,0.428049653824818,0.428049653824818,0.391768903508292,0.700830173358226,0.5,0.313720170098255,0.366453012279093,0.428049653824818,0.72127890022797,0.374041304778518,0.5,0.366453012279093,0.268575620416842,0.764964282079131,0.81240786541022,0.18759213458978,0.72127890022797,0.374041304778518,0.695823538912263,0.995884266392664,0.27872109977203,0.032950182367421,0.374041304778518,-0.0538248027252622,CBCbothPairsRW,CBCdriftDiffusionLR_pwBelief,0.5,0.11821918898272,0.143900692350364,0.981510012727229,2.91097848241453,3.01757197773815,0.5,38.4191170122587
CBC_1001,CBC_1001_MSI_TV_v3_Vset3_Tset2_2023-06-08_12h53.37.433.csv,4,29,2,3,z,0,1,3,tac,D,63,0,2D,3D,1,0,z,1.61229289999937,0,1,1,0,3D,2D,D23,2.68557734525015,0.792750014033707,0.22992740269043,0.428049653824818,0.428049653824818,0.391768903508292,0.700830173358226,0.5,0.313720170098255,0.366453012279093,0.428049653824818,0.754229082595391,0.320216502053256,0.5,0.366453012279093,0.268575620416842,0.764964282079131,0.898617134989906,0.101382865010094,0.764964282079131,0.268575620416842,1.19950392247522,0.999088691145748,-0.764964282079131,-0.0904334570281431,-0.731424379583158,0.105252474623952,CBCbothPairsRW,CBCdriftDiffusionLR_pwBelief,0.5,0.11821918898272,0.143900692350364,0.981510012727229,2.91097848241453,3.01757197773815,0.5,38.4191170122587
CBC_1001,CBC_1001_MSI_TV_v3_Vset3_Tset2_2023-06-08_12h53.37.433.csv,4,30,1,0,b,1,0,1,tac,B,63,1,1B,0B,1,0,b,2.01822209999955,1,0,1,1,1B,0B,B10,2.70805020110221,0.792750014033707,0.22992740269043,0.428049653824818,0.428049653824818,0.391768903508292,0.700830173358226,0.5,0.313720170098255,0.366453012279093,0.428049653824818,0.754229082595391,0.320216502053256,0.5,0.366453012279093,0.373828095040794,0.674530825050988,0.784339570742713,0.215660429257287,0.700830173358226,0.391768903508292,0.558153523132161,0.993295458008952,0.299169826641774,0.0353676142736913,0.391768903508292,-0.0563758164561861,CBCbothPairsRW,CBCdriftDiffusionLR_pwBelief,0.5,0.11821918898272,0.143900692350364,0.981510012727229,2.91097848241453,3.01757197773815,0.5,38.4191170122587
CBC_1001,CBC_1001_MSI_TV_v3_Vset3_Tset2_2023-06-08_12h53.37.433.csv,4,31,0,2,b,1,0,0,tac,A,27,1,0A,2A,1,0,b,1.44394319999992,1,0,1,1,0A,2A,A02,3.13549421592915,0.792750014033707,0.22992740269043,0.428049653824818,0.428049653824818,0.335393087052106,0.736197787631917,0.5,0.313720170098255,0.366453012279093,0.428049653824818,0.754229082595391,0.320216502053256,0.5,0.366453012279093,0.373828095040794,0.674530825050988,0.836360675171885,0.163639324828115,0.792750014033707,0.428049653824818,1.29075275292983,0.997285063319871,0.207249985966293,0.0245009252576151,0.428049653824818,-0.0615966415457249,CBCbothPairsRW,CBCdriftDiffusionLR_pwBelief,0.5,0.11821918898272,0.143900692350364,0.981510012727229,2.91097848241453,3.01757197773815,0.5,38.4191170122587
CBC_1001,CBC_1001_MSI_TV_v3_Vset3_Tset2_2023-06-08_12h53.37.433.csv,4,32,0,3,z,0,1,3,tac,D,9,1,0D,3D,0,1,z,1.35339490000024,0,1,1,1,3D,0D,D03,3.85014760171006,0.817250939291322,0.22992740269043,0.366453012279093,0.428049653824818,0.335393087052106,0.736197787631917,0.5,0.313720170098255,0.366453012279093,0.428049653824818,0.754229082595391,0.320216502053256,0.5,0.366453012279093,0.373828095040794,0.674530825050988,0.674530825050988,0.325469174949012,0.674530825050988,0.5,0.476267753174726,0.955664568235272,0.325469174949012,0.0384767019013471,0.5,-0.0719503461751819,CBCbothPairsRW,CBCdriftDiffusionLR_pwBelief,0.5,0.11821918898272,0.143900692350364,0.981510012727229,2.91097848241453,3.01757197773815,0.5,38.4191170122587
CBC_1001,CBC_1001_MSI_TV_v3_Vset3_Tset2_2023-06-08_12h53.37.433.csv,4,33,2,3,b,1,0,2,tac,C,63,1,2C,3C,1,0,b,1.89062229999945,1,0,1,1,2C,3C,C23,2.26176309847379,0.817250939291322,0.22992740269043,0.366453012279093,0.428049653824818,0.335393087052106,0.736197787631917,0.5,0.313720170098255,0.366453012279093,0.428049653824818,0.754229082595391,0.320216502053256,0.428049653824818,0.366453012279093,0.373828095040794,0.713007526952335,0.866928888975892,0.133071111024108,0.754229082595391,0.320216502053256,0.625928619578513,0.998420724770942,0.245770917404609,0.0290548385311118,0.320216502053256,-0.0460793763474752,CBCbothPairsRW,CBCdriftDiffusionLR_pwBelief,0.5,0.11821918898272,0.143900692350364,0.981510012727229,2.91097848241453,3.01757197773815,0.5,38.4191170122587
CBC_1001,CBC_1001_MSI_TV_v3_Vset3_Tset2_2023-06-08_12h53.37.433.csv,4,34,1,0,b,1,0,1,tac,B,63,1,1B,0B,1,0,b,1.6780604000005,1,0,1,1,1B,0B,B10,2.50552593699074,0.817250939291322,0.22992740269043,0.366453012279093,0.428049653824818,0.335393087052106,0.736197787631917,0.5,0.313720170098255,0.366453012279093,0.428049653824818,0.783283921126503,0.274137125705781,0.428049653824818,0.366453012279093,0.373828095040794,0.713007526952335,0.846861148047931,0.153138851952069,0.736197787631917,0.335393087052106,1.02774218668577,0.99775296249073,0.263802212368083,0.0311864835980019,0.335393087052106,-0.0482632974363239,CBCbothPairsRW,CBCdriftDiffusionLR_pwBelief,0.5,0.11821918898272,0.143900692350364,0.981510012727229,2.91097848241453,3.01757197773815,0.5,38.4191170122587
CBC_1001,CBC_1001_MSI_TV_v3_Vset3_Tset2_2023-06-08_12h53.37.433.csv,4,35,1,0,z,0,1,0,tac,A,63,0,1A,0A,1,0,z,1.34115639999982,0,1,1,0,0A,1A,A10,2.30258509299405,0.817250939291322,0.22992740269043,0.366453012279093,0.428049653824818,0.287129789615782,0.767384271229919,0.5,0.313720170098255,0.366453012279093,0.428049653824818,0.783283921126503,0.274137125705781,0.428049653824818,0.366453012279093,0.373828095040794,0.713007526952335,0.937412239948187,0.0625877600518125,0.817250939291322,0.22992740269043,1.71074858618626,0.999538804838796,-0.817250939291322,-0.0966147432383859,-0.77007259730957,0.11081397991289,CBCbothPairsRW,CBCdriftDiffusionLR_pwBelief,0.5,0.11821918898272,0.143900692350364,0.981510012727229,2.91097848241453,3.01757197773815,0.5,38.4191170122587
CBC_1001,CBC_1001_MSI_TV_v3_Vset3_Tset2_2023-06-08_12h53.37.433.csv,4,36,3,2,b,1,0,3,tac,D,63,1,3D,2D,1,0,b,1.13351109999985,1,0,1,1,3D,2D,D32,2.83321334405622,0.720636196052936,0.34074138260332,0.366453012279093,0.428049653824818,0.287129789615782,0.767384271229919,0.5,0.313720170098255,0.366453012279093,0.428049653824818,0.783283921126503,0.274137125705781,0.428049653824818,0.366453012279093,0.373828095040794,0.713007526952335,0.806256197946633,0.193743802053367,0.713007526952335,0.373828095040794,0.065800726305065,0.995418987533254,0.286992473047665,0.03392801740784,0.373828095040794,-0.0537941216963879,CBCbothPairsRW,CBCdriftDiffusionLR_pwBelief,0.5,0.11821918898272,0.143900692350364,0.981510012727229,2.91097848241453,3.01757197773815,0.5,38.4191170122587
CBC_1001,CBC_1001_MSI_TV_v3_Vset3_Tset2_2023-06-08_12h53.37.433.csv,4,37,2,1,z,0,1,1,tac,B,9,1,2B,1B,0,1,b,2.62809680000009,1,0,0,0,2B,1B,B21,3.95124371858143,0.720636196052936,0.34074138260332,0.366453012279093,0.428049653824818,0.287129789615782,0.767384271229919,0.5,0.313720170098255,0.366453012279093,0.428049653824818,0.783283921126503,0.274137125705781,0.428049653824818,0.366453012279093,0.320033973344406,0.746935544360175,0.232615728770081,0.767384271229919,0.5,0.767384271229919,0.00183496237736967,0.00904942691575929,-0.5,-0.0591095944913598,-0.232615728770081,0.0334735644215991,CBCbothPairsRW,CBCdriftDiffusionLR_pwBelief,0.5,0.11821918898272,0.143900692350364,0.981510012727229,2.91097848241453,3.01757197773815,0.5,38.4191170122587
CBC_1001,CBC_1001_MSI_TV_v3_Vset3_Tset2_2023-06-08_12h53.37.433.csv,4,38,0,2,b,1,0,0,tac,A,27,1,0A,2A,1,0,b,1.59139050000067,1,0,1,1,0A,2A,A02,2.87167962488401,0.720636196052936,0.34074138260332,0.366453012279093,0.428049653824818,0.287129789615782,0.800857835651518,0.44089040550864,0.313720170098255,0.366453012279093,0.428049653824818,0.783283921126503,0.274137125705781,0.428049653824818,0.366453012279093,0.320033973344406,0.746935544360175,0.816840037545385,0.183159962454615,0.720636196052936,0.366453012279093,1.12056413754094,0.996204297705119,0.279363803947064,0.0330261623337493,0.366453012279093,-0.0527328421808379,CBCbothPairsRW,CBCdriftDiffusionLR_pwBelief,0.5,0.11821918898272,0.143900692350364,0.981510012727229,2.91097848241453,3.01757197773815,0.5,38.4191170122587
CBC_1001,CBC_1001_MSI_TV_v3_Vset3_Tset2_2023-06-08_12h53.37.433.csv,4,39,3,2,z,0,1,2,tac,C,63,1,3C,2C,0,1,z,1.88852140000108,0,1,1,1,2C,3C,C32,3.29583686600433,0.753662358386686,0.34074138260332,0.313720170098255,0.428049653824818,0.287129789615782,0.800857835651518,0.44089040550864,0.313720170098255,0.366453012279093,0.428049653824818,0.783283921126503,0.274137125705781,0.428049653824818,0.366453012279093,0.320033973344406,0.746935544360175,0.905393186443139,0.0946068135568605,0.783283921126503,0.274137125705781,0.558590245640247,0.999196738551623,0.216716078873497,0.0256199990839399,0.274137125705781,-0.0394485221880006,CBCbothPairsRW,CBCdriftDiffusionLR_pwBelief,0.5,0.11821918898272,0.143900692350364,0.981510012727229,2.91097848241453,3.01757197773815,0.5,38.4191170122587
CBC_1001,CBC_1001_MSI_TV_v3_Vset3_Tset2_2023-06-08_12h53.37.433.csv,4,40,3,1,b,1,0,3,tac,D,27,1,3D,1D,1,0,b,1.72650220000014,1,0,1,1,3D,1D,D31,3.31418600467253,0.753662358386686,0.34074138260332,0.313720170098255,0.428049653824818,0.287129789615782,0.800857835651518,0.44089040550864,0.313720170098255,0.366453012279093,0.428049653824818,0.808903920210443,0.23468860351778,0.428049653824818,0.366453012279093,0.320033973344406,0.746935544360175,0.836142038343694,0.163857961656306,0.746935544360175,0.366453012279093,0.934382149671168,0.997273144272231,0.253064455639825,0.0299170747060936,0.366453012279093,-0.0527328421808379,CBCbothPairsRW,CBCdriftDiffusionLR_pwBelief,0.5,0.11821918898272,0.143900692350364,0.981510012727229,2.91097848241453,3.01757197773815,0.5,38.4191170122587
CBC_1001,CBC_1001_MSI_TV_v3_Vset3_Tset2_2023-06-08_12h53.37.433.csv,4,41,1,0,z,0,1,0,tac,A,63,1,1A,0A,0,1,z,1.50547420000021,0,1,1,1,0A,1A,A10,2.23359222150709,0.753662358386686,0.34074138260332,0.313720170098255,0.428049653824818,0.287129789615782,0.800857835651518,0.44089040550864,0.313720170098255,0.366453012279093,0.428049653824818,0.808903920210443,0.23468860351778,0.428049653824818,0.313720170098255,0.320033973344406,0.776852619066268,0.855478597079236,0.144521402920764,0.753662358386686,0.34074138260332,1.33623742139659,0.99806205698626,0.246337641613314,0.0291218362074418,0.34074138260332,-0.049032920869038,CBCbothPairsRW,CBCdriftDiffusionLR_pwBelief,0.5,0.11821918898272,0.143900692350364,0.981510012727229,2.91097848241453,3.01757197773815,0.5,38.4191170122587
CBC_1001,CBC_1001_MSI_TV_v3_Vset3_Tset2_2023-06-08_12h53.37.433.csv,4,42,2,0,b,1,0,2,tac,C,27,1,2C,0C,1,0,b,2.1963523000004,1,0,1,1,2C,0C,C20,3.3499040872746,0.782784194594128,0.291708461734282,0.313720170098255,0.428049653824818,0.287129789615782,0.800857835651518,0.44089040550864,0.313720170098255,0.366453012279093,0.428049653824818,0.808903920210443,0.23468860351778,0.428049653824818,0.313720170098255,0.320033973344406,0.776852619066268,0.87978202994955,0.12021797005045,0.808903920210443,0.366453012279093,0.253547260811027,0.998737458989451,0.191096079789557,0.0225912235704985,0.366453012279093,-0.0527328421808379,CBCbothPairsRW,CBCdriftDiffusionLR_pwBelief,0.5,0.11821918898272,0.143900692350364,0.981510012727229,2.91097848241453,3.01757197773815,0.5,38.4191170122587
CBC_1001,CBC_1001_MSI_TV_v3_Vset3_Tset2_2023-06-08_12h53.37.433.csv,4,43,2,3,z,0,1,3,tac,D,63,1,2D,3D,0,1,z,1.43312139999853,0,1,1,1,3D,2D,D23,2.67414864942653,0.782784194594128,0.291708461734282,0.313720170098255,0.428049653824818,0.287129789615782,0.800857835651518,0.44089040550864,0.313720170098255,0.313720170098255,0.428049653824818,0.831495143780941,0.23468860351778,0.428049653824818,0.313720170098255,0.320033973344406,0.776852619066268,0.880905585804633,0.119094414195367,0.776852619066268,0.320033973344406,1.49099900391478,0.998757497189022,0.223147380933732,0.0263803023976037,0.320033973344406,-0.0460531103398979,CBCbothPairsRW,CBCdriftDiffusionLR_pwBelief,0.5,0.11821918898272,0.143900692350364,0.981510012727229,2.91097848241453,3.01757197773815,0.5,38.4191170122587
CBC_1001,CBC_1001_MSI_TV_v3_Vset3_Tset2_2023-06-08_12h53.37.433.csv,4,44,0,1,z,0,1,1,tac,B,63,1,0B,1B,0,1,z,1.3884175000012,0,1,1,1,1B,0B,B01,2.97892515523761,0.782784194594128,0.291708461734282,0.313720170098255,0.428049653824818,0.287129789615782,0.800857835651518,0.44089040550864,0.313720170098255,0.313720170098255,0.428049653824818,0.831495143780941,0.23468860351778,0.428049653824818,0.313720170098255,0.273980863004508,0.803232921463872,0.908962266915533,0.0910377330844671,0.800857835651518,0.287129789615782,1.61996047444343,0.999240519313405,0.199142164348482,0.023542425161541,0.287129789615782,-0.0413181755201254,CBCbothPairsRW,CBCdriftDiffusionLR_pwBelief,0.5,0.11821918898272,0.143900692350364,0.981510012727229,2.91097848241453,3.01757197773815,0.5,38.4191170122587
