ID,filename,session,trial,visStimLeft,visStimRight,correctKey,leftCorrect,rightCorrect,secondStim,mod2Type,mod2Stim,frequency,rewardAccurate,stimPairLeft,stimPairRight,pCorrectLeft,pCorrectRight,key,reactionTime,choiceLeft,choiceRight,choiceAccurate,reward,chosenPair,otherPair,triplet,surprise,0A belief,1A belief,2A belief,3A belief,0B belief,1B belief,2B belief,3B belief,0C belief,1C belief,2C belief,3C belief,0D belief,1D belief,2D belief,3D belief,beliefPairNorm,beliefOtherPairNorm,beliefPair,beliefOtherPair,lik,corrLik,rewardPE,update2,fit_percModel,fit_respModel,fit_startBelief,fit_alpha1,fit_alpha12,fit_nonDecisionTime,fit_weight,fit_startingBoundary,fit_startingPoint,fit_NLL
CBC_1001,CBC_1001_MSI_AV_v3_Vset4_Aset2_2023-06-08_11h37.59.527.csv,1,1,3,1,z,0,1,1,aud,B,27,1,3B,1B,0,1,z,2.5182563999997,0,1,1,1,1B,3B,B31,2.77258872223978,0.5,0.5,0.5,0.5,0.5,0.5,0.5,0.5,0.5,0.5,0.5,0.5,0.5,0.5,0.5,0.5,0.5,0.5,0.5,0.5,0.148261825801178,0.499934044774515,0.5,0.0853584610199627,CBCsimpleAsymRW,CBCdriftDiffusionLR,0.5,0.170716922039925,0.0107066537669788,0.94813123991894,6.33069951830914,2.6439512386549,0.5,53.1532921424344
CBC_1001,CBC_1001_MSI_AV_v3_Vset4_Aset2_2023-06-08_11h37.59.527.csv,1,2,2,3,b,1,0,2,aud,C,63,1,2C,3C,1,0,z,2.24184400000013,0,1,0,0,3C,2C,C23,2.83321334405622,0.5,0.5,0.5,0.5,0.5,0.585358461019963,0.5,0.5,0.5,0.5,0.5,0.5,0.5,0.5,0.5,0.5,0.5,0.5,0.5,0.5,0.17982746254805,0.499675590087403,-0.5,-0.00535332688348938,CBCsimpleAsymRW,CBCdriftDiffusionLR,0.5,0.170716922039925,0.0107066537669788,0.94813123991894,6.33069951830914,2.6439512386549,0.5,53.1532921424344
CBC_1001,CBC_1001_MSI_AV_v3_Vset4_Aset2_2023-06-08_11h37.59.527.csv,1,3,2,3,z,0,1,3,aud,D,63,1,2D,3D,0,1,b,2.57463349999989,1,0,0,0,2D,3D,D23,2.89037175789616,0.5,0.5,0.5,0.5,0.5,0.585358461019963,0.5,0.5,0.5,0.5,0.5,0.494646673116511,0.5,0.5,0.5,0.5,0.5,0.5,0.5,0.5,0.143095686666628,0.502046330136787,-0.5,-0.00535332688348938,CBCsimpleAsymRW,CBCdriftDiffusionLR,0.5,0.170716922039925,0.0107066537669788,0.94813123991894,6.33069951830914,2.6439512386549,0.5,53.1532921424344
CBC_1001,CBC_1001_MSI_AV_v3_Vset4_Aset2_2023-06-08_11h37.59.527.csv,1,4,1,0,b,1,0,1,aud,B,63,0,1B,0B,0,1,b,2.42206690000012,1,0,1,0,1B,0B,B10,2.94443897916644,0.5,0.5,0.5,0.5,0.5,0.585358461019963,0.5,0.5,0.5,0.5,0.5,0.494646673116511,0.5,0.5,0.494646673116511,0.5,0.539322704933699,0.460677295066301,0.585358461019963,0.5,0.25487259230883,0.787493034741851,-0.585358461019963,-0.00626723037171228,CBCsimpleAsymRW,CBCdriftDiffusionLR,0.5,0.170716922039925,0.0107066537669788,0.94813123991894,6.33069951830914,2.6439512386549,0.5,53.1532921424344
CBC_1001,CBC_1001_MSI_AV_v3_Vset4_Aset2_2023-06-08_11h37.59.527.csv,1,5,3,0,z,0,1,0,aud,A,9,1,3A,0A,0,1,z,3.39004290000003,0,1,1,1,0A,3A,A30,2.99573227355399,0.5,0.5,0.5,0.5,0.5,0.57909123064825,0.5,0.5,0.5,0.5,0.5,0.494646673116511,0.5,0.5,0.494646673116511,0.5,0.5,0.5,0.5,0.5,0.0801622222277641,0.499971402893017,0.5,0.0853584610199627,CBCsimpleAsymRW,CBCdriftDiffusionLR,0.5,0.170716922039925,0.0107066537669788,0.94813123991894,6.33069951830914,2.6439512386549,0.5,53.1532921424344
CBC_1001,CBC_1001_MSI_AV_v3_Vset4_Aset2_2023-06-08_11h37.59.527.csv,1,6,2,3,z,0,1,3,aud,D,63,1,2D,3D,NaN,NaN,[],NaN,NaN,NaN,NaN,NaN,,,D23,2.35137525716348,0.585358461019963,0.5,0.5,0.5,0.5,0.57909123064825,0.5,0.5,0.5,0.5,0.5,0.494646673116511,0.5,0.5,0.494646673116511,0.5,0,0,0,0,NaN,0,0,0,CBCsimpleAsymRW,CBCdriftDiffusionLR,0.5,0.170716922039925,0.0107066537669788,0.94813123991894,6.33069951830914,2.6439512386549,0.5,53.1532921424344
CBC_1001,CBC_1001_MSI_AV_v3_Vset4_Aset2_2023-06-08_11h37.59.527.csv,1,7,2,0,b,1,0,2,aud,C,27,1,2C,0C,1,0,b,3.77247699999998,1,0,1,1,2C,0C,C20,3.09104245335832,0.585358461019963,0.5,0.5,0.5,0.5,0.57909123064825,0.5,0.5,0.5,0.5,0.5,0.494646673116511,0.5,0.5,0.494646673116511,0.5,0.5,0.5,0.5,0.5,0.0612687707835867,0.500565744681138,0.5,0.0853584610199627,CBCsimpleAsymRW,CBCdriftDiffusionLR,0.5,0.170716922039925,0.0107066537669788,0.94813123991894,6.33069951830914,2.6439512386549,0.5,53.1532921424344
CBC_1001,CBC_1001_MSI_AV_v3_Vset4_Aset2_2023-06-08_11h37.59.527.csv,1,8,1,0,z,0,1,0,aud,A,63,1,1A,0A,0,1,z,2.78982200000019,0,1,1,1,0A,1A,A10,3.13549421592915,0.585358461019963,0.5,0.5,0.5,0.5,0.57909123064825,0.5,0.5,0.5,0.5,0.585358461019963,0.494646673116511,0.5,0.5,0.494646673116511,0.5,0.539322704933699,0.460677295066301,0.585358461019963,0.5,0.188166951121212,0.788219729038273,0.414641538980037,0.0707863272845697,CBCsimpleAsymRW,CBCdriftDiffusionLR,0.5,0.170716922039925,0.0107066537669788,0.94813123991894,6.33069951830914,2.6439512386549,0.5,53.1532921424344
CBC_1001,CBC_1001_MSI_AV_v3_Vset4_Aset2_2023-06-08_11h37.59.527.csv,1,9,0,1,z,0,1,1,aud,B,63,1,0B,1B,0,1,z,2.07255699999996,0,1,1,1,1B,0B,B01,3.17805383034795,0.656144788304532,0.5,0.5,0.5,0.5,0.57909123064825,0.5,0.5,0.5,0.5,0.585358461019963,0.494646673116511,0.5,0.5,0.494646673116511,0.5,0.536647147341165,0.463352852658835,0.57909123064825,0.5,0.330744964298819,0.773302158552715,0.42090876935175,0.0718562495633436,CBCsimpleAsymRW,CBCdriftDiffusionLR,0.5,0.170716922039925,0.0107066537669788,0.94813123991894,6.33069951830914,2.6439512386549,0.5,53.1532921424344
CBC_1001,CBC_1001_MSI_AV_v3_Vset4_Aset2_2023-06-08_11h37.59.527.csv,1,10,3,1,b,1,0,3,aud,D,27,0,3D,1D,0,1,b,2.58499330000041,1,0,1,0,3D,1D,D31,3.2188758248682,0.656144788304532,0.5,0.5,0.5,0.5,0.650947480211594,0.5,0.5,0.5,0.5,0.585358461019963,0.494646673116511,0.5,0.5,0.494646673116511,0.5,0.5,0.5,0.5,0.5,0.141302536079703,0.499385561861892,-0.5,-0.00535332688348938,CBCsimpleAsymRW,CBCdriftDiffusionLR,0.5,0.170716922039925,0.0107066537669788,0.94813123991894,6.33069951830914,2.6439512386549,0.5,53.1532921424344
CBC_1001,CBC_1001_MSI_AV_v3_Vset4_Aset2_2023-06-08_11h37.59.527.csv,1,11,2,3,b,1,0,2,aud,C,63,1,2C,3C,1,0,b,1.78561600000012,1,0,1,1,2C,3C,C23,2.56494935746154,0.656144788304532,0.5,0.5,0.5,0.5,0.650947480211594,0.5,0.5,0.5,0.5,0.585358461019963,0.494646673116511,0.5,0.5,0.494646673116511,0.494646673116511,0.54199599846161,0.45800400153839,0.585358461019963,0.494646673116511,0.434926297017572,0.803470766559118,0.414641538980037,0.0707863272845697,CBCsimpleAsymRW,CBCdriftDiffusionLR,0.5,0.170716922039925,0.0107066537669788,0.94813123991894,6.33069951830914,2.6439512386549,0.5,53.1532921424344
CBC_1001,CBC_1001_MSI_AV_v3_Vset4_Aset2_2023-06-08_11h37.59.527.csv,1,12,0,1,z,0,1,1,aud,B,63,1,0B,1B,0,1,z,1.59718599999997,0,1,1,1,1B,0B,B01,2.60268968544438,0.656144788304532,0.5,0.5,0.5,0.5,0.650947480211594,0.5,0.5,0.5,0.5,0.656144788304532,0.494646673116511,0.5,0.5,0.494646673116511,0.494646673116511,0.565575311995923,0.434424688004077,0.650947480211594,0.5,0.629136397331252,0.899970987575805,0.349052519788406,0.0595891718085568,CBCsimpleAsymRW,CBCdriftDiffusionLR,0.5,0.170716922039925,0.0107066537669788,0.94813123991894,6.33069951830914,2.6439512386549,0.5,53.1532921424344
CBC_1001,CBC_1001_MSI_AV_v3_Vset4_Aset2_2023-06-08_11h37.59.527.csv,1,13,1,0,z,0,1,0,aud,A,63,0,1A,0A,1,0,z,1.70943140000008,0,1,1,0,0A,1A,A10,2.63905732961526,0.656144788304532,0.5,0.5,0.5,0.5,0.710536652020151,0.5,0.5,0.5,0.5,0.656144788304532,0.494646673116511,0.5,0.5,0.494646673116511,0.494646673116511,0.567528215273762,0.432471784726238,0.656144788304532,0.5,0.590526343713023,0.905575656206885,-0.656144788304532,-0.00702511506938421,CBCsimpleAsymRW,CBCdriftDiffusionLR,0.5,0.170716922039925,0.0107066537669788,0.94813123991894,6.33069951830914,2.6439512386549,0.5,53.1532921424344
CBC_1001,CBC_1001_MSI_AV_v3_Vset4_Aset2_2023-06-08_11h37.59.527.csv,1,14,2,1,b,1,0,2,aud,C,9,1,2C,1C,1,0,z,3.18978910000033,0,1,0,0,1C,2C,C21,3.36729582998647,0.649119673235148,0.5,0.5,0.5,0.5,0.710536652020151,0.5,0.5,0.5,0.5,0.656144788304532,0.494646673116511,0.5,0.5,0.494646673116511,0.494646673116511,0.432471784726238,0.567528215273762,0.5,0.656144788304532,0.01320510556221,0.094775193715689,-0.5,-0.00535332688348938,CBCsimpleAsymRW,CBCdriftDiffusionLR,0.5,0.170716922039925,0.0107066537669788,0.94813123991894,6.33069951830914,2.6439512386549,0.5,53.1532921424344
CBC_1001,CBC_1001_MSI_AV_v3_Vset4_Aset2_2023-06-08_11h37.59.527.csv,1,15,0,1,b,1,0,0,aud,A,63,1,0A,1A,NaN,NaN,[],NaN,NaN,NaN,NaN,NaN,,,A01,3.40119738166216,0.649119673235148,0.5,0.5,0.5,0.5,0.710536652020151,0.5,0.5,0.5,0.494646673116511,0.656144788304532,0.494646673116511,0.5,0.5,0.494646673116511,0.494646673116511,0,0,0,0,NaN,0,0,0,CBCsimpleAsymRW,CBCdriftDiffusionLR,0.5,0.170716922039925,0.0107066537669788,0.94813123991894,6.33069951830914,2.6439512386549,0.5,53.1532921424344
CBC_1001,CBC_1001_MSI_AV_v3_Vset4_Aset2_2023-06-08_11h37.59.527.csv,1,16,1,3,z,0,1,3,aud,D,27,1,1D,3D,0,1,z,2.58515670000043,0,1,1,1,3D,1D,D13,3.43398720448515,0.649119673235148,0.5,0.5,0.5,0.5,0.710536652020151,0.5,0.5,0.5,0.494646673116511,0.656144788304532,0.494646673116511,0.5,0.5,0.494646673116511,0.494646673116511,0.497308930382929,0.502691069617071,0.494646673116511,0.5,0.134806627870096,0.476449546830147,0.505353326883489,0.0862723645081856,CBCsimpleAsymRW,CBCdriftDiffusionLR,0.5,0.170716922039925,0.0107066537669788,0.94813123991894,6.33069951830914,2.6439512386549,0.5,53.1532921424344
CBC_1001,CBC_1001_MSI_AV_v3_Vset4_Aset2_2023-06-08_11h37.59.527.csv,1,17,1,0,b,1,0,1,aud,B,63,1,1B,0B,1,0,b,1.56869869999991,1,0,1,1,1B,0B,B10,2.77258872223978,0.649119673235148,0.5,0.5,0.5,0.5,0.710536652020151,0.5,0.5,0.5,0.494646673116511,0.656144788304532,0.494646673116511,0.5,0.5,0.494646673116511,0.580919037624696,0.586960048532527,0.413039951467473,0.710536652020151,0.5,0.776546586097796,0.948383521498757,0.289463347979849,0.0494162918104917,CBCsimpleAsymRW,CBCdriftDiffusionLR,0.5,0.170716922039925,0.0107066537669788,0.94813123991894,6.33069951830914,2.6439512386549,0.5,53.1532921424344
CBC_1001,CBC_1001_MSI_AV_v3_Vset4_Aset2_2023-06-08_11h37.59.527.csv,1,18,3,2,z,0,1,2,aud,C,63,0,3C,2C,1,0,z,3.12383599999976,0,1,1,0,2C,3C,C32,3.49650756146648,0.649119673235148,0.5,0.5,0.5,0.5,0.759952943830642,0.5,0.5,0.5,0.494646673116511,0.656144788304532,0.494646673116511,0.5,0.5,0.494646673116511,0.580919037624696,0.570168280093336,0.429831719906664,0.656144788304532,0.494646673116511,0.132638404060345,0.912930540191679,-0.656144788304532,-0.00702511506938421,CBCsimpleAsymRW,CBCdriftDiffusionLR,0.5,0.170716922039925,0.0107066537669788,0.94813123991894,6.33069951830914,2.6439512386549,0.5,53.1532921424344
CBC_1001,CBC_1001_MSI_AV_v3_Vset4_Aset2_2023-06-08_11h37.59.527.csv,1,19,0,2,b,1,0,0,aud,A,27,1,0A,2A,1,0,b,1.14921000000004,1,0,1,1,0A,2A,A02,3.52636052461616,0.649119673235148,0.5,0.5,0.5,0.5,0.759952943830642,0.5,0.5,0.5,0.494646673116511,0.649119673235148,0.494646673116511,0.5,0.5,0.494646673116511,0.580919037624696,0.564884309575576,0.435115690424424,0.649119673235148,0.5,0.210246836316478,0.898065089710663,0.350880326764852,0.0599012093896588,CBCsimpleAsymRW,CBCdriftDiffusionLR,0.5,0.170716922039925,0.0107066537669788,0.94813123991894,6.33069951830914,2.6439512386549,0.5,53.1532921424344
CBC_1001,CBC_1001_MSI_AV_v3_Vset4_Aset2_2023-06-08_11h37.59.527.csv,1,20,2,3,z,0,1,3,aud,D,63,1,2D,3D,0,1,z,2.32911330000024,0,1,1,1,3D,2D,D23,2.4567357728213,0.709020882624807,0.5,0.5,0.5,0.5,0.759952943830642,0.5,0.5,0.5,0.494646673116511,0.649119673235148,0.494646673116511,0.5,0.5,0.494646673116511,0.580919037624696,0.540105575906066,0.459894424093934,0.580919037624696,0.494646673116511,0.277067775831074,0.792349182949001,0.419080962375304,0.0715442119822416,CBCsimpleAsymRW,CBCdriftDiffusionLR,0.5,0.170716922039925,0.0107066537669788,0.94813123991894,6.33069951830914,2.6439512386549,0.5,53.1532921424344
CBC_1001,CBC_1001_MSI_AV_v3_Vset4_Aset2_2023-06-08_11h37.59.527.csv,1,21,1,3,b,1,0,1,aud,B,27,1,1B,3B,1,0,b,2.61349879999989,1,0,1,1,1B,3B,B13,3.58351893845611,0.709020882624807,0.5,0.5,0.5,0.5,0.759952943830642,0.5,0.5,0.5,0.494646673116511,0.649119673235148,0.494646673116511,0.5,0.5,0.494646673116511,0.652463249606938,0.603159782713911,0.396840217286089,0.759952943830642,0.5,0.188260573912178,0.969363826185997,0.240047056169358,0.0409800945739778,CBCsimpleAsymRW,CBCdriftDiffusionLR,0.5,0.170716922039925,0.0107066537669788,0.94813123991894,6.33069951830914,2.6439512386549,0.5,53.1532921424344
CBC_1001,CBC_1001_MSI_AV_v3_Vset4_Aset2_2023-06-08_11h37.59.527.csv,1,22,2,3,b,1,0,2,aud,C,63,1,2C,3C,1,0,b,2.32661290000033,1,0,1,1,2C,3C,C23,2.51230562397611,0.709020882624807,0.5,0.5,0.5,0.5,0.80093303840462,0.5,0.5,0.5,0.494646673116511,0.649119673235148,0.494646673116511,0.5,0.5,0.494646673116511,0.652463249606938,0.567528215273762,0.432471784726238,0.649119673235148,0.494646673116511,0.317361486621117,0.905608593642844,0.350880326764852,0.0599012093896588,CBCsimpleAsymRW,CBCdriftDiffusionLR,0.5,0.170716922039925,0.0107066537669788,0.94813123991894,6.33069951830914,2.6439512386549,0.5,53.1532921424344
CBC_1001,CBC_1001_MSI_AV_v3_Vset4_Aset2_2023-06-08_11h37.59.527.csv,1,23,1,0,z,0,1,0,aud,A,63,0,1A,0A,1,0,z,1.51755240000011,0,1,1,0,0A,1A,A10,2.53897387105828,0.709020882624807,0.5,0.5,0.5,0.5,0.80093303840462,0.5,0.5,0.5,0.494646673116511,0.709020882624807,0.494646673116511,0.5,0.5,0.494646673116511,0.652463249606938,0.586442213541845,0.413557786458155,0.709020882624807,0.5,0.798347516170245,0.947281356565127,-0.709020882624807,-0.0075912411038215,CBCsimpleAsymRW,CBCdriftDiffusionLR,0.5,0.170716922039925,0.0107066537669788,0.94813123991894,6.33069951830914,2.6439512386549,0.5,53.1532921424344
CBC_1001,CBC_1001_MSI_AV_v3_Vset4_Aset2_2023-06-08_11h37.59.527.csv,1,24,1,2,b,1,0,1,aud,B,9,1,1B,2B,1,0,b,1.58183529999997,1,0,1,1,1B,2B,B12,3.66356164612965,0.701429641520985,0.5,0.5,0.5,0.5,0.80093303840462,0.5,0.5,0.5,0.494646673116511,0.709020882624807,0.494646673116511,0.5,0.5,0.494646673116511,0.652463249606938,0.615660464267118,0.384339535732883,0.80093303840462,0.5,0.924827301203535,0.97959338557878,0.19906696159538,0.0339840989634033,CBCsimpleAsymRW,CBCdriftDiffusionLR,0.5,0.170716922039925,0.0107066537669788,0.94813123991894,6.33069951830914,2.6439512386549,0.5,53.1532921424344
CBC_1001,CBC_1001_MSI_AV_v3_Vset4_Aset2_2023-06-08_11h37.59.527.csv,1,25,3,2,z,0,1,2,aud,C,63,1,3C,2C,0,1,z,1.88420610000003,0,1,1,1,2C,3C,C32,2.99573227355399,0.701429641520985,0.5,0.5,0.5,0.5,0.834917137368024,0.5,0.5,0.5,0.494646673116511,0.709020882624807,0.494646673116511,0.5,0.5,0.494646673116511,0.652463249606938,0.589050422803939,0.410949577196061,0.709020882624807,0.494646673116511,0.559783098169623,0.951793556500659,0.290979117375193,0.0496750592961871,CBCsimpleAsymRW,CBCdriftDiffusionLR,0.5,0.170716922039925,0.0107066537669788,0.94813123991894,6.33069951830914,2.6439512386549,0.5,53.1532921424344
CBC_1001,CBC_1001_MSI_AV_v3_Vset4_Aset2_2023-06-08_11h37.59.527.csv,1,26,3,2,b,1,0,3,aud,D,63,0,3D,2D,0,1,b,2.44767640000009,1,0,1,0,3D,2D,D32,3.71357206670431,0.701429641520985,0.5,0.5,0.5,0.5,0.834917137368024,0.5,0.5,0.5,0.494646673116511,0.758695941920994,0.494646673116511,0.5,0.5,0.494646673116511,0.652463249606938,0.568788776630814,0.431211223369186,0.652463249606938,0.494646673116511,0.279039325810439,0.908993931774357,-0.652463249606938,-0.00698569810921933,CBCsimpleAsymRW,CBCdriftDiffusionLR,0.5,0.170716922039925,0.0107066537669788,0.94813123991894,6.33069951830914,2.6439512386549,0.5,53.1532921424344
CBC_1001,CBC_1001_MSI_AV_v3_Vset4_Aset2_2023-06-08_11h37.59.527.csv,1,27,1,0,b,1,0,1,aud,B,63,1,1B,0B,1,0,b,1.74692489999961,1,0,1,1,1B,0B,B10,2.63905732961526,0.701429641520985,0.5,0.5,0.5,0.5,0.834917137368024,0.5,0.5,0.5,0.494646673116511,0.758695941920994,0.494646673116511,0.5,0.5,0.494646673116511,0.645477551497718,0.625444916389477,0.374555083610523,0.834917137368024,0.5,0.737002307040145,0.985158277833449,0.165082862631976,0.0281824381900708,CBCsimpleAsymRW,CBCdriftDiffusionLR,0.5,0.170716922039925,0.0107066537669788,0.94813123991894,6.33069951830914,2.6439512386549,0.5,53.1532921424344
CBC_1001,CBC_1001_MSI_AV_v3_Vset4_Aset2_2023-06-08_11h37.59.527.csv,1,28,2,0,z,0,1,0,aud,A,27,1,2A,0A,0,1,z,1.51640159999988,0,1,1,1,0A,2A,A20,3.76120011569356,0.701429641520985,0.5,0.5,0.5,0.5,0.863099575558094,0.5,0.5,0.5,0.494646673116511,0.758695941920994,0.494646673116511,0.5,0.5,0.494646673116511,0.645477551497718,0.583829145943985,0.416170854056015,0.701429641520985,0.5,0.780269807848427,0.942735881584683,0.298570358479015,0.0509710126118945,CBCsimpleAsymRW,CBCdriftDiffusionLR,0.5,0.170716922039925,0.0107066537669788,0.94813123991894,6.33069951830914,2.6439512386549,0.5,53.1532921424344
CBC_1001,CBC_1001_MSI_AV_v3_Vset4_Aset2_2023-06-08_11h37.59.527.csv,1,29,3,1,b,1,0,3,aud,D,27,1,3D,1D,1,0,z,2.33447410000008,0,1,0,0,1D,3D,D31,3.09104245335832,0.75240065413288,0.5,0.5,0.5,0.5,0.863099575558094,0.5,0.5,0.5,0.494646673116511,0.758695941920994,0.494646673116511,0.5,0.5,0.494646673116511,0.645477551497718,0.436499169578878,0.563500830421123,0.5,0.645477551497718,0.0370988307072643,0.106254479267117,-0.5,-0.00535332688348938,CBCsimpleAsymRW,CBCdriftDiffusionLR,0.5,0.170716922039925,0.0107066537669788,0.94813123991894,6.33069951830914,2.6439512386549,0.5,53.1532921424344
CBC_1001,CBC_1001_MSI_AV_v3_Vset4_Aset2_2023-06-08_11h37.59.527.csv,1,30,0,1,b,1,0,0,aud,A,63,1,0A,1A,1,0,b,1.47099959999969,1,0,1,1,0A,1A,A01,3.11351530921037,0.75240065413288,0.5,0.5,0.5,0.5,0.863099575558094,0.5,0.5,0.5,0.494646673116511,0.758695941920994,0.494646673116511,0.5,0.494646673116511,0.494646673116511,0.645477551497718,0.600766736786653,0.399233263213347,0.75240065413288,0.5,0.926102733645884,0.966925143271234,0.24759934586712,0.0422693982255337,CBCsimpleAsymRW,CBCdriftDiffusionLR,0.5,0.170716922039925,0.0107066537669788,0.94813123991894,6.33069951830914,2.6439512386549,0.5,53.1532921424344
CBC_1001,CBC_1001_MSI_AV_v3_Vset4_Aset2_2023-06-08_11h37.59.527.csv,1,31,0,2,z,0,1,2,aud,C,27,1,0C,2C,0,1,z,2.05611799999997,0,1,1,1,2C,0C,C02,3.8286413964891,0.794670052358414,0.5,0.5,0.5,0.5,0.863099575558094,0.5,0.5,0.5,0.494646673116511,0.758695941920994,0.494646673116511,0.5,0.494646673116511,0.494646673116511,0.645477551497718,0.602763476589182,0.397236523410818,0.758695941920994,0.5,0.446850724433452,0.968913633205522,0.241304058079006,0.0411946860709913,CBCsimpleAsymRW,CBCdriftDiffusionLR,0.5,0.170716922039925,0.0107066537669788,0.94813123991894,6.33069951830914,2.6439512386549,0.5,53.1532921424344
CBC_1001,CBC_1001_MSI_AV_v3_Vset4_Aset2_2023-06-08_11h37.59.527.csv,1,32,3,2,b,1,0,3,aud,D,63,1,3D,2D,1,0,b,1.89630200000011,1,0,1,1,3D,2D,D32,3.15700042115011,0.794670052358414,0.5,0.5,0.5,0.5,0.863099575558094,0.5,0.5,0.5,0.494646673116511,0.799890627991985,0.494646673116511,0.5,0.494646673116511,0.494646673116511,0.645477551497718,0.566146686091265,0.433853313908735,0.645477551497718,0.494646673116511,0.492620853103863,0.901881605548876,0.354522448502282,0.0605229812023675,CBCsimpleAsymRW,CBCdriftDiffusionLR,0.5,0.170716922039925,0.0107066537669788,0.94813123991894,6.33069951830914,2.6439512386549,0.5,53.1532921424344
CBC_1001,CBC_1001_MSI_AV_v3_Vset4_Aset2_2023-06-08_11h37.59.527.csv,1,33,0,1,z,0,1,1,aud,B,63,1,0B,1B,0,1,z,1.24876840000024,0,1,1,1,1B,0B,B01,2.77258872223978,0.794670052358414,0.5,0.5,0.5,0.5,0.863099575558094,0.5,0.5,0.5,0.494646673116511,0.799890627991985,0.494646673116511,0.5,0.494646673116511,0.494646673116511,0.706000532700086,0.633188940143801,0.366811059856199,0.863099575558094,0.5,1.05942022608905,0.988533748487647,0.136900424441906,0.0233712190866815,CBCsimpleAsymRW,CBCdriftDiffusionLR,0.5,0.170716922039925,0.0107066537669788,0.94813123991894,6.33069951830914,2.6439512386549,0.5,53.1532921424344
CBC_1001,CBC_1001_MSI_AV_v3_Vset4_Aset2_2023-06-08_11h37.59.527.csv,1,34,1,0,z,0,1,0,aud,A,63,1,1A,0A,0,1,z,1.3421986000003,0,1,1,1,0A,1A,A10,2.50552593699074,0.794670052358414,0.5,0.5,0.5,0.5,0.886470794644776,0.5,0.5,0.5,0.494646673116511,0.799890627991985,0.494646673116511,0.5,0.494646673116511,0.494646673116511,0.706000532700086,0.613801215924333,0.386198784075667,0.794670052358414,0.5,1.03646068021008,0.978356695155859,0.205329947641586,0.0350532966639907,CBCsimpleAsymRW,CBCdriftDiffusionLR,0.5,0.170716922039925,0.0107066537669788,0.94813123991894,6.33069951830914,2.6439512386549,0.5,53.1532921424344
CBC_1001,CBC_1001_MSI_AV_v3_Vset4_Aset2_2023-06-08_11h37.59.527.csv,1,35,3,2,b,1,0,3,aud,D,63,0,3D,2D,0,1,b,2.72871000000032,1,0,1,0,3D,2D,D32,2.81341071676004,0.829723349022404,0.5,0.5,0.5,0.5,0.886470794644776,0.5,0.5,0.5,0.494646673116511,0.799890627991985,0.494646673116511,0.5,0.494646673116511,0.494646673116511,0.706000532700086,0.58801663742674,0.41198336257326,0.706000532700086,0.494646673116511,0.184700357309108,0.950032488183932,-0.706000532700086,-0.00755890326292239,CBCsimpleAsymRW,CBCdriftDiffusionLR,0.5,0.170716922039925,0.0107066537669788,0.94813123991894,6.33069951830914,2.6439512386549,0.5,53.1532921424344
CBC_1001,CBC_1001_MSI_AV_v3_Vset4_Aset2_2023-06-08_11h37.59.527.csv,1,36,0,2,z,0,1,2,aud,C,27,1,0C,2C,0,1,z,1.89188760000025,0,1,1,1,2C,0C,C02,3.23867845216438,0.829723349022404,0.5,0.5,0.5,0.5,0.886470794644776,0.5,0.5,0.5,0.494646673116511,0.799890627991985,0.494646673116511,0.5,0.494646673116511,0.494646673116511,0.698441629437163,0.615352254079731,0.384647745920269,0.799890627991985,0.5,0.573161379145973,0.979490781452766,0.200109372008015,0.0341620560605507,CBCsimpleAsymRW,CBCdriftDiffusionLR,0.5,0.170716922039925,0.0107066537669788,0.94813123991894,6.33069951830914,2.6439512386549,0.5,53.1532921424344
CBC_1001,CBC_1001_MSI_AV_v3_Vset4_Aset2_2023-06-08_11h37.59.527.csv,1,37,1,0,z,0,1,0,aud,A,63,1,1A,0A,0,1,z,1.17191539999976,0,1,1,1,0A,1A,A10,2.34180580614733,0.829723349022404,0.5,0.5,0.5,0.5,0.886470794644776,0.5,0.5,0.5,0.494646673116511,0.834052684052536,0.494646673116511,0.5,0.494646673116511,0.494646673116511,0.698441629437163,0.623981935514937,0.376018064485063,0.829723349022404,0.5,0.607279205425288,0.98451363267625,0.170276650977596,0.0290691057501618,CBCsimpleAsymRW,CBCdriftDiffusionLR,0.5,0.170716922039925,0.0107066537669788,0.94813123991894,6.33069951830914,2.6439512386549,0.5,53.1532921424344
CBC_1001,CBC_1001_MSI_AV_v3_Vset4_Aset2_2023-06-08_11h37.59.527.csv,1,38,3,1,z,0,1,1,aud,B,27,1,3B,1B,0,1,z,1.44698119999975,0,1,1,1,1B,3B,B31,3.27714473299218,0.858792454772566,0.5,0.5,0.5,0.5,0.886470794644776,0.5,0.5,0.5,0.494646673116511,0.834052684052536,0.494646673116511,0.5,0.494646673116511,0.494646673116511,0.698441629437163,0.639372136844683,0.360627863155317,0.886470794644776,0.5,1.23086575602844,0.990668423173012,0.113529205355224,0.0193813564998825,CBCsimpleAsymRW,CBCdriftDiffusionLR,0.5,0.170716922039925,0.0107066537669788,0.94813123991894,6.33069951830914,2.6439512386549,0.5,53.1532921424344
CBC_1001,CBC_1001_MSI_AV_v3_Vset4_Aset2_2023-06-08_11h37.59.527.csv,1,39,2,3,b,1,0,2,aud,C,63,0,2C,3C,0,1,b,2.96182120000003,1,0,1,0,2C,3C,C23,2.60268968544438,0.858792454772566,0.5,0.5,0.5,0.5,0.905852151144658,0.5,0.5,0.5,0.494646673116511,0.834052684052536,0.494646673116511,0.5,0.494646673116511,0.494646673116511,0.698441629437163,0.627721146662993,0.372278853337007,0.834052684052536,0.494646673116511,0.0660142541775762,0.98631112377168,-0.834052684052536,-0.00892991331156984,CBCsimpleAsymRW,CBCdriftDiffusionLR,0.5,0.170716922039925,0.0107066537669788,0.94813123991894,6.33069951830914,2.6439512386549,0.5,53.1532921424344
CBC_1001,CBC_1001_MSI_AV_v3_Vset4_Aset2_2023-06-08_11h37.59.527.csv,1,40,2,3,z,0,1,3,aud,D,63,1,2D,3D,0,1,b,2.35783190000029,1,0,0,0,2D,3D,D23,2.62103882411258,0.858792454772566,0.5,0.5,0.5,0.5,0.905852151144658,0.5,0.5,0.5,0.494646673116511,0.825122770740966,0.494646673116511,0.5,0.494646673116511,0.494646673116511,0.698441629437163,0.414593515046434,0.585406484953566,0.494646673116511,0.698441629437163,0.0174004125606889,0.05414323920155,-0.494646673116511,-0.0052960106660464,CBCsimpleAsymRW,CBCdriftDiffusionLR,0.5,0.170716922039925,0.0107066537669788,0.94813123991894,6.33069951830914,2.6439512386549,0.5,53.1532921424344
CBC_1001,CBC_1001_MSI_AV_v3_Vset4_Aset2_2023-06-08_11h37.59.527.csv,1,41,1,0,b,1,0,1,aud,B,63,1,1B,0B,1,0,b,1.19339880000007,1,0,1,1,1B,0B,B10,2.63905732961526,0.858792454772566,0.5,0.5,0.5,0.5,0.905852151144658,0.5,0.5,0.5,0.494646673116511,0.825122770740966,0.494646673116511,0.5,0.494646673116511,0.489350662450464,0.698441629437163,0.644343824069341,0.355656175930659,0.905852151144658,0.5,0.91432268969923,0.992054594825199,0.0941478488553417,0.016072630973264,CBCsimpleAsymRW,CBCdriftDiffusionLR,0.5,0.170716922039925,0.0107066537669788,0.94813123991894,6.33069951830914,2.6439512386549,0.5,53.1532921424344
CBC_1001,CBC_1001_MSI_AV_v3_Vset4_Aset2_2023-06-08_11h37.59.527.csv,1,42,0,2,b,1,0,0,aud,A,27,1,0A,2A,1,0,b,1.40796890000001,1,0,1,1,0A,2A,A02,3.3499040872746,0.858792454772566,0.5,0.5,0.5,0.5,0.921924782117922,0.5,0.5,0.5,0.494646673116511,0.825122770740966,0.494646673116511,0.5,0.494646673116511,0.489350662450464,0.698441629437163,0.63202621692237,0.36797378307763,0.858792454772566,0.5,1.2110601195486,0.988041376384282,0.141207545227434,0.0241065174900411,CBCsimpleAsymRW,CBCdriftDiffusionLR,0.5,0.170716922039925,0.0107066537669788,0.94813123991894,6.33069951830914,2.6439512386549,0.5,53.1532921424344
CBC_1001,CBC_1001_MSI_AV_v3_Vset4_Aset2_2023-06-08_11h37.59.527.csv,1,43,0,3,z,0,1,3,aud,D,9,1,0D,3D,0,1,z,2.75495509999973,0,1,1,1,3D,0D,D03,4.06044301054642,0.882898972262607,0.5,0.5,0.5,0.5,0.921924782117922,0.5,0.5,0.5,0.494646673116511,0.825122770740966,0.494646673116511,0.5,0.494646673116511,0.489350662450464,0.698441629437163,0.582791528833306,0.417208471166693,0.698441629437163,0.5,0.186015926026928,0.941005630393567,0.301558370562837,0.0514811168378627,CBCsimpleAsymRW,CBCdriftDiffusionLR,0.5,0.170716922039925,0.0107066537669788,0.94813123991894,6.33069951830914,2.6439512386549,0.5,53.1532921424344
CBC_1001,CBC_1001_MSI_AV_v3_Vset4_Aset2_2023-06-08_11h37.59.527.csv,1,44,2,3,b,1,0,2,aud,C,63,1,2C,3C,1,0,b,2.48296149999987,1,0,1,1,2C,3C,C23,2.46809953147162,0.882898972262607,0.5,0.5,0.5,0.5,0.921924782117922,0.5,0.5,0.5,0.494646673116511,0.825122770740966,0.494646673116511,0.5,0.494646673116511,0.489350662450464,0.749922746275026,0.625202208295763,0.374797791704236,0.825122770740966,0.494646673116511,0.179914386003722,0.985049675450281,0.174877229259034,0.0298545023139727,CBCsimpleAsymRW,CBCdriftDiffusionLR,0.5,0.170716922039925,0.0107066537669788,0.94813123991894,6.33069951830914,2.6439512386549,0.5,53.1532921424344
CBC_1001,CBC_1001_MSI_TV_v3_Vset1_Tset1_2023-06-08_11h53.34.814.csv,2,1,1,0,b,1,0,1,tac,B,63,1,1B,0B,1,0,b,1.47302500000069,1,0,1,1,1B,0B,B10,2.77258872223978,0.5,0.5,0.5,0.5,0.5,0.5,0.5,0.5,0.5,0.5,0.5,0.5,0.5,0.5,0.5,0.5,0.5,0.5,0.5,0.5,0.0736571307390782,0.500763912718685,0.5,0.0611770039467357,CBCsimpleAsymRW,CBCdriftDiffusionLR,0.5,0.122354007893471,0.0125253458688055,1.32828395381987,2.51031088676918,2.34507042916972,0.5,70.9767821522414
CBC_1001,CBC_1001_MSI_TV_v3_Vset1_Tset1_2023-06-08_11h53.34.814.csv,2,2,1,0,z,0,1,0,tac,A,63,1,1A,0A,0,1,z,1.61898499999961,0,1,1,1,0A,1A,A10,2.83321334405622,0.5,0.5,0.5,0.5,0.5,0.561177003946736,0.5,0.5,0.5,0.5,0.5,0.5,0.5,0.5,0.5,0.5,0.5,0.5,0.5,0.5,0.28012471740651,0.499377827729259,0.5,0.0611770039467357,CBCsimpleAsymRW,CBCdriftDiffusionLR,0.5,0.122354007893471,0.0125253458688055,1.32828395381987,2.51031088676918,2.34507042916972,0.5,70.9767821522414
CBC_1001,CBC_1001_MSI_TV_v3_Vset1_Tset1_2023-06-08_11h53.34.814.csv,2,3,3,2,b,1,0,3,tac,D,63,1,3D,2D,1,0,z,2.38288740000053,0,1,0,0,2D,3D,D32,2.89037175789616,0.561177003946736,0.5,0.5,0.5,0.5,0.561177003946736,0.5,0.5,0.5,0.5,0.5,0.5,0.5,0.5,0.5,0.5,0.5,0.5,0.5,0.5,0.221245518413899,0.499652993577165,-0.5,-0.00626267293440275,CBCsimpleAsymRW,CBCdriftDiffusionLR,0.5,0.122354007893471,0.0125253458688055,1.32828395381987,2.51031088676918,2.34507042916972,0.5,70.9767821522414
CBC_1001,CBC_1001_MSI_TV_v3_Vset1_Tset1_2023-06-08_11h53.34.814.csv,2,4,1,2,b,1,0,1,tac,B,9,1,1B,2B,NaN,NaN,None,NaN,NaN,NaN,NaN,NaN,,,B12,2.94443897916644,0.561177003946736,0.5,0.5,0.5,0.5,0.561177003946736,0.5,0.5,0.5,0.5,0.5,0.5,0.5,0.5,0.493737327065597,0.5,0,0,0,0,NaN,0,0,0,CBCsimpleAsymRW,CBCdriftDiffusionLR,0.5,0.122354007893471,0.0125253458688055,1.32828395381987,2.51031088676918,2.34507042916972,0.5,70.9767821522414
CBC_1001,CBC_1001_MSI_TV_v3_Vset1_Tset1_2023-06-08_11h53.34.814.csv,2,5,2,0,z,0,1,0,tac,A,27,1,2A,0A,0,1,z,2.56436939999958,0,1,1,1,0A,2A,A20,2.99573227355399,0.561177003946736,0.5,0.5,0.5,0.5,0.561177003946736,0.5,0.5,0.5,0.5,0.5,0.5,0.5,0.5,0.493737327065597,0.5,0.528825070520378,0.471174929479622,0.561177003946736,0.5,0.220388051083611,0.584270110693378,0.438822996053264,0.0536917523229379,CBCsimpleAsymRW,CBCdriftDiffusionLR,0.5,0.122354007893471,0.0125253458688055,1.32828395381987,2.51031088676918,2.34507042916972,0.5,70.9767821522414
CBC_1001,CBC_1001_MSI_TV_v3_Vset1_Tset1_2023-06-08_11h53.34.814.csv,2,6,3,2,z,0,1,2,tac,C,63,1,3C,2C,0,1,b,3.33090360000051,1,0,0,0,3C,2C,C32,3.04452243772342,0.614868756269674,0.5,0.5,0.5,0.5,0.561177003946736,0.5,0.5,0.5,0.5,0.5,0.5,0.5,0.5,0.493737327065597,0.5,0.5,0.5,0.5,0.5,0.0947265510495001,0.500088190610299,-0.5,-0.00626267293440275,CBCsimpleAsymRW,CBCdriftDiffusionLR,0.5,0.122354007893471,0.0125253458688055,1.32828395381987,2.51031088676918,2.34507042916972,0.5,70.9767821522414
CBC_1001,CBC_1001_MSI_TV_v3_Vset1_Tset1_2023-06-08_11h53.34.814.csv,2,7,3,1,b,1,0,3,tac,D,27,1,3D,1D,1,0,z,2.33253970000032,0,1,0,0,1D,3D,D31,3.09104245335832,0.614868756269674,0.5,0.5,0.5,0.5,0.561177003946736,0.5,0.5,0.5,0.5,0.5,0.493737327065597,0.5,0.5,0.493737327065597,0.5,0.5,0.5,0.5,0.5,0.231235193383067,0.499481883545846,-0.5,-0.00626267293440275,CBCsimpleAsymRW,CBCdriftDiffusionLR,0.5,0.122354007893471,0.0125253458688055,1.32828395381987,2.51031088676918,2.34507042916972,0.5,70.9767821522414
CBC_1001,CBC_1001_MSI_TV_v3_Vset1_Tset1_2023-06-08_11h53.34.814.csv,2,8,0,1,b,1,0,0,tac,A,63,1,0A,1A,1,0,b,2.34114360000012,1,0,1,1,0A,1A,A01,3.13549421592915,0.614868756269674,0.5,0.5,0.5,0.5,0.561177003946736,0.5,0.5,0.5,0.5,0.5,0.493737327065597,0.5,0.493737327065597,0.493737327065597,0.5,0.55151671693358,0.44848328306642,0.614868756269674,0.5,0.300713459303136,0.647081728583278,0.385131243730326,0.0471223512354028,CBCsimpleAsymRW,CBCdriftDiffusionLR,0.5,0.122354007893471,0.0125253458688055,1.32828395381987,2.51031088676918,2.34507042916972,0.5,70.9767821522414
CBC_1001,CBC_1001_MSI_TV_v3_Vset1_Tset1_2023-06-08_11h53.34.814.csv,2,9,0,2,z,0,1,2,tac,C,27,1,0C,2C,0,1,z,3.4135411000002,0,1,1,1,2C,0C,C02,3.17805383034795,0.661991107505076,0.5,0.5,0.5,0.5,0.561177003946736,0.5,0.5,0.5,0.5,0.5,0.493737327065597,0.5,0.493737327065597,0.493737327065597,0.5,0.5,0.5,0.5,0.5,0.0880049691396503,0.500364519856891,0.5,0.0611770039467357,CBCsimpleAsymRW,CBCdriftDiffusionLR,0.5,0.122354007893471,0.0125253458688055,1.32828395381987,2.51031088676918,2.34507042916972,0.5,70.9767821522414
CBC_1001,CBC_1001_MSI_TV_v3_Vset1_Tset1_2023-06-08_11h53.34.814.csv,2,10,3,2,b,1,0,3,tac,D,63,1,3D,2D,1,0,b,3.37501769999972,1,0,1,1,3D,2D,D32,2.52572864430826,0.661991107505076,0.5,0.5,0.5,0.5,0.561177003946736,0.5,0.5,0.5,0.5,0.561177003946736,0.493737327065597,0.5,0.493737327065597,0.493737327065597,0.5,0.50315107059171,0.49684892940829,0.5,0.493737327065597,0.0927897046897605,0.509689947947361,0.5,0.0611770039467357,CBCsimpleAsymRW,CBCdriftDiffusionLR,0.5,0.122354007893471,0.0125253458688055,1.32828395381987,2.51031088676918,2.34507042916972,0.5,70.9767821522414
CBC_1001,CBC_1001_MSI_TV_v3_Vset1_Tset1_2023-06-08_11h53.34.814.csv,2,11,0,1,z,0,1,1,tac,B,63,0,0B,1B,1,0,b,3.06084520000013,1,0,0,1,0B,1B,B01,3.25809653802148,0.661991107505076,0.5,0.5,0.5,0.5,0.561177003946736,0.5,0.5,0.5,0.5,0.561177003946736,0.493737327065597,0.5,0.493737327065597,0.493737327065597,0.561177003946736,0.471174929479622,0.528825070520378,0.5,0.561177003946736,0.0998934795690904,0.415478213975315,0.5,0.0611770039467357,CBCsimpleAsymRW,CBCdriftDiffusionLR,0.5,0.122354007893471,0.0125253458688055,1.32828395381987,2.51031088676918,2.34507042916972,0.5,70.9767821522414
CBC_1001,CBC_1001_MSI_TV_v3_Vset1_Tset1_2023-06-08_11h53.34.814.csv,2,12,1,0,z,0,1,0,tac,A,63,1,1A,0A,0,1,b,2.5656597000002,1,0,0,0,1A,0A,A10,2.60268968544438,0.661991107505076,0.5,0.5,0.5,0.561177003946736,0.561177003946736,0.5,0.5,0.5,0.5,0.561177003946736,0.493737327065597,0.5,0.493737327065597,0.493737327065597,0.561177003946736,0.430295891913971,0.569704108086029,0.5,0.661991107505076,0.115786196028895,0.305857590256708,-0.5,-0.00626267293440275,CBCsimpleAsymRW,CBCdriftDiffusionLR,0.5,0.122354007893471,0.0125253458688055,1.32828395381987,2.51031088676918,2.34507042916972,0.5,70.9767821522414
CBC_1001,CBC_1001_MSI_TV_v3_Vset1_Tset1_2023-06-08_11h53.34.814.csv,2,13,3,2,b,1,0,3,tac,D,63,1,3D,2D,1,0,z,2.95413549999967,0,1,0,0,2D,3D,D32,2.23359222150709,0.661991107505076,0.493737327065597,0.5,0.5,0.561177003946736,0.561177003946736,0.5,0.5,0.5,0.5,0.561177003946736,0.493737327065597,0.5,0.493737327065597,0.493737327065597,0.561177003946736,0.468035472218668,0.531964527781332,0.493737327065597,0.561177003946736,0.107941655598208,0.407726606791681,-0.493737327065597,-0.00618423078983615,CBCsimpleAsymRW,CBCdriftDiffusionLR,0.5,0.122354007893471,0.0125253458688055,1.32828395381987,2.51031088676918,2.34507042916972,0.5,70.9767821522414
CBC_1001,CBC_1001_MSI_TV_v3_Vset1_Tset1_2023-06-08_11h53.34.814.csv,2,14,0,2,z,0,1,2,tac,C,27,1,0C,2C,0,1,b,2.62160820000054,1,0,0,0,0C,2C,C02,2.67414864942653,0.661991107505076,0.493737327065597,0.5,0.5,0.561177003946736,0.561177003946736,0.5,0.5,0.5,0.5,0.561177003946736,0.493737327065597,0.5,0.493737327065597,0.487553096275761,0.561177003946736,0.471174929479622,0.528825070520378,0.5,0.561177003946736,0.149267429079118,0.416778610652592,-0.5,-0.00626267293440275,CBCsimpleAsymRW,CBCdriftDiffusionLR,0.5,0.122354007893471,0.0125253458688055,1.32828395381987,2.51031088676918,2.34507042916972,0.5,70.9767821522414
CBC_1001,CBC_1001_MSI_TV_v3_Vset1_Tset1_2023-06-08_11h53.34.814.csv,2,15,1,0,z,0,1,0,tac,A,63,1,1A,0A,0,1,b,2.59557020000057,1,0,0,0,1A,0A,A10,2.30258509299405,0.661991107505076,0.493737327065597,0.5,0.5,0.561177003946736,0.561177003946736,0.5,0.5,0.493737327065597,0.5,0.561177003946736,0.493737327065597,0.5,0.493737327065597,0.487553096275761,0.561177003946736,0.427208773529059,0.572791226470941,0.493737327065597,0.661991107505076,0.109837848275753,0.298506880412477,-0.493737327065597,-0.00618423078983615,CBCsimpleAsymRW,CBCdriftDiffusionLR,0.5,0.122354007893471,0.0125253458688055,1.32828395381987,2.51031088676918,2.34507042916972,0.5,70.9767821522414
CBC_1001,CBC_1001_MSI_TV_v3_Vset1_Tset1_2023-06-08_11h53.34.814.csv,2,16,3,1,z,0,1,1,tac,B,27,1,3B,1B,0,1,z,2.52995490000058,0,1,1,1,1B,3B,B31,3.43398720448515,0.661991107505076,0.487553096275761,0.5,0.5,0.561177003946736,0.561177003946736,0.5,0.5,0.493737327065597,0.5,0.561177003946736,0.493737327065597,0.5,0.493737327065597,0.487553096275761,0.561177003946736,0.528825070520378,0.471174929479622,0.561177003946736,0.5,0.227172193625785,0.583809300410422,0.438822996053264,0.0536917523229379,CBCsimpleAsymRW,CBCdriftDiffusionLR,0.5,0.122354007893471,0.0125253458688055,1.32828395381987,2.51031088676918,2.34507042916972,0.5,70.9767821522414
CBC_1001,CBC_1001_MSI_TV_v3_Vset1_Tset1_2023-06-08_11h53.34.814.csv,2,17,2,3,b,1,0,2,tac,C,63,1,2C,3C,1,0,b,2.9325472000005,1,0,1,1,2C,3C,C23,3.46573590279973,0.661991107505076,0.487553096275761,0.5,0.5,0.561177003946736,0.614868756269674,0.5,0.5,0.493737327065597,0.5,0.561177003946736,0.493737327065597,0.5,0.493737327065597,0.487553096275761,0.561177003946736,0.531964527781332,0.468035472218668,0.561177003946736,0.493737327065597,0.160228843662052,0.593509712265357,0.438822996053264,0.0536917523229379,CBCsimpleAsymRW,CBCdriftDiffusionLR,0.5,0.122354007893471,0.0125253458688055,1.32828395381987,2.51031088676918,2.34507042916972,0.5,70.9767821522414
CBC_1001,CBC_1001_MSI_TV_v3_Vset1_Tset1_2023-06-08_11h53.34.814.csv,2,18,3,2,b,1,0,3,tac,D,63,0,3D,2D,NaN,NaN,None,NaN,NaN,NaN,NaN,NaN,,,D32,2.11021320034659,0.661991107505076,0.487553096275761,0.5,0.5,0.561177003946736,0.614868756269674,0.5,0.5,0.493737327065597,0.5,0.614868756269674,0.493737327065597,0.5,0.493737327065597,0.487553096275761,0.561177003946736,0,0,0,0,NaN,0,0,0,CBCsimpleAsymRW,CBCdriftDiffusionLR,0.5,0.122354007893471,0.0125253458688055,1.32828395381987,2.51031088676918,2.34507042916972,0.5,70.9767821522414
CBC_1001,CBC_1001_MSI_TV_v3_Vset1_Tset1_2023-06-08_11h53.34.814.csv,2,19,0,1,z,0,1,1,tac,B,63,1,0B,1B,0,1,z,2.36990699999978,0,1,1,1,1B,0B,B01,2.83321334405622,0.661991107505076,0.487553096275761,0.5,0.5,0.561177003946736,0.614868756269674,0.5,0.5,0.493737327065597,0.5,0.614868756269674,0.493737327065597,0.5,0.493737327065597,0.487553096275761,0.561177003946736,0.522827237739906,0.477172762260094,0.614868756269674,0.561177003946736,0.254614484190616,0.567197184237078,0.385131243730326,0.0471223512354028,CBCsimpleAsymRW,CBCdriftDiffusionLR,0.5,0.122354007893471,0.0125253458688055,1.32828395381987,2.51031088676918,2.34507042916972,0.5,70.9767821522414
CBC_1001,CBC_1001_MSI_TV_v3_Vset1_Tset1_2023-06-08_11h53.34.814.csv,2,20,0,2,b,1,0,0,tac,A,27,1,0A,2A,1,0,b,2.4699942000002,1,0,1,1,0A,2A,A02,3.55534806148941,0.661991107505076,0.487553096275761,0.5,0.5,0.561177003946736,0.661991107505076,0.5,0.5,0.493737327065597,0.5,0.614868756269674,0.493737327065597,0.5,0.493737327065597,0.487553096275761,0.561177003946736,0.569704108086029,0.430295891913971,0.661991107505076,0.5,0.287726664481597,0.693777193694379,0.338008892494924,0.0413567427003874,CBCsimpleAsymRW,CBCdriftDiffusionLR,0.5,0.122354007893471,0.0125253458688055,1.32828395381987,2.51031088676918,2.34507042916972,0.5,70.9767821522414
CBC_1001,CBC_1001_MSI_TV_v3_Vset1_Tset1_2023-06-08_11h53.34.814.csv,2,21,3,0,b,1,0,3,tac,D,9,1,3D,0D,1,0,b,3.05295680000063,1,0,1,1,3D,0D,D30,3.58351893845611,0.703347850205464,0.487553096275761,0.5,0.5,0.561177003946736,0.661991107505076,0.5,0.5,0.493737327065597,0.5,0.614868756269674,0.493737327065597,0.5,0.493737327065597,0.487553096275761,0.561177003946736,0.528825070520378,0.471174929479622,0.561177003946736,0.5,0.141474719724406,0.58420750280087,0.438822996053264,0.0536917523229379,CBCsimpleAsymRW,CBCdriftDiffusionLR,0.5,0.122354007893471,0.0125253458688055,1.32828395381987,2.51031088676918,2.34507042916972,0.5,70.9767821522414
CBC_1001,CBC_1001_MSI_TV_v3_Vset1_Tset1_2023-06-08_11h53.34.814.csv,2,22,3,2,z,0,1,2,tac,C,63,1,3C,2C,0,1,z,2.24072060000026,0,1,1,1,2C,3C,C32,2.91777073208428,0.703347850205464,0.487553096275761,0.5,0.5,0.561177003946736,0.661991107505076,0.5,0.5,0.493737327065597,0.5,0.614868756269674,0.493737327065597,0.5,0.493737327065597,0.487553096275761,0.614868756269674,0.554632313057335,0.445367686942665,0.614868756269674,0.493737327065597,0.334509112166653,0.655819246093685,0.385131243730326,0.0471223512354028,CBCsimpleAsymRW,CBCdriftDiffusionLR,0.5,0.122354007893471,0.0125253458688055,1.32828395381987,2.51031088676918,2.34507042916972,0.5,70.9767821522414
CBC_1001,CBC_1001_MSI_TV_v3_Vset1_Tset1_2023-06-08_11h53.34.814.csv,2,23,1,3,b,1,0,1,tac,B,27,1,1B,3B,1,0,b,2.47497290000001,1,0,1,1,1B,3B,B13,3.63758615972639,0.703347850205464,0.487553096275761,0.5,0.5,0.561177003946736,0.661991107505076,0.5,0.5,0.493737327065597,0.5,0.661991107505076,0.493737327065597,0.5,0.493737327065597,0.487553096275761,0.614868756269674,0.569704108086029,0.430295891913971,0.661991107505076,0.5,0.286561995549227,0.694219172931496,0.338008892494924,0.0413567427003874,CBCsimpleAsymRW,CBCdriftDiffusionLR,0.5,0.122354007893471,0.0125253458688055,1.32828395381987,2.51031088676918,2.34507042916972,0.5,70.9767821522414
CBC_1001,CBC_1001_MSI_TV_v3_Vset1_Tset1_2023-06-08_11h53.34.814.csv,2,24,2,3,b,1,0,2,tac,C,63,1,2C,3C,1,0,z,2.54615030000014,0,1,0,0,3C,2C,C23,2.9704144655697,0.703347850205464,0.487553096275761,0.5,0.5,0.561177003946736,0.703347850205464,0.5,0.5,0.493737327065597,0.5,0.661991107505076,0.493737327065597,0.5,0.493737327065597,0.487553096275761,0.614868756269674,0.427208773529059,0.572791226470941,0.493737327065597,0.661991107505076,0.114955088439975,0.297915838125984,-0.493737327065597,-0.00618423078983615,CBCsimpleAsymRW,CBCdriftDiffusionLR,0.5,0.122354007893471,0.0125253458688055,1.32828395381987,2.51031088676918,2.34507042916972,0.5,70.9767821522414
CBC_1001,CBC_1001_MSI_TV_v3_Vset1_Tset1_2023-06-08_11h53.34.814.csv,2,25,3,2,b,1,0,3,tac,D,63,1,3D,2D,1,0,b,2.97116570000026,1,0,1,1,3D,2D,D32,2.07944154167984,0.703347850205464,0.487553096275761,0.5,0.5,0.561177003946736,0.703347850205464,0.5,0.5,0.493737327065597,0.5,0.661991107505076,0.487553096275761,0.5,0.493737327065597,0.487553096275761,0.614868756269674,0.557743621327873,0.442256378672127,0.614868756269674,0.487553096275761,0.171513091246085,0.663831585582347,0.385131243730326,0.0471223512354028,CBCsimpleAsymRW,CBCdriftDiffusionLR,0.5,0.122354007893471,0.0125253458688055,1.32828395381987,2.51031088676918,2.34507042916972,0.5,70.9767821522414
CBC_1001,CBC_1001_MSI_TV_v3_Vset1_Tset1_2023-06-08_11h53.34.814.csv,2,26,0,1,z,0,1,1,tac,B,63,1,0B,1B,0,1,b,2.71671500000002,1,0,0,0,0B,1B,B01,2.6149597780362,0.703347850205464,0.487553096275761,0.5,0.5,0.561177003946736,0.703347850205464,0.5,0.5,0.493737327065597,0.5,0.661991107505076,0.487553096275761,0.5,0.493737327065597,0.487553096275761,0.661991107505076,0.443784874693488,0.556215125306512,0.561177003946736,0.703347850205464,0.111742423882394,0.340526926637213,-0.561177003946736,-0.00702893606805289,CBCsimpleAsymRW,CBCdriftDiffusionLR,0.5,0.122354007893471,0.0125253458688055,1.32828395381987,2.51031088676918,2.34507042916972,0.5,70.9767821522414
CBC_1001,CBC_1001_MSI_TV_v3_Vset1_Tset1_2023-06-08_11h53.34.814.csv,2,27,3,0,z,0,1,0,tac,A,9,1,3A,0A,0,1,b,1.99343550000003,1,0,0,0,3A,0A,A30,3.73766961828337,0.703347850205464,0.487553096275761,0.5,0.5,0.554148067878683,0.703347850205464,0.5,0.5,0.493737327065597,0.5,0.661991107505076,0.487553096275761,0.5,0.493737327065597,0.487553096275761,0.661991107505076,0.415507452740808,0.584492547259192,0.5,0.703347850205464,0.175474914870767,0.269773432070463,-0.5,-0.00626267293440275,CBCsimpleAsymRW,CBCdriftDiffusionLR,0.5,0.122354007893471,0.0125253458688055,1.32828395381987,2.51031088676918,2.34507042916972,0.5,70.9767821522414
CBC_1001,CBC_1001_MSI_TV_v3_Vset1_Tset1_2023-06-08_11h53.34.814.csv,2,28,3,2,b,1,0,3,tac,D,63,1,3D,2D,1,0,z,2.72957930000075,0,1,0,0,2D,3D,D32,1.96944064646551,0.703347850205464,0.487553096275761,0.5,0.493737327065597,0.554148067878683,0.703347850205464,0.5,0.5,0.493737327065597,0.5,0.661991107505076,0.487553096275761,0.5,0.493737327065597,0.487553096275761,0.661991107505076,0.424127314697603,0.575872685302397,0.487553096275761,0.661991107505076,0.0941018978638247,0.29111300272973,-0.487553096275761,-0.00610677116026093,CBCsimpleAsymRW,CBCdriftDiffusionLR,0.5,0.122354007893471,0.0125253458688055,1.32828395381987,2.51031088676918,2.34507042916972,0.5,70.9767821522414
CBC_1001,CBC_1001_MSI_TV_v3_Vset1_Tset1_2023-06-08_11h53.34.814.csv,2,29,0,2,z,0,1,2,tac,C,27,1,0C,2C,0,1,b,4.16821710000067,1,0,0,0,0C,2C,C02,2.68557734525015,0.703347850205464,0.487553096275761,0.5,0.493737327065597,0.554148067878683,0.703347850205464,0.5,0.5,0.493737327065597,0.5,0.661991107505076,0.487553096275761,0.5,0.493737327065597,0.4814463251155,0.661991107505076,0.427208773529059,0.572791226470941,0.493737327065597,0.661991107505076,0.0241665251419484,0.298776802425002,-0.493737327065597,-0.00618423078983615,CBCsimpleAsymRW,CBCdriftDiffusionLR,0.5,0.122354007893471,0.0125253458688055,1.32828395381987,2.51031088676918,2.34507042916972,0.5,70.9767821522414
CBC_1001,CBC_1001_MSI_TV_v3_Vset1_Tset1_2023-06-08_11h53.34.814.csv,2,30,0,1,b,1,0,0,tac,A,63,0,0A,1A,0,1,b,3.2208958999995,1,0,1,0,0A,1A,A01,3.11351530921037,0.703347850205464,0.487553096275761,0.5,0.493737327065597,0.554148067878683,0.703347850205464,0.5,0.5,0.487553096275761,0.5,0.661991107505076,0.487553096275761,0.5,0.493737327065597,0.4814463251155,0.661991107505076,0.590601470494803,0.409398529505197,0.703347850205464,0.487553096275761,0.146465921748057,0.743552139599857,-0.703347850205464,-0.00880967508990423,CBCsimpleAsymRW,CBCdriftDiffusionLR,0.5,0.122354007893471,0.0125253458688055,1.32828395381987,2.51031088676918,2.34507042916972,0.5,70.9767821522414
CBC_1001,CBC_1001_MSI_TV_v3_Vset1_Tset1_2023-06-08_11h53.34.814.csv,2,31,0,1,z,0,1,1,tac,B,63,1,0B,1B,0,1,z,2.92884339999955,0,1,1,1,1B,0B,B01,2.4423470353692,0.694538175115559,0.487553096275761,0.5,0.493737327065597,0.554148067878683,0.703347850205464,0.5,0.5,0.487553096275761,0.5,0.661991107505076,0.487553096275761,0.5,0.493737327065597,0.4814463251155,0.661991107505076,0.559324161685588,0.440675838314412,0.703347850205464,0.554148067878683,0.179349945900727,0.667492836711587,0.296652149794536,0.0362965794775759,CBCsimpleAsymRW,CBCdriftDiffusionLR,0.5,0.122354007893471,0.0125253458688055,1.32828395381987,2.51031088676918,2.34507042916972,0.5,70.9767821522414
CBC_1001,CBC_1001_MSI_TV_v3_Vset1_Tset1_2023-06-08_11h53.34.814.csv,2,32,1,3,z,0,1,3,tac,D,27,1,1D,3D,0,1,b,2.2916708000007,1,0,0,0,1D,3D,D13,3.85014760171006,0.694538175115559,0.487553096275761,0.5,0.493737327065597,0.554148067878683,0.73964442968304,0.5,0.5,0.487553096275761,0.5,0.661991107505076,0.487553096275761,0.5,0.493737327065597,0.4814463251155,0.661991107505076,0.427208773529059,0.572791226470941,0.493737327065597,0.661991107505076,0.146488983549792,0.297771751135683,-0.493737327065597,-0.00618423078983615,CBCsimpleAsymRW,CBCdriftDiffusionLR,0.5,0.122354007893471,0.0125253458688055,1.32828395381987,2.51031088676918,2.34507042916972,0.5,70.9767821522414
CBC_1001,CBC_1001_MSI_TV_v3_Vset1_Tset1_2023-06-08_11h53.34.814.csv,2,33,2,3,b,1,0,2,tac,C,63,1,2C,3C,1,0,b,3.4357827000008,1,0,1,1,2C,3C,C23,2.77258872223978,0.694538175115559,0.487553096275761,0.5,0.493737327065597,0.554148067878683,0.73964442968304,0.5,0.5,0.487553096275761,0.5,0.661991107505076,0.487553096275761,0.5,0.487553096275761,0.4814463251155,0.661991107505076,0.575872685302397,0.424127314697603,0.661991107505076,0.487553096275761,0.115669743557514,0.709946677362019,0.338008892494924,0.0413567427003874,CBCsimpleAsymRW,CBCdriftDiffusionLR,0.5,0.122354007893471,0.0125253458688055,1.32828395381987,2.51031088676918,2.34507042916972,0.5,70.9767821522414
CBC_1001,CBC_1001_MSI_TV_v3_Vset1_Tset1_2023-06-08_11h53.34.814.csv,2,34,0,1,z,0,1,1,tac,B,63,1,0B,1B,0,1,z,2.29848319999974,0,1,1,1,1B,0B,B01,2.28238238567653,0.694538175115559,0.487553096275761,0.5,0.493737327065597,0.554148067878683,0.73964442968304,0.5,0.5,0.487553096275761,0.5,0.703347850205464,0.487553096275761,0.5,0.487553096275761,0.4814463251155,0.661991107505076,0.571687060387946,0.428312939612054,0.73964442968304,0.554148067878683,0.34130906401249,0.698832482206639,0.26035557031696,0.0318555475056706,CBCsimpleAsymRW,CBCdriftDiffusionLR,0.5,0.122354007893471,0.0125253458688055,1.32828395381987,2.51031088676918,2.34507042916972,0.5,70.9767821522414
CBC_1001,CBC_1001_MSI_TV_v3_Vset1_Tset1_2023-06-08_11h53.34.814.csv,2,35,1,0,z,0,1,0,tac,A,63,1,1A,0A,0,1,z,1.66613030000053,0,1,1,1,0A,1A,A10,2.52572864430826,0.694538175115559,0.487553096275761,0.5,0.493737327065597,0.554148067878683,0.77149997718871,0.5,0.5,0.487553096275761,0.5,0.703347850205464,0.487553096275761,0.5,0.487553096275761,0.4814463251155,0.661991107505076,0.587550379505035,0.412449620494965,0.694538175115559,0.487553096275761,0.504475171436787,0.736953868519847,0.305461824884441,0.037374478533065,CBCsimpleAsymRW,CBCdriftDiffusionLR,0.5,0.122354007893471,0.0125253458688055,1.32828395381987,2.51031088676918,2.34507042916972,0.5,70.9767821522414
CBC_1001,CBC_1001_MSI_TV_v3_Vset1_Tset1_2023-06-08_11h53.34.814.csv,2,36,2,1,b,1,0,2,tac,C,9,1,2C,1C,1,0,b,2.28756480000038,1,0,1,1,2C,1C,C21,3.93182563272433,0.731912653648624,0.487553096275761,0.5,0.493737327065597,0.554148067878683,0.77149997718871,0.5,0.5,0.487553096275761,0.5,0.703347850205464,0.487553096275761,0.5,0.487553096275761,0.4814463251155,0.661991107505076,0.584492547259192,0.415507452740808,0.703347850205464,0.5,0.363180753027725,0.729933281781539,0.296652149794536,0.0362965794775759,CBCsimpleAsymRW,CBCdriftDiffusionLR,0.5,0.122354007893471,0.0125253458688055,1.32828395381987,2.51031088676918,2.34507042916972,0.5,70.9767821522414
CBC_1001,CBC_1001_MSI_TV_v3_Vset1_Tset1_2023-06-08_11h53.34.814.csv,2,37,0,1,b,1,0,0,tac,A,63,1,0A,1A,1,0,b,2.02986720000035,1,0,1,1,0A,1A,A01,2.85263142991332,0.731912653648624,0.487553096275761,0.5,0.493737327065597,0.554148067878683,0.77149997718871,0.5,0.5,0.487553096275761,0.5,0.73964442968304,0.487553096275761,0.5,0.487553096275761,0.4814463251155,0.661991107505076,0.600191234312245,0.399808765687755,0.731912653648624,0.487553096275761,0.492392611774204,0.764680743913817,0.268087346351376,0.032801561291616,CBCsimpleAsymRW,CBCdriftDiffusionLR,0.5,0.122354007893471,0.0125253458688055,1.32828395381987,2.51031088676918,2.34507042916972,0.5,70.9767821522414
CBC_1001,CBC_1001_MSI_TV_v3_Vset1_Tset1_2023-06-08_11h53.34.814.csv,2,38,1,3,z,0,1,3,tac,D,27,1,1D,3D,0,1,b,1.94946610000034,1,0,0,0,1D,3D,D13,3.27714473299218,0.76471421494024,0.487553096275761,0.5,0.493737327065597,0.554148067878683,0.77149997718871,0.5,0.5,0.487553096275761,0.5,0.73964442968304,0.487553096275761,0.5,0.487553096275761,0.4814463251155,0.661991107505076,0.424127314697603,0.575872685302397,0.487553096275761,0.661991107505076,0.193028010041162,0.290234623201393,-0.487553096275761,-0.00610677116026093,CBCsimpleAsymRW,CBCdriftDiffusionLR,0.5,0.122354007893471,0.0125253458688055,1.32828395381987,2.51031088676918,2.34507042916972,0.5,70.9767821522414
CBC_1001,CBC_1001_MSI_TV_v3_Vset1_Tset1_2023-06-08_11h53.34.814.csv,2,39,1,0,b,1,0,1,tac,B,63,1,1B,0B,1,0,b,3.06466469999987,1,0,1,1,1B,0B,B10,3.29583686600433,0.76471421494024,0.487553096275761,0.5,0.493737327065597,0.554148067878683,0.77149997718871,0.5,0.5,0.487553096275761,0.5,0.73964442968304,0.487553096275761,0.5,0.4814463251155,0.4814463251155,0.661991107505076,0.581979493018065,0.418020506981935,0.77149997718871,0.554148067878683,0.168135489340121,0.723680881181841,0.22850002281129,0.0279578935947109,CBCsimpleAsymRW,CBCdriftDiffusionLR,0.5,0.122354007893471,0.0125253458688055,1.32828395381987,2.51031088676918,2.34507042916972,0.5,70.9767821522414
CBC_1001,CBC_1001_MSI_TV_v3_Vset1_Tset1_2023-06-08_11h53.34.814.csv,2,40,3,2,z,0,1,2,tac,C,63,0,3C,2C,1,0,z,1.99799059999941,0,1,1,0,2C,3C,C32,2.90872089656436,0.76471421494024,0.487553096275761,0.5,0.493737327065597,0.554148067878683,0.799457870783421,0.5,0.5,0.487553096275761,0.5,0.73964442968304,0.487553096275761,0.5,0.4814463251155,0.4814463251155,0.661991107505076,0.602710170153872,0.397289829846128,0.73964442968304,0.487553096275761,0.511232161358908,0.769735471628996,-0.73964442968304,-0.00926430230171546,CBCsimpleAsymRW,CBCdriftDiffusionLR,0.5,0.122354007893471,0.0125253458688055,1.32828395381987,2.51031088676918,2.34507042916972,0.5,70.9767821522414
CBC_1001,CBC_1001_MSI_TV_v3_Vset1_Tset1_2023-06-08_11h53.34.814.csv,2,41,0,2,b,1,0,0,tac,A,27,1,0A,2A,1,0,b,1.6262128000003,1,0,1,1,0A,2A,A02,3.3322045101752,0.76471421494024,0.487553096275761,0.5,0.493737327065597,0.554148067878683,0.799457870783421,0.5,0.5,0.487553096275761,0.5,0.730380127381324,0.487553096275761,0.5,0.4814463251155,0.4814463251155,0.661991107505076,0.604653767552043,0.395346232447957,0.76471421494024,0.5,0.509289385202785,0.774621041204077,0.23528578505976,0.0287881588024234,CBCsimpleAsymRW,CBCdriftDiffusionLR,0.5,0.122354007893471,0.0125253458688055,1.32828395381987,2.51031088676918,2.34507042916972,0.5,70.9767821522414
CBC_1001,CBC_1001_MSI_TV_v3_Vset1_Tset1_2023-06-08_11h53.34.814.csv,2,42,2,3,z,0,1,3,tac,D,63,1,2D,3D,0,1,z,2.74069949999966,0,1,1,1,3D,2D,D23,4.04305126783455,0.793502373742664,0.487553096275761,0.5,0.493737327065597,0.554148067878683,0.799457870783421,0.5,0.5,0.487553096275761,0.5,0.730380127381324,0.487553096275761,0.5,0.4814463251155,0.4814463251155,0.661991107505076,0.578948256038722,0.421051743961278,0.661991107505076,0.4814463251155,0.22906901654457,0.716900257993148,0.338008892494924,0.0413567427003874,CBCsimpleAsymRW,CBCdriftDiffusionLR,0.5,0.122354007893471,0.0125253458688055,1.32828395381987,2.51031088676918,2.34507042916972,0.5,70.9767821522414
CBC_1001,CBC_1001_MSI_TV_v3_Vset1_Tset1_2023-06-08_11h53.34.814.csv,2,43,1,3,b,1,0,1,tac,B,27,1,1B,3B,1,0,b,2.36596080000027,1,0,1,1,1B,3B,B13,3.36729582998647,0.793502373742664,0.487553096275761,0.5,0.493737327065597,0.554148067878683,0.799457870783421,0.5,0.5,0.487553096275761,0.5,0.730380127381324,0.487553096275761,0.5,0.4814463251155,0.4814463251155,0.703347850205464,0.615224155209773,0.384775844790227,0.799457870783421,0.5,0.37245247821,0.79552897517963,0.200542129216579,0.0245371332611388,CBCsimpleAsymRW,CBCdriftDiffusionLR,0.5,0.122354007893471,0.0125253458688055,1.32828395381987,2.51031088676918,2.34507042916972,0.5,70.9767821522414
CBC_1001,CBC_1001_MSI_TV_v3_Vset1_Tset1_2023-06-08_11h53.34.814.csv,2,44,3,2,z,0,1,2,tac,C,63,1,3C,2C,0,1,z,2.1833700000002,0,1,1,1,2C,3C,C32,2.69124308278583,0.793502373742664,0.487553096275761,0.5,0.493737327065597,0.554148067878683,0.82399500404456,0.5,0.5,0.487553096275761,0.5,0.730380127381324,0.487553096275761,0.5,0.4814463251155,0.4814463251155,0.703347850205464,0.599688154649574,0.400311845350426,0.730380127381324,0.487553096275761,0.42519951893759,0.763104515663589,0.269619872618676,0.0329890720226222,CBCsimpleAsymRW,CBCdriftDiffusionLR,0.5,0.122354007893471,0.0125253458688055,1.32828395381987,2.51031088676918,2.34507042916972,0.5,70.9767821522414
CBC_1001,CBC_1001_MSI_AV_v3_Vset6_Aset1_2023-06-08_12h45.15.645.csv,3,1,1,0,z,0,1,0,aud,A,63,1,1A,0A,0,1,b,2.09499780000078,1,0,0,0,1A,0A,A10,2.77258872223978,0.5,0.5,0.5,0.5,0.5,0.5,0.5,0.5,0.5,0.5,0.5,0.5,0.5,0.5,0.5,0.5,0.5,0.5,0.5,0.5,0.310879405781879,0.500907304696925,-0.5,-0.0401195055991898,CBCsimpleAsymRW,CBCdriftDiffusionLR,0.5,0.350305654910927,0.0802390111983796,1.43206227588289,3.84852273704585,2.32111420765618,0.5,45.3122512126775
CBC_1001,CBC_1001_MSI_AV_v3_Vset6_Aset1_2023-06-08_12h45.15.645.csv,3,2,3,2,b,1,0,3,aud,D,63,1,3D,2D,1,0,b,2.02259850000064,1,0,1,1,3D,2D,D32,2.83321334405622,0.5,0.45988049440081,0.5,0.5,0.5,0.5,0.5,0.5,0.5,0.5,0.5,0.5,0.5,0.5,0.5,0.5,0.5,0.5,0.5,0.5,0.326851652312686,0.501214916566524,0.5,0.175152827455463,CBCsimpleAsymRW,CBCdriftDiffusionLR,0.5,0.350305654910927,0.0802390111983796,1.43206227588289,3.84852273704585,2.32111420765618,0.5,45.3122512126775
CBC_1001,CBC_1001_MSI_AV_v3_Vset6_Aset1_2023-06-08_12h45.15.645.csv,3,3,2,0,b,1,0,2,aud,C,27,1,2C,0C,1,0,b,2.43564229999993,1,0,1,1,2C,0C,C20,2.89037175789616,0.5,0.45988049440081,0.5,0.5,0.5,0.5,0.5,0.5,0.5,0.5,0.5,0.5,0.5,0.5,0.5,0.675152827455463,0.5,0.5,0.5,0.5,0.231843686222662,0.499417548602739,0.5,0.175152827455463,CBCsimpleAsymRW,CBCdriftDiffusionLR,0.5,0.350305654910927,0.0802390111983796,1.43206227588289,3.84852273704585,2.32111420765618,0.5,45.3122512126775
CBC_1001,CBC_1001_MSI_AV_v3_Vset6_Aset1_2023-06-08_12h45.15.645.csv,3,4,1,0,z,0,1,0,aud,A,63,1,1A,0A,0,1,z,2.69116349999967,0,1,1,1,0A,1A,A10,2.2512917986065,0.5,0.45988049440081,0.5,0.5,0.5,0.5,0.5,0.5,0.5,0.5,0.675152827455463,0.5,0.5,0.5,0.5,0.675152827455463,0.5208981773425,0.4791018226575,0.5,0.45988049440081,0.218226245105511,0.592465506450464,0.5,0.175152827455463,CBCsimpleAsymRW,CBCdriftDiffusionLR,0.5,0.350305654910927,0.0802390111983796,1.43206227588289,3.84852273704585,2.32111420765618,0.5,45.3122512126775
CBC_1001,CBC_1001_MSI_AV_v3_Vset6_Aset1_2023-06-08_12h45.15.645.csv,3,5,3,1,z,0,1,1,aud,B,27,1,3B,1B,0,1,z,2.31908350000049,0,1,1,1,1B,3B,B31,2.99573227355399,0.675152827455463,0.45988049440081,0.5,0.5,0.5,0.5,0.5,0.5,0.5,0.5,0.675152827455463,0.5,0.5,0.5,0.5,0.675152827455463,0.5,0.5,0.5,0.5,0.258045210471978,0.50087151810373,0.5,0.175152827455463,CBCsimpleAsymRW,CBCdriftDiffusionLR,0.5,0.350305654910927,0.0802390111983796,1.43206227588289,3.84852273704585,2.32111420765618,0.5,45.3122512126775
CBC_1001,CBC_1001_MSI_AV_v3_Vset6_Aset1_2023-06-08_12h45.15.645.csv,3,6,2,3,b,1,0,2,aud,C,63,1,2C,3C,1,0,b,1.85020870000062,1,0,1,1,2C,3C,C23,3.04452243772342,0.675152827455463,0.45988049440081,0.5,0.5,0.5,0.675152827455463,0.5,0.5,0.5,0.5,0.675152827455463,0.5,0.5,0.5,0.5,0.675152827455463,0.57452342510834,0.42547657489166,0.675152827455463,0.5,0.621074451131588,0.790862658247258,0.324847172544537,0.113795801524177,CBCsimpleAsymRW,CBCdriftDiffusionLR,0.5,0.350305654910927,0.0802390111983796,1.43206227588289,3.84852273704585,2.32111420765618,0.5,45.3122512126775
CBC_1001,CBC_1001_MSI_AV_v3_Vset6_Aset1_2023-06-08_12h45.15.645.csv,3,7,2,3,z,0,1,3,aud,D,63,0,2D,3D,1,0,z,2.00592620000043,0,1,1,0,3D,2D,D23,3.09104245335832,0.675152827455463,0.45988049440081,0.5,0.5,0.5,0.675152827455463,0.5,0.5,0.5,0.5,0.78894862897964,0.5,0.5,0.5,0.5,0.675152827455463,0.57452342510834,0.42547657489166,0.675152827455463,0.5,0.582605342555546,0.790719615286131,-0.675152827455463,-0.0541735952828166,CBCsimpleAsymRW,CBCdriftDiffusionLR,0.5,0.350305654910927,0.0802390111983796,1.43206227588289,3.84852273704585,2.32111420765618,0.5,45.3122512126775
CBC_1001,CBC_1001_MSI_AV_v3_Vset6_Aset1_2023-06-08_12h45.15.645.csv,3,8,1,0,b,1,0,1,aud,B,63,1,1B,0B,1,0,z,2.63332570000057,0,1,0,0,0B,1B,B10,3.13549421592915,0.675152827455463,0.45988049440081,0.5,0.5,0.5,0.675152827455463,0.5,0.5,0.5,0.5,0.78894862897964,0.5,0.5,0.5,0.5,0.620979232172647,0.42547657489166,0.57452342510834,0.5,0.675152827455463,0.0818396295012096,0.209021809329259,-0.5,-0.0401195055991898,CBCsimpleAsymRW,CBCdriftDiffusionLR,0.5,0.350305654910927,0.0802390111983796,1.43206227588289,3.84852273704585,2.32111420765618,0.5,45.3122512126775
CBC_1001,CBC_1001_MSI_AV_v3_Vset6_Aset1_2023-06-08_12h45.15.645.csv,3,9,0,2,b,1,0,0,aud,A,27,1,0A,2A,1,0,b,2.19143900000017,1,0,1,1,0A,2A,A02,3.17805383034795,0.675152827455463,0.45988049440081,0.5,0.5,0.45988049440081,0.675152827455463,0.5,0.5,0.5,0.5,0.78894862897964,0.5,0.5,0.5,0.5,0.620979232172647,0.57452342510834,0.42547657489166,0.675152827455463,0.5,0.493434358587703,0.790725508357746,0.324847172544537,0.113795801524177,CBCsimpleAsymRW,CBCdriftDiffusionLR,0.5,0.350305654910927,0.0802390111983796,1.43206227588289,3.84852273704585,2.32111420765618,0.5,45.3122512126775
CBC_1001,CBC_1001_MSI_AV_v3_Vset6_Aset1_2023-06-08_12h45.15.645.csv,3,10,0,3,z,0,1,3,aud,D,9,1,0D,3D,0,1,z,2.55734659999962,0,1,1,1,3D,0D,D03,3.2188758248682,0.78894862897964,0.45988049440081,0.5,0.5,0.45988049440081,0.675152827455463,0.5,0.5,0.5,0.5,0.78894862897964,0.5,0.5,0.5,0.5,0.620979232172647,0.553961406554414,0.446038593445586,0.620979232172647,0.5,0.305757871852133,0.724561918832751,0.379020767827353,0.132773118298603,CBCsimpleAsymRW,CBCdriftDiffusionLR,0.5,0.350305654910927,0.0802390111983796,1.43206227588289,3.84852273704585,2.32111420765618,0.5,45.3122512126775
CBC_1001,CBC_1001_MSI_AV_v3_Vset6_Aset1_2023-06-08_12h45.15.645.csv,3,11,3,2,z,0,1,2,aud,C,63,0,3C,2C,1,0,z,2.05659800000103,0,1,1,0,2C,3C,C32,3.25809653802148,0.78894862897964,0.45988049440081,0.5,0.5,0.45988049440081,0.675152827455463,0.5,0.5,0.5,0.5,0.78894862897964,0.5,0.5,0.5,0.5,0.75375235047125,0.612086945314639,0.387913054685361,0.78894862897964,0.5,0.687460079735814,0.880743490215883,-0.78894862897964,-0.0633044578756436,CBCsimpleAsymRW,CBCdriftDiffusionLR,0.5,0.350305654910927,0.0802390111983796,1.43206227588289,3.84852273704585,2.32111420765618,0.5,45.3122512126775
CBC_1001,CBC_1001_MSI_AV_v3_Vset6_Aset1_2023-06-08_12h45.15.645.csv,3,12,1,0,b,1,0,1,aud,B,63,1,1B,0B,1,0,b,2.75951770000029,1,0,1,1,1B,0B,B10,2.60268968544438,0.78894862897964,0.45988049440081,0.5,0.5,0.45988049440081,0.675152827455463,0.5,0.5,0.5,0.5,0.725644171103996,0.5,0.5,0.5,0.5,0.75375235047125,0.594830842808469,0.405169157191531,0.675152827455463,0.45988049440081,0.283068462131495,0.844593874479186,0.324847172544537,0.113795801524177,CBCsimpleAsymRW,CBCdriftDiffusionLR,0.5,0.350305654910927,0.0802390111983796,1.43206227588289,3.84852273704585,2.32111420765618,0.5,45.3122512126775
CBC_1001,CBC_1001_MSI_AV_v3_Vset6_Aset1_2023-06-08_12h45.15.645.csv,3,13,3,2,b,1,0,3,aud,D,63,0,3D,2D,0,1,b,2.47841750000043,1,0,1,0,3D,2D,D32,2.63905732961526,0.78894862897964,0.45988049440081,0.5,0.5,0.45988049440081,0.78894862897964,0.5,0.5,0.5,0.5,0.725644171103996,0.5,0.5,0.5,0.5,0.75375235047125,0.601197158424418,0.398802841575582,0.75375235047125,0.5,0.401379546292494,0.858937284482107,-0.75375235047125,-0.0604803432902676,CBCsimpleAsymRW,CBCdriftDiffusionLR,0.5,0.350305654910927,0.0802390111983796,1.43206227588289,3.84852273704585,2.32111420765618,0.5,45.3122512126775
CBC_1001,CBC_1001_MSI_AV_v3_Vset6_Aset1_2023-06-08_12h45.15.645.csv,3,14,3,2,z,0,1,2,aud,C,63,1,3C,2C,0,1,z,2.77059000000008,0,1,1,1,2C,3C,C32,2.67414864942653,0.78894862897964,0.45988049440081,0.5,0.5,0.45988049440081,0.78894862897964,0.5,0.5,0.5,0.5,0.725644171103996,0.5,0.5,0.5,0.5,0.693272007180982,0.592051256157302,0.407948743842698,0.725644171103996,0.5,0.278192975894004,0.837888710674964,0.274355828896004,0.0961083983200447,CBCsimpleAsymRW,CBCdriftDiffusionLR,0.5,0.350305654910927,0.0802390111983796,1.43206227588289,3.84852273704585,2.32111420765618,0.5,45.3122512126775
CBC_1001,CBC_1001_MSI_AV_v3_Vset6_Aset1_2023-06-08_12h45.15.645.csv,3,15,1,3,b,1,0,1,aud,B,27,1,1B,3B,NaN,NaN,[],NaN,NaN,NaN,NaN,NaN,,,B13,3.40119738166216,0.78894862897964,0.45988049440081,0.5,0.5,0.45988049440081,0.78894862897964,0.5,0.5,0.5,0.5,0.821752569424041,0.5,0.5,0.5,0.5,0.693272007180982,0,0,0,0,NaN,0,0,0,CBCsimpleAsymRW,CBCdriftDiffusionLR,0.5,0.350305654910927,0.0802390111983796,1.43206227588289,3.84852273704585,2.32111420765618,0.5,45.3122512126775
CBC_1001,CBC_1001_MSI_AV_v3_Vset6_Aset1_2023-06-08_12h45.15.645.csv,3,16,3,0,z,0,1,0,aud,A,9,1,3A,0A,0,1,z,1.59555200000068,0,1,1,1,0A,3A,A30,3.43398720448515,0.78894862897964,0.45988049440081,0.5,0.5,0.45988049440081,0.78894862897964,0.5,0.5,0.5,0.5,0.821752569424041,0.5,0.5,0.5,0.5,0.693272007180982,0.612086945314639,0.387913054685361,0.78894862897964,0.5,0.29157413495678,0.881025916192504,0.21105137102036,0.0739324887451362,CBCsimpleAsymRW,CBCdriftDiffusionLR,0.5,0.350305654910927,0.0802390111983796,1.43206227588289,3.84852273704585,2.32111420765618,0.5,45.3122512126775
CBC_1001,CBC_1001_MSI_AV_v3_Vset6_Aset1_2023-06-08_12h45.15.645.csv,3,17,3,2,b,1,0,3,aud,D,63,1,3D,2D,1,0,z,2.95673360000001,0,1,0,0,2D,3D,D32,2.36712361413162,0.862881117724776,0.45988049440081,0.5,0.5,0.45988049440081,0.78894862897964,0.5,0.5,0.5,0.5,0.821752569424041,0.5,0.5,0.5,0.5,0.693272007180982,0.419015946901506,0.580984053098494,0.5,0.693272007180982,0.0519574055360257,0.190190364527277,-0.5,-0.0401195055991898,CBCsimpleAsymRW,CBCdriftDiffusionLR,0.5,0.350305654910927,0.0802390111983796,1.43206227588289,3.84852273704585,2.32111420765618,0.5,45.3122512126775
CBC_1001,CBC_1001_MSI_AV_v3_Vset6_Aset1_2023-06-08_12h45.15.645.csv,3,18,2,0,b,1,0,2,aud,C,27,1,2C,0C,1,0,b,1.85350890000063,1,0,1,1,2C,0C,C20,2.80336038090653,0.862881117724776,0.45988049440081,0.5,0.5,0.45988049440081,0.78894862897964,0.5,0.5,0.5,0.5,0.821752569424041,0.5,0.5,0.5,0.45988049440081,0.693272007180982,0.62171437259405,0.37828562740595,0.821752569424041,0.5,0.844236536814324,0.89800948873952,0.178247430575959,0.0624410829041012,CBCsimpleAsymRW,CBCdriftDiffusionLR,0.5,0.350305654910927,0.0802390111983796,1.43206227588289,3.84852273704585,2.32111420765618,0.5,45.3122512126775
CBC_1001,CBC_1001_MSI_AV_v3_Vset6_Aset1_2023-06-08_12h45.15.645.csv,3,19,1,0,z,0,1,0,aud,A,63,1,1A,0A,0,1,b,2.22779300000002,1,0,0,0,1A,0A,A10,2.42774823594805,0.862881117724776,0.45988049440081,0.5,0.5,0.45988049440081,0.78894862897964,0.5,0.5,0.5,0.5,0.884193652328142,0.5,0.5,0.5,0.45988049440081,0.693272007180982,0.34766694934684,0.65233305065316,0.45988049440081,0.862881117724776,0.04134937416401,0.0616578655971661,-0.45988049440081,-0.036900356140143,CBCsimpleAsymRW,CBCdriftDiffusionLR,0.5,0.350305654910927,0.0802390111983796,1.43206227588289,3.84852273704585,2.32111420765618,0.5,45.3122512126775
CBC_1001,CBC_1001_MSI_AV_v3_Vset6_Aset1_2023-06-08_12h45.15.645.csv,3,20,0,1,z,0,1,1,aud,B,63,0,0B,1B,1,0,z,1.55913200000123,0,1,1,0,1B,0B,B01,3.55534806148941,0.862881117724776,0.422980138260667,0.5,0.5,0.45988049440081,0.78894862897964,0.5,0.5,0.5,0.5,0.884193652328142,0.5,0.5,0.5,0.45988049440081,0.693272007180982,0.631750664849998,0.368249335150002,0.78894862897964,0.45988049440081,0.154964610626792,0.913094086253587,-0.78894862897964,-0.0633044578756436,CBCsimpleAsymRW,CBCdriftDiffusionLR,0.5,0.350305654910927,0.0802390111983796,1.43206227588289,3.84852273704585,2.32111420765618,0.5,45.3122512126775
CBC_1001,CBC_1001_MSI_AV_v3_Vset6_Aset1_2023-06-08_12h45.15.645.csv,3,21,1,3,z,0,1,3,aud,D,27,1,1D,3D,0,1,z,3.07898800000112,0,1,1,1,3D,1D,D13,3.58351893845611,0.862881117724776,0.422980138260667,0.5,0.5,0.45988049440081,0.725644171103996,0.5,0.5,0.5,0.5,0.884193652328142,0.5,0.5,0.5,0.45988049440081,0.693272007180982,0.580984053098494,0.419015946901506,0.693272007180982,0.5,0.193109437298191,0.809351515217494,0.306727992819018,0.10744855040398,CBCsimpleAsymRW,CBCdriftDiffusionLR,0.5,0.350305654910927,0.0802390111983796,1.43206227588289,3.84852273704585,2.32111420765618,0.5,45.3122512126775
CBC_1001,CBC_1001_MSI_AV_v3_Vset6_Aset1_2023-06-08_12h45.15.645.csv,3,22,2,3,b,1,0,2,aud,C,63,1,2C,3C,1,0,b,2.08173770000121,1,0,1,1,2C,3C,C23,2.91777073208428,0.862881117724776,0.422980138260667,0.5,0.5,0.45988049440081,0.725644171103996,0.5,0.5,0.5,0.5,0.884193652328142,0.5,0.5,0.5,0.45988049440081,0.800720557584962,0.638778866555972,0.361221133444028,0.884193652328142,0.5,0.747158710661445,0.922660041845371,0.115806347671858,0.0405676184640325,CBCsimpleAsymRW,CBCdriftDiffusionLR,0.5,0.350305654910927,0.0802390111983796,1.43206227588289,3.84852273704585,2.32111420765618,0.5,45.3122512126775
CBC_1001,CBC_1001_MSI_AV_v3_Vset6_Aset1_2023-06-08_12h45.15.645.csv,3,23,1,0,b,1,0,1,aud,B,63,1,1B,0B,1,0,z,2.3606776000006,0,1,0,0,0B,1B,B10,2.53897387105828,0.862881117724776,0.422980138260667,0.5,0.5,0.45988049440081,0.725644171103996,0.5,0.5,0.5,0.5,0.924761270792175,0.5,0.5,0.5,0.45988049440081,0.800720557584962,0.387913054685361,0.612086945314639,0.45988049440081,0.725644171103996,0.0645134952698544,0.1188449786498,-0.45988049440081,-0.036900356140143,CBCsimpleAsymRW,CBCdriftDiffusionLR,0.5,0.350305654910927,0.0802390111983796,1.43206227588289,3.84852273704585,2.32111420765618,0.5,45.3122512126775
CBC_1001,CBC_1001_MSI_AV_v3_Vset6_Aset1_2023-06-08_12h45.15.645.csv,3,24,2,0,z,0,1,0,aud,A,27,1,2A,0A,0,1,z,2.26862320000055,0,1,1,1,0A,2A,A20,3.66356164612965,0.862881117724776,0.422980138260667,0.5,0.5,0.422980138260667,0.725644171103996,0.5,0.5,0.5,0.5,0.924761270792175,0.5,0.5,0.5,0.45988049440081,0.800720557584962,0.633130143563284,0.366869856436716,0.862881117724776,0.5,0.569870619058842,0.915051357983632,0.137118882275224,0.0480335198560765,CBCsimpleAsymRW,CBCdriftDiffusionLR,0.5,0.350305654910927,0.0802390111983796,1.43206227588289,3.84852273704585,2.32111420765618,0.5,45.3122512126775
CBC_1001,CBC_1001_MSI_AV_v3_Vset6_Aset1_2023-06-08_12h45.15.645.csv,3,25,2,3,z,0,1,3,aud,D,63,1,2D,3D,0,1,z,2.56164250000074,0,1,1,1,3D,2D,D23,2.99573227355399,0.910914637580853,0.422980138260667,0.5,0.5,0.422980138260667,0.725644171103996,0.5,0.5,0.5,0.5,0.924761270792175,0.5,0.5,0.5,0.45988049440081,0.800720557584962,0.63518950450154,0.364810495498461,0.800720557584962,0.45988049440081,0.375801644613637,0.91809209279008,0.199279442415038,0.0698087155854841,CBCsimpleAsymRW,CBCdriftDiffusionLR,0.5,0.350305654910927,0.0802390111983796,1.43206227588289,3.84852273704585,2.32111420765618,0.5,45.3122512126775
CBC_1001,CBC_1001_MSI_AV_v3_Vset6_Aset1_2023-06-08_12h45.15.645.csv,3,26,2,0,b,1,0,2,aud,C,27,1,2C,0C,1,0,b,2.45149890000084,1,0,1,1,2C,0C,C20,2.6149597780362,0.910914637580853,0.422980138260667,0.5,0.5,0.422980138260667,0.725644171103996,0.5,0.5,0.5,0.5,0.924761270792175,0.5,0.5,0.5,0.45988049440081,0.870529273170446,0.649064014968629,0.350935985031371,0.924761270792175,0.5,0.442961717738545,0.934789299843044,0.075238729207825,0.026356552309813,CBCsimpleAsymRW,CBCdriftDiffusionLR,0.5,0.350305654910927,0.0802390111983796,1.43206227588289,3.84852273704585,2.32111420765618,0.5,45.3122512126775
CBC_1001,CBC_1001_MSI_AV_v3_Vset6_Aset1_2023-06-08_12h45.15.645.csv,3,27,1,0,b,1,0,1,aud,B,63,1,1B,0B,1,0,b,2.80006240000057,1,0,1,1,1B,0B,B10,2.35137525716348,0.910914637580853,0.422980138260667,0.5,0.5,0.422980138260667,0.725644171103996,0.5,0.5,0.5,0.5,0.951117823101988,0.5,0.5,0.5,0.45988049440081,0.870529273170446,0.631750664849998,0.368249335150002,0.725644171103996,0.422980138260667,0.267375161575391,0.913293290521493,0.274355828896004,0.0961083983200447,CBCsimpleAsymRW,CBCdriftDiffusionLR,0.5,0.350305654910927,0.0802390111983796,1.43206227588289,3.84852273704585,2.32111420765618,0.5,45.3122512126775
CBC_1001,CBC_1001_MSI_AV_v3_Vset6_Aset1_2023-06-08_12h45.15.645.csv,3,28,0,1,b,1,0,0,aud,A,63,1,0A,1A,1,0,b,1.84562410000035,1,0,1,1,0A,1A,A01,3.76120011569356,0.910914637580853,0.422980138260667,0.5,0.5,0.422980138260667,0.821752569424041,0.5,0.5,0.5,0.5,0.951117823101988,0.5,0.5,0.5,0.45988049440081,0.870529273170446,0.682898422033462,0.317101577966538,0.910914637580853,0.422980138260667,1.16103508374821,0.963207154099076,0.0890853624191473,0.0312071062252167,CBCsimpleAsymRW,CBCdriftDiffusionLR,0.5,0.350305654910927,0.0802390111983796,1.43206227588289,3.84852273704585,2.32111420765618,0.5,45.3122512126775
CBC_1001,CBC_1001_MSI_AV_v3_Vset6_Aset1_2023-06-08_12h45.15.645.csv,3,29,3,2,z,0,1,2,aud,C,63,0,3C,2C,1,0,z,1.91158820000055,0,1,1,0,2C,3C,C32,2.68557734525015,0.942121743806069,0.422980138260667,0.5,0.5,0.422980138260667,0.821752569424041,0.5,0.5,0.5,0.5,0.951117823101988,0.5,0.5,0.5,0.45988049440081,0.870529273170446,0.655438040908923,0.344561959091077,0.951117823101988,0.5,0.973487797178778,0.941391272856035,-0.951117823101988,-0.0763167536588589,CBCsimpleAsymRW,CBCdriftDiffusionLR,0.5,0.350305654910927,0.0802390111983796,1.43206227588289,3.84852273704585,2.32111420765618,0.5,45.3122512126775
CBC_1001,CBC_1001_MSI_AV_v3_Vset6_Aset1_2023-06-08_12h45.15.645.csv,3,30,3,1,b,1,0,3,aud,D,27,1,3D,1D,1,0,b,2.27335850000054,1,0,1,1,3D,1D,D31,3.80666248977032,0.942121743806069,0.422980138260667,0.5,0.5,0.422980138260667,0.821752569424041,0.5,0.5,0.5,0.5,0.874801069443129,0.5,0.5,0.5,0.45988049440081,0.870529273170446,0.635177438535589,0.364822561464411,0.870529273170446,0.5,0.568598066140169,0.917700440490642,0.129470726829554,0.0453543277538205,CBCsimpleAsymRW,CBCdriftDiffusionLR,0.5,0.350305654910927,0.0802390111983796,1.43206227588289,3.84852273704585,2.32111420765618,0.5,45.3122512126775
CBC_1001,CBC_1001_MSI_AV_v3_Vset6_Aset1_2023-06-08_12h45.15.645.csv,3,31,1,0,z,0,1,0,aud,A,63,0,1A,0A,1,0,z,1.78355660000034,0,1,1,0,0A,1A,A10,2.4423470353692,0.942121743806069,0.422980138260667,0.5,0.5,0.422980138260667,0.821752569424041,0.5,0.5,0.5,0.5,0.874801069443129,0.5,0.5,0.5,0.45988049440081,0.915883600924267,0.690147567872162,0.309852432127838,0.942121743806069,0.422980138260667,1.22742853927476,0.967667140363434,-0.942121743806069,-0.0755949171514921,CBCsimpleAsymRW,CBCdriftDiffusionLR,0.5,0.350305654910927,0.0802390111983796,1.43206227588289,3.84852273704585,2.32111420765618,0.5,45.3122512126775
CBC_1001,CBC_1001_MSI_AV_v3_Vset6_Aset1_2023-06-08_12h45.15.645.csv,3,32,3,2,b,1,0,3,aud,D,63,1,3D,2D,1,0,b,2.42577440000059,1,0,1,1,3D,2D,D32,2.46385324059017,0.866526826654577,0.422980138260667,0.5,0.5,0.422980138260667,0.821752569424041,0.5,0.5,0.5,0.5,0.874801069443129,0.5,0.5,0.5,0.45988049440081,0.915883600924267,0.665727215906048,0.334272784093952,0.915883600924267,0.45988049440081,0.458529576648922,0.950815575620023,0.0841163990757332,0.0294664502669736,CBCsimpleAsymRW,CBCdriftDiffusionLR,0.5,0.350305654910927,0.0802390111983796,1.43206227588289,3.84852273704585,2.32111420765618,0.5,45.3122512126775
CBC_1001,CBC_1001_MSI_AV_v3_Vset6_Aset1_2023-06-08_12h45.15.645.csv,3,33,2,1,z,0,1,1,aud,B,9,1,2B,1B,0,1,z,2.6262540000007,0,1,1,1,1B,2B,B21,3.87120101090789,0.866526826654577,0.422980138260667,0.5,0.5,0.422980138260667,0.821752569424041,0.5,0.5,0.5,0.5,0.874801069443129,0.5,0.5,0.5,0.45988049440081,0.94535005119124,0.62171437259405,0.37828562740595,0.821752569424041,0.5,0.34281805472022,0.897507363104264,0.178247430575959,0.0624410829041012,CBCsimpleAsymRW,CBCdriftDiffusionLR,0.5,0.350305654910927,0.0802390111983796,1.43206227588289,3.84852273704585,2.32111420765618,0.5,45.3122512126775
CBC_1001,CBC_1001_MSI_AV_v3_Vset6_Aset1_2023-06-08_12h45.15.645.csv,3,34,1,0,z,0,1,0,aud,A,63,1,1A,0A,0,1,z,3.53284429999985,0,1,1,1,0A,1A,A10,2.28238238567653,0.866526826654577,0.422980138260667,0.5,0.5,0.422980138260667,0.884193652328142,0.5,0.5,0.5,0.5,0.874801069443129,0.5,0.5,0.5,0.45988049440081,0.94535005119124,0.67198305261696,0.32801694738304,0.866526826654577,0.422980138260667,0.0627316328718064,0.955805508265922,0.133473173345423,0.046756407401808,CBCsimpleAsymRW,CBCdriftDiffusionLR,0.5,0.350305654910927,0.0802390111983796,1.43206227588289,3.84852273704585,2.32111420765618,0.5,45.3122512126775
CBC_1001,CBC_1001_MSI_AV_v3_Vset6_Aset1_2023-06-08_12h45.15.645.csv,3,35,2,1,b,1,0,2,aud,C,9,1,2C,1C,1,0,b,2.38442920000034,1,0,1,1,2C,1C,C21,3.91202300542815,0.913283234056385,0.422980138260667,0.5,0.5,0.422980138260667,0.884193652328142,0.5,0.5,0.5,0.5,0.874801069443129,0.5,0.5,0.5,0.45988049440081,0.94535005119124,0.63631101901708,0.36368898098292,0.874801069443129,0.5,0.486223846522815,0.919420876453518,0.125198930556871,0.0438578933628723,CBCsimpleAsymRW,CBCdriftDiffusionLR,0.5,0.350305654910927,0.0802390111983796,1.43206227588289,3.84852273704585,2.32111420765618,0.5,45.3122512126775
CBC_1001,CBC_1001_MSI_AV_v3_Vset6_Aset1_2023-06-08_12h45.15.645.csv,3,36,1,0,b,1,0,1,aud,B,63,1,1B,0B,1,0,b,2.44020950000049,1,0,1,1,1B,0B,B10,2.32238772029023,0.913283234056385,0.422980138260667,0.5,0.5,0.422980138260667,0.884193652328142,0.5,0.5,0.5,0.5,0.918658962806001,0.5,0.5,0.5,0.45988049440081,0.94535005119124,0.67641629498237,0.32358370501763,0.884193652328142,0.422980138260667,0.441258343811606,0.958955414207674,0.115806347671858,0.0405676184640325,CBCsimpleAsymRW,CBCdriftDiffusionLR,0.5,0.350305654910927,0.0802390111983796,1.43206227588289,3.84852273704585,2.32111420765618,0.5,45.3122512126775
CBC_1001,CBC_1001_MSI_AV_v3_Vset6_Aset1_2023-06-08_12h45.15.645.csv,3,37,0,1,b,1,0,0,aud,A,63,0,0A,1A,0,1,b,2.50709600000027,1,0,1,0,0A,1A,A01,3.25809653802148,0.913283234056385,0.422980138260667,0.5,0.5,0.422980138260667,0.924761270792175,0.5,0.5,0.5,0.5,0.918658962806001,0.5,0.5,0.5,0.45988049440081,0.94535005119124,0.683460501108229,0.316539498891771,0.913283234056385,0.422980138260667,0.383644425344377,0.963619219032068,-0.913283234056385,-0.0732809436447426,CBCsimpleAsymRW,CBCdriftDiffusionLR,0.5,0.350305654910927,0.0802390111983796,1.43206227588289,3.84852273704585,2.32111420765618,0.5,45.3122512126775
CBC_1001,CBC_1001_MSI_AV_v3_Vset6_Aset1_2023-06-08_12h45.15.645.csv,3,38,0,1,z,0,1,1,aud,B,63,1,0B,1B,0,1,z,2.32225920000019,0,1,1,1,1B,0B,B01,3.27714473299218,0.840002290411643,0.422980138260667,0.5,0.5,0.422980138260667,0.924761270792175,0.5,0.5,0.5,0.5,0.918658962806001,0.5,0.5,0.5,0.45988049440081,0.94535005119124,0.686156309051952,0.313843690948048,0.924761270792175,0.422980138260667,0.54335573271442,0.965245789644783,0.075238729207825,0.026356552309813,CBCsimpleAsymRW,CBCdriftDiffusionLR,0.5,0.350305654910927,0.0802390111983796,1.43206227588289,3.84852273704585,2.32111420765618,0.5,45.3122512126775
CBC_1001,CBC_1001_MSI_AV_v3_Vset6_Aset1_2023-06-08_12h45.15.645.csv,3,39,1,3,z,0,1,3,aud,D,27,1,1D,3D,0,1,z,2.41200180000033,0,1,1,1,3D,1D,D13,3.29583686600433,0.840002290411643,0.422980138260667,0.5,0.5,0.422980138260667,0.951117823101988,0.5,0.5,0.5,0.5,0.918658962806001,0.5,0.5,0.5,0.45988049440081,0.94535005119124,0.654063041968341,0.345936958031659,0.94535005119124,0.5,0.471420225945097,0.940066766171817,0.0546499488087596,0.0191441861083012,CBCsimpleAsymRW,CBCdriftDiffusionLR,0.5,0.350305654910927,0.0802390111983796,1.43206227588289,3.84852273704585,2.32111420765618,0.5,45.3122512126775
CBC_1001,CBC_1001_MSI_AV_v3_Vset6_Aset1_2023-06-08_12h45.15.645.csv,3,40,3,2,z,0,1,2,aud,C,63,1,3C,2C,0,1,z,1.84050730000035,0,1,1,1,2C,3C,C32,2.62103882411258,0.840002290411643,0.422980138260667,0.5,0.5,0.422980138260667,0.951117823101988,0.5,0.5,0.5,0.5,0.918658962806001,0.5,0.5,0.5,0.45988049440081,0.964494237299542,0.647554477073872,0.352445522926128,0.918658962806001,0.5,0.979169816568709,0.933162307392094,0.0813410371939985,0.0284942253053777,CBCsimpleAsymRW,CBCdriftDiffusionLR,0.5,0.350305654910927,0.0802390111983796,1.43206227588289,3.84852273704585,2.32111420765618,0.5,45.3122512126775
CBC_1001,CBC_1001_MSI_AV_v3_Vset6_Aset1_2023-06-08_12h45.15.645.csv,3,41,0,2,b,1,0,0,aud,A,27,1,0A,2A,1,0,b,2.03445600000032,1,0,1,1,0A,2A,A02,3.3322045101752,0.840002290411643,0.422980138260667,0.5,0.5,0.422980138260667,0.951117823101988,0.5,0.5,0.5,0.5,0.947153188111379,0.5,0.5,0.5,0.45988049440081,0.964494237299542,0.626866309425186,0.373133690574814,0.840002290411643,0.5,0.755051626260756,0.906438617247172,0.159997709588357,0.0560481024415978,CBCsimpleAsymRW,CBCdriftDiffusionLR,0.5,0.350305654910927,0.0802390111983796,1.43206227588289,3.84852273704585,2.32111420765618,0.5,45.3122512126775
CBC_1001,CBC_1001_MSI_AV_v3_Vset6_Aset1_2023-06-08_12h45.15.645.csv,3,42,2,3,z,0,1,3,aud,D,63,1,2D,3D,0,1,z,2.35965800000031,0,1,1,1,3D,2D,D23,2.94443897916644,0.89605039285324,0.422980138260667,0.5,0.5,0.422980138260667,0.951117823101988,0.5,0.5,0.5,0.5,0.947153188111379,0.5,0.5,0.5,0.45988049440081,0.964494237299542,0.677135177867255,0.322864822132745,0.964494237299542,0.45988049440081,0.510565820639454,0.959516615427259,0.0355057627004585,0.0124378694558961,CBCsimpleAsymRW,CBCdriftDiffusionLR,0.5,0.350305654910927,0.0802390111983796,1.43206227588289,3.84852273704585,2.32111420765618,0.5,45.3122512126775
CBC_1001,CBC_1001_MSI_AV_v3_Vset6_Aset1_2023-06-08_12h45.15.645.csv,3,43,1,3,b,1,0,1,aud,B,27,0,1B,3B,0,1,b,2.3914889000007,1,0,1,0,1B,3B,B13,3.36729582998647,0.89605039285324,0.422980138260667,0.5,0.5,0.422980138260667,0.951117823101988,0.5,0.5,0.5,0.5,0.947153188111379,0.5,0.5,0.5,0.45988049440081,0.976932106755438,0.655438040908923,0.344561959091077,0.951117823101988,0.5,0.487241851319574,0.941250346312239,-0.951117823101988,-0.0763167536588589,CBCsimpleAsymRW,CBCdriftDiffusionLR,0.5,0.350305654910927,0.0802390111983796,1.43206227588289,3.84852273704585,2.32111420765618,0.5,45.3122512126775
CBC_1001,CBC_1001_MSI_AV_v3_Vset6_Aset1_2023-06-08_12h45.15.645.csv,3,44,3,2,z,0,1,2,aud,C,63,1,3C,2C,0,1,z,2.74693790000129,0,1,1,1,2C,3C,C32,2.46809953147162,0.89605039285324,0.422980138260667,0.5,0.5,0.422980138260667,0.874801069443129,0.5,0.5,0.5,0.5,0.947153188111379,0.5,0.5,0.5,0.45988049440081,0.976932106755438,0.654494075604719,0.345505924395281,0.947153188111379,0.5,0.274323509177127,0.940458524920519,0.0528468118886208,0.0185125370485979,CBCsimpleAsymRW,CBCdriftDiffusionLR,0.5,0.350305654910927,0.0802390111983796,1.43206227588289,3.84852273704585,2.32111420765618,0.5,45.3122512126775
CBC_1001,CBC_1001_MSI_TV_v3_Vset3_Tset2_2023-06-08_12h53.37.433.csv,4,1,0,1,z,0,1,1,tac,B,63,1,0B,1B,0,1,z,2.46899730000041,0,1,1,1,1B,0B,B01,2.77258872223978,0.5,0.5,0.5,0.5,0.5,0.5,0.5,0.5,0.5,0.5,0.5,0.5,0.5,0.5,0.5,0.5,0.5,0.5,0.5,0.5,0.150537008540322,0.500245349513816,0.5,0.163152521215149,CBCsimpleAsymRW,CBCdriftDiffusionLR,0.5,0.326305042430298,0.00263159431122917,0.969277546417808,5.66545276471274,3.09708359853374,0.5,37.5122094037943
CBC_1001,CBC_1001_MSI_TV_v3_Vset3_Tset2_2023-06-08_12h53.37.433.csv,4,2,1,0,z,0,1,0,tac,A,63,1,1A,0A,0,1,z,2.47680480000054,0,1,1,1,0A,1A,A10,2.83321334405622,0.5,0.5,0.5,0.5,0.5,0.663152521215149,0.5,0.5,0.5,0.5,0.5,0.5,0.5,0.5,0.5,0.5,0.5,0.5,0.5,0.5,0.149700512063002,0.499368263311732,0.5,0.163152521215149,CBCsimpleAsymRW,CBCdriftDiffusionLR,0.5,0.326305042430298,0.00263159431122917,0.969277546417808,5.66545276471274,3.09708359853374,0.5,37.5122094037943
CBC_1001,CBC_1001_MSI_TV_v3_Vset3_Tset2_2023-06-08_12h53.37.433.csv,4,3,2,1,b,1,0,2,tac,C,9,1,2C,1C,1,0,b,2.40419250000014,1,0,1,1,2C,1C,C21,2.89037175789616,0.663152521215149,0.5,0.5,0.5,0.5,0.663152521215149,0.5,0.5,0.5,0.5,0.5,0.5,0.5,0.5,0.5,0.5,0.5,0.5,0.5,0.5,0.155563920370531,0.500962891608934,0.5,0.163152521215149,CBCsimpleAsymRW,CBCdriftDiffusionLR,0.5,0.326305042430298,0.00263159431122917,0.969277546417808,5.66545276471274,3.09708359853374,0.5,37.5122094037943
CBC_1001,CBC_1001_MSI_TV_v3_Vset3_Tset2_2023-06-08_12h53.37.433.csv,4,4,0,1,b,1,0,0,tac,A,63,1,0A,1A,1,0,b,2.60468769999989,1,0,1,1,0A,1A,A01,2.94443897916644,0.663152521215149,0.5,0.5,0.5,0.5,0.663152521215149,0.5,0.5,0.5,0.5,0.663152521215149,0.5,0.5,0.5,0.5,0.5,0.570133760723273,0.429866239276727,0.663152521215149,0.5,0.287411748819138,0.921479367036328,0.336847478784851,0.10991503085743,CBCsimpleAsymRW,CBCdriftDiffusionLR,0.5,0.326305042430298,0.00263159431122917,0.969277546417808,5.66545276471274,3.09708359853374,0.5,37.5122094037943
CBC_1001,CBC_1001_MSI_TV_v3_Vset3_Tset2_2023-06-08_12h53.37.433.csv,4,5,1,3,z,0,1,3,tac,D,27,1,1D,3D,0,1,z,2.33989590000056,0,1,1,1,3D,1D,D13,2.99573227355399,0.773067552072579,0.5,0.5,0.5,0.5,0.663152521215149,0.5,0.5,0.5,0.5,0.663152521215149,0.5,0.5,0.5,0.5,0.5,0.5,0.5,0.5,0.5,0.160494508982784,0.501274640073673,0.5,0.163152521215149,CBCsimpleAsymRW,CBCdriftDiffusionLR,0.5,0.326305042430298,0.00263159431122917,0.969277546417808,5.66545276471274,3.09708359853374,0.5,37.5122094037943
CBC_1001,CBC_1001_MSI_TV_v3_Vset3_Tset2_2023-06-08_12h53.37.433.csv,4,6,1,0,b,1,0,1,tac,B,63,1,1B,0B,1,0,b,2.10577130000001,1,0,1,1,1B,0B,B10,3.04452243772342,0.773067552072579,0.5,0.5,0.5,0.5,0.663152521215149,0.5,0.5,0.5,0.5,0.663152521215149,0.5,0.5,0.5,0.5,0.663152521215149,0.570133760723273,0.429866239276727,0.663152521215149,0.5,0.423945432109473,0.921131656911936,0.336847478784851,0.10991503085743,CBCsimpleAsymRW,CBCdriftDiffusionLR,0.5,0.326305042430298,0.00263159431122917,0.969277546417808,5.66545276471274,3.09708359853374,0.5,37.5122094037943
CBC_1001,CBC_1001_MSI_TV_v3_Vset3_Tset2_2023-06-08_12h53.37.433.csv,4,7,3,2,z,0,1,2,tac,C,63,1,3C,2C,0,1,z,2.27718650000043,0,1,1,1,2C,3C,C32,3.09104245335832,0.773067552072579,0.5,0.5,0.5,0.5,0.773067552072579,0.5,0.5,0.5,0.5,0.663152521215149,0.5,0.5,0.5,0.5,0.663152521215149,0.570133760723273,0.429866239276727,0.663152521215149,0.5,0.373463188711643,0.921554771647986,0.336847478784851,0.10991503085743,CBCsimpleAsymRW,CBCdriftDiffusionLR,0.5,0.326305042430298,0.00263159431122917,0.969277546417808,5.66545276471274,3.09708359853374,0.5,37.5122094037943
CBC_1001,CBC_1001_MSI_TV_v3_Vset3_Tset2_2023-06-08_12h53.37.433.csv,4,8,0,2,b,1,0,0,tac,A,27,1,0A,2A,1,0,b,2.41220740000063,1,0,1,1,0A,2A,A02,3.13549421592915,0.773067552072579,0.5,0.5,0.5,0.5,0.773067552072579,0.5,0.5,0.5,0.5,0.773067552072579,0.5,0.5,0.5,0.5,0.663152521215149,0.607247864273981,0.392752135726019,0.773067552072579,0.5,0.349859031717146,0.977371608534982,0.226932447927421,0.0740492020497686,CBCsimpleAsymRW,CBCdriftDiffusionLR,0.5,0.326305042430298,0.00263159431122917,0.969277546417808,5.66545276471274,3.09708359853374,0.5,37.5122094037943
CBC_1001,CBC_1001_MSI_TV_v3_Vset3_Tset2_2023-06-08_12h53.37.433.csv,4,9,2,3,z,0,1,3,tac,D,63,1,2D,3D,0,1,z,1.9911103000004,0,1,1,1,3D,2D,D23,3.17805383034795,0.847116754122347,0.5,0.5,0.5,0.5,0.773067552072579,0.5,0.5,0.5,0.5,0.773067552072579,0.5,0.5,0.5,0.5,0.663152521215149,0.570133760723273,0.429866239276727,0.663152521215149,0.5,0.458165854292008,0.921125583463879,0.336847478784851,0.10991503085743,CBCsimpleAsymRW,CBCdriftDiffusionLR,0.5,0.326305042430298,0.00263159431122917,0.969277546417808,5.66545276471274,3.09708359853374,0.5,37.5122094037943
CBC_1001,CBC_1001_MSI_TV_v3_Vset3_Tset2_2023-06-08_12h53.37.433.csv,4,10,1,3,b,1,0,1,tac,B,27,1,1B,3B,1,0,b,2.41406840000036,1,0,1,1,1B,3B,B13,3.2188758248682,0.847116754122347,0.5,0.5,0.5,0.5,0.773067552072579,0.5,0.5,0.5,0.5,0.773067552072579,0.5,0.5,0.5,0.5,0.773067552072579,0.607247864273981,0.392752135726019,0.773067552072579,0.5,0.349148871336414,0.977292062934663,0.226932447927421,0.0740492020497686,CBCsimpleAsymRW,CBCdriftDiffusionLR,0.5,0.326305042430298,0.00263159431122917,0.969277546417808,5.66545276471274,3.09708359853374,0.5,37.5122094037943
CBC_1001,CBC_1001_MSI_TV_v3_Vset3_Tset2_2023-06-08_12h53.37.433.csv,4,11,2,3,b,1,0,2,tac,C,63,0,2C,3C,0,1,b,2.4334942000005,1,0,1,0,2C,3C,C23,3.25809653802148,0.847116754122347,0.5,0.5,0.5,0.5,0.847116754122347,0.5,0.5,0.5,0.5,0.773067552072579,0.5,0.5,0.5,0.5,0.773067552072579,0.607247864273981,0.392752135726019,0.773067552072579,0.5,0.340934819740139,0.977318518305965,-0.773067552072579,-0.00203440017223006,CBCsimpleAsymRW,CBCdriftDiffusionLR,0.5,0.326305042430298,0.00263159431122917,0.969277546417808,5.66545276471274,3.09708359853374,0.5,37.5122094037943
CBC_1001,CBC_1001_MSI_TV_v3_Vset3_Tset2_2023-06-08_12h53.37.433.csv,4,12,3,1,z,0,1,1,tac,B,27,1,3B,1B,0,1,z,2.49260109999977,0,1,1,1,1B,3B,B31,3.29583686600433,0.847116754122347,0.5,0.5,0.5,0.5,0.847116754122347,0.5,0.5,0.5,0.5,0.771033151900349,0.5,0.5,0.5,0.5,0.773067552072579,0.62883692265727,0.37116307734273,0.847116754122347,0.5,0.281111601515183,0.989281766532246,0.152883245877653,0.0498865740329891,CBCsimpleAsymRW,CBCdriftDiffusionLR,0.5,0.326305042430298,0.00263159431122917,0.969277546417808,5.66545276471274,3.09708359853374,0.5,37.5122094037943
CBC_1001,CBC_1001_MSI_TV_v3_Vset3_Tset2_2023-06-08_12h53.37.433.csv,4,13,2,3,b,1,0,2,tac,C,63,1,2C,3C,1,0,b,2.72951120000016,1,0,1,1,2C,3C,C23,2.63905732961526,0.847116754122347,0.5,0.5,0.5,0.5,0.897003328155336,0.5,0.5,0.5,0.5,0.771033151900349,0.5,0.5,0.5,0.5,0.773067552072579,0.6066192299922,0.3933807700078,0.771033151900349,0.5,0.237689229411849,0.976725528544012,0.228966848099651,0.0747130370842883,CBCsimpleAsymRW,CBCdriftDiffusionLR,0.5,0.326305042430298,0.00263159431122917,0.969277546417808,5.66545276471274,3.09708359853374,0.5,37.5122094037943
CBC_1001,CBC_1001_MSI_TV_v3_Vset3_Tset2_2023-06-08_12h53.37.433.csv,4,14,2,3,z,0,1,3,tac,D,63,1,2D,3D,0,1,z,2.28018870000051,0,1,1,1,3D,2D,D23,2.67414864942653,0.847116754122347,0.5,0.5,0.5,0.5,0.897003328155336,0.5,0.5,0.5,0.5,0.845746188984637,0.5,0.5,0.5,0.5,0.773067552072579,0.607247864273981,0.392752135726019,0.773067552072579,0.5,0.410447608974672,0.977400531769761,0.226932447927421,0.0740492020497686,CBCsimpleAsymRW,CBCdriftDiffusionLR,0.5,0.326305042430298,0.00263159431122917,0.969277546417808,5.66545276471274,3.09708359853374,0.5,37.5122094037943
CBC_1001,CBC_1001_MSI_TV_v3_Vset3_Tset2_2023-06-08_12h53.37.433.csv,4,15,3,0,z,0,1,0,tac,A,9,1,3A,0A,0,1,z,2.35356680000041,0,1,1,1,0A,3A,A30,3.40119738166216,0.847116754122347,0.5,0.5,0.5,0.5,0.897003328155336,0.5,0.5,0.5,0.5,0.845746188984637,0.5,0.5,0.5,0.5,0.847116754122347,0.62883692265727,0.37116307734273,0.847116754122347,0.5,0.349048191752109,0.989215565986882,0.152883245877653,0.0498865740329891,CBCsimpleAsymRW,CBCdriftDiffusionLR,0.5,0.326305042430298,0.00263159431122917,0.969277546417808,5.66545276471274,3.09708359853374,0.5,37.5122094037943
CBC_1001,CBC_1001_MSI_TV_v3_Vset3_Tset2_2023-06-08_12h53.37.433.csv,4,16,1,0,b,1,0,1,tac,B,63,0,1B,0B,0,1,b,1.73717010000018,1,0,1,0,1B,0B,B10,2.7408400239252,0.897003328155336,0.5,0.5,0.5,0.5,0.897003328155336,0.5,0.5,0.5,0.5,0.845746188984637,0.5,0.5,0.5,0.5,0.847116754122347,0.642091045938866,0.357908954061134,0.897003328155336,0.5,0.862353119966093,0.993273370264479,-0.897003328155336,-0.00236054885552721,CBCsimpleAsymRW,CBCdriftDiffusionLR,0.5,0.326305042430298,0.00263159431122917,0.969277546417808,5.66545276471274,3.09708359853374,0.5,37.5122094037943
CBC_1001,CBC_1001_MSI_TV_v3_Vset3_Tset2_2023-06-08_12h53.37.433.csv,4,17,3,2,b,1,0,3,tac,D,63,1,3D,2D,1,0,b,2.29535900000064,1,0,1,1,3D,2D,D32,3.46573590279973,0.897003328155336,0.5,0.5,0.5,0.5,0.894642779299809,0.5,0.5,0.5,0.5,0.845746188984637,0.5,0.5,0.5,0.5,0.847116754122347,0.62883692265727,0.37116307734273,0.847116754122347,0.5,0.381492370006459,0.989238391917534,0.152883245877653,0.0498865740329891,CBCsimpleAsymRW,CBCdriftDiffusionLR,0.5,0.326305042430298,0.00263159431122917,0.969277546417808,5.66545276471274,3.09708359853374,0.5,37.5122094037943
CBC_1001,CBC_1001_MSI_TV_v3_Vset3_Tset2_2023-06-08_12h53.37.433.csv,4,18,2,0,b,1,0,2,tac,C,27,1,2C,0C,1,0,b,2.4177009999994,1,0,1,1,2C,0C,C20,3.49650756146648,0.897003328155336,0.5,0.5,0.5,0.5,0.894642779299809,0.5,0.5,0.5,0.5,0.845746188984637,0.5,0.5,0.5,0.5,0.897003328155336,0.628458914398079,0.371541085601921,0.845746188984637,0.5,0.316708024052057,0.9891167155052,0.154253811015363,0.0503337963484032,CBCsimpleAsymRW,CBCdriftDiffusionLR,0.5,0.326305042430298,0.00263159431122917,0.969277546417808,5.66545276471274,3.09708359853374,0.5,37.5122094037943
CBC_1001,CBC_1001_MSI_TV_v3_Vset3_Tset2_2023-06-08_12h53.37.433.csv,4,19,1,0,z,0,1,0,tac,A,63,1,1A,0A,0,1,z,2.2608452000004,0,1,1,1,0A,1A,A10,2.83321334405622,0.897003328155336,0.5,0.5,0.5,0.5,0.894642779299809,0.5,0.5,0.5,0.5,0.89607998533304,0.5,0.5,0.5,0.5,0.897003328155336,0.642091045938866,0.357908954061134,0.897003328155336,0.5,0.376933884359545,0.993191119966382,0.102996671844664,0.0336083333764524,CBCsimpleAsymRW,CBCdriftDiffusionLR,0.5,0.326305042430298,0.00263159431122917,0.969277546417808,5.66545276471274,3.09708359853374,0.5,37.5122094037943
CBC_1001,CBC_1001_MSI_TV_v3_Vset3_Tset2_2023-06-08_12h53.37.433.csv,4,20,0,1,z,0,1,1,tac,B,63,1,0B,1B,0,1,z,2.00108189999992,0,1,1,1,1B,0B,B01,2.86220088092947,0.930611661531789,0.5,0.5,0.5,0.5,0.894642779299809,0.5,0.5,0.5,0.5,0.89607998533304,0.5,0.5,0.5,0.5,0.897003328155336,0.64148525527732,0.35851474472268,0.894642779299809,0.5,0.586126705924174,0.993061343289062,0.105357220700191,0.034378592370914,CBCsimpleAsymRW,CBCdriftDiffusionLR,0.5,0.326305042430298,0.00263159431122917,0.969277546417808,5.66545276471274,3.09708359853374,0.5,37.5122094037943
CBC_1001,CBC_1001_MSI_TV_v3_Vset3_Tset2_2023-06-08_12h53.37.433.csv,4,21,3,1,b,1,0,3,tac,D,27,1,3D,1D,1,0,b,1.41100349999942,1,0,1,1,3D,1D,D31,3.58351893845611,0.930611661531789,0.5,0.5,0.5,0.5,0.929021371670723,0.5,0.5,0.5,0.5,0.89607998533304,0.5,0.5,0.5,0.5,0.897003328155336,0.642091045938866,0.357908954061134,0.897003328155336,0.5,0.952434496130799,0.993239648425286,0.102996671844664,0.0336083333764524,CBCsimpleAsymRW,CBCdriftDiffusionLR,0.5,0.326305042430298,0.00263159431122917,0.969277546417808,5.66545276471274,3.09708359853374,0.5,37.5122094037943
CBC_1001,CBC_1001_MSI_TV_v3_Vset3_Tset2_2023-06-08_12h53.37.433.csv,4,22,2,3,b,1,0,2,tac,C,63,1,2C,3C,1,0,b,1.66060399999969,1,0,1,1,2C,3C,C23,2.51230562397611,0.930611661531789,0.5,0.5,0.5,0.5,0.929021371670723,0.5,0.5,0.5,0.5,0.89607998533304,0.5,0.5,0.5,0.5,0.930611661531789,0.641854331232517,0.358145668767483,0.89607998533304,0.5,0.935890377394127,0.993159363580915,0.10392001466696,0.0339096247952595,CBCsimpleAsymRW,CBCdriftDiffusionLR,0.5,0.326305042430298,0.00263159431122917,0.969277546417808,5.66545276471274,3.09708359853374,0.5,37.5122094037943
CBC_1001,CBC_1001_MSI_TV_v3_Vset3_Tset2_2023-06-08_12h53.37.433.csv,4,23,1,0,z,0,1,0,tac,A,63,1,1A,0A,0,1,z,1.59786440000062,0,1,1,1,0A,1A,A10,2.53897387105828,0.930611661531789,0.5,0.5,0.5,0.5,0.929021371670723,0.5,0.5,0.5,0.5,0.9299896101283,0.5,0.5,0.5,0.5,0.930611661531789,0.650499144215951,0.349500855784049,0.930611661531789,0.5,1.03500025761804,0.994950395168776,0.0693883384682111,0.0226417647280375,CBCsimpleAsymRW,CBCdriftDiffusionLR,0.5,0.326305042430298,0.00263159431122917,0.969277546417808,5.66545276471274,3.09708359853374,0.5,37.5122094037943
CBC_1001,CBC_1001_MSI_TV_v3_Vset3_Tset2_2023-06-08_12h53.37.433.csv,4,24,3,2,b,1,0,3,tac,D,63,1,3D,2D,1,0,b,1.68330569999944,1,0,1,1,3D,2D,D32,2.9704144655697,0.953253426259826,0.5,0.5,0.5,0.5,0.929021371670723,0.5,0.5,0.5,0.5,0.9299896101283,0.5,0.5,0.5,0.5,0.930611661531789,0.650499144215951,0.349500855784049,0.930611661531789,0.5,0.948405113183767,0.994944703445908,0.0693883384682111,0.0226417647280375,CBCsimpleAsymRW,CBCdriftDiffusionLR,0.5,0.326305042430298,0.00263159431122917,0.969277546417808,5.66545276471274,3.09708359853374,0.5,37.5122094037943
CBC_1001,CBC_1001_MSI_TV_v3_Vset3_Tset2_2023-06-08_12h53.37.433.csv,4,25,0,2,z,0,1,2,tac,C,27,1,0C,2C,0,1,z,2.32004609999967,0,1,1,1,2C,0C,C02,3.68887945411394,0.953253426259826,0.5,0.5,0.5,0.5,0.929021371670723,0.5,0.5,0.5,0.5,0.9299896101283,0.5,0.5,0.5,0.5,0.953253426259826,0.650347109896037,0.349652890103964,0.9299896101283,0.5,0.318509542804407,0.994899852259141,0.0700103898717004,0.0228447432376469,CBCsimpleAsymRW,CBCdriftDiffusionLR,0.5,0.326305042430298,0.00263159431122917,0.969277546417808,5.66545276471274,3.09708359853374,0.5,37.5122094037943
CBC_1001,CBC_1001_MSI_TV_v3_Vset3_Tset2_2023-06-08_12h53.37.433.csv,4,26,1,0,z,0,1,0,tac,A,63,1,1A,0A,0,1,z,2.26084119999996,0,1,1,1,0A,1A,A10,2.32727770558442,0.953253426259826,0.5,0.5,0.5,0.5,0.929021371670723,0.5,0.5,0.5,0.5,0.952834353365946,0.5,0.5,0.5,0.5,0.953253426259826,0.655944385910152,0.344055614089848,0.953253426259826,0.5,0.341637883492749,0.995789517345908,0.0467465737401737,0.0152536427277584,CBCsimpleAsymRW,CBCdriftDiffusionLR,0.5,0.326305042430298,0.00263159431122917,0.969277546417808,5.66545276471274,3.09708359853374,0.5,37.5122094037943
CBC_1001,CBC_1001_MSI_TV_v3_Vset3_Tset2_2023-06-08_12h53.37.433.csv,4,27,3,1,z,0,1,1,tac,B,27,1,3B,1B,0,1,z,1.55984809999973,0,1,1,1,1B,3B,B31,3.04452243772342,0.968507068987585,0.5,0.5,0.5,0.5,0.929021371670723,0.5,0.5,0.5,0.5,0.952834353365946,0.5,0.5,0.5,0.5,0.953253426259826,0.650110201350291,0.349889798649709,0.929021371670723,0.5,1.0596619724106,0.994876407221649,0.0709786283292767,0.023160684328629,CBCsimpleAsymRW,CBCdriftDiffusionLR,0.5,0.326305042430298,0.00263159431122917,0.969277546417808,5.66545276471274,3.09708359853374,0.5,37.5122094037943
CBC_1001,CBC_1001_MSI_TV_v3_Vset3_Tset2_2023-06-08_12h53.37.433.csv,4,28,2,3,b,1,0,2,tac,C,63,1,2C,3C,1,0,b,1.88349350000044,1,0,1,1,2C,3C,C23,2.37490575457367,0.968507068987585,0.5,0.5,0.5,0.5,0.952182055999352,0.5,0.5,0.5,0.5,0.952834353365946,0.5,0.5,0.5,0.5,0.953253426259826,0.655845142399343,0.344154857600657,0.952834353365946,0.5,0.704986881939881,0.995808225573031,0.0471656466340535,0.0153903883261773,CBCsimpleAsymRW,CBCdriftDiffusionLR,0.5,0.326305042430298,0.00263159431122917,0.969277546417808,5.66545276471274,3.09708359853374,0.5,37.5122094037943
CBC_1001,CBC_1001_MSI_TV_v3_Vset3_Tset2_2023-06-08_12h53.37.433.csv,4,29,2,3,z,0,1,3,tac,D,63,0,2D,3D,1,0,z,1.61229289999937,0,1,1,0,3D,2D,D23,2.68557734525015,0.968507068987585,0.5,0.5,0.5,0.5,0.952182055999352,0.5,0.5,0.5,0.5,0.968224741692124,0.5,0.5,0.5,0.5,0.953253426259826,0.655944385910152,0.344055614089848,0.953253426259826,0.5,1.04986823373649,0.995820645995676,-0.953253426259826,-0.00250857629370507,CBCsimpleAsymRW,CBCdriftDiffusionLR,0.5,0.326305042430298,0.00263159431122917,0.969277546417808,5.66545276471274,3.09708359853374,0.5,37.5122094037943
CBC_1001,CBC_1001_MSI_TV_v3_Vset3_Tset2_2023-06-08_12h53.37.433.csv,4,30,1,0,b,1,0,1,tac,B,63,1,1B,0B,1,0,b,2.01822209999955,1,0,1,1,1B,0B,B10,2.70805020110221,0.968507068987585,0.5,0.5,0.5,0.5,0.952182055999352,0.5,0.5,0.5,0.5,0.968224741692124,0.5,0.5,0.5,0.5,0.950744849966121,0.655690553443787,0.344309446556213,0.952182055999352,0.5,0.550223164280069,0.995795082021434,0.0478179440006478,0.015603236246061,CBCsimpleAsymRW,CBCdriftDiffusionLR,0.5,0.326305042430298,0.00263159431122917,0.969277546417808,5.66545276471274,3.09708359853374,0.5,37.5122094037943
CBC_1001,CBC_1001_MSI_TV_v3_Vset3_Tset2_2023-06-08_12h53.37.433.csv,4,31,0,2,b,1,0,0,tac,A,27,1,0A,2A,1,0,b,1.44394319999992,1,0,1,1,0A,2A,A02,3.13549421592915,0.968507068987585,0.5,0.5,0.5,0.5,0.967785292245413,0.5,0.5,0.5,0.5,0.968224741692124,0.5,0.5,0.5,0.5,0.950744849966121,0.659518152442597,0.340481847557403,0.968507068987585,0.5,1.14340596846868,0.996312933785966,0.0314929310124152,0.0102763021902606,CBCsimpleAsymRW,CBCdriftDiffusionLR,0.5,0.326305042430298,0.00263159431122917,0.969277546417808,5.66545276471274,3.09708359853374,0.5,37.5122094037943
CBC_1001,CBC_1001_MSI_TV_v3_Vset3_Tset2_2023-06-08_12h53.37.433.csv,4,32,0,3,z,0,1,3,tac,D,9,1,0D,3D,0,1,z,1.35339490000024,0,1,1,1,3D,0D,D03,3.85014760171006,0.978783371177845,0.5,0.5,0.5,0.5,0.967785292245413,0.5,0.5,0.5,0.5,0.968224741692124,0.5,0.5,0.5,0.5,0.950744849966121,0.655349457203535,0.344650542796465,0.950744849966121,0.5,0.965090958635259,0.995752685111077,0.0492551500338787,0.0160722038217155,CBCsimpleAsymRW,CBCdriftDiffusionLR,0.5,0.326305042430298,0.00263159431122917,0.969277546417808,5.66545276471274,3.09708359853374,0.5,37.5122094037943
CBC_1001,CBC_1001_MSI_TV_v3_Vset3_Tset2_2023-06-08_12h53.37.433.csv,4,33,2,3,b,1,0,2,tac,C,63,1,2C,3C,1,0,b,1.89062229999945,1,0,1,1,2C,3C,C23,2.26176309847379,0.978783371177845,0.5,0.5,0.5,0.5,0.967785292245413,0.5,0.5,0.5,0.5,0.968224741692124,0.5,0.5,0.5,0.5,0.966817053787837,0.659452680640873,0.340547319359127,0.968224741692124,0.5,0.693489592825359,0.996286984348021,0.0317752583078763,0.0103684270103853,CBCsimpleAsymRW,CBCdriftDiffusionLR,0.5,0.326305042430298,0.00263159431122917,0.969277546417808,5.66545276471274,3.09708359853374,0.5,37.5122094037943
CBC_1001,CBC_1001_MSI_TV_v3_Vset3_Tset2_2023-06-08_12h53.37.433.csv,4,34,1,0,b,1,0,1,tac,B,63,1,1B,0B,1,0,b,1.6780604000005,1,0,1,1,1B,0B,B10,2.50552593699074,0.978783371177845,0.5,0.5,0.5,0.5,0.967785292245413,0.5,0.5,0.5,0.5,0.978593168702509,0.5,0.5,0.5,0.5,0.966817053787837,0.659350722042526,0.340649277957474,0.967785292245413,0.5,0.984111105458491,0.996297684700874,0.0322147077545868,0.0105118215807401,CBCsimpleAsymRW,CBCdriftDiffusionLR,0.5,0.326305042430298,0.00263159431122917,0.969277546417808,5.66545276471274,3.09708359853374,0.5,37.5122094037943
CBC_1001,CBC_1001_MSI_TV_v3_Vset3_Tset2_2023-06-08_12h53.37.433.csv,4,35,1,0,z,0,1,0,tac,A,63,0,1A,0A,1,0,z,1.34115639999982,0,1,1,0,0A,1A,A10,2.30258509299405,0.978783371177845,0.5,0.5,0.5,0.5,0.978297113826153,0.5,0.5,0.5,0.5,0.978593168702509,0.5,0.5,0.5,0.5,0.966817053787837,0.661884215264233,0.338115784735767,0.978783371177845,0.5,0.992403495767227,0.996595249859392,-0.978783371177845,-0.00257576075151733,CBCsimpleAsymRW,CBCdriftDiffusionLR,0.5,0.326305042430298,0.00263159431122917,0.969277546417808,5.66545276471274,3.09708359853374,0.5,37.5122094037943
CBC_1001,CBC_1001_MSI_TV_v3_Vset3_Tset2_2023-06-08_12h53.37.433.csv,4,36,3,2,b,1,0,3,tac,D,63,1,3D,2D,1,0,b,1.13351109999985,1,0,1,1,3D,2D,D32,2.83321334405622,0.976207610426328,0.5,0.5,0.5,0.5,0.978297113826153,0.5,0.5,0.5,0.5,0.978593168702509,0.5,0.5,0.5,0.5,0.966817053787837,0.659125861191193,0.340874138808807,0.966817053787837,0.5,0.0781540531317693,0.996241016943987,0.0331829462121632,0.0108277626717222,CBCsimpleAsymRW,CBCdriftDiffusionLR,0.5,0.326305042430298,0.00263159431122917,0.969277546417808,5.66545276471274,3.09708359853374,0.5,37.5122094037943
CBC_1001,CBC_1001_MSI_TV_v3_Vset3_Tset2_2023-06-08_12h53.37.433.csv,4,37,2,1,z,0,1,1,tac,B,9,1,2B,1B,0,1,b,2.62809680000009,1,0,0,0,2B,1B,B21,3.95124371858143,0.976207610426328,0.5,0.5,0.5,0.5,0.978297113826153,0.5,0.5,0.5,0.5,0.978593168702509,0.5,0.5,0.5,0.5,0.977644816459559,0.338227001408324,0.661772998591676,0.5,0.978297113826153,0.00050295400170239,0.00341931414079617,-0.5,-0.00131579715561458,CBCsimpleAsymRW,CBCdriftDiffusionLR,0.5,0.326305042430298,0.00263159431122917,0.969277546417808,5.66545276471274,3.09708359853374,0.5,37.5122094037943
CBC_1001,CBC_1001_MSI_TV_v3_Vset3_Tset2_2023-06-08_12h53.37.433.csv,4,38,0,2,b,1,0,0,tac,A,27,1,0A,2A,1,0,b,1.59139050000067,1,0,1,1,0A,2A,A02,2.87167962488401,0.976207610426328,0.5,0.5,0.5,0.5,0.978297113826153,0.498684202844385,0.5,0.5,0.5,0.978593168702509,0.5,0.5,0.5,0.5,0.977644816459559,0.661294253959577,0.338705746040423,0.976207610426328,0.5,1.09813444868095,0.99651544838351,0.023792389573672,0.00776357668935523,CBCsimpleAsymRW,CBCdriftDiffusionLR,0.5,0.326305042430298,0.00263159431122917,0.969277546417808,5.66545276471274,3.09708359853374,0.5,37.5122094037943
CBC_1001,CBC_1001_MSI_TV_v3_Vset3_Tset2_2023-06-08_12h53.37.433.csv,4,39,3,2,z,0,1,2,tac,C,63,1,3C,2C,0,1,z,1.88852140000108,0,1,1,1,2C,3C,C32,3.29583686600433,0.983971187115683,0.5,0.5,0.5,0.5,0.978297113826153,0.498684202844385,0.5,0.5,0.5,0.978593168702509,0.5,0.5,0.5,0.5,0.977644816459559,0.661840720907186,0.338159279092814,0.978593168702509,0.5,0.693800802291714,0.996590692146399,0.0214068312974911,0.00698515699482606,CBCsimpleAsymRW,CBCdriftDiffusionLR,0.5,0.326305042430298,0.00263159431122917,0.969277546417808,5.66545276471274,3.09708359853374,0.5,37.5122094037943
CBC_1001,CBC_1001_MSI_TV_v3_Vset3_Tset2_2023-06-08_12h53.37.433.csv,4,40,3,1,b,1,0,3,tac,D,27,1,3D,1D,1,0,b,1.72650220000014,1,0,1,1,3D,1D,D31,3.31418600467253,0.983971187115683,0.5,0.5,0.5,0.5,0.978297113826153,0.498684202844385,0.5,0.5,0.5,0.985578325697335,0.5,0.5,0.5,0.5,0.977644816459559,0.661623690327692,0.338376309672308,0.977644816459559,0.5,0.921354436772105,0.99656158289647,0.022355183540441,0.00729460911370069,CBCsimpleAsymRW,CBCdriftDiffusionLR,0.5,0.326305042430298,0.00263159431122917,0.969277546417808,5.66545276471274,3.09708359853374,0.5,37.5122094037943
CBC_1001,CBC_1001_MSI_TV_v3_Vset3_Tset2_2023-06-08_12h53.37.433.csv,4,41,1,0,z,0,1,0,tac,A,63,1,1A,0A,0,1,z,1.50547420000021,0,1,1,1,0A,1A,A10,2.23359222150709,0.983971187115683,0.5,0.5,0.5,0.5,0.978297113826153,0.498684202844385,0.5,0.5,0.5,0.985578325697335,0.5,0.5,0.5,0.5,0.98493942557326,0.663066234478701,0.336933765521299,0.983971187115683,0.5,1.17744567506091,0.996743403960556,0.0160288128843168,0.0052302824683243,CBCsimpleAsymRW,CBCdriftDiffusionLR,0.5,0.326305042430298,0.00263159431122917,0.969277546417808,5.66545276471274,3.09708359853374,0.5,37.5122094037943
CBC_1001,CBC_1001_MSI_TV_v3_Vset3_Tset2_2023-06-08_12h53.37.433.csv,4,42,2,0,b,1,0,2,tac,C,27,1,2C,0C,1,0,b,2.1963523000004,1,0,1,1,2C,0C,C20,3.3499040872746,0.989201469584007,0.5,0.5,0.5,0.5,0.978297113826153,0.498684202844385,0.5,0.5,0.5,0.985578325697335,0.5,0.5,0.5,0.5,0.98493942557326,0.663430738486779,0.336569261513221,0.985578325697335,0.5,0.366440963644432,0.996789564860968,0.0144216743026651,0.00470586504524706,CBCsimpleAsymRW,CBCdriftDiffusionLR,0.5,0.326305042430298,0.00263159431122917,0.969277546417808,5.66545276471274,3.09708359853374,0.5,37.5122094037943
CBC_1001,CBC_1001_MSI_TV_v3_Vset3_Tset2_2023-06-08_12h53.37.433.csv,4,43,2,3,z,0,1,3,tac,D,63,1,2D,3D,0,1,z,1.43312139999853,0,1,1,1,3D,2D,D23,2.67414864942653,0.989201469584007,0.5,0.5,0.5,0.5,0.978297113826153,0.498684202844385,0.5,0.5,0.5,0.990284190742582,0.5,0.5,0.5,0.5,0.98493942557326,0.663285928443192,0.336714071556808,0.98493942557326,0.5,1.1699151453812,0.996763566851056,0.0150605744267402,0.00491434137734214,CBCsimpleAsymRW,CBCdriftDiffusionLR,0.5,0.326305042430298,0.00263159431122917,0.969277546417808,5.66545276471274,3.09708359853374,0.5,37.5122094037943
CBC_1001,CBC_1001_MSI_TV_v3_Vset3_Tset2_2023-06-08_12h53.37.433.csv,4,44,0,1,z,0,1,1,tac,B,63,1,0B,1B,0,1,z,1.3884175000012,0,1,1,1,1B,0B,B01,2.97892515523761,0.989201469584007,0.5,0.5,0.5,0.5,0.978297113826153,0.498684202844385,0.5,0.5,0.5,0.990284190742582,0.5,0.5,0.5,0.5,0.989853766950602,0.661772998591676,0.338227001408324,0.978297113826153,0.5,1.10276659371156,0.996606216546231,0.0217028861738467,0.00708176119381699,CBCsimpleAsymRW,CBCdriftDiffusionLR,0.5,0.326305042430298,0.00263159431122917,0.969277546417808,5.66545276471274,3.09708359853374,0.5,37.5122094037943
