ID,filename,session,trial,visStimLeft,visStimRight,correctKey,leftCorrect,rightCorrect,secondStim,mod2Type,mod2Stim,frequency,rewardAccurate,stimPairLeft,stimPairRight,pCorrectLeft,pCorrectRight,key,reactionTime,choiceLeft,choiceRight,choiceAccurate,reward,chosenPair,otherPair,triplet,surprise,0A belief,1A belief,2A belief,3A belief,0B belief,1B belief,2B belief,3B belief,0C belief,1C belief,2C belief,3C belief,0D belief,1D belief,2D belief,3D belief,beliefPairNorm,beliefOtherPairNorm,beliefPair,beliefOtherPair,lik,corrLik,rewardPE,update2,rewardPEOP,update2OP,fit_percModel,fit_respModel,fit_startBelief,fit_alpha1,fit_alpha12,fit_alpha2,fit_alpha22,fit_nonDecisionTime,fit_weight,fit_startingBoundary,fit_startingPoint,fit_NLL
CBC_1002,CBC_1002_MSI_TV_v3_Vset1_Tset3_2023-05-31_16h13.57.205.csv,1,1,0,1,z,0,1,1,tac,B,63,1,0B,1B,0,1,b,2.58153660000062,1,0,0,0,0B,1B,B01,2.77258872223978,0.5,0.5,0.5,0.5,0.5,0.5,0.5,0.5,0.5,0.5,0.5,0.5,0.5,0.5,0.5,0.5,0.5,0.5,0.5,0.5,0.613816592715121,0.500304268792713,-0.5,-0.238026200030564,-0.5,0.498242165041269,CBCbothPairsAsymRW,CBCdriftDiffusionLR,0.5,0.970120584452631,0.476052400061127,0.0527166375874099,0.996484330082538,2.20025353588387,1.74953237257492,1.38346066927365,0.5,20.3094025346292
CBC_1002,CBC_1002_MSI_TV_v3_Vset1_Tset3_2023-05-31_16h13.57.205.csv,1,2,0,1,b,1,0,0,tac,A,63,1,0A,1A,1,0,b,2.40994879999926,1,0,1,1,0A,1A,A01,2.83321334405622,0.5,0.5,0.5,0.5,0.261973799969436,0.998242165041269,0.5,0.5,0.5,0.5,0.5,0.5,0.5,0.5,0.5,0.5,0.5,0.5,0.5,0.5,0.918245071327897,0.500151180164765,0.5,0.485060292226315,0.5,-0.0263583187937049,CBCbothPairsAsymRW,CBCdriftDiffusionLR,0.5,0.970120584452631,0.476052400061127,0.0527166375874099,0.996484330082538,2.20025353588387,1.74953237257492,1.38346066927365,0.5,20.3094025346292
CBC_1002,CBC_1002_MSI_TV_v3_Vset1_Tset3_2023-05-31_16h13.57.205.csv,1,3,2,3,z,0,1,2,tac,D,63,1,2D,3D,0,1,b,2.45501220000006,1,0,0,0,2D,3D,D23,2.89037175789616,0.985060292226315,0.473641681206295,0.5,0.5,0.261973799969436,0.998242165041269,0.5,0.5,0.5,0.5,0.5,0.5,0.5,0.5,0.5,0.5,0.5,0.5,0.5,0.5,0.837519550159313,0.499887314262537,-0.5,-0.238026200030564,-0.5,0.498242165041269,CBCbothPairsAsymRW,CBCdriftDiffusionLR,0.5,0.970120584452631,0.476052400061127,0.0527166375874099,0.996484330082538,2.20025353588387,1.74953237257492,1.38346066927365,0.5,20.3094025346292
CBC_1002,CBC_1002_MSI_TV_v3_Vset1_Tset3_2023-05-31_16h13.57.205.csv,1,4,2,1,z,0,1,1,tac,B,9,1,2B,1B,0,1,b,2.65311859999929,1,0,0,0,2B,1B,B21,2.94443897916644,0.985060292226315,0.473641681206295,0.5,0.5,0.261973799969436,0.998242165041269,0.5,0.5,0.5,0.5,0.5,0.5,0.5,0.5,0.261973799969436,0.998242165041269,0.333724421636623,0.666275578363377,0.5,0.998242165041269,0.316037463448308,0.308836169808046,-0.5,-0.238026200030564,-0.00175783495873094,0.00175165499124667,CBCbothPairsAsymRW,CBCdriftDiffusionLR,0.5,0.970120584452631,0.476052400061127,0.0527166375874099,0.996484330082538,2.20025353588387,1.74953237257492,1.38346066927365,0.5,20.3094025346292
CBC_1002,CBC_1002_MSI_TV_v3_Vset1_Tset3_2023-05-31_16h13.57.205.csv,1,5,0,2,b,1,0,0,tac,A,27,1,0A,2A,1,0,z,2.98528799999985,0,1,0,0,2A,0A,A02,2.99573227355399,0.985060292226315,0.473641681206295,0.5,0.5,0.261973799969436,0.999993820032516,0.261973799969436,0.5,0.5,0.5,0.5,0.5,0.5,0.5,0.261973799969436,0.998242165041269,0.336686666943622,0.663313333056378,0.5,0.985060292226315,0.128473650909955,0.312031352364312,-0.5,-0.238026200030564,-0.0149397077736846,0.014887184692489,CBCbothPairsAsymRW,CBCdriftDiffusionLR,0.5,0.970120584452631,0.476052400061127,0.0527166375874099,0.996484330082538,2.20025353588387,1.74953237257492,1.38346066927365,0.5,20.3094025346292
CBC_1002,CBC_1002_MSI_TV_v3_Vset1_Tset3_2023-05-31_16h13.57.205.csv,1,6,2,3,b,1,0,3,tac,C,63,1,2C,3C,1,0,b,2.36420339999859,1,0,1,1,2C,3C,C23,3.04452243772342,0.999947476918804,0.473641681206295,0.261973799969436,0.5,0.261973799969436,0.999993820032516,0.261973799969436,0.5,0.5,0.5,0.5,0.5,0.5,0.5,0.261973799969436,0.998242165041269,0.5,0.5,0.5,0.5,0.966386667996691,0.500149854503732,0.5,0.485060292226315,0.5,-0.0263583187937049,CBCbothPairsAsymRW,CBCdriftDiffusionLR,0.5,0.970120584452631,0.476052400061127,0.0527166375874099,0.996484330082538,2.20025353588387,1.74953237257492,1.38346066927365,0.5,20.3094025346292
CBC_1002,CBC_1002_MSI_TV_v3_Vset1_Tset3_2023-05-31_16h13.57.205.csv,1,7,1,3,z,0,1,2,tac,D,27,1,1D,3D,0,1,z,2.6095338999985,0,1,1,1,3D,1D,D13,3.09104245335832,0.999947476918804,0.473641681206295,0.261973799969436,0.5,0.261973799969436,0.999993820032516,0.261973799969436,0.5,0.5,0.5,0.985060292226315,0.473641681206295,0.5,0.5,0.261973799969436,0.998242165041269,0.666275578363377,0.333724421636623,0.998242165041269,0.5,0.796802413775822,0.691033509640773,0.00175783495873094,0.00170531187753533,0.5,-0.0263583187937049,CBCbothPairsAsymRW,CBCdriftDiffusionLR,0.5,0.970120584452631,0.476052400061127,0.0527166375874099,0.996484330082538,2.20025353588387,1.74953237257492,1.38346066927365,0.5,20.3094025346292
CBC_1002,CBC_1002_MSI_TV_v3_Vset1_Tset3_2023-05-31_16h13.57.205.csv,1,8,1,0,z,0,1,0,tac,A,63,1,1A,0A,0,1,z,2.80132349999985,0,1,1,1,0A,1A,A10,3.13549421592915,0.999947476918804,0.473641681206295,0.261973799969436,0.5,0.261973799969436,0.999993820032516,0.261973799969436,0.5,0.5,0.5,0.985060292226315,0.473641681206295,0.5,0.473641681206295,0.261973799969436,0.999947476918804,0.678579556184489,0.321420443815511,0.999947476918804,0.473641681206295,0.477503552645516,0.703714493978986,5.25230811956323e-05,5.09537222267598e-05,0.473641681206295,-0.0249687968544438,CBCbothPairsAsymRW,CBCdriftDiffusionLR,0.5,0.970120584452631,0.476052400061127,0.0527166375874099,0.996484330082538,2.20025353588387,1.74953237257492,1.38346066927365,0.5,20.3094025346292
CBC_1002,CBC_1002_MSI_TV_v3_Vset1_Tset3_2023-05-31_16h13.57.205.csv,1,9,2,0,b,1,0,3,tac,C,27,1,2C,0C,1,0,b,2.95145339999908,1,0,1,1,2C,0C,C20,3.17805383034795,0.999998430641031,0.448672884351851,0.261973799969436,0.5,0.261973799969436,0.999993820032516,0.261973799969436,0.5,0.5,0.5,0.985060292226315,0.473641681206295,0.5,0.473641681206295,0.261973799969436,0.999947476918804,0.663313333056378,0.336686666943622,0.985060292226315,0.5,0.310826433032275,0.688093137467536,0.0149397077736846,0.0144933180369584,0.5,-0.0263583187937049,CBCbothPairsAsymRW,CBCdriftDiffusionLR,0.5,0.970120584452631,0.476052400061127,0.0527166375874099,0.996484330082538,2.20025353588387,1.74953237257492,1.38346066927365,0.5,20.3094025346292
CBC_1002,CBC_1002_MSI_TV_v3_Vset1_Tset3_2023-05-31_16h13.57.205.csv,1,10,2,3,z,0,1,2,tac,D,63,1,2D,3D,0,1,z,2.39397349999854,0,1,1,1,3D,2D,D23,2.52572864430826,0.999998430641031,0.448672884351851,0.261973799969436,0.5,0.261973799969436,0.999993820032516,0.261973799969436,0.5,0.473641681206295,0.5,0.999553610263274,0.473641681206295,0.5,0.473641681206295,0.261973799969436,0.999947476918804,0.792400837700879,0.207599162299121,0.999947476918804,0.261973799969436,1.72675267649201,0.804868183533655,5.25230811956323e-05,5.09537222267598e-05,0.261973799969436,-0.0138103778703854,CBCbothPairsAsymRW,CBCdriftDiffusionLR,0.5,0.970120584452631,0.476052400061127,0.0527166375874099,0.996484330082538,2.20025353588387,1.74953237257492,1.38346066927365,0.5,20.3094025346292
CBC_1002,CBC_1002_MSI_TV_v3_Vset1_Tset3_2023-05-31_16h13.57.205.csv,1,11,1,0,b,1,0,1,tac,B,63,1,1B,0B,1,0,b,2.47295920000033,1,0,1,1,1B,0B,B10,3.25809653802148,0.999998430641031,0.448672884351851,0.261973799969436,0.5,0.261973799969436,0.999993820032516,0.261973799969436,0.5,0.473641681206295,0.5,0.999553610263274,0.473641681206295,0.5,0.473641681206295,0.248163422099051,0.999998430641031,0.792408461344649,0.207591538655351,0.999993820032516,0.261973799969436,1.41485256775164,0.804876049695767,6.17996748430993e-06,5.99531366777701e-06,0.261973799969436,-0.0138103778703854,CBCbothPairsAsymRW,CBCdriftDiffusionLR,0.5,0.970120584452631,0.476052400061127,0.0527166375874099,0.996484330082538,2.20025353588387,1.74953237257492,1.38346066927365,0.5,20.3094025346292
CBC_1002,CBC_1002_MSI_TV_v3_Vset1_Tset3_2023-05-31_16h13.57.205.csv,1,12,0,1,b,1,0,0,tac,A,63,1,0A,1A,1,0,b,2.47499040000002,1,0,1,1,0A,1A,A01,2.60268968544438,0.999998430641031,0.448672884351851,0.261973799969436,0.5,0.248163422099051,0.999999815346183,0.261973799969436,0.5,0.473641681206295,0.5,0.999553610263274,0.473641681206295,0.5,0.473641681206295,0.248163422099051,0.999998430641031,0.690286623536785,0.309713376463215,0.999998430641031,0.448672884351851,1.19369491736558,0.715615674980514,1.56935896888921e-06,1.52246744011478e-06,0.448672884351851,-0.0236525258396744,CBCbothPairsAsymRW,CBCdriftDiffusionLR,0.5,0.970120584452631,0.476052400061127,0.0527166375874099,0.996484330082538,2.20025353588387,1.74953237257492,1.38346066927365,0.5,20.3094025346292
CBC_1002,CBC_1002_MSI_TV_v3_Vset1_Tset3_2023-05-31_16h13.57.205.csv,1,13,2,3,z,0,1,2,tac,D,63,1,2D,3D,0,1,z,3.38595069999974,0,1,1,1,3D,2D,D23,2.23359222150709,0.999999953108471,0.425020358512177,0.261973799969436,0.5,0.248163422099051,0.999999815346183,0.261973799969436,0.5,0.473641681206295,0.5,0.999553610263274,0.473641681206295,0.5,0.473641681206295,0.248163422099051,0.999998430641031,0.801176889395987,0.198823110604013,0.999998430641031,0.248163422099051,0.0827663237840631,0.811504163395583,1.56935896888921e-06,1.52246744011478e-06,0.248163422099051,-0.0130823411852471,CBCbothPairsAsymRW,CBCdriftDiffusionLR,0.5,0.970120584452631,0.476052400061127,0.0527166375874099,0.996484330082538,2.20025353588387,1.74953237257492,1.38346066927365,0.5,20.3094025346292
CBC_1002,CBC_1002_MSI_TV_v3_Vset1_Tset3_2023-05-31_16h13.57.205.csv,1,14,2,0,b,1,0,3,tac,C,27,1,2C,0C,1,0,z,2.93335639999896,0,1,0,0,0C,2C,C20,2.67414864942653,0.999999953108471,0.425020358512177,0.261973799969436,0.5,0.248163422099051,0.999999815346183,0.261973799969436,0.5,0.473641681206295,0.5,0.999553610263274,0.473641681206295,0.5,0.473641681206295,0.235081080913804,0.999999953108471,0.321506377293549,0.678493622706451,0.473641681206295,0.999553610263274,0.139468051175213,0.296419674239435,-0.473641681206295,-0.225478259107244,-0.000446389736726172,0.0004448203777573,CBCbothPairsAsymRW,CBCdriftDiffusionLR,0.5,0.970120584452631,0.476052400061127,0.0527166375874099,0.996484330082538,2.20025353588387,1.74953237257492,1.38346066927365,0.5,20.3094025346292
CBC_1002,CBC_1002_MSI_TV_v3_Vset1_Tset3_2023-05-31_16h13.57.205.csv,1,15,0,1,b,1,0,0,tac,A,63,1,0A,1A,1,0,b,2.70705939999789,1,0,1,1,0A,1A,A01,2.30258509299405,0.999999953108471,0.425020358512177,0.261973799969436,0.5,0.248163422099051,0.999999815346183,0.261973799969436,0.5,0.248163422099051,0.5,0.999998430641031,0.473641681206295,0.5,0.473641681206295,0.235081080913804,0.999999953108471,0.701744350556794,0.298255649443206,0.999999953108471,0.425020358512177,0.638284025783568,0.726630512864919,4.68915287710203e-08,4.54904372972196e-08,0.425020358512177,-0.0224056442069574,CBCbothPairsAsymRW,CBCdriftDiffusionLR,0.5,0.970120584452631,0.476052400061127,0.0527166375874099,0.996484330082538,2.20025353588387,1.74953237257492,1.38346066927365,0.5,20.3094025346292
CBC_1002,CBC_1002_MSI_TV_v3_Vset1_Tset3_2023-05-31_16h13.57.205.csv,1,16,1,3,b,1,0,1,tac,B,27,1,1B,3B,1,0,b,2.75393039999835,1,0,1,1,1B,3B,B13,3.43398720448515,0.999999998598909,0.402614714305219,0.261973799969436,0.5,0.248163422099051,0.999999815346183,0.261973799969436,0.5,0.248163422099051,0.5,0.999998430641031,0.473641681206295,0.5,0.473641681206295,0.235081080913804,0.999999953108471,0.66666662563248,0.33333337436752,0.999999815346183,0.5,0.536261251194139,0.691147312218712,1.84653816570624e-07,1.79136468452902e-07,0.5,-0.0263583187937049,CBCbothPairsAsymRW,CBCdriftDiffusionLR,0.5,0.970120584452631,0.476052400061127,0.0527166375874099,0.996484330082538,2.20025353588387,1.74953237257492,1.38346066927365,0.5,20.3094025346292
CBC_1002,CBC_1002_MSI_TV_v3_Vset1_Tset3_2023-05-31_16h13.57.205.csv,1,17,3,2,z,0,1,3,tac,C,63,1,3C,2C,0,1,b,2.64883269999882,1,0,0,0,3C,2C,C32,3.46573590279973,0.999999998598909,0.402614714305219,0.261973799969436,0.5,0.248163422099051,0.999999994482652,0.261973799969436,0.473641681206295,0.248163422099051,0.5,0.999998430641031,0.473641681206295,0.5,0.473641681206295,0.235081080913804,0.999999953108471,0.321409330133222,0.678590669866778,0.473641681206295,0.999998430641031,0.306979107706783,0.296449655729167,-0.473641681206295,-0.225478259107244,-1.56935896888921e-06,1.56384162077259e-06,CBCbothPairsAsymRW,CBCdriftDiffusionLR,0.5,0.970120584452631,0.476052400061127,0.0527166375874099,0.996484330082538,2.20025353588387,1.74953237257492,1.38346066927365,0.5,20.3094025346292
CBC_1002,CBC_1002_MSI_TV_v3_Vset1_Tset3_2023-05-31_16h13.57.205.csv,1,18,2,3,z,0,1,2,tac,D,63,0,2D,3D,1,0,b,2.70263399999931,1,0,0,1,2D,3D,D23,2.11021320034659,0.999999998598909,0.402614714305219,0.261973799969436,0.5,0.248163422099051,0.999999994482652,0.261973799969436,0.473641681206295,0.248163422099051,0.5,0.999999994482652,0.248163422099051,0.5,0.473641681206295,0.235081080913804,0.999999953108471,0.1903365645153,0.8096634354847,0.235081080913804,0.999999953108471,0.158164277673062,0.182593748724094,0.764918919086196,0.742063588842775,0.999999953108471,-0.0527166351154461,CBCbothPairsAsymRW,CBCdriftDiffusionLR,0.5,0.970120584452631,0.476052400061127,0.0527166375874099,0.996484330082538,2.20025353588387,1.74953237257492,1.38346066927365,0.5,20.3094025346292
CBC_1002,CBC_1002_MSI_TV_v3_Vset1_Tset3_2023-05-31_16h13.57.205.csv,1,19,1,0,b,1,0,1,tac,B,63,1,1B,0B,1,0,z,2.99938089999887,0,1,0,0,0B,1B,B10,2.83321334405622,0.999999998598909,0.402614714305219,0.261973799969436,0.5,0.248163422099051,0.999999994482652,0.261973799969436,0.473641681206295,0.248163422099051,0.5,0.999999994482652,0.248163422099051,0.5,0.473641681206295,0.977144669756579,0.947283317993025,0.198822861495722,0.801177138504278,0.248163422099051,0.999999994482652,0.0646627334322764,0.188643455123485,-0.248163422099051,-0.118138792697636,-5.51734813392102e-09,5.49795095906243e-09,CBCbothPairsAsymRW,CBCdriftDiffusionLR,0.5,0.970120584452631,0.476052400061127,0.0527166375874099,0.996484330082538,2.20025353588387,1.74953237257492,1.38346066927365,0.5,20.3094025346292
CBC_1002,CBC_1002_MSI_TV_v3_Vset1_Tset3_2023-05-31_16h13.57.205.csv,1,20,2,0,z,0,1,0,tac,A,27,1,2A,0A,NaN,NaN,None,NaN,NaN,NaN,NaN,NaN,,,A20,3.55534806148941,0.999999998598909,0.402614714305219,0.261973799969436,0.5,0.130024629401415,0.999999999980603,0.261973799969436,0.473641681206295,0.248163422099051,0.5,0.999999994482652,0.248163422099051,0.5,0.473641681206295,0.977144669756579,0.947283317993025,0,0,0,0,NaN,0,0,0,0,0,CBCbothPairsAsymRW,CBCdriftDiffusionLR,0.5,0.970120584452631,0.476052400061127,0.0527166375874099,0.996484330082538,2.20025353588387,1.74953237257492,1.38346066927365,0.5,20.3094025346292
CBC_1002,CBC_1002_MSI_TV_v3_Vset1_Tset3_2023-05-31_16h13.57.205.csv,1,21,0,3,z,0,1,2,tac,D,9,1,0D,3D,0,1,z,2.87509019999925,0,1,1,1,3D,0D,D03,3.58351893845611,0.999999998598909,0.402614714305219,0.261973799969436,0.5,0.130024629401415,0.999999999980603,0.261973799969436,0.473641681206295,0.248163422099051,0.5,0.999999994482652,0.248163422099051,0.5,0.473641681206295,0.977144669756579,0.947283317993025,0.654525141149724,0.345474858850276,0.947283317993025,0.5,0.379330970905212,0.678449039895397,0.0527166820069749,0.05114153835901,0.5,-0.0263583187937049,CBCbothPairsAsymRW,CBCdriftDiffusionLR,0.5,0.970120584452631,0.476052400061127,0.0527166375874099,0.996484330082538,2.20025353588387,1.74953237257492,1.38346066927365,0.5,20.3094025346292
CBC_1002,CBC_1002_MSI_TV_v3_Vset1_Tset3_2023-05-31_16h13.57.205.csv,1,22,2,3,b,1,0,3,tac,C,63,1,2C,3C,1,0,b,2.66889309999897,1,0,1,1,2C,3C,C23,2.91777073208428,0.999999998598909,0.402614714305219,0.261973799969436,0.5,0.130024629401415,0.999999999980603,0.261973799969436,0.473641681206295,0.248163422099051,0.5,0.999999994482652,0.248163422099051,0.473641681206295,0.473641681206295,0.977144669756579,0.998424856352035,0.801177138504278,0.198822861495722,0.999999994482652,0.248163422099051,0.78304533607449,0.810822757267084,5.51734813392102e-09,5.35249299630809e-09,0.248163422099051,-0.0130823411852471,CBCbothPairsAsymRW,CBCdriftDiffusionLR,0.5,0.970120584452631,0.476052400061127,0.0527166375874099,0.996484330082538,2.20025353588387,1.74953237257492,1.38346066927365,0.5,20.3094025346292
CBC_1002,CBC_1002_MSI_TV_v3_Vset1_Tset3_2023-05-31_16h13.57.205.csv,1,23,3,1,z,0,1,1,tac,B,27,1,3B,1B,0,1,b,3.01521259999936,1,0,0,0,3B,1B,B31,3.63758615972639,0.999999998598909,0.402614714305219,0.261973799969436,0.5,0.130024629401415,0.999999999980603,0.261973799969436,0.473641681206295,0.248163422099051,0.5,0.999999999835145,0.235081080913804,0.473641681206295,0.473641681206295,0.977144669756579,0.998424856352035,0.321408987851657,0.678591012148343,0.473641681206295,0.999999999980603,0.110960784960632,0.296028343322471,-0.473641681206295,-0.225478259107244,-1.9397150552436e-11,1.93289565737543e-11,CBCbothPairsAsymRW,CBCdriftDiffusionLR,0.5,0.970120584452631,0.476052400061127,0.0527166375874099,0.996484330082538,2.20025353588387,1.74953237257492,1.38346066927365,0.5,20.3094025346292
CBC_1002,CBC_1002_MSI_TV_v3_Vset1_Tset3_2023-05-31_16h13.57.205.csv,1,24,3,2,z,0,1,3,tac,C,63,1,3C,2C,0,1,z,2.65601969999807,0,1,1,1,2C,3C,C32,2.9704144655697,0.999999998598909,0.402614714305219,0.261973799969436,0.5,0.130024629401415,0.999999999999932,0.261973799969436,0.248163422099051,0.248163422099051,0.5,0.999999999835145,0.235081080913804,0.473641681206295,0.473641681206295,0.977144669756579,0.998424856352035,0.80966344268568,0.19033655731432,0.999999999835145,0.235081080913804,0.820442888382311,0.817350297155421,1.64855129547448e-10,1.59929354626584e-10,0.235081080913804,-0.0123926841461896,CBCbothPairsAsymRW,CBCdriftDiffusionLR,0.5,0.970120584452631,0.476052400061127,0.0527166375874099,0.996484330082538,2.20025353588387,1.74953237257492,1.38346066927365,0.5,20.3094025346292
CBC_1002,CBC_1002_MSI_TV_v3_Vset1_Tset3_2023-05-31_16h13.57.205.csv,1,25,2,3,z,0,1,2,tac,D,63,1,2D,3D,0,1,b,2.47636049999892,1,0,0,0,2D,3D,D23,2.07944154167984,0.999999998598909,0.402614714305219,0.261973799969436,0.5,0.130024629401415,0.999999999999932,0.261973799969436,0.248163422099051,0.248163422099051,0.5,0.999999999995074,0.222688396767614,0.473641681206295,0.473641681206295,0.977144669756579,0.998424856352035,0.494614164089337,0.505385835910663,0.977144669756579,0.998424856352035,0.787189804637137,0.493618507629327,-0.977144669756579,-0.465172065244557,-0.00157514364796496,0.00156960596282613,CBCbothPairsAsymRW,CBCdriftDiffusionLR,0.5,0.970120584452631,0.476052400061127,0.0527166375874099,0.996484330082538,2.20025353588387,1.74953237257492,1.38346066927365,0.5,20.3094025346292
CBC_1002,CBC_1002_MSI_TV_v3_Vset1_Tset3_2023-05-31_16h13.57.205.csv,1,26,1,0,b,1,0,1,tac,B,63,1,1B,0B,1,0,b,2.34670360000018,1,0,1,1,1B,0B,B10,2.6149597780362,0.999999998598909,0.402614714305219,0.261973799969436,0.5,0.130024629401415,0.999999999999932,0.261973799969436,0.248163422099051,0.248163422099051,0.5,0.999999999995074,0.222688396767614,0.473641681206295,0.473641681206295,0.511972604512022,0.999994462314861,0.884936464198751,0.115063535801249,0.999999999999932,0.130024629401415,2.13658849989687,0.865654514225182,6.81676937119846e-14,6.61308828646584e-14,0.130024629401415,-0.00685446126559169,CBCbothPairsAsymRW,CBCdriftDiffusionLR,0.5,0.970120584452631,0.476052400061127,0.0527166375874099,0.996484330082538,2.20025353588387,1.74953237257492,1.38346066927365,0.5,20.3094025346292
CBC_1002,CBC_1002_MSI_TV_v3_Vset1_Tset3_2023-05-31_16h13.57.205.csv,1,27,0,3,b,1,0,0,tac,A,9,1,0A,3A,1,0,b,2.42262419999861,1,0,1,1,0A,3A,A03,3.73766961828337,0.999999998598909,0.402614714305219,0.261973799969436,0.5,0.123170168135824,0.999999999999998,0.261973799969436,0.248163422099051,0.248163422099051,0.5,0.999999999995074,0.222688396767614,0.473641681206295,0.473641681206295,0.511972604512022,0.999994462314861,0.666666666355313,0.333333333644687,0.999999998598909,0.5,1.29319390464336,0.69160885095508,1.40109146506973e-09,1.35922767096504e-09,0.5,-0.0263583187937049,CBCbothPairsAsymRW,CBCdriftDiffusionLR,0.5,0.970120584452631,0.476052400061127,0.0527166375874099,0.996484330082538,2.20025353588387,1.74953237257492,1.38346066927365,0.5,20.3094025346292
CBC_1002,CBC_1002_MSI_TV_v3_Vset1_Tset3_2023-05-31_16h13.57.205.csv,1,28,2,3,z,0,1,2,tac,D,63,1,2D,3D,0,1,b,2.38984290000008,1,0,0,0,2D,3D,D23,1.96944064646551,0.999999999958136,0.402614714305219,0.261973799969436,0.473641681206295,0.123170168135824,0.999999999999998,0.261973799969436,0.248163422099051,0.248163422099051,0.5,0.999999999995074,0.222688396767614,0.473641681206295,0.473641681206295,0.511972604512022,0.999994462314861,0.338613595325514,0.661386404674486,0.511972604512022,0.999994462314861,0.622502661929165,0.314812441773686,-0.511972604512022,-0.243725787143494,-5.53768513877895e-06,5.51821646572417e-06,CBCbothPairsAsymRW,CBCdriftDiffusionLR,0.5,0.970120584452631,0.476052400061127,0.0527166375874099,0.996484330082538,2.20025353588387,1.74953237257492,1.38346066927365,0.5,20.3094025346292
CBC_1002,CBC_1002_MSI_TV_v3_Vset1_Tset3_2023-05-31_16h13.57.205.csv,1,29,2,0,b,1,0,3,tac,C,27,1,2C,0C,1,0,b,2.33685089999926,1,0,1,1,2C,0C,C20,2.68557734525015,0.999999999958136,0.402614714305219,0.261973799969436,0.473641681206295,0.123170168135824,0.999999999999998,0.261973799969436,0.248163422099051,0.248163422099051,0.5,0.999999999995074,0.222688396767614,0.473641681206295,0.473641681206295,0.268246817368528,0.999999980531327,0.801177139382365,0.198822860617635,0.999999999995074,0.248163422099051,1.82170575430189,0.811040138578942,4.92572649335443e-12,4.77854866458681e-12,0.248163422099051,-0.0130823411852471,CBCbothPairsAsymRW,CBCdriftDiffusionLR,0.5,0.970120584452631,0.476052400061127,0.0527166375874099,0.996484330082538,2.20025353588387,1.74953237257492,1.38346066927365,0.5,20.3094025346292
CBC_1002,CBC_1002_MSI_TV_v3_Vset1_Tset3_2023-05-31_16h13.57.205.csv,1,30,1,0,z,0,1,0,tac,A,63,1,1A,0A,NaN,NaN,None,NaN,NaN,NaN,NaN,NaN,,,A10,3.11351530921037,0.999999999958136,0.402614714305219,0.261973799969436,0.473641681206295,0.123170168135824,0.999999999999998,0.261973799969436,0.248163422099051,0.235081080913804,0.5,0.999999999999853,0.222688396767614,0.473641681206295,0.473641681206295,0.268246817368528,0.999999980531327,0,0,0,0,NaN,0,0,0,0,0,CBCbothPairsAsymRW,CBCdriftDiffusionLR,0.5,0.970120584452631,0.476052400061127,0.0527166375874099,0.996484330082538,2.20025353588387,1.74953237257492,1.38346066927365,0.5,20.3094025346292
CBC_1002,CBC_1002_MSI_TV_v3_Vset1_Tset3_2023-05-31_16h13.57.205.csv,1,31,1,0,b,1,0,1,tac,B,63,1,1B,0B,1,0,z,2.29007719999936,0,1,0,0,0B,1B,B10,2.4423470353692,0.999999999958136,0.402614714305219,0.261973799969436,0.473641681206295,0.123170168135824,0.999999999999998,0.261973799969436,0.248163422099051,0.235081080913804,0.5,0.999999999999853,0.222688396767614,0.473641681206295,0.473641681206295,0.268246817368528,0.999999980531327,0.109662962594755,0.890337037405245,0.123170168135824,0.999999999999998,0.255665580310837,0.131452651626106,-0.123170168135824,-0.0586354541569914,-1.99840144432528e-15,1.99137572448445e-15,CBCbothPairsAsymRW,CBCdriftDiffusionLR,0.5,0.970120584452631,0.476052400061127,0.0527166375874099,0.996484330082538,2.20025353588387,1.74953237257492,1.38346066927365,0.5,20.3094025346292
CBC_1002,CBC_1002_MSI_TV_v3_Vset1_Tset3_2023-05-31_16h13.57.205.csv,1,32,3,1,b,1,0,2,tac,D,27,1,3D,1D,NaN,NaN,None,NaN,NaN,NaN,NaN,NaN,,,D31,3.85014760171006,0.999999999958136,0.402614714305219,0.261973799969436,0.473641681206295,0.0645347139788322,1,0.261973799969436,0.248163422099051,0.235081080913804,0.5,0.999999999999853,0.222688396767614,0.473641681206295,0.473641681206295,0.268246817368528,0.999999980531327,0,0,0,0,NaN,0,0,0,0,0,CBCbothPairsAsymRW,CBCdriftDiffusionLR,0.5,0.970120584452631,0.476052400061127,0.0527166375874099,0.996484330082538,2.20025353588387,1.74953237257492,1.38346066927365,0.5,20.3094025346292
CBC_1002,CBC_1002_MSI_TV_v3_Vset1_Tset3_2023-05-31_16h13.57.205.csv,1,33,3,2,z,0,1,3,tac,C,63,1,3C,2C,0,1,z,2.45493429999988,0,1,1,1,2C,3C,C32,2.77258872223978,0.999999999958136,0.402614714305219,0.261973799969436,0.473641681206295,0.0645347139788322,1,0.261973799969436,0.248163422099051,0.235081080913804,0.5,0.999999999999853,0.222688396767614,0.473641681206295,0.473641681206295,0.268246817368528,0.999999980531327,0.817869869906056,0.182130130093944,0.999999999999853,0.222688396767614,1.54510204077542,0.82336026547389,1.47215573065296e-13,1.42816857782634e-13,0.222688396767614,-0.0117393835073197,CBCbothPairsAsymRW,CBCdriftDiffusionLR,0.5,0.970120584452631,0.476052400061127,0.0527166375874099,0.996484330082538,2.20025353588387,1.74953237257492,1.38346066927365,0.5,20.3094025346292
CBC_1002,CBC_1002_MSI_TV_v3_Vset1_Tset3_2023-05-31_16h13.57.205.csv,1,34,1,0,b,1,0,1,tac,B,63,1,1B,0B,1,0,b,2.30501509999885,1,0,1,1,1B,0B,B10,2.28238238567653,0.999999999958136,0.402614714305219,0.261973799969436,0.473641681206295,0.0645347139788322,1,0.261973799969436,0.248163422099051,0.235081080913804,0.5,0.999999999999996,0.210949013260295,0.473641681206295,0.473641681206295,0.268246817368528,0.999999980531327,0.93937753919022,0.0606224608097801,1,0.0645347139788322,2.12031860780469,0.893249180255561,0,0,0.0645347139788323,-0.00340205312862925,CBCbothPairsAsymRW,CBCdriftDiffusionLR,0.5,0.970120584452631,0.476052400061127,0.0527166375874099,0.996484330082538,2.20025353588387,1.74953237257492,1.38346066927365,0.5,20.3094025346292
CBC_1002,CBC_1002_MSI_TV_v3_Vset1_Tset3_2023-05-31_16h13.57.205.csv,1,35,0,1,b,1,0,0,tac,A,63,1,0A,1A,1,0,b,2.97802489999958,1,0,1,1,0A,1A,A01,2.52572864430826,0.999999999958136,0.402614714305219,0.261973799969436,0.473641681206295,0.061132660850203,1,0.261973799969436,0.248163422099051,0.235081080913804,0.5,0.999999999999996,0.210949013260295,0.473641681206295,0.473641681206295,0.268246817368528,0.999999980531327,0.712954163241707,0.287045836758293,0.999999999958136,0.402614714305219,0.298101702359374,0.736972095448627,4.18638457233556e-11,4.06129784805765e-11,0.402614714305219,-0.0212244939813868,CBCbothPairsAsymRW,CBCdriftDiffusionLR,0.5,0.970120584452631,0.476052400061127,0.0527166375874099,0.996484330082538,2.20025353588387,1.74953237257492,1.38346066927365,0.5,20.3094025346292
CBC_1002,CBC_1002_MSI_TV_v3_Vset1_Tset3_2023-05-31_16h13.57.205.csv,1,36,1,2,z,0,1,3,tac,C,9,1,1C,2C,0,1,z,2.24819369999932,0,1,1,1,2C,1C,C12,3.93182563272433,0.999999999998749,0.381390220323833,0.261973799969436,0.473641681206295,0.061132660850203,1,0.261973799969436,0.248163422099051,0.235081080913804,0.5,0.999999999999996,0.210949013260295,0.473641681206295,0.473641681206295,0.268246817368528,0.999999980531327,0.666666666666666,0.333333333333334,0.999999999999996,0.5,0.265476039682989,0.691345967642689,4.44089209850063e-15,4.3082008380885e-15,0.5,-0.0263583187937049,CBCbothPairsAsymRW,CBCdriftDiffusionLR,0.5,0.970120584452631,0.476052400061127,0.0527166375874099,0.996484330082538,2.20025353588387,1.74953237257492,1.38346066927365,0.5,20.3094025346292
CBC_1002,CBC_1002_MSI_TV_v3_Vset1_Tset3_2023-05-31_16h13.57.205.csv,1,37,1,0,z,0,1,0,tac,A,63,1,1A,0A,0,1,z,2.58970880000015,0,1,1,1,0A,1A,A10,2.85263142991332,0.999999999998749,0.381390220323833,0.261973799969436,0.473641681206295,0.061132660850203,1,0.261973799969436,0.248163422099051,0.235081080913804,0.473641681206295,1,0.210949013260295,0.473641681206295,0.473641681206295,0.268246817368528,0.999999980531327,0.723908411459022,0.276091588540978,0.999999999998749,0.381390220323833,0.916464757593445,0.747167877477951,1.25088828184516e-12,1.21351247106858e-12,0.381390220323833,-0.0201056100241939,CBCbothPairsAsymRW,CBCdriftDiffusionLR,0.5,0.970120584452631,0.476052400061127,0.0527166375874099,0.996484330082538,2.20025353588387,1.74953237257492,1.38346066927365,0.5,20.3094025346292
CBC_1002,CBC_1002_MSI_TV_v3_Vset1_Tset3_2023-05-31_16h13.57.205.csv,1,38,3,1,b,1,0,2,tac,D,27,1,3D,1D,1,0,b,2.36161679999896,1,0,1,1,3D,1D,D31,3.27714473299218,0.999999999999963,0.361284610299639,0.261973799969436,0.473641681206295,0.061132660850203,1,0.261973799969436,0.248163422099051,0.235081080913804,0.473641681206295,1,0.210949013260295,0.473641681206295,0.473641681206295,0.268246817368528,0.999999980531327,0.678591007906354,0.321408992093646,0.999999980531327,0.473641681206295,1.44394106307207,0.703919651142737,1.94686730070615e-08,1.88869604361276e-08,0.473641681206295,-0.0249687968544438,CBCbothPairsAsymRW,CBCdriftDiffusionLR,0.5,0.970120584452631,0.476052400061127,0.0527166375874099,0.996484330082538,2.20025353588387,1.74953237257492,1.38346066927365,0.5,20.3094025346292
CBC_1002,CBC_1002_MSI_TV_v3_Vset1_Tset3_2023-05-31_16h13.57.205.csv,1,39,0,1,z,0,1,1,tac,B,63,1,0B,1B,0,1,z,2.52120019999893,0,1,1,1,1B,0B,B01,3.29583686600433,0.999999999999963,0.361284610299639,0.261973799969436,0.473641681206295,0.061132660850203,1,0.261973799969436,0.248163422099051,0.235081080913804,0.473641681206295,1,0.210949013260295,0.473641681206295,0.448672884351851,0.268246817368528,0.999999999418287,0.942389238305772,0.0576107616942279,1,0.061132660850203,1.41932559221768,0.894802540952055,0,0,0.061132660850203,-0.00322270832679419,CBCbothPairsAsymRW,CBCdriftDiffusionLR,0.5,0.970120584452631,0.476052400061127,0.0527166375874099,0.996484330082538,2.20025353588387,1.74953237257492,1.38346066927365,0.5,20.3094025346292
CBC_1002,CBC_1002_MSI_TV_v3_Vset1_Tset3_2023-05-31_16h13.57.205.csv,1,40,2,3,b,1,0,3,tac,C,63,0,2C,3C,0,1,b,2.73736899999858,1,0,1,0,2C,3C,C23,2.90872089656436,0.999999999999963,0.361284610299639,0.261973799969436,0.473641681206295,0.0579099525234088,1,0.261973799969436,0.248163422099051,0.235081080913804,0.473641681206295,1,0.210949013260295,0.473641681206295,0.448672884351851,0.268246817368528,0.999999999418287,0.825798600147213,0.174201399852787,1,0.210949013260295,0.637804860200669,0.828968457576944,-1,-0.476052400061127,-0.789050986739705,0.786276943922281,CBCbothPairsAsymRW,CBCdriftDiffusionLR,0.5,0.970120584452631,0.476052400061127,0.0527166375874099,0.996484330082538,2.20025353588387,1.74953237257492,1.38346066927365,0.5,20.3094025346292
CBC_1002,CBC_1002_MSI_TV_v3_Vset1_Tset3_2023-05-31_16h13.57.205.csv,1,41,2,0,z,0,1,0,tac,A,27,1,2A,0A,0,1,z,2.35296279999966,0,1,1,1,0A,2A,A20,3.3322045101752,0.999999999999963,0.361284610299639,0.261973799969436,0.473641681206295,0.0579099525234088,1,0.261973799969436,0.248163422099051,0.235081080913804,0.473641681206295,0.523947599938873,0.997225957182576,0.473641681206295,0.448672884351851,0.268246817368528,0.999999999418287,0.792409477933861,0.207590522066139,0.999999999999963,0.261973799969436,1.80813782977481,0.804563602791459,3.74145159298678e-14,3.62965920608956e-14,0.261973799969436,-0.0138103778703854,CBCbothPairsAsymRW,CBCdriftDiffusionLR,0.5,0.970120584452631,0.476052400061127,0.0527166375874099,0.996484330082538,2.20025353588387,1.74953237257492,1.38346066927365,0.5,20.3094025346292
CBC_1002,CBC_1002_MSI_TV_v3_Vset1_Tset3_2023-05-31_16h13.57.205.csv,1,42,3,2,b,1,0,2,tac,D,63,1,3D,2D,1,0,b,5.34719419999965,1,0,1,1,3D,2D,D32,4.04305126783455,0.999999999999999,0.361284610299639,0.248163422099051,0.473641681206295,0.0579099525234088,1,0.261973799969436,0.248163422099051,0.235081080913804,0.473641681206295,0.523947599938873,0.997225957182576,0.473641681206295,0.448672884351851,0.268246817368528,0.999999999418287,0.788490052710601,0.211509947289399,0.999999999418287,0.268246817368528,0.000199441038089865,0.801336941657612,5.81712567004899e-10,5.64331335486233e-10,0.268246817368528,-0.0141410702551928,CBCbothPairsAsymRW,CBCdriftDiffusionLR,0.5,0.970120584452631,0.476052400061127,0.0527166375874099,0.996484330082538,2.20025353588387,1.74953237257492,1.38346066927365,0.5,20.3094025346292
CBC_1002,CBC_1002_MSI_TV_v3_Vset1_Tset3_2023-05-31_16h13.57.205.csv,1,43,3,1,z,0,1,1,tac,B,27,1,3B,1B,0,1,z,2.37038929999835,0,1,1,1,1B,3B,B31,3.36729582998647,0.999999999999999,0.361284610299639,0.248163422099051,0.473641681206295,0.0579099525234088,1,0.261973799969436,0.248163422099051,0.235081080913804,0.473641681206295,0.523947599938873,0.997225957182576,0.473641681206295,0.448672884351851,0.254105747113335,0.999999999982619,0.801177139383149,0.198822860616851,1,0.248163422099051,1.81693941444177,0.811076428547622,0,0,0.248163422099051,-0.0130823411852471,CBCbothPairsAsymRW,CBCdriftDiffusionLR,0.5,0.970120584452631,0.476052400061127,0.0527166375874099,0.996484330082538,2.20025353588387,1.74953237257492,1.38346066927365,0.5,20.3094025346292
CBC_1002,CBC_1002_MSI_TV_v3_Vset1_Tset3_2023-05-31_16h13.57.205.csv,1,44,2,3,b,1,0,3,tac,C,63,1,2C,3C,1,0,z,2.29477289999886,0,1,0,0,3C,2C,C23,2.69124308278583,0.999999999999999,0.361284610299639,0.248163422099051,0.473641681206295,0.0579099525234088,1,0.261973799969436,0.235081080913804,0.235081080913804,0.473641681206295,0.523947599938873,0.997225957182576,0.473641681206295,0.448672884351851,0.254105747113335,0.999999999982619,0.65556356308852,0.34443643691148,0.997225957182576,0.523947599938873,1.085735967625,0.679836482445137,-0.997225957182576,-0.47473181032002,-0.476052400061127,0.474378756959097,CBCbothPairsAsymRW,CBCdriftDiffusionLR,0.5,0.970120584452631,0.476052400061127,0.0527166375874099,0.996484330082538,2.20025353588387,1.74953237257492,1.38346066927365,0.5,20.3094025346292
CBC_1002,CBC_1002_MSI_AV_v3_Vset4_Aset2_2023-05-31_16h22.12.197.csv,2,1,0,1,b,1,0,0,aud,A,63,1,0A,1A,1,0,z,2.26603029999933,0,1,0,0,1A,0A,A01,2.77258872223978,0.5,0.5,0.5,0.5,0.5,0.5,0.5,0.5,0.5,0.5,0.5,0.5,0.5,0.5,0.5,0.5,0.5,0.5,0.5,0.5,0.239800109839639,0.499874423253816,-0.5,-0.150485816833004,-0.5,0.000844414746557665,CBCbothPairsAsymRW,CBCdriftDiffusionLR,0.5,0.00638750486443218,0.300971633666009,0.599070481708169,0.00168882949311533,1.29521466783949,0.595994889155388,2.28720937400743,0.5,63.4126982458889
CBC_1002,CBC_1002_MSI_AV_v3_Vset4_Aset2_2023-05-31_16h22.12.197.csv,2,2,2,3,z,0,1,2,aud,D,63,1,2D,3D,0,1,b,1.87625110000045,1,0,0,0,2D,3D,D23,2.83321334405622,0.500844414746558,0.349514183166996,0.5,0.5,0.5,0.5,0.5,0.5,0.5,0.5,0.5,0.5,0.5,0.5,0.5,0.5,0.5,0.5,0.5,0.5,0.333296736808265,0.498709483775649,-0.5,-0.150485816833004,-0.5,0.000844414746557665,CBCbothPairsAsymRW,CBCdriftDiffusionLR,0.5,0.00638750486443218,0.300971633666009,0.599070481708169,0.00168882949311533,1.29521466783949,0.595994889155388,2.28720937400743,0.5,63.4126982458889
CBC_1002,CBC_1002_MSI_AV_v3_Vset4_Aset2_2023-05-31_16h22.12.197.csv,2,3,0,2,z,0,1,3,aud,C,27,1,0C,2C,0,1,z,2.37195260000044,0,1,1,1,2C,0C,C02,2.89037175789616,0.500844414746558,0.349514183166996,0.5,0.5,0.5,0.5,0.5,0.5,0.5,0.5,0.5,0.5,0.5,0.5,0.349514183166996,0.500844414746558,0.5,0.5,0.5,0.5,0.21727993326948,0.499980007576492,0.5,0.00319375243221609,0.5,-0.299535240854085,CBCbothPairsAsymRW,CBCdriftDiffusionLR,0.5,0.00638750486443218,0.300971633666009,0.599070481708169,0.00168882949311533,1.29521466783949,0.595994889155388,2.28720937400743,0.5,63.4126982458889
CBC_1002,CBC_1002_MSI_AV_v3_Vset4_Aset2_2023-05-31_16h22.12.197.csv,2,4,0,1,b,1,0,0,aud,A,63,1,0A,1A,1,0,b,2.28492310000001,1,0,1,1,0A,1A,A01,2.2512917986065,0.500844414746558,0.349514183166996,0.5,0.5,0.5,0.5,0.5,0.5,0.200464759145915,0.5,0.503193752432216,0.5,0.5,0.5,0.349514183166996,0.500844414746558,0.588980244305677,0.411019755694323,0.500844414746558,0.349514183166996,0.264047038492353,0.559214066009973,0.499155585253442,0.00318835872891486,0.349514183166995,-0.209383630073689,CBCbothPairsAsymRW,CBCdriftDiffusionLR,0.5,0.00638750486443218,0.300971633666009,0.599070481708169,0.00168882949311533,1.29521466783949,0.595994889155388,2.28720937400743,0.5,63.4126982458889
CBC_1002,CBC_1002_MSI_AV_v3_Vset4_Aset2_2023-05-31_16h22.12.197.csv,2,5,1,3,b,1,0,1,aud,B,27,1,1B,3B,1,0,z,2.57649629999833,0,1,0,0,3B,1B,B13,2.99573227355399,0.504032773475472,0.140130553093306,0.5,0.5,0.5,0.5,0.5,0.5,0.200464759145915,0.5,0.503193752432216,0.5,0.5,0.5,0.349514183166996,0.500844414746558,0.5,0.5,0.5,0.5,0.179077737892907,0.499422723234963,-0.5,-0.150485816833004,-0.5,0.000844414746557665,CBCbothPairsAsymRW,CBCdriftDiffusionLR,0.5,0.00638750486443218,0.300971633666009,0.599070481708169,0.00168882949311533,1.29521466783949,0.595994889155388,2.28720937400743,0.5,63.4126982458889
CBC_1002,CBC_1002_MSI_AV_v3_Vset4_Aset2_2023-05-31_16h22.12.197.csv,2,6,3,2,z,0,1,3,aud,C,63,1,3C,2C,0,1,b,2.87717069999962,1,0,0,0,3C,2C,C32,3.04452243772342,0.504032773475472,0.140130553093306,0.5,0.5,0.5,0.500844414746558,0.5,0.349514183166996,0.200464759145915,0.5,0.503193752432216,0.5,0.5,0.5,0.349514183166996,0.500844414746558,0.498408207574821,0.501591792425179,0.5,0.503193752432216,0.134861868450173,0.499369120227404,-0.5,-0.150485816833004,-0.496806247567784,0.000839021043256429,CBCbothPairsAsymRW,CBCdriftDiffusionLR,0.5,0.00638750486443218,0.300971633666009,0.599070481708169,0.00168882949311533,1.29521466783949,0.595994889155388,2.28720937400743,0.5,63.4126982458889
CBC_1002,CBC_1002_MSI_AV_v3_Vset4_Aset2_2023-05-31_16h22.12.197.csv,2,7,3,2,b,1,0,2,aud,D,63,1,3D,2D,1,0,z,1.70062700000017,0,1,0,0,2D,3D,D32,3.09104245335832,0.504032773475472,0.140130553093306,0.5,0.5,0.5,0.500844414746558,0.5,0.349514183166996,0.200464759145915,0.5,0.504032773475472,0.349514183166996,0.5,0.5,0.349514183166996,0.500844414746558,0.411019755694323,0.588980244305677,0.349514183166996,0.500844414746558,0.31165073071999,0.440195769902111,-0.349514183166996,-0.105193854697211,-0.499155585253442,0.000842988674029257,CBCbothPairsAsymRW,CBCdriftDiffusionLR,0.5,0.00638750486443218,0.300971633666009,0.599070481708169,0.00168882949311533,1.29521466783949,0.595994889155388,2.28720937400743,0.5,63.4126982458889
CBC_1002,CBC_1002_MSI_AV_v3_Vset4_Aset2_2023-05-31_16h22.12.197.csv,2,8,0,1,z,0,1,1,aud,B,63,1,0B,1B,0,1,b,2.54389549999905,1,0,0,0,0B,1B,B01,3.13549421592915,0.504032773475472,0.140130553093306,0.5,0.5,0.5,0.500844414746558,0.5,0.349514183166996,0.200464759145915,0.5,0.504032773475472,0.349514183166996,0.5,0.5,0.244320328469784,0.501687403420587,0.499578148844058,0.500421851155942,0.5,0.500844414746558,0.185068855376936,0.500526628052975,-0.5,-0.150485816833004,-0.499155585253442,0.000842988674029257,CBCbothPairsAsymRW,CBCdriftDiffusionLR,0.5,0.00638750486443218,0.300971633666009,0.599070481708169,0.00168882949311533,1.29521466783949,0.595994889155388,2.28720937400743,0.5,63.4126982458889
CBC_1002,CBC_1002_MSI_AV_v3_Vset4_Aset2_2023-05-31_16h22.12.197.csv,2,9,2,0,z,0,1,0,aud,A,27,1,2A,0A,0,1,z,3.1143119999997,0,1,1,1,0A,2A,A20,3.17805383034795,0.504032773475472,0.140130553093306,0.5,0.5,0.349514183166996,0.501687403420587,0.5,0.349514183166996,0.200464759145915,0.5,0.504032773475472,0.349514183166996,0.5,0.5,0.244320328469784,0.501687403420587,0.502008287768094,0.497991712231906,0.504032773475472,0.5,0.108269174119325,0.501397669691882,0.495967226524528,0.00316799307202436,0.5,-0.299535240854085,CBCbothPairsAsymRW,CBCdriftDiffusionLR,0.5,0.00638750486443218,0.300971633666009,0.599070481708169,0.00168882949311533,1.29521466783949,0.595994889155388,2.28720937400743,0.5,63.4126982458889
CBC_1002,CBC_1002_MSI_AV_v3_Vset4_Aset2_2023-05-31_16h22.12.197.csv,2,10,3,0,b,1,0,2,aud,D,9,1,3D,0D,1,0,b,3.65684519999922,1,0,1,1,3D,0D,D30,3.2188758248682,0.507200766547497,0.140130553093306,0.200464759145915,0.5,0.349514183166996,0.501687403420587,0.5,0.349514183166996,0.200464759145915,0.5,0.504032773475472,0.349514183166996,0.5,0.5,0.244320328469784,0.501687403420587,0.500842280443392,0.499157719556608,0.501687403420587,0.5,0.064900715547527,0.501406538773384,0.498312596579413,0.00318297413465883,0.5,-0.299535240854085,CBCbothPairsAsymRW,CBCdriftDiffusionLR,0.5,0.00638750486443218,0.300971633666009,0.599070481708169,0.00168882949311533,1.29521466783949,0.595994889155388,2.28720937400743,0.5,63.4126982458889
CBC_1002,CBC_1002_MSI_AV_v3_Vset4_Aset2_2023-05-31_16h22.12.197.csv,2,11,2,3,b,1,0,3,aud,C,63,1,2C,3C,1,0,b,2.96763359999932,1,0,1,1,2C,3C,C23,3.25809653802148,0.507200766547497,0.140130553093306,0.200464759145915,0.5,0.349514183166996,0.501687403420587,0.5,0.349514183166996,0.200464759145915,0.5,0.504032773475472,0.349514183166996,0.200464759145915,0.5,0.244320328469784,0.504870377555246,0.590515576856073,0.409484423143927,0.504032773475472,0.349514183166996,0.138937555355852,0.561489677178566,0.495967226524528,0.00316799307202436,0.349514183166995,-0.209383630073689,CBCbothPairsAsymRW,CBCdriftDiffusionLR,0.5,0.00638750486443218,0.300971633666009,0.599070481708169,0.00168882949311533,1.29521466783949,0.595994889155388,2.28720937400743,0.5,63.4126982458889
CBC_1002,CBC_1002_MSI_AV_v3_Vset4_Aset2_2023-05-31_16h22.12.197.csv,2,12,0,1,z,0,1,1,aud,B,63,1,0B,1B,0,1,z,2.50766159999876,0,1,1,1,1B,0B,B01,2.60268968544438,0.507200766547497,0.140130553093306,0.200464759145915,0.5,0.349514183166996,0.501687403420587,0.5,0.349514183166996,0.200464759145915,0.5,0.507200766547497,0.140130553093306,0.200464759145915,0.5,0.244320328469784,0.504870377555246,0.589387298291845,0.410612701708155,0.501687403420587,0.349514183166996,0.214361409637494,0.560023884195248,0.498312596579413,0.00318297413465883,0.349514183166995,-0.209383630073689,CBCbothPairsAsymRW,CBCdriftDiffusionLR,0.5,0.00638750486443218,0.300971633666009,0.599070481708169,0.00168882949311533,1.29521466783949,0.595994889155388,2.28720937400743,0.5,63.4126982458889
CBC_1002,CBC_1002_MSI_AV_v3_Vset4_Aset2_2023-05-31_16h22.12.197.csv,2,13,3,2,z,0,1,3,aud,C,63,1,3C,2C,0,1,b,2.23216990000037,1,0,0,0,3C,2C,C32,2.63905732961526,0.507200766547497,0.140130553093306,0.200464759145915,0.5,0.140130553093306,0.504870377555246,0.5,0.349514183166996,0.200464759145915,0.5,0.507200766547497,0.140130553093306,0.200464759145915,0.5,0.244320328469784,0.504870377555246,0.216474236363325,0.783525763636675,0.140130553093306,0.507200766547497,0.159453912654898,0.315946644247592,-0.140130553093306,-0.0421753214910138,-0.492799233452503,0.000832253879639214,CBCbothPairsAsymRW,CBCdriftDiffusionLR,0.5,0.00638750486443218,0.300971633666009,0.599070481708169,0.00168882949311533,1.29521466783949,0.595994889155388,2.28720937400743,0.5,63.4126982458889
CBC_1002,CBC_1002_MSI_AV_v3_Vset4_Aset2_2023-05-31_16h22.12.197.csv,2,14,1,3,b,1,0,1,aud,B,27,1,1B,3B,1,0,b,2.38329800000065,1,0,1,1,1B,3B,B13,2.67414864942653,0.507200766547497,0.140130553093306,0.200464759145915,0.5,0.140130553093306,0.504870377555246,0.5,0.349514183166996,0.200464759145915,0.5,0.508033020427136,0.0979552316022925,0.200464759145915,0.5,0.244320328469784,0.504870377555246,0.590917018828689,0.409082981171311,0.504870377555246,0.349514183166996,0.241772411128447,0.561572155295934,0.495129622444754,0.00316264287189034,0.349514183166995,-0.209383630073689,CBCbothPairsAsymRW,CBCdriftDiffusionLR,0.5,0.00638750486443218,0.300971633666009,0.599070481708169,0.00168882949311533,1.29521466783949,0.595994889155388,2.28720937400743,0.5,63.4126982458889
CBC_1002,CBC_1002_MSI_AV_v3_Vset4_Aset2_2023-05-31_16h22.12.197.csv,2,15,2,3,z,0,1,2,aud,D,63,1,2D,3D,0,1,b,2.98118729999987,1,0,0,0,2D,3D,D23,2.70805020110221,0.507200766547497,0.140130553093306,0.200464759145915,0.5,0.140130553093306,0.508033020427136,0.5,0.140130553093306,0.200464759145915,0.5,0.508033020427136,0.0979552316022925,0.200464759145915,0.5,0.244320328469784,0.504870377555246,0.32611233228729,0.67388766771271,0.244320328469784,0.504870377555246,0.0932264387036385,0.383971591990447,-0.244320328469784,-0.0735334883973669,-0.495129622444754,0.000836189509299759,CBCbothPairsAsymRW,CBCdriftDiffusionLR,0.5,0.00638750486443218,0.300971633666009,0.599070481708169,0.00168882949311533,1.29521466783949,0.595994889155388,2.28720937400743,0.5,63.4126982458889
CBC_1002,CBC_1002_MSI_AV_v3_Vset4_Aset2_2023-05-31_16h22.12.197.csv,2,16,0,3,b,1,0,0,aud,A,9,1,0A,3A,1,0,z,2.36255749999873,0,1,0,0,3A,0A,A03,3.43398720448515,0.507200766547497,0.140130553093306,0.200464759145915,0.5,0.140130553093306,0.508033020427136,0.5,0.140130553093306,0.200464759145915,0.5,0.508033020427136,0.0979552316022925,0.200464759145915,0.5,0.170786840072417,0.505706567064545,0.496425356896729,0.503574643103271,0.5,0.507200766547497,0.218473739723239,0.498323306008238,-0.5,-0.150485816833004,-0.492799233452503,0.000832253879639214,CBCbothPairsAsymRW,CBCdriftDiffusionLR,0.5,0.00638750486443218,0.300971633666009,0.599070481708169,0.00168882949311533,1.29521466783949,0.595994889155388,2.28720937400743,0.5,63.4126982458889
CBC_1002,CBC_1002_MSI_AV_v3_Vset4_Aset2_2023-05-31_16h22.12.197.csv,2,17,2,3,z,0,1,2,aud,D,63,1,2D,3D,0,1,b,1.45364659999905,1,0,0,0,2D,3D,D23,2.36712361413162,0.508033020427136,0.140130553093306,0.200464759145915,0.349514183166996,0.140130553093306,0.508033020427136,0.5,0.140130553093306,0.200464759145915,0.5,0.508033020427136,0.0979552316022925,0.200464759145915,0.5,0.170786840072417,0.505706567064545,0.252458986696141,0.747541013303859,0.170786840072417,0.505706567064545,0.0827266012397598,0.337686532529059,-0.170786840072417,-0.0514019942652508,-0.494293432935455,0.00083477732779462,CBCbothPairsAsymRW,CBCdriftDiffusionLR,0.5,0.00638750486443218,0.300971633666009,0.599070481708169,0.00168882949311533,1.29521466783949,0.595994889155388,2.28720937400743,0.5,63.4126982458889
CBC_1002,CBC_1002_MSI_AV_v3_Vset4_Aset2_2023-05-31_16h22.12.197.csv,2,18,0,2,z,0,1,3,aud,C,27,1,0C,2C,0,1,b,3.15965300000062,1,0,0,0,0C,2C,C02,2.80336038090653,0.508033020427136,0.140130553093306,0.200464759145915,0.349514183166996,0.140130553093306,0.508033020427136,0.5,0.140130553093306,0.200464759145915,0.5,0.508033020427136,0.0979552316022925,0.200464759145915,0.5,0.119384845807166,0.50654134439234,0.282943383769978,0.717056616230022,0.200464759145915,0.508033020427136,0.0723210307476217,0.356339622751523,-0.200464759145915,-0.0603342060526092,-0.491966979572864,0.000830848344741519,CBCbothPairsAsymRW,CBCdriftDiffusionLR,0.5,0.00638750486443218,0.300971633666009,0.599070481708169,0.00168882949311533,1.29521466783949,0.595994889155388,2.28720937400743,0.5,63.4126982458889
CBC_1002,CBC_1002_MSI_AV_v3_Vset4_Aset2_2023-05-31_16h22.12.197.csv,2,19,0,1,b,1,0,0,aud,A,63,1,0A,1A,1,0,b,2.37594460000037,1,0,1,1,0A,1A,A01,2.42774823594805,0.508033020427136,0.140130553093306,0.200464759145915,0.349514183166996,0.140130553093306,0.508033020427136,0.5,0.140130553093306,0.140130553093306,0.5,0.508863868771878,0.0979552316022925,0.200464759145915,0.5,0.119384845807166,0.50654134439234,0.783803720514253,0.216196279485747,0.508033020427136,0.140130553093306,0.299594865303902,0.684274363766231,0.491966979572864,0.00314244147516168,0.140130553093306,-0.0839480779436391,CBCbothPairsAsymRW,CBCdriftDiffusionLR,0.5,0.00638750486443218,0.300971633666009,0.599070481708169,0.00168882949311533,1.29521466783949,0.595994889155388,2.28720937400743,0.5,63.4126982458889
CBC_1002,CBC_1002_MSI_AV_v3_Vset4_Aset2_2023-05-31_16h22.12.197.csv,2,20,1,0,b,1,0,1,aud,B,63,0,1B,0B,0,1,b,2.8144785000004,1,0,1,0,1B,0B,B10,3.55534806148941,0.511175461902298,0.0561824751496671,0.200464759145915,0.349514183166996,0.140130553093306,0.508033020427136,0.5,0.140130553093306,0.140130553093306,0.5,0.508863868771878,0.0979552316022925,0.200464759145915,0.5,0.119384845807166,0.50654134439234,0.783803720514253,0.216196279485747,0.508033020427136,0.140130553093306,0.193455572089403,0.684698142272908,-0.508033020427136,-0.152903528114232,-0.859869446906694,0.00145217288216479,CBCbothPairsAsymRW,CBCdriftDiffusionLR,0.5,0.00638750486443218,0.300971633666009,0.599070481708169,0.00168882949311533,1.29521466783949,0.595994889155388,2.28720937400743,0.5,63.4126982458889
CBC_1002,CBC_1002_MSI_AV_v3_Vset4_Aset2_2023-05-31_16h22.12.197.csv,2,21,3,1,b,1,0,2,aud,D,27,1,3D,1D,1,0,z,3.31129800000053,0,1,0,0,1D,3D,D31,3.58351893845611,0.511175461902298,0.0561824751496671,0.200464759145915,0.349514183166996,0.141582725975471,0.355129492312904,0.5,0.140130553093306,0.140130553093306,0.5,0.508863868771878,0.0979552316022925,0.200464759145915,0.5,0.119384845807166,0.50654134439234,0.496750583357165,0.503249416642835,0.5,0.50654134439234,0.0891033385148222,0.496906813504898,-0.5,-0.150485816833004,-0.49345865560766,0.000833367531223256,CBCbothPairsAsymRW,CBCdriftDiffusionLR,0.5,0.00638750486443218,0.300971633666009,0.599070481708169,0.00168882949311533,1.29521466783949,0.595994889155388,2.28720937400743,0.5,63.4126982458889
CBC_1002,CBC_1002_MSI_AV_v3_Vset4_Aset2_2023-05-31_16h22.12.197.csv,2,22,3,2,z,0,1,3,aud,C,63,1,3C,2C,0,1,b,3.21873330000017,1,0,0,0,3C,2C,C32,2.51230562397611,0.511175461902298,0.0561824751496671,0.200464759145915,0.349514183166996,0.141582725975471,0.355129492312904,0.5,0.140130553093306,0.140130553093306,0.5,0.508863868771878,0.0979552316022925,0.200464759145915,0.349514183166996,0.119384845807166,0.507374711923563,0.161424107352409,0.838575892647591,0.0979552316022925,0.508863868771878,0.0525555812692766,0.283539960732119,-0.0979552316022925,-0.0294817460814742,-0.491136131228122,0.000829445183552614,CBCbothPairsAsymRW,CBCdriftDiffusionLR,0.5,0.00638750486443218,0.300971633666009,0.599070481708169,0.00168882949311533,1.29521466783949,0.595994889155388,2.28720937400743,0.5,63.4126982458889
CBC_1002,CBC_1002_MSI_AV_v3_Vset4_Aset2_2023-05-31_16h22.12.197.csv,2,23,2,3,z,0,1,2,aud,D,63,1,2D,3D,0,1,z,1.45782879999933,0,1,1,1,3D,2D,D23,2.2512917986065,0.511175461902298,0.0561824751496671,0.200464759145915,0.349514183166996,0.141582725975471,0.355129492312904,0.5,0.140130553093306,0.140130553093306,0.5,0.50969331395543,0.0684734855208182,0.200464759145915,0.349514183166996,0.119384845807166,0.507374711923563,0.809520502185214,0.190479497814786,0.507374711923563,0.119384845807166,0.188044143652309,0.699065699294121,0.492625288076437,0.00314664642393054,0.119384845807166,-0.0715199370863547,CBCbothPairsAsymRW,CBCdriftDiffusionLR,0.5,0.00638750486443218,0.300971633666009,0.599070481708169,0.00168882949311533,1.29521466783949,0.595994889155388,2.28720937400743,0.5,63.4126982458889
CBC_1002,CBC_1002_MSI_AV_v3_Vset4_Aset2_2023-05-31_16h22.12.197.csv,2,24,0,2,b,1,0,0,aud,A,27,1,0A,2A,1,0,b,2.31952289999936,1,0,1,1,0A,2A,A02,3.66356164612965,0.511175461902298,0.0561824751496671,0.200464759145915,0.349514183166996,0.141582725975471,0.355129492312904,0.5,0.140130553093306,0.140130553093306,0.5,0.50969331395543,0.0684734855208182,0.200464759145915,0.349514183166996,0.0478649087208117,0.510521358347494,0.718306029905617,0.281693970094383,0.511175461902298,0.200464759145915,0.296742557426321,0.644374976777791,0.488824538097702,0.00312236911495289,0.200464759145915,-0.120092519827056,CBCbothPairsAsymRW,CBCdriftDiffusionLR,0.5,0.00638750486443218,0.300971633666009,0.599070481708169,0.00168882949311533,1.29521466783949,0.595994889155388,2.28720937400743,0.5,63.4126982458889
CBC_1002,CBC_1002_MSI_AV_v3_Vset4_Aset2_2023-05-31_16h22.12.197.csv,2,25,1,0,b,1,0,1,aud,B,63,1,1B,0B,NaN,NaN,[],NaN,NaN,NaN,NaN,NaN,,,B10,2.99573227355399,0.514297831017251,0.0561824751496671,0.0803722393188597,0.349514183166996,0.141582725975471,0.355129492312904,0.5,0.140130553093306,0.140130553093306,0.5,0.50969331395543,0.0684734855208182,0.200464759145915,0.349514183166996,0.0478649087208117,0.510521358347494,0,0,0,0,NaN,0,0,0,0,0,CBCbothPairsAsymRW,CBCdriftDiffusionLR,0.5,0.00638750486443218,0.300971633666009,0.599070481708169,0.00168882949311533,1.29521466783949,0.595994889155388,2.28720937400743,0.5,63.4126982458889
CBC_1002,CBC_1002_MSI_AV_v3_Vset4_Aset2_2023-05-31_16h22.12.197.csv,2,26,0,2,z,0,1,3,aud,C,27,1,0C,2C,0,1,z,3.79878160000044,0,1,1,1,2C,0C,C02,2.6149597780362,0.514297831017251,0.0561824751496671,0.0803722393188597,0.349514183166996,0.141582725975471,0.355129492312904,0.5,0.140130553093306,0.140130553093306,0.5,0.50969331395543,0.0684734855208182,0.200464759145915,0.349514183166996,0.0478649087208117,0.510521358347494,0.784356099861754,0.215643900138245,0.50969331395543,0.140130553093306,0.0721979154634926,0.683722251598869,0.49030668604457,0.00313183634217331,0.140130553093306,-0.0839480779436391,CBCbothPairsAsymRW,CBCdriftDiffusionLR,0.5,0.00638750486443218,0.300971633666009,0.599070481708169,0.00168882949311533,1.29521466783949,0.595994889155388,2.28720937400743,0.5,63.4126982458889
CBC_1002,CBC_1002_MSI_AV_v3_Vset4_Aset2_2023-05-31_16h22.12.197.csv,2,27,0,1,z,0,1,1,aud,B,63,1,0B,1B,NaN,NaN,[],NaN,NaN,NaN,NaN,NaN,,,B01,2.63905732961526,0.514297831017251,0.0561824751496671,0.0803722393188597,0.349514183166996,0.141582725975471,0.355129492312904,0.5,0.140130553093306,0.0561824751496671,0.5,0.512825150297604,0.0684734855208182,0.200464759145915,0.349514183166996,0.0478649087208117,0.510521358347494,0,0,0,0,NaN,0,0,0,0,0,CBCbothPairsAsymRW,CBCdriftDiffusionLR,0.5,0.00638750486443218,0.300971633666009,0.599070481708169,0.00168882949311533,1.29521466783949,0.595994889155388,2.28720937400743,0.5,63.4126982458889
CBC_1002,CBC_1002_MSI_AV_v3_Vset4_Aset2_2023-05-31_16h22.12.197.csv,2,28,1,0,z,0,1,0,aud,A,63,1,1A,0A,0,1,z,2.4674903999985,0,1,1,1,0A,1A,A10,3.76120011569356,0.514297831017251,0.0561824751496671,0.0803722393188597,0.349514183166996,0.141582725975471,0.355129492312904,0.5,0.140130553093306,0.0561824751496671,0.5,0.512825150297604,0.0684734855208182,0.200464759145915,0.349514183166996,0.0478649087208117,0.510521358347494,0.901517239872556,0.0984827601274435,0.514297831017251,0.0561824751496671,0.30029347707517,0.749354027839775,0.485702168982749,0.00310242496704257,0.0561824751496671,-0.0336572624514683,CBCbothPairsAsymRW,CBCdriftDiffusionLR,0.5,0.00638750486443218,0.300971633666009,0.599070481708169,0.00168882949311533,1.29521466783949,0.595994889155388,2.28720937400743,0.5,63.4126982458889
CBC_1002,CBC_1002_MSI_AV_v3_Vset4_Aset2_2023-05-31_16h22.12.197.csv,2,29,2,3,b,1,0,3,aud,C,63,1,2C,3C,1,0,b,2.91805869999916,1,0,1,1,2C,3C,C23,3.09104245335832,0.517400255984293,0.0225252126981988,0.0803722393188597,0.349514183166996,0.141582725975471,0.355129492312904,0.5,0.140130553093306,0.0561824751496671,0.5,0.512825150297604,0.0684734855208182,0.200464759145915,0.349514183166996,0.0478649087208117,0.510521358347494,0.88220601029897,0.11779398970103,0.512825150297604,0.0684734855208182,0.18484139411855,0.739192629400301,0.487174849702396,0.00311183172230307,0.0684734855208182,-0.0410204439551939,CBCbothPairsAsymRW,CBCdriftDiffusionLR,0.5,0.00638750486443218,0.300971633666009,0.599070481708169,0.00168882949311533,1.29521466783949,0.595994889155388,2.28720937400743,0.5,63.4126982458889
CBC_1002,CBC_1002_MSI_AV_v3_Vset4_Aset2_2023-05-31_16h22.12.197.csv,2,30,1,3,z,0,1,2,aud,D,27,1,1D,3D,0,1,z,1.90383479999946,0,1,1,1,3D,1D,D13,3.80666248977032,0.517400255984293,0.0225252126981988,0.0803722393188597,0.349514183166996,0.141582725975471,0.355129492312904,0.5,0.140130553093306,0.0561824751496671,0.5,0.515936982019907,0.0274530415656243,0.200464759145915,0.349514183166996,0.0478649087208117,0.510521358347494,0.593604954335359,0.406395045664641,0.510521358347494,0.349514183166996,0.370674717277677,0.562749295913096,0.489478641652506,0.00312654720459104,0.349514183166995,-0.209383630073689,CBCbothPairsAsymRW,CBCdriftDiffusionLR,0.5,0.00638750486443218,0.300971633666009,0.599070481708169,0.00168882949311533,1.29521466783949,0.595994889155388,2.28720937400743,0.5,63.4126982458889
CBC_1002,CBC_1002_MSI_AV_v3_Vset4_Aset2_2023-05-31_16h22.12.197.csv,2,31,0,1,b,1,0,0,aud,A,63,1,0A,1A,1,0,z,2.66125459999967,0,1,0,0,1A,0A,A01,2.4423470353692,0.517400255984293,0.0225252126981988,0.0803722393188597,0.349514183166996,0.141582725975471,0.355129492312904,0.5,0.140130553093306,0.0561824751496671,0.5,0.515936982019907,0.0274530415656243,0.200464759145915,0.140130553093306,0.0478649087208117,0.513647905552085,0.0417191149607446,0.958280885039255,0.0225252126981988,0.517400255984293,0.0723402267253518,0.222967368011817,-0.0225252126981988,-0.00677945006445121,-0.482599744015707,0.000815028681063634,CBCbothPairsAsymRW,CBCdriftDiffusionLR,0.5,0.00638750486443218,0.300971633666009,0.599070481708169,0.00168882949311533,1.29521466783949,0.595994889155388,2.28720937400743,0.5,63.4126982458889
CBC_1002,CBC_1002_MSI_AV_v3_Vset4_Aset2_2023-05-31_16h22.12.197.csv,2,32,2,3,z,0,1,2,aud,D,63,1,2D,3D,0,1,z,2.27179230000002,0,1,1,1,3D,2D,D23,2.24070968927596,0.518215284665357,0.0157457626337476,0.0803722393188597,0.349514183166996,0.141582725975471,0.355129492312904,0.5,0.140130553093306,0.0561824751496671,0.5,0.515936982019907,0.0274530415656243,0.200464759145915,0.140130553093306,0.0478649087208117,0.513647905552085,0.914757228144843,0.0852427718551571,0.513647905552085,0.0478649087208117,0.372897541694334,0.756338970470251,0.486352094447915,0.00310657636911284,0.0478649087208117,-0.0286744539242942,CBCbothPairsAsymRW,CBCdriftDiffusionLR,0.5,0.00638750486443218,0.300971633666009,0.599070481708169,0.00168882949311533,1.29521466783949,0.595994889155388,2.28720937400743,0.5,63.4126982458889
CBC_1002,CBC_1002_MSI_AV_v3_Vset4_Aset2_2023-05-31_16h22.12.197.csv,2,33,1,2,b,1,0,1,aud,B,9,1,1B,2B,NaN,NaN,[],NaN,NaN,NaN,NaN,NaN,,,B12,3.87120101090789,0.518215284665357,0.0157457626337476,0.0803722393188597,0.349514183166996,0.141582725975471,0.355129492312904,0.5,0.140130553093306,0.0561824751496671,0.5,0.515936982019907,0.0274530415656243,0.200464759145915,0.140130553093306,0.0191904547965175,0.516754481921198,0,0,0,0,NaN,0,0,0,0,0,CBCbothPairsAsymRW,CBCdriftDiffusionLR,0.5,0.00638750486443218,0.300971633666009,0.599070481708169,0.00168882949311533,1.29521466783949,0.595994889155388,2.28720937400743,0.5,63.4126982458889
CBC_1002,CBC_1002_MSI_AV_v3_Vset4_Aset2_2023-05-31_16h22.12.197.csv,2,34,0,1,b,1,0,0,aud,A,63,1,0A,1A,1,0,b,2.1567871999996,1,0,1,1,0A,1A,A01,2.28238238567653,0.518215284665357,0.0157457626337476,0.0803722393188597,0.349514183166996,0.141582725975471,0.355129492312904,0.5,0.140130553093306,0.0561824751496671,0.5,0.515936982019907,0.0274530415656243,0.200464759145915,0.140130553093306,0.0191904547965175,0.516754481921198,0.970511402070632,0.029488597929368,0.518215284665357,0.0157457626337476,0.440018997518689,0.783134982147509,0.481784715334643,0.00307740221280911,0.0157457626337476,-0.00943282160586167,CBCbothPairsAsymRW,CBCdriftDiffusionLR,0.5,0.00638750486443218,0.300971633666009,0.599070481708169,0.00168882949311533,1.29521466783949,0.595994889155388,2.28720937400743,0.5,63.4126982458889
CBC_1002,CBC_1002_MSI_AV_v3_Vset4_Aset2_2023-05-31_16h22.12.197.csv,2,35,1,2,z,0,1,3,aud,C,9,1,1C,2C,0,1,b,3.00989320000008,1,0,0,0,1C,2C,C12,3.91202300542815,0.521292686878166,0.00631294102788588,0.0803722393188597,0.349514183166996,0.141582725975471,0.355129492312904,0.5,0.140130553093306,0.0561824751496671,0.5,0.515936982019907,0.0274530415656243,0.200464759145915,0.140130553093306,0.0191904547965175,0.516754481921198,0.492156510540535,0.507843489459465,0.5,0.515936982019907,0.117601951623848,0.493544455877507,-0.5,-0.150485816833004,-0.484063017980093,0.000817499901291197,CBCbothPairsAsymRW,CBCdriftDiffusionLR,0.5,0.00638750486443218,0.300971633666009,0.599070481708169,0.00168882949311533,1.29521466783949,0.595994889155388,2.28720937400743,0.5,63.4126982458889
CBC_1002,CBC_1002_MSI_AV_v3_Vset4_Aset2_2023-05-31_16h22.12.197.csv,2,36,1,0,z,0,1,0,aud,A,63,0,1A,0A,1,0,z,2.48333329999878,0,1,1,0,0A,1A,A10,3.23867845216438,0.521292686878166,0.00631294102788588,0.0803722393188597,0.349514183166996,0.141582725975471,0.355129492312904,0.5,0.140130553093306,0.0561824751496671,0.349514183166996,0.516754481921198,0.0274530415656243,0.200464759145915,0.140130553093306,0.0191904547965175,0.516754481921198,0.98803473523787,0.0119652647621302,0.521292686878166,0.00631294102788588,0.311348926959575,0.790943453561529,-0.521292686878166,-0.156894311587865,-0.993687058972114,0.00167816801211914,CBCbothPairsAsymRW,CBCdriftDiffusionLR,0.5,0.00638750486443218,0.300971633666009,0.599070481708169,0.00168882949311533,1.29521466783949,0.595994889155388,2.28720937400743,0.5,63.4126982458889
CBC_1002,CBC_1002_MSI_AV_v3_Vset4_Aset2_2023-05-31_16h22.12.197.csv,2,37,1,0,b,1,0,1,aud,B,63,1,1B,0B,NaN,NaN,[],NaN,NaN,NaN,NaN,NaN,,,B10,2.85263142991332,0.364398375290301,0.00799110904000502,0.0803722393188597,0.349514183166996,0.141582725975471,0.355129492312904,0.5,0.140130553093306,0.0561824751496671,0.349514183166996,0.516754481921198,0.0274530415656243,0.200464759145915,0.140130553093306,0.0191904547965175,0.516754481921198,0,0,0,0,NaN,0,0,0,0,0,CBCbothPairsAsymRW,CBCdriftDiffusionLR,0.5,0.00638750486443218,0.300971633666009,0.599070481708169,0.00168882949311533,1.29521466783949,0.595994889155388,2.28720937400743,0.5,63.4126982458889
CBC_1002,CBC_1002_MSI_AV_v3_Vset4_Aset2_2023-05-31_16h22.12.197.csv,2,38,3,1,b,1,0,2,aud,D,27,1,3D,1D,NaN,NaN,[],NaN,NaN,NaN,NaN,NaN,,,D31,3.27714473299218,0.364398375290301,0.00799110904000502,0.0803722393188597,0.349514183166996,0.141582725975471,0.355129492312904,0.5,0.140130553093306,0.0561824751496671,0.349514183166996,0.516754481921198,0.0274530415656243,0.200464759145915,0.140130553093306,0.0191904547965175,0.516754481921198,0,0,0,0,NaN,0,0,0,0,0,CBCbothPairsAsymRW,CBCdriftDiffusionLR,0.5,0.00638750486443218,0.300971633666009,0.599070481708169,0.00168882949311533,1.29521466783949,0.595994889155388,2.28720937400743,0.5,63.4126982458889
CBC_1002,CBC_1002_MSI_AV_v3_Vset4_Aset2_2023-05-31_16h22.12.197.csv,2,39,0,1,z,0,1,1,aud,B,63,1,0B,1B,0,1,z,1.7949821000002,0,1,1,1,1B,0B,B01,2.60268968544438,0.364398375290301,0.00799110904000502,0.0803722393188597,0.349514183166996,0.141582725975471,0.355129492312904,0.5,0.140130553093306,0.0561824751496671,0.349514183166996,0.516754481921198,0.0274530415656243,0.200464759145915,0.140130553093306,0.0191904547965175,0.516754481921198,0.714960251102032,0.285039748897968,0.355129492312904,0.141582725975471,0.460455739417888,0.642821691526235,0.644870507687096,0.00411911350478018,0.141582725975471,-0.0848180318516812,CBCbothPairsAsymRW,CBCdriftDiffusionLR,0.5,0.00638750486443218,0.300971633666009,0.599070481708169,0.00168882949311533,1.29521466783949,0.595994889155388,2.28720937400743,0.5,63.4126982458889
CBC_1002,CBC_1002_MSI_AV_v3_Vset4_Aset2_2023-05-31_16h22.12.197.csv,2,40,2,3,b,1,0,3,aud,C,63,1,2C,3C,1,0,z,2.1917246999983,0,1,0,0,3C,2C,C23,2.90872089656436,0.364398375290301,0.00799110904000502,0.0803722393188597,0.349514183166996,0.0567646941237899,0.359248605817684,0.5,0.140130553093306,0.0561824751496671,0.349514183166996,0.516754481921198,0.0274530415656243,0.200464759145915,0.140130553093306,0.0191904547965175,0.516754481921198,0.0504459059840415,0.949554094015958,0.0274530415656243,0.516754481921198,0.122208581683706,0.226601033224718,-0.0274530415656243,-0.00826258676910679,-0.483245518078802,0.000816119283347278,CBCbothPairsAsymRW,CBCdriftDiffusionLR,0.5,0.00638750486443218,0.300971633666009,0.599070481708169,0.00168882949311533,1.29521466783949,0.595994889155388,2.28720937400743,0.5,63.4126982458889
CBC_1002,CBC_1002_MSI_AV_v3_Vset4_Aset2_2023-05-31_16h22.12.197.csv,2,41,2,0,z,0,1,0,aud,A,27,1,2A,0A,0,1,z,2.24036490000071,0,1,1,1,0A,2A,A20,3.3322045101752,0.364398375290301,0.00799110904000502,0.0803722393188597,0.349514183166996,0.0567646941237899,0.359248605817684,0.5,0.140130553093306,0.0561824751496671,0.349514183166996,0.517570601204545,0.0191904547965175,0.200464759145915,0.140130553093306,0.0191904547965175,0.516754481921198,0.819295077779618,0.180704922220382,0.364398375290301,0.0803722393188597,0.354590341286169,0.705045250574466,0.635601624709699,0.0040599084696742,0.0803722393188597,-0.0481486361247136,CBCbothPairsAsymRW,CBCdriftDiffusionLR,0.5,0.00638750486443218,0.300971633666009,0.599070481708169,0.00168882949311533,1.29521466783949,0.595994889155388,2.28720937400743,0.5,63.4126982458889
CBC_1002,CBC_1002_MSI_AV_v3_Vset4_Aset2_2023-05-31_16h22.12.197.csv,2,42,3,2,b,1,0,2,aud,D,63,1,3D,2D,1,0,b,1.76541460000044,1,0,1,1,3D,2D,D32,3.3499040872746,0.368458283759975,0.00799110904000502,0.0322236031941461,0.349514183166996,0.0567646941237899,0.359248605817684,0.5,0.140130553093306,0.0561824751496671,0.349514183166996,0.517570601204545,0.0191904547965175,0.200464759145915,0.140130553093306,0.0191904547965175,0.516754481921198,0.964193234263868,0.0358067657361324,0.516754481921198,0.0191904547965175,0.617122080091967,0.780039884756742,0.483245518078802,0.0030867330974434,0.0191904547965175,-0.0114964349991486,CBCbothPairsAsymRW,CBCdriftDiffusionLR,0.5,0.00638750486443218,0.300971633666009,0.599070481708169,0.00168882949311533,1.29521466783949,0.595994889155388,2.28720937400743,0.5,63.4126982458889
CBC_1002,CBC_1002_MSI_AV_v3_Vset4_Aset2_2023-05-31_16h22.12.197.csv,2,43,3,1,z,0,1,1,aud,B,27,1,3B,1B,NaN,NaN,[],NaN,NaN,NaN,NaN,NaN,,,B31,4.06044301054642,0.368458283759975,0.00799110904000502,0.0322236031941461,0.349514183166996,0.0567646941237899,0.359248605817684,0.5,0.140130553093306,0.0561824751496671,0.349514183166996,0.517570601204545,0.0191904547965175,0.200464759145915,0.140130553093306,0.00769401979736893,0.519841215018641,0,0,0,0,NaN,0,0,0,0,0,CBCbothPairsAsymRW,CBCdriftDiffusionLR,0.5,0.00638750486443218,0.300971633666009,0.599070481708169,0.00168882949311533,1.29521466783949,0.595994889155388,2.28720937400743,0.5,63.4126982458889
CBC_1002,CBC_1002_MSI_AV_v3_Vset4_Aset2_2023-05-31_16h22.12.197.csv,2,44,2,3,b,1,0,3,aud,C,63,1,2C,3C,1,0,b,2.30506380000043,1,0,1,1,2C,3C,C23,2.69124308278583,0.368458283759975,0.00799110904000502,0.0322236031941461,0.349514183166996,0.0567646941237899,0.359248605817684,0.5,0.140130553093306,0.0561824751496671,0.349514183166996,0.517570601204545,0.0191904547965175,0.200464759145915,0.140130553093306,0.00769401979736893,0.519841215018641,0.964247676723254,0.0357523232767459,0.517570601204545,0.0191904547965175,0.373422565842008,0.780505253891182,0.482429398795455,0.00308152013155106,0.0191904547965175,-0.0114964349991486,CBCbothPairsAsymRW,CBCdriftDiffusionLR,0.5,0.00638750486443218,0.300971633666009,0.599070481708169,0.00168882949311533,1.29521466783949,0.595994889155388,2.28720937400743,0.5,63.4126982458889
CBC_1002,CBC_1002_MSI_TV_v3_Vset6_Tset1_2023-05-31_17h12.40.954.csv,3,1,1,0,b,1,0,1,tac,B,63,1,1B,0B,1,0,z,2.33809720000136,0,1,0,0,0B,1B,B10,2.77258872223978,0.5,0.5,0.5,0.5,0.5,0.5,0.5,0.5,0.5,0.5,0.5,0.5,0.5,0.5,0.5,0.5,0.5,0.5,0.5,0.5,0.161480068712103,0.500482525510754,-0.5,-0.0267142265909474,-0.5,0.00255739786812698,CBCbothPairsAsymRW,CBCdriftDiffusionLR,0.5,0.958273388501419,0.0534284531818947,0.341773928903551,0.00511479573625395,0.969650126169126,0.481060857448226,2.20889538735697,0.5,73.1109930815103
CBC_1002,CBC_1002_MSI_TV_v3_Vset6_Tset1_2023-05-31_17h12.40.954.csv,3,2,0,1,b,1,0,0,tac,A,63,1,0A,1A,1,0,b,3.02907140000207,1,0,1,1,0A,1A,A01,2.83321334405622,0.5,0.5,0.5,0.5,0.473285773409053,0.502557397868127,0.5,0.5,0.5,0.5,0.5,0.5,0.5,0.5,0.5,0.5,0.5,0.5,0.5,0.5,0.0803009613936983,0.500582393812019,0.5,0.479136694250709,0.5,-0.170886964451776,CBCbothPairsAsymRW,CBCdriftDiffusionLR,0.5,0.958273388501419,0.0534284531818947,0.341773928903551,0.00511479573625395,0.969650126169126,0.481060857448226,2.20889538735697,0.5,73.1109930815103
CBC_1002,CBC_1002_MSI_TV_v3_Vset6_Tset1_2023-05-31_17h12.40.954.csv,3,3,1,2,z,0,1,3,tac,C,9,1,1C,2C,0,1,z,2.47580490000109,0,1,1,1,2C,1C,C12,2.89037175789616,0.979136694250709,0.329113035548224,0.5,0.5,0.473285773409053,0.502557397868127,0.5,0.5,0.5,0.5,0.5,0.5,0.5,0.5,0.5,0.5,0.5,0.5,0.5,0.5,0.140196843475183,0.499438089373855,0.5,0.479136694250709,0.5,-0.170886964451776,CBCbothPairsAsymRW,CBCdriftDiffusionLR,0.5,0.958273388501419,0.0534284531818947,0.341773928903551,0.00511479573625395,0.969650126169126,0.481060857448226,2.20889538735697,0.5,73.1109930815103
CBC_1002,CBC_1002_MSI_TV_v3_Vset6_Tset1_2023-05-31_17h12.40.954.csv,3,4,1,0,z,0,1,0,tac,A,63,1,1A,0A,0,1,z,2.70095760000186,0,1,1,1,0A,1A,A10,2.94443897916644,0.979136694250709,0.329113035548224,0.5,0.5,0.473285773409053,0.502557397868127,0.5,0.5,0.5,0.329113035548224,0.979136694250709,0.5,0.5,0.5,0.5,0.5,0.748432559891447,0.251567440108553,0.979136694250709,0.329113035548224,0.138460975547362,0.6287048043344,0.0208633057492907,0.019992750695714,0.329113035548224,-0.112482255212691,CBCbothPairsAsymRW,CBCdriftDiffusionLR,0.5,0.958273388501419,0.0534284531818947,0.341773928903551,0.00511479573625395,0.969650126169126,0.481060857448226,2.20889538735697,0.5,73.1109930815103
CBC_1002,CBC_1002_MSI_TV_v3_Vset6_Tset1_2023-05-31_17h12.40.954.csv,3,5,3,1,b,1,0,2,tac,D,27,1,3D,1D,1,0,b,2.45134560000042,1,0,1,1,3D,1D,D31,2.99573227355399,0.999129444946423,0.216630780335534,0.5,0.5,0.473285773409053,0.502557397868127,0.5,0.5,0.5,0.329113035548224,0.979136694250709,0.5,0.5,0.5,0.5,0.5,0.5,0.5,0.5,0.5,0.14398908288923,0.500415626140634,0.5,0.479136694250709,0.5,-0.170886964451776,CBCbothPairsAsymRW,CBCdriftDiffusionLR,0.5,0.958273388501419,0.0534284531818947,0.341773928903551,0.00511479573625395,0.969650126169126,0.481060857448226,2.20889538735697,0.5,73.1109930815103
CBC_1002,CBC_1002_MSI_TV_v3_Vset6_Tset1_2023-05-31_17h12.40.954.csv,3,6,0,1,z,0,1,1,tac,B,63,1,0B,1B,0,1,z,2.92743830000109,0,1,1,1,1B,0B,B01,3.04452243772342,0.999129444946423,0.216630780335534,0.5,0.5,0.473285773409053,0.502557397868127,0.5,0.5,0.5,0.329113035548224,0.979136694250709,0.5,0.5,0.329113035548224,0.5,0.979136694250709,0.514998119226865,0.485001880773135,0.502557397868127,0.473285773409053,0.0903775658955559,0.508406376702596,0.497442602131873,0.476686007929873,0.473285773409053,-0.161756738272168,CBCbothPairsAsymRW,CBCdriftDiffusionLR,0.5,0.958273388501419,0.0534284531818947,0.341773928903551,0.00511479573625395,0.969650126169126,0.481060857448226,2.20889538735697,0.5,73.1109930815103
CBC_1002,CBC_1002_MSI_TV_v3_Vset6_Tset1_2023-05-31_17h12.40.954.csv,3,7,2,3,b,1,0,3,tac,C,63,1,2C,3C,1,0,z,3.31804630000079,0,1,0,0,3C,2C,C23,3.09104245335832,0.999129444946423,0.216630780335534,0.5,0.5,0.311529035136885,0.979243405798,0.5,0.5,0.5,0.329113035548224,0.979136694250709,0.5,0.5,0.329113035548224,0.5,0.979136694250709,0.338035018631788,0.661964981368212,0.5,0.979136694250709,0.0490516718818412,0.415203461619608,-0.5,-0.0267142265909474,-0.0208633057492907,0.000106711547290635,CBCbothPairsAsymRW,CBCdriftDiffusionLR,0.5,0.958273388501419,0.0534284531818947,0.341773928903551,0.00511479573625395,0.969650126169126,0.481060857448226,2.20889538735697,0.5,73.1109930815103
CBC_1002,CBC_1002_MSI_TV_v3_Vset6_Tset1_2023-05-31_17h12.40.954.csv,3,8,2,0,z,0,1,0,tac,A,27,1,2A,0A,0,1,z,2.2834238000014,0,1,1,1,0A,2A,A20,3.13549421592915,0.999129444946423,0.216630780335534,0.5,0.5,0.311529035136885,0.979243405798,0.5,0.5,0.5,0.329113035548224,0.979243405798,0.473285773409053,0.5,0.329113035548224,0.5,0.979136694250709,0.666473097646435,0.333526902353565,0.999129444946423,0.5,0.200260884525351,0.588069319163651,0.000870555053576805,0.000834229741068079,0.5,-0.170886964451776,CBCbothPairsAsymRW,CBCdriftDiffusionLR,0.5,0.958273388501419,0.0534284531818947,0.341773928903551,0.00511479573625395,0.969650126169126,0.481060857448226,2.20889538735697,0.5,73.1109930815103
CBC_1002,CBC_1002_MSI_TV_v3_Vset6_Tset1_2023-05-31_17h12.40.954.csv,3,9,3,2,b,1,0,2,tac,D,63,1,3D,2D,1,0,b,2.6385132000014,1,0,1,1,3D,2D,D32,3.17805383034795,0.999963674687491,0.216630780335534,0.329113035548224,0.5,0.311529035136885,0.979243405798,0.5,0.5,0.5,0.329113035548224,0.979243405798,0.473285773409053,0.5,0.329113035548224,0.5,0.979136694250709,0.661964981368212,0.338035018631788,0.979136694250709,0.5,0.138317097390762,0.583998800612316,0.0208633057492907,0.019992750695714,0.5,-0.170886964451776,CBCbothPairsAsymRW,CBCdriftDiffusionLR,0.5,0.958273388501419,0.0534284531818947,0.341773928903551,0.00511479573625395,0.969650126169126,0.481060857448226,2.20889538735697,0.5,73.1109930815103
CBC_1002,CBC_1002_MSI_TV_v3_Vset6_Tset1_2023-05-31_17h12.40.954.csv,3,10,3,1,z,0,1,1,tac,B,27,1,3B,1B,0,1,z,2.49450160000197,0,1,1,1,1B,3B,B31,3.2188758248682,0.999963674687491,0.216630780335534,0.329113035548224,0.5,0.311529035136885,0.979243405798,0.5,0.5,0.5,0.329113035548224,0.979243405798,0.473285773409053,0.5,0.329113035548224,0.329113035548224,0.999129444946423,0.661989366969483,0.338010633030517,0.979243405798,0.5,0.160660893617648,0.585485151168351,0.020756594202,0.0198904918596995,0.5,-0.170886964451776,CBCbothPairsAsymRW,CBCdriftDiffusionLR,0.5,0.958273388501419,0.0534284531818947,0.341773928903551,0.00511479573625395,0.969650126169126,0.481060857448226,2.20889538735697,0.5,73.1109930815103
CBC_1002,CBC_1002_MSI_TV_v3_Vset6_Tset1_2023-05-31_17h12.40.954.csv,3,11,3,2,z,0,1,3,tac,C,63,1,3C,2C,0,1,b,2.01906540000164,1,0,0,0,3C,2C,C32,3.25809653802148,0.999963674687491,0.216630780335534,0.329113035548224,0.5,0.311529035136885,0.999133897657699,0.5,0.329113035548224,0.5,0.329113035548224,0.979243405798,0.473285773409053,0.5,0.329113035548224,0.329113035548224,0.999129444946423,0.325835639093614,0.674164360906386,0.473285773409053,0.979243405798,0.182636153918021,0.409252123046979,-0.473285773409053,-0.0252869267862424,-0.0207565942020002,0.000106165739523544,CBCbothPairsAsymRW,CBCdriftDiffusionLR,0.5,0.958273388501419,0.0534284531818947,0.341773928903551,0.00511479573625395,0.969650126169126,0.481060857448226,2.20889538735697,0.5,73.1109930815103
CBC_1002,CBC_1002_MSI_TV_v3_Vset6_Tset1_2023-05-31_17h12.40.954.csv,3,12,1,3,b,1,0,1,tac,B,27,1,1B,3B,1,0,z,2.20542430000023,0,1,0,0,3B,1B,B13,3.29583686600433,0.999963674687491,0.216630780335534,0.329113035548224,0.5,0.311529035136885,0.999133897657699,0.5,0.329113035548224,0.5,0.329113035548224,0.979349571537523,0.44799884662281,0.5,0.329113035548224,0.329113035548224,0.999129444946423,0.247780007858825,0.752219992141175,0.329113035548224,0.999133897657699,0.136022163978937,0.369004409491536,-0.329113035548224,-0.0175840004113396,-0.000866102342300556,4.42993656755845e-06,CBCbothPairsAsymRW,CBCdriftDiffusionLR,0.5,0.958273388501419,0.0534284531818947,0.341773928903551,0.00511479573625395,0.969650126169126,0.481060857448226,2.20889538735697,0.5,73.1109930815103
CBC_1002,CBC_1002_MSI_TV_v3_Vset6_Tset1_2023-05-31_17h12.40.954.csv,3,13,3,2,z,0,1,3,tac,C,63,1,3C,2C,0,1,z,2.31810980000228,0,1,1,1,2C,3C,C32,2.63905732961526,0.999963674687491,0.216630780335534,0.329113035548224,0.5,0.311529035136885,0.999138327594267,0.5,0.311529035136885,0.5,0.329113035548224,0.979349571537523,0.44799884662281,0.5,0.329113035548224,0.329113035548224,0.999129444946423,0.686132102769818,0.313867897230182,0.979349571537523,0.44799884662281,0.196205376419394,0.597238463683226,0.0206504284624767,0.0197887560567437,0.44799884662281,-0.153114325954537,CBCbothPairsAsymRW,CBCdriftDiffusionLR,0.5,0.958273388501419,0.0534284531818947,0.341773928903551,0.00511479573625395,0.969650126169126,0.481060857448226,2.20889538735697,0.5,73.1109930815103
CBC_1002,CBC_1002_MSI_TV_v3_Vset6_Tset1_2023-05-31_17h12.40.954.csv,3,14,3,2,b,1,0,2,tac,D,63,1,3D,2D,1,0,z,2.32698890000211,0,1,0,0,2D,3D,D32,2.67414864942653,0.999963674687491,0.216630780335534,0.329113035548224,0.5,0.311529035136885,0.999138327594267,0.5,0.311529035136885,0.5,0.329113035548224,0.999138327594267,0.294884520668273,0.5,0.329113035548224,0.329113035548224,0.999129444946423,0.247780838499955,0.752219161500045,0.329113035548224,0.999129444946423,0.120190149784588,0.369976555764218,-0.329113035548224,-0.0175840004113396,-0.000870555053576805,4.45271127620897e-06,CBCbothPairsAsymRW,CBCdriftDiffusionLR,0.5,0.958273388501419,0.0534284531818947,0.341773928903551,0.00511479573625395,0.969650126169126,0.481060857448226,2.20889538735697,0.5,73.1109930815103
CBC_1002,CBC_1002_MSI_TV_v3_Vset6_Tset1_2023-05-31_17h12.40.954.csv,3,15,0,3,b,1,0,0,tac,A,9,1,0A,3A,1,0,b,1.61212570000134,1,0,1,1,0A,3A,A03,3.40119738166216,0.999963674687491,0.216630780335534,0.329113035548224,0.5,0.311529035136885,0.999138327594267,0.5,0.311529035136885,0.5,0.329113035548224,0.999138327594267,0.294884520668273,0.5,0.329113035548224,0.311529035136885,0.999133897657699,0.666658594179508,0.333341405820492,0.999963674687491,0.5,0.391138190900554,0.587224346603702,3.63253125087448e-05,3.48095803061279e-05,0.5,-0.170886964451776,CBCbothPairsAsymRW,CBCdriftDiffusionLR,0.5,0.958273388501419,0.0534284531818947,0.341773928903551,0.00511479573625395,0.969650126169126,0.481060857448226,2.20889538735697,0.5,73.1109930815103
CBC_1002,CBC_1002_MSI_TV_v3_Vset6_Tset1_2023-05-31_17h12.40.954.csv,3,16,0,1,z,0,1,1,tac,B,63,0,0B,1B,1,0,z,1.50462030000017,0,1,1,0,1B,0B,B01,2.7408400239252,0.999998484267797,0.216630780335534,0.329113035548224,0.329113035548224,0.311529035136885,0.999138327594267,0.5,0.311529035136885,0.5,0.329113035548224,0.999138327594267,0.294884520668273,0.5,0.329113035548224,0.311529035136885,0.999133897657699,0.762312663002667,0.237687336997333,0.999138327594267,0.311529035136885,0.467426369070219,0.635582814466554,-0.999138327594267,-0.0533824153581069,-0.688470964863115,0.00352138835561651,CBCbothPairsAsymRW,CBCdriftDiffusionLR,0.5,0.958273388501419,0.0534284531818947,0.341773928903551,0.00511479573625395,0.969650126169126,0.481060857448226,2.20889538735697,0.5,73.1109930815103
CBC_1002,CBC_1002_MSI_TV_v3_Vset6_Tset1_2023-05-31_17h12.40.954.csv,3,17,2,3,z,0,1,2,tac,D,63,1,2D,3D,0,1,b,2.36206190000121,1,0,0,0,2D,3D,D23,3.46573590279973,0.999998484267797,0.216630780335534,0.329113035548224,0.329113035548224,0.315050423492501,0.94575591223616,0.5,0.311529035136885,0.5,0.329113035548224,0.999138327594267,0.294884520668273,0.5,0.329113035548224,0.311529035136885,0.999133897657699,0.237688140361645,0.762311859638355,0.311529035136885,0.999133897657699,0.114262604997472,0.364973810838377,-0.311529035136885,-0.0166445144686119,-0.000866102342300556,4.42993656755845e-06,CBCbothPairsAsymRW,CBCdriftDiffusionLR,0.5,0.958273388501419,0.0534284531818947,0.341773928903551,0.00511479573625395,0.969650126169126,0.481060857448226,2.20889538735697,0.5,73.1109930815103
CBC_1002,CBC_1002_MSI_TV_v3_Vset6_Tset1_2023-05-31_17h12.40.954.csv,3,18,0,2,z,0,1,3,tac,C,27,1,0C,2C,0,1,z,2.35732000000098,0,1,1,1,2C,0C,C02,3.49650756146648,0.999998484267797,0.216630780335534,0.329113035548224,0.329113035548224,0.315050423492501,0.94575591223616,0.5,0.311529035136885,0.5,0.329113035548224,0.999138327594267,0.294884520668273,0.5,0.329113035548224,0.294884520668273,0.999138327594267,0.666475073849675,0.333524926150325,0.999138327594267,0.5,0.185740221589404,0.588308205507435,0.000861672405732983,0.000825717736019915,0.5,-0.170886964451776,CBCbothPairsAsymRW,CBCdriftDiffusionLR,0.5,0.958273388501419,0.0534284531818947,0.341773928903551,0.00511479573625395,0.969650126169126,0.481060857448226,2.20889538735697,0.5,73.1109930815103
CBC_1002,CBC_1002_MSI_TV_v3_Vset6_Tset1_2023-05-31_17h12.40.954.csv,3,19,0,1,b,1,0,0,tac,A,63,1,0A,1A,1,0,b,1.85151530000076,1,0,1,1,0A,1A,A01,2.83321334405622,0.999998484267797,0.216630780335534,0.329113035548224,0.329113035548224,0.315050423492501,0.94575591223616,0.5,0.311529035136885,0.329113035548224,0.329113035548224,0.999964045330287,0.294884520668273,0.5,0.329113035548224,0.294884520668273,0.999138327594267,0.82194183007248,0.17805816992752,0.999998484267797,0.216630780335534,0.355113184522929,0.66434666022024,1.51573220263934e-06,1.45248583388392e-06,0.216630780335534,-0.0740387529167175,CBCbothPairsAsymRW,CBCdriftDiffusionLR,0.5,0.958273388501419,0.0534284531818947,0.341773928903551,0.00511479573625395,0.969650126169126,0.481060857448226,2.20889538735697,0.5,73.1109930815103
CBC_1002,CBC_1002_MSI_TV_v3_Vset6_Tset1_2023-05-31_17h12.40.954.csv,3,20,1,0,b,1,0,1,tac,B,63,1,1B,0B,1,0,b,2.55164630000036,1,0,1,1,1B,0B,B10,2.86220088092947,0.999999936753631,0.142592027418816,0.329113035548224,0.329113035548224,0.315050423492501,0.94575591223616,0.5,0.311529035136885,0.329113035548224,0.329113035548224,0.999964045330287,0.294884520668273,0.5,0.329113035548224,0.294884520668273,0.999138327594267,0.750119891878222,0.249880108121779,0.94575591223616,0.315050423492501,0.161954580383737,0.629753685292473,0.0542440877638398,0.0519806657876231,0.315050423492501,-0.10767602103976,CBCbothPairsAsymRW,CBCdriftDiffusionLR,0.5,0.958273388501419,0.0534284531818947,0.341773928903551,0.00511479573625395,0.969650126169126,0.481060857448226,2.20889538735697,0.5,73.1109930815103
CBC_1002,CBC_1002_MSI_TV_v3_Vset6_Tset1_2023-05-31_17h12.40.954.csv,3,21,1,3,z,0,1,2,tac,D,27,1,1D,3D,0,1,z,1.79573119999986,0,1,1,1,3D,1D,D13,3.58351893845611,0.999999936753631,0.142592027418816,0.329113035548224,0.329113035548224,0.207374402452741,0.997736578023783,0.5,0.311529035136885,0.329113035548224,0.329113035548224,0.999964045330287,0.294884520668273,0.5,0.329113035548224,0.294884520668273,0.999138327594267,0.752220818528219,0.247779181471781,0.999138327594267,0.329113035548224,0.354840880618198,0.630734153951057,0.000861672405732983,0.000825717736019915,0.329113035548224,-0.112482255212691,CBCbothPairsAsymRW,CBCdriftDiffusionLR,0.5,0.958273388501419,0.0534284531818947,0.341773928903551,0.00511479573625395,0.969650126169126,0.481060857448226,2.20889538735697,0.5,73.1109930815103
CBC_1002,CBC_1002_MSI_TV_v3_Vset6_Tset1_2023-05-31_17h12.40.954.csv,3,22,3,2,z,0,1,3,tac,C,63,1,3C,2C,0,1,z,1.88011060000099,0,1,1,1,2C,3C,C32,2.51230562397611,0.999999936753631,0.142592027418816,0.329113035548224,0.329113035548224,0.207374402452741,0.997736578023783,0.5,0.311529035136885,0.329113035548224,0.329113035548224,0.999964045330287,0.294884520668273,0.5,0.216630780335534,0.294884520668273,0.999964045330287,0.77226331448198,0.22773668551802,0.999964045330287,0.294884520668273,0.331500243987353,0.641211081886498,3.59546697130675e-05,3.44544031783905e-05,0.294884520668273,-0.100783841201636,CBCbothPairsAsymRW,CBCdriftDiffusionLR,0.5,0.958273388501419,0.0534284531818947,0.341773928903551,0.00511479573625395,0.969650126169126,0.481060857448226,2.20889538735697,0.5,73.1109930815103
CBC_1002,CBC_1002_MSI_TV_v3_Vset6_Tset1_2023-05-31_17h12.40.954.csv,3,23,0,1,b,1,0,0,tac,A,63,1,0A,1A,1,0,b,1.37910180000108,1,0,1,1,0A,1A,A01,2.53897387105828,0.999999936753631,0.142592027418816,0.329113035548224,0.329113035548224,0.207374402452741,0.997736578023783,0.5,0.311529035136885,0.329113035548224,0.329113035548224,0.999998499733465,0.194100679466637,0.5,0.216630780335534,0.294884520668273,0.999964045330287,0.875203019196715,0.124796980803285,0.999999936753631,0.142592027418816,0.549970150495157,0.689346581364462,6.32463688088336e-08,6.06073121488514e-08,0.142592027418816,-0.0487342374412517,CBCbothPairsAsymRW,CBCdriftDiffusionLR,0.5,0.958273388501419,0.0534284531818947,0.341773928903551,0.00511479573625395,0.969650126169126,0.481060857448226,2.20889538735697,0.5,73.1109930815103
CBC_1002,CBC_1002_MSI_TV_v3_Vset6_Tset1_2023-05-31_17h12.40.954.csv,3,24,2,3,z,0,1,2,tac,D,63,1,2D,3D,0,1,b,2.26263090000066,1,0,0,0,2D,3D,D23,2.9704144655697,0.999999997360943,0.0938577899775645,0.329113035548224,0.329113035548224,0.207374402452741,0.997736578023783,0.5,0.311529035136885,0.329113035548224,0.329113035548224,0.999998499733465,0.194100679466637,0.5,0.216630780335534,0.294884520668273,0.999964045330287,0.22773668551802,0.77226331448198,0.294884520668273,0.999964045330287,0.124814029870353,0.359529225322719,-0.294884520668273,-0.0157552238065903,-3.59546697130675e-05,1.83900791346817e-07,CBCbothPairsAsymRW,CBCdriftDiffusionLR,0.5,0.958273388501419,0.0534284531818947,0.341773928903551,0.00511479573625395,0.969650126169126,0.481060857448226,2.20889538735697,0.5,73.1109930815103
CBC_1002,CBC_1002_MSI_TV_v3_Vset6_Tset1_2023-05-31_17h12.40.954.csv,3,25,2,0,b,1,0,3,tac,C,27,1,2C,0C,1,0,z,1.88423610000245,0,1,0,0,0C,2C,C20,3.68887945411394,0.999999997360943,0.0938577899775645,0.329113035548224,0.329113035548224,0.207374402452741,0.997736578023783,0.5,0.311529035136885,0.329113035548224,0.329113035548224,0.999998499733465,0.194100679466637,0.5,0.216630780335534,0.279129296861683,0.999964229231078,0.24761882416322,0.75238117583678,0.329113035548224,0.999998499733465,0.189623396244752,0.368849616961021,-0.329113035548224,-0.0175840004113396,-1.50026653467084e-06,7.67355687477888e-09,CBCbothPairsAsymRW,CBCdriftDiffusionLR,0.5,0.958273388501419,0.0534284531818947,0.341773928903551,0.00511479573625395,0.969650126169126,0.481060857448226,2.20889538735697,0.5,73.1109930815103
CBC_1002,CBC_1002_MSI_TV_v3_Vset6_Tset1_2023-05-31_17h12.40.954.csv,3,26,0,1,b,1,0,0,tac,A,63,1,0A,1A,1,0,b,1.1272893000023,1,0,1,1,0A,1A,A01,2.32727770558442,0.999999997360943,0.0938577899775645,0.329113035548224,0.329113035548224,0.207374402452741,0.997736578023783,0.5,0.311529035136885,0.311529035136885,0.329113035548224,0.999998507407022,0.194100679466637,0.5,0.216630780335534,0.279129296861683,0.999964229231078,0.914195619335552,0.0858043806644484,0.999999997360943,0.0938577899775645,0.225515372215333,0.707060881243579,2.63905663988595e-09,2.52893774875068e-09,0.0938577899775646,-0.0320781456388366,CBCbothPairsAsymRW,CBCdriftDiffusionLR,0.5,0.958273388501419,0.0534284531818947,0.341773928903551,0.00511479573625395,0.969650126169126,0.481060857448226,2.20889538735697,0.5,73.1109930815103
CBC_1002,CBC_1002_MSI_TV_v3_Vset6_Tset1_2023-05-31_17h12.40.954.csv,3,27,1,3,b,1,0,1,tac,B,27,1,1B,3B,1,0,b,2.3433580000019,1,0,1,1,1B,3B,B13,3.04452243772342,0.999999999889881,0.0617796443387279,0.329113035548224,0.329113035548224,0.207374402452741,0.997736578023783,0.5,0.311529035136885,0.311529035136885,0.329113035548224,0.999998507407022,0.194100679466637,0.5,0.216630780335534,0.279129296861683,0.999964229231078,0.762058185897948,0.237941814102052,0.997736578023783,0.311529035136885,0.203169262857545,0.636511286469284,0.00226342197621665,0.00216897704675771,0.311529035136885,-0.106472502306266,CBCbothPairsAsymRW,CBCdriftDiffusionLR,0.5,0.958273388501419,0.0534284531818947,0.341773928903551,0.00511479573625395,0.969650126169126,0.481060857448226,2.20889538735697,0.5,73.1109930815103
CBC_1002,CBC_1002_MSI_TV_v3_Vset6_Tset1_2023-05-31_17h12.40.954.csv,3,28,3,2,z,0,1,3,tac,C,63,1,3C,2C,0,1,b,2.44878150000113,1,0,0,0,3C,2C,C32,2.37490575457367,0.999999999889881,0.0617796443387279,0.329113035548224,0.329113035548224,0.207374402452741,0.999905555070541,0.5,0.205056532830619,0.311529035136885,0.329113035548224,0.999998507407022,0.194100679466637,0.5,0.216630780335534,0.279129296861683,0.999964229231078,0.162549879943243,0.837450120056757,0.194100679466637,0.999998507407022,0.0933272873745007,0.328372410066597,-0.194100679466637,-0.0103704990654572,-1.49259297776982e-06,7.63430819865969e-09,CBCbothPairsAsymRW,CBCdriftDiffusionLR,0.5,0.958273388501419,0.0534284531818947,0.341773928903551,0.00511479573625395,0.969650126169126,0.481060857448226,2.20889538735697,0.5,73.1109930815103
CBC_1002,CBC_1002_MSI_TV_v3_Vset6_Tset1_2023-05-31_17h12.40.954.csv,3,29,3,2,b,1,0,2,tac,D,63,1,3D,2D,1,0,z,2.64577470000222,0,1,0,0,2D,3D,D32,2.68557734525015,0.999999999889881,0.0617796443387279,0.329113035548224,0.329113035548224,0.207374402452741,0.999905555070541,0.5,0.205056532830619,0.311529035136885,0.329113035548224,0.99999851504133,0.18373018040118,0.5,0.216630780335534,0.279129296861683,0.999964229231078,0.218224305860055,0.781775694139945,0.279129296861683,0.999964229231078,0.0822959198293931,0.354304257052378,-0.279129296861683,-0.0149134465690696,-3.57707689216946e-05,1.82960176363209e-07,CBCbothPairsAsymRW,CBCdriftDiffusionLR,0.5,0.958273388501419,0.0534284531818947,0.341773928903551,0.00511479573625395,0.969650126169126,0.481060857448226,2.20889538735697,0.5,73.1109930815103
CBC_1002,CBC_1002_MSI_TV_v3_Vset6_Tset1_2023-05-31_17h12.40.954.csv,3,30,0,1,z,0,1,1,tac,B,63,1,0B,1B,0,1,b,1.51071720000073,1,0,0,0,0B,1B,B01,2.70805020110221,0.999999999889881,0.0617796443387279,0.329113035548224,0.329113035548224,0.207374402452741,0.999905555070541,0.5,0.205056532830619,0.311529035136885,0.329113035548224,0.99999851504133,0.18373018040118,0.5,0.216630780335534,0.264215850292613,0.999964412191255,0.171769937171961,0.828230062828039,0.207374402452741,0.999905555070541,0.246016128106336,0.332069714447973,-0.207374402452741,-0.0110796935525697,-9.44449294589811e-05,4.83066522507602e-07,CBCbothPairsAsymRW,CBCdriftDiffusionLR,0.5,0.958273388501419,0.0534284531818947,0.341773928903551,0.00511479573625395,0.969650126169126,0.481060857448226,2.20889538735697,0.5,73.1109930815103
CBC_1002,CBC_1002_MSI_TV_v3_Vset6_Tset1_2023-05-31_17h12.40.954.csv,3,31,2,0,z,0,1,0,tac,A,27,1,2A,0A,0,1,b,1.17759560000195,1,0,0,0,2A,0A,A20,3.13549421592915,0.999999999889881,0.0617796443387279,0.329113035548224,0.329113035548224,0.196294708900172,0.999906038137064,0.5,0.205056532830619,0.311529035136885,0.329113035548224,0.99999851504133,0.18373018040118,0.5,0.216630780335534,0.264215850292613,0.999964412191255,0.247618544678362,0.752381455321638,0.329113035548224,0.999999999889881,0.188164196315869,0.369362500281976,-0.329113035548224,-0.0175840004113396,-1.10118913987378e-10,5.63235751743557e-13,CBCbothPairsAsymRW,CBCdriftDiffusionLR,0.5,0.958273388501419,0.0534284531818947,0.341773928903551,0.00511479573625395,0.969650126169126,0.481060857448226,2.20889538735697,0.5,73.1109930815103
CBC_1002,CBC_1002_MSI_TV_v3_Vset6_Tset1_2023-05-31_17h12.40.954.csv,3,32,3,0,b,1,0,2,tac,D,9,1,3D,0D,1,0,b,1.90783259999989,1,0,1,1,3D,0D,D30,3.85014760171006,0.999999999890444,0.0617796443387279,0.311529035136885,0.329113035548224,0.196294708900172,0.999906038137064,0.5,0.205056532830619,0.311529035136885,0.329113035548224,0.99999851504133,0.18373018040118,0.5,0.216630780335534,0.264215850292613,0.999964412191255,0.66665875807709,0.33334124192291,0.999964412191255,0.5,0.293954676617865,0.588350432819083,3.55878087453521e-05,3.41028500757489e-05,0.5,-0.170886964451776,CBCbothPairsAsymRW,CBCdriftDiffusionLR,0.5,0.958273388501419,0.0534284531818947,0.341773928903551,0.00511479573625395,0.969650126169126,0.481060857448226,2.20889538735697,0.5,73.1109930815103
CBC_1002,CBC_1002_MSI_TV_v3_Vset6_Tset1_2023-05-31_17h12.40.954.csv,3,33,3,2,z,0,1,3,tac,C,63,1,3C,2C,0,1,z,2.25321580000127,0,1,1,1,2C,3C,C32,2.26176309847379,0.999999999890444,0.0617796443387279,0.311529035136885,0.329113035548224,0.196294708900172,0.999906038137064,0.5,0.205056532830619,0.311529035136885,0.329113035548224,0.99999851504133,0.18373018040118,0.329113035548224,0.216630780335534,0.264215850292613,0.99999851504133,0.844786916876678,0.155213083123322,0.99999851504133,0.18373018040118,0.236184438719127,0.675153092419352,1.4849586695842e-06,1.42299637608701e-06,0.18373018040118,-0.0627941856138694,CBCbothPairsAsymRW,CBCdriftDiffusionLR,0.5,0.958273388501419,0.0534284531818947,0.341773928903551,0.00511479573625395,0.969650126169126,0.481060857448226,2.20889538735697,0.5,73.1109930815103
CBC_1002,CBC_1002_MSI_TV_v3_Vset6_Tset1_2023-05-31_17h12.40.954.csv,3,34,0,1,z,0,1,1,tac,B,63,1,0B,1B,0,1,z,1.97455180000179,0,1,1,1,1B,0B,B01,2.50552593699074,0.999999999890444,0.0617796443387279,0.311529035136885,0.329113035548224,0.196294708900172,0.999906038137064,0.5,0.205056532830619,0.311529035136885,0.329113035548224,0.999999938037706,0.12093599478731,0.329113035548224,0.216630780335534,0.264215850292613,0.99999851504133,0.835901532927181,0.164098467072819,0.999906038137064,0.196294708900172,0.315647955941743,0.6711955678619,9.39618629364203e-05,9.00411527859893e-05,0.196294708900172,-0.0670884138837906,CBCbothPairsAsymRW,CBCdriftDiffusionLR,0.5,0.958273388501419,0.0534284531818947,0.341773928903551,0.00511479573625395,0.969650126169126,0.481060857448226,2.20889538735697,0.5,73.1109930815103
CBC_1002,CBC_1002_MSI_TV_v3_Vset6_Tset1_2023-05-31_17h12.40.954.csv,3,35,0,1,b,1,0,0,tac,A,63,0,0A,1A,0,1,b,1.16207510000095,1,0,1,0,0A,1A,A01,2.30258509299405,0.999999999890444,0.0617796443387279,0.311529035136885,0.329113035548224,0.129206295016381,0.99999607928985,0.5,0.205056532830619,0.311529035136885,0.329113035548224,0.999999938037706,0.12093599478731,0.329113035548224,0.216630780335534,0.264215850292613,0.99999851504133,0.941815004012835,0.0581849959871651,0.999999999890444,0.0617796443387279,0.344870021594242,0.719062499064172,-0.999999999890444,-0.0534284531760413,-0.938220355661272,0.00479880547480294,CBCbothPairsAsymRW,CBCdriftDiffusionLR,0.5,0.958273388501419,0.0534284531818947,0.341773928903551,0.00511479573625395,0.969650126169126,0.481060857448226,2.20889538735697,0.5,73.1109930815103
CBC_1002,CBC_1002_MSI_TV_v3_Vset6_Tset1_2023-05-31_17h12.40.954.csv,3,36,2,3,z,0,1,2,tac,D,63,1,2D,3D,0,1,b,2.29646160000084,1,0,0,0,2D,3D,D23,2.83321334405622,0.946571546714403,0.0665784498135309,0.311529035136885,0.329113035548224,0.129206295016381,0.99999607928985,0.5,0.205056532830619,0.311529035136885,0.329113035548224,0.999999938037706,0.12093599478731,0.329113035548224,0.216630780335534,0.264215850292613,0.99999851504133,0.2089960828936,0.7910039171064,0.264215850292613,0.99999851504133,0.117049273015115,0.349561003230559,-0.264215850292613,-0.0141166441872734,-1.4849586695842e-06,7.59526027170262e-09,CBCbothPairsAsymRW,CBCdriftDiffusionLR,0.5,0.958273388501419,0.0534284531818947,0.341773928903551,0.00511479573625395,0.969650126169126,0.481060857448226,2.20889538735697,0.5,73.1109930815103
CBC_1002,CBC_1002_MSI_TV_v3_Vset6_Tset1_2023-05-31_17h12.40.954.csv,3,37,1,2,b,1,0,1,tac,B,9,1,1B,2B,1,0,z,2.23231690000102,0,1,0,0,2B,1B,B12,3.95124371858143,0.946571546714403,0.0665784498135309,0.311529035136885,0.329113035548224,0.129206295016381,0.99999607928985,0.5,0.205056532830619,0.311529035136885,0.329113035548224,0.999999938037706,0.12093599478731,0.329113035548224,0.216630780335534,0.25009920610534,0.999998522636591,0.333334204604533,0.666665795395467,0.5,0.99999607928985,0.147594478455355,0.411326339946069,-0.5,-0.0267142265909474,-3.92071015042905e-06,2.00536315605021e-08,CBCbothPairsAsymRW,CBCdriftDiffusionLR,0.5,0.958273388501419,0.0534284531818947,0.341773928903551,0.00511479573625395,0.969650126169126,0.481060857448226,2.20889538735697,0.5,73.1109930815103
CBC_1002,CBC_1002_MSI_TV_v3_Vset6_Tset1_2023-05-31_17h12.40.954.csv,3,38,2,0,z,0,1,0,tac,A,27,1,2A,0A,0,1,z,1.34100040000158,0,1,1,1,0A,2A,A20,2.87167962488401,0.946571546714403,0.0665784498135309,0.311529035136885,0.329113035548224,0.129206295016381,0.999996099343481,0.473285773409053,0.205056532830619,0.311529035136885,0.329113035548224,0.999999938037706,0.12093599478731,0.329113035548224,0.216630780335534,0.25009920610534,0.999998522636591,0.752381455321743,0.247618544678257,0.946571546714403,0.311529035136885,0.486644903259311,0.630266746876398,0.053428453285597,0.0511990649723788,0.311529035136885,-0.106472502306266,CBCbothPairsAsymRW,CBCdriftDiffusionLR,0.5,0.958273388501419,0.0534284531818947,0.341773928903551,0.00511479573625395,0.969650126169126,0.481060857448226,2.20889538735697,0.5,73.1109930815103
CBC_1002,CBC_1002_MSI_TV_v3_Vset6_Tset1_2023-05-31_17h12.40.954.csv,3,39,2,3,b,1,0,3,tac,C,63,1,2C,3C,1,0,z,1.86477949999971,0,1,0,0,3C,2C,C23,3.29583686600433,0.997770611686782,0.0665784498135309,0.205056532830619,0.329113035548224,0.129206295016381,0.999996099343481,0.473285773409053,0.205056532830619,0.311529035136885,0.329113035548224,0.999999938037706,0.12093599478731,0.329113035548224,0.216630780335534,0.25009920610534,0.999998522636591,0.107888409360314,0.892111590639686,0.12093599478731,0.999999938037706,0.160326527098467,0.30215086556967,-0.12093599478731,-0.00646142313549967,-6.19622935182917e-08,3.16924474695874e-10,CBCbothPairsAsymRW,CBCdriftDiffusionLR,0.5,0.958273388501419,0.0534284531818947,0.341773928903551,0.00511479573625395,0.969650126169126,0.481060857448226,2.20889538735697,0.5,73.1109930815103
CBC_1002,CBC_1002_MSI_TV_v3_Vset6_Tset1_2023-05-31_17h12.40.954.csv,3,40,1,3,z,0,1,2,tac,D,27,1,1D,3D,0,1,z,2.35802960000183,0,1,1,1,3D,1D,D13,3.31418600467253,0.997770611686782,0.0665784498135309,0.205056532830619,0.329113035548224,0.129206295016381,0.999996099343481,0.473285773409053,0.205056532830619,0.311529035136885,0.329113035548224,0.999999938354631,0.114474571651811,0.329113035548224,0.216630780335534,0.25009920610534,0.999998522636591,0.821941835687894,0.178058164312106,0.999998522636591,0.216630780335534,0.207949981556134,0.663608204747949,1.47736340927462e-06,1.4157180402536e-06,0.216630780335534,-0.0740387529167175,CBCbothPairsAsymRW,CBCdriftDiffusionLR,0.5,0.958273388501419,0.0534284531818947,0.341773928903551,0.00511479573625395,0.969650126169126,0.481060857448226,2.20889538735697,0.5,73.1109930815103
CBC_1002,CBC_1002_MSI_TV_v3_Vset6_Tset1_2023-05-31_17h12.40.954.csv,3,41,0,1,b,1,0,0,tac,A,63,1,0A,1A,1,0,b,1.15649170000142,1,0,1,1,0A,1A,A01,2.23359222150709,0.997770611686782,0.0665784498135309,0.205056532830619,0.329113035548224,0.129206295016381,0.999996099343481,0.473285773409053,0.205056532830619,0.311529035136885,0.329113035548224,0.999999938354631,0.114474571651811,0.329113035548224,0.142592027418816,0.25009920610534,0.999999938354631,0.937446790510924,0.0625532094890764,0.997770611686782,0.0665784498135309,0.325719681894552,0.715968517793964,0.00222938831321817,0.00213636349319304,0.0665784498135309,-0.0227547783730784,CBCbothPairsAsymRW,CBCdriftDiffusionLR,0.5,0.958273388501419,0.0534284531818947,0.341773928903551,0.00511479573625395,0.969650126169126,0.481060857448226,2.20889538735697,0.5,73.1109930815103
CBC_1002,CBC_1002_MSI_TV_v3_Vset6_Tset1_2023-05-31_17h12.40.954.csv,3,42,0,2,z,0,1,3,tac,C,27,1,0C,2C,0,1,z,1.51424440000119,0,1,1,1,2C,0C,C02,3.3499040872746,0.999906975179975,0.0438236714404525,0.205056532830619,0.329113035548224,0.129206295016381,0.999996099343481,0.473285773409053,0.205056532830619,0.311529035136885,0.329113035548224,0.999999938354631,0.114474571651811,0.329113035548224,0.142592027418816,0.25009920610534,0.999999938354631,0.762468812025143,0.237531187974857,0.999999938354631,0.311529035136885,0.464676154013825,0.636143029341433,6.16453690316376e-08,5.90731166673678e-08,0.311529035136885,-0.106472502306266,CBCbothPairsAsymRW,CBCdriftDiffusionLR,0.5,0.958273388501419,0.0534284531818947,0.341773928903551,0.00511479573625395,0.969650126169126,0.481060857448226,2.20889538735697,0.5,73.1109930815103
CBC_1002,CBC_1002_MSI_TV_v3_Vset6_Tset1_2023-05-31_17h12.40.954.csv,3,43,3,2,b,1,0,2,tac,D,63,1,3D,2D,1,0,z,2.12938000000031,0,1,0,0,2D,3D,D32,2.67414864942653,0.999906975179975,0.0438236714404525,0.205056532830619,0.329113035548224,0.129206295016381,0.999996099343481,0.473285773409053,0.205056532830619,0.205056532830619,0.329113035548224,0.999999997427748,0.114474571651811,0.329113035548224,0.142592027418816,0.25009920610534,0.999999938354631,0.200063496734397,0.799936503265603,0.25009920610534,0.999999938354631,0.137698035626371,0.34505081622895,-0.25009920610534,-0.0133624137242282,-6.16453690316376e-08,3.15303470682822e-10,CBCbothPairsAsymRW,CBCdriftDiffusionLR,0.5,0.958273388501419,0.0534284531818947,0.341773928903551,0.00511479573625395,0.969650126169126,0.481060857448226,2.20889538735697,0.5,73.1109930815103
CBC_1002,CBC_1002_MSI_TV_v3_Vset6_Tset1_2023-05-31_17h12.40.954.csv,3,44,1,0,b,1,0,1,tac,B,63,1,1B,0B,1,0,b,2.59006109999973,1,0,1,1,1B,0B,B10,2.97892515523761,0.999906975179975,0.0438236714404525,0.205056532830619,0.329113035548224,0.129206295016381,0.999996099343481,0.473285773409053,0.205056532830619,0.205056532830619,0.329113035548224,0.999999997427748,0.114474571651811,0.329113035548224,0.142592027418816,0.236736792381112,0.999999938669934,0.88557738128989,0.114422618710109,0.999996099343481,0.129206295016381,0.168489919755863,0.694148708525919,3.90065651889593e-06,3.73789533974255e-06,0.129206295016381,-0.0441593430868199,CBCbothPairsAsymRW,CBCdriftDiffusionLR,0.5,0.958273388501419,0.0534284531818947,0.341773928903551,0.00511479573625395,0.969650126169126,0.481060857448226,2.20889538735697,0.5,73.1109930815103
CBC_1002,CBC_1002_MSI_AV_v3_Vset3_Aset1_2023-05-31_17h20.54.856.csv,4,1,1,0,b,1,0,1,aud,B,63,1,1B,0B,1,0,b,2.06224270000166,1,0,1,1,1B,0B,B10,2.77258872223978,0.5,0.5,0.5,0.5,0.5,0.5,0.5,0.5,0.5,0.5,0.5,0.5,0.5,0.5,0.5,0.5,0.5,0.5,0.5,0.5,0.165902747556238,0.499587808009179,0.5,0.478134842083221,0.5,-0.00131634473111514,CBCbothPairsAsymRW,CBCdriftDiffusionLR,0.5,0.956269684166442,0.0360949222626799,0.00263268946223028,0.0687939119325018,0.699243740428477,2.86299023381071,2.28821344612399,0.5,50.1040880800108
CBC_1002,CBC_1002_MSI_AV_v3_Vset3_Aset1_2023-05-31_17h20.54.856.csv,4,2,3,2,b,1,0,2,aud,D,63,1,3D,2D,1,0,z,2.26929200000268,0,1,0,0,2D,3D,D32,2.83321334405622,0.5,0.5,0.5,0.5,0.498683655268885,0.978134842083221,0.5,0.5,0.5,0.5,0.5,0.5,0.5,0.5,0.5,0.5,0.5,0.5,0.5,0.5,0.136530242918561,0.499690079706962,-0.5,-0.0180474611313399,-0.5,0.0343969559662509,CBCbothPairsAsymRW,CBCdriftDiffusionLR,0.5,0.956269684166442,0.0360949222626799,0.00263268946223028,0.0687939119325018,0.699243740428477,2.86299023381071,2.28821344612399,0.5,50.1040880800108
CBC_1002,CBC_1002_MSI_AV_v3_Vset3_Aset1_2023-05-31_17h20.54.856.csv,4,3,3,1,z,0,1,1,aud,B,27,1,3B,1B,0,1,z,2.39370660000168,0,1,1,1,1B,3B,B31,2.89037175789616,0.5,0.5,0.5,0.5,0.498683655268885,0.978134842083221,0.5,0.5,0.5,0.5,0.5,0.5,0.5,0.5,0.48195253886866,0.534396955966251,0.661735867550946,0.338264132449054,0.978134842083221,0.5,0.169567037594829,0.892535939169096,0.0218651579167792,0.0209089876553278,0.5,-0.00131634473111514,CBCbothPairsAsymRW,CBCdriftDiffusionLR,0.5,0.956269684166442,0.0360949222626799,0.00263268946223028,0.0687939119325018,0.699243740428477,2.86299023381071,2.28821344612399,0.5,50.1040880800108
CBC_1002,CBC_1002_MSI_AV_v3_Vset3_Aset1_2023-05-31_17h20.54.856.csv,4,4,2,3,b,1,0,3,aud,C,63,1,2C,3C,1,0,b,1.92940550000276,1,0,1,1,2C,3C,C23,2.94443897916644,0.5,0.5,0.5,0.5,0.498683655268885,0.999043829738549,0.5,0.498683655268885,0.5,0.5,0.5,0.5,0.5,0.5,0.48195253886866,0.534396955966251,0.5,0.5,0.5,0.5,0.187666792450503,0.49871241253248,0.5,0.478134842083221,0.5,-0.00131634473111514,CBCbothPairsAsymRW,CBCdriftDiffusionLR,0.5,0.956269684166442,0.0360949222626799,0.00263268946223028,0.0687939119325018,0.699243740428477,2.86299023381071,2.28821344612399,0.5,50.1040880800108
CBC_1002,CBC_1002_MSI_AV_v3_Vset3_Aset1_2023-05-31_17h20.54.856.csv,4,5,0,2,z,0,1,3,aud,C,27,1,0C,2C,0,1,z,1.5257414000007,0,1,1,1,2C,0C,C02,2.99573227355399,0.5,0.5,0.5,0.5,0.498683655268885,0.999043829738549,0.5,0.498683655268885,0.5,0.5,0.978134842083221,0.498683655268885,0.5,0.5,0.48195253886866,0.534396955966251,0.661735867550946,0.338264132449054,0.978134842083221,0.5,0.554379870373764,0.893128689128069,0.0218651579167792,0.0209089876553278,0.5,-0.00131634473111514,CBCbothPairsAsymRW,CBCdriftDiffusionLR,0.5,0.956269684166442,0.0360949222626799,0.00263268946223028,0.0687939119325018,0.699243740428477,2.86299023381071,2.28821344612399,0.5,50.1040880800108
CBC_1002,CBC_1002_MSI_AV_v3_Vset3_Aset1_2023-05-31_17h20.54.856.csv,4,6,0,3,b,1,0,0,aud,A,9,1,0A,3A,1,0,b,2.04926400000113,1,0,1,1,0A,3A,A03,3.04452243772342,0.5,0.5,0.5,0.5,0.498683655268885,0.999043829738549,0.5,0.498683655268885,0.498683655268885,0.5,0.999043829738549,0.498683655268885,0.5,0.5,0.48195253886866,0.534396955966251,0.5,0.5,0.5,0.5,0.167960349316615,0.499640015013455,0.5,0.478134842083221,0.5,-0.00131634473111514,CBCbothPairsAsymRW,CBCdriftDiffusionLR,0.5,0.956269684166442,0.0360949222626799,0.00263268946223028,0.0687939119325018,0.699243740428477,2.86299023381071,2.28821344612399,0.5,50.1040880800108
CBC_1002,CBC_1002_MSI_AV_v3_Vset3_Aset1_2023-05-31_17h20.54.856.csv,4,7,2,3,b,1,0,3,aud,C,63,1,2C,3C,1,0,b,1.7898509000006,1,0,1,1,2C,3C,C23,2.39789527279837,0.978134842083221,0.5,0.5,0.498683655268885,0.498683655268885,0.999043829738549,0.5,0.498683655268885,0.498683655268885,0.5,0.999043829738549,0.498683655268885,0.5,0.5,0.48195253886866,0.534396955966251,0.667039791777334,0.332960208222666,0.999043829738549,0.498683655268885,0.389020420107242,0.899098925992249,0.000956170261451339,0.000914356633927416,0.498683655268885,-0.00131287920421287,CBCbothPairsAsymRW,CBCdriftDiffusionLR,0.5,0.956269684166442,0.0360949222626799,0.00263268946223028,0.0687939119325018,0.699243740428477,2.86299023381071,2.28821344612399,0.5,50.1040880800108
CBC_1002,CBC_1002_MSI_AV_v3_Vset3_Aset1_2023-05-31_17h20.54.856.csv,4,8,1,0,z,0,1,0,aud,A,63,1,1A,0A,0,1,z,1.21237880000081,0,1,1,1,0A,1A,A10,3.13549421592915,0.978134842083221,0.5,0.5,0.498683655268885,0.498683655268885,0.999043829738549,0.5,0.498683655268885,0.498683655268885,0.5,0.999958186372476,0.497370776064672,0.5,0.5,0.48195253886866,0.534396955966251,0.661735867550946,0.338264132449054,0.978134842083221,0.5,0.802605668900834,0.892640211099793,0.0218651579167792,0.0209089876553278,0.5,-0.00131634473111514,CBCbothPairsAsymRW,CBCdriftDiffusionLR,0.5,0.956269684166442,0.0360949222626799,0.00263268946223028,0.0687939119325018,0.699243740428477,2.86299023381071,2.28821344612399,0.5,50.1040880800108
CBC_1002,CBC_1002_MSI_AV_v3_Vset3_Aset1_2023-05-31_17h20.54.856.csv,4,9,2,3,z,0,1,2,aud,D,63,1,2D,3D,0,1,z,1.64772040000025,0,1,1,1,3D,2D,D23,3.17805383034795,0.999043829738549,0.498683655268885,0.5,0.498683655268885,0.498683655268885,0.999043829738549,0.5,0.498683655268885,0.498683655268885,0.5,0.999958186372476,0.497370776064672,0.5,0.5,0.48195253886866,0.534396955966251,0.525800385282874,0.474199614717126,0.534396955966251,0.48195253886866,0.286685496836619,0.583192192984128,0.465603044033749,0.445242075865087,0.48195253886866,-0.00126883137037465,CBCbothPairsAsymRW,CBCdriftDiffusionLR,0.5,0.956269684166442,0.0360949222626799,0.00263268946223028,0.0687939119325018,0.699243740428477,2.86299023381071,2.28821344612399,0.5,50.1040880800108
CBC_1002,CBC_1002_MSI_AV_v3_Vset3_Aset1_2023-05-31_17h20.54.856.csv,4,10,3,2,z,0,1,3,aud,C,63,1,3C,2C,0,1,z,1.52079180000146,0,1,1,1,2C,3C,C32,3.2188758248682,0.999043829738549,0.498683655268885,0.5,0.498683655268885,0.498683655268885,0.999043829738549,0.5,0.498683655268885,0.498683655268885,0.5,0.999958186372476,0.497370776064672,0.5,0.5,0.480683707498285,0.979639031831338,0.667827986673603,0.332172013326397,0.999958186372476,0.497370776064672,0.564487177933882,0.899745131781602,4.18136275238679e-05,3.99851043861023e-05,0.497370776064672,-0.00130942280096676,CBCbothPairsAsymRW,CBCdriftDiffusionLR,0.5,0.956269684166442,0.0360949222626799,0.00263268946223028,0.0687939119325018,0.699243740428477,2.86299023381071,2.28821344612399,0.5,50.1040880800108
CBC_1002,CBC_1002_MSI_AV_v3_Vset3_Aset1_2023-05-31_17h20.54.856.csv,4,11,3,1,b,1,0,2,aud,D,27,1,3D,1D,1,0,b,2.84143030000087,1,0,1,1,3D,1D,D31,3.25809653802148,0.999043829738549,0.498683655268885,0.5,0.498683655268885,0.498683655268885,0.999043829738549,0.5,0.498683655268885,0.498683655268885,0.5,0.999998171476862,0.496061353263705,0.5,0.5,0.480683707498285,0.979639031831338,0.662079744286582,0.337920255713418,0.979639031831338,0.5,0.091585760020976,0.893162716992271,0.0203609681686621,0.0194705765999694,0.5,-0.00131634473111514,CBCbothPairsAsymRW,CBCdriftDiffusionLR,0.5,0.956269684166442,0.0360949222626799,0.00263268946223028,0.0687939119325018,0.699243740428477,2.86299023381071,2.28821344612399,0.5,50.1040880800108
CBC_1002,CBC_1002_MSI_AV_v3_Vset3_Aset1_2023-05-31_17h20.54.856.csv,4,12,0,1,b,1,0,0,aud,A,63,0,0A,1A,0,1,b,0.966707800002041,1,0,1,0,0A,1A,A01,3.29583686600433,0.999043829738549,0.498683655268885,0.5,0.498683655268885,0.498683655268885,0.999043829738549,0.5,0.498683655268885,0.498683655268885,0.5,0.999998171476862,0.496061353263705,0.5,0.498683655268885,0.480683707498285,0.999109608431307,0.667039791777334,0.332960208222666,0.999043829738549,0.498683655268885,0.755782336732866,0.899505606177103,-0.999043829738549,-0.0360604093714229,-0.501316344731115,0.0344875124697561,CBCbothPairsAsymRW,CBCdriftDiffusionLR,0.5,0.956269684166442,0.0360949222626799,0.00263268946223028,0.0687939119325018,0.699243740428477,2.86299023381071,2.28821344612399,0.5,50.1040880800108
CBC_1002,CBC_1002_MSI_AV_v3_Vset3_Aset1_2023-05-31_17h20.54.856.csv,4,13,3,2,z,0,1,3,aud,C,63,1,3C,2C,0,1,z,1.46798470000067,0,1,1,1,2C,3C,C32,2.63905732961526,0.962983420367126,0.533171167738641,0.5,0.498683655268885,0.498683655268885,0.999043829738549,0.5,0.498683655268885,0.498683655268885,0.5,0.999998171476862,0.496061353263705,0.5,0.498683655268885,0.480683707498285,0.999109608431307,0.668421379590677,0.331578620409323,0.999998171476862,0.496061353263705,0.607296098715665,0.900791886465244,1.82852313779236e-06,1.74856124346773e-06,0.496061353263705,-0.00130597549735705,CBCbothPairsAsymRW,CBCdriftDiffusionLR,0.5,0.956269684166442,0.0360949222626799,0.00263268946223028,0.0687939119325018,0.699243740428477,2.86299023381071,2.28821344612399,0.5,50.1040880800108
CBC_1002,CBC_1002_MSI_AV_v3_Vset3_Aset1_2023-05-31_17h20.54.856.csv,4,14,2,0,z,0,1,0,aud,A,27,1,2A,0A,0,1,z,1.39500660000158,0,1,1,1,0A,2A,A20,3.36729582998647,0.962983420367126,0.533171167738641,0.5,0.498683655268885,0.498683655268885,0.999043829738549,0.5,0.498683655268885,0.498683655268885,0.5,0.999999920038106,0.494755377766348,0.5,0.498683655268885,0.480683707498285,0.999109608431307,0.658232627219707,0.341767372780293,0.962983420367126,0.5,0.649053567783023,0.887929883637954,0.0370165796328742,0.0353978329144505,0.5,-0.00131634473111514,CBCbothPairsAsymRW,CBCdriftDiffusionLR,0.5,0.956269684166442,0.0360949222626799,0.00263268946223028,0.0687939119325018,0.699243740428477,2.86299023381071,2.28821344612399,0.5,50.1040880800108
CBC_1002,CBC_1002_MSI_AV_v3_Vset3_Aset1_2023-05-31_17h20.54.856.csv,4,15,1,0,b,1,0,1,aud,B,63,1,1B,0B,1,0,b,1.74498110000059,1,0,1,1,1B,0B,B10,2.70805020110221,0.998381253281576,0.533171167738641,0.498683655268885,0.498683655268885,0.498683655268885,0.999043829738549,0.5,0.498683655268885,0.498683655268885,0.5,0.999999920038106,0.494755377766348,0.5,0.498683655268885,0.480683707498285,0.999109608431307,0.667039791777334,0.332960208222666,0.999043829738549,0.498683655268885,0.414189040756051,0.899426344854724,0.000956170261451339,0.000914356633927416,0.498683655268885,-0.00131287920421287,CBCbothPairsAsymRW,CBCdriftDiffusionLR,0.5,0.956269684166442,0.0360949222626799,0.00263268946223028,0.0687939119325018,0.699243740428477,2.86299023381071,2.28821344612399,0.5,50.1040880800108
CBC_1002,CBC_1002_MSI_AV_v3_Vset3_Aset1_2023-05-31_17h20.54.856.csv,4,16,2,3,z,0,1,2,aud,D,63,1,2D,3D,0,1,z,1.77753130000201,0,1,1,1,3D,2D,D23,2.7408400239252,0.998381253281576,0.533171167738641,0.498683655268885,0.498683655268885,0.497370776064672,0.999958186372476,0.5,0.498683655268885,0.498683655268885,0.5,0.999999920038106,0.494755377766348,0.5,0.498683655268885,0.480683707498285,0.999109608431307,0.675168347955184,0.324831652044816,0.999109608431307,0.480683707498285,0.397399719962257,0.908479628930879,0.000890391568692639,0.000851454464178172,0.480683707498285,-0.00126549093139652,CBCbothPairsAsymRW,CBCdriftDiffusionLR,0.5,0.956269684166442,0.0360949222626799,0.00263268946223028,0.0687939119325018,0.699243740428477,2.86299023381071,2.28821344612399,0.5,50.1040880800108
CBC_1002,CBC_1002_MSI_AV_v3_Vset3_Aset1_2023-05-31_17h20.54.856.csv,4,17,2,1,z,0,1,1,aud,B,9,1,2B,1B,0,1,z,0.965315300001748,0,1,1,1,1B,2B,B21,3.46573590279973,0.998381253281576,0.533171167738641,0.498683655268885,0.498683655268885,0.497370776064672,0.999958186372476,0.5,0.498683655268885,0.498683655268885,0.5,0.999999920038106,0.494755377766348,0.5,0.498683655268885,0.479418216566889,0.999961062895486,0.666657374490413,0.333342625509587,0.999958186372476,0.5,0.749685126599722,0.898627679980906,4.18136275238679e-05,3.99851043861023e-05,0.5,-0.00131634473111514,CBCbothPairsAsymRW,CBCdriftDiffusionLR,0.5,0.956269684166442,0.0360949222626799,0.00263268946223028,0.0687939119325018,0.699243740428477,2.86299023381071,2.28821344612399,0.5,50.1040880800108
CBC_1002,CBC_1002_MSI_AV_v3_Vset3_Aset1_2023-05-31_17h20.54.856.csv,4,18,3,1,b,1,0,2,aud,D,27,1,3D,1D,1,0,b,1.39662040000076,1,0,1,1,3D,1D,D31,2.80336038090653,0.998381253281576,0.533171167738641,0.498683655268885,0.498683655268885,0.497370776064672,0.999998171476862,0.498683655268885,0.498683655268885,0.498683655268885,0.5,0.999999920038106,0.494755377766348,0.5,0.498683655268885,0.479418216566889,0.999961062895486,0.667243577330521,0.332756422669479,0.999961062895486,0.498683655268885,0.664912673825584,0.89939962134602,3.89371045144138e-05,3.72343726363542e-05,0.498683655268885,-0.00131287920421287,CBCbothPairsAsymRW,CBCdriftDiffusionLR,0.5,0.956269684166442,0.0360949222626799,0.00263268946223028,0.0687939119325018,0.699243740428477,2.86299023381071,2.28821344612399,0.5,50.1040880800108
CBC_1002,CBC_1002_MSI_AV_v3_Vset3_Aset1_2023-05-31_17h20.54.856.csv,4,19,1,0,z,0,1,0,aud,A,63,1,1A,0A,0,1,z,1.49231930000133,0,1,1,1,0A,1A,A10,2.83321334405622,0.998381253281576,0.533171167738641,0.498683655268885,0.498683655268885,0.497370776064672,0.999998171476862,0.498683655268885,0.498683655268885,0.498683655268885,0.5,0.999999920038106,0.494755377766348,0.5,0.497370776064672,0.479418216566889,0.999998297268122,0.651875338760212,0.348124661239788,0.998381253281576,0.533171167738641,0.565213102120004,0.879880647360961,0.00161874671842366,0.00154795841317246,0.533171167738641,-0.00140367411487053,CBCbothPairsAsymRW,CBCdriftDiffusionLR,0.5,0.956269684166442,0.0360949222626799,0.00263268946223028,0.0687939119325018,0.699243740428477,2.86299023381071,2.28821344612399,0.5,50.1040880800108
CBC_1002,CBC_1002_MSI_AV_v3_Vset3_Aset1_2023-05-31_17h20.54.856.csv,4,20,0,1,b,1,0,0,aud,A,63,1,0A,1A,1,0,b,1.41829510000207,1,0,1,1,0A,1A,A01,2.86220088092947,0.999929211694749,0.53176749362377,0.498683655268885,0.498683655268885,0.497370776064672,0.999998171476862,0.498683655268885,0.498683655268885,0.498683655268885,0.5,0.999999920038106,0.494755377766348,0.5,0.497370776064672,0.479418216566889,0.999998297268122,0.652824549548673,0.347175450451327,0.999929211694749,0.53176749362377,0.621321084827147,0.88108295282528,7.07883052512015e-05,6.76927103052441e-05,0.53176749362377,-0.00139997867681991,CBCbothPairsAsymRW,CBCdriftDiffusionLR,0.5,0.956269684166442,0.0360949222626799,0.00263268946223028,0.0687939119325018,0.699243740428477,2.86299023381071,2.28821344612399,0.5,50.1040880800108
CBC_1002,CBC_1002_MSI_AV_v3_Vset3_Aset1_2023-05-31_17h20.54.856.csv,4,21,0,2,z,0,1,3,aud,C,27,1,0C,2C,0,1,z,1.06797990000086,0,1,1,1,2C,0C,C02,2.89037175789616,0.999996904405054,0.53036751494695,0.498683655268885,0.498683655268885,0.497370776064672,0.999998171476862,0.498683655268885,0.498683655268885,0.498683655268885,0.5,0.999999920038106,0.494755377766348,0.5,0.497370776064672,0.479418216566889,0.999998297268122,0.667252204878048,0.332747795121952,0.999999920038106,0.498683655268885,0.872804163182956,0.899504255247291,7.99618943281288e-08,7.64651354345101e-08,0.498683655268885,-0.00131287920421287,CBCbothPairsAsymRW,CBCdriftDiffusionLR,0.5,0.956269684166442,0.0360949222626799,0.00263268946223028,0.0687939119325018,0.699243740428477,2.86299023381071,2.28821344612399,0.5,50.1040880800108
CBC_1002,CBC_1002_MSI_AV_v3_Vset3_Aset1_2023-05-31_17h20.54.856.csv,4,22,1,0,b,1,0,1,aud,B,63,1,1B,0B,1,0,b,1.26208210000186,1,0,1,1,1B,0B,B10,2.51230562397611,0.999996904405054,0.53036751494695,0.498683655268885,0.498683655268885,0.497370776064672,0.999998171476862,0.498683655268885,0.498683655268885,0.497370776064672,0.5,0.999999996503241,0.494755377766348,0.5,0.497370776064672,0.479418216566889,0.999998297268122,0.667836856853961,0.332163143146039,0.999998171476862,0.497370776064672,0.781772667486404,0.899987031293214,1.82852313779236e-06,1.74856124346773e-06,0.497370776064672,-0.00130942280096676,CBCbothPairsAsymRW,CBCdriftDiffusionLR,0.5,0.956269684166442,0.0360949222626799,0.00263268946223028,0.0687939119325018,0.699243740428477,2.86299023381071,2.28821344612399,0.5,50.1040880800108
CBC_1002,CBC_1002_MSI_AV_v3_Vset3_Aset1_2023-05-31_17h20.54.856.csv,4,23,0,2,z,0,1,3,aud,C,27,1,0C,2C,0,1,z,2.0010054000013,0,1,1,1,2C,0C,C02,2.53897387105828,0.999996904405054,0.53036751494695,0.498683655268885,0.498683655268885,0.496061353263705,0.999999920038106,0.498683655268885,0.498683655268885,0.497370776064672,0.5,0.999999996503241,0.494755377766348,0.5,0.497370776064672,0.479418216566889,0.999998297268122,0.667837261701251,0.332162738298749,0.999999996503241,0.497370776064672,0.289502058574279,0.900355000453964,3.4967588824486e-09,3.34384451212532e-09,0.497370776064672,-0.00130942280096676,CBCbothPairsAsymRW,CBCdriftDiffusionLR,0.5,0.956269684166442,0.0360949222626799,0.00263268946223028,0.0687939119325018,0.699243740428477,2.86299023381071,2.28821344612399,0.5,50.1040880800108
CBC_1002,CBC_1002_MSI_AV_v3_Vset3_Aset1_2023-05-31_17h20.54.856.csv,4,24,2,3,z,0,1,2,aud,D,63,1,2D,3D,0,1,z,1.60683930000232,0,1,1,1,3D,2D,D23,2.56494935746154,0.999996904405054,0.53036751494695,0.498683655268885,0.498683655268885,0.496061353263705,0.999999920038106,0.498683655268885,0.498683655268885,0.496061353263705,0.5,0.999999999847086,0.494755377766348,0.5,0.497370776064672,0.479418216566889,0.999998297268122,0.675941013174093,0.324058986825907,0.999998297268122,0.479418216566889,0.507889668958953,0.909213954748625,1.70273187805048e-06,1.62827087524346e-06,0.479418216566889,-0.00126215928675688,CBCbothPairsAsymRW,CBCdriftDiffusionLR,0.5,0.956269684166442,0.0360949222626799,0.00263268946223028,0.0687939119325018,0.699243740428477,2.86299023381071,2.28821344612399,0.5,50.1040880800108
CBC_1002,CBC_1002_MSI_AV_v3_Vset3_Aset1_2023-05-31_17h20.54.856.csv,4,25,0,1,b,1,0,0,aud,A,63,1,0A,1A,1,0,b,1.27605740000217,1,0,1,1,0A,1A,A01,2.59026716544583,0.999996904405054,0.53036751494695,0.498683655268885,0.498683655268885,0.496061353263705,0.999999920038106,0.498683655268885,0.498683655268885,0.496061353263705,0.5,0.999999999847086,0.494755377766348,0.5,0.497370776064672,0.478156057280132,0.999999925538997,0.653437110638313,0.346562889361687,0.999996904405054,0.53036751494695,0.73245232046916,0.881898731768691,3.09559494593437e-06,2.96022360125589e-06,0.53036751494695,-0.00139629296771009,CBCbothPairsAsymRW,CBCdriftDiffusionLR,0.5,0.956269684166442,0.0360949222626799,0.00263268946223028,0.0687939119325018,0.699243740428477,2.86299023381071,2.28821344612399,0.5,50.1040880800108
CBC_1002,CBC_1002_MSI_AV_v3_Vset3_Aset1_2023-05-31_17h20.54.856.csv,4,26,2,3,b,1,0,3,aud,C,63,1,2C,3C,1,0,z,2.19240080000236,0,1,0,0,3C,2C,C23,2.6149597780362,0.999999864628655,0.52897122197924,0.498683655268885,0.498683655268885,0.496061353263705,0.999999920038106,0.498683655268885,0.498683655268885,0.496061353263705,0.5,0.999999999847086,0.494755377766348,0.5,0.497370776064672,0.478156057280132,0.999999925538997,0.330994211612262,0.669005788387737,0.494755377766348,0.999999999847086,0.0241713578130651,0.0986170541665409,-0.494755377766348,-0.0178581568995191,-1.52914347850697e-10,1.05195761792568e-11,CBCbothPairsAsymRW,CBCdriftDiffusionLR,0.5,0.956269684166442,0.0360949222626799,0.00263268946223028,0.0687939119325018,0.699243740428477,2.86299023381071,2.28821344612399,0.5,50.1040880800108
CBC_1002,CBC_1002_MSI_AV_v3_Vset3_Aset1_2023-05-31_17h20.54.856.csv,4,27,0,2,b,1,0,0,aud,A,27,1,0A,2A,NaN,NaN,[],NaN,NaN,NaN,NaN,NaN,,,A02,3.73766961828337,0.999999864628655,0.52897122197924,0.498683655268885,0.498683655268885,0.496061353263705,0.999999920038106,0.498683655268885,0.498683655268885,0.496061353263705,0.5,0.999999999857605,0.476897220866829,0.5,0.497370776064672,0.478156057280132,0.999999925538997,0,0,0,0,NaN,0,0,0,0,0,CBCbothPairsAsymRW,CBCdriftDiffusionLR,0.5,0.956269684166442,0.0360949222626799,0.00263268946223028,0.0687939119325018,0.699243740428477,2.86299023381071,2.28821344612399,0.5,50.1040880800108
CBC_1002,CBC_1002_MSI_AV_v3_Vset3_Aset1_2023-05-31_17h20.54.856.csv,4,28,2,3,z,0,1,2,aud,D,63,1,2D,3D,0,1,b,1.57250550000208,1,0,0,0,2D,3D,D23,2.37490575457367,0.999999864628655,0.52897122197924,0.498683655268885,0.498683655268885,0.496061353263705,0.999999920038106,0.498683655268885,0.498683655268885,0.496061353263705,0.5,0.999999999857605,0.476897220866829,0.5,0.497370776064672,0.478156057280132,0.999999925538997,0.323481461251603,0.676518538748397,0.478156057280132,0.999999925538997,0.0529681619827602,0.0902914710517232,-0.478156057280132,-0.0172590057169559,-7.44610028080572e-08,5.12246366958326e-09,CBCbothPairsAsymRW,CBCdriftDiffusionLR,0.5,0.956269684166442,0.0360949222626799,0.00263268946223028,0.0687939119325018,0.699243740428477,2.86299023381071,2.28821344612399,0.5,50.1040880800108
CBC_1002,CBC_1002_MSI_AV_v3_Vset3_Aset1_2023-05-31_17h20.54.856.csv,4,29,2,3,z,0,1,2,aud,D,63,1,2D,3D,0,1,z,1.45840460000181,0,1,1,1,3D,2D,D23,2.17475172148416,0.999999864628655,0.52897122197924,0.498683655268885,0.498683655268885,0.496061353263705,0.999999920038106,0.498683655268885,0.498683655268885,0.496061353263705,0.5,0.999999999857605,0.476897220866829,0.5,0.497370776064672,0.460897051563176,0.999999930661461,0.684510915436811,0.315489084563189,0.999999930661461,0.460897051563176,0.636868191284708,0.918104404031547,6.93385391326018e-08,6.63063429168956e-08,0.460897051563176,-0.00121339881082338,CBCbothPairsAsymRW,CBCdriftDiffusionLR,0.5,0.956269684166442,0.0360949222626799,0.00263268946223028,0.0687939119325018,0.699243740428477,2.86299023381071,2.28821344612399,0.5,50.1040880800108
CBC_1002,CBC_1002_MSI_AV_v3_Vset3_Aset1_2023-05-31_17h20.54.856.csv,4,30,1,3,b,1,0,1,aud,B,27,1,1B,3B,1,0,b,1.08434410000154,1,0,1,1,1B,3B,B13,3.80666248977032,0.999999864628655,0.52897122197924,0.498683655268885,0.498683655268885,0.496061353263705,0.999999920038106,0.498683655268885,0.498683655268885,0.496061353263705,0.5,0.999999999857605,0.476897220866829,0.5,0.497370776064672,0.459683652752353,0.999999996967804,0.667252204878048,0.332747795121952,0.999999920038106,0.498683655268885,0.875026142659352,0.899440479177455,7.99618943281288e-08,7.64651354345101e-08,0.498683655268885,-0.00131287920421287,CBCbothPairsAsymRW,CBCdriftDiffusionLR,0.5,0.956269684166442,0.0360949222626799,0.00263268946223028,0.0687939119325018,0.699243740428477,2.86299023381071,2.28821344612399,0.5,50.1040880800108
CBC_1002,CBC_1002_MSI_AV_v3_Vset3_Aset1_2023-05-31_17h20.54.856.csv,4,31,3,0,b,1,0,2,aud,D,9,1,3D,0D,1,0,b,1.47672850000163,1,0,1,1,3D,0D,D30,3.8286413964891,0.999999864628655,0.52897122197924,0.498683655268885,0.498683655268885,0.496061353263705,0.999999996503241,0.498683655268885,0.497370776064672,0.496061353263705,0.5,0.999999999857605,0.476897220866829,0.5,0.497370776064672,0.459683652752353,0.999999996967804,0.666666665992845,0.333333334007155,0.999999996967804,0.5,0.597791771343187,0.898690880339817,3.03219616082373e-09,2.89959726504161e-09,0.5,-0.00131634473111514,CBCbothPairsAsymRW,CBCdriftDiffusionLR,0.5,0.956269684166442,0.0360949222626799,0.00263268946223028,0.0687939119325018,0.699243740428477,2.86299023381071,2.28821344612399,0.5,50.1040880800108
CBC_1002,CBC_1002_MSI_AV_v3_Vset3_Aset1_2023-05-31_17h20.54.856.csv,4,32,0,1,z,0,1,1,aud,B,63,1,0B,1B,0,1,z,0.911637800001699,0,1,1,1,1B,0B,B01,3.85014760171006,0.999999864628655,0.52897122197924,0.498683655268885,0.498683655268885,0.496061353263705,0.999999996503241,0.498683655268885,0.497370776064672,0.496061353263705,0.5,0.999999999857605,0.476897220866829,0.498683655268885,0.497370776064672,0.459683652752353,0.999999999867401,0.668421784079255,0.331578215920745,0.999999996503241,0.496061353263705,0.584153382281319,0.900775563012544,3.4967588824486e-09,3.34384451212532e-09,0.496061353263705,-0.00130597549735705,CBCbothPairsAsymRW,CBCdriftDiffusionLR,0.5,0.956269684166442,0.0360949222626799,0.00263268946223028,0.0687939119325018,0.699243740428477,2.86299023381071,2.28821344612399,0.5,50.1040880800108
CBC_1002,CBC_1002_MSI_AV_v3_Vset3_Aset1_2023-05-31_17h20.54.856.csv,4,33,0,1,b,1,0,0,aud,A,63,1,0A,1A,1,0,b,1.71929079999973,1,0,1,1,0A,1A,A01,2.484906649788,0.999999864628655,0.52897122197924,0.498683655268885,0.498683655268885,0.494755377766348,0.999999999847086,0.498683655268885,0.497370776064672,0.496061353263705,0.5,0.999999999857605,0.476897220866829,0.498683655268885,0.497370776064672,0.459683652752353,0.999999999867401,0.654034516013778,0.345965483986222,0.999999864628655,0.52897122197924,0.422676656356877,0.882770889318876,1.35371344689439e-07,1.29451513031356e-07,0.52897122197924,-0.00139261696192782,CBCbothPairsAsymRW,CBCdriftDiffusionLR,0.5,0.956269684166442,0.0360949222626799,0.00263268946223028,0.0687939119325018,0.699243740428477,2.86299023381071,2.28821344612399,0.5,50.1040880800108
CBC_1002,CBC_1002_MSI_AV_v3_Vset3_Aset1_2023-05-31_17h20.54.856.csv,4,34,1,0,z,0,1,0,aud,A,63,1,1A,0A,0,1,b,1.15117450000071,1,0,0,0,1A,0A,A10,2.79320800944252,0.999999994080168,0.527578605017313,0.498683655268885,0.498683655268885,0.494755377766348,0.999999999847086,0.498683655268885,0.497370776064672,0.496061353263705,0.5,0.999999999857605,0.476897220866829,0.498683655268885,0.497370776064672,0.459683652752353,0.999999999867401,0.345369204130651,0.654630795869348,0.527578605017313,0.999999994080168,0.107324577198705,0.116417445817996,-0.527578605017313,-0.019042908735553,-5.91983162490095e-09,4.07248375458675e-10,CBCbothPairsAsymRW,CBCdriftDiffusionLR,0.5,0.956269684166442,0.0360949222626799,0.00263268946223028,0.0687939119325018,0.699243740428477,2.86299023381071,2.28821344612399,0.5,50.1040880800108
CBC_1002,CBC_1002_MSI_AV_v3_Vset3_Aset1_2023-05-31_17h20.54.856.csv,4,35,2,3,b,1,0,3,aud,C,63,1,2C,3C,1,0,b,2.5890627000008,1,0,1,1,2C,3C,C23,2.52572864430826,0.999999994487417,0.50853569628176,0.498683655268885,0.498683655268885,0.494755377766348,0.999999999847086,0.498683655268885,0.497370776064672,0.496061353263705,0.5,0.999999999857605,0.476897220866829,0.498683655268885,0.497370776064672,0.459683652752353,0.999999999867401,0.677095187007728,0.322904812992272,0.999999999857605,0.476897220866829,0.122071114259468,0.910485495334761,1.42394762647768e-10,1.36167794704137e-10,0.476897220866829,-0.00125552228794301,CBCbothPairsAsymRW,CBCdriftDiffusionLR,0.5,0.956269684166442,0.0360949222626799,0.00263268946223028,0.0687939119325018,0.699243740428477,2.86299023381071,2.28821344612399,0.5,50.1040880800108
CBC_1002,CBC_1002_MSI_AV_v3_Vset3_Aset1_2023-05-31_17h20.54.856.csv,4,36,2,0,z,0,1,0,aud,A,27,1,2A,0A,0,1,b,1.76207000000068,1,0,0,0,2A,0A,A20,3.23867845216438,0.999999994487417,0.50853569628176,0.498683655268885,0.498683655268885,0.494755377766348,0.999999999847086,0.498683655268885,0.497370776064672,0.496061353263705,0.5,0.999999999993773,0.475641698578886,0.498683655268885,0.497370776064672,0.459683652752353,0.999999999867401,0.332747778592217,0.667252221407783,0.498683655268885,0.999999994487417,0.0448494802809454,0.0997785210997499,-0.498683655268885,-0.0179999477705994,-5.51258327874393e-09,3.79232168598492e-10,CBCbothPairsAsymRW,CBCdriftDiffusionLR,0.5,0.956269684166442,0.0360949222626799,0.00263268946223028,0.0687939119325018,0.699243740428477,2.86299023381071,2.28821344612399,0.5,50.1040880800108
CBC_1002,CBC_1002_MSI_AV_v3_Vset3_Aset1_2023-05-31_17h20.54.856.csv,4,37,0,1,z,0,1,1,aud,B,63,1,0B,1B,0,1,z,0.876148299999841,0,1,1,1,1B,0B,B01,3.25809653802148,0.999999994866649,0.50853569628176,0.480683707498285,0.498683655268885,0.494755377766348,0.999999999847086,0.498683655268885,0.497370776064672,0.496061353263705,0.5,0.999999999993773,0.475641698578886,0.498683655268885,0.497370776064672,0.459683652752353,0.999999999867401,0.669005788387737,0.330994211612262,0.999999999847086,0.494755377766348,0.421809554957918,0.901161426843303,1.52914347850697e-10,1.46227355123703e-10,0.494755377766348,-0.00130253726942722,CBCbothPairsAsymRW,CBCdriftDiffusionLR,0.5,0.956269684166442,0.0360949222626799,0.00263268946223028,0.0687939119325018,0.699243740428477,2.86299023381071,2.28821344612399,0.5,50.1040880800108
CBC_1002,CBC_1002_MSI_AV_v3_Vset3_Aset1_2023-05-31_17h20.54.856.csv,4,38,1,3,b,1,0,1,aud,B,27,1,1B,3B,1,0,b,0.853302500001519,1,0,1,1,1B,3B,B13,3.27714473299218,0.999999994866649,0.50853569628176,0.480683707498285,0.498683655268885,0.493452840496921,0.999999999993313,0.498683655268885,0.497370776064672,0.496061353263705,0.5,0.999999999993773,0.475641698578886,0.498683655268885,0.497370776064672,0.459683652752353,0.999999999867401,0.667837262475455,0.332162737524545,0.999999999993313,0.497370776064672,0.301405018863097,0.900022701433579,6.68698429961978e-12,6.39456036422336e-12,0.497370776064672,-0.00130942280096676,CBCbothPairsAsymRW,CBCdriftDiffusionLR,0.5,0.956269684166442,0.0360949222626799,0.00263268946223028,0.0687939119325018,0.699243740428477,2.86299023381071,2.28821344612399,0.5,50.1040880800108
CBC_1002,CBC_1002_MSI_AV_v3_Vset3_Aset1_2023-05-31_17h20.54.856.csv,4,39,2,3,b,1,0,3,aud,C,63,1,2C,3C,1,0,b,3.08147140000074,1,0,1,1,2C,3C,C23,2.37954613413017,0.999999994866649,0.50853569628176,0.480683707498285,0.498683655268885,0.493452840496921,0.999999999999708,0.498683655268885,0.496061353263705,0.496061353263705,0.5,0.999999999993773,0.475641698578886,0.498683655268885,0.497370776064672,0.459683652752353,0.999999999867401,0.677671280881423,0.322328719118577,0.999999999993773,0.475641698578886,0.0593188867436072,0.911154256945346,6.22701890051758e-12,5.95470939729641e-12,0.475641698578886,-0.00125221688764594,CBCbothPairsAsymRW,CBCdriftDiffusionLR,0.5,0.956269684166442,0.0360949222626799,0.00263268946223028,0.0687939119325018,0.699243740428477,2.86299023381071,2.28821344612399,0.5,50.1040880800108
CBC_1002,CBC_1002_MSI_AV_v3_Vset3_Aset1_2023-05-31_17h20.54.856.csv,4,40,1,3,z,0,1,2,aud,D,27,1,1D,3D,0,1,z,1.67193630000111,0,1,1,1,3D,1D,D13,4.00733318523247,0.999999994866649,0.50853569628176,0.480683707498285,0.498683655268885,0.493452840496921,0.999999999999708,0.498683655268885,0.496061353263705,0.496061353263705,0.5,0.999999999999728,0.47438948169124,0.498683655268885,0.497370776064672,0.459683652752353,0.999999999867401,0.667837262447524,0.332162737552476,0.999999999867401,0.497370776064672,0.458927590277759,0.900480228554383,1.32598931834593e-10,1.26800338666274e-10,0.497370776064672,-0.00130942280096676,CBCbothPairsAsymRW,CBCdriftDiffusionLR,0.5,0.956269684166442,0.0360949222626799,0.00263268946223028,0.0687939119325018,0.699243740428477,2.86299023381071,2.28821344612399,0.5,50.1040880800108
CBC_1002,CBC_1002_MSI_AV_v3_Vset3_Aset1_2023-05-31_17h20.54.856.csv,4,41,2,1,b,1,0,3,aud,C,9,1,2C,1C,1,0,b,2.20464370000082,1,0,1,1,2C,1C,C21,4.02535169073515,0.999999994866649,0.50853569628176,0.480683707498285,0.498683655268885,0.493452840496921,0.999999999999708,0.498683655268885,0.496061353263705,0.496061353263705,0.5,0.999999999999728,0.47438948169124,0.498683655268885,0.496061353263705,0.459683652752353,0.999999999994201,0.666666666666606,0.333333333333394,0.999999999999728,0.5,0.217999210680128,0.89872630639269,2.72337707940551e-13,2.60428293958923e-13,0.5,-0.00131634473111514,CBCbothPairsAsymRW,CBCdriftDiffusionLR,0.5,0.956269684166442,0.0360949222626799,0.00263268946223028,0.0687939119325018,0.699243740428477,2.86299023381071,2.28821344612399,0.5,50.1040880800108
CBC_1002,CBC_1002_MSI_AV_v3_Vset3_Aset1_2023-05-31_17h20.54.856.csv,4,42,1,0,b,1,0,1,aud,B,63,0,1B,0B,0,1,b,3.10125650000191,1,0,1,0,1B,0B,B10,2.65675690671466,0.999999994866649,0.50853569628176,0.480683707498285,0.498683655268885,0.493452840496921,0.999999999999708,0.498683655268885,0.496061353263705,0.496061353263705,0.498683655268885,0.999999999999988,0.47438948169124,0.498683655268885,0.496061353263705,0.459683652752353,0.999999999994201,0.669589271842806,0.330410728157194,0.999999999999708,0.493452840496921,0.0609992883324359,0.902326909370777,-0.999999999999708,-0.0360949222626693,-0.506547159503079,0.0348473606805138,CBCbothPairsAsymRW,CBCdriftDiffusionLR,0.5,0.956269684166442,0.0360949222626799,0.00263268946223028,0.0687939119325018,0.699243740428477,2.86299023381071,2.28821344612399,0.5,50.1040880800108
CBC_1002,CBC_1002_MSI_AV_v3_Vset3_Aset1_2023-05-31_17h20.54.856.csv,4,43,2,3,z,0,1,2,aud,D,63,1,2D,3D,0,1,z,1.80477750000136,0,1,1,1,3D,2D,D23,2.26868354131836,0.999999994866649,0.50853569628176,0.480683707498285,0.498683655268885,0.528300201177435,0.963905077737038,0.498683655268885,0.496061353263705,0.496061353263705,0.498683655268885,0.999999999999988,0.47438948169124,0.498683655268885,0.496061353263705,0.459683652752353,0.999999999994201,0.685079947365713,0.314920052634287,0.999999999994201,0.459683652752353,0.382198269273518,0.918709316426335,5.79858383531473e-12,5.54500993280905e-12,0.459683652752353,-0.00121020430856064,CBCbothPairsAsymRW,CBCdriftDiffusionLR,0.5,0.956269684166442,0.0360949222626799,0.00263268946223028,0.0687939119325018,0.699243740428477,2.86299023381071,2.28821344612399,0.5,50.1040880800108
CBC_1002,CBC_1002_MSI_AV_v3_Vset3_Aset1_2023-05-31_17h20.54.856.csv,4,44,0,1,z,0,1,1,aud,B,63,1,0B,1B,0,1,z,1.12610360000144,0,1,1,1,1B,0B,B01,2.97892515523761,0.999999994866649,0.50853569628176,0.480683707498285,0.498683655268885,0.528300201177435,0.963905077737038,0.498683655268885,0.496061353263705,0.496061353263705,0.498683655268885,0.999999999999988,0.47438948169124,0.498683655268885,0.496061353263705,0.458473448443792,0.999999999999746,0.645960104388751,0.354039895611249,0.963905077737038,0.528300201177435,0.790782136711376,0.870894953562258,0.0360949222629617,0.0345164799124147,0.528300201177435,-0.00139085037253397,CBCbothPairsAsymRW,CBCdriftDiffusionLR,0.5,0.956269684166442,0.0360949222626799,0.00263268946223028,0.0687939119325018,0.699243740428477,2.86299023381071,2.28821344612399,0.5,50.1040880800108
