ID,filename,session,trial,visStimLeft,visStimRight,correctKey,leftCorrect,rightCorrect,secondStim,mod2Type,mod2Stim,frequency,rewardAccurate,stimPairLeft,stimPairRight,pCorrectLeft,pCorrectRight,key,reactionTime,choiceLeft,choiceRight,choiceAccurate,reward,chosenPair,otherPair,triplet,surprise,0A belief,1A belief,2A belief,3A belief,0B belief,1B belief,2B belief,3B belief,0C belief,1C belief,2C belief,3C belief,0D belief,1D belief,2D belief,3D belief,beliefPairNorm,beliefOtherPairNorm,beliefPair,beliefOtherPair,lik,corrLik,rewardPE,update2,fit_percModel,fit_respModel,fit_startBelief,fit_alpha1,fit_nonDecisionTime,fit_weight,fit_startingBoundary,fit_startingPoint,fit_NLL
CBC_1019,CBC_1019_MSI_AV_v3_Vset2_Aset1_2023-06-28_16h08.36.821.csv,1,1,1,0,b,1,0,0,aud,B,63,1,1B,0B,1,0,b,2.33564939999997,1,0,1,1,1B,0B,B10,2.77258872223978,0.5,0.5,0.5,0.5,0.5,0.5,0.5,0.5,0.5,0.5,0.5,0.5,0.5,0.5,0.5,0.5,0.5,0.5,0.5,0.5,0.150837712921897,0.498847534465007,0.5,0.018050941889904,CBCsimpleRW,CBCdriftDiffusionLR,0.5,0.0361018837798081,0.897449139937123,8.1585421592042,2.22289213318302,0.5,63.0040517622656
CBC_1019,CBC_1019_MSI_AV_v3_Vset2_Aset1_2023-06-28_16h08.36.821.csv,1,2,0,1,b,1,0,3,aud,A,63,1,0A,1A,1,0,b,1.82308010000088,1,0,1,1,0A,1A,A01,2.83321334405622,0.5,0.5,0.5,0.5,0.5,0.518050941889904,0.5,0.5,0.5,0.5,0.5,0.5,0.5,0.5,0.5,0.5,0.5,0.5,0.5,0.5,0.251792676639068,0.500003123871577,0.5,0.018050941889904,CBCsimpleRW,CBCdriftDiffusionLR,0.5,0.0361018837798081,0.897449139937123,8.1585421592042,2.22289213318302,0.5,63.0040517622656
CBC_1019,CBC_1019_MSI_AV_v3_Vset2_Aset1_2023-06-28_16h08.36.821.csv,1,3,1,2,z,0,1,1,aud,C,9,1,1C,2C,0,1,z,1.29270270000052,0,1,1,1,2C,1C,C12,2.89037175789616,0.518050941889904,0.5,0.5,0.5,0.5,0.518050941889904,0.5,0.5,0.5,0.5,0.5,0.5,0.5,0.5,0.5,0.5,0.5,0.5,0.5,0.5,0.374131912570333,0.500241339916591,0.5,0.018050941889904,CBCsimpleRW,CBCdriftDiffusionLR,0.5,0.0361018837798081,0.897449139937123,8.1585421592042,2.22289213318302,0.5,63.0040517622656
CBC_1019,CBC_1019_MSI_AV_v3_Vset2_Aset1_2023-06-28_16h08.36.821.csv,1,4,1,0,z,0,1,3,aud,A,63,1,1A,0A,0,1,z,2.29409770000166,0,1,1,1,0A,1A,A10,2.94443897916644,0.518050941889904,0.5,0.5,0.5,0.5,0.518050941889904,0.5,0.5,0.5,0.5,0.518050941889904,0.5,0.5,0.5,0.5,0.5,0.508865441377813,0.491134558622187,0.518050941889904,0.5,0.182438388057658,0.579851956382738,0.481949058110096,0.0173992688836786,CBCsimpleRW,CBCdriftDiffusionLR,0.5,0.0361018837798081,0.897449139937123,8.1585421592042,2.22289213318302,0.5,63.0040517622656
CBC_1019,CBC_1019_MSI_AV_v3_Vset2_Aset1_2023-06-28_16h08.36.821.csv,1,5,3,1,b,1,0,2,aud,D,27,1,3D,1D,1,0,b,1.74243840000054,1,0,1,1,3D,1D,D31,2.99573227355399,0.535450210773583,0.5,0.5,0.5,0.5,0.518050941889904,0.5,0.5,0.5,0.5,0.518050941889904,0.5,0.5,0.5,0.5,0.5,0.5,0.5,0.5,0.5,0.272360850452301,0.499831317915949,0.5,0.018050941889904,CBCsimpleRW,CBCdriftDiffusionLR,0.5,0.0361018837798081,0.897449139937123,8.1585421592042,2.22289213318302,0.5,63.0040517622656
CBC_1019,CBC_1019_MSI_AV_v3_Vset2_Aset1_2023-06-28_16h08.36.821.csv,1,6,0,1,z,0,1,0,aud,B,63,1,0B,1B,0,1,z,1.7200969000005,0,1,1,1,1B,0B,B01,3.04452243772342,0.535450210773583,0.5,0.5,0.5,0.5,0.518050941889904,0.5,0.5,0.5,0.5,0.518050941889904,0.5,0.5,0.5,0.5,0.518050941889904,0.508865441377813,0.491134558622187,0.518050941889904,0.5,0.323831670998965,0.579138053328756,0.481949058110096,0.0173992688836786,CBCsimpleRW,CBCdriftDiffusionLR,0.5,0.0361018837798081,0.897449139937123,8.1585421592042,2.22289213318302,0.5,63.0040517622656
CBC_1019,CBC_1019_MSI_AV_v3_Vset2_Aset1_2023-06-28_16h08.36.821.csv,1,7,2,3,b,1,0,1,aud,C,63,1,2C,3C,1,0,z,2.26871410000058,0,1,0,0,3C,2C,C23,3.09104245335832,0.535450210773583,0.5,0.5,0.5,0.5,0.535450210773583,0.5,0.5,0.5,0.5,0.518050941889904,0.5,0.5,0.5,0.5,0.518050941889904,0.491134558622187,0.508865441377813,0.5,0.518050941889904,0.135731260296696,0.420488213097915,-0.5,-0.018050941889904,CBCsimpleRW,CBCdriftDiffusionLR,0.5,0.0361018837798081,0.897449139937123,8.1585421592042,2.22289213318302,0.5,63.0040517622656
CBC_1019,CBC_1019_MSI_AV_v3_Vset2_Aset1_2023-06-28_16h08.36.821.csv,1,8,2,0,z,0,1,3,aud,A,27,1,2A,0A,0,1,b,1.8902577000008,1,0,0,0,2A,0A,A20,3.13549421592915,0.535450210773583,0.5,0.5,0.5,0.5,0.535450210773583,0.5,0.5,0.5,0.5,0.518050941889904,0.481949058110096,0.5,0.5,0.5,0.518050941889904,0.482881740519857,0.517118259480143,0.5,0.535450210773583,0.166265052733921,0.349753933397062,-0.5,-0.018050941889904,CBCsimpleRW,CBCdriftDiffusionLR,0.5,0.0361018837798081,0.897449139937123,8.1585421592042,2.22289213318302,0.5,63.0040517622656
CBC_1019,CBC_1019_MSI_AV_v3_Vset2_Aset1_2023-06-28_16h08.36.821.csv,1,9,3,2,b,1,0,2,aud,D,63,1,3D,2D,1,0,b,1.84180440000091,1,0,1,1,3D,2D,D32,3.17805383034795,0.535450210773583,0.5,0.481949058110096,0.5,0.5,0.535450210773583,0.5,0.5,0.5,0.5,0.518050941889904,0.481949058110096,0.5,0.5,0.5,0.518050941889904,0.508865441377813,0.491134558622187,0.518050941889904,0.5,0.287324953539689,0.579459021428242,0.481949058110096,0.0173992688836786,CBCsimpleRW,CBCdriftDiffusionLR,0.5,0.0361018837798081,0.897449139937123,8.1585421592042,2.22289213318302,0.5,63.0040517622656
CBC_1019,CBC_1019_MSI_AV_v3_Vset2_Aset1_2023-06-28_16h08.36.821.csv,1,10,3,1,z,0,1,0,aud,B,27,1,3B,1B,0,1,z,1.40432519999922,0,1,1,1,1B,3B,B31,3.2188758248682,0.535450210773583,0.5,0.481949058110096,0.5,0.5,0.535450210773583,0.5,0.5,0.5,0.5,0.518050941889904,0.481949058110096,0.5,0.5,0.5,0.535450210773583,0.517118259480143,0.482881740519857,0.535450210773583,0.5,0.485651161753213,0.650335585960006,0.464549789226417,0.0167711225005865,CBCsimpleRW,CBCdriftDiffusionLR,0.5,0.0361018837798081,0.897449139937123,8.1585421592042,2.22289213318302,0.5,63.0040517622656
CBC_1019,CBC_1019_MSI_AV_v3_Vset2_Aset1_2023-06-28_16h08.36.821.csv,1,11,3,2,z,0,1,1,aud,C,63,1,3C,2C,0,1,b,1.7543998000001,1,0,0,0,3C,2C,C32,3.25809653802148,0.535450210773583,0.5,0.481949058110096,0.5,0.5,0.552221333274169,0.5,0.5,0.5,0.5,0.518050941889904,0.481949058110096,0.5,0.5,0.5,0.535450210773583,0.481949058110096,0.518050941889904,0.481949058110096,0.518050941889904,0.18721568875903,0.342275876298903,-0.481949058110096,-0.0173992688836786,CBCsimpleRW,CBCdriftDiffusionLR,0.5,0.0361018837798081,0.897449139937123,8.1585421592042,2.22289213318302,0.5,63.0040517622656
CBC_1019,CBC_1019_MSI_AV_v3_Vset2_Aset1_2023-06-28_16h08.36.821.csv,1,12,1,3,b,1,0,0,aud,B,27,1,1B,3B,1,0,b,1.27241620000132,1,0,1,1,1B,3B,B13,3.29583686600433,0.535450210773583,0.5,0.481949058110096,0.5,0.5,0.552221333274169,0.5,0.5,0.5,0.5,0.518050941889904,0.464549789226417,0.5,0.5,0.5,0.535450210773583,0.524814804463084,0.475185195536916,0.552221333274169,0.5,0.565720079348049,0.711050433463586,0.447778666725831,0.0161656533852134,CBCsimpleRW,CBCdriftDiffusionLR,0.5,0.0361018837798081,0.897449139937123,8.1585421592042,2.22289213318302,0.5,63.0040517622656
CBC_1019,CBC_1019_MSI_AV_v3_Vset2_Aset1_2023-06-28_16h08.36.821.csv,1,13,3,2,z,0,1,1,aud,C,63,1,3C,2C,0,1,b,1.64404560000003,1,0,0,0,3C,2C,C32,2.63905732961526,0.535450210773583,0.5,0.481949058110096,0.5,0.5,0.568386986659382,0.5,0.5,0.5,0.5,0.518050941889904,0.464549789226417,0.5,0.5,0.5,0.535450210773583,0.472775741474004,0.527224258525996,0.464549789226417,0.518050941889904,0.169981643221264,0.271893100526842,-0.464549789226417,-0.0167711225005864,CBCsimpleRW,CBCdriftDiffusionLR,0.5,0.0361018837798081,0.897449139937123,8.1585421592042,2.22289213318302,0.5,63.0040517622656
CBC_1019,CBC_1019_MSI_AV_v3_Vset2_Aset1_2023-06-28_16h08.36.821.csv,1,14,3,2,b,1,0,2,aud,D,63,1,3D,2D,1,0,b,1.30003730000135,1,0,1,1,3D,2D,D32,2.67414864942653,0.535450210773583,0.5,0.481949058110096,0.5,0.5,0.568386986659382,0.5,0.5,0.5,0.5,0.518050941889904,0.447778666725831,0.5,0.5,0.5,0.535450210773583,0.517118259480143,0.482881740519857,0.535450210773583,0.5,0.502366978457366,0.650207128111533,0.464549789226417,0.0167711225005865,CBCsimpleRW,CBCdriftDiffusionLR,0.5,0.0361018837798081,0.897449139937123,8.1585421592042,2.22289213318302,0.5,63.0040517622656
CBC_1019,CBC_1019_MSI_AV_v3_Vset2_Aset1_2023-06-28_16h08.36.821.csv,1,15,0,3,b,1,0,3,aud,A,9,1,0A,3A,1,0,b,1.01821670000027,1,0,1,1,0A,3A,A03,3.40119738166216,0.535450210773583,0.5,0.481949058110096,0.5,0.5,0.568386986659382,0.5,0.5,0.5,0.5,0.518050941889904,0.447778666725831,0.5,0.5,0.5,0.552221333274169,0.517118259480143,0.482881740519857,0.535450210773583,0.5,0.0860558862385307,0.649658136337941,0.464549789226417,0.0167711225005865,CBCsimpleRW,CBCdriftDiffusionLR,0.5,0.0361018837798081,0.897449139937123,8.1585421592042,2.22289213318302,0.5,63.0040517622656
CBC_1019,CBC_1019_MSI_AV_v3_Vset2_Aset1_2023-06-28_16h08.36.821.csv,1,16,0,1,z,0,1,0,aud,B,63,0,0B,1B,1,0,z,1.20072680000158,0,1,1,0,1B,0B,B01,2.7408400239252,0.552221333274169,0.5,0.481949058110096,0.5,0.5,0.568386986659382,0.5,0.5,0.5,0.5,0.518050941889904,0.447778666725831,0.5,0.5,0.5,0.552221333274169,0.532004782683292,0.467995217316708,0.568386986659382,0.5,0.594012620918608,0.761612125630472,-0.568386986659382,-0.0205198409343323,CBCsimpleRW,CBCdriftDiffusionLR,0.5,0.0361018837798081,0.897449139937123,8.1585421592042,2.22289213318302,0.5,63.0040517622656
CBC_1019,CBC_1019_MSI_AV_v3_Vset2_Aset1_2023-06-28_16h08.36.821.csv,1,17,2,3,z,0,1,2,aud,D,63,1,2D,3D,0,1,b,1.70221719999972,1,0,0,0,2D,3D,D23,3.46573590279973,0.552221333274169,0.5,0.481949058110096,0.5,0.5,0.54786714572505,0.5,0.5,0.5,0.5,0.518050941889904,0.447778666725831,0.5,0.5,0.5,0.552221333274169,0.475185195536916,0.524814804463084,0.5,0.552221333274169,0.168926625344786,0.288773193664322,-0.5,-0.018050941889904,CBCsimpleRW,CBCdriftDiffusionLR,0.5,0.0361018837798081,0.897449139937123,8.1585421592042,2.22289213318302,0.5,63.0040517622656
CBC_1019,CBC_1019_MSI_AV_v3_Vset2_Aset1_2023-06-28_16h08.36.821.csv,1,18,0,2,z,0,1,1,aud,C,27,1,0C,2C,0,1,z,1.3793551000017,0,1,1,1,2C,0C,C02,3.49650756146648,0.552221333274169,0.5,0.481949058110096,0.5,0.5,0.54786714572505,0.5,0.5,0.5,0.5,0.518050941889904,0.447778666725831,0.5,0.5,0.481949058110096,0.552221333274169,0.508865441377813,0.491134558622187,0.518050941889904,0.5,0.430123932865123,0.580041084959352,0.481949058110096,0.0173992688836786,CBCsimpleRW,CBCdriftDiffusionLR,0.5,0.0361018837798081,0.897449139937123,8.1585421592042,2.22289213318302,0.5,63.0040517622656
CBC_1019,CBC_1019_MSI_AV_v3_Vset2_Aset1_2023-06-28_16h08.36.821.csv,1,19,0,1,b,1,0,3,aud,A,63,1,0A,1A,1,0,b,2.16458899999998,1,0,1,1,0A,1A,A01,2.83321334405622,0.552221333274169,0.5,0.481949058110096,0.5,0.5,0.54786714572505,0.5,0.5,0.5,0.5,0.535450210773583,0.447778666725831,0.5,0.5,0.481949058110096,0.552221333274169,0.524814804463084,0.475185195536916,0.552221333274169,0.5,0.253510019218055,0.710950985129237,0.447778666725831,0.0161656533852134,CBCsimpleRW,CBCdriftDiffusionLR,0.5,0.0361018837798081,0.897449139937123,8.1585421592042,2.22289213318302,0.5,63.0040517622656
CBC_1019,CBC_1019_MSI_AV_v3_Vset2_Aset1_2023-06-28_16h08.36.821.csv,1,20,1,0,b,1,0,0,aud,B,63,1,1B,0B,1,0,b,2.21095310000055,1,0,1,1,1B,0B,B10,2.86220088092947,0.568386986659382,0.5,0.481949058110096,0.5,0.5,0.54786714572505,0.5,0.5,0.5,0.5,0.535450210773583,0.447778666725831,0.5,0.5,0.481949058110096,0.552221333274169,0.522840274132237,0.477159725867763,0.54786714572505,0.5,0.236043753828196,0.694532684001622,0.45213285427495,0.0163228477580671,CBCsimpleRW,CBCdriftDiffusionLR,0.5,0.0361018837798081,0.897449139937123,8.1585421592042,2.22289213318302,0.5,63.0040517622656
CBC_1019,CBC_1019_MSI_AV_v3_Vset2_Aset1_2023-06-28_16h08.36.821.csv,1,21,1,3,z,0,1,2,aud,D,27,1,1D,3D,0,1,b,3.91199170000073,1,0,0,0,1D,3D,D13,3.58351893845611,0.568386986659382,0.5,0.481949058110096,0.5,0.5,0.564189993483117,0.5,0.5,0.5,0.5,0.535450210773583,0.447778666725831,0.5,0.5,0.481949058110096,0.552221333274169,0.475185195536916,0.524814804463084,0.5,0.552221333274169,0.0156637784112782,0.289869853903233,-0.5,-0.018050941889904,CBCsimpleRW,CBCdriftDiffusionLR,0.5,0.0361018837798081,0.897449139937123,8.1585421592042,2.22289213318302,0.5,63.0040517622656
CBC_1019,CBC_1019_MSI_AV_v3_Vset2_Aset1_2023-06-28_16h08.36.821.csv,1,22,3,2,z,0,1,1,aud,C,63,1,3C,2C,0,1,z,2.28224399999999,0,1,1,1,2C,3C,C32,2.51230562397611,0.568386986659382,0.5,0.481949058110096,0.5,0.5,0.564189993483117,0.5,0.5,0.5,0.5,0.535450210773583,0.447778666725831,0.5,0.481949058110096,0.481949058110096,0.552221333274169,0.544583487148344,0.455416512851656,0.535450210773583,0.447778666725831,0.248129901672863,0.834399694444479,0.464549789226417,0.0167711225005865,CBCsimpleRW,CBCdriftDiffusionLR,0.5,0.0361018837798081,0.897449139937123,8.1585421592042,2.22289213318302,0.5,63.0040517622656
CBC_1019,CBC_1019_MSI_AV_v3_Vset2_Aset1_2023-06-28_16h08.36.821.csv,1,23,0,1,b,1,0,3,aud,A,63,1,0A,1A,1,0,b,2.19420220000029,1,0,1,1,0A,1A,A01,2.53897387105828,0.568386986659382,0.5,0.481949058110096,0.5,0.5,0.564189993483117,0.5,0.5,0.5,0.5,0.552221333274169,0.447778666725831,0.5,0.481949058110096,0.481949058110096,0.552221333274169,0.532004782683292,0.467995217316708,0.568386986659382,0.5,0.260875266181666,0.762167920835464,0.431613013340618,0.0155820428454757,CBCsimpleRW,CBCdriftDiffusionLR,0.5,0.0361018837798081,0.897449139937123,8.1585421592042,2.22289213318302,0.5,63.0040517622656
CBC_1019,CBC_1019_MSI_AV_v3_Vset2_Aset1_2023-06-28_16h08.36.821.csv,1,24,2,3,z,0,1,2,aud,D,63,1,2D,3D,0,1,b,3.39748259999942,1,0,0,0,2D,3D,D23,2.9704144655697,0.583969029504858,0.5,0.481949058110096,0.5,0.5,0.564189993483117,0.5,0.5,0.5,0.5,0.552221333274169,0.447778666725831,0.5,0.481949058110096,0.481949058110096,0.552221333274169,0.466024808025101,0.533975191974899,0.481949058110096,0.552221333274169,0.0192932660826786,0.226085982100557,-0.481949058110096,-0.0173992688836786,CBCsimpleRW,CBCdriftDiffusionLR,0.5,0.0361018837798081,0.897449139937123,8.1585421592042,2.22289213318302,0.5,63.0040517622656
CBC_1019,CBC_1019_MSI_AV_v3_Vset2_Aset1_2023-06-28_16h08.36.821.csv,1,25,2,0,b,1,0,1,aud,C,27,1,2C,0C,1,0,b,1.55273440000019,1,0,1,1,2C,0C,C20,3.68887945411394,0.583969029504858,0.5,0.481949058110096,0.5,0.5,0.564189993483117,0.5,0.5,0.5,0.5,0.552221333274169,0.447778666725831,0.5,0.481949058110096,0.464549789226417,0.552221333274169,0.524814804463084,0.475185195536916,0.552221333274169,0.5,0.482931547988733,0.710544042491635,0.447778666725831,0.0161656533852134,CBCsimpleRW,CBCdriftDiffusionLR,0.5,0.0361018837798081,0.897449139937123,8.1585421592042,2.22289213318302,0.5,63.0040517622656
CBC_1019,CBC_1019_MSI_AV_v3_Vset2_Aset1_2023-06-28_16h08.36.821.csv,1,26,0,1,b,1,0,3,aud,A,63,1,0A,1A,1,0,b,3.03605740000057,1,0,1,1,0A,1A,A01,2.32727770558442,0.583969029504858,0.5,0.481949058110096,0.5,0.5,0.564189993483117,0.5,0.5,0.5,0.5,0.568386986659382,0.447778666725831,0.5,0.481949058110096,0.464549789226417,0.552221333274169,0.538732208771322,0.461267791228678,0.583969029504858,0.5,0.0989497590373196,0.802609195275864,0.416030970495142,0.0150195017456164,CBCsimpleRW,CBCdriftDiffusionLR,0.5,0.0361018837798081,0.897449139937123,8.1585421592042,2.22289213318302,0.5,63.0040517622656
CBC_1019,CBC_1019_MSI_AV_v3_Vset2_Aset1_2023-06-28_16h08.36.821.csv,1,27,1,3,b,1,0,0,aud,B,27,1,1B,3B,1,0,b,1.71545060000062,1,0,1,1,1B,3B,B13,3.04452243772342,0.598988531250474,0.5,0.481949058110096,0.5,0.5,0.564189993483117,0.5,0.5,0.5,0.5,0.568386986659382,0.447778666725831,0.5,0.481949058110096,0.464549789226417,0.552221333274169,0.530159085255548,0.469840914744452,0.564189993483117,0.5,0.437669241493931,0.749109846764486,0.435810006516883,0.0157335622053499,CBCsimpleRW,CBCdriftDiffusionLR,0.5,0.0361018837798081,0.897449139937123,8.1585421592042,2.22289213318302,0.5,63.0040517622656
CBC_1019,CBC_1019_MSI_AV_v3_Vset2_Aset1_2023-06-28_16h08.36.821.csv,1,28,3,2,z,0,1,1,aud,C,63,1,3C,2C,0,1,z,1.62914259999889,0,1,1,1,2C,3C,C32,2.37490575457367,0.598988531250474,0.5,0.481949058110096,0.5,0.5,0.579923555688467,0.5,0.5,0.5,0.5,0.568386986659382,0.447778666725831,0.5,0.481949058110096,0.464549789226417,0.552221333274169,0.559344812300909,0.440655187699091,0.568386986659382,0.447778666725831,0.631990164761627,0.896031619513831,0.431613013340618,0.0155820428454757,CBCsimpleRW,CBCdriftDiffusionLR,0.5,0.0361018837798081,0.897449139937123,8.1585421592042,2.22289213318302,0.5,63.0040517622656
CBC_1019,CBC_1019_MSI_AV_v3_Vset2_Aset1_2023-06-28_16h08.36.821.csv,1,29,3,2,b,1,0,2,aud,D,63,1,3D,2D,1,0,b,3.26159550000011,1,0,1,1,3D,2D,D32,2.68557734525015,0.598988531250474,0.5,0.481949058110096,0.5,0.5,0.579923555688467,0.5,0.5,0.5,0.5,0.583969029504858,0.447778666725831,0.5,0.481949058110096,0.464549789226417,0.552221333274169,0.543112723260736,0.456887276739264,0.552221333274169,0.464549789226417,0.0729731631136697,0.827239723299995,0.447778666725831,0.0161656533852134,CBCsimpleRW,CBCdriftDiffusionLR,0.5,0.0361018837798081,0.897449139937123,8.1585421592042,2.22289213318302,0.5,63.0040517622656
CBC_1019,CBC_1019_MSI_AV_v3_Vset2_Aset1_2023-06-28_16h08.36.821.csv,1,30,0,1,z,0,1,0,aud,B,63,1,0B,1B,0,1,z,2.85401860000093,0,1,1,1,1B,0B,B01,2.70805020110221,0.598988531250474,0.5,0.481949058110096,0.5,0.5,0.579923555688467,0.5,0.5,0.5,0.5,0.583969029504858,0.447778666725831,0.5,0.481949058110096,0.464549789226417,0.568386986659382,0.537004265379467,0.462995734620533,0.579923555688467,0.5,0.1233775538746,0.793025949157682,0.420076444311533,0.01516555097117,CBCsimpleRW,CBCdriftDiffusionLR,0.5,0.0361018837798081,0.897449139937123,8.1585421592042,2.22289213318302,0.5,63.0040517622656
CBC_1019,CBC_1019_MSI_AV_v3_Vset2_Aset1_2023-06-28_16h08.36.821.csv,1,31,2,0,z,0,1,3,aud,A,27,1,2A,0A,0,1,z,3.63621179999973,0,1,1,1,0A,2A,A20,3.13549421592915,0.598988531250474,0.5,0.481949058110096,0.5,0.5,0.595089106659637,0.5,0.5,0.5,0.5,0.583969029504858,0.447778666725831,0.5,0.481949058110096,0.464549789226417,0.568386986659382,0.554137942047891,0.445862057952109,0.598988531250474,0.481949058110096,0.0378258036775734,0.876910863688624,0.401011468749526,0.0144772694391655,CBCsimpleRW,CBCdriftDiffusionLR,0.5,0.0361018837798081,0.897449139937123,8.1585421592042,2.22289213318302,0.5,63.0040517622656
CBC_1019,CBC_1019_MSI_AV_v3_Vset2_Aset1_2023-06-28_16h08.36.821.csv,1,32,3,0,b,1,0,2,aud,D,9,1,3D,0D,1,0,b,1.32957109999916,1,0,1,1,3D,0D,D30,3.85014760171006,0.61346580068964,0.5,0.481949058110096,0.5,0.5,0.595089106659637,0.5,0.5,0.5,0.5,0.583969029504858,0.447778666725831,0.5,0.481949058110096,0.464549789226417,0.568386986659382,0.532004782683292,0.467995217316708,0.568386986659382,0.5,0.629805536252344,0.761600530228601,0.431613013340618,0.0155820428454757,CBCsimpleRW,CBCdriftDiffusionLR,0.5,0.0361018837798081,0.897449139937123,8.1585421592042,2.22289213318302,0.5,63.0040517622656
CBC_1019,CBC_1019_MSI_AV_v3_Vset2_Aset1_2023-06-28_16h08.36.821.csv,1,33,3,2,z,0,1,1,aud,C,63,1,3C,2C,0,1,z,2.26220810000086,0,1,1,1,2C,3C,C32,2.26176309847379,0.61346580068964,0.5,0.481949058110096,0.5,0.5,0.595089106659637,0.5,0.5,0.5,0.5,0.583969029504858,0.447778666725831,0.5,0.481949058110096,0.464549789226417,0.583969029504858,0.565999838563524,0.434000161436476,0.583969029504858,0.447778666725831,0.244123954516797,0.916217043551371,0.416030970495142,0.0150195017456164,CBCsimpleRW,CBCdriftDiffusionLR,0.5,0.0361018837798081,0.897449139937123,8.1585421592042,2.22289213318302,0.5,63.0040517622656
CBC_1019,CBC_1019_MSI_AV_v3_Vset2_Aset1_2023-06-28_16h08.36.821.csv,1,34,0,1,z,0,1,0,aud,B,63,1,0B,1B,0,1,z,1.16145420000066,0,1,1,1,1B,0B,B01,2.50552593699074,0.61346580068964,0.5,0.481949058110096,0.5,0.5,0.595089106659637,0.5,0.5,0.5,0.5,0.598988531250474,0.447778666725831,0.5,0.481949058110096,0.464549789226417,0.583969029504858,0.543416150375967,0.456583849624033,0.595089106659637,0.5,0.647736856632585,0.82837755285259,0.404910893340363,0.014618046012552,CBCsimpleRW,CBCdriftDiffusionLR,0.5,0.0361018837798081,0.897449139937123,8.1585421592042,2.22289213318302,0.5,63.0040517622656
CBC_1019,CBC_1019_MSI_AV_v3_Vset2_Aset1_2023-06-28_16h08.36.821.csv,1,35,0,1,b,1,0,3,aud,A,63,0,0A,1A,0,1,b,2.13040080000064,1,0,1,0,0A,1A,A01,2.30258509299405,0.61346580068964,0.5,0.481949058110096,0.5,0.5,0.609707152672189,0.5,0.5,0.5,0.5,0.598988531250474,0.447778666725831,0.5,0.481949058110096,0.464549789226417,0.583969029504858,0.55095163255996,0.44904836744004,0.61346580068964,0.5,0.305306204311269,0.863957401730685,-0.61346580068964,-0.0221472710393843,CBCsimpleRW,CBCdriftDiffusionLR,0.5,0.0361018837798081,0.897449139937123,8.1585421592042,2.22289213318302,0.5,63.0040517622656
CBC_1019,CBC_1019_MSI_AV_v3_Vset2_Aset1_2023-06-28_16h08.36.821.csv,1,36,2,3,z,0,1,2,aud,D,63,1,2D,3D,0,1,z,1.07953320000161,0,1,1,1,3D,2D,D23,2.83321334405622,0.591318529650256,0.5,0.481949058110096,0.5,0.5,0.609707152672189,0.5,0.5,0.5,0.5,0.598988531250474,0.447778666725831,0.5,0.481949058110096,0.464549789226417,0.583969029504858,0.556946636600638,0.443053363399362,0.583969029504858,0.464549789226417,0.498749237102039,0.887669017453769,0.416030970495142,0.0150195017456164,CBCsimpleRW,CBCdriftDiffusionLR,0.5,0.0361018837798081,0.897449139937123,8.1585421592042,2.22289213318302,0.5,63.0040517622656
CBC_1019,CBC_1019_MSI_AV_v3_Vset2_Aset1_2023-06-28_16h08.36.821.csv,1,37,1,2,b,1,0,0,aud,B,9,1,1B,2B,1,0,b,1.31924910000089,1,0,1,1,1B,2B,B12,3.95124371858143,0.591318529650256,0.5,0.481949058110096,0.5,0.5,0.609707152672189,0.5,0.5,0.5,0.5,0.598988531250474,0.447778666725831,0.5,0.481949058110096,0.464549789226417,0.598988531250474,0.549430677457567,0.450569322542433,0.609707152672189,0.5,0.799769747457293,0.857323792713174,0.390292847327811,0.014090307014319,CBCsimpleRW,CBCdriftDiffusionLR,0.5,0.0361018837798081,0.897449139937123,8.1585421592042,2.22289213318302,0.5,63.0040517622656
CBC_1019,CBC_1019_MSI_AV_v3_Vset2_Aset1_2023-06-28_16h08.36.821.csv,1,38,2,0,z,0,1,3,aud,A,27,1,2A,0A,0,1,z,3.46773170000051,0,1,1,1,0A,2A,A20,2.87167962488401,0.591318529650256,0.5,0.481949058110096,0.5,0.5,0.623797459686508,0.5,0.5,0.5,0.5,0.598988531250474,0.447778666725831,0.5,0.481949058110096,0.464549789226417,0.598988531250474,0.55095163255996,0.44904836744004,0.591318529650256,0.481949058110096,0.0505889160339563,0.863889732514274,0.408681470349744,0.0147541709455275,CBCsimpleRW,CBCdriftDiffusionLR,0.5,0.0361018837798081,0.897449139937123,8.1585421592042,2.22289213318302,0.5,63.0040517622656
CBC_1019,CBC_1019_MSI_AV_v3_Vset2_Aset1_2023-06-28_16h08.36.821.csv,1,39,2,3,b,1,0,1,aud,C,63,1,2C,3C,1,0,b,1.51156579999952,1,0,1,1,2C,3C,C23,3.29583686600433,0.606072700595783,0.5,0.481949058110096,0.5,0.5,0.623797459686508,0.5,0.5,0.5,0.5,0.598988531250474,0.447778666725831,0.5,0.481949058110096,0.464549789226417,0.598988531250474,0.572227074375742,0.427772925624258,0.598988531250474,0.447778666725831,0.813866165668185,0.931866725520101,0.401011468749526,0.0144772694391655,CBCsimpleRW,CBCdriftDiffusionLR,0.5,0.0361018837798081,0.897449139937123,8.1585421592042,2.22289213318302,0.5,63.0040517622656
CBC_1019,CBC_1019_MSI_AV_v3_Vset2_Aset1_2023-06-28_16h08.36.821.csv,1,40,1,3,z,0,1,2,aud,D,27,1,1D,3D,0,1,z,1.56012740000006,0,1,1,1,3D,1D,D13,3.31418600467253,0.606072700595783,0.5,0.481949058110096,0.5,0.5,0.623797459686508,0.5,0.5,0.5,0.5,0.61346580068964,0.447778666725831,0.5,0.481949058110096,0.464549789226417,0.598988531250474,0.554137942047891,0.445862057952109,0.598988531250474,0.481949058110096,0.666074233894466,0.877043957003678,0.401011468749526,0.0144772694391655,CBCsimpleRW,CBCdriftDiffusionLR,0.5,0.0361018837798081,0.897449139937123,8.1585421592042,2.22289213318302,0.5,63.0040517622656
CBC_1019,CBC_1019_MSI_AV_v3_Vset2_Aset1_2023-06-28_16h08.36.821.csv,1,41,0,1,b,1,0,3,aud,A,63,1,0A,1A,1,0,b,1.51582469999994,1,0,1,1,0A,1A,A01,2.23359222150709,0.606072700595783,0.5,0.481949058110096,0.5,0.5,0.623797459686508,0.5,0.5,0.5,0.5,0.61346580068964,0.447778666725831,0.5,0.481949058110096,0.464549789226417,0.61346580068964,0.54795014854749,0.45204985145251,0.606072700595783,0.5,0.661822886517188,0.850159671248563,0.393927299404217,0.0142215175807847,CBCsimpleRW,CBCdriftDiffusionLR,0.5,0.0361018837798081,0.897449139937123,8.1585421592042,2.22289213318302,0.5,63.0040517622656
CBC_1019,CBC_1019_MSI_AV_v3_Vset2_Aset1_2023-06-28_16h08.36.821.csv,1,42,0,2,z,0,1,1,aud,C,27,1,0C,2C,0,1,b,2.40622590000021,1,0,0,0,0C,2C,C02,3.3499040872746,0.620294218176568,0.5,0.481949058110096,0.5,0.5,0.623797459686508,0.5,0.5,0.5,0.5,0.61346580068964,0.447778666725831,0.5,0.481949058110096,0.464549789226417,0.61346580068964,0.44904836744004,0.55095163255996,0.5,0.61346580068964,0.0331971902130594,0.136087258385577,-0.5,-0.018050941889904,CBCsimpleRW,CBCdriftDiffusionLR,0.5,0.0361018837798081,0.897449139937123,8.1585421592042,2.22289213318302,0.5,63.0040517622656
CBC_1019,CBC_1019_MSI_AV_v3_Vset2_Aset1_2023-06-28_16h08.36.821.csv,1,43,3,2,b,1,0,2,aud,D,63,1,3D,2D,1,0,b,1.23239319999993,1,0,1,1,3D,2D,D32,2.67414864942653,0.620294218176568,0.5,0.481949058110096,0.5,0.5,0.623797459686508,0.5,0.5,0.481949058110096,0.5,0.61346580068964,0.447778666725831,0.5,0.481949058110096,0.464549789226417,0.61346580068964,0.569069507369007,0.430930492630993,0.61346580068964,0.464549789226417,1.023154562222,0.92443146683466,0.38653419931036,0.0139546127404238,CBCsimpleRW,CBCdriftDiffusionLR,0.5,0.0361018837798081,0.897449139937123,8.1585421592042,2.22289213318302,0.5,63.0040517622656
CBC_1019,CBC_1019_MSI_AV_v3_Vset2_Aset1_2023-06-28_16h08.36.821.csv,1,44,1,0,b,1,0,0,aud,B,63,1,1B,0B,1,0,b,1.85909689999971,1,0,1,1,1B,0B,B10,2.97892515523761,0.620294218176568,0.5,0.481949058110096,0.5,0.5,0.623797459686508,0.5,0.5,0.481949058110096,0.5,0.61346580068964,0.447778666725831,0.5,0.481949058110096,0.464549789226417,0.627420413430064,0.555079969535188,0.444920030464812,0.623797459686508,0.5,0.447581439940146,0.880796840465577,0.376202540313492,0.0135816203880662,CBCsimpleRW,CBCdriftDiffusionLR,0.5,0.0361018837798081,0.897449139937123,8.1585421592042,2.22289213318302,0.5,63.0040517622656
CBC_1019,CBC_1019_MSI_TV_v3_Vset5_Tset2_2023-06-28_16h17.24.850.csv,2,1,0,1,b,1,0,3,tac,A,63,1,0A,1A,1,0,z,1.9776379,0,1,0,0,1A,0A,A01,2.77258872223978,0.5,0.5,0.5,0.5,0.5,0.5,0.5,0.5,0.5,0.5,0.5,0.5,0.5,0.5,0.5,0.5,0.5,0.5,0.5,0.5,0.222552009085966,0.498981716136135,-0.5,-0.0189021503760078,CBCsimpleRW,CBCdriftDiffusionLR,0.5,0.0378043007520156,0.971280433527885,11.4651929892745,2.56215906255679,0.5,66.6950130772342
CBC_1019,CBC_1019_MSI_TV_v3_Vset5_Tset2_2023-06-28_16h17.24.850.csv,2,2,2,3,z,0,1,2,tac,D,63,1,2D,3D,0,1,z,2.3704644,0,1,1,1,3D,2D,D23,2.83321334405622,0.5,0.481097849623992,0.5,0.5,0.5,0.5,0.5,0.5,0.5,0.5,0.5,0.5,0.5,0.5,0.5,0.5,0.5,0.5,0.5,0.5,0.167161039310499,0.500318276813757,0.5,0.0189021503760078,CBCsimpleRW,CBCdriftDiffusionLR,0.5,0.0378043007520156,0.971280433527885,11.4651929892745,2.56215906255679,0.5,66.6950130772342
CBC_1019,CBC_1019_MSI_TV_v3_Vset5_Tset2_2023-06-28_16h17.24.850.csv,2,3,0,2,z,0,1,1,tac,C,27,1,0C,2C,0,1,b,2.7995421,1,0,0,0,0C,2C,C02,2.89037175789616,0.5,0.481097849623992,0.5,0.5,0.5,0.5,0.5,0.5,0.5,0.5,0.5,0.5,0.5,0.5,0.5,0.518902150376008,0.5,0.5,0.5,0.5,0.12097046476068,0.499579052224504,-0.5,-0.0189021503760078,CBCsimpleRW,CBCdriftDiffusionLR,0.5,0.0378043007520156,0.971280433527885,11.4651929892745,2.56215906255679,0.5,66.6950130772342
CBC_1019,CBC_1019_MSI_TV_v3_Vset5_Tset2_2023-06-28_16h17.24.850.csv,2,4,0,1,b,1,0,3,tac,A,63,1,0A,1A,1,0,z,2.4092744,0,1,0,0,1A,0A,A01,2.2512917986065,0.5,0.481097849623992,0.5,0.5,0.5,0.5,0.5,0.5,0.481097849623992,0.5,0.5,0.5,0.5,0.5,0.5,0.518902150376008,0.490366837322469,0.509633162677531,0.481097849623992,0.5,0.117870842369127,0.361565202039537,-0.481097849623992,-0.0181875677983334,CBCsimpleRW,CBCdriftDiffusionLR,0.5,0.0378043007520156,0.971280433527885,11.4651929892745,2.56215906255679,0.5,66.6950130772342
CBC_1019,CBC_1019_MSI_TV_v3_Vset5_Tset2_2023-06-28_16h17.24.850.csv,2,5,1,3,b,1,0,0,tac,B,27,1,1B,3B,1,0,b,1.8230413,1,0,1,1,1B,3B,B13,2.99573227355399,0.5,0.462910281825659,0.5,0.5,0.5,0.5,0.5,0.5,0.481097849623992,0.5,0.5,0.5,0.5,0.5,0.5,0.518902150376008,0.5,0.5,0.5,0.5,0.247794539700867,0.50007542444193,0.5,0.0189021503760078,CBCsimpleRW,CBCdriftDiffusionLR,0.5,0.0378043007520156,0.971280433527885,11.4651929892745,2.56215906255679,0.5,66.6950130772342
CBC_1019,CBC_1019_MSI_TV_v3_Vset5_Tset2_2023-06-28_16h17.24.850.csv,2,6,3,2,z,0,1,1,tac,C,63,1,3C,2C,0,1,z,2.070941,0,1,1,1,2C,3C,C32,3.04452243772342,0.5,0.462910281825659,0.5,0.5,0.5,0.518902150376008,0.5,0.5,0.481097849623992,0.5,0.5,0.5,0.5,0.5,0.5,0.518902150376008,0.5,0.5,0.5,0.5,0.208329749652267,0.49950678728108,0.5,0.0189021503760078,CBCsimpleRW,CBCdriftDiffusionLR,0.5,0.0378043007520156,0.971280433527885,11.4651929892745,2.56215906255679,0.5,66.6950130772342
CBC_1019,CBC_1019_MSI_TV_v3_Vset5_Tset2_2023-06-28_16h17.24.850.csv,2,7,3,2,b,1,0,2,tac,D,63,0,3D,2D,0,1,b,2.282703,1,0,1,0,3D,2D,D32,3.09104245335832,0.5,0.462910281825659,0.5,0.5,0.5,0.518902150376008,0.5,0.5,0.481097849623992,0.5,0.518902150376008,0.5,0.5,0.5,0.5,0.518902150376008,0.509275743686002,0.490724256313998,0.518902150376008,0.5,0.227216863253227,0.632524913152222,-0.518902150376008,-0.0196167329536822,CBCsimpleRW,CBCdriftDiffusionLR,0.5,0.0378043007520156,0.971280433527885,11.4651929892745,2.56215906255679,0.5,66.6950130772342
CBC_1019,CBC_1019_MSI_TV_v3_Vset5_Tset2_2023-06-28_16h17.24.850.csv,2,8,0,1,z,0,1,0,tac,B,63,1,0B,1B,0,1,b,3.191994,1,0,0,0,0B,1B,B01,3.13549421592915,0.5,0.462910281825659,0.5,0.5,0.5,0.518902150376008,0.5,0.5,0.481097849623992,0.5,0.518902150376008,0.5,0.5,0.5,0.5,0.499285417422326,0.490724256313998,0.509275743686002,0.5,0.518902150376008,0.0652891249386518,0.367074575875704,-0.5,-0.0189021503760078,CBCsimpleRW,CBCdriftDiffusionLR,0.5,0.0378043007520156,0.971280433527885,11.4651929892745,2.56215906255679,0.5,66.6950130772342
CBC_1019,CBC_1019_MSI_TV_v3_Vset5_Tset2_2023-06-28_16h17.24.850.csv,2,9,2,0,z,0,1,3,tac,A,27,1,2A,0A,0,1,z,2.9685056,0,1,1,1,0A,2A,A20,3.17805383034795,0.5,0.462910281825659,0.5,0.5,0.481097849623992,0.518902150376008,0.5,0.5,0.481097849623992,0.5,0.518902150376008,0.5,0.5,0.5,0.5,0.499285417422326,0.5,0.5,0.5,0.5,0.106680950702295,0.500217774400605,0.5,0.0189021503760078,CBCsimpleRW,CBCdriftDiffusionLR,0.5,0.0378043007520156,0.971280433527885,11.4651929892745,2.56215906255679,0.5,66.6950130772342
CBC_1019,CBC_1019_MSI_TV_v3_Vset5_Tset2_2023-06-28_16h17.24.850.csv,2,10,3,0,b,1,0,2,tac,D,9,1,3D,0D,1,0,z,2.3677922,0,1,0,0,0D,3D,D30,3.2188758248682,0.518902150376008,0.462910281825659,0.5,0.5,0.481097849623992,0.518902150376008,0.5,0.5,0.481097849623992,0.5,0.518902150376008,0.5,0.5,0.5,0.5,0.499285417422326,0.500357546785541,0.499642453214459,0.5,0.499285417422326,0.169125248003264,0.505182826067017,-0.5,-0.0189021503760078,CBCsimpleRW,CBCdriftDiffusionLR,0.5,0.0378043007520156,0.971280433527885,11.4651929892745,2.56215906255679,0.5,66.6950130772342
CBC_1019,CBC_1019_MSI_TV_v3_Vset5_Tset2_2023-06-28_16h17.24.850.csv,2,11,2,3,b,1,0,1,tac,C,63,1,2C,3C,1,0,z,3.0427023,0,1,0,0,3C,2C,C23,3.25809653802148,0.518902150376008,0.462910281825659,0.5,0.5,0.481097849623992,0.518902150376008,0.5,0.5,0.481097849623992,0.5,0.518902150376008,0.5,0.481097849623992,0.5,0.5,0.499285417422326,0.490724256313998,0.509275743686002,0.5,0.518902150376008,0.0733003251670947,0.367124974859324,-0.5,-0.0189021503760078,CBCsimpleRW,CBCdriftDiffusionLR,0.5,0.0378043007520156,0.971280433527885,11.4651929892745,2.56215906255679,0.5,66.6950130772342
CBC_1019,CBC_1019_MSI_TV_v3_Vset5_Tset2_2023-06-28_16h17.24.850.csv,2,12,0,1,z,0,1,0,tac,B,63,1,0B,1B,0,1,z,2.5909941,0,1,1,1,1B,0B,B01,2.60268968544438,0.518902150376008,0.462910281825659,0.5,0.5,0.481097849623992,0.518902150376008,0.5,0.5,0.481097849623992,0.5,0.518902150376008,0.481097849623992,0.481097849623992,0.5,0.5,0.499285417422326,0.518902150376008,0.481097849623992,0.518902150376008,0.481097849623992,0.211826292276224,0.75190926793225,0.481097849623992,0.0181875677983334,CBCsimpleRW,CBCdriftDiffusionLR,0.5,0.0378043007520156,0.971280433527885,11.4651929892745,2.56215906255679,0.5,66.6950130772342
CBC_1019,CBC_1019_MSI_TV_v3_Vset5_Tset2_2023-06-28_16h17.24.850.csv,2,13,2,3,z,0,1,2,tac,D,63,1,2D,3D,0,1,b,2.4005722,1,0,0,0,2D,3D,D23,2.63905732961526,0.518902150376008,0.462910281825659,0.5,0.5,0.481097849623992,0.537089718174341,0.5,0.5,0.481097849623992,0.5,0.518902150376008,0.481097849623992,0.481097849623992,0.5,0.5,0.499285417422326,0.500357546785541,0.499642453214459,0.5,0.499285417422326,0.16500740667935,0.505118440680192,-0.5,-0.0189021503760078,CBCsimpleRW,CBCdriftDiffusionLR,0.5,0.0378043007520156,0.971280433527885,11.4651929892745,2.56215906255679,0.5,66.6950130772342
CBC_1019,CBC_1019_MSI_TV_v3_Vset5_Tset2_2023-06-28_16h17.24.850.csv,2,14,2,3,b,1,0,1,tac,C,63,1,2C,3C,1,0,b,3.7807509,1,0,1,1,2C,3C,C23,2.67414864942653,0.518902150376008,0.462910281825659,0.5,0.5,0.481097849623992,0.537089718174341,0.5,0.5,0.481097849623992,0.5,0.518902150376008,0.481097849623992,0.481097849623992,0.5,0.481097849623992,0.499285417422326,0.518902150376008,0.481097849623992,0.518902150376008,0.481097849623992,0.0774956655716926,0.752356502379821,0.481097849623992,0.0181875677983334,CBCsimpleRW,CBCdriftDiffusionLR,0.5,0.0378043007520156,0.971280433527885,11.4651929892745,2.56215906255679,0.5,66.6950130772342
CBC_1019,CBC_1019_MSI_TV_v3_Vset5_Tset2_2023-06-28_16h17.24.850.csv,2,15,3,1,z,0,1,0,tac,B,27,1,3B,1B,0,1,z,3.5569678,0,1,1,1,1B,3B,B31,3.40119738166216,0.518902150376008,0.462910281825659,0.5,0.5,0.481097849623992,0.537089718174341,0.5,0.5,0.481097849623992,0.5,0.537089718174341,0.481097849623992,0.481097849623992,0.5,0.481097849623992,0.499285417422326,0.517881634310112,0.482118365689888,0.537089718174341,0.5,0.0931960981147856,0.740261286335527,0.462910281825659,0.0174999995153375,CBCsimpleRW,CBCdriftDiffusionLR,0.5,0.0378043007520156,0.971280433527885,11.4651929892745,2.56215906255679,0.5,66.6950130772342
CBC_1019,CBC_1019_MSI_TV_v3_Vset5_Tset2_2023-06-28_16h17.24.850.csv,2,16,0,3,b,1,0,3,tac,A,9,1,0A,3A,1,0,b,2.8166803,1,0,1,1,0A,3A,A03,3.43398720448515,0.518902150376008,0.462910281825659,0.5,0.5,0.481097849623992,0.554589717689679,0.5,0.5,0.481097849623992,0.5,0.537089718174341,0.481097849623992,0.481097849623992,0.5,0.481097849623992,0.499285417422326,0.509275743686002,0.490724256313998,0.518902150376008,0.5,0.150536167803923,0.632935549346879,0.481097849623992,0.0181875677983334,CBCsimpleRW,CBCdriftDiffusionLR,0.5,0.0378043007520156,0.971280433527885,11.4651929892745,2.56215906255679,0.5,66.6950130772342
CBC_1019,CBC_1019_MSI_TV_v3_Vset5_Tset2_2023-06-28_16h17.24.850.csv,2,17,2,3,z,0,1,2,tac,D,63,1,2D,3D,0,1,b,2.2796864,1,0,0,0,2D,3D,D23,2.36712361413162,0.537089718174341,0.462910281825659,0.5,0.5,0.481097849623992,0.554589717689679,0.5,0.5,0.481097849623992,0.5,0.537089718174341,0.481097849623992,0.481097849623992,0.5,0.481097849623992,0.499285417422326,0.490724256313998,0.509275743686002,0.481097849623992,0.499285417422326,0.132099570380041,0.366864274607698,-0.481097849623992,-0.0181875677983334,CBCsimpleRW,CBCdriftDiffusionLR,0.5,0.0378043007520156,0.971280433527885,11.4651929892745,2.56215906255679,0.5,66.6950130772342
CBC_1019,CBC_1019_MSI_TV_v3_Vset5_Tset2_2023-06-28_16h17.24.850.csv,2,18,0,2,z,0,1,1,tac,C,27,1,0C,2C,0,1,z,2.8807155,0,1,1,1,2C,0C,C02,2.80336038090653,0.537089718174341,0.462910281825659,0.5,0.5,0.481097849623992,0.554589717689679,0.5,0.5,0.481097849623992,0.5,0.537089718174341,0.481097849623992,0.481097849623992,0.5,0.462910281825659,0.499285417422326,0.527495851609848,0.472504148390153,0.537089718174341,0.481097849623992,0.174787115357158,0.834114627987704,0.462910281825659,0.0174999995153375,CBCsimpleRW,CBCdriftDiffusionLR,0.5,0.0378043007520156,0.971280433527885,11.4651929892745,2.56215906255679,0.5,66.6950130772342
CBC_1019,CBC_1019_MSI_TV_v3_Vset5_Tset2_2023-06-28_16h17.24.850.csv,2,19,0,1,b,1,0,3,tac,A,63,1,0A,1A,1,0,b,2.8169973,1,0,1,1,0A,1A,A01,2.42774823594805,0.537089718174341,0.462910281825659,0.5,0.5,0.481097849623992,0.554589717689679,0.5,0.5,0.481097849623992,0.5,0.554589717689679,0.481097849623992,0.481097849623992,0.5,0.462910281825659,0.499285417422326,0.537089718174341,0.462910281825659,0.537089718174341,0.462910281825659,0.18220973944769,0.898457168626765,0.462910281825659,0.0174999995153375,CBCsimpleRW,CBCdriftDiffusionLR,0.5,0.0378043007520156,0.971280433527885,11.4651929892745,2.56215906255679,0.5,66.6950130772342
CBC_1019,CBC_1019_MSI_TV_v3_Vset5_Tset2_2023-06-28_16h17.24.850.csv,2,20,1,0,b,1,0,0,tac,B,63,0,1B,0B,0,1,b,1.3914311,1,0,1,0,1B,0B,B10,3.55534806148941,0.554589717689679,0.462910281825659,0.5,0.5,0.481097849623992,0.554589717689679,0.5,0.5,0.481097849623992,0.5,0.554589717689679,0.481097849623992,0.481097849623992,0.5,0.462910281825659,0.499285417422326,0.535479748133072,0.464520251866928,0.554589717689679,0.481097849623992,0.656438400138746,0.88924312538344,-0.554589717689679,-0.020965876481516,CBCsimpleRW,CBCdriftDiffusionLR,0.5,0.0378043007520156,0.971280433527885,11.4651929892745,2.56215906255679,0.5,66.6950130772342
CBC_1019,CBC_1019_MSI_TV_v3_Vset5_Tset2_2023-06-28_16h17.24.850.csv,2,21,3,1,b,1,0,2,tac,D,27,1,3D,1D,1,0,b,2.8472677,1,0,1,1,3D,1D,D31,3.58351893845611,0.554589717689679,0.462910281825659,0.5,0.5,0.481097849623992,0.533623841208163,0.5,0.5,0.481097849623992,0.5,0.554589717689679,0.481097849623992,0.481097849623992,0.5,0.462910281825659,0.499285417422326,0.499642453214459,0.500357546785541,0.499285417422326,0.5,0.115577841061085,0.494741494714925,0.500714582577674,0.0189291646706863,CBCsimpleRW,CBCdriftDiffusionLR,0.5,0.0378043007520156,0.971280433527885,11.4651929892745,2.56215906255679,0.5,66.6950130772342
CBC_1019,CBC_1019_MSI_TV_v3_Vset5_Tset2_2023-06-28_16h17.24.850.csv,2,22,3,2,z,0,1,1,tac,C,63,1,3C,2C,NaN,NaN,None,NaN,NaN,NaN,NaN,NaN,,,C32,2.91777073208428,0.554589717689679,0.462910281825659,0.5,0.5,0.481097849623992,0.533623841208163,0.5,0.5,0.481097849623992,0.5,0.554589717689679,0.481097849623992,0.481097849623992,0.5,0.462910281825659,0.518214582093012,0,0,0,0,NaN,0,0,0,CBCsimpleRW,CBCdriftDiffusionLR,0.5,0.0378043007520156,0.971280433527885,11.4651929892745,2.56215906255679,0.5,66.6950130772342
CBC_1019,CBC_1019_MSI_TV_v3_Vset5_Tset2_2023-06-28_16h17.24.850.csv,2,23,0,1,z,0,1,0,tac,B,63,1,0B,1B,0,1,z,1.1478389,0,1,1,1,1B,0B,B01,2.53897387105828,0.554589717689679,0.462910281825659,0.5,0.5,0.481097849623992,0.533623841208163,0.5,0.5,0.481097849623992,0.5,0.554589717689679,0.481097849623992,0.481097849623992,0.5,0.462910281825659,0.518214582093012,0.525881969439864,0.474118030560136,0.533623841208163,0.481097849623992,0.136714722269858,0.820199443572634,0.466376158791837,0.0176310245705364,CBCsimpleRW,CBCdriftDiffusionLR,0.5,0.0378043007520156,0.971280433527885,11.4651929892745,2.56215906255679,0.5,66.6950130772342
CBC_1019,CBC_1019_MSI_TV_v3_Vset5_Tset2_2023-06-28_16h17.24.850.csv,2,24,0,2,b,1,0,3,tac,A,27,1,0A,2A,1,0,b,2.2034248,1,0,1,1,0A,2A,A02,3.66356164612965,0.554589717689679,0.462910281825659,0.5,0.5,0.481097849623992,0.551254865778699,0.5,0.5,0.481097849623992,0.5,0.554589717689679,0.481097849623992,0.481097849623992,0.5,0.462910281825659,0.518214582093012,0.525881969439864,0.474118030560136,0.554589717689679,0.5,0.326010265354407,0.821235714490274,0.445410282310321,0.0168384242704995,CBCsimpleRW,CBCdriftDiffusionLR,0.5,0.0378043007520156,0.971280433527885,11.4651929892745,2.56215906255679,0.5,66.6950130772342
CBC_1019,CBC_1019_MSI_TV_v3_Vset5_Tset2_2023-06-28_16h17.24.850.csv,2,25,3,2,b,1,0,2,tac,D,63,1,3D,2D,1,0,b,3.1931317,1,0,1,1,3D,2D,D32,2.99573227355399,0.571428141960178,0.462910281825659,0.5,0.5,0.481097849623992,0.551254865778699,0.5,0.5,0.481097849623992,0.5,0.554589717689679,0.481097849623992,0.481097849623992,0.5,0.462910281825659,0.518214582093012,0.528184129411655,0.471815870588345,0.518214582093012,0.462910281825659,0.129588622168385,0.839962497269616,0.481785417906988,0.0182135608364913,CBCsimpleRW,CBCdriftDiffusionLR,0.5,0.0378043007520156,0.971280433527885,11.4651929892745,2.56215906255679,0.5,66.6950130772342
CBC_1019,CBC_1019_MSI_TV_v3_Vset5_Tset2_2023-06-28_16h17.24.850.csv,2,26,0,2,z,0,1,1,tac,C,27,1,0C,2C,0,1,z,2.9534942,0,1,1,1,2C,0C,C02,2.6149597780362,0.571428141960178,0.462910281825659,0.5,0.5,0.481097849623992,0.551254865778699,0.5,0.5,0.481097849623992,0.5,0.554589717689679,0.481097849623992,0.481097849623992,0.5,0.462910281825659,0.536428142929503,0.535479748133072,0.464520251866928,0.554589717689679,0.481097849623992,0.158602133000683,0.889786793049695,0.445410282310321,0.0168384242704995,CBCsimpleRW,CBCdriftDiffusionLR,0.5,0.0378043007520156,0.971280433527885,11.4651929892745,2.56215906255679,0.5,66.6950130772342
CBC_1019,CBC_1019_MSI_TV_v3_Vset5_Tset2_2023-06-28_16h17.24.850.csv,2,27,0,1,z,0,1,0,tac,B,63,1,0B,1B,0,1,z,2.6121374,0,1,1,1,1B,0B,B01,2.35137525716348,0.571428141960178,0.462910281825659,0.5,0.5,0.481097849623992,0.551254865778699,0.5,0.5,0.481097849623992,0.5,0.571428141960178,0.481097849623992,0.481097849623992,0.5,0.462910281825659,0.536428142929503,0.53397918904458,0.46602081095542,0.551254865778699,0.481097849623992,0.229809898859732,0.880497129832027,0.448745134221301,0.0169644960151057,CBCsimpleRW,CBCdriftDiffusionLR,0.5,0.0378043007520156,0.971280433527885,11.4651929892745,2.56215906255679,0.5,66.6950130772342
CBC_1019,CBC_1019_MSI_TV_v3_Vset5_Tset2_2023-06-28_16h17.24.850.csv,2,28,1,0,z,0,1,3,tac,A,63,1,1A,0A,0,1,z,1.5995394,0,1,1,1,0A,1A,A10,3.76120011569356,0.571428141960178,0.462910281825659,0.5,0.5,0.481097849623992,0.568219361793805,0.5,0.5,0.481097849623992,0.5,0.571428141960178,0.481097849623992,0.481097849623992,0.5,0.462910281825659,0.536428142929503,0.552457618144614,0.447542381855386,0.571428141960178,0.462910281825659,0.823958065253679,0.956171306422269,0.428571858039822,0.0162018594151875,CBCsimpleRW,CBCdriftDiffusionLR,0.5,0.0378043007520156,0.971280433527885,11.4651929892745,2.56215906255679,0.5,66.6950130772342
CBC_1019,CBC_1019_MSI_TV_v3_Vset5_Tset2_2023-06-28_16h17.24.850.csv,2,29,2,3,b,1,0,1,tac,C,63,0,2C,3C,0,1,z,1.7286652,0,1,0,1,3C,2C,C23,2.68557734525015,0.587630001375366,0.462910281825659,0.5,0.5,0.481097849623992,0.568219361793805,0.5,0.5,0.481097849623992,0.5,0.571428141960178,0.481097849623992,0.481097849623992,0.5,0.462910281825659,0.536428142929503,0.457088806804557,0.542911193195443,0.481097849623992,0.571428141960178,0.0513959384190631,0.074163921449985,0.518902150376008,0.0196167329536822,CBCsimpleRW,CBCdriftDiffusionLR,0.5,0.0378043007520156,0.971280433527885,11.4651929892745,2.56215906255679,0.5,66.6950130772342
CBC_1019,CBC_1019_MSI_TV_v3_Vset5_Tset2_2023-06-28_16h17.24.850.csv,2,30,1,3,z,0,1,2,tac,D,27,1,1D,3D,0,1,z,2.018582,0,1,1,1,3D,1D,D13,3.80666248977032,0.587630001375366,0.462910281825659,0.5,0.5,0.481097849623992,0.568219361793805,0.5,0.5,0.481097849623992,0.5,0.571428141960178,0.500714582577674,0.481097849623992,0.5,0.462910281825659,0.536428142929503,0.517573887383325,0.482426112616675,0.536428142929503,0.5,0.33397374736065,0.738485626984867,0.463571857070497,0.0175250099048634,CBCsimpleRW,CBCdriftDiffusionLR,0.5,0.0378043007520156,0.971280433527885,11.4651929892745,2.56215906255679,0.5,66.6950130772342
CBC_1019,CBC_1019_MSI_TV_v3_Vset5_Tset2_2023-06-28_16h17.24.850.csv,2,31,0,1,b,1,0,3,tac,A,63,1,0A,1A,1,0,b,1.3902008,1,0,1,1,0A,1A,A01,2.4423470353692,0.587630001375366,0.462910281825659,0.5,0.5,0.481097849623992,0.568219361793805,0.5,0.5,0.481097849623992,0.5,0.571428141960178,0.500714582577674,0.481097849623992,0.5,0.462910281825659,0.553953152834367,0.559359798735981,0.440640201264019,0.587630001375366,0.462910281825659,1.03089963502422,0.970297383323383,0.412369998624634,0.0155893594491139,CBCsimpleRW,CBCdriftDiffusionLR,0.5,0.0378043007520156,0.971280433527885,11.4651929892745,2.56215906255679,0.5,66.6950130772342
CBC_1019,CBC_1019_MSI_TV_v3_Vset5_Tset2_2023-06-28_16h17.24.850.csv,2,32,2,3,z,0,1,2,tac,D,63,1,2D,3D,0,1,b,3.4218016,1,0,0,0,2D,3D,D23,2.46385324059017,0.60321936082448,0.462910281825659,0.5,0.5,0.481097849623992,0.568219361793805,0.5,0.5,0.481097849623992,0.5,0.571428141960178,0.500714582577674,0.481097849623992,0.5,0.462910281825659,0.553953152834367,0.455233481751093,0.544766518248907,0.462910281825659,0.553953152834367,0.00561207773379394,0.0673279362955393,-0.462910281825659,-0.0174999995153375,CBCsimpleRW,CBCdriftDiffusionLR,0.5,0.0378043007520156,0.971280433527885,11.4651929892745,2.56215906255679,0.5,66.6950130772342
CBC_1019,CBC_1019_MSI_TV_v3_Vset5_Tset2_2023-06-28_16h17.24.850.csv,2,33,1,2,b,1,0,0,tac,B,9,1,1B,2B,1,0,b,1.6670956,1,0,1,1,1B,2B,B12,3.87120101090789,0.60321936082448,0.462910281825659,0.5,0.5,0.481097849623992,0.568219361793805,0.5,0.5,0.481097849623992,0.5,0.571428141960178,0.500714582577674,0.481097849623992,0.5,0.445410282310321,0.553953152834367,0.531931344924907,0.468068655075093,0.568219361793805,0.5,0.573895630527548,0.867146440532348,0.431780638206195,0.0163231651056442,CBCsimpleRW,CBCdriftDiffusionLR,0.5,0.0378043007520156,0.971280433527885,11.4651929892745,2.56215906255679,0.5,66.6950130772342
CBC_1019,CBC_1019_MSI_TV_v3_Vset5_Tset2_2023-06-28_16h17.24.850.csv,2,34,0,1,b,1,0,3,tac,A,63,1,0A,1A,1,0,b,1.4035191,1,0,1,1,0A,1A,A01,2.28238238567653,0.60321936082448,0.462910281825659,0.5,0.5,0.481097849623992,0.584542526899449,0.5,0.5,0.481097849623992,0.5,0.571428141960178,0.500714582577674,0.481097849623992,0.5,0.445410282310321,0.553953152834367,0.565803009965114,0.434196990034886,0.60321936082448,0.462910281825659,1.13810845232733,0.979481914050257,0.39678063917552,0.0150000146159683,CBCsimpleRW,CBCdriftDiffusionLR,0.5,0.0378043007520156,0.971280433527885,11.4651929892745,2.56215906255679,0.5,66.6950130772342
CBC_1019,CBC_1019_MSI_TV_v3_Vset5_Tset2_2023-06-28_16h17.24.850.csv,2,35,1,2,z,0,1,1,tac,C,9,1,1C,2C,0,1,z,1.1644528,0,1,1,1,2C,1C,C12,3.91202300542815,0.618219375440448,0.462910281825659,0.5,0.5,0.481097849623992,0.584542526899449,0.5,0.5,0.481097849623992,0.5,0.571428141960178,0.500714582577674,0.481097849623992,0.5,0.445410282310321,0.553953152834367,0.533333146275914,0.466666853724086,0.571428141960178,0.5,0.2167316834609,0.876614095749231,0.428571858039822,0.0162018594151875,CBCsimpleRW,CBCdriftDiffusionLR,0.5,0.0378043007520156,0.971280433527885,11.4651929892745,2.56215906255679,0.5,66.6950130772342
CBC_1019,CBC_1019_MSI_TV_v3_Vset5_Tset2_2023-06-28_16h17.24.850.csv,2,36,0,1,z,0,1,0,tac,B,63,1,0B,1B,0,1,z,1.3694181,0,1,1,1,1B,0B,B01,2.32238772029023,0.618219375440448,0.462910281825659,0.5,0.5,0.481097849623992,0.584542526899449,0.5,0.5,0.481097849623992,0.5,0.587630001375366,0.500714582577674,0.481097849623992,0.5,0.445410282310321,0.553953152834367,0.548536391616905,0.451463608383094,0.584542526899449,0.481097849623992,0.841220732505035,0.945201581447947,0.415457473100551,0.0157060792627657,CBCsimpleRW,CBCdriftDiffusionLR,0.5,0.0378043007520156,0.971280433527885,11.4651929892745,2.56215906255679,0.5,66.6950130772342
CBC_1019,CBC_1019_MSI_TV_v3_Vset5_Tset2_2023-06-28_16h17.24.850.csv,2,37,1,0,z,0,1,3,tac,A,63,0,1A,0A,1,0,z,1.2886122,0,1,1,0,0A,1A,A10,3.25809653802148,0.618219375440448,0.462910281825659,0.5,0.5,0.481097849623992,0.600248606162215,0.5,0.5,0.481097849623992,0.5,0.587630001375366,0.500714582577674,0.481097849623992,0.5,0.445410282310321,0.553953152834367,0.571827228386059,0.428172771613941,0.618219375440448,0.462910281825659,1.15453987796075,0.985491668547247,-0.618219375440448,-0.0233713511998739,CBCsimpleRW,CBCdriftDiffusionLR,0.5,0.0378043007520156,0.971280433527885,11.4651929892745,2.56215906255679,0.5,66.6950130772342
CBC_1019,CBC_1019_MSI_TV_v3_Vset5_Tset2_2023-06-28_16h17.24.850.csv,2,38,1,0,b,1,0,0,tac,B,63,1,1B,0B,1,0,b,1.7449358,1,0,1,1,1B,0B,B10,3.27714473299218,0.594848024240574,0.462910281825659,0.5,0.5,0.481097849623992,0.600248606162215,0.5,0.5,0.481097849623992,0.5,0.587630001375366,0.500714582577674,0.481097849623992,0.5,0.445410282310321,0.553953152834367,0.55509370095988,0.44490629904012,0.600248606162215,0.481097849623992,0.707595859694025,0.962393550280778,0.399751393837785,0.0151123219186811,CBCsimpleRW,CBCdriftDiffusionLR,0.5,0.0378043007520156,0.971280433527885,11.4651929892745,2.56215906255679,0.5,66.6950130772342
CBC_1019,CBC_1019_MSI_TV_v3_Vset5_Tset2_2023-06-28_16h17.24.850.csv,2,39,3,1,b,1,0,2,tac,D,27,1,3D,1D,1,0,b,1.8735198,1,0,1,1,3D,1D,D31,3.29583686600433,0.594848024240574,0.462910281825659,0.5,0.5,0.481097849623992,0.615360928080896,0.5,0.5,0.481097849623992,0.5,0.587630001375366,0.500714582577674,0.481097849623992,0.5,0.445410282310321,0.553953152834367,0.525595612427968,0.474404387572032,0.553953152834367,0.5,0.435806133145747,0.818871161648174,0.446046847165633,0.0168624891597379,CBCsimpleRW,CBCdriftDiffusionLR,0.5,0.0378043007520156,0.971280433527885,11.4651929892745,2.56215906255679,0.5,66.6950130772342
CBC_1019,CBC_1019_MSI_TV_v3_Vset5_Tset2_2023-06-28_16h17.24.850.csv,2,40,2,3,b,1,0,1,tac,C,63,1,2C,3C,1,0,z,2.1863712,0,1,0,0,3C,2C,C23,2.62103882411258,0.594848024240574,0.462910281825659,0.5,0.5,0.481097849623992,0.615360928080896,0.5,0.5,0.481097849623992,0.5,0.587630001375366,0.500714582577674,0.481097849623992,0.5,0.445410282310321,0.570815641994105,0.460069898780586,0.539930101219414,0.500714582577674,0.587630001375366,0.0356459724080386,0.0874383736130543,-0.500714582577674,-0.0189291646706863,CBCsimpleRW,CBCdriftDiffusionLR,0.5,0.0378043007520156,0.971280433527885,11.4651929892745,2.56215906255679,0.5,66.6950130772342
CBC_1019,CBC_1019_MSI_TV_v3_Vset5_Tset2_2023-06-28_16h17.24.850.csv,2,41,2,0,z,0,1,3,tac,A,27,1,2A,0A,0,1,z,1.4287192,0,1,1,1,0A,2A,A20,3.3322045101752,0.594848024240574,0.462910281825659,0.5,0.5,0.481097849623992,0.615360928080896,0.5,0.5,0.481097849623992,0.5,0.587630001375366,0.481785417906988,0.481097849623992,0.5,0.445410282310321,0.570815641994105,0.543315611911692,0.456684388088308,0.594848024240574,0.5,0.781612589807016,0.926965056545576,0.405151975759426,0.0153164871418827,CBCsimpleRW,CBCdriftDiffusionLR,0.5,0.0378043007520156,0.971280433527885,11.4651929892745,2.56215906255679,0.5,66.6950130772342
CBC_1019,CBC_1019_MSI_TV_v3_Vset5_Tset2_2023-06-28_16h17.24.850.csv,2,42,3,2,b,1,0,2,tac,D,63,1,3D,2D,1,0,b,2.3927048,1,0,1,1,3D,2D,D32,2.94443897916644,0.610164511382457,0.462910281825659,0.5,0.5,0.481097849623992,0.615360928080896,0.5,0.5,0.481097849623992,0.5,0.587630001375366,0.481785417906988,0.481097849623992,0.5,0.445410282310321,0.570815641994105,0.561701515718377,0.438298484281623,0.570815641994105,0.445410282310321,0.242300412808252,0.974162767418249,0.429184358005895,0.0162250145481156,CBCsimpleRW,CBCdriftDiffusionLR,0.5,0.0378043007520156,0.971280433527885,11.4651929892745,2.56215906255679,0.5,66.6950130772342
CBC_1019,CBC_1019_MSI_TV_v3_Vset5_Tset2_2023-06-28_16h17.24.850.csv,2,43,3,1,z,0,1,0,tac,B,27,1,3B,1B,0,1,z,1.6080262,0,1,1,1,1B,3B,B31,3.36729582998647,0.610164511382457,0.462910281825659,0.5,0.5,0.481097849623992,0.615360928080896,0.5,0.5,0.481097849623992,0.5,0.587630001375366,0.481785417906988,0.481097849623992,0.5,0.445410282310321,0.58704065654222,0.551714617742343,0.448285382257658,0.615360928080896,0.5,0.809997885889007,0.95444359783603,0.384639071919104,0.014541011155806,CBCsimpleRW,CBCdriftDiffusionLR,0.5,0.0378043007520156,0.971280433527885,11.4651929892745,2.56215906255679,0.5,66.6950130772342
CBC_1019,CBC_1019_MSI_TV_v3_Vset5_Tset2_2023-06-28_16h17.24.850.csv,2,44,2,3,b,1,0,1,tac,C,63,1,2C,3C,1,0,b,2.1314321,1,0,1,1,2C,3C,C23,2.46809953147162,0.610164511382457,0.462910281825659,0.5,0.5,0.481097849623992,0.629901939236702,0.5,0.5,0.481097849623992,0.5,0.587630001375366,0.481785417906988,0.481097849623992,0.5,0.445410282310321,0.58704065654222,0.549487122384773,0.450512877615227,0.587630001375366,0.481785417906988,0.404477725500009,0.948344882625767,0.412369998624634,0.0155893594491139,CBCsimpleRW,CBCdriftDiffusionLR,0.5,0.0378043007520156,0.971280433527885,11.4651929892745,2.56215906255679,0.5,66.6950130772342
CBC_1019,CBC_1019_MSI_AV_v3_Vset4_Aset3_2023-06-28_17h50.15.634.csv,3,1,1,3,b,1,0,0,aud,B,27,1,1B,3B,1,0,b,2.297013899999,1,0,1,1,1B,3B,B13,2.77258872223978,0.5,0.5,0.5,0.5,0.5,0.5,0.5,0.5,0.5,0.5,0.5,0.5,0.5,0.5,0.5,0.5,0.5,0.5,0.5,0.5,0.180042094161468,0.499195605979672,0.5,0.0566733669190332,CBCsimpleRW,CBCdriftDiffusionLR,0.5,0.113346733838066,1.00630707751843,5.80826926819082,2.39405728396327,0.5,53.4306602388325
CBC_1019,CBC_1019_MSI_AV_v3_Vset4_Aset3_2023-06-28_17h50.15.634.csv,3,2,3,2,z,0,1,1,aud,C,63,1,3C,2C,0,1,b,2.95673379999789,1,0,0,0,3C,2C,C32,2.83321334405622,0.5,0.5,0.5,0.5,0.5,0.556673366919033,0.5,0.5,0.5,0.5,0.5,0.5,0.5,0.5,0.5,0.5,0.5,0.5,0.5,0.5,0.102358208671666,0.500642880346917,-0.5,-0.0566733669190332,CBCsimpleRW,CBCdriftDiffusionLR,0.5,0.113346733838066,1.00630707751843,5.80826926819082,2.39405728396327,0.5,53.4306602388325
CBC_1019,CBC_1019_MSI_AV_v3_Vset4_Aset3_2023-06-28_17h50.15.634.csv,3,3,3,2,b,1,0,2,aud,D,63,1,3D,2D,1,0,b,2.13012530000015,1,0,1,1,3D,2D,D32,2.89037175789616,0.5,0.5,0.5,0.5,0.5,0.556673366919033,0.5,0.5,0.5,0.5,0.5,0.443326633080967,0.5,0.5,0.5,0.5,0.5,0.5,0.5,0.5,0.208178706235372,0.500399000670379,0.5,0.0566733669190332,CBCsimpleRW,CBCdriftDiffusionLR,0.5,0.113346733838066,1.00630707751843,5.80826926819082,2.39405728396327,0.5,53.4306602388325
CBC_1019,CBC_1019_MSI_AV_v3_Vset4_Aset3_2023-06-28_17h50.15.634.csv,3,4,0,1,z,0,1,0,aud,B,63,0,0B,1B,1,0,z,1.77212379999946,0,1,1,0,1B,0B,B01,2.94443897916644,0.5,0.5,0.5,0.5,0.5,0.556673366919033,0.5,0.5,0.5,0.5,0.5,0.443326633080967,0.5,0.5,0.5,0.556673366919033,0.526816880548564,0.473183119451436,0.556673366919033,0.5,0.390895718608401,0.67882553049559,-0.556673366919033,-0.063097107954912,CBCsimpleRW,CBCdriftDiffusionLR,0.5,0.113346733838066,1.00630707751843,5.80826926819082,2.39405728396327,0.5,53.4306602388325
CBC_1019,CBC_1019_MSI_AV_v3_Vset4_Aset3_2023-06-28_17h50.15.634.csv,3,5,0,3,b,1,0,3,aud,A,9,1,0A,3A,1,0,b,2.37205799999902,1,0,1,1,0A,3A,A03,2.99573227355399,0.5,0.5,0.5,0.5,0.5,0.493576258964121,0.5,0.5,0.5,0.5,0.5,0.443326633080967,0.5,0.5,0.5,0.556673366919033,0.5,0.5,0.5,0.5,0.169328586520863,0.500743666805669,0.5,0.0566733669190332,CBCsimpleRW,CBCdriftDiffusionLR,0.5,0.113346733838066,1.00630707751843,5.80826926819082,2.39405728396327,0.5,53.4306602388325
CBC_1019,CBC_1019_MSI_AV_v3_Vset4_Aset3_2023-06-28_17h50.15.634.csv,3,6,3,2,b,1,0,2,aud,D,63,1,3D,2D,1,0,z,2.69385499999953,0,1,0,0,2D,3D,D32,2.35137525716348,0.556673366919033,0.5,0.5,0.5,0.5,0.493576258964121,0.5,0.5,0.5,0.5,0.5,0.443326633080967,0.5,0.5,0.5,0.556673366919033,0.473183119451436,0.526816880548564,0.5,0.556673366919033,0.0814636049754192,0.322171779088465,-0.5,-0.0566733669190332,CBCsimpleRW,CBCdriftDiffusionLR,0.5,0.113346733838066,1.00630707751843,5.80826926819082,2.39405728396327,0.5,53.4306602388325
CBC_1019,CBC_1019_MSI_AV_v3_Vset4_Aset3_2023-06-28_17h50.15.634.csv,3,7,0,2,z,0,1,1,aud,C,27,1,0C,2C,0,1,b,2.56736900000033,1,0,0,0,0C,2C,C02,3.09104245335832,0.556673366919033,0.5,0.5,0.5,0.5,0.493576258964121,0.5,0.5,0.5,0.5,0.5,0.443326633080967,0.5,0.5,0.443326633080967,0.556673366919033,0.5,0.5,0.5,0.5,0.143082089844634,0.500521921265928,-0.5,-0.0566733669190332,CBCsimpleRW,CBCdriftDiffusionLR,0.5,0.113346733838066,1.00630707751843,5.80826926819082,2.39405728396327,0.5,53.4306602388325
CBC_1019,CBC_1019_MSI_AV_v3_Vset4_Aset3_2023-06-28_17h50.15.634.csv,3,8,0,1,b,1,0,3,aud,A,63,1,0A,1A,1,0,b,2.02084709999872,1,0,1,1,0A,1A,A01,3.13549421592915,0.556673366919033,0.5,0.5,0.5,0.5,0.493576258964121,0.5,0.5,0.443326633080967,0.5,0.5,0.443326633080967,0.5,0.5,0.443326633080967,0.556673366919033,0.526816880548564,0.473183119451436,0.556673366919033,0.5,0.315478493050316,0.678380804351981,0.443326633080967,0.0502496258831545,CBCsimpleRW,CBCdriftDiffusionLR,0.5,0.113346733838066,1.00630707751843,5.80826926819082,2.39405728396327,0.5,53.4306602388325
CBC_1019,CBC_1019_MSI_AV_v3_Vset4_Aset3_2023-06-28_17h50.15.634.csv,3,9,1,0,b,1,0,0,aud,B,63,1,1B,0B,1,0,b,2.56008249999832,1,0,1,1,1B,0B,B10,3.17805383034795,0.606922992802188,0.5,0.5,0.5,0.5,0.493576258964121,0.5,0.5,0.443326633080967,0.5,0.5,0.443326633080967,0.5,0.5,0.443326633080967,0.556673366919033,0.496767363864664,0.503232636135336,0.493576258964121,0.5,0.13726113065776,0.477200085339648,0.506423741035879,0.0574014769844716,CBCsimpleRW,CBCdriftDiffusionLR,0.5,0.113346733838066,1.00630707751843,5.80826926819082,2.39405728396327,0.5,53.4306602388325
CBC_1019,CBC_1019_MSI_AV_v3_Vset4_Aset3_2023-06-28_17h50.15.634.csv,3,10,1,3,z,0,1,2,aud,D,27,1,1D,3D,0,1,z,2.27822620000006,0,1,1,1,3D,1D,D13,3.2188758248682,0.606922992802188,0.5,0.5,0.5,0.5,0.550977735948593,0.5,0.5,0.443326633080967,0.5,0.5,0.443326633080967,0.5,0.5,0.443326633080967,0.556673366919033,0.526816880548564,0.473183119451436,0.556673366919033,0.5,0.249940232394916,0.677688469680581,0.443326633080967,0.0502496258831545,CBCsimpleRW,CBCdriftDiffusionLR,0.5,0.113346733838066,1.00630707751843,5.80826926819082,2.39405728396327,0.5,53.4306602388325
CBC_1019,CBC_1019_MSI_AV_v3_Vset4_Aset3_2023-06-28_17h50.15.634.csv,3,11,3,2,z,0,1,1,aud,C,63,1,3C,2C,0,1,z,1.78860539999914,0,1,1,1,2C,3C,C32,2.56494935746154,0.606922992802188,0.5,0.5,0.5,0.5,0.550977735948593,0.5,0.5,0.443326633080967,0.5,0.5,0.443326633080967,0.5,0.5,0.443326633080967,0.606922992802188,0.530039100419509,0.469960899580491,0.5,0.443326633080967,0.399574859436559,0.698140342447313,0.5,0.0566733669190332,CBCsimpleRW,CBCdriftDiffusionLR,0.5,0.113346733838066,1.00630707751843,5.80826926819082,2.39405728396327,0.5,53.4306602388325
CBC_1019,CBC_1019_MSI_AV_v3_Vset4_Aset3_2023-06-28_17h50.15.634.csv,3,12,1,0,b,1,0,0,aud,B,63,1,1B,0B,1,0,b,2.32751249999819,1,0,1,1,1B,0B,B10,2.60268968544438,0.606922992802188,0.5,0.5,0.5,0.5,0.550977735948593,0.5,0.5,0.443326633080967,0.5,0.556673366919033,0.443326633080967,0.5,0.5,0.443326633080967,0.606922992802188,0.524252528957039,0.475747471042961,0.550977735948593,0.5,0.233198677552184,0.661509849142972,0.449022264051407,0.0508952070508008,CBCsimpleRW,CBCdriftDiffusionLR,0.5,0.113346733838066,1.00630707751843,5.80826926819082,2.39405728396327,0.5,53.4306602388325
CBC_1019,CBC_1019_MSI_AV_v3_Vset4_Aset3_2023-06-28_17h50.15.634.csv,3,13,0,1,b,1,0,3,aud,A,63,1,0A,1A,1,0,b,3.24049319999904,1,0,1,1,0A,1A,A01,2.63905732961526,0.606922992802188,0.5,0.5,0.5,0.5,0.601872942999394,0.5,0.5,0.443326633080967,0.5,0.556673366919033,0.443326633080967,0.5,0.5,0.443326633080967,0.606922992802188,0.54829739444273,0.45170260555727,0.606922992802188,0.5,0.11026217441348,0.792865106978651,0.393077007197812,0.0445539949127142,CBCsimpleRW,CBCdriftDiffusionLR,0.5,0.113346733838066,1.00630707751843,5.80826926819082,2.39405728396327,0.5,53.4306602388325
CBC_1019,CBC_1019_MSI_AV_v3_Vset4_Aset3_2023-06-28_17h50.15.634.csv,3,14,1,2,z,0,1,1,aud,C,9,1,1C,2C,0,1,z,2.15195540000059,0,1,1,1,2C,1C,C12,3.36729582998647,0.651476987714902,0.5,0.5,0.5,0.5,0.601872942999394,0.5,0.5,0.443326633080967,0.5,0.556673366919033,0.443326633080967,0.5,0.5,0.443326633080967,0.606922992802188,0.526816880548564,0.473183119451436,0.556673366919033,0.5,0.280104540379222,0.677558621885366,0.443326633080967,0.0502496258831545,CBCsimpleRW,CBCdriftDiffusionLR,0.5,0.113346733838066,1.00630707751843,5.80826926819082,2.39405728396327,0.5,53.4306602388325
CBC_1019,CBC_1019_MSI_AV_v3_Vset4_Aset3_2023-06-28_17h50.15.634.csv,3,15,1,0,z,0,1,3,aud,A,63,1,1A,0A,0,1,z,1.28130299999975,0,1,1,1,0A,1A,A10,3.40119738166216,0.651476987714902,0.5,0.5,0.5,0.5,0.601872942999394,0.5,0.5,0.443326633080967,0.5,0.606922992802188,0.443326633080967,0.5,0.5,0.443326633080967,0.606922992802188,0.565775082494487,0.434224917505513,0.651476987714902,0.5,0.563263737170711,0.861530521522086,0.348523012285098,0.0395039451099202,CBCsimpleRW,CBCdriftDiffusionLR,0.5,0.113346733838066,1.00630707751843,5.80826926819082,2.39405728396327,0.5,53.4306602388325
CBC_1019,CBC_1019_MSI_AV_v3_Vset4_Aset3_2023-06-28_17h50.15.634.csv,3,16,3,1,b,1,0,2,aud,D,27,1,3D,1D,1,0,b,1.73045949999869,1,0,1,1,3D,1D,D31,3.43398720448515,0.690980932824822,0.5,0.5,0.5,0.5,0.601872942999394,0.5,0.5,0.443326633080967,0.5,0.606922992802188,0.443326633080967,0.5,0.5,0.443326633080967,0.606922992802188,0.54829739444273,0.45170260555727,0.606922992802188,0.5,0.501974407163849,0.792309809362672,0.393077007197812,0.0445539949127142,CBCsimpleRW,CBCdriftDiffusionLR,0.5,0.113346733838066,1.00630707751843,5.80826926819082,2.39405728396327,0.5,53.4306602388325
CBC_1019,CBC_1019_MSI_AV_v3_Vset4_Aset3_2023-06-28_17h50.15.634.csv,3,17,0,1,z,0,1,0,aud,B,63,1,0B,1B,0,1,z,1.68995349999932,0,1,1,1,1B,0B,B01,2.77258872223978,0.690980932824822,0.5,0.5,0.5,0.5,0.601872942999394,0.5,0.5,0.443326633080967,0.5,0.606922992802188,0.443326633080967,0.5,0.5,0.443326633080967,0.651476987714902,0.546227173308243,0.453772826691757,0.601872942999394,0.5,0.509486630493738,0.782762707980542,0.398127057000606,0.0451264015635804,CBCsimpleRW,CBCdriftDiffusionLR,0.5,0.113346733838066,1.00630707751843,5.80826926819082,2.39405728396327,0.5,53.4306602388325
CBC_1019,CBC_1019_MSI_AV_v3_Vset4_Aset3_2023-06-28_17h50.15.634.csv,3,18,2,3,b,1,0,1,aud,C,63,0,2C,3C,0,1,b,3.29556589999993,1,0,1,0,2C,3C,C23,3.49650756146648,0.690980932824822,0.5,0.5,0.5,0.5,0.646999344562974,0.5,0.5,0.443326633080967,0.5,0.606922992802188,0.443326633080967,0.5,0.5,0.443326633080967,0.651476987714902,0.577884512257575,0.422115487742425,0.606922992802188,0.443326633080967,0.0882657403758416,0.897449487669584,-0.606922992802188,-0.0687927389253523,CBCsimpleRW,CBCdriftDiffusionLR,0.5,0.113346733838066,1.00630707751843,5.80826926819082,2.39405728396327,0.5,53.4306602388325
CBC_1019,CBC_1019_MSI_AV_v3_Vset4_Aset3_2023-06-28_17h50.15.634.csv,3,19,2,0,z,0,1,3,aud,A,27,1,2A,0A,0,1,z,1.8467729999993,0,1,1,1,0A,2A,A20,3.52636052461616,0.690980932824822,0.5,0.5,0.5,0.5,0.646999344562974,0.5,0.5,0.443326633080967,0.5,0.538130253876835,0.443326633080967,0.5,0.5,0.443326633080967,0.651476987714902,0.580177997632525,0.419822002367475,0.690980932824822,0.5,0.557407261901345,0.902538144190708,0.309019067175178,0.0350263019579925,CBCsimpleRW,CBCdriftDiffusionLR,0.5,0.113346733838066,1.00630707751843,5.80826926819082,2.39405728396327,0.5,53.4306602388325
CBC_1019,CBC_1019_MSI_AV_v3_Vset4_Aset3_2023-06-28_17h50.15.634.csv,3,20,3,2,b,1,0,2,aud,D,63,1,3D,2D,1,0,b,1.22781899999791,1,0,1,1,3D,2D,D32,2.4567357728213,0.726007234782815,0.5,0.5,0.5,0.5,0.646999344562974,0.5,0.5,0.443326633080967,0.5,0.538130253876835,0.443326633080967,0.5,0.5,0.443326633080967,0.651476987714902,0.595062872774672,0.404937127225328,0.651476987714902,0.443326633080967,0.591434779762059,0.933698731239749,0.348523012285098,0.0395039451099202,CBCsimpleRW,CBCdriftDiffusionLR,0.5,0.113346733838066,1.00630707751843,5.80826926819082,2.39405728396327,0.5,53.4306602388325
CBC_1019,CBC_1019_MSI_AV_v3_Vset4_Aset3_2023-06-28_17h50.15.634.csv,3,21,3,1,z,0,1,0,aud,B,27,1,3B,1B,0,1,z,1.72134630000073,0,1,1,1,1B,3B,B31,3.58351893845611,0.726007234782815,0.5,0.5,0.5,0.5,0.646999344562974,0.5,0.5,0.443326633080967,0.5,0.538130253876835,0.443326633080967,0.5,0.5,0.443326633080967,0.690980932824822,0.564079960141121,0.435920039858879,0.646999344562974,0.5,0.579279674596574,0.855957225471042,0.353000655437026,0.0400114713364836,CBCsimpleRW,CBCdriftDiffusionLR,0.5,0.113346733838066,1.00630707751843,5.80826926819082,2.39405728396327,0.5,53.4306602388325
CBC_1019,CBC_1019_MSI_AV_v3_Vset4_Aset3_2023-06-28_17h50.15.634.csv,3,22,3,2,z,0,1,1,aud,C,63,1,3C,2C,0,1,z,2.22151159999885,0,1,1,1,2C,3C,C32,2.51230562397611,0.726007234782815,0.5,0.5,0.5,0.5,0.687010815899458,0.5,0.5,0.443326633080967,0.5,0.538130253876835,0.443326633080967,0.5,0.5,0.443326633080967,0.690980932824822,0.54829739444273,0.45170260555727,0.538130253876835,0.443326633080967,0.311031266689444,0.793039315791618,0.461869746123165,0.0523514271816777,CBCsimpleRW,CBCdriftDiffusionLR,0.5,0.113346733838066,1.00630707751843,5.80826926819082,2.39405728396327,0.5,53.4306602388325
CBC_1019,CBC_1019_MSI_AV_v3_Vset4_Aset3_2023-06-28_17h50.15.634.csv,3,23,0,1,b,1,0,3,aud,A,63,0,0A,1A,0,1,b,1.16619289999835,1,0,1,0,0A,1A,A01,2.53897387105828,0.726007234782815,0.5,0.5,0.5,0.5,0.687010815899458,0.5,0.5,0.443326633080967,0.5,0.590481681058513,0.443326633080967,0.5,0.5,0.443326633080967,0.690980932824822,0.592172064067326,0.407827935932674,0.726007234782815,0.5,0.277533824563525,0.928194290667886,-0.726007234782815,-0.0822905488054383,CBCsimpleRW,CBCdriftDiffusionLR,0.5,0.113346733838066,1.00630707751843,5.80826926819082,2.39405728396327,0.5,53.4306602388325
CBC_1019,CBC_1019_MSI_AV_v3_Vset4_Aset3_2023-06-28_17h50.15.634.csv,3,24,2,1,z,0,1,0,aud,B,9,1,2B,1B,0,1,z,1.42438859999857,0,1,1,1,1B,2B,B21,3.66356164612965,0.643716685977376,0.5,0.5,0.5,0.5,0.687010815899458,0.5,0.5,0.443326633080967,0.5,0.590481681058513,0.443326633080967,0.5,0.5,0.443326633080967,0.690980932824822,0.578773846621503,0.421226153378497,0.687010815899458,0.5,0.798952469412435,0.899370760345197,0.312989184100542,0.0354763017444378,CBCsimpleRW,CBCdriftDiffusionLR,0.5,0.113346733838066,1.00630707751843,5.80826926819082,2.39405728396327,0.5,53.4306602388325
CBC_1019,CBC_1019_MSI_AV_v3_Vset4_Aset3_2023-06-28_17h50.15.634.csv,3,25,2,3,b,1,0,1,aud,C,63,1,2C,3C,1,0,b,2.03215799999998,1,0,1,1,2C,3C,C23,2.99573227355399,0.643716685977376,0.5,0.5,0.5,0.5,0.722487117643895,0.5,0.5,0.443326633080967,0.5,0.590481681058513,0.443326633080967,0.5,0.5,0.443326633080967,0.690980932824822,0.571171340936659,0.428828659063341,0.590481681058513,0.443326633080967,0.428150629466378,0.878411146148803,0.409518318941487,0.0464175638988731,CBCsimpleRW,CBCdriftDiffusionLR,0.5,0.113346733838066,1.00630707751843,5.80826926819082,2.39405728396327,0.5,53.4306602388325
CBC_1019,CBC_1019_MSI_AV_v3_Vset4_Aset3_2023-06-28_17h50.15.634.csv,3,26,2,3,z,0,1,2,aud,D,63,1,2D,3D,0,1,z,1.4924749999991,0,1,1,1,3D,2D,D23,3.71357206670431,0.643716685977376,0.5,0.5,0.5,0.5,0.722487117643895,0.5,0.5,0.443326633080967,0.5,0.636899244957386,0.443326633080967,0.5,0.5,0.443326633080967,0.690980932824822,0.609165409447875,0.390834590552125,0.690980932824822,0.443326633080967,0.995715270290845,0.954100363609635,0.309019067175178,0.0350263019579925,CBCsimpleRW,CBCdriftDiffusionLR,0.5,0.113346733838066,1.00630707751843,5.80826926819082,2.39405728396327,0.5,53.4306602388325
CBC_1019,CBC_1019_MSI_AV_v3_Vset4_Aset3_2023-06-28_17h50.15.634.csv,3,27,0,1,z,0,1,0,aud,B,63,1,0B,1B,0,1,z,2.31944780000049,0,1,1,1,1B,0B,B01,2.63905732961526,0.643716685977376,0.5,0.5,0.5,0.5,0.722487117643895,0.5,0.5,0.443326633080967,0.5,0.636899244957386,0.443326633080967,0.5,0.5,0.443326633080967,0.726007234782815,0.590997735040634,0.409002264959366,0.722487117643895,0.5,0.301098728471014,0.926092777525292,0.277512882356105,0.031455178813052,CBCsimpleRW,CBCdriftDiffusionLR,0.5,0.113346733838066,1.00630707751843,5.80826926819082,2.39405728396327,0.5,53.4306602388325
CBC_1019,CBC_1019_MSI_AV_v3_Vset4_Aset3_2023-06-28_17h50.15.634.csv,3,28,0,2,b,1,0,3,aud,A,27,1,0A,2A,1,0,b,2.3355317000005,1,0,1,1,0A,2A,A02,3.76120011569356,0.643716685977376,0.5,0.5,0.5,0.5,0.753942296456947,0.5,0.5,0.443326633080967,0.5,0.636899244957386,0.443326633080967,0.5,0.5,0.443326633080967,0.726007234782815,0.562828796562744,0.437171203437256,0.643716685977376,0.5,0.293454198338945,0.85209828940295,0.356283314022624,0.0403835499654666,CBCsimpleRW,CBCdriftDiffusionLR,0.5,0.113346733838066,1.00630707751843,5.80826926819082,2.39405728396327,0.5,53.4306602388325
CBC_1019,CBC_1019_MSI_AV_v3_Vset4_Aset3_2023-06-28_17h50.15.634.csv,3,29,1,3,z,0,1,2,aud,D,27,1,1D,3D,0,1,z,1.38920909999979,0,1,1,1,3D,1D,D13,3.09104245335832,0.684100235942843,0.5,0.5,0.5,0.5,0.753942296456947,0.5,0.5,0.443326633080967,0.5,0.636899244957386,0.443326633080967,0.5,0.5,0.443326633080967,0.726007234782815,0.592172064067326,0.407827935932674,0.726007234782815,0.5,0.898242459309715,0.928607294074193,0.273992765217185,0.0310561850326282,CBCsimpleRW,CBCdriftDiffusionLR,0.5,0.113346733838066,1.00630707751843,5.80826926819082,2.39405728396327,0.5,53.4306602388325
CBC_1019,CBC_1019_MSI_AV_v3_Vset4_Aset3_2023-06-28_17h50.15.634.csv,3,30,1,0,z,0,1,3,aud,A,63,1,1A,0A,0,1,z,1.2232382000002,0,1,1,1,0A,1A,A10,3.11351530921037,0.684100235942843,0.5,0.5,0.5,0.5,0.753942296456947,0.5,0.5,0.443326633080967,0.5,0.636899244957386,0.443326633080967,0.5,0.5,0.443326633080967,0.757063419815443,0.577738450831509,0.422261549168491,0.684100235942843,0.5,0.468935697034648,0.89669854696664,0.315899764057157,0.0358062064760946,CBCsimpleRW,CBCdriftDiffusionLR,0.5,0.113346733838066,1.00630707751843,5.80826926819082,2.39405728396327,0.5,53.4306602388325
CBC_1019,CBC_1019_MSI_AV_v3_Vset4_Aset3_2023-06-28_17h50.15.634.csv,3,31,2,0,b,1,0,1,aud,C,27,1,2C,0C,1,0,b,1.86285029999999,1,0,1,1,2C,0C,C20,3.8286413964891,0.719906442418937,0.5,0.5,0.5,0.5,0.753942296456947,0.5,0.5,0.443326633080967,0.5,0.636899244957386,0.443326633080967,0.5,0.5,0.443326633080967,0.757063419815443,0.58959821080566,0.41040178919434,0.636899244957386,0.443326633080967,0.568189844481569,0.923420259355468,0.363100755042614,0.0411562846382161,CBCsimpleRW,CBCdriftDiffusionLR,0.5,0.113346733838066,1.00630707751843,5.80826926819082,2.39405728396327,0.5,53.4306602388325
CBC_1019,CBC_1019_MSI_AV_v3_Vset4_Aset3_2023-06-28_17h50.15.634.csv,3,32,2,3,z,0,1,2,aud,D,63,1,2D,3D,0,1,z,1.36424269999952,0,1,1,1,3D,2D,D23,3.15700042115011,0.719906442418937,0.5,0.5,0.5,0.5,0.753942296456947,0.5,0.5,0.443326633080967,0.5,0.678055529595602,0.443326633080967,0.5,0.5,0.443326633080967,0.757063419815443,0.630681183994096,0.369318816005904,0.757063419815443,0.443326633080967,1.22900021410668,0.974373650084762,0.242936580184557,0.0275360678937091,CBCsimpleRW,CBCdriftDiffusionLR,0.5,0.113346733838066,1.00630707751843,5.80826926819082,2.39405728396327,0.5,53.4306602388325
CBC_1019,CBC_1019_MSI_AV_v3_Vset4_Aset3_2023-06-28_17h50.15.634.csv,3,33,1,0,b,1,0,0,aud,B,63,1,1B,0B,1,0,b,1.77653400000054,1,0,1,1,1B,0B,B10,2.77258872223978,0.719906442418937,0.5,0.5,0.5,0.5,0.753942296456947,0.5,0.5,0.443326633080967,0.5,0.678055529595602,0.443326633080967,0.5,0.5,0.443326633080967,0.784599487709152,0.601257568699321,0.398742431300679,0.753942296456947,0.5,0.667628910256538,0.943631015883632,0.246057703543053,0.0278898370323002,CBCsimpleRW,CBCdriftDiffusionLR,0.5,0.113346733838066,1.00630707751843,5.80826926819082,2.39405728396327,0.5,53.4306602388325
CBC_1019,CBC_1019_MSI_AV_v3_Vset4_Aset3_2023-06-28_17h50.15.634.csv,3,34,0,1,b,1,0,3,aud,A,63,1,0A,1A,1,0,b,1.4633963999986,1,0,1,1,0A,1A,A01,2.50552593699074,0.719906442418937,0.5,0.5,0.5,0.5,0.781832133489248,0.5,0.5,0.443326633080967,0.5,0.678055529595602,0.443326633080967,0.5,0.5,0.443326633080967,0.784599487709152,0.590132503105274,0.409867496894726,0.719906442418937,0.5,0.878256517375437,0.924511696112468,0.280093557581063,0.0317476899208978,CBCsimpleRW,CBCdriftDiffusionLR,0.5,0.113346733838066,1.00630707751843,5.80826926819082,2.39405728396327,0.5,53.4306602388325
CBC_1019,CBC_1019_MSI_AV_v3_Vset4_Aset3_2023-06-28_17h50.15.634.csv,3,35,2,3,z,0,1,2,aud,D,63,0,2D,3D,1,0,z,2.88611739999942,0,1,1,0,3D,2D,D23,2.81341071676004,0.751654132339835,0.5,0.5,0.5,0.5,0.781832133489248,0.5,0.5,0.443326633080967,0.5,0.678055529595602,0.443326633080967,0.5,0.5,0.443326633080967,0.784599487709152,0.63896310569914,0.36103689430086,0.784599487709152,0.443326633080967,0.0650066775621333,0.979370122351798,-0.784599487709152,-0.0889317893028526,CBCsimpleRW,CBCdriftDiffusionLR,0.5,0.113346733838066,1.00630707751843,5.80826926819082,2.39405728396327,0.5,53.4306602388325
CBC_1019,CBC_1019_MSI_AV_v3_Vset4_Aset3_2023-06-28_17h50.15.634.csv,3,36,2,0,b,1,0,1,aud,C,27,1,2C,0C,1,0,b,2.18244529999902,1,0,1,1,2C,0C,C20,3.23867845216438,0.751654132339835,0.5,0.5,0.5,0.5,0.781832133489248,0.5,0.5,0.443326633080967,0.5,0.678055529595602,0.443326633080967,0.5,0.5,0.443326633080967,0.695667698406299,0.604660527127689,0.395339472872311,0.678055529595602,0.443326633080967,0.357308370614555,0.948587194604648,0.321944470404398,0.0364913541975645,CBCsimpleRW,CBCdriftDiffusionLR,0.5,0.113346733838066,1.00630707751843,5.80826926819082,2.39405728396327,0.5,53.4306602388325
CBC_1019,CBC_1019_MSI_AV_v3_Vset4_Aset3_2023-06-28_17h50.15.634.csv,3,37,0,1,b,1,0,3,aud,A,63,1,0A,1A,1,0,b,1.42742510000062,1,0,1,1,0A,1A,A01,2.34180580614733,0.751654132339835,0.5,0.5,0.5,0.5,0.781832133489248,0.5,0.5,0.443326633080967,0.5,0.714546883793167,0.443326633080967,0.5,0.5,0.443326633080967,0.695667698406299,0.600528622819067,0.399471377180933,0.751654132339835,0.5,0.967718524464924,0.942366634646337,0.248345867660165,0.0281491929614604,CBCsimpleRW,CBCdriftDiffusionLR,0.5,0.113346733838066,1.00630707751843,5.80826926819082,2.39405728396327,0.5,53.4306602388325
CBC_1019,CBC_1019_MSI_AV_v3_Vset4_Aset3_2023-06-28_17h50.15.634.csv,3,38,1,3,b,1,0,0,aud,B,27,1,1B,3B,1,0,b,1.31735229999867,1,0,1,1,1B,3B,B13,3.27714473299218,0.779803325301296,0.5,0.5,0.5,0.5,0.781832133489248,0.5,0.5,0.443326633080967,0.5,0.714546883793167,0.443326633080967,0.5,0.5,0.443326633080967,0.695667698406299,0.609933323610042,0.390066676389958,0.781832133489248,0.5,0.984499795955691,0.955103820202957,0.218167866510752,0.0247286150974131,CBCsimpleRW,CBCdriftDiffusionLR,0.5,0.113346733838066,1.00630707751843,5.80826926819082,2.39405728396327,0.5,53.4306602388325
CBC_1019,CBC_1019_MSI_AV_v3_Vset4_Aset3_2023-06-28_17h50.15.634.csv,3,39,3,2,z,0,1,1,aud,C,63,1,3C,2C,0,1,z,3.5346101999985,0,1,1,1,2C,3C,C32,2.60268968544438,0.779803325301296,0.5,0.5,0.5,0.5,0.806560748586661,0.5,0.5,0.443326633080967,0.5,0.714546883793167,0.443326633080967,0.5,0.5,0.443326633080967,0.695667698406299,0.617119981914952,0.382880018085048,0.714546883793167,0.443326633080967,0.0304991376695792,0.962951332506703,0.285453116206833,0.0323551783859426,CBCsimpleRW,CBCdriftDiffusionLR,0.5,0.113346733838066,1.00630707751843,5.80826926819082,2.39405728396327,0.5,53.4306602388325
CBC_1019,CBC_1019_MSI_AV_v3_Vset4_Aset3_2023-06-28_17h50.15.634.csv,3,40,3,2,b,1,0,2,aud,D,63,1,3D,2D,1,0,b,1.61539710000034,1,0,1,1,3D,2D,D32,2.62103882411258,0.779803325301296,0.5,0.5,0.5,0.5,0.806560748586661,0.5,0.5,0.443326633080967,0.5,0.746902062179109,0.443326633080967,0.5,0.5,0.443326633080967,0.695667698406299,0.610773626500771,0.389226373499229,0.695667698406299,0.443326633080967,0.873122590861837,0.95612954149885,0.304332301593701,0.0344950723870674,CBCsimpleRW,CBCdriftDiffusionLR,0.5,0.113346733838066,1.00630707751843,5.80826926819082,2.39405728396327,0.5,53.4306602388325
CBC_1019,CBC_1019_MSI_AV_v3_Vset4_Aset3_2023-06-28_17h50.15.634.csv,3,41,0,1,z,0,1,0,aud,B,63,1,0B,1B,0,1,z,1.59898009999779,0,1,1,1,1B,0B,B01,2.63905732961526,0.779803325301296,0.5,0.5,0.5,0.5,0.806560748586661,0.5,0.5,0.443326633080967,0.5,0.746902062179109,0.443326633080967,0.5,0.5,0.443326633080967,0.730162770793367,0.61731591849758,0.38268408150242,0.806560748586661,0.5,0.919795115226294,0.962881680449757,0.193439251413339,0.0219257073437826,CBCsimpleRW,CBCdriftDiffusionLR,0.5,0.113346733838066,1.00630707751843,5.80826926819082,2.39405728396327,0.5,53.4306602388325
CBC_1019,CBC_1019_MSI_AV_v3_Vset4_Aset3_2023-06-28_17h50.15.634.csv,3,42,2,0,z,0,1,3,aud,A,27,1,2A,0A,0,1,z,2.31304269999782,0,1,1,1,0A,2A,A20,3.3499040872746,0.779803325301296,0.5,0.5,0.5,0.5,0.828486455930443,0.5,0.5,0.443326633080967,0.5,0.746902062179109,0.443326633080967,0.5,0.5,0.443326633080967,0.730162770793367,0.6093149704215,0.390685029578501,0.779803325301296,0.5,0.283515453873977,0.954410416716752,0.220196674698704,0.0249585738791014,CBCsimpleRW,CBCdriftDiffusionLR,0.5,0.113346733838066,1.00630707751843,5.80826926819082,2.39405728396327,0.5,53.4306602388325
CBC_1019,CBC_1019_MSI_AV_v3_Vset4_Aset3_2023-06-28_17h50.15.634.csv,3,43,3,0,b,1,0,2,aud,D,9,1,3D,0D,1,0,b,1.58661599999868,1,0,1,1,3D,0D,D30,4.06044301054642,0.804761899180397,0.5,0.5,0.5,0.5,0.828486455930443,0.5,0.5,0.443326633080967,0.5,0.746902062179109,0.443326633080967,0.5,0.5,0.443326633080967,0.730162770793367,0.593549722141619,0.406450277858381,0.730162770793367,0.5,0.818816948956024,0.93082525559565,0.269837229206633,0.0305851685984856,CBCsimpleRW,CBCdriftDiffusionLR,0.5,0.113346733838066,1.00630707751843,5.80826926819082,2.39405728396327,0.5,53.4306602388325
CBC_1019,CBC_1019_MSI_AV_v3_Vset4_Aset3_2023-06-28_17h50.15.634.csv,3,44,3,2,z,0,1,1,aud,C,63,1,3C,2C,0,1,b,3.68961820000004,1,0,0,0,3C,2C,C32,2.46809953147162,0.804761899180397,0.5,0.5,0.5,0.5,0.828486455930443,0.5,0.5,0.443326633080967,0.5,0.746902062179109,0.443326633080967,0.5,0.5,0.443326633080967,0.760747939391852,0.37247180717996,0.62752819282004,0.443326633080967,0.746902062179109,0.000491609035653339,0.0281596084959346,-0.443326633080967,-0.0502496258831545,CBCsimpleRW,CBCdriftDiffusionLR,0.5,0.113346733838066,1.00630707751843,5.80826926819082,2.39405728396327,0.5,53.4306602388325
CBC_1019,CBC_1019_MSI_TV_v3_Vset1_Tset3_2023-06-28_18h00.13.129.csv,4,1,0,1,z,0,1,0,tac,B,63,1,0B,1B,0,1,b,2.3024619,1,0,0,0,0B,1B,B01,2.77258872223978,0.5,0.5,0.5,0.5,0.5,0.5,0.5,0.5,0.5,0.5,0.5,0.5,0.5,0.5,0.5,0.5,0.5,0.5,0.5,0.5,0.150138758188011,0.50036730346819,-0.5,-0.0204321094824373,CBCsimpleRW,CBCdriftDiffusionLR,0.5,0.0408642189648746,0.792546520046238,11.3941345935142,3.08448003000491,0.5,64.4644374464001
CBC_1019,CBC_1019_MSI_TV_v3_Vset1_Tset3_2023-06-28_18h00.13.129.csv,4,2,0,1,b,1,0,3,tac,A,63,1,0A,1A,1,0,b,2.6774856,1,0,1,1,0A,1A,A01,2.83321334405622,0.5,0.5,0.5,0.5,0.479567890517563,0.5,0.5,0.5,0.5,0.5,0.5,0.5,0.5,0.5,0.5,0.5,0.5,0.5,0.5,0.5,0.124452787901688,0.501554713739174,0.5,0.0204321094824373,CBCsimpleRW,CBCdriftDiffusionLR,0.5,0.0408642189648746,0.792546520046238,11.3941345935142,3.08448003000491,0.5,64.4644374464001
CBC_1019,CBC_1019_MSI_TV_v3_Vset1_Tset3_2023-06-28_18h00.13.129.csv,4,3,2,3,z,0,1,2,tac,D,63,1,2D,3D,0,1,b,2.57605,1,0,0,0,2D,3D,D23,2.89037175789616,0.520432109482437,0.5,0.5,0.5,0.479567890517563,0.5,0.5,0.5,0.5,0.5,0.5,0.5,0.5,0.5,0.5,0.5,0.5,0.5,0.5,0.5,0.130879541186098,0.500737253972991,-0.5,-0.0204321094824373,CBCsimpleRW,CBCdriftDiffusionLR,0.5,0.0408642189648746,0.792546520046238,11.3941345935142,3.08448003000491,0.5,64.4644374464001
CBC_1019,CBC_1019_MSI_TV_v3_Vset1_Tset3_2023-06-28_18h00.13.129.csv,4,4,2,1,z,0,1,0,tac,B,9,1,2B,1B,0,1,b,2.5355877,1,0,0,0,2B,1B,B21,2.94443897916644,0.520432109482437,0.5,0.5,0.5,0.479567890517563,0.5,0.5,0.5,0.5,0.5,0.5,0.5,0.5,0.5,0.479567890517563,0.5,0.5,0.5,0.5,0.5,0.13307669885623,0.498736360296447,-0.5,-0.0204321094824373,CBCsimpleRW,CBCdriftDiffusionLR,0.5,0.0408642189648746,0.792546520046238,11.3941345935142,3.08448003000491,0.5,64.4644374464001
CBC_1019,CBC_1019_MSI_TV_v3_Vset1_Tset3_2023-06-28_18h00.13.129.csv,4,5,0,2,b,1,0,3,tac,A,27,1,0A,2A,1,0,b,2.6058723,1,0,1,1,0A,2A,A02,2.99573227355399,0.520432109482437,0.5,0.5,0.5,0.479567890517563,0.5,0.479567890517563,0.5,0.5,0.5,0.5,0.5,0.5,0.5,0.479567890517563,0.5,0.510011498703623,0.489988501296377,0.520432109482437,0.5,0.174963605948764,0.67044273172738,0.479567890517563,0.0195971672866327,CBCsimpleRW,CBCdriftDiffusionLR,0.5,0.0408642189648746,0.792546520046238,11.3941345935142,3.08448003000491,0.5,64.4644374464001
CBC_1019,CBC_1019_MSI_TV_v3_Vset1_Tset3_2023-06-28_18h00.13.129.csv,4,6,2,3,b,1,0,1,tac,C,63,1,2C,3C,1,0,z,2.5756628,0,1,0,0,3C,2C,C23,3.04452243772342,0.54002927676907,0.5,0.5,0.5,0.479567890517563,0.5,0.479567890517563,0.5,0.5,0.5,0.5,0.5,0.5,0.5,0.479567890517563,0.5,0.5,0.5,0.5,0.5,0.130673781669061,0.49985123866401,-0.5,-0.0204321094824373,CBCsimpleRW,CBCdriftDiffusionLR,0.5,0.0408642189648746,0.792546520046238,11.3941345935142,3.08448003000491,0.5,64.4644374464001
CBC_1019,CBC_1019_MSI_TV_v3_Vset1_Tset3_2023-06-28_18h00.13.129.csv,4,7,1,3,z,0,1,2,tac,D,27,1,1D,3D,0,1,z,2.9212902,0,1,1,1,3D,1D,D13,3.09104245335832,0.54002927676907,0.5,0.5,0.5,0.479567890517563,0.5,0.479567890517563,0.5,0.5,0.5,0.5,0.479567890517563,0.5,0.5,0.479567890517563,0.5,0.5,0.5,0.5,0.5,0.109388814358804,0.499890025010281,0.5,0.0204321094824373,CBCsimpleRW,CBCdriftDiffusionLR,0.5,0.0408642189648746,0.792546520046238,11.3941345935142,3.08448003000491,0.5,64.4644374464001
CBC_1019,CBC_1019_MSI_TV_v3_Vset1_Tset3_2023-06-28_18h00.13.129.csv,4,8,1,0,z,0,1,3,tac,A,63,1,1A,0A,0,1,z,1.3729785,0,1,1,1,0A,1A,A10,3.13549421592915,0.54002927676907,0.5,0.5,0.5,0.479567890517563,0.5,0.479567890517563,0.5,0.5,0.5,0.5,0.479567890517563,0.5,0.5,0.479567890517563,0.520432109482437,0.519244302859158,0.480755697140842,0.54002927676907,0.5,0.333451424528001,0.794510357200976,0.45997072323093,0.0187963443515404,CBCsimpleRW,CBCdriftDiffusionLR,0.5,0.0408642189648746,0.792546520046238,11.3941345935142,3.08448003000491,0.5,64.4644374464001
CBC_1019,CBC_1019_MSI_TV_v3_Vset1_Tset3_2023-06-28_18h00.13.129.csv,4,9,2,0,b,1,0,1,tac,C,27,1,2C,0C,1,0,b,2.5243611,1,0,1,1,2C,0C,C20,3.17805383034795,0.55882562112061,0.5,0.5,0.5,0.479567890517563,0.5,0.479567890517563,0.5,0.5,0.5,0.5,0.479567890517563,0.5,0.5,0.479567890517563,0.520432109482437,0.5,0.5,0.5,0.5,0.134327506044482,0.500553282922325,0.5,0.0204321094824373,CBCsimpleRW,CBCdriftDiffusionLR,0.5,0.0408642189648746,0.792546520046238,11.3941345935142,3.08448003000491,0.5,64.4644374464001
CBC_1019,CBC_1019_MSI_TV_v3_Vset1_Tset3_2023-06-28_18h00.13.129.csv,4,10,2,3,z,0,1,2,tac,D,63,1,2D,3D,0,1,z,2.4674078,0,1,1,1,3D,2D,D23,2.52572864430826,0.55882562112061,0.5,0.5,0.5,0.479567890517563,0.5,0.479567890517563,0.5,0.5,0.5,0.520432109482437,0.479567890517563,0.5,0.5,0.479567890517563,0.520432109482437,0.520432109482437,0.479567890517563,0.520432109482437,0.479567890517563,0.236437564023781,0.808514442093464,0.479567890517563,0.0195971672866327,CBCsimpleRW,CBCdriftDiffusionLR,0.5,0.0408642189648746,0.792546520046238,11.3941345935142,3.08448003000491,0.5,64.4644374464001
CBC_1019,CBC_1019_MSI_TV_v3_Vset1_Tset3_2023-06-28_18h00.13.129.csv,4,11,1,0,b,1,0,0,tac,B,63,0,1B,0B,0,1,b,2.037069,1,0,1,0,1B,0B,B10,3.25809653802148,0.55882562112061,0.5,0.5,0.5,0.479567890517563,0.5,0.479567890517563,0.5,0.5,0.5,0.520432109482437,0.479567890517563,0.5,0.5,0.479567890517563,0.54002927676907,0.510429144156431,0.489570855843569,0.5,0.479567890517563,0.23711090680617,0.67560985347444,-0.5,-0.0204321094824373,CBCsimpleRW,CBCdriftDiffusionLR,0.5,0.0408642189648746,0.792546520046238,11.3941345935142,3.08448003000491,0.5,64.4644374464001
CBC_1019,CBC_1019_MSI_TV_v3_Vset1_Tset3_2023-06-28_18h00.13.129.csv,4,12,0,1,b,1,0,3,tac,A,63,1,0A,1A,1,0,b,1.6263769,1,0,1,1,0A,1A,A01,2.60268968544438,0.55882562112061,0.5,0.5,0.5,0.479567890517563,0.479567890517563,0.479567890517563,0.5,0.5,0.5,0.520432109482437,0.479567890517563,0.5,0.5,0.479567890517563,0.54002927676907,0.527778710652256,0.472221289347743,0.55882562112061,0.5,0.435935069405413,0.875700885108505,0.44117437887939,0.0180282464202199,CBCsimpleRW,CBCdriftDiffusionLR,0.5,0.0408642189648746,0.792546520046238,11.3941345935142,3.08448003000491,0.5,64.4644374464001
CBC_1019,CBC_1019_MSI_TV_v3_Vset1_Tset3_2023-06-28_18h00.13.129.csv,4,13,2,3,z,0,1,2,tac,D,63,1,2D,3D,0,1,z,2.2609267,0,1,1,1,3D,2D,D23,2.23359222150709,0.57685386754083,0.5,0.5,0.5,0.479567890517563,0.479567890517563,0.479567890517563,0.5,0.5,0.5,0.520432109482437,0.479567890517563,0.5,0.5,0.479567890517563,0.54002927676907,0.529649644090523,0.470350355909477,0.54002927676907,0.479567890517563,0.310547281804667,0.889446959361134,0.45997072323093,0.0187963443515404,CBCsimpleRW,CBCdriftDiffusionLR,0.5,0.0408642189648746,0.792546520046238,11.3941345935142,3.08448003000491,0.5,64.4644374464001
CBC_1019,CBC_1019_MSI_TV_v3_Vset1_Tset3_2023-06-28_18h00.13.129.csv,4,14,2,0,b,1,0,1,tac,C,27,1,2C,0C,1,0,b,3.5527193,1,0,1,1,2C,0C,C20,2.67414864942653,0.57685386754083,0.5,0.5,0.5,0.479567890517563,0.479567890517563,0.479567890517563,0.5,0.5,0.5,0.520432109482437,0.479567890517563,0.5,0.5,0.479567890517563,0.55882562112061,0.510011498703623,0.489988501296377,0.520432109482437,0.5,0.104363953489458,0.668892638629408,0.479567890517563,0.0195971672866327,CBCsimpleRW,CBCdriftDiffusionLR,0.5,0.0408642189648746,0.792546520046238,11.3941345935142,3.08448003000491,0.5,64.4644374464001
CBC_1019,CBC_1019_MSI_TV_v3_Vset1_Tset3_2023-06-28_18h00.13.129.csv,4,15,0,1,b,1,0,3,tac,A,63,1,0A,1A,1,0,b,1.7953932,1,0,1,1,0A,1A,A01,2.30258509299405,0.57685386754083,0.5,0.5,0.5,0.479567890517563,0.479567890517563,0.479567890517563,0.5,0.5,0.5,0.54002927676907,0.479567890517563,0.5,0.5,0.479567890517563,0.55882562112061,0.535684446078249,0.464315553921751,0.57685386754083,0.5,0.470475087985782,0.924572878268841,0.42314613245917,0.0172915362109513,CBCsimpleRW,CBCdriftDiffusionLR,0.5,0.0408642189648746,0.792546520046238,11.3941345935142,3.08448003000491,0.5,64.4644374464001
CBC_1019,CBC_1019_MSI_TV_v3_Vset1_Tset3_2023-06-28_18h00.13.129.csv,4,16,1,3,b,1,0,0,tac,B,27,1,1B,3B,1,0,b,3.3852924,1,0,1,1,1B,3B,B13,3.43398720448515,0.594145403751782,0.5,0.5,0.5,0.479567890517563,0.479567890517563,0.479567890517563,0.5,0.5,0.5,0.54002927676907,0.479567890517563,0.5,0.5,0.479567890517563,0.55882562112061,0.489570855843569,0.510429144156431,0.479567890517563,0.5,0.0553605251935476,0.324144546035127,0.520432109482437,0.0212670516782419,CBCsimpleRW,CBCdriftDiffusionLR,0.5,0.0408642189648746,0.792546520046238,11.3941345935142,3.08448003000491,0.5,64.4644374464001
CBC_1019,CBC_1019_MSI_TV_v3_Vset1_Tset3_2023-06-28_18h00.13.129.csv,4,17,3,2,z,0,1,1,tac,C,63,1,3C,2C,0,1,b,2.3441867,1,0,0,0,3C,2C,C32,3.46573590279973,0.594145403751782,0.5,0.5,0.5,0.479567890517563,0.500834942195805,0.479567890517563,0.5,0.5,0.5,0.54002927676907,0.479567890517563,0.5,0.5,0.479567890517563,0.55882562112061,0.470350355909477,0.529649644090523,0.479567890517563,0.54002927676907,0.0362426387506418,0.110228573244267,-0.479567890517563,-0.0195971672866327,CBCsimpleRW,CBCdriftDiffusionLR,0.5,0.0408642189648746,0.792546520046238,11.3941345935142,3.08448003000491,0.5,64.4644374464001
CBC_1019,CBC_1019_MSI_TV_v3_Vset1_Tset3_2023-06-28_18h00.13.129.csv,4,18,2,3,z,0,1,2,tac,D,63,0,2D,3D,1,0,z,2.4753489,0,1,1,0,3D,2D,D23,2.11021320034659,0.594145403751782,0.5,0.5,0.5,0.479567890517563,0.500834942195805,0.479567890517563,0.5,0.5,0.5,0.54002927676907,0.45997072323093,0.5,0.5,0.479567890517563,0.55882562112061,0.53816362954638,0.46183637045362,0.55882562112061,0.479567890517563,0.278345863591626,0.935786865353157,-0.55882562112061,-0.0228359725446547,CBCsimpleRW,CBCdriftDiffusionLR,0.5,0.0408642189648746,0.792546520046238,11.3941345935142,3.08448003000491,0.5,64.4644374464001
CBC_1019,CBC_1019_MSI_TV_v3_Vset1_Tset3_2023-06-28_18h00.13.129.csv,4,19,1,0,b,1,0,0,tac,B,63,1,1B,0B,1,0,b,1.6834246,1,0,1,1,1B,0B,B10,2.83321334405622,0.594145403751782,0.5,0.5,0.5,0.479567890517563,0.500834942195805,0.479567890517563,0.5,0.5,0.5,0.54002927676907,0.45997072323093,0.5,0.5,0.479567890517563,0.535989648575956,0.51084607824897,0.48915392175103,0.500834942195805,0.479567890517563,0.274047179133865,0.681333088232701,0.499165057804195,0.0203979902217249,CBCsimpleRW,CBCdriftDiffusionLR,0.5,0.0408642189648746,0.792546520046238,11.3941345935142,3.08448003000491,0.5,64.4644374464001
CBC_1019,CBC_1019_MSI_TV_v3_Vset1_Tset3_2023-06-28_18h00.13.129.csv,4,20,2,0,z,0,1,3,tac,A,27,1,2A,0A,0,1,z,1.2793285,0,1,1,1,0A,2A,A20,3.55534806148941,0.594145403751782,0.5,0.5,0.5,0.479567890517563,0.52123293241753,0.479567890517563,0.5,0.5,0.5,0.54002927676907,0.45997072323093,0.5,0.5,0.479567890517563,0.535989648575956,0.543022345763626,0.456977654236374,0.594145403751782,0.5,0.565537247781445,0.95375472291555,0.405854596248218,0.016584931088988,CBCsimpleRW,CBCdriftDiffusionLR,0.5,0.0408642189648746,0.792546520046238,11.3941345935142,3.08448003000491,0.5,64.4644374464001
CBC_1019,CBC_1019_MSI_TV_v3_Vset1_Tset3_2023-06-28_18h00.13.129.csv,4,21,0,3,z,0,1,2,tac,D,9,1,0D,3D,0,1,z,2.1857573,0,1,1,1,3D,0D,D03,3.58351893845611,0.61073033484077,0.5,0.5,0.5,0.479567890517563,0.52123293241753,0.479567890517563,0.5,0.5,0.5,0.54002927676907,0.45997072323093,0.5,0.5,0.479567890517563,0.535989648575956,0.517369695066657,0.482630304933343,0.535989648575956,0.5,0.262415108211697,0.772680821012548,0.464010351424044,0.0189614206025605,CBCsimpleRW,CBCdriftDiffusionLR,0.5,0.0408642189648746,0.792546520046238,11.3941345935142,3.08448003000491,0.5,64.4644374464001
CBC_1019,CBC_1019_MSI_TV_v3_Vset1_Tset3_2023-06-28_18h00.13.129.csv,4,22,2,3,b,1,0,1,tac,C,63,1,2C,3C,1,0,b,2.6993144,1,0,1,1,2C,3C,C23,2.91777073208428,0.61073033484077,0.5,0.5,0.5,0.479567890517563,0.52123293241753,0.479567890517563,0.5,0.5,0.5,0.54002927676907,0.45997072323093,0.5,0.5,0.479567890517563,0.554951069178516,0.54002927676907,0.45997072323093,0.54002927676907,0.45997072323093,0.226575855071375,0.943439004915106,0.45997072323093,0.0187963443515404,CBCsimpleRW,CBCdriftDiffusionLR,0.5,0.0408642189648746,0.792546520046238,11.3941345935142,3.08448003000491,0.5,64.4644374464001
CBC_1019,CBC_1019_MSI_TV_v3_Vset1_Tset3_2023-06-28_18h00.13.129.csv,4,23,3,1,z,0,1,0,tac,B,27,1,3B,1B,0,1,z,2.304894,0,1,1,1,1B,3B,B31,3.63758615972639,0.61073033484077,0.5,0.5,0.5,0.479567890517563,0.52123293241753,0.479567890517563,0.5,0.5,0.5,0.55882562112061,0.45997072323093,0.5,0.5,0.479567890517563,0.554951069178516,0.510395734285255,0.489604265714745,0.52123293241753,0.5,0.207126422653253,0.675412655388157,0.47876706758247,0.019564442282861,CBCsimpleRW,CBCdriftDiffusionLR,0.5,0.0408642189648746,0.792546520046238,11.3941345935142,3.08448003000491,0.5,64.4644374464001
CBC_1019,CBC_1019_MSI_TV_v3_Vset1_Tset3_2023-06-28_18h00.13.129.csv,4,24,3,2,z,0,1,1,tac,C,63,1,3C,2C,0,1,z,2.3873498,0,1,1,1,2C,3C,C32,2.9704144655697,0.61073033484077,0.5,0.5,0.5,0.479567890517563,0.540797374700391,0.479567890517563,0.5,0.5,0.5,0.55882562112061,0.45997072323093,0.5,0.5,0.479567890517563,0.554951069178516,0.548515534256555,0.451484465743445,0.55882562112061,0.45997072323093,0.298568381991952,0.967975546927735,0.44117437887939,0.0180282464202199,CBCsimpleRW,CBCdriftDiffusionLR,0.5,0.0408642189648746,0.792546520046238,11.3941345935142,3.08448003000491,0.5,64.4644374464001
CBC_1019,CBC_1019_MSI_TV_v3_Vset1_Tset3_2023-06-28_18h00.13.129.csv,4,25,2,3,z,0,1,2,tac,D,63,1,2D,3D,0,1,z,2.3175106,0,1,1,1,3D,2D,D23,2.07944154167984,0.61073033484077,0.5,0.5,0.5,0.479567890517563,0.540797374700391,0.479567890517563,0.5,0.5,0.5,0.57685386754083,0.45997072323093,0.5,0.5,0.479567890517563,0.554951069178516,0.536433928036998,0.463566071963002,0.554951069178516,0.479567890517563,0.316779553205463,0.928290274636021,0.445048930821484,0.0181865769591724,CBCsimpleRW,CBCdriftDiffusionLR,0.5,0.0408642189648746,0.792546520046238,11.3941345935142,3.08448003000491,0.5,64.4644374464001
CBC_1019,CBC_1019_MSI_TV_v3_Vset1_Tset3_2023-06-28_18h00.13.129.csv,4,26,1,0,b,1,0,0,tac,B,63,1,1B,0B,1,0,b,3.5240417,1,0,1,1,1B,0B,B10,2.6149597780362,0.61073033484077,0.5,0.5,0.5,0.479567890517563,0.540797374700391,0.479567890517563,0.5,0.5,0.5,0.57685386754083,0.45997072323093,0.5,0.5,0.479567890517563,0.573137646137689,0.530003708608088,0.469996291391912,0.540797374700391,0.479567890517563,0.121411938270546,0.891501946467206,0.459202625299609,0.0187649566294885,CBCsimpleRW,CBCdriftDiffusionLR,0.5,0.0408642189648746,0.792546520046238,11.3941345935142,3.08448003000491,0.5,64.4644374464001
CBC_1019,CBC_1019_MSI_TV_v3_Vset1_Tset3_2023-06-28_18h00.13.129.csv,4,27,0,3,b,1,0,3,tac,A,9,1,0A,3A,1,0,b,1.144349,1,0,1,1,0A,3A,A03,3.73766961828337,0.61073033484077,0.5,0.5,0.5,0.479567890517563,0.559562331329879,0.479567890517563,0.5,0.5,0.5,0.57685386754083,0.45997072323093,0.5,0.5,0.479567890517563,0.573137646137689,0.549845732743332,0.450154267256668,0.61073033484077,0.5,0.462419397917134,0.971018705373081,0.38926966515923,0.0159072008334502,CBCsimpleRW,CBCdriftDiffusionLR,0.5,0.0408642189648746,0.792546520046238,11.3941345935142,3.08448003000491,0.5,64.4644374464001
CBC_1019,CBC_1019_MSI_TV_v3_Vset1_Tset3_2023-06-28_18h00.13.129.csv,4,28,2,3,z,0,1,2,tac,D,63,1,2D,3D,0,1,z,2.4462701,0,1,1,1,3D,2D,D23,1.96944064646551,0.62663753567422,0.5,0.5,0.5,0.479567890517563,0.559562331329879,0.479567890517563,0.5,0.5,0.5,0.57685386754083,0.45997072323093,0.5,0.5,0.479567890517563,0.573137646137689,0.544442511396598,0.455557488603402,0.573137646137689,0.479567890517563,0.285089558954399,0.957700209613905,0.426862353862311,0.0174433966960913,CBCsimpleRW,CBCdriftDiffusionLR,0.5,0.0408642189648746,0.792546520046238,11.3941345935142,3.08448003000491,0.5,64.4644374464001
CBC_1019,CBC_1019_MSI_TV_v3_Vset1_Tset3_2023-06-28_18h00.13.129.csv,4,29,2,0,b,1,0,1,tac,C,27,1,2C,0C,1,0,b,2.1984098,1,0,1,1,2C,0C,C20,2.68557734525015,0.62663753567422,0.5,0.5,0.5,0.479567890517563,0.559562331329879,0.479567890517563,0.5,0.5,0.5,0.57685386754083,0.45997072323093,0.5,0.5,0.479567890517563,0.59058104283378,0.535684446078249,0.464315553921751,0.57685386754083,0.5,0.347602648149035,0.924754320343717,0.42314613245917,0.0172915362109513,CBCsimpleRW,CBCdriftDiffusionLR,0.5,0.0408642189648746,0.792546520046238,11.3941345935142,3.08448003000491,0.5,64.4644374464001
CBC_1019,CBC_1019_MSI_TV_v3_Vset1_Tset3_2023-06-28_18h00.13.129.csv,4,30,1,0,z,0,1,3,tac,A,63,0,1A,0A,1,0,z,1.8848253,0,1,1,0,0A,1A,A10,3.11351530921037,0.62663753567422,0.5,0.5,0.5,0.479567890517563,0.559562331329879,0.479567890517563,0.5,0.5,0.5,0.594145403751782,0.45997072323093,0.5,0.5,0.479567890517563,0.59058104283378,0.556201542938313,0.443798457061687,0.62663753567422,0.5,0.533796358775604,0.981219964831152,-0.62663753567422,-0.0256070534694007,CBCsimpleRW,CBCdriftDiffusionLR,0.5,0.0408642189648746,0.792546520046238,11.3941345935142,3.08448003000491,0.5,64.4644374464001
CBC_1019,CBC_1019_MSI_TV_v3_Vset1_Tset3_2023-06-28_18h00.13.129.csv,4,31,1,0,b,1,0,0,tac,B,63,1,1B,0B,1,0,b,1.6043737,1,0,1,1,1B,0B,B10,2.4423470353692,0.601030482204819,0.5,0.5,0.5,0.479567890517563,0.559562331329879,0.479567890517563,0.5,0.5,0.5,0.594145403751782,0.45997072323093,0.5,0.5,0.479567890517563,0.59058104283378,0.538491056813888,0.461508943186112,0.559562331329879,0.479567890517563,0.549425148843359,0.937043486847135,0.440437668670121,0.0179981413329147,CBCsimpleRW,CBCdriftDiffusionLR,0.5,0.0408642189648746,0.792546520046238,11.3941345935142,3.08448003000491,0.5,64.4644374464001
CBC_1019,CBC_1019_MSI_TV_v3_Vset1_Tset3_2023-06-28_18h00.13.129.csv,4,32,3,1,b,1,0,2,tac,D,27,1,3D,1D,1,0,b,2.2580061,1,0,1,1,3D,1D,D31,3.85014760171006,0.601030482204819,0.5,0.5,0.5,0.479567890517563,0.577560472662794,0.479567890517563,0.5,0.5,0.5,0.594145403751782,0.45997072323093,0.5,0.5,0.479567890517563,0.59058104283378,0.541528799454653,0.458471200545347,0.59058104283378,0.5,0.342393358870628,0.948735918681899,0.40941895716622,0.016730585914011,CBCsimpleRW,CBCdriftDiffusionLR,0.5,0.0408642189648746,0.792546520046238,11.3941345935142,3.08448003000491,0.5,64.4644374464001
CBC_1019,CBC_1019_MSI_TV_v3_Vset1_Tset3_2023-06-28_18h00.13.129.csv,4,33,3,2,z,0,1,1,tac,C,63,1,3C,2C,0,1,z,2.3263371,0,1,1,1,2C,3C,C32,2.77258872223978,0.601030482204819,0.5,0.5,0.5,0.479567890517563,0.577560472662794,0.479567890517563,0.5,0.5,0.5,0.594145403751782,0.45997072323093,0.5,0.5,0.479567890517563,0.607311628747791,0.563643215906824,0.436356784093176,0.594145403751782,0.45997072323093,0.276599181361684,0.988723444997644,0.405854596248218,0.016584931088988,CBCsimpleRW,CBCdriftDiffusionLR,0.5,0.0408642189648746,0.792546520046238,11.3941345935142,3.08448003000491,0.5,64.4644374464001
CBC_1019,CBC_1019_MSI_TV_v3_Vset1_Tset3_2023-06-28_18h00.13.129.csv,4,34,1,0,b,1,0,0,tac,B,63,1,1B,0B,1,0,b,2.2942504,1,0,1,1,1B,0B,B10,2.28238238567653,0.601030482204819,0.5,0.5,0.5,0.479567890517563,0.577560472662794,0.479567890517563,0.5,0.5,0.5,0.61073033484077,0.45997072323093,0.5,0.5,0.479567890517563,0.607311628747791,0.546348478367576,0.453651521632424,0.577560472662794,0.479567890517563,0.33234298851298,0.962985872227385,0.422439527337206,0.0172626613445257,CBCsimpleRW,CBCdriftDiffusionLR,0.5,0.0408642189648746,0.792546520046238,11.3941345935142,3.08448003000491,0.5,64.4644374464001
CBC_1019,CBC_1019_MSI_TV_v3_Vset1_Tset3_2023-06-28_18h00.13.129.csv,4,35,0,1,b,1,0,3,tac,A,63,1,0A,1A,1,0,b,0.9883907,1,0,1,1,0A,1A,A01,2.52572864430826,0.601030482204819,0.5,0.5,0.5,0.479567890517563,0.594823134007319,0.479567890517563,0.5,0.5,0.5,0.61073033484077,0.45997072323093,0.5,0.5,0.479567890517563,0.607311628747791,0.545879966012614,0.454120033987386,0.601030482204819,0.5,0.0737105783357869,0.961715743271551,0.398969517795181,0.0163035777354927,CBCsimpleRW,CBCdriftDiffusionLR,0.5,0.0408642189648746,0.792546520046238,11.3941345935142,3.08448003000491,0.5,64.4644374464001
CBC_1019,CBC_1019_MSI_TV_v3_Vset1_Tset3_2023-06-28_18h00.13.129.csv,4,36,1,2,z,0,1,1,tac,C,9,1,1C,2C,0,1,z,2.569847,0,1,1,1,2C,1C,C12,3.93182563272433,0.617334059940312,0.5,0.5,0.5,0.479567890517563,0.594823134007319,0.479567890517563,0.5,0.5,0.5,0.61073033484077,0.45997072323093,0.5,0.5,0.479567890517563,0.607311628747791,0.549845732743332,0.450154267256668,0.61073033484077,0.5,0.240058541910986,0.970850921301094,0.38926966515923,0.0159072008334502,CBCsimpleRW,CBCdriftDiffusionLR,0.5,0.0408642189648746,0.792546520046238,11.3941345935142,3.08448003000491,0.5,64.4644374464001
CBC_1019,CBC_1019_MSI_TV_v3_Vset1_Tset3_2023-06-28_18h00.13.129.csv,4,37,1,0,z,0,1,3,tac,A,63,1,1A,0A,0,1,z,1.873662,0,1,1,1,0A,1A,A10,2.85263142991332,0.617334059940312,0.5,0.5,0.5,0.479567890517563,0.594823134007319,0.479567890517563,0.5,0.5,0.5,0.62663753567422,0.45997072323093,0.5,0.5,0.479567890517563,0.607311628747791,0.55250625759434,0.44749374240566,0.617334059940312,0.5,0.531694747247499,0.97566825183771,0.382665940059688,0.0156373447649987,CBCsimpleRW,CBCdriftDiffusionLR,0.5,0.0408642189648746,0.792546520046238,11.3941345935142,3.08448003000491,0.5,64.4644374464001
CBC_1019,CBC_1019_MSI_TV_v3_Vset1_Tset3_2023-06-28_18h00.13.129.csv,4,38,3,1,b,1,0,2,tac,D,27,1,3D,1D,1,0,b,2.7315329,1,0,1,1,3D,1D,D31,3.27714473299218,0.632971404705311,0.5,0.5,0.5,0.479567890517563,0.594823134007319,0.479567890517563,0.5,0.5,0.5,0.62663753567422,0.45997072323093,0.5,0.5,0.479567890517563,0.607311628747791,0.54845592964157,0.45154407035843,0.607311628747791,0.5,0.203256021096594,0.967798318793737,0.392688371252209,0.0160469035878102,CBCsimpleRW,CBCdriftDiffusionLR,0.5,0.0408642189648746,0.792546520046238,11.3941345935142,3.08448003000491,0.5,64.4644374464001
CBC_1019,CBC_1019_MSI_TV_v3_Vset1_Tset3_2023-06-28_18h00.13.129.csv,4,39,0,1,z,0,1,0,tac,B,63,1,0B,1B,0,1,z,1.2661621,0,1,1,1,1B,0B,B01,3.29583686600433,0.632971404705311,0.5,0.5,0.5,0.479567890517563,0.594823134007319,0.479567890517563,0.5,0.5,0.5,0.62663753567422,0.45997072323093,0.5,0.5,0.479567890517563,0.623358532335601,0.553637475024852,0.446362524975148,0.594823134007319,0.479567890517563,0.709118685758666,0.977516920873509,0.405176865992681,0.0165572361714265,CBCsimpleRW,CBCdriftDiffusionLR,0.5,0.0408642189648746,0.792546520046238,11.3941345935142,3.08448003000491,0.5,64.4644374464001
CBC_1019,CBC_1019_MSI_TV_v3_Vset1_Tset3_2023-06-28_18h00.13.129.csv,4,40,2,3,b,1,0,1,tac,C,63,0,2C,3C,0,1,b,2.5286731,1,0,1,0,2C,3C,C23,2.90872089656436,0.632971404705311,0.5,0.5,0.5,0.479567890517563,0.611380370178746,0.479567890517563,0.5,0.5,0.5,0.62663753567422,0.45997072323093,0.5,0.5,0.479567890517563,0.623358532335601,0.576691305756879,0.423308694243121,0.62663753567422,0.45997072323093,0.1400534805925,0.995451511774301,-0.62663753567422,-0.0256070534694007,CBCsimpleRW,CBCdriftDiffusionLR,0.5,0.0408642189648746,0.792546520046238,11.3941345935142,3.08448003000491,0.5,64.4644374464001
CBC_1019,CBC_1019_MSI_TV_v3_Vset1_Tset3_2023-06-28_18h00.13.129.csv,4,41,2,0,z,0,1,3,tac,A,27,1,2A,0A,0,1,z,1.836847,0,1,1,1,0A,2A,A20,3.3322045101752,0.632971404705311,0.5,0.5,0.5,0.479567890517563,0.611380370178746,0.479567890517563,0.5,0.5,0.5,0.601030482204819,0.45997072323093,0.5,0.5,0.479567890517563,0.623358532335601,0.558682595232797,0.441317404767203,0.632971404705311,0.5,0.570521374074119,0.984096296125754,0.367028595294689,0.0149983368844925,CBCsimpleRW,CBCdriftDiffusionLR,0.5,0.0408642189648746,0.792546520046238,11.3941345935142,3.08448003000491,0.5,64.4644374464001
CBC_1019,CBC_1019_MSI_TV_v3_Vset1_Tset3_2023-06-28_18h00.13.129.csv,4,42,3,2,b,1,0,2,tac,D,63,1,3D,2D,1,0,b,2.5341692,1,0,1,1,3D,2D,D32,4.04305126783455,0.647969741589803,0.5,0.5,0.5,0.479567890517563,0.611380370178746,0.479567890517563,0.5,0.5,0.5,0.601030482204819,0.45997072323093,0.5,0.5,0.479567890517563,0.623358532335601,0.565185962924918,0.434814037075081,0.623358532335601,0.479567890517563,0.193437922052546,0.989827378987827,0.376641467664399,0.0153911594058897,CBCsimpleRW,CBCdriftDiffusionLR,0.5,0.0408642189648746,0.792546520046238,11.3941345935142,3.08448003000491,0.5,64.4644374464001
CBC_1019,CBC_1019_MSI_TV_v3_Vset1_Tset3_2023-06-28_18h00.13.129.csv,4,43,3,1,z,0,1,0,tac,B,27,1,3B,1B,0,1,z,1.4314789,0,1,1,1,1B,3B,B31,3.36729582998647,0.647969741589803,0.5,0.5,0.5,0.479567890517563,0.611380370178746,0.479567890517563,0.5,0.5,0.5,0.601030482204819,0.45997072323093,0.5,0.5,0.479567890517563,0.638749691741491,0.550109023502382,0.449890976497618,0.611380370178746,0.5,0.718972293399906,0.971378240017292,0.388619629821254,0.0158806376470642,CBCsimpleRW,CBCdriftDiffusionLR,0.5,0.0408642189648746,0.792546520046238,11.3941345935142,3.08448003000491,0.5,64.4644374464001
CBC_1019,CBC_1019_MSI_TV_v3_Vset1_Tset3_2023-06-28_18h00.13.129.csv,4,44,2,3,b,1,0,1,tac,C,63,1,2C,3C,1,0,b,2.9462026,1,0,1,1,2C,3C,C23,2.69124308278583,0.647969741589803,0.5,0.5,0.5,0.479567890517563,0.62726100782581,0.479567890517563,0.5,0.5,0.5,0.601030482204819,0.45997072323093,0.5,0.5,0.479567890517563,0.638749691741491,0.566474834454102,0.433525165545898,0.601030482204819,0.45997072323093,0.0945021878442648,0.99071843756068,0.398969517795181,0.0163035777354927,CBCsimpleRW,CBCdriftDiffusionLR,0.5,0.0408642189648746,0.792546520046238,11.3941345935142,3.08448003000491,0.5,64.4644374464001
